source,target,Character 1,Character 2,type,weight,startPage,category
6,5,Alyona Golosovsky,Sophia Golosovsky,Directed,1,3,Exchange
5,6,Sophia Golosovsky,Alyona Golosovsky,Directed,1,3,Exchange
6,32,Alyona Golosovsky,Marina Alexandrovna,Directed,1,4,Knows
6,5,Alyona Golosovsky,Sophia Golosovsky,Directed,1,4,Exchange
32,6,Marina Alexandrovna,Alyona Golosovsky,Directed,1,4,Knows
32,5,Marina Alexandrovna,Sophia Golosovsky,Directed,1,4,Knows
5,6,Sophia Golosovsky,Alyona Golosovsky,Directed,1,4,Exchange
5,32,Sophia Golosovsky,Marina Alexandrovna,Directed,1,4,Knows
6,58,Alyona Golosovsky,"""the townspeople"" of past Zavoyko",Directed,1,5,Knows of
6,5,Alyona Golosovsky,Sophia Golosovsky,Directed,1,5,Exchange
6,31,Alyona Golosovsky,Yegor Gusakov,Directed,1,5,Knows of
5,58,Sophia Golosovsky,"""the townspeople"" of past Zavoyko",Directed,1,5,Knows of
5,6,Sophia Golosovsky,Alyona Golosovsky,Directed,1,5,Exchange
5,31,Sophia Golosovsky,Yegor Gusakov,Directed,1,5,Knows of
31,6,Yegor Gusakov,Alyona Golosovsky,Directed,1,5,Knows of
31,5,Yegor Gusakov,Sophia Golosovsky,Directed,1,5,Knows of
6,58,Alyona Golosovsky,"""the townspeople"" of past Zavoyko",Directed,1,6,Knows of
6,5,Alyona Golosovsky,Sophia Golosovsky,Directed,1,6,Exchange
5,58,Sophia Golosovsky,"""the townspeople"" of past Zavoyko",Directed,1,6,Knows of
5,6,Sophia Golosovsky,Alyona Golosovsky,Directed,1,6,Exchange
6,105,Alyona Golosovsky,"""people ... in Australia""",Directed,1,7,Knows of
6,104,Alyona Golosovsky,"""people ... in Hawaii""",Directed,1,7,Knows of
6,58,Alyona Golosovsky,"""the townspeople"" of past Zavoyko",Directed,1,7,Knows of
6,5,Alyona Golosovsky,Sophia Golosovsky,Directed,1,7,Exchange
5,105,Sophia Golosovsky,"""people ... in Australia""",Directed,1,7,Knows of
5,104,Sophia Golosovsky,"""people ... in Hawaii""",Directed,1,7,Knows of
5,58,Sophia Golosovsky,"""the townspeople"" of past Zavoyko",Directed,1,7,Knows of
5,6,Sophia Golosovsky,Alyona Golosovsky,Directed,1,7,Exchange
6,58,Alyona Golosovsky,"""the townspeople"" of past Zavoyko",Directed,1,8,Knows of
6,5,Alyona Golosovsky,Sophia Golosovsky,Directed,1,8,Exchange
5,58,Sophia Golosovsky,"""the townspeople"" of past Zavoyko",Directed,1,8,Knows of
5,6,Sophia Golosovsky,Alyona Golosovsky,Directed,1,8,Exchange
6,51,Alyona Golosovsky,Lenin,Directed,1,9,Knows of
6,32,Alyona Golosovsky,Marina Alexandrovna,Directed,1,9,Knows
6,5,Alyona Golosovsky,Sophia Golosovsky,Directed,1,9,Exchange
6,31,Alyona Golosovsky,Yegor Gusakov,Directed,1,9,Exchange
32,6,Marina Alexandrovna,Alyona Golosovsky,Directed,1,9,Knows
32,5,Marina Alexandrovna,Sophia Golosovsky,Directed,1,9,Knows
5,6,Sophia Golosovsky,Alyona Golosovsky,Directed,1,9,Exchange
5,51,Sophia Golosovsky,Lenin,Directed,1,9,Knows of
5,32,Sophia Golosovsky,Marina Alexandrovna,Directed,1,9,Knows
31,6,Yegor Gusakov,Alyona Golosovsky,Directed,1,9,Exchange
6,5,Alyona Golosovsky,Sophia Golosovsky,Directed,1,10,Exchange
6,31,Alyona Golosovsky,Yegor Gusakov,Directed,1,10,Exchange
5,6,Sophia Golosovsky,Alyona Golosovsky,Directed,1,10,Exchange
5,31,Sophia Golosovsky,Yegor Gusakov,Directed,1,10,Exchange
31,6,Yegor Gusakov,Alyona Golosovsky,Directed,1,10,Exchange
31,5,Yegor Gusakov,Sophia Golosovsky,Directed,1,10,Exchange
6,59,Alyona Golosovsky,"""an older boy in a fitted cap""",Directed,1,11,Knows of
6,5,Alyona Golosovsky,Sophia Golosovsky,Directed,1,11,Exchange
6,31,Alyona Golosovsky,Yegor Gusakov,Directed,1,11,Exchange
5,59,Sophia Golosovsky,"""an older boy in a fitted cap""",Directed,1,11,Knows of
5,6,Sophia Golosovsky,Alyona Golosovsky,Directed,1,11,Exchange
5,31,Sophia Golosovsky,Yegor Gusakov,Directed,1,11,Exchange
31,6,Yegor Gusakov,Alyona Golosovsky,Directed,1,11,Exchange
31,5,Yegor Gusakov,Sophia Golosovsky,Directed,1,11,Exchange
6,62,Alyona Golosovsky,"""a short haired woman""",Directed,1,12,Knows of
6,59,Alyona Golosovsky,"""an older boy in a fitted cap""",Directed,1,12,Knows of
6,63,Alyona Golosovsky,Malysh (Oksana's dog),Directed,1,12,Knows
6,22,Alyona Golosovsky,Oksana,Directed,1,12,Knows of
6,5,Alyona Golosovsky,Sophia Golosovsky,Directed,1,12,Exchange
6,31,Alyona Golosovsky,Yegor Gusakov,Directed,1,12,Exchange
6,61,Alyona Golosovsky,cruise-ship tourists,Directed,1,12,Knows of
22,6,Oksana,Alyona Golosovsky,Directed,1,12,Knows of
22,5,Oksana,Sophia Golosovsky,Directed,1,12,Knows of
5,62,Sophia Golosovsky,"""a short haired woman""",Directed,1,12,Knows of
5,6,Sophia Golosovsky,Alyona Golosovsky,Directed,1,12,Exchange
5,63,Sophia Golosovsky,Malysh (Oksana's dog),Directed,1,12,Knows of
5,22,Sophia Golosovsky,Oksana,Directed,1,12,Knows of
5,31,Sophia Golosovsky,Yegor Gusakov,Directed,1,12,Exchange
5,61,Sophia Golosovsky,cruise-ship tourists,Directed,1,12,Knows of
31,6,Yegor Gusakov,Alyona Golosovsky,Directed,1,12,Exchange
31,5,Yegor Gusakov,Sophia Golosovsky,Directed,1,12,Exchange
6,106,Alyona Golosovsky,"""drivers""",Directed,1,13,Knows of
6,32,Alyona Golosovsky,Marina Alexandrovna,Directed,1,13,Knows
6,5,Alyona Golosovsky,Sophia Golosovsky,Directed,1,13,Exchange
6,31,Alyona Golosovsky,Yegor Gusakov,Directed,1,13,Exchange
32,6,Marina Alexandrovna,Alyona Golosovsky,Directed,1,13,Knows
32,5,Marina Alexandrovna,Sophia Golosovsky,Directed,1,13,Knows
5,6,Sophia Golosovsky,Alyona Golosovsky,Directed,1,13,Exchange
5,32,Sophia Golosovsky,Marina Alexandrovna,Directed,1,13,Knows
5,31,Sophia Golosovsky,Yegor Gusakov,Directed,1,13,Exchange
31,6,Yegor Gusakov,Alyona Golosovsky,Directed,1,13,Exchange
31,5,Yegor Gusakov,Sophia Golosovsky,Directed,1,13,Exchange
6,32,Alyona Golosovsky,Marina Alexandrovna,Directed,1,14,Knows
6,5,Alyona Golosovsky,Sophia Golosovsky,Directed,1,14,Exchange
6,31,Alyona Golosovsky,Yegor Gusakov,Directed,1,14,Exchange
32,6,Marina Alexandrovna,Alyona Golosovsky,Directed,1,14,Knows
32,5,Marina Alexandrovna,Sophia Golosovsky,Directed,1,14,Knows
5,6,Sophia Golosovsky,Alyona Golosovsky,Directed,1,14,Exchange
5,32,Sophia Golosovsky,Marina Alexandrovna,Directed,1,14,Knows
31,6,Yegor Gusakov,Alyona Golosovsky,Directed,1,14,Exchange
31,32,Yegor Gusakov,Marina Alexandrovna,Directed,1,14,Knows of
6,32,Alyona Golosovsky,Marina Alexandrovna,Directed,1,15,Knows
6,5,Alyona Golosovsky,Sophia Golosovsky,Directed,1,15,Exchange
6,31,Alyona Golosovsky,Yegor Gusakov,Directed,1,15,Exchange
32,6,Marina Alexandrovna,Alyona Golosovsky,Directed,1,15,Knows
32,5,Marina Alexandrovna,Sophia Golosovsky,Directed,1,15,Knows
5,6,Sophia Golosovsky,Alyona Golosovsky,Directed,1,15,Exchange
5,32,Sophia Golosovsky,Marina Alexandrovna,Directed,1,15,Knows
5,31,Sophia Golosovsky,Yegor Gusakov,Directed,1,15,Exchange
31,6,Yegor Gusakov,Alyona Golosovsky,Directed,1,15,Exchange
31,5,Yegor Gusakov,Sophia Golosovsky,Directed,1,15,Exchange
6,32,Alyona Golosovsky,Marina Alexandrovna,Directed,1,16,Knows
6,5,Alyona Golosovsky,Sophia Golosovsky,Directed,1,16,Exchange
32,6,Marina Alexandrovna,Alyona Golosovsky,Directed,1,16,Knows
32,5,Marina Alexandrovna,Sophia Golosovsky,Directed,1,16,Knows
5,6,Sophia Golosovsky,Alyona Golosovsky,Directed,1,16,Exchange
5,32,Sophia Golosovsky,Marina Alexandrovna,Directed,1,16,Knows
25,6,Diana,Alyona Golosovsky,Directed,1,17,Knows of
25,29,Diana,Olya/Olga,Directed,1,17,Exchange
25,5,Diana,Sophia Golosovsky,Directed,1,17,Knows of
25,30,Diana,Valentina Nikolaevna,Directed,1,17,Knows
25,57,Diana,the kidnappING,Directed,1,17,Knows of
33,6,Olya's mother,Alyona Golosovsky,Directed,1,17,Knows of
33,29,Olya's mother,Olya/Olga,Directed,1,17,Knows
33,5,Olya's mother,Sophia Golosovsky,Directed,1,17,Knows of
29,68,Olya/Olga,"""news reporter""",Directed,1,17,Knows of
29,6,Olya/Olga,Alyona Golosovsky,Directed,1,17,Knows of
29,25,Olya/Olga,Diana,Directed,1,17,Exchange
29,33,Olya/Olga,Olya's mother,Directed,1,17,Knows
29,5,Olya/Olga,Sophia Golosovsky,Directed,1,17,Knows of
29,30,Olya/Olga,Valentina Nikolaevna,Directed,1,17,Knows
29,48,Olya/Olga,Valentina's Husband (name?),Directed,1,17,Knows of
29,57,Olya/Olga,the kidnappING,Directed,1,17,Knows of
30,6,Valentina Nikolaevna,Alyona Golosovsky,Directed,1,17,Knows of
30,25,Valentina Nikolaevna,Diana,Directed,1,17,Knows
30,29,Valentina Nikolaevna,Olya/Olga,Directed,1,17,Knows
30,5,Valentina Nikolaevna,Sophia Golosovsky,Directed,1,17,Knows of
30,57,Valentina Nikolaevna,the kidnappING,Directed,1,17,Knows of
48,6,Valentina's Husband (name?),Alyona Golosovsky,Directed,1,17,Knows of
48,5,Valentina's Husband (name?),Sophia Golosovsky,Directed,1,17,Knows of
48,57,Valentina's Husband (name?),the kidnappING,Directed,1,17,Knows
362,33,"""official guide""",Olya's mother,Directed,1,18,Knows
363,312,"""rich visitors""",Oksana's mother,Directed,1,18,Knows
111,33,"""tourist group from Tokyo""",Olya's mother,Directed,1,18,Knows
40,25,"A ""girl they knew"" (in photo)",Diana,Directed,1,18,Knows
40,29,"A ""girl they knew"" (in photo)",Olya/Olga,Directed,1,18,Knows
37,25,Classmate 1 (in photo),Diana,Directed,1,18,Knows
37,29,Classmate 1 (in photo),Olya/Olga,Directed,1,18,Knows
25,40,Diana,"A ""girl they knew"" (in photo)",Directed,1,18,Knows
25,37,Diana,Classmate 1 (in photo),Directed,1,18,Knows
25,29,Diana,Olya/Olga,Directed,1,18,Knows
25,34,Diana,history teacher,Directed,1,18,Knows
312,363,Oksana's mother,"""rich visitors""",Directed,1,18,Knows
33,362,Olya's mother,"""official guide""",Directed,1,18,Knows
33,111,Olya's mother,"""tourist group from Tokyo""",Directed,1,18,Knows
33,6,Olya's mother,Alyona Golosovsky,Directed,1,18,Knows of
33,29,Olya's mother,Olya/Olga,Directed,1,18,Knows
33,5,Olya's mother,Sophia Golosovsky,Directed,1,18,Knows of
33,64,Olya's mother,tourists (generally),Directed,1,18,Knows of
29,362,Olya/Olga,"""official guide""",Directed,1,18,Knows of
29,363,Olya/Olga,"""rich visitors""",Directed,1,18,Knows of
29,35,Olya/Olga,"""someone's girlfriend""",Directed,1,18,Knows of
29,111,Olya/Olga,"""tourist group from Tokyo""",Directed,1,18,Knows of
29,40,Olya/Olga,"A ""girl they knew"" (in photo)",Directed,1,18,Knows
29,37,Olya/Olga,Classmate 1 (in photo),Directed,1,18,Knows
29,25,Olya/Olga,Diana,Directed,1,18,Knows
29,33,Olya/Olga,Olya's mother,Directed,1,18,Knows
29,34,Olya/Olga,history teacher,Directed,1,18,Knows
29,64,Olya/Olga,tourists (generally),Directed,1,18,Knows of
34,25,history teacher,Diana,Directed,1,18,Knows
34,29,history teacher,Olya/Olga,Directed,1,18,Knows
40,25,"A ""girl they knew"" (in photo)",Diana,Directed,1,19,Knows
40,29,"A ""girl they knew"" (in photo)",Olya/Olga,Directed,1,19,Knows
38,25,Classmate 2 (in photo),Diana,Directed,1,19,Knows
38,29,Classmate 2 (in photo),Olya/Olga,Directed,1,19,Knows
25,40,Diana,"A ""girl they knew"" (in photo)",Directed,1,19,Knows
25,38,Diana,Classmate 2 (in photo),Directed,1,19,Knows
33,29,Olya's mother,Olya/Olga,Directed,1,19,Knows
29,108,Olya/Olga,"""[apartment] owners who had money now""",Directed,1,19,Knows of
29,107,Olya/Olga,"""[apartment] owners who once had money""",Directed,1,19,Knows of
29,40,Olya/Olga,"A ""girl they knew"" (in photo)",Directed,1,19,Knows
29,38,Olya/Olga,Classmate 2 (in photo),Directed,1,19,Knows
29,25,Olya/Olga,Diana,Directed,1,19,Exchange
29,33,Olya/Olga,Olya's mother,Directed,1,19,Knows
42,29,"""the kid who sat behind [Olya]""",Olya/Olga,Directed,1,20,Knows
44,29,"""the nurse giving [Olya] an injection""",Olya/Olga,Directed,1,20,Exchange
367,29,Olya's Classmates,Olya/Olga,Directed,1,20,Knows
33,29,Olya's mother,Olya/Olga,Directed,1,20,Knows
33,56,Olya's mother,the kidnappER,Directed,1,20,Knows of
29,42,Olya/Olga,"""the kid who sat behind [Olya]""",Directed,1,20,Knows
29,44,Olya/Olga,"""the nurse giving [Olya] an injection""",Directed,1,20,Exchange
29,25,Olya/Olga,Diana,Directed,1,20,Exchange
29,367,Olya/Olga,Olya's Classmates,Directed,1,20,Knows
29,33,Olya/Olga,Olya's mother,Directed,1,20,Knows
29,43,Olya/Olga,grocery-store cashier,Directed,1,20,Exchange
29,56,Olya/Olga,the kidnappER,Directed,1,20,Knows of
43,29,grocery-store cashier,Olya/Olga,Directed,1,20,Exchange
110,29,"""old women""",Olya/Olga,Directed,1,21,Knows of
42,29,"""the kid who sat behind [Olya]""",Olya/Olga,Directed,1,21,Knows
25,29,Diana,Olya/Olga,Directed,1,21,Exchange
33,29,Olya's mother,Olya/Olga,Directed,1,21,Knows
29,109,Olya/Olga,"""Russian [bus] riders""",Directed,1,21,Knows of
29,110,Olya/Olga,"""old women""",Directed,1,21,Knows of
29,42,Olya/Olga,"""the kid who sat behind [Olya]""",Directed,1,21,Knows
29,25,Olya/Olga,Diana,Directed,1,21,Exchange
29,33,Olya/Olga,Olya's mother,Directed,1,21,Knows
45,25,"""a couple""",Diana,Directed,1,22,Knows of
25,45,Diana,"""a couple""",Directed,1,22,Knows of
25,29,Diana,Olya/Olga,Directed,1,22,Knows
25,30,Diana,Valentina Nikolaevna,Directed,1,22,Knows
29,25,Olya/Olga,Diana,Directed,1,22,Knows
29,30,Olya/Olga,Valentina Nikolaevna,Directed,1,22,Exchange
30,25,Valentina Nikolaevna,Diana,Directed,1,22,Knows
30,29,Valentina Nikolaevna,Olya/Olga,Directed,1,22,Exchange
37,25,Classmate 1 (in photo),Diana,Directed,1,23,Knows
25,37,Diana,Classmate 1 (in photo),Directed,1,23,Knows
25,29,Diana,Olya/Olga,Directed,1,23,Knows
25,30,Diana,Valentina Nikolaevna,Directed,1,23,Knows
33,30,Olya's mother,Valentina Nikolaevna,Directed,1,23,Knows of
29,25,Olya/Olga,Diana,Directed,1,23,Knows
29,30,Olya/Olga,Valentina Nikolaevna,Directed,1,23,Exchange
30,25,Valentina Nikolaevna,Diana,Directed,1,23,Knows
30,33,Valentina Nikolaevna,Olya's mother,Directed,1,23,Knows of
30,29,Valentina Nikolaevna,Olya/Olga,Directed,1,23,Exchange
68,6,"""news reporter""",Alyona Golosovsky,Directed,1,24,Knows of
68,5,"""news reporter""",Sophia Golosovsky,Directed,1,24,Knows of
68,57,"""news reporter""",the kidnappING,Directed,1,24,Knows of
25,68,Diana,"""news reporter""",Directed,1,24,Knows of
25,6,Diana,Alyona Golosovsky,Directed,1,24,Knows of
25,67,Diana,Kamchatka police,Directed,1,24,Knows of
25,32,Diana,Marina Alexandrovna,Directed,1,24,Knows of
25,46,Diana,Native peoples of Kamchatka,Directed,1,24,Knows of
25,29,Diana,Olya/Olga,Directed,1,24,Knows
25,5,Diana,Sophia Golosovsky,Directed,1,24,Knows of
25,30,Diana,Valentina Nikolaevna,Directed,1,24,Exchange
25,47,Diana,migrants (generally),Directed,1,24,Knows of
25,57,Diana,the kidnappING,Directed,1,24,Knows of
25,64,Diana,tourists (generally),Directed,1,24,Knows of
33,29,Olya's mother,Olya/Olga,Directed,1,24,Knows
29,68,Olya/Olga,"""news reporter""",Directed,1,24,Knows of
29,6,Olya/Olga,Alyona Golosovsky,Directed,1,24,Knows of
29,25,Olya/Olga,Diana,Directed,1,24,Knows
29,67,Olya/Olga,Kamchatka police,Directed,1,24,Knows of
29,32,Olya/Olga,Marina Alexandrovna,Directed,1,24,Knows of
29,46,Olya/Olga,Native peoples of Kamchatka,Directed,1,24,Knows of
29,33,Olya/Olga,Olya's mother,Directed,1,24,Knows
29,5,Olya/Olga,Sophia Golosovsky,Directed,1,24,Knows of
29,30,Olya/Olga,Valentina Nikolaevna,Directed,1,24,Exchange
29,112,Olya/Olga,civilian search party,Directed,1,24,Knows of
29,47,Olya/Olga,migrants (generally),Directed,1,24,Knows of
29,57,Olya/Olga,the kidnappING,Directed,1,24,Knows of
29,64,Olya/Olga,tourists (generally),Directed,1,24,Knows of
30,68,Valentina Nikolaevna,"""news reporter""",Directed,1,24,Knows of
30,6,Valentina Nikolaevna,Alyona Golosovsky,Directed,1,24,Knows of
30,25,Valentina Nikolaevna,Diana,Directed,1,24,Exchange
30,67,Valentina Nikolaevna,Kamchatka police,Directed,1,24,Knows of
30,32,Valentina Nikolaevna,Marina Alexandrovna,Directed,1,24,Knows of
30,46,Valentina Nikolaevna,Native peoples of Kamchatka,Directed,1,24,Knows of
30,29,Valentina Nikolaevna,Olya/Olga,Directed,1,24,Exchange
30,5,Valentina Nikolaevna,Sophia Golosovsky,Directed,1,24,Knows of
30,47,Valentina Nikolaevna,migrants (generally),Directed,1,24,Knows of
30,57,Valentina Nikolaevna,the kidnappING,Directed,1,24,Knows of
30,64,Valentina Nikolaevna,tourists (generally),Directed,1,24,Knows of
6,113,Alyona Golosovsky,the Golosovsky girls' teachers,Directed,1,25,Knows
25,32,Diana,Marina Alexandrovna,Directed,1,25,Knows of
25,33,Diana,Olya's mother,Directed,1,25,Exchange
25,29,Diana,Olya/Olga,Directed,1,25,Knows
25,113,Diana,the Golosovsky girls' teachers,Directed,1,25,Knows of
32,113,Marina Alexandrovna,the Golosovsky girls' teachers,Directed,1,25,Knows of
33,25,Olya's mother,Diana,Directed,1,25,Exchange
33,29,Olya's mother,Olya/Olga,Directed,1,25,Knows
29,25,Olya/Olga,Diana,Directed,1,25,Knows
29,32,Olya/Olga,Marina Alexandrovna,Directed,1,25,Knows of
29,33,Olya/Olga,Olya's mother,Directed,1,25,Knows
29,30,Olya/Olga,Valentina Nikolaevna,Directed,1,25,Exchange
29,48,Olya/Olga,Valentina's Husband (name?),Directed,1,25,Knows of
29,113,Olya/Olga,the Golosovsky girls' teachers,Directed,1,25,Knows of
29,57,Olya/Olga,the kidnappING,Directed,1,25,Knows of
5,113,Sophia Golosovsky,the Golosovsky girls' teachers,Directed,1,25,Knows
30,32,Valentina Nikolaevna,Marina Alexandrovna,Directed,1,25,Knows of
30,29,Valentina Nikolaevna,Olya/Olga,Directed,1,25,Exchange
30,113,Valentina Nikolaevna,the Golosovsky girls' teachers,Directed,1,25,Knows
48,29,Valentina's Husband (name?),Olya/Olga,Directed,1,25,Knows of
113,6,the Golosovsky girls' teachers,Alyona Golosovsky,Directed,1,25,Knows
113,32,the Golosovsky girls' teachers,Marina Alexandrovna,Directed,1,25,Knows of
113,5,the Golosovsky girls' teachers,Sophia Golosovsky,Directed,1,25,Knows
113,30,the Golosovsky girls' teachers,Valentina Nikolaevna,Directed,1,25,Knows
25,6,Diana,Alyona Golosovsky,Directed,1,26,Knows of
25,33,Diana,Olya's mother,Directed,1,26,Knows
25,29,Diana,Olya/Olga,Directed,1,26,Exchange
25,5,Diana,Sophia Golosovsky,Directed,1,26,Knows of
25,30,Diana,Valentina Nikolaevna,Directed,1,26,Exchange
25,57,Diana,the kidnappING,Directed,1,26,Knows of
367,371,Olya's Classmates,Olya's teachers,Directed,1,26,Knows
367,29,Olya's Classmates,Olya/Olga,Directed,1,26,Knows
33,25,Olya's mother,Diana,Directed,1,26,Knows
33,29,Olya's mother,Olya/Olga,Directed,1,26,Knows
33,30,Olya's mother,Valentina Nikolaevna,Directed,1,26,Knows of
371,367,Olya's teachers,Olya's Classmates,Directed,1,26,Knows
371,29,Olya's teachers,Olya/Olga,Directed,1,26,Knows
29,6,Olya/Olga,Alyona Golosovsky,Directed,1,26,Knows of
29,25,Olya/Olga,Diana,Directed,1,26,Exchange
29,367,Olya/Olga,Olya's Classmates,Directed,1,26,Knows
29,33,Olya/Olga,Olya's mother,Directed,1,26,Knows
29,371,Olya/Olga,Olya's teachers,Directed,1,26,Knows
29,5,Olya/Olga,Sophia Golosovsky,Directed,1,26,Knows of
29,30,Olya/Olga,Valentina Nikolaevna,Directed,1,26,Knows
29,57,Olya/Olga,the kidnappING,Directed,1,26,Knows of
30,25,Valentina Nikolaevna,Diana,Directed,1,26,Exchange
30,33,Valentina Nikolaevna,Olya's mother,Directed,1,26,Knows of
30,29,Valentina Nikolaevna,Olya/Olga,Directed,1,26,Knows
49,29,"""an old lady""",Olya/Olga,Directed,1,27,Knows of
29,49,Olya/Olga,"""an old lady""",Directed,1,27,Knows of
29,52,Olya/Olga,"""high school boys on their bikes""",Directed,1,27,Knows of
29,114,Olya/Olga,"""late communters""",Directed,1,27,Knows of
29,6,Olya/Olga,Alyona Golosovsky,Directed,1,27,Knows of
29,51,Olya/Olga,Lenin,Directed,1,27,Knows of
29,5,Olya/Olga,Sophia Golosovsky,Directed,1,27,Knows of
29,50,Olya/Olga,a vendor,Directed,1,27,Exchange
29,57,Olya/Olga,the kidnappING,Directed,1,27,Knows of
50,29,a vendor,Olya/Olga,Directed,1,27,Exchange
25,29,Diana,Olya/Olga,Directed,1,28,Knows
29,52,Olya/Olga,"""high school boys on their bikes""",Directed,1,28,Knows of
29,25,Olya/Olga,Diana,Directed,1,28,Knows
29,51,Olya/Olga,Lenin,Directed,1,28,Knows of
29,30,Olya/Olga,Valentina Nikolaevna,Directed,1,28,Knows
29,50,Olya/Olga,a vendor,Directed,1,28,Exchange
29,53,Olya/Olga,crane operators,Directed,1,28,Knows of
29,57,Olya/Olga,the kidnappING,Directed,1,28,Knows of
30,29,Valentina Nikolaevna,Olya/Olga,Directed,1,28,Knows
50,29,a vendor,Olya/Olga,Directed,1,28,Exchange
25,29,Diana,Olya/Olga,Directed,1,29,Knows
17,6,Kolya/Nikolai Danilovich / Lieutenant Ryakhovsky,Alyona Golosovsky,Directed,1,29,Knows of
17,29,Kolya/Nikolai Danilovich / Lieutenant Ryakhovsky,Olya/Olga,Directed,1,29,Exchange
17,5,Kolya/Nikolai Danilovich / Lieutenant Ryakhovsky,Sophia Golosovsky,Directed,1,29,Knows of
17,56,Kolya/Nikolai Danilovich / Lieutenant Ryakhovsky,the kidnappER,Directed,1,29,Knows of
17,57,Kolya/Nikolai Danilovich / Lieutenant Ryakhovsky,the kidnappING,Directed,1,29,Knows of
33,29,Olya's mother,Olya/Olga,Directed,1,29,Knows
29,6,Olya/Olga,Alyona Golosovsky,Directed,1,29,Knows of
29,25,Olya/Olga,Diana,Directed,1,29,Knows
29,67,Olya/Olga,Kamchatka police,Directed,1,29,Knows of
29,17,Olya/Olga,Kolya/Nikolai Danilovich / Lieutenant Ryakhovsky,Directed,1,29,Exchange
29,33,Olya/Olga,Olya's mother,Directed,1,29,Knows
29,5,Olya/Olga,Sophia Golosovsky,Directed,1,29,Knows of
29,30,Olya/Olga,Valentina Nikolaevna,Directed,1,29,Knows
29,57,Olya/Olga,the kidnappING,Directed,1,29,Knows of
30,29,Valentina Nikolaevna,Olya/Olga,Directed,1,29,Knows
25,29,Diana,Olya/Olga,Directed,1,30,Knows
17,6,Kolya/Nikolai Danilovich / Lieutenant Ryakhovsky,Alyona Golosovsky,Directed,1,30,Knows of
17,33,Kolya/Nikolai Danilovich / Lieutenant Ryakhovsky,Olya's mother,Directed,1,30,Knows of
17,29,Kolya/Nikolai Danilovich / Lieutenant Ryakhovsky,Olya/Olga,Directed,1,30,Exchange
17,5,Kolya/Nikolai Danilovich / Lieutenant Ryakhovsky,Sophia Golosovsky,Directed,1,30,Knows of
17,56,Kolya/Nikolai Danilovich / Lieutenant Ryakhovsky,the kidnappER,Directed,1,30,Knows of
17,57,Kolya/Nikolai Danilovich / Lieutenant Ryakhovsky,the kidnappING,Directed,1,30,Knows of
33,29,Olya's mother,Olya/Olga,Directed,1,30,Knows
29,25,Olya/Olga,Diana,Directed,1,30,Knows
29,67,Olya/Olga,Kamchatka police,Directed,1,30,Knows of
29,17,Olya/Olga,Kolya/Nikolai Danilovich / Lieutenant Ryakhovsky,Directed,1,30,Exchange
29,33,Olya/Olga,Olya's mother,Directed,1,30,Knows
29,56,Olya/Olga,the kidnappER,Directed,1,30,Knows of
29,57,Olya/Olga,the kidnappING,Directed,1,30,Knows of
25,29,Diana,Olya/Olga,Directed,1,31,Knows
33,29,Olya's mother,Olya/Olga,Directed,1,31,Knows
29,6,Olya/Olga,Alyona Golosovsky,Directed,1,31,Knows of
29,25,Olya/Olga,Diana,Directed,1,31,Knows
29,67,Olya/Olga,Kamchatka police,Directed,1,31,Knows of
29,33,Olya/Olga,Olya's mother,Directed,1,31,Knows
29,5,Olya/Olga,Sophia Golosovsky,Directed,1,31,Knows of
29,30,Olya/Olga,Valentina Nikolaevna,Directed,1,31,Knows
29,57,Olya/Olga,the kidnappING,Directed,1,31,Knows of
30,29,Valentina Nikolaevna,Olya/Olga,Directed,1,31,Knows
24,23,Katya/Ekaterina,Max/Maxim,Directed,1,32,Exchange
23,24,Max/Maxim,Katya/Ekaterina,Directed,1,32,Exchange
24,6,Katya/Ekaterina,Alyona Golosovsky,Directed,1,33,Knows of
24,23,Katya/Ekaterina,Max/Maxim,Directed,1,33,Exchange
24,5,Katya/Ekaterina,Sophia Golosovsky,Directed,1,33,Knows of
24,57,Katya/Ekaterina,the kidnappING,Directed,1,33,Knows of
23,24,Max/Maxim,Katya/Ekaterina,Directed,1,33,Exchange
65,24,"Katya's ""girlfriends""",Katya/Ekaterina,Directed,1,34,Exchange
65,23,"Katya's ""girlfriends""",Max/Maxim,Directed,1,34,Knows of
24,65,Katya/Ekaterina,"Katya's ""girlfriends""",Directed,1,34,Exchange
24,23,Katya/Ekaterina,Max/Maxim,Directed,1,34,Knows
24,22,Katya/Ekaterina,Oksana,Directed,1,34,Exchange
23,65,Max/Maxim,"Katya's ""girlfriends""",Directed,1,34,Knows of
23,24,Max/Maxim,Katya/Ekaterina,Directed,1,34,Knows
23,22,Max/Maxim,Oksana,Directed,1,34,Knows
22,24,Oksana,Katya/Ekaterina,Directed,1,34,Exchange
22,23,Oksana,Max/Maxim,Directed,1,34,Knows
306,22,Anton,Oksana,Directed,1,35,Knows
67,22,Kamchatka police,Oksana,Directed,1,35,Knows
67,56,Kamchatka police,the kidnappER,Directed,1,35,Knows of
67,57,Kamchatka police,the kidnappING,Directed,1,35,Knows of
24,67,Katya/Ekaterina,Kamchatka police,Directed,1,35,Knows of
24,63,Katya/Ekaterina,Malysh (Oksana's dog),Directed,1,35,Knows
24,23,Katya/Ekaterina,Max/Maxim,Directed,1,35,Exchange
24,22,Katya/Ekaterina,Oksana,Directed,1,35,Exchange
24,56,Katya/Ekaterina,the kidnappER,Directed,1,35,Knows of
24,57,Katya/Ekaterina,the kidnappING,Directed,1,35,Knows of
63,22,Malysh (Oksana's dog),Oksana,Directed,1,35,Knows
23,24,Max/Maxim,Katya/Ekaterina,Directed,1,35,Exchange
22,6,Oksana,Alyona Golosovsky,Directed,1,35,Knows of
22,306,Oksana,Anton,Directed,1,35,Knows
22,67,Oksana,Kamchatka police,Directed,1,35,Knows
22,24,Oksana,Katya/Ekaterina,Directed,1,35,Exchange
22,63,Oksana,Malysh (Oksana's dog),Directed,1,35,Knows
22,5,Oksana,Sophia Golosovsky,Directed,1,35,Knows of
22,56,Oksana,the kidnappER,Directed,1,35,Knows of
22,57,Oksana,the kidnappING,Directed,1,35,Knows of
65,24,"Katya's ""girlfriends""",Katya/Ekaterina,Directed,1,36,Knows
24,376,Katya/Ekaterina,"""arsonists""",Directed,1,36,Knows of
24,378,Katya/Ekaterina,"""people freezing to death over the winter""",Directed,1,36,Knows of
24,374,Katya/Ekaterina,"""poachers""",Directed,1,36,Knows of
24,375,Katya/Ekaterina,"""tresspassers""",Directed,1,36,Knows of
24,6,Katya/Ekaterina,Alyona Golosovsky,Directed,1,36,Knows of
24,65,Katya/Ekaterina,"Katya's ""girlfriends""",Directed,1,36,Knows
24,63,Katya/Ekaterina,Malysh (Oksana's dog),Directed,1,36,Knows
24,23,Katya/Ekaterina,Max/Maxim,Directed,1,36,Exchange
24,22,Katya/Ekaterina,Oksana,Directed,1,36,Exchange
24,5,Katya/Ekaterina,Sophia Golosovsky,Directed,1,36,Knows of
24,72,Katya/Ekaterina,boring colleague/supervisor (36/37),Directed,1,36,Knows of
24,69,Katya/Ekaterina,customs officers,Directed,1,36,Knows
24,47,Katya/Ekaterina,migrants (generally),Directed,1,36,Knows of
24,73,Katya/Ekaterina,pregnant colleague,Directed,1,36,Knows of
24,56,Katya/Ekaterina,the kidnappER,Directed,1,36,Knows of
24,57,Katya/Ekaterina,the kidnappING,Directed,1,36,Knows of
63,22,Malysh (Oksana's dog),Oksana,Directed,1,36,Knows
23,24,Max/Maxim,Katya/Ekaterina,Directed,1,36,Exchange
23,22,Max/Maxim,Oksana,Directed,1,36,Knows
22,24,Oksana,Katya/Ekaterina,Directed,1,36,Exchange
22,63,Oksana,Malysh (Oksana's dog),Directed,1,36,Knows
22,23,Oksana,Max/Maxim,Directed,1,36,Knows
22,72,Oksana,boring colleague/supervisor (36/37),Directed,1,36,Knows
22,73,Oksana,pregnant colleague,Directed,1,36,Knows
22,56,Oksana,the kidnappER,Directed,1,36,Knows of
22,57,Oksana,the kidnappING,Directed,1,36,Knows of
72,22,boring colleague/supervisor (36/37),Oksana,Directed,1,36,Knows
69,24,customs officers,Katya/Ekaterina,Directed,1,36,Knows
73,22,pregnant colleague,Oksana,Directed,1,36,Knows
80,24,"""female colleagues""",Katya/Ekaterina,Directed,1,37,Knows of
79,24,"""male coleagues""",Katya/Ekaterina,Directed,1,37,Knows
24,80,Katya/Ekaterina,"""female colleagues""",Directed,1,37,Knows of
24,79,Katya/Ekaterina,"""male coleagues""",Directed,1,37,Knows
24,6,Katya/Ekaterina,Alyona Golosovsky,Directed,1,37,Knows of
24,23,Katya/Ekaterina,Max/Maxim,Directed,1,37,Knows
24,22,Katya/Ekaterina,Oksana,Directed,1,37,Exchange
24,5,Katya/Ekaterina,Sophia Golosovsky,Directed,1,37,Knows of
24,75,Katya/Ekaterina,the Nalychevo group,Directed,1,37,Knows
24,56,Katya/Ekaterina,the kidnappER,Directed,1,37,Knows of
24,57,Katya/Ekaterina,the kidnappING,Directed,1,37,Knows of
23,6,Max/Maxim,Alyona Golosovsky,Directed,1,37,Knows of
23,24,Max/Maxim,Katya/Ekaterina,Directed,1,37,Knows
23,22,Max/Maxim,Oksana,Directed,1,37,Exchange
23,5,Max/Maxim,Sophia Golosovsky,Directed,1,37,Knows of
23,72,Max/Maxim,boring colleague/supervisor (36/37),Directed,1,37,Exchange
23,73,Max/Maxim,pregnant colleague,Directed,1,37,Exchange
23,75,Max/Maxim,the Nalychevo group,Directed,1,37,Exchange
23,56,Max/Maxim,the kidnappER,Directed,1,37,Knows of
23,57,Max/Maxim,the kidnappING,Directed,1,37,Knows of
22,6,Oksana,Alyona Golosovsky,Directed,1,37,Knows of
22,24,Oksana,Katya/Ekaterina,Directed,1,37,Exchange
22,23,Oksana,Max/Maxim,Directed,1,37,Exchange
22,5,Oksana,Sophia Golosovsky,Directed,1,37,Knows of
22,75,Oksana,the Nalychevo group,Directed,1,37,Knows
22,56,Oksana,the kidnappER,Directed,1,37,Knows of
22,57,Oksana,the kidnappING,Directed,1,37,Knows of
72,23,boring colleague/supervisor (36/37),Max/Maxim,Directed,1,37,Exchange
73,23,pregnant colleague,Max/Maxim,Directed,1,37,Exchange
75,6,the Nalychevo group,Alyona Golosovsky,Directed,1,37,Knows of
75,24,the Nalychevo group,Katya/Ekaterina,Directed,1,37,Knows
75,23,the Nalychevo group,Max/Maxim,Directed,1,37,Exchange
75,22,the Nalychevo group,Oksana,Directed,1,37,Knows
75,5,the Nalychevo group,Sophia Golosovsky,Directed,1,37,Knows of
75,56,the Nalychevo group,the kidnappER,Directed,1,37,Knows of
75,57,the Nalychevo group,the kidnappING,Directed,1,37,Knows of
24,6,Katya/Ekaterina,Alyona Golosovsky,Directed,1,38,Knows of
24,67,Katya/Ekaterina,Kamchatka police,Directed,1,38,Knows of
24,23,Katya/Ekaterina,Max/Maxim,Directed,1,38,Knows
24,5,Katya/Ekaterina,Sophia Golosovsky,Directed,1,38,Knows of
24,72,Katya/Ekaterina,boring colleague/supervisor (36/37),Directed,1,38,Knows
24,112,Katya/Ekaterina,civilian search party,Directed,1,38,Knows of
24,73,Katya/Ekaterina,pregnant colleague,Directed,1,38,Knows
24,75,Katya/Ekaterina,the Nalychevo group,Directed,1,38,Knows
24,56,Katya/Ekaterina,the kidnappER,Directed,1,38,Knows of
24,57,Katya/Ekaterina,the kidnappING,Directed,1,38,Knows of
23,6,Max/Maxim,Alyona Golosovsky,Directed,1,38,Knows of
23,67,Max/Maxim,Kamchatka police,Directed,1,38,Knows of
23,24,Max/Maxim,Katya/Ekaterina,Directed,1,38,Knows
23,5,Max/Maxim,Sophia Golosovsky,Directed,1,38,Knows of
23,72,Max/Maxim,boring colleague/supervisor (36/37),Directed,1,38,Exchange
23,112,Max/Maxim,civilian search party,Directed,1,38,Knows
23,75,Max/Maxim,the Nalychevo group,Directed,1,38,Exchange
23,56,Max/Maxim,the kidnappER,Directed,1,38,Knows of
23,57,Max/Maxim,the kidnappING,Directed,1,38,Knows of
22,6,Oksana,Alyona Golosovsky,Directed,1,38,Knows of
22,82,Oksana,Chukchi Indigenous peoples,Directed,1,38,Knows of
22,81,Oksana,Koreans,Directed,1,38,Knows of
22,5,Oksana,Sophia Golosovsky,Directed,1,38,Knows of
22,72,Oksana,boring colleague/supervisor (36/37),Directed,1,38,Exchange
22,75,Oksana,the Nalychevo group,Directed,1,38,Knows
22,56,Oksana,the kidnappER,Directed,1,38,Knows of
22,57,Oksana,the kidnappING,Directed,1,38,Knows of
72,6,boring colleague/supervisor (36/37),Alyona Golosovsky,Directed,1,38,Knows of
72,24,boring colleague/supervisor (36/37),Katya/Ekaterina,Directed,1,38,Knows
72,23,boring colleague/supervisor (36/37),Max/Maxim,Directed,1,38,Exchange
72,46,boring colleague/supervisor (36/37),Native peoples of Kamchatka,Directed,1,38,Knows of
72,22,boring colleague/supervisor (36/37),Oksana,Directed,1,38,Exchange
72,5,boring colleague/supervisor (36/37),Sophia Golosovsky,Directed,1,38,Knows of
72,74,boring colleague/supervisor (36/37),Tajik ethnic group,Directed,1,38,Knows of
72,56,boring colleague/supervisor (36/37),the kidnappER,Directed,1,38,Knows of
72,57,boring colleague/supervisor (36/37),the kidnappING,Directed,1,38,Knows of
112,24,civilian search party,Katya/Ekaterina,Directed,1,38,Knows of
112,23,civilian search party,Max/Maxim,Directed,1,38,Knows
73,6,pregnant colleague,Alyona Golosovsky,Directed,1,38,Knows of
73,24,pregnant colleague,Katya/Ekaterina,Directed,1,38,Knows
73,5,pregnant colleague,Sophia Golosovsky,Directed,1,38,Knows of
73,56,pregnant colleague,the kidnappER,Directed,1,38,Knows of
73,57,pregnant colleague,the kidnappING,Directed,1,38,Knows of
75,6,the Nalychevo group,Alyona Golosovsky,Directed,1,38,Knows of
75,24,the Nalychevo group,Katya/Ekaterina,Directed,1,38,Knows
75,23,the Nalychevo group,Max/Maxim,Directed,1,38,Exchange
75,22,the Nalychevo group,Oksana,Directed,1,38,Knows
75,5,the Nalychevo group,Sophia Golosovsky,Directed,1,38,Knows of
75,56,the Nalychevo group,the kidnappER,Directed,1,38,Knows of
75,57,the Nalychevo group,the kidnappING,Directed,1,38,Knows of
86,306,"""yet another woman"" (Oksana's husband's lover)",Anton,Directed,1,39,Knows
306,86,Anton,"""yet another woman"" (Oksana's husband's lover)",Directed,1,39,Knows
306,24,Anton,Katya/Ekaterina,Directed,1,39,Knows
306,23,Anton,Max/Maxim,Directed,1,39,Knows
306,22,Anton,Oksana,Directed,1,39,Knows
78,24,Katya's brothers,Katya/Ekaterina,Directed,1,39,Knows
77,24,Katya's father,Katya/Ekaterina,Directed,1,39,Knows
76,24,Katya's mother,Katya/Ekaterina,Directed,1,39,Knows
24,86,Katya/Ekaterina,"""yet another woman"" (Oksana's husband's lover)",Directed,1,39,Knows of
24,306,Katya/Ekaterina,Anton,Directed,1,39,Knows
24,85,Katya/Ekaterina,Communists,Directed,1,39,Knows of
24,78,Katya/Ekaterina,Katya's brothers,Directed,1,39,Knows
24,77,Katya/Ekaterina,Katya's father,Directed,1,39,Knows
24,76,Katya/Ekaterina,Katya's mother,Directed,1,39,Knows
24,23,Katya/Ekaterina,Max/Maxim,Directed,1,39,Exchange
24,46,Katya/Ekaterina,Native peoples of Kamchatka,Directed,1,39,Knows
24,83,Katya/Ekaterina,Putin,Directed,1,39,Knows of
23,306,Max/Maxim,Anton,Directed,1,39,Knows
23,24,Max/Maxim,Katya/Ekaterina,Directed,1,39,Exchange
22,86,Oksana,"""yet another woman"" (Oksana's husband's lover)",Directed,1,39,Knows of
22,306,Oksana,Anton,Directed,1,39,Knows
80,24,"""female colleagues""",Katya/Ekaterina,Directed,1,40,Knows
79,24,"""male coleagues""",Katya/Ekaterina,Directed,1,40,Knows
86,306,"""yet another woman"" (Oksana's husband's lover)",Anton,Directed,1,40,Knows
306,86,Anton,"""yet another woman"" (Oksana's husband's lover)",Directed,1,40,Knows
306,24,Anton,Katya/Ekaterina,Directed,1,40,Knows
306,23,Anton,Max/Maxim,Directed,1,40,Knows
306,22,Anton,Oksana,Directed,1,40,Knows
24,80,Katya/Ekaterina,"""female colleagues""",Directed,1,40,Knows
24,79,Katya/Ekaterina,"""male coleagues""",Directed,1,40,Knows
24,87,Katya/Ekaterina,"""people at a neighbouring campsite""",Directed,1,40,Knows of
24,86,Katya/Ekaterina,"""yet another woman"" (Oksana's husband's lover)",Directed,1,40,Knows of
24,6,Katya/Ekaterina,Alyona Golosovsky,Directed,1,40,Knows of
24,306,Katya/Ekaterina,Anton,Directed,1,40,Knows
24,17,Katya/Ekaterina,Kolya/Nikolai Danilovich / Lieutenant Ryakhovsky,Directed,1,40,Knows of
24,23,Katya/Ekaterina,Max/Maxim,Directed,1,40,Exchange
24,5,Katya/Ekaterina,Sophia Golosovsky,Directed,1,40,Knows of
24,112,Katya/Ekaterina,civilian search party,Directed,1,40,Knows of
24,56,Katya/Ekaterina,the kidnappER,Directed,1,40,Knows of
24,57,Katya/Ekaterina,the kidnappING,Directed,1,40,Knows of
17,23,Kolya/Nikolai Danilovich / Lieutenant Ryakhovsky,Max/Maxim,Directed,1,40,Knows
17,112,Kolya/Nikolai Danilovich / Lieutenant Ryakhovsky,civilian search party,Directed,1,40,Knows
23,87,Max/Maxim,"""people at a neighbouring campsite""",Directed,1,40,Knows of
23,6,Max/Maxim,Alyona Golosovsky,Directed,1,40,Knows of
23,306,Max/Maxim,Anton,Directed,1,40,Knows
23,24,Max/Maxim,Katya/Ekaterina,Directed,1,40,Exchange
23,17,Max/Maxim,Kolya/Nikolai Danilovich / Lieutenant Ryakhovsky,Directed,1,40,Knows
23,5,Max/Maxim,Sophia Golosovsky,Directed,1,40,Knows of
23,112,Max/Maxim,civilian search party,Directed,1,40,Knows
23,56,Max/Maxim,the kidnappER,Directed,1,40,Knows of
23,57,Max/Maxim,the kidnappING,Directed,1,40,Knows of
22,86,Oksana,"""yet another woman"" (Oksana's husband's lover)",Directed,1,40,Knows of
22,306,Oksana,Anton,Directed,1,40,Knows
22,56,Oksana,the kidnappER,Directed,1,40,Knows of
112,17,civilian search party,Kolya/Nikolai Danilovich / Lieutenant Ryakhovsky,Directed,1,40,Knows
112,23,civilian search party,Max/Maxim,Directed,1,40,Knows
24,95,Katya/Ekaterina,"""tabloid reporter""",Directed,1,41,Knows of
24,6,Katya/Ekaterina,Alyona Golosovsky,Directed,1,41,Knows of
24,67,Katya/Ekaterina,Kamchatka police,Directed,1,41,Knows
24,17,Katya/Ekaterina,Kolya/Nikolai Danilovich / Lieutenant Ryakhovsky,Directed,1,41,Knows of
24,23,Katya/Ekaterina,Max/Maxim,Directed,1,41,Exchange
24,22,Katya/Ekaterina,Oksana,Directed,1,41,Knows
24,5,Katya/Ekaterina,Sophia Golosovsky,Directed,1,41,Knows of
24,112,Katya/Ekaterina,civilian search party,Directed,1,41,Knows of
24,56,Katya/Ekaterina,the kidnappER,Directed,1,41,Knows of
24,57,Katya/Ekaterina,the kidnappING,Directed,1,41,Knows of
23,6,Max/Maxim,Alyona Golosovsky,Directed,1,41,Knows of
23,67,Max/Maxim,Kamchatka police,Directed,1,41,Knows
23,24,Max/Maxim,Katya/Ekaterina,Directed,1,41,Exchange
23,46,Max/Maxim,Native peoples of Kamchatka,Directed,1,41,Knows of
23,22,Max/Maxim,Oksana,Directed,1,41,Knows
23,5,Max/Maxim,Sophia Golosovsky,Directed,1,41,Knows of
23,112,Max/Maxim,civilian search party,Directed,1,41,Knows
23,56,Max/Maxim,the kidnappER,Directed,1,41,Knows of
23,57,Max/Maxim,the kidnappING,Directed,1,41,Knows of
22,24,Oksana,Katya/Ekaterina,Directed,1,41,Knows
22,23,Oksana,Max/Maxim,Directed,1,41,Knows
22,46,Oksana,Native peoples of Kamchatka,Directed,1,41,Knows of
22,56,Oksana,the kidnappER,Directed,1,41,Knows of
112,23,civilian search party,Max/Maxim,Directed,1,41,Knows
24,23,Katya/Ekaterina,Max/Maxim,Directed,1,42,Exchange
23,24,Max/Maxim,Katya/Ekaterina,Directed,1,42,Exchange
24,23,Katya/Ekaterina,Max/Maxim,Directed,1,43,Exchange
23,24,Max/Maxim,Katya/Ekaterina,Directed,1,43,Exchange
24,23,Katya/Ekaterina,Max/Maxim,Directed,1,44,Exchange
24,96,Katya/Ekaterina,a bear,Directed,1,44,Exchange
24,56,Katya/Ekaterina,the kidnappER,Directed,1,44,Knows of
23,24,Max/Maxim,Katya/Ekaterina,Directed,1,44,Exchange
23,96,Max/Maxim,a bear,Directed,1,44,Exchange
96,24,a bear,Katya/Ekaterina,Directed,1,44,Exchange
96,23,a bear,Max/Maxim,Directed,1,44,Exchange
24,23,Katya/Ekaterina,Max/Maxim,Directed,1,45,Exchange
24,96,Katya/Ekaterina,a bear,Directed,1,45,Exchange
23,24,Max/Maxim,Katya/Ekaterina,Directed,1,45,Exchange
23,96,Max/Maxim,a bear,Directed,1,45,Exchange
96,24,a bear,Katya/Ekaterina,Directed,1,45,Exchange
96,23,a bear,Max/Maxim,Directed,1,45,Exchange
25,30,Diana,Valentina Nikolaevna,Directed,1,46,Knows
25,48,Diana,Valentina's Husband (name?),Directed,1,46,Knows
30,97,Valentina Nikolaevna,"""children wandering""",Directed,1,46,Knows of
30,98,Valentina Nikolaevna,"""parents neglecting their duties""",Directed,1,46,Knows of
30,6,Valentina Nikolaevna,Alyona Golosovsky,Directed,1,46,Knows of
30,25,Valentina Nikolaevna,Diana,Directed,1,46,Knows
30,5,Valentina Nikolaevna,Sophia Golosovsky,Directed,1,46,Knows of
30,48,Valentina Nikolaevna,Valentina's Husband (name?),Directed,1,46,Knows
30,57,Valentina Nikolaevna,the kidnappING,Directed,1,46,Knows of
48,25,Valentina's Husband (name?),Diana,Directed,1,46,Knows
48,30,Valentina's Husband (name?),Valentina Nikolaevna,Directed,1,46,Knows
89,30,"""the women in the school office""",Valentina Nikolaevna,Directed,1,47,Knows
25,30,Diana,Valentina Nikolaevna,Directed,1,47,Knows
25,48,Diana,Valentina's Husband (name?),Directed,1,47,Knows
90,30,Dr. Popkov,Valentina Nikolaevna,Directed,1,47,Exchange
30,89,Valentina Nikolaevna,"""the women in the school office""",Directed,1,47,Knows
30,25,Valentina Nikolaevna,Diana,Directed,1,47,Knows
30,90,Valentina Nikolaevna,Dr. Popkov,Directed,1,47,Exchange
30,48,Valentina Nikolaevna,Valentina's Husband (name?),Directed,1,47,Knows
48,25,Valentina's Husband (name?),Diana,Directed,1,47,Knows
48,30,Valentina's Husband (name?),Valentina Nikolaevna,Directed,1,47,Knows
99,30,"""the girl at the desk""",Valentina Nikolaevna,Directed,1,48,Knows
6,101,Alyona Golosovsky,Golosovskaya girls' father,Directed,1,48,Knows
90,30,Dr. Popkov,Valentina Nikolaevna,Directed,1,48,Exchange
101,6,Golosovskaya girls' father,Alyona Golosovsky,Directed,1,48,Knows
101,5,Golosovskaya girls' father,Sophia Golosovsky,Directed,1,48,Knows of
17,30,Kolya/Nikolai Danilovich / Lieutenant Ryakhovsky,Valentina Nikolaevna,Directed,1,48,Knows
17,100,Kolya/Nikolai Danilovich / Lieutenant Ryakhovsky,"Valentina's ""colleague"" (48)",Directed,1,48,Knows
5,101,Sophia Golosovsky,Golosovskaya girls' father,Directed,1,48,Knows of
30,99,Valentina Nikolaevna,"""the girl at the desk""",Directed,1,48,Knows
30,6,Valentina Nikolaevna,Alyona Golosovsky,Directed,1,48,Knows of
30,90,Valentina Nikolaevna,Dr. Popkov,Directed,1,48,Exchange
30,101,Valentina Nikolaevna,Golosovskaya girls' father,Directed,1,48,Knows of
30,17,Valentina Nikolaevna,Kolya/Nikolai Danilovich / Lieutenant Ryakhovsky,Directed,1,48,Knows
30,5,Valentina Nikolaevna,Sophia Golosovsky,Directed,1,48,Knows of
30,100,Valentina Nikolaevna,"Valentina's ""colleague"" (48)",Directed,1,48,Exchange
30,48,Valentina Nikolaevna,Valentina's Husband (name?),Directed,1,48,Knows
100,6,"Valentina's ""colleague"" (48)",Alyona Golosovsky,Directed,1,48,Knows of
100,101,"Valentina's ""colleague"" (48)",Golosovskaya girls' father,Directed,1,48,Knows of
100,17,"Valentina's ""colleague"" (48)",Kolya/Nikolai Danilovich / Lieutenant Ryakhovsky,Directed,1,48,Knows
100,5,"Valentina's ""colleague"" (48)",Sophia Golosovsky,Directed,1,48,Knows of
100,30,"Valentina's ""colleague"" (48)",Valentina Nikolaevna,Directed,1,48,Exchange
48,30,Valentina's Husband (name?),Valentina Nikolaevna,Directed,1,48,Knows
102,30,"""the principal""",Valentina Nikolaevna,Directed,1,49,Knows
117,30,"""the whole family"" (Valentina's extended family)",Valentina Nikolaevna,Directed,1,49,Knows
117,115,"""the whole family"" (Valentina's extended family)",Valentina's grandmother (49),Directed,1,49,Knows
89,30,"""the women in the school office""",Valentina Nikolaevna,Directed,1,49,Knows
25,30,Diana,Valentina Nikolaevna,Directed,1,49,Knows
90,30,Dr. Popkov,Valentina Nikolaevna,Directed,1,49,Knows
17,30,Kolya/Nikolai Danilovich / Lieutenant Ryakhovsky,Valentina Nikolaevna,Directed,1,49,Knows
17,100,Kolya/Nikolai Danilovich / Lieutenant Ryakhovsky,"Valentina's ""colleague"" (48)",Directed,1,49,Knows
30,102,Valentina Nikolaevna,"""the principal""",Directed,1,49,Knows
30,117,Valentina Nikolaevna,"""the whole family"" (Valentina's extended family)",Directed,1,49,Knows
30,89,Valentina Nikolaevna,"""the women in the school office""",Directed,1,49,Knows
30,25,Valentina Nikolaevna,Diana,Directed,1,49,Knows
30,90,Valentina Nikolaevna,Dr. Popkov,Directed,1,49,Knows
30,17,Valentina Nikolaevna,Kolya/Nikolai Danilovich / Lieutenant Ryakhovsky,Directed,1,49,Knows
30,100,Valentina Nikolaevna,"Valentina's ""colleague"" (48)",Directed,1,49,Exchange
30,103,Valentina Nikolaevna,"Valentina's ""peers""",Directed,1,49,Knows
30,48,Valentina Nikolaevna,Valentina's Husband (name?),Directed,1,49,Knows
30,115,Valentina Nikolaevna,Valentina's grandmother (49),Directed,1,49,Knows
30,116,Valentina Nikolaevna,Valentina's mother (49),Directed,1,49,Knows
100,17,"Valentina's ""colleague"" (48)",Kolya/Nikolai Danilovich / Lieutenant Ryakhovsky,Directed,1,49,Knows
100,30,"Valentina's ""colleague"" (48)",Valentina Nikolaevna,Directed,1,49,Exchange
103,30,"Valentina's ""peers""",Valentina Nikolaevna,Directed,1,49,Knows
48,30,Valentina's Husband (name?),Valentina Nikolaevna,Directed,1,49,Knows
115,117,Valentina's grandmother (49),"""the whole family"" (Valentina's extended family)",Directed,1,49,Knows
115,30,Valentina's grandmother (49),Valentina Nikolaevna,Directed,1,49,Knows
115,116,Valentina's grandmother (49),Valentina's mother (49),Directed,1,49,Knows
116,30,Valentina's mother (49),Valentina Nikolaevna,Directed,1,49,Knows
116,115,Valentina's mother (49),Valentina's grandmother (49),Directed,1,49,Knows
119,120,"""a mother"" (at the hospital)","""her daughter"" (in hospital)",Directed,1,50,Knows
119,30,"""a mother"" (at the hospital)",Valentina Nikolaevna,Directed,1,50,Knows of
120,119,"""her daughter"" (in hospital)","""a mother"" (at the hospital)",Directed,1,50,Knows
120,30,"""her daughter"" (in hospital)",Valentina Nikolaevna,Directed,1,50,Knows of
118,30,"""old men""",Valentina Nikolaevna,Directed,1,50,Knows of
121,122,"""the admitting  nurse""","""the sick people""",Directed,1,50,Knows of
121,90,"""the admitting  nurse""",Dr. Popkov,Directed,1,50,Knows of
121,30,"""the admitting  nurse""",Valentina Nikolaevna,Directed,1,50,Exchange
122,121,"""the sick people""","""the admitting  nurse""",Directed,1,50,Knows of
122,30,"""the sick people""",Valentina Nikolaevna,Directed,1,50,Knows of
25,30,Diana,Valentina Nikolaevna,Directed,1,50,Knows
25,48,Diana,Valentina's Husband (name?),Directed,1,50,Knows
90,30,Dr. Popkov,Valentina Nikolaevna,Directed,1,50,Knows
30,119,Valentina Nikolaevna,"""a mother"" (at the hospital)",Directed,1,50,Knows of
30,120,Valentina Nikolaevna,"""her daughter"" (in hospital)",Directed,1,50,Knows of
30,118,Valentina Nikolaevna,"""old men""",Directed,1,50,Knows of
30,121,Valentina Nikolaevna,"""the admitting  nurse""",Directed,1,50,Exchange
30,122,Valentina Nikolaevna,"""the sick people""",Directed,1,50,Knows of
30,25,Valentina Nikolaevna,Diana,Directed,1,50,Knows
30,90,Valentina Nikolaevna,Dr. Popkov,Directed,1,50,Knows
30,46,Valentina Nikolaevna,Native peoples of Kamchatka,Directed,1,50,Knows of
30,48,Valentina Nikolaevna,Valentina's Husband (name?),Directed,1,50,Knows
48,25,Valentina's Husband (name?),Diana,Directed,1,50,Knows
48,30,Valentina's Husband (name?),Valentina Nikolaevna,Directed,1,50,Knows
99,30,"""the girl at the desk""",Valentina Nikolaevna,Directed,1,51,Knows
25,30,Diana,Valentina Nikolaevna,Directed,1,51,Knows
90,30,Dr. Popkov,Valentina Nikolaevna,Directed,1,51,Knows
30,99,Valentina Nikolaevna,"""the girl at the desk""",Directed,1,51,Knows
30,6,Valentina Nikolaevna,Alyona Golosovsky,Directed,1,51,Knows of
30,25,Valentina Nikolaevna,Diana,Directed,1,51,Knows
30,90,Valentina Nikolaevna,Dr. Popkov,Directed,1,51,Knows
30,5,Valentina Nikolaevna,Sophia Golosovsky,Directed,1,51,Knows of
30,48,Valentina Nikolaevna,Valentina's Husband (name?),Directed,1,51,Knows
30,57,Valentina Nikolaevna,the kidnappING,Directed,1,51,Knows of
48,30,Valentina's Husband (name?),Valentina Nikolaevna,Directed,1,51,Knows
48,57,Valentina's Husband (name?),the kidnappING,Directed,1,51,Knows of
129,30,"""all the children"" (of Russia)",Valentina Nikolaevna,Directed,1,52,Knows of
25,30,Diana,Valentina Nikolaevna,Directed,1,52,Knows
67,22,Kamchatka police,Oksana,Directed,1,52,Knows of
17,126,Kolya/Nikolai Danilovich / Lieutenant Ryakhovsky,"""Uzbek"" ethnic group",Directed,1,52,Knows of
17,6,Kolya/Nikolai Danilovich / Lieutenant Ryakhovsky,Alyona Golosovsky,Directed,1,52,Knows of
17,22,Kolya/Nikolai Danilovich / Lieutenant Ryakhovsky,Oksana,Directed,1,52,Knows
17,5,Kolya/Nikolai Danilovich / Lieutenant Ryakhovsky,Sophia Golosovsky,Directed,1,52,Knows of
17,74,Kolya/Nikolai Danilovich / Lieutenant Ryakhovsky,Tajik ethnic group,Directed,1,52,Knows of
17,30,Kolya/Nikolai Danilovich / Lieutenant Ryakhovsky,Valentina Nikolaevna,Directed,1,52,Exchange
17,139,Kolya/Nikolai Danilovich / Lieutenant Ryakhovsky,the Golosovsky girls' classmates (52),Directed,1,52,Knows
17,113,Kolya/Nikolai Danilovich / Lieutenant Ryakhovsky,the Golosovsky girls' teachers,Directed,1,52,Knows
131,6,Lieutenant Ryakhovsky's supervisors,Alyona Golosovsky,Directed,1,52,Knows of
131,57,Lieutenant Ryakhovsky's supervisors,the kidnappING,Directed,1,52,Knows of
22,67,Oksana,Kamchatka police,Directed,1,52,Knows of
22,17,Oksana,Kolya/Nikolai Danilovich / Lieutenant Ryakhovsky,Directed,1,52,Knows
22,48,Oksana,Valentina's Husband (name?),Directed,1,52,Knows
22,56,Oksana,the kidnappER,Directed,1,52,Knows of
30,130,Valentina Nikolaevna,"""Soviet military""",Directed,1,52,Knows of
30,126,Valentina Nikolaevna,"""Uzbek"" ethnic group",Directed,1,52,Knows of
30,124,Valentina Nikolaevna,"""a foreigner""",Directed,1,52,Knows of
30,129,Valentina Nikolaevna,"""all the children"" (of Russia)",Directed,1,52,Knows of
30,127,Valentina Nikolaevna,"""salmon poachers""",Directed,1,52,Knows of
30,125,Valentina Nikolaevna,"""vagrants""",Directed,1,52,Knows of
30,6,Valentina Nikolaevna,Alyona Golosovsky,Directed,1,52,Knows of
30,25,Valentina Nikolaevna,Diana,Directed,1,52,Knows
30,17,Valentina Nikolaevna,Kolya/Nikolai Danilovich / Lieutenant Ryakhovsky,Directed,1,52,Exchange
30,63,Valentina Nikolaevna,Malysh (Oksana's dog),Directed,1,52,Knows of
30,22,Valentina Nikolaevna,Oksana,Directed,1,52,Knows of
30,128,Valentina Nikolaevna,Russians (generally??),Directed,1,52,Knows of
30,5,Valentina Nikolaevna,Sophia Golosovsky,Directed,1,52,Knows of
30,74,Valentina Nikolaevna,Tajik ethnic group,Directed,1,52,Knows of
30,48,Valentina Nikolaevna,Valentina's Husband (name?),Directed,1,52,Knows
30,123,Valentina Nikolaevna,Valentina's father (53),Directed,1,52,Knows
30,116,Valentina Nikolaevna,Valentina's mother (49),Directed,1,52,Knows
30,112,Valentina Nikolaevna,civilian search party,Directed,1,52,Knows of
30,113,Valentina Nikolaevna,the Golosovsky girls' teachers,Directed,1,52,Knows of
30,56,Valentina Nikolaevna,the kidnappER,Directed,1,52,Knows of
30,57,Valentina Nikolaevna,the kidnappING,Directed,1,52,Knows of
48,126,Valentina's Husband (name?),"""Uzbek"" ethnic group",Directed,1,52,Knows of
48,22,Valentina's Husband (name?),Oksana,Directed,1,52,Knows
48,74,Valentina's Husband (name?),Tajik ethnic group,Directed,1,52,Knows of
48,30,Valentina's Husband (name?),Valentina Nikolaevna,Directed,1,52,Knows
48,57,Valentina's Husband (name?),the kidnappING,Directed,1,52,Knows of
123,30,Valentina's father (53),Valentina Nikolaevna,Directed,1,52,Knows
123,116,Valentina's father (53),Valentina's mother (49),Directed,1,52,Knows
116,30,Valentina's mother (49),Valentina Nikolaevna,Directed,1,52,Knows
116,123,Valentina's mother (49),Valentina's father (53),Directed,1,52,Knows
139,17,the Golosovsky girls' classmates (52),Kolya/Nikolai Danilovich / Lieutenant Ryakhovsky,Directed,1,52,Knows
113,17,the Golosovsky girls' teachers,Kolya/Nikolai Danilovich / Lieutenant Ryakhovsky,Directed,1,52,Knows
6,101,Alyona Golosovsky,Golosovskaya girls' father,Directed,1,53,Knows
101,6,Golosovskaya girls' father,Alyona Golosovsky,Directed,1,53,Knows
101,17,Golosovskaya girls' father,Kolya/Nikolai Danilovich / Lieutenant Ryakhovsky,Directed,1,53,Knows of
101,57,Golosovskaya girls' father,the kidnappING,Directed,1,53,Knows of
17,124,Kolya/Nikolai Danilovich / Lieutenant Ryakhovsky,"""a foreigner""",Directed,1,53,Knows
17,6,Kolya/Nikolai Danilovich / Lieutenant Ryakhovsky,Alyona Golosovsky,Directed,1,53,Knows of
17,101,Kolya/Nikolai Danilovich / Lieutenant Ryakhovsky,Golosovskaya girls' father,Directed,1,53,Knows of
17,131,Kolya/Nikolai Danilovich / Lieutenant Ryakhovsky,Lieutenant Ryakhovsky's supervisors,Directed,1,53,Knows
17,32,Kolya/Nikolai Danilovich / Lieutenant Ryakhovsky,Marina Alexandrovna,Directed,1,53,Knows
17,22,Kolya/Nikolai Danilovich / Lieutenant Ryakhovsky,Oksana,Directed,1,53,Knows
17,5,Kolya/Nikolai Danilovich / Lieutenant Ryakhovsky,Sophia Golosovsky,Directed,1,53,Knows of
17,74,Kolya/Nikolai Danilovich / Lieutenant Ryakhovsky,Tajik ethnic group,Directed,1,53,Knows of
17,30,Kolya/Nikolai Danilovich / Lieutenant Ryakhovsky,Valentina Nikolaevna,Directed,1,53,Exchange
17,56,Kolya/Nikolai Danilovich / Lieutenant Ryakhovsky,the kidnappER,Directed,1,53,Knows of
131,17,Lieutenant Ryakhovsky's supervisors,Kolya/Nikolai Danilovich / Lieutenant Ryakhovsky,Directed,1,53,Knows
131,5,Lieutenant Ryakhovsky's supervisors,Sophia Golosovsky,Directed,1,53,Knows of
32,17,Marina Alexandrovna,Kolya/Nikolai Danilovich / Lieutenant Ryakhovsky,Directed,1,53,Knows
22,17,Oksana,Kolya/Nikolai Danilovich / Lieutenant Ryakhovsky,Directed,1,53,Knows
30,132,Valentina Nikolaevna,"""the public"" (53) ?",Directed,1,53,Knows of
30,6,Valentina Nikolaevna,Alyona Golosovsky,Directed,1,53,Knows of
30,101,Valentina Nikolaevna,Golosovskaya girls' father,Directed,1,53,Knows of
30,17,Valentina Nikolaevna,Kolya/Nikolai Danilovich / Lieutenant Ryakhovsky,Directed,1,53,Exchange
30,32,Valentina Nikolaevna,Marina Alexandrovna,Directed,1,53,Knows of
30,22,Valentina Nikolaevna,Oksana,Directed,1,53,Knows of
30,5,Valentina Nikolaevna,Sophia Golosovsky,Directed,1,53,Knows of
30,48,Valentina Nikolaevna,Valentina's Husband (name?),Directed,1,53,Knows
30,47,Valentina Nikolaevna,migrants (generally),Directed,1,53,Knows of
30,57,Valentina Nikolaevna,the kidnappING,Directed,1,53,Knows of
48,30,Valentina's Husband (name?),Valentina Nikolaevna,Directed,1,53,Knows
138,101,"""the [Golosovsky girls'] father's friends""",Golosovskaya girls' father,Directed,1,54,Knows
6,101,Alyona Golosovsky,Golosovskaya girls' father,Directed,1,54,Knows
101,138,Golosovskaya girls' father,"""the [Golosovsky girls'] father's friends""",Directed,1,54,Knows
101,6,Golosovskaya girls' father,Alyona Golosovsky,Directed,1,54,Knows
101,17,Golosovskaya girls' father,Kolya/Nikolai Danilovich / Lieutenant Ryakhovsky,Directed,1,54,Knows
101,57,Golosovskaya girls' father,the kidnappING,Directed,1,54,Knows of
17,138,Kolya/Nikolai Danilovich / Lieutenant Ryakhovsky,"""the [Golosovsky girls'] father's friends""",Directed,1,54,Knows of
17,6,Kolya/Nikolai Danilovich / Lieutenant Ryakhovsky,Alyona Golosovsky,Directed,1,54,Knows of
17,101,Kolya/Nikolai Danilovich / Lieutenant Ryakhovsky,Golosovskaya girls' father,Directed,1,54,Knows
17,5,Kolya/Nikolai Danilovich / Lieutenant Ryakhovsky,Sophia Golosovsky,Directed,1,54,Knows of
17,30,Kolya/Nikolai Danilovich / Lieutenant Ryakhovsky,Valentina Nikolaevna,Directed,1,54,Exchange
17,26,Kolya/Nikolai Danilovich / Lieutenant Ryakhovsky,Yevgeny Pavlovich Kulik (the major general),Directed,1,54,Knows
30,138,Valentina Nikolaevna,"""the [Golosovsky girls'] father's friends""",Directed,1,54,Knows of
30,6,Valentina Nikolaevna,Alyona Golosovsky,Directed,1,54,Knows of
30,101,Valentina Nikolaevna,Golosovskaya girls' father,Directed,1,54,Knows of
30,17,Valentina Nikolaevna,Kolya/Nikolai Danilovich / Lieutenant Ryakhovsky,Directed,1,54,Exchange
30,5,Valentina Nikolaevna,Sophia Golosovsky,Directed,1,54,Knows of
30,57,Valentina Nikolaevna,the kidnappING,Directed,1,54,Knows of
26,6,Yevgeny Pavlovich Kulik (the major general),Alyona Golosovsky,Directed,1,54,Knows of
26,17,Yevgeny Pavlovich Kulik (the major general),Kolya/Nikolai Danilovich / Lieutenant Ryakhovsky,Directed,1,54,Knows
26,5,Yevgeny Pavlovich Kulik (the major general),Sophia Golosovsky,Directed,1,54,Knows of
26,57,Yevgeny Pavlovich Kulik (the major general),the kidnappING,Directed,1,54,Knows of
101,17,Golosovskaya girls' father,Kolya/Nikolai Danilovich / Lieutenant Ryakhovsky,Directed,1,55,Knows
17,138,Kolya/Nikolai Danilovich / Lieutenant Ryakhovsky,"""the [Golosovsky girls'] father's friends""",Directed,1,55,Knows of
17,6,Kolya/Nikolai Danilovich / Lieutenant Ryakhovsky,Alyona Golosovsky,Directed,1,55,Knows of
17,101,Kolya/Nikolai Danilovich / Lieutenant Ryakhovsky,Golosovskaya girls' father,Directed,1,55,Knows
17,5,Kolya/Nikolai Danilovich / Lieutenant Ryakhovsky,Sophia Golosovsky,Directed,1,55,Knows of
17,30,Kolya/Nikolai Danilovich / Lieutenant Ryakhovsky,Valentina Nikolaevna,Directed,1,55,Exchange
137,30,The doctor,Valentina Nikolaevna,Directed,1,55,Exchange
30,138,Valentina Nikolaevna,"""the [Golosovsky girls'] father's friends""",Directed,1,55,Knows of
30,6,Valentina Nikolaevna,Alyona Golosovsky,Directed,1,55,Knows of
30,101,Valentina Nikolaevna,Golosovskaya girls' father,Directed,1,55,Knows of
30,17,Valentina Nikolaevna,Kolya/Nikolai Danilovich / Lieutenant Ryakhovsky,Directed,1,55,Exchange
30,5,Valentina Nikolaevna,Sophia Golosovsky,Directed,1,55,Knows of
30,137,Valentina Nikolaevna,The doctor,Directed,1,55,Exchange
30,48,Valentina Nikolaevna,Valentina's Husband (name?),Directed,1,55,Knows
30,142,Valentina Nikolaevna,Valentina's colleagues,Directed,1,55,Knows
30,57,Valentina Nikolaevna,the kidnappING,Directed,1,55,Knows of
48,30,Valentina's Husband (name?),Valentina Nikolaevna,Directed,1,55,Knows
142,30,Valentina's colleagues,Valentina Nikolaevna,Directed,1,55,Knows
118,30,"""old men""",Valentina Nikolaevna,Directed,1,56,Knows of
121,30,"""the admitting  nurse""",Valentina Nikolaevna,Directed,1,56,Knows
90,30,Dr. Popkov,Valentina Nikolaevna,Directed,1,56,Knows
137,90,The doctor,Dr. Popkov,Directed,1,56,Knows of
137,30,The doctor,Valentina Nikolaevna,Directed,1,56,Exchange
30,118,Valentina Nikolaevna,"""old men""",Directed,1,56,Knows of
30,121,Valentina Nikolaevna,"""the admitting  nurse""",Directed,1,56,Knows
30,90,Valentina Nikolaevna,Dr. Popkov,Directed,1,56,Knows
30,46,Valentina Nikolaevna,Native peoples of Kamchatka,Directed,1,56,Knows of
30,137,Valentina Nikolaevna,The doctor,Directed,1,56,Exchange
30,48,Valentina Nikolaevna,Valentina's Husband (name?),Directed,1,56,Knows
48,30,Valentina's Husband (name?),Valentina Nikolaevna,Directed,1,56,Knows
140,30,"""everyone else ... [who] had enetered surgery""",Valentina Nikolaevna,Directed,1,57,Knows
118,30,"""old men""",Valentina Nikolaevna,Directed,1,57,Knows of
137,30,The doctor,Valentina Nikolaevna,Directed,1,57,Exchange
30,140,Valentina Nikolaevna,"""everyone else ... [who] had enetered surgery""",Directed,1,57,Knows
30,118,Valentina Nikolaevna,"""old men""",Directed,1,57,Knows of
30,137,Valentina Nikolaevna,The doctor,Directed,1,57,Exchange
30,115,Valentina Nikolaevna,Valentina's grandmother (49),Directed,1,57,Knows
30,116,Valentina Nikolaevna,Valentina's mother (49),Directed,1,57,Knows
115,30,Valentina's grandmother (49),Valentina Nikolaevna,Directed,1,57,Knows
116,30,Valentina's mother (49),Valentina Nikolaevna,Directed,1,57,Knows
141,30,"""a team of strangers"" (surgeons)",Valentina Nikolaevna,Directed,1,58,Knows of
25,30,Diana,Valentina Nikolaevna,Directed,1,58,Knows
137,30,The doctor,Valentina Nikolaevna,Directed,1,58,Exchange
30,141,Valentina Nikolaevna,"""a team of strangers"" (surgeons)",Directed,1,58,Knows of
30,25,Valentina Nikolaevna,Diana,Directed,1,58,Knows
30,137,Valentina Nikolaevna,The doctor,Directed,1,58,Exchange
30,48,Valentina Nikolaevna,Valentina's Husband (name?),Directed,1,58,Knows
30,142,Valentina Nikolaevna,Valentina's colleagues,Directed,1,58,Knows
48,30,Valentina's Husband (name?),Valentina Nikolaevna,Directed,1,58,Knows
142,30,Valentina's colleagues,Valentina Nikolaevna,Directed,1,58,Knows
143,146,Alisa,Alisa's mother,Directed,1,59,Knows
143,7,Alisa,Ksyusha/Ksenia Adukanov,Directed,1,59,Knows
143,57,Alisa,the kidnappING,Directed,1,59,Knows of
146,143,Alisa's mother,Alisa,Directed,1,59,Knows
146,7,Alisa's mother,Ksyusha/Ksenia Adukanov,Directed,1,59,Knows
145,7,Chegga & Ksyusha's mother,Ksyusha/Ksenia Adukanov,Directed,1,59,Knows
152,7,Esso's dance troupes,Ksyusha/Ksenia Adukanov,Directed,1,59,Knows
7,143,Ksyusha/Ksenia Adukanov,Alisa,Directed,1,59,Knows
7,146,Ksyusha/Ksenia Adukanov,Alisa's mother,Directed,1,59,Knows
7,6,Ksyusha/Ksenia Adukanov,Alyona Golosovsky,Directed,1,59,Knows of
7,145,Ksyusha/Ksenia Adukanov,Chegga & Ksyusha's mother,Directed,1,59,Knows
7,152,Ksyusha/Ksenia Adukanov,Esso's dance troupes,Directed,1,59,Knows
7,9,Ksyusha/Ksenia Adukanov,Ruslan,Directed,1,59,Exchange
7,5,Ksyusha/Ksenia Adukanov,Sophia Golosovsky,Directed,1,59,Knows of
7,57,Ksyusha/Ksenia Adukanov,the kidnappING,Directed,1,59,Knows of
9,6,Ruslan,Alyona Golosovsky,Directed,1,59,Knows of
9,7,Ruslan,Ksyusha/Ksenia Adukanov,Directed,1,59,Exchange
9,5,Ruslan,Sophia Golosovsky,Directed,1,59,Knows of
57,143,the kidnappING,Alisa,Directed,1,59,Knows of
154,46,"""professional [dance] ensembles""",Native peoples of Kamchatka,Directed,1,60,Knows
143,150,Alisa,Alisa's friends,Directed,1,60,Knows
143,7,Alisa,Ksyusha/Ksenia Adukanov,Directed,1,60,Knows
143,9,Alisa,Ruslan,Directed,1,60,Knows
143,171,Alisa,The dance troupe,Directed,1,60,Knows
150,143,Alisa's friends,Alisa,Directed,1,60,Knows
7,143,Ksyusha/Ksenia Adukanov,Alisa,Directed,1,60,Knows
7,150,Ksyusha/Ksenia Adukanov,Alisa's friends,Directed,1,60,Knows of
7,6,Ksyusha/Ksenia Adukanov,Alyona Golosovsky,Directed,1,60,Knows of
7,9,Ksyusha/Ksenia Adukanov,Ruslan,Directed,1,60,Exchange
7,5,Ksyusha/Ksenia Adukanov,Sophia Golosovsky,Directed,1,60,Knows of
9,143,Ruslan,Alisa,Directed,1,60,Knows
9,150,Ruslan,Alisa's friends,Directed,1,60,Knows of
9,6,Ruslan,Alyona Golosovsky,Directed,1,60,Knows of
9,7,Ruslan,Ksyusha/Ksenia Adukanov,Directed,1,60,Exchange
9,5,Ruslan,Sophia Golosovsky,Directed,1,60,Knows of
171,143,The dance troupe,Alisa,Directed,1,60,Knows
154,46,"""professional [dance] ensembles""",Native peoples of Kamchatka,Directed,1,61,Knows
143,152,Alisa,Esso's dance troupes,Directed,1,61,Knows
143,151,Alisa,"Ksyusha, Alisa & Chegga's grandmother",Directed,1,61,Knows
143,7,Alisa,Ksyusha/Ksenia Adukanov,Directed,1,61,Exchange
143,171,Alisa,The dance troupe,Directed,1,61,Knows
151,143,"Ksyusha, Alisa & Chegga's grandmother",Alisa,Directed,1,61,Knows
151,7,"Ksyusha, Alisa & Chegga's grandmother",Ksyusha/Ksenia Adukanov,Directed,1,61,Knows
7,143,Ksyusha/Ksenia Adukanov,Alisa,Directed,1,61,Exchange
7,152,Ksyusha/Ksenia Adukanov,Esso's dance troupes,Directed,1,61,Knows
7,151,Ksyusha/Ksenia Adukanov,"Ksyusha, Alisa & Chegga's grandmother",Directed,1,61,Knows
7,46,Ksyusha/Ksenia Adukanov,Native peoples of Kamchatka,Directed,1,61,Knows
7,171,Ksyusha/Ksenia Adukanov,The dance troupe,Directed,1,61,Knows of
9,171,Ruslan,The dance troupe,Directed,1,61,Knows of
171,143,The dance troupe,Alisa,Directed,1,61,Knows
143,7,Alisa,Ksyusha/Ksenia Adukanov,Directed,1,62,Exchange
143,9,Alisa,Ruslan,Directed,1,62,Exchange
143,171,Alisa,The dance troupe,Directed,1,62,Knows
8,7,Chegga/Sergei Adukanov,Ksyusha/Ksenia Adukanov,Directed,1,62,Knows
8,9,Chegga/Sergei Adukanov,Ruslan,Directed,1,62,Knows
7,143,Ksyusha/Ksenia Adukanov,Alisa,Directed,1,62,Exchange
7,8,Ksyusha/Ksenia Adukanov,Chegga/Sergei Adukanov,Directed,1,62,Knows
7,171,Ksyusha/Ksenia Adukanov,The dance troupe,Directed,1,62,Knows of
9,143,Ruslan,Alisa,Directed,1,62,Exchange
9,8,Ruslan,Chegga/Sergei Adukanov,Directed,1,62,Knows
9,171,Ruslan,The dance troupe,Directed,1,62,Knows of
171,143,The dance troupe,Alisa,Directed,1,62,Knows
143,157,Alisa,"""white kids""",Directed,1,63,Knows
143,7,Alisa,Ksyusha/Ksenia Adukanov,Directed,1,63,Exchange
143,9,Alisa,Ruslan,Directed,1,63,Exchange
143,171,Alisa,The dance troupe,Directed,1,63,Knows
156,9,Chegga & Ksyusha's father,Ruslan,Directed,1,63,Knows
145,9,Chegga & Ksyusha's mother,Ruslan,Directed,1,63,Knows
8,7,Chegga/Sergei Adukanov,Ksyusha/Ksenia Adukanov,Directed,1,63,Knows
8,9,Chegga/Sergei Adukanov,Ruslan,Directed,1,63,Knows
7,143,Ksyusha/Ksenia Adukanov,Alisa,Directed,1,63,Exchange
7,8,Ksyusha/Ksenia Adukanov,Chegga/Sergei Adukanov,Directed,1,63,Knows
7,9,Ksyusha/Ksenia Adukanov,Ruslan,Directed,1,63,Exchange
7,171,Ksyusha/Ksenia Adukanov,The dance troupe,Directed,1,63,Knows of
9,143,Ruslan,Alisa,Directed,1,63,Exchange
9,156,Ruslan,Chegga & Ksyusha's father,Directed,1,63,Knows
9,145,Ruslan,Chegga & Ksyusha's mother,Directed,1,63,Knows
9,8,Ruslan,Chegga/Sergei Adukanov,Directed,1,63,Knows
9,7,Ruslan,Ksyusha/Ksenia Adukanov,Directed,1,63,Exchange
9,171,Ruslan,The dance troupe,Directed,1,63,Knows of
171,143,The dance troupe,Alisa,Directed,1,63,Knows
166,7,"""city kids""",Ksyusha/Ksenia Adukanov,Directed,1,64,Knows
161,7,"""one [student]""",Ksyusha/Ksenia Adukanov,Directed,1,64,Exchange
161,46,"""one [student]""",Native peoples of Kamchatka,Directed,1,64,Knows of
179,7,"""one boy...in year ten of highschool""",Ksyusha/Ksenia Adukanov,Directed,1,64,Knows
162,7,"""someone else"" (a student)",Ksyusha/Ksenia Adukanov,Directed,1,64,Exchange
143,7,Alisa,Ksyusha/Ksenia Adukanov,Directed,1,64,Knows
143,171,Alisa,The dance troupe,Directed,1,64,Knows
156,9,Chegga & Ksyusha's father,Ruslan,Directed,1,64,Knows
7,166,Ksyusha/Ksenia Adukanov,"""city kids""",Directed,1,64,Knows
7,161,Ksyusha/Ksenia Adukanov,"""one [student]""",Directed,1,64,Exchange
7,179,Ksyusha/Ksenia Adukanov,"""one boy...in year ten of highschool""",Directed,1,64,Knows
7,162,Ksyusha/Ksenia Adukanov,"""someone else"" (a student)",Directed,1,64,Exchange
7,143,Ksyusha/Ksenia Adukanov,Alisa,Directed,1,64,Knows
7,82,Ksyusha/Ksenia Adukanov,Chukchi Indigenous peoples,Directed,1,64,Knows of
7,159,Ksyusha/Ksenia Adukanov,Itelmen indigenous peoples,Directed,1,64,Knows of
7,158,Ksyusha/Ksenia Adukanov,Koryak indigenous peoples,Directed,1,64,Knows of
7,9,Ksyusha/Ksenia Adukanov,Ruslan,Directed,1,64,Exchange
7,171,Ksyusha/Ksenia Adukanov,The dance troupe,Directed,1,64,Knows
7,352,Ksyusha/Ksenia Adukanov,two cousins,Directed,1,64,Knows
9,160,Ruslan,"""guys in [the dance] group""",Directed,1,64,Knows of
9,156,Ruslan,Chegga & Ksyusha's father,Directed,1,64,Knows
9,7,Ruslan,Ksyusha/Ksenia Adukanov,Directed,1,64,Exchange
9,171,Ruslan,The dance troupe,Directed,1,64,Knows of
171,143,The dance troupe,Alisa,Directed,1,64,Knows
171,7,The dance troupe,Ksyusha/Ksenia Adukanov,Directed,1,64,Knows
352,7,two cousins,Ksyusha/Ksenia Adukanov,Directed,1,64,Knows
166,7,"""city kids""",Ksyusha/Ksenia Adukanov,Directed,1,65,Knows
168,7,"""other students""",Ksyusha/Ksenia Adukanov,Directed,1,65,Knows
169,7,"""the men"" (in Kysusha's family)",Ksyusha/Ksenia Adukanov,Directed,1,65,Knows
167,7,"""white kids in the village"" (Esso)",Ksyusha/Ksenia Adukanov,Directed,1,65,Knows
156,151,Chegga & Ksyusha's father,"Ksyusha, Alisa & Chegga's grandmother",Directed,1,65,Knows
156,7,Chegga & Ksyusha's father,Ksyusha/Ksenia Adukanov,Directed,1,65,Knows
145,8,Chegga & Ksyusha's mother,Chegga/Sergei Adukanov,Directed,1,65,Knows
145,7,Chegga & Ksyusha's mother,Ksyusha/Ksenia Adukanov,Directed,1,65,Knows
8,145,Chegga/Sergei Adukanov,Chegga & Ksyusha's mother,Directed,1,65,Knows
8,7,Chegga/Sergei Adukanov,Ksyusha/Ksenia Adukanov,Directed,1,65,Knows
151,156,"Ksyusha, Alisa & Chegga's grandmother",Chegga & Ksyusha's father,Directed,1,65,Knows
151,7,"Ksyusha, Alisa & Chegga's grandmother",Ksyusha/Ksenia Adukanov,Directed,1,65,Knows
7,166,Ksyusha/Ksenia Adukanov,"""city kids""",Directed,1,65,Knows
7,168,Ksyusha/Ksenia Adukanov,"""other students""",Directed,1,65,Knows
7,169,Ksyusha/Ksenia Adukanov,"""the men"" (in Kysusha's family)",Directed,1,65,Knows
7,167,Ksyusha/Ksenia Adukanov,"""white kids in the village"" (Esso)",Directed,1,65,Knows
7,156,Ksyusha/Ksenia Adukanov,Chegga & Ksyusha's father,Directed,1,65,Knows
7,145,Ksyusha/Ksenia Adukanov,Chegga & Ksyusha's mother,Directed,1,65,Knows
7,8,Ksyusha/Ksenia Adukanov,Chegga/Sergei Adukanov,Directed,1,65,Knows
7,151,Ksyusha/Ksenia Adukanov,"Ksyusha, Alisa & Chegga's grandmother",Directed,1,65,Knows
7,9,Ksyusha/Ksenia Adukanov,Ruslan,Directed,1,65,Knows
9,7,Ruslan,Ksyusha/Ksenia Adukanov,Directed,1,65,Knows
174,7,"""city people""",Ksyusha/Ksenia Adukanov,Directed,1,66,Knows
175,7,"""girls from settlements near Esso""",Ksyusha/Ksenia Adukanov,Directed,1,66,Knows
179,9,"""one boy...in year ten of highschool""",Ruslan,Directed,1,66,Knows of
143,7,Alisa,Ksyusha/Ksenia Adukanov,Directed,1,66,Knows
143,170,Alisa,Margarita Anatolyevna,Directed,1,66,Knows
176,7,Chander,Ksyusha/Ksenia Adukanov,Directed,1,66,Knows
172,156,Chegga & Ksyusha's Uncles,Chegga & Ksyusha's father,Directed,1,66,Knows
172,173,Chegga & Ksyusha's Uncles,Chegga & Ksyusha's grandfather,Directed,1,66,Knows
172,7,Chegga & Ksyusha's Uncles,Ksyusha/Ksenia Adukanov,Directed,1,66,Knows
156,174,Chegga & Ksyusha's father,"""city people""",Directed,1,66,Knows of
156,172,Chegga & Ksyusha's father,Chegga & Ksyusha's Uncles,Directed,1,66,Knows
156,173,Chegga & Ksyusha's father,Chegga & Ksyusha's grandfather,Directed,1,66,Knows
156,7,Chegga & Ksyusha's father,Ksyusha/Ksenia Adukanov,Directed,1,66,Knows
173,172,Chegga & Ksyusha's grandfather,Chegga & Ksyusha's Uncles,Directed,1,66,Knows
173,156,Chegga & Ksyusha's grandfather,Chegga & Ksyusha's father,Directed,1,66,Knows
173,7,Chegga & Ksyusha's grandfather,Ksyusha/Ksenia Adukanov,Directed,1,66,Knows
8,7,Chegga/Sergei Adukanov,Ksyusha/Ksenia Adukanov,Directed,1,66,Knows
8,10,Chegga/Sergei Adukanov,Nadia/Nadezhda,Directed,1,66,Knows
7,174,Ksyusha/Ksenia Adukanov,"""city people""",Directed,1,66,Knows
7,175,Ksyusha/Ksenia Adukanov,"""girls from settlements near Esso""",Directed,1,66,Knows
7,143,Ksyusha/Ksenia Adukanov,Alisa,Directed,1,66,Knows
7,176,Ksyusha/Ksenia Adukanov,Chander,Directed,1,66,Knows
7,172,Ksyusha/Ksenia Adukanov,Chegga & Ksyusha's Uncles,Directed,1,66,Knows
7,156,Ksyusha/Ksenia Adukanov,Chegga & Ksyusha's father,Directed,1,66,Knows
7,173,Ksyusha/Ksenia Adukanov,Chegga & Ksyusha's grandfather,Directed,1,66,Knows
7,8,Ksyusha/Ksenia Adukanov,Chegga/Sergei Adukanov,Directed,1,66,Knows
7,170,Ksyusha/Ksenia Adukanov,Margarita Anatolyevna,Directed,1,66,Knows
7,10,Ksyusha/Ksenia Adukanov,Nadia/Nadezhda,Directed,1,66,Knows
7,9,Ksyusha/Ksenia Adukanov,Ruslan,Directed,1,66,Knows
7,171,Ksyusha/Ksenia Adukanov,The dance troupe,Directed,1,66,Knows
7,178,Ksyusha/Ksenia Adukanov,a boy from Achavayam,Directed,1,66,Knows
170,143,Margarita Anatolyevna,Alisa,Directed,1,66,Knows
170,7,Margarita Anatolyevna,Ksyusha/Ksenia Adukanov,Directed,1,66,Knows
170,171,Margarita Anatolyevna,The dance troupe,Directed,1,66,Exchange
10,8,Nadia/Nadezhda,Chegga/Sergei Adukanov,Directed,1,66,Knows
10,7,Nadia/Nadezhda,Ksyusha/Ksenia Adukanov,Directed,1,66,Knows
9,179,Ruslan,"""one boy...in year ten of highschool""",Directed,1,66,Knows of
9,7,Ruslan,Ksyusha/Ksenia Adukanov,Directed,1,66,Knows
9,171,Ruslan,The dance troupe,Directed,1,66,Knows of
171,7,The dance troupe,Ksyusha/Ksenia Adukanov,Directed,1,66,Knows
171,170,The dance troupe,Margarita Anatolyevna,Directed,1,66,Exchange
178,7,a boy from Achavayam,Ksyusha/Ksenia Adukanov,Directed,1,66,Knows
143,7,Alisa,Ksyusha/Ksenia Adukanov,Directed,1,67,Knows
143,170,Alisa,Margarita Anatolyevna,Directed,1,67,Knows
176,7,Chander,Ksyusha/Ksenia Adukanov,Directed,1,67,Knows
7,143,Ksyusha/Ksenia Adukanov,Alisa,Directed,1,67,Knows
7,176,Ksyusha/Ksenia Adukanov,Chander,Directed,1,67,Knows
7,170,Ksyusha/Ksenia Adukanov,Margarita Anatolyevna,Directed,1,67,Knows
7,171,Ksyusha/Ksenia Adukanov,The dance troupe,Directed,1,67,Knows
170,143,Margarita Anatolyevna,Alisa,Directed,1,67,Knows
170,7,Margarita Anatolyevna,Ksyusha/Ksenia Adukanov,Directed,1,67,Knows
170,171,Margarita Anatolyevna,The dance troupe,Directed,1,67,Exchange
9,7,Ruslan,Ksyusha/Ksenia Adukanov,Directed,1,67,Exchange
171,7,The dance troupe,Ksyusha/Ksenia Adukanov,Directed,1,67,Knows
171,170,The dance troupe,Margarita Anatolyevna,Directed,1,67,Exchange
143,7,Alisa,Ksyusha/Ksenia Adukanov,Directed,1,68,Knows
143,178,Alisa,a boy from Achavayam,Directed,1,68,Exchange
176,7,Chander,Ksyusha/Ksenia Adukanov,Directed,1,68,Exchange
176,171,Chander,The dance troupe,Directed,1,68,Knows
7,143,Ksyusha/Ksenia Adukanov,Alisa,Directed,1,68,Knows
7,176,Ksyusha/Ksenia Adukanov,Chander,Directed,1,68,Exchange
7,170,Ksyusha/Ksenia Adukanov,Margarita Anatolyevna,Directed,1,68,Knows
7,9,Ksyusha/Ksenia Adukanov,Ruslan,Directed,1,68,Exchange
7,171,Ksyusha/Ksenia Adukanov,The dance troupe,Directed,1,68,Knows
170,7,Margarita Anatolyevna,Ksyusha/Ksenia Adukanov,Directed,1,68,Knows
9,7,Ruslan,Ksyusha/Ksenia Adukanov,Directed,1,68,Exchange
171,176,The dance troupe,Chander,Directed,1,68,Knows
171,7,The dance troupe,Ksyusha/Ksenia Adukanov,Directed,1,68,Knows
178,143,a boy from Achavayam,Alisa,Directed,1,68,Exchange
143,7,Alisa,Ksyusha/Ksenia Adukanov,Directed,1,69,Knows
143,170,Alisa,Margarita Anatolyevna,Directed,1,69,Exchange
176,7,Chander,Ksyusha/Ksenia Adukanov,Directed,1,69,Exchange
176,171,Chander,The dance troupe,Directed,1,69,Knows
156,7,Chegga & Ksyusha's father,Ksyusha/Ksenia Adukanov,Directed,1,69,Knows
156,57,Chegga & Ksyusha's father,the kidnappING,Directed,1,69,Knows of
145,7,Chegga & Ksyusha's mother,Ksyusha/Ksenia Adukanov,Directed,1,69,Knows of
145,57,Chegga & Ksyusha's mother,the kidnappING,Directed,1,69,Knows of
8,7,Chegga/Sergei Adukanov,Ksyusha/Ksenia Adukanov,Directed,1,69,Knows
8,57,Chegga/Sergei Adukanov,the kidnappING,Directed,1,69,Knows of
67,7,Kamchatka police,Ksyusha/Ksenia Adukanov,Directed,1,69,Knows of
67,56,Kamchatka police,the kidnappER,Directed,1,69,Knows of
7,143,Ksyusha/Ksenia Adukanov,Alisa,Directed,1,69,Knows
7,6,Ksyusha/Ksenia Adukanov,Alyona Golosovsky,Directed,1,69,Knows of
7,176,Ksyusha/Ksenia Adukanov,Chander,Directed,1,69,Exchange
7,181,Ksyusha/Ksenia Adukanov,Chander's family,Directed,1,69,Knows of
7,156,Ksyusha/Ksenia Adukanov,Chegga & Ksyusha's father,Directed,1,69,Knows
7,145,Ksyusha/Ksenia Adukanov,Chegga & Ksyusha's mother,Directed,1,69,Knows of
7,8,Ksyusha/Ksenia Adukanov,Chegga/Sergei Adukanov,Directed,1,69,Knows
7,67,Ksyusha/Ksenia Adukanov,Kamchatka police,Directed,1,69,Knows of
7,170,Ksyusha/Ksenia Adukanov,Margarita Anatolyevna,Directed,1,69,Knows
7,9,Ksyusha/Ksenia Adukanov,Ruslan,Directed,1,69,Knows
7,5,Ksyusha/Ksenia Adukanov,Sophia Golosovsky,Directed,1,69,Knows of
7,171,Ksyusha/Ksenia Adukanov,The dance troupe,Directed,1,69,Knows
7,112,Ksyusha/Ksenia Adukanov,civilian search party,Directed,1,69,Knows of
7,56,Ksyusha/Ksenia Adukanov,the kidnappER,Directed,1,69,Knows of
7,57,Ksyusha/Ksenia Adukanov,the kidnappING,Directed,1,69,Knows of
170,143,Margarita Anatolyevna,Alisa,Directed,1,69,Exchange
170,7,Margarita Anatolyevna,Ksyusha/Ksenia Adukanov,Directed,1,69,Knows
9,7,Ruslan,Ksyusha/Ksenia Adukanov,Directed,1,69,Knows
9,57,Ruslan,the kidnappING,Directed,1,69,Knows of
171,176,The dance troupe,Chander,Directed,1,69,Knows
171,7,The dance troupe,Ksyusha/Ksenia Adukanov,Directed,1,69,Knows
168,7,"""other students""",Ksyusha/Ksenia Adukanov,Directed,1,70,Knows of
176,181,Chander,Chander's family,Directed,1,70,Knows
176,7,Chander,Ksyusha/Ksenia Adukanov,Directed,1,70,Exchange
176,170,Chander,Margarita Anatolyevna,Directed,1,70,Exchange
176,171,Chander,The dance troupe,Directed,1,70,Knows
181,176,Chander's family,Chander,Directed,1,70,Knows
173,7,Chegga & Ksyusha's grandfather,Ksyusha/Ksenia Adukanov,Directed,1,70,Knows
8,7,Chegga/Sergei Adukanov,Ksyusha/Ksenia Adukanov,Directed,1,70,Knows
151,7,"Ksyusha, Alisa & Chegga's grandmother",Ksyusha/Ksenia Adukanov,Directed,1,70,Knows
7,168,Ksyusha/Ksenia Adukanov,"""other students""",Directed,1,70,Knows of
7,176,Ksyusha/Ksenia Adukanov,Chander,Directed,1,70,Exchange
7,181,Ksyusha/Ksenia Adukanov,Chander's family,Directed,1,70,Knows of
7,173,Ksyusha/Ksenia Adukanov,Chegga & Ksyusha's grandfather,Directed,1,70,Knows
7,8,Ksyusha/Ksenia Adukanov,Chegga/Sergei Adukanov,Directed,1,70,Knows
7,151,Ksyusha/Ksenia Adukanov,"Ksyusha, Alisa & Chegga's grandmother",Directed,1,70,Knows
7,170,Ksyusha/Ksenia Adukanov,Margarita Anatolyevna,Directed,1,70,Knows
7,10,Ksyusha/Ksenia Adukanov,Nadia/Nadezhda,Directed,1,70,Knows
170,176,Margarita Anatolyevna,Chander,Directed,1,70,Exchange
170,7,Margarita Anatolyevna,Ksyusha/Ksenia Adukanov,Directed,1,70,Knows
10,7,Nadia/Nadezhda,Ksyusha/Ksenia Adukanov,Directed,1,70,Knows
171,176,The dance troupe,Chander,Directed,1,70,Knows
176,182,Chander,Chander's ex girlfriend,Directed,1,71,Knows
176,145,Chander,Chegga & Ksyusha's mother,Directed,1,71,Knows of
176,7,Chander,Ksyusha/Ksenia Adukanov,Directed,1,71,Exchange
176,9,Chander,Ruslan,Directed,1,71,Knows of
182,176,Chander's ex girlfriend,Chander,Directed,1,71,Knows
145,7,Chegga & Ksyusha's mother,Ksyusha/Ksenia Adukanov,Directed,1,71,Knows
7,176,Ksyusha/Ksenia Adukanov,Chander,Directed,1,71,Exchange
7,182,Ksyusha/Ksenia Adukanov,Chander's ex girlfriend,Directed,1,71,Knows of
7,145,Ksyusha/Ksenia Adukanov,Chegga & Ksyusha's mother,Directed,1,71,Knows
7,170,Ksyusha/Ksenia Adukanov,Margarita Anatolyevna,Directed,1,71,Knows
7,9,Ksyusha/Ksenia Adukanov,Ruslan,Directed,1,71,Knows
170,7,Margarita Anatolyevna,Ksyusha/Ksenia Adukanov,Directed,1,71,Knows
9,7,Ruslan,Ksyusha/Ksenia Adukanov,Directed,1,71,Knows
176,182,Chander,Chander's ex girlfriend,Directed,1,72,Knows
176,184,Chander,Chander's ex-girlfirend's friends,Directed,1,72,Exchange
176,183,Chander,Chander's father,Directed,1,72,Knows
176,173,Chander,Chegga & Ksyusha's grandfather,Directed,1,72,Knows of
176,151,Chander,"Ksyusha, Alisa & Chegga's grandmother",Directed,1,72,Knows of
176,7,Chander,Ksyusha/Ksenia Adukanov,Directed,1,72,Exchange
182,176,Chander's ex girlfriend,Chander,Directed,1,72,Knows
184,176,Chander's ex-girlfirend's friends,Chander,Directed,1,72,Exchange
183,176,Chander's father,Chander,Directed,1,72,Knows
156,7,Chegga & Ksyusha's father,Ksyusha/Ksenia Adukanov,Directed,1,72,Knows
173,7,Chegga & Ksyusha's grandfather,Ksyusha/Ksenia Adukanov,Directed,1,72,Knows
145,7,Chegga & Ksyusha's mother,Ksyusha/Ksenia Adukanov,Directed,1,72,Knows
151,176,"Ksyusha, Alisa & Chegga's grandmother",Chander,Directed,1,72,Knows of
151,7,"Ksyusha, Alisa & Chegga's grandmother",Ksyusha/Ksenia Adukanov,Directed,1,72,Knows
7,176,Ksyusha/Ksenia Adukanov,Chander,Directed,1,72,Exchange
7,182,Ksyusha/Ksenia Adukanov,Chander's ex girlfriend,Directed,1,72,Knows of
7,156,Ksyusha/Ksenia Adukanov,Chegga & Ksyusha's father,Directed,1,72,Knows
7,173,Ksyusha/Ksenia Adukanov,Chegga & Ksyusha's grandfather,Directed,1,72,Knows
7,145,Ksyusha/Ksenia Adukanov,Chegga & Ksyusha's mother,Directed,1,72,Knows
7,151,Ksyusha/Ksenia Adukanov,"Ksyusha, Alisa & Chegga's grandmother",Directed,1,72,Knows
7,9,Ksyusha/Ksenia Adukanov,Ruslan,Directed,1,72,Knows
9,7,Ruslan,Ksyusha/Ksenia Adukanov,Directed,1,72,Knows
176,174,Chander,"""city people""",Directed,1,73,Knows
176,6,Chander,Alyona Golosovsky,Directed,1,73,Knows of
176,185,Chander,"Chander's ""neighbours"" (73)",Directed,1,73,Knows
176,182,Chander,Chander's ex girlfriend,Directed,1,73,Knows
176,67,Chander,Kamchatka police,Directed,1,73,Knows of
176,7,Chander,Ksyusha/Ksenia Adukanov,Directed,1,73,Exchange
176,164,Chander,Lilia's Kidnapping/Disappearance,Directed,1,73,Knows of
176,32,Chander,Marina Alexandrovna,Directed,1,73,Knows of
176,128,Chander,Russians (generally??),Directed,1,73,Knows
176,5,Chander,Sophia Golosovsky,Directed,1,73,Knows of
176,57,Chander,the kidnappING,Directed,1,73,Knows of
185,176,"Chander's ""neighbours"" (73)",Chander,Directed,1,73,Knows
182,176,Chander's ex girlfriend,Chander,Directed,1,73,Knows
7,6,Ksyusha/Ksenia Adukanov,Alyona Golosovsky,Directed,1,73,Knows of
7,176,Ksyusha/Ksenia Adukanov,Chander,Directed,1,73,Exchange
7,182,Ksyusha/Ksenia Adukanov,Chander's ex girlfriend,Directed,1,73,Knows of
7,67,Ksyusha/Ksenia Adukanov,Kamchatka police,Directed,1,73,Knows of
7,15,Ksyusha/Ksenia Adukanov,Lilia Solodikova,Directed,1,73,Knows of
7,164,Ksyusha/Ksenia Adukanov,Lilia's Kidnapping/Disappearance,Directed,1,73,Knows of
7,32,Ksyusha/Ksenia Adukanov,Marina Alexandrovna,Directed,1,73,Knows of
7,9,Ksyusha/Ksenia Adukanov,Ruslan,Directed,1,73,Knows
7,128,Ksyusha/Ksenia Adukanov,Russians (generally??),Directed,1,73,Knows
7,5,Ksyusha/Ksenia Adukanov,Sophia Golosovsky,Directed,1,73,Knows of
7,57,Ksyusha/Ksenia Adukanov,the kidnappING,Directed,1,73,Knows of
9,7,Ruslan,Ksyusha/Ksenia Adukanov,Directed,1,73,Knows
188,15,"""the boys in Esso""",Lilia Solodikova,Directed,1,74,Knows
11,176,Alla Innokentevna,Chander,Directed,1,74,Knows of
11,13,Alla Innokentevna,Denis,Directed,1,74,Knows
11,15,Alla Innokentevna,Lilia Solodikova,Directed,1,74,Knows
11,164,Alla Innokentevna,Lilia's Kidnapping/Disappearance,Directed,1,74,Knows of
11,12,Alla Innokentevna,Natasha/Natalia,Directed,1,74,Knows
176,11,Chander,Alla Innokentevna,Directed,1,74,Knows of
176,13,Chander,Denis,Directed,1,74,Knows of
176,7,Chander,Ksyusha/Ksenia Adukanov,Directed,1,74,Exchange
176,15,Chander,Lilia Solodikova,Directed,1,74,Knows of
176,164,Chander,Lilia's Kidnapping/Disappearance,Directed,1,74,Knows of
176,189,Chander,Lilia's father,Directed,1,74,Knows of
176,12,Chander,Natasha/Natalia,Directed,1,74,Knows of
176,46,Chander,Native peoples of Kamchatka,Directed,1,74,Knows of
176,196,Chander,Reindeer herders,Directed,1,74,Knows of
176,57,Chander,the kidnappING,Directed,1,74,Knows of
173,13,Chegga & Ksyusha's grandfather,Denis,Directed,1,74,Knows
173,196,Chegga & Ksyusha's grandfather,Reindeer herders,Directed,1,74,Knows
145,7,Chegga & Ksyusha's mother,Ksyusha/Ksenia Adukanov,Directed,1,74,Knows
8,7,Chegga/Sergei Adukanov,Ksyusha/Ksenia Adukanov,Directed,1,74,Knows
8,15,Chegga/Sergei Adukanov,Lilia Solodikova,Directed,1,74,Knows
8,164,Chegga/Sergei Adukanov,Lilia's Kidnapping/Disappearance,Directed,1,74,Knows of
13,11,Denis,Alla Innokentevna,Directed,1,74,Knows
13,176,Denis,Chander,Directed,1,74,Knows of
13,173,Denis,Chegga & Ksyusha's grandfather,Directed,1,74,Knows
13,151,Denis,"Ksyusha, Alisa & Chegga's grandmother",Directed,1,74,Knows
13,7,Denis,Ksyusha/Ksenia Adukanov,Directed,1,74,Knows
13,15,Denis,Lilia Solodikova,Directed,1,74,Knows
13,164,Denis,Lilia's Kidnapping/Disappearance,Directed,1,74,Knows of
13,12,Denis,Natasha/Natalia,Directed,1,74,Knows
13,196,Denis,Reindeer herders,Directed,1,74,Knows
151,13,"Ksyusha, Alisa & Chegga's grandmother",Denis,Directed,1,74,Knows
151,196,"Ksyusha, Alisa & Chegga's grandmother",Reindeer herders,Directed,1,74,Knows
7,188,Ksyusha/Ksenia Adukanov,"""the boys in Esso""",Directed,1,74,Knows of
7,11,Ksyusha/Ksenia Adukanov,Alla Innokentevna,Directed,1,74,Knows of
7,176,Ksyusha/Ksenia Adukanov,Chander,Directed,1,74,Exchange
7,182,Ksyusha/Ksenia Adukanov,Chander's ex girlfriend,Directed,1,74,Knows of
7,145,Ksyusha/Ksenia Adukanov,Chegga & Ksyusha's mother,Directed,1,74,Knows
7,8,Ksyusha/Ksenia Adukanov,Chegga/Sergei Adukanov,Directed,1,74,Knows
7,13,Ksyusha/Ksenia Adukanov,Denis,Directed,1,74,Knows
7,15,Ksyusha/Ksenia Adukanov,Lilia Solodikova,Directed,1,74,Knows of
7,187,Ksyusha/Ksenia Adukanov,"Lilia's ""classmates"" (74)",Directed,1,74,Knows of
7,164,Ksyusha/Ksenia Adukanov,Lilia's Kidnapping/Disappearance,Directed,1,74,Knows of
7,189,Ksyusha/Ksenia Adukanov,Lilia's father,Directed,1,74,Knows of
7,12,Ksyusha/Ksenia Adukanov,Natasha/Natalia,Directed,1,74,Knows of
7,196,Ksyusha/Ksenia Adukanov,Reindeer herders,Directed,1,74,Knows
7,9,Ksyusha/Ksenia Adukanov,Ruslan,Directed,1,74,Knows
7,57,Ksyusha/Ksenia Adukanov,the kidnappING,Directed,1,74,Knows of
15,188,Lilia Solodikova,"""the boys in Esso""",Directed,1,74,Knows
15,11,Lilia Solodikova,Alla Innokentevna,Directed,1,74,Knows
15,8,Lilia Solodikova,Chegga/Sergei Adukanov,Directed,1,74,Knows
15,13,Lilia Solodikova,Denis,Directed,1,74,Knows
15,187,Lilia Solodikova,"Lilia's ""classmates"" (74)",Directed,1,74,Knows
15,189,Lilia Solodikova,Lilia's father,Directed,1,74,Knows
15,12,Lilia Solodikova,Natasha/Natalia,Directed,1,74,Knows
187,15,"Lilia's ""classmates"" (74)",Lilia Solodikova,Directed,1,74,Knows
189,15,Lilia's father,Lilia Solodikova,Directed,1,74,Knows
12,11,Natasha/Natalia,Alla Innokentevna,Directed,1,74,Knows
12,13,Natasha/Natalia,Denis,Directed,1,74,Knows
12,15,Natasha/Natalia,Lilia Solodikova,Directed,1,74,Knows
12,164,Natasha/Natalia,Lilia's Kidnapping/Disappearance,Directed,1,74,Knows of
196,173,Reindeer herders,Chegga & Ksyusha's grandfather,Directed,1,74,Knows
196,13,Reindeer herders,Denis,Directed,1,74,Knows
196,151,Reindeer herders,"Ksyusha, Alisa & Chegga's grandmother",Directed,1,74,Knows
196,7,Reindeer herders,Ksyusha/Ksenia Adukanov,Directed,1,74,Knows
9,7,Ruslan,Ksyusha/Ksenia Adukanov,Directed,1,74,Knows
9,15,Ruslan,Lilia Solodikova,Directed,1,74,Knows of
9,164,Ruslan,Lilia's Kidnapping/Disappearance,Directed,1,74,Knows of
176,6,Chander,Alyona Golosovsky,Directed,1,75,Knows of
176,163,Chander,Esso Police/Village Officers,Directed,1,75,Knows of
176,7,Chander,Ksyusha/Ksenia Adukanov,Directed,1,75,Exchange
176,164,Chander,Lilia's Kidnapping/Disappearance,Directed,1,75,Knows of
176,5,Chander,Sophia Golosovsky,Directed,1,75,Knows of
176,112,Chander,civilian search party,Directed,1,75,Knows of
176,56,Chander,the kidnappER,Directed,1,75,Knows of
176,57,Chander,the kidnappING,Directed,1,75,Knows of
163,15,Esso Police/Village Officers,Lilia Solodikova,Directed,1,75,Knows of
163,164,Esso Police/Village Officers,Lilia's Kidnapping/Disappearance,Directed,1,75,Knows of
7,6,Ksyusha/Ksenia Adukanov,Alyona Golosovsky,Directed,1,75,Knows of
7,176,Ksyusha/Ksenia Adukanov,Chander,Directed,1,75,Exchange
7,15,Ksyusha/Ksenia Adukanov,Lilia Solodikova,Directed,1,75,Knows of
7,164,Ksyusha/Ksenia Adukanov,Lilia's Kidnapping/Disappearance,Directed,1,75,Knows of
7,46,Ksyusha/Ksenia Adukanov,Native peoples of Kamchatka,Directed,1,75,Knows of
7,191,Ksyusha/Ksenia Adukanov,News reporters,Directed,1,75,Knows of
7,9,Ksyusha/Ksenia Adukanov,Ruslan,Directed,1,75,Knows
7,5,Ksyusha/Ksenia Adukanov,Sophia Golosovsky,Directed,1,75,Knows of
7,57,Ksyusha/Ksenia Adukanov,the kidnappING,Directed,1,75,Knows of
191,6,News reporters,Alyona Golosovsky,Directed,1,75,Knows of
191,5,News reporters,Sophia Golosovsky,Directed,1,75,Knows of
191,57,News reporters,the kidnappING,Directed,1,75,Knows of
9,7,Ruslan,Ksyusha/Ksenia Adukanov,Directed,1,75,Knows
9,164,Ruslan,Lilia's Kidnapping/Disappearance,Directed,1,75,Knows of
193,7,"""the neighbours they knew"" (Kysusha & Ruslan)",Ksyusha/Ksenia Adukanov,Directed,1,76,Knows
193,9,"""the neighbours they knew"" (Kysusha & Ruslan)",Ruslan,Directed,1,76,Knows
143,150,Alisa,Alisa's friends,Directed,1,76,Knows
143,7,Alisa,Ksyusha/Ksenia Adukanov,Directed,1,76,Exchange
150,143,Alisa's friends,Alisa,Directed,1,76,Knows
176,7,Chander,Ksyusha/Ksenia Adukanov,Directed,1,76,Knows
7,193,Ksyusha/Ksenia Adukanov,"""the neighbours they knew"" (Kysusha & Ruslan)",Directed,1,76,Knows
7,143,Ksyusha/Ksenia Adukanov,Alisa,Directed,1,76,Exchange
7,150,Ksyusha/Ksenia Adukanov,Alisa's friends,Directed,1,76,Knows of
7,176,Ksyusha/Ksenia Adukanov,Chander,Directed,1,76,Knows
7,158,Ksyusha/Ksenia Adukanov,Koryak indigenous peoples,Directed,1,76,Knows of
7,9,Ksyusha/Ksenia Adukanov,Ruslan,Directed,1,76,Knows
9,193,Ruslan,"""the neighbours they knew"" (Kysusha & Ruslan)",Directed,1,76,Knows
9,7,Ruslan,Ksyusha/Ksenia Adukanov,Directed,1,76,Knows
143,176,Alisa,Chander,Directed,1,77,Knows
143,7,Alisa,Ksyusha/Ksenia Adukanov,Directed,1,77,Knows
176,143,Chander,Alisa,Directed,1,77,Knows
176,7,Chander,Ksyusha/Ksenia Adukanov,Directed,1,77,Exchange
176,170,Chander,Margarita Anatolyevna,Directed,1,77,Knows
7,143,Ksyusha/Ksenia Adukanov,Alisa,Directed,1,77,Knows
7,176,Ksyusha/Ksenia Adukanov,Chander,Directed,1,77,Exchange
7,170,Ksyusha/Ksenia Adukanov,Margarita Anatolyevna,Directed,1,77,Knows
7,9,Ksyusha/Ksenia Adukanov,Ruslan,Directed,1,77,Exchange
170,176,Margarita Anatolyevna,Chander,Directed,1,77,Knows
170,7,Margarita Anatolyevna,Ksyusha/Ksenia Adukanov,Directed,1,77,Knows
170,171,Margarita Anatolyevna,The dance troupe,Directed,1,77,Exchange
9,7,Ruslan,Ksyusha/Ksenia Adukanov,Directed,1,77,Exchange
171,170,The dance troupe,Margarita Anatolyevna,Directed,1,77,Exchange
143,176,Alisa,Chander,Directed,1,78,Knows
143,7,Alisa,Ksyusha/Ksenia Adukanov,Directed,1,78,Exchange
176,143,Chander,Alisa,Directed,1,78,Knows
176,7,Chander,Ksyusha/Ksenia Adukanov,Directed,1,78,Exchange
176,170,Chander,Margarita Anatolyevna,Directed,1,78,Knows
176,9,Chander,Ruslan,Directed,1,78,Knows of
7,143,Ksyusha/Ksenia Adukanov,Alisa,Directed,1,78,Exchange
7,176,Ksyusha/Ksenia Adukanov,Chander,Directed,1,78,Exchange
7,170,Ksyusha/Ksenia Adukanov,Margarita Anatolyevna,Directed,1,78,Knows
7,9,Ksyusha/Ksenia Adukanov,Ruslan,Directed,1,78,Knows
170,176,Margarita Anatolyevna,Chander,Directed,1,78,Knows
170,7,Margarita Anatolyevna,Ksyusha/Ksenia Adukanov,Directed,1,78,Knows
9,7,Ruslan,Ksyusha/Ksenia Adukanov,Directed,1,78,Knows
176,7,Chander,Ksyusha/Ksenia Adukanov,Directed,1,79,Exchange
156,7,Chegga & Ksyusha's father,Ksyusha/Ksenia Adukanov,Directed,1,79,Knows
145,7,Chegga & Ksyusha's mother,Ksyusha/Ksenia Adukanov,Directed,1,79,Knows
8,7,Chegga/Sergei Adukanov,Ksyusha/Ksenia Adukanov,Directed,1,79,Knows
8,9,Chegga/Sergei Adukanov,Ruslan,Directed,1,79,Knows
7,176,Ksyusha/Ksenia Adukanov,Chander,Directed,1,79,Exchange
7,156,Ksyusha/Ksenia Adukanov,Chegga & Ksyusha's father,Directed,1,79,Knows
7,145,Ksyusha/Ksenia Adukanov,Chegga & Ksyusha's mother,Directed,1,79,Knows
7,8,Ksyusha/Ksenia Adukanov,Chegga/Sergei Adukanov,Directed,1,79,Knows
7,9,Ksyusha/Ksenia Adukanov,Ruslan,Directed,1,79,Knows
9,8,Ruslan,Chegga/Sergei Adukanov,Directed,1,79,Knows
9,7,Ruslan,Ksyusha/Ksenia Adukanov,Directed,1,79,Knows
176,7,Chander,Ksyusha/Ksenia Adukanov,Directed,1,80,Exchange
176,9,Chander,Ruslan,Directed,1,80,Knows of
7,176,Ksyusha/Ksenia Adukanov,Chander,Directed,1,80,Exchange
7,15,Ksyusha/Ksenia Adukanov,Lilia Solodikova,Directed,1,80,Knows of
7,164,Ksyusha/Ksenia Adukanov,Lilia's Kidnapping/Disappearance,Directed,1,80,Knows of
7,9,Ksyusha/Ksenia Adukanov,Ruslan,Directed,1,80,Knows
9,176,Ruslan,Chander,Directed,1,80,Knows of
9,7,Ruslan,Ksyusha/Ksenia Adukanov,Directed,1,80,Knows
176,7,Chander,Ksyusha/Ksenia Adukanov,Directed,1,81,Exchange
156,145,Chegga & Ksyusha's father,Chegga & Ksyusha's mother,Directed,1,81,Knows
156,7,Chegga & Ksyusha's father,Ksyusha/Ksenia Adukanov,Directed,1,81,Knows
145,156,Chegga & Ksyusha's mother,Chegga & Ksyusha's father,Directed,1,81,Knows
145,7,Chegga & Ksyusha's mother,Ksyusha/Ksenia Adukanov,Directed,1,81,Knows
145,196,Chegga & Ksyusha's mother,Reindeer herders,Directed,1,81,Knows
8,7,Chegga/Sergei Adukanov,Ksyusha/Ksenia Adukanov,Directed,1,81,Knows
77,196,Katya's father,Reindeer herders,Directed,1,81,Knows
7,176,Ksyusha/Ksenia Adukanov,Chander,Directed,1,81,Exchange
7,156,Ksyusha/Ksenia Adukanov,Chegga & Ksyusha's father,Directed,1,81,Knows
7,145,Ksyusha/Ksenia Adukanov,Chegga & Ksyusha's mother,Directed,1,81,Knows
7,8,Ksyusha/Ksenia Adukanov,Chegga/Sergei Adukanov,Directed,1,81,Knows
7,196,Ksyusha/Ksenia Adukanov,Reindeer herders,Directed,1,81,Knows
7,9,Ksyusha/Ksenia Adukanov,Ruslan,Directed,1,81,Knows
196,145,Reindeer herders,Chegga & Ksyusha's mother,Directed,1,81,Knows
196,77,Reindeer herders,Katya's father,Directed,1,81,Knows
196,7,Reindeer herders,Ksyusha/Ksenia Adukanov,Directed,1,81,Knows
9,7,Ruslan,Ksyusha/Ksenia Adukanov,Directed,1,81,Knows
197,151,"""kitchen crew""","Ksyusha, Alisa & Chegga's grandmother",Directed,1,82,Knows
197,7,"""kitchen crew""",Ksyusha/Ksenia Adukanov,Directed,1,82,Knows
199,8,"""the men"" (of the reindeer herd)",Chegga/Sergei Adukanov,Directed,1,82,Knows
199,7,"""the men"" (of the reindeer herd)",Ksyusha/Ksenia Adukanov,Directed,1,82,Knows
198,7,"""the women"" (of the reindeer herd)",Ksyusha/Ksenia Adukanov,Directed,1,82,Knows
156,194,Chegga & Ksyusha's father,"""the politicians who were killing the herding indu",Directed,1,82,Knows of
156,173,Chegga & Ksyusha's father,Chegga & Ksyusha's grandfather,Directed,1,82,Knows
156,145,Chegga & Ksyusha's father,Chegga & Ksyusha's mother,Directed,1,82,Knows
156,8,Chegga & Ksyusha's father,Chegga/Sergei Adukanov,Directed,1,82,Knows
156,151,Chegga & Ksyusha's father,"Ksyusha, Alisa & Chegga's grandmother",Directed,1,82,Knows
156,7,Chegga & Ksyusha's father,Ksyusha/Ksenia Adukanov,Directed,1,82,Knows
173,156,Chegga & Ksyusha's grandfather,Chegga & Ksyusha's father,Directed,1,82,Knows
173,145,Chegga & Ksyusha's grandfather,Chegga & Ksyusha's mother,Directed,1,82,Knows
173,7,Chegga & Ksyusha's grandfather,Ksyusha/Ksenia Adukanov,Directed,1,82,Knows
145,194,Chegga & Ksyusha's mother,"""the politicians who were killing the herding indu",Directed,1,82,Knows of
145,156,Chegga & Ksyusha's mother,Chegga & Ksyusha's father,Directed,1,82,Knows
145,173,Chegga & Ksyusha's mother,Chegga & Ksyusha's grandfather,Directed,1,82,Knows
145,8,Chegga & Ksyusha's mother,Chegga/Sergei Adukanov,Directed,1,82,Knows
145,151,Chegga & Ksyusha's mother,"Ksyusha, Alisa & Chegga's grandmother",Directed,1,82,Knows
145,7,Chegga & Ksyusha's mother,Ksyusha/Ksenia Adukanov,Directed,1,82,Knows
145,196,Chegga & Ksyusha's mother,Reindeer herders,Directed,1,82,Knows
8,199,Chegga/Sergei Adukanov,"""the men"" (of the reindeer herd)",Directed,1,82,Knows
8,156,Chegga/Sergei Adukanov,Chegga & Ksyusha's father,Directed,1,82,Knows
8,145,Chegga/Sergei Adukanov,Chegga & Ksyusha's mother,Directed,1,82,Knows
8,151,Chegga/Sergei Adukanov,"Ksyusha, Alisa & Chegga's grandmother",Directed,1,82,Knows
8,7,Chegga/Sergei Adukanov,Ksyusha/Ksenia Adukanov,Directed,1,82,Knows
8,196,Chegga/Sergei Adukanov,Reindeer herders,Directed,1,82,Knows
77,196,Katya's father,Reindeer herders,Directed,1,82,Knows
151,197,"Ksyusha, Alisa & Chegga's grandmother","""kitchen crew""",Directed,1,82,Knows
151,156,"Ksyusha, Alisa & Chegga's grandmother",Chegga & Ksyusha's father,Directed,1,82,Knows
151,145,"Ksyusha, Alisa & Chegga's grandmother",Chegga & Ksyusha's mother,Directed,1,82,Knows
151,8,"Ksyusha, Alisa & Chegga's grandmother",Chegga/Sergei Adukanov,Directed,1,82,Knows
151,7,"Ksyusha, Alisa & Chegga's grandmother",Ksyusha/Ksenia Adukanov,Directed,1,82,Knows
7,197,Ksyusha/Ksenia Adukanov,"""kitchen crew""",Directed,1,82,Knows
7,199,Ksyusha/Ksenia Adukanov,"""the men"" (of the reindeer herd)",Directed,1,82,Knows
7,194,Ksyusha/Ksenia Adukanov,"""the politicians who were killing the herding indu",Directed,1,82,Knows of
7,198,Ksyusha/Ksenia Adukanov,"""the women"" (of the reindeer herd)",Directed,1,82,Knows
7,156,Ksyusha/Ksenia Adukanov,Chegga & Ksyusha's father,Directed,1,82,Knows
7,173,Ksyusha/Ksenia Adukanov,Chegga & Ksyusha's grandfather,Directed,1,82,Knows
7,145,Ksyusha/Ksenia Adukanov,Chegga & Ksyusha's mother,Directed,1,82,Knows
7,8,Ksyusha/Ksenia Adukanov,Chegga/Sergei Adukanov,Directed,1,82,Knows
7,151,Ksyusha/Ksenia Adukanov,"Ksyusha, Alisa & Chegga's grandmother",Directed,1,82,Knows
7,196,Ksyusha/Ksenia Adukanov,Reindeer herders,Directed,1,82,Knows
196,145,Reindeer herders,Chegga & Ksyusha's mother,Directed,1,82,Knows
196,8,Reindeer herders,Chegga/Sergei Adukanov,Directed,1,82,Knows
196,77,Reindeer herders,Katya's father,Directed,1,82,Knows
196,7,Reindeer herders,Ksyusha/Ksenia Adukanov,Directed,1,82,Knows
199,7,"""the men"" (of the reindeer herd)",Ksyusha/Ksenia Adukanov,Directed,1,83,Knows
176,7,Chander,Ksyusha/Ksenia Adukanov,Directed,1,83,Knows
156,7,Chegga & Ksyusha's father,Ksyusha/Ksenia Adukanov,Directed,1,83,Knows
173,7,Chegga & Ksyusha's grandfather,Ksyusha/Ksenia Adukanov,Directed,1,83,Knows
145,7,Chegga & Ksyusha's mother,Ksyusha/Ksenia Adukanov,Directed,1,83,Knows
8,151,Chegga/Sergei Adukanov,"Ksyusha, Alisa & Chegga's grandmother",Directed,1,83,Knows
8,7,Chegga/Sergei Adukanov,Ksyusha/Ksenia Adukanov,Directed,1,83,Knows
8,196,Chegga/Sergei Adukanov,Reindeer herders,Directed,1,83,Knows
151,8,"Ksyusha, Alisa & Chegga's grandmother",Chegga/Sergei Adukanov,Directed,1,83,Knows
151,7,"Ksyusha, Alisa & Chegga's grandmother",Ksyusha/Ksenia Adukanov,Directed,1,83,Knows
7,199,Ksyusha/Ksenia Adukanov,"""the men"" (of the reindeer herd)",Directed,1,83,Knows
7,176,Ksyusha/Ksenia Adukanov,Chander,Directed,1,83,Knows
7,156,Ksyusha/Ksenia Adukanov,Chegga & Ksyusha's father,Directed,1,83,Knows
7,173,Ksyusha/Ksenia Adukanov,Chegga & Ksyusha's grandfather,Directed,1,83,Knows
7,145,Ksyusha/Ksenia Adukanov,Chegga & Ksyusha's mother,Directed,1,83,Knows
7,8,Ksyusha/Ksenia Adukanov,Chegga/Sergei Adukanov,Directed,1,83,Knows
7,151,Ksyusha/Ksenia Adukanov,"Ksyusha, Alisa & Chegga's grandmother",Directed,1,83,Knows
7,10,Ksyusha/Ksenia Adukanov,Nadia/Nadezhda,Directed,1,83,Knows
7,46,Ksyusha/Ksenia Adukanov,Native peoples of Kamchatka,Directed,1,83,Knows
7,196,Ksyusha/Ksenia Adukanov,Reindeer herders,Directed,1,83,Knows
7,9,Ksyusha/Ksenia Adukanov,Ruslan,Directed,1,83,Knows
7,171,Ksyusha/Ksenia Adukanov,The dance troupe,Directed,1,83,Knows
10,7,Nadia/Nadezhda,Ksyusha/Ksenia Adukanov,Directed,1,83,Knows
46,7,Native peoples of Kamchatka,Ksyusha/Ksenia Adukanov,Directed,1,83,Knows
196,8,Reindeer herders,Chegga/Sergei Adukanov,Directed,1,83,Knows
196,7,Reindeer herders,Ksyusha/Ksenia Adukanov,Directed,1,83,Knows
9,7,Ruslan,Ksyusha/Ksenia Adukanov,Directed,1,83,Knows
171,7,The dance troupe,Ksyusha/Ksenia Adukanov,Directed,1,83,Knows
143,6,Alisa,Alyona Golosovsky,Directed,1,84,Knows of
143,7,Alisa,Ksyusha/Ksenia Adukanov,Directed,1,84,Exchange
143,9,Alisa,Ruslan,Directed,1,84,Knows
143,5,Alisa,Sophia Golosovsky,Directed,1,84,Knows of
143,57,Alisa,the kidnappING,Directed,1,84,Knows of
7,143,Ksyusha/Ksenia Adukanov,Alisa,Directed,1,84,Exchange
7,6,Ksyusha/Ksenia Adukanov,Alyona Golosovsky,Directed,1,84,Knows of
7,9,Ksyusha/Ksenia Adukanov,Ruslan,Directed,1,84,Knows
7,5,Ksyusha/Ksenia Adukanov,Sophia Golosovsky,Directed,1,84,Knows of
7,57,Ksyusha/Ksenia Adukanov,the kidnappING,Directed,1,84,Knows of
9,143,Ruslan,Alisa,Directed,1,84,Knows
9,7,Ruslan,Ksyusha/Ksenia Adukanov,Directed,1,84,Knows
203,170,"""the university""",Margarita Anatolyevna,Directed,1,85,Knows
203,171,"""the university""",The dance troupe,Directed,1,85,Knows
143,7,Alisa,Ksyusha/Ksenia Adukanov,Directed,1,85,Knows
143,9,Alisa,Ruslan,Directed,1,85,Knows
143,171,Alisa,The dance troupe,Directed,1,85,Exchange
176,202,Chander,"""other ensembles""",Directed,1,85,Knows of
176,203,Chander,"""the university""",Directed,1,85,Knows of
176,7,Chander,Ksyusha/Ksenia Adukanov,Directed,1,85,Exchange
176,170,Chander,Margarita Anatolyevna,Directed,1,85,Exchange
176,171,Chander,The dance troupe,Directed,1,85,Exchange
7,202,Ksyusha/Ksenia Adukanov,"""other ensembles""",Directed,1,85,Knows of
7,143,Ksyusha/Ksenia Adukanov,Alisa,Directed,1,85,Knows
7,176,Ksyusha/Ksenia Adukanov,Chander,Directed,1,85,Exchange
7,170,Ksyusha/Ksenia Adukanov,Margarita Anatolyevna,Directed,1,85,Knows
7,9,Ksyusha/Ksenia Adukanov,Ruslan,Directed,1,85,Exchange
7,171,Ksyusha/Ksenia Adukanov,The dance troupe,Directed,1,85,Knows
170,203,Margarita Anatolyevna,"""the university""",Directed,1,85,Knows
170,176,Margarita Anatolyevna,Chander,Directed,1,85,Exchange
170,7,Margarita Anatolyevna,Ksyusha/Ksenia Adukanov,Directed,1,85,Knows
170,171,Margarita Anatolyevna,The dance troupe,Directed,1,85,Exchange
9,143,Ruslan,Alisa,Directed,1,85,Knows
9,7,Ruslan,Ksyusha/Ksenia Adukanov,Directed,1,85,Exchange
171,203,The dance troupe,"""the university""",Directed,1,85,Knows
171,143,The dance troupe,Alisa,Directed,1,85,Exchange
171,176,The dance troupe,Chander,Directed,1,85,Exchange
171,7,The dance troupe,Ksyusha/Ksenia Adukanov,Directed,1,85,Knows
171,170,The dance troupe,Margarita Anatolyevna,Directed,1,85,Exchange
204,7,"""anyone else in their families""",Ksyusha/Ksenia Adukanov,Directed,1,86,Knows
143,7,Alisa,Ksyusha/Ksenia Adukanov,Directed,1,86,Knows
143,9,Alisa,Ruslan,Directed,1,86,Knows
176,7,Chander,Ksyusha/Ksenia Adukanov,Directed,1,86,Knows
7,204,Ksyusha/Ksenia Adukanov,"""anyone else in their families""",Directed,1,86,Knows
7,143,Ksyusha/Ksenia Adukanov,Alisa,Directed,1,86,Knows
7,176,Ksyusha/Ksenia Adukanov,Chander,Directed,1,86,Knows
7,9,Ksyusha/Ksenia Adukanov,Ruslan,Directed,1,86,Exchange
7,171,Ksyusha/Ksenia Adukanov,The dance troupe,Directed,1,86,Knows
9,143,Ruslan,Alisa,Directed,1,86,Knows
9,7,Ruslan,Ksyusha/Ksenia Adukanov,Directed,1,86,Exchange
9,171,Ruslan,The dance troupe,Directed,1,86,Knows of
171,7,The dance troupe,Ksyusha/Ksenia Adukanov,Directed,1,86,Knows
143,7,Alisa,Ksyusha/Ksenia Adukanov,Directed,1,87,Exchange
143,9,Alisa,Ruslan,Directed,1,87,Knows
176,7,Chander,Ksyusha/Ksenia Adukanov,Directed,1,87,Exchange
176,171,Chander,The dance troupe,Directed,1,87,Knows
7,143,Ksyusha/Ksenia Adukanov,Alisa,Directed,1,87,Exchange
7,176,Ksyusha/Ksenia Adukanov,Chander,Directed,1,87,Exchange
7,9,Ksyusha/Ksenia Adukanov,Ruslan,Directed,1,87,Knows
7,171,Ksyusha/Ksenia Adukanov,The dance troupe,Directed,1,87,Knows
170,171,Margarita Anatolyevna,The dance troupe,Directed,1,87,Exchange
9,143,Ruslan,Alisa,Directed,1,87,Knows
9,7,Ruslan,Ksyusha/Ksenia Adukanov,Directed,1,87,Knows
171,176,The dance troupe,Chander,Directed,1,87,Knows
171,7,The dance troupe,Ksyusha/Ksenia Adukanov,Directed,1,87,Knows
171,170,The dance troupe,Margarita Anatolyevna,Directed,1,87,Exchange
176,7,Chander,Ksyusha/Ksenia Adukanov,Directed,1,88,Knows
7,176,Ksyusha/Ksenia Adukanov,Chander,Directed,1,88,Knows
7,9,Ksyusha/Ksenia Adukanov,Ruslan,Directed,1,88,Knows
7,171,Ksyusha/Ksenia Adukanov,The dance troupe,Directed,1,88,Knows
9,7,Ruslan,Ksyusha/Ksenia Adukanov,Directed,1,88,Knows
171,7,The dance troupe,Ksyusha/Ksenia Adukanov,Directed,1,88,Knows
143,7,Alisa,Ksyusha/Ksenia Adukanov,Directed,1,89,Exchange
143,9,Alisa,Ruslan,Directed,1,89,Exchange
176,7,Chander,Ksyusha/Ksenia Adukanov,Directed,1,89,Exchange
176,9,Chander,Ruslan,Directed,1,89,Knows of
7,143,Ksyusha/Ksenia Adukanov,Alisa,Directed,1,89,Exchange
7,176,Ksyusha/Ksenia Adukanov,Chander,Directed,1,89,Exchange
7,9,Ksyusha/Ksenia Adukanov,Ruslan,Directed,1,89,Exchange
9,143,Ruslan,Alisa,Directed,1,89,Exchange
9,7,Ruslan,Ksyusha/Ksenia Adukanov,Directed,1,89,Exchange
205,143,"""a girl"" (at dance practice)",Alisa,Directed,1,90,Knows
205,170,"""a girl"" (at dance practice)",Margarita Anatolyevna,Directed,1,90,Exchange
206,207,"""the boys"" (of the dance troupe)","""the other girls"" (of the dance troupe)",Directed,1,90,Knows
206,143,"""the boys"" (of the dance troupe)",Alisa,Directed,1,90,Knows
206,7,"""the boys"" (of the dance troupe)",Ksyusha/Ksenia Adukanov,Directed,1,90,Knows
207,206,"""the other girls"" (of the dance troupe)","""the boys"" (of the dance troupe)",Directed,1,90,Knows
207,143,"""the other girls"" (of the dance troupe)",Alisa,Directed,1,90,Knows
207,7,"""the other girls"" (of the dance troupe)",Ksyusha/Ksenia Adukanov,Directed,1,90,Knows
143,205,Alisa,"""a girl"" (at dance practice)",Directed,1,90,Knows
143,206,Alisa,"""the boys"" (of the dance troupe)",Directed,1,90,Knows
143,207,Alisa,"""the other girls"" (of the dance troupe)",Directed,1,90,Knows
143,7,Alisa,Ksyusha/Ksenia Adukanov,Directed,1,90,Knows
143,170,Alisa,Margarita Anatolyevna,Directed,1,90,Knows
143,178,Alisa,a boy from Achavayam,Directed,1,90,Knows
146,7,Alisa's mother,Ksyusha/Ksenia Adukanov,Directed,1,90,Knows
176,7,Chander,Ksyusha/Ksenia Adukanov,Directed,1,90,Knows
145,7,Chegga & Ksyusha's mother,Ksyusha/Ksenia Adukanov,Directed,1,90,Knows
7,206,Ksyusha/Ksenia Adukanov,"""the boys"" (of the dance troupe)",Directed,1,90,Knows
7,207,Ksyusha/Ksenia Adukanov,"""the other girls"" (of the dance troupe)",Directed,1,90,Knows
7,143,Ksyusha/Ksenia Adukanov,Alisa,Directed,1,90,Knows
7,146,Ksyusha/Ksenia Adukanov,Alisa's mother,Directed,1,90,Knows
7,176,Ksyusha/Ksenia Adukanov,Chander,Directed,1,90,Knows
7,145,Ksyusha/Ksenia Adukanov,Chegga & Ksyusha's mother,Directed,1,90,Knows
7,170,Ksyusha/Ksenia Adukanov,Margarita Anatolyevna,Directed,1,90,Exchange
7,9,Ksyusha/Ksenia Adukanov,Ruslan,Directed,1,90,Exchange
7,171,Ksyusha/Ksenia Adukanov,The dance troupe,Directed,1,90,Knows
7,178,Ksyusha/Ksenia Adukanov,a boy from Achavayam,Directed,1,90,Knows
170,205,Margarita Anatolyevna,"""a girl"" (at dance practice)",Directed,1,90,Exchange
170,143,Margarita Anatolyevna,Alisa,Directed,1,90,Knows
170,7,Margarita Anatolyevna,Ksyusha/Ksenia Adukanov,Directed,1,90,Exchange
170,171,Margarita Anatolyevna,The dance troupe,Directed,1,90,Exchange
170,178,Margarita Anatolyevna,a boy from Achavayam,Directed,1,90,Exchange
9,7,Ruslan,Ksyusha/Ksenia Adukanov,Directed,1,90,Exchange
171,7,The dance troupe,Ksyusha/Ksenia Adukanov,Directed,1,90,Knows
171,170,The dance troupe,Margarita Anatolyevna,Directed,1,90,Exchange
171,178,The dance troupe,a boy from Achavayam,Directed,1,90,Knows
178,143,a boy from Achavayam,Alisa,Directed,1,90,Knows
178,7,a boy from Achavayam,Ksyusha/Ksenia Adukanov,Directed,1,90,Knows
178,170,a boy from Achavayam,Margarita Anatolyevna,Directed,1,90,Exchange
178,171,a boy from Achavayam,The dance troupe,Directed,1,90,Knows
206,207,"""the boys"" (of the dance troupe)","""the other girls"" (of the dance troupe)",Directed,1,91,Knows
206,143,"""the boys"" (of the dance troupe)",Alisa,Directed,1,91,Knows
206,7,"""the boys"" (of the dance troupe)",Ksyusha/Ksenia Adukanov,Directed,1,91,Knows
207,206,"""the other girls"" (of the dance troupe)","""the boys"" (of the dance troupe)",Directed,1,91,Knows
207,143,"""the other girls"" (of the dance troupe)",Alisa,Directed,1,91,Knows
207,7,"""the other girls"" (of the dance troupe)",Ksyusha/Ksenia Adukanov,Directed,1,91,Knows
143,206,Alisa,"""the boys"" (of the dance troupe)",Directed,1,91,Knows
143,207,Alisa,"""the other girls"" (of the dance troupe)",Directed,1,91,Knows
143,7,Alisa,Ksyusha/Ksenia Adukanov,Directed,1,91,Exchange
143,170,Alisa,Margarita Anatolyevna,Directed,1,91,Knows
143,9,Alisa,Ruslan,Directed,1,91,Knows
176,7,Chander,Ksyusha/Ksenia Adukanov,Directed,1,91,Knows
7,206,Ksyusha/Ksenia Adukanov,"""the boys"" (of the dance troupe)",Directed,1,91,Knows
7,207,Ksyusha/Ksenia Adukanov,"""the other girls"" (of the dance troupe)",Directed,1,91,Knows
7,143,Ksyusha/Ksenia Adukanov,Alisa,Directed,1,91,Exchange
7,176,Ksyusha/Ksenia Adukanov,Chander,Directed,1,91,Knows
7,170,Ksyusha/Ksenia Adukanov,Margarita Anatolyevna,Directed,1,91,Knows
7,171,Ksyusha/Ksenia Adukanov,The dance troupe,Directed,1,91,Knows
7,178,Ksyusha/Ksenia Adukanov,a boy from Achavayam,Directed,1,91,Knows
170,143,Margarita Anatolyevna,Alisa,Directed,1,91,Knows
170,7,Margarita Anatolyevna,Ksyusha/Ksenia Adukanov,Directed,1,91,Knows
9,143,Ruslan,Alisa,Directed,1,91,Knows
171,7,The dance troupe,Ksyusha/Ksenia Adukanov,Directed,1,91,Knows
178,7,a boy from Achavayam,Ksyusha/Ksenia Adukanov,Directed,1,91,Knows
206,7,"""the boys"" (of the dance troupe)",Ksyusha/Ksenia Adukanov,Directed,1,92,Knows
143,7,Alisa,Ksyusha/Ksenia Adukanov,Directed,1,92,Knows
143,9,Alisa,Ruslan,Directed,1,92,Knows
176,7,Chander,Ksyusha/Ksenia Adukanov,Directed,1,92,Knows
156,7,Chegga & Ksyusha's father,Ksyusha/Ksenia Adukanov,Directed,1,92,Knows
145,7,Chegga & Ksyusha's mother,Ksyusha/Ksenia Adukanov,Directed,1,92,Knows
8,7,Chegga/Sergei Adukanov,Ksyusha/Ksenia Adukanov,Directed,1,92,Knows
8,9,Chegga/Sergei Adukanov,Ruslan,Directed,1,92,Knows
7,206,Ksyusha/Ksenia Adukanov,"""the boys"" (of the dance troupe)",Directed,1,92,Knows
7,143,Ksyusha/Ksenia Adukanov,Alisa,Directed,1,92,Knows
7,176,Ksyusha/Ksenia Adukanov,Chander,Directed,1,92,Knows
7,156,Ksyusha/Ksenia Adukanov,Chegga & Ksyusha's father,Directed,1,92,Knows
7,145,Ksyusha/Ksenia Adukanov,Chegga & Ksyusha's mother,Directed,1,92,Knows
7,8,Ksyusha/Ksenia Adukanov,Chegga/Sergei Adukanov,Directed,1,92,Knows
7,171,Ksyusha/Ksenia Adukanov,The dance troupe,Directed,1,92,Knows
9,143,Ruslan,Alisa,Directed,1,92,Knows
9,8,Ruslan,Chegga/Sergei Adukanov,Directed,1,92,Knows
171,7,The dance troupe,Ksyusha/Ksenia Adukanov,Directed,1,92,Knows
211,210,"""a few people""","""a guy at the end of the table""",Directed,1,93,Exchange
211,28,"""a few people""",Lada,Directed,1,93,Knows
210,211,"""a guy at the end of the table""","""a few people""",Directed,1,93,Exchange
210,208,"""a guy at the end of the table""",Kristina,Directed,1,93,Exchange
208,210,Kristina,"""a guy at the end of the table""",Directed,1,93,Exchange
208,28,Kristina,Lada,Directed,1,93,Exchange
208,209,Kristina,Masha/Mashenka Zakotnova,Directed,1,93,Knows
28,211,Lada,"""a few people""",Directed,1,93,Knows
28,208,Lada,Kristina,Directed,1,93,Exchange
28,209,Lada,Masha/Mashenka Zakotnova,Directed,1,93,Knows
28,31,Lada,Yegor Gusakov,Directed,1,93,Exchange
209,208,Masha/Mashenka Zakotnova,Kristina,Directed,1,93,Knows
209,28,Masha/Mashenka Zakotnova,Lada,Directed,1,93,Knows
31,28,Yegor Gusakov,Lada,Directed,1,93,Exchange
213,208,"""someone"" (at NYE party)",Kristina,Directed,1,94,Knows
213,28,"""someone"" (at NYE party)",Lada,Directed,1,94,Knows of
208,213,Kristina,"""someone"" (at NYE party)",Directed,1,94,Knows
208,215,Kristina,Kristina's cousin,Directed,1,94,Exchange
208,28,Kristina,Lada,Directed,1,94,Exchange
208,214,Kristina,Masha's parents,Directed,1,94,Knows
208,209,Kristina,Masha/Mashenka Zakotnova,Directed,1,94,Knows
215,208,Kristina's cousin,Kristina,Directed,1,94,Exchange
215,28,Kristina's cousin,Lada,Directed,1,94,Knows
28,213,Lada,"""someone"" (at NYE party)",Directed,1,94,Knows of
28,208,Lada,Kristina,Directed,1,94,Exchange
28,215,Lada,Kristina's cousin,Directed,1,94,Knows
28,214,Lada,Masha's parents,Directed,1,94,Knows
28,209,Lada,Masha/Mashenka Zakotnova,Directed,1,94,Knows
28,31,Lada,Yegor Gusakov,Directed,1,94,Exchange
214,208,Masha's parents,Kristina,Directed,1,94,Knows
214,28,Masha's parents,Lada,Directed,1,94,Knows
214,209,Masha's parents,Masha/Mashenka Zakotnova,Directed,1,94,Knows
209,208,Masha/Mashenka Zakotnova,Kristina,Directed,1,94,Knows
209,28,Masha/Mashenka Zakotnova,Lada,Directed,1,94,Knows
209,214,Masha/Mashenka Zakotnova,Masha's parents,Directed,1,94,Knows
31,28,Yegor Gusakov,Lada,Directed,1,94,Exchange
208,356,Kristina,Kristina's father,Directed,1,95,Knows
208,355,Kristina,Kristina's mother,Directed,1,95,Knows
208,28,Kristina,Lada,Directed,1,95,Exchange
208,217,Kristina,"Masha's girlfriend/""roommate""",Directed,1,95,Knows of
208,209,Kristina,Masha/Mashenka Zakotnova,Directed,1,95,Knows
356,208,Kristina's father,Kristina,Directed,1,95,Knows
356,28,Kristina's father,Lada,Directed,1,95,Knows
355,208,Kristina's mother,Kristina,Directed,1,95,Knows
355,28,Kristina's mother,Lada,Directed,1,95,Knows
28,208,Lada,Kristina,Directed,1,95,Exchange
28,356,Lada,Kristina's father,Directed,1,95,Knows
28,355,Lada,Kristina's mother,Directed,1,95,Knows
28,354,Lada,Lada's father,Directed,1,95,Knows
28,298,Lada,Lada's mother,Directed,1,95,Knows
28,217,Lada,"Masha's girlfriend/""roommate""",Directed,1,95,Knows of
28,209,Lada,Masha/Mashenka Zakotnova,Directed,1,95,Knows
28,220,Lada,Sherlock Holmes,Directed,1,95,Knows of
354,28,Lada's father,Lada,Directed,1,95,Knows
298,28,Lada's mother,Lada,Directed,1,95,Knows
217,209,"Masha's girlfriend/""roommate""",Masha/Mashenka Zakotnova,Directed,1,95,Knows
209,208,Masha/Mashenka Zakotnova,Kristina,Directed,1,95,Knows
209,28,Masha/Mashenka Zakotnova,Lada,Directed,1,95,Knows
209,217,Masha/Mashenka Zakotnova,"Masha's girlfriend/""roommate""",Directed,1,95,Knows
209,220,Masha/Mashenka Zakotnova,Sherlock Holmes,Directed,1,95,Knows of
28,354,Lada,Lada's father,Directed,1,96,Knows
28,298,Lada,Lada's mother,Directed,1,96,Knows
28,209,Lada,Masha/Mashenka Zakotnova,Directed,1,96,Knows
28,220,Lada,Sherlock Holmes,Directed,1,96,Knows of
28,287,Lada,Tolik,Directed,1,96,Knows
28,380,Lada,Watson,Directed,1,96,Knows of
28,31,Lada,Yegor Gusakov,Directed,1,96,Exchange
28,288,Lada,Yegor's uncle,Directed,1,96,Knows of
354,28,Lada's father,Lada,Directed,1,96,Knows
298,28,Lada's mother,Lada,Directed,1,96,Knows
209,28,Masha/Mashenka Zakotnova,Lada,Directed,1,96,Knows
209,220,Masha/Mashenka Zakotnova,Sherlock Holmes,Directed,1,96,Knows of
209,380,Masha/Mashenka Zakotnova,Watson,Directed,1,96,Knows of
287,31,Tolik,Yegor Gusakov,Directed,1,96,Knows
287,288,Tolik,Yegor's uncle,Directed,1,96,Knows
31,28,Yegor Gusakov,Lada,Directed,1,96,Exchange
31,354,Yegor Gusakov,Lada's father,Directed,1,96,Knows of
31,298,Yegor Gusakov,Lada's mother,Directed,1,96,Knows of
31,287,Yegor Gusakov,Tolik,Directed,1,96,Knows
31,288,Yegor Gusakov,Yegor's uncle,Directed,1,96,Knows
288,287,Yegor's uncle,Tolik,Directed,1,96,Knows
288,31,Yegor's uncle,Yegor Gusakov,Directed,1,96,Knows
292,28,"""another five [people in the sauna]""",Lada,Directed,1,97,Knows of
294,208,"""the group"" (friends at NYE party)",Kristina,Directed,1,97,Exchange
17,28,Kolya/Nikolai Danilovich / Lieutenant Ryakhovsky,Lada,Directed,1,97,Knows of
17,18,Kolya/Nikolai Danilovich / Lieutenant Ryakhovsky,Zoya,Directed,1,97,Knows
208,294,Kristina,"""the group"" (friends at NYE party)",Directed,1,97,Exchange
208,289,Kristina,Kristina's boyfriend,Directed,1,97,Knows
208,28,Kristina,Lada,Directed,1,97,Knows
208,18,Kristina,Zoya,Directed,1,97,Knows
208,290,Kristina,"a girl ""from Lada and Kristina's graduating class""",Directed,1,97,Knows
289,208,Kristina's boyfriend,Kristina,Directed,1,97,Knows
289,28,Kristina's boyfriend,Lada,Directed,1,97,Knows
215,28,Kristina's cousin,Lada,Directed,1,97,Knows
28,292,Lada,"""another five [people in the sauna]""",Directed,1,97,Knows of
28,6,Lada,Alyona Golosovsky,Directed,1,97,Knows of
28,17,Lada,Kolya/Nikolai Danilovich / Lieutenant Ryakhovsky,Directed,1,97,Knows of
28,208,Lada,Kristina,Directed,1,97,Knows
28,289,Lada,Kristina's boyfriend,Directed,1,97,Knows
28,215,Lada,Kristina's cousin,Directed,1,97,Knows
28,293,Lada,Masha's mother,Directed,1,97,Knows
28,209,Lada,Masha/Mashenka Zakotnova,Directed,1,97,Knows
28,5,Lada,Sophia Golosovsky,Directed,1,97,Knows of
28,31,Lada,Yegor Gusakov,Directed,1,97,Exchange
28,18,Lada,Zoya,Directed,1,97,Knows
28,290,Lada,"a girl ""from Lada and Kristina's graduating class""",Directed,1,97,Knows
28,57,Lada,the kidnappING,Directed,1,97,Knows of
293,28,Masha's mother,Lada,Directed,1,97,Knows
293,209,Masha's mother,Masha/Mashenka Zakotnova,Directed,1,97,Knows
209,28,Masha/Mashenka Zakotnova,Lada,Directed,1,97,Knows
209,293,Masha/Mashenka Zakotnova,Masha's mother,Directed,1,97,Knows
31,28,Yegor Gusakov,Lada,Directed,1,97,Exchange
18,17,Zoya,Kolya/Nikolai Danilovich / Lieutenant Ryakhovsky,Directed,1,97,Knows
18,208,Zoya,Kristina,Directed,1,97,Knows
18,28,Zoya,Lada,Directed,1,97,Knows
290,208,"a girl ""from Lada and Kristina's graduating class""",Kristina,Directed,1,97,Knows
290,28,"a girl ""from Lada and Kristina's graduating class""",Lada,Directed,1,97,Knows
302,208,"""a boy on the dance floor""",Kristina,Directed,1,98,Knows
300,209,"""one of the girls"" (at NYE party)",Masha/Mashenka Zakotnova,Directed,1,98,Exchange
301,28,"""somebody in [the sauna]""",Lada,Directed,1,98,Knows of
299,208,"""someone"" (also at NYE party)",Kristina,Directed,1,98,Exchange
299,209,"""someone"" (also at NYE party)",Masha/Mashenka Zakotnova,Directed,1,98,Exchange
294,208,"""the group"" (friends at NYE party)",Kristina,Directed,1,98,Exchange
297,208,Andryukha,Kristina,Directed,1,98,Knows
297,28,Andryukha,Lada,Directed,1,98,Knows
296,208,Ira,Kristina,Directed,1,98,Knows
296,28,Ira,Lada,Directed,1,98,Knows
17,208,Kolya/Nikolai Danilovich / Lieutenant Ryakhovsky,Kristina,Directed,1,98,Knows
17,28,Kolya/Nikolai Danilovich / Lieutenant Ryakhovsky,Lada,Directed,1,98,Knows
17,209,Kolya/Nikolai Danilovich / Lieutenant Ryakhovsky,Masha/Mashenka Zakotnova,Directed,1,98,Exchange
208,302,Kristina,"""a boy on the dance floor""",Directed,1,98,Knows
208,299,Kristina,"""someone"" (also at NYE party)",Directed,1,98,Exchange
208,294,Kristina,"""the group"" (friends at NYE party)",Directed,1,98,Exchange
208,297,Kristina,Andryukha,Directed,1,98,Knows
208,296,Kristina,Ira,Directed,1,98,Knows
208,17,Kristina,Kolya/Nikolai Danilovich / Lieutenant Ryakhovsky,Directed,1,98,Knows
208,28,Kristina,Lada,Directed,1,98,Knows
208,209,Kristina,Masha/Mashenka Zakotnova,Directed,1,98,Exchange
208,287,Kristina,Tolik,Directed,1,98,Knows
208,295,Kristina,Volodya,Directed,1,98,Knows
208,31,Kristina,Yegor Gusakov,Directed,1,98,Knows
208,18,Kristina,Zoya,Directed,1,98,Knows
28,302,Lada,"""a boy on the dance floor""",Directed,1,98,Knows of
28,301,Lada,"""somebody in [the sauna]""",Directed,1,98,Knows of
28,297,Lada,Andryukha,Directed,1,98,Knows
28,296,Lada,Ira,Directed,1,98,Knows
28,17,Lada,Kolya/Nikolai Danilovich / Lieutenant Ryakhovsky,Directed,1,98,Knows
28,208,Lada,Kristina,Directed,1,98,Knows
28,209,Lada,Masha/Mashenka Zakotnova,Directed,1,98,Exchange
28,287,Lada,Tolik,Directed,1,98,Knows
28,295,Lada,Volodya,Directed,1,98,Knows
28,31,Lada,Yegor Gusakov,Directed,1,98,Knows
28,18,Lada,Zoya,Directed,1,98,Knows
298,209,Lada's mother,Masha/Mashenka Zakotnova,Directed,1,98,Knows
209,300,Masha/Mashenka Zakotnova,"""one of the girls"" (at NYE party)",Directed,1,98,Exchange
209,299,Masha/Mashenka Zakotnova,"""someone"" (also at NYE party)",Directed,1,98,Exchange
209,17,Masha/Mashenka Zakotnova,Kolya/Nikolai Danilovich / Lieutenant Ryakhovsky,Directed,1,98,Exchange
209,208,Masha/Mashenka Zakotnova,Kristina,Directed,1,98,Exchange
209,28,Masha/Mashenka Zakotnova,Lada,Directed,1,98,Exchange
209,298,Masha/Mashenka Zakotnova,Lada's mother,Directed,1,98,Knows
287,208,Tolik,Kristina,Directed,1,98,Knows
287,28,Tolik,Lada,Directed,1,98,Knows
295,208,Volodya,Kristina,Directed,1,98,Knows
295,28,Volodya,Lada,Directed,1,98,Knows
31,208,Yegor Gusakov,Kristina,Directed,1,98,Knows
31,28,Yegor Gusakov,Lada,Directed,1,98,Knows
18,208,Zoya,Kristina,Directed,1,98,Knows
18,28,Zoya,Lada,Directed,1,98,Knows
303,28,"""a girl Lada didn't know""",Lada,Directed,1,99,Exchange
292,28,"""another five [people in the sauna]""",Lada,Directed,1,99,Knows of
304,289,Kostya,Kristina's boyfriend,Directed,1,99,Knows
304,28,Kostya,Lada,Directed,1,99,Knows
208,289,Kristina,Kristina's boyfriend,Directed,1,99,Knows
208,215,Kristina,Kristina's cousin,Directed,1,99,Exchange
208,28,Kristina,Lada,Directed,1,99,Knows
208,31,Kristina,Yegor Gusakov,Directed,1,99,Exchange
289,304,Kristina's boyfriend,Kostya,Directed,1,99,Knows
289,208,Kristina's boyfriend,Kristina,Directed,1,99,Knows
289,28,Kristina's boyfriend,Lada,Directed,1,99,Knows
289,209,Kristina's boyfriend,Masha/Mashenka Zakotnova,Directed,1,99,Exchange
215,208,Kristina's cousin,Kristina,Directed,1,99,Exchange
215,28,Kristina's cousin,Lada,Directed,1,99,Knows
215,31,Kristina's cousin,Yegor Gusakov,Directed,1,99,Exchange
28,303,Lada,"""a girl Lada didn't know""",Directed,1,99,Exchange
28,292,Lada,"""another five [people in the sauna]""",Directed,1,99,Knows of
28,304,Lada,Kostya,Directed,1,99,Knows
28,208,Lada,Kristina,Directed,1,99,Knows
28,289,Lada,Kristina's boyfriend,Directed,1,99,Knows
28,215,Lada,Kristina's cousin,Directed,1,99,Knows
28,209,Lada,Masha/Mashenka Zakotnova,Directed,1,99,Exchange
28,31,Lada,Yegor Gusakov,Directed,1,99,Knows
209,304,Masha/Mashenka Zakotnova,Kostya,Directed,1,99,Knows of
209,289,Masha/Mashenka Zakotnova,Kristina's boyfriend,Directed,1,99,Exchange
209,28,Masha/Mashenka Zakotnova,Lada,Directed,1,99,Exchange
209,31,Masha/Mashenka Zakotnova,Yegor Gusakov,Directed,1,99,Exchange
31,208,Yegor Gusakov,Kristina,Directed,1,99,Exchange
31,215,Yegor Gusakov,Kristina's cousin,Directed,1,99,Exchange
31,28,Yegor Gusakov,Lada,Directed,1,99,Knows
31,209,Yegor Gusakov,Masha/Mashenka Zakotnova,Directed,1,99,Exchange
208,28,Kristina,Lada,Directed,1,100,Knows
208,31,Kristina,Yegor Gusakov,Directed,1,100,Exchange
215,209,Kristina's cousin,Masha/Mashenka Zakotnova,Directed,1,100,Exchange
215,31,Kristina's cousin,Yegor Gusakov,Directed,1,100,Exchange
28,208,Lada,Kristina,Directed,1,100,Knows
28,209,Lada,Masha/Mashenka Zakotnova,Directed,1,100,Exchange
28,31,Lada,Yegor Gusakov,Directed,1,100,Exchange
209,215,Masha/Mashenka Zakotnova,Kristina's cousin,Directed,1,100,Exchange
209,28,Masha/Mashenka Zakotnova,Lada,Directed,1,100,Exchange
31,208,Yegor Gusakov,Kristina,Directed,1,100,Exchange
31,215,Yegor Gusakov,Kristina's cousin,Directed,1,100,Exchange
31,28,Yegor Gusakov,Lada,Directed,1,100,Exchange
208,28,Kristina,Lada,Directed,1,101,Knows
208,321,Kristina,Masha's family,Directed,1,101,Knows
208,209,Kristina,Masha/Mashenka Zakotnova,Directed,1,101,Exchange
208,322,Kristina,Vanya,Directed,1,101,Knows
215,209,Kristina's cousin,Masha/Mashenka Zakotnova,Directed,1,101,Exchange
215,322,Kristina's cousin,Vanya,Directed,1,101,Knows of
28,208,Lada,Kristina,Directed,1,101,Knows
28,214,Lada,Masha's parents,Directed,1,101,Knows
28,209,Lada,Masha/Mashenka Zakotnova,Directed,1,101,Exchange
28,322,Lada,Vanya,Directed,1,101,Knows
321,208,Masha's family,Kristina,Directed,1,101,Knows
321,209,Masha's family,Masha/Mashenka Zakotnova,Directed,1,101,Knows
214,28,Masha's parents,Lada,Directed,1,101,Knows
214,322,Masha's parents,Vanya,Directed,1,101,Knows
209,208,Masha/Mashenka Zakotnova,Kristina,Directed,1,101,Exchange
209,215,Masha/Mashenka Zakotnova,Kristina's cousin,Directed,1,101,Exchange
209,28,Masha/Mashenka Zakotnova,Lada,Directed,1,101,Exchange
209,321,Masha/Mashenka Zakotnova,Masha's family,Directed,1,101,Knows
209,322,Masha/Mashenka Zakotnova,Vanya,Directed,1,101,Knows
322,208,Vanya,Kristina,Directed,1,101,Knows
322,215,Vanya,Kristina's cousin,Directed,1,101,Knows of
322,28,Vanya,Lada,Directed,1,101,Knows
322,214,Vanya,Masha's parents,Directed,1,101,Knows
322,209,Vanya,Masha/Mashenka Zakotnova,Directed,1,101,Knows
208,289,Kristina,Kristina's boyfriend,Directed,1,102,Exchange
208,215,Kristina,Kristina's cousin,Directed,1,102,Exchange
208,28,Kristina,Lada,Directed,1,102,Exchange
208,209,Kristina,Masha/Mashenka Zakotnova,Directed,1,102,Exchange
208,322,Kristina,Vanya,Directed,1,102,Knows
208,31,Kristina,Yegor Gusakov,Directed,1,102,Exchange
289,208,Kristina's boyfriend,Kristina,Directed,1,102,Exchange
215,323,Kristina's cousin,"""Kamchatka men""",Directed,1,102,Knows of
215,208,Kristina's cousin,Kristina,Directed,1,102,Exchange
215,209,Kristina's cousin,Masha/Mashenka Zakotnova,Directed,1,102,Exchange
28,323,Lada,"""Kamchatka men""",Directed,1,102,Knows of
28,208,Lada,Kristina,Directed,1,102,Exchange
28,31,Lada,Yegor Gusakov,Directed,1,102,Exchange
209,323,Masha/Mashenka Zakotnova,"""Kamchatka men""",Directed,1,102,Knows of
209,208,Masha/Mashenka Zakotnova,Kristina,Directed,1,102,Exchange
209,215,Masha/Mashenka Zakotnova,Kristina's cousin,Directed,1,102,Exchange
209,322,Masha/Mashenka Zakotnova,Vanya,Directed,1,102,Knows
322,208,Vanya,Kristina,Directed,1,102,Knows
322,209,Vanya,Masha/Mashenka Zakotnova,Directed,1,102,Knows
31,208,Yegor Gusakov,Kristina,Directed,1,102,Exchange
31,28,Yegor Gusakov,Lada,Directed,1,102,Exchange
208,215,Kristina,Kristina's cousin,Directed,1,103,Exchange
208,28,Kristina,Lada,Directed,1,103,Exchange
208,209,Kristina,Masha/Mashenka Zakotnova,Directed,1,103,Exchange
208,324,Kristina,lesbians,Directed,1,103,Knows of
215,208,Kristina's cousin,Kristina,Directed,1,103,Exchange
215,28,Kristina's cousin,Lada,Directed,1,103,Exchange
215,209,Kristina's cousin,Masha/Mashenka Zakotnova,Directed,1,103,Exchange
215,324,Kristina's cousin,lesbians,Directed,1,103,Knows of
28,208,Lada,Kristina,Directed,1,103,Exchange
28,215,Lada,Kristina's cousin,Directed,1,103,Exchange
28,209,Lada,Masha/Mashenka Zakotnova,Directed,1,103,Exchange
28,220,Lada,Sherlock Holmes,Directed,1,103,Knows of
28,31,Lada,Yegor Gusakov,Directed,1,103,Exchange
28,324,Lada,lesbians,Directed,1,103,Knows of
209,208,Masha/Mashenka Zakotnova,Kristina,Directed,1,103,Exchange
209,215,Masha/Mashenka Zakotnova,Kristina's cousin,Directed,1,103,Exchange
209,28,Masha/Mashenka Zakotnova,Lada,Directed,1,103,Exchange
209,324,Masha/Mashenka Zakotnova,lesbians,Directed,1,103,Knows of
31,28,Yegor Gusakov,Lada,Directed,1,103,Exchange
325,28,"""big familiar men""",Lada,Directed,1,104,Knows
17,28,Kolya/Nikolai Danilovich / Lieutenant Ryakhovsky,Lada,Directed,1,104,Knows
208,28,Kristina,Lada,Directed,1,104,Knows
208,209,Kristina,Masha/Mashenka Zakotnova,Directed,1,104,Knows
215,28,Kristina's cousin,Lada,Directed,1,104,Knows
215,209,Kristina's cousin,Masha/Mashenka Zakotnova,Directed,1,104,Knows
28,325,Lada,"""big familiar men""",Directed,1,104,Knows
28,17,Lada,Kolya/Nikolai Danilovich / Lieutenant Ryakhovsky,Directed,1,104,Knows
28,208,Lada,Kristina,Directed,1,104,Knows
28,215,Lada,Kristina's cousin,Directed,1,104,Knows
28,217,Lada,"Masha's girlfriend/""roommate""",Directed,1,104,Knows of
28,214,Lada,Masha's parents,Directed,1,104,Knows
28,209,Lada,Masha/Mashenka Zakotnova,Directed,1,104,Exchange
217,209,"Masha's girlfriend/""roommate""",Masha/Mashenka Zakotnova,Directed,1,104,Knows
214,28,Masha's parents,Lada,Directed,1,104,Knows
214,209,Masha's parents,Masha/Mashenka Zakotnova,Directed,1,104,Knows
209,208,Masha/Mashenka Zakotnova,Kristina,Directed,1,104,Knows
209,215,Masha/Mashenka Zakotnova,Kristina's cousin,Directed,1,104,Knows
209,28,Masha/Mashenka Zakotnova,Lada,Directed,1,104,Exchange
209,217,Masha/Mashenka Zakotnova,"Masha's girlfriend/""roommate""",Directed,1,104,Knows
209,214,Masha/Mashenka Zakotnova,Masha's parents,Directed,1,104,Knows
294,28,"""the group"" (friends at NYE party)",Lada,Directed,1,105,Knows
28,326,Lada,"""one person up the Okhotsk coast""",Directed,1,105,Knows of
28,294,Lada,"""the group"" (friends at NYE party)",Directed,1,105,Knows
28,6,Lada,Alyona Golosovsky,Directed,1,105,Knows of
28,209,Lada,Masha/Mashenka Zakotnova,Directed,1,105,Exchange
28,5,Lada,Sophia Golosovsky,Directed,1,105,Knows of
28,57,Lada,the kidnappING,Directed,1,105,Knows of
209,28,Masha/Mashenka Zakotnova,Lada,Directed,1,105,Exchange
215,28,Kristina's cousin,Lada,Directed,1,106,Knows
28,215,Lada,Kristina's cousin,Directed,1,106,Knows
28,209,Lada,Masha/Mashenka Zakotnova,Directed,1,106,Exchange
28,31,Lada,Yegor Gusakov,Directed,1,106,Knows
209,28,Masha/Mashenka Zakotnova,Lada,Directed,1,106,Exchange
31,28,Yegor Gusakov,Lada,Directed,1,106,Knows
11,12,Alla Innokentevna,Natasha/Natalia,Directed,1,107,Knows
13,92,Denis,Aliens,Directed,1,107,Knows of
13,12,Denis,Natasha/Natalia,Directed,1,107,Exchange
13,91,Denis,Travis Walton,Directed,1,107,Knows of
19,12,Lev,Natasha/Natalia,Directed,1,107,Knows
12,92,Natasha/Natalia,Aliens,Directed,1,107,Knows of
12,11,Natasha/Natalia,Alla Innokentevna,Directed,1,107,Knows
12,13,Natasha/Natalia,Denis,Directed,1,107,Exchange
12,19,Natasha/Natalia,Lev,Directed,1,107,Knows
12,91,Natasha/Natalia,Travis Walton,Directed,1,107,Knows of
12,21,Natasha/Natalia,Yulka/Yulia,Directed,1,107,Knows
21,12,Yulka/Yulia,Natasha/Natalia,Directed,1,107,Knows
11,13,Alla Innokentevna,Denis,Directed,1,108,Knows
11,94,Alla Innokentevna,Jack London,Directed,1,108,Knows of
11,19,Alla Innokentevna,Lev,Directed,1,108,Exchange
11,12,Alla Innokentevna,Natasha/Natalia,Directed,1,108,Exchange
11,21,Alla Innokentevna,Yulka/Yulia,Directed,1,108,Exchange
13,92,Denis,Aliens,Directed,1,108,Knows of
13,11,Denis,Alla Innokentevna,Directed,1,108,Knows
13,19,Denis,Lev,Directed,1,108,Exchange
13,93,Denis,Minister of Defense,Directed,1,108,Knows of
13,12,Denis,Natasha/Natalia,Directed,1,108,Exchange
13,21,Denis,Yulka/Yulia,Directed,1,108,Knows
19,11,Lev,Alla Innokentevna,Directed,1,108,Exchange
19,13,Lev,Denis,Directed,1,108,Exchange
19,94,Lev,Jack London,Directed,1,108,Knows of
19,12,Lev,Natasha/Natalia,Directed,1,108,Knows
19,21,Lev,Yulka/Yulia,Directed,1,108,Exchange
93,92,Minister of Defense,Aliens,Directed,1,108,Knows of
12,92,Natasha/Natalia,Aliens,Directed,1,108,Knows of
12,11,Natasha/Natalia,Alla Innokentevna,Directed,1,108,Exchange
12,13,Natasha/Natalia,Denis,Directed,1,108,Exchange
12,94,Natasha/Natalia,Jack London,Directed,1,108,Knows of
12,19,Natasha/Natalia,Lev,Directed,1,108,Knows
12,93,Natasha/Natalia,Minister of Defense,Directed,1,108,Knows of
12,21,Natasha/Natalia,Yulka/Yulia,Directed,1,108,Knows
21,11,Yulka/Yulia,Alla Innokentevna,Directed,1,108,Exchange
21,13,Yulka/Yulia,Denis,Directed,1,108,Knows
21,94,Yulka/Yulia,Jack London,Directed,1,108,Knows of
21,19,Yulka/Yulia,Lev,Directed,1,108,Exchange
21,12,Yulka/Yulia,Natasha/Natalia,Directed,1,108,Knows
11,19,Alla Innokentevna,Lev,Directed,1,109,Exchange
11,12,Alla Innokentevna,Natasha/Natalia,Directed,1,109,Exchange
11,21,Alla Innokentevna,Yulka/Yulia,Directed,1,109,Exchange
13,92,Denis,Aliens,Directed,1,109,Knows of
13,19,Denis,Lev,Directed,1,109,Exchange
13,15,Denis,Lilia Solodikova,Directed,1,109,Knows
13,164,Denis,Lilia's Kidnapping/Disappearance,Directed,1,109,Knows
13,12,Denis,Natasha/Natalia,Directed,1,109,Exchange
13,21,Denis,Yulka/Yulia,Directed,1,109,Knows
19,11,Lev,Alla Innokentevna,Directed,1,109,Exchange
19,13,Lev,Denis,Directed,1,109,Exchange
19,12,Lev,Natasha/Natalia,Directed,1,109,Knows
19,21,Lev,Yulka/Yulia,Directed,1,109,Exchange
15,92,Lilia Solodikova,Aliens,Directed,1,109,Knows of
15,13,Lilia Solodikova,Denis,Directed,1,109,Knows
15,12,Lilia Solodikova,Natasha/Natalia,Directed,1,109,Knows
12,92,Natasha/Natalia,Aliens,Directed,1,109,Knows of
12,11,Natasha/Natalia,Alla Innokentevna,Directed,1,109,Exchange
12,13,Natasha/Natalia,Denis,Directed,1,109,Exchange
12,19,Natasha/Natalia,Lev,Directed,1,109,Knows
12,15,Natasha/Natalia,Lilia Solodikova,Directed,1,109,Knows
12,164,Natasha/Natalia,Lilia's Kidnapping/Disappearance,Directed,1,109,Knows of
12,21,Natasha/Natalia,Yulka/Yulia,Directed,1,109,Knows
21,11,Yulka/Yulia,Alla Innokentevna,Directed,1,109,Exchange
21,13,Yulka/Yulia,Denis,Directed,1,109,Knows
21,19,Yulka/Yulia,Lev,Directed,1,109,Exchange
21,12,Yulka/Yulia,Natasha/Natalia,Directed,1,109,Knows
11,12,Alla Innokentevna,Natasha/Natalia,Directed,1,110,Exchange
13,92,Denis,Aliens,Directed,1,110,Knows of
13,19,Denis,Lev,Directed,1,110,Exchange
13,12,Denis,Natasha/Natalia,Directed,1,110,Exchange
13,21,Denis,Yulka/Yulia,Directed,1,110,Knows
19,13,Lev,Denis,Directed,1,110,Exchange
19,12,Lev,Natasha/Natalia,Directed,1,110,Knows
19,21,Lev,Yulka/Yulia,Directed,1,110,Exchange
12,92,Natasha/Natalia,Aliens,Directed,1,110,Knows of
12,11,Natasha/Natalia,Alla Innokentevna,Directed,1,110,Exchange
12,13,Natasha/Natalia,Denis,Directed,1,110,Exchange
12,19,Natasha/Natalia,Lev,Directed,1,110,Knows
12,21,Natasha/Natalia,Yulka/Yulia,Directed,1,110,Knows
12,147,Natasha/Natalia,Yuri,Directed,1,110,Exchange
21,13,Yulka/Yulia,Denis,Directed,1,110,Knows
21,19,Yulka/Yulia,Lev,Directed,1,110,Exchange
21,12,Yulka/Yulia,Natasha/Natalia,Directed,1,110,Knows
147,12,Yuri,Natasha/Natalia,Directed,1,110,Exchange
11,13,Alla Innokentevna,Denis,Directed,1,111,Knows
11,12,Alla Innokentevna,Natasha/Natalia,Directed,1,111,Exchange
11,21,Alla Innokentevna,Yulka/Yulia,Directed,1,111,Knows
13,11,Denis,Alla Innokentevna,Directed,1,111,Knows
13,19,Denis,Lev,Directed,1,111,Exchange
13,12,Denis,Natasha/Natalia,Directed,1,111,Exchange
13,21,Denis,Yulka/Yulia,Directed,1,111,Knows
19,13,Lev,Denis,Directed,1,111,Exchange
19,148,Lev,Lev's classmates (111),Directed,1,111,Knows
19,12,Lev,Natasha/Natalia,Directed,1,111,Knows
148,19,Lev's classmates (111),Lev,Directed,1,111,Knows
15,12,Lilia Solodikova,Natasha/Natalia,Directed,1,111,Knows
12,11,Natasha/Natalia,Alla Innokentevna,Directed,1,111,Exchange
12,13,Natasha/Natalia,Denis,Directed,1,111,Exchange
12,19,Natasha/Natalia,Lev,Directed,1,111,Knows
12,15,Natasha/Natalia,Lilia Solodikova,Directed,1,111,Knows
12,21,Natasha/Natalia,Yulka/Yulia,Directed,1,111,Knows
21,11,Yulka/Yulia,Alla Innokentevna,Directed,1,111,Knows
21,13,Yulka/Yulia,Denis,Directed,1,111,Knows
21,12,Yulka/Yulia,Natasha/Natalia,Directed,1,111,Knows
149,12,"""the guys"" (Yuri's friends)",Natasha/Natalia,Directed,1,112,Knows
149,147,"""the guys"" (Yuri's friends)",Yuri,Directed,1,112,Knows
11,12,Alla Innokentevna,Natasha/Natalia,Directed,1,112,Knows
11,147,Alla Innokentevna,Yuri,Directed,1,112,Knows
13,12,Denis,Natasha/Natalia,Directed,1,112,Exchange
19,12,Lev,Natasha/Natalia,Directed,1,112,Knows
19,147,Lev,Yuri,Directed,1,112,Knows
15,12,Lilia Solodikova,Natasha/Natalia,Directed,1,112,Knows
12,149,Natasha/Natalia,"""the guys"" (Yuri's friends)",Directed,1,112,Knows
12,11,Natasha/Natalia,Alla Innokentevna,Directed,1,112,Knows
12,13,Natasha/Natalia,Denis,Directed,1,112,Exchange
12,19,Natasha/Natalia,Lev,Directed,1,112,Knows
12,15,Natasha/Natalia,Lilia Solodikova,Directed,1,112,Knows
12,21,Natasha/Natalia,Yulka/Yulia,Directed,1,112,Knows
12,147,Natasha/Natalia,Yuri,Directed,1,112,Exchange
21,12,Yulka/Yulia,Natasha/Natalia,Directed,1,112,Knows
21,147,Yulka/Yulia,Yuri,Directed,1,112,Knows
147,149,Yuri,"""the guys"" (Yuri's friends)",Directed,1,112,Knows
147,11,Yuri,Alla Innokentevna,Directed,1,112,Knows
147,19,Yuri,Lev,Directed,1,112,Knows
147,12,Yuri,Natasha/Natalia,Directed,1,112,Exchange
147,21,Yuri,Yulka/Yulia,Directed,1,112,Knows
165,164,Airport Security,Lilia's Kidnapping/Disappearance,Directed,1,113,Knows of
165,12,Airport Security,Natasha/Natalia,Directed,1,113,Knows
11,163,Alla Innokentevna,Esso Police/Village Officers,Directed,1,113,Knows
11,15,Alla Innokentevna,Lilia Solodikova,Directed,1,113,Knows
11,164,Alla Innokentevna,Lilia's Kidnapping/Disappearance,Directed,1,113,Knows of
11,12,Alla Innokentevna,Natasha/Natalia,Directed,1,113,Knows
13,164,Denis,Lilia's Kidnapping/Disappearance,Directed,1,113,Knows of
13,12,Denis,Natasha/Natalia,Directed,1,113,Exchange
163,11,Esso Police/Village Officers,Alla Innokentevna,Directed,1,113,Knows
163,15,Esso Police/Village Officers,Lilia Solodikova,Directed,1,113,Knows of
163,164,Esso Police/Village Officers,Lilia's Kidnapping/Disappearance,Directed,1,113,Knows of
163,12,Esso Police/Village Officers,Natasha/Natalia,Directed,1,113,Knows
19,15,Lev,Lilia Solodikova,Directed,1,113,Knows
19,12,Lev,Natasha/Natalia,Directed,1,113,Knows
15,11,Lilia Solodikova,Alla Innokentevna,Directed,1,113,Knows
15,19,Lilia Solodikova,Lev,Directed,1,113,Knows
15,12,Lilia Solodikova,Natasha/Natalia,Directed,1,113,Knows
15,21,Lilia Solodikova,Yulka/Yulia,Directed,1,113,Knows
164,11,Lilia's Kidnapping/Disappearance,Alla Innokentevna,Directed,1,113,Knows of
12,165,Natasha/Natalia,Airport Security,Directed,1,113,Knows
12,11,Natasha/Natalia,Alla Innokentevna,Directed,1,113,Knows
12,13,Natasha/Natalia,Denis,Directed,1,113,Exchange
12,163,Natasha/Natalia,Esso Police/Village Officers,Directed,1,113,Knows
12,19,Natasha/Natalia,Lev,Directed,1,113,Knows
12,15,Natasha/Natalia,Lilia Solodikova,Directed,1,113,Knows
12,164,Natasha/Natalia,Lilia's Kidnapping/Disappearance,Directed,1,113,Knows of
12,21,Natasha/Natalia,Yulka/Yulia,Directed,1,113,Knows
12,147,Natasha/Natalia,Yuri,Directed,1,113,Exchange
21,15,Yulka/Yulia,Lilia Solodikova,Directed,1,113,Knows
21,12,Yulka/Yulia,Natasha/Natalia,Directed,1,113,Knows
147,164,Yuri,Lilia's Kidnapping/Disappearance,Directed,1,113,Knows of
147,12,Yuri,Natasha/Natalia,Directed,1,113,Exchange
11,15,Alla Innokentevna,Lilia Solodikova,Directed,1,114,Knows
11,12,Alla Innokentevna,Natasha/Natalia,Directed,1,114,Exchange
13,164,Denis,Lilia's Kidnapping/Disappearance,Directed,1,114,Knows of
19,12,Lev,Natasha/Natalia,Directed,1,114,Knows
15,11,Lilia Solodikova,Alla Innokentevna,Directed,1,114,Knows
15,12,Lilia Solodikova,Natasha/Natalia,Directed,1,114,Knows
12,11,Natasha/Natalia,Alla Innokentevna,Directed,1,114,Exchange
12,19,Natasha/Natalia,Lev,Directed,1,114,Knows
12,15,Natasha/Natalia,Lilia Solodikova,Directed,1,114,Knows
12,164,Natasha/Natalia,Lilia's Kidnapping/Disappearance,Directed,1,114,Knows of
12,21,Natasha/Natalia,Yulka/Yulia,Directed,1,114,Knows
12,147,Natasha/Natalia,Yuri,Directed,1,114,Exchange
21,12,Yulka/Yulia,Natasha/Natalia,Directed,1,114,Knows
147,12,Yuri,Natasha/Natalia,Directed,1,114,Exchange
11,6,Alla Innokentevna,Alyona Golosovsky,Directed,1,115,Knows of
11,163,Alla Innokentevna,Esso Police/Village Officers,Directed,1,115,Knows
11,19,Alla Innokentevna,Lev,Directed,1,115,Knows
11,15,Alla Innokentevna,Lilia Solodikova,Directed,1,115,Knows
11,164,Alla Innokentevna,Lilia's Kidnapping/Disappearance,Directed,1,115,Knows of
11,12,Alla Innokentevna,Natasha/Natalia,Directed,1,115,Exchange
11,5,Alla Innokentevna,Sophia Golosovsky,Directed,1,115,Knows of
11,21,Alla Innokentevna,Yulka/Yulia,Directed,1,115,Knows
11,147,Alla Innokentevna,Yuri,Directed,1,115,Knows
11,57,Alla Innokentevna,the kidnappING,Directed,1,115,Knows of
13,163,Denis,Esso Police/Village Officers,Directed,1,115,Knows
163,11,Esso Police/Village Officers,Alla Innokentevna,Directed,1,115,Knows
163,13,Esso Police/Village Officers,Denis,Directed,1,115,Knows
163,12,Esso Police/Village Officers,Natasha/Natalia,Directed,1,115,Knows
19,11,Lev,Alla Innokentevna,Directed,1,115,Knows
19,12,Lev,Natasha/Natalia,Directed,1,115,Knows
15,12,Lilia Solodikova,Natasha/Natalia,Directed,1,115,Knows
12,11,Natasha/Natalia,Alla Innokentevna,Directed,1,115,Exchange
12,6,Natasha/Natalia,Alyona Golosovsky,Directed,1,115,Knows of
12,163,Natasha/Natalia,Esso Police/Village Officers,Directed,1,115,Knows
12,19,Natasha/Natalia,Lev,Directed,1,115,Knows
12,15,Natasha/Natalia,Lilia Solodikova,Directed,1,115,Knows
12,164,Natasha/Natalia,Lilia's Kidnapping/Disappearance,Directed,1,115,Knows of
12,5,Natasha/Natalia,Sophia Golosovsky,Directed,1,115,Knows of
12,21,Natasha/Natalia,Yulka/Yulia,Directed,1,115,Knows
12,147,Natasha/Natalia,Yuri,Directed,1,115,Knows
12,57,Natasha/Natalia,the kidnappING,Directed,1,115,Knows of
21,11,Yulka/Yulia,Alla Innokentevna,Directed,1,115,Knows
21,12,Yulka/Yulia,Natasha/Natalia,Directed,1,115,Knows
147,11,Yuri,Alla Innokentevna,Directed,1,115,Knows
147,12,Yuri,Natasha/Natalia,Directed,1,115,Knows
11,27,Alla Innokentevna,Anfisa,Directed,1,116,Exchange
11,19,Alla Innokentevna,Lev,Directed,1,116,Knows
11,12,Alla Innokentevna,Natasha/Natalia,Directed,1,116,Exchange
27,11,Anfisa,Alla Innokentevna,Directed,1,116,Exchange
27,13,Anfisa,Denis,Directed,1,116,Exchange
27,200,Anfisa,Misha (Anfisa's son),Directed,1,116,Knows
27,12,Anfisa,Natasha/Natalia,Directed,1,116,Exchange
27,147,Anfisa,Yuri,Directed,1,116,Knows
13,27,Denis,Anfisa,Directed,1,116,Exchange
13,12,Denis,Natasha/Natalia,Directed,1,116,Exchange
19,11,Lev,Alla Innokentevna,Directed,1,116,Knows
19,148,Lev,Lev's classmates (111),Directed,1,116,Knows
19,200,Lev,Misha (Anfisa's son),Directed,1,116,Knows
19,12,Lev,Natasha/Natalia,Directed,1,116,Knows
19,21,Lev,Yulka/Yulia,Directed,1,116,Knows
148,19,Lev's classmates (111),Lev,Directed,1,116,Knows
148,200,Lev's classmates (111),Misha (Anfisa's son),Directed,1,116,Knows
148,12,Lev's classmates (111),Natasha/Natalia,Directed,1,116,Knows
148,21,Lev's classmates (111),Yulka/Yulia,Directed,1,116,Knows
200,27,Misha (Anfisa's son),Anfisa,Directed,1,116,Knows
200,19,Misha (Anfisa's son),Lev,Directed,1,116,Knows
200,148,Misha (Anfisa's son),Lev's classmates (111),Directed,1,116,Knows
200,12,Misha (Anfisa's son),Natasha/Natalia,Directed,1,116,Knows
200,21,Misha (Anfisa's son),Yulka/Yulia,Directed,1,116,Knows
12,11,Natasha/Natalia,Alla Innokentevna,Directed,1,116,Exchange
12,27,Natasha/Natalia,Anfisa,Directed,1,116,Exchange
12,13,Natasha/Natalia,Denis,Directed,1,116,Exchange
12,19,Natasha/Natalia,Lev,Directed,1,116,Knows
12,148,Natasha/Natalia,Lev's classmates (111),Directed,1,116,Knows
12,200,Natasha/Natalia,Misha (Anfisa's son),Directed,1,116,Knows
12,147,Natasha/Natalia,Yuri,Directed,1,116,Knows
21,19,Yulka/Yulia,Lev,Directed,1,116,Knows
21,148,Yulka/Yulia,Lev's classmates (111),Directed,1,116,Knows
21,200,Yulka/Yulia,Misha (Anfisa's son),Directed,1,116,Knows
147,27,Yuri,Anfisa,Directed,1,116,Knows
147,12,Yuri,Natasha/Natalia,Directed,1,116,Knows
27,13,Anfisa,Denis,Directed,1,117,Exchange
27,19,Anfisa,Lev,Directed,1,117,Knows
27,200,Anfisa,Misha (Anfisa's son),Directed,1,117,Knows
27,12,Anfisa,Natasha/Natalia,Directed,1,117,Exchange
27,21,Anfisa,Yulka/Yulia,Directed,1,117,Exchange
13,27,Denis,Anfisa,Directed,1,117,Exchange
13,12,Denis,Natasha/Natalia,Directed,1,117,Exchange
19,27,Lev,Anfisa,Directed,1,117,Knows
19,200,Lev,Misha (Anfisa's son),Directed,1,117,Knows
19,12,Lev,Natasha/Natalia,Directed,1,117,Exchange
200,27,Misha (Anfisa's son),Anfisa,Directed,1,117,Knows
200,19,Misha (Anfisa's son),Lev,Directed,1,117,Knows
200,12,Misha (Anfisa's son),Natasha/Natalia,Directed,1,117,Knows
12,27,Natasha/Natalia,Anfisa,Directed,1,117,Exchange
12,13,Natasha/Natalia,Denis,Directed,1,117,Exchange
12,19,Natasha/Natalia,Lev,Directed,1,117,Exchange
12,200,Natasha/Natalia,Misha (Anfisa's son),Directed,1,117,Knows
12,21,Natasha/Natalia,Yulka/Yulia,Directed,1,117,Knows
21,27,Yulka/Yulia,Anfisa,Directed,1,117,Exchange
21,12,Yulka/Yulia,Natasha/Natalia,Directed,1,117,Knows
11,27,Alla Innokentevna,Anfisa,Directed,1,118,Knows
27,11,Anfisa,Alla Innokentevna,Directed,1,118,Knows
27,13,Anfisa,Denis,Directed,1,118,Knows
27,19,Anfisa,Lev,Directed,1,118,Knows
27,200,Anfisa,Misha (Anfisa's son),Directed,1,118,Knows
27,12,Anfisa,Natasha/Natalia,Directed,1,118,Exchange
27,21,Anfisa,Yulka/Yulia,Directed,1,118,Exchange
221,200,Anfisa's Parents,Misha (Anfisa's son),Directed,1,118,Knows
13,27,Denis,Anfisa,Directed,1,118,Knows
19,27,Lev,Anfisa,Directed,1,118,Knows
200,27,Misha (Anfisa's son),Anfisa,Directed,1,118,Knows
200,221,Misha (Anfisa's son),Anfisa's Parents,Directed,1,118,Knows
12,27,Natasha/Natalia,Anfisa,Directed,1,118,Exchange
12,221,Natasha/Natalia,Anfisa's Parents,Directed,1,118,Knows of
21,27,Yulka/Yulia,Anfisa,Directed,1,118,Exchange
27,13,Anfisa,Denis,Directed,1,119,Knows
27,12,Anfisa,Natasha/Natalia,Directed,1,119,Exchange
13,27,Denis,Anfisa,Directed,1,119,Knows
13,19,Denis,Lev,Directed,1,119,Exchange
13,12,Denis,Natasha/Natalia,Directed,1,119,Knows
19,13,Lev,Denis,Directed,1,119,Exchange
15,12,Lilia Solodikova,Natasha/Natalia,Directed,1,119,Knows
12,27,Natasha/Natalia,Anfisa,Directed,1,119,Exchange
12,13,Natasha/Natalia,Denis,Directed,1,119,Knows
12,15,Natasha/Natalia,Lilia Solodikova,Directed,1,119,Knows
11,19,Alla Innokentevna,Lev,Directed,1,120,Exchange
11,200,Alla Innokentevna,Misha (Anfisa's son),Directed,1,120,Knows of
11,12,Alla Innokentevna,Natasha/Natalia,Directed,1,120,Exchange
11,21,Alla Innokentevna,Yulka/Yulia,Directed,1,120,Exchange
27,222,Anfisa,Misha's father,Directed,1,120,Knows
27,12,Anfisa,Natasha/Natalia,Directed,1,120,Exchange
27,147,Anfisa,Yuri,Directed,1,120,Knows
13,12,Denis,Natasha/Natalia,Directed,1,120,Knows
19,11,Lev,Alla Innokentevna,Directed,1,120,Exchange
19,12,Lev,Natasha/Natalia,Directed,1,120,Knows
19,21,Lev,Yulka/Yulia,Directed,1,120,Knows
200,12,Misha (Anfisa's son),Natasha/Natalia,Directed,1,120,Knows
222,27,Misha's father,Anfisa,Directed,1,120,Knows
351,12,Natasha's Cousin,Natasha/Natalia,Directed,1,120,Knows
12,11,Natasha/Natalia,Alla Innokentevna,Directed,1,120,Exchange
12,27,Natasha/Natalia,Anfisa,Directed,1,120,Exchange
12,13,Natasha/Natalia,Denis,Directed,1,120,Knows
12,19,Natasha/Natalia,Lev,Directed,1,120,Knows
12,200,Natasha/Natalia,Misha (Anfisa's son),Directed,1,120,Knows
12,222,Natasha/Natalia,Misha's father,Directed,1,120,Knows of
12,351,Natasha/Natalia,Natasha's Cousin,Directed,1,120,Knows
12,21,Natasha/Natalia,Yulka/Yulia,Directed,1,120,Knows
12,147,Natasha/Natalia,Yuri,Directed,1,120,Knows
21,11,Yulka/Yulia,Alla Innokentevna,Directed,1,120,Exchange
21,19,Yulka/Yulia,Lev,Directed,1,120,Knows
21,12,Yulka/Yulia,Natasha/Natalia,Directed,1,120,Knows
147,27,Yuri,Anfisa,Directed,1,120,Knows
147,12,Yuri,Natasha/Natalia,Directed,1,120,Knows
224,12,"""a few old drunks""",Natasha/Natalia,Directed,1,121,Knows of
11,27,Alla Innokentevna,Anfisa,Directed,1,121,Knows
27,225,Anfisa,"""[the old drunks'] wives""",Directed,1,121,Knows of
27,224,Anfisa,"""a few old drunks""",Directed,1,121,Knows of
27,11,Anfisa,Alla Innokentevna,Directed,1,121,Knows
27,6,Anfisa,Alyona Golosovsky,Directed,1,121,Knows of
27,221,Anfisa,Anfisa's Parents,Directed,1,121,Knows
27,19,Anfisa,Lev,Directed,1,121,Knows
27,222,Anfisa,Misha's father,Directed,1,121,Knows
27,12,Anfisa,Natasha/Natalia,Directed,1,121,Exchange
27,223,Anfisa,Oceanographic Researchers,Directed,1,121,Knows of
27,226,Anfisa,Petropavlovsk Police / Detectives,Directed,1,121,Knows
27,5,Anfisa,Sophia Golosovsky,Directed,1,121,Knows of
27,21,Anfisa,Yulka/Yulia,Directed,1,121,Knows
27,147,Anfisa,Yuri,Directed,1,121,Knows
27,57,Anfisa,the kidnappING,Directed,1,121,Knows of
221,27,Anfisa's Parents,Anfisa,Directed,1,121,Knows
221,12,Anfisa's Parents,Natasha/Natalia,Directed,1,121,Knows of
19,27,Lev,Anfisa,Directed,1,121,Knows
19,12,Lev,Natasha/Natalia,Directed,1,121,Knows
222,27,Misha's father,Anfisa,Directed,1,121,Knows
12,225,Natasha/Natalia,"""[the old drunks'] wives""",Directed,1,121,Knows of
12,224,Natasha/Natalia,"""a few old drunks""",Directed,1,121,Knows of
12,6,Natasha/Natalia,Alyona Golosovsky,Directed,1,121,Knows of
12,27,Natasha/Natalia,Anfisa,Directed,1,121,Exchange
12,221,Natasha/Natalia,Anfisa's Parents,Directed,1,121,Knows of
12,19,Natasha/Natalia,Lev,Directed,1,121,Knows
12,222,Natasha/Natalia,Misha's father,Directed,1,121,Knows of
12,223,Natasha/Natalia,Oceanographic Researchers,Directed,1,121,Knows
12,226,Natasha/Natalia,Petropavlovsk Police / Detectives,Directed,1,121,Knows of
12,5,Natasha/Natalia,Sophia Golosovsky,Directed,1,121,Knows of
12,21,Natasha/Natalia,Yulka/Yulia,Directed,1,121,Knows
12,147,Natasha/Natalia,Yuri,Directed,1,121,Knows
12,57,Natasha/Natalia,the kidnappING,Directed,1,121,Knows of
223,12,Oceanographic Researchers,Natasha/Natalia,Directed,1,121,Knows
226,6,Petropavlovsk Police / Detectives,Alyona Golosovsky,Directed,1,121,Knows of
226,27,Petropavlovsk Police / Detectives,Anfisa,Directed,1,121,Knows
226,5,Petropavlovsk Police / Detectives,Sophia Golosovsky,Directed,1,121,Knows of
226,57,Petropavlovsk Police / Detectives,the kidnappING,Directed,1,121,Knows of
21,27,Yulka/Yulia,Anfisa,Directed,1,121,Knows
21,12,Yulka/Yulia,Natasha/Natalia,Directed,1,121,Knows
147,27,Yuri,Anfisa,Directed,1,121,Knows
147,12,Yuri,Natasha/Natalia,Directed,1,121,Knows
57,12,the kidnappING,Natasha/Natalia,Directed,1,121,Knows of
11,15,Alla Innokentevna,Lilia Solodikova,Directed,1,122,Knows
6,101,Alyona Golosovsky,Golosovskaya girls' father,Directed,1,122,Knows
6,32,Alyona Golosovsky,Marina Alexandrovna,Directed,1,122,Knows
27,6,Anfisa,Alyona Golosovsky,Directed,1,122,Knows of
27,101,Anfisa,Golosovskaya girls' father,Directed,1,122,Knows of
27,32,Anfisa,Marina Alexandrovna,Directed,1,122,Knows of
27,12,Anfisa,Natasha/Natalia,Directed,1,122,Exchange
27,22,Anfisa,Oksana,Directed,1,122,Knows of
27,226,Anfisa,Petropavlovsk Police / Detectives,Directed,1,122,Knows
27,5,Anfisa,Sophia Golosovsky,Directed,1,122,Knows of
27,57,Anfisa,the kidnappING,Directed,1,122,Knows of
101,6,Golosovskaya girls' father,Alyona Golosovsky,Directed,1,122,Knows
101,226,Golosovskaya girls' father,Petropavlovsk Police / Detectives,Directed,1,122,Knows
101,5,Golosovskaya girls' father,Sophia Golosovsky,Directed,1,122,Knows
101,57,Golosovskaya girls' father,the kidnappING,Directed,1,122,Knows of
15,11,Lilia Solodikova,Alla Innokentevna,Directed,1,122,Knows
15,12,Lilia Solodikova,Natasha/Natalia,Directed,1,122,Knows
32,6,Marina Alexandrovna,Alyona Golosovsky,Directed,1,122,Knows
32,226,Marina Alexandrovna,Petropavlovsk Police / Detectives,Directed,1,122,Knows
32,5,Marina Alexandrovna,Sophia Golosovsky,Directed,1,122,Knows
32,57,Marina Alexandrovna,the kidnappING,Directed,1,122,Knows of
12,6,Natasha/Natalia,Alyona Golosovsky,Directed,1,122,Knows of
12,27,Natasha/Natalia,Anfisa,Directed,1,122,Exchange
12,101,Natasha/Natalia,Golosovskaya girls' father,Directed,1,122,Knows of
12,15,Natasha/Natalia,Lilia Solodikova,Directed,1,122,Knows
12,164,Natasha/Natalia,Lilia's Kidnapping/Disappearance,Directed,1,122,Knows of
12,32,Natasha/Natalia,Marina Alexandrovna,Directed,1,122,Knows of
12,22,Natasha/Natalia,Oksana,Directed,1,122,Knows of
12,226,Natasha/Natalia,Petropavlovsk Police / Detectives,Directed,1,122,Knows of
12,5,Natasha/Natalia,Sophia Golosovsky,Directed,1,122,Knows of
12,57,Natasha/Natalia,the kidnappING,Directed,1,122,Knows of
226,6,Petropavlovsk Police / Detectives,Alyona Golosovsky,Directed,1,122,Knows of
226,27,Petropavlovsk Police / Detectives,Anfisa,Directed,1,122,Knows
226,101,Petropavlovsk Police / Detectives,Golosovskaya girls' father,Directed,1,122,Knows
226,32,Petropavlovsk Police / Detectives,Marina Alexandrovna,Directed,1,122,Knows
226,5,Petropavlovsk Police / Detectives,Sophia Golosovsky,Directed,1,122,Knows of
226,57,Petropavlovsk Police / Detectives,the kidnappING,Directed,1,122,Knows of
5,101,Sophia Golosovsky,Golosovskaya girls' father,Directed,1,122,Knows
5,32,Sophia Golosovsky,Marina Alexandrovna,Directed,1,122,Knows
57,12,the kidnappING,Natasha/Natalia,Directed,1,122,Knows of
11,12,Alla Innokentevna,Natasha/Natalia,Directed,1,123,Knows
27,6,Anfisa,Alyona Golosovsky,Directed,1,123,Knows of
27,32,Anfisa,Marina Alexandrovna,Directed,1,123,Knows of
27,12,Anfisa,Natasha/Natalia,Directed,1,123,Exchange
27,22,Anfisa,Oksana,Directed,1,123,Knows of
27,5,Anfisa,Sophia Golosovsky,Directed,1,123,Knows of
27,57,Anfisa,the kidnappING,Directed,1,123,Knows of
15,189,Lilia Solodikova,Lilia's father,Directed,1,123,Knows
15,12,Lilia Solodikova,Natasha/Natalia,Directed,1,123,Exchange
189,15,Lilia's father,Lilia Solodikova,Directed,1,123,Knows
189,12,Lilia's father,Natasha/Natalia,Directed,1,123,Knows
12,11,Natasha/Natalia,Alla Innokentevna,Directed,1,123,Knows
12,6,Natasha/Natalia,Alyona Golosovsky,Directed,1,123,Knows of
12,27,Natasha/Natalia,Anfisa,Directed,1,123,Exchange
12,15,Natasha/Natalia,Lilia Solodikova,Directed,1,123,Exchange
12,164,Natasha/Natalia,Lilia's Kidnapping/Disappearance,Directed,1,123,Knows of
12,189,Natasha/Natalia,Lilia's father,Directed,1,123,Knows
12,32,Natasha/Natalia,Marina Alexandrovna,Directed,1,123,Knows of
12,22,Natasha/Natalia,Oksana,Directed,1,123,Knows of
12,5,Natasha/Natalia,Sophia Golosovsky,Directed,1,123,Knows of
12,21,Natasha/Natalia,Yulka/Yulia,Directed,1,123,Exchange
12,147,Natasha/Natalia,Yuri,Directed,1,123,Knows
12,57,Natasha/Natalia,the kidnappING,Directed,1,123,Knows of
21,12,Yulka/Yulia,Natasha/Natalia,Directed,1,123,Exchange
147,12,Yuri,Natasha/Natalia,Directed,1,123,Knows
57,12,the kidnappING,Natasha/Natalia,Directed,1,123,Knows of
27,12,Anfisa,Natasha/Natalia,Directed,1,124,Exchange
19,200,Lev,Misha (Anfisa's son),Directed,1,124,Knows
19,12,Lev,Natasha/Natalia,Directed,1,124,Exchange
19,21,Lev,Yulka/Yulia,Directed,1,124,Knows
15,12,Lilia Solodikova,Natasha/Natalia,Directed,1,124,Knows
200,19,Misha (Anfisa's son),Lev,Directed,1,124,Knows
200,12,Misha (Anfisa's son),Natasha/Natalia,Directed,1,124,Knows
200,21,Misha (Anfisa's son),Yulka/Yulia,Directed,1,124,Knows
12,27,Natasha/Natalia,Anfisa,Directed,1,124,Exchange
12,19,Natasha/Natalia,Lev,Directed,1,124,Exchange
12,15,Natasha/Natalia,Lilia Solodikova,Directed,1,124,Knows
12,164,Natasha/Natalia,Lilia's Kidnapping/Disappearance,Directed,1,124,Knows of
12,200,Natasha/Natalia,Misha (Anfisa's son),Directed,1,124,Knows
12,21,Natasha/Natalia,Yulka/Yulia,Directed,1,124,Exchange
12,147,Natasha/Natalia,Yuri,Directed,1,124,Knows
21,19,Yulka/Yulia,Lev,Directed,1,124,Knows
21,200,Yulka/Yulia,Misha (Anfisa's son),Directed,1,124,Knows
21,12,Yulka/Yulia,Natasha/Natalia,Directed,1,124,Exchange
147,12,Yuri,Natasha/Natalia,Directed,1,124,Knows
229,91,"""investigators""",Travis Walton,Directed,1,125,Knows
92,91,Aliens,Travis Walton,Directed,1,125,Knows
11,13,Alla Innokentevna,Denis,Directed,1,125,Exchange
11,12,Alla Innokentevna,Natasha/Natalia,Directed,1,125,Exchange
27,12,Anfisa,Natasha/Natalia,Directed,1,125,Knows
13,229,Denis,"""investigators""",Directed,1,125,Knows of
13,92,Denis,Aliens,Directed,1,125,Knows of
13,11,Denis,Alla Innokentevna,Directed,1,125,Exchange
13,19,Denis,Lev,Directed,1,125,Exchange
13,12,Denis,Natasha/Natalia,Directed,1,125,Exchange
13,91,Denis,Travis Walton,Directed,1,125,Knows of
13,228,Denis,Travis Walton's Friends,Directed,1,125,Knows of
19,229,Lev,"""investigators""",Directed,1,125,Knows of
19,92,Lev,Aliens,Directed,1,125,Knows of
19,13,Lev,Denis,Directed,1,125,Exchange
19,12,Lev,Natasha/Natalia,Directed,1,125,Exchange
19,91,Lev,Travis Walton,Directed,1,125,Knows of
19,228,Lev,Travis Walton's Friends,Directed,1,125,Knows of
12,11,Natasha/Natalia,Alla Innokentevna,Directed,1,125,Exchange
12,27,Natasha/Natalia,Anfisa,Directed,1,125,Knows
12,13,Natasha/Natalia,Denis,Directed,1,125,Exchange
12,19,Natasha/Natalia,Lev,Directed,1,125,Exchange
12,21,Natasha/Natalia,Yulka/Yulia,Directed,1,125,Exchange
12,147,Natasha/Natalia,Yuri,Directed,1,125,Knows
91,229,Travis Walton,"""investigators""",Directed,1,125,Knows
91,92,Travis Walton,Aliens,Directed,1,125,Knows
91,228,Travis Walton,Travis Walton's Friends,Directed,1,125,Knows
228,91,Travis Walton's Friends,Travis Walton,Directed,1,125,Knows
21,227,Yulka/Yulia,"""a redheaded soap-opera star""",Directed,1,125,Knows of
21,12,Yulka/Yulia,Natasha/Natalia,Directed,1,125,Exchange
147,12,Yuri,Natasha/Natalia,Directed,1,125,Knows
11,12,Alla Innokentevna,Natasha/Natalia,Directed,1,126,Exchange
27,13,Anfisa,Denis,Directed,1,126,Knows
27,19,Anfisa,Lev,Directed,1,126,Knows
27,12,Anfisa,Natasha/Natalia,Directed,1,126,Exchange
13,92,Denis,Aliens,Directed,1,126,Knows of
13,27,Denis,Anfisa,Directed,1,126,Knows
13,19,Denis,Lev,Directed,1,126,Exchange
13,15,Denis,Lilia Solodikova,Directed,1,126,Knows
13,164,Denis,Lilia's Kidnapping/Disappearance,Directed,1,126,Knows of
13,12,Denis,Natasha/Natalia,Directed,1,126,Exchange
13,91,Denis,Travis Walton,Directed,1,126,Knows of
19,27,Lev,Anfisa,Directed,1,126,Knows
19,13,Lev,Denis,Directed,1,126,Exchange
19,15,Lev,Lilia Solodikova,Directed,1,126,Knows of
19,200,Lev,Misha (Anfisa's son),Directed,1,126,Knows
19,12,Lev,Natasha/Natalia,Directed,1,126,Exchange
19,91,Lev,Travis Walton,Directed,1,126,Knows of
15,13,Lilia Solodikova,Denis,Directed,1,126,Knows
15,19,Lilia Solodikova,Lev,Directed,1,126,Knows of
15,12,Lilia Solodikova,Natasha/Natalia,Directed,1,126,Knows
200,19,Misha (Anfisa's son),Lev,Directed,1,126,Knows
200,12,Misha (Anfisa's son),Natasha/Natalia,Directed,1,126,Knows
12,92,Natasha/Natalia,Aliens,Directed,1,126,Knows of
12,11,Natasha/Natalia,Alla Innokentevna,Directed,1,126,Exchange
12,27,Natasha/Natalia,Anfisa,Directed,1,126,Exchange
12,13,Natasha/Natalia,Denis,Directed,1,126,Exchange
12,19,Natasha/Natalia,Lev,Directed,1,126,Exchange
12,15,Natasha/Natalia,Lilia Solodikova,Directed,1,126,Knows
12,200,Natasha/Natalia,Misha (Anfisa's son),Directed,1,126,Knows
12,91,Natasha/Natalia,Travis Walton,Directed,1,126,Knows of
12,21,Natasha/Natalia,Yulka/Yulia,Directed,1,126,Exchange
12,147,Natasha/Natalia,Yuri,Directed,1,126,Knows
21,12,Yulka/Yulia,Natasha/Natalia,Directed,1,126,Exchange
147,12,Yuri,Natasha/Natalia,Directed,1,126,Knows
92,15,Aliens,Lilia Solodikova,Directed,1,127,Knows of
11,13,Alla Innokentevna,Denis,Directed,1,127,Knows
27,92,Anfisa,Aliens,Directed,1,127,Knows of
27,13,Anfisa,Denis,Directed,1,127,Knows
27,12,Anfisa,Natasha/Natalia,Directed,1,127,Exchange
13,92,Denis,Aliens,Directed,1,127,Knows of
13,11,Denis,Alla Innokentevna,Directed,1,127,Knows
13,27,Denis,Anfisa,Directed,1,127,Knows
13,15,Denis,Lilia Solodikova,Directed,1,127,Knows
13,12,Denis,Natasha/Natalia,Directed,1,127,Knows
13,196,Denis,Reindeer herders,Directed,1,127,Knows
19,12,Lev,Natasha/Natalia,Directed,1,127,Knows
15,92,Lilia Solodikova,Aliens,Directed,1,127,Knows of
15,13,Lilia Solodikova,Denis,Directed,1,127,Knows
15,12,Lilia Solodikova,Natasha/Natalia,Directed,1,127,Exchange
164,12,Lilia's Kidnapping/Disappearance,Natasha/Natalia,Directed,1,127,Knows of
12,92,Natasha/Natalia,Aliens,Directed,1,127,Knows of
12,27,Natasha/Natalia,Anfisa,Directed,1,127,Exchange
12,13,Natasha/Natalia,Denis,Directed,1,127,Knows
12,19,Natasha/Natalia,Lev,Directed,1,127,Knows
12,15,Natasha/Natalia,Lilia Solodikova,Directed,1,127,Exchange
12,164,Natasha/Natalia,Lilia's Kidnapping/Disappearance,Directed,1,127,Knows of
12,196,Natasha/Natalia,Reindeer herders,Directed,1,127,Knows of
196,13,Reindeer herders,Denis,Directed,1,127,Knows
11,6,Alla Innokentevna,Alyona Golosovsky,Directed,1,128,Knows of
11,5,Alla Innokentevna,Sophia Golosovsky,Directed,1,128,Knows of
11,57,Alla Innokentevna,the kidnappING,Directed,1,128,Knows of
27,6,Anfisa,Alyona Golosovsky,Directed,1,128,Knows of
27,13,Anfisa,Denis,Directed,1,128,Knows
27,15,Anfisa,Lilia Solodikova,Directed,1,128,Knows of
27,164,Anfisa,Lilia's Kidnapping/Disappearance,Directed,1,128,Knows of
27,12,Anfisa,Natasha/Natalia,Directed,1,128,Exchange
27,5,Anfisa,Sophia Golosovsky,Directed,1,128,Knows of
27,230,Anfisa,people that Lilia dated,Directed,1,128,Knows of
27,57,Anfisa,the kidnappING,Directed,1,128,Knows of
13,92,Denis,Aliens,Directed,1,128,Knows of
13,6,Denis,Alyona Golosovsky,Directed,1,128,Knows of
13,27,Denis,Anfisa,Directed,1,128,Knows
13,15,Denis,Lilia Solodikova,Directed,1,128,Knows
13,12,Denis,Natasha/Natalia,Directed,1,128,Knows
13,5,Denis,Sophia Golosovsky,Directed,1,128,Knows of
13,57,Denis,the kidnappING,Directed,1,128,Knows of
15,13,Lilia Solodikova,Denis,Directed,1,128,Knows
15,12,Lilia Solodikova,Natasha/Natalia,Directed,1,128,Knows
15,147,Lilia Solodikova,Yuri,Directed,1,128,Knows
15,230,Lilia Solodikova,people that Lilia dated,Directed,1,128,Knows
164,27,Lilia's Kidnapping/Disappearance,Anfisa,Directed,1,128,Knows of
164,12,Lilia's Kidnapping/Disappearance,Natasha/Natalia,Directed,1,128,Knows of
12,6,Natasha/Natalia,Alyona Golosovsky,Directed,1,128,Knows of
12,27,Natasha/Natalia,Anfisa,Directed,1,128,Exchange
12,13,Natasha/Natalia,Denis,Directed,1,128,Knows
12,15,Natasha/Natalia,Lilia Solodikova,Directed,1,128,Knows
12,164,Natasha/Natalia,Lilia's Kidnapping/Disappearance,Directed,1,128,Knows of
12,5,Natasha/Natalia,Sophia Golosovsky,Directed,1,128,Knows of
12,147,Natasha/Natalia,Yuri,Directed,1,128,Knows
12,230,Natasha/Natalia,people that Lilia dated,Directed,1,128,Knows of
12,57,Natasha/Natalia,the kidnappING,Directed,1,128,Knows of
147,15,Yuri,Lilia Solodikova,Directed,1,128,Knows
147,164,Yuri,Lilia's Kidnapping/Disappearance,Directed,1,128,Knows of
147,12,Yuri,Natasha/Natalia,Directed,1,128,Knows
230,15,people that Lilia dated,Lilia Solodikova,Directed,1,128,Knows
231,15,"""village women"" (of Esso)",Lilia Solodikova,Directed,1,129,Knows of
231,12,"""village women"" (of Esso)",Natasha/Natalia,Directed,1,129,Knows
27,13,Anfisa,Denis,Directed,1,129,Knows
27,15,Anfisa,Lilia Solodikova,Directed,1,129,Knows of
27,164,Anfisa,Lilia's Kidnapping/Disappearance,Directed,1,129,Knows of
27,12,Anfisa,Natasha/Natalia,Directed,1,129,Exchange
13,27,Denis,Anfisa,Directed,1,129,Knows
13,12,Denis,Natasha/Natalia,Directed,1,129,Knows
15,231,Lilia Solodikova,"""village women"" (of Esso)",Directed,1,129,Knows of
15,12,Lilia Solodikova,Natasha/Natalia,Directed,1,129,Knows
164,27,Lilia's Kidnapping/Disappearance,Anfisa,Directed,1,129,Knows of
164,12,Lilia's Kidnapping/Disappearance,Natasha/Natalia,Directed,1,129,Knows of
12,231,Natasha/Natalia,"""village women"" (of Esso)",Directed,1,129,Knows
12,27,Natasha/Natalia,Anfisa,Directed,1,129,Exchange
12,13,Natasha/Natalia,Denis,Directed,1,129,Knows
12,15,Natasha/Natalia,Lilia Solodikova,Directed,1,129,Knows
12,164,Natasha/Natalia,Lilia's Kidnapping/Disappearance,Directed,1,129,Knows of
11,12,Alla Innokentevna,Natasha/Natalia,Directed,1,130,Knows
27,13,Anfisa,Denis,Directed,1,130,Knows
27,15,Anfisa,Lilia Solodikova,Directed,1,130,Knows of
27,164,Anfisa,Lilia's Kidnapping/Disappearance,Directed,1,130,Knows of
27,12,Anfisa,Natasha/Natalia,Directed,1,130,Exchange
13,27,Denis,Anfisa,Directed,1,130,Knows
13,12,Denis,Natasha/Natalia,Directed,1,130,Knows
19,12,Lev,Natasha/Natalia,Directed,1,130,Knows
15,12,Lilia Solodikova,Natasha/Natalia,Directed,1,130,Knows
164,27,Lilia's Kidnapping/Disappearance,Anfisa,Directed,1,130,Knows of
164,12,Lilia's Kidnapping/Disappearance,Natasha/Natalia,Directed,1,130,Knows of
12,11,Natasha/Natalia,Alla Innokentevna,Directed,1,130,Knows
12,27,Natasha/Natalia,Anfisa,Directed,1,130,Exchange
12,13,Natasha/Natalia,Denis,Directed,1,130,Knows
12,19,Natasha/Natalia,Lev,Directed,1,130,Knows
12,15,Natasha/Natalia,Lilia Solodikova,Directed,1,130,Knows
12,164,Natasha/Natalia,Lilia's Kidnapping/Disappearance,Directed,1,130,Knows of
12,21,Natasha/Natalia,Yulka/Yulia,Directed,1,130,Knows
12,147,Natasha/Natalia,Yuri,Directed,1,130,Knows
21,12,Yulka/Yulia,Natasha/Natalia,Directed,1,130,Knows
147,12,Yuri,Natasha/Natalia,Directed,1,130,Knows
92,12,Aliens,Natasha/Natalia,Directed,1,131,Knows of
11,12,Alla Innokentevna,Natasha/Natalia,Directed,1,131,Knows
11,16,Alla Innokentevna,Revmira,Directed,1,131,Knows
13,92,Denis,Aliens,Directed,1,131,Knows of
13,12,Denis,Natasha/Natalia,Directed,1,131,Knows
13,16,Denis,Revmira,Directed,1,131,Knows
13,21,Denis,Yulka/Yulia,Directed,1,131,Exchange
19,92,Lev,Aliens,Directed,1,131,Knows of
19,12,Lev,Natasha/Natalia,Directed,1,131,Exchange
19,16,Lev,Revmira,Directed,1,131,Knows
15,12,Lilia Solodikova,Natasha/Natalia,Directed,1,131,Knows
164,12,Lilia's Kidnapping/Disappearance,Natasha/Natalia,Directed,1,131,Knows of
12,92,Natasha/Natalia,Aliens,Directed,1,131,Knows of
12,11,Natasha/Natalia,Alla Innokentevna,Directed,1,131,Knows
12,13,Natasha/Natalia,Denis,Directed,1,131,Knows
12,19,Natasha/Natalia,Lev,Directed,1,131,Exchange
12,15,Natasha/Natalia,Lilia Solodikova,Directed,1,131,Knows
12,164,Natasha/Natalia,Lilia's Kidnapping/Disappearance,Directed,1,131,Knows of
12,16,Natasha/Natalia,Revmira,Directed,1,131,Knows
12,21,Natasha/Natalia,Yulka/Yulia,Directed,1,131,Exchange
16,11,Revmira,Alla Innokentevna,Directed,1,131,Knows
16,13,Revmira,Denis,Directed,1,131,Knows
16,19,Revmira,Lev,Directed,1,131,Knows
16,12,Revmira,Natasha/Natalia,Directed,1,131,Knows
16,21,Revmira,Yulka/Yulia,Directed,1,131,Knows of
21,92,Yulka/Yulia,Aliens,Directed,1,131,Knows of
21,13,Yulka/Yulia,Denis,Directed,1,131,Exchange
21,12,Yulka/Yulia,Natasha/Natalia,Directed,1,131,Exchange
21,16,Yulka/Yulia,Revmira,Directed,1,131,Knows of
92,12,Aliens,Natasha/Natalia,Directed,1,132,Knows of
13,92,Denis,Aliens,Directed,1,132,Knows of
13,12,Denis,Natasha/Natalia,Directed,1,132,Knows
13,21,Denis,Yulka/Yulia,Directed,1,132,Exchange
19,92,Lev,Aliens,Directed,1,132,Knows of
19,12,Lev,Natasha/Natalia,Directed,1,132,Exchange
19,21,Lev,Yulka/Yulia,Directed,1,132,Exchange
12,92,Natasha/Natalia,Aliens,Directed,1,132,Knows of
12,13,Natasha/Natalia,Denis,Directed,1,132,Knows
12,19,Natasha/Natalia,Lev,Directed,1,132,Exchange
12,21,Natasha/Natalia,Yulka/Yulia,Directed,1,132,Exchange
21,92,Yulka/Yulia,Aliens,Directed,1,132,Knows of
21,13,Yulka/Yulia,Denis,Directed,1,132,Exchange
21,19,Yulka/Yulia,Lev,Directed,1,132,Exchange
21,12,Yulka/Yulia,Natasha/Natalia,Directed,1,132,Exchange
232,16,Artyom,Revmira,Directed,1,133,Exchange
233,16,Gleb,Revmira,Directed,1,133,Knows
16,232,Revmira,Artyom,Directed,1,133,Exchange
16,233,Revmira,Gleb,Directed,1,133,Knows
11,232,Alla Innokentevna,Artyom,Directed,1,134,Knows
11,15,Alla Innokentevna,Lilia Solodikova,Directed,1,134,Knows
11,164,Alla Innokentevna,Lilia's Kidnapping/Disappearance,Directed,1,134,Knows of
11,16,Alla Innokentevna,Revmira,Directed,1,134,Exchange
232,11,Artyom,Alla Innokentevna,Directed,1,134,Knows
232,6,Artyom,Alyona Golosovsky,Directed,1,134,Knows of
232,17,Artyom,Kolya/Nikolai Danilovich / Lieutenant Ryakhovsky,Directed,1,134,Knows
232,15,Artyom,Lilia Solodikova,Directed,1,134,Knows
232,164,Artyom,Lilia's Kidnapping/Disappearance,Directed,1,134,Knows
232,16,Artyom,Revmira,Directed,1,134,Exchange
232,5,Artyom,Sophia Golosovsky,Directed,1,134,Knows of
232,236,Artyom,civilians of Petropavlosk,Directed,1,134,Knows
232,57,Artyom,the kidnappING,Directed,1,134,Knows of
17,232,Kolya/Nikolai Danilovich / Lieutenant Ryakhovsky,Artyom,Directed,1,134,Knows
17,15,Kolya/Nikolai Danilovich / Lieutenant Ryakhovsky,Lilia Solodikova,Directed,1,134,Knows of
17,164,Kolya/Nikolai Danilovich / Lieutenant Ryakhovsky,Lilia's Kidnapping/Disappearance,Directed,1,134,Knows of
17,16,Kolya/Nikolai Danilovich / Lieutenant Ryakhovsky,Revmira,Directed,1,134,Knows
15,11,Lilia Solodikova,Alla Innokentevna,Directed,1,134,Knows
15,232,Lilia Solodikova,Artyom,Directed,1,134,Knows
15,16,Lilia Solodikova,Revmira,Directed,1,134,Knows
226,237,Petropavlovsk Police / Detectives,"""drunk drivers and petty arsonists"" (134)",Directed,1,134,Knows of
226,6,Petropavlovsk Police / Detectives,Alyona Golosovsky,Directed,1,134,Knows of
226,5,Petropavlovsk Police / Detectives,Sophia Golosovsky,Directed,1,134,Knows of
226,57,Petropavlovsk Police / Detectives,the kidnappING,Directed,1,134,Knows of
16,11,Revmira,Alla Innokentevna,Directed,1,134,Exchange
16,6,Revmira,Alyona Golosovsky,Directed,1,134,Knows of
16,232,Revmira,Artyom,Directed,1,134,Exchange
16,17,Revmira,Kolya/Nikolai Danilovich / Lieutenant Ryakhovsky,Directed,1,134,Knows
16,15,Revmira,Lilia Solodikova,Directed,1,134,Knows
16,164,Revmira,Lilia's Kidnapping/Disappearance,Directed,1,134,Knows of
16,226,Revmira,Petropavlovsk Police / Detectives,Directed,1,134,Knows of
16,5,Revmira,Sophia Golosovsky,Directed,1,134,Knows of
16,57,Revmira,the kidnappING,Directed,1,134,Knows of
236,6,civilians of Petropavlosk,Alyona Golosovsky,Directed,1,134,Knows of
236,232,civilians of Petropavlosk,Artyom,Directed,1,134,Knows
236,5,civilians of Petropavlosk,Sophia Golosovsky,Directed,1,134,Knows of
236,57,civilians of Petropavlosk,the kidnappING,Directed,1,134,Knows of
57,226,the kidnappING,Petropavlovsk Police / Detectives,Directed,1,134,Knows of
11,232,Alla Innokentevna,Artyom,Directed,1,135,Knows
11,13,Alla Innokentevna,Denis,Directed,1,135,Knows
11,163,Alla Innokentevna,Esso Police/Village Officers,Directed,1,135,Knows of
11,67,Alla Innokentevna,Kamchatka police,Directed,1,135,Knows of
11,15,Alla Innokentevna,Lilia Solodikova,Directed,1,135,Knows
11,164,Alla Innokentevna,Lilia's Kidnapping/Disappearance,Directed,1,135,Knows of
11,12,Alla Innokentevna,Natasha/Natalia,Directed,1,135,Knows
11,16,Alla Innokentevna,Revmira,Directed,1,135,Exchange
11,364,Alla Innokentevna,Revmira's Father,Directed,1,135,Knows
11,365,Alla Innokentevna,Revmira's Mother,Directed,1,135,Knows
11,56,Alla Innokentevna,the kidnappER,Directed,1,135,Knows of
232,11,Artyom,Alla Innokentevna,Directed,1,135,Knows
232,67,Artyom,Kamchatka police,Directed,1,135,Knows
232,17,Artyom,Kolya/Nikolai Danilovich / Lieutenant Ryakhovsky,Directed,1,135,Knows
232,15,Artyom,Lilia Solodikova,Directed,1,135,Knows
232,164,Artyom,Lilia's Kidnapping/Disappearance,Directed,1,135,Knows
232,16,Artyom,Revmira,Directed,1,135,Exchange
13,11,Denis,Alla Innokentevna,Directed,1,135,Knows
163,6,Esso Police/Village Officers,Alyona Golosovsky,Directed,1,135,Knows of
163,15,Esso Police/Village Officers,Lilia Solodikova,Directed,1,135,Knows of
163,164,Esso Police/Village Officers,Lilia's Kidnapping/Disappearance,Directed,1,135,Knows
163,5,Esso Police/Village Officers,Sophia Golosovsky,Directed,1,135,Knows of
163,230,Esso Police/Village Officers,people that Lilia dated,Directed,1,135,Knows of
163,57,Esso Police/Village Officers,the kidnappING,Directed,1,135,Knows of
67,232,Kamchatka police,Artyom,Directed,1,135,Knows
17,232,Kolya/Nikolai Danilovich / Lieutenant Ryakhovsky,Artyom,Directed,1,135,Knows
17,15,Kolya/Nikolai Danilovich / Lieutenant Ryakhovsky,Lilia Solodikova,Directed,1,135,Knows of
17,164,Kolya/Nikolai Danilovich / Lieutenant Ryakhovsky,Lilia's Kidnapping/Disappearance,Directed,1,135,Knows of
17,16,Kolya/Nikolai Danilovich / Lieutenant Ryakhovsky,Revmira,Directed,1,135,Knows
15,11,Lilia Solodikova,Alla Innokentevna,Directed,1,135,Knows
15,232,Lilia Solodikova,Artyom,Directed,1,135,Knows
15,16,Lilia Solodikova,Revmira,Directed,1,135,Knows
12,11,Natasha/Natalia,Alla Innokentevna,Directed,1,135,Knows
12,16,Natasha/Natalia,Revmira,Directed,1,135,Knows
12,56,Natasha/Natalia,the kidnappER,Directed,1,135,Knows of
226,237,Petropavlovsk Police / Detectives,"""drunk drivers and petty arsonists"" (134)",Directed,1,135,Knows of
16,11,Revmira,Alla Innokentevna,Directed,1,135,Exchange
16,6,Revmira,Alyona Golosovsky,Directed,1,135,Knows of
16,232,Revmira,Artyom,Directed,1,135,Exchange
16,163,Revmira,Esso Police/Village Officers,Directed,1,135,Knows of
16,67,Revmira,Kamchatka police,Directed,1,135,Knows of
16,17,Revmira,Kolya/Nikolai Danilovich / Lieutenant Ryakhovsky,Directed,1,135,Knows
16,15,Revmira,Lilia Solodikova,Directed,1,135,Knows
16,164,Revmira,Lilia's Kidnapping/Disappearance,Directed,1,135,Knows of
16,12,Revmira,Natasha/Natalia,Directed,1,135,Knows
16,364,Revmira,Revmira's Father,Directed,1,135,Knows
16,365,Revmira,Revmira's Mother,Directed,1,135,Knows
16,5,Revmira,Sophia Golosovsky,Directed,1,135,Knows of
16,56,Revmira,the kidnappER,Directed,1,135,Knows of
16,57,Revmira,the kidnappING,Directed,1,135,Knows of
364,11,Revmira's Father,Alla Innokentevna,Directed,1,135,Knows
364,16,Revmira's Father,Revmira,Directed,1,135,Knows
365,11,Revmira's Mother,Alla Innokentevna,Directed,1,135,Knows
365,16,Revmira's Mother,Revmira,Directed,1,135,Knows
11,232,Alla Innokentevna,Artyom,Directed,1,136,Knows
11,15,Alla Innokentevna,Lilia Solodikova,Directed,1,136,Knows
11,164,Alla Innokentevna,Lilia's Kidnapping/Disappearance,Directed,1,136,Knows of
11,16,Alla Innokentevna,Revmira,Directed,1,136,Exchange
232,11,Artyom,Alla Innokentevna,Directed,1,136,Knows
232,17,Artyom,Kolya/Nikolai Danilovich / Lieutenant Ryakhovsky,Directed,1,136,Knows
232,15,Artyom,Lilia Solodikova,Directed,1,136,Knows
232,164,Artyom,Lilia's Kidnapping/Disappearance,Directed,1,136,Knows
232,16,Artyom,Revmira,Directed,1,136,Exchange
232,26,Artyom,Yevgeny Pavlovich Kulik (the major general),Directed,1,136,Knows
233,16,Gleb,Revmira,Directed,1,136,Knows
17,232,Kolya/Nikolai Danilovich / Lieutenant Ryakhovsky,Artyom,Directed,1,136,Knows
17,15,Kolya/Nikolai Danilovich / Lieutenant Ryakhovsky,Lilia Solodikova,Directed,1,136,Knows of
17,164,Kolya/Nikolai Danilovich / Lieutenant Ryakhovsky,Lilia's Kidnapping/Disappearance,Directed,1,136,Knows of
17,16,Kolya/Nikolai Danilovich / Lieutenant Ryakhovsky,Revmira,Directed,1,136,Knows
17,26,Kolya/Nikolai Danilovich / Lieutenant Ryakhovsky,Yevgeny Pavlovich Kulik (the major general),Directed,1,136,Knows
17,236,Kolya/Nikolai Danilovich / Lieutenant Ryakhovsky,civilians of Petropavlosk,Directed,1,136,Knows
15,11,Lilia Solodikova,Alla Innokentevna,Directed,1,136,Knows
15,232,Lilia Solodikova,Artyom,Directed,1,136,Knows
15,16,Lilia Solodikova,Revmira,Directed,1,136,Knows
16,11,Revmira,Alla Innokentevna,Directed,1,136,Exchange
16,6,Revmira,Alyona Golosovsky,Directed,1,136,Knows of
16,232,Revmira,Artyom,Directed,1,136,Exchange
16,233,Revmira,Gleb,Directed,1,136,Knows
16,17,Revmira,Kolya/Nikolai Danilovich / Lieutenant Ryakhovsky,Directed,1,136,Knows
16,15,Revmira,Lilia Solodikova,Directed,1,136,Knows
16,164,Revmira,Lilia's Kidnapping/Disappearance,Directed,1,136,Knows of
16,5,Revmira,Sophia Golosovsky,Directed,1,136,Knows of
16,26,Revmira,Yevgeny Pavlovich Kulik (the major general),Directed,1,136,Knows
16,57,Revmira,the kidnappING,Directed,1,136,Knows of
26,232,Yevgeny Pavlovich Kulik (the major general),Artyom,Directed,1,136,Knows
26,17,Yevgeny Pavlovich Kulik (the major general),Kolya/Nikolai Danilovich / Lieutenant Ryakhovsky,Directed,1,136,Knows
236,17,civilians of Petropavlosk,Kolya/Nikolai Danilovich / Lieutenant Ryakhovsky,Directed,1,136,Knows
232,16,Artyom,Revmira,Directed,1,137,Exchange
233,16,Gleb,Revmira,Directed,1,137,Knows
233,240,Gleb,Revmira and Gleb's Friends,Directed,1,137,Knows
233,241,Gleb,Vera Vasilievna (Gleb's Mother),Directed,1,137,Knows
16,232,Revmira,Artyom,Directed,1,137,Exchange
16,233,Revmira,Gleb,Directed,1,137,Knows
16,240,Revmira,Revmira and Gleb's Friends,Directed,1,137,Knows
16,364,Revmira,Revmira's Father,Directed,1,137,Knows
16,365,Revmira,Revmira's Mother,Directed,1,137,Knows
16,241,Revmira,Vera Vasilievna (Gleb's Mother),Directed,1,137,Exchange
240,233,Revmira and Gleb's Friends,Gleb,Directed,1,137,Knows
240,16,Revmira and Gleb's Friends,Revmira,Directed,1,137,Knows
364,16,Revmira's Father,Revmira,Directed,1,137,Knows
365,16,Revmira's Mother,Revmira,Directed,1,137,Knows
241,233,Vera Vasilievna (Gleb's Mother),Gleb,Directed,1,137,Knows
241,16,Vera Vasilievna (Gleb's Mother),Revmira,Directed,1,137,Exchange
232,16,Artyom,Revmira,Directed,1,138,Exchange
233,16,Gleb,Revmira,Directed,1,138,Knows
233,241,Gleb,Vera Vasilievna (Gleb's Mother),Directed,1,138,Knows
16,232,Revmira,Artyom,Directed,1,138,Exchange
16,233,Revmira,Gleb,Directed,1,138,Knows
16,364,Revmira,Revmira's Father,Directed,1,138,Knows
16,242,Revmira,Revmira's Grandfather,Directed,1,138,Knows
16,365,Revmira,Revmira's Mother,Directed,1,138,Knows
16,241,Revmira,Vera Vasilievna (Gleb's Mother),Directed,1,138,Exchange
364,16,Revmira's Father,Revmira,Directed,1,138,Knows
242,16,Revmira's Grandfather,Revmira,Directed,1,138,Knows
365,16,Revmira's Mother,Revmira,Directed,1,138,Knows
241,233,Vera Vasilievna (Gleb's Mother),Gleb,Directed,1,138,Knows
241,16,Vera Vasilievna (Gleb's Mother),Revmira,Directed,1,138,Exchange
245,233,"""the other nurse""",Gleb,Directed,1,139,Knows of
245,16,"""the other nurse""",Revmira,Directed,1,139,Exchange
233,16,Gleb,Revmira,Directed,1,139,Knows
233,241,Gleb,Vera Vasilievna (Gleb's Mother),Directed,1,139,Knows
16,245,Revmira,"""the other nurse""",Directed,1,139,Exchange
16,233,Revmira,Gleb,Directed,1,139,Knows
16,244,Revmira,Gorbachev,Directed,1,139,Knows of
16,364,Revmira,Revmira's Father,Directed,1,139,Knows
16,243,Revmira,Revmira's Friend (139),Directed,1,139,Knows
16,365,Revmira,Revmira's Mother,Directed,1,139,Knows
16,30,Revmira,Valentina Nikolaevna,Directed,1,139,Knows
16,241,Revmira,Vera Vasilievna (Gleb's Mother),Directed,1,139,Exchange
16,248,Revmira,injured snowboarder,Directed,1,139,Knows
16,247,Revmira,teenager whose appendix burst (139),Directed,1,139,Knows
16,246,Revmira,two men (139),Directed,1,139,Exchange
364,16,Revmira's Father,Revmira,Directed,1,139,Knows
243,16,Revmira's Friend (139),Revmira,Directed,1,139,Knows
365,16,Revmira's Mother,Revmira,Directed,1,139,Knows
30,16,Valentina Nikolaevna,Revmira,Directed,1,139,Knows
241,233,Vera Vasilievna (Gleb's Mother),Gleb,Directed,1,139,Knows
241,16,Vera Vasilievna (Gleb's Mother),Revmira,Directed,1,139,Exchange
248,16,injured snowboarder,Revmira,Directed,1,139,Knows
247,16,teenager whose appendix burst (139),Revmira,Directed,1,139,Knows
246,16,two men (139),Revmira,Directed,1,139,Exchange
11,15,Alla Innokentevna,Lilia Solodikova,Directed,1,140,Knows
11,16,Alla Innokentevna,Revmira,Directed,1,140,Knows
232,16,Artyom,Revmira,Directed,1,140,Knows
250,16,Doctors,Revmira,Directed,1,140,Knows
233,16,Gleb,Revmira,Directed,1,140,Knows
15,11,Lilia Solodikova,Alla Innokentevna,Directed,1,140,Knows
15,16,Lilia Solodikova,Revmira,Directed,1,140,Knows
16,11,Revmira,Alla Innokentevna,Directed,1,140,Knows
16,232,Revmira,Artyom,Directed,1,140,Knows
16,250,Revmira,Doctors,Directed,1,140,Knows
16,233,Revmira,Gleb,Directed,1,140,Knows
16,15,Revmira,Lilia Solodikova,Directed,1,140,Knows
16,164,Revmira,Lilia's Kidnapping/Disappearance,Directed,1,140,Knows of
16,364,Revmira,Revmira's Father,Directed,1,140,Knows
16,365,Revmira,Revmira's Mother,Directed,1,140,Knows
16,249,Revmira,man with crossbow injury,Directed,1,140,Knows
364,16,Revmira's Father,Revmira,Directed,1,140,Knows
365,16,Revmira's Mother,Revmira,Directed,1,140,Knows
249,16,man with crossbow injury,Revmira,Directed,1,140,Knows
232,16,Artyom,Revmira,Directed,1,141,Knows
233,16,Gleb,Revmira,Directed,1,141,Knows
252,16,Inna (Artyom's Teammate's Wife),Revmira,Directed,1,141,Exchange
16,232,Revmira,Artyom,Directed,1,141,Knows
16,233,Revmira,Gleb,Directed,1,141,Knows
16,252,Revmira,Inna (Artyom's Teammate's Wife),Directed,1,141,Exchange
16,364,Revmira,Revmira's Father,Directed,1,141,Knows
16,365,Revmira,Revmira's Mother,Directed,1,141,Knows
16,241,Revmira,Vera Vasilievna (Gleb's Mother),Directed,1,141,Knows
16,251,Revmira,a hundred patients,Directed,1,141,Knows
364,16,Revmira's Father,Revmira,Directed,1,141,Knows
365,16,Revmira's Mother,Revmira,Directed,1,141,Knows
241,16,Vera Vasilievna (Gleb's Mother),Revmira,Directed,1,141,Knows
251,16,a hundred patients,Revmira,Directed,1,141,Knows
232,234,Artyom,Artyom's Rescue Teammates,Directed,1,142,Knows
232,253,Artyom,Artyom's Team Medic,Directed,1,142,Knows
232,252,Artyom,Inna (Artyom's Teammate's Wife),Directed,1,142,Knows
232,16,Artyom,Revmira,Directed,1,142,Knows
232,254,Artyom,a lost skier,Directed,1,142,Knows of
234,232,Artyom's Rescue Teammates,Artyom,Directed,1,142,Knows
234,254,Artyom's Rescue Teammates,a lost skier,Directed,1,142,Knows of
253,232,Artyom's Team Medic,Artyom,Directed,1,142,Knows
252,232,Inna (Artyom's Teammate's Wife),Artyom,Directed,1,142,Knows
252,253,Inna (Artyom's Teammate's Wife),Artyom's Team Medic,Directed,1,142,Knows
252,16,Inna (Artyom's Teammate's Wife),Revmira,Directed,1,142,Exchange
252,254,Inna (Artyom's Teammate's Wife),a lost skier,Directed,1,142,Knows of
16,232,Revmira,Artyom,Directed,1,142,Knows
16,253,Revmira,Artyom's Team Medic,Directed,1,142,Knows
16,252,Revmira,Inna (Artyom's Teammate's Wife),Directed,1,142,Exchange
16,254,Revmira,a lost skier,Directed,1,142,Knows of
16,255,Revmira,a trainee (142),Directed,1,142,Knows
255,16,a trainee (142),Revmira,Directed,1,142,Knows
232,6,Artyom,Alyona Golosovsky,Directed,1,143,Knows of
232,252,Artyom,Inna (Artyom's Teammate's Wife),Directed,1,143,Knows
232,16,Artyom,Revmira,Directed,1,143,Knows
232,5,Artyom,Sophia Golosovsky,Directed,1,143,Knows of
232,56,Artyom,the kidnappER,Directed,1,143,Knows of
232,57,Artyom,the kidnappING,Directed,1,143,Knows of
252,232,Inna (Artyom's Teammate's Wife),Artyom,Directed,1,143,Knows
252,16,Inna (Artyom's Teammate's Wife),Revmira,Directed,1,143,Exchange
16,6,Revmira,Alyona Golosovsky,Directed,1,143,Knows of
16,232,Revmira,Artyom,Directed,1,143,Knows
16,252,Revmira,Inna (Artyom's Teammate's Wife),Directed,1,143,Exchange
16,5,Revmira,Sophia Golosovsky,Directed,1,143,Knows of
16,56,Revmira,the kidnappER,Directed,1,143,Knows of
16,57,Revmira,the kidnappING,Directed,1,143,Knows of
232,256,Artyom,Artyom's Sister,Directed,1,144,Knows
232,252,Artyom,Inna (Artyom's Teammate's Wife),Directed,1,144,Knows
232,16,Artyom,Revmira,Directed,1,144,Knows
256,232,Artyom's Sister,Artyom,Directed,1,144,Knows
256,16,Artyom's Sister,Revmira,Directed,1,144,Exchange
252,232,Inna (Artyom's Teammate's Wife),Artyom,Directed,1,144,Knows
252,16,Inna (Artyom's Teammate's Wife),Revmira,Directed,1,144,Exchange
16,232,Revmira,Artyom,Directed,1,144,Knows
16,256,Revmira,Artyom's Sister,Directed,1,144,Exchange
16,252,Revmira,Inna (Artyom's Teammate's Wife),Directed,1,144,Exchange
232,16,Artyom,Revmira,Directed,1,145,Knows
232,257,Artyom,a bus driver,Directed,1,145,Knows
233,16,Gleb,Revmira,Directed,1,145,Knows
16,232,Revmira,Artyom,Directed,1,145,Knows
16,233,Revmira,Gleb,Directed,1,145,Knows
16,257,Revmira,a bus driver,Directed,1,145,Knows
232,16,Artyom,Revmira,Directed,1,146,Knows
233,16,Gleb,Revmira,Directed,1,146,Knows
252,16,Inna (Artyom's Teammate's Wife),Revmira,Directed,1,146,Exchange
16,232,Revmira,Artyom,Directed,1,146,Knows
16,233,Revmira,Gleb,Directed,1,146,Knows
16,252,Revmira,Inna (Artyom's Teammate's Wife),Directed,1,146,Exchange
8,10,Chegga/Sergei Adukanov,Nadia/Nadezhda,Directed,1,147,Exchange
8,368,Chegga/Sergei Adukanov,a landlord,Directed,1,147,Knows
14,10,Mila/Ludmila,Nadia/Nadezhda,Directed,1,147,Exchange
10,8,Nadia/Nadezhda,Chegga/Sergei Adukanov,Directed,1,147,Exchange
10,14,Nadia/Nadezhda,Mila/Ludmila,Directed,1,147,Exchange
10,368,Nadia/Nadezhda,a landlord,Directed,1,147,Knows
10,259,Nadia/Nadezhda,a pilot,Directed,1,147,Knows
368,8,a landlord,Chegga/Sergei Adukanov,Directed,1,147,Knows
368,10,a landlord,Nadia/Nadezhda,Directed,1,147,Knows
259,14,a pilot,Mila/Ludmila,Directed,1,147,Knows of
259,10,a pilot,Nadia/Nadezhda,Directed,1,147,Knows
261,264,Baba / Nadia's Mother,"""other passengers""",Directed,1,148,Knows
261,8,Baba / Nadia's Mother,Chegga/Sergei Adukanov,Directed,1,148,Knows
261,14,Baba / Nadia's Mother,Mila/Ludmila,Directed,1,148,Knows
261,10,Baba / Nadia's Mother,Nadia/Nadezhda,Directed,1,148,Exchange
8,261,Chegga/Sergei Adukanov,Baba / Nadia's Mother,Directed,1,148,Knows
8,14,Chegga/Sergei Adukanov,Mila/Ludmila,Directed,1,148,Knows
8,10,Chegga/Sergei Adukanov,Nadia/Nadezhda,Directed,1,148,Knows
14,261,Mila/Ludmila,Baba / Nadia's Mother,Directed,1,148,Knows
14,8,Mila/Ludmila,Chegga/Sergei Adukanov,Directed,1,148,Knows
14,260,Mila/Ludmila,Nadia's father,Directed,1,148,Knows
14,10,Mila/Ludmila,Nadia/Nadezhda,Directed,1,148,Exchange
14,263,Mila/Ludmila,Rihanna,Directed,1,148,Knows of
260,14,Nadia's father,Mila/Ludmila,Directed,1,148,Knows
260,10,Nadia's father,Nadia/Nadezhda,Directed,1,148,Knows
10,261,Nadia/Nadezhda,Baba / Nadia's Mother,Directed,1,148,Exchange
10,8,Nadia/Nadezhda,Chegga/Sergei Adukanov,Directed,1,148,Knows
10,14,Nadia/Nadezhda,Mila/Ludmila,Directed,1,148,Exchange
10,260,Nadia/Nadezhda,Nadia's father,Directed,1,148,Knows
10,263,Nadia/Nadezhda,Rihanna,Directed,1,148,Knows of
261,264,Baba / Nadia's Mother,"""other passengers""",Directed,1,149,Knows
261,8,Baba / Nadia's Mother,Chegga/Sergei Adukanov,Directed,1,149,Knows
261,10,Baba / Nadia's Mother,Nadia/Nadezhda,Directed,1,149,Exchange
8,261,Chegga/Sergei Adukanov,Baba / Nadia's Mother,Directed,1,149,Knows
8,14,Chegga/Sergei Adukanov,Mila/Ludmila,Directed,1,149,Knows
8,260,Chegga/Sergei Adukanov,Nadia's father,Directed,1,149,Knows
8,10,Chegga/Sergei Adukanov,Nadia/Nadezhda,Directed,1,149,Knows
7,10,Ksyusha/Ksenia Adukanov,Nadia/Nadezhda,Directed,1,149,Knows
14,8,Mila/Ludmila,Chegga/Sergei Adukanov,Directed,1,149,Knows
14,260,Mila/Ludmila,Nadia's father,Directed,1,149,Exchange
14,10,Mila/Ludmila,Nadia/Nadezhda,Directed,1,149,Exchange
260,8,Nadia's father,Chegga/Sergei Adukanov,Directed,1,149,Knows
260,14,Nadia's father,Mila/Ludmila,Directed,1,149,Exchange
10,261,Nadia/Nadezhda,Baba / Nadia's Mother,Directed,1,149,Exchange
10,8,Nadia/Nadezhda,Chegga/Sergei Adukanov,Directed,1,149,Knows
10,7,Nadia/Nadezhda,Ksyusha/Ksenia Adukanov,Directed,1,149,Knows
10,14,Nadia/Nadezhda,Mila/Ludmila,Directed,1,149,Exchange
261,8,Baba / Nadia's Mother,Chegga/Sergei Adukanov,Directed,1,150,Knows
261,10,Baba / Nadia's Mother,Nadia/Nadezhda,Directed,1,150,Exchange
8,261,Chegga/Sergei Adukanov,Baba / Nadia's Mother,Directed,1,150,Knows
8,14,Chegga/Sergei Adukanov,Mila/Ludmila,Directed,1,150,Knows
8,260,Chegga/Sergei Adukanov,Nadia's father,Directed,1,150,Knows
8,10,Chegga/Sergei Adukanov,Nadia/Nadezhda,Directed,1,150,Knows
14,8,Mila/Ludmila,Chegga/Sergei Adukanov,Directed,1,150,Knows
14,10,Mila/Ludmila,Nadia/Nadezhda,Directed,1,150,Exchange
260,8,Nadia's father,Chegga/Sergei Adukanov,Directed,1,150,Knows
10,261,Nadia/Nadezhda,Baba / Nadia's Mother,Directed,1,150,Exchange
10,8,Nadia/Nadezhda,Chegga/Sergei Adukanov,Directed,1,150,Knows
10,14,Nadia/Nadezhda,Mila/Ludmila,Directed,1,150,Exchange
156,8,Chegga & Ksyusha's father,Chegga/Sergei Adukanov,Directed,1,151,Knows
156,10,Chegga & Ksyusha's father,Nadia/Nadezhda,Directed,1,151,Knows
145,8,Chegga & Ksyusha's mother,Chegga/Sergei Adukanov,Directed,1,151,Knows
145,10,Chegga & Ksyusha's mother,Nadia/Nadezhda,Directed,1,151,Exchange
8,266,Chegga/Sergei Adukanov,"""other villagers"" (in Esso)",Directed,1,151,Knows
8,156,Chegga/Sergei Adukanov,Chegga & Ksyusha's father,Directed,1,151,Knows
8,145,Chegga/Sergei Adukanov,Chegga & Ksyusha's mother,Directed,1,151,Knows
8,7,Chegga/Sergei Adukanov,Ksyusha/Ksenia Adukanov,Directed,1,151,Knows
8,10,Chegga/Sergei Adukanov,Nadia/Nadezhda,Directed,1,151,Exchange
8,9,Chegga/Sergei Adukanov,Ruslan,Directed,1,151,Exchange
8,31,Chegga/Sergei Adukanov,Yegor Gusakov,Directed,1,151,Knows
7,8,Ksyusha/Ksenia Adukanov,Chegga/Sergei Adukanov,Directed,1,151,Knows
7,14,Ksyusha/Ksenia Adukanov,Mila/Ludmila,Directed,1,151,Knows
7,10,Ksyusha/Ksenia Adukanov,Nadia/Nadezhda,Directed,1,151,Knows
7,9,Ksyusha/Ksenia Adukanov,Ruslan,Directed,1,151,Knows
14,7,Mila/Ludmila,Ksyusha/Ksenia Adukanov,Directed,1,151,Knows
14,10,Mila/Ludmila,Nadia/Nadezhda,Directed,1,151,Exchange
14,9,Mila/Ludmila,Ruslan,Directed,1,151,Knows
10,156,Nadia/Nadezhda,Chegga & Ksyusha's father,Directed,1,151,Knows
10,145,Nadia/Nadezhda,Chegga & Ksyusha's mother,Directed,1,151,Exchange
10,8,Nadia/Nadezhda,Chegga/Sergei Adukanov,Directed,1,151,Exchange
10,7,Nadia/Nadezhda,Ksyusha/Ksenia Adukanov,Directed,1,151,Knows
10,14,Nadia/Nadezhda,Mila/Ludmila,Directed,1,151,Exchange
10,9,Nadia/Nadezhda,Ruslan,Directed,1,151,Exchange
10,31,Nadia/Nadezhda,Yegor Gusakov,Directed,1,151,Knows of
9,266,Ruslan,"""other villagers"" (in Esso)",Directed,1,151,Knows
9,8,Ruslan,Chegga/Sergei Adukanov,Directed,1,151,Exchange
9,7,Ruslan,Ksyusha/Ksenia Adukanov,Directed,1,151,Knows
9,10,Ruslan,Nadia/Nadezhda,Directed,1,151,Exchange
9,31,Ruslan,Yegor Gusakov,Directed,1,151,Knows
31,8,Yegor Gusakov,Chegga/Sergei Adukanov,Directed,1,151,Knows
31,9,Yegor Gusakov,Ruslan,Directed,1,151,Knows
261,10,Baba / Nadia's Mother,Nadia/Nadezhda,Directed,1,152,Knows
8,15,Chegga/Sergei Adukanov,Lilia Solodikova,Directed,1,152,Knows
8,164,Chegga/Sergei Adukanov,Lilia's Kidnapping/Disappearance,Directed,1,152,Knows of
8,10,Chegga/Sergei Adukanov,Nadia/Nadezhda,Directed,1,152,Exchange
8,9,Chegga/Sergei Adukanov,Ruslan,Directed,1,152,Exchange
8,31,Chegga/Sergei Adukanov,Yegor Gusakov,Directed,1,152,Knows
7,15,Ksyusha/Ksenia Adukanov,Lilia Solodikova,Directed,1,152,Knows
7,164,Ksyusha/Ksenia Adukanov,Lilia's Kidnapping/Disappearance,Directed,1,152,Knows of
7,9,Ksyusha/Ksenia Adukanov,Ruslan,Directed,1,152,Exchange
7,31,Ksyusha/Ksenia Adukanov,Yegor Gusakov,Directed,1,152,Knows
15,8,Lilia Solodikova,Chegga/Sergei Adukanov,Directed,1,152,Knows
15,7,Lilia Solodikova,Ksyusha/Ksenia Adukanov,Directed,1,152,Knows
15,9,Lilia Solodikova,Ruslan,Directed,1,152,Knows
15,31,Lilia Solodikova,Yegor Gusakov,Directed,1,152,Knows
14,10,Mila/Ludmila,Nadia/Nadezhda,Directed,1,152,Exchange
260,10,Nadia's father,Nadia/Nadezhda,Directed,1,152,Knows
10,261,Nadia/Nadezhda,Baba / Nadia's Mother,Directed,1,152,Knows
10,8,Nadia/Nadezhda,Chegga/Sergei Adukanov,Directed,1,152,Exchange
10,15,Nadia/Nadezhda,Lilia Solodikova,Directed,1,152,Knows of
10,164,Nadia/Nadezhda,Lilia's Kidnapping/Disappearance,Directed,1,152,Knows of
10,14,Nadia/Nadezhda,Mila/Ludmila,Directed,1,152,Exchange
10,260,Nadia/Nadezhda,Nadia's father,Directed,1,152,Knows
10,31,Nadia/Nadezhda,Yegor Gusakov,Directed,1,152,Knows of
9,8,Ruslan,Chegga/Sergei Adukanov,Directed,1,152,Exchange
9,7,Ruslan,Ksyusha/Ksenia Adukanov,Directed,1,152,Exchange
9,15,Ruslan,Lilia Solodikova,Directed,1,152,Knows
9,164,Ruslan,Lilia's Kidnapping/Disappearance,Directed,1,152,Knows of
9,31,Ruslan,Yegor Gusakov,Directed,1,152,Knows
31,8,Yegor Gusakov,Chegga/Sergei Adukanov,Directed,1,152,Knows
31,7,Yegor Gusakov,Ksyusha/Ksenia Adukanov,Directed,1,152,Knows
31,15,Yegor Gusakov,Lilia Solodikova,Directed,1,152,Knows
31,9,Yegor Gusakov,Ruslan,Directed,1,152,Knows
261,14,Baba / Nadia's Mother,Mila/Ludmila,Directed,1,153,Exchange
261,260,Baba / Nadia's Mother,Nadia's father,Directed,1,153,Knows
261,10,Baba / Nadia's Mother,Nadia/Nadezhda,Directed,1,153,Exchange
8,14,Chegga/Sergei Adukanov,Mila/Ludmila,Directed,1,153,Knows
8,10,Chegga/Sergei Adukanov,Nadia/Nadezhda,Directed,1,153,Knows
14,261,Mila/Ludmila,Baba / Nadia's Mother,Directed,1,153,Exchange
14,8,Mila/Ludmila,Chegga/Sergei Adukanov,Directed,1,153,Knows
14,10,Mila/Ludmila,Nadia/Nadezhda,Directed,1,153,Exchange
260,261,Nadia's father,Baba / Nadia's Mother,Directed,1,153,Knows
260,10,Nadia's father,Nadia/Nadezhda,Directed,1,153,Exchange
10,261,Nadia/Nadezhda,Baba / Nadia's Mother,Directed,1,153,Exchange
10,8,Nadia/Nadezhda,Chegga/Sergei Adukanov,Directed,1,153,Knows
10,14,Nadia/Nadezhda,Mila/Ludmila,Directed,1,153,Exchange
10,260,Nadia/Nadezhda,Nadia's father,Directed,1,153,Exchange
261,14,Baba / Nadia's Mother,Mila/Ludmila,Directed,1,154,Knows
261,10,Baba / Nadia's Mother,Nadia/Nadezhda,Directed,1,154,Knows
8,14,Chegga/Sergei Adukanov,Mila/Ludmila,Directed,1,154,Knows
8,10,Chegga/Sergei Adukanov,Nadia/Nadezhda,Directed,1,154,Knows
14,261,Mila/Ludmila,Baba / Nadia's Mother,Directed,1,154,Knows
14,8,Mila/Ludmila,Chegga/Sergei Adukanov,Directed,1,154,Knows
14,260,Mila/Ludmila,Nadia's father,Directed,1,154,Knows
14,10,Mila/Ludmila,Nadia/Nadezhda,Directed,1,154,Exchange
260,14,Nadia's father,Mila/Ludmila,Directed,1,154,Knows
260,10,Nadia's father,Nadia/Nadezhda,Directed,1,154,Knows
260,267,Nadia's father,School Attendant (154-155),Directed,1,154,Knows
10,261,Nadia/Nadezhda,Baba / Nadia's Mother,Directed,1,154,Knows
10,8,Nadia/Nadezhda,Chegga/Sergei Adukanov,Directed,1,154,Knows
10,14,Nadia/Nadezhda,Mila/Ludmila,Directed,1,154,Exchange
10,260,Nadia/Nadezhda,Nadia's father,Directed,1,154,Knows
10,267,Nadia/Nadezhda,School Attendant (154-155),Directed,1,154,Knows
267,260,School Attendant (154-155),Nadia's father,Directed,1,154,Knows
267,10,School Attendant (154-155),Nadia/Nadezhda,Directed,1,154,Knows
8,14,Chegga/Sergei Adukanov,Mila/Ludmila,Directed,1,155,Knows
8,10,Chegga/Sergei Adukanov,Nadia/Nadezhda,Directed,1,155,Knows
14,8,Mila/Ludmila,Chegga/Sergei Adukanov,Directed,1,155,Knows
14,10,Mila/Ludmila,Nadia/Nadezhda,Directed,1,155,Exchange
260,267,Nadia's father,School Attendant (154-155),Directed,1,155,Knows
10,8,Nadia/Nadezhda,Chegga/Sergei Adukanov,Directed,1,155,Knows
10,14,Nadia/Nadezhda,Mila/Ludmila,Directed,1,155,Exchange
10,267,Nadia/Nadezhda,School Attendant (154-155),Directed,1,155,Knows
267,260,School Attendant (154-155),Nadia's father,Directed,1,155,Knows
267,10,School Attendant (154-155),Nadia/Nadezhda,Directed,1,155,Knows
261,10,Baba / Nadia's Mother,Nadia/Nadezhda,Directed,1,156,Exchange
261,268,Baba / Nadia's Mother,Slava Bychkov,Directed,1,156,Knows
8,14,Chegga/Sergei Adukanov,Mila/Ludmila,Directed,1,156,Knows
8,10,Chegga/Sergei Adukanov,Nadia/Nadezhda,Directed,1,156,Knows
14,8,Mila/Ludmila,Chegga/Sergei Adukanov,Directed,1,156,Knows
14,260,Mila/Ludmila,Nadia's father,Directed,1,156,Knows
14,10,Mila/Ludmila,Nadia/Nadezhda,Directed,1,156,Knows
260,14,Nadia's father,Mila/Ludmila,Directed,1,156,Knows
260,10,Nadia's father,Nadia/Nadezhda,Directed,1,156,Knows
260,268,Nadia's father,Slava Bychkov,Directed,1,156,Knows
10,261,Nadia/Nadezhda,Baba / Nadia's Mother,Directed,1,156,Exchange
10,8,Nadia/Nadezhda,Chegga/Sergei Adukanov,Directed,1,156,Knows
10,14,Nadia/Nadezhda,Mila/Ludmila,Directed,1,156,Knows
10,260,Nadia/Nadezhda,Nadia's father,Directed,1,156,Knows
10,270,Nadia/Nadezhda,Sberbank Manager (156-57),Directed,1,156,Knows
10,268,Nadia/Nadezhda,Slava Bychkov,Directed,1,156,Exchange
10,269,Nadia/Nadezhda,Slava Bychkov's Aunt,Directed,1,156,Knows
270,10,Sberbank Manager (156-57),Nadia/Nadezhda,Directed,1,156,Knows
268,261,Slava Bychkov,Baba / Nadia's Mother,Directed,1,156,Knows
268,14,Slava Bychkov,Mila/Ludmila,Directed,1,156,Knows of
268,260,Slava Bychkov,Nadia's father,Directed,1,156,Knows
268,10,Slava Bychkov,Nadia/Nadezhda,Directed,1,156,Exchange
268,269,Slava Bychkov,Slava Bychkov's Aunt,Directed,1,156,Knows
269,10,Slava Bychkov's Aunt,Nadia/Nadezhda,Directed,1,156,Knows
269,268,Slava Bychkov's Aunt,Slava Bychkov,Directed,1,156,Knows
261,14,Baba / Nadia's Mother,Mila/Ludmila,Directed,1,157,Knows
261,10,Baba / Nadia's Mother,Nadia/Nadezhda,Directed,1,157,Exchange
261,271,Baba / Nadia's Mother,Stalin,Directed,1,157,Knows of
14,261,Mila/Ludmila,Baba / Nadia's Mother,Directed,1,157,Knows
14,260,Mila/Ludmila,Nadia's father,Directed,1,157,Knows
14,10,Mila/Ludmila,Nadia/Nadezhda,Directed,1,157,Exchange
260,14,Nadia's father,Mila/Ludmila,Directed,1,157,Knows
260,10,Nadia's father,Nadia/Nadezhda,Directed,1,157,Knows
260,271,Nadia's father,Stalin,Directed,1,157,Knows of
10,261,Nadia/Nadezhda,Baba / Nadia's Mother,Directed,1,157,Exchange
10,14,Nadia/Nadezhda,Mila/Ludmila,Directed,1,157,Exchange
10,260,Nadia/Nadezhda,Nadia's father,Directed,1,157,Knows
10,270,Nadia/Nadezhda,Sberbank Manager (156-57),Directed,1,157,Knows
10,268,Nadia/Nadezhda,Slava Bychkov,Directed,1,157,Exchange
10,271,Nadia/Nadezhda,Stalin,Directed,1,157,Knows of
270,10,Sberbank Manager (156-57),Nadia/Nadezhda,Directed,1,157,Knows
268,10,Slava Bychkov,Nadia/Nadezhda,Directed,1,157,Exchange
271,260,Stalin,Nadia's father,Directed,1,157,Knows of
261,10,Baba / Nadia's Mother,Nadia/Nadezhda,Directed,1,158,Knows
261,268,Baba / Nadia's Mother,Slava Bychkov,Directed,1,158,Knows
8,10,Chegga/Sergei Adukanov,Nadia/Nadezhda,Directed,1,158,Knows
14,10,Mila/Ludmila,Nadia/Nadezhda,Directed,1,158,Knows
10,261,Nadia/Nadezhda,Baba / Nadia's Mother,Directed,1,158,Knows
10,8,Nadia/Nadezhda,Chegga/Sergei Adukanov,Directed,1,158,Knows
10,14,Nadia/Nadezhda,Mila/Ludmila,Directed,1,158,Knows
10,268,Nadia/Nadezhda,Slava Bychkov,Directed,1,158,Exchange
10,273,Nadia/Nadezhda,Slava's (ex) wife,Directed,1,158,Knows of
10,272,Nadia/Nadezhda,waiter (158),Directed,1,158,Exchange
268,261,Slava Bychkov,Baba / Nadia's Mother,Directed,1,158,Knows
268,10,Slava Bychkov,Nadia/Nadezhda,Directed,1,158,Exchange
268,273,Slava Bychkov,Slava's (ex) wife,Directed,1,158,Knows
268,272,Slava Bychkov,waiter (158),Directed,1,158,Exchange
273,10,Slava's (ex) wife,Nadia/Nadezhda,Directed,1,158,Knows of
273,268,Slava's (ex) wife,Slava Bychkov,Directed,1,158,Knows
272,10,waiter (158),Nadia/Nadezhda,Directed,1,158,Exchange
272,268,waiter (158),Slava Bychkov,Directed,1,158,Exchange
261,10,Baba / Nadia's Mother,Nadia/Nadezhda,Directed,1,159,Knows
261,268,Baba / Nadia's Mother,Slava Bychkov,Directed,1,159,Knows
8,10,Chegga/Sergei Adukanov,Nadia/Nadezhda,Directed,1,159,Knows
8,268,Chegga/Sergei Adukanov,Slava Bychkov,Directed,1,159,Knows of
15,10,Lilia Solodikova,Nadia/Nadezhda,Directed,1,159,Knows
14,10,Mila/Ludmila,Nadia/Nadezhda,Directed,1,159,Knows
10,261,Nadia/Nadezhda,Baba / Nadia's Mother,Directed,1,159,Knows
10,8,Nadia/Nadezhda,Chegga/Sergei Adukanov,Directed,1,159,Knows
10,15,Nadia/Nadezhda,Lilia Solodikova,Directed,1,159,Knows
10,14,Nadia/Nadezhda,Mila/Ludmila,Directed,1,159,Knows
10,268,Nadia/Nadezhda,Slava Bychkov,Directed,1,159,Exchange
10,275,Nadia/Nadezhda,Slava Bychkov's Brothers,Directed,1,159,Knows
10,274,Nadia/Nadezhda,Slava Bychkov's Parents,Directed,1,159,Knows
10,272,Nadia/Nadezhda,waiter (158),Directed,1,159,Exchange
268,261,Slava Bychkov,Baba / Nadia's Mother,Directed,1,159,Knows
268,8,Slava Bychkov,Chegga/Sergei Adukanov,Directed,1,159,Knows of
268,14,Slava Bychkov,Mila/Ludmila,Directed,1,159,Knows
268,10,Slava Bychkov,Nadia/Nadezhda,Directed,1,159,Exchange
268,275,Slava Bychkov,Slava Bychkov's Brothers,Directed,1,159,Knows
268,274,Slava Bychkov,Slava Bychkov's Parents,Directed,1,159,Knows
268,272,Slava Bychkov,waiter (158),Directed,1,159,Exchange
275,10,Slava Bychkov's Brothers,Nadia/Nadezhda,Directed,1,159,Knows
275,268,Slava Bychkov's Brothers,Slava Bychkov,Directed,1,159,Knows
274,10,Slava Bychkov's Parents,Nadia/Nadezhda,Directed,1,159,Knows
274,268,Slava Bychkov's Parents,Slava Bychkov,Directed,1,159,Knows
272,10,waiter (158),Nadia/Nadezhda,Directed,1,159,Exchange
272,268,waiter (158),Slava Bychkov,Directed,1,159,Exchange
261,14,Baba / Nadia's Mother,Mila/Ludmila,Directed,1,160,Knows
261,10,Baba / Nadia's Mother,Nadia/Nadezhda,Directed,1,160,Knows
8,10,Chegga/Sergei Adukanov,Nadia/Nadezhda,Directed,1,160,Knows
14,261,Mila/Ludmila,Baba / Nadia's Mother,Directed,1,160,Knows
14,260,Mila/Ludmila,Nadia's father,Directed,1,160,Knows
14,10,Mila/Ludmila,Nadia/Nadezhda,Directed,1,160,Exchange
260,14,Nadia's father,Mila/Ludmila,Directed,1,160,Knows
260,10,Nadia's father,Nadia/Nadezhda,Directed,1,160,Exchange
10,261,Nadia/Nadezhda,Baba / Nadia's Mother,Directed,1,160,Knows
10,8,Nadia/Nadezhda,Chegga/Sergei Adukanov,Directed,1,160,Knows
10,14,Nadia/Nadezhda,Mila/Ludmila,Directed,1,160,Exchange
10,260,Nadia/Nadezhda,Nadia's father,Directed,1,160,Exchange
10,268,Nadia/Nadezhda,Slava Bychkov,Directed,1,160,Exchange
268,10,Slava Bychkov,Nadia/Nadezhda,Directed,1,160,Exchange
261,14,Baba / Nadia's Mother,Mila/Ludmila,Directed,1,161,Knows
261,10,Baba / Nadia's Mother,Nadia/Nadezhda,Directed,1,161,Knows
261,276,Baba / Nadia's Mother,a Ukrainian commuter (161),Directed,1,161,Knows
261,277,Baba / Nadia's Mother,a reporter (161),Directed,1,161,Knows
8,10,Chegga/Sergei Adukanov,Nadia/Nadezhda,Directed,1,161,Exchange
14,261,Mila/Ludmila,Baba / Nadia's Mother,Directed,1,161,Knows
14,260,Mila/Ludmila,Nadia's father,Directed,1,161,Knows
14,10,Mila/Ludmila,Nadia/Nadezhda,Directed,1,161,Exchange
260,14,Nadia's father,Mila/Ludmila,Directed,1,161,Knows
260,10,Nadia's father,Nadia/Nadezhda,Directed,1,161,Exchange
260,276,Nadia's father,a Ukrainian commuter (161),Directed,1,161,Knows of
260,277,Nadia's father,a reporter (161),Directed,1,161,Knows of
10,261,Nadia/Nadezhda,Baba / Nadia's Mother,Directed,1,161,Knows
10,8,Nadia/Nadezhda,Chegga/Sergei Adukanov,Directed,1,161,Exchange
10,14,Nadia/Nadezhda,Mila/Ludmila,Directed,1,161,Exchange
10,260,Nadia/Nadezhda,Nadia's father,Directed,1,161,Exchange
276,277,a Ukrainian commuter (161),a reporter (161),Directed,1,161,Exchange
277,261,a reporter (161),Baba / Nadia's Mother,Directed,1,161,Knows
277,276,a reporter (161),a Ukrainian commuter (161),Directed,1,161,Exchange
261,8,Baba / Nadia's Mother,Chegga/Sergei Adukanov,Directed,1,162,Knows
261,10,Baba / Nadia's Mother,Nadia/Nadezhda,Directed,1,162,Knows
145,8,Chegga & Ksyusha's mother,Chegga/Sergei Adukanov,Directed,1,162,Knows
145,10,Chegga & Ksyusha's mother,Nadia/Nadezhda,Directed,1,162,Knows
8,261,Chegga/Sergei Adukanov,Baba / Nadia's Mother,Directed,1,162,Knows
8,145,Chegga/Sergei Adukanov,Chegga & Ksyusha's mother,Directed,1,162,Knows
8,14,Chegga/Sergei Adukanov,Mila/Ludmila,Directed,1,162,Knows
8,260,Chegga/Sergei Adukanov,Nadia's father,Directed,1,162,Knows
8,10,Chegga/Sergei Adukanov,Nadia/Nadezhda,Directed,1,162,Exchange
14,8,Mila/Ludmila,Chegga/Sergei Adukanov,Directed,1,162,Knows
14,10,Mila/Ludmila,Nadia/Nadezhda,Directed,1,162,Exchange
260,8,Nadia's father,Chegga/Sergei Adukanov,Directed,1,162,Knows
260,10,Nadia's father,Nadia/Nadezhda,Directed,1,162,Knows
10,261,Nadia/Nadezhda,Baba / Nadia's Mother,Directed,1,162,Knows
10,145,Nadia/Nadezhda,Chegga & Ksyusha's mother,Directed,1,162,Knows
10,8,Nadia/Nadezhda,Chegga/Sergei Adukanov,Directed,1,162,Exchange
10,14,Nadia/Nadezhda,Mila/Ludmila,Directed,1,162,Exchange
10,260,Nadia/Nadezhda,Nadia's father,Directed,1,162,Knows
8,7,Chegga/Sergei Adukanov,Ksyusha/Ksenia Adukanov,Directed,1,163,Knows
8,15,Chegga/Sergei Adukanov,Lilia Solodikova,Directed,1,163,Knows
8,164,Chegga/Sergei Adukanov,Lilia's Kidnapping/Disappearance,Directed,1,163,Knows of
8,10,Chegga/Sergei Adukanov,Nadia/Nadezhda,Directed,1,163,Exchange
7,8,Ksyusha/Ksenia Adukanov,Chegga/Sergei Adukanov,Directed,1,163,Knows
7,15,Ksyusha/Ksenia Adukanov,Lilia Solodikova,Directed,1,163,Knows
7,164,Ksyusha/Ksenia Adukanov,Lilia's Kidnapping/Disappearance,Directed,1,163,Knows of
7,10,Ksyusha/Ksenia Adukanov,Nadia/Nadezhda,Directed,1,163,Exchange
7,9,Ksyusha/Ksenia Adukanov,Ruslan,Directed,1,163,Knows
15,8,Lilia Solodikova,Chegga/Sergei Adukanov,Directed,1,163,Knows
15,7,Lilia Solodikova,Ksyusha/Ksenia Adukanov,Directed,1,163,Knows
15,10,Lilia Solodikova,Nadia/Nadezhda,Directed,1,163,Knows
10,8,Nadia/Nadezhda,Chegga/Sergei Adukanov,Directed,1,163,Exchange
10,7,Nadia/Nadezhda,Ksyusha/Ksenia Adukanov,Directed,1,163,Exchange
10,15,Nadia/Nadezhda,Lilia Solodikova,Directed,1,163,Knows
10,164,Nadia/Nadezhda,Lilia's Kidnapping/Disappearance,Directed,1,163,Knows of
10,9,Nadia/Nadezhda,Ruslan,Directed,1,163,Knows
10,31,Nadia/Nadezhda,Yegor Gusakov,Directed,1,163,Knows of
9,7,Ruslan,Ksyusha/Ksenia Adukanov,Directed,1,163,Knows
9,10,Ruslan,Nadia/Nadezhda,Directed,1,163,Knows
8,7,Chegga/Sergei Adukanov,Ksyusha/Ksenia Adukanov,Directed,1,164,Knows
8,15,Chegga/Sergei Adukanov,Lilia Solodikova,Directed,1,164,Knows
8,164,Chegga/Sergei Adukanov,Lilia's Kidnapping/Disappearance,Directed,1,164,Knows of
8,14,Chegga/Sergei Adukanov,Mila/Ludmila,Directed,1,164,Knows
8,10,Chegga/Sergei Adukanov,Nadia/Nadezhda,Directed,1,164,Exchange
7,8,Ksyusha/Ksenia Adukanov,Chegga/Sergei Adukanov,Directed,1,164,Knows
7,10,Ksyusha/Ksenia Adukanov,Nadia/Nadezhda,Directed,1,164,Exchange
15,8,Lilia Solodikova,Chegga/Sergei Adukanov,Directed,1,164,Knows
15,10,Lilia Solodikova,Nadia/Nadezhda,Directed,1,164,Knows
278,10,Mila's biological father,Nadia/Nadezhda,Directed,1,164,Knows
278,268,Mila's biological father,Slava Bychkov,Directed,1,164,Knows of
14,8,Mila/Ludmila,Chegga/Sergei Adukanov,Directed,1,164,Knows
14,10,Mila/Ludmila,Nadia/Nadezhda,Directed,1,164,Knows
10,8,Nadia/Nadezhda,Chegga/Sergei Adukanov,Directed,1,164,Exchange
10,7,Nadia/Nadezhda,Ksyusha/Ksenia Adukanov,Directed,1,164,Exchange
10,15,Nadia/Nadezhda,Lilia Solodikova,Directed,1,164,Knows
10,164,Nadia/Nadezhda,Lilia's Kidnapping/Disappearance,Directed,1,164,Knows of
10,278,Nadia/Nadezhda,Mila's biological father,Directed,1,164,Knows
10,14,Nadia/Nadezhda,Mila/Ludmila,Directed,1,164,Knows
10,268,Nadia/Nadezhda,Slava Bychkov,Directed,1,164,Exchange
268,278,Slava Bychkov,Mila's biological father,Directed,1,164,Knows of
268,14,Slava Bychkov,Mila/Ludmila,Directed,1,164,Knows of
268,10,Slava Bychkov,Nadia/Nadezhda,Directed,1,164,Exchange
261,10,Baba / Nadia's Mother,Nadia/Nadezhda,Directed,1,165,Exchange
8,10,Chegga/Sergei Adukanov,Nadia/Nadezhda,Directed,1,165,Knows
14,10,Mila/Ludmila,Nadia/Nadezhda,Directed,1,165,Knows
10,261,Nadia/Nadezhda,Baba / Nadia's Mother,Directed,1,165,Exchange
10,8,Nadia/Nadezhda,Chegga/Sergei Adukanov,Directed,1,165,Knows
10,14,Nadia/Nadezhda,Mila/Ludmila,Directed,1,165,Knows
10,268,Nadia/Nadezhda,Slava Bychkov,Directed,1,165,Exchange
268,14,Slava Bychkov,Mila/Ludmila,Directed,1,165,Knows of
268,10,Slava Bychkov,Nadia/Nadezhda,Directed,1,165,Exchange
280,261,"""the neighbors""",Baba / Nadia's Mother,Directed,1,166,Knows
279,261,"""the nurses""",Baba / Nadia's Mother,Directed,1,166,Knows
261,280,Baba / Nadia's Mother,"""the neighbors""",Directed,1,166,Knows
261,279,Baba / Nadia's Mother,"""the nurses""",Directed,1,166,Knows
261,10,Baba / Nadia's Mother,Nadia/Nadezhda,Directed,1,166,Exchange
14,10,Mila/Ludmila,Nadia/Nadezhda,Directed,1,166,Exchange
10,261,Nadia/Nadezhda,Baba / Nadia's Mother,Directed,1,166,Exchange
10,14,Nadia/Nadezhda,Mila/Ludmila,Directed,1,166,Exchange
261,10,Baba / Nadia's Mother,Nadia/Nadezhda,Directed,1,167,Exchange
8,14,Chegga/Sergei Adukanov,Mila/Ludmila,Directed,1,167,Knows
8,10,Chegga/Sergei Adukanov,Nadia/Nadezhda,Directed,1,167,Knows
14,8,Mila/Ludmila,Chegga/Sergei Adukanov,Directed,1,167,Knows
14,260,Mila/Ludmila,Nadia's father,Directed,1,167,Knows
14,10,Mila/Ludmila,Nadia/Nadezhda,Directed,1,167,Exchange
260,14,Nadia's father,Mila/Ludmila,Directed,1,167,Knows
260,10,Nadia's father,Nadia/Nadezhda,Directed,1,167,Exchange
10,261,Nadia/Nadezhda,Baba / Nadia's Mother,Directed,1,167,Exchange
10,8,Nadia/Nadezhda,Chegga/Sergei Adukanov,Directed,1,167,Knows
10,14,Nadia/Nadezhda,Mila/Ludmila,Directed,1,167,Exchange
10,260,Nadia/Nadezhda,Nadia's father,Directed,1,167,Exchange
10,268,Nadia/Nadezhda,Slava Bychkov,Directed,1,167,Knows
268,10,Slava Bychkov,Nadia/Nadezhda,Directed,1,167,Knows
261,14,Baba / Nadia's Mother,Mila/Ludmila,Directed,1,168,Knows
261,10,Baba / Nadia's Mother,Nadia/Nadezhda,Directed,1,168,Exchange
156,10,Chegga & Ksyusha's father,Nadia/Nadezhda,Directed,1,168,Knows
8,10,Chegga/Sergei Adukanov,Nadia/Nadezhda,Directed,1,168,Knows
14,261,Mila/Ludmila,Baba / Nadia's Mother,Directed,1,168,Knows
14,260,Mila/Ludmila,Nadia's father,Directed,1,168,Knows
14,10,Mila/Ludmila,Nadia/Nadezhda,Directed,1,168,Exchange
260,14,Nadia's father,Mila/Ludmila,Directed,1,168,Knows
260,10,Nadia's father,Nadia/Nadezhda,Directed,1,168,Exchange
10,261,Nadia/Nadezhda,Baba / Nadia's Mother,Directed,1,168,Exchange
10,156,Nadia/Nadezhda,Chegga & Ksyusha's father,Directed,1,168,Knows
10,8,Nadia/Nadezhda,Chegga/Sergei Adukanov,Directed,1,168,Knows
10,14,Nadia/Nadezhda,Mila/Ludmila,Directed,1,168,Exchange
10,260,Nadia/Nadezhda,Nadia's father,Directed,1,168,Exchange
10,268,Nadia/Nadezhda,Slava Bychkov,Directed,1,168,Knows
268,10,Slava Bychkov,Nadia/Nadezhda,Directed,1,168,Knows
261,14,Baba / Nadia's Mother,Mila/Ludmila,Directed,1,169,Knows
261,10,Baba / Nadia's Mother,Nadia/Nadezhda,Directed,1,169,Exchange
261,268,Baba / Nadia's Mother,Slava Bychkov,Directed,1,169,Exchange
261,275,Baba / Nadia's Mother,Slava Bychkov's Brothers,Directed,1,169,Knows
14,261,Mila/Ludmila,Baba / Nadia's Mother,Directed,1,169,Knows
14,260,Mila/Ludmila,Nadia's father,Directed,1,169,Knows
14,10,Mila/Ludmila,Nadia/Nadezhda,Directed,1,169,Exchange
260,14,Nadia's father,Mila/Ludmila,Directed,1,169,Knows
260,10,Nadia's father,Nadia/Nadezhda,Directed,1,169,Exchange
10,261,Nadia/Nadezhda,Baba / Nadia's Mother,Directed,1,169,Exchange
10,14,Nadia/Nadezhda,Mila/Ludmila,Directed,1,169,Exchange
10,260,Nadia/Nadezhda,Nadia's father,Directed,1,169,Exchange
10,268,Nadia/Nadezhda,Slava Bychkov,Directed,1,169,Exchange
268,261,Slava Bychkov,Baba / Nadia's Mother,Directed,1,169,Exchange
268,14,Slava Bychkov,Mila/Ludmila,Directed,1,169,Knows
268,10,Slava Bychkov,Nadia/Nadezhda,Directed,1,169,Exchange
275,261,Slava Bychkov's Brothers,Baba / Nadia's Mother,Directed,1,169,Knows
261,14,Baba / Nadia's Mother,Mila/Ludmila,Directed,1,170,Knows
261,10,Baba / Nadia's Mother,Nadia/Nadezhda,Directed,1,170,Exchange
8,14,Chegga/Sergei Adukanov,Mila/Ludmila,Directed,1,170,Knows
8,10,Chegga/Sergei Adukanov,Nadia/Nadezhda,Directed,1,170,Knows
14,261,Mila/Ludmila,Baba / Nadia's Mother,Directed,1,170,Knows
14,8,Mila/Ludmila,Chegga/Sergei Adukanov,Directed,1,170,Knows
14,260,Mila/Ludmila,Nadia's father,Directed,1,170,Knows
14,10,Mila/Ludmila,Nadia/Nadezhda,Directed,1,170,Exchange
260,14,Nadia's father,Mila/Ludmila,Directed,1,170,Knows
260,10,Nadia's father,Nadia/Nadezhda,Directed,1,170,Exchange
10,261,Nadia/Nadezhda,Baba / Nadia's Mother,Directed,1,170,Exchange
10,8,Nadia/Nadezhda,Chegga/Sergei Adukanov,Directed,1,170,Knows
10,14,Nadia/Nadezhda,Mila/Ludmila,Directed,1,170,Exchange
10,260,Nadia/Nadezhda,Nadia's father,Directed,1,170,Exchange
10,268,Nadia/Nadezhda,Slava Bychkov,Directed,1,170,Exchange
268,10,Slava Bychkov,Nadia/Nadezhda,Directed,1,170,Exchange
261,10,Baba / Nadia's Mother,Nadia/Nadezhda,Directed,1,171,Exchange
8,14,Chegga/Sergei Adukanov,Mila/Ludmila,Directed,1,171,Knows
8,10,Chegga/Sergei Adukanov,Nadia/Nadezhda,Directed,1,171,Knows
14,8,Mila/Ludmila,Chegga/Sergei Adukanov,Directed,1,171,Knows
14,10,Mila/Ludmila,Nadia/Nadezhda,Directed,1,171,Exchange
260,10,Nadia's father,Nadia/Nadezhda,Directed,1,171,Exchange
10,261,Nadia/Nadezhda,Baba / Nadia's Mother,Directed,1,171,Exchange
10,8,Nadia/Nadezhda,Chegga/Sergei Adukanov,Directed,1,171,Knows
10,14,Nadia/Nadezhda,Mila/Ludmila,Directed,1,171,Exchange
10,260,Nadia/Nadezhda,Nadia's father,Directed,1,171,Exchange
17,20,Kolya/Nikolai Danilovich / Lieutenant Ryakhovsky,Sasha/Alexandra,Directed,1,172,Knows
17,18,Kolya/Nikolai Danilovich / Lieutenant Ryakhovsky,Zoya,Directed,1,172,Exchange
20,17,Sasha/Alexandra,Kolya/Nikolai Danilovich / Lieutenant Ryakhovsky,Directed,1,172,Knows
20,18,Sasha/Alexandra,Zoya,Directed,1,172,Knows
281,18,Working men (172),Zoya,Directed,1,172,Knows
18,17,Zoya,Kolya/Nikolai Danilovich / Lieutenant Ryakhovsky,Directed,1,172,Exchange
18,20,Zoya,Sasha/Alexandra,Directed,1,172,Knows
18,281,Zoya,Working men (172),Directed,1,172,Knows
17,20,Kolya/Nikolai Danilovich / Lieutenant Ryakhovsky,Sasha/Alexandra,Directed,1,173,Knows
17,18,Kolya/Nikolai Danilovich / Lieutenant Ryakhovsky,Zoya,Directed,1,173,Exchange
20,17,Sasha/Alexandra,Kolya/Nikolai Danilovich / Lieutenant Ryakhovsky,Directed,1,173,Knows
20,18,Sasha/Alexandra,Zoya,Directed,1,173,Knows
281,18,Working men (172),Zoya,Directed,1,173,Knows
18,17,Zoya,Kolya/Nikolai Danilovich / Lieutenant Ryakhovsky,Directed,1,173,Exchange
18,20,Zoya,Sasha/Alexandra,Directed,1,173,Knows
18,281,Zoya,Working men (172),Directed,1,173,Knows
17,6,Kolya/Nikolai Danilovich / Lieutenant Ryakhovsky,Alyona Golosovsky,Directed,1,174,Knows of
17,5,Kolya/Nikolai Danilovich / Lieutenant Ryakhovsky,Sophia Golosovsky,Directed,1,174,Knows of
17,282,Kolya/Nikolai Danilovich / Lieutenant Ryakhovsky,Zoya's Coworkers (174),Directed,1,174,Knows
17,57,Kolya/Nikolai Danilovich / Lieutenant Ryakhovsky,the kidnappING,Directed,1,174,Knows of
20,18,Sasha/Alexandra,Zoya,Directed,1,174,Exchange
281,18,Working men (172),Zoya,Directed,1,174,Knows
18,6,Zoya,Alyona Golosovsky,Directed,1,174,Knows of
18,20,Zoya,Sasha/Alexandra,Directed,1,174,Exchange
18,5,Zoya,Sophia Golosovsky,Directed,1,174,Knows of
18,281,Zoya,Working men (172),Directed,1,174,Knows
18,282,Zoya,Zoya's Coworkers (174),Directed,1,174,Knows
18,57,Zoya,the kidnappING,Directed,1,174,Knows of
282,6,Zoya's Coworkers (174),Alyona Golosovsky,Directed,1,174,Knows of
282,17,Zoya's Coworkers (174),Kolya/Nikolai Danilovich / Lieutenant Ryakhovsky,Directed,1,174,Knows
282,5,Zoya's Coworkers (174),Sophia Golosovsky,Directed,1,174,Knows of
282,18,Zoya's Coworkers (174),Zoya,Directed,1,174,Knows
282,57,Zoya's Coworkers (174),the kidnappING,Directed,1,174,Knows of
57,282,the kidnappING,Zoya's Coworkers (174),Directed,1,174,Knows of
17,18,Kolya/Nikolai Danilovich / Lieutenant Ryakhovsky,Zoya,Directed,1,175,Knows
20,283,Sasha/Alexandra,Tatyana Yurievna,Directed,1,175,Exchange
20,18,Sasha/Alexandra,Zoya,Directed,1,175,Knows
283,20,Tatyana Yurievna,Sasha/Alexandra,Directed,1,175,Exchange
283,18,Tatyana Yurievna,Zoya,Directed,1,175,Exchange
281,18,Working men (172),Zoya,Directed,1,175,Knows
18,17,Zoya,Kolya/Nikolai Danilovich / Lieutenant Ryakhovsky,Directed,1,175,Knows
18,20,Zoya,Sasha/Alexandra,Directed,1,175,Knows
18,283,Zoya,Tatyana Yurievna,Directed,1,175,Exchange
18,281,Zoya,Working men (172),Directed,1,175,Knows
17,209,Kolya/Nikolai Danilovich / Lieutenant Ryakhovsky,Masha/Mashenka Zakotnova,Directed,1,176,Knows
17,18,Kolya/Nikolai Danilovich / Lieutenant Ryakhovsky,Zoya,Directed,1,176,Exchange
209,17,Masha/Mashenka Zakotnova,Kolya/Nikolai Danilovich / Lieutenant Ryakhovsky,Directed,1,176,Knows
209,18,Masha/Mashenka Zakotnova,Zoya,Directed,1,176,Knows
20,18,Sasha/Alexandra,Zoya,Directed,1,176,Knows
20,282,Sasha/Alexandra,Zoya's Coworkers (174),Directed,1,176,Knows
18,17,Zoya,Kolya/Nikolai Danilovich / Lieutenant Ryakhovsky,Directed,1,176,Exchange
18,209,Zoya,Masha/Mashenka Zakotnova,Directed,1,176,Knows
18,20,Zoya,Sasha/Alexandra,Directed,1,176,Knows
18,282,Zoya,Zoya's Coworkers (174),Directed,1,176,Knows
282,20,Zoya's Coworkers (174),Sasha/Alexandra,Directed,1,176,Knows
282,18,Zoya's Coworkers (174),Zoya,Directed,1,176,Knows
17,18,Kolya/Nikolai Danilovich / Lieutenant Ryakhovsky,Zoya,Directed,1,177,Knows
283,18,Tatyana Yurievna,Zoya,Directed,1,177,Knows
281,18,Working men (172),Zoya,Directed,1,177,Exchange
18,17,Zoya,Kolya/Nikolai Danilovich / Lieutenant Ryakhovsky,Directed,1,177,Knows
18,283,Zoya,Tatyana Yurievna,Directed,1,177,Knows
18,281,Zoya,Working men (172),Directed,1,177,Exchange
18,370,Zoya,Zoya's Mother,Directed,1,177,Knows
18,369,Zoya,Zoya's Mother's Partner,Directed,1,177,Knows
370,18,Zoya's Mother,Zoya,Directed,1,177,Knows
370,369,Zoya's Mother,Zoya's Mother's Partner,Directed,1,177,Knows
369,18,Zoya's Mother's Partner,Zoya,Directed,1,177,Knows
369,370,Zoya's Mother's Partner,Zoya's Mother,Directed,1,177,Knows
17,283,Kolya/Nikolai Danilovich / Lieutenant Ryakhovsky,Tatyana Yurievna,Directed,1,178,Knows
17,18,Kolya/Nikolai Danilovich / Lieutenant Ryakhovsky,Zoya,Directed,1,178,Knows
20,283,Sasha/Alexandra,Tatyana Yurievna,Directed,1,178,Knows
20,18,Sasha/Alexandra,Zoya,Directed,1,178,Knows
283,6,Tatyana Yurievna,Alyona Golosovsky,Directed,1,178,Knows of
283,17,Tatyana Yurievna,Kolya/Nikolai Danilovich / Lieutenant Ryakhovsky,Directed,1,178,Knows
283,20,Tatyana Yurievna,Sasha/Alexandra,Directed,1,178,Knows
283,5,Tatyana Yurievna,Sophia Golosovsky,Directed,1,178,Knows of
283,281,Tatyana Yurievna,Working men (172),Directed,1,178,Knows
283,18,Tatyana Yurievna,Zoya,Directed,1,178,Exchange
283,57,Tatyana Yurievna,the kidnappING,Directed,1,178,Knows of
281,18,Working men (172),Zoya,Directed,1,178,Knows
18,6,Zoya,Alyona Golosovsky,Directed,1,178,Knows of
18,17,Zoya,Kolya/Nikolai Danilovich / Lieutenant Ryakhovsky,Directed,1,178,Knows
18,20,Zoya,Sasha/Alexandra,Directed,1,178,Knows
18,5,Zoya,Sophia Golosovsky,Directed,1,178,Knows of
18,283,Zoya,Tatyana Yurievna,Directed,1,178,Exchange
18,281,Zoya,Working men (172),Directed,1,178,Knows
18,57,Zoya,the kidnappING,Directed,1,178,Knows of
17,283,Kolya/Nikolai Danilovich / Lieutenant Ryakhovsky,Tatyana Yurievna,Directed,1,179,Knows
17,18,Kolya/Nikolai Danilovich / Lieutenant Ryakhovsky,Zoya,Directed,1,179,Knows
20,283,Sasha/Alexandra,Tatyana Yurievna,Directed,1,179,Knows
20,18,Sasha/Alexandra,Zoya,Directed,1,179,Knows
283,17,Tatyana Yurievna,Kolya/Nikolai Danilovich / Lieutenant Ryakhovsky,Directed,1,179,Knows
283,20,Tatyana Yurievna,Sasha/Alexandra,Directed,1,179,Knows
283,281,Tatyana Yurievna,Working men (172),Directed,1,179,Knows
283,18,Tatyana Yurievna,Zoya,Directed,1,179,Exchange
281,18,Working men (172),Zoya,Directed,1,179,Knows
18,17,Zoya,Kolya/Nikolai Danilovich / Lieutenant Ryakhovsky,Directed,1,179,Knows
18,20,Zoya,Sasha/Alexandra,Directed,1,179,Knows
18,283,Zoya,Tatyana Yurievna,Directed,1,179,Exchange
18,281,Zoya,Working men (172),Directed,1,179,Knows
17,18,Kolya/Nikolai Danilovich / Lieutenant Ryakhovsky,Zoya,Directed,1,180,Knows
20,283,Sasha/Alexandra,Tatyana Yurievna,Directed,1,180,Knows
20,18,Sasha/Alexandra,Zoya,Directed,1,180,Knows
283,20,Tatyana Yurievna,Sasha/Alexandra,Directed,1,180,Knows
281,18,Working men (172),Zoya,Directed,1,180,Knows
18,17,Zoya,Kolya/Nikolai Danilovich / Lieutenant Ryakhovsky,Directed,1,180,Knows
18,20,Zoya,Sasha/Alexandra,Directed,1,180,Knows
18,281,Zoya,Working men (172),Directed,1,180,Knows
27,6,Anfisa,Alyona Golosovsky,Directed,1,181,Knows of
27,285,Anfisa,Dima,Directed,1,181,Exchange
27,284,Anfisa,Fedya,Directed,1,181,Exchange
27,17,Anfisa,Kolya/Nikolai Danilovich / Lieutenant Ryakhovsky,Directed,1,181,Exchange
27,20,Anfisa,Sasha/Alexandra,Directed,1,181,Knows
27,5,Anfisa,Sophia Golosovsky,Directed,1,181,Knows of
27,26,Anfisa,Yevgeny Pavlovich Kulik (the major general),Directed,1,181,Knows
27,18,Anfisa,Zoya,Directed,1,181,Exchange
27,57,Anfisa,the kidnappING,Directed,1,181,Knows of
285,6,Dima,Alyona Golosovsky,Directed,1,181,Knows of
285,27,Dima,Anfisa,Directed,1,181,Exchange
285,284,Dima,Fedya,Directed,1,181,Exchange
285,17,Dima,Kolya/Nikolai Danilovich / Lieutenant Ryakhovsky,Directed,1,181,Exchange
285,20,Dima,Sasha/Alexandra,Directed,1,181,Knows
285,5,Dima,Sophia Golosovsky,Directed,1,181,Knows of
285,26,Dima,Yevgeny Pavlovich Kulik (the major general),Directed,1,181,Knows
285,18,Dima,Zoya,Directed,1,181,Exchange
285,57,Dima,the kidnappING,Directed,1,181,Knows of
284,6,Fedya,Alyona Golosovsky,Directed,1,181,Knows of
284,27,Fedya,Anfisa,Directed,1,181,Exchange
284,285,Fedya,Dima,Directed,1,181,Exchange
284,17,Fedya,Kolya/Nikolai Danilovich / Lieutenant Ryakhovsky,Directed,1,181,Exchange
284,20,Fedya,Sasha/Alexandra,Directed,1,181,Knows
284,5,Fedya,Sophia Golosovsky,Directed,1,181,Knows
284,26,Fedya,Yevgeny Pavlovich Kulik (the major general),Directed,1,181,Knows
284,18,Fedya,Zoya,Directed,1,181,Exchange
284,57,Fedya,the kidnappING,Directed,1,181,Knows of
17,6,Kolya/Nikolai Danilovich / Lieutenant Ryakhovsky,Alyona Golosovsky,Directed,1,181,Knows of
17,27,Kolya/Nikolai Danilovich / Lieutenant Ryakhovsky,Anfisa,Directed,1,181,Exchange
17,285,Kolya/Nikolai Danilovich / Lieutenant Ryakhovsky,Dima,Directed,1,181,Exchange
17,284,Kolya/Nikolai Danilovich / Lieutenant Ryakhovsky,Fedya,Directed,1,181,Exchange
17,20,Kolya/Nikolai Danilovich / Lieutenant Ryakhovsky,Sasha/Alexandra,Directed,1,181,Knows
17,5,Kolya/Nikolai Danilovich / Lieutenant Ryakhovsky,Sophia Golosovsky,Directed,1,181,Knows of
17,18,Kolya/Nikolai Danilovich / Lieutenant Ryakhovsky,Zoya,Directed,1,181,Exchange
17,57,Kolya/Nikolai Danilovich / Lieutenant Ryakhovsky,the kidnappING,Directed,1,181,Knows of
20,27,Sasha/Alexandra,Anfisa,Directed,1,181,Knows
20,285,Sasha/Alexandra,Dima,Directed,1,181,Knows
20,284,Sasha/Alexandra,Fedya,Directed,1,181,Knows
20,17,Sasha/Alexandra,Kolya/Nikolai Danilovich / Lieutenant Ryakhovsky,Directed,1,181,Knows
20,18,Sasha/Alexandra,Zoya,Directed,1,181,Knows
26,6,Yevgeny Pavlovich Kulik (the major general),Alyona Golosovsky,Directed,1,181,Knows of
26,27,Yevgeny Pavlovich Kulik (the major general),Anfisa,Directed,1,181,Knows
26,285,Yevgeny Pavlovich Kulik (the major general),Dima,Directed,1,181,Knows
26,284,Yevgeny Pavlovich Kulik (the major general),Fedya,Directed,1,181,Knows
26,17,Yevgeny Pavlovich Kulik (the major general),Kolya/Nikolai Danilovich / Lieutenant Ryakhovsky,Directed,1,181,Knows
26,5,Yevgeny Pavlovich Kulik (the major general),Sophia Golosovsky,Directed,1,181,Knows of
26,57,Yevgeny Pavlovich Kulik (the major general),the kidnappING,Directed,1,181,Knows of
18,6,Zoya,Alyona Golosovsky,Directed,1,181,Knows of
18,27,Zoya,Anfisa,Directed,1,181,Exchange
18,285,Zoya,Dima,Directed,1,181,Exchange
18,284,Zoya,Fedya,Directed,1,181,Exchange
18,17,Zoya,Kolya/Nikolai Danilovich / Lieutenant Ryakhovsky,Directed,1,181,Exchange
18,20,Zoya,Sasha/Alexandra,Directed,1,181,Knows
18,5,Zoya,Sophia Golosovsky,Directed,1,181,Knows of
18,57,Zoya,the kidnappING,Directed,1,181,Knows of
57,284,the kidnappING,Fedya,Directed,1,181,Knows of
27,6,Anfisa,Alyona Golosovsky,Directed,1,182,Knows of
27,285,Anfisa,Dima,Directed,1,182,Exchange
27,284,Anfisa,Fedya,Directed,1,182,Exchange
27,17,Anfisa,Kolya/Nikolai Danilovich / Lieutenant Ryakhovsky,Directed,1,182,Exchange
27,22,Anfisa,Oksana,Directed,1,182,Knows of
27,5,Anfisa,Sophia Golosovsky,Directed,1,182,Knows of
27,26,Anfisa,Yevgeny Pavlovich Kulik (the major general),Directed,1,182,Knows
27,18,Anfisa,Zoya,Directed,1,182,Exchange
27,57,Anfisa,the kidnappING,Directed,1,182,Knows of
285,6,Dima,Alyona Golosovsky,Directed,1,182,Knows of
285,27,Dima,Anfisa,Directed,1,182,Exchange
285,284,Dima,Fedya,Directed,1,182,Exchange
285,17,Dima,Kolya/Nikolai Danilovich / Lieutenant Ryakhovsky,Directed,1,182,Exchange
285,22,Dima,Oksana,Directed,1,182,Knows of
285,5,Dima,Sophia Golosovsky,Directed,1,182,Knows of
285,26,Dima,Yevgeny Pavlovich Kulik (the major general),Directed,1,182,Knows
285,18,Dima,Zoya,Directed,1,182,Exchange
285,57,Dima,the kidnappING,Directed,1,182,Knows of
284,6,Fedya,Alyona Golosovsky,Directed,1,182,Knows of
284,27,Fedya,Anfisa,Directed,1,182,Exchange
284,285,Fedya,Dima,Directed,1,182,Exchange
284,17,Fedya,Kolya/Nikolai Danilovich / Lieutenant Ryakhovsky,Directed,1,182,Exchange
284,22,Fedya,Oksana,Directed,1,182,Knows
284,5,Fedya,Sophia Golosovsky,Directed,1,182,Knows
284,26,Fedya,Yevgeny Pavlovich Kulik (the major general),Directed,1,182,Knows
284,18,Fedya,Zoya,Directed,1,182,Exchange
284,57,Fedya,the kidnappING,Directed,1,182,Knows of
17,6,Kolya/Nikolai Danilovich / Lieutenant Ryakhovsky,Alyona Golosovsky,Directed,1,182,Knows of
17,27,Kolya/Nikolai Danilovich / Lieutenant Ryakhovsky,Anfisa,Directed,1,182,Exchange
17,285,Kolya/Nikolai Danilovich / Lieutenant Ryakhovsky,Dima,Directed,1,182,Exchange
17,284,Kolya/Nikolai Danilovich / Lieutenant Ryakhovsky,Fedya,Directed,1,182,Exchange
17,22,Kolya/Nikolai Danilovich / Lieutenant Ryakhovsky,Oksana,Directed,1,182,Knows
17,5,Kolya/Nikolai Danilovich / Lieutenant Ryakhovsky,Sophia Golosovsky,Directed,1,182,Knows of
17,18,Kolya/Nikolai Danilovich / Lieutenant Ryakhovsky,Zoya,Directed,1,182,Exchange
17,57,Kolya/Nikolai Danilovich / Lieutenant Ryakhovsky,the kidnappING,Directed,1,182,Knows of
22,6,Oksana,Alyona Golosovsky,Directed,1,182,Knows of
22,284,Oksana,Fedya,Directed,1,182,Knows
22,17,Oksana,Kolya/Nikolai Danilovich / Lieutenant Ryakhovsky,Directed,1,182,Knows
22,5,Oksana,Sophia Golosovsky,Directed,1,182,Knows of
22,57,Oksana,the kidnappING,Directed,1,182,Knows of
20,18,Sasha/Alexandra,Zoya,Directed,1,182,Knows
26,27,Yevgeny Pavlovich Kulik (the major general),Anfisa,Directed,1,182,Knows
26,285,Yevgeny Pavlovich Kulik (the major general),Dima,Directed,1,182,Knows
26,284,Yevgeny Pavlovich Kulik (the major general),Fedya,Directed,1,182,Knows
26,17,Yevgeny Pavlovich Kulik (the major general),Kolya/Nikolai Danilovich / Lieutenant Ryakhovsky,Directed,1,182,Knows
18,6,Zoya,Alyona Golosovsky,Directed,1,182,Knows of
18,27,Zoya,Anfisa,Directed,1,182,Exchange
18,285,Zoya,Dima,Directed,1,182,Exchange
18,284,Zoya,Fedya,Directed,1,182,Exchange
18,17,Zoya,Kolya/Nikolai Danilovich / Lieutenant Ryakhovsky,Directed,1,182,Exchange
18,22,Zoya,Oksana,Directed,1,182,Knows of
18,20,Zoya,Sasha/Alexandra,Directed,1,182,Knows
18,5,Zoya,Sophia Golosovsky,Directed,1,182,Knows of
18,57,Zoya,the kidnappING,Directed,1,182,Knows of
57,284,the kidnappING,Fedya,Directed,1,182,Knows of
27,6,Anfisa,Alyona Golosovsky,Directed,1,183,Knows of
27,285,Anfisa,Dima,Directed,1,183,Exchange
27,284,Anfisa,Fedya,Directed,1,183,Exchange
27,17,Anfisa,Kolya/Nikolai Danilovich / Lieutenant Ryakhovsky,Directed,1,183,Exchange
27,5,Anfisa,Sophia Golosovsky,Directed,1,183,Knows of
27,18,Anfisa,Zoya,Directed,1,183,Exchange
27,57,Anfisa,the kidnappING,Directed,1,183,Knows of
285,6,Dima,Alyona Golosovsky,Directed,1,183,Knows of
285,27,Dima,Anfisa,Directed,1,183,Exchange
285,284,Dima,Fedya,Directed,1,183,Exchange
285,17,Dima,Kolya/Nikolai Danilovich / Lieutenant Ryakhovsky,Directed,1,183,Exchange
285,5,Dima,Sophia Golosovsky,Directed,1,183,Knows of
285,18,Dima,Zoya,Directed,1,183,Exchange
285,57,Dima,the kidnappING,Directed,1,183,Knows of
284,6,Fedya,Alyona Golosovsky,Directed,1,183,Knows of
284,27,Fedya,Anfisa,Directed,1,183,Exchange
284,285,Fedya,Dima,Directed,1,183,Exchange
284,17,Fedya,Kolya/Nikolai Danilovich / Lieutenant Ryakhovsky,Directed,1,183,Exchange
284,5,Fedya,Sophia Golosovsky,Directed,1,183,Knows
284,18,Fedya,Zoya,Directed,1,183,Exchange
284,57,Fedya,the kidnappING,Directed,1,183,Knows of
17,6,Kolya/Nikolai Danilovich / Lieutenant Ryakhovsky,Alyona Golosovsky,Directed,1,183,Knows of
17,27,Kolya/Nikolai Danilovich / Lieutenant Ryakhovsky,Anfisa,Directed,1,183,Exchange
17,285,Kolya/Nikolai Danilovich / Lieutenant Ryakhovsky,Dima,Directed,1,183,Exchange
17,284,Kolya/Nikolai Danilovich / Lieutenant Ryakhovsky,Fedya,Directed,1,183,Exchange
17,5,Kolya/Nikolai Danilovich / Lieutenant Ryakhovsky,Sophia Golosovsky,Directed,1,183,Knows of
17,18,Kolya/Nikolai Danilovich / Lieutenant Ryakhovsky,Zoya,Directed,1,183,Exchange
17,57,Kolya/Nikolai Danilovich / Lieutenant Ryakhovsky,the kidnappING,Directed,1,183,Knows of
18,6,Zoya,Alyona Golosovsky,Directed,1,183,Knows of
18,27,Zoya,Anfisa,Directed,1,183,Exchange
18,285,Zoya,Dima,Directed,1,183,Exchange
18,284,Zoya,Fedya,Directed,1,183,Exchange
18,17,Zoya,Kolya/Nikolai Danilovich / Lieutenant Ryakhovsky,Directed,1,183,Exchange
18,5,Zoya,Sophia Golosovsky,Directed,1,183,Knows of
18,57,Zoya,the kidnappING,Directed,1,183,Knows of
57,284,the kidnappING,Fedya,Directed,1,183,Knows of
17,18,Kolya/Nikolai Danilovich / Lieutenant Ryakhovsky,Zoya,Directed,1,184,Exchange
18,6,Zoya,Alyona Golosovsky,Directed,1,184,Knows of
18,17,Zoya,Kolya/Nikolai Danilovich / Lieutenant Ryakhovsky,Directed,1,184,Exchange
18,5,Zoya,Sophia Golosovsky,Directed,1,184,Knows of
18,57,Zoya,the kidnappING,Directed,1,184,Knows of
27,285,Anfisa,Dima,Directed,1,185,Exchange
27,284,Anfisa,Fedya,Directed,1,185,Exchange
27,17,Anfisa,Kolya/Nikolai Danilovich / Lieutenant Ryakhovsky,Directed,1,185,Exchange
27,286,Anfisa,Vandals,Directed,1,185,Knows of
27,18,Anfisa,Zoya,Directed,1,185,Knows
285,27,Dima,Anfisa,Directed,1,185,Exchange
285,284,Dima,Fedya,Directed,1,185,Exchange
285,17,Dima,Kolya/Nikolai Danilovich / Lieutenant Ryakhovsky,Directed,1,185,Exchange
285,286,Dima,Vandals,Directed,1,185,Knows of
285,18,Dima,Zoya,Directed,1,185,Knows
284,27,Fedya,Anfisa,Directed,1,185,Exchange
284,285,Fedya,Dima,Directed,1,185,Exchange
284,17,Fedya,Kolya/Nikolai Danilovich / Lieutenant Ryakhovsky,Directed,1,185,Exchange
284,286,Fedya,Vandals,Directed,1,185,Knows
284,18,Fedya,Zoya,Directed,1,185,Exchange
17,27,Kolya/Nikolai Danilovich / Lieutenant Ryakhovsky,Anfisa,Directed,1,185,Exchange
17,285,Kolya/Nikolai Danilovich / Lieutenant Ryakhovsky,Dima,Directed,1,185,Exchange
17,284,Kolya/Nikolai Danilovich / Lieutenant Ryakhovsky,Fedya,Directed,1,185,Exchange
17,286,Kolya/Nikolai Danilovich / Lieutenant Ryakhovsky,Vandals,Directed,1,185,Knows of
17,18,Kolya/Nikolai Danilovich / Lieutenant Ryakhovsky,Zoya,Directed,1,185,Exchange
18,27,Zoya,Anfisa,Directed,1,185,Knows
18,285,Zoya,Dima,Directed,1,185,Knows
18,284,Zoya,Fedya,Directed,1,185,Exchange
18,17,Zoya,Kolya/Nikolai Danilovich / Lieutenant Ryakhovsky,Directed,1,185,Exchange
18,286,Zoya,Vandals,Directed,1,185,Knows of
27,285,Anfisa,Dima,Directed,1,186,Exchange
27,284,Anfisa,Fedya,Directed,1,186,Exchange
27,17,Anfisa,Kolya/Nikolai Danilovich / Lieutenant Ryakhovsky,Directed,1,186,Exchange
27,286,Anfisa,Vandals,Directed,1,186,Knows of
27,18,Anfisa,Zoya,Directed,1,186,Knows
285,27,Dima,Anfisa,Directed,1,186,Exchange
285,284,Dima,Fedya,Directed,1,186,Exchange
285,17,Dima,Kolya/Nikolai Danilovich / Lieutenant Ryakhovsky,Directed,1,186,Exchange
285,286,Dima,Vandals,Directed,1,186,Knows of
285,18,Dima,Zoya,Directed,1,186,Knows
284,27,Fedya,Anfisa,Directed,1,186,Exchange
284,285,Fedya,Dima,Directed,1,186,Exchange
284,17,Fedya,Kolya/Nikolai Danilovich / Lieutenant Ryakhovsky,Directed,1,186,Exchange
284,286,Fedya,Vandals,Directed,1,186,Knows
284,18,Fedya,Zoya,Directed,1,186,Exchange
17,27,Kolya/Nikolai Danilovich / Lieutenant Ryakhovsky,Anfisa,Directed,1,186,Exchange
17,285,Kolya/Nikolai Danilovich / Lieutenant Ryakhovsky,Dima,Directed,1,186,Exchange
17,284,Kolya/Nikolai Danilovich / Lieutenant Ryakhovsky,Fedya,Directed,1,186,Exchange
17,286,Kolya/Nikolai Danilovich / Lieutenant Ryakhovsky,Vandals,Directed,1,186,Knows of
17,18,Kolya/Nikolai Danilovich / Lieutenant Ryakhovsky,Zoya,Directed,1,186,Exchange
18,27,Zoya,Anfisa,Directed,1,186,Knows
18,285,Zoya,Dima,Directed,1,186,Knows
18,284,Zoya,Fedya,Directed,1,186,Exchange
18,17,Zoya,Kolya/Nikolai Danilovich / Lieutenant Ryakhovsky,Directed,1,186,Exchange
18,286,Zoya,Vandals,Directed,1,186,Knows of
18,281,Zoya,Working men (172),Directed,1,186,Knows
373,18,"""other men"" (who wanted Zoya)",Zoya,Directed,1,187,Knows
17,6,Kolya/Nikolai Danilovich / Lieutenant Ryakhovsky,Alyona Golosovsky,Directed,1,187,Knows of
17,5,Kolya/Nikolai Danilovich / Lieutenant Ryakhovsky,Sophia Golosovsky,Directed,1,187,Knows of
17,18,Kolya/Nikolai Danilovich / Lieutenant Ryakhovsky,Zoya,Directed,1,187,Exchange
17,57,Kolya/Nikolai Danilovich / Lieutenant Ryakhovsky,the kidnappING,Directed,1,187,Knows of
20,18,Sasha/Alexandra,Zoya,Directed,1,187,Knows
283,18,Tatyana Yurievna,Zoya,Directed,1,187,Knows
18,373,Zoya,"""other men"" (who wanted Zoya)",Directed,1,187,Knows
18,6,Zoya,Alyona Golosovsky,Directed,1,187,Knows of
18,17,Zoya,Kolya/Nikolai Danilovich / Lieutenant Ryakhovsky,Directed,1,187,Exchange
18,20,Zoya,Sasha/Alexandra,Directed,1,187,Knows
18,5,Zoya,Sophia Golosovsky,Directed,1,187,Knows of
18,283,Zoya,Tatyana Yurievna,Directed,1,187,Knows
18,281,Zoya,Working men (172),Directed,1,187,Knows
18,372,Zoya,Zoya's first boyfriend,Directed,1,187,Knows
18,47,Zoya,migrants (generally),Directed,1,187,Knows
18,57,Zoya,the kidnappING,Directed,1,187,Knows of
372,18,Zoya's first boyfriend,Zoya,Directed,1,187,Knows
47,18,migrants (generally),Zoya,Directed,1,187,Knows
284,18,Fedya,Zoya,Directed,1,188,Knows
17,18,Kolya/Nikolai Danilovich / Lieutenant Ryakhovsky,Zoya,Directed,1,188,Exchange
18,284,Zoya,Fedya,Directed,1,188,Knows
18,17,Zoya,Kolya/Nikolai Danilovich / Lieutenant Ryakhovsky,Directed,1,188,Exchange
18,286,Zoya,Vandals,Directed,1,188,Knows of
18,281,Zoya,Working men (172),Directed,1,188,Knows
17,18,Kolya/Nikolai Danilovich / Lieutenant Ryakhovsky,Zoya,Directed,1,189,Exchange
18,17,Zoya,Kolya/Nikolai Danilovich / Lieutenant Ryakhovsky,Directed,1,189,Exchange
22,63,Oksana,Malysh (Oksana's dog),Directed,1,190,Exchange
23,22,Max/Maxim,Oksana,Directed,1,191,Exchange
22,63,Oksana,Malysh (Oksana's dog),Directed,1,191,Exchange
22,23,Oksana,Max/Maxim,Directed,1,191,Exchange
308,63,"""two elderly women""",Malysh (Oksana's dog),Directed,1,192,Knows of
308,22,"""two elderly women""",Oksana,Directed,1,192,Exchange
306,23,Anton,Max/Maxim,Directed,1,192,Exchange
306,22,Anton,Oksana,Directed,1,192,Knows
306,307,Anton,Romanovich,Directed,1,192,Knows
24,23,Katya/Ekaterina,Max/Maxim,Directed,1,192,Knows
24,22,Katya/Ekaterina,Oksana,Directed,1,192,Exchange
23,306,Max/Maxim,Anton,Directed,1,192,Exchange
23,24,Max/Maxim,Katya/Ekaterina,Directed,1,192,Knows
23,22,Max/Maxim,Oksana,Directed,1,192,Exchange
23,307,Max/Maxim,Romanovich,Directed,1,192,Knows
22,308,Oksana,"""two elderly women""",Directed,1,192,Exchange
22,306,Oksana,Anton,Directed,1,192,Knows
22,24,Oksana,Katya/Ekaterina,Directed,1,192,Exchange
22,63,Oksana,Malysh (Oksana's dog),Directed,1,192,Exchange
22,23,Oksana,Max/Maxim,Directed,1,192,Exchange
22,307,Oksana,Romanovich,Directed,1,192,Knows
307,306,Romanovich,Anton,Directed,1,192,Knows
307,23,Romanovich,Max/Maxim,Directed,1,192,Knows
307,22,Romanovich,Oksana,Directed,1,192,Knows
306,63,Anton,Malysh (Oksana's dog),Directed,1,193,Knows
306,22,Anton,Oksana,Directed,1,193,Knows
24,63,Katya/Ekaterina,Malysh (Oksana's dog),Directed,1,193,Knows
24,23,Katya/Ekaterina,Max/Maxim,Directed,1,193,Knows
24,22,Katya/Ekaterina,Oksana,Directed,1,193,Exchange
63,306,Malysh (Oksana's dog),Anton,Directed,1,193,Knows
63,24,Malysh (Oksana's dog),Katya/Ekaterina,Directed,1,193,Knows
63,23,Malysh (Oksana's dog),Max/Maxim,Directed,1,193,Knows
23,24,Max/Maxim,Katya/Ekaterina,Directed,1,193,Knows
23,63,Max/Maxim,Malysh (Oksana's dog),Directed,1,193,Knows
23,22,Max/Maxim,Oksana,Directed,1,193,Exchange
22,306,Oksana,Anton,Directed,1,193,Knows
22,24,Oksana,Katya/Ekaterina,Directed,1,193,Exchange
22,63,Oksana,Malysh (Oksana's dog),Directed,1,193,Exchange
22,23,Oksana,Max/Maxim,Directed,1,193,Exchange
306,63,Anton,Malysh (Oksana's dog),Directed,1,194,Knows
306,22,Anton,Oksana,Directed,1,194,Knows
24,63,Katya/Ekaterina,Malysh (Oksana's dog),Directed,1,194,Knows
24,23,Katya/Ekaterina,Max/Maxim,Directed,1,194,Knows
24,22,Katya/Ekaterina,Oksana,Directed,1,194,Exchange
63,306,Malysh (Oksana's dog),Anton,Directed,1,194,Knows
63,24,Malysh (Oksana's dog),Katya/Ekaterina,Directed,1,194,Knows
63,23,Malysh (Oksana's dog),Max/Maxim,Directed,1,194,Knows
63,309,Malysh (Oksana's dog),Oksana's Coworker,Directed,1,194,Knows
23,24,Max/Maxim,Katya/Ekaterina,Directed,1,194,Knows
23,63,Max/Maxim,Malysh (Oksana's dog),Directed,1,194,Knows
23,22,Max/Maxim,Oksana,Directed,1,194,Exchange
22,306,Oksana,Anton,Directed,1,194,Knows
22,24,Oksana,Katya/Ekaterina,Directed,1,194,Exchange
22,63,Oksana,Malysh (Oksana's dog),Directed,1,194,Exchange
22,23,Oksana,Max/Maxim,Directed,1,194,Exchange
22,309,Oksana,Oksana's Coworker,Directed,1,194,Knows
309,63,Oksana's Coworker,Malysh (Oksana's dog),Directed,1,194,Knows
309,22,Oksana's Coworker,Oksana,Directed,1,194,Knows
306,63,Anton,Malysh (Oksana's dog),Directed,1,195,Knows
306,22,Anton,Oksana,Directed,1,195,Knows
63,306,Malysh (Oksana's dog),Anton,Directed,1,195,Knows
63,23,Malysh (Oksana's dog),Max/Maxim,Directed,1,195,Knows
23,63,Max/Maxim,Malysh (Oksana's dog),Directed,1,195,Knows
22,6,Oksana,Alyona Golosovsky,Directed,1,195,Knows of
22,306,Oksana,Anton,Directed,1,195,Knows
22,63,Oksana,Malysh (Oksana's dog),Directed,1,195,Exchange
22,5,Oksana,Sophia Golosovsky,Directed,1,195,Knows of
22,57,Oksana,the kidnappING,Directed,1,195,Knows of
306,6,Anton,Alyona Golosovsky,Directed,1,196,Knows of
306,5,Anton,Sophia Golosovsky,Directed,1,196,Knows of
306,57,Anton,the kidnappING,Directed,1,196,Knows of
67,22,Kamchatka police,Oksana,Directed,1,196,Knows
24,63,Katya/Ekaterina,Malysh (Oksana's dog),Directed,1,196,Knows
24,22,Katya/Ekaterina,Oksana,Directed,1,196,Exchange
17,6,Kolya/Nikolai Danilovich / Lieutenant Ryakhovsky,Alyona Golosovsky,Directed,1,196,Knows of
17,22,Kolya/Nikolai Danilovich / Lieutenant Ryakhovsky,Oksana,Directed,1,196,Exchange
17,5,Kolya/Nikolai Danilovich / Lieutenant Ryakhovsky,Sophia Golosovsky,Directed,1,196,Knows of
17,57,Kolya/Nikolai Danilovich / Lieutenant Ryakhovsky,the kidnappING,Directed,1,196,Knows of
63,24,Malysh (Oksana's dog),Katya/Ekaterina,Directed,1,196,Knows
63,23,Malysh (Oksana's dog),Max/Maxim,Directed,1,196,Knows
63,22,Malysh (Oksana's dog),Oksana,Directed,1,196,Knows
23,63,Max/Maxim,Malysh (Oksana's dog),Directed,1,196,Knows
22,6,Oksana,Alyona Golosovsky,Directed,1,196,Knows of
22,67,Oksana,Kamchatka police,Directed,1,196,Knows
22,24,Oksana,Katya/Ekaterina,Directed,1,196,Exchange
22,17,Oksana,Kolya/Nikolai Danilovich / Lieutenant Ryakhovsky,Directed,1,196,Exchange
22,63,Oksana,Malysh (Oksana's dog),Directed,1,196,Knows
22,310,Oksana,Oksana's colleagues,Directed,1,196,Knows
22,311,Oksana,Oksana's friends,Directed,1,196,Knows
22,5,Oksana,Sophia Golosovsky,Directed,1,196,Knows of
22,56,Oksana,the kidnappER,Directed,1,196,Knows of
22,57,Oksana,the kidnappING,Directed,1,196,Knows of
310,6,Oksana's colleagues,Alyona Golosovsky,Directed,1,196,Knows of
310,22,Oksana's colleagues,Oksana,Directed,1,196,Knows
310,5,Oksana's colleagues,Sophia Golosovsky,Directed,1,196,Knows of
310,57,Oksana's colleagues,the kidnappING,Directed,1,196,Knows of
311,6,Oksana's friends,Alyona Golosovsky,Directed,1,196,Knows of
311,22,Oksana's friends,Oksana,Directed,1,196,Knows
311,5,Oksana's friends,Sophia Golosovsky,Directed,1,196,Knows of
311,57,Oksana's friends,the kidnappING,Directed,1,196,Knows of
24,63,Katya/Ekaterina,Malysh (Oksana's dog),Directed,1,197,Knows
24,22,Katya/Ekaterina,Oksana,Directed,1,197,Exchange
17,6,Kolya/Nikolai Danilovich / Lieutenant Ryakhovsky,Alyona Golosovsky,Directed,1,197,Knows of
17,22,Kolya/Nikolai Danilovich / Lieutenant Ryakhovsky,Oksana,Directed,1,197,Exchange
17,5,Kolya/Nikolai Danilovich / Lieutenant Ryakhovsky,Sophia Golosovsky,Directed,1,197,Knows of
17,57,Kolya/Nikolai Danilovich / Lieutenant Ryakhovsky,the kidnappING,Directed,1,197,Knows of
63,24,Malysh (Oksana's dog),Katya/Ekaterina,Directed,1,197,Knows
63,23,Malysh (Oksana's dog),Max/Maxim,Directed,1,197,Knows
63,22,Malysh (Oksana's dog),Oksana,Directed,1,197,Knows
23,63,Max/Maxim,Malysh (Oksana's dog),Directed,1,197,Knows
23,22,Max/Maxim,Oksana,Directed,1,197,Exchange
23,307,Max/Maxim,Romanovich,Directed,1,197,Knows
22,6,Oksana,Alyona Golosovsky,Directed,1,197,Knows of
22,24,Oksana,Katya/Ekaterina,Directed,1,197,Exchange
22,17,Oksana,Kolya/Nikolai Danilovich / Lieutenant Ryakhovsky,Directed,1,197,Exchange
22,63,Oksana,Malysh (Oksana's dog),Directed,1,197,Knows
22,23,Oksana,Max/Maxim,Directed,1,197,Exchange
22,307,Oksana,Romanovich,Directed,1,197,Knows
22,5,Oksana,Sophia Golosovsky,Directed,1,197,Knows of
22,56,Oksana,the kidnappER,Directed,1,197,Knows of
22,57,Oksana,the kidnappING,Directed,1,197,Knows of
307,23,Romanovich,Max/Maxim,Directed,1,197,Knows
307,22,Romanovich,Oksana,Directed,1,197,Knows
306,63,Anton,Malysh (Oksana's dog),Directed,1,198,Knows
306,22,Anton,Oksana,Directed,1,198,Exchange
24,22,Katya/Ekaterina,Oksana,Directed,1,198,Exchange
63,306,Malysh (Oksana's dog),Anton,Directed,1,198,Knows
63,22,Malysh (Oksana's dog),Oksana,Directed,1,198,Knows
23,22,Max/Maxim,Oksana,Directed,1,198,Exchange
22,6,Oksana,Alyona Golosovsky,Directed,1,198,Knows of
22,306,Oksana,Anton,Directed,1,198,Exchange
22,24,Oksana,Katya/Ekaterina,Directed,1,198,Exchange
22,63,Oksana,Malysh (Oksana's dog),Directed,1,198,Knows
22,23,Oksana,Max/Maxim,Directed,1,198,Exchange
22,310,Oksana,Oksana's colleagues,Directed,1,198,Knows
22,5,Oksana,Sophia Golosovsky,Directed,1,198,Knows of
22,57,Oksana,the kidnappING,Directed,1,198,Knows of
310,22,Oksana's colleagues,Oksana,Directed,1,198,Knows
306,63,Anton,Malysh (Oksana's dog),Directed,1,199,Knows
306,22,Anton,Oksana,Directed,1,199,Exchange
63,306,Malysh (Oksana's dog),Anton,Directed,1,199,Knows
63,22,Malysh (Oksana's dog),Oksana,Directed,1,199,Exchange
22,306,Oksana,Anton,Directed,1,199,Exchange
22,63,Oksana,Malysh (Oksana's dog),Directed,1,199,Exchange
22,314,Oksana,Oksana's classmates,Directed,1,199,Knows
22,313,Oksana,Oksana's father,Directed,1,199,Knows
22,312,Oksana,Oksana's mother,Directed,1,199,Knows
314,22,Oksana's classmates,Oksana,Directed,1,199,Knows
313,22,Oksana's father,Oksana,Directed,1,199,Knows
313,312,Oksana's father,Oksana's mother,Directed,1,199,Knows
312,22,Oksana's mother,Oksana,Directed,1,199,Knows
312,313,Oksana's mother,Oksana's father,Directed,1,199,Knows
306,63,Anton,Malysh (Oksana's dog),Directed,1,200,Knows
306,22,Anton,Oksana,Directed,1,200,Exchange
24,23,Katya/Ekaterina,Max/Maxim,Directed,1,200,Exchange
24,22,Katya/Ekaterina,Oksana,Directed,1,200,Exchange
17,22,Kolya/Nikolai Danilovich / Lieutenant Ryakhovsky,Oksana,Directed,1,200,Knows
63,306,Malysh (Oksana's dog),Anton,Directed,1,200,Knows
63,22,Malysh (Oksana's dog),Oksana,Directed,1,200,Knows
23,24,Max/Maxim,Katya/Ekaterina,Directed,1,200,Exchange
23,22,Max/Maxim,Oksana,Directed,1,200,Exchange
22,306,Oksana,Anton,Directed,1,200,Exchange
22,24,Oksana,Katya/Ekaterina,Directed,1,200,Exchange
22,17,Oksana,Kolya/Nikolai Danilovich / Lieutenant Ryakhovsky,Directed,1,200,Knows
22,63,Oksana,Malysh (Oksana's dog),Directed,1,200,Knows
22,23,Oksana,Max/Maxim,Directed,1,200,Exchange
22,313,Oksana,Oksana's father,Directed,1,200,Knows
22,312,Oksana,Oksana's mother,Directed,1,200,Knows
313,22,Oksana's father,Oksana,Directed,1,200,Knows
313,312,Oksana's father,Oksana's mother,Directed,1,200,Knows
312,22,Oksana's mother,Oksana,Directed,1,200,Knows
312,313,Oksana's mother,Oksana's father,Directed,1,200,Knows
306,22,Anton,Oksana,Directed,1,201,Exchange
24,23,Katya/Ekaterina,Max/Maxim,Directed,1,201,Exchange
24,22,Katya/Ekaterina,Oksana,Directed,1,201,Exchange
17,22,Kolya/Nikolai Danilovich / Lieutenant Ryakhovsky,Oksana,Directed,1,201,Knows
63,22,Malysh (Oksana's dog),Oksana,Directed,1,201,Knows
23,24,Max/Maxim,Katya/Ekaterina,Directed,1,201,Exchange
23,22,Max/Maxim,Oksana,Directed,1,201,Exchange
22,306,Oksana,Anton,Directed,1,201,Exchange
22,24,Oksana,Katya/Ekaterina,Directed,1,201,Exchange
22,17,Oksana,Kolya/Nikolai Danilovich / Lieutenant Ryakhovsky,Directed,1,201,Knows
22,63,Oksana,Malysh (Oksana's dog),Directed,1,201,Knows
22,23,Oksana,Max/Maxim,Directed,1,201,Exchange
24,23,Katya/Ekaterina,Max/Maxim,Directed,1,202,Exchange
24,22,Katya/Ekaterina,Oksana,Directed,1,202,Exchange
63,22,Malysh (Oksana's dog),Oksana,Directed,1,202,Knows
23,24,Max/Maxim,Katya/Ekaterina,Directed,1,202,Exchange
23,22,Max/Maxim,Oksana,Directed,1,202,Exchange
22,24,Oksana,Katya/Ekaterina,Directed,1,202,Exchange
22,63,Oksana,Malysh (Oksana's dog),Directed,1,202,Knows
22,23,Oksana,Max/Maxim,Directed,1,202,Exchange
6,32,Alyona Golosovsky,Marina Alexandrovna,Directed,1,203,Knows
63,22,Malysh (Oksana's dog),Oksana,Directed,1,203,Knows
32,6,Marina Alexandrovna,Alyona Golosovsky,Directed,1,203,Knows
32,22,Marina Alexandrovna,Oksana,Directed,1,203,Knows
32,5,Marina Alexandrovna,Sophia Golosovsky,Directed,1,203,Knows
32,57,Marina Alexandrovna,the kidnappING,Directed,1,203,Knows of
22,6,Oksana,Alyona Golosovsky,Directed,1,203,Knows of
22,63,Oksana,Malysh (Oksana's dog),Directed,1,203,Knows
22,32,Oksana,Marina Alexandrovna,Directed,1,203,Knows
22,5,Oksana,Sophia Golosovsky,Directed,1,203,Knows of
22,57,Oksana,the kidnappING,Directed,1,203,Knows of
5,32,Sophia Golosovsky,Marina Alexandrovna,Directed,1,203,Knows
315,32,Eva,Marina Alexandrovna,Directed,1,204,Exchange
315,316,Eva,Petya,Directed,1,204,Exchange
32,315,Marina Alexandrovna,Eva,Directed,1,204,Exchange
32,316,Marina Alexandrovna,Petya,Directed,1,204,Exchange
316,315,Petya,Eva,Directed,1,204,Exchange
316,32,Petya,Marina Alexandrovna,Directed,1,204,Exchange
6,32,Alyona Golosovsky,Marina Alexandrovna,Directed,1,205,Knows
315,32,Eva,Marina Alexandrovna,Directed,1,205,Exchange
315,320,Eva,Marina's editor (205),Directed,1,205,Knows of
315,316,Eva,Petya,Directed,1,205,Exchange
32,6,Marina Alexandrovna,Alyona Golosovsky,Directed,1,205,Knows
32,315,Marina Alexandrovna,Eva,Directed,1,205,Exchange
32,317,Marina Alexandrovna,Marina's doctor (205),Directed,1,205,Knows
32,320,Marina Alexandrovna,Marina's editor (205),Directed,1,205,Exchange
32,318,Marina Alexandrovna,Marina's grandfather,Directed,1,205,Knows
32,319,Marina Alexandrovna,Marina's grandmother,Directed,1,205,Knows
32,329,Marina Alexandrovna,Nurgenek Festival organizers,Directed,1,205,Knows of
32,316,Marina Alexandrovna,Petya,Directed,1,205,Exchange
32,5,Marina Alexandrovna,Sophia Golosovsky,Directed,1,205,Knows
32,57,Marina Alexandrovna,the kidnappING,Directed,1,205,Knows of
317,6,Marina's doctor (205),Alyona Golosovsky,Directed,1,205,Knows of
317,32,Marina's doctor (205),Marina Alexandrovna,Directed,1,205,Knows
317,5,Marina's doctor (205),Sophia Golosovsky,Directed,1,205,Knows of
317,57,Marina's doctor (205),the kidnappING,Directed,1,205,Knows of
320,315,Marina's editor (205),Eva,Directed,1,205,Knows of
320,32,Marina's editor (205),Marina Alexandrovna,Directed,1,205,Exchange
320,329,Marina's editor (205),Nurgenek Festival organizers,Directed,1,205,Knows of
320,316,Marina's editor (205),Petya,Directed,1,205,Knows of
318,32,Marina's grandfather,Marina Alexandrovna,Directed,1,205,Knows
319,32,Marina's grandmother,Marina Alexandrovna,Directed,1,205,Knows
316,315,Petya,Eva,Directed,1,205,Exchange
316,32,Petya,Marina Alexandrovna,Directed,1,205,Exchange
316,320,Petya,Marina's editor (205),Directed,1,205,Knows of
5,32,Sophia Golosovsky,Marina Alexandrovna,Directed,1,205,Knows
5,317,Sophia Golosovsky,Marina's doctor (205),Directed,1,205,Knows of
6,32,Alyona Golosovsky,Marina Alexandrovna,Directed,1,206,Knows
315,32,Eva,Marina Alexandrovna,Directed,1,206,Exchange
315,316,Eva,Petya,Directed,1,206,Exchange
32,6,Marina Alexandrovna,Alyona Golosovsky,Directed,1,206,Knows
32,315,Marina Alexandrovna,Eva,Directed,1,206,Exchange
32,318,Marina Alexandrovna,Marina's grandfather,Directed,1,206,Knows
32,319,Marina Alexandrovna,Marina's grandmother,Directed,1,206,Knows
32,316,Marina Alexandrovna,Petya,Directed,1,206,Exchange
32,5,Marina Alexandrovna,Sophia Golosovsky,Directed,1,206,Knows
32,57,Marina Alexandrovna,the kidnappING,Directed,1,206,Knows of
318,32,Marina's grandfather,Marina Alexandrovna,Directed,1,206,Knows
319,32,Marina's grandmother,Marina Alexandrovna,Directed,1,206,Knows
316,315,Petya,Eva,Directed,1,206,Exchange
316,32,Petya,Marina Alexandrovna,Directed,1,206,Exchange
5,32,Sophia Golosovsky,Marina Alexandrovna,Directed,1,206,Knows
11,315,Alla Innokentevna,Eva,Directed,1,207,Knows
11,32,Alla Innokentevna,Marina Alexandrovna,Directed,1,207,Knows of
6,67,Alyona Golosovsky,Kamchatka police,Directed,1,207,Knows of
6,32,Alyona Golosovsky,Marina Alexandrovna,Directed,1,207,Knows
6,26,Alyona Golosovsky,Yevgeny Pavlovich Kulik (the major general),Directed,1,207,Knows of
315,11,Eva,Alla Innokentevna,Directed,1,207,Knows
315,32,Eva,Marina Alexandrovna,Directed,1,207,Exchange
315,316,Eva,Petya,Directed,1,207,Exchange
67,32,Kamchatka police,Marina Alexandrovna,Directed,1,207,Knows
67,26,Kamchatka police,Yevgeny Pavlovich Kulik (the major general),Directed,1,207,Knows
32,11,Marina Alexandrovna,Alla Innokentevna,Directed,1,207,Knows of
32,6,Marina Alexandrovna,Alyona Golosovsky,Directed,1,207,Knows
32,315,Marina Alexandrovna,Eva,Directed,1,207,Exchange
32,67,Marina Alexandrovna,Kamchatka police,Directed,1,207,Knows
32,328,Marina Alexandrovna,Marina's Father,Directed,1,207,Knows
32,327,Marina Alexandrovna,Marina's Mother,Directed,1,207,Knows
32,316,Marina Alexandrovna,Petya,Directed,1,207,Exchange
32,5,Marina Alexandrovna,Sophia Golosovsky,Directed,1,207,Knows
32,26,Marina Alexandrovna,Yevgeny Pavlovich Kulik (the major general),Directed,1,207,Exchange
32,330,Marina Alexandrovna,men convicted of sex crimes (207),Directed,1,207,Knows of
32,57,Marina Alexandrovna,the kidnappING,Directed,1,207,Knows of
328,32,Marina's Father,Marina Alexandrovna,Directed,1,207,Knows
327,32,Marina's Mother,Marina Alexandrovna,Directed,1,207,Knows
316,315,Petya,Eva,Directed,1,207,Exchange
316,32,Petya,Marina Alexandrovna,Directed,1,207,Exchange
5,32,Sophia Golosovsky,Marina Alexandrovna,Directed,1,207,Knows
26,6,Yevgeny Pavlovich Kulik (the major general),Alyona Golosovsky,Directed,1,207,Knows of
26,67,Yevgeny Pavlovich Kulik (the major general),Kamchatka police,Directed,1,207,Knows
26,32,Yevgeny Pavlovich Kulik (the major general),Marina Alexandrovna,Directed,1,207,Exchange
26,5,Yevgeny Pavlovich Kulik (the major general),Sophia Golosovsky,Directed,1,207,Knows of
26,57,Yevgeny Pavlovich Kulik (the major general),the kidnappING,Directed,1,207,Knows of
11,315,Alla Innokentevna,Eva,Directed,1,208,Exchange
11,32,Alla Innokentevna,Marina Alexandrovna,Directed,1,208,Exchange
11,357,Alla Innokentevna,Nurgenek Festival Attendees,Directed,1,208,Knows
11,316,Alla Innokentevna,Petya,Directed,1,208,Exchange
315,11,Eva,Alla Innokentevna,Directed,1,208,Exchange
315,32,Eva,Marina Alexandrovna,Directed,1,208,Exchange
315,357,Eva,Nurgenek Festival Attendees,Directed,1,208,Knows
315,316,Eva,Petya,Directed,1,208,Exchange
32,11,Marina Alexandrovna,Alla Innokentevna,Directed,1,208,Exchange
32,315,Marina Alexandrovna,Eva,Directed,1,208,Exchange
32,357,Marina Alexandrovna,Nurgenek Festival Attendees,Directed,1,208,Knows
32,316,Marina Alexandrovna,Petya,Directed,1,208,Exchange
357,11,Nurgenek Festival Attendees,Alla Innokentevna,Directed,1,208,Knows
357,315,Nurgenek Festival Attendees,Eva,Directed,1,208,Knows
357,32,Nurgenek Festival Attendees,Marina Alexandrovna,Directed,1,208,Knows
316,11,Petya,Alla Innokentevna,Directed,1,208,Exchange
316,315,Petya,Eva,Directed,1,208,Exchange
316,32,Petya,Marina Alexandrovna,Directed,1,208,Exchange
11,127,Alla Innokentevna,"""salmon poachers""",Directed,1,209,Knows of
11,315,Alla Innokentevna,Eva,Directed,1,209,Exchange
11,32,Alla Innokentevna,Marina Alexandrovna,Directed,1,209,Exchange
11,329,Alla Innokentevna,Nurgenek Festival organizers,Directed,1,209,Knows
315,11,Eva,Alla Innokentevna,Directed,1,209,Exchange
315,32,Eva,Marina Alexandrovna,Directed,1,209,Knows
315,329,Eva,Nurgenek Festival organizers,Directed,1,209,Knows
315,316,Eva,Petya,Directed,1,209,Exchange
32,127,Marina Alexandrovna,"""salmon poachers""",Directed,1,209,Knows of
32,11,Marina Alexandrovna,Alla Innokentevna,Directed,1,209,Exchange
32,315,Marina Alexandrovna,Eva,Directed,1,209,Knows
32,329,Marina Alexandrovna,Nurgenek Festival organizers,Directed,1,209,Knows
32,316,Marina Alexandrovna,Petya,Directed,1,209,Exchange
329,11,Nurgenek Festival organizers,Alla Innokentevna,Directed,1,209,Knows
329,315,Nurgenek Festival organizers,Eva,Directed,1,209,Knows
329,32,Nurgenek Festival organizers,Marina Alexandrovna,Directed,1,209,Knows
329,316,Nurgenek Festival organizers,Petya,Directed,1,209,Knows
316,315,Petya,Eva,Directed,1,209,Exchange
316,32,Petya,Marina Alexandrovna,Directed,1,209,Exchange
316,329,Petya,Nurgenek Festival organizers,Directed,1,209,Knows
366,32,"""men who carry weapons""",Marina Alexandrovna,Directed,1,210,Knows
11,127,Alla Innokentevna,"""salmon poachers""",Directed,1,210,Knows of
11,6,Alla Innokentevna,Alyona Golosovsky,Directed,1,210,Knows of
11,315,Alla Innokentevna,Eva,Directed,1,210,Exchange
11,15,Alla Innokentevna,Lilia Solodikova,Directed,1,210,Knows
11,164,Alla Innokentevna,Lilia's Kidnapping/Disappearance,Directed,1,210,Knows of
11,32,Alla Innokentevna,Marina Alexandrovna,Directed,1,210,Exchange
11,5,Alla Innokentevna,Sophia Golosovsky,Directed,1,210,Knows of
11,57,Alla Innokentevna,the kidnappING,Directed,1,210,Knows of
6,101,Alyona Golosovsky,Golosovskaya girls' father,Directed,1,210,Knows
6,32,Alyona Golosovsky,Marina Alexandrovna,Directed,1,210,Knows
315,11,Eva,Alla Innokentevna,Directed,1,210,Exchange
315,15,Eva,Lilia Solodikova,Directed,1,210,Knows of
315,164,Eva,Lilia's Kidnapping/Disappearance,Directed,1,210,Knows of
315,32,Eva,Marina Alexandrovna,Directed,1,210,Knows
101,6,Golosovskaya girls' father,Alyona Golosovsky,Directed,1,210,Knows
101,32,Golosovskaya girls' father,Marina Alexandrovna,Directed,1,210,Knows
101,5,Golosovskaya girls' father,Sophia Golosovsky,Directed,1,210,Knows
15,11,Lilia Solodikova,Alla Innokentevna,Directed,1,210,Knows
32,366,Marina Alexandrovna,"""men who carry weapons""",Directed,1,210,Knows
32,127,Marina Alexandrovna,"""salmon poachers""",Directed,1,210,Knows of
32,11,Marina Alexandrovna,Alla Innokentevna,Directed,1,210,Exchange
32,6,Marina Alexandrovna,Alyona Golosovsky,Directed,1,210,Knows
32,315,Marina Alexandrovna,Eva,Directed,1,210,Knows
32,101,Marina Alexandrovna,Golosovskaya girls' father,Directed,1,210,Knows
32,15,Marina Alexandrovna,Lilia Solodikova,Directed,1,210,Knows of
32,164,Marina Alexandrovna,Lilia's Kidnapping/Disappearance,Directed,1,210,Knows of
32,5,Marina Alexandrovna,Sophia Golosovsky,Directed,1,210,Knows
32,331,Marina Alexandrovna,dishwashing teenagers,Directed,1,210,Exchange
5,101,Sophia Golosovsky,Golosovskaya girls' father,Directed,1,210,Knows
5,32,Sophia Golosovsky,Marina Alexandrovna,Directed,1,210,Knows
331,32,dishwashing teenagers,Marina Alexandrovna,Directed,1,210,Exchange
143,176,Alisa,Chander,Directed,1,211,Knows
143,7,Alisa,Ksyusha/Ksenia Adukanov,Directed,1,211,Knows
143,171,Alisa,The dance troupe,Directed,1,211,Knows
6,32,Alyona Golosovsky,Marina Alexandrovna,Directed,1,211,Knows
176,143,Chander,Alisa,Directed,1,211,Knows
176,7,Chander,Ksyusha/Ksenia Adukanov,Directed,1,211,Knows
176,171,Chander,The dance troupe,Directed,1,211,Knows
315,32,Eva,Marina Alexandrovna,Directed,1,211,Knows
315,316,Eva,Petya,Directed,1,211,Knows
7,143,Ksyusha/Ksenia Adukanov,Alisa,Directed,1,211,Knows
7,176,Ksyusha/Ksenia Adukanov,Chander,Directed,1,211,Knows
7,171,Ksyusha/Ksenia Adukanov,The dance troupe,Directed,1,211,Knows
32,6,Marina Alexandrovna,Alyona Golosovsky,Directed,1,211,Knows
32,315,Marina Alexandrovna,Eva,Directed,1,211,Knows
32,15,Marina Alexandrovna,Lilia Solodikova,Directed,1,211,Knows of
32,164,Marina Alexandrovna,Lilia's Kidnapping/Disappearance,Directed,1,211,Knows of
32,328,Marina Alexandrovna,Marina's Father,Directed,1,211,Knows
32,316,Marina Alexandrovna,Petya,Directed,1,211,Knows
32,5,Marina Alexandrovna,Sophia Golosovsky,Directed,1,211,Knows
32,171,Marina Alexandrovna,The dance troupe,Directed,1,211,Knows
32,26,Marina Alexandrovna,Yevgeny Pavlovich Kulik (the major general),Directed,1,211,Knows
32,331,Marina Alexandrovna,dishwashing teenagers,Directed,1,211,Exchange
328,32,Marina's Father,Marina Alexandrovna,Directed,1,211,Knows
328,318,Marina's Father,Marina's grandfather,Directed,1,211,Knows
328,319,Marina's Father,Marina's grandmother,Directed,1,211,Knows
318,328,Marina's grandfather,Marina's Father,Directed,1,211,Knows
319,328,Marina's grandmother,Marina's Father,Directed,1,211,Knows
316,315,Petya,Eva,Directed,1,211,Knows
316,32,Petya,Marina Alexandrovna,Directed,1,211,Knows
5,32,Sophia Golosovsky,Marina Alexandrovna,Directed,1,211,Knows
171,143,The dance troupe,Alisa,Directed,1,211,Knows
171,176,The dance troupe,Chander,Directed,1,211,Knows
171,7,The dance troupe,Ksyusha/Ksenia Adukanov,Directed,1,211,Knows
26,6,Yevgeny Pavlovich Kulik (the major general),Alyona Golosovsky,Directed,1,211,Knows of
26,32,Yevgeny Pavlovich Kulik (the major general),Marina Alexandrovna,Directed,1,211,Knows
26,5,Yevgeny Pavlovich Kulik (the major general),Sophia Golosovsky,Directed,1,211,Knows of
26,57,Yevgeny Pavlovich Kulik (the major general),the kidnappING,Directed,1,211,Knows of
331,32,dishwashing teenagers,Marina Alexandrovna,Directed,1,211,Exchange
11,32,Alla Innokentevna,Marina Alexandrovna,Directed,1,212,Exchange
11,333,Alla Innokentevna,the cook,Directed,1,212,Knows
11,332,Alla Innokentevna,two other woman (212),Directed,1,212,Knows
315,32,Eva,Marina Alexandrovna,Directed,1,212,Exchange
315,316,Eva,Petya,Directed,1,212,Exchange
32,11,Marina Alexandrovna,Alla Innokentevna,Directed,1,212,Exchange
32,315,Marina Alexandrovna,Eva,Directed,1,212,Exchange
32,328,Marina Alexandrovna,Marina's Father,Directed,1,212,Knows
32,318,Marina Alexandrovna,Marina's grandfather,Directed,1,212,Knows
32,319,Marina Alexandrovna,Marina's grandmother,Directed,1,212,Knows
32,316,Marina Alexandrovna,Petya,Directed,1,212,Exchange
32,333,Marina Alexandrovna,the cook,Directed,1,212,Exchange
32,332,Marina Alexandrovna,two other woman (212),Directed,1,212,Knows
328,32,Marina's Father,Marina Alexandrovna,Directed,1,212,Knows
328,318,Marina's Father,Marina's grandfather,Directed,1,212,Knows
328,319,Marina's Father,Marina's grandmother,Directed,1,212,Knows
318,32,Marina's grandfather,Marina Alexandrovna,Directed,1,212,Knows
318,328,Marina's grandfather,Marina's Father,Directed,1,212,Knows
319,32,Marina's grandmother,Marina Alexandrovna,Directed,1,212,Knows
319,328,Marina's grandmother,Marina's Father,Directed,1,212,Knows
316,315,Petya,Eva,Directed,1,212,Exchange
316,32,Petya,Marina Alexandrovna,Directed,1,212,Exchange
333,11,the cook,Alla Innokentevna,Directed,1,212,Knows
333,32,the cook,Marina Alexandrovna,Directed,1,212,Exchange
332,11,two other woman (212),Alla Innokentevna,Directed,1,212,Knows
332,32,two other woman (212),Marina Alexandrovna,Directed,1,212,Knows
11,13,Alla Innokentevna,Denis,Directed,1,213,Knows
11,315,Alla Innokentevna,Eva,Directed,1,213,Exchange
11,32,Alla Innokentevna,Marina Alexandrovna,Directed,1,213,Exchange
11,12,Alla Innokentevna,Natasha/Natalia,Directed,1,213,Knows
11,316,Alla Innokentevna,Petya,Directed,1,213,Knows
11,333,Alla Innokentevna,the cook,Directed,1,213,Knows
13,11,Denis,Alla Innokentevna,Directed,1,213,Knows
315,11,Eva,Alla Innokentevna,Directed,1,213,Exchange
315,32,Eva,Marina Alexandrovna,Directed,1,213,Exchange
315,316,Eva,Petya,Directed,1,213,Knows
315,333,Eva,the cook,Directed,1,213,Knows
67,32,Kamchatka police,Marina Alexandrovna,Directed,1,213,Knows
32,11,Marina Alexandrovna,Alla Innokentevna,Directed,1,213,Exchange
32,13,Marina Alexandrovna,Denis,Directed,1,213,Knows of
32,315,Marina Alexandrovna,Eva,Directed,1,213,Exchange
32,67,Marina Alexandrovna,Kamchatka police,Directed,1,213,Knows
32,12,Marina Alexandrovna,Natasha/Natalia,Directed,1,213,Knows of
32,316,Marina Alexandrovna,Petya,Directed,1,213,Knows
32,333,Marina Alexandrovna,the cook,Directed,1,213,Exchange
12,11,Natasha/Natalia,Alla Innokentevna,Directed,1,213,Knows
316,11,Petya,Alla Innokentevna,Directed,1,213,Knows
316,315,Petya,Eva,Directed,1,213,Knows
316,32,Petya,Marina Alexandrovna,Directed,1,213,Knows
333,11,the cook,Alla Innokentevna,Directed,1,213,Knows
333,315,the cook,Eva,Directed,1,213,Knows
333,32,the cook,Marina Alexandrovna,Directed,1,213,Exchange
6,101,Alyona Golosovsky,Golosovskaya girls' father,Directed,1,214,Knows
6,32,Alyona Golosovsky,Marina Alexandrovna,Directed,1,214,Knows
101,6,Golosovskaya girls' father,Alyona Golosovsky,Directed,1,214,Knows
101,32,Golosovskaya girls' father,Marina Alexandrovna,Directed,1,214,Knows
101,226,Golosovskaya girls' father,Petropavlovsk Police / Detectives,Directed,1,214,Knows
101,5,Golosovskaya girls' father,Sophia Golosovsky,Directed,1,214,Knows
101,57,Golosovskaya girls' father,the kidnappING,Directed,1,214,Knows of
32,6,Marina Alexandrovna,Alyona Golosovsky,Directed,1,214,Knows
32,101,Marina Alexandrovna,Golosovskaya girls' father,Directed,1,214,Knows
32,63,Marina Alexandrovna,Malysh (Oksana's dog),Directed,1,214,Knows of
32,334,Marina Alexandrovna,Marina's neighbours,Directed,1,214,Knows
32,22,Marina Alexandrovna,Oksana,Directed,1,214,Knows of
32,226,Marina Alexandrovna,Petropavlovsk Police / Detectives,Directed,1,214,Knows
32,5,Marina Alexandrovna,Sophia Golosovsky,Directed,1,214,Knows
32,26,Marina Alexandrovna,Yevgeny Pavlovich Kulik (the major general),Directed,1,214,Exchange
32,335,Marina Alexandrovna,librarians (214),Directed,1,214,Knows
32,336,Marina Alexandrovna,staff at the Ministry of Internal Affairs (214),Directed,1,214,Knows
334,6,Marina's neighbours,Alyona Golosovsky,Directed,1,214,Knows of
334,32,Marina's neighbours,Marina Alexandrovna,Directed,1,214,Knows
334,5,Marina's neighbours,Sophia Golosovsky,Directed,1,214,Knows of
334,57,Marina's neighbours,the kidnappING,Directed,1,214,Knows of
22,6,Oksana,Alyona Golosovsky,Directed,1,214,Knows of
22,32,Oksana,Marina Alexandrovna,Directed,1,214,Knows of
22,5,Oksana,Sophia Golosovsky,Directed,1,214,Knows of
226,101,Petropavlovsk Police / Detectives,Golosovskaya girls' father,Directed,1,214,Knows
226,32,Petropavlovsk Police / Detectives,Marina Alexandrovna,Directed,1,214,Knows
5,101,Sophia Golosovsky,Golosovskaya girls' father,Directed,1,214,Knows
5,32,Sophia Golosovsky,Marina Alexandrovna,Directed,1,214,Knows
26,6,Yevgeny Pavlovich Kulik (the major general),Alyona Golosovsky,Directed,1,214,Knows of
26,32,Yevgeny Pavlovich Kulik (the major general),Marina Alexandrovna,Directed,1,214,Exchange
26,5,Yevgeny Pavlovich Kulik (the major general),Sophia Golosovsky,Directed,1,214,Knows of
26,57,Yevgeny Pavlovich Kulik (the major general),the kidnappING,Directed,1,214,Knows of
335,6,librarians (214),Alyona Golosovsky,Directed,1,214,Knows of
335,32,librarians (214),Marina Alexandrovna,Directed,1,214,Knows
335,5,librarians (214),Sophia Golosovsky,Directed,1,214,Knows of
335,57,librarians (214),the kidnappING,Directed,1,214,Knows of
336,6,staff at the Ministry of Internal Affairs (214),Alyona Golosovsky,Directed,1,214,Knows of
336,32,staff at the Ministry of Internal Affairs (214),Marina Alexandrovna,Directed,1,214,Knows
336,5,staff at the Ministry of Internal Affairs (214),Sophia Golosovsky,Directed,1,214,Knows of
336,57,staff at the Ministry of Internal Affairs (214),the kidnappING,Directed,1,214,Knows of
6,101,Alyona Golosovsky,Golosovskaya girls' father,Directed,1,215,Knows
6,32,Alyona Golosovsky,Marina Alexandrovna,Directed,1,215,Knows
101,6,Golosovskaya girls' father,Alyona Golosovsky,Directed,1,215,Knows
101,32,Golosovskaya girls' father,Marina Alexandrovna,Directed,1,215,Knows
101,226,Golosovskaya girls' father,Petropavlovsk Police / Detectives,Directed,1,215,Knows
101,5,Golosovskaya girls' father,Sophia Golosovsky,Directed,1,215,Knows
101,57,Golosovskaya girls' father,the kidnappING,Directed,1,215,Knows of
32,6,Marina Alexandrovna,Alyona Golosovsky,Directed,1,215,Knows
32,101,Marina Alexandrovna,Golosovskaya girls' father,Directed,1,215,Knows
32,63,Marina Alexandrovna,Malysh (Oksana's dog),Directed,1,215,Knows of
32,22,Marina Alexandrovna,Oksana,Directed,1,215,Knows of
32,226,Marina Alexandrovna,Petropavlovsk Police / Detectives,Directed,1,215,Knows
32,5,Marina Alexandrovna,Sophia Golosovsky,Directed,1,215,Knows
32,31,Marina Alexandrovna,Yegor Gusakov,Directed,1,215,Knows of
32,26,Marina Alexandrovna,Yevgeny Pavlovich Kulik (the major general),Directed,1,215,Exchange
22,6,Oksana,Alyona Golosovsky,Directed,1,215,Knows of
22,32,Oksana,Marina Alexandrovna,Directed,1,215,Knows of
22,5,Oksana,Sophia Golosovsky,Directed,1,215,Knows of
22,31,Oksana,Yegor Gusakov,Directed,1,215,Knows of
22,26,Oksana,Yevgeny Pavlovich Kulik (the major general),Directed,1,215,Knows
226,101,Petropavlovsk Police / Detectives,Golosovskaya girls' father,Directed,1,215,Knows
226,32,Petropavlovsk Police / Detectives,Marina Alexandrovna,Directed,1,215,Knows
5,101,Sophia Golosovsky,Golosovskaya girls' father,Directed,1,215,Knows
5,32,Sophia Golosovsky,Marina Alexandrovna,Directed,1,215,Knows
26,6,Yevgeny Pavlovich Kulik (the major general),Alyona Golosovsky,Directed,1,215,Knows of
26,32,Yevgeny Pavlovich Kulik (the major general),Marina Alexandrovna,Directed,1,215,Exchange
26,22,Yevgeny Pavlovich Kulik (the major general),Oksana,Directed,1,215,Knows
26,5,Yevgeny Pavlovich Kulik (the major general),Sophia Golosovsky,Directed,1,215,Knows of
26,57,Yevgeny Pavlovich Kulik (the major general),the kidnappING,Directed,1,215,Knows of
6,101,Alyona Golosovsky,Golosovskaya girls' father,Directed,1,216,Knows
6,32,Alyona Golosovsky,Marina Alexandrovna,Directed,1,216,Knows
6,328,Alyona Golosovsky,Marina's Father,Directed,1,216,Knows
6,327,Alyona Golosovsky,Marina's Mother,Directed,1,216,Knows
101,6,Golosovskaya girls' father,Alyona Golosovsky,Directed,1,216,Knows
101,32,Golosovskaya girls' father,Marina Alexandrovna,Directed,1,216,Exchange
101,5,Golosovskaya girls' father,Sophia Golosovsky,Directed,1,216,Knows
32,6,Marina Alexandrovna,Alyona Golosovsky,Directed,1,216,Knows
32,101,Marina Alexandrovna,Golosovskaya girls' father,Directed,1,216,Exchange
32,328,Marina Alexandrovna,Marina's Father,Directed,1,216,Knows
32,327,Marina Alexandrovna,Marina's Mother,Directed,1,216,Knows
32,5,Marina Alexandrovna,Sophia Golosovsky,Directed,1,216,Knows
328,6,Marina's Father,Alyona Golosovsky,Directed,1,216,Knows
328,32,Marina's Father,Marina Alexandrovna,Directed,1,216,Knows
328,5,Marina's Father,Sophia Golosovsky,Directed,1,216,Knows
327,6,Marina's Mother,Alyona Golosovsky,Directed,1,216,Knows
327,32,Marina's Mother,Marina Alexandrovna,Directed,1,216,Knows
327,5,Marina's Mother,Sophia Golosovsky,Directed,1,216,Knows
5,101,Sophia Golosovsky,Golosovskaya girls' father,Directed,1,216,Knows
5,32,Sophia Golosovsky,Marina Alexandrovna,Directed,1,216,Knows
5,328,Sophia Golosovsky,Marina's Father,Directed,1,216,Knows
5,327,Sophia Golosovsky,Marina's Mother,Directed,1,216,Knows
11,32,Alla Innokentevna,Marina Alexandrovna,Directed,1,217,Knows
6,32,Alyona Golosovsky,Marina Alexandrovna,Directed,1,217,Knows
6,328,Alyona Golosovsky,Marina's Father,Directed,1,217,Knows
6,327,Alyona Golosovsky,Marina's Mother,Directed,1,217,Knows
315,32,Eva,Marina Alexandrovna,Directed,1,217,Knows
315,316,Eva,Petya,Directed,1,217,Knows
67,32,Kamchatka police,Marina Alexandrovna,Directed,1,217,Knows
32,11,Marina Alexandrovna,Alla Innokentevna,Directed,1,217,Knows
32,6,Marina Alexandrovna,Alyona Golosovsky,Directed,1,217,Knows
32,315,Marina Alexandrovna,Eva,Directed,1,217,Knows
32,67,Marina Alexandrovna,Kamchatka police,Directed,1,217,Knows
32,337,Marina Alexandrovna,Marina's Friends,Directed,1,217,Knows
32,316,Marina Alexandrovna,Petya,Directed,1,217,Exchange
32,5,Marina Alexandrovna,Sophia Golosovsky,Directed,1,217,Knows
328,6,Marina's Father,Alyona Golosovsky,Directed,1,217,Knows
328,5,Marina's Father,Sophia Golosovsky,Directed,1,217,Knows
337,32,Marina's Friends,Marina Alexandrovna,Directed,1,217,Knows
327,6,Marina's Mother,Alyona Golosovsky,Directed,1,217,Knows
327,5,Marina's Mother,Sophia Golosovsky,Directed,1,217,Knows
316,315,Petya,Eva,Directed,1,217,Knows
316,32,Petya,Marina Alexandrovna,Directed,1,217,Exchange
5,32,Sophia Golosovsky,Marina Alexandrovna,Directed,1,217,Knows
5,328,Sophia Golosovsky,Marina's Father,Directed,1,217,Knows
5,327,Sophia Golosovsky,Marina's Mother,Directed,1,217,Knows
338,11,"""narrow-eyed villagers""",Alla Innokentevna,Directed,1,218,Exchange
338,359,"""narrow-eyed villagers""",dancers (218),Directed,1,218,Knows
11,338,Alla Innokentevna,"""narrow-eyed villagers""",Directed,1,218,Exchange
11,357,Alla Innokentevna,Nurgenek Festival Attendees,Directed,1,218,Exchange
11,128,Alla Innokentevna,Russians (generally??),Directed,1,218,Exchange
11,359,Alla Innokentevna,dancers (218),Directed,1,218,Knows
11,339,Alla Innokentevna,teenagers (218),Directed,1,218,Exchange
11,358,Alla Innokentevna,tour guides,Directed,1,218,Exchange
315,32,Eva,Marina Alexandrovna,Directed,1,218,Knows
315,316,Eva,Petya,Directed,1,218,Knows
315,359,Eva,dancers (218),Directed,1,218,Knows
32,315,Marina Alexandrovna,Eva,Directed,1,218,Knows
32,316,Marina Alexandrovna,Petya,Directed,1,218,Exchange
32,359,Marina Alexandrovna,dancers (218),Directed,1,218,Knows
357,11,Nurgenek Festival Attendees,Alla Innokentevna,Directed,1,218,Exchange
357,359,Nurgenek Festival Attendees,dancers (218),Directed,1,218,Knows
316,315,Petya,Eva,Directed,1,218,Knows
316,32,Petya,Marina Alexandrovna,Directed,1,218,Exchange
128,11,Russians (generally??),Alla Innokentevna,Directed,1,218,Exchange
128,359,Russians (generally??),dancers (218),Directed,1,218,Knows
359,338,dancers (218),"""narrow-eyed villagers""",Directed,1,218,Knows
359,11,dancers (218),Alla Innokentevna,Directed,1,218,Knows
359,315,dancers (218),Eva,Directed,1,218,Knows
359,32,dancers (218),Marina Alexandrovna,Directed,1,218,Knows
359,357,dancers (218),Nurgenek Festival Attendees,Directed,1,218,Knows
359,128,dancers (218),Russians (generally??),Directed,1,218,Knows
359,339,dancers (218),teenagers (218),Directed,1,218,Knows
339,11,teenagers (218),Alla Innokentevna,Directed,1,218,Exchange
339,359,teenagers (218),dancers (218),Directed,1,218,Knows
358,11,tour guides,Alla Innokentevna,Directed,1,218,Exchange
338,359,"""narrow-eyed villagers""",dancers (218),Directed,1,219,Knows
11,359,Alla Innokentevna,dancers (218),Directed,1,219,Knows
8,32,Chegga/Sergei Adukanov,Marina Alexandrovna,Directed,1,219,Exchange
315,32,Eva,Marina Alexandrovna,Directed,1,219,Exchange
315,359,Eva,dancers (218),Directed,1,219,Knows
32,8,Marina Alexandrovna,Chegga/Sergei Adukanov,Directed,1,219,Exchange
32,315,Marina Alexandrovna,Eva,Directed,1,219,Exchange
32,360,Marina Alexandrovna,a native craftsman,Directed,1,219,Knows
32,340,Marina Alexandrovna,a vendor (219),Directed,1,219,Exchange
32,359,Marina Alexandrovna,dancers (218),Directed,1,219,Knows
32,333,Marina Alexandrovna,the cook,Directed,1,219,Exchange
357,360,Nurgenek Festival Attendees,a native craftsman,Directed,1,219,Knows
357,359,Nurgenek Festival Attendees,dancers (218),Directed,1,219,Knows
128,359,Russians (generally??),dancers (218),Directed,1,219,Knows
360,32,a native craftsman,Marina Alexandrovna,Directed,1,219,Knows
360,357,a native craftsman,Nurgenek Festival Attendees,Directed,1,219,Knows
340,32,a vendor (219),Marina Alexandrovna,Directed,1,219,Exchange
359,338,dancers (218),"""narrow-eyed villagers""",Directed,1,219,Knows
359,11,dancers (218),Alla Innokentevna,Directed,1,219,Knows
359,315,dancers (218),Eva,Directed,1,219,Knows
359,32,dancers (218),Marina Alexandrovna,Directed,1,219,Knows
359,357,dancers (218),Nurgenek Festival Attendees,Directed,1,219,Knows
359,128,dancers (218),Russians (generally??),Directed,1,219,Knows
359,339,dancers (218),teenagers (218),Directed,1,219,Knows
339,359,teenagers (218),dancers (218),Directed,1,219,Knows
333,32,the cook,Marina Alexandrovna,Directed,1,219,Exchange
6,32,Alyona Golosovsky,Marina Alexandrovna,Directed,1,220,Knows
8,32,Chegga/Sergei Adukanov,Marina Alexandrovna,Directed,1,220,Exchange
315,32,Eva,Marina Alexandrovna,Directed,1,220,Exchange
32,6,Marina Alexandrovna,Alyona Golosovsky,Directed,1,220,Knows
32,8,Marina Alexandrovna,Chegga/Sergei Adukanov,Directed,1,220,Exchange
32,315,Marina Alexandrovna,Eva,Directed,1,220,Exchange
32,337,Marina Alexandrovna,Marina's Friends,Directed,1,220,Knows
32,316,Marina Alexandrovna,Petya,Directed,1,220,Knows
32,5,Marina Alexandrovna,Sophia Golosovsky,Directed,1,220,Knows
32,360,Marina Alexandrovna,a native craftsman,Directed,1,220,Knows
337,32,Marina's Friends,Marina Alexandrovna,Directed,1,220,Knows
357,360,Nurgenek Festival Attendees,a native craftsman,Directed,1,220,Knows
357,343,Nurgenek Festival Attendees,artisan (221),Directed,1,220,Knows
357,344,Nurgenek Festival Attendees,boy (221),Directed,1,220,Knows
316,32,Petya,Marina Alexandrovna,Directed,1,220,Knows
5,32,Sophia Golosovsky,Marina Alexandrovna,Directed,1,220,Knows
360,32,a native craftsman,Marina Alexandrovna,Directed,1,220,Knows
360,357,a native craftsman,Nurgenek Festival Attendees,Directed,1,220,Knows
343,357,artisan (221),Nurgenek Festival Attendees,Directed,1,220,Knows
344,357,boy (221),Nurgenek Festival Attendees,Directed,1,220,Knows
11,128,Alla Innokentevna,Russians (generally??),Directed,1,221,Knows
11,359,Alla Innokentevna,dancers (218),Directed,1,221,Knows
11,361,Alla Innokentevna,volunteer (221),Directed,1,221,Knows
6,32,Alyona Golosovsky,Marina Alexandrovna,Directed,1,221,Knows
8,32,Chegga/Sergei Adukanov,Marina Alexandrovna,Directed,1,221,Knows
315,32,Eva,Marina Alexandrovna,Directed,1,221,Knows
32,6,Marina Alexandrovna,Alyona Golosovsky,Directed,1,221,Knows
32,8,Marina Alexandrovna,Chegga/Sergei Adukanov,Directed,1,221,Knows
32,315,Marina Alexandrovna,Eva,Directed,1,221,Knows
32,328,Marina Alexandrovna,Marina's Father,Directed,1,221,Knows
32,327,Marina Alexandrovna,Marina's Mother,Directed,1,221,Knows
32,342,Marina Alexandrovna,Marina's colleagues,Directed,1,221,Knows
32,320,Marina Alexandrovna,Marina's editor (205),Directed,1,221,Knows
32,5,Marina Alexandrovna,Sophia Golosovsky,Directed,1,221,Knows
32,343,Marina Alexandrovna,artisan (221),Directed,1,221,Knows
32,344,Marina Alexandrovna,boy (221),Directed,1,221,Knows
32,361,Marina Alexandrovna,volunteer (221),Directed,1,221,Knows
328,32,Marina's Father,Marina Alexandrovna,Directed,1,221,Knows
327,32,Marina's Mother,Marina Alexandrovna,Directed,1,221,Knows
342,6,Marina's colleagues,Alyona Golosovsky,Directed,1,221,Knows of
342,32,Marina's colleagues,Marina Alexandrovna,Directed,1,221,Knows
342,5,Marina's colleagues,Sophia Golosovsky,Directed,1,221,Knows of
342,57,Marina's colleagues,the kidnappING,Directed,1,221,Knows of
320,32,Marina's editor (205),Marina Alexandrovna,Directed,1,221,Knows
357,360,Nurgenek Festival Attendees,a native craftsman,Directed,1,221,Knows
357,343,Nurgenek Festival Attendees,artisan (221),Directed,1,221,Knows
357,344,Nurgenek Festival Attendees,boy (221),Directed,1,221,Knows
357,359,Nurgenek Festival Attendees,dancers (218),Directed,1,221,Knows
357,361,Nurgenek Festival Attendees,volunteer (221),Directed,1,221,Knows
128,11,Russians (generally??),Alla Innokentevna,Directed,1,221,Knows
5,32,Sophia Golosovsky,Marina Alexandrovna,Directed,1,221,Knows
360,357,a native craftsman,Nurgenek Festival Attendees,Directed,1,221,Knows
360,344,a native craftsman,boy (221),Directed,1,221,Knows
343,32,artisan (221),Marina Alexandrovna,Directed,1,221,Knows
343,357,artisan (221),Nurgenek Festival Attendees,Directed,1,221,Knows
343,344,artisan (221),boy (221),Directed,1,221,Knows
344,32,boy (221),Marina Alexandrovna,Directed,1,221,Knows
344,357,boy (221),Nurgenek Festival Attendees,Directed,1,221,Knows
344,360,boy (221),a native craftsman,Directed,1,221,Knows
344,343,boy (221),artisan (221),Directed,1,221,Knows
359,11,dancers (218),Alla Innokentevna,Directed,1,221,Knows
359,357,dancers (218),Nurgenek Festival Attendees,Directed,1,221,Knows
359,361,dancers (218),volunteer (221),Directed,1,221,Knows
57,342,the kidnappING,Marina's colleagues,Directed,1,221,Knows of
361,11,volunteer (221),Alla Innokentevna,Directed,1,221,Knows
361,32,volunteer (221),Marina Alexandrovna,Directed,1,221,Knows
361,357,volunteer (221),Nurgenek Festival Attendees,Directed,1,221,Knows
361,359,volunteer (221),dancers (218),Directed,1,221,Knows
11,315,Alla Innokentevna,Eva,Directed,1,222,Exchange
11,32,Alla Innokentevna,Marina Alexandrovna,Directed,1,222,Exchange
11,316,Alla Innokentevna,Petya,Directed,1,222,Knows
11,359,Alla Innokentevna,dancers (218),Directed,1,222,Knows
315,11,Eva,Alla Innokentevna,Directed,1,222,Exchange
315,316,Eva,Petya,Directed,1,222,Knows
315,359,Eva,dancers (218),Directed,1,222,Knows
32,11,Marina Alexandrovna,Alla Innokentevna,Directed,1,222,Exchange
32,318,Marina Alexandrovna,Marina's grandfather,Directed,1,222,Knows
32,319,Marina Alexandrovna,Marina's grandmother,Directed,1,222,Knows
32,316,Marina Alexandrovna,Petya,Directed,1,222,Knows
32,359,Marina Alexandrovna,dancers (218),Directed,1,222,Knows
32,361,Marina Alexandrovna,volunteer (221),Directed,1,222,Knows
318,32,Marina's grandfather,Marina Alexandrovna,Directed,1,222,Knows
319,32,Marina's grandmother,Marina Alexandrovna,Directed,1,222,Knows
357,359,Nurgenek Festival Attendees,dancers (218),Directed,1,222,Knows
316,11,Petya,Alla Innokentevna,Directed,1,222,Knows
316,315,Petya,Eva,Directed,1,222,Knows
316,32,Petya,Marina Alexandrovna,Directed,1,222,Knows
359,11,dancers (218),Alla Innokentevna,Directed,1,222,Knows
359,315,dancers (218),Eva,Directed,1,222,Knows
359,32,dancers (218),Marina Alexandrovna,Directed,1,222,Knows
359,357,dancers (218),Nurgenek Festival Attendees,Directed,1,222,Knows
359,361,dancers (218),volunteer (221),Directed,1,222,Knows
361,32,volunteer (221),Marina Alexandrovna,Directed,1,222,Knows
361,359,volunteer (221),dancers (218),Directed,1,222,Knows
11,6,Alla Innokentevna,Alyona Golosovsky,Directed,1,223,Knows of
11,163,Alla Innokentevna,Esso Police/Village Officers,Directed,1,223,Knows
11,67,Alla Innokentevna,Kamchatka police,Directed,1,223,Knows of
11,15,Alla Innokentevna,Lilia Solodikova,Directed,1,223,Knows
11,164,Alla Innokentevna,Lilia's Kidnapping/Disappearance,Directed,1,223,Knows of
11,32,Alla Innokentevna,Marina Alexandrovna,Directed,1,223,Exchange
11,12,Alla Innokentevna,Natasha/Natalia,Directed,1,223,Knows
11,226,Alla Innokentevna,Petropavlovsk Police / Detectives,Directed,1,223,Knows of
11,5,Alla Innokentevna,Sophia Golosovsky,Directed,1,223,Knows of
11,57,Alla Innokentevna,the kidnappING,Directed,1,223,Knows of
6,11,Alyona Golosovsky,Alla Innokentevna,Directed,1,223,Knows of
6,67,Alyona Golosovsky,Kamchatka police,Directed,1,223,Knows of
163,11,Esso Police/Village Officers,Alla Innokentevna,Directed,1,223,Knows
163,15,Esso Police/Village Officers,Lilia Solodikova,Directed,1,223,Knows of
163,164,Esso Police/Village Officers,Lilia's Kidnapping/Disappearance,Directed,1,223,Knows of
315,15,Eva,Lilia Solodikova,Directed,1,223,Knows of
315,164,Eva,Lilia's Kidnapping/Disappearance,Directed,1,223,Knows of
15,11,Lilia Solodikova,Alla Innokentevna,Directed,1,223,Knows
32,11,Marina Alexandrovna,Alla Innokentevna,Directed,1,223,Exchange
32,163,Marina Alexandrovna,Esso Police/Village Officers,Directed,1,223,Knows of
32,15,Marina Alexandrovna,Lilia Solodikova,Directed,1,223,Knows of
32,164,Marina Alexandrovna,Lilia's Kidnapping/Disappearance,Directed,1,223,Knows of
32,12,Marina Alexandrovna,Natasha/Natalia,Directed,1,223,Knows of
32,226,Marina Alexandrovna,Petropavlovsk Police / Detectives,Directed,1,223,Knows
12,11,Natasha/Natalia,Alla Innokentevna,Directed,1,223,Knows
226,6,Petropavlovsk Police / Detectives,Alyona Golosovsky,Directed,1,223,Knows of
226,32,Petropavlovsk Police / Detectives,Marina Alexandrovna,Directed,1,223,Knows
226,5,Petropavlovsk Police / Detectives,Sophia Golosovsky,Directed,1,223,Knows of
226,57,Petropavlovsk Police / Detectives,the kidnappING,Directed,1,223,Knows of
5,226,Sophia Golosovsky,Petropavlovsk Police / Detectives,Directed,1,223,Knows of
11,6,Alla Innokentevna,Alyona Golosovsky,Directed,1,224,Knows of
11,315,Alla Innokentevna,Eva,Directed,1,224,Knows
11,15,Alla Innokentevna,Lilia Solodikova,Directed,1,224,Knows
11,164,Alla Innokentevna,Lilia's Kidnapping/Disappearance,Directed,1,224,Knows of
11,32,Alla Innokentevna,Marina Alexandrovna,Directed,1,224,Exchange
11,226,Alla Innokentevna,Petropavlovsk Police / Detectives,Directed,1,224,Knows of
11,5,Alla Innokentevna,Sophia Golosovsky,Directed,1,224,Knows of
11,57,Alla Innokentevna,the kidnappING,Directed,1,224,Knows of
315,11,Eva,Alla Innokentevna,Directed,1,224,Knows
315,32,Eva,Marina Alexandrovna,Directed,1,224,Knows
15,11,Lilia Solodikova,Alla Innokentevna,Directed,1,224,Knows
32,11,Marina Alexandrovna,Alla Innokentevna,Directed,1,224,Exchange
32,315,Marina Alexandrovna,Eva,Directed,1,224,Knows
32,15,Marina Alexandrovna,Lilia Solodikova,Directed,1,224,Knows of
32,164,Marina Alexandrovna,Lilia's Kidnapping/Disappearance,Directed,1,224,Knows of
32,226,Marina Alexandrovna,Petropavlovsk Police / Detectives,Directed,1,224,Knows
226,6,Petropavlovsk Police / Detectives,Alyona Golosovsky,Directed,1,224,Knows of
226,32,Petropavlovsk Police / Detectives,Marina Alexandrovna,Directed,1,224,Knows
226,5,Petropavlovsk Police / Detectives,Sophia Golosovsky,Directed,1,224,Knows of
226,57,Petropavlovsk Police / Detectives,the kidnappING,Directed,1,224,Knows of
5,226,Sophia Golosovsky,Petropavlovsk Police / Detectives,Directed,1,224,Knows of
11,6,Alla Innokentevna,Alyona Golosovsky,Directed,1,225,Knows of
11,316,Alla Innokentevna,Petya,Directed,1,225,Knows
11,5,Alla Innokentevna,Sophia Golosovsky,Directed,1,225,Knows of
11,57,Alla Innokentevna,the kidnappING,Directed,1,225,Knows of
6,32,Alyona Golosovsky,Marina Alexandrovna,Directed,1,225,Knows
8,57,Chegga/Sergei Adukanov,the kidnappING,Directed,1,225,Knows of
315,32,Eva,Marina Alexandrovna,Directed,1,225,Exchange
32,6,Marina Alexandrovna,Alyona Golosovsky,Directed,1,225,Knows
32,315,Marina Alexandrovna,Eva,Directed,1,225,Exchange
32,320,Marina Alexandrovna,Marina's editor (205),Directed,1,225,Knows
32,316,Marina Alexandrovna,Petya,Directed,1,225,Knows
32,5,Marina Alexandrovna,Sophia Golosovsky,Directed,1,225,Knows
32,57,Marina Alexandrovna,the kidnappING,Directed,1,225,Knows of
320,32,Marina's editor (205),Marina Alexandrovna,Directed,1,225,Knows
316,11,Petya,Alla Innokentevna,Directed,1,225,Knows
316,32,Petya,Marina Alexandrovna,Directed,1,225,Knows
5,32,Sophia Golosovsky,Marina Alexandrovna,Directed,1,225,Knows
6,32,Alyona Golosovsky,Marina Alexandrovna,Directed,1,226,Knows
8,57,Chegga/Sergei Adukanov,the kidnappING,Directed,1,226,Knows of
315,32,Eva,Marina Alexandrovna,Directed,1,226,Exchange
315,316,Eva,Petya,Directed,1,226,Knows
32,6,Marina Alexandrovna,Alyona Golosovsky,Directed,1,226,Knows
32,315,Marina Alexandrovna,Eva,Directed,1,226,Exchange
32,316,Marina Alexandrovna,Petya,Directed,1,226,Knows
32,5,Marina Alexandrovna,Sophia Golosovsky,Directed,1,226,Knows
32,57,Marina Alexandrovna,the kidnappING,Directed,1,226,Knows of
316,315,Petya,Eva,Directed,1,226,Knows
316,32,Petya,Marina Alexandrovna,Directed,1,226,Knows
5,32,Sophia Golosovsky,Marina Alexandrovna,Directed,1,226,Knows
6,32,Alyona Golosovsky,Marina Alexandrovna,Directed,1,227,Knows
8,6,Chegga/Sergei Adukanov,Alyona Golosovsky,Directed,1,227,Knows of
8,315,Chegga/Sergei Adukanov,Eva,Directed,1,227,Knows
8,32,Chegga/Sergei Adukanov,Marina Alexandrovna,Directed,1,227,Exchange
8,57,Chegga/Sergei Adukanov,the kidnappING,Directed,1,227,Knows of
315,8,Eva,Chegga/Sergei Adukanov,Directed,1,227,Knows
315,32,Eva,Marina Alexandrovna,Directed,1,227,Exchange
32,6,Marina Alexandrovna,Alyona Golosovsky,Directed,1,227,Knows
32,8,Marina Alexandrovna,Chegga/Sergei Adukanov,Directed,1,227,Exchange
32,315,Marina Alexandrovna,Eva,Directed,1,227,Exchange
32,5,Marina Alexandrovna,Sophia Golosovsky,Directed,1,227,Knows
32,333,Marina Alexandrovna,the cook,Directed,1,227,Exchange
32,57,Marina Alexandrovna,the kidnappING,Directed,1,227,Knows of
5,32,Sophia Golosovsky,Marina Alexandrovna,Directed,1,227,Knows
333,32,the cook,Marina Alexandrovna,Directed,1,227,Exchange
6,32,Alyona Golosovsky,Marina Alexandrovna,Directed,1,228,Knows
8,6,Chegga/Sergei Adukanov,Alyona Golosovsky,Directed,1,228,Knows of
8,32,Chegga/Sergei Adukanov,Marina Alexandrovna,Directed,1,228,Exchange
8,31,Chegga/Sergei Adukanov,Yegor Gusakov,Directed,1,228,Knows of
8,57,Chegga/Sergei Adukanov,the kidnappING,Directed,1,228,Knows of
32,6,Marina Alexandrovna,Alyona Golosovsky,Directed,1,228,Knows
32,8,Marina Alexandrovna,Chegga/Sergei Adukanov,Directed,1,228,Exchange
32,5,Marina Alexandrovna,Sophia Golosovsky,Directed,1,228,Knows
32,31,Marina Alexandrovna,Yegor Gusakov,Directed,1,228,Knows of
32,57,Marina Alexandrovna,the kidnappING,Directed,1,228,Knows of
5,32,Sophia Golosovsky,Marina Alexandrovna,Directed,1,228,Knows
11,8,Alla Innokentevna,Chegga/Sergei Adukanov,Directed,1,229,Knows
11,32,Alla Innokentevna,Marina Alexandrovna,Directed,1,229,Knows
6,32,Alyona Golosovsky,Marina Alexandrovna,Directed,1,229,Knows
8,11,Chegga/Sergei Adukanov,Alla Innokentevna,Directed,1,229,Knows
8,6,Chegga/Sergei Adukanov,Alyona Golosovsky,Directed,1,229,Knows of
8,15,Chegga/Sergei Adukanov,Lilia Solodikova,Directed,1,229,Knows of
8,164,Chegga/Sergei Adukanov,Lilia's Kidnapping/Disappearance,Directed,1,229,Knows of
8,32,Chegga/Sergei Adukanov,Marina Alexandrovna,Directed,1,229,Exchange
8,31,Chegga/Sergei Adukanov,Yegor Gusakov,Directed,1,229,Knows of
8,57,Chegga/Sergei Adukanov,the kidnappING,Directed,1,229,Knows of
32,11,Marina Alexandrovna,Alla Innokentevna,Directed,1,229,Knows
32,6,Marina Alexandrovna,Alyona Golosovsky,Directed,1,229,Knows
32,8,Marina Alexandrovna,Chegga/Sergei Adukanov,Directed,1,229,Exchange
32,15,Marina Alexandrovna,Lilia Solodikova,Directed,1,229,Knows of
32,164,Marina Alexandrovna,Lilia's Kidnapping/Disappearance,Directed,1,229,Knows of
32,5,Marina Alexandrovna,Sophia Golosovsky,Directed,1,229,Knows
32,31,Marina Alexandrovna,Yegor Gusakov,Directed,1,229,Knows of
32,57,Marina Alexandrovna,the kidnappING,Directed,1,229,Knows of
5,32,Sophia Golosovsky,Marina Alexandrovna,Directed,1,229,Knows
6,32,Alyona Golosovsky,Marina Alexandrovna,Directed,1,230,Knows
8,6,Chegga/Sergei Adukanov,Alyona Golosovsky,Directed,1,230,Knows of
8,32,Chegga/Sergei Adukanov,Marina Alexandrovna,Directed,1,230,Exchange
8,57,Chegga/Sergei Adukanov,the kidnappING,Directed,1,230,Knows of
32,6,Marina Alexandrovna,Alyona Golosovsky,Directed,1,230,Knows
32,8,Marina Alexandrovna,Chegga/Sergei Adukanov,Directed,1,230,Exchange
32,5,Marina Alexandrovna,Sophia Golosovsky,Directed,1,230,Knows
32,57,Marina Alexandrovna,the kidnappING,Directed,1,230,Knows of
5,32,Sophia Golosovsky,Marina Alexandrovna,Directed,1,230,Knows
6,32,Alyona Golosovsky,Marina Alexandrovna,Directed,1,231,Knows
315,32,Eva,Marina Alexandrovna,Directed,1,231,Knows
315,316,Eva,Petya,Directed,1,231,Knows
32,6,Marina Alexandrovna,Alyona Golosovsky,Directed,1,231,Knows
32,315,Marina Alexandrovna,Eva,Directed,1,231,Knows
32,316,Marina Alexandrovna,Petya,Directed,1,231,Exchange
32,5,Marina Alexandrovna,Sophia Golosovsky,Directed,1,231,Knows
32,57,Marina Alexandrovna,the kidnappING,Directed,1,231,Knows of
316,315,Petya,Eva,Directed,1,231,Knows
316,32,Petya,Marina Alexandrovna,Directed,1,231,Exchange
5,32,Sophia Golosovsky,Marina Alexandrovna,Directed,1,231,Knows
11,8,Alla Innokentevna,Chegga/Sergei Adukanov,Directed,1,232,Knows
11,15,Alla Innokentevna,Lilia Solodikova,Directed,1,232,Knows
11,164,Alla Innokentevna,Lilia's Kidnapping/Disappearance,Directed,1,232,Knows of
11,32,Alla Innokentevna,Marina Alexandrovna,Directed,1,232,Knows
11,31,Alla Innokentevna,Yegor Gusakov,Directed,1,232,Knows
8,11,Chegga/Sergei Adukanov,Alla Innokentevna,Directed,1,232,Knows
8,15,Chegga/Sergei Adukanov,Lilia Solodikova,Directed,1,232,Knows
8,164,Chegga/Sergei Adukanov,Lilia's Kidnapping/Disappearance,Directed,1,232,Knows of
8,31,Chegga/Sergei Adukanov,Yegor Gusakov,Directed,1,232,Knows
15,11,Lilia Solodikova,Alla Innokentevna,Directed,1,232,Knows
15,8,Lilia Solodikova,Chegga/Sergei Adukanov,Directed,1,232,Knows
32,11,Marina Alexandrovna,Alla Innokentevna,Directed,1,232,Knows
32,15,Marina Alexandrovna,Lilia Solodikova,Directed,1,232,Knows of
32,164,Marina Alexandrovna,Lilia's Kidnapping/Disappearance,Directed,1,232,Knows of
32,316,Marina Alexandrovna,Petya,Directed,1,232,Exchange
32,31,Marina Alexandrovna,Yegor Gusakov,Directed,1,232,Knows of
316,32,Petya,Marina Alexandrovna,Directed,1,232,Exchange
31,11,Yegor Gusakov,Alla Innokentevna,Directed,1,232,Knows
31,8,Yegor Gusakov,Chegga/Sergei Adukanov,Directed,1,232,Knows
31,32,Yegor Gusakov,Marina Alexandrovna,Directed,1,232,Knows of
6,32,Alyona Golosovsky,Marina Alexandrovna,Directed,1,233,Knows
8,6,Chegga/Sergei Adukanov,Alyona Golosovsky,Directed,1,233,Knows of
8,15,Chegga/Sergei Adukanov,Lilia Solodikova,Directed,1,233,Knows
8,164,Chegga/Sergei Adukanov,Lilia's Kidnapping/Disappearance,Directed,1,233,Knows of
8,5,Chegga/Sergei Adukanov,Sophia Golosovsky,Directed,1,233,Knows of
8,31,Chegga/Sergei Adukanov,Yegor Gusakov,Directed,1,233,Knows
8,57,Chegga/Sergei Adukanov,the kidnappING,Directed,1,233,Knows of
15,8,Lilia Solodikova,Chegga/Sergei Adukanov,Directed,1,233,Knows
32,6,Marina Alexandrovna,Alyona Golosovsky,Directed,1,233,Knows
32,15,Marina Alexandrovna,Lilia Solodikova,Directed,1,233,Knows of
32,164,Marina Alexandrovna,Lilia's Kidnapping/Disappearance,Directed,1,233,Knows of
32,22,Marina Alexandrovna,Oksana,Directed,1,233,Knows
32,5,Marina Alexandrovna,Sophia Golosovsky,Directed,1,233,Knows
32,31,Marina Alexandrovna,Yegor Gusakov,Directed,1,233,Knows of
32,26,Marina Alexandrovna,Yevgeny Pavlovich Kulik (the major general),Directed,1,233,Knows
32,57,Marina Alexandrovna,the kidnappING,Directed,1,233,Knows of
22,32,Oksana,Marina Alexandrovna,Directed,1,233,Knows
5,32,Sophia Golosovsky,Marina Alexandrovna,Directed,1,233,Knows
31,8,Yegor Gusakov,Chegga/Sergei Adukanov,Directed,1,233,Knows
31,32,Yegor Gusakov,Marina Alexandrovna,Directed,1,233,Knows of
26,32,Yevgeny Pavlovich Kulik (the major general),Marina Alexandrovna,Directed,1,233,Knows
11,316,Alla Innokentevna,Petya,Directed,1,234,Knows
6,32,Alyona Golosovsky,Marina Alexandrovna,Directed,1,234,Knows
6,316,Alyona Golosovsky,Petya,Directed,1,234,Knows
8,6,Chegga/Sergei Adukanov,Alyona Golosovsky,Directed,1,234,Knows of
8,315,Chegga/Sergei Adukanov,Eva,Directed,1,234,Knows
8,15,Chegga/Sergei Adukanov,Lilia Solodikova,Directed,1,234,Knows
8,164,Chegga/Sergei Adukanov,Lilia's Kidnapping/Disappearance,Directed,1,234,Knows of
8,316,Chegga/Sergei Adukanov,Petya,Directed,1,234,Knows
8,5,Chegga/Sergei Adukanov,Sophia Golosovsky,Directed,1,234,Knows of
8,31,Chegga/Sergei Adukanov,Yegor Gusakov,Directed,1,234,Knows
8,57,Chegga/Sergei Adukanov,the kidnappING,Directed,1,234,Knows of
315,8,Eva,Chegga/Sergei Adukanov,Directed,1,234,Knows
315,32,Eva,Marina Alexandrovna,Directed,1,234,Knows
315,316,Eva,Petya,Directed,1,234,Knows
15,8,Lilia Solodikova,Chegga/Sergei Adukanov,Directed,1,234,Knows
32,6,Marina Alexandrovna,Alyona Golosovsky,Directed,1,234,Knows
32,315,Marina Alexandrovna,Eva,Directed,1,234,Knows
32,15,Marina Alexandrovna,Lilia Solodikova,Directed,1,234,Knows of
32,164,Marina Alexandrovna,Lilia's Kidnapping/Disappearance,Directed,1,234,Knows of
32,316,Marina Alexandrovna,Petya,Directed,1,234,Exchange
32,5,Marina Alexandrovna,Sophia Golosovsky,Directed,1,234,Knows
32,31,Marina Alexandrovna,Yegor Gusakov,Directed,1,234,Knows of
32,26,Marina Alexandrovna,Yevgeny Pavlovich Kulik (the major general),Directed,1,234,Knows
32,57,Marina Alexandrovna,the kidnappING,Directed,1,234,Knows of
316,11,Petya,Alla Innokentevna,Directed,1,234,Knows
316,6,Petya,Alyona Golosovsky,Directed,1,234,Knows
316,8,Petya,Chegga/Sergei Adukanov,Directed,1,234,Knows
316,315,Petya,Eva,Directed,1,234,Knows
316,15,Petya,Lilia Solodikova,Directed,1,234,Knows of
316,164,Petya,Lilia's Kidnapping/Disappearance,Directed,1,234,Knows of
316,32,Petya,Marina Alexandrovna,Directed,1,234,Exchange
316,5,Petya,Sophia Golosovsky,Directed,1,234,Knows
5,32,Sophia Golosovsky,Marina Alexandrovna,Directed,1,234,Knows
5,316,Sophia Golosovsky,Petya,Directed,1,234,Knows
31,8,Yegor Gusakov,Chegga/Sergei Adukanov,Directed,1,234,Knows
31,32,Yegor Gusakov,Marina Alexandrovna,Directed,1,234,Knows of
26,32,Yevgeny Pavlovich Kulik (the major general),Marina Alexandrovna,Directed,1,234,Knows
11,15,Alla Innokentevna,Lilia Solodikova,Directed,1,235,Knows
11,164,Alla Innokentevna,Lilia's Kidnapping/Disappearance,Directed,1,235,Knows of
11,32,Alla Innokentevna,Marina Alexandrovna,Directed,1,235,Exchange
11,316,Alla Innokentevna,Petya,Directed,1,235,Knows
6,32,Alyona Golosovsky,Marina Alexandrovna,Directed,1,235,Knows
6,316,Alyona Golosovsky,Petya,Directed,1,235,Knows
8,6,Chegga/Sergei Adukanov,Alyona Golosovsky,Directed,1,235,Knows of
8,315,Chegga/Sergei Adukanov,Eva,Directed,1,235,Knows
8,316,Chegga/Sergei Adukanov,Petya,Directed,1,235,Knows
8,5,Chegga/Sergei Adukanov,Sophia Golosovsky,Directed,1,235,Knows of
8,31,Chegga/Sergei Adukanov,Yegor Gusakov,Directed,1,235,Knows
8,57,Chegga/Sergei Adukanov,the kidnappING,Directed,1,235,Knows of
315,8,Eva,Chegga/Sergei Adukanov,Directed,1,235,Knows
315,32,Eva,Marina Alexandrovna,Directed,1,235,Knows
315,316,Eva,Petya,Directed,1,235,Knows
15,11,Lilia Solodikova,Alla Innokentevna,Directed,1,235,Knows
32,11,Marina Alexandrovna,Alla Innokentevna,Directed,1,235,Exchange
32,6,Marina Alexandrovna,Alyona Golosovsky,Directed,1,235,Knows
32,315,Marina Alexandrovna,Eva,Directed,1,235,Knows
32,316,Marina Alexandrovna,Petya,Directed,1,235,Exchange
32,5,Marina Alexandrovna,Sophia Golosovsky,Directed,1,235,Knows
32,31,Marina Alexandrovna,Yegor Gusakov,Directed,1,235,Knows of
32,57,Marina Alexandrovna,the kidnappING,Directed,1,235,Knows of
316,11,Petya,Alla Innokentevna,Directed,1,235,Knows
316,6,Petya,Alyona Golosovsky,Directed,1,235,Knows
316,8,Petya,Chegga/Sergei Adukanov,Directed,1,235,Knows
316,315,Petya,Eva,Directed,1,235,Knows
316,32,Petya,Marina Alexandrovna,Directed,1,235,Exchange
316,5,Petya,Sophia Golosovsky,Directed,1,235,Knows
5,32,Sophia Golosovsky,Marina Alexandrovna,Directed,1,235,Knows
5,316,Sophia Golosovsky,Petya,Directed,1,235,Knows
31,8,Yegor Gusakov,Chegga/Sergei Adukanov,Directed,1,235,Knows
31,32,Yegor Gusakov,Marina Alexandrovna,Directed,1,235,Knows of
11,145,Alla Innokentevna,Chegga & Ksyusha's mother,Directed,1,236,Knows
11,13,Alla Innokentevna,Denis,Directed,1,236,Knows
11,315,Alla Innokentevna,Eva,Directed,1,236,Knows
11,15,Alla Innokentevna,Lilia Solodikova,Directed,1,236,Knows
11,164,Alla Innokentevna,Lilia's Kidnapping/Disappearance,Directed,1,236,Knows of
11,32,Alla Innokentevna,Marina Alexandrovna,Directed,1,236,Exchange
11,12,Alla Innokentevna,Natasha/Natalia,Directed,1,236,Exchange
11,31,Alla Innokentevna,Yegor Gusakov,Directed,1,236,Knows
6,32,Alyona Golosovsky,Marina Alexandrovna,Directed,1,236,Knows
145,11,Chegga & Ksyusha's mother,Alla Innokentevna,Directed,1,236,Knows
145,8,Chegga & Ksyusha's mother,Chegga/Sergei Adukanov,Directed,1,236,Knows
8,6,Chegga/Sergei Adukanov,Alyona Golosovsky,Directed,1,236,Knows of
8,145,Chegga/Sergei Adukanov,Chegga & Ksyusha's mother,Directed,1,236,Knows
8,13,Chegga/Sergei Adukanov,Denis,Directed,1,236,Knows
8,12,Chegga/Sergei Adukanov,Natasha/Natalia,Directed,1,236,Knows
8,5,Chegga/Sergei Adukanov,Sophia Golosovsky,Directed,1,236,Knows of
8,31,Chegga/Sergei Adukanov,Yegor Gusakov,Directed,1,236,Knows
8,57,Chegga/Sergei Adukanov,the kidnappING,Directed,1,236,Knows of
13,11,Denis,Alla Innokentevna,Directed,1,236,Knows
13,8,Denis,Chegga/Sergei Adukanov,Directed,1,236,Knows
315,11,Eva,Alla Innokentevna,Directed,1,236,Knows
15,11,Lilia Solodikova,Alla Innokentevna,Directed,1,236,Knows
15,32,Lilia Solodikova,Marina Alexandrovna,Directed,1,236,Knows of
15,12,Lilia Solodikova,Natasha/Natalia,Directed,1,236,Knows
32,11,Marina Alexandrovna,Alla Innokentevna,Directed,1,236,Exchange
32,6,Marina Alexandrovna,Alyona Golosovsky,Directed,1,236,Knows
32,15,Marina Alexandrovna,Lilia Solodikova,Directed,1,236,Knows of
32,164,Marina Alexandrovna,Lilia's Kidnapping/Disappearance,Directed,1,236,Knows of
32,12,Marina Alexandrovna,Natasha/Natalia,Directed,1,236,Exchange
32,5,Marina Alexandrovna,Sophia Golosovsky,Directed,1,236,Knows
32,31,Marina Alexandrovna,Yegor Gusakov,Directed,1,236,Knows of
32,57,Marina Alexandrovna,the kidnappING,Directed,1,236,Knows of
12,11,Natasha/Natalia,Alla Innokentevna,Directed,1,236,Exchange
12,6,Natasha/Natalia,Alyona Golosovsky,Directed,1,236,Knows of
12,8,Natasha/Natalia,Chegga/Sergei Adukanov,Directed,1,236,Knows
12,15,Natasha/Natalia,Lilia Solodikova,Directed,1,236,Knows
12,32,Natasha/Natalia,Marina Alexandrovna,Directed,1,236,Exchange
12,5,Natasha/Natalia,Sophia Golosovsky,Directed,1,236,Knows of
12,57,Natasha/Natalia,the kidnappING,Directed,1,236,Knows of
5,32,Sophia Golosovsky,Marina Alexandrovna,Directed,1,236,Knows
31,11,Yegor Gusakov,Alla Innokentevna,Directed,1,236,Knows
31,8,Yegor Gusakov,Chegga/Sergei Adukanov,Directed,1,236,Knows
31,32,Yegor Gusakov,Marina Alexandrovna,Directed,1,236,Knows of
11,13,Alla Innokentevna,Denis,Directed,1,237,Knows
11,15,Alla Innokentevna,Lilia Solodikova,Directed,1,237,Knows
11,164,Alla Innokentevna,Lilia's Kidnapping/Disappearance,Directed,1,237,Knows of
11,32,Alla Innokentevna,Marina Alexandrovna,Directed,1,237,Exchange
11,12,Alla Innokentevna,Natasha/Natalia,Directed,1,237,Exchange
11,31,Alla Innokentevna,Yegor Gusakov,Directed,1,237,Knows
6,32,Alyona Golosovsky,Marina Alexandrovna,Directed,1,237,Knows
8,6,Chegga/Sergei Adukanov,Alyona Golosovsky,Directed,1,237,Knows of
8,13,Chegga/Sergei Adukanov,Denis,Directed,1,237,Knows
8,15,Chegga/Sergei Adukanov,Lilia Solodikova,Directed,1,237,Knows
8,164,Chegga/Sergei Adukanov,Lilia's Kidnapping/Disappearance,Directed,1,237,Knows of
8,5,Chegga/Sergei Adukanov,Sophia Golosovsky,Directed,1,237,Knows of
8,31,Chegga/Sergei Adukanov,Yegor Gusakov,Directed,1,237,Knows
8,57,Chegga/Sergei Adukanov,the kidnappING,Directed,1,237,Knows of
13,11,Denis,Alla Innokentevna,Directed,1,237,Knows
13,8,Denis,Chegga/Sergei Adukanov,Directed,1,237,Knows
15,11,Lilia Solodikova,Alla Innokentevna,Directed,1,237,Knows
15,8,Lilia Solodikova,Chegga/Sergei Adukanov,Directed,1,237,Knows
15,32,Lilia Solodikova,Marina Alexandrovna,Directed,1,237,Knows of
15,12,Lilia Solodikova,Natasha/Natalia,Directed,1,237,Knows
32,11,Marina Alexandrovna,Alla Innokentevna,Directed,1,237,Exchange
32,6,Marina Alexandrovna,Alyona Golosovsky,Directed,1,237,Knows
32,15,Marina Alexandrovna,Lilia Solodikova,Directed,1,237,Knows of
32,164,Marina Alexandrovna,Lilia's Kidnapping/Disappearance,Directed,1,237,Knows of
32,5,Marina Alexandrovna,Sophia Golosovsky,Directed,1,237,Knows
32,31,Marina Alexandrovna,Yegor Gusakov,Directed,1,237,Knows of
32,57,Marina Alexandrovna,the kidnappING,Directed,1,237,Knows of
12,11,Natasha/Natalia,Alla Innokentevna,Directed,1,237,Exchange
12,15,Natasha/Natalia,Lilia Solodikova,Directed,1,237,Knows
5,32,Sophia Golosovsky,Marina Alexandrovna,Directed,1,237,Knows
31,11,Yegor Gusakov,Alla Innokentevna,Directed,1,237,Knows
31,8,Yegor Gusakov,Chegga/Sergei Adukanov,Directed,1,237,Knows
31,32,Yegor Gusakov,Marina Alexandrovna,Directed,1,237,Knows of
11,6,Alla Innokentevna,Alyona Golosovsky,Directed,1,238,Knows of
11,15,Alla Innokentevna,Lilia Solodikova,Directed,1,238,Knows
11,164,Alla Innokentevna,Lilia's Kidnapping/Disappearance,Directed,1,238,Knows of
11,32,Alla Innokentevna,Marina Alexandrovna,Directed,1,238,Exchange
11,12,Alla Innokentevna,Natasha/Natalia,Directed,1,238,Exchange
11,5,Alla Innokentevna,Sophia Golosovsky,Directed,1,238,Knows of
11,31,Alla Innokentevna,Yegor Gusakov,Directed,1,238,Knows
6,32,Alyona Golosovsky,Marina Alexandrovna,Directed,1,238,Knows
8,6,Chegga/Sergei Adukanov,Alyona Golosovsky,Directed,1,238,Knows of
8,15,Chegga/Sergei Adukanov,Lilia Solodikova,Directed,1,238,Knows
8,164,Chegga/Sergei Adukanov,Lilia's Kidnapping/Disappearance,Directed,1,238,Knows of
8,5,Chegga/Sergei Adukanov,Sophia Golosovsky,Directed,1,238,Knows of
8,31,Chegga/Sergei Adukanov,Yegor Gusakov,Directed,1,238,Knows
8,57,Chegga/Sergei Adukanov,the kidnappING,Directed,1,238,Knows of
315,32,Eva,Marina Alexandrovna,Directed,1,238,Knows
15,11,Lilia Solodikova,Alla Innokentevna,Directed,1,238,Knows
15,8,Lilia Solodikova,Chegga/Sergei Adukanov,Directed,1,238,Knows
15,32,Lilia Solodikova,Marina Alexandrovna,Directed,1,238,Knows of
32,11,Marina Alexandrovna,Alla Innokentevna,Directed,1,238,Exchange
32,6,Marina Alexandrovna,Alyona Golosovsky,Directed,1,238,Knows
32,315,Marina Alexandrovna,Eva,Directed,1,238,Knows
32,15,Marina Alexandrovna,Lilia Solodikova,Directed,1,238,Knows of
32,164,Marina Alexandrovna,Lilia's Kidnapping/Disappearance,Directed,1,238,Knows of
32,12,Marina Alexandrovna,Natasha/Natalia,Directed,1,238,Exchange
32,5,Marina Alexandrovna,Sophia Golosovsky,Directed,1,238,Knows
32,31,Marina Alexandrovna,Yegor Gusakov,Directed,1,238,Knows of
32,57,Marina Alexandrovna,the kidnappING,Directed,1,238,Knows of
12,11,Natasha/Natalia,Alla Innokentevna,Directed,1,238,Exchange
12,32,Natasha/Natalia,Marina Alexandrovna,Directed,1,238,Exchange
5,32,Sophia Golosovsky,Marina Alexandrovna,Directed,1,238,Knows
31,11,Yegor Gusakov,Alla Innokentevna,Directed,1,238,Knows
31,8,Yegor Gusakov,Chegga/Sergei Adukanov,Directed,1,238,Knows
31,32,Yegor Gusakov,Marina Alexandrovna,Directed,1,238,Knows of
6,32,Alyona Golosovsky,Marina Alexandrovna,Directed,1,239,Knows
8,6,Chegga/Sergei Adukanov,Alyona Golosovsky,Directed,1,239,Knows of
8,15,Chegga/Sergei Adukanov,Lilia Solodikova,Directed,1,239,Knows
8,164,Chegga/Sergei Adukanov,Lilia's Kidnapping/Disappearance,Directed,1,239,Knows of
8,12,Chegga/Sergei Adukanov,Natasha/Natalia,Directed,1,239,Exchange
8,5,Chegga/Sergei Adukanov,Sophia Golosovsky,Directed,1,239,Knows of
8,31,Chegga/Sergei Adukanov,Yegor Gusakov,Directed,1,239,Knows
8,57,Chegga/Sergei Adukanov,the kidnappING,Directed,1,239,Knows of
163,315,Esso Police/Village Officers,Eva,Directed,1,239,Knows
163,32,Esso Police/Village Officers,Marina Alexandrovna,Directed,1,239,Knows
163,12,Esso Police/Village Officers,Natasha/Natalia,Directed,1,239,Knows
315,163,Eva,Esso Police/Village Officers,Directed,1,239,Knows
315,12,Eva,Natasha/Natalia,Directed,1,239,Exchange
315,316,Eva,Petya,Directed,1,239,Exchange
15,8,Lilia Solodikova,Chegga/Sergei Adukanov,Directed,1,239,Knows
15,32,Lilia Solodikova,Marina Alexandrovna,Directed,1,239,Knows of
15,12,Lilia Solodikova,Natasha/Natalia,Directed,1,239,Knows
32,6,Marina Alexandrovna,Alyona Golosovsky,Directed,1,239,Knows
32,163,Marina Alexandrovna,Esso Police/Village Officers,Directed,1,239,Knows
32,15,Marina Alexandrovna,Lilia Solodikova,Directed,1,239,Knows of
32,164,Marina Alexandrovna,Lilia's Kidnapping/Disappearance,Directed,1,239,Knows of
32,316,Marina Alexandrovna,Petya,Directed,1,239,Exchange
32,5,Marina Alexandrovna,Sophia Golosovsky,Directed,1,239,Knows
32,31,Marina Alexandrovna,Yegor Gusakov,Directed,1,239,Knows of
32,57,Marina Alexandrovna,the kidnappING,Directed,1,239,Knows of
12,8,Natasha/Natalia,Chegga/Sergei Adukanov,Directed,1,239,Exchange
12,163,Natasha/Natalia,Esso Police/Village Officers,Directed,1,239,Knows
12,315,Natasha/Natalia,Eva,Directed,1,239,Exchange
12,15,Natasha/Natalia,Lilia Solodikova,Directed,1,239,Knows
12,164,Natasha/Natalia,Lilia's Kidnapping/Disappearance,Directed,1,239,Knows of
12,316,Natasha/Natalia,Petya,Directed,1,239,Exchange
12,31,Natasha/Natalia,Yegor Gusakov,Directed,1,239,Knows of
316,315,Petya,Eva,Directed,1,239,Exchange
316,15,Petya,Lilia Solodikova,Directed,1,239,Knows of
316,164,Petya,Lilia's Kidnapping/Disappearance,Directed,1,239,Knows of
316,32,Petya,Marina Alexandrovna,Directed,1,239,Exchange
316,12,Petya,Natasha/Natalia,Directed,1,239,Exchange
5,32,Sophia Golosovsky,Marina Alexandrovna,Directed,1,239,Knows
31,8,Yegor Gusakov,Chegga/Sergei Adukanov,Directed,1,239,Knows
31,32,Yegor Gusakov,Marina Alexandrovna,Directed,1,239,Knows of
31,12,Yegor Gusakov,Natasha/Natalia,Directed,1,239,Knows of
11,32,Alla Innokentevna,Marina Alexandrovna,Directed,1,240,Knows
11,12,Alla Innokentevna,Natasha/Natalia,Directed,1,240,Knows
6,32,Alyona Golosovsky,Marina Alexandrovna,Directed,1,240,Knows
8,6,Chegga/Sergei Adukanov,Alyona Golosovsky,Directed,1,240,Knows of
8,15,Chegga/Sergei Adukanov,Lilia Solodikova,Directed,1,240,Knows
8,164,Chegga/Sergei Adukanov,Lilia's Kidnapping/Disappearance,Directed,1,240,Knows of
8,12,Chegga/Sergei Adukanov,Natasha/Natalia,Directed,1,240,Exchange
8,5,Chegga/Sergei Adukanov,Sophia Golosovsky,Directed,1,240,Knows of
8,31,Chegga/Sergei Adukanov,Yegor Gusakov,Directed,1,240,Knows
8,57,Chegga/Sergei Adukanov,the kidnappING,Directed,1,240,Knows of
315,32,Eva,Marina Alexandrovna,Directed,1,240,Exchange
315,316,Eva,Petya,Directed,1,240,Knows
19,32,Lev,Marina Alexandrovna,Directed,1,240,Knows of
19,12,Lev,Natasha/Natalia,Directed,1,240,Knows
15,8,Lilia Solodikova,Chegga/Sergei Adukanov,Directed,1,240,Knows
15,32,Lilia Solodikova,Marina Alexandrovna,Directed,1,240,Knows of
15,12,Lilia Solodikova,Natasha/Natalia,Directed,1,240,Knows
32,11,Marina Alexandrovna,Alla Innokentevna,Directed,1,240,Knows
32,6,Marina Alexandrovna,Alyona Golosovsky,Directed,1,240,Knows
32,315,Marina Alexandrovna,Eva,Directed,1,240,Exchange
32,19,Marina Alexandrovna,Lev,Directed,1,240,Knows of
32,15,Marina Alexandrovna,Lilia Solodikova,Directed,1,240,Knows of
32,164,Marina Alexandrovna,Lilia's Kidnapping/Disappearance,Directed,1,240,Knows of
32,12,Marina Alexandrovna,Natasha/Natalia,Directed,1,240,Exchange
32,316,Marina Alexandrovna,Petya,Directed,1,240,Exchange
32,5,Marina Alexandrovna,Sophia Golosovsky,Directed,1,240,Knows
32,31,Marina Alexandrovna,Yegor Gusakov,Directed,1,240,Knows of
32,21,Marina Alexandrovna,Yulka/Yulia,Directed,1,240,Knows of
32,57,Marina Alexandrovna,the kidnappING,Directed,1,240,Knows
12,11,Natasha/Natalia,Alla Innokentevna,Directed,1,240,Knows
12,6,Natasha/Natalia,Alyona Golosovsky,Directed,1,240,Knows of
12,8,Natasha/Natalia,Chegga/Sergei Adukanov,Directed,1,240,Exchange
12,19,Natasha/Natalia,Lev,Directed,1,240,Knows
12,15,Natasha/Natalia,Lilia Solodikova,Directed,1,240,Knows
12,164,Natasha/Natalia,Lilia's Kidnapping/Disappearance,Directed,1,240,Knows of
12,32,Natasha/Natalia,Marina Alexandrovna,Directed,1,240,Exchange
12,31,Natasha/Natalia,Yegor Gusakov,Directed,1,240,Knows of
12,21,Natasha/Natalia,Yulka/Yulia,Directed,1,240,Knows
12,57,Natasha/Natalia,the kidnappING,Directed,1,240,Knows of
316,315,Petya,Eva,Directed,1,240,Knows
316,15,Petya,Lilia Solodikova,Directed,1,240,Knows of
316,164,Petya,Lilia's Kidnapping/Disappearance,Directed,1,240,Knows of
316,32,Petya,Marina Alexandrovna,Directed,1,240,Exchange
5,32,Sophia Golosovsky,Marina Alexandrovna,Directed,1,240,Knows
31,8,Yegor Gusakov,Chegga/Sergei Adukanov,Directed,1,240,Knows
31,32,Yegor Gusakov,Marina Alexandrovna,Directed,1,240,Knows of
31,12,Yegor Gusakov,Natasha/Natalia,Directed,1,240,Knows of
21,12,Yulka/Yulia,Natasha/Natalia,Directed,1,240,Knows
57,12,the kidnappING,Natasha/Natalia,Directed,1,240,Knows of
11,12,Alla Innokentevna,Natasha/Natalia,Directed,1,241,Knows
6,32,Alyona Golosovsky,Marina Alexandrovna,Directed,1,241,Knows
8,6,Chegga/Sergei Adukanov,Alyona Golosovsky,Directed,1,241,Knows of
8,315,Chegga/Sergei Adukanov,Eva,Directed,1,241,Exchange
8,32,Chegga/Sergei Adukanov,Marina Alexandrovna,Directed,1,241,Exchange
8,12,Chegga/Sergei Adukanov,Natasha/Natalia,Directed,1,241,Exchange
8,316,Chegga/Sergei Adukanov,Petya,Directed,1,241,Exchange
8,5,Chegga/Sergei Adukanov,Sophia Golosovsky,Directed,1,241,Knows of
8,31,Chegga/Sergei Adukanov,Yegor Gusakov,Directed,1,241,Knows
8,57,Chegga/Sergei Adukanov,the kidnappING,Directed,1,241,Knows of
315,8,Eva,Chegga/Sergei Adukanov,Directed,1,241,Exchange
315,32,Eva,Marina Alexandrovna,Directed,1,241,Exchange
315,316,Eva,Petya,Directed,1,241,Knows
32,6,Marina Alexandrovna,Alyona Golosovsky,Directed,1,241,Knows
32,8,Marina Alexandrovna,Chegga/Sergei Adukanov,Directed,1,241,Exchange
32,315,Marina Alexandrovna,Eva,Directed,1,241,Exchange
32,12,Marina Alexandrovna,Natasha/Natalia,Directed,1,241,Exchange
32,5,Marina Alexandrovna,Sophia Golosovsky,Directed,1,241,Knows
32,31,Marina Alexandrovna,Yegor Gusakov,Directed,1,241,Knows of
32,57,Marina Alexandrovna,the kidnappING,Directed,1,241,Knows of
12,11,Natasha/Natalia,Alla Innokentevna,Directed,1,241,Knows
12,8,Natasha/Natalia,Chegga/Sergei Adukanov,Directed,1,241,Exchange
12,32,Natasha/Natalia,Marina Alexandrovna,Directed,1,241,Exchange
12,31,Natasha/Natalia,Yegor Gusakov,Directed,1,241,Knows of
316,8,Petya,Chegga/Sergei Adukanov,Directed,1,241,Exchange
316,315,Petya,Eva,Directed,1,241,Knows
5,32,Sophia Golosovsky,Marina Alexandrovna,Directed,1,241,Knows
31,8,Yegor Gusakov,Chegga/Sergei Adukanov,Directed,1,241,Knows
31,32,Yegor Gusakov,Marina Alexandrovna,Directed,1,241,Knows of
6,32,Alyona Golosovsky,Marina Alexandrovna,Directed,1,242,Knows
8,6,Chegga/Sergei Adukanov,Alyona Golosovsky,Directed,1,242,Knows of
8,32,Chegga/Sergei Adukanov,Marina Alexandrovna,Directed,1,242,Exchange
8,316,Chegga/Sergei Adukanov,Petya,Directed,1,242,Exchange
8,5,Chegga/Sergei Adukanov,Sophia Golosovsky,Directed,1,242,Knows of
8,57,Chegga/Sergei Adukanov,the kidnappING,Directed,1,242,Knows of
315,32,Eva,Marina Alexandrovna,Directed,1,242,Exchange
315,316,Eva,Petya,Directed,1,242,Knows
32,6,Marina Alexandrovna,Alyona Golosovsky,Directed,1,242,Knows
32,8,Marina Alexandrovna,Chegga/Sergei Adukanov,Directed,1,242,Exchange
32,315,Marina Alexandrovna,Eva,Directed,1,242,Exchange
32,316,Marina Alexandrovna,Petya,Directed,1,242,Exchange
32,5,Marina Alexandrovna,Sophia Golosovsky,Directed,1,242,Knows
32,345,Marina Alexandrovna,Virgin Mary,Directed,1,242,Knows of
32,31,Marina Alexandrovna,Yegor Gusakov,Directed,1,242,Knows of
32,57,Marina Alexandrovna,the kidnappING,Directed,1,242,Knows of
12,316,Natasha/Natalia,Petya,Directed,1,242,Exchange
316,8,Petya,Chegga/Sergei Adukanov,Directed,1,242,Exchange
316,315,Petya,Eva,Directed,1,242,Knows
316,32,Petya,Marina Alexandrovna,Directed,1,242,Exchange
316,12,Petya,Natasha/Natalia,Directed,1,242,Exchange
5,32,Sophia Golosovsky,Marina Alexandrovna,Directed,1,242,Knows
31,32,Yegor Gusakov,Marina Alexandrovna,Directed,1,242,Knows of
31,345,Yegor Gusakov,Virgin Mary,Directed,1,242,Knows of
6,32,Alyona Golosovsky,Marina Alexandrovna,Directed,1,243,Knows
8,6,Chegga/Sergei Adukanov,Alyona Golosovsky,Directed,1,243,Knows of
8,32,Chegga/Sergei Adukanov,Marina Alexandrovna,Directed,1,243,Exchange
8,316,Chegga/Sergei Adukanov,Petya,Directed,1,243,Exchange
8,5,Chegga/Sergei Adukanov,Sophia Golosovsky,Directed,1,243,Knows of
8,57,Chegga/Sergei Adukanov,the kidnappING,Directed,1,243,Knows of
315,316,Eva,Petya,Directed,1,243,Knows
32,6,Marina Alexandrovna,Alyona Golosovsky,Directed,1,243,Knows
32,8,Marina Alexandrovna,Chegga/Sergei Adukanov,Directed,1,243,Exchange
32,5,Marina Alexandrovna,Sophia Golosovsky,Directed,1,243,Knows
32,57,Marina Alexandrovna,the kidnappING,Directed,1,243,Knows of
12,316,Natasha/Natalia,Petya,Directed,1,243,Exchange
316,6,Petya,Alyona Golosovsky,Directed,1,243,Knows
316,8,Petya,Chegga/Sergei Adukanov,Directed,1,243,Exchange
316,315,Petya,Eva,Directed,1,243,Knows
316,12,Petya,Natasha/Natalia,Directed,1,243,Exchange
5,32,Sophia Golosovsky,Marina Alexandrovna,Directed,1,243,Knows
6,32,Alyona Golosovsky,Marina Alexandrovna,Directed,1,244,Knows
6,5,Alyona Golosovsky,Sophia Golosovsky,Directed,1,244,Knows
8,6,Chegga/Sergei Adukanov,Alyona Golosovsky,Directed,1,244,Knows of
8,15,Chegga/Sergei Adukanov,Lilia Solodikova,Directed,1,244,Knows
8,164,Chegga/Sergei Adukanov,Lilia's Kidnapping/Disappearance,Directed,1,244,Knows of
8,32,Chegga/Sergei Adukanov,Marina Alexandrovna,Directed,1,244,Exchange
8,12,Chegga/Sergei Adukanov,Natasha/Natalia,Directed,1,244,Exchange
8,5,Chegga/Sergei Adukanov,Sophia Golosovsky,Directed,1,244,Knows of
8,57,Chegga/Sergei Adukanov,the kidnappING,Directed,1,244,Knows of
15,8,Lilia Solodikova,Chegga/Sergei Adukanov,Directed,1,244,Knows
15,12,Lilia Solodikova,Natasha/Natalia,Directed,1,244,Knows
32,6,Marina Alexandrovna,Alyona Golosovsky,Directed,1,244,Knows
32,8,Marina Alexandrovna,Chegga/Sergei Adukanov,Directed,1,244,Exchange
32,12,Marina Alexandrovna,Natasha/Natalia,Directed,1,244,Exchange
32,316,Marina Alexandrovna,Petya,Directed,1,244,Exchange
32,5,Marina Alexandrovna,Sophia Golosovsky,Directed,1,244,Knows
32,31,Marina Alexandrovna,Yegor Gusakov,Directed,1,244,Knows of
32,57,Marina Alexandrovna,the kidnappING,Directed,1,244,Knows of
12,8,Natasha/Natalia,Chegga/Sergei Adukanov,Directed,1,244,Exchange
12,15,Natasha/Natalia,Lilia Solodikova,Directed,1,244,Knows
12,164,Natasha/Natalia,Lilia's Kidnapping/Disappearance,Directed,1,244,Knows of
12,32,Natasha/Natalia,Marina Alexandrovna,Directed,1,244,Exchange
316,32,Petya,Marina Alexandrovna,Directed,1,244,Exchange
5,6,Sophia Golosovsky,Alyona Golosovsky,Directed,1,244,Knows
5,32,Sophia Golosovsky,Marina Alexandrovna,Directed,1,244,Knows
6,17,Alyona Golosovsky,Kolya/Nikolai Danilovich / Lieutenant Ryakhovsky,Directed,1,245,Knows of
6,32,Alyona Golosovsky,Marina Alexandrovna,Directed,1,245,Knows
8,6,Chegga/Sergei Adukanov,Alyona Golosovsky,Directed,1,245,Knows of
8,15,Chegga/Sergei Adukanov,Lilia Solodikova,Directed,1,245,Knows
8,164,Chegga/Sergei Adukanov,Lilia's Kidnapping/Disappearance,Directed,1,245,Knows of
8,32,Chegga/Sergei Adukanov,Marina Alexandrovna,Directed,1,245,Exchange
8,5,Chegga/Sergei Adukanov,Sophia Golosovsky,Directed,1,245,Knows of
8,57,Chegga/Sergei Adukanov,the kidnappING,Directed,1,245,Knows of
17,6,Kolya/Nikolai Danilovich / Lieutenant Ryakhovsky,Alyona Golosovsky,Directed,1,245,Knows of
17,32,Kolya/Nikolai Danilovich / Lieutenant Ryakhovsky,Marina Alexandrovna,Directed,1,245,Exchange
17,5,Kolya/Nikolai Danilovich / Lieutenant Ryakhovsky,Sophia Golosovsky,Directed,1,245,Knows of
17,31,Kolya/Nikolai Danilovich / Lieutenant Ryakhovsky,Yegor Gusakov,Directed,1,245,Knows of
17,26,Kolya/Nikolai Danilovich / Lieutenant Ryakhovsky,Yevgeny Pavlovich Kulik (the major general),Directed,1,245,Knows
17,57,Kolya/Nikolai Danilovich / Lieutenant Ryakhovsky,the kidnappING,Directed,1,245,Knows of
15,8,Lilia Solodikova,Chegga/Sergei Adukanov,Directed,1,245,Knows
32,6,Marina Alexandrovna,Alyona Golosovsky,Directed,1,245,Knows
32,8,Marina Alexandrovna,Chegga/Sergei Adukanov,Directed,1,245,Exchange
32,17,Marina Alexandrovna,Kolya/Nikolai Danilovich / Lieutenant Ryakhovsky,Directed,1,245,Exchange
32,15,Marina Alexandrovna,Lilia Solodikova,Directed,1,245,Knows of
32,164,Marina Alexandrovna,Lilia's Kidnapping/Disappearance,Directed,1,245,Knows of
32,316,Marina Alexandrovna,Petya,Directed,1,245,Exchange
32,5,Marina Alexandrovna,Sophia Golosovsky,Directed,1,245,Knows
32,31,Marina Alexandrovna,Yegor Gusakov,Directed,1,245,Knows of
32,26,Marina Alexandrovna,Yevgeny Pavlovich Kulik (the major general),Directed,1,245,Knows
32,57,Marina Alexandrovna,the kidnappING,Directed,1,245,Knows of
316,32,Petya,Marina Alexandrovna,Directed,1,245,Exchange
5,17,Sophia Golosovsky,Kolya/Nikolai Danilovich / Lieutenant Ryakhovsky,Directed,1,245,Knows of
5,32,Sophia Golosovsky,Marina Alexandrovna,Directed,1,245,Knows
26,6,Yevgeny Pavlovich Kulik (the major general),Alyona Golosovsky,Directed,1,245,Knows of
26,17,Yevgeny Pavlovich Kulik (the major general),Kolya/Nikolai Danilovich / Lieutenant Ryakhovsky,Directed,1,245,Knows
26,32,Yevgeny Pavlovich Kulik (the major general),Marina Alexandrovna,Directed,1,245,Knows
26,5,Yevgeny Pavlovich Kulik (the major general),Sophia Golosovsky,Directed,1,245,Knows of
26,57,Yevgeny Pavlovich Kulik (the major general),the kidnappING,Directed,1,245,Knows of
57,17,the kidnappING,Kolya/Nikolai Danilovich / Lieutenant Ryakhovsky,Directed,1,245,Knows of
6,17,Alyona Golosovsky,Kolya/Nikolai Danilovich / Lieutenant Ryakhovsky,Directed,1,246,Knows of
6,32,Alyona Golosovsky,Marina Alexandrovna,Directed,1,246,Knows
8,17,Chegga/Sergei Adukanov,Kolya/Nikolai Danilovich / Lieutenant Ryakhovsky,Directed,1,246,Knows of
315,17,Eva,Kolya/Nikolai Danilovich / Lieutenant Ryakhovsky,Directed,1,246,Knows of
17,6,Kolya/Nikolai Danilovich / Lieutenant Ryakhovsky,Alyona Golosovsky,Directed,1,246,Knows of
17,8,Kolya/Nikolai Danilovich / Lieutenant Ryakhovsky,Chegga/Sergei Adukanov,Directed,1,246,Knows of
17,315,Kolya/Nikolai Danilovich / Lieutenant Ryakhovsky,Eva,Directed,1,246,Knows of
17,32,Kolya/Nikolai Danilovich / Lieutenant Ryakhovsky,Marina Alexandrovna,Directed,1,246,Exchange
17,12,Kolya/Nikolai Danilovich / Lieutenant Ryakhovsky,Natasha/Natalia,Directed,1,246,Knows of
17,316,Kolya/Nikolai Danilovich / Lieutenant Ryakhovsky,Petya,Directed,1,246,Knows of
17,5,Kolya/Nikolai Danilovich / Lieutenant Ryakhovsky,Sophia Golosovsky,Directed,1,246,Knows of
17,31,Kolya/Nikolai Danilovich / Lieutenant Ryakhovsky,Yegor Gusakov,Directed,1,246,Knows of
17,26,Kolya/Nikolai Danilovich / Lieutenant Ryakhovsky,Yevgeny Pavlovich Kulik (the major general),Directed,1,246,Knows
17,57,Kolya/Nikolai Danilovich / Lieutenant Ryakhovsky,the kidnappING,Directed,1,246,Knows of
15,12,Lilia Solodikova,Natasha/Natalia,Directed,1,246,Knows
32,6,Marina Alexandrovna,Alyona Golosovsky,Directed,1,246,Knows
32,17,Marina Alexandrovna,Kolya/Nikolai Danilovich / Lieutenant Ryakhovsky,Directed,1,246,Exchange
32,15,Marina Alexandrovna,Lilia Solodikova,Directed,1,246,Knows of
32,164,Marina Alexandrovna,Lilia's Kidnapping/Disappearance,Directed,1,246,Knows of
32,12,Marina Alexandrovna,Natasha/Natalia,Directed,1,246,Exchange
32,5,Marina Alexandrovna,Sophia Golosovsky,Directed,1,246,Knows
32,31,Marina Alexandrovna,Yegor Gusakov,Directed,1,246,Knows of
32,26,Marina Alexandrovna,Yevgeny Pavlovich Kulik (the major general),Directed,1,246,Knows
32,57,Marina Alexandrovna,the kidnappING,Directed,1,246,Knows of
12,17,Natasha/Natalia,Kolya/Nikolai Danilovich / Lieutenant Ryakhovsky,Directed,1,246,Knows of
12,15,Natasha/Natalia,Lilia Solodikova,Directed,1,246,Knows
12,164,Natasha/Natalia,Lilia's Kidnapping/Disappearance,Directed,1,246,Knows of
12,32,Natasha/Natalia,Marina Alexandrovna,Directed,1,246,Exchange
316,17,Petya,Kolya/Nikolai Danilovich / Lieutenant Ryakhovsky,Directed,1,246,Knows of
5,17,Sophia Golosovsky,Kolya/Nikolai Danilovich / Lieutenant Ryakhovsky,Directed,1,246,Knows of
5,32,Sophia Golosovsky,Marina Alexandrovna,Directed,1,246,Knows
26,6,Yevgeny Pavlovich Kulik (the major general),Alyona Golosovsky,Directed,1,246,Knows of
26,17,Yevgeny Pavlovich Kulik (the major general),Kolya/Nikolai Danilovich / Lieutenant Ryakhovsky,Directed,1,246,Knows
26,32,Yevgeny Pavlovich Kulik (the major general),Marina Alexandrovna,Directed,1,246,Knows
26,5,Yevgeny Pavlovich Kulik (the major general),Sophia Golosovsky,Directed,1,246,Knows of
26,57,Yevgeny Pavlovich Kulik (the major general),the kidnappING,Directed,1,246,Knows of
57,17,the kidnappING,Kolya/Nikolai Danilovich / Lieutenant Ryakhovsky,Directed,1,246,Knows of
11,315,Alla Innokentevna,Eva,Directed,1,247,Knows
11,12,Alla Innokentevna,Natasha/Natalia,Directed,1,247,Knows
6,32,Alyona Golosovsky,Marina Alexandrovna,Directed,1,247,Knows
8,17,Chegga/Sergei Adukanov,Kolya/Nikolai Danilovich / Lieutenant Ryakhovsky,Directed,1,247,Knows of
8,12,Chegga/Sergei Adukanov,Natasha/Natalia,Directed,1,247,Exchange
8,316,Chegga/Sergei Adukanov,Petya,Directed,1,247,Exchange
315,11,Eva,Alla Innokentevna,Directed,1,247,Knows
315,17,Eva,Kolya/Nikolai Danilovich / Lieutenant Ryakhovsky,Directed,1,247,Knows of
315,32,Eva,Marina Alexandrovna,Directed,1,247,Exchange
315,12,Eva,Natasha/Natalia,Directed,1,247,Exchange
17,8,Kolya/Nikolai Danilovich / Lieutenant Ryakhovsky,Chegga/Sergei Adukanov,Directed,1,247,Knows of
17,315,Kolya/Nikolai Danilovich / Lieutenant Ryakhovsky,Eva,Directed,1,247,Knows of
17,32,Kolya/Nikolai Danilovich / Lieutenant Ryakhovsky,Marina Alexandrovna,Directed,1,247,Exchange
17,12,Kolya/Nikolai Danilovich / Lieutenant Ryakhovsky,Natasha/Natalia,Directed,1,247,Knows of
17,316,Kolya/Nikolai Danilovich / Lieutenant Ryakhovsky,Petya,Directed,1,247,Knows of
17,26,Kolya/Nikolai Danilovich / Lieutenant Ryakhovsky,Yevgeny Pavlovich Kulik (the major general),Directed,1,247,Knows
32,6,Marina Alexandrovna,Alyona Golosovsky,Directed,1,247,Knows
32,315,Marina Alexandrovna,Eva,Directed,1,247,Exchange
32,17,Marina Alexandrovna,Kolya/Nikolai Danilovich / Lieutenant Ryakhovsky,Directed,1,247,Exchange
32,12,Marina Alexandrovna,Natasha/Natalia,Directed,1,247,Exchange
32,5,Marina Alexandrovna,Sophia Golosovsky,Directed,1,247,Knows
32,31,Marina Alexandrovna,Yegor Gusakov,Directed,1,247,Knows of
32,26,Marina Alexandrovna,Yevgeny Pavlovich Kulik (the major general),Directed,1,247,Knows
32,57,Marina Alexandrovna,the kidnappING,Directed,1,247,Knows of
12,11,Natasha/Natalia,Alla Innokentevna,Directed,1,247,Knows
12,8,Natasha/Natalia,Chegga/Sergei Adukanov,Directed,1,247,Exchange
12,315,Natasha/Natalia,Eva,Directed,1,247,Exchange
12,17,Natasha/Natalia,Kolya/Nikolai Danilovich / Lieutenant Ryakhovsky,Directed,1,247,Knows of
12,32,Natasha/Natalia,Marina Alexandrovna,Directed,1,247,Exchange
316,8,Petya,Chegga/Sergei Adukanov,Directed,1,247,Exchange
316,17,Petya,Kolya/Nikolai Danilovich / Lieutenant Ryakhovsky,Directed,1,247,Knows of
5,32,Sophia Golosovsky,Marina Alexandrovna,Directed,1,247,Knows
26,17,Yevgeny Pavlovich Kulik (the major general),Kolya/Nikolai Danilovich / Lieutenant Ryakhovsky,Directed,1,247,Knows
26,32,Yevgeny Pavlovich Kulik (the major general),Marina Alexandrovna,Directed,1,247,Knows
11,15,Alla Innokentevna,Lilia Solodikova,Directed,1,248,Knows
11,164,Alla Innokentevna,Lilia's Kidnapping/Disappearance,Directed,1,248,Knows of
11,12,Alla Innokentevna,Natasha/Natalia,Directed,1,248,Knows
6,32,Alyona Golosovsky,Marina Alexandrovna,Directed,1,248,Knows
8,32,Chegga/Sergei Adukanov,Marina Alexandrovna,Directed,1,248,Knows
8,12,Chegga/Sergei Adukanov,Natasha/Natalia,Directed,1,248,Knows
315,32,Eva,Marina Alexandrovna,Directed,1,248,Exchange
15,11,Lilia Solodikova,Alla Innokentevna,Directed,1,248,Knows
15,32,Lilia Solodikova,Marina Alexandrovna,Directed,1,248,Knows of
15,12,Lilia Solodikova,Natasha/Natalia,Directed,1,248,Knows
15,31,Lilia Solodikova,Yegor Gusakov,Directed,1,248,Knows
32,6,Marina Alexandrovna,Alyona Golosovsky,Directed,1,248,Knows
32,8,Marina Alexandrovna,Chegga/Sergei Adukanov,Directed,1,248,Knows
32,315,Marina Alexandrovna,Eva,Directed,1,248,Exchange
32,15,Marina Alexandrovna,Lilia Solodikova,Directed,1,248,Knows of
32,164,Marina Alexandrovna,Lilia's Kidnapping/Disappearance,Directed,1,248,Knows of
32,12,Marina Alexandrovna,Natasha/Natalia,Directed,1,248,Exchange
32,316,Marina Alexandrovna,Petya,Directed,1,248,Exchange
32,5,Marina Alexandrovna,Sophia Golosovsky,Directed,1,248,Knows
32,31,Marina Alexandrovna,Yegor Gusakov,Directed,1,248,Knows of
12,11,Natasha/Natalia,Alla Innokentevna,Directed,1,248,Knows
12,8,Natasha/Natalia,Chegga/Sergei Adukanov,Directed,1,248,Knows
12,15,Natasha/Natalia,Lilia Solodikova,Directed,1,248,Knows
12,164,Natasha/Natalia,Lilia's Kidnapping/Disappearance,Directed,1,248,Knows of
12,32,Natasha/Natalia,Marina Alexandrovna,Directed,1,248,Exchange
12,31,Natasha/Natalia,Yegor Gusakov,Directed,1,248,Knows
316,32,Petya,Marina Alexandrovna,Directed,1,248,Exchange
5,32,Sophia Golosovsky,Marina Alexandrovna,Directed,1,248,Knows
31,15,Yegor Gusakov,Lilia Solodikova,Directed,1,248,Knows
31,12,Yegor Gusakov,Natasha/Natalia,Directed,1,248,Knows
11,32,Alla Innokentevna,Marina Alexandrovna,Directed,1,249,Exchange
11,12,Alla Innokentevna,Natasha/Natalia,Directed,1,249,Exchange
6,32,Alyona Golosovsky,Marina Alexandrovna,Directed,1,249,Knows
17,32,Kolya/Nikolai Danilovich / Lieutenant Ryakhovsky,Marina Alexandrovna,Directed,1,249,Knows
17,31,Kolya/Nikolai Danilovich / Lieutenant Ryakhovsky,Yegor Gusakov,Directed,1,249,Knows of
15,32,Lilia Solodikova,Marina Alexandrovna,Directed,1,249,Knows of
15,12,Lilia Solodikova,Natasha/Natalia,Directed,1,249,Knows
32,11,Marina Alexandrovna,Alla Innokentevna,Directed,1,249,Exchange
32,6,Marina Alexandrovna,Alyona Golosovsky,Directed,1,249,Knows
32,17,Marina Alexandrovna,Kolya/Nikolai Danilovich / Lieutenant Ryakhovsky,Directed,1,249,Knows
32,15,Marina Alexandrovna,Lilia Solodikova,Directed,1,249,Knows of
32,164,Marina Alexandrovna,Lilia's Kidnapping/Disappearance,Directed,1,249,Knows of
32,12,Marina Alexandrovna,Natasha/Natalia,Directed,1,249,Exchange
32,5,Marina Alexandrovna,Sophia Golosovsky,Directed,1,249,Knows
32,31,Marina Alexandrovna,Yegor Gusakov,Directed,1,249,Knows of
12,11,Natasha/Natalia,Alla Innokentevna,Directed,1,249,Exchange
12,15,Natasha/Natalia,Lilia Solodikova,Directed,1,249,Knows
12,164,Natasha/Natalia,Lilia's Kidnapping/Disappearance,Directed,1,249,Knows of
12,32,Natasha/Natalia,Marina Alexandrovna,Directed,1,249,Exchange
5,32,Sophia Golosovsky,Marina Alexandrovna,Directed,1,249,Knows
11,32,Alla Innokentevna,Marina Alexandrovna,Directed,1,250,Exchange
11,12,Alla Innokentevna,Natasha/Natalia,Directed,1,250,Exchange
6,32,Alyona Golosovsky,Marina Alexandrovna,Directed,1,250,Knows
32,11,Marina Alexandrovna,Alla Innokentevna,Directed,1,250,Exchange
32,6,Marina Alexandrovna,Alyona Golosovsky,Directed,1,250,Knows
32,5,Marina Alexandrovna,Sophia Golosovsky,Directed,1,250,Knows
32,31,Marina Alexandrovna,Yegor Gusakov,Directed,1,250,Knows of
12,11,Natasha/Natalia,Alla Innokentevna,Directed,1,250,Exchange
5,32,Sophia Golosovsky,Marina Alexandrovna,Directed,1,250,Knows
11,32,Alla Innokentevna,Marina Alexandrovna,Directed,1,251,Exchange
11,12,Alla Innokentevna,Natasha/Natalia,Directed,1,251,Exchange
6,32,Alyona Golosovsky,Marina Alexandrovna,Directed,1,251,Knows
8,32,Chegga/Sergei Adukanov,Marina Alexandrovna,Directed,1,251,Knows
32,11,Marina Alexandrovna,Alla Innokentevna,Directed,1,251,Exchange
32,6,Marina Alexandrovna,Alyona Golosovsky,Directed,1,251,Knows
32,8,Marina Alexandrovna,Chegga/Sergei Adukanov,Directed,1,251,Knows
32,15,Marina Alexandrovna,Lilia Solodikova,Directed,1,251,Knows of
32,164,Marina Alexandrovna,Lilia's Kidnapping/Disappearance,Directed,1,251,Knows of
32,12,Marina Alexandrovna,Natasha/Natalia,Directed,1,251,Knows
32,5,Marina Alexandrovna,Sophia Golosovsky,Directed,1,251,Knows
32,346,Marina Alexandrovna,a teenager (251),Directed,1,251,Exchange
12,11,Natasha/Natalia,Alla Innokentevna,Directed,1,251,Exchange
12,32,Natasha/Natalia,Marina Alexandrovna,Directed,1,251,Knows
5,32,Sophia Golosovsky,Marina Alexandrovna,Directed,1,251,Knows
346,32,a teenager (251),Marina Alexandrovna,Directed,1,251,Exchange
11,32,Alla Innokentevna,Marina Alexandrovna,Directed,1,252,Knows
6,32,Alyona Golosovsky,Marina Alexandrovna,Directed,1,252,Knows
315,32,Eva,Marina Alexandrovna,Directed,1,252,Knows
315,316,Eva,Petya,Directed,1,252,Knows
17,6,Kolya/Nikolai Danilovich / Lieutenant Ryakhovsky,Alyona Golosovsky,Directed,1,252,Knows of
17,32,Kolya/Nikolai Danilovich / Lieutenant Ryakhovsky,Marina Alexandrovna,Directed,1,252,Knows
17,5,Kolya/Nikolai Danilovich / Lieutenant Ryakhovsky,Sophia Golosovsky,Directed,1,252,Knows of
17,57,Kolya/Nikolai Danilovich / Lieutenant Ryakhovsky,the kidnappING,Directed,1,252,Knows of
32,11,Marina Alexandrovna,Alla Innokentevna,Directed,1,252,Knows
32,6,Marina Alexandrovna,Alyona Golosovsky,Directed,1,252,Knows
32,315,Marina Alexandrovna,Eva,Directed,1,252,Knows
32,17,Marina Alexandrovna,Kolya/Nikolai Danilovich / Lieutenant Ryakhovsky,Directed,1,252,Knows
32,12,Marina Alexandrovna,Natasha/Natalia,Directed,1,252,Knows
32,316,Marina Alexandrovna,Petya,Directed,1,252,Knows
32,5,Marina Alexandrovna,Sophia Golosovsky,Directed,1,252,Knows
32,31,Marina Alexandrovna,Yegor Gusakov,Directed,1,252,Knows of
32,346,Marina Alexandrovna,a teenager (251),Directed,1,252,Exchange
12,32,Natasha/Natalia,Marina Alexandrovna,Directed,1,252,Knows
316,315,Petya,Eva,Directed,1,252,Knows
316,32,Petya,Marina Alexandrovna,Directed,1,252,Knows
5,32,Sophia Golosovsky,Marina Alexandrovna,Directed,1,252,Knows
346,32,a teenager (251),Marina Alexandrovna,Directed,1,252,Exchange
6,58,Alyona Golosovsky,"""the townspeople"" of past Zavoyko",Directed,1,253,Knows of
6,15,Alyona Golosovsky,Lilia Solodikova,Directed,1,253,Knows
6,5,Alyona Golosovsky,Sophia Golosovsky,Directed,1,253,Exchange
6,31,Alyona Golosovsky,Yegor Gusakov,Directed,1,253,Knows
6,347,Alyona Golosovsky,girl with the golden slipper,Directed,1,253,Knows of
6,348,Alyona Golosovsky,orphan girl raised by wolves,Directed,1,253,Knows of
15,6,Lilia Solodikova,Alyona Golosovsky,Directed,1,253,Knows
15,5,Lilia Solodikova,Sophia Golosovsky,Directed,1,253,Knows
5,58,Sophia Golosovsky,"""the townspeople"" of past Zavoyko",Directed,1,253,Knows of
5,6,Sophia Golosovsky,Alyona Golosovsky,Directed,1,253,Exchange
5,15,Sophia Golosovsky,Lilia Solodikova,Directed,1,253,Knows
5,31,Sophia Golosovsky,Yegor Gusakov,Directed,1,253,Knows
5,347,Sophia Golosovsky,girl with the golden slipper,Directed,1,253,Knows of
5,348,Sophia Golosovsky,orphan girl raised by wolves,Directed,1,253,Knows of
31,6,Yegor Gusakov,Alyona Golosovsky,Directed,1,253,Knows
31,5,Yegor Gusakov,Sophia Golosovsky,Directed,1,253,Knows
6,58,Alyona Golosovsky,"""the townspeople"" of past Zavoyko",Directed,1,254,Knows of
6,15,Alyona Golosovsky,Lilia Solodikova,Directed,1,254,Knows
6,5,Alyona Golosovsky,Sophia Golosovsky,Directed,1,254,Exchange
6,31,Alyona Golosovsky,Yegor Gusakov,Directed,1,254,Knows
15,6,Lilia Solodikova,Alyona Golosovsky,Directed,1,254,Knows
15,5,Lilia Solodikova,Sophia Golosovsky,Directed,1,254,Knows
5,58,Sophia Golosovsky,"""the townspeople"" of past Zavoyko",Directed,1,254,Knows of
5,6,Sophia Golosovsky,Alyona Golosovsky,Directed,1,254,Exchange
5,15,Sophia Golosovsky,Lilia Solodikova,Directed,1,254,Knows
5,31,Sophia Golosovsky,Yegor Gusakov,Directed,1,254,Knows
31,6,Yegor Gusakov,Alyona Golosovsky,Directed,1,254,Knows
31,5,Yegor Gusakov,Sophia Golosovsky,Directed,1,254,Knows
6,58,Alyona Golosovsky,"""the townspeople"" of past Zavoyko",Directed,1,255,Knows of
6,15,Alyona Golosovsky,Lilia Solodikova,Directed,1,255,Knows
6,5,Alyona Golosovsky,Sophia Golosovsky,Directed,1,255,Exchange
6,31,Alyona Golosovsky,Yegor Gusakov,Directed,1,255,Knows
6,350,Alyona Golosovsky,Yegor's Friends,Directed,1,255,Knows of
15,6,Lilia Solodikova,Alyona Golosovsky,Directed,1,255,Knows
15,5,Lilia Solodikova,Sophia Golosovsky,Directed,1,255,Knows
5,58,Sophia Golosovsky,"""the townspeople"" of past Zavoyko",Directed,1,255,Knows of
5,6,Sophia Golosovsky,Alyona Golosovsky,Directed,1,255,Exchange
5,15,Sophia Golosovsky,Lilia Solodikova,Directed,1,255,Knows
5,31,Sophia Golosovsky,Yegor Gusakov,Directed,1,255,Knows
5,350,Sophia Golosovsky,Yegor's Friends,Directed,1,255,Knows of
31,6,Yegor Gusakov,Alyona Golosovsky,Directed,1,255,Knows
31,5,Yegor Gusakov,Sophia Golosovsky,Directed,1,255,Knows
6,15,Alyona Golosovsky,Lilia Solodikova,Directed,1,256,Knows
6,32,Alyona Golosovsky,Marina Alexandrovna,Directed,1,256,Knows
6,5,Alyona Golosovsky,Sophia Golosovsky,Directed,1,256,Knows of
6,31,Alyona Golosovsky,Yegor Gusakov,Directed,1,256,Knows
15,6,Lilia Solodikova,Alyona Golosovsky,Directed,1,256,Knows
15,5,Lilia Solodikova,Sophia Golosovsky,Directed,1,256,Knows
32,6,Marina Alexandrovna,Alyona Golosovsky,Directed,1,256,Knows
32,5,Marina Alexandrovna,Sophia Golosovsky,Directed,1,256,Knows
5,15,Sophia Golosovsky,Lilia Solodikova,Directed,1,256,Knows
5,32,Sophia Golosovsky,Marina Alexandrovna,Directed,1,256,Knows
5,31,Sophia Golosovsky,Yegor Gusakov,Directed,1,256,Knows
31,6,Yegor Gusakov,Alyona Golosovsky,Directed,1,256,Knows
31,5,Yegor Gusakov,Sophia Golosovsky,Directed,1,256,Knows
12,164,Natasha/Natalia,Lilia's Kidnapping/Disappearance,Directed,1,267,Knows of
12,164,Natasha/Natalia,Lilia's Kidnapping/Disappearance,Directed,1,268,Knows of