source,target,Character 1,Character 2,type,weight,startPage,category
13,9,General Andrew Jackson,Atticus Finch,Directed,1,3,Knows of
9,8,Atticus Finch,Jem Finch,Directed,1,3,Exchange
9,5,Atticus Finch,Scout Finch,Directed,1,3,Exchange
10,5,Boo Radley,Scout Finch,Directed,1,3,Knows
5,13,Scout Finch,General Andrew Jackson,Directed,1,3,Knows of
5,15,Scout Finch,Mayella Ewell,Directed,1,3,Knows
5,8,Scout Finch,Jem Finch,Directed,1,3,Exchange
15,5,Mayella Ewell,Scout Finch,Directed,1,3,Knows
15,8,Mayella Ewell,Jem Finch,Directed,1,3,Knows
10,8,Boo Radley,Jem Finch,Directed,1,3,Knows
15,9,Mayella Ewell,Atticus Finch,Directed,1,3,Knows
8,16,Jem Finch,Simon Finch,Directed,1,3,Knows of
8,15,Jem Finch,Mayella Ewell,Directed,1,3,Knows
8,5,Jem Finch,Scout Finch,Directed,1,3,Exchange
6,9,Dill Harris,Atticus Finch,Directed,1,3,Knows
6,10,Dill Harris,Boo Radley,Directed,1,3,Knows of
6,8,Dill Harris,Jem Finch,Directed,1,3,Knows
9,15,Atticus Finch,Mayella Ewell,Directed,1,3,Knows
16,13,Simon Finch,General Andrew Jackson,Directed,1,3,Knows of
8,13,Jem Finch,General Andrew Jackson,Directed,1,3,Knows of
9,14,Atticus Finch,Bob Ewell,Directed,1,3,Knows
6,5,Dill Harris,Scout Finch,Directed,1,3,Knows
9,13,Atticus Finch,General Andrew Jackson,Directed,1,3,Knows of
5,9,Scout Finch,Atticus Finch,Directed,1,3,Exchange
8,9,Jem Finch,Atticus Finch,Directed,1,3,Exchange
9,10,Atticus Finch,Boo Radley,Directed,1,3,Knows
14,9,Bob Ewell,Atticus Finch,Directed,1,3,Knows
5,14,Scout Finch,Bob Ewell,Directed,1,3,Knows
5,10,Scout Finch,Boo Radley,Directed,1,3,Knows
10,6,Boo Radley,Dill Harris,Directed,1,3,Knows of
9,16,Atticus Finch,Simon Finch,Directed,1,3,Knows
8,14,Jem Finch,Bob Ewell,Directed,1,3,Knows
14,8,Bob Ewell,Jem Finch,Directed,1,3,Knows
16,9,Simon Finch,Atticus Finch,Directed,1,3,Knows
14,5,Bob Ewell,Scout Finch,Directed,1,3,Knows
8,6,Jem Finch,Dill Harris,Directed,1,3,Knows
5,6,Scout Finch,Dill Harris,Directed,1,3,Knows
5,16,Scout Finch,Simon Finch,Directed,1,3,Knows of
8,10,Jem Finch,Boo Radley,Directed,1,3,Knows
10,9,Boo Radley,Atticus Finch,Directed,1,3,Knows
9,6,Atticus Finch,Dill Harris,Directed,1,3,Knows
5,9,Scout Finch,Atticus Finch,Directed,1,4,Knows of
16,9,Simon Finch,Atticus Finch,Directed,1,4,Knows
16,19,Simon Finch,God,Directed,1,4,Knows of
17,16,Methodists,Simon Finch,Directed,1,4,Knows
16,21,Simon Finch,Simon Finch's wife,Directed,1,4,Exchange
21,16,Simon Finch's wife,Simon Finch,Directed,1,4,Exchange
5,19,Scout Finch,God,Directed,1,4,Knows of
9,16,Atticus Finch,Simon Finch,Directed,1,4,Knows
16,17,Simon Finch,Methodists,Directed,1,4,Knows
16,18,Simon Finch,John Wesley,Directed,1,4,Knows of
5,20,Scout Finch,"""Three slaves""",Directed,1,4,Knows of
5,17,Scout Finch,Methodists,Directed,1,4,Knows of
20,16,"""Three slaves""",Simon Finch,Directed,1,4,Exchange
5,16,Scout Finch,Simon Finch,Directed,1,4,Knows of
5,18,Scout Finch,John Wesley,Directed,1,4,Knows of
5,21,Scout Finch,Simon Finch's wife,Directed,1,4,Knows of
19,5,God,Scout Finch,Directed,1,4,Knows of
16,20,Simon Finch,"""Three slaves""",Directed,1,4,Exchange
19,16,God,Simon Finch,Directed,1,4,Knows of
5,9,Scout Finch,Atticus Finch,Directed,1,5,Knows
125,26,Judge Taylor,The Haverfords,Directed,1,5,Exchange
28,26,Maycomb's leading blacksmith,The Haverfords,Directed,1,5,Exchange
9,22,Atticus Finch,"John Hale ""Jack"" Finch",Directed,1,5,Knows
9,23,Atticus Finch,Jimmy Hancock,Directed,1,5,Knows
5,28,Scout Finch,Maycomb's leading blacksmith,Directed,1,5,Knows of
9,7,Atticus Finch,Alexandra Finch,Directed,1,5,Knows
7,16,Alexandra Finch,Simon Finch,Directed,1,5,Knows
9,5,Atticus Finch,Scout Finch,Directed,1,5,Knows
7,5,Alexandra Finch,Scout Finch,Directed,1,5,Knows
5,16,Scout Finch,Simon Finch,Directed,1,5,Knows of
125,5,Judge Taylor,Scout Finch,Directed,1,5,Knows of
5,26,Scout Finch,The Haverfords,Directed,1,5,Knows of
9,16,Atticus Finch,Simon Finch,Directed,1,5,Knows
9,26,Atticus Finch,The Haverfords,Directed,1,5,Exchange
26,9,The Haverfords,Atticus Finch,Directed,1,5,Exchange
26,125,The Haverfords,Judge Taylor,Directed,1,5,Exchange
26,28,The Haverfords,Maycomb's leading blacksmith,Directed,1,5,Exchange
7,23,Alexandra Finch,Jimmy Hancock,Directed,1,5,Exchange
7,22,Alexandra Finch,"John Hale ""Jack"" Finch",Directed,1,5,Knows
125,9,Judge Taylor,Atticus Finch,Directed,1,5,Exchange
16,7,Simon Finch,Alexandra Finch,Directed,1,5,Knows
23,7,Jimmy Hancock,Alexandra Finch,Directed,1,5,Exchange
22,16,"John Hale ""Jack"" Finch",Simon Finch,Directed,1,5,Knows
16,22,Simon Finch,"John Hale ""Jack"" Finch",Directed,1,5,Knows
5,7,Scout Finch,Alexandra Finch,Directed,1,5,Knows
9,125,Atticus Finch,Judge Taylor,Directed,1,5,Exchange
7,9,Alexandra Finch,Atticus Finch,Directed,1,5,Knows
23,9,Jimmy Hancock,Atticus Finch,Directed,1,5,Knows
5,125,Scout Finch,Judge Taylor,Directed,1,5,Knows of
23,5,Jimmy Hancock,Scout Finch,Directed,1,5,Knows
23,22,Jimmy Hancock,"John Hale ""Jack"" Finch",Directed,1,5,Knows
5,22,Scout Finch,"John Hale ""Jack"" Finch",Directed,1,5,Knows
16,9,Simon Finch,Atticus Finch,Directed,1,5,Knows
22,7,"John Hale ""Jack"" Finch",Alexandra Finch,Directed,1,5,Knows
22,9,"John Hale ""Jack"" Finch",Atticus Finch,Directed,1,5,Knows
22,23,"John Hale ""Jack"" Finch",Jimmy Hancock,Directed,1,5,Knows
22,5,"John Hale ""Jack"" Finch",Scout Finch,Directed,1,5,Knows
5,23,Scout Finch,Jimmy Hancock,Directed,1,5,Knows
5,22,Scout Finch,"John Hale ""Jack"" Finch",Directed,1,6,Knows
8,5,Jem Finch,Scout Finch,Directed,1,6,Knows
1,2,Test 1,Test 2,Directed,1,6,Knows
5,16,Scout Finch,Simon Finch,Directed,1,6,Knows of
9,0,Atticus Finch,[NULL],Directed,1,6,Knows
5,24,Scout Finch,Calpurnia,Directed,1,6,Knows
5,9,Scout Finch,Atticus Finch,Directed,1,6,Knows
0,9,[NULL],Atticus Finch,Directed,1,6,Knows
9,16,Atticus Finch,Simon Finch,Directed,1,6,Knows
22,5,"John Hale ""Jack"" Finch",Scout Finch,Directed,1,6,Knows
8,24,Jem Finch,Calpurnia,Directed,1,6,Knows
9,24,Atticus Finch,Calpurnia,Directed,1,6,Knows
5,0,Scout Finch,[NULL],Directed,1,6,Knows of
9,8,Atticus Finch,Jem Finch,Directed,1,6,Knows
2,1,Test 2,Test 1,Directed,1,6,Knows
16,9,Simon Finch,Atticus Finch,Directed,1,6,Knows
24,9,Calpurnia,Atticus Finch,Directed,1,6,Knows
24,8,Calpurnia,Jem Finch,Directed,1,6,Knows
5,8,Scout Finch,Jem Finch,Directed,1,6,Knows
24,5,Calpurnia,Scout Finch,Directed,1,6,Knows
22,9,"John Hale ""Jack"" Finch",Atticus Finch,Directed,1,6,Knows
9,22,Atticus Finch,"John Hale ""Jack"" Finch",Directed,1,6,Knows
9,5,Atticus Finch,Scout Finch,Directed,1,6,Knows
8,9,Jem Finch,Atticus Finch,Directed,1,6,Knows
5,0,Scout Finch,[NULL],Directed,1,7,Knows of
5,9,Scout Finch,Atticus Finch,Directed,1,7,Knows
5,8,Scout Finch,Jem Finch,Directed,1,7,Knows
5,10,Scout Finch,Boo Radley,Directed,1,7,Knows of
5,24,Scout Finch,Calpurnia,Directed,1,7,Knows
5,6,Scout Finch,Dill Harris,Directed,1,7,Knows
9,5,Atticus Finch,Scout Finch,Directed,1,7,Knows
5,30,Scout Finch,Mrs. Dubose,Directed,1,7,Knows
5,29,Scout Finch,Mother (of Scout and Jem),Directed,1,7,Knows of
2,1,Test 2,Test 1,Directed,1,7,Knows
9,8,Atticus Finch,Jem Finch,Directed,1,7,Knows
5,32,Scout Finch,Miss Rachel Haverford,Directed,1,7,Knows
9,29,Atticus Finch,Mother (of Scout and Jem),Directed,1,7,Knows
9,24,Atticus Finch,Calpurnia,Directed,1,7,Knows
1,2,Test 1,Test 2,Directed,1,7,Knows
9,0,Atticus Finch,[NULL],Directed,1,7,Knows
24,30,Calpurnia,Mrs. Dubose,Directed,1,7,Knows
8,32,Jem Finch,Miss Rachel Haverford,Directed,1,7,Knows
8,29,Jem Finch,Mother (of Scout and Jem),Directed,1,7,Knows
6,8,Dill Harris,Jem Finch,Directed,1,7,Knows
8,30,Jem Finch,Mrs. Dubose,Directed,1,7,Knows
8,5,Jem Finch,Scout Finch,Directed,1,7,Knows
24,5,Calpurnia,Scout Finch,Directed,1,7,Knows
24,8,Calpurnia,Jem Finch,Directed,1,7,Knows
24,9,Calpurnia,Atticus Finch,Directed,1,7,Knows
0,9,[NULL],Atticus Finch,Directed,1,7,Knows
32,8,Miss Rachel Haverford,Jem Finch,Directed,1,7,Knows
8,6,Jem Finch,Dill Harris,Directed,1,7,Knows
32,5,Miss Rachel Haverford,Scout Finch,Directed,1,7,Knows
29,9,Mother (of Scout and Jem),Atticus Finch,Directed,1,7,Knows
29,8,Mother (of Scout and Jem),Jem Finch,Directed,1,7,Knows
6,5,Dill Harris,Scout Finch,Directed,1,7,Knows
8,24,Jem Finch,Calpurnia,Directed,1,7,Knows
30,24,Mrs. Dubose,Calpurnia,Directed,1,7,Knows
30,8,Mrs. Dubose,Jem Finch,Directed,1,7,Knows
8,9,Jem Finch,Atticus Finch,Directed,1,7,Knows
30,5,Mrs. Dubose,Scout Finch,Directed,1,7,Knows
8,10,Jem Finch,Boo Radley,Directed,1,7,Knows of
1,2,Test 1,Test 2,Directed,1,8,Knows
6,33,Dill Harris,Dill's mother,Directed,1,8,Knows
6,5,Dill Harris,Scout Finch,Directed,1,8,Exchange
33,6,Dill's mother,Dill Harris,Directed,1,8,Knows
6,8,Dill Harris,Jem Finch,Directed,1,8,Exchange
8,32,Jem Finch,Miss Rachel Haverford,Directed,1,8,Knows
6,32,Dill Harris,Miss Rachel Haverford,Directed,1,8,Knows
8,33,Jem Finch,Dill's mother,Directed,1,8,Knows of
5,32,Scout Finch,Miss Rachel Haverford,Directed,1,8,Knows
8,6,Jem Finch,Dill Harris,Directed,1,8,Exchange
2,1,Test 2,Test 1,Directed,1,8,Knows
8,5,Jem Finch,Scout Finch,Directed,1,8,Exchange
5,8,Scout Finch,Jem Finch,Directed,1,8,Exchange
5,33,Scout Finch,Dill's mother,Directed,1,8,Knows of
32,5,Miss Rachel Haverford,Scout Finch,Directed,1,8,Knows
5,6,Scout Finch,Dill Harris,Directed,1,8,Exchange
32,8,Miss Rachel Haverford,Jem Finch,Directed,1,8,Knows
32,6,Miss Rachel Haverford,Dill Harris,Directed,1,8,Knows
6,36,Dill Harris,Dill's father,Directed,1,9,Knows of
5,6,Scout Finch,Dill Harris,Directed,1,9,Exchange
6,33,Dill Harris,Dill's mother,Directed,1,9,Knows
6,35,Dill Harris,Dracula,Directed,1,9,Knows of
6,39,Dill Harris,Edgar Rice Burroughs,Directed,1,9,Knows of
33,6,Dill's mother,Dill Harris,Directed,1,9,Knows
6,5,Dill Harris,Scout Finch,Directed,1,9,Exchange
8,39,Jem Finch,Edgar Rice Burroughs,Directed,1,9,Knows of
8,35,Jem Finch,Dracula,Directed,1,9,Knows of
8,33,Jem Finch,Dill's mother,Directed,1,9,Knows of
6,41,Dill Harris,Mr. Crabtree (The Rover Boys),Directed,1,9,Knows of
8,36,Jem Finch,Dill's father,Directed,1,9,Knows
6,40,Dill Harris,Tarzan,Directed,1,9,Knows of
6,37,Dill Harris,Oliver Optic,Directed,1,9,Knows of
6,8,Dill Harris,Jem Finch,Directed,1,9,Exchange
5,40,Scout Finch,Tarzan,Directed,1,9,Knows of
5,33,Scout Finch,Dill's mother,Directed,1,9,Knows of
5,41,Scout Finch,Mr. Crabtree (The Rover Boys),Directed,1,9,Knows of
5,35,Scout Finch,Dracula,Directed,1,9,Knows of
5,36,Scout Finch,Dill's father,Directed,1,9,Knows of
5,39,Scout Finch,Edgar Rice Burroughs,Directed,1,9,Knows of
36,6,Dill's father,Dill Harris,Directed,1,9,Knows of
5,8,Scout Finch,Jem Finch,Directed,1,9,Exchange
8,38,Jem Finch,Victor Appleton,Directed,1,9,Knows of
6,38,Dill Harris,Victor Appleton,Directed,1,9,Knows of
8,40,Jem Finch,Tarzan,Directed,1,9,Knows of
5,38,Scout Finch,Victor Appleton,Directed,1,9,Knows of
8,6,Jem Finch,Dill Harris,Directed,1,9,Exchange
8,37,Jem Finch,Oliver Optic,Directed,1,9,Knows of
5,37,Scout Finch,Oliver Optic,Directed,1,9,Knows of
8,41,Jem Finch,Mr. Crabtree (The Rover Boys),Directed,1,9,Knows of
8,5,Jem Finch,Scout Finch,Directed,1,9,Exchange
10,5,Boo Radley,Scout Finch,Directed,1,10,Knows of
6,10,Dill Harris,Boo Radley,Directed,1,10,Knows of
8,5,Jem Finch,Scout Finch,Directed,1,10,Knows
10,8,Boo Radley,Jem Finch,Directed,1,10,Knows of
6,42,Dill Harris,Mr. Damon (Tom Swift),Directed,1,10,Knows of
5,43,Scout Finch,Merlin,Directed,1,10,Knows of
8,42,Jem Finch,Mr. Damon (Tom Swift),Directed,1,10,Knows of
5,6,Scout Finch,Dill Harris,Directed,1,10,Knows of
5,42,Scout Finch,Mr. Damon (Tom Swift),Directed,1,10,Knows of
5,8,Scout Finch,Jem Finch,Directed,1,10,Knows
8,10,Jem Finch,Boo Radley,Directed,1,10,Knows of
8,43,Jem Finch,Merlin,Directed,1,10,Knows of
10,6,Boo Radley,Dill Harris,Directed,1,10,Knows of
5,44,Scout Finch,Crazy Addie,Directed,1,10,Knows of
5,10,Scout Finch,Boo Radley,Directed,1,10,Knows of
5,47,Scout Finch,Mr. Radley,Directed,1,11,Knows
5,45,Scout Finch,Mrs. Radley,Directed,1,11,Knows
45,68,Mrs. Radley,The Radleys' neighbours,Directed,1,11,Knows
8,47,Jem Finch,Mr. Radley,Directed,1,11,Knows
45,5,Mrs. Radley,Scout Finch,Directed,1,11,Knows
45,47,Mrs. Radley,Mr. Radley,Directed,1,11,Knows
45,10,Mrs. Radley,Boo Radley,Directed,1,11,Knows
45,67,Mrs. Radley,"""A N***o"" (11)",Directed,1,11,Knows of
47,5,Mr. Radley,Scout Finch,Directed,1,11,Knows
47,45,Mr. Radley,Mrs. Radley,Directed,1,11,Knows
47,47,Mr. Radley,Mr. Radley,Directed,1,11,Knows
5,10,Scout Finch,Boo Radley,Directed,1,11,Knows of
5,8,Scout Finch,Jem Finch,Directed,1,11,Knows
47,8,Mr. Radley,Jem Finch,Directed,1,11,Knows
47,67,Mr. Radley,"""A N***o"" (11)",Directed,1,11,Knows of
5,44,Scout Finch,Crazy Addie,Directed,1,11,Knows of
10,67,Boo Radley,"""A N***o"" (11)",Directed,1,11,Knows of
10,47,Boo Radley,Mr. Radley,Directed,1,11,Knows
10,45,Boo Radley,Mrs. Radley,Directed,1,11,Knows
10,5,Boo Radley,Scout Finch,Directed,1,11,Knows of
8,5,Jem Finch,Scout Finch,Directed,1,11,Knows
5,67,Scout Finch,"""A N***o"" (11)",Directed,1,11,Knows of
47,10,Mr. Radley,Boo Radley,Directed,1,11,Knows
5,68,Scout Finch,The Radleys' neighbours,Directed,1,11,Knows of
67,10,"""A N***o"" (11)",Boo Radley,Directed,1,11,Knows of
67,47,"""A N***o"" (11)",Mr. Radley,Directed,1,11,Knows of
67,45,"""A N***o"" (11)",Mrs. Radley,Directed,1,11,Knows of
68,45,The Radleys' neighbours,Mrs. Radley,Directed,1,11,Knows
48,49,The Cunninghams,Mr. Conner,Directed,1,12,Exchange
10,47,Boo Radley,Mr. Radley,Directed,1,12,Knows
49,10,Mr. Conner,Boo Radley,Directed,1,12,Exchange
45,5,Mrs. Radley,Scout Finch,Directed,1,12,Knows
10,45,Boo Radley,Mrs. Radley,Directed,1,12,Knows
47,47,Mr. Radley,Mr. Radley,Directed,1,12,Knows
48,10,The Cunninghams,Boo Radley,Directed,1,12,Exchange
5,48,Scout Finch,The Cunninghams,Directed,1,12,Knows of
48,125,The Cunninghams,Judge Taylor,Directed,1,12,Exchange
5,9,Scout Finch,Atticus Finch,Directed,1,12,Knows
48,47,The Cunninghams,Mr. Radley,Directed,1,12,Knows
5,49,Scout Finch,Mr. Conner,Directed,1,12,Knows of
8,5,Jem Finch,Scout Finch,Directed,1,12,Knows
45,47,Mrs. Radley,Mr. Radley,Directed,1,12,Knows
5,47,Scout Finch,Mr. Radley,Directed,1,12,Knows
10,5,Boo Radley,Scout Finch,Directed,1,12,Knows of
125,48,Judge Taylor,The Cunninghams,Directed,1,12,Exchange
125,49,Judge Taylor,Mr. Conner,Directed,1,12,Exchange
5,45,Scout Finch,Mrs. Radley,Directed,1,12,Knows
47,10,Mr. Radley,Boo Radley,Directed,1,12,Knows
5,10,Scout Finch,Boo Radley,Directed,1,12,Knows of
125,10,Judge Taylor,Boo Radley,Directed,1,12,Exchange
49,48,Mr. Conner,The Cunninghams,Directed,1,12,Exchange
48,5,The Cunninghams,Scout Finch,Directed,1,12,Knows of
10,49,Boo Radley,Mr. Conner,Directed,1,12,Exchange
47,45,Mr. Radley,Mrs. Radley,Directed,1,12,Knows
3,4,Test 3,Test 4,Directed,1,12,Exchange
47,48,Mr. Radley,The Cunninghams,Directed,1,12,Knows
5,125,Scout Finch,Judge Taylor,Directed,1,12,Knows of
5,8,Scout Finch,Jem Finch,Directed,1,12,Knows
45,10,Mrs. Radley,Boo Radley,Directed,1,12,Knows
1,3,Test 1,Test 3,Directed,1,12,Knows of
1,4,Test 1,Test 4,Directed,1,12,Knows of
10,48,Boo Radley,The Cunninghams,Directed,1,12,Exchange
47,5,Mr. Radley,Scout Finch,Directed,1,12,Knows
4,3,Test 4,Test 3,Directed,1,12,Exchange
49,125,Mr. Conner,Judge Taylor,Directed,1,12,Exchange
9,5,Atticus Finch,Scout Finch,Directed,1,12,Knows
10,125,Boo Radley,Judge Taylor,Directed,1,12,Exchange
51,45,Miss Stephanie Crawford,Mrs. Radley,Directed,1,13,Knows
5,51,Scout Finch,Miss Stephanie Crawford,Directed,1,13,Knows
10,5,Boo Radley,Scout Finch,Directed,1,13,Knows of
48,5,The Cunninghams,Scout Finch,Directed,1,13,Knows of
125,47,Judge Taylor,Mr. Radley,Directed,1,13,Exchange
5,8,Scout Finch,Jem Finch,Directed,1,13,Knows
10,9,Boo Radley,Atticus Finch,Directed,1,13,Knows
5,45,Scout Finch,Mrs. Radley,Directed,1,13,Knows
5,10,Scout Finch,Boo Radley,Directed,1,13,Knows of
8,51,Jem Finch,Miss Stephanie Crawford,Directed,1,13,Exchange
6,45,Dill Harris,Mrs. Radley,Directed,1,13,Knows of
51,10,Miss Stephanie Crawford,Boo Radley,Directed,1,13,Knows
8,45,Jem Finch,Mrs. Radley,Directed,1,13,Knows
69,10,Several people who see Boo,Boo Radley,Directed,1,13,Exchange
5,47,Scout Finch,Mr. Radley,Directed,1,13,Knows
10,47,Boo Radley,Mr. Radley,Directed,1,13,Knows
8,5,Jem Finch,Scout Finch,Directed,1,13,Knows
51,47,Miss Stephanie Crawford,Mr. Radley,Directed,1,13,Knows
1,4,Test 1,Test 4,Directed,1,13,Knows of
48,47,The Cunninghams,Mr. Radley,Directed,1,13,Knows
10,51,Boo Radley,Miss Stephanie Crawford,Directed,1,13,Knows
3,4,Test 3,Test 4,Directed,1,13,Exchange
9,47,Atticus Finch,Mr. Radley,Directed,1,13,Knows
5,125,Scout Finch,Judge Taylor,Directed,1,13,Knows of
8,47,Jem Finch,Mr. Radley,Directed,1,13,Knows
48,10,The Cunninghams,Boo Radley,Directed,1,13,Exchange
9,45,Atticus Finch,Mrs. Radley,Directed,1,13,Knows
5,6,Scout Finch,Dill Harris,Directed,1,13,Knows of
4,3,Test 4,Test 3,Directed,1,13,Exchange
10,45,Boo Radley,Mrs. Radley,Directed,1,13,Knows
51,5,Miss Stephanie Crawford,Scout Finch,Directed,1,13,Knows
51,8,Miss Stephanie Crawford,Jem Finch,Directed,1,13,Exchange
1,3,Test 1,Test 3,Directed,1,13,Knows of
45,8,Mrs. Radley,Jem Finch,Directed,1,13,Knows
10,48,Boo Radley,The Cunninghams,Directed,1,13,Exchange
47,47,Mr. Radley,Mr. Radley,Directed,1,13,Knows
47,125,Mr. Radley,Judge Taylor,Directed,1,13,Exchange
10,69,Boo Radley,Several people who see Boo,Directed,1,13,Exchange
47,5,Mr. Radley,Scout Finch,Directed,1,13,Knows
47,45,Mr. Radley,Mrs. Radley,Directed,1,13,Knows
45,47,Mrs. Radley,Mr. Radley,Directed,1,13,Knows
5,9,Scout Finch,Atticus Finch,Directed,1,13,Knows of
47,51,Mr. Radley,Miss Stephanie Crawford,Directed,1,13,Knows
45,51,Mrs. Radley,Miss Stephanie Crawford,Directed,1,13,Knows
9,10,Atticus Finch,Boo Radley,Directed,1,13,Knows
45,9,Mrs. Radley,Atticus Finch,Directed,1,13,Knows
45,10,Mrs. Radley,Boo Radley,Directed,1,13,Knows
47,48,Mr. Radley,The Cunninghams,Directed,1,13,Knows
47,9,Mr. Radley,Atticus Finch,Directed,1,13,Knows
8,69,Jem Finch,Several people who see Boo,Directed,1,13,Knows of
45,5,Mrs. Radley,Scout Finch,Directed,1,13,Knows
47,8,Mr. Radley,Jem Finch,Directed,1,13,Knows
5,48,Scout Finch,The Cunninghams,Directed,1,13,Knows of
47,10,Mr. Radley,Boo Radley,Directed,1,13,Knows
5,69,Scout Finch,Several people who see Boo,Directed,1,13,Knows of
51,47,Miss Stephanie Crawford,Mr. Radley,Directed,1,14,Knows
51,45,Miss Stephanie Crawford,Mrs. Radley,Directed,1,14,Knows
10,47,Boo Radley,Mr. Radley,Directed,1,14,Knows
45,47,Mrs. Radley,Mr. Radley,Directed,1,14,Knows
51,5,Miss Stephanie Crawford,Scout Finch,Directed,1,14,Exchange
51,8,Miss Stephanie Crawford,Jem Finch,Directed,1,14,Exchange
10,51,Boo Radley,Miss Stephanie Crawford,Directed,1,14,Knows
47,47,Mr. Radley,Mr. Radley,Directed,1,14,Knows
47,45,Mr. Radley,Mrs. Radley,Directed,1,14,Knows
5,46,Scout Finch,Nathan Radley,Directed,1,14,Knows of
5,51,Scout Finch,Miss Stephanie Crawford,Directed,1,14,Exchange
11,10,Heck Tate,Boo Radley,Directed,1,14,Exchange
10,11,Boo Radley,Heck Tate,Directed,1,14,Exchange
6,45,Dill Harris,Mrs. Radley,Directed,1,14,Knows of
11,47,Heck Tate,Mr. Radley,Directed,1,14,Exchange
11,5,Heck Tate,Scout Finch,Directed,1,14,Knows
8,51,Jem Finch,Miss Stephanie Crawford,Directed,1,14,Exchange
5,8,Scout Finch,Jem Finch,Directed,1,14,Knows
51,10,Miss Stephanie Crawford,Boo Radley,Directed,1,14,Knows
45,10,Mrs. Radley,Boo Radley,Directed,1,14,Knows
5,11,Scout Finch,Heck Tate,Directed,1,14,Knows
1,4,Test 1,Test 4,Directed,1,14,Knows of
47,5,Mr. Radley,Scout Finch,Directed,1,14,Exchange
3,4,Test 3,Test 4,Directed,1,14,Exchange
8,47,Jem Finch,Mr. Radley,Directed,1,14,Exchange
47,46,Mr. Radley,Nathan Radley,Directed,1,14,Knows
4,3,Test 4,Test 3,Directed,1,14,Exchange
1,3,Test 1,Test 3,Directed,1,14,Knows of
10,45,Boo Radley,Mrs. Radley,Directed,1,14,Knows
45,51,Mrs. Radley,Miss Stephanie Crawford,Directed,1,14,Knows
10,8,Boo Radley,Jem Finch,Directed,1,14,Knows of
8,5,Jem Finch,Scout Finch,Directed,1,14,Knows
10,5,Boo Radley,Scout Finch,Directed,1,14,Knows of
47,8,Mr. Radley,Jem Finch,Directed,1,14,Exchange
46,47,Nathan Radley,Mr. Radley,Directed,1,14,Knows
5,47,Scout Finch,Mr. Radley,Directed,1,14,Exchange
47,10,Mr. Radley,Boo Radley,Directed,1,14,Knows
5,45,Scout Finch,Mrs. Radley,Directed,1,14,Exchange
47,51,Mr. Radley,Miss Stephanie Crawford,Directed,1,14,Knows
8,10,Jem Finch,Boo Radley,Directed,1,14,Knows of
5,10,Scout Finch,Boo Radley,Directed,1,14,Knows of
5,6,Scout Finch,Dill Harris,Directed,1,14,Knows of
47,11,Mr. Radley,Heck Tate,Directed,1,14,Exchange
4,1,Test 4,Test 1,Directed,1,15,Exchange
47,60,Mr. Radley,Dr. Reynolds,Directed,1,15,Exchange
24,5,Calpurnia,Scout Finch,Directed,1,15,Exchange
24,47,Calpurnia,Mr. Radley,Directed,1,15,Knows
9,47,Atticus Finch,Mr. Radley,Directed,1,15,Knows
9,24,Atticus Finch,Calpurnia,Directed,1,15,Exchange
45,60,Mrs. Radley,Dr. Reynolds,Directed,1,15,Exchange
47,46,Mr. Radley,Nathan Radley,Directed,1,15,Knows
47,10,Mr. Radley,Boo Radley,Directed,1,15,Knows
5,60,Scout Finch,Dr. Reynolds,Directed,1,15,Knows of
47,24,Mr. Radley,Calpurnia,Directed,1,15,Knows
1,4,Test 1,Test 4,Directed,1,15,Exchange
24,9,Calpurnia,Atticus Finch,Directed,1,15,Exchange
6,8,Dill Harris,Jem Finch,Directed,1,15,Exchange
5,46,Scout Finch,Nathan Radley,Directed,1,15,Knows of
47,9,Mr. Radley,Atticus Finch,Directed,1,15,Knows
10,8,Boo Radley,Jem Finch,Directed,1,15,Knows of
10,60,Boo Radley,Dr. Reynolds,Directed,1,15,Exchange
6,45,Dill Harris,Mrs. Radley,Directed,1,15,Knows of
5,45,Scout Finch,Mrs. Radley,Directed,1,15,Knows of
6,47,Dill Harris,Mr. Radley,Directed,1,15,Knows of
5,10,Scout Finch,Boo Radley,Directed,1,15,Knows of
24,8,Calpurnia,Jem Finch,Directed,1,15,Exchange
5,8,Scout Finch,Jem Finch,Directed,1,15,Exchange
60,45,Dr. Reynolds,Mrs. Radley,Directed,1,15,Exchange
10,5,Boo Radley,Scout Finch,Directed,1,15,Knows of
45,10,Mrs. Radley,Boo Radley,Directed,1,15,Knows
47,5,Mr. Radley,Scout Finch,Directed,1,15,Knows
60,10,Dr. Reynolds,Boo Radley,Directed,1,15,Exchange
6,5,Dill Harris,Scout Finch,Directed,1,15,Exchange
8,5,Jem Finch,Scout Finch,Directed,1,15,Exchange
10,45,Boo Radley,Mrs. Radley,Directed,1,15,Knows
8,47,Jem Finch,Mr. Radley,Directed,1,15,Knows
8,24,Jem Finch,Calpurnia,Directed,1,15,Exchange
5,9,Scout Finch,Atticus Finch,Directed,1,15,Knows of
5,24,Scout Finch,Calpurnia,Directed,1,15,Exchange
60,47,Dr. Reynolds,Mr. Radley,Directed,1,15,Exchange
6,10,Dill Harris,Boo Radley,Directed,1,15,Knows of
46,47,Nathan Radley,Mr. Radley,Directed,1,15,Knows
10,47,Boo Radley,Mr. Radley,Directed,1,15,Knows
45,47,Mrs. Radley,Mr. Radley,Directed,1,15,Knows
8,6,Jem Finch,Dill Harris,Directed,1,15,Exchange
47,47,Mr. Radley,Mr. Radley,Directed,1,15,Knows
5,47,Scout Finch,Mr. Radley,Directed,1,15,Knows
5,6,Scout Finch,Dill Harris,Directed,1,15,Exchange
47,45,Mr. Radley,Mrs. Radley,Directed,1,15,Knows
8,10,Jem Finch,Boo Radley,Directed,1,15,Knows of
47,8,Mr. Radley,Jem Finch,Directed,1,15,Knows
6,51,Dill Harris,Miss Stephanie Crawford,Directed,1,16,Knows
8,51,Jem Finch,Miss Stephanie Crawford,Directed,1,16,Knows
6,8,Dill Harris,Jem Finch,Directed,1,16,Exchange
5,10,Scout Finch,Boo Radley,Directed,1,16,Knows of
5,8,Scout Finch,Jem Finch,Directed,1,16,Exchange
8,10,Jem Finch,Boo Radley,Directed,1,16,Knows of
10,5,Boo Radley,Scout Finch,Directed,1,16,Knows of
51,5,Miss Stephanie Crawford,Scout Finch,Directed,1,16,Knows
10,8,Boo Radley,Jem Finch,Directed,1,16,Knows of
5,51,Scout Finch,Miss Stephanie Crawford,Directed,1,16,Knows
51,8,Miss Stephanie Crawford,Jem Finch,Directed,1,16,Knows
10,51,Boo Radley,Miss Stephanie Crawford,Directed,1,16,Knows
32,10,Miss Rachel Haverford,Boo Radley,Directed,1,16,Knows
51,6,Miss Stephanie Crawford,Dill Harris,Directed,1,16,Knows
10,32,Boo Radley,Miss Rachel Haverford,Directed,1,16,Knows
8,5,Jem Finch,Scout Finch,Directed,1,16,Exchange
5,6,Scout Finch,Dill Harris,Directed,1,16,Exchange
51,10,Miss Stephanie Crawford,Boo Radley,Directed,1,16,Knows
5,32,Scout Finch,Miss Rachel Haverford,Directed,1,16,Knows of
6,10,Dill Harris,Boo Radley,Directed,1,16,Knows of
6,5,Dill Harris,Scout Finch,Directed,1,16,Exchange
8,6,Jem Finch,Dill Harris,Directed,1,16,Exchange
8,6,Jem Finch,Dill Harris,Directed,1,17,Exchange
10,8,Boo Radley,Jem Finch,Directed,1,17,Knows of
5,6,Scout Finch,Dill Harris,Directed,1,17,Exchange
8,10,Jem Finch,Boo Radley,Directed,1,17,Knows of
8,5,Jem Finch,Scout Finch,Directed,1,17,Exchange
9,5,Atticus Finch,Scout Finch,Directed,1,17,Knows
9,8,Atticus Finch,Jem Finch,Directed,1,17,Knows
5,9,Scout Finch,Atticus Finch,Directed,1,17,Knows
5,8,Scout Finch,Jem Finch,Directed,1,17,Exchange
5,10,Scout Finch,Boo Radley,Directed,1,17,Knows of
6,10,Dill Harris,Boo Radley,Directed,1,17,Knows of
10,5,Boo Radley,Scout Finch,Directed,1,17,Knows of
6,8,Dill Harris,Jem Finch,Directed,1,17,Exchange
6,5,Dill Harris,Scout Finch,Directed,1,17,Exchange
8,9,Jem Finch,Atticus Finch,Directed,1,17,Knows
9,6,Atticus Finch,Dill Harris,Directed,1,17,Knows
6,9,Dill Harris,Atticus Finch,Directed,1,17,Knows
5,10,Scout Finch,Boo Radley,Directed,1,18,Knows of
6,8,Dill Harris,Jem Finch,Directed,1,18,Exchange
5,6,Scout Finch,Dill Harris,Directed,1,18,Exchange
6,10,Dill Harris,Boo Radley,Directed,1,18,Knows of
5,8,Scout Finch,Jem Finch,Directed,1,18,Exchange
8,5,Jem Finch,Scout Finch,Directed,1,18,Exchange
8,6,Jem Finch,Dill Harris,Directed,1,18,Exchange
8,10,Jem Finch,Boo Radley,Directed,1,18,Knows of
10,5,Boo Radley,Scout Finch,Directed,1,18,Knows of
6,5,Dill Harris,Scout Finch,Directed,1,18,Exchange
10,8,Boo Radley,Jem Finch,Directed,1,18,Knows of
6,5,Dill Harris,Scout Finch,Directed,1,19,Exchange
10,5,Boo Radley,Scout Finch,Directed,1,19,Knows of
5,8,Scout Finch,Jem Finch,Directed,1,19,Exchange
8,6,Jem Finch,Dill Harris,Directed,1,19,Exchange
10,8,Boo Radley,Jem Finch,Directed,1,19,Knows of
5,6,Scout Finch,Dill Harris,Directed,1,19,Exchange
6,8,Dill Harris,Jem Finch,Directed,1,19,Exchange
8,5,Jem Finch,Scout Finch,Directed,1,19,Exchange
6,10,Dill Harris,Boo Radley,Directed,1,19,Knows of
8,10,Jem Finch,Boo Radley,Directed,1,19,Knows of
5,10,Scout Finch,Boo Radley,Directed,1,19,Knows of
5,6,Scout Finch,Dill Harris,Directed,1,20,Knows
8,62,Jem Finch,The first grade,Directed,1,20,Knows of
6,8,Dill Harris,Jem Finch,Directed,1,20,Knows
8,5,Jem Finch,Scout Finch,Directed,1,20,Exchange
6,5,Dill Harris,Scout Finch,Directed,1,20,Knows
5,9,Scout Finch,Atticus Finch,Directed,1,20,Exchange
5,40,Scout Finch,Tarzan,Directed,1,20,Knows of
8,40,Jem Finch,Tarzan,Directed,1,20,Knows of
62,8,The first grade,Jem Finch,Directed,1,20,Knows of
9,5,Atticus Finch,Scout Finch,Directed,1,20,Exchange
5,8,Scout Finch,Jem Finch,Directed,1,20,Exchange
5,62,Scout Finch,The first grade,Directed,1,20,Knows of
9,8,Atticus Finch,Jem Finch,Directed,1,20,Exchange
8,6,Jem Finch,Dill Harris,Directed,1,20,Knows
8,9,Jem Finch,Atticus Finch,Directed,1,20,Exchange
55,8,Miss Maudie Atkinson,Jem Finch,Directed,1,21,Exchange
8,55,Jem Finch,Miss Maudie Atkinson,Directed,1,21,Exchange
5,55,Scout Finch,Miss Maudie Atkinson,Directed,1,21,Exchange
54,62,Miss Caroline Fisher,The first grade,Directed,1,21,Exchange
62,73,The first grade,Professors,Directed,1,21,Knows of
54,5,Miss Caroline Fisher,Scout Finch,Directed,1,21,Exchange
54,8,Miss Caroline Fisher,Jem Finch,Directed,1,21,Exchange
8,5,Jem Finch,Scout Finch,Directed,1,21,Exchange
5,8,Scout Finch,Jem Finch,Directed,1,21,Exchange
55,54,Miss Maudie Atkinson,Miss Caroline Fisher,Directed,1,21,Exchange
5,73,Scout Finch,Professors,Directed,1,21,Knows of
8,54,Jem Finch,Miss Caroline Fisher,Directed,1,21,Exchange
62,8,The first grade,Jem Finch,Directed,1,21,Knows of
5,62,Scout Finch,The first grade,Directed,1,21,Knows of
55,5,Miss Maudie Atkinson,Scout Finch,Directed,1,21,Exchange
62,72,The first grade,Republicans,Directed,1,21,Knows of
54,55,Miss Caroline Fisher,Miss Maudie Atkinson,Directed,1,21,Exchange
8,62,Jem Finch,The first grade,Directed,1,21,Knows of
5,72,Scout Finch,Republicans,Directed,1,21,Knows of
5,54,Scout Finch,Miss Caroline Fisher,Directed,1,21,Exchange
54,72,Miss Caroline Fisher,Republicans,Directed,1,21,Knows of
62,54,The first grade,Miss Caroline Fisher,Directed,1,21,Exchange
9,54,Atticus Finch,Miss Caroline Fisher,Directed,1,22,Knows
5,8,Scout Finch,Jem Finch,Directed,1,22,Knows
54,5,Miss Caroline Fisher,Scout Finch,Directed,1,22,Exchange
62,9,The first grade,Atticus Finch,Directed,1,22,Knows of
54,8,Miss Caroline Fisher,Jem Finch,Directed,1,22,Knows
54,62,Miss Caroline Fisher,The first grade,Directed,1,22,Exchange
5,62,Scout Finch,The first grade,Directed,1,22,Knows of
8,5,Jem Finch,Scout Finch,Directed,1,22,Knows
54,9,Miss Caroline Fisher,Atticus Finch,Directed,1,22,Knows
8,62,Jem Finch,The first grade,Directed,1,22,Knows of
5,54,Scout Finch,Miss Caroline Fisher,Directed,1,22,Exchange
9,5,Atticus Finch,Scout Finch,Directed,1,22,Knows
62,54,The first grade,Miss Caroline Fisher,Directed,1,22,Exchange
8,54,Jem Finch,Miss Caroline Fisher,Directed,1,22,Knows
62,8,The first grade,Jem Finch,Directed,1,22,Knows of
5,9,Scout Finch,Atticus Finch,Directed,1,22,Knows
9,54,Atticus Finch,Miss Caroline Fisher,Directed,1,23,Knows
5,62,Scout Finch,The first grade,Directed,1,23,Knows of
54,5,Miss Caroline Fisher,Scout Finch,Directed,1,23,Exchange
54,8,Miss Caroline Fisher,Jem Finch,Directed,1,23,Knows
5,56,Scout Finch,Lorenzo Dow,Directed,1,23,Knows of
54,9,Miss Caroline Fisher,Atticus Finch,Directed,1,23,Knows
9,5,Atticus Finch,Scout Finch,Directed,1,23,Knows
62,8,The first grade,Jem Finch,Directed,1,23,Knows of
5,8,Scout Finch,Jem Finch,Directed,1,23,Exchange
8,62,Jem Finch,The first grade,Directed,1,23,Knows of
5,9,Scout Finch,Atticus Finch,Directed,1,23,Knows
8,54,Jem Finch,Miss Caroline Fisher,Directed,1,23,Knows
54,62,Miss Caroline Fisher,The first grade,Directed,1,23,Exchange
62,54,The first grade,Miss Caroline Fisher,Directed,1,23,Exchange
5,54,Scout Finch,Miss Caroline Fisher,Directed,1,23,Exchange
8,5,Jem Finch,Scout Finch,Directed,1,23,Exchange
24,5,Calpurnia,Scout Finch,Directed,1,24,Knows
54,62,Miss Caroline Fisher,The first grade,Directed,1,24,Exchange
9,5,Atticus Finch,Scout Finch,Directed,1,24,Knows
8,5,Jem Finch,Scout Finch,Directed,1,24,Exchange
5,24,Scout Finch,Calpurnia,Directed,1,24,Knows
62,8,The first grade,Jem Finch,Directed,1,24,Knows of
5,6,Scout Finch,Dill Harris,Directed,1,24,Exchange
5,8,Scout Finch,Jem Finch,Directed,1,24,Exchange
8,54,Jem Finch,Miss Caroline Fisher,Directed,1,24,Knows
5,54,Scout Finch,Miss Caroline Fisher,Directed,1,24,Exchange
62,54,The first grade,Miss Caroline Fisher,Directed,1,24,Exchange
5,9,Scout Finch,Atticus Finch,Directed,1,24,Knows
5,62,Scout Finch,The first grade,Directed,1,24,Knows of
8,62,Jem Finch,The first grade,Directed,1,24,Knows of
54,8,Miss Caroline Fisher,Jem Finch,Directed,1,24,Knows
54,5,Miss Caroline Fisher,Scout Finch,Directed,1,24,Exchange
24,5,Calpurnia,Scout Finch,Directed,1,25,Knows
54,57,Miss Caroline Fisher,Walter Cunningham Jr.,Directed,1,25,Exchange
57,54,Walter Cunningham Jr.,Miss Caroline Fisher,Directed,1,25,Exchange
5,62,Scout Finch,The first grade,Directed,1,25,Knows of
54,62,Miss Caroline Fisher,The first grade,Directed,1,25,Exchange
5,24,Scout Finch,Calpurnia,Directed,1,25,Knows
57,5,Walter Cunningham Jr.,Scout Finch,Directed,1,25,Exchange
5,54,Scout Finch,Miss Caroline Fisher,Directed,1,25,Exchange
54,5,Miss Caroline Fisher,Scout Finch,Directed,1,25,Exchange
5,57,Scout Finch,Walter Cunningham Jr.,Directed,1,25,Exchange
57,62,Walter Cunningham Jr.,The first grade,Directed,1,25,Exchange
62,57,The first grade,Walter Cunningham Jr.,Directed,1,25,Exchange
62,54,The first grade,Miss Caroline Fisher,Directed,1,25,Exchange
54,62,Miss Caroline Fisher,The first grade,Directed,1,26,Exchange
62,57,The first grade,Walter Cunningham Jr.,Directed,1,26,Exchange
9,59,Atticus Finch,Walter Cunningham Sr.,Directed,1,26,Exchange
5,48,Scout Finch,The Cunninghams,Directed,1,26,Knows
57,54,Walter Cunningham Jr.,Miss Caroline Fisher,Directed,1,26,Exchange
54,5,Miss Caroline Fisher,Scout Finch,Directed,1,26,Exchange
57,5,Walter Cunningham Jr.,Scout Finch,Directed,1,26,Exchange
57,62,Walter Cunningham Jr.,The first grade,Directed,1,26,Exchange
59,9,Walter Cunningham Sr.,Atticus Finch,Directed,1,26,Exchange
59,5,Walter Cunningham Sr.,Scout Finch,Directed,1,26,Knows
62,54,The first grade,Miss Caroline Fisher,Directed,1,26,Exchange
48,9,The Cunninghams,Atticus Finch,Directed,1,26,Knows
9,48,Atticus Finch,The Cunninghams,Directed,1,26,Knows
54,57,Miss Caroline Fisher,Walter Cunningham Jr.,Directed,1,26,Exchange
48,5,The Cunninghams,Scout Finch,Directed,1,26,Knows
54,48,Miss Caroline Fisher,The Cunninghams,Directed,1,26,Knows of
5,54,Scout Finch,Miss Caroline Fisher,Directed,1,26,Exchange
5,9,Scout Finch,Atticus Finch,Directed,1,26,Knows of
5,62,Scout Finch,The first grade,Directed,1,26,Knows of
5,59,Scout Finch,Walter Cunningham Sr.,Directed,1,26,Knows
5,57,Scout Finch,Walter Cunningham Jr.,Directed,1,26,Exchange
9,76,Atticus Finch,Dentists,Directed,1,27,Knows of
9,77,Atticus Finch,Lawyers,Directed,1,27,Knows of
54,62,Miss Caroline Fisher,The first grade,Directed,1,27,Exchange
75,9,Doctors,Atticus Finch,Directed,1,27,Knows of
5,48,Scout Finch,The Cunninghams,Directed,1,27,Knows
75,5,Doctors,Scout Finch,Directed,1,27,Knows of
9,75,Atticus Finch,Doctors,Directed,1,27,Knows of
62,54,The first grade,Miss Caroline Fisher,Directed,1,27,Exchange
8,59,Jem Finch,Walter Cunningham Sr.,Directed,1,27,Knows
74,9,Farmers,Atticus Finch,Directed,1,27,Knows of
9,74,Atticus Finch,Farmers,Directed,1,27,Knows of
77,9,Lawyers,Atticus Finch,Directed,1,27,Knows of
59,8,Walter Cunningham Sr.,Jem Finch,Directed,1,27,Knows
5,59,Scout Finch,Walter Cunningham Sr.,Directed,1,27,Knows
59,5,Walter Cunningham Sr.,Scout Finch,Directed,1,27,Knows
9,59,Atticus Finch,Walter Cunningham Sr.,Directed,1,27,Exchange
5,54,Scout Finch,Miss Caroline Fisher,Directed,1,27,Exchange
9,5,Atticus Finch,Scout Finch,Directed,1,27,Exchange
8,5,Jem Finch,Scout Finch,Directed,1,27,Exchange
48,5,The Cunninghams,Scout Finch,Directed,1,27,Knows
5,77,Scout Finch,Lawyers,Directed,1,27,Knows of
5,74,Scout Finch,Farmers,Directed,1,27,Knows of
9,48,Atticus Finch,The Cunninghams,Directed,1,27,Knows
48,9,The Cunninghams,Atticus Finch,Directed,1,27,Knows
59,9,Walter Cunningham Sr.,Atticus Finch,Directed,1,27,Exchange
54,5,Miss Caroline Fisher,Scout Finch,Directed,1,27,Exchange
76,9,Dentists,Atticus Finch,Directed,1,27,Knows of
76,5,Dentists,Scout Finch,Directed,1,27,Knows of
5,8,Scout Finch,Jem Finch,Directed,1,27,Exchange
5,9,Scout Finch,Atticus Finch,Directed,1,27,Exchange
5,76,Scout Finch,Dentists,Directed,1,27,Knows of
77,5,Lawyers,Scout Finch,Directed,1,27,Knows of
5,62,Scout Finch,The first grade,Directed,1,27,Knows of
5,75,Scout Finch,Doctors,Directed,1,27,Knows of
74,5,Farmers,Scout Finch,Directed,1,27,Knows of
57,5,Walter Cunningham Jr.,Scout Finch,Directed,1,28,Exchange
8,59,Jem Finch,Walter Cunningham Sr.,Directed,1,28,Knows
9,8,Atticus Finch,Jem Finch,Directed,1,28,Knows
8,9,Jem Finch,Atticus Finch,Directed,1,28,Knows
61,62,Miss Blount,The first grade,Directed,1,28,Exchange
59,5,Walter Cunningham Sr.,Scout Finch,Directed,1,28,Knows
5,62,Scout Finch,The first grade,Directed,1,28,Exchange
61,5,Miss Blount,Scout Finch,Directed,1,28,Exchange
61,54,Miss Blount,Miss Caroline Fisher,Directed,1,28,Exchange
54,57,Miss Caroline Fisher,Walter Cunningham Jr.,Directed,1,28,Exchange
8,5,Jem Finch,Scout Finch,Directed,1,28,Knows
5,9,Scout Finch,Atticus Finch,Directed,1,28,Exchange
60,5,Dr. Reynolds,Scout Finch,Directed,1,28,Knows
9,60,Atticus Finch,Dr. Reynolds,Directed,1,28,Knows
60,9,Dr. Reynolds,Atticus Finch,Directed,1,28,Knows
57,54,Walter Cunningham Jr.,Miss Caroline Fisher,Directed,1,28,Exchange
62,54,The first grade,Miss Caroline Fisher,Directed,1,28,Exchange
9,59,Atticus Finch,Walter Cunningham Sr.,Directed,1,28,Exchange
5,8,Scout Finch,Jem Finch,Directed,1,28,Knows
5,57,Scout Finch,Walter Cunningham Jr.,Directed,1,28,Exchange
54,61,Miss Caroline Fisher,Miss Blount,Directed,1,28,Exchange
5,61,Scout Finch,Miss Blount,Directed,1,28,Exchange
62,5,The first grade,Scout Finch,Directed,1,28,Exchange
9,5,Atticus Finch,Scout Finch,Directed,1,28,Exchange
62,61,The first grade,Miss Blount,Directed,1,28,Exchange
54,62,Miss Caroline Fisher,The first grade,Directed,1,28,Exchange
5,59,Scout Finch,Walter Cunningham Sr.,Directed,1,28,Knows
5,60,Scout Finch,Dr. Reynolds,Directed,1,28,Knows
5,54,Scout Finch,Miss Caroline Fisher,Directed,1,28,Exchange
54,5,Miss Caroline Fisher,Scout Finch,Directed,1,28,Exchange
59,9,Walter Cunningham Sr.,Atticus Finch,Directed,1,28,Exchange
59,8,Walter Cunningham Sr.,Jem Finch,Directed,1,28,Knows
5,54,Scout Finch,Miss Caroline Fisher,Directed,1,29,Exchange
63,54,The sixth grade,Miss Caroline Fisher,Directed,1,29,Knows
61,62,Miss Blount,The first grade,Directed,1,29,Exchange
54,61,Miss Caroline Fisher,Miss Blount,Directed,1,29,Exchange
5,57,Scout Finch,Walter Cunningham Jr.,Directed,1,29,Exchange
62,61,The first grade,Miss Blount,Directed,1,29,Exchange
5,63,Scout Finch,The sixth grade,Directed,1,29,Knows
61,5,Miss Blount,Scout Finch,Directed,1,29,Exchange
62,54,The first grade,Miss Caroline Fisher,Directed,1,29,Exchange
61,54,Miss Blount,Miss Caroline Fisher,Directed,1,29,Exchange
62,5,The first grade,Scout Finch,Directed,1,29,Exchange
54,63,Miss Caroline Fisher,The sixth grade,Directed,1,29,Knows
62,63,The first grade,The sixth grade,Directed,1,29,Knows
63,61,The sixth grade,Miss Blount,Directed,1,29,Knows
5,61,Scout Finch,Miss Blount,Directed,1,29,Exchange
57,5,Walter Cunningham Jr.,Scout Finch,Directed,1,29,Exchange
61,63,Miss Blount,The sixth grade,Directed,1,29,Knows
54,5,Miss Caroline Fisher,Scout Finch,Directed,1,29,Exchange
63,62,The sixth grade,The first grade,Directed,1,29,Knows
5,62,Scout Finch,The first grade,Directed,1,29,Exchange
54,62,Miss Caroline Fisher,The first grade,Directed,1,29,Exchange
63,5,The sixth grade,Scout Finch,Directed,1,29,Knows
57,59,Walter Cunningham Jr.,Walter Cunningham Sr.,Directed,1,30,Knows
59,8,Walter Cunningham Sr.,Jem Finch,Directed,1,30,Knows
8,59,Jem Finch,Walter Cunningham Sr.,Directed,1,30,Knows
5,59,Scout Finch,Walter Cunningham Sr.,Directed,1,30,Knows
59,5,Walter Cunningham Sr.,Scout Finch,Directed,1,30,Knows
57,5,Walter Cunningham Jr.,Scout Finch,Directed,1,30,Exchange
8,5,Jem Finch,Scout Finch,Directed,1,30,Exchange
6,5,Dill Harris,Scout Finch,Directed,1,30,Knows
59,57,Walter Cunningham Sr.,Walter Cunningham Jr.,Directed,1,30,Knows
5,57,Scout Finch,Walter Cunningham Jr.,Directed,1,30,Exchange
57,8,Walter Cunningham Jr.,Jem Finch,Directed,1,30,Exchange
5,8,Scout Finch,Jem Finch,Directed,1,30,Exchange
8,57,Jem Finch,Walter Cunningham Jr.,Directed,1,30,Exchange
5,6,Scout Finch,Dill Harris,Directed,1,30,Knows
8,9,Jem Finch,Atticus Finch,Directed,1,31,Exchange
5,78,Scout Finch,The Radley Place,Directed,1,31,Knows
5,10,Scout Finch,Boo Radley,Directed,1,31,Knows of
10,57,Boo Radley,Walter Cunningham Jr.,Directed,1,31,Knows of
5,8,Scout Finch,Jem Finch,Directed,1,31,Exchange
24,8,Calpurnia,Jem Finch,Directed,1,31,Exchange
57,24,Walter Cunningham Jr.,Calpurnia,Directed,1,31,Knows of
57,10,Walter Cunningham Jr.,Boo Radley,Directed,1,31,Knows of
5,9,Scout Finch,Atticus Finch,Directed,1,31,Exchange
59,57,Walter Cunningham Sr.,Walter Cunningham Jr.,Directed,1,31,Knows
59,8,Walter Cunningham Sr.,Jem Finch,Directed,1,31,Knows
59,9,Walter Cunningham Sr.,Atticus Finch,Directed,1,31,Knows
8,57,Jem Finch,Walter Cunningham Jr.,Directed,1,31,Exchange
5,57,Scout Finch,Walter Cunningham Jr.,Directed,1,31,Exchange
5,59,Scout Finch,Walter Cunningham Sr.,Directed,1,31,Knows
10,8,Boo Radley,Jem Finch,Directed,1,31,Knows of
57,8,Walter Cunningham Jr.,Jem Finch,Directed,1,31,Exchange
10,5,Boo Radley,Scout Finch,Directed,1,31,Knows of
8,78,Jem Finch,The Radley Place,Directed,1,31,Knows
8,5,Jem Finch,Scout Finch,Directed,1,31,Exchange
57,9,Walter Cunningham Jr.,Atticus Finch,Directed,1,31,Exchange
5,24,Scout Finch,Calpurnia,Directed,1,31,Knows
57,59,Walter Cunningham Jr.,Walter Cunningham Sr.,Directed,1,31,Knows
57,78,Walter Cunningham Jr.,The Radley Place,Directed,1,31,Knows
8,59,Jem Finch,Walter Cunningham Sr.,Directed,1,31,Knows
9,8,Atticus Finch,Jem Finch,Directed,1,31,Exchange
57,5,Walter Cunningham Jr.,Scout Finch,Directed,1,31,Exchange
9,59,Atticus Finch,Walter Cunningham Sr.,Directed,1,31,Knows
8,10,Jem Finch,Boo Radley,Directed,1,31,Knows of
9,57,Atticus Finch,Walter Cunningham Jr.,Directed,1,31,Exchange
8,24,Jem Finch,Calpurnia,Directed,1,31,Exchange
9,5,Atticus Finch,Scout Finch,Directed,1,31,Exchange
59,5,Walter Cunningham Sr.,Scout Finch,Directed,1,31,Knows
24,5,Calpurnia,Scout Finch,Directed,1,31,Knows
24,5,Calpurnia,Scout Finch,Directed,1,32,Exchange
57,24,Walter Cunningham Jr.,Calpurnia,Directed,1,32,Exchange
8,5,Jem Finch,Scout Finch,Directed,1,32,Exchange
57,5,Walter Cunningham Jr.,Scout Finch,Directed,1,32,Exchange
9,24,Atticus Finch,Calpurnia,Directed,1,32,Exchange
8,59,Jem Finch,Walter Cunningham Sr.,Directed,1,32,Knows
9,8,Atticus Finch,Jem Finch,Directed,1,32,Exchange
9,59,Atticus Finch,Walter Cunningham Sr.,Directed,1,32,Knows
8,57,Jem Finch,Walter Cunningham Jr.,Directed,1,32,Exchange
5,8,Scout Finch,Jem Finch,Directed,1,32,Exchange
9,5,Atticus Finch,Scout Finch,Directed,1,32,Exchange
59,8,Walter Cunningham Sr.,Jem Finch,Directed,1,32,Knows
8,9,Jem Finch,Atticus Finch,Directed,1,32,Exchange
9,57,Atticus Finch,Walter Cunningham Jr.,Directed,1,32,Exchange
8,24,Jem Finch,Calpurnia,Directed,1,32,Exchange
57,9,Walter Cunningham Jr.,Atticus Finch,Directed,1,32,Exchange
5,9,Scout Finch,Atticus Finch,Directed,1,32,Exchange
24,8,Calpurnia,Jem Finch,Directed,1,32,Exchange
57,59,Walter Cunningham Jr.,Walter Cunningham Sr.,Directed,1,32,Knows
5,24,Scout Finch,Calpurnia,Directed,1,32,Exchange
5,59,Scout Finch,Walter Cunningham Sr.,Directed,1,32,Knows
59,9,Walter Cunningham Sr.,Atticus Finch,Directed,1,32,Knows
59,5,Walter Cunningham Sr.,Scout Finch,Directed,1,32,Knows
59,57,Walter Cunningham Sr.,Walter Cunningham Jr.,Directed,1,32,Knows
57,8,Walter Cunningham Jr.,Jem Finch,Directed,1,32,Exchange
5,57,Scout Finch,Walter Cunningham Jr.,Directed,1,32,Exchange
24,57,Calpurnia,Walter Cunningham Jr.,Directed,1,32,Exchange
24,9,Calpurnia,Atticus Finch,Directed,1,32,Exchange
57,48,Walter Cunningham Jr.,The Cunninghams,Directed,1,33,Knows
8,57,Jem Finch,Walter Cunningham Jr.,Directed,1,33,Exchange
57,8,Walter Cunningham Jr.,Jem Finch,Directed,1,33,Exchange
57,24,Walter Cunningham Jr.,Calpurnia,Directed,1,33,Exchange
5,8,Scout Finch,Jem Finch,Directed,1,33,Exchange
9,5,Atticus Finch,Scout Finch,Directed,1,33,Exchange
57,9,Walter Cunningham Jr.,Atticus Finch,Directed,1,33,Exchange
9,57,Atticus Finch,Walter Cunningham Jr.,Directed,1,33,Exchange
5,48,Scout Finch,The Cunninghams,Directed,1,33,Knows of
54,5,Miss Caroline Fisher,Scout Finch,Directed,1,33,Exchange
24,57,Calpurnia,Walter Cunningham Jr.,Directed,1,33,Exchange
24,8,Calpurnia,Jem Finch,Directed,1,33,Exchange
8,24,Jem Finch,Calpurnia,Directed,1,33,Exchange
24,48,Calpurnia,The Cunninghams,Directed,1,33,Knows of
5,9,Scout Finch,Atticus Finch,Directed,1,33,Exchange
5,57,Scout Finch,Walter Cunningham Jr.,Directed,1,33,Exchange
8,9,Jem Finch,Atticus Finch,Directed,1,33,Exchange
9,8,Atticus Finch,Jem Finch,Directed,1,33,Exchange
5,24,Scout Finch,Calpurnia,Directed,1,33,Exchange
5,54,Scout Finch,Miss Caroline Fisher,Directed,1,33,Exchange
48,57,The Cunninghams,Walter Cunningham Jr.,Directed,1,33,Knows
9,24,Atticus Finch,Calpurnia,Directed,1,33,Exchange
24,5,Calpurnia,Scout Finch,Directed,1,33,Exchange
8,5,Jem Finch,Scout Finch,Directed,1,33,Exchange
24,9,Calpurnia,Atticus Finch,Directed,1,33,Exchange
57,5,Walter Cunningham Jr.,Scout Finch,Directed,1,33,Exchange
65,64,D.C.,Chuck Little,Directed,1,34,Exchange
5,66,Scout Finch,Burris Ewell,Directed,1,34,Exchange
62,66,The first grade,Burris Ewell,Directed,1,34,Exchange
5,62,Scout Finch,The first grade,Directed,1,34,Knows of
5,54,Scout Finch,Miss Caroline Fisher,Directed,1,34,Exchange
54,65,Miss Caroline Fisher,D.C.,Directed,1,34,Exchange
5,64,Scout Finch,Chuck Little,Directed,1,34,Knows of
66,54,Burris Ewell,Miss Caroline Fisher,Directed,1,34,Exchange
64,54,Chuck Little,Miss Caroline Fisher,Directed,1,34,Exchange
65,54,D.C.,Miss Caroline Fisher,Directed,1,34,Exchange
66,5,Burris Ewell,Scout Finch,Directed,1,34,Exchange
54,64,Miss Caroline Fisher,Chuck Little,Directed,1,34,Exchange
62,54,The first grade,Miss Caroline Fisher,Directed,1,34,Exchange
5,65,Scout Finch,D.C.,Directed,1,34,Exchange
66,62,Burris Ewell,The first grade,Directed,1,34,Exchange
54,66,Miss Caroline Fisher,Burris Ewell,Directed,1,34,Exchange
66,64,Burris Ewell,Chuck Little,Directed,1,34,Exchange
54,62,Miss Caroline Fisher,The first grade,Directed,1,34,Exchange
64,66,Chuck Little,Burris Ewell,Directed,1,34,Exchange
64,65,Chuck Little,D.C.,Directed,1,34,Exchange
54,5,Miss Caroline Fisher,Scout Finch,Directed,1,34,Exchange
65,5,D.C.,Scout Finch,Directed,1,34,Exchange
5,54,Scout Finch,Miss Caroline Fisher,Directed,1,35,Exchange
66,5,Burris Ewell,Scout Finch,Directed,1,35,Exchange
54,64,Miss Caroline Fisher,Chuck Little,Directed,1,35,Exchange
54,66,Miss Caroline Fisher,Burris Ewell,Directed,1,35,Exchange
5,66,Scout Finch,Burris Ewell,Directed,1,35,Exchange
62,54,The first grade,Miss Caroline Fisher,Directed,1,35,Exchange
54,62,Miss Caroline Fisher,The first grade,Directed,1,35,Exchange
64,54,Chuck Little,Miss Caroline Fisher,Directed,1,35,Exchange
66,62,Burris Ewell,The first grade,Directed,1,35,Exchange
5,64,Scout Finch,Chuck Little,Directed,1,35,Knows of
62,66,The first grade,Burris Ewell,Directed,1,35,Exchange
5,62,Scout Finch,The first grade,Directed,1,35,Knows of
66,64,Burris Ewell,Chuck Little,Directed,1,35,Exchange
66,54,Burris Ewell,Miss Caroline Fisher,Directed,1,35,Exchange
54,5,Miss Caroline Fisher,Scout Finch,Directed,1,35,Exchange
64,66,Chuck Little,Burris Ewell,Directed,1,35,Exchange
64,66,Chuck Little,Burris Ewell,Directed,1,36,Exchange
64,54,Chuck Little,Miss Caroline Fisher,Directed,1,36,Exchange
5,208,Scout Finch,The Ewells,Directed,1,36,Knows of
11,209,Heck Tate,"""Elderly member of the class"" (36)",Directed,1,36,Knows
209,54,"""Elderly member of the class"" (36)",Miss Caroline Fisher,Directed,1,36,Exchange
208,11,The Ewells,Heck Tate,Directed,1,36,Knows
54,62,Miss Caroline Fisher,The first grade,Directed,1,36,Exchange
11,208,Heck Tate,The Ewells,Directed,1,36,Knows
209,11,"""Elderly member of the class"" (36)",Heck Tate,Directed,1,36,Knows
54,210,Miss Caroline Fisher,Truant lady (36),Directed,1,36,Knows of
54,5,Miss Caroline Fisher,Scout Finch,Directed,1,36,Exchange
208,210,The Ewells,Truant lady (36),Directed,1,36,Knows
209,208,"""Elderly member of the class"" (36)",The Ewells,Directed,1,36,Knows
5,209,Scout Finch,"""Elderly member of the class"" (36)",Directed,1,36,Knows of
54,66,Miss Caroline Fisher,Burris Ewell,Directed,1,36,Exchange
208,209,The Ewells,"""Elderly member of the class"" (36)",Directed,1,36,Knows
5,66,Scout Finch,Burris Ewell,Directed,1,36,Exchange
5,11,Scout Finch,Heck Tate,Directed,1,36,Knows of
5,64,Scout Finch,Chuck Little,Directed,1,36,Knows of
54,64,Miss Caroline Fisher,Chuck Little,Directed,1,36,Exchange
62,208,The first grade,The Ewells,Directed,1,36,Knows of
5,54,Scout Finch,Miss Caroline Fisher,Directed,1,36,Exchange
62,66,The first grade,Burris Ewell,Directed,1,36,Exchange
54,11,Miss Caroline Fisher,Heck Tate,Directed,1,36,Knows of
5,62,Scout Finch,The first grade,Directed,1,36,Knows of
5,210,Scout Finch,Truant lady (36),Directed,1,36,Knows of
54,208,Miss Caroline Fisher,The Ewells,Directed,1,36,Knows of
208,66,The Ewells,Burris Ewell,Directed,1,36,Knows
66,54,Burris Ewell,Miss Caroline Fisher,Directed,1,36,Exchange
62,54,The first grade,Miss Caroline Fisher,Directed,1,36,Exchange
54,209,Miss Caroline Fisher,"""Elderly member of the class"" (36)",Directed,1,36,Exchange
66,208,Burris Ewell,The Ewells,Directed,1,36,Knows
66,64,Burris Ewell,Chuck Little,Directed,1,36,Exchange
66,5,Burris Ewell,Scout Finch,Directed,1,36,Exchange
66,62,Burris Ewell,The first grade,Directed,1,36,Exchange
210,208,Truant lady (36),The Ewells,Directed,1,36,Knows
54,64,Miss Caroline Fisher,Chuck Little,Directed,1,37,Exchange
62,211,The first grade,School Principal,Directed,1,37,Knows
66,5,Burris Ewell,Scout Finch,Directed,1,37,Exchange
54,211,Miss Caroline Fisher,School Principal,Directed,1,37,Knows
54,62,Miss Caroline Fisher,The first grade,Directed,1,37,Exchange
62,66,The first grade,Burris Ewell,Directed,1,37,Exchange
66,64,Burris Ewell,Chuck Little,Directed,1,37,Exchange
5,66,Scout Finch,Burris Ewell,Directed,1,37,Exchange
62,54,The first grade,Miss Caroline Fisher,Directed,1,37,Exchange
5,64,Scout Finch,Chuck Little,Directed,1,37,Knows of
64,54,Chuck Little,Miss Caroline Fisher,Directed,1,37,Exchange
211,62,School Principal,The first grade,Directed,1,37,Knows
5,78,Scout Finch,The Radley Place,Directed,1,37,Knows
211,5,School Principal,Scout Finch,Directed,1,37,Knows
211,54,School Principal,Miss Caroline Fisher,Directed,1,37,Knows
211,66,School Principal,Burris Ewell,Directed,1,37,Knows
64,66,Chuck Little,Burris Ewell,Directed,1,37,Exchange
66,54,Burris Ewell,Miss Caroline Fisher,Directed,1,37,Exchange
5,62,Scout Finch,The first grade,Directed,1,37,Knows of
54,5,Miss Caroline Fisher,Scout Finch,Directed,1,37,Exchange
5,54,Scout Finch,Miss Caroline Fisher,Directed,1,37,Exchange
66,62,Burris Ewell,The first grade,Directed,1,37,Exchange
78,5,The Radley Place,Scout Finch,Directed,1,37,Knows
54,66,Miss Caroline Fisher,Burris Ewell,Directed,1,37,Exchange
66,211,Burris Ewell,School Principal,Directed,1,37,Knows
5,211,Scout Finch,School Principal,Directed,1,37,Knows
9,8,Atticus Finch,Jem Finch,Directed,1,38,Exchange
5,24,Scout Finch,Calpurnia,Directed,1,38,Exchange
8,24,Jem Finch,Calpurnia,Directed,1,38,Knows
24,5,Calpurnia,Scout Finch,Directed,1,38,Exchange
9,5,Atticus Finch,Scout Finch,Directed,1,38,Exchange
5,9,Scout Finch,Atticus Finch,Directed,1,38,Exchange
24,8,Calpurnia,Jem Finch,Directed,1,38,Knows
8,9,Jem Finch,Atticus Finch,Directed,1,38,Exchange
8,5,Jem Finch,Scout Finch,Directed,1,38,Exchange
5,8,Scout Finch,Jem Finch,Directed,1,38,Exchange
5,212,Scout Finch,Mr. Finch (Scout's Grandfather),Directed,1,39,Knows
9,5,Atticus Finch,Scout Finch,Directed,1,39,Exchange
5,9,Scout Finch,Atticus Finch,Directed,1,39,Exchange
22,9,"John Hale ""Jack"" Finch",Atticus Finch,Directed,1,39,Knows
54,9,Miss Caroline Fisher,Atticus Finch,Directed,1,39,Knows
22,212,"John Hale ""Jack"" Finch",Mr. Finch (Scout's Grandfather),Directed,1,39,Knows
212,5,Mr. Finch (Scout's Grandfather),Scout Finch,Directed,1,39,Knows
5,22,Scout Finch,"John Hale ""Jack"" Finch",Directed,1,39,Knows
212,22,Mr. Finch (Scout's Grandfather),"John Hale ""Jack"" Finch",Directed,1,39,Knows
54,5,Miss Caroline Fisher,Scout Finch,Directed,1,39,Knows
22,5,"John Hale ""Jack"" Finch",Scout Finch,Directed,1,39,Knows
9,54,Atticus Finch,Miss Caroline Fisher,Directed,1,39,Knows
5,54,Scout Finch,Miss Caroline Fisher,Directed,1,39,Knows
9,212,Atticus Finch,Mr. Finch (Scout's Grandfather),Directed,1,39,Knows
212,9,Mr. Finch (Scout's Grandfather),Atticus Finch,Directed,1,39,Knows
9,22,Atticus Finch,"John Hale ""Jack"" Finch",Directed,1,39,Knows
210,66,Truant lady (36),Burris Ewell,Directed,1,40,Knows
66,210,Burris Ewell,Truant lady (36),Directed,1,40,Knows
66,9,Burris Ewell,Atticus Finch,Directed,1,40,Knows
54,9,Miss Caroline Fisher,Atticus Finch,Directed,1,40,Knows
54,5,Miss Caroline Fisher,Scout Finch,Directed,1,40,Knows
54,48,Miss Caroline Fisher,The Cunninghams,Directed,1,40,Knows of
66,5,Burris Ewell,Scout Finch,Directed,1,40,Knows
57,9,Walter Cunningham Jr.,Atticus Finch,Directed,1,40,Knows
54,57,Miss Caroline Fisher,Walter Cunningham Jr.,Directed,1,40,Knows
9,210,Atticus Finch,Truant lady (36),Directed,1,40,Knows of
208,9,The Ewells,Atticus Finch,Directed,1,40,Knows
48,57,The Cunninghams,Walter Cunningham Jr.,Directed,1,40,Knows
5,54,Scout Finch,Miss Caroline Fisher,Directed,1,40,Knows
5,57,Scout Finch,Walter Cunningham Jr.,Directed,1,40,Knows
9,208,Atticus Finch,The Ewells,Directed,1,40,Knows
9,48,Atticus Finch,The Cunninghams,Directed,1,40,Knows
5,210,Scout Finch,Truant lady (36),Directed,1,40,Knows of
48,5,The Cunninghams,Scout Finch,Directed,1,40,Knows
5,66,Scout Finch,Burris Ewell,Directed,1,40,Knows
5,9,Scout Finch,Atticus Finch,Directed,1,40,Exchange
57,54,Walter Cunningham Jr.,Miss Caroline Fisher,Directed,1,40,Knows
9,54,Atticus Finch,Miss Caroline Fisher,Directed,1,40,Knows
5,48,Scout Finch,The Cunninghams,Directed,1,40,Knows
9,57,Atticus Finch,Walter Cunningham Jr.,Directed,1,40,Knows
48,9,The Cunninghams,Atticus Finch,Directed,1,40,Knows
5,208,Scout Finch,The Ewells,Directed,1,40,Knows of
57,48,Walter Cunningham Jr.,The Cunninghams,Directed,1,40,Knows
9,66,Atticus Finch,Burris Ewell,Directed,1,40,Knows
9,5,Atticus Finch,Scout Finch,Directed,1,40,Exchange
57,5,Walter Cunningham Jr.,Scout Finch,Directed,1,40,Knows
14,9,Bob Ewell,Atticus Finch,Directed,1,41,Knows
5,66,Scout Finch,Burris Ewell,Directed,1,41,Knows
14,66,Bob Ewell,Burris Ewell,Directed,1,41,Knows
9,66,Atticus Finch,Burris Ewell,Directed,1,41,Knows
9,208,Atticus Finch,The Ewells,Directed,1,41,Knows
5,9,Scout Finch,Atticus Finch,Directed,1,41,Exchange
66,5,Burris Ewell,Scout Finch,Directed,1,41,Knows
9,5,Atticus Finch,Scout Finch,Directed,1,41,Exchange
208,9,The Ewells,Atticus Finch,Directed,1,41,Knows
5,14,Scout Finch,Bob Ewell,Directed,1,41,Knows of
5,208,Scout Finch,The Ewells,Directed,1,41,Knows of
66,14,Burris Ewell,Bob Ewell,Directed,1,41,Knows
66,9,Burris Ewell,Atticus Finch,Directed,1,41,Knows
9,14,Atticus Finch,Bob Ewell,Directed,1,41,Knows
9,5,Atticus Finch,Scout Finch,Directed,1,42,Exchange
9,8,Atticus Finch,Jem Finch,Directed,1,42,Exchange
54,9,Miss Caroline Fisher,Atticus Finch,Directed,1,42,Knows
8,5,Jem Finch,Scout Finch,Directed,1,42,Exchange
5,54,Scout Finch,Miss Caroline Fisher,Directed,1,42,Knows
5,9,Scout Finch,Atticus Finch,Directed,1,42,Exchange
54,5,Miss Caroline Fisher,Scout Finch,Directed,1,42,Knows
9,54,Atticus Finch,Miss Caroline Fisher,Directed,1,42,Knows
5,8,Scout Finch,Jem Finch,Directed,1,42,Exchange
8,9,Jem Finch,Atticus Finch,Directed,1,42,Exchange
22,9,"John Hale ""Jack"" Finch",Atticus Finch,Directed,1,43,Knows
8,5,Jem Finch,Scout Finch,Directed,1,43,Knows
5,213,Scout Finch,Scout's teachers,Directed,1,43,Knows
22,5,"John Hale ""Jack"" Finch",Scout Finch,Directed,1,43,Knows
9,5,Atticus Finch,Scout Finch,Directed,1,43,Knows
9,22,Atticus Finch,"John Hale ""Jack"" Finch",Directed,1,43,Knows
5,9,Scout Finch,Atticus Finch,Directed,1,43,Knows
5,22,Scout Finch,"John Hale ""Jack"" Finch",Directed,1,43,Knows
5,8,Scout Finch,Jem Finch,Directed,1,43,Knows
213,5,Scout's teachers,Scout Finch,Directed,1,43,Knows
10,5,Boo Radley,Scout Finch,Directed,1,44,Exchange
5,8,Scout Finch,Jem Finch,Directed,1,44,Exchange
8,5,Jem Finch,Scout Finch,Directed,1,44,Exchange
78,8,The Radley Place,Jem Finch,Directed,1,44,Knows
78,5,The Radley Place,Scout Finch,Directed,1,44,Knows
8,78,Jem Finch,The Radley Place,Directed,1,44,Knows
5,10,Scout Finch,Boo Radley,Directed,1,44,Exchange
5,78,Scout Finch,The Radley Place,Directed,1,44,Knows
5,24,Scout Finch,Calpurnia,Directed,1,45,Knows
5,6,Scout Finch,Dill Harris,Directed,1,45,Knows
5,10,Scout Finch,Boo Radley,Directed,1,45,Exchange
6,8,Dill Harris,Jem Finch,Directed,1,45,Knows
5,8,Scout Finch,Jem Finch,Directed,1,45,Exchange
8,5,Jem Finch,Scout Finch,Directed,1,45,Exchange
24,8,Calpurnia,Jem Finch,Directed,1,45,Knows
24,5,Calpurnia,Scout Finch,Directed,1,45,Knows
8,24,Jem Finch,Calpurnia,Directed,1,45,Knows
8,78,Jem Finch,The Radley Place,Directed,1,45,Knows
5,78,Scout Finch,The Radley Place,Directed,1,45,Knows
8,6,Jem Finch,Dill Harris,Directed,1,45,Knows
6,5,Dill Harris,Scout Finch,Directed,1,45,Knows
78,5,The Radley Place,Scout Finch,Directed,1,45,Knows
78,8,The Radley Place,Jem Finch,Directed,1,45,Knows
10,5,Boo Radley,Scout Finch,Directed,1,45,Exchange
5,172,Scout Finch,Cecil Jacobs,Directed,1,46,Knows
10,5,Boo Radley,Scout Finch,Directed,1,46,Exchange
9,8,Atticus Finch,Jem Finch,Directed,1,46,Knows
172,78,Cecil Jacobs,The Radley Place,Directed,1,46,Knows of
78,5,The Radley Place,Scout Finch,Directed,1,46,Knows
5,9,Scout Finch,Atticus Finch,Directed,1,46,Knows
8,10,Jem Finch,Boo Radley,Directed,1,46,Exchange
8,30,Jem Finch,Mrs. Dubose,Directed,1,46,Knows
8,9,Jem Finch,Atticus Finch,Directed,1,46,Knows
5,78,Scout Finch,The Radley Place,Directed,1,46,Knows
78,8,The Radley Place,Jem Finch,Directed,1,46,Knows
5,8,Scout Finch,Jem Finch,Directed,1,46,Exchange
10,8,Boo Radley,Jem Finch,Directed,1,46,Exchange
9,5,Atticus Finch,Scout Finch,Directed,1,46,Knows
8,5,Jem Finch,Scout Finch,Directed,1,46,Exchange
30,9,Mrs. Dubose,Atticus Finch,Directed,1,46,Knows
30,172,Mrs. Dubose,Cecil Jacobs,Directed,1,46,Knows
30,8,Mrs. Dubose,Jem Finch,Directed,1,46,Knows
172,30,Cecil Jacobs,Mrs. Dubose,Directed,1,46,Knows
30,5,Mrs. Dubose,Scout Finch,Directed,1,46,Knows
172,5,Cecil Jacobs,Scout Finch,Directed,1,46,Knows
5,30,Scout Finch,Mrs. Dubose,Directed,1,46,Knows
172,8,Cecil Jacobs,Jem Finch,Directed,1,46,Knows
8,172,Jem Finch,Cecil Jacobs,Directed,1,46,Knows
5,10,Scout Finch,Boo Radley,Directed,1,46,Exchange
8,78,Jem Finch,The Radley Place,Directed,1,46,Knows
9,30,Atticus Finch,Mrs. Dubose,Directed,1,46,Knows
6,8,Dill Harris,Jem Finch,Directed,1,47,Exchange
55,5,Miss Maudie Atkinson,Scout Finch,Directed,1,47,Knows
8,214,Jem Finch,"""Indians""",Directed,1,47,Knows of
32,6,Miss Rachel Haverford,Dill Harris,Directed,1,47,Exchange
78,8,The Radley Place,Jem Finch,Directed,1,47,Knows
5,78,Scout Finch,The Radley Place,Directed,1,47,Knows
8,5,Jem Finch,Scout Finch,Directed,1,47,Exchange
5,8,Scout Finch,Jem Finch,Directed,1,47,Exchange
10,8,Boo Radley,Jem Finch,Directed,1,47,Exchange
5,55,Scout Finch,Miss Maudie Atkinson,Directed,1,47,Knows
8,6,Jem Finch,Dill Harris,Directed,1,47,Exchange
6,5,Dill Harris,Scout Finch,Directed,1,47,Exchange
5,32,Scout Finch,Miss Rachel Haverford,Directed,1,47,Knows
5,10,Scout Finch,Boo Radley,Directed,1,47,Knows of
8,78,Jem Finch,The Radley Place,Directed,1,47,Knows
78,5,The Radley Place,Scout Finch,Directed,1,47,Knows
55,8,Miss Maudie Atkinson,Jem Finch,Directed,1,47,Knows
8,10,Jem Finch,Boo Radley,Directed,1,47,Exchange
5,214,Scout Finch,"""Indians""",Directed,1,47,Knows of
6,32,Dill Harris,Miss Rachel Haverford,Directed,1,47,Exchange
32,5,Miss Rachel Haverford,Scout Finch,Directed,1,47,Knows
8,55,Jem Finch,Miss Maudie Atkinson,Directed,1,47,Knows
5,6,Scout Finch,Dill Harris,Directed,1,47,Exchange
6,215,Dill Harris,Train Engineer,Directed,1,48,Knows
8,36,Jem Finch,Dill's father,Directed,1,48,Knows of
5,36,Scout Finch,Dill's father,Directed,1,48,Knows of
6,36,Dill Harris,Dill's father,Directed,1,48,Knows
36,6,Dill's father,Dill Harris,Directed,1,48,Knows
5,216,Scout Finch,"The Rover Boys (Tom, Sam, and Dick)",Directed,1,48,Knows of
6,5,Dill Harris,Scout Finch,Directed,1,48,Exchange
8,6,Jem Finch,Dill Harris,Directed,1,48,Exchange
5,8,Scout Finch,Jem Finch,Directed,1,48,Exchange
5,215,Scout Finch,Train Engineer,Directed,1,48,Knows of
6,216,Dill Harris,"The Rover Boys (Tom, Sam, and Dick)",Directed,1,48,Knows of
6,8,Dill Harris,Jem Finch,Directed,1,48,Exchange
8,5,Jem Finch,Scout Finch,Directed,1,48,Exchange
5,6,Scout Finch,Dill Harris,Directed,1,48,Exchange
8,215,Jem Finch,Train Engineer,Directed,1,48,Knows of
8,216,Jem Finch,"The Rover Boys (Tom, Sam, and Dick)",Directed,1,48,Knows of
215,6,Train Engineer,Dill Harris,Directed,1,48,Knows
24,8,Calpurnia,Jem Finch,Directed,1,49,Knows
5,8,Scout Finch,Jem Finch,Directed,1,49,Exchange
24,6,Calpurnia,Dill Harris,Directed,1,49,Knows
5,24,Scout Finch,Calpurnia,Directed,1,49,Knows
24,5,Calpurnia,Scout Finch,Directed,1,49,Knows
6,8,Dill Harris,Jem Finch,Directed,1,49,Exchange
8,5,Jem Finch,Scout Finch,Directed,1,49,Exchange
5,6,Scout Finch,Dill Harris,Directed,1,49,Exchange
6,5,Dill Harris,Scout Finch,Directed,1,49,Exchange
8,24,Jem Finch,Calpurnia,Directed,1,49,Knows
8,6,Jem Finch,Dill Harris,Directed,1,49,Exchange
5,78,Scout Finch,The Radley Place,Directed,1,49,Knows
8,78,Jem Finch,The Radley Place,Directed,1,49,Knows
6,78,Dill Harris,The Radley Place,Directed,1,49,Knows
6,24,Dill Harris,Calpurnia,Directed,1,49,Knows
6,78,Dill Harris,The Radley Place,Directed,1,50,Knows
5,78,Scout Finch,The Radley Place,Directed,1,50,Knows
5,8,Scout Finch,Jem Finch,Directed,1,50,Exchange
6,8,Dill Harris,Jem Finch,Directed,1,50,Exchange
8,5,Jem Finch,Scout Finch,Directed,1,50,Exchange
5,6,Scout Finch,Dill Harris,Directed,1,50,Exchange
8,6,Jem Finch,Dill Harris,Directed,1,50,Exchange
8,78,Jem Finch,The Radley Place,Directed,1,50,Knows
6,5,Dill Harris,Scout Finch,Directed,1,50,Exchange
8,5,Jem Finch,Scout Finch,Directed,1,51,Exchange
45,6,Mrs. Radley,Dill Harris,Directed,1,51,Knows
8,24,Jem Finch,Calpurnia,Directed,1,51,Exchange
6,5,Dill Harris,Scout Finch,Directed,1,51,Exchange
5,8,Scout Finch,Jem Finch,Directed,1,51,Exchange
24,6,Calpurnia,Dill Harris,Directed,1,51,Exchange
45,8,Mrs. Radley,Jem Finch,Directed,1,51,Knows
6,45,Dill Harris,Mrs. Radley,Directed,1,51,Knows
10,8,Boo Radley,Jem Finch,Directed,1,51,Knows of
5,24,Scout Finch,Calpurnia,Directed,1,51,Exchange
10,5,Boo Radley,Scout Finch,Directed,1,51,Knows of
5,10,Scout Finch,Boo Radley,Directed,1,51,Knows of
45,5,Mrs. Radley,Scout Finch,Directed,1,51,Knows
5,45,Scout Finch,Mrs. Radley,Directed,1,51,Knows
8,10,Jem Finch,Boo Radley,Directed,1,51,Knows of
10,6,Boo Radley,Dill Harris,Directed,1,51,Knows of
8,6,Jem Finch,Dill Harris,Directed,1,51,Exchange
24,5,Calpurnia,Scout Finch,Directed,1,51,Exchange
6,24,Dill Harris,Calpurnia,Directed,1,51,Exchange
6,10,Dill Harris,Boo Radley,Directed,1,51,Knows of
5,6,Scout Finch,Dill Harris,Directed,1,51,Exchange
8,45,Jem Finch,Mrs. Radley,Directed,1,51,Knows
6,8,Dill Harris,Jem Finch,Directed,1,51,Exchange
24,8,Calpurnia,Jem Finch,Directed,1,51,Exchange
45,5,Mrs. Radley,Scout Finch,Directed,1,52,Knows
10,6,Boo Radley,Dill Harris,Directed,1,52,Knows of
5,24,Scout Finch,Calpurnia,Directed,1,52,Knows
6,47,Dill Harris,Mr. Radley,Directed,1,52,Knows
47,8,Mr. Radley,Jem Finch,Directed,1,52,Knows
6,45,Dill Harris,Mrs. Radley,Directed,1,52,Knows
47,6,Mr. Radley,Dill Harris,Directed,1,52,Knows
8,47,Jem Finch,Mr. Radley,Directed,1,52,Knows
5,10,Scout Finch,Boo Radley,Directed,1,52,Knows of
8,6,Jem Finch,Dill Harris,Directed,1,52,Exchange
6,8,Dill Harris,Jem Finch,Directed,1,52,Exchange
8,45,Jem Finch,Mrs. Radley,Directed,1,52,Knows
10,8,Boo Radley,Jem Finch,Directed,1,52,Knows of
6,5,Dill Harris,Scout Finch,Directed,1,52,Exchange
8,10,Jem Finch,Boo Radley,Directed,1,52,Knows of
6,10,Dill Harris,Boo Radley,Directed,1,52,Knows of
5,47,Scout Finch,Mr. Radley,Directed,1,52,Knows
10,5,Boo Radley,Scout Finch,Directed,1,52,Knows of
5,6,Scout Finch,Dill Harris,Directed,1,52,Exchange
24,5,Calpurnia,Scout Finch,Directed,1,52,Knows
5,8,Scout Finch,Jem Finch,Directed,1,52,Exchange
47,5,Mr. Radley,Scout Finch,Directed,1,52,Knows
45,6,Mrs. Radley,Dill Harris,Directed,1,52,Knows
45,8,Mrs. Radley,Jem Finch,Directed,1,52,Knows
5,40,Scout Finch,Tarzan,Directed,1,52,Knows of
8,5,Jem Finch,Scout Finch,Directed,1,52,Exchange
5,45,Scout Finch,Mrs. Radley,Directed,1,52,Knows
8,5,Jem Finch,Scout Finch,Directed,1,53,Exchange
51,6,Miss Stephanie Crawford,Dill Harris,Directed,1,53,Knows
9,5,Atticus Finch,Scout Finch,Directed,1,53,Exchange
9,10,Atticus Finch,Boo Radley,Directed,1,53,Knows
10,5,Boo Radley,Scout Finch,Directed,1,53,Knows of
55,6,Miss Maudie Atkinson,Dill Harris,Directed,1,53,Exchange
5,51,Scout Finch,Miss Stephanie Crawford,Directed,1,53,Knows
45,9,Mrs. Radley,Atticus Finch,Directed,1,53,Knows
5,6,Scout Finch,Dill Harris,Directed,1,53,Exchange
8,24,Jem Finch,Calpurnia,Directed,1,53,Knows
6,10,Dill Harris,Boo Radley,Directed,1,53,Knows of
47,5,Mr. Radley,Scout Finch,Directed,1,53,Exchange
45,5,Mrs. Radley,Scout Finch,Directed,1,53,Knows
47,6,Mr. Radley,Dill Harris,Directed,1,53,Exchange
47,51,Mr. Radley,Miss Stephanie Crawford,Directed,1,53,Knows
51,10,Miss Stephanie Crawford,Boo Radley,Directed,1,53,Knows
9,45,Atticus Finch,Mrs. Radley,Directed,1,53,Knows
8,9,Jem Finch,Atticus Finch,Directed,1,53,Exchange
24,5,Calpurnia,Scout Finch,Directed,1,53,Knows
10,51,Boo Radley,Miss Stephanie Crawford,Directed,1,53,Knows
45,51,Mrs. Radley,Miss Stephanie Crawford,Directed,1,53,Knows
8,10,Jem Finch,Boo Radley,Directed,1,53,Knows of
9,8,Atticus Finch,Jem Finch,Directed,1,53,Exchange
45,6,Mrs. Radley,Dill Harris,Directed,1,53,Knows
5,47,Scout Finch,Mr. Radley,Directed,1,53,Exchange
45,8,Mrs. Radley,Jem Finch,Directed,1,53,Knows
8,47,Jem Finch,Mr. Radley,Directed,1,53,Exchange
5,9,Scout Finch,Atticus Finch,Directed,1,53,Exchange
9,6,Atticus Finch,Dill Harris,Directed,1,53,Exchange
47,8,Mr. Radley,Jem Finch,Directed,1,53,Exchange
5,45,Scout Finch,Mrs. Radley,Directed,1,53,Knows
6,24,Dill Harris,Calpurnia,Directed,1,53,Knows
51,47,Miss Stephanie Crawford,Mr. Radley,Directed,1,53,Knows
6,51,Dill Harris,Miss Stephanie Crawford,Directed,1,53,Knows
55,8,Miss Maudie Atkinson,Jem Finch,Directed,1,53,Exchange
8,45,Jem Finch,Mrs. Radley,Directed,1,53,Knows
6,47,Dill Harris,Mr. Radley,Directed,1,53,Exchange
47,9,Mr. Radley,Atticus Finch,Directed,1,53,Knows
5,24,Scout Finch,Calpurnia,Directed,1,53,Knows
6,55,Dill Harris,Miss Maudie Atkinson,Directed,1,53,Exchange
10,6,Boo Radley,Dill Harris,Directed,1,53,Knows of
24,8,Calpurnia,Jem Finch,Directed,1,53,Knows
51,5,Miss Stephanie Crawford,Scout Finch,Directed,1,53,Knows
8,55,Jem Finch,Miss Maudie Atkinson,Directed,1,53,Exchange
24,6,Calpurnia,Dill Harris,Directed,1,53,Knows
8,51,Jem Finch,Miss Stephanie Crawford,Directed,1,53,Knows
10,9,Boo Radley,Atticus Finch,Directed,1,53,Knows
5,8,Scout Finch,Jem Finch,Directed,1,53,Exchange
55,5,Miss Maudie Atkinson,Scout Finch,Directed,1,53,Exchange
6,9,Dill Harris,Atticus Finch,Directed,1,53,Exchange
51,45,Miss Stephanie Crawford,Mrs. Radley,Directed,1,53,Knows
6,45,Dill Harris,Mrs. Radley,Directed,1,53,Knows
5,10,Scout Finch,Boo Radley,Directed,1,53,Knows of
6,5,Dill Harris,Scout Finch,Directed,1,53,Exchange
8,6,Jem Finch,Dill Harris,Directed,1,53,Exchange
10,8,Boo Radley,Jem Finch,Directed,1,53,Knows of
9,47,Atticus Finch,Mr. Radley,Directed,1,53,Knows
6,8,Dill Harris,Jem Finch,Directed,1,53,Exchange
51,8,Miss Stephanie Crawford,Jem Finch,Directed,1,53,Knows
5,55,Scout Finch,Miss Maudie Atkinson,Directed,1,53,Exchange
6,5,Dill Harris,Scout Finch,Directed,1,54,Exchange
10,8,Boo Radley,Jem Finch,Directed,1,54,Knows of
47,6,Mr. Radley,Dill Harris,Directed,1,54,Knows
8,47,Jem Finch,Mr. Radley,Directed,1,54,Knows
8,5,Jem Finch,Scout Finch,Directed,1,54,Exchange
10,5,Boo Radley,Scout Finch,Directed,1,54,Knows of
5,45,Scout Finch,Mrs. Radley,Directed,1,54,Knows
45,8,Mrs. Radley,Jem Finch,Directed,1,54,Knows
9,6,Atticus Finch,Dill Harris,Directed,1,54,Exchange
45,6,Mrs. Radley,Dill Harris,Directed,1,54,Knows
10,6,Boo Radley,Dill Harris,Directed,1,54,Knows of
5,8,Scout Finch,Jem Finch,Directed,1,54,Exchange
9,5,Atticus Finch,Scout Finch,Directed,1,54,Exchange
47,5,Mr. Radley,Scout Finch,Directed,1,54,Knows
5,6,Scout Finch,Dill Harris,Directed,1,54,Exchange
6,9,Dill Harris,Atticus Finch,Directed,1,54,Exchange
45,9,Mrs. Radley,Atticus Finch,Directed,1,54,Knows
9,47,Atticus Finch,Mr. Radley,Directed,1,54,Knows
9,10,Atticus Finch,Boo Radley,Directed,1,54,Knows
10,9,Boo Radley,Atticus Finch,Directed,1,54,Knows
45,5,Mrs. Radley,Scout Finch,Directed,1,54,Knows
47,9,Mr. Radley,Atticus Finch,Directed,1,54,Knows
47,8,Mr. Radley,Jem Finch,Directed,1,54,Knows
5,9,Scout Finch,Atticus Finch,Directed,1,54,Exchange
6,8,Dill Harris,Jem Finch,Directed,1,54,Exchange
5,10,Scout Finch,Boo Radley,Directed,1,54,Knows of
9,8,Atticus Finch,Jem Finch,Directed,1,54,Exchange
6,47,Dill Harris,Mr. Radley,Directed,1,54,Knows
8,10,Jem Finch,Boo Radley,Directed,1,54,Knows of
8,45,Jem Finch,Mrs. Radley,Directed,1,54,Knows
5,47,Scout Finch,Mr. Radley,Directed,1,54,Knows
8,6,Jem Finch,Dill Harris,Directed,1,54,Exchange
6,10,Dill Harris,Boo Radley,Directed,1,54,Knows of
9,45,Atticus Finch,Mrs. Radley,Directed,1,54,Knows
8,9,Jem Finch,Atticus Finch,Directed,1,54,Exchange
6,45,Dill Harris,Mrs. Radley,Directed,1,54,Knows
9,8,Atticus Finch,Jem Finch,Directed,1,55,Knows
5,8,Scout Finch,Jem Finch,Directed,1,55,Exchange
55,5,Miss Maudie Atkinson,Scout Finch,Directed,1,55,Exchange
9,5,Atticus Finch,Scout Finch,Directed,1,55,Knows
5,9,Scout Finch,Atticus Finch,Directed,1,55,Knows
55,8,Miss Maudie Atkinson,Jem Finch,Directed,1,55,Knows
8,5,Jem Finch,Scout Finch,Directed,1,55,Exchange
5,55,Scout Finch,Miss Maudie Atkinson,Directed,1,55,Exchange
6,8,Dill Harris,Jem Finch,Directed,1,55,Exchange
9,6,Atticus Finch,Dill Harris,Directed,1,55,Knows
8,55,Jem Finch,Miss Maudie Atkinson,Directed,1,55,Knows
6,9,Dill Harris,Atticus Finch,Directed,1,55,Knows
8,9,Jem Finch,Atticus Finch,Directed,1,55,Knows
6,5,Dill Harris,Scout Finch,Directed,1,55,Exchange
5,6,Scout Finch,Dill Harris,Directed,1,55,Exchange
8,6,Jem Finch,Dill Harris,Directed,1,55,Exchange
6,5,Dill Harris,Scout Finch,Directed,1,56,Exchange
6,8,Dill Harris,Jem Finch,Directed,1,56,Exchange
8,6,Jem Finch,Dill Harris,Directed,1,56,Exchange
8,55,Jem Finch,Miss Maudie Atkinson,Directed,1,56,Knows
8,5,Jem Finch,Scout Finch,Directed,1,56,Exchange
55,5,Miss Maudie Atkinson,Scout Finch,Directed,1,56,Exchange
5,8,Scout Finch,Jem Finch,Directed,1,56,Exchange
5,55,Scout Finch,Miss Maudie Atkinson,Directed,1,56,Exchange
5,6,Scout Finch,Dill Harris,Directed,1,56,Exchange
55,8,Miss Maudie Atkinson,Jem Finch,Directed,1,56,Knows
10,55,Boo Radley,Miss Maudie Atkinson,Directed,1,57,Knows
5,8,Scout Finch,Jem Finch,Directed,1,57,Knows of
10,5,Boo Radley,Scout Finch,Directed,1,57,Knows of
5,6,Scout Finch,Dill Harris,Directed,1,57,Knows of
55,10,Miss Maudie Atkinson,Boo Radley,Directed,1,57,Knows
5,10,Scout Finch,Boo Radley,Directed,1,57,Knows of
55,6,Miss Maudie Atkinson,Dill Harris,Directed,1,57,Exchange
8,55,Jem Finch,Miss Maudie Atkinson,Directed,1,57,Exchange
5,55,Scout Finch,Miss Maudie Atkinson,Directed,1,57,Exchange
55,5,Miss Maudie Atkinson,Scout Finch,Directed,1,57,Exchange
6,55,Dill Harris,Miss Maudie Atkinson,Directed,1,57,Exchange
55,8,Miss Maudie Atkinson,Jem Finch,Directed,1,57,Exchange
55,10,Miss Maudie Atkinson,Boo Radley,Directed,1,58,Knows
8,22,Jem Finch,"John Hale ""Jack"" Finch",Directed,1,58,Exchange
9,22,Atticus Finch,"John Hale ""Jack"" Finch",Directed,1,58,Knows
10,55,Boo Radley,Miss Maudie Atkinson,Directed,1,58,Knows
8,5,Jem Finch,Scout Finch,Directed,1,58,Knows
55,217,Miss Maudie Atkinson,Dr. Frank Buford,Directed,1,58,Knows
5,22,Scout Finch,"John Hale ""Jack"" Finch",Directed,1,58,Exchange
5,10,Scout Finch,Boo Radley,Directed,1,58,Knows of
10,5,Boo Radley,Scout Finch,Directed,1,58,Knows of
55,8,Miss Maudie Atkinson,Jem Finch,Directed,1,58,Knows
5,217,Scout Finch,Dr. Frank Buford,Directed,1,58,Knows
55,22,Miss Maudie Atkinson,"John Hale ""Jack"" Finch",Directed,1,58,Exchange
22,5,"John Hale ""Jack"" Finch",Scout Finch,Directed,1,58,Exchange
5,8,Scout Finch,Jem Finch,Directed,1,58,Knows
217,5,Dr. Frank Buford,Scout Finch,Directed,1,58,Knows
217,55,Dr. Frank Buford,Miss Maudie Atkinson,Directed,1,58,Knows
22,55,"John Hale ""Jack"" Finch",Miss Maudie Atkinson,Directed,1,58,Exchange
22,8,"John Hale ""Jack"" Finch",Jem Finch,Directed,1,58,Exchange
5,55,Scout Finch,Miss Maudie Atkinson,Directed,1,58,Exchange
55,5,Miss Maudie Atkinson,Scout Finch,Directed,1,58,Exchange
5,9,Scout Finch,Atticus Finch,Directed,1,58,Knows of
8,55,Jem Finch,Miss Maudie Atkinson,Directed,1,58,Knows
22,9,"John Hale ""Jack"" Finch",Atticus Finch,Directed,1,58,Knows
5,10,Scout Finch,Boo Radley,Directed,1,59,Knows of
55,5,Miss Maudie Atkinson,Scout Finch,Directed,1,59,Exchange
8,55,Jem Finch,Miss Maudie Atkinson,Directed,1,59,Knows
55,19,Miss Maudie Atkinson,God,Directed,1,59,Knows
51,55,Miss Stephanie Crawford,Miss Maudie Atkinson,Directed,1,59,Knows
55,47,Miss Maudie Atkinson,Mr. Radley,Directed,1,59,Knows
55,8,Miss Maudie Atkinson,Jem Finch,Directed,1,59,Knows
5,8,Scout Finch,Jem Finch,Directed,1,59,Knows of
5,19,Scout Finch,God,Directed,1,59,Knows
10,5,Boo Radley,Scout Finch,Directed,1,59,Knows of
5,55,Scout Finch,Miss Maudie Atkinson,Directed,1,59,Exchange
47,5,Mr. Radley,Scout Finch,Directed,1,59,Knows
55,10,Miss Maudie Atkinson,Boo Radley,Directed,1,59,Knows
47,55,Mr. Radley,Miss Maudie Atkinson,Directed,1,59,Knows
5,102,Scout Finch,Foot-washers,Directed,1,59,Knows
10,55,Boo Radley,Miss Maudie Atkinson,Directed,1,59,Knows
5,47,Scout Finch,Mr. Radley,Directed,1,59,Knows
5,51,Scout Finch,Miss Stephanie Crawford,Directed,1,59,Knows
19,55,God,Miss Maudie Atkinson,Directed,1,59,Knows
102,55,Foot-washers,Miss Maudie Atkinson,Directed,1,59,Knows
55,102,Miss Maudie Atkinson,Foot-washers,Directed,1,59,Knows
55,51,Miss Maudie Atkinson,Miss Stephanie Crawford,Directed,1,59,Knows
102,5,Foot-washers,Scout Finch,Directed,1,59,Knows
19,5,God,Scout Finch,Directed,1,59,Knows
51,5,Miss Stephanie Crawford,Scout Finch,Directed,1,59,Knows
9,5,Atticus Finch,Scout Finch,Directed,1,60,Knows
5,51,Scout Finch,Miss Stephanie Crawford,Directed,1,60,Knows
102,55,Foot-washers,Miss Maudie Atkinson,Directed,1,60,Knows
55,9,Miss Maudie Atkinson,Atticus Finch,Directed,1,60,Knows
102,5,Foot-washers,Scout Finch,Directed,1,60,Knows
5,9,Scout Finch,Atticus Finch,Directed,1,60,Knows
5,55,Scout Finch,Miss Maudie Atkinson,Directed,1,60,Exchange
10,5,Boo Radley,Scout Finch,Directed,1,60,Knows of
5,10,Scout Finch,Boo Radley,Directed,1,60,Knows of
51,5,Miss Stephanie Crawford,Scout Finch,Directed,1,60,Knows
10,51,Boo Radley,Miss Stephanie Crawford,Directed,1,60,Exchange
51,10,Miss Stephanie Crawford,Boo Radley,Directed,1,60,Exchange
10,55,Boo Radley,Miss Maudie Atkinson,Directed,1,60,Knows
55,10,Miss Maudie Atkinson,Boo Radley,Directed,1,60,Knows
5,102,Scout Finch,Foot-washers,Directed,1,60,Knows
55,5,Miss Maudie Atkinson,Scout Finch,Directed,1,60,Exchange
55,102,Miss Maudie Atkinson,Foot-washers,Directed,1,60,Knows
9,55,Atticus Finch,Miss Maudie Atkinson,Directed,1,60,Knows
51,55,Miss Stephanie Crawford,Miss Maudie Atkinson,Directed,1,60,Knows
55,51,Miss Maudie Atkinson,Miss Stephanie Crawford,Directed,1,60,Knows
55,5,Miss Maudie Atkinson,Scout Finch,Directed,1,61,Exchange
9,55,Atticus Finch,Miss Maudie Atkinson,Directed,1,61,Knows
5,6,Scout Finch,Dill Harris,Directed,1,61,Exchange
55,9,Miss Maudie Atkinson,Atticus Finch,Directed,1,61,Knows
9,5,Atticus Finch,Scout Finch,Directed,1,61,Knows
5,8,Scout Finch,Jem Finch,Directed,1,61,Exchange
5,10,Scout Finch,Boo Radley,Directed,1,61,Knows of
8,5,Jem Finch,Scout Finch,Directed,1,61,Exchange
8,6,Jem Finch,Dill Harris,Directed,1,61,Exchange
5,55,Scout Finch,Miss Maudie Atkinson,Directed,1,61,Exchange
6,5,Dill Harris,Scout Finch,Directed,1,61,Exchange
55,10,Miss Maudie Atkinson,Boo Radley,Directed,1,61,Knows
10,55,Boo Radley,Miss Maudie Atkinson,Directed,1,61,Knows
10,5,Boo Radley,Scout Finch,Directed,1,61,Knows of
5,9,Scout Finch,Atticus Finch,Directed,1,61,Knows
6,8,Dill Harris,Jem Finch,Directed,1,61,Exchange
5,10,Scout Finch,Boo Radley,Directed,1,62,Knows of
8,5,Jem Finch,Scout Finch,Directed,1,62,Exchange
5,6,Scout Finch,Dill Harris,Directed,1,62,Exchange
6,10,Dill Harris,Boo Radley,Directed,1,62,Knows of
29,8,Mother (of Scout and Jem),Jem Finch,Directed,1,62,Knows
8,10,Jem Finch,Boo Radley,Directed,1,62,Knows of
10,6,Boo Radley,Dill Harris,Directed,1,62,Knows of
10,5,Boo Radley,Scout Finch,Directed,1,62,Knows of
29,5,Mother (of Scout and Jem),Scout Finch,Directed,1,62,Knows
10,8,Boo Radley,Jem Finch,Directed,1,62,Knows of
5,29,Scout Finch,Mother (of Scout and Jem),Directed,1,62,Knows
5,8,Scout Finch,Jem Finch,Directed,1,62,Exchange
6,8,Dill Harris,Jem Finch,Directed,1,62,Exchange
8,6,Jem Finch,Dill Harris,Directed,1,62,Exchange
8,29,Jem Finch,Mother (of Scout and Jem),Directed,1,62,Knows
5,55,Scout Finch,Miss Maudie Atkinson,Directed,1,62,Knows
6,5,Dill Harris,Scout Finch,Directed,1,62,Exchange
55,5,Miss Maudie Atkinson,Scout Finch,Directed,1,62,Knows
6,29,Dill Harris,Mother (of Scout and Jem),Directed,1,62,Knows of
8,5,Jem Finch,Scout Finch,Directed,1,63,Exchange
8,36,Jem Finch,Dill's father,Directed,1,63,Knows of
10,8,Boo Radley,Jem Finch,Directed,1,63,Knows of
8,6,Jem Finch,Dill Harris,Directed,1,63,Exchange
6,218,Dill Harris,Brigadier General Joe Wheeler,Directed,1,63,Knows of
6,5,Dill Harris,Scout Finch,Directed,1,63,Exchange
8,10,Jem Finch,Boo Radley,Directed,1,63,Knows of
5,8,Scout Finch,Jem Finch,Directed,1,63,Exchange
5,10,Scout Finch,Boo Radley,Directed,1,63,Knows of
5,218,Scout Finch,Brigadier General Joe Wheeler,Directed,1,63,Knows of
6,8,Dill Harris,Jem Finch,Directed,1,63,Exchange
5,36,Scout Finch,Dill's father,Directed,1,63,Knows of
5,6,Scout Finch,Dill Harris,Directed,1,63,Exchange
6,36,Dill Harris,Dill's father,Directed,1,63,Knows
6,10,Dill Harris,Boo Radley,Directed,1,63,Knows of
10,6,Boo Radley,Dill Harris,Directed,1,63,Knows of
10,5,Boo Radley,Scout Finch,Directed,1,63,Knows of
9,8,Atticus Finch,Jem Finch,Directed,1,64,Exchange
8,9,Jem Finch,Atticus Finch,Directed,1,64,Exchange
9,6,Atticus Finch,Dill Harris,Directed,1,64,Exchange
8,10,Jem Finch,Boo Radley,Directed,1,64,Knows of
6,10,Dill Harris,Boo Radley,Directed,1,64,Knows of
5,9,Scout Finch,Atticus Finch,Directed,1,64,Exchange
8,5,Jem Finch,Scout Finch,Directed,1,64,Exchange
5,8,Scout Finch,Jem Finch,Directed,1,64,Exchange
5,10,Scout Finch,Boo Radley,Directed,1,64,Knows of
6,9,Dill Harris,Atticus Finch,Directed,1,64,Exchange
6,8,Dill Harris,Jem Finch,Directed,1,64,Exchange
5,6,Scout Finch,Dill Harris,Directed,1,64,Exchange
6,5,Dill Harris,Scout Finch,Directed,1,64,Exchange
8,6,Jem Finch,Dill Harris,Directed,1,64,Exchange
9,5,Atticus Finch,Scout Finch,Directed,1,64,Exchange
10,6,Boo Radley,Dill Harris,Directed,1,64,Knows of
10,5,Boo Radley,Scout Finch,Directed,1,64,Knows of
10,8,Boo Radley,Jem Finch,Directed,1,64,Knows of
5,10,Scout Finch,Boo Radley,Directed,1,65,Knows of
10,6,Boo Radley,Dill Harris,Directed,1,65,Knows of
8,9,Jem Finch,Atticus Finch,Directed,1,65,Exchange
10,5,Boo Radley,Scout Finch,Directed,1,65,Knows of
6,8,Dill Harris,Jem Finch,Directed,1,65,Exchange
6,5,Dill Harris,Scout Finch,Directed,1,65,Exchange
8,6,Jem Finch,Dill Harris,Directed,1,65,Exchange
6,9,Dill Harris,Atticus Finch,Directed,1,65,Exchange
8,10,Jem Finch,Boo Radley,Directed,1,65,Knows of
10,8,Boo Radley,Jem Finch,Directed,1,65,Knows of
8,5,Jem Finch,Scout Finch,Directed,1,65,Exchange
5,6,Scout Finch,Dill Harris,Directed,1,65,Exchange
5,9,Scout Finch,Atticus Finch,Directed,1,65,Exchange
6,10,Dill Harris,Boo Radley,Directed,1,65,Knows of
10,9,Boo Radley,Atticus Finch,Directed,1,65,Knows
9,6,Atticus Finch,Dill Harris,Directed,1,65,Exchange
9,8,Atticus Finch,Jem Finch,Directed,1,65,Exchange
9,5,Atticus Finch,Scout Finch,Directed,1,65,Exchange
9,10,Atticus Finch,Boo Radley,Directed,1,65,Knows
5,8,Scout Finch,Jem Finch,Directed,1,65,Exchange
5,8,Scout Finch,Jem Finch,Directed,1,66,Exchange
8,6,Jem Finch,Dill Harris,Directed,1,66,Exchange
8,10,Jem Finch,Boo Radley,Directed,1,66,Knows of
9,6,Atticus Finch,Dill Harris,Directed,1,66,Exchange
6,9,Dill Harris,Atticus Finch,Directed,1,66,Exchange
10,6,Boo Radley,Dill Harris,Directed,1,66,Knows of
9,5,Atticus Finch,Scout Finch,Directed,1,66,Exchange
6,8,Dill Harris,Jem Finch,Directed,1,66,Exchange
9,8,Atticus Finch,Jem Finch,Directed,1,66,Exchange
5,6,Scout Finch,Dill Harris,Directed,1,66,Exchange
6,5,Dill Harris,Scout Finch,Directed,1,66,Exchange
10,8,Boo Radley,Jem Finch,Directed,1,66,Knows of
8,9,Jem Finch,Atticus Finch,Directed,1,66,Exchange
5,10,Scout Finch,Boo Radley,Directed,1,66,Knows of
8,5,Jem Finch,Scout Finch,Directed,1,66,Exchange
5,9,Scout Finch,Atticus Finch,Directed,1,66,Exchange
6,10,Dill Harris,Boo Radley,Directed,1,66,Knows of
10,5,Boo Radley,Scout Finch,Directed,1,66,Knows of
85,8,Mr. Avery,Jem Finch,Directed,1,67,Knows
8,6,Jem Finch,Dill Harris,Directed,1,67,Exchange
85,6,Mr. Avery,Dill Harris,Directed,1,67,Knows
9,5,Atticus Finch,Scout Finch,Directed,1,67,Exchange
5,85,Scout Finch,Mr. Avery,Directed,1,67,Knows
6,9,Dill Harris,Atticus Finch,Directed,1,67,Knows
5,9,Scout Finch,Atticus Finch,Directed,1,67,Exchange
5,8,Scout Finch,Jem Finch,Directed,1,67,Exchange
5,6,Scout Finch,Dill Harris,Directed,1,67,Exchange
32,5,Miss Rachel Haverford,Scout Finch,Directed,1,67,Knows
8,85,Jem Finch,Mr. Avery,Directed,1,67,Knows
8,5,Jem Finch,Scout Finch,Directed,1,67,Exchange
32,8,Miss Rachel Haverford,Jem Finch,Directed,1,67,Knows
30,5,Mrs. Dubose,Scout Finch,Directed,1,67,Knows
5,55,Scout Finch,Miss Maudie Atkinson,Directed,1,67,Knows
5,32,Scout Finch,Miss Rachel Haverford,Directed,1,67,Knows
9,6,Atticus Finch,Dill Harris,Directed,1,67,Knows
6,8,Dill Harris,Jem Finch,Directed,1,67,Exchange
8,9,Jem Finch,Atticus Finch,Directed,1,67,Exchange
9,8,Atticus Finch,Jem Finch,Directed,1,67,Exchange
6,85,Dill Harris,Mr. Avery,Directed,1,67,Knows
55,5,Miss Maudie Atkinson,Scout Finch,Directed,1,67,Knows
8,32,Jem Finch,Miss Rachel Haverford,Directed,1,67,Knows
6,5,Dill Harris,Scout Finch,Directed,1,67,Exchange
85,5,Mr. Avery,Scout Finch,Directed,1,67,Knows
5,30,Scout Finch,Mrs. Dubose,Directed,1,67,Knows
8,51,Jem Finch,Miss Stephanie Crawford,Directed,1,68,Knows
85,6,Mr. Avery,Dill Harris,Directed,1,68,Knows
5,9,Scout Finch,Atticus Finch,Directed,1,68,Knows
51,6,Miss Stephanie Crawford,Dill Harris,Directed,1,68,Knows
8,32,Jem Finch,Miss Rachel Haverford,Directed,1,68,Knows
32,8,Miss Rachel Haverford,Jem Finch,Directed,1,68,Knows
5,51,Scout Finch,Miss Stephanie Crawford,Directed,1,68,Knows
6,5,Dill Harris,Scout Finch,Directed,1,68,Exchange
85,8,Mr. Avery,Jem Finch,Directed,1,68,Knows
6,8,Dill Harris,Jem Finch,Directed,1,68,Exchange
8,9,Jem Finch,Atticus Finch,Directed,1,68,Knows
32,5,Miss Rachel Haverford,Scout Finch,Directed,1,68,Knows
8,6,Jem Finch,Dill Harris,Directed,1,68,Exchange
5,32,Scout Finch,Miss Rachel Haverford,Directed,1,68,Knows
6,85,Dill Harris,Mr. Avery,Directed,1,68,Knows
9,5,Atticus Finch,Scout Finch,Directed,1,68,Knows
51,5,Miss Stephanie Crawford,Scout Finch,Directed,1,68,Knows
5,8,Scout Finch,Jem Finch,Directed,1,68,Exchange
8,5,Jem Finch,Scout Finch,Directed,1,68,Exchange
51,8,Miss Stephanie Crawford,Jem Finch,Directed,1,68,Knows
85,5,Mr. Avery,Scout Finch,Directed,1,68,Knows
6,51,Dill Harris,Miss Stephanie Crawford,Directed,1,68,Knows
5,6,Scout Finch,Dill Harris,Directed,1,68,Exchange
9,8,Atticus Finch,Jem Finch,Directed,1,68,Knows
5,85,Scout Finch,Mr. Avery,Directed,1,68,Knows
8,85,Jem Finch,Mr. Avery,Directed,1,68,Knows
10,5,Boo Radley,Scout Finch,Directed,1,69,Knows
8,10,Jem Finch,Boo Radley,Directed,1,69,Knows
6,78,Dill Harris,The Radley Place,Directed,1,69,Knows
6,10,Dill Harris,Boo Radley,Directed,1,69,Knows
8,78,Jem Finch,The Radley Place,Directed,1,69,Knows
5,6,Scout Finch,Dill Harris,Directed,1,69,Exchange
8,6,Jem Finch,Dill Harris,Directed,1,69,Exchange
10,6,Boo Radley,Dill Harris,Directed,1,69,Knows
6,8,Dill Harris,Jem Finch,Directed,1,69,Exchange
5,78,Scout Finch,The Radley Place,Directed,1,69,Knows
5,10,Scout Finch,Boo Radley,Directed,1,69,Knows
6,5,Dill Harris,Scout Finch,Directed,1,69,Exchange
5,8,Scout Finch,Jem Finch,Directed,1,69,Exchange
8,5,Jem Finch,Scout Finch,Directed,1,69,Exchange
10,8,Boo Radley,Jem Finch,Directed,1,69,Knows
6,78,Dill Harris,The Radley Place,Directed,1,70,Knows
8,5,Jem Finch,Scout Finch,Directed,1,70,Exchange
5,10,Scout Finch,Boo Radley,Directed,1,70,Knows
10,8,Boo Radley,Jem Finch,Directed,1,70,Knows
6,5,Dill Harris,Scout Finch,Directed,1,70,Exchange
5,8,Scout Finch,Jem Finch,Directed,1,70,Exchange
8,10,Jem Finch,Boo Radley,Directed,1,70,Knows
10,5,Boo Radley,Scout Finch,Directed,1,70,Knows
6,10,Dill Harris,Boo Radley,Directed,1,70,Knows
5,78,Scout Finch,The Radley Place,Directed,1,70,Knows
8,78,Jem Finch,The Radley Place,Directed,1,70,Knows
5,6,Scout Finch,Dill Harris,Directed,1,70,Exchange
6,8,Dill Harris,Jem Finch,Directed,1,70,Exchange
10,6,Boo Radley,Dill Harris,Directed,1,70,Knows
8,6,Jem Finch,Dill Harris,Directed,1,70,Exchange
8,10,Jem Finch,Boo Radley,Directed,1,71,Knows
5,8,Scout Finch,Jem Finch,Directed,1,71,Exchange
5,78,Scout Finch,The Radley Place,Directed,1,71,Knows
5,10,Scout Finch,Boo Radley,Directed,1,71,Knows
6,8,Dill Harris,Jem Finch,Directed,1,71,Exchange
8,6,Jem Finch,Dill Harris,Directed,1,71,Exchange
8,78,Jem Finch,The Radley Place,Directed,1,71,Knows
6,78,Dill Harris,The Radley Place,Directed,1,71,Knows
10,6,Boo Radley,Dill Harris,Directed,1,71,Knows
10,8,Boo Radley,Jem Finch,Directed,1,71,Knows
8,5,Jem Finch,Scout Finch,Directed,1,71,Exchange
10,5,Boo Radley,Scout Finch,Directed,1,71,Knows
6,10,Dill Harris,Boo Radley,Directed,1,71,Knows
6,5,Dill Harris,Scout Finch,Directed,1,71,Exchange
5,6,Scout Finch,Dill Harris,Directed,1,71,Exchange
55,8,Miss Maudie Atkinson,Jem Finch,Directed,1,72,Exchange
5,8,Scout Finch,Jem Finch,Directed,1,72,Exchange
6,55,Dill Harris,Miss Maudie Atkinson,Directed,1,72,Exchange
8,51,Jem Finch,Miss Stephanie Crawford,Directed,1,72,Exchange
219,5,"""The neighbors"" (73)",Scout Finch,Directed,1,72,Exchange
55,5,Miss Maudie Atkinson,Scout Finch,Directed,1,72,Exchange
6,51,Dill Harris,Miss Stephanie Crawford,Directed,1,72,Exchange
55,6,Miss Maudie Atkinson,Dill Harris,Directed,1,72,Exchange
6,219,Dill Harris,"""The neighbors"" (73)",Directed,1,72,Exchange
5,6,Scout Finch,Dill Harris,Directed,1,72,Exchange
219,78,"""The neighbors"" (73)",The Radley Place,Directed,1,72,Knows
5,55,Scout Finch,Miss Maudie Atkinson,Directed,1,72,Exchange
8,47,Jem Finch,Mr. Radley,Directed,1,72,Exchange
6,47,Dill Harris,Mr. Radley,Directed,1,72,Exchange
8,6,Jem Finch,Dill Harris,Directed,1,72,Exchange
6,8,Dill Harris,Jem Finch,Directed,1,72,Exchange
8,55,Jem Finch,Miss Maudie Atkinson,Directed,1,72,Exchange
5,219,Scout Finch,"""The neighbors"" (73)",Directed,1,72,Exchange
5,47,Scout Finch,Mr. Radley,Directed,1,72,Exchange
78,9,The Radley Place,Atticus Finch,Directed,1,72,Knows
5,51,Scout Finch,Miss Stephanie Crawford,Directed,1,72,Exchange
78,219,The Radley Place,"""The neighbors"" (73)",Directed,1,72,Knows
78,47,The Radley Place,Mr. Radley,Directed,1,72,Knows
8,5,Jem Finch,Scout Finch,Directed,1,72,Exchange
6,5,Dill Harris,Scout Finch,Directed,1,72,Exchange
47,78,Mr. Radley,The Radley Place,Directed,1,72,Knows
51,8,Miss Stephanie Crawford,Jem Finch,Directed,1,72,Exchange
8,78,Jem Finch,The Radley Place,Directed,1,72,Knows
47,5,Mr. Radley,Scout Finch,Directed,1,72,Exchange
219,6,"""The neighbors"" (73)",Dill Harris,Directed,1,72,Exchange
47,8,Mr. Radley,Jem Finch,Directed,1,72,Exchange
8,219,Jem Finch,"""The neighbors"" (73)",Directed,1,72,Exchange
51,6,Miss Stephanie Crawford,Dill Harris,Directed,1,72,Exchange
9,78,Atticus Finch,The Radley Place,Directed,1,72,Knows
219,8,"""The neighbors"" (73)",Jem Finch,Directed,1,72,Exchange
5,78,Scout Finch,The Radley Place,Directed,1,72,Knows
6,78,Dill Harris,The Radley Place,Directed,1,72,Knows
47,6,Mr. Radley,Dill Harris,Directed,1,72,Exchange
5,9,Scout Finch,Atticus Finch,Directed,1,72,Knows of
51,5,Miss Stephanie Crawford,Scout Finch,Directed,1,72,Exchange
5,9,Scout Finch,Atticus Finch,Directed,1,73,Exchange
78,219,The Radley Place,"""The neighbors"" (73)",Directed,1,73,Knows
32,6,Miss Rachel Haverford,Dill Harris,Directed,1,73,Exchange
8,78,Jem Finch,The Radley Place,Directed,1,73,Knows
78,9,The Radley Place,Atticus Finch,Directed,1,73,Knows
5,6,Scout Finch,Dill Harris,Directed,1,73,Exchange
32,9,Miss Rachel Haverford,Atticus Finch,Directed,1,73,Exchange
9,219,Atticus Finch,"""The neighbors"" (73)",Directed,1,73,Exchange
8,6,Jem Finch,Dill Harris,Directed,1,73,Exchange
8,219,Jem Finch,"""The neighbors"" (73)",Directed,1,73,Exchange
5,78,Scout Finch,The Radley Place,Directed,1,73,Knows
8,32,Jem Finch,Miss Rachel Haverford,Directed,1,73,Exchange
9,6,Atticus Finch,Dill Harris,Directed,1,73,Exchange
5,8,Scout Finch,Jem Finch,Directed,1,73,Exchange
6,8,Dill Harris,Jem Finch,Directed,1,73,Exchange
5,219,Scout Finch,"""The neighbors"" (73)",Directed,1,73,Exchange
8,9,Jem Finch,Atticus Finch,Directed,1,73,Exchange
6,32,Dill Harris,Miss Rachel Haverford,Directed,1,73,Exchange
78,47,The Radley Place,Mr. Radley,Directed,1,73,Knows
78,32,The Radley Place,Miss Rachel Haverford,Directed,1,73,Knows
9,32,Atticus Finch,Miss Rachel Haverford,Directed,1,73,Exchange
219,78,"""The neighbors"" (73)",The Radley Place,Directed,1,73,Knows
5,47,Scout Finch,Mr. Radley,Directed,1,73,Knows of
47,78,Mr. Radley,The Radley Place,Directed,1,73,Knows
32,8,Miss Rachel Haverford,Jem Finch,Directed,1,73,Exchange
32,78,Miss Rachel Haverford,The Radley Place,Directed,1,73,Knows
6,5,Dill Harris,Scout Finch,Directed,1,73,Exchange
6,78,Dill Harris,The Radley Place,Directed,1,73,Knows
9,78,Atticus Finch,The Radley Place,Directed,1,73,Knows
9,5,Atticus Finch,Scout Finch,Directed,1,73,Exchange
32,5,Miss Rachel Haverford,Scout Finch,Directed,1,73,Exchange
219,8,"""The neighbors"" (73)",Jem Finch,Directed,1,73,Exchange
6,9,Dill Harris,Atticus Finch,Directed,1,73,Exchange
219,6,"""The neighbors"" (73)",Dill Harris,Directed,1,73,Exchange
8,5,Jem Finch,Scout Finch,Directed,1,73,Exchange
6,219,Dill Harris,"""The neighbors"" (73)",Directed,1,73,Exchange
219,9,"""The neighbors"" (73)",Atticus Finch,Directed,1,73,Exchange
5,32,Scout Finch,Miss Rachel Haverford,Directed,1,73,Exchange
219,5,"""The neighbors"" (73)",Scout Finch,Directed,1,73,Exchange
9,8,Atticus Finch,Jem Finch,Directed,1,73,Exchange
9,219,Atticus Finch,"""The neighbors"" (73)",Directed,1,74,Exchange
5,78,Scout Finch,The Radley Place,Directed,1,74,Knows
5,10,Scout Finch,Boo Radley,Directed,1,74,Knows of
219,78,"""The neighbors"" (73)",The Radley Place,Directed,1,74,Knows
8,6,Jem Finch,Dill Harris,Directed,1,74,Exchange
8,32,Jem Finch,Miss Rachel Haverford,Directed,1,74,Exchange
5,219,Scout Finch,"""The neighbors"" (73)",Directed,1,74,Exchange
9,32,Atticus Finch,Miss Rachel Haverford,Directed,1,74,Exchange
5,47,Scout Finch,Mr. Radley,Directed,1,74,Knows of
8,219,Jem Finch,"""The neighbors"" (73)",Directed,1,74,Exchange
78,32,The Radley Place,Miss Rachel Haverford,Directed,1,74,Knows
9,8,Atticus Finch,Jem Finch,Directed,1,74,Exchange
47,78,Mr. Radley,The Radley Place,Directed,1,74,Knows
6,32,Dill Harris,Miss Rachel Haverford,Directed,1,74,Exchange
5,32,Scout Finch,Miss Rachel Haverford,Directed,1,74,Exchange
6,219,Dill Harris,"""The neighbors"" (73)",Directed,1,74,Exchange
8,9,Jem Finch,Atticus Finch,Directed,1,74,Exchange
78,47,The Radley Place,Mr. Radley,Directed,1,74,Knows
6,8,Dill Harris,Jem Finch,Directed,1,74,Exchange
5,8,Scout Finch,Jem Finch,Directed,1,74,Exchange
219,6,"""The neighbors"" (73)",Dill Harris,Directed,1,74,Exchange
32,5,Miss Rachel Haverford,Scout Finch,Directed,1,74,Exchange
9,6,Atticus Finch,Dill Harris,Directed,1,74,Exchange
6,5,Dill Harris,Scout Finch,Directed,1,74,Exchange
219,9,"""The neighbors"" (73)",Atticus Finch,Directed,1,74,Exchange
6,9,Dill Harris,Atticus Finch,Directed,1,74,Exchange
78,9,The Radley Place,Atticus Finch,Directed,1,74,Knows
219,8,"""The neighbors"" (73)",Jem Finch,Directed,1,74,Exchange
10,5,Boo Radley,Scout Finch,Directed,1,74,Knows of
32,8,Miss Rachel Haverford,Jem Finch,Directed,1,74,Exchange
32,6,Miss Rachel Haverford,Dill Harris,Directed,1,74,Exchange
32,9,Miss Rachel Haverford,Atticus Finch,Directed,1,74,Exchange
219,5,"""The neighbors"" (73)",Scout Finch,Directed,1,74,Exchange
78,219,The Radley Place,"""The neighbors"" (73)",Directed,1,74,Knows
8,5,Jem Finch,Scout Finch,Directed,1,74,Exchange
9,5,Atticus Finch,Scout Finch,Directed,1,74,Exchange
8,78,Jem Finch,The Radley Place,Directed,1,74,Knows
5,9,Scout Finch,Atticus Finch,Directed,1,74,Exchange
9,78,Atticus Finch,The Radley Place,Directed,1,74,Knows
32,78,Miss Rachel Haverford,The Radley Place,Directed,1,74,Knows
5,6,Scout Finch,Dill Harris,Directed,1,74,Exchange
6,78,Dill Harris,The Radley Place,Directed,1,74,Knows
5,51,Scout Finch,Miss Stephanie Crawford,Directed,1,75,Knows
8,47,Jem Finch,Mr. Radley,Directed,1,75,Knows
5,78,Scout Finch,The Radley Place,Directed,1,75,Knows
5,8,Scout Finch,Jem Finch,Directed,1,75,Exchange
8,5,Jem Finch,Scout Finch,Directed,1,75,Exchange
47,8,Mr. Radley,Jem Finch,Directed,1,75,Knows
5,6,Scout Finch,Dill Harris,Directed,1,75,Knows of
5,47,Scout Finch,Mr. Radley,Directed,1,75,Knows
8,78,Jem Finch,The Radley Place,Directed,1,75,Knows
6,78,Dill Harris,The Radley Place,Directed,1,75,Knows
51,5,Miss Stephanie Crawford,Scout Finch,Directed,1,75,Knows
47,5,Mr. Radley,Scout Finch,Directed,1,75,Knows
6,78,Dill Harris,The Radley Place,Directed,1,76,Knows
5,8,Scout Finch,Jem Finch,Directed,1,76,Exchange
5,6,Scout Finch,Dill Harris,Directed,1,76,Knows of
8,5,Jem Finch,Scout Finch,Directed,1,76,Exchange
8,78,Jem Finch,The Radley Place,Directed,1,76,Knows
5,78,Scout Finch,The Radley Place,Directed,1,76,Knows
5,62,Scout Finch,The first grade,Directed,1,77,Knows of
8,5,Jem Finch,Scout Finch,Directed,1,77,Exchange
5,8,Scout Finch,Jem Finch,Directed,1,77,Exchange
54,62,Miss Caroline Fisher,The first grade,Directed,1,77,Exchange
5,54,Scout Finch,Miss Caroline Fisher,Directed,1,77,Exchange
54,5,Miss Caroline Fisher,Scout Finch,Directed,1,77,Exchange
62,54,The first grade,Miss Caroline Fisher,Directed,1,77,Exchange
5,78,Scout Finch,The Radley Place,Directed,1,77,Knows
8,78,Jem Finch,The Radley Place,Directed,1,77,Knows
57,8,Walter Cunningham Jr.,Jem Finch,Directed,1,78,Knows
10,8,Boo Radley,Jem Finch,Directed,1,78,Exchange
57,5,Walter Cunningham Jr.,Scout Finch,Directed,1,78,Knows
5,10,Scout Finch,Boo Radley,Directed,1,78,Knows of
5,57,Scout Finch,Walter Cunningham Jr.,Directed,1,78,Knows
10,5,Boo Radley,Scout Finch,Directed,1,78,Exchange
8,57,Jem Finch,Walter Cunningham Jr.,Directed,1,78,Knows
5,8,Scout Finch,Jem Finch,Directed,1,78,Exchange
8,5,Jem Finch,Scout Finch,Directed,1,78,Exchange
5,10,Scout Finch,Boo Radley,Directed,1,79,Knows of
8,5,Jem Finch,Scout Finch,Directed,1,79,Exchange
10,8,Boo Radley,Jem Finch,Directed,1,79,Exchange
10,5,Boo Radley,Scout Finch,Directed,1,79,Exchange
9,5,Atticus Finch,Scout Finch,Directed,1,79,Exchange
5,9,Scout Finch,Atticus Finch,Directed,1,79,Exchange
5,8,Scout Finch,Jem Finch,Directed,1,79,Exchange
5,8,Scout Finch,Jem Finch,Directed,1,80,Exchange
10,5,Boo Radley,Scout Finch,Directed,1,80,Exchange
10,8,Boo Radley,Jem Finch,Directed,1,80,Exchange
5,85,Scout Finch,Mr. Avery,Directed,1,80,Knows
5,51,Scout Finch,Miss Stephanie Crawford,Directed,1,80,Knows
5,220,Scout Finch,"Miss Stephanie's ""sweetheart"" (80)",Directed,1,80,Knows
220,8,"Miss Stephanie's ""sweetheart"" (80)",Jem Finch,Directed,1,80,Knows
8,220,Jem Finch,"Miss Stephanie's ""sweetheart"" (80)",Directed,1,80,Knows
5,10,Scout Finch,Boo Radley,Directed,1,80,Knows of
8,5,Jem Finch,Scout Finch,Directed,1,80,Exchange
220,5,"Miss Stephanie's ""sweetheart"" (80)",Scout Finch,Directed,1,80,Knows
51,8,Miss Stephanie Crawford,Jem Finch,Directed,1,80,Knows
8,51,Jem Finch,Miss Stephanie Crawford,Directed,1,80,Knows
85,5,Mr. Avery,Scout Finch,Directed,1,80,Knows
8,85,Jem Finch,Mr. Avery,Directed,1,80,Knows
85,8,Mr. Avery,Jem Finch,Directed,1,80,Knows
51,5,Miss Stephanie Crawford,Scout Finch,Directed,1,80,Knows
9,8,Atticus Finch,Jem Finch,Directed,1,81,Exchange
5,9,Scout Finch,Atticus Finch,Directed,1,81,Exchange
8,78,Jem Finch,The Radley Place,Directed,1,81,Knows
5,8,Scout Finch,Jem Finch,Directed,1,81,Exchange
9,5,Atticus Finch,Scout Finch,Directed,1,81,Exchange
8,5,Jem Finch,Scout Finch,Directed,1,81,Exchange
8,9,Jem Finch,Atticus Finch,Directed,1,81,Exchange
5,78,Scout Finch,The Radley Place,Directed,1,81,Knows
5,9,Scout Finch,Atticus Finch,Directed,1,82,Knows
55,5,Miss Maudie Atkinson,Scout Finch,Directed,1,82,Knows
8,78,Jem Finch,The Radley Place,Directed,1,82,Knows
8,9,Jem Finch,Atticus Finch,Directed,1,82,Knows
5,8,Scout Finch,Jem Finch,Directed,1,82,Exchange
5,78,Scout Finch,The Radley Place,Directed,1,82,Knows
5,55,Scout Finch,Miss Maudie Atkinson,Directed,1,82,Knows
8,5,Jem Finch,Scout Finch,Directed,1,82,Exchange
9,8,Atticus Finch,Jem Finch,Directed,1,82,Knows
8,55,Jem Finch,Miss Maudie Atkinson,Directed,1,82,Knows
9,5,Atticus Finch,Scout Finch,Directed,1,82,Knows
55,8,Miss Maudie Atkinson,Jem Finch,Directed,1,82,Knows
47,5,Mr. Radley,Scout Finch,Directed,1,83,Exchange
8,78,Jem Finch,The Radley Place,Directed,1,83,Knows
9,5,Atticus Finch,Scout Finch,Directed,1,83,Exchange
47,8,Mr. Radley,Jem Finch,Directed,1,83,Exchange
8,9,Jem Finch,Atticus Finch,Directed,1,83,Exchange
5,8,Scout Finch,Jem Finch,Directed,1,83,Exchange
8,47,Jem Finch,Mr. Radley,Directed,1,83,Exchange
8,5,Jem Finch,Scout Finch,Directed,1,83,Exchange
9,8,Atticus Finch,Jem Finch,Directed,1,83,Exchange
5,78,Scout Finch,The Radley Place,Directed,1,83,Knows
5,47,Scout Finch,Mr. Radley,Directed,1,83,Exchange
5,9,Scout Finch,Atticus Finch,Directed,1,83,Exchange
8,47,Jem Finch,Mr. Radley,Directed,1,84,Knows
9,8,Atticus Finch,Jem Finch,Directed,1,84,Exchange
5,78,Scout Finch,The Radley Place,Directed,1,84,Knows
9,47,Atticus Finch,Mr. Radley,Directed,1,84,Knows
9,5,Atticus Finch,Scout Finch,Directed,1,84,Exchange
5,9,Scout Finch,Atticus Finch,Directed,1,84,Exchange
8,5,Jem Finch,Scout Finch,Directed,1,84,Exchange
47,5,Mr. Radley,Scout Finch,Directed,1,84,Knows
9,78,Atticus Finch,The Radley Place,Directed,1,84,Knows
47,9,Mr. Radley,Atticus Finch,Directed,1,84,Knows
5,8,Scout Finch,Jem Finch,Directed,1,84,Exchange
8,78,Jem Finch,The Radley Place,Directed,1,84,Knows
8,9,Jem Finch,Atticus Finch,Directed,1,84,Exchange
5,47,Scout Finch,Mr. Radley,Directed,1,84,Knows
5,85,Scout Finch,Mr. Avery,Directed,1,85,Exchange
10,45,Boo Radley,Mrs. Radley,Directed,1,85,Knows
9,5,Atticus Finch,Scout Finch,Directed,1,85,Exchange
8,5,Jem Finch,Scout Finch,Directed,1,85,Exchange
10,8,Boo Radley,Jem Finch,Directed,1,85,Knows of
45,5,Mrs. Radley,Scout Finch,Directed,1,85,Knows
8,10,Jem Finch,Boo Radley,Directed,1,85,Knows of
5,10,Scout Finch,Boo Radley,Directed,1,85,Knows of
5,9,Scout Finch,Atticus Finch,Directed,1,85,Exchange
8,45,Jem Finch,Mrs. Radley,Directed,1,85,Knows
45,8,Mrs. Radley,Jem Finch,Directed,1,85,Knows
9,8,Atticus Finch,Jem Finch,Directed,1,85,Exchange
10,5,Boo Radley,Scout Finch,Directed,1,85,Knows of
45,10,Mrs. Radley,Boo Radley,Directed,1,85,Knows
5,45,Scout Finch,Mrs. Radley,Directed,1,85,Knows
85,5,Mr. Avery,Scout Finch,Directed,1,85,Exchange
5,8,Scout Finch,Jem Finch,Directed,1,85,Exchange
8,9,Jem Finch,Atticus Finch,Directed,1,85,Exchange
9,201,Atticus Finch,Eula May,Directed,1,86,Exchange
60,5,Dr. Reynolds,Scout Finch,Directed,1,86,Knows
5,24,Scout Finch,Calpurnia,Directed,1,86,Exchange
9,24,Atticus Finch,Calpurnia,Directed,1,86,Exchange
9,8,Atticus Finch,Jem Finch,Directed,1,86,Exchange
8,201,Jem Finch,Eula May,Directed,1,86,Knows
201,60,Eula May,Dr. Reynolds,Directed,1,86,Knows
24,5,Calpurnia,Scout Finch,Directed,1,86,Exchange
201,8,Eula May,Jem Finch,Directed,1,86,Knows
201,5,Eula May,Scout Finch,Directed,1,86,Knows
5,9,Scout Finch,Atticus Finch,Directed,1,86,Exchange
8,5,Jem Finch,Scout Finch,Directed,1,86,Exchange
201,9,Eula May,Atticus Finch,Directed,1,86,Exchange
5,8,Scout Finch,Jem Finch,Directed,1,86,Exchange
8,9,Jem Finch,Atticus Finch,Directed,1,86,Exchange
5,60,Scout Finch,Dr. Reynolds,Directed,1,86,Knows
5,201,Scout Finch,Eula May,Directed,1,86,Knows
24,9,Calpurnia,Atticus Finch,Directed,1,86,Exchange
9,5,Atticus Finch,Scout Finch,Directed,1,86,Exchange
60,201,Dr. Reynolds,Eula May,Directed,1,86,Knows
9,8,Atticus Finch,Jem Finch,Directed,1,87,Exchange
8,55,Jem Finch,Miss Maudie Atkinson,Directed,1,87,Exchange
55,8,Miss Maudie Atkinson,Jem Finch,Directed,1,87,Exchange
85,8,Mr. Avery,Jem Finch,Directed,1,87,Exchange
5,9,Scout Finch,Atticus Finch,Directed,1,87,Exchange
5,85,Scout Finch,Mr. Avery,Directed,1,87,Exchange
85,5,Mr. Avery,Scout Finch,Directed,1,87,Exchange
8,9,Jem Finch,Atticus Finch,Directed,1,87,Exchange
5,8,Scout Finch,Jem Finch,Directed,1,87,Exchange
5,55,Scout Finch,Miss Maudie Atkinson,Directed,1,87,Exchange
8,85,Jem Finch,Mr. Avery,Directed,1,87,Exchange
9,5,Atticus Finch,Scout Finch,Directed,1,87,Exchange
8,5,Jem Finch,Scout Finch,Directed,1,87,Exchange
55,5,Miss Maudie Atkinson,Scout Finch,Directed,1,87,Exchange
5,8,Scout Finch,Jem Finch,Directed,1,88,Exchange
5,55,Scout Finch,Miss Maudie Atkinson,Directed,1,88,Exchange
55,5,Miss Maudie Atkinson,Scout Finch,Directed,1,88,Exchange
8,5,Jem Finch,Scout Finch,Directed,1,88,Exchange
8,55,Jem Finch,Miss Maudie Atkinson,Directed,1,88,Exchange
55,8,Miss Maudie Atkinson,Jem Finch,Directed,1,88,Exchange
9,8,Atticus Finch,Jem Finch,Directed,1,89,Exchange
5,51,Scout Finch,Miss Stephanie Crawford,Directed,1,89,Knows
5,9,Scout Finch,Atticus Finch,Directed,1,89,Exchange
51,5,Miss Stephanie Crawford,Scout Finch,Directed,1,89,Knows
85,8,Mr. Avery,Jem Finch,Directed,1,89,Knows
8,51,Jem Finch,Miss Stephanie Crawford,Directed,1,89,Knows
5,85,Scout Finch,Mr. Avery,Directed,1,89,Knows
8,5,Jem Finch,Scout Finch,Directed,1,89,Exchange
51,8,Miss Stephanie Crawford,Jem Finch,Directed,1,89,Knows
8,9,Jem Finch,Atticus Finch,Directed,1,89,Exchange
9,5,Atticus Finch,Scout Finch,Directed,1,89,Exchange
85,5,Mr. Avery,Scout Finch,Directed,1,89,Knows
5,8,Scout Finch,Jem Finch,Directed,1,89,Exchange
8,85,Jem Finch,Mr. Avery,Directed,1,89,Knows
8,5,Jem Finch,Scout Finch,Directed,1,90,Exchange
5,9,Scout Finch,Atticus Finch,Directed,1,90,Exchange
55,9,Miss Maudie Atkinson,Atticus Finch,Directed,1,90,Exchange
8,9,Jem Finch,Atticus Finch,Directed,1,90,Exchange
9,8,Atticus Finch,Jem Finch,Directed,1,90,Exchange
5,55,Scout Finch,Miss Maudie Atkinson,Directed,1,90,Exchange
8,55,Jem Finch,Miss Maudie Atkinson,Directed,1,90,Exchange
9,5,Atticus Finch,Scout Finch,Directed,1,90,Exchange
5,8,Scout Finch,Jem Finch,Directed,1,90,Exchange
55,5,Miss Maudie Atkinson,Scout Finch,Directed,1,90,Exchange
55,8,Miss Maudie Atkinson,Jem Finch,Directed,1,90,Exchange
9,55,Atticus Finch,Miss Maudie Atkinson,Directed,1,90,Exchange
5,8,Scout Finch,Jem Finch,Directed,1,91,Exchange
9,5,Atticus Finch,Scout Finch,Directed,1,91,Exchange
55,5,Miss Maudie Atkinson,Scout Finch,Directed,1,91,Exchange
5,24,Scout Finch,Calpurnia,Directed,1,91,Knows
5,55,Scout Finch,Miss Maudie Atkinson,Directed,1,91,Exchange
9,55,Atticus Finch,Miss Maudie Atkinson,Directed,1,91,Exchange
8,9,Jem Finch,Atticus Finch,Directed,1,91,Exchange
9,24,Atticus Finch,Calpurnia,Directed,1,91,Exchange
24,9,Calpurnia,Atticus Finch,Directed,1,91,Exchange
55,8,Miss Maudie Atkinson,Jem Finch,Directed,1,91,Exchange
55,9,Miss Maudie Atkinson,Atticus Finch,Directed,1,91,Exchange
9,8,Atticus Finch,Jem Finch,Directed,1,91,Exchange
5,9,Scout Finch,Atticus Finch,Directed,1,91,Exchange
8,55,Jem Finch,Miss Maudie Atkinson,Directed,1,91,Exchange
24,5,Calpurnia,Scout Finch,Directed,1,91,Knows
8,5,Jem Finch,Scout Finch,Directed,1,91,Exchange
8,9,Jem Finch,Atticus Finch,Directed,1,92,Exchange
5,221,Scout Finch,Men of Maycomb (92),Directed,1,92,Knows
5,8,Scout Finch,Jem Finch,Directed,1,92,Exchange
8,78,Jem Finch,The Radley Place,Directed,1,92,Knows of
5,9,Scout Finch,Atticus Finch,Directed,1,92,Exchange
221,5,Men of Maycomb (92),Scout Finch,Directed,1,92,Knows
221,55,Men of Maycomb (92),Miss Maudie Atkinson,Directed,1,92,Exchange
55,221,Miss Maudie Atkinson,Men of Maycomb (92),Directed,1,92,Exchange
55,8,Miss Maudie Atkinson,Jem Finch,Directed,1,92,Knows
55,9,Miss Maudie Atkinson,Atticus Finch,Directed,1,92,Exchange
8,55,Jem Finch,Miss Maudie Atkinson,Directed,1,92,Knows
55,5,Miss Maudie Atkinson,Scout Finch,Directed,1,92,Knows
9,55,Atticus Finch,Miss Maudie Atkinson,Directed,1,92,Exchange
5,78,Scout Finch,The Radley Place,Directed,1,92,Knows of
8,5,Jem Finch,Scout Finch,Directed,1,92,Exchange
5,55,Scout Finch,Miss Maudie Atkinson,Directed,1,92,Knows
9,5,Atticus Finch,Scout Finch,Directed,1,92,Exchange
9,8,Atticus Finch,Jem Finch,Directed,1,92,Exchange
9,78,Atticus Finch,The Radley Place,Directed,1,92,Knows of
55,85,Miss Maudie Atkinson,Mr. Avery,Directed,1,93,Knows
55,221,Miss Maudie Atkinson,Men of Maycomb (92),Directed,1,93,Exchange
5,32,Scout Finch,Miss Rachel Haverford,Directed,1,93,Knows
5,8,Scout Finch,Jem Finch,Directed,1,93,Exchange
8,5,Jem Finch,Scout Finch,Directed,1,93,Exchange
55,8,Miss Maudie Atkinson,Jem Finch,Directed,1,93,Knows
5,6,Scout Finch,Dill Harris,Directed,1,93,Knows
55,5,Miss Maudie Atkinson,Scout Finch,Directed,1,93,Knows
85,221,Mr. Avery,Men of Maycomb (92),Directed,1,93,Exchange
85,55,Mr. Avery,Miss Maudie Atkinson,Directed,1,93,Knows
55,9,Miss Maudie Atkinson,Atticus Finch,Directed,1,93,Exchange
9,5,Atticus Finch,Scout Finch,Directed,1,93,Exchange
9,55,Atticus Finch,Miss Maudie Atkinson,Directed,1,93,Exchange
221,85,Men of Maycomb (92),Mr. Avery,Directed,1,93,Exchange
5,9,Scout Finch,Atticus Finch,Directed,1,93,Exchange
5,55,Scout Finch,Miss Maudie Atkinson,Directed,1,93,Knows
6,5,Dill Harris,Scout Finch,Directed,1,93,Knows
5,221,Scout Finch,Men of Maycomb (92),Directed,1,93,Knows of
8,55,Jem Finch,Miss Maudie Atkinson,Directed,1,93,Knows
8,85,Jem Finch,Mr. Avery,Directed,1,93,Exchange
8,9,Jem Finch,Atticus Finch,Directed,1,93,Exchange
32,5,Miss Rachel Haverford,Scout Finch,Directed,1,93,Knows
5,53,Scout Finch,Tom Swift,Directed,1,93,Knows of
221,55,Men of Maycomb (92),Miss Maudie Atkinson,Directed,1,93,Exchange
8,53,Jem Finch,Tom Swift,Directed,1,93,Knows of
9,8,Atticus Finch,Jem Finch,Directed,1,93,Exchange
5,85,Scout Finch,Mr. Avery,Directed,1,93,Exchange
55,8,Miss Maudie Atkinson,Jem Finch,Directed,1,94,Knows
32,5,Miss Rachel Haverford,Scout Finch,Directed,1,94,Knows
9,55,Atticus Finch,Miss Maudie Atkinson,Directed,1,94,Exchange
5,32,Scout Finch,Miss Rachel Haverford,Directed,1,94,Knows
51,5,Miss Stephanie Crawford,Scout Finch,Directed,1,94,Knows
5,51,Scout Finch,Miss Stephanie Crawford,Directed,1,94,Knows
5,55,Scout Finch,Miss Maudie Atkinson,Directed,1,94,Knows
5,8,Scout Finch,Jem Finch,Directed,1,94,Exchange
8,32,Jem Finch,Miss Rachel Haverford,Directed,1,94,Knows
8,5,Jem Finch,Scout Finch,Directed,1,94,Exchange
55,9,Miss Maudie Atkinson,Atticus Finch,Directed,1,94,Exchange
55,5,Miss Maudie Atkinson,Scout Finch,Directed,1,94,Knows
32,8,Miss Rachel Haverford,Jem Finch,Directed,1,94,Knows
8,55,Jem Finch,Miss Maudie Atkinson,Directed,1,94,Knows
5,9,Scout Finch,Atticus Finch,Directed,1,94,Knows of
221,9,Men of Maycomb (92),Atticus Finch,Directed,1,95,Knows
9,8,Atticus Finch,Jem Finch,Directed,1,95,Exchange
51,5,Miss Stephanie Crawford,Scout Finch,Directed,1,95,Knows
9,221,Atticus Finch,Men of Maycomb (92),Directed,1,95,Knows
5,9,Scout Finch,Atticus Finch,Directed,1,95,Exchange
8,221,Jem Finch,Men of Maycomb (92),Directed,1,95,Knows of
47,9,Mr. Radley,Atticus Finch,Directed,1,95,Knows
5,47,Scout Finch,Mr. Radley,Directed,1,95,Knows
5,8,Scout Finch,Jem Finch,Directed,1,95,Exchange
8,5,Jem Finch,Scout Finch,Directed,1,95,Exchange
55,9,Miss Maudie Atkinson,Atticus Finch,Directed,1,95,Exchange
5,55,Scout Finch,Miss Maudie Atkinson,Directed,1,95,Knows
9,47,Atticus Finch,Mr. Radley,Directed,1,95,Knows
8,9,Jem Finch,Atticus Finch,Directed,1,95,Exchange
47,5,Mr. Radley,Scout Finch,Directed,1,95,Knows
55,5,Miss Maudie Atkinson,Scout Finch,Directed,1,95,Knows
9,5,Atticus Finch,Scout Finch,Directed,1,95,Exchange
5,221,Scout Finch,Men of Maycomb (92),Directed,1,95,Knows of
9,55,Atticus Finch,Miss Maudie Atkinson,Directed,1,95,Exchange
5,51,Scout Finch,Miss Stephanie Crawford,Directed,1,95,Knows
8,47,Jem Finch,Mr. Radley,Directed,1,95,Knows
47,8,Mr. Radley,Jem Finch,Directed,1,95,Knows
221,8,Men of Maycomb (92),Jem Finch,Directed,1,95,Knows of
8,47,Jem Finch,Mr. Radley,Directed,1,96,Knows
8,5,Jem Finch,Scout Finch,Directed,1,96,Exchange
8,9,Jem Finch,Atticus Finch,Directed,1,96,Exchange
8,0,Jem Finch,[NULL],Directed,1,96,Knows of
47,9,Mr. Radley,Atticus Finch,Directed,1,96,Knows
47,5,Mr. Radley,Scout Finch,Directed,1,96,Knows
5,8,Scout Finch,Jem Finch,Directed,1,96,Exchange
5,9,Scout Finch,Atticus Finch,Directed,1,96,Exchange
5,24,Scout Finch,Calpurnia,Directed,1,96,Exchange
47,8,Mr. Radley,Jem Finch,Directed,1,96,Knows
5,47,Scout Finch,Mr. Radley,Directed,1,96,Knows
5,10,Scout Finch,Boo Radley,Directed,1,96,Knows of
5,0,Scout Finch,[NULL],Directed,1,96,Knows of
8,24,Jem Finch,Calpurnia,Directed,1,96,Exchange
0,8,[NULL],Jem Finch,Directed,1,96,Knows of
10,5,Boo Radley,Scout Finch,Directed,1,96,Exchange
9,47,Atticus Finch,Mr. Radley,Directed,1,96,Knows
9,10,Atticus Finch,Boo Radley,Directed,1,96,Knows
24,5,Calpurnia,Scout Finch,Directed,1,96,Exchange
24,8,Calpurnia,Jem Finch,Directed,1,96,Exchange
9,8,Atticus Finch,Jem Finch,Directed,1,96,Exchange
9,5,Atticus Finch,Scout Finch,Directed,1,96,Exchange
10,9,Boo Radley,Atticus Finch,Directed,1,96,Knows
8,5,Jem Finch,Scout Finch,Directed,1,97,Exchange
55,8,Miss Maudie Atkinson,Jem Finch,Directed,1,97,Exchange
5,55,Scout Finch,Miss Maudie Atkinson,Directed,1,97,Exchange
5,8,Scout Finch,Jem Finch,Directed,1,97,Exchange
55,5,Miss Maudie Atkinson,Scout Finch,Directed,1,97,Exchange
8,55,Jem Finch,Miss Maudie Atkinson,Directed,1,97,Exchange
55,85,Miss Maudie Atkinson,Mr. Avery,Directed,1,98,Knows
8,5,Jem Finch,Scout Finch,Directed,1,98,Exchange
8,85,Jem Finch,Mr. Avery,Directed,1,98,Knows
5,8,Scout Finch,Jem Finch,Directed,1,98,Exchange
8,55,Jem Finch,Miss Maudie Atkinson,Directed,1,98,Exchange
85,5,Mr. Avery,Scout Finch,Directed,1,98,Knows
85,55,Mr. Avery,Miss Maudie Atkinson,Directed,1,98,Knows
85,8,Mr. Avery,Jem Finch,Directed,1,98,Knows
8,51,Jem Finch,Miss Stephanie Crawford,Directed,1,98,Knows
5,85,Scout Finch,Mr. Avery,Directed,1,98,Knows
55,51,Miss Maudie Atkinson,Miss Stephanie Crawford,Directed,1,98,Knows
5,55,Scout Finch,Miss Maudie Atkinson,Directed,1,98,Exchange
55,5,Miss Maudie Atkinson,Scout Finch,Directed,1,98,Exchange
55,8,Miss Maudie Atkinson,Jem Finch,Directed,1,98,Exchange
51,55,Miss Stephanie Crawford,Miss Maudie Atkinson,Directed,1,98,Knows
51,5,Miss Stephanie Crawford,Scout Finch,Directed,1,98,Knows
5,51,Scout Finch,Miss Stephanie Crawford,Directed,1,98,Knows
51,8,Miss Stephanie Crawford,Jem Finch,Directed,1,98,Knows
5,8,Scout Finch,Jem Finch,Directed,1,99,Exchange
80,9,Tom Robinson,Atticus Finch,Directed,1,99,Knows
9,80,Atticus Finch,Tom Robinson,Directed,1,99,Knows
172,5,Cecil Jacobs,Scout Finch,Directed,1,99,Exchange
5,80,Scout Finch,Tom Robinson,Directed,1,99,Knows of
5,172,Scout Finch,Cecil Jacobs,Directed,1,99,Exchange
8,5,Jem Finch,Scout Finch,Directed,1,99,Exchange
9,5,Atticus Finch,Scout Finch,Directed,1,99,Exchange
5,9,Scout Finch,Atticus Finch,Directed,1,99,Exchange
5,9,Scout Finch,Atticus Finch,Directed,1,100,Exchange
5,222,Scout Finch,Tom Robinson's Family,Directed,1,100,Knows of
9,80,Atticus Finch,Tom Robinson,Directed,1,100,Knows
9,5,Atticus Finch,Scout Finch,Directed,1,100,Exchange
5,79,Scout Finch,Tom Robinson's Trial,Directed,1,100,Knows of
24,5,Calpurnia,Scout Finch,Directed,1,100,Knows
9,79,Atticus Finch,Tom Robinson's Trial,Directed,1,100,Knows of
125,9,Judge Taylor,Atticus Finch,Directed,1,100,Knows
80,9,Tom Robinson,Atticus Finch,Directed,1,100,Knows
125,5,Judge Taylor,Scout Finch,Directed,1,100,Knows
24,9,Calpurnia,Atticus Finch,Directed,1,100,Knows
222,80,Tom Robinson's Family,Tom Robinson,Directed,1,100,Knows
222,24,Tom Robinson's Family,Calpurnia,Directed,1,100,Knows
125,80,Judge Taylor,Tom Robinson,Directed,1,100,Knows
24,222,Calpurnia,Tom Robinson's Family,Directed,1,100,Knows
80,125,Tom Robinson,Judge Taylor,Directed,1,100,Knows
80,222,Tom Robinson,Tom Robinson's Family,Directed,1,100,Knows
24,80,Calpurnia,Tom Robinson,Directed,1,100,Knows
222,9,Tom Robinson's Family,Atticus Finch,Directed,1,100,Knows
9,222,Atticus Finch,Tom Robinson's Family,Directed,1,100,Knows
80,24,Tom Robinson,Calpurnia,Directed,1,100,Knows
5,24,Scout Finch,Calpurnia,Directed,1,100,Knows
5,80,Scout Finch,Tom Robinson,Directed,1,100,Knows of
8,5,Jem Finch,Scout Finch,Directed,1,100,Knows
9,24,Atticus Finch,Calpurnia,Directed,1,100,Knows
9,125,Atticus Finch,Judge Taylor,Directed,1,100,Knows
8,9,Jem Finch,Atticus Finch,Directed,1,100,Knows
5,8,Scout Finch,Jem Finch,Directed,1,100,Knows
9,8,Atticus Finch,Jem Finch,Directed,1,100,Knows
5,125,Scout Finch,Judge Taylor,Directed,1,100,Knows
9,80,Atticus Finch,Tom Robinson,Directed,1,101,Knows
223,5,Cousin Ike Finch,Scout Finch,Directed,1,101,Exchange
8,224,Jem Finch,Stonewall Jackson,Directed,1,101,Knows of
5,9,Scout Finch,Atticus Finch,Directed,1,101,Exchange
5,224,Scout Finch,Stonewall Jackson,Directed,1,101,Knows of
9,224,Atticus Finch,Stonewall Jackson,Directed,1,101,Knows of
80,9,Tom Robinson,Atticus Finch,Directed,1,101,Knows
8,223,Jem Finch,Cousin Ike Finch,Directed,1,101,Knows
5,223,Scout Finch,Cousin Ike Finch,Directed,1,101,Exchange
223,9,Cousin Ike Finch,Atticus Finch,Directed,1,101,Exchange
9,223,Atticus Finch,Cousin Ike Finch,Directed,1,101,Exchange
5,8,Scout Finch,Jem Finch,Directed,1,101,Knows of
9,5,Atticus Finch,Scout Finch,Directed,1,101,Exchange
223,224,Cousin Ike Finch,Stonewall Jackson,Directed,1,101,Knows of
223,8,Cousin Ike Finch,Jem Finch,Directed,1,101,Knows
5,80,Scout Finch,Tom Robinson,Directed,1,101,Knows of
5,22,Scout Finch,"John Hale ""Jack"" Finch",Directed,1,102,Knows
22,5,"John Hale ""Jack"" Finch",Scout Finch,Directed,1,102,Knows
5,23,Scout Finch,Jimmy Hancock,Directed,1,102,Knows
23,226,Jimmy Hancock,Henry Hancock,Directed,1,102,Knows
7,226,Alexandra Finch,Henry Hancock,Directed,1,102,Knows
7,225,Alexandra Finch,Francis Hancock,Directed,1,102,Knows
5,8,Scout Finch,Jem Finch,Directed,1,102,Knows of
23,5,Jimmy Hancock,Scout Finch,Directed,1,102,Knows
5,9,Scout Finch,Atticus Finch,Directed,1,102,Knows
7,5,Alexandra Finch,Scout Finch,Directed,1,102,Knows
7,23,Alexandra Finch,Jimmy Hancock,Directed,1,102,Knows
225,7,Francis Hancock,Alexandra Finch,Directed,1,102,Knows
225,226,Francis Hancock,Henry Hancock,Directed,1,102,Knows
226,5,Henry Hancock,Scout Finch,Directed,1,102,Knows
225,5,Francis Hancock,Scout Finch,Directed,1,102,Knows
5,225,Scout Finch,Francis Hancock,Directed,1,102,Knows
9,5,Atticus Finch,Scout Finch,Directed,1,102,Knows
23,7,Jimmy Hancock,Alexandra Finch,Directed,1,102,Knows
226,23,Henry Hancock,Jimmy Hancock,Directed,1,102,Knows
9,8,Atticus Finch,Jem Finch,Directed,1,102,Knows
5,172,Scout Finch,Cecil Jacobs,Directed,1,102,Exchange
226,225,Henry Hancock,Francis Hancock,Directed,1,102,Knows
5,226,Scout Finch,Henry Hancock,Directed,1,102,Knows
226,7,Henry Hancock,Alexandra Finch,Directed,1,102,Knows
172,5,Cecil Jacobs,Scout Finch,Directed,1,102,Exchange
8,9,Jem Finch,Atticus Finch,Directed,1,102,Knows
5,7,Scout Finch,Alexandra Finch,Directed,1,102,Knows
5,22,Scout Finch,"John Hale ""Jack"" Finch",Directed,1,103,Knows
7,225,Alexandra Finch,Francis Hancock,Directed,1,103,Knows
225,226,Francis Hancock,Henry Hancock,Directed,1,103,Knows
7,226,Alexandra Finch,Henry Hancock,Directed,1,103,Knows
22,5,"John Hale ""Jack"" Finch",Scout Finch,Directed,1,103,Knows
5,23,Scout Finch,Jimmy Hancock,Directed,1,103,Knows
225,7,Francis Hancock,Alexandra Finch,Directed,1,103,Knows
23,226,Jimmy Hancock,Henry Hancock,Directed,1,103,Knows
5,225,Scout Finch,Francis Hancock,Directed,1,103,Knows of
5,226,Scout Finch,Henry Hancock,Directed,1,103,Knows
5,7,Scout Finch,Alexandra Finch,Directed,1,103,Knows
23,5,Jimmy Hancock,Scout Finch,Directed,1,103,Knows
7,5,Alexandra Finch,Scout Finch,Directed,1,103,Knows
226,7,Henry Hancock,Alexandra Finch,Directed,1,103,Knows
226,23,Henry Hancock,Jimmy Hancock,Directed,1,103,Knows
226,5,Henry Hancock,Scout Finch,Directed,1,103,Knows
226,225,Henry Hancock,Francis Hancock,Directed,1,103,Knows
22,9,"John Hale ""Jack"" Finch",Atticus Finch,Directed,1,104,Exchange
22,5,"John Hale ""Jack"" Finch",Scout Finch,Directed,1,104,Exchange
9,5,Atticus Finch,Scout Finch,Directed,1,104,Exchange
9,22,Atticus Finch,"John Hale ""Jack"" Finch",Directed,1,104,Exchange
5,9,Scout Finch,Atticus Finch,Directed,1,104,Exchange
5,22,Scout Finch,"John Hale ""Jack"" Finch",Directed,1,104,Exchange
9,5,Atticus Finch,Scout Finch,Directed,1,105,Exchange
5,29,Scout Finch,Mother (of Scout and Jem),Directed,1,105,Knows
9,22,Atticus Finch,"John Hale ""Jack"" Finch",Directed,1,105,Exchange
29,22,Mother (of Scout and Jem),"John Hale ""Jack"" Finch",Directed,1,105,Knows
29,5,Mother (of Scout and Jem),Scout Finch,Directed,1,105,Knows
5,22,Scout Finch,"John Hale ""Jack"" Finch",Directed,1,105,Exchange
8,5,Jem Finch,Scout Finch,Directed,1,105,Exchange
5,9,Scout Finch,Atticus Finch,Directed,1,105,Exchange
22,29,"John Hale ""Jack"" Finch",Mother (of Scout and Jem),Directed,1,105,Knows
22,8,"John Hale ""Jack"" Finch",Jem Finch,Directed,1,105,Exchange
8,22,Jem Finch,"John Hale ""Jack"" Finch",Directed,1,105,Exchange
5,8,Scout Finch,Jem Finch,Directed,1,105,Exchange
22,5,"John Hale ""Jack"" Finch",Scout Finch,Directed,1,105,Exchange
22,9,"John Hale ""Jack"" Finch",Atticus Finch,Directed,1,105,Exchange
5,9,Scout Finch,Atticus Finch,Directed,1,106,Exchange
5,22,Scout Finch,"John Hale ""Jack"" Finch",Directed,1,106,Knows of
9,22,Atticus Finch,"John Hale ""Jack"" Finch",Directed,1,106,Exchange
22,9,"John Hale ""Jack"" Finch",Atticus Finch,Directed,1,106,Exchange
9,5,Atticus Finch,Scout Finch,Directed,1,106,Exchange
8,5,Jem Finch,Scout Finch,Directed,1,193,Knows
6,9,Dill Harris,Atticus Finch,Directed,1,193,Knows
8,9,Jem Finch,Atticus Finch,Directed,1,193,Exchange
8,6,Jem Finch,Dill Harris,Directed,1,193,Knows
6,5,Dill Harris,Scout Finch,Directed,1,193,Knows
10,5,Boo Radley,Scout Finch,Directed,1,193,Knows
8,11,Jem Finch,Heck Tate,Directed,1,193,Exchange
6,7,Dill Harris,Alexandra Finch,Directed,1,193,Knows
6,10,Dill Harris,Boo Radley,Directed,1,193,Knows
6,8,Dill Harris,Jem Finch,Directed,1,193,Knows
8,7,Jem Finch,Alexandra Finch,Directed,1,193,Knows
5,10,Scout Finch,Boo Radley,Directed,1,193,Knows
7,5,Alexandra Finch,Scout Finch,Directed,1,193,Knows
11,8,Heck Tate,Jem Finch,Directed,1,193,Exchange
5,7,Scout Finch,Alexandra Finch,Directed,1,193,Knows
10,6,Boo Radley,Dill Harris,Directed,1,193,Knows
9,5,Atticus Finch,Scout Finch,Directed,1,193,Exchange
7,9,Alexandra Finch,Atticus Finch,Directed,1,193,Knows
7,8,Alexandra Finch,Jem Finch,Directed,1,193,Knows
5,6,Scout Finch,Dill Harris,Directed,1,193,Knows
7,6,Alexandra Finch,Dill Harris,Directed,1,193,Knows
9,7,Atticus Finch,Alexandra Finch,Directed,1,193,Knows
5,11,Scout Finch,Heck Tate,Directed,1,193,Knows of
5,9,Scout Finch,Atticus Finch,Directed,1,193,Exchange
9,6,Atticus Finch,Dill Harris,Directed,1,193,Knows
9,8,Atticus Finch,Jem Finch,Directed,1,193,Exchange
5,8,Scout Finch,Jem Finch,Directed,1,193,Knows
83,9,"""[S]omeone""",Atticus Finch,Directed,1,194,Exchange
5,9,Scout Finch,Atticus Finch,Directed,1,194,Knows of
9,80,Atticus Finch,Tom Robinson,Directed,1,194,Knows
6,5,Dill Harris,Scout Finch,Directed,1,194,Knows
5,81,Scout Finch,Link Deas,Directed,1,194,Knows of
11,9,Heck Tate,Atticus Finch,Directed,1,194,Exchange
9,11,Atticus Finch,Heck Tate,Directed,1,194,Exchange
5,11,Scout Finch,Heck Tate,Directed,1,194,Exchange
9,82,Atticus Finch,Old Sarum Bunch,Directed,1,194,Knows
5,82,Scout Finch,Old Sarum Bunch,Directed,1,194,Knows of
5,8,Scout Finch,Jem Finch,Directed,1,194,Knows of
9,81,Atticus Finch,Link Deas,Directed,1,194,Exchange
5,80,Scout Finch,Tom Robinson,Directed,1,194,Knows of
5,79,Scout Finch,Tom Robinson's Trial,Directed,1,194,Knows of
5,6,Scout Finch,Dill Harris,Directed,1,194,Knows
79,9,Tom Robinson's Trial,Atticus Finch,Directed,1,194,Knows
9,79,Atticus Finch,Tom Robinson's Trial,Directed,1,194,Knows
11,81,Heck Tate,Link Deas,Directed,1,194,Exchange
81,82,Link Deas,Old Sarum Bunch,Directed,1,194,Knows
80,9,Tom Robinson,Atticus Finch,Directed,1,194,Knows
11,5,Heck Tate,Scout Finch,Directed,1,194,Exchange
82,9,Old Sarum Bunch,Atticus Finch,Directed,1,194,Knows
7,8,Alexandra Finch,Jem Finch,Directed,1,194,Exchange
81,9,Link Deas,Atticus Finch,Directed,1,194,Exchange
8,7,Jem Finch,Alexandra Finch,Directed,1,194,Exchange
82,81,Old Sarum Bunch,Link Deas,Directed,1,194,Knows
5,83,Scout Finch,"""[S]omeone""",Directed,1,194,Knows of
5,7,Scout Finch,Alexandra Finch,Directed,1,194,Knows of
11,80,Heck Tate,Tom Robinson,Directed,1,194,Knows
80,11,Tom Robinson,Heck Tate,Directed,1,194,Knows
9,83,Atticus Finch,"""[S]omeone""",Directed,1,194,Exchange
81,11,Link Deas,Heck Tate,Directed,1,194,Exchange
8,84,Jem Finch,Henry W. Grady,Directed,1,195,Knows of
85,81,Mr. Avery,Link Deas,Directed,1,195,Knows
85,11,Mr. Avery,Heck Tate,Directed,1,195,Knows
85,60,Mr. Avery,Dr. Reynolds,Directed,1,195,Knows
8,9,Jem Finch,Atticus Finch,Directed,1,195,Exchange
5,85,Scout Finch,Mr. Avery,Directed,1,195,Knows of
9,84,Atticus Finch,Henry W. Grady,Directed,1,195,Knows of
60,11,Dr. Reynolds,Heck Tate,Directed,1,195,Knows
60,81,Dr. Reynolds,Link Deas,Directed,1,195,Knows
60,85,Dr. Reynolds,Mr. Avery,Directed,1,195,Knows
8,7,Jem Finch,Alexandra Finch,Directed,1,195,Exchange
5,81,Scout Finch,Link Deas,Directed,1,195,Exchange
81,5,Link Deas,Scout Finch,Directed,1,195,Exchange
5,84,Scout Finch,Henry W. Grady,Directed,1,195,Knows of
81,85,Link Deas,Mr. Avery,Directed,1,195,Knows
81,11,Link Deas,Heck Tate,Directed,1,195,Knows
9,81,Atticus Finch,Link Deas,Directed,1,195,Exchange
5,11,Scout Finch,Heck Tate,Directed,1,195,Knows of
81,60,Link Deas,Dr. Reynolds,Directed,1,195,Knows
81,9,Link Deas,Atticus Finch,Directed,1,195,Exchange
5,60,Scout Finch,Dr. Reynolds,Directed,1,195,Knows of
80,9,Tom Robinson,Atticus Finch,Directed,1,195,Knows
5,80,Scout Finch,Tom Robinson,Directed,1,195,Knows of
8,5,Jem Finch,Scout Finch,Directed,1,195,Exchange
9,5,Atticus Finch,Scout Finch,Directed,1,195,Exchange
5,7,Scout Finch,Alexandra Finch,Directed,1,195,Knows of
9,80,Atticus Finch,Tom Robinson,Directed,1,195,Knows
5,9,Scout Finch,Atticus Finch,Directed,1,195,Exchange
5,8,Scout Finch,Jem Finch,Directed,1,195,Exchange
7,8,Alexandra Finch,Jem Finch,Directed,1,195,Exchange
9,8,Atticus Finch,Jem Finch,Directed,1,195,Exchange
11,60,Heck Tate,Dr. Reynolds,Directed,1,195,Knows
11,81,Heck Tate,Link Deas,Directed,1,195,Knows
11,85,Heck Tate,Mr. Avery,Directed,1,195,Knows
9,85,Atticus Finch,Mr. Avery,Directed,1,196,Knows
9,81,Atticus Finch,Link Deas,Directed,1,196,Knows
9,86,Atticus Finch,Ku Klux Klan,Directed,1,196,Knows of
8,85,Jem Finch,Mr. Avery,Directed,1,196,Knows
5,8,Scout Finch,Jem Finch,Directed,1,196,Exchange
9,60,Atticus Finch,Dr. Reynolds,Directed,1,196,Knows
11,8,Heck Tate,Jem Finch,Directed,1,196,Knows
11,9,Heck Tate,Atticus Finch,Directed,1,196,Knows
5,9,Scout Finch,Atticus Finch,Directed,1,196,Exchange
5,86,Scout Finch,Ku Klux Klan,Directed,1,196,Knows of
8,9,Jem Finch,Atticus Finch,Directed,1,196,Exchange
5,81,Scout Finch,Link Deas,Directed,1,196,Knows of
60,9,Dr. Reynolds,Atticus Finch,Directed,1,196,Knows
81,8,Link Deas,Jem Finch,Directed,1,196,Knows
9,11,Atticus Finch,Heck Tate,Directed,1,196,Knows
5,87,Scout Finch,Sam Levy,Directed,1,196,Knows of
85,8,Mr. Avery,Jem Finch,Directed,1,196,Knows
5,7,Scout Finch,Alexandra Finch,Directed,1,196,Knows of
9,5,Atticus Finch,Scout Finch,Directed,1,196,Exchange
85,9,Mr. Avery,Atticus Finch,Directed,1,196,Knows
8,81,Jem Finch,Link Deas,Directed,1,196,Knows
9,87,Atticus Finch,Sam Levy,Directed,1,196,Knows of
7,9,Alexandra Finch,Atticus Finch,Directed,1,196,Exchange
8,5,Jem Finch,Scout Finch,Directed,1,196,Exchange
8,11,Jem Finch,Heck Tate,Directed,1,196,Knows
5,6,Scout Finch,Dill Harris,Directed,1,196,Knows
8,60,Jem Finch,Dr. Reynolds,Directed,1,196,Knows
5,60,Scout Finch,Dr. Reynolds,Directed,1,196,Knows of
88,5,The Levy family,Scout Finch,Directed,1,196,Knows
9,7,Atticus Finch,Alexandra Finch,Directed,1,196,Exchange
5,11,Scout Finch,Heck Tate,Directed,1,196,Knows of
6,5,Dill Harris,Scout Finch,Directed,1,196,Knows
5,88,Scout Finch,The Levy family,Directed,1,196,Knows
81,9,Link Deas,Atticus Finch,Directed,1,196,Knows
60,8,Dr. Reynolds,Jem Finch,Directed,1,196,Knows
87,86,Sam Levy,Ku Klux Klan,Directed,1,196,Exchange
9,8,Atticus Finch,Jem Finch,Directed,1,196,Exchange
86,87,Ku Klux Klan,Sam Levy,Directed,1,196,Exchange
5,85,Scout Finch,Mr. Avery,Directed,1,196,Knows of
5,7,Scout Finch,Alexandra Finch,Directed,1,197,Knows of
8,9,Jem Finch,Atticus Finch,Directed,1,197,Knows
5,80,Scout Finch,Tom Robinson,Directed,1,197,Knows of
89,11,Mr. Underwood,Heck Tate,Directed,1,197,Knows
9,8,Atticus Finch,Jem Finch,Directed,1,197,Knows
9,19,Atticus Finch,God,Directed,1,197,Knows
5,8,Scout Finch,Jem Finch,Directed,1,197,Exchange
5,9,Scout Finch,Atticus Finch,Directed,1,197,Exchange
5,11,Scout Finch,Heck Tate,Directed,1,197,Knows of
8,80,Jem Finch,Tom Robinson,Directed,1,197,Knows of
7,9,Alexandra Finch,Atticus Finch,Directed,1,197,Exchange
11,9,Heck Tate,Atticus Finch,Directed,1,197,Knows
9,80,Atticus Finch,Tom Robinson,Directed,1,197,Knows
9,11,Atticus Finch,Heck Tate,Directed,1,197,Knows
5,19,Scout Finch,God,Directed,1,197,Knows of
8,5,Jem Finch,Scout Finch,Directed,1,197,Exchange
5,89,Scout Finch,Mr. Underwood,Directed,1,197,Knows of
9,7,Atticus Finch,Alexandra Finch,Directed,1,197,Exchange
7,8,Alexandra Finch,Jem Finch,Directed,1,197,Knows
8,7,Jem Finch,Alexandra Finch,Directed,1,197,Knows
19,9,God,Atticus Finch,Directed,1,197,Knows
7,80,Alexandra Finch,Tom Robinson,Directed,1,197,Knows of
9,89,Atticus Finch,Mr. Underwood,Directed,1,197,Knows
89,9,Mr. Underwood,Atticus Finch,Directed,1,197,Knows
9,5,Atticus Finch,Scout Finch,Directed,1,197,Exchange
80,9,Tom Robinson,Atticus Finch,Directed,1,197,Knows
11,89,Heck Tate,Mr. Underwood,Directed,1,197,Knows
7,6,Alexandra Finch,Dill Harris,Directed,1,198,Knows
6,10,Dill Harris,Boo Radley,Directed,1,198,Knows of
9,6,Atticus Finch,Dill Harris,Directed,1,198,Knows
6,7,Dill Harris,Alexandra Finch,Directed,1,198,Knows
6,5,Dill Harris,Scout Finch,Directed,1,198,Exchange
8,5,Jem Finch,Scout Finch,Directed,1,198,Exchange
5,6,Scout Finch,Dill Harris,Directed,1,198,Exchange
7,8,Alexandra Finch,Jem Finch,Directed,1,198,Knows
8,6,Jem Finch,Dill Harris,Directed,1,198,Knows
5,7,Scout Finch,Alexandra Finch,Directed,1,198,Knows of
7,9,Alexandra Finch,Atticus Finch,Directed,1,198,Knows
6,9,Dill Harris,Atticus Finch,Directed,1,198,Knows
5,10,Scout Finch,Boo Radley,Directed,1,198,Knows of
9,5,Atticus Finch,Scout Finch,Directed,1,198,Exchange
6,8,Dill Harris,Jem Finch,Directed,1,198,Knows
5,8,Scout Finch,Jem Finch,Directed,1,198,Exchange
9,8,Atticus Finch,Jem Finch,Directed,1,198,Exchange
10,6,Boo Radley,Dill Harris,Directed,1,198,Knows of
8,7,Jem Finch,Alexandra Finch,Directed,1,198,Knows
9,7,Atticus Finch,Alexandra Finch,Directed,1,198,Knows
5,9,Scout Finch,Atticus Finch,Directed,1,198,Exchange
8,9,Jem Finch,Atticus Finch,Directed,1,198,Exchange
10,5,Boo Radley,Scout Finch,Directed,1,198,Knows of
8,5,Jem Finch,Scout Finch,Directed,1,199,Exchange
7,8,Alexandra Finch,Jem Finch,Directed,1,199,Knows
30,8,Mrs. Dubose,Jem Finch,Directed,1,199,Knows
5,8,Scout Finch,Jem Finch,Directed,1,199,Exchange
5,24,Scout Finch,Calpurnia,Directed,1,199,Knows
24,5,Calpurnia,Scout Finch,Directed,1,199,Knows
5,30,Scout Finch,Mrs. Dubose,Directed,1,199,Knows of
8,6,Jem Finch,Dill Harris,Directed,1,199,Exchange
5,7,Scout Finch,Alexandra Finch,Directed,1,199,Exchange
8,24,Jem Finch,Calpurnia,Directed,1,199,Knows
6,5,Dill Harris,Scout Finch,Directed,1,199,Exchange
7,5,Alexandra Finch,Scout Finch,Directed,1,199,Exchange
8,30,Jem Finch,Mrs. Dubose,Directed,1,199,Knows
30,6,Mrs. Dubose,Dill Harris,Directed,1,199,Knows
5,6,Scout Finch,Dill Harris,Directed,1,199,Exchange
24,8,Calpurnia,Jem Finch,Directed,1,199,Knows
8,7,Jem Finch,Alexandra Finch,Directed,1,199,Knows
6,8,Dill Harris,Jem Finch,Directed,1,199,Exchange
6,30,Dill Harris,Mrs. Dubose,Directed,1,199,Knows
6,8,Dill Harris,Jem Finch,Directed,1,200,Exchange
9,90,Atticus Finch,Cousin Joshua St. Clair,Directed,1,200,Knows
8,5,Jem Finch,Scout Finch,Directed,1,200,Exchange
89,9,Mr. Underwood,Atticus Finch,Directed,1,200,Knows
5,8,Scout Finch,Jem Finch,Directed,1,200,Exchange
9,8,Atticus Finch,Jem Finch,Directed,1,200,Knows
8,89,Jem Finch,Mr. Underwood,Directed,1,200,Knows
9,5,Atticus Finch,Scout Finch,Directed,1,200,Exchange
5,90,Scout Finch,Cousin Joshua St. Clair,Directed,1,200,Knows of
5,9,Scout Finch,Atticus Finch,Directed,1,200,Exchange
5,6,Scout Finch,Dill Harris,Directed,1,200,Knows of
8,6,Jem Finch,Dill Harris,Directed,1,200,Exchange
8,9,Jem Finch,Atticus Finch,Directed,1,200,Knows
5,89,Scout Finch,Mr. Underwood,Directed,1,200,Knows of
90,9,Cousin Joshua St. Clair,Atticus Finch,Directed,1,200,Knows
9,89,Atticus Finch,Mr. Underwood,Directed,1,200,Knows
89,8,Mr. Underwood,Jem Finch,Directed,1,200,Knows
8,5,Jem Finch,Scout Finch,Directed,1,201,Exchange
9,5,Atticus Finch,Scout Finch,Directed,1,201,Exchange
6,8,Dill Harris,Jem Finch,Directed,1,201,Exchange
8,9,Jem Finch,Atticus Finch,Directed,1,201,Knows
5,9,Scout Finch,Atticus Finch,Directed,1,201,Exchange
5,8,Scout Finch,Jem Finch,Directed,1,201,Exchange
6,5,Dill Harris,Scout Finch,Directed,1,201,Exchange
9,8,Atticus Finch,Jem Finch,Directed,1,201,Knows
8,6,Jem Finch,Dill Harris,Directed,1,201,Exchange
5,6,Scout Finch,Dill Harris,Directed,1,201,Exchange
59,11,Walter Cunningham Sr.,Heck Tate,Directed,1,202,Knows
82,9,Old Sarum Bunch,Atticus Finch,Directed,1,202,Exchange
59,82,Walter Cunningham Sr.,Old Sarum Bunch,Directed,1,202,Exchange
5,59,Scout Finch,Walter Cunningham Sr.,Directed,1,202,Knows of
6,8,Dill Harris,Jem Finch,Directed,1,202,Exchange
59,9,Walter Cunningham Sr.,Atticus Finch,Directed,1,202,Exchange
8,5,Jem Finch,Scout Finch,Directed,1,202,Exchange
9,82,Atticus Finch,Old Sarum Bunch,Directed,1,202,Exchange
5,6,Scout Finch,Dill Harris,Directed,1,202,Knows of
5,9,Scout Finch,Atticus Finch,Directed,1,202,Exchange
11,59,Heck Tate,Walter Cunningham Sr.,Directed,1,202,Knows
9,5,Atticus Finch,Scout Finch,Directed,1,202,Exchange
5,8,Scout Finch,Jem Finch,Directed,1,202,Exchange
5,11,Scout Finch,Heck Tate,Directed,1,202,Knows of
11,9,Heck Tate,Atticus Finch,Directed,1,202,Knows
9,11,Atticus Finch,Heck Tate,Directed,1,202,Knows
8,6,Jem Finch,Dill Harris,Directed,1,202,Exchange
82,59,Old Sarum Bunch,Walter Cunningham Sr.,Directed,1,202,Exchange
5,82,Scout Finch,Old Sarum Bunch,Directed,1,202,Knows of
9,59,Atticus Finch,Walter Cunningham Sr.,Directed,1,202,Exchange
5,82,Scout Finch,Old Sarum Bunch,Directed,1,203,Exchange
5,89,Scout Finch,Mr. Underwood,Directed,1,203,Knows
6,9,Dill Harris,Atticus Finch,Directed,1,203,Knows
8,6,Jem Finch,Dill Harris,Directed,1,203,Knows
85,5,Mr. Avery,Scout Finch,Directed,1,203,Knows
89,5,Mr. Underwood,Scout Finch,Directed,1,203,Knows
82,9,Old Sarum Bunch,Atticus Finch,Directed,1,203,Exchange
9,6,Atticus Finch,Dill Harris,Directed,1,203,Knows
5,9,Scout Finch,Atticus Finch,Directed,1,203,Exchange
5,6,Scout Finch,Dill Harris,Directed,1,203,Knows of
5,85,Scout Finch,Mr. Avery,Directed,1,203,Knows
11,5,Heck Tate,Scout Finch,Directed,1,203,Knows
59,82,Walter Cunningham Sr.,Old Sarum Bunch,Directed,1,203,Exchange
82,5,Old Sarum Bunch,Scout Finch,Directed,1,203,Exchange
9,82,Atticus Finch,Old Sarum Bunch,Directed,1,203,Exchange
8,82,Jem Finch,Old Sarum Bunch,Directed,1,203,Exchange
5,8,Scout Finch,Jem Finch,Directed,1,203,Knows of
5,11,Scout Finch,Heck Tate,Directed,1,203,Knows
6,8,Dill Harris,Jem Finch,Directed,1,203,Knows
82,8,Old Sarum Bunch,Jem Finch,Directed,1,203,Exchange
9,8,Atticus Finch,Jem Finch,Directed,1,203,Exchange
9,5,Atticus Finch,Scout Finch,Directed,1,203,Exchange
5,59,Scout Finch,Walter Cunningham Sr.,Directed,1,203,Knows of
82,59,Old Sarum Bunch,Walter Cunningham Sr.,Directed,1,203,Exchange
8,9,Jem Finch,Atticus Finch,Directed,1,203,Exchange
5,9,Scout Finch,Atticus Finch,Directed,1,204,Exchange
9,82,Atticus Finch,Old Sarum Bunch,Directed,1,204,Exchange
9,5,Atticus Finch,Scout Finch,Directed,1,204,Exchange
82,5,Old Sarum Bunch,Scout Finch,Directed,1,204,Exchange
5,8,Scout Finch,Jem Finch,Directed,1,204,Knows of
5,59,Scout Finch,Walter Cunningham Sr.,Directed,1,204,Exchange
59,5,Walter Cunningham Sr.,Scout Finch,Directed,1,204,Exchange
5,82,Scout Finch,Old Sarum Bunch,Directed,1,204,Exchange
8,9,Jem Finch,Atticus Finch,Directed,1,204,Exchange
82,8,Old Sarum Bunch,Jem Finch,Directed,1,204,Exchange
8,82,Jem Finch,Old Sarum Bunch,Directed,1,204,Exchange
82,9,Old Sarum Bunch,Atticus Finch,Directed,1,204,Exchange
9,8,Atticus Finch,Jem Finch,Directed,1,204,Exchange
9,57,Atticus Finch,Walter Cunningham Jr.,Directed,1,205,Knows
9,8,Atticus Finch,Jem Finch,Directed,1,205,Knows
57,59,Walter Cunningham Jr.,Walter Cunningham Sr.,Directed,1,205,Knows
59,57,Walter Cunningham Sr.,Walter Cunningham Jr.,Directed,1,205,Knows
8,9,Jem Finch,Atticus Finch,Directed,1,205,Knows
57,9,Walter Cunningham Jr.,Atticus Finch,Directed,1,205,Knows
5,8,Scout Finch,Jem Finch,Directed,1,205,Knows
57,8,Walter Cunningham Jr.,Jem Finch,Directed,1,205,Knows
5,9,Scout Finch,Atticus Finch,Directed,1,205,Exchange
59,5,Walter Cunningham Sr.,Scout Finch,Directed,1,205,Exchange
8,5,Jem Finch,Scout Finch,Directed,1,205,Knows
5,82,Scout Finch,Old Sarum Bunch,Directed,1,205,Exchange
5,59,Scout Finch,Walter Cunningham Sr.,Directed,1,205,Exchange
82,5,Old Sarum Bunch,Scout Finch,Directed,1,205,Exchange
5,57,Scout Finch,Walter Cunningham Jr.,Directed,1,205,Knows
9,5,Atticus Finch,Scout Finch,Directed,1,205,Exchange
57,5,Walter Cunningham Jr.,Scout Finch,Directed,1,205,Knows
8,57,Jem Finch,Walter Cunningham Jr.,Directed,1,205,Knows
82,59,Old Sarum Bunch,Walter Cunningham Sr.,Directed,1,206,Exchange
9,5,Atticus Finch,Scout Finch,Directed,1,206,Exchange
5,89,Scout Finch,Mr. Underwood,Directed,1,206,Exchange
5,82,Scout Finch,Old Sarum Bunch,Directed,1,206,Exchange
5,6,Scout Finch,Dill Harris,Directed,1,206,Knows of
57,5,Walter Cunningham Jr.,Scout Finch,Directed,1,206,Knows
82,5,Old Sarum Bunch,Scout Finch,Directed,1,206,Exchange
9,80,Atticus Finch,Tom Robinson,Directed,1,206,Exchange
80,9,Tom Robinson,Atticus Finch,Directed,1,206,Exchange
9,6,Atticus Finch,Dill Harris,Directed,1,206,Exchange
5,9,Scout Finch,Atticus Finch,Directed,1,206,Exchange
6,9,Dill Harris,Atticus Finch,Directed,1,206,Exchange
80,5,Tom Robinson,Scout Finch,Directed,1,206,Exchange
89,9,Mr. Underwood,Atticus Finch,Directed,1,206,Exchange
59,82,Walter Cunningham Sr.,Old Sarum Bunch,Directed,1,206,Exchange
59,57,Walter Cunningham Sr.,Walter Cunningham Jr.,Directed,1,206,Knows
5,59,Scout Finch,Walter Cunningham Sr.,Directed,1,206,Exchange
89,5,Mr. Underwood,Scout Finch,Directed,1,206,Exchange
9,89,Atticus Finch,Mr. Underwood,Directed,1,206,Exchange
59,5,Walter Cunningham Sr.,Scout Finch,Directed,1,206,Exchange
5,57,Scout Finch,Walter Cunningham Jr.,Directed,1,206,Knows
57,59,Walter Cunningham Jr.,Walter Cunningham Sr.,Directed,1,206,Knows
5,80,Scout Finch,Tom Robinson,Directed,1,206,Exchange
5,9,Scout Finch,Atticus Finch,Directed,1,207,Exchange
9,5,Atticus Finch,Scout Finch,Directed,1,207,Exchange
5,89,Scout Finch,Mr. Underwood,Directed,1,207,Knows of
9,8,Atticus Finch,Jem Finch,Directed,1,207,Knows
5,8,Scout Finch,Jem Finch,Directed,1,207,Knows of
9,89,Atticus Finch,Mr. Underwood,Directed,1,207,Exchange
89,9,Mr. Underwood,Atticus Finch,Directed,1,207,Exchange
8,9,Jem Finch,Atticus Finch,Directed,1,207,Knows
8,9,Jem Finch,Atticus Finch,Directed,1,208,Knows
5,9,Scout Finch,Atticus Finch,Directed,1,208,Knows
9,5,Atticus Finch,Scout Finch,Directed,1,208,Knows
8,7,Jem Finch,Alexandra Finch,Directed,1,208,Knows
5,8,Scout Finch,Jem Finch,Directed,1,208,Exchange
7,8,Alexandra Finch,Jem Finch,Directed,1,208,Knows
9,7,Atticus Finch,Alexandra Finch,Directed,1,208,Knows
8,5,Jem Finch,Scout Finch,Directed,1,208,Exchange
7,9,Alexandra Finch,Atticus Finch,Directed,1,208,Knows
5,7,Scout Finch,Alexandra Finch,Directed,1,208,Knows
9,8,Atticus Finch,Jem Finch,Directed,1,208,Knows
7,5,Alexandra Finch,Scout Finch,Directed,1,208,Knows
9,5,Atticus Finch,Scout Finch,Directed,1,209,Exchange
7,5,Alexandra Finch,Scout Finch,Directed,1,209,Exchange
91,92,Mr. Underwood's father,Braxton Bragg (Confederate general),Directed,1,209,Knows
89,9,Mr. Underwood,Atticus Finch,Directed,1,209,Knows
5,9,Scout Finch,Atticus Finch,Directed,1,209,Exchange
24,5,Calpurnia,Scout Finch,Directed,1,209,Exchange
8,9,Jem Finch,Atticus Finch,Directed,1,209,Exchange
5,89,Scout Finch,Mr. Underwood,Directed,1,209,Knows of
5,91,Scout Finch,Mr. Underwood's father,Directed,1,209,Knows of
9,8,Atticus Finch,Jem Finch,Directed,1,209,Exchange
24,9,Calpurnia,Atticus Finch,Directed,1,209,Knows
24,7,Calpurnia,Alexandra Finch,Directed,1,209,Exchange
92,91,Braxton Bragg (Confederate general),Mr. Underwood's father,Directed,1,209,Knows
92,89,Braxton Bragg (Confederate general),Mr. Underwood,Directed,1,209,Knows
92,9,Braxton Bragg (Confederate general),Atticus Finch,Directed,1,209,Knows
5,8,Scout Finch,Jem Finch,Directed,1,209,Knows of
9,89,Atticus Finch,Mr. Underwood,Directed,1,209,Knows
89,7,Mr. Underwood,Alexandra Finch,Directed,1,209,Knows
7,8,Alexandra Finch,Jem Finch,Directed,1,209,Exchange
9,7,Atticus Finch,Alexandra Finch,Directed,1,209,Exchange
5,92,Scout Finch,Braxton Bragg (Confederate general),Directed,1,209,Knows of
7,9,Alexandra Finch,Atticus Finch,Directed,1,209,Exchange
89,91,Mr. Underwood,Mr. Underwood's father,Directed,1,209,Knows
7,24,Alexandra Finch,Calpurnia,Directed,1,209,Exchange
9,24,Atticus Finch,Calpurnia,Directed,1,209,Knows
9,92,Atticus Finch,Braxton Bragg (Confederate general),Directed,1,209,Knows
5,7,Scout Finch,Alexandra Finch,Directed,1,209,Exchange
5,24,Scout Finch,Calpurnia,Directed,1,209,Exchange
7,89,Alexandra Finch,Mr. Underwood,Directed,1,209,Knows
89,92,Mr. Underwood,Braxton Bragg (Confederate general),Directed,1,209,Knows
91,89,Mr. Underwood's father,Mr. Underwood,Directed,1,209,Knows
8,7,Jem Finch,Alexandra Finch,Directed,1,209,Exchange
5,9,Scout Finch,Atticus Finch,Directed,1,210,Exchange
5,7,Scout Finch,Alexandra Finch,Directed,1,210,Knows of
9,7,Atticus Finch,Alexandra Finch,Directed,1,210,Exchange
7,9,Alexandra Finch,Atticus Finch,Directed,1,210,Exchange
5,57,Scout Finch,Walter Cunningham Jr.,Directed,1,210,Knows of
7,24,Alexandra Finch,Calpurnia,Directed,1,210,Knows
5,59,Scout Finch,Walter Cunningham Sr.,Directed,1,210,Knows
57,8,Walter Cunningham Jr.,Jem Finch,Directed,1,210,Knows
9,5,Atticus Finch,Scout Finch,Directed,1,210,Exchange
5,24,Scout Finch,Calpurnia,Directed,1,210,Knows of
9,8,Atticus Finch,Jem Finch,Directed,1,210,Exchange
8,57,Jem Finch,Walter Cunningham Jr.,Directed,1,210,Knows
59,5,Walter Cunningham Sr.,Scout Finch,Directed,1,210,Knows
8,9,Jem Finch,Atticus Finch,Directed,1,210,Exchange
59,9,Walter Cunningham Sr.,Atticus Finch,Directed,1,210,Knows
5,8,Scout Finch,Jem Finch,Directed,1,210,Knows of
9,59,Atticus Finch,Walter Cunningham Sr.,Directed,1,210,Knows
24,7,Calpurnia,Alexandra Finch,Directed,1,210,Knows
48,7,The Cunninghams,Alexandra Finch,Directed,1,211,Knows
5,9,Scout Finch,Atticus Finch,Directed,1,211,Exchange
7,9,Alexandra Finch,Atticus Finch,Directed,1,211,Exchange
57,9,Walter Cunningham Jr.,Atticus Finch,Directed,1,211,Knows
9,7,Atticus Finch,Alexandra Finch,Directed,1,211,Exchange
93,8,Mr. Dolphus Raymond,Jem Finch,Directed,1,211,Knows
5,57,Scout Finch,Walter Cunningham Jr.,Directed,1,211,Knows
6,9,Dill Harris,Atticus Finch,Directed,1,211,Exchange
6,8,Dill Harris,Jem Finch,Directed,1,211,Exchange
9,57,Atticus Finch,Walter Cunningham Jr.,Directed,1,211,Knows
93,6,Mr. Dolphus Raymond,Dill Harris,Directed,1,211,Knows
7,48,Alexandra Finch,The Cunninghams,Directed,1,211,Knows
9,5,Atticus Finch,Scout Finch,Directed,1,211,Exchange
8,93,Jem Finch,Mr. Dolphus Raymond,Directed,1,211,Knows
6,94,Dill Harris,Mennonites,Directed,1,211,Knows
6,7,Dill Harris,Alexandra Finch,Directed,1,211,Exchange
6,5,Dill Harris,Scout Finch,Directed,1,211,Exchange
8,6,Jem Finch,Dill Harris,Directed,1,211,Exchange
7,6,Alexandra Finch,Dill Harris,Directed,1,211,Exchange
5,48,Scout Finch,The Cunninghams,Directed,1,211,Knows of
5,7,Scout Finch,Alexandra Finch,Directed,1,211,Knows of
5,8,Scout Finch,Jem Finch,Directed,1,211,Exchange
6,93,Dill Harris,Mr. Dolphus Raymond,Directed,1,211,Knows
94,8,Mennonites,Jem Finch,Directed,1,211,Knows
9,6,Atticus Finch,Dill Harris,Directed,1,211,Exchange
8,9,Jem Finch,Atticus Finch,Directed,1,211,Exchange
8,5,Jem Finch,Scout Finch,Directed,1,211,Exchange
8,7,Jem Finch,Alexandra Finch,Directed,1,211,Exchange
5,6,Scout Finch,Dill Harris,Directed,1,211,Exchange
9,8,Atticus Finch,Jem Finch,Directed,1,211,Exchange
5,93,Scout Finch,Mr. Dolphus Raymond,Directed,1,211,Knows of
57,5,Walter Cunningham Jr.,Scout Finch,Directed,1,211,Knows
8,94,Jem Finch,Mennonites,Directed,1,211,Knows
94,6,Mennonites,Dill Harris,Directed,1,211,Knows
5,94,Scout Finch,Mennonites,Directed,1,211,Knows of
7,8,Alexandra Finch,Jem Finch,Directed,1,211,Exchange
6,102,Dill Harris,Foot-washers,Directed,1,212,Knows
8,95,Jem Finch,Mr. X Billups,Directed,1,212,Knows
8,96,Jem Finch,Mr. X Billups' clerk,Directed,1,212,Knows of
55,102,Miss Maudie Atkinson,Foot-washers,Directed,1,212,Exchange
8,97,Jem Finch,Mr. X Billups' parents,Directed,1,212,Knows of
8,98,Jem Finch,Mr. Tensaw Jones,Directed,1,212,Knows
6,103,Dill Harris,Foot-washers' driver,Directed,1,212,Knows
55,103,Miss Maudie Atkinson,Foot-washers' driver,Directed,1,212,Knows
55,6,Miss Maudie Atkinson,Dill Harris,Directed,1,212,Knows
94,6,Mennonites,Dill Harris,Directed,1,212,Knows
6,55,Dill Harris,Miss Maudie Atkinson,Directed,1,212,Knows
95,8,Mr. X Billups,Jem Finch,Directed,1,212,Knows
103,55,Foot-washers' driver,Miss Maudie Atkinson,Directed,1,212,Knows
5,101,Scout Finch,Mr. Jake Slade,Directed,1,212,Knows of
5,98,Scout Finch,Mr. Tensaw Jones,Directed,1,212,Knows of
5,95,Scout Finch,Mr. X Billups,Directed,1,212,Knows of
5,96,Scout Finch,Mr. X Billups' clerk,Directed,1,212,Knows of
8,101,Jem Finch,Mr. Jake Slade,Directed,1,212,Knows
5,97,Scout Finch,Mr. X Billups' parents,Directed,1,212,Knows of
99,6,Miss Emily Davis,Dill Harris,Directed,1,212,Knows
99,8,Miss Emily Davis,Jem Finch,Directed,1,212,Knows
101,8,Mr. Jake Slade,Jem Finch,Directed,1,212,Knows
102,8,Foot-washers,Jem Finch,Directed,1,212,Knows
97,95,Mr. X Billups' parents,Mr. X Billups,Directed,1,212,Knows
96,95,Mr. X Billups' clerk,Mr. X Billups,Directed,1,212,Exchange
95,97,Mr. X Billups,Mr. X Billups' parents,Directed,1,212,Knows
5,8,Scout Finch,Jem Finch,Directed,1,212,Knows of
8,100,Jem Finch,Mr. Byron Waller,Directed,1,212,Knows
95,96,Mr. X Billups,Mr. X Billups' clerk,Directed,1,212,Exchange
95,6,Mr. X Billups,Dill Harris,Directed,1,212,Knows
94,8,Mennonites,Jem Finch,Directed,1,212,Knows
6,97,Dill Harris,Mr. X Billups' parents,Directed,1,212,Knows of
5,94,Scout Finch,Mennonites,Directed,1,212,Knows of
6,100,Dill Harris,Mr. Byron Waller,Directed,1,212,Knows
98,6,Mr. Tensaw Jones,Dill Harris,Directed,1,212,Knows
100,8,Mr. Byron Waller,Jem Finch,Directed,1,212,Knows
100,6,Mr. Byron Waller,Dill Harris,Directed,1,212,Knows
5,6,Scout Finch,Dill Harris,Directed,1,212,Knows of
8,102,Jem Finch,Foot-washers,Directed,1,212,Knows
8,103,Jem Finch,Foot-washers' driver,Directed,1,212,Knows
102,6,Foot-washers,Dill Harris,Directed,1,212,Knows
101,6,Mr. Jake Slade,Dill Harris,Directed,1,212,Knows
98,8,Mr. Tensaw Jones,Jem Finch,Directed,1,212,Knows
103,6,Foot-washers' driver,Dill Harris,Directed,1,212,Knows
8,99,Jem Finch,Miss Emily Davis,Directed,1,212,Knows
8,94,Jem Finch,Mennonites,Directed,1,212,Knows
6,94,Dill Harris,Mennonites,Directed,1,212,Knows
6,99,Dill Harris,Miss Emily Davis,Directed,1,212,Knows
55,8,Miss Maudie Atkinson,Jem Finch,Directed,1,212,Knows
8,55,Jem Finch,Miss Maudie Atkinson,Directed,1,212,Knows
103,8,Foot-washers' driver,Jem Finch,Directed,1,212,Knows
5,102,Scout Finch,Foot-washers,Directed,1,212,Knows of
102,55,Foot-washers,Miss Maudie Atkinson,Directed,1,212,Exchange
103,102,Foot-washers' driver,Foot-washers,Directed,1,212,Knows
6,8,Dill Harris,Jem Finch,Directed,1,212,Exchange
6,96,Dill Harris,Mr. X Billups' clerk,Directed,1,212,Knows of
6,95,Dill Harris,Mr. X Billups,Directed,1,212,Knows
6,98,Dill Harris,Mr. Tensaw Jones,Directed,1,212,Knows
5,55,Scout Finch,Miss Maudie Atkinson,Directed,1,212,Knows of
5,99,Scout Finch,Miss Emily Davis,Directed,1,212,Knows of
6,101,Dill Harris,Mr. Jake Slade,Directed,1,212,Knows
5,103,Scout Finch,Foot-washers' driver,Directed,1,212,Knows of
102,103,Foot-washers,Foot-washers' driver,Directed,1,212,Knows
5,100,Scout Finch,Mr. Byron Waller,Directed,1,212,Knows of
8,6,Jem Finch,Dill Harris,Directed,1,212,Exchange
103,55,Foot-washers' driver,Miss Maudie Atkinson,Directed,1,213,Knows
104,51,William Jennings Bryan,Miss Stephanie Crawford,Directed,1,213,Knows
80,55,Tom Robinson,Miss Maudie Atkinson,Directed,1,213,Knows
5,51,Scout Finch,Miss Stephanie Crawford,Directed,1,213,Knows of
102,55,Foot-washers,Miss Maudie Atkinson,Directed,1,213,Exchange
5,55,Scout Finch,Miss Maudie Atkinson,Directed,1,213,Exchange
79,55,Tom Robinson's Trial,Miss Maudie Atkinson,Directed,1,213,Knows
102,103,Foot-washers,Foot-washers' driver,Directed,1,213,Knows
5,9,Scout Finch,Atticus Finch,Directed,1,213,Knows of
55,80,Miss Maudie Atkinson,Tom Robinson,Directed,1,213,Knows
79,8,Tom Robinson's Trial,Jem Finch,Directed,1,213,Knows
51,9,Miss Stephanie Crawford,Atticus Finch,Directed,1,213,Knows
8,55,Jem Finch,Miss Maudie Atkinson,Directed,1,213,Exchange
8,6,Jem Finch,Dill Harris,Directed,1,213,Exchange
55,79,Miss Maudie Atkinson,Tom Robinson's Trial,Directed,1,213,Knows
5,102,Scout Finch,Foot-washers,Directed,1,213,Knows of
80,5,Tom Robinson,Scout Finch,Directed,1,213,Knows
5,6,Scout Finch,Dill Harris,Directed,1,213,Knows of
5,103,Scout Finch,Foot-washers' driver,Directed,1,213,Knows of
103,102,Foot-washers' driver,Foot-washers,Directed,1,213,Knows
6,8,Dill Harris,Jem Finch,Directed,1,213,Exchange
55,5,Miss Maudie Atkinson,Scout Finch,Directed,1,213,Exchange
55,51,Miss Maudie Atkinson,Miss Stephanie Crawford,Directed,1,213,Exchange
51,55,Miss Stephanie Crawford,Miss Maudie Atkinson,Directed,1,213,Exchange
55,8,Miss Maudie Atkinson,Jem Finch,Directed,1,213,Exchange
5,79,Scout Finch,Tom Robinson's Trial,Directed,1,213,Knows of
5,80,Scout Finch,Tom Robinson,Directed,1,213,Knows
55,102,Miss Maudie Atkinson,Foot-washers,Directed,1,213,Exchange
9,51,Atticus Finch,Miss Stephanie Crawford,Directed,1,213,Knows
55,6,Miss Maudie Atkinson,Dill Harris,Directed,1,213,Exchange
79,6,Tom Robinson's Trial,Dill Harris,Directed,1,213,Knows
6,55,Dill Harris,Miss Maudie Atkinson,Directed,1,213,Exchange
6,79,Dill Harris,Tom Robinson's Trial,Directed,1,213,Knows
5,104,Scout Finch,William Jennings Bryan,Directed,1,213,Knows of
5,8,Scout Finch,Jem Finch,Directed,1,213,Knows of
51,104,Miss Stephanie Crawford,William Jennings Bryan,Directed,1,213,Knows
55,103,Miss Maudie Atkinson,Foot-washers' driver,Directed,1,213,Knows
8,79,Jem Finch,Tom Robinson's Trial,Directed,1,213,Knows
5,9,Scout Finch,Atticus Finch,Directed,1,214,Exchange
106,8,Crowd (at the trial),Jem Finch,Directed,1,214,Knows
8,79,Jem Finch,Tom Robinson's Trial,Directed,1,214,Knows
106,6,Crowd (at the trial),Dill Harris,Directed,1,214,Knows
9,79,Atticus Finch,Tom Robinson's Trial,Directed,1,214,Knows
79,93,Tom Robinson's Trial,Mr. Dolphus Raymond,Directed,1,214,Knows
106,79,Crowd (at the trial),Tom Robinson's Trial,Directed,1,214,Knows
9,105,Atticus Finch,Tom Robinson's jury,Directed,1,214,Knows
106,93,Crowd (at the trial),Mr. Dolphus Raymond,Directed,1,214,Knows
105,8,Tom Robinson's jury,Jem Finch,Directed,1,214,Knows of
5,108,Scout Finch,Mr. Dolphus Raymond's children,Directed,1,214,Knows of
93,106,Mr. Dolphus Raymond,Crowd (at the trial),Directed,1,214,Knows
8,108,Jem Finch,Mr. Dolphus Raymond's children,Directed,1,214,Knows of
105,79,Tom Robinson's jury,Tom Robinson's Trial,Directed,1,214,Knows
5,106,Scout Finch,Crowd (at the trial),Directed,1,214,Knows of
8,93,Jem Finch,Mr. Dolphus Raymond,Directed,1,214,Knows
79,106,Tom Robinson's Trial,Crowd (at the trial),Directed,1,214,Knows
6,106,Dill Harris,Crowd (at the trial),Directed,1,214,Knows
93,8,Mr. Dolphus Raymond,Jem Finch,Directed,1,214,Knows
6,79,Dill Harris,Tom Robinson's Trial,Directed,1,214,Knows
79,6,Tom Robinson's Trial,Dill Harris,Directed,1,214,Knows
9,5,Atticus Finch,Scout Finch,Directed,1,214,Exchange
79,105,Tom Robinson's Trial,Tom Robinson's jury,Directed,1,214,Knows
5,107,Scout Finch,Mr. Dolphus Raymond's wife,Directed,1,214,Knows of
93,6,Mr. Dolphus Raymond,Dill Harris,Directed,1,214,Knows
5,79,Scout Finch,Tom Robinson's Trial,Directed,1,214,Knows of
79,8,Tom Robinson's Trial,Jem Finch,Directed,1,214,Knows
5,93,Scout Finch,Mr. Dolphus Raymond,Directed,1,214,Knows of
8,106,Jem Finch,Crowd (at the trial),Directed,1,214,Knows
105,9,Tom Robinson's jury,Atticus Finch,Directed,1,214,Knows
8,107,Jem Finch,Mr. Dolphus Raymond's wife,Directed,1,214,Knows of
79,9,Tom Robinson's Trial,Atticus Finch,Directed,1,214,Knows
9,8,Atticus Finch,Jem Finch,Directed,1,214,Exchange
105,5,Tom Robinson's jury,Scout Finch,Directed,1,214,Knows of
107,108,Mr. Dolphus Raymond's wife,Mr. Dolphus Raymond's children,Directed,1,214,Knows
8,9,Jem Finch,Atticus Finch,Directed,1,214,Exchange
107,93,Mr. Dolphus Raymond's wife,Mr. Dolphus Raymond,Directed,1,214,Knows
8,105,Jem Finch,Tom Robinson's jury,Directed,1,214,Knows of
108,107,Mr. Dolphus Raymond's children,Mr. Dolphus Raymond's wife,Directed,1,214,Knows
5,8,Scout Finch,Jem Finch,Directed,1,214,Knows of
8,6,Jem Finch,Dill Harris,Directed,1,214,Exchange
108,93,Mr. Dolphus Raymond's children,Mr. Dolphus Raymond,Directed,1,214,Knows
6,93,Dill Harris,Mr. Dolphus Raymond,Directed,1,214,Knows
5,105,Scout Finch,Tom Robinson's jury,Directed,1,214,Knows of
93,108,Mr. Dolphus Raymond,Mr. Dolphus Raymond's children,Directed,1,214,Knows
5,6,Scout Finch,Dill Harris,Directed,1,214,Knows of
6,8,Dill Harris,Jem Finch,Directed,1,214,Exchange
93,79,Mr. Dolphus Raymond,Tom Robinson's Trial,Directed,1,214,Knows
93,107,Mr. Dolphus Raymond,Mr. Dolphus Raymond's wife,Directed,1,214,Knows
8,79,Jem Finch,Tom Robinson's Trial,Directed,1,215,Knows
79,93,Tom Robinson's Trial,Mr. Dolphus Raymond,Directed,1,215,Knows
79,9,Tom Robinson's Trial,Atticus Finch,Directed,1,215,Knows
8,6,Jem Finch,Dill Harris,Directed,1,215,Exchange
110,8,Mixed child (delivers for the drugstore),Jem Finch,Directed,1,215,Knows
5,93,Scout Finch,Mr. Dolphus Raymond,Directed,1,215,Knows of
8,5,Jem Finch,Scout Finch,Directed,1,215,Exchange
110,5,Mixed child (delivers for the drugstore),Scout Finch,Directed,1,215,Knows
5,8,Scout Finch,Jem Finch,Directed,1,215,Exchange
93,109,Mr. Dolphus Raymond,A Spencer lady,Directed,1,215,Knows
109,8,A Spencer lady,Jem Finch,Directed,1,215,Knows of
6,8,Dill Harris,Jem Finch,Directed,1,215,Exchange
5,107,Scout Finch,Mr. Dolphus Raymond's wife,Directed,1,215,Knows of
79,111,Tom Robinson's Trial,Black woman (at the trial),Directed,1,215,Knows
109,93,A Spencer lady,Mr. Dolphus Raymond,Directed,1,215,Knows
5,106,Scout Finch,Crowd (at the trial),Directed,1,215,Knows of
79,106,Tom Robinson's Trial,Crowd (at the trial),Directed,1,215,Knows
5,6,Scout Finch,Dill Harris,Directed,1,215,Knows of
5,108,Scout Finch,Mr. Dolphus Raymond's children,Directed,1,215,Knows of
6,93,Dill Harris,Mr. Dolphus Raymond,Directed,1,215,Knows
5,79,Scout Finch,Tom Robinson's Trial,Directed,1,215,Knows of
111,79,Black woman (at the trial),Tom Robinson's Trial,Directed,1,215,Knows
112,111,Black child (at the trial),Black woman (at the trial),Directed,1,215,Knows
8,108,Jem Finch,Mr. Dolphus Raymond's children,Directed,1,215,Knows of
5,110,Scout Finch,Mixed child (delivers for the drugstore),Directed,1,215,Knows
8,107,Jem Finch,Mr. Dolphus Raymond's wife,Directed,1,215,Knows of
79,6,Tom Robinson's Trial,Dill Harris,Directed,1,215,Knows
93,108,Mr. Dolphus Raymond,Mr. Dolphus Raymond's children,Directed,1,215,Knows
93,107,Mr. Dolphus Raymond,Mr. Dolphus Raymond's wife,Directed,1,215,Knows
93,79,Mr. Dolphus Raymond,Tom Robinson's Trial,Directed,1,215,Knows
5,111,Scout Finch,Black woman (at the trial),Directed,1,215,Knows of
5,112,Scout Finch,Black child (at the trial),Directed,1,215,Knows of
8,111,Jem Finch,Black woman (at the trial),Directed,1,215,Knows
108,93,Mr. Dolphus Raymond's children,Mr. Dolphus Raymond,Directed,1,215,Knows
5,9,Scout Finch,Atticus Finch,Directed,1,215,Knows of
8,109,Jem Finch,A Spencer lady,Directed,1,215,Knows of
107,93,Mr. Dolphus Raymond's wife,Mr. Dolphus Raymond,Directed,1,215,Knows
8,112,Jem Finch,Black child (at the trial),Directed,1,215,Knows
106,79,Crowd (at the trial),Tom Robinson's Trial,Directed,1,215,Knows
79,112,Tom Robinson's Trial,Black child (at the trial),Directed,1,215,Knows
5,109,Scout Finch,A Spencer lady,Directed,1,215,Knows of
8,93,Jem Finch,Mr. Dolphus Raymond,Directed,1,215,Knows
111,112,Black woman (at the trial),Black child (at the trial),Directed,1,215,Knows
6,79,Dill Harris,Tom Robinson's Trial,Directed,1,215,Knows
93,8,Mr. Dolphus Raymond,Jem Finch,Directed,1,215,Knows
93,6,Mr. Dolphus Raymond,Dill Harris,Directed,1,215,Knows
112,79,Black child (at the trial),Tom Robinson's Trial,Directed,1,215,Knows
112,8,Black child (at the trial),Jem Finch,Directed,1,215,Knows
111,8,Black woman (at the trial),Jem Finch,Directed,1,215,Knows
8,110,Jem Finch,Mixed child (delivers for the drugstore),Directed,1,215,Knows
79,8,Tom Robinson's Trial,Jem Finch,Directed,1,215,Knows
9,79,Atticus Finch,Tom Robinson's Trial,Directed,1,215,Knows
8,6,Jem Finch,Dill Harris,Directed,1,216,Exchange
79,8,Tom Robinson's Trial,Jem Finch,Directed,1,216,Knows
6,79,Dill Harris,Tom Robinson's Trial,Directed,1,216,Knows
8,106,Jem Finch,Crowd (at the trial),Directed,1,216,Knows
8,112,Jem Finch,Black child (at the trial),Directed,1,216,Knows
5,22,Scout Finch,"John Hale ""Jack"" Finch",Directed,1,216,Knows of
79,6,Tom Robinson's Trial,Dill Harris,Directed,1,216,Knows
6,93,Dill Harris,Mr. Dolphus Raymond,Directed,1,216,Knows
79,112,Tom Robinson's Trial,Black child (at the trial),Directed,1,216,Knows
79,106,Tom Robinson's Trial,Crowd (at the trial),Directed,1,216,Knows
5,9,Scout Finch,Atticus Finch,Directed,1,216,Knows of
9,79,Atticus Finch,Tom Robinson's Trial,Directed,1,216,Knows
93,79,Mr. Dolphus Raymond,Tom Robinson's Trial,Directed,1,216,Knows
5,112,Scout Finch,Black child (at the trial),Directed,1,216,Knows of
6,112,Dill Harris,Black child (at the trial),Directed,1,216,Knows
93,8,Mr. Dolphus Raymond,Jem Finch,Directed,1,216,Knows
106,79,Crowd (at the trial),Tom Robinson's Trial,Directed,1,216,Knows
8,93,Jem Finch,Mr. Dolphus Raymond,Directed,1,216,Knows
112,79,Black child (at the trial),Tom Robinson's Trial,Directed,1,216,Knows
6,106,Dill Harris,Crowd (at the trial),Directed,1,216,Knows
93,6,Mr. Dolphus Raymond,Dill Harris,Directed,1,216,Knows
112,8,Black child (at the trial),Jem Finch,Directed,1,216,Knows
9,8,Atticus Finch,Jem Finch,Directed,1,216,Knows
5,79,Scout Finch,Tom Robinson's Trial,Directed,1,216,Knows of
22,8,"John Hale ""Jack"" Finch",Jem Finch,Directed,1,216,Exchange
106,8,Crowd (at the trial),Jem Finch,Directed,1,216,Knows
5,8,Scout Finch,Jem Finch,Directed,1,216,Exchange
6,8,Dill Harris,Jem Finch,Directed,1,216,Exchange
8,9,Jem Finch,Atticus Finch,Directed,1,216,Knows
8,5,Jem Finch,Scout Finch,Directed,1,216,Exchange
79,9,Tom Robinson's Trial,Atticus Finch,Directed,1,216,Knows
79,93,Tom Robinson's Trial,Mr. Dolphus Raymond,Directed,1,216,Knows
5,6,Scout Finch,Dill Harris,Directed,1,216,Knows of
112,6,Black child (at the trial),Dill Harris,Directed,1,216,Knows
8,22,Jem Finch,"John Hale ""Jack"" Finch",Directed,1,216,Exchange
5,106,Scout Finch,Crowd (at the trial),Directed,1,216,Knows of
8,79,Jem Finch,Tom Robinson's Trial,Directed,1,216,Knows
5,93,Scout Finch,Mr. Dolphus Raymond,Directed,1,216,Knows of
106,6,Crowd (at the trial),Dill Harris,Directed,1,216,Knows
119,9,Idlers' Club,Atticus Finch,Directed,1,217,Knows
79,119,Tom Robinson's Trial,Idlers' Club,Directed,1,217,Knows
9,119,Atticus Finch,Idlers' Club,Directed,1,217,Knows
79,8,Tom Robinson's Trial,Jem Finch,Directed,1,217,Knows
5,118,Scout Finch,Judge of Probate,Directed,1,217,Knows of
120,9,Chief Justice,Atticus Finch,Directed,1,217,Knows
5,6,Scout Finch,Dill Harris,Directed,1,217,Knows of
6,8,Dill Harris,Jem Finch,Directed,1,217,Knows
9,5,Atticus Finch,Scout Finch,Directed,1,217,Exchange
5,117,Scout Finch,Circuit clerk,Directed,1,217,Knows of
5,115,Scout Finch,County clerk,Directed,1,217,Knows of
5,116,Scout Finch,County solicitor,Directed,1,217,Knows of
5,79,Scout Finch,Tom Robinson's Trial,Directed,1,217,Knows of
8,79,Jem Finch,Tom Robinson's Trial,Directed,1,217,Knows
5,8,Scout Finch,Jem Finch,Directed,1,217,Knows of
5,106,Scout Finch,Crowd (at the trial),Directed,1,217,Knows of
5,9,Scout Finch,Atticus Finch,Directed,1,217,Exchange
5,120,Scout Finch,Chief Justice,Directed,1,217,Knows of
9,79,Atticus Finch,Tom Robinson's Trial,Directed,1,217,Knows
106,79,Crowd (at the trial),Tom Robinson's Trial,Directed,1,217,Knows
8,6,Jem Finch,Dill Harris,Directed,1,217,Knows
9,120,Atticus Finch,Chief Justice,Directed,1,217,Knows
79,106,Tom Robinson's Trial,Crowd (at the trial),Directed,1,217,Knows
5,114,Scout Finch,Tax collector,Directed,1,217,Knows of
119,79,Idlers' Club,Tom Robinson's Trial,Directed,1,217,Knows
5,113,Scout Finch,Tax assessor,Directed,1,217,Knows of
5,119,Scout Finch,Idlers' Club,Directed,1,217,Knows of
6,79,Dill Harris,Tom Robinson's Trial,Directed,1,217,Knows
79,6,Tom Robinson's Trial,Dill Harris,Directed,1,217,Knows
79,9,Tom Robinson's Trial,Atticus Finch,Directed,1,217,Knows
14,106,Bob Ewell,Crowd (at the trial),Directed,1,218,Knows
80,119,Tom Robinson,Idlers' Club,Directed,1,218,Knows
79,6,Tom Robinson's Trial,Dill Harris,Directed,1,218,Knows
79,8,Tom Robinson's Trial,Jem Finch,Directed,1,218,Knows
15,106,Mayella Ewell,Crowd (at the trial),Directed,1,218,Knows
79,9,Tom Robinson's Trial,Atticus Finch,Directed,1,218,Knows
79,106,Tom Robinson's Trial,Crowd (at the trial),Directed,1,218,Knows
79,119,Tom Robinson's Trial,Idlers' Club,Directed,1,218,Knows
8,79,Jem Finch,Tom Robinson's Trial,Directed,1,218,Knows
80,106,Tom Robinson,Crowd (at the trial),Directed,1,218,Knows
5,14,Scout Finch,Bob Ewell,Directed,1,218,Knows of
80,9,Tom Robinson,Atticus Finch,Directed,1,218,Knows
8,5,Jem Finch,Scout Finch,Directed,1,218,Exchange
119,9,Idlers' Club,Atticus Finch,Directed,1,218,Knows
119,106,Idlers' Club,Crowd (at the trial),Directed,1,218,Exchange
119,6,Idlers' Club,Dill Harris,Directed,1,218,Knows
119,119,Idlers' Club,Idlers' Club,Directed,1,218,Exchange
119,5,Idlers' Club,Scout Finch,Directed,1,218,Exchange
5,119,Scout Finch,Idlers' Club,Directed,1,218,Exchange
119,79,Idlers' Club,Tom Robinson's Trial,Directed,1,218,Knows
9,80,Atticus Finch,Tom Robinson,Directed,1,218,Knows
106,14,Crowd (at the trial),Bob Ewell,Directed,1,218,Knows
106,11,Crowd (at the trial),Heck Tate,Directed,1,218,Knows
6,79,Dill Harris,Tom Robinson's Trial,Directed,1,218,Knows
9,79,Atticus Finch,Tom Robinson's Trial,Directed,1,218,Knows
106,119,Crowd (at the trial),Idlers' Club,Directed,1,218,Exchange
106,15,Crowd (at the trial),Mayella Ewell,Directed,1,218,Knows
5,9,Scout Finch,Atticus Finch,Directed,1,218,Knows of
106,80,Crowd (at the trial),Tom Robinson,Directed,1,218,Knows
106,79,Crowd (at the trial),Tom Robinson's Trial,Directed,1,218,Knows
119,80,Idlers' Club,Tom Robinson,Directed,1,218,Knows
5,79,Scout Finch,Tom Robinson's Trial,Directed,1,218,Knows of
6,119,Dill Harris,Idlers' Club,Directed,1,218,Knows
119,8,Idlers' Club,Jem Finch,Directed,1,218,Knows
5,8,Scout Finch,Jem Finch,Directed,1,218,Exchange
6,8,Dill Harris,Jem Finch,Directed,1,218,Knows
8,119,Jem Finch,Idlers' Club,Directed,1,218,Knows
5,80,Scout Finch,Tom Robinson,Directed,1,218,Knows of
5,6,Scout Finch,Dill Harris,Directed,1,218,Knows of
9,119,Atticus Finch,Idlers' Club,Directed,1,218,Knows
8,6,Jem Finch,Dill Harris,Directed,1,218,Knows
5,11,Scout Finch,Heck Tate,Directed,1,218,Knows of
11,106,Heck Tate,Crowd (at the trial),Directed,1,218,Knows
5,106,Scout Finch,Crowd (at the trial),Directed,1,218,Knows of
5,15,Scout Finch,Mayella Ewell,Directed,1,218,Knows of
123,80,Mr. Gilmer,Tom Robinson,Directed,1,219,Knows
6,79,Dill Harris,Tom Robinson's Trial,Directed,1,219,Knows
5,9,Scout Finch,Atticus Finch,Directed,1,219,Knows of
123,9,Mr. Gilmer,Atticus Finch,Directed,1,219,Knows
123,79,Mr. Gilmer,Tom Robinson's Trial,Directed,1,219,Knows
79,80,Tom Robinson's Trial,Tom Robinson,Directed,1,219,Knows
79,6,Tom Robinson's Trial,Dill Harris,Directed,1,219,Knows
5,80,Scout Finch,Tom Robinson,Directed,1,219,Knows of
79,9,Tom Robinson's Trial,Atticus Finch,Directed,1,219,Knows
9,123,Atticus Finch,Mr. Gilmer,Directed,1,219,Knows
11,106,Heck Tate,Crowd (at the trial),Directed,1,219,Knows
80,9,Tom Robinson,Atticus Finch,Directed,1,219,Knows
8,121,Jem Finch,Reverend Sykes,Directed,1,219,Exchange
5,105,Scout Finch,Tom Robinson's jury,Directed,1,219,Knows
5,14,Scout Finch,Bob Ewell,Directed,1,219,Knows of
9,80,Atticus Finch,Tom Robinson,Directed,1,219,Knows
79,122,Tom Robinson's Trial,"""Four N*****s"" (219)",Directed,1,219,Knows
6,121,Dill Harris,Reverend Sykes,Directed,1,219,Exchange
79,106,Tom Robinson's Trial,Crowd (at the trial),Directed,1,219,Knows
5,79,Scout Finch,Tom Robinson's Trial,Directed,1,219,Knows of
5,11,Scout Finch,Heck Tate,Directed,1,219,Knows of
6,122,Dill Harris,"""Four N*****s"" (219)",Directed,1,219,Knows
105,79,Tom Robinson's jury,Tom Robinson's Trial,Directed,1,219,Knows
79,121,Tom Robinson's Trial,Reverend Sykes,Directed,1,219,Knows
5,106,Scout Finch,Crowd (at the trial),Directed,1,219,Knows of
5,121,Scout Finch,Reverend Sykes,Directed,1,219,Exchange
122,79,"""Four N*****s"" (219)",Tom Robinson's Trial,Directed,1,219,Knows
14,106,Bob Ewell,Crowd (at the trial),Directed,1,219,Knows
5,8,Scout Finch,Jem Finch,Directed,1,219,Exchange
8,5,Jem Finch,Scout Finch,Directed,1,219,Exchange
105,5,Tom Robinson's jury,Scout Finch,Directed,1,219,Knows
5,15,Scout Finch,Mayella Ewell,Directed,1,219,Knows of
15,106,Mayella Ewell,Crowd (at the trial),Directed,1,219,Knows
5,122,Scout Finch,"""Four N*****s"" (219)",Directed,1,219,Knows of
5,123,Scout Finch,Mr. Gilmer,Directed,1,219,Knows of
79,8,Tom Robinson's Trial,Jem Finch,Directed,1,219,Knows
8,122,Jem Finch,"""Four N*****s"" (219)",Directed,1,219,Knows
121,5,Reverend Sykes,Scout Finch,Directed,1,219,Exchange
121,8,Reverend Sykes,Jem Finch,Directed,1,219,Exchange
79,123,Tom Robinson's Trial,Mr. Gilmer,Directed,1,219,Knows
121,6,Reverend Sykes,Dill Harris,Directed,1,219,Exchange
80,123,Tom Robinson,Mr. Gilmer,Directed,1,219,Knows
80,106,Tom Robinson,Crowd (at the trial),Directed,1,219,Knows
121,79,Reverend Sykes,Tom Robinson's Trial,Directed,1,219,Knows
8,79,Jem Finch,Tom Robinson's Trial,Directed,1,219,Knows
5,6,Scout Finch,Dill Harris,Directed,1,219,Knows of
106,14,Crowd (at the trial),Bob Ewell,Directed,1,219,Knows
106,15,Crowd (at the trial),Mayella Ewell,Directed,1,219,Knows
122,6,"""Four N*****s"" (219)",Dill Harris,Directed,1,219,Knows
106,80,Crowd (at the trial),Tom Robinson,Directed,1,219,Knows
106,79,Crowd (at the trial),Tom Robinson's Trial,Directed,1,219,Knows
106,11,Crowd (at the trial),Heck Tate,Directed,1,219,Knows
80,79,Tom Robinson,Tom Robinson's Trial,Directed,1,219,Knows
79,105,Tom Robinson's Trial,Tom Robinson's jury,Directed,1,219,Knows
9,79,Atticus Finch,Tom Robinson's Trial,Directed,1,219,Knows
122,8,"""Four N*****s"" (219)",Jem Finch,Directed,1,219,Knows
79,105,Tom Robinson's Trial,Tom Robinson's jury,Directed,1,220,Knows
125,79,Judge Taylor,Tom Robinson's Trial,Directed,1,220,Knows
5,125,Scout Finch,Judge Taylor,Directed,1,220,Knows of
127,128,Jeems Cunningham,Jeems Cunningham's mother,Directed,1,220,Knows
6,79,Dill Harris,Tom Robinson's Trial,Directed,1,220,Knows
5,8,Scout Finch,Jem Finch,Directed,1,220,Knows of
125,126,Judge Taylor,The Coninghams,Directed,1,220,Knows
105,79,Tom Robinson's jury,Tom Robinson's Trial,Directed,1,220,Knows
5,6,Scout Finch,Dill Harris,Directed,1,220,Knows of
79,6,Tom Robinson's Trial,Dill Harris,Directed,1,220,Knows
125,48,Judge Taylor,The Cunninghams,Directed,1,220,Knows
127,125,Jeems Cunningham,Judge Taylor,Directed,1,220,Exchange
79,125,Tom Robinson's Trial,Judge Taylor,Directed,1,220,Knows
5,121,Scout Finch,Reverend Sykes,Directed,1,220,Knows of
79,106,Tom Robinson's Trial,Crowd (at the trial),Directed,1,220,Knows
128,127,Jeems Cunningham's mother,Jeems Cunningham,Directed,1,220,Knows
128,125,Jeems Cunningham's mother,Judge Taylor,Directed,1,220,Knows
128,126,Jeems Cunningham's mother,The Coninghams,Directed,1,220,Knows
5,128,Scout Finch,Jeems Cunningham's mother,Directed,1,220,Knows of
5,127,Scout Finch,Jeems Cunningham,Directed,1,220,Knows of
122,79,"""Four N*****s"" (219)",Tom Robinson's Trial,Directed,1,220,Knows
79,8,Tom Robinson's Trial,Jem Finch,Directed,1,220,Knows
125,128,Judge Taylor,Jeems Cunningham's mother,Directed,1,220,Knows
5,126,Scout Finch,The Coninghams,Directed,1,220,Knows of
128,48,Jeems Cunningham's mother,The Cunninghams,Directed,1,220,Knows
5,124,Scout Finch,Mr. Whitley,Directed,1,220,Knows of
127,48,Jeems Cunningham,The Cunninghams,Directed,1,220,Knows
5,48,Scout Finch,The Cunninghams,Directed,1,220,Knows of
5,123,Scout Finch,Mr. Gilmer,Directed,1,220,Knows of
127,126,Jeems Cunningham,The Coninghams,Directed,1,220,Knows
125,127,Judge Taylor,Jeems Cunningham,Directed,1,220,Exchange
79,122,Tom Robinson's Trial,"""Four N*****s"" (219)",Directed,1,220,Knows
125,124,Judge Taylor,Mr. Whitley,Directed,1,220,Exchange
106,79,Crowd (at the trial),Tom Robinson's Trial,Directed,1,220,Knows
5,79,Scout Finch,Tom Robinson's Trial,Directed,1,220,Knows of
48,128,The Cunninghams,Jeems Cunningham's mother,Directed,1,220,Knows
48,127,The Cunninghams,Jeems Cunningham,Directed,1,220,Knows
126,48,The Coninghams,The Cunninghams,Directed,1,220,Knows
126,125,The Coninghams,Judge Taylor,Directed,1,220,Knows
48,126,The Cunninghams,The Coninghams,Directed,1,220,Knows
126,128,The Coninghams,Jeems Cunningham's mother,Directed,1,220,Knows
126,127,The Coninghams,Jeems Cunningham,Directed,1,220,Knows
5,9,Scout Finch,Atticus Finch,Directed,1,220,Knows of
8,79,Jem Finch,Tom Robinson's Trial,Directed,1,220,Knows
123,79,Mr. Gilmer,Tom Robinson's Trial,Directed,1,220,Knows
9,79,Atticus Finch,Tom Robinson's Trial,Directed,1,220,Knows
80,79,Tom Robinson,Tom Robinson's Trial,Directed,1,220,Knows
5,105,Scout Finch,Tom Robinson's jury,Directed,1,220,Knows of
5,106,Scout Finch,Crowd (at the trial),Directed,1,220,Knows of
48,125,The Cunninghams,Judge Taylor,Directed,1,220,Knows
121,79,Reverend Sykes,Tom Robinson's Trial,Directed,1,220,Knows
5,122,Scout Finch,"""Four N*****s"" (219)",Directed,1,220,Knows of
5,80,Scout Finch,Tom Robinson,Directed,1,220,Knows of
79,123,Tom Robinson's Trial,Mr. Gilmer,Directed,1,220,Knows
124,125,Mr. Whitley,Judge Taylor,Directed,1,220,Exchange
79,80,Tom Robinson's Trial,Tom Robinson,Directed,1,220,Knows
79,121,Tom Robinson's Trial,Reverend Sykes,Directed,1,220,Knows
79,9,Tom Robinson's Trial,Atticus Finch,Directed,1,220,Knows
9,79,Atticus Finch,Tom Robinson's Trial,Directed,1,221,Knows
79,105,Tom Robinson's Trial,Tom Robinson's jury,Directed,1,221,Knows
11,125,Heck Tate,Judge Taylor,Directed,1,221,Knows
8,79,Jem Finch,Tom Robinson's Trial,Directed,1,221,Knows
9,125,Atticus Finch,Judge Taylor,Directed,1,221,Knows
129,125,Mrs. Taylor,Judge Taylor,Directed,1,221,Knows
125,126,Judge Taylor,The Coninghams,Directed,1,221,Exchange
129,9,Mrs. Taylor,Atticus Finch,Directed,1,221,Knows
5,122,Scout Finch,"""Four N*****s"" (219)",Directed,1,221,Knows of
105,79,Tom Robinson's jury,Tom Robinson's Trial,Directed,1,221,Knows
125,48,Judge Taylor,The Cunninghams,Directed,1,221,Exchange
125,11,Judge Taylor,Heck Tate,Directed,1,221,Knows
79,123,Tom Robinson's Trial,Mr. Gilmer,Directed,1,221,Knows
126,125,The Coninghams,Judge Taylor,Directed,1,221,Exchange
125,79,Judge Taylor,Tom Robinson's Trial,Directed,1,221,Knows
79,8,Tom Robinson's Trial,Jem Finch,Directed,1,221,Knows
121,79,Reverend Sykes,Tom Robinson's Trial,Directed,1,221,Knows
48,125,The Cunninghams,Judge Taylor,Directed,1,221,Exchange
79,125,Tom Robinson's Trial,Judge Taylor,Directed,1,221,Knows
5,123,Scout Finch,Mr. Gilmer,Directed,1,221,Knows of
5,125,Scout Finch,Judge Taylor,Directed,1,221,Knows of
5,129,Scout Finch,Mrs. Taylor,Directed,1,221,Knows of
79,80,Tom Robinson's Trial,Tom Robinson,Directed,1,221,Knows
125,9,Judge Taylor,Atticus Finch,Directed,1,221,Knows
5,6,Scout Finch,Dill Harris,Directed,1,221,Knows of
9,129,Atticus Finch,Mrs. Taylor,Directed,1,221,Knows
79,122,Tom Robinson's Trial,"""Four N*****s"" (219)",Directed,1,221,Knows
79,121,Tom Robinson's Trial,Reverend Sykes,Directed,1,221,Knows
5,80,Scout Finch,Tom Robinson,Directed,1,221,Knows of
5,11,Scout Finch,Heck Tate,Directed,1,221,Knows of
11,79,Heck Tate,Tom Robinson's Trial,Directed,1,221,Knows
5,48,Scout Finch,The Cunninghams,Directed,1,221,Knows of
5,106,Scout Finch,Crowd (at the trial),Directed,1,221,Knows of
5,8,Scout Finch,Jem Finch,Directed,1,221,Knows of
5,126,Scout Finch,The Coninghams,Directed,1,221,Knows of
9,5,Atticus Finch,Scout Finch,Directed,1,221,Exchange
122,79,"""Four N*****s"" (219)",Tom Robinson's Trial,Directed,1,221,Knows
5,79,Scout Finch,Tom Robinson's Trial,Directed,1,221,Knows of
80,79,Tom Robinson,Tom Robinson's Trial,Directed,1,221,Knows
79,6,Tom Robinson's Trial,Dill Harris,Directed,1,221,Knows
79,106,Tom Robinson's Trial,Crowd (at the trial),Directed,1,221,Knows
5,121,Scout Finch,Reverend Sykes,Directed,1,221,Knows of
6,79,Dill Harris,Tom Robinson's Trial,Directed,1,221,Knows
125,129,Judge Taylor,Mrs. Taylor,Directed,1,221,Knows
5,105,Scout Finch,Tom Robinson's jury,Directed,1,221,Knows of
5,9,Scout Finch,Atticus Finch,Directed,1,221,Exchange
123,79,Mr. Gilmer,Tom Robinson's Trial,Directed,1,221,Knows
79,9,Tom Robinson's Trial,Atticus Finch,Directed,1,221,Knows
106,79,Crowd (at the trial),Tom Robinson's Trial,Directed,1,221,Knows
79,11,Tom Robinson's Trial,Heck Tate,Directed,1,221,Knows
11,8,Heck Tate,Jem Finch,Directed,1,222,Knows
79,14,Tom Robinson's Trial,Bob Ewell,Directed,1,222,Knows
14,79,Bob Ewell,Tom Robinson's Trial,Directed,1,222,Knows
14,5,Bob Ewell,Scout Finch,Directed,1,222,Knows
14,15,Bob Ewell,Mayella Ewell,Directed,1,222,Knows
79,11,Tom Robinson's Trial,Heck Tate,Directed,1,222,Knows
123,79,Mr. Gilmer,Tom Robinson's Trial,Directed,1,222,Knows
15,14,Mayella Ewell,Bob Ewell,Directed,1,222,Knows
11,79,Heck Tate,Tom Robinson's Trial,Directed,1,222,Knows
5,14,Scout Finch,Bob Ewell,Directed,1,222,Knows
11,123,Heck Tate,Mr. Gilmer,Directed,1,222,Exchange
15,5,Mayella Ewell,Scout Finch,Directed,1,222,Knows
15,79,Mayella Ewell,Tom Robinson's Trial,Directed,1,222,Knows
123,11,Mr. Gilmer,Heck Tate,Directed,1,222,Exchange
5,123,Scout Finch,Mr. Gilmer,Directed,1,222,Knows of
5,15,Scout Finch,Mayella Ewell,Directed,1,222,Knows
79,8,Tom Robinson's Trial,Jem Finch,Directed,1,222,Knows
5,79,Scout Finch,Tom Robinson's Trial,Directed,1,222,Knows of
5,11,Scout Finch,Heck Tate,Directed,1,222,Knows of
5,8,Scout Finch,Jem Finch,Directed,1,222,Exchange
123,8,Mr. Gilmer,Jem Finch,Directed,1,222,Knows
8,123,Jem Finch,Mr. Gilmer,Directed,1,222,Knows
79,123,Tom Robinson's Trial,Mr. Gilmer,Directed,1,222,Knows
79,15,Tom Robinson's Trial,Mayella Ewell,Directed,1,222,Knows
8,11,Jem Finch,Heck Tate,Directed,1,222,Knows
8,79,Jem Finch,Tom Robinson's Trial,Directed,1,222,Knows
8,5,Jem Finch,Scout Finch,Directed,1,222,Exchange
79,123,Tom Robinson's Trial,Mr. Gilmer,Directed,1,223,Knows
105,79,Tom Robinson's jury,Tom Robinson's Trial,Directed,1,223,Knows
11,80,Heck Tate,Tom Robinson,Directed,1,223,Knows
79,125,Tom Robinson's Trial,Judge Taylor,Directed,1,223,Knows
11,79,Heck Tate,Tom Robinson's Trial,Directed,1,223,Knows
79,11,Tom Robinson's Trial,Heck Tate,Directed,1,223,Knows
14,15,Bob Ewell,Mayella Ewell,Directed,1,223,Knows
79,9,Tom Robinson's Trial,Atticus Finch,Directed,1,223,Knows
5,14,Scout Finch,Bob Ewell,Directed,1,223,Knows of
5,15,Scout Finch,Mayella Ewell,Directed,1,223,Knows of
5,105,Scout Finch,Tom Robinson's jury,Directed,1,223,Knows of
79,80,Tom Robinson's Trial,Tom Robinson,Directed,1,223,Knows
105,11,Tom Robinson's jury,Heck Tate,Directed,1,223,Knows
14,80,Bob Ewell,Tom Robinson,Directed,1,223,Knows
125,9,Judge Taylor,Atticus Finch,Directed,1,223,Exchange
9,79,Atticus Finch,Tom Robinson's Trial,Directed,1,223,Knows
14,79,Bob Ewell,Tom Robinson's Trial,Directed,1,223,Knows
11,105,Heck Tate,Tom Robinson's jury,Directed,1,223,Knows
79,14,Tom Robinson's Trial,Bob Ewell,Directed,1,223,Knows
79,15,Tom Robinson's Trial,Mayella Ewell,Directed,1,223,Knows
11,15,Heck Tate,Mayella Ewell,Directed,1,223,Exchange
79,105,Tom Robinson's Trial,Tom Robinson's jury,Directed,1,223,Knows
11,123,Heck Tate,Mr. Gilmer,Directed,1,223,Exchange
5,123,Scout Finch,Mr. Gilmer,Directed,1,223,Knows of
5,9,Scout Finch,Atticus Finch,Directed,1,223,Knows of
123,105,Mr. Gilmer,Tom Robinson's jury,Directed,1,223,Knows
123,79,Mr. Gilmer,Tom Robinson's Trial,Directed,1,223,Knows
105,123,Tom Robinson's jury,Mr. Gilmer,Directed,1,223,Knows
11,14,Heck Tate,Bob Ewell,Directed,1,223,Exchange
80,15,Tom Robinson,Mayella Ewell,Directed,1,223,Knows
15,11,Mayella Ewell,Heck Tate,Directed,1,223,Exchange
80,11,Tom Robinson,Heck Tate,Directed,1,223,Knows
15,14,Mayella Ewell,Bob Ewell,Directed,1,223,Knows
15,79,Mayella Ewell,Tom Robinson's Trial,Directed,1,223,Knows
80,14,Tom Robinson,Bob Ewell,Directed,1,223,Knows
123,11,Mr. Gilmer,Heck Tate,Directed,1,223,Exchange
5,80,Scout Finch,Tom Robinson,Directed,1,223,Knows of
80,79,Tom Robinson,Tom Robinson's Trial,Directed,1,223,Knows
5,125,Scout Finch,Judge Taylor,Directed,1,223,Knows of
5,11,Scout Finch,Heck Tate,Directed,1,223,Knows of
9,125,Atticus Finch,Judge Taylor,Directed,1,223,Exchange
125,79,Judge Taylor,Tom Robinson's Trial,Directed,1,223,Knows
5,79,Scout Finch,Tom Robinson's Trial,Directed,1,223,Knows of
14,11,Bob Ewell,Heck Tate,Directed,1,223,Exchange
15,80,Mayella Ewell,Tom Robinson,Directed,1,223,Knows
5,9,Scout Finch,Atticus Finch,Directed,1,224,Knows of
15,11,Mayella Ewell,Heck Tate,Directed,1,224,Exchange
125,9,Judge Taylor,Atticus Finch,Directed,1,224,Exchange
5,79,Scout Finch,Tom Robinson's Trial,Directed,1,224,Knows of
15,79,Mayella Ewell,Tom Robinson's Trial,Directed,1,224,Knows
79,6,Tom Robinson's Trial,Dill Harris,Directed,1,224,Knows
5,121,Scout Finch,Reverend Sykes,Directed,1,224,Knows of
5,14,Scout Finch,Bob Ewell,Directed,1,224,Knows of
5,6,Scout Finch,Dill Harris,Directed,1,224,Knows of
79,11,Tom Robinson's Trial,Heck Tate,Directed,1,224,Knows
125,11,Judge Taylor,Heck Tate,Directed,1,224,Knows
79,125,Tom Robinson's Trial,Judge Taylor,Directed,1,224,Knows
9,15,Atticus Finch,Mayella Ewell,Directed,1,224,Knows
79,8,Tom Robinson's Trial,Jem Finch,Directed,1,224,Knows
5,8,Scout Finch,Jem Finch,Directed,1,224,Exchange
6,79,Dill Harris,Tom Robinson's Trial,Directed,1,224,Knows
9,79,Atticus Finch,Tom Robinson's Trial,Directed,1,224,Knows
11,15,Heck Tate,Mayella Ewell,Directed,1,224,Exchange
5,11,Scout Finch,Heck Tate,Directed,1,224,Knows of
14,11,Bob Ewell,Heck Tate,Directed,1,224,Exchange
8,79,Jem Finch,Tom Robinson's Trial,Directed,1,224,Knows
6,121,Dill Harris,Reverend Sykes,Directed,1,224,Knows
11,14,Heck Tate,Bob Ewell,Directed,1,224,Exchange
5,125,Scout Finch,Judge Taylor,Directed,1,224,Knows of
125,79,Judge Taylor,Tom Robinson's Trial,Directed,1,224,Knows
9,125,Atticus Finch,Judge Taylor,Directed,1,224,Exchange
11,125,Heck Tate,Judge Taylor,Directed,1,224,Knows
121,79,Reverend Sykes,Tom Robinson's Trial,Directed,1,224,Knows
9,11,Atticus Finch,Heck Tate,Directed,1,224,Exchange
11,9,Heck Tate,Atticus Finch,Directed,1,224,Exchange
11,79,Heck Tate,Tom Robinson's Trial,Directed,1,224,Knows
121,6,Reverend Sykes,Dill Harris,Directed,1,224,Knows
79,9,Tom Robinson's Trial,Atticus Finch,Directed,1,224,Knows
79,15,Tom Robinson's Trial,Mayella Ewell,Directed,1,224,Knows
15,9,Mayella Ewell,Atticus Finch,Directed,1,224,Knows
8,5,Jem Finch,Scout Finch,Directed,1,224,Exchange
79,121,Tom Robinson's Trial,Reverend Sykes,Directed,1,224,Knows
5,15,Scout Finch,Mayella Ewell,Directed,1,224,Knows of
5,15,Scout Finch,Mayella Ewell,Directed,1,225,Knows of
15,9,Mayella Ewell,Atticus Finch,Directed,1,225,Knows
5,9,Scout Finch,Atticus Finch,Directed,1,225,Knows of
5,80,Scout Finch,Tom Robinson,Directed,1,225,Knows of
11,130,Heck Tate,Court reporter,Directed,1,225,Knows
79,130,Tom Robinson's Trial,Court reporter,Directed,1,225,Knows
15,130,Mayella Ewell,Court reporter,Directed,1,225,Knows
79,11,Tom Robinson's Trial,Heck Tate,Directed,1,225,Knows
79,15,Tom Robinson's Trial,Mayella Ewell,Directed,1,225,Knows
79,9,Tom Robinson's Trial,Atticus Finch,Directed,1,225,Knows
15,11,Mayella Ewell,Heck Tate,Directed,1,225,Knows
5,130,Scout Finch,Court reporter,Directed,1,225,Knows of
130,9,Court reporter,Atticus Finch,Directed,1,225,Exchange
130,15,Court reporter,Mayella Ewell,Directed,1,225,Knows
11,79,Heck Tate,Tom Robinson's Trial,Directed,1,225,Knows
80,11,Tom Robinson,Heck Tate,Directed,1,225,Knows
130,79,Court reporter,Tom Robinson's Trial,Directed,1,225,Knows
9,15,Atticus Finch,Mayella Ewell,Directed,1,225,Knows
9,79,Atticus Finch,Tom Robinson's Trial,Directed,1,225,Knows
11,15,Heck Tate,Mayella Ewell,Directed,1,225,Knows
11,80,Heck Tate,Tom Robinson,Directed,1,225,Knows
11,9,Heck Tate,Atticus Finch,Directed,1,225,Exchange
5,79,Scout Finch,Tom Robinson's Trial,Directed,1,225,Knows of
9,11,Atticus Finch,Heck Tate,Directed,1,225,Exchange
130,11,Court reporter,Heck Tate,Directed,1,225,Knows
15,79,Mayella Ewell,Tom Robinson's Trial,Directed,1,225,Knows
5,11,Scout Finch,Heck Tate,Directed,1,225,Knows of
9,130,Atticus Finch,Court reporter,Directed,1,225,Exchange
79,122,Tom Robinson's Trial,"""Four N*****s"" (219)",Directed,1,226,Knows
11,125,Heck Tate,Judge Taylor,Directed,1,226,Exchange
125,123,Judge Taylor,Mr. Gilmer,Directed,1,226,Exchange
106,79,Crowd (at the trial),Tom Robinson's Trial,Directed,1,226,Knows
9,15,Atticus Finch,Mayella Ewell,Directed,1,226,Knows
123,79,Mr. Gilmer,Tom Robinson's Trial,Directed,1,226,Knows
122,5,"""Four N*****s"" (219)",Scout Finch,Directed,1,226,Knows
11,9,Heck Tate,Atticus Finch,Directed,1,226,Exchange
6,79,Dill Harris,Tom Robinson's Trial,Directed,1,226,Knows
79,8,Tom Robinson's Trial,Jem Finch,Directed,1,226,Knows
125,79,Judge Taylor,Tom Robinson's Trial,Directed,1,226,Knows
5,8,Scout Finch,Jem Finch,Directed,1,226,Knows of
79,15,Tom Robinson's Trial,Mayella Ewell,Directed,1,226,Knows
125,8,Judge Taylor,Jem Finch,Directed,1,226,Knows
106,5,Crowd (at the trial),Scout Finch,Directed,1,226,Knows
79,6,Tom Robinson's Trial,Dill Harris,Directed,1,226,Knows
5,121,Scout Finch,Reverend Sykes,Directed,1,226,Knows of
106,125,Crowd (at the trial),Judge Taylor,Directed,1,226,Knows
9,123,Atticus Finch,Mr. Gilmer,Directed,1,226,Exchange
123,9,Mr. Gilmer,Atticus Finch,Directed,1,226,Exchange
79,9,Tom Robinson's Trial,Atticus Finch,Directed,1,226,Knows
123,125,Mr. Gilmer,Judge Taylor,Directed,1,226,Exchange
15,11,Mayella Ewell,Heck Tate,Directed,1,226,Knows
11,79,Heck Tate,Tom Robinson's Trial,Directed,1,226,Knows
5,122,Scout Finch,"""Four N*****s"" (219)",Directed,1,226,Knows
79,121,Tom Robinson's Trial,Reverend Sykes,Directed,1,226,Knows
5,80,Scout Finch,Tom Robinson,Directed,1,226,Knows of
5,125,Scout Finch,Judge Taylor,Directed,1,226,Knows of
80,9,Tom Robinson,Atticus Finch,Directed,1,226,Exchange
5,15,Scout Finch,Mayella Ewell,Directed,1,226,Knows of
79,11,Tom Robinson's Trial,Heck Tate,Directed,1,226,Knows
9,79,Atticus Finch,Tom Robinson's Trial,Directed,1,226,Knows
6,121,Dill Harris,Reverend Sykes,Directed,1,226,Exchange
5,6,Scout Finch,Dill Harris,Directed,1,226,Knows of
122,79,"""Four N*****s"" (219)",Tom Robinson's Trial,Directed,1,226,Knows
79,123,Tom Robinson's Trial,Mr. Gilmer,Directed,1,226,Knows
5,79,Scout Finch,Tom Robinson's Trial,Directed,1,226,Knows of
9,11,Atticus Finch,Heck Tate,Directed,1,226,Exchange
11,15,Heck Tate,Mayella Ewell,Directed,1,226,Knows
8,125,Jem Finch,Judge Taylor,Directed,1,226,Knows
9,80,Atticus Finch,Tom Robinson,Directed,1,226,Exchange
15,79,Mayella Ewell,Tom Robinson's Trial,Directed,1,226,Knows
15,9,Mayella Ewell,Atticus Finch,Directed,1,226,Knows
125,106,Judge Taylor,Crowd (at the trial),Directed,1,226,Knows
5,11,Scout Finch,Heck Tate,Directed,1,226,Knows of
5,9,Scout Finch,Atticus Finch,Directed,1,226,Knows of
5,123,Scout Finch,Mr. Gilmer,Directed,1,226,Knows of
79,106,Tom Robinson's Trial,Crowd (at the trial),Directed,1,226,Knows
5,106,Scout Finch,Crowd (at the trial),Directed,1,226,Knows
8,79,Jem Finch,Tom Robinson's Trial,Directed,1,226,Knows
121,6,Reverend Sykes,Dill Harris,Directed,1,226,Exchange
79,125,Tom Robinson's Trial,Judge Taylor,Directed,1,226,Knows
125,11,Judge Taylor,Heck Tate,Directed,1,226,Exchange
121,79,Reverend Sykes,Tom Robinson's Trial,Directed,1,226,Knows
117,106,Circuit clerk,Crowd (at the trial),Directed,1,227,Knows
14,79,Bob Ewell,Tom Robinson's Trial,Directed,1,227,Knows
5,8,Scout Finch,Jem Finch,Directed,1,227,Knows of
106,79,Crowd (at the trial),Tom Robinson's Trial,Directed,1,227,Knows
117,14,Circuit clerk,Bob Ewell,Directed,1,227,Exchange
5,79,Scout Finch,Tom Robinson's Trial,Directed,1,227,Knows of
125,8,Judge Taylor,Jem Finch,Directed,1,227,Knows
79,125,Tom Robinson's Trial,Judge Taylor,Directed,1,227,Knows
125,79,Judge Taylor,Tom Robinson's Trial,Directed,1,227,Knows
79,8,Tom Robinson's Trial,Jem Finch,Directed,1,227,Knows
5,106,Scout Finch,Crowd (at the trial),Directed,1,227,Knows of
5,117,Scout Finch,Circuit clerk,Directed,1,227,Knows of
5,125,Scout Finch,Judge Taylor,Directed,1,227,Knows of
14,19,Bob Ewell,God,Directed,1,227,Knows
8,79,Jem Finch,Tom Robinson's Trial,Directed,1,227,Knows
106,117,Crowd (at the trial),Circuit clerk,Directed,1,227,Knows
79,106,Tom Robinson's Trial,Crowd (at the trial),Directed,1,227,Knows
8,125,Jem Finch,Judge Taylor,Directed,1,227,Knows
5,19,Scout Finch,God,Directed,1,227,Knows of
19,14,God,Bob Ewell,Directed,1,227,Knows
14,117,Bob Ewell,Circuit clerk,Directed,1,227,Exchange
79,14,Tom Robinson's Trial,Bob Ewell,Directed,1,227,Knows
5,14,Scout Finch,Bob Ewell,Directed,1,227,Knows of
5,132,Scout Finch,Garbage collector,Directed,1,228,Knows of
9,79,Atticus Finch,Tom Robinson's Trial,Directed,1,228,Knows
15,79,Mayella Ewell,Tom Robinson's Trial,Directed,1,228,Knows
8,9,Jem Finch,Atticus Finch,Directed,1,228,Knows
9,8,Atticus Finch,Jem Finch,Directed,1,228,Knows
132,131,Garbage collector,Maycomb's mayor,Directed,1,228,Knows
5,15,Scout Finch,Mayella Ewell,Directed,1,228,Knows of
79,15,Tom Robinson's Trial,Mayella Ewell,Directed,1,228,Knows
55,5,Miss Maudie Atkinson,Scout Finch,Directed,1,228,Knows
79,9,Tom Robinson's Trial,Atticus Finch,Directed,1,228,Knows
79,8,Tom Robinson's Trial,Jem Finch,Directed,1,228,Knows
9,131,Atticus Finch,Maycomb's mayor,Directed,1,228,Exchange
8,131,Jem Finch,Maycomb's mayor,Directed,1,228,Exchange
5,8,Scout Finch,Jem Finch,Directed,1,228,Knows of
8,79,Jem Finch,Tom Robinson's Trial,Directed,1,228,Knows
5,55,Scout Finch,Miss Maudie Atkinson,Directed,1,228,Knows
5,9,Scout Finch,Atticus Finch,Directed,1,228,Knows of
136,5,Mayella Ewell's siblings,Scout Finch,Directed,1,228,Knows of
5,136,Scout Finch,Mayella Ewell's siblings,Directed,1,228,Knows of
5,79,Scout Finch,Tom Robinson's Trial,Directed,1,228,Knows of
131,5,Maycomb's mayor,Scout Finch,Directed,1,228,Exchange
131,8,Maycomb's mayor,Jem Finch,Directed,1,228,Exchange
131,132,Maycomb's mayor,Garbage collector,Directed,1,228,Knows
131,9,Maycomb's mayor,Atticus Finch,Directed,1,228,Exchange
5,131,Scout Finch,Maycomb's mayor,Directed,1,228,Exchange
8,79,Jem Finch,Tom Robinson's Trial,Directed,1,229,Knows
9,133,Atticus Finch,Maycomb's Black community,Directed,1,229,Knows
5,123,Scout Finch,Mr. Gilmer,Directed,1,229,Knows of
9,79,Atticus Finch,Tom Robinson's Trial,Directed,1,229,Knows
133,8,Maycomb's Black community,Jem Finch,Directed,1,229,Knows
8,133,Jem Finch,Maycomb's Black community,Directed,1,229,Knows
5,8,Scout Finch,Jem Finch,Directed,1,229,Knows of
79,123,Tom Robinson's Trial,Mr. Gilmer,Directed,1,229,Knows
5,9,Scout Finch,Atticus Finch,Directed,1,229,Knows of
5,133,Scout Finch,Maycomb's Black community,Directed,1,229,Knows of
14,123,Bob Ewell,Mr. Gilmer,Directed,1,229,Exchange
14,79,Bob Ewell,Tom Robinson's Trial,Directed,1,229,Knows
123,9,Mr. Gilmer,Atticus Finch,Directed,1,229,Knows
9,123,Atticus Finch,Mr. Gilmer,Directed,1,229,Knows
5,79,Scout Finch,Tom Robinson's Trial,Directed,1,229,Knows of
9,8,Atticus Finch,Jem Finch,Directed,1,229,Knows
5,14,Scout Finch,Bob Ewell,Directed,1,229,Knows of
79,8,Tom Robinson's Trial,Jem Finch,Directed,1,229,Knows
133,14,Maycomb's Black community,Bob Ewell,Directed,1,229,Knows
133,9,Maycomb's Black community,Atticus Finch,Directed,1,229,Knows
14,133,Bob Ewell,Maycomb's Black community,Directed,1,229,Knows
79,9,Tom Robinson's Trial,Atticus Finch,Directed,1,229,Knows
8,9,Jem Finch,Atticus Finch,Directed,1,229,Knows
123,14,Mr. Gilmer,Bob Ewell,Directed,1,229,Exchange
123,79,Mr. Gilmer,Tom Robinson's Trial,Directed,1,229,Knows
79,14,Tom Robinson's Trial,Bob Ewell,Directed,1,229,Knows
79,8,Tom Robinson's Trial,Jem Finch,Directed,1,230,Knows
14,125,Bob Ewell,Judge Taylor,Directed,1,230,Exchange
5,79,Scout Finch,Tom Robinson's Trial,Directed,1,230,Knows of
134,15,Mayella Ewell's mother,Mayella Ewell,Directed,1,230,Knows
79,9,Tom Robinson's Trial,Atticus Finch,Directed,1,230,Knows
15,79,Mayella Ewell,Tom Robinson's Trial,Directed,1,230,Knows
125,15,Judge Taylor,Mayella Ewell,Directed,1,230,Knows
14,134,Bob Ewell,Mayella Ewell's mother,Directed,1,230,Knows
5,123,Scout Finch,Mr. Gilmer,Directed,1,230,Knows of
14,15,Bob Ewell,Mayella Ewell,Directed,1,230,Knows
134,14,Mayella Ewell's mother,Bob Ewell,Directed,1,230,Knows
8,123,Jem Finch,Mr. Gilmer,Directed,1,230,Exchange
5,15,Scout Finch,Mayella Ewell,Directed,1,230,Knows of
123,9,Mr. Gilmer,Atticus Finch,Directed,1,230,Knows
14,123,Bob Ewell,Mr. Gilmer,Directed,1,230,Exchange
79,125,Tom Robinson's Trial,Judge Taylor,Directed,1,230,Knows
123,125,Mr. Gilmer,Judge Taylor,Directed,1,230,Exchange
123,8,Mr. Gilmer,Jem Finch,Directed,1,230,Exchange
5,14,Scout Finch,Bob Ewell,Directed,1,230,Knows of
79,123,Tom Robinson's Trial,Mr. Gilmer,Directed,1,230,Knows
15,125,Mayella Ewell,Judge Taylor,Directed,1,230,Knows
5,125,Scout Finch,Judge Taylor,Directed,1,230,Knows of
125,14,Judge Taylor,Bob Ewell,Directed,1,230,Exchange
123,79,Mr. Gilmer,Tom Robinson's Trial,Directed,1,230,Knows
15,134,Mayella Ewell,Mayella Ewell's mother,Directed,1,230,Knows
123,14,Mr. Gilmer,Bob Ewell,Directed,1,230,Exchange
15,123,Mayella Ewell,Mr. Gilmer,Directed,1,230,Knows
9,123,Atticus Finch,Mr. Gilmer,Directed,1,230,Knows
14,79,Bob Ewell,Tom Robinson's Trial,Directed,1,230,Knows
79,14,Tom Robinson's Trial,Bob Ewell,Directed,1,230,Knows
5,9,Scout Finch,Atticus Finch,Directed,1,230,Knows of
5,134,Scout Finch,Mayella Ewell's mother,Directed,1,230,Knows of
8,79,Jem Finch,Tom Robinson's Trial,Directed,1,230,Knows
15,14,Mayella Ewell,Bob Ewell,Directed,1,230,Knows
125,79,Judge Taylor,Tom Robinson's Trial,Directed,1,230,Knows
5,8,Scout Finch,Jem Finch,Directed,1,230,Knows of
9,79,Atticus Finch,Tom Robinson's Trial,Directed,1,230,Knows
125,123,Judge Taylor,Mr. Gilmer,Directed,1,230,Exchange
79,15,Tom Robinson's Trial,Mayella Ewell,Directed,1,230,Knows
123,15,Mr. Gilmer,Mayella Ewell,Directed,1,230,Knows
8,121,Jem Finch,Reverend Sykes,Directed,1,231,Exchange
5,8,Scout Finch,Jem Finch,Directed,1,231,Exchange
79,106,Tom Robinson's Trial,Crowd (at the trial),Directed,1,231,Knows
106,79,Crowd (at the trial),Tom Robinson's Trial,Directed,1,231,Knows
79,125,Tom Robinson's Trial,Judge Taylor,Directed,1,231,Knows
5,79,Scout Finch,Tom Robinson's Trial,Directed,1,231,Knows of
5,9,Scout Finch,Atticus Finch,Directed,1,231,Knows of
125,9,Judge Taylor,Atticus Finch,Directed,1,231,Exchange
6,79,Dill Harris,Tom Robinson's Trial,Directed,1,231,Knows
79,8,Tom Robinson's Trial,Jem Finch,Directed,1,231,Knows
79,14,Tom Robinson's Trial,Bob Ewell,Directed,1,231,Knows
14,123,Bob Ewell,Mr. Gilmer,Directed,1,231,Exchange
8,5,Jem Finch,Scout Finch,Directed,1,231,Exchange
125,106,Judge Taylor,Crowd (at the trial),Directed,1,231,Exchange
122,122,"""Four N*****s"" (219)","""Four N*****s"" (219)",Directed,1,231,Exchange
14,80,Bob Ewell,Tom Robinson,Directed,1,231,Exchange
9,79,Atticus Finch,Tom Robinson's Trial,Directed,1,231,Knows
5,15,Scout Finch,Mayella Ewell,Directed,1,231,Knows of
79,15,Tom Robinson's Trial,Mayella Ewell,Directed,1,231,Knows
106,11,Crowd (at the trial),Heck Tate,Directed,1,231,Exchange
106,125,Crowd (at the trial),Judge Taylor,Directed,1,231,Exchange
14,79,Bob Ewell,Tom Robinson's Trial,Directed,1,231,Knows
79,11,Tom Robinson's Trial,Heck Tate,Directed,1,231,Knows
125,14,Judge Taylor,Bob Ewell,Directed,1,231,Exchange
5,14,Scout Finch,Bob Ewell,Directed,1,231,Knows of
79,9,Tom Robinson's Trial,Atticus Finch,Directed,1,231,Knows
79,6,Tom Robinson's Trial,Dill Harris,Directed,1,231,Knows
79,121,Tom Robinson's Trial,Reverend Sykes,Directed,1,231,Knows
14,15,Bob Ewell,Mayella Ewell,Directed,1,231,Knows
5,123,Scout Finch,Mr. Gilmer,Directed,1,231,Knows of
14,125,Bob Ewell,Judge Taylor,Directed,1,231,Exchange
14,34,Bob Ewell,Jesus,Directed,1,231,Knows
34,14,Jesus,Bob Ewell,Directed,1,231,Knows
79,123,Tom Robinson's Trial,Mr. Gilmer,Directed,1,231,Knows
121,79,Reverend Sykes,Tom Robinson's Trial,Directed,1,231,Knows
15,79,Mayella Ewell,Tom Robinson's Trial,Directed,1,231,Knows
15,14,Mayella Ewell,Bob Ewell,Directed,1,231,Knows
11,106,Heck Tate,Crowd (at the trial),Directed,1,231,Exchange
6,8,Dill Harris,Jem Finch,Directed,1,231,Exchange
121,8,Reverend Sykes,Jem Finch,Directed,1,231,Exchange
123,79,Mr. Gilmer,Tom Robinson's Trial,Directed,1,231,Knows
5,11,Scout Finch,Heck Tate,Directed,1,231,Knows of
80,15,Tom Robinson,Mayella Ewell,Directed,1,231,Knows
125,79,Judge Taylor,Tom Robinson's Trial,Directed,1,231,Knows
15,80,Mayella Ewell,Tom Robinson,Directed,1,231,Knows
5,34,Scout Finch,Jesus,Directed,1,231,Knows of
9,125,Atticus Finch,Judge Taylor,Directed,1,231,Exchange
5,121,Scout Finch,Reverend Sykes,Directed,1,231,Knows of
5,80,Scout Finch,Tom Robinson,Directed,1,231,Knows of
15,123,Mayella Ewell,Mr. Gilmer,Directed,1,231,Knows
123,14,Mr. Gilmer,Bob Ewell,Directed,1,231,Exchange
5,106,Scout Finch,Crowd (at the trial),Directed,1,231,Knows of
123,15,Mr. Gilmer,Mayella Ewell,Directed,1,231,Knows
5,125,Scout Finch,Judge Taylor,Directed,1,231,Knows of
121,6,Reverend Sykes,Dill Harris,Directed,1,231,Knows
122,79,"""Four N*****s"" (219)",Tom Robinson's Trial,Directed,1,231,Knows
80,14,Tom Robinson,Bob Ewell,Directed,1,231,Exchange
6,121,Dill Harris,Reverend Sykes,Directed,1,231,Knows
79,80,Tom Robinson's Trial,Tom Robinson,Directed,1,231,Knows
8,6,Jem Finch,Dill Harris,Directed,1,231,Exchange
79,122,Tom Robinson's Trial,"""Four N*****s"" (219)",Directed,1,231,Knows
8,79,Jem Finch,Tom Robinson's Trial,Directed,1,231,Knows
5,122,Scout Finch,"""Four N*****s"" (219)",Directed,1,231,Knows of
80,79,Tom Robinson,Tom Robinson's Trial,Directed,1,231,Knows
5,6,Scout Finch,Dill Harris,Directed,1,231,Knows of
11,79,Heck Tate,Tom Robinson's Trial,Directed,1,231,Knows
5,6,Scout Finch,Dill Harris,Directed,1,232,Knows of
5,121,Scout Finch,Reverend Sykes,Directed,1,232,Knows
79,121,Tom Robinson's Trial,Reverend Sykes,Directed,1,232,Knows
9,125,Atticus Finch,Judge Taylor,Directed,1,232,Knows
129,9,Mrs. Taylor,Atticus Finch,Directed,1,232,Knows
9,129,Atticus Finch,Mrs. Taylor,Directed,1,232,Knows
129,125,Mrs. Taylor,Judge Taylor,Directed,1,232,Knows
14,106,Bob Ewell,Crowd (at the trial),Directed,1,232,Knows
121,9,Reverend Sykes,Atticus Finch,Directed,1,232,Knows
6,121,Dill Harris,Reverend Sykes,Directed,1,232,Knows
5,79,Scout Finch,Tom Robinson's Trial,Directed,1,232,Knows of
79,125,Tom Robinson's Trial,Judge Taylor,Directed,1,232,Knows
8,6,Jem Finch,Dill Harris,Directed,1,232,Knows
125,9,Judge Taylor,Atticus Finch,Directed,1,232,Knows
9,79,Atticus Finch,Tom Robinson's Trial,Directed,1,232,Knows
125,129,Judge Taylor,Mrs. Taylor,Directed,1,232,Knows
5,9,Scout Finch,Atticus Finch,Directed,1,232,Exchange
5,106,Scout Finch,Crowd (at the trial),Directed,1,232,Knows of
125,14,Judge Taylor,Bob Ewell,Directed,1,232,Exchange
79,14,Tom Robinson's Trial,Bob Ewell,Directed,1,232,Knows
14,79,Bob Ewell,Tom Robinson's Trial,Directed,1,232,Knows
79,6,Tom Robinson's Trial,Dill Harris,Directed,1,232,Knows
9,6,Atticus Finch,Dill Harris,Directed,1,232,Knows
106,125,Crowd (at the trial),Judge Taylor,Directed,1,232,Exchange
5,14,Scout Finch,Bob Ewell,Directed,1,232,Knows of
5,123,Scout Finch,Mr. Gilmer,Directed,1,232,Knows of
5,125,Scout Finch,Judge Taylor,Directed,1,232,Knows of
6,9,Dill Harris,Atticus Finch,Directed,1,232,Knows
8,9,Jem Finch,Atticus Finch,Directed,1,232,Knows
125,106,Judge Taylor,Crowd (at the trial),Directed,1,232,Exchange
6,79,Dill Harris,Tom Robinson's Trial,Directed,1,232,Knows
5,8,Scout Finch,Jem Finch,Directed,1,232,Exchange
79,8,Tom Robinson's Trial,Jem Finch,Directed,1,232,Knows
121,79,Reverend Sykes,Tom Robinson's Trial,Directed,1,232,Knows
79,123,Tom Robinson's Trial,Mr. Gilmer,Directed,1,232,Knows
106,79,Crowd (at the trial),Tom Robinson's Trial,Directed,1,232,Knows
8,121,Jem Finch,Reverend Sykes,Directed,1,232,Exchange
14,125,Bob Ewell,Judge Taylor,Directed,1,232,Exchange
121,5,Reverend Sykes,Scout Finch,Directed,1,232,Knows
5,129,Scout Finch,Mrs. Taylor,Directed,1,232,Knows of
8,5,Jem Finch,Scout Finch,Directed,1,232,Exchange
79,106,Tom Robinson's Trial,Crowd (at the trial),Directed,1,232,Knows
123,125,Mr. Gilmer,Judge Taylor,Directed,1,232,Exchange
9,8,Atticus Finch,Jem Finch,Directed,1,232,Knows
125,123,Judge Taylor,Mr. Gilmer,Directed,1,232,Exchange
121,8,Reverend Sykes,Jem Finch,Directed,1,232,Exchange
123,79,Mr. Gilmer,Tom Robinson's Trial,Directed,1,232,Knows
9,5,Atticus Finch,Scout Finch,Directed,1,232,Exchange
79,9,Tom Robinson's Trial,Atticus Finch,Directed,1,232,Knows
6,8,Dill Harris,Jem Finch,Directed,1,232,Knows
9,121,Atticus Finch,Reverend Sykes,Directed,1,232,Knows
125,79,Judge Taylor,Tom Robinson's Trial,Directed,1,232,Knows
121,6,Reverend Sykes,Dill Harris,Directed,1,232,Knows
8,79,Jem Finch,Tom Robinson's Trial,Directed,1,232,Knows
106,14,Crowd (at the trial),Bob Ewell,Directed,1,232,Knows
79,106,Tom Robinson's Trial,Crowd (at the trial),Directed,1,233,Knows
80,14,Tom Robinson,Bob Ewell,Directed,1,233,Knows
80,123,Tom Robinson,Mr. Gilmer,Directed,1,233,Knows
80,15,Tom Robinson,Mayella Ewell,Directed,1,233,Knows
125,80,Judge Taylor,Tom Robinson,Directed,1,233,Knows
79,14,Tom Robinson's Trial,Bob Ewell,Directed,1,233,Knows
79,125,Tom Robinson's Trial,Judge Taylor,Directed,1,233,Knows
106,79,Crowd (at the trial),Tom Robinson's Trial,Directed,1,233,Knows
15,14,Mayella Ewell,Bob Ewell,Directed,1,233,Knows
106,5,Crowd (at the trial),Scout Finch,Directed,1,233,Knows
123,79,Mr. Gilmer,Tom Robinson's Trial,Directed,1,233,Knows
80,125,Tom Robinson,Judge Taylor,Directed,1,233,Knows
5,125,Scout Finch,Judge Taylor,Directed,1,233,Knows of
123,80,Mr. Gilmer,Tom Robinson,Directed,1,233,Knows
5,80,Scout Finch,Tom Robinson,Directed,1,233,Knows of
5,15,Scout Finch,Mayella Ewell,Directed,1,233,Knows of
79,15,Tom Robinson's Trial,Mayella Ewell,Directed,1,233,Knows
79,9,Tom Robinson's Trial,Atticus Finch,Directed,1,233,Knows
79,123,Tom Robinson's Trial,Mr. Gilmer,Directed,1,233,Knows
15,79,Mayella Ewell,Tom Robinson's Trial,Directed,1,233,Knows
5,14,Scout Finch,Bob Ewell,Directed,1,233,Knows of
125,15,Judge Taylor,Mayella Ewell,Directed,1,233,Knows
14,123,Bob Ewell,Mr. Gilmer,Directed,1,233,Exchange
5,79,Scout Finch,Tom Robinson's Trial,Directed,1,233,Knows of
125,79,Judge Taylor,Tom Robinson's Trial,Directed,1,233,Knows
9,80,Atticus Finch,Tom Robinson,Directed,1,233,Exchange
14,80,Bob Ewell,Tom Robinson,Directed,1,233,Knows
9,79,Atticus Finch,Tom Robinson's Trial,Directed,1,233,Knows
15,80,Mayella Ewell,Tom Robinson,Directed,1,233,Knows
5,9,Scout Finch,Atticus Finch,Directed,1,233,Knows of
14,15,Bob Ewell,Mayella Ewell,Directed,1,233,Knows
15,125,Mayella Ewell,Judge Taylor,Directed,1,233,Knows
9,123,Atticus Finch,Mr. Gilmer,Directed,1,233,Exchange
5,123,Scout Finch,Mr. Gilmer,Directed,1,233,Knows of
123,14,Mr. Gilmer,Bob Ewell,Directed,1,233,Exchange
14,79,Bob Ewell,Tom Robinson's Trial,Directed,1,233,Knows
125,14,Judge Taylor,Bob Ewell,Directed,1,233,Exchange
5,106,Scout Finch,Crowd (at the trial),Directed,1,233,Knows
123,9,Mr. Gilmer,Atticus Finch,Directed,1,233,Exchange
80,9,Tom Robinson,Atticus Finch,Directed,1,233,Exchange
14,125,Bob Ewell,Judge Taylor,Directed,1,233,Exchange
79,15,Tom Robinson's Trial,Mayella Ewell,Directed,1,234,Knows
14,133,Bob Ewell,Maycomb's Black community,Directed,1,234,Knows
80,79,Tom Robinson,Tom Robinson's Trial,Directed,1,234,Knows
5,123,Scout Finch,Mr. Gilmer,Directed,1,234,Knows of
14,9,Bob Ewell,Atticus Finch,Directed,1,234,Exchange
14,11,Bob Ewell,Heck Tate,Directed,1,234,Knows
11,79,Heck Tate,Tom Robinson's Trial,Directed,1,234,Knows
14,15,Bob Ewell,Mayella Ewell,Directed,1,234,Exchange
5,133,Scout Finch,Maycomb's Black community,Directed,1,234,Knows of
79,125,Tom Robinson's Trial,Judge Taylor,Directed,1,234,Knows
106,125,Crowd (at the trial),Judge Taylor,Directed,1,234,Knows
79,9,Tom Robinson's Trial,Atticus Finch,Directed,1,234,Knows
80,14,Tom Robinson,Bob Ewell,Directed,1,234,Knows
123,14,Mr. Gilmer,Bob Ewell,Directed,1,234,Exchange
9,14,Atticus Finch,Bob Ewell,Directed,1,234,Exchange
79,14,Tom Robinson's Trial,Bob Ewell,Directed,1,234,Knows
5,125,Scout Finch,Judge Taylor,Directed,1,234,Knows of
11,14,Heck Tate,Bob Ewell,Directed,1,234,Knows
9,79,Atticus Finch,Tom Robinson's Trial,Directed,1,234,Knows
14,125,Bob Ewell,Judge Taylor,Directed,1,234,Exchange
14,80,Bob Ewell,Tom Robinson,Directed,1,234,Knows
14,123,Bob Ewell,Mr. Gilmer,Directed,1,234,Exchange
125,79,Judge Taylor,Tom Robinson's Trial,Directed,1,234,Knows
5,15,Scout Finch,Mayella Ewell,Directed,1,234,Knows of
123,79,Mr. Gilmer,Tom Robinson's Trial,Directed,1,234,Knows
106,79,Crowd (at the trial),Tom Robinson's Trial,Directed,1,234,Knows
79,123,Tom Robinson's Trial,Mr. Gilmer,Directed,1,234,Knows
5,11,Scout Finch,Heck Tate,Directed,1,234,Knows of
9,11,Atticus Finch,Heck Tate,Directed,1,234,Knows
5,9,Scout Finch,Atticus Finch,Directed,1,234,Knows of
14,79,Bob Ewell,Tom Robinson's Trial,Directed,1,234,Knows
9,15,Atticus Finch,Mayella Ewell,Directed,1,234,Knows
5,14,Scout Finch,Bob Ewell,Directed,1,234,Knows of
79,11,Tom Robinson's Trial,Heck Tate,Directed,1,234,Knows
79,106,Tom Robinson's Trial,Crowd (at the trial),Directed,1,234,Knows
125,14,Judge Taylor,Bob Ewell,Directed,1,234,Exchange
15,14,Mayella Ewell,Bob Ewell,Directed,1,234,Exchange
15,79,Mayella Ewell,Tom Robinson's Trial,Directed,1,234,Knows
79,80,Tom Robinson's Trial,Tom Robinson,Directed,1,234,Knows
133,14,Maycomb's Black community,Bob Ewell,Directed,1,234,Knows
125,106,Judge Taylor,Crowd (at the trial),Directed,1,234,Knows
5,106,Scout Finch,Crowd (at the trial),Directed,1,234,Knows of
15,9,Mayella Ewell,Atticus Finch,Directed,1,234,Knows
11,9,Heck Tate,Atticus Finch,Directed,1,234,Knows
5,80,Scout Finch,Tom Robinson,Directed,1,234,Knows of
5,79,Scout Finch,Tom Robinson's Trial,Directed,1,234,Knows of
130,9,Court reporter,Atticus Finch,Directed,1,235,Exchange
79,14,Tom Robinson's Trial,Bob Ewell,Directed,1,235,Knows
11,130,Heck Tate,Court reporter,Directed,1,235,Knows
5,11,Scout Finch,Heck Tate,Directed,1,235,Knows of
130,11,Court reporter,Heck Tate,Directed,1,235,Knows
9,15,Atticus Finch,Mayella Ewell,Directed,1,235,Knows
130,15,Court reporter,Mayella Ewell,Directed,1,235,Knows
14,79,Bob Ewell,Tom Robinson's Trial,Directed,1,235,Knows
5,14,Scout Finch,Bob Ewell,Directed,1,235,Knows of
79,15,Tom Robinson's Trial,Mayella Ewell,Directed,1,235,Knows
79,11,Tom Robinson's Trial,Heck Tate,Directed,1,235,Knows
9,123,Atticus Finch,Mr. Gilmer,Directed,1,235,Exchange
123,79,Mr. Gilmer,Tom Robinson's Trial,Directed,1,235,Knows
123,9,Mr. Gilmer,Atticus Finch,Directed,1,235,Exchange
15,79,Mayella Ewell,Tom Robinson's Trial,Directed,1,235,Knows
5,79,Scout Finch,Tom Robinson's Trial,Directed,1,235,Knows of
9,130,Atticus Finch,Court reporter,Directed,1,235,Exchange
5,130,Scout Finch,Court reporter,Directed,1,235,Knows of
11,9,Heck Tate,Atticus Finch,Directed,1,235,Knows
11,14,Heck Tate,Bob Ewell,Directed,1,235,Knows
79,9,Tom Robinson's Trial,Atticus Finch,Directed,1,235,Knows
15,130,Mayella Ewell,Court reporter,Directed,1,235,Knows
130,79,Court reporter,Tom Robinson's Trial,Directed,1,235,Knows
11,15,Heck Tate,Mayella Ewell,Directed,1,235,Knows
15,11,Mayella Ewell,Heck Tate,Directed,1,235,Knows
11,79,Heck Tate,Tom Robinson's Trial,Directed,1,235,Knows
9,11,Atticus Finch,Heck Tate,Directed,1,235,Knows
5,123,Scout Finch,Mr. Gilmer,Directed,1,235,Knows of
5,15,Scout Finch,Mayella Ewell,Directed,1,235,Knows of
9,14,Atticus Finch,Bob Ewell,Directed,1,235,Exchange
9,79,Atticus Finch,Tom Robinson's Trial,Directed,1,235,Knows
14,9,Bob Ewell,Atticus Finch,Directed,1,235,Exchange
15,9,Mayella Ewell,Atticus Finch,Directed,1,235,Knows
14,11,Bob Ewell,Heck Tate,Directed,1,235,Knows
79,123,Tom Robinson's Trial,Mr. Gilmer,Directed,1,235,Knows
5,9,Scout Finch,Atticus Finch,Directed,1,235,Knows of
79,130,Tom Robinson's Trial,Court reporter,Directed,1,235,Knows
9,130,Atticus Finch,Court reporter,Directed,1,236,Exchange
9,123,Atticus Finch,Mr. Gilmer,Directed,1,236,Exchange
14,123,Bob Ewell,Mr. Gilmer,Directed,1,236,Knows
14,79,Bob Ewell,Tom Robinson's Trial,Directed,1,236,Knows
123,125,Mr. Gilmer,Judge Taylor,Directed,1,236,Exchange
79,106,Tom Robinson's Trial,Crowd (at the trial),Directed,1,236,Knows
5,106,Scout Finch,Crowd (at the trial),Directed,1,236,Knows of
79,11,Tom Robinson's Trial,Heck Tate,Directed,1,236,Knows
106,79,Crowd (at the trial),Tom Robinson's Trial,Directed,1,236,Knows
79,15,Tom Robinson's Trial,Mayella Ewell,Directed,1,236,Knows
106,14,Crowd (at the trial),Bob Ewell,Directed,1,236,Knows
14,106,Bob Ewell,Crowd (at the trial),Directed,1,236,Knows
5,125,Scout Finch,Judge Taylor,Directed,1,236,Knows of
5,14,Scout Finch,Bob Ewell,Directed,1,236,Knows of
79,123,Tom Robinson's Trial,Mr. Gilmer,Directed,1,236,Knows
123,79,Mr. Gilmer,Tom Robinson's Trial,Directed,1,236,Knows
79,125,Tom Robinson's Trial,Judge Taylor,Directed,1,236,Knows
79,9,Tom Robinson's Trial,Atticus Finch,Directed,1,236,Knows
15,79,Mayella Ewell,Tom Robinson's Trial,Directed,1,236,Knows
9,79,Atticus Finch,Tom Robinson's Trial,Directed,1,236,Knows
9,14,Atticus Finch,Bob Ewell,Directed,1,236,Exchange
5,9,Scout Finch,Atticus Finch,Directed,1,236,Knows of
125,79,Judge Taylor,Tom Robinson's Trial,Directed,1,236,Knows
15,14,Mayella Ewell,Bob Ewell,Directed,1,236,Knows
11,14,Heck Tate,Bob Ewell,Directed,1,236,Knows
5,130,Scout Finch,Court reporter,Directed,1,236,Knows of
11,79,Heck Tate,Tom Robinson's Trial,Directed,1,236,Knows
11,9,Heck Tate,Atticus Finch,Directed,1,236,Knows
130,79,Court reporter,Tom Robinson's Trial,Directed,1,236,Knows
14,15,Bob Ewell,Mayella Ewell,Directed,1,236,Knows
14,9,Bob Ewell,Atticus Finch,Directed,1,236,Exchange
125,9,Judge Taylor,Atticus Finch,Directed,1,236,Exchange
125,123,Judge Taylor,Mr. Gilmer,Directed,1,236,Exchange
9,125,Atticus Finch,Judge Taylor,Directed,1,236,Exchange
130,9,Court reporter,Atticus Finch,Directed,1,236,Exchange
79,130,Tom Robinson's Trial,Court reporter,Directed,1,236,Knows
123,9,Mr. Gilmer,Atticus Finch,Directed,1,236,Exchange
14,11,Bob Ewell,Heck Tate,Directed,1,236,Knows
5,79,Scout Finch,Tom Robinson's Trial,Directed,1,236,Knows of
79,14,Tom Robinson's Trial,Bob Ewell,Directed,1,236,Knows
9,11,Atticus Finch,Heck Tate,Directed,1,236,Knows
5,15,Scout Finch,Mayella Ewell,Directed,1,236,Knows of
5,123,Scout Finch,Mr. Gilmer,Directed,1,236,Knows of
123,14,Mr. Gilmer,Bob Ewell,Directed,1,236,Knows
5,11,Scout Finch,Heck Tate,Directed,1,236,Knows of
11,79,Heck Tate,Tom Robinson's Trial,Directed,1,237,Knows
105,9,Tom Robinson's jury,Atticus Finch,Directed,1,237,Knows
9,105,Atticus Finch,Tom Robinson's jury,Directed,1,237,Knows
9,79,Atticus Finch,Tom Robinson's Trial,Directed,1,237,Knows
79,105,Tom Robinson's Trial,Tom Robinson's jury,Directed,1,237,Knows
79,80,Tom Robinson's Trial,Tom Robinson,Directed,1,237,Knows
14,80,Bob Ewell,Tom Robinson,Directed,1,237,Knows
79,9,Tom Robinson's Trial,Atticus Finch,Directed,1,237,Knows
5,34,Scout Finch,Jesus,Directed,1,237,Knows of
14,34,Bob Ewell,Jesus,Directed,1,237,Knows
5,125,Scout Finch,Judge Taylor,Directed,1,237,Knows of
14,123,Bob Ewell,Mr. Gilmer,Directed,1,237,Knows
80,79,Tom Robinson,Tom Robinson's Trial,Directed,1,237,Knows
5,79,Scout Finch,Tom Robinson's Trial,Directed,1,237,Knows of
123,14,Mr. Gilmer,Bob Ewell,Directed,1,237,Knows
80,14,Tom Robinson,Bob Ewell,Directed,1,237,Knows
79,123,Tom Robinson's Trial,Mr. Gilmer,Directed,1,237,Knows
125,79,Judge Taylor,Tom Robinson's Trial,Directed,1,237,Knows
5,9,Scout Finch,Atticus Finch,Directed,1,237,Knows of
14,125,Bob Ewell,Judge Taylor,Directed,1,237,Exchange
14,9,Bob Ewell,Atticus Finch,Directed,1,237,Exchange
14,79,Bob Ewell,Tom Robinson's Trial,Directed,1,237,Knows
5,11,Scout Finch,Heck Tate,Directed,1,237,Knows of
79,125,Tom Robinson's Trial,Judge Taylor,Directed,1,237,Knows
5,80,Scout Finch,Tom Robinson,Directed,1,237,Knows of
79,11,Tom Robinson's Trial,Heck Tate,Directed,1,237,Knows
34,14,Jesus,Bob Ewell,Directed,1,237,Knows
125,14,Judge Taylor,Bob Ewell,Directed,1,237,Exchange
5,105,Scout Finch,Tom Robinson's jury,Directed,1,237,Knows of
11,14,Heck Tate,Bob Ewell,Directed,1,237,Knows
123,79,Mr. Gilmer,Tom Robinson's Trial,Directed,1,237,Knows
5,14,Scout Finch,Bob Ewell,Directed,1,237,Knows of
5,123,Scout Finch,Mr. Gilmer,Directed,1,237,Knows of
79,14,Tom Robinson's Trial,Bob Ewell,Directed,1,237,Knows
9,14,Atticus Finch,Bob Ewell,Directed,1,237,Exchange
105,14,Tom Robinson's jury,Bob Ewell,Directed,1,237,Knows
14,105,Bob Ewell,Tom Robinson's jury,Directed,1,237,Knows
105,79,Tom Robinson's jury,Tom Robinson's Trial,Directed,1,237,Knows
14,11,Bob Ewell,Heck Tate,Directed,1,237,Knows
14,9,Bob Ewell,Atticus Finch,Directed,1,238,Knows
8,5,Jem Finch,Scout Finch,Directed,1,238,Exchange
9,14,Atticus Finch,Bob Ewell,Directed,1,238,Knows
9,15,Atticus Finch,Mayella Ewell,Directed,1,238,Knows
8,79,Jem Finch,Tom Robinson's Trial,Directed,1,238,Knows
5,9,Scout Finch,Atticus Finch,Directed,1,238,Knows of
5,11,Scout Finch,Heck Tate,Directed,1,238,Knows
5,80,Scout Finch,Tom Robinson,Directed,1,238,Knows
79,123,Tom Robinson's Trial,Mr. Gilmer,Directed,1,238,Knows
15,79,Mayella Ewell,Tom Robinson's Trial,Directed,1,238,Knows
5,135,Scout Finch,Sherlock Holmes,Directed,1,238,Knows
5,8,Scout Finch,Jem Finch,Directed,1,238,Exchange
123,14,Mr. Gilmer,Bob Ewell,Directed,1,238,Exchange
5,79,Scout Finch,Tom Robinson's Trial,Directed,1,238,Knows of
5,15,Scout Finch,Mayella Ewell,Directed,1,238,Knows of
80,5,Tom Robinson,Scout Finch,Directed,1,238,Knows
79,14,Tom Robinson's Trial,Bob Ewell,Directed,1,238,Knows
14,15,Bob Ewell,Mayella Ewell,Directed,1,238,Knows
79,9,Tom Robinson's Trial,Atticus Finch,Directed,1,238,Knows
79,15,Tom Robinson's Trial,Mayella Ewell,Directed,1,238,Knows
79,8,Tom Robinson's Trial,Jem Finch,Directed,1,238,Knows
5,123,Scout Finch,Mr. Gilmer,Directed,1,238,Knows of
14,123,Bob Ewell,Mr. Gilmer,Directed,1,238,Exchange
15,14,Mayella Ewell,Bob Ewell,Directed,1,238,Knows
14,8,Bob Ewell,Jem Finch,Directed,1,238,Knows
15,9,Mayella Ewell,Atticus Finch,Directed,1,238,Knows
11,5,Heck Tate,Scout Finch,Directed,1,238,Knows
9,79,Atticus Finch,Tom Robinson's Trial,Directed,1,238,Knows
8,14,Jem Finch,Bob Ewell,Directed,1,238,Knows
5,14,Scout Finch,Bob Ewell,Directed,1,238,Knows of
79,80,Tom Robinson's Trial,Tom Robinson,Directed,1,238,Knows
123,79,Mr. Gilmer,Tom Robinson's Trial,Directed,1,238,Knows
135,5,Sherlock Holmes,Scout Finch,Directed,1,238,Knows
79,11,Tom Robinson's Trial,Heck Tate,Directed,1,238,Knows
11,79,Heck Tate,Tom Robinson's Trial,Directed,1,238,Knows
14,79,Bob Ewell,Tom Robinson's Trial,Directed,1,238,Knows
80,79,Tom Robinson,Tom Robinson's Trial,Directed,1,238,Knows
117,79,Circuit clerk,Tom Robinson's Trial,Directed,1,239,Knows
5,80,Scout Finch,Tom Robinson,Directed,1,239,Knows of
5,105,Scout Finch,Tom Robinson's jury,Directed,1,239,Knows of
79,15,Tom Robinson's Trial,Mayella Ewell,Directed,1,239,Knows
80,79,Tom Robinson,Tom Robinson's Trial,Directed,1,239,Knows
5,14,Scout Finch,Bob Ewell,Directed,1,239,Knows
14,5,Bob Ewell,Scout Finch,Directed,1,239,Knows
105,123,Tom Robinson's jury,Mr. Gilmer,Directed,1,239,Knows
105,15,Tom Robinson's jury,Mayella Ewell,Directed,1,239,Knows
106,117,Crowd (at the trial),Circuit clerk,Directed,1,239,Exchange
5,117,Scout Finch,Circuit clerk,Directed,1,239,Knows of
106,79,Crowd (at the trial),Tom Robinson's Trial,Directed,1,239,Knows
15,105,Mayella Ewell,Tom Robinson's jury,Directed,1,239,Knows
79,123,Tom Robinson's Trial,Mr. Gilmer,Directed,1,239,Knows
5,19,Scout Finch,God,Directed,1,239,Knows of
5,79,Scout Finch,Tom Robinson's Trial,Directed,1,239,Knows of
79,117,Tom Robinson's Trial,Circuit clerk,Directed,1,239,Knows
15,123,Mayella Ewell,Mr. Gilmer,Directed,1,239,Exchange
123,105,Mr. Gilmer,Tom Robinson's jury,Directed,1,239,Knows
79,14,Tom Robinson's Trial,Bob Ewell,Directed,1,239,Knows
105,79,Tom Robinson's jury,Tom Robinson's Trial,Directed,1,239,Knows
79,105,Tom Robinson's Trial,Tom Robinson's jury,Directed,1,239,Knows
123,79,Mr. Gilmer,Tom Robinson's Trial,Directed,1,239,Knows
5,106,Scout Finch,Crowd (at the trial),Directed,1,239,Knows of
5,123,Scout Finch,Mr. Gilmer,Directed,1,239,Knows of
117,106,Circuit clerk,Crowd (at the trial),Directed,1,239,Exchange
14,79,Bob Ewell,Tom Robinson's Trial,Directed,1,239,Knows
5,15,Scout Finch,Mayella Ewell,Directed,1,239,Knows of
15,79,Mayella Ewell,Tom Robinson's Trial,Directed,1,239,Knows
15,19,Mayella Ewell,God,Directed,1,239,Knows
123,15,Mr. Gilmer,Mayella Ewell,Directed,1,239,Exchange
79,80,Tom Robinson's Trial,Tom Robinson,Directed,1,239,Knows
117,15,Circuit clerk,Mayella Ewell,Directed,1,239,Knows
15,117,Mayella Ewell,Circuit clerk,Directed,1,239,Knows
19,15,God,Mayella Ewell,Directed,1,239,Knows
79,106,Tom Robinson's Trial,Crowd (at the trial),Directed,1,239,Knows
14,9,Bob Ewell,Atticus Finch,Directed,1,240,Knows
14,15,Bob Ewell,Mayella Ewell,Directed,1,240,Knows
5,9,Scout Finch,Atticus Finch,Directed,1,240,Knows of
125,15,Judge Taylor,Mayella Ewell,Directed,1,240,Exchange
9,125,Atticus Finch,Judge Taylor,Directed,1,240,Knows
79,8,Tom Robinson's Trial,Jem Finch,Directed,1,240,Knows
8,79,Jem Finch,Tom Robinson's Trial,Directed,1,240,Knows
5,79,Scout Finch,Tom Robinson's Trial,Directed,1,240,Knows of
8,125,Jem Finch,Judge Taylor,Directed,1,240,Knows
8,15,Jem Finch,Mayella Ewell,Directed,1,240,Knows
79,14,Tom Robinson's Trial,Bob Ewell,Directed,1,240,Knows
5,8,Scout Finch,Jem Finch,Directed,1,240,Exchange
5,123,Scout Finch,Mr. Gilmer,Directed,1,240,Knows of
125,79,Judge Taylor,Tom Robinson's Trial,Directed,1,240,Knows
123,79,Mr. Gilmer,Tom Robinson's Trial,Directed,1,240,Knows
14,79,Bob Ewell,Tom Robinson's Trial,Directed,1,240,Knows
79,125,Tom Robinson's Trial,Judge Taylor,Directed,1,240,Knows
5,14,Scout Finch,Bob Ewell,Directed,1,240,Knows of
15,9,Mayella Ewell,Atticus Finch,Directed,1,240,Knows
15,14,Mayella Ewell,Bob Ewell,Directed,1,240,Knows
5,125,Scout Finch,Judge Taylor,Directed,1,240,Knows of
9,79,Atticus Finch,Tom Robinson's Trial,Directed,1,240,Knows
9,15,Atticus Finch,Mayella Ewell,Directed,1,240,Knows
15,79,Mayella Ewell,Tom Robinson's Trial,Directed,1,240,Knows
9,14,Atticus Finch,Bob Ewell,Directed,1,240,Knows
8,5,Jem Finch,Scout Finch,Directed,1,240,Exchange
15,8,Mayella Ewell,Jem Finch,Directed,1,240,Knows
15,125,Mayella Ewell,Judge Taylor,Directed,1,240,Exchange
125,9,Judge Taylor,Atticus Finch,Directed,1,240,Knows
5,15,Scout Finch,Mayella Ewell,Directed,1,240,Knows of
79,15,Tom Robinson's Trial,Mayella Ewell,Directed,1,240,Knows
15,123,Mayella Ewell,Mr. Gilmer,Directed,1,240,Exchange
79,9,Tom Robinson's Trial,Atticus Finch,Directed,1,240,Knows
79,123,Tom Robinson's Trial,Mr. Gilmer,Directed,1,240,Knows
125,8,Judge Taylor,Jem Finch,Directed,1,240,Knows
123,15,Mr. Gilmer,Mayella Ewell,Directed,1,240,Exchange
79,15,Tom Robinson's Trial,Mayella Ewell,Directed,1,241,Knows
5,80,Scout Finch,Tom Robinson,Directed,1,241,Knows of
9,15,Atticus Finch,Mayella Ewell,Directed,1,241,Knows
5,123,Scout Finch,Mr. Gilmer,Directed,1,241,Knows of
123,15,Mr. Gilmer,Mayella Ewell,Directed,1,241,Exchange
79,80,Tom Robinson's Trial,Tom Robinson,Directed,1,241,Knows
79,130,Tom Robinson's Trial,Court reporter,Directed,1,241,Knows
80,79,Tom Robinson,Tom Robinson's Trial,Directed,1,241,Knows
5,9,Scout Finch,Atticus Finch,Directed,1,241,Knows of
15,9,Mayella Ewell,Atticus Finch,Directed,1,241,Knows
123,79,Mr. Gilmer,Tom Robinson's Trial,Directed,1,241,Knows
5,14,Scout Finch,Bob Ewell,Directed,1,241,Knows of
15,14,Mayella Ewell,Bob Ewell,Directed,1,241,Knows
130,123,Court reporter,Mr. Gilmer,Directed,1,241,Knows
80,15,Tom Robinson,Mayella Ewell,Directed,1,241,Exchange
9,79,Atticus Finch,Tom Robinson's Trial,Directed,1,241,Knows
14,15,Bob Ewell,Mayella Ewell,Directed,1,241,Knows
79,123,Tom Robinson's Trial,Mr. Gilmer,Directed,1,241,Knows
15,79,Mayella Ewell,Tom Robinson's Trial,Directed,1,241,Knows
15,123,Mayella Ewell,Mr. Gilmer,Directed,1,241,Exchange
15,80,Mayella Ewell,Tom Robinson,Directed,1,241,Exchange
79,9,Tom Robinson's Trial,Atticus Finch,Directed,1,241,Knows
5,130,Scout Finch,Court reporter,Directed,1,241,Knows of
5,15,Scout Finch,Mayella Ewell,Directed,1,241,Knows of
130,79,Court reporter,Tom Robinson's Trial,Directed,1,241,Knows
5,79,Scout Finch,Tom Robinson's Trial,Directed,1,241,Knows of
123,130,Mr. Gilmer,Court reporter,Directed,1,241,Knows
15,123,Mayella Ewell,Mr. Gilmer,Directed,1,242,Exchange
123,79,Mr. Gilmer,Tom Robinson's Trial,Directed,1,242,Knows
5,125,Scout Finch,Judge Taylor,Directed,1,242,Knows of
5,80,Scout Finch,Tom Robinson,Directed,1,242,Knows of
125,123,Judge Taylor,Mr. Gilmer,Directed,1,242,Exchange
125,79,Judge Taylor,Tom Robinson's Trial,Directed,1,242,Knows
80,79,Tom Robinson,Tom Robinson's Trial,Directed,1,242,Knows
9,125,Atticus Finch,Judge Taylor,Directed,1,242,Knows
80,123,Tom Robinson,Mr. Gilmer,Directed,1,242,Knows
15,9,Mayella Ewell,Atticus Finch,Directed,1,242,Exchange
15,14,Mayella Ewell,Bob Ewell,Directed,1,242,Exchange
123,9,Mr. Gilmer,Atticus Finch,Directed,1,242,Knows
123,80,Mr. Gilmer,Tom Robinson,Directed,1,242,Knows
80,9,Tom Robinson,Atticus Finch,Directed,1,242,Knows
80,125,Tom Robinson,Judge Taylor,Directed,1,242,Knows
15,125,Mayella Ewell,Judge Taylor,Directed,1,242,Knows
79,80,Tom Robinson's Trial,Tom Robinson,Directed,1,242,Knows
125,80,Judge Taylor,Tom Robinson,Directed,1,242,Knows
123,15,Mr. Gilmer,Mayella Ewell,Directed,1,242,Exchange
123,125,Mr. Gilmer,Judge Taylor,Directed,1,242,Exchange
125,15,Judge Taylor,Mayella Ewell,Directed,1,242,Knows
5,123,Scout Finch,Mr. Gilmer,Directed,1,242,Knows of
15,11,Mayella Ewell,Heck Tate,Directed,1,242,Knows
80,15,Tom Robinson,Mayella Ewell,Directed,1,242,Knows
15,80,Mayella Ewell,Tom Robinson,Directed,1,242,Knows
79,15,Tom Robinson's Trial,Mayella Ewell,Directed,1,242,Knows
15,79,Mayella Ewell,Tom Robinson's Trial,Directed,1,242,Knows
5,11,Scout Finch,Heck Tate,Directed,1,242,Knows of
9,123,Atticus Finch,Mr. Gilmer,Directed,1,242,Knows
5,79,Scout Finch,Tom Robinson's Trial,Directed,1,242,Knows of
79,9,Tom Robinson's Trial,Atticus Finch,Directed,1,242,Knows
11,15,Heck Tate,Mayella Ewell,Directed,1,242,Knows
79,123,Tom Robinson's Trial,Mr. Gilmer,Directed,1,242,Knows
9,80,Atticus Finch,Tom Robinson,Directed,1,242,Knows
14,15,Bob Ewell,Mayella Ewell,Directed,1,242,Exchange
9,79,Atticus Finch,Tom Robinson's Trial,Directed,1,242,Knows
79,11,Tom Robinson's Trial,Heck Tate,Directed,1,242,Knows
11,79,Heck Tate,Tom Robinson's Trial,Directed,1,242,Knows
14,79,Bob Ewell,Tom Robinson's Trial,Directed,1,242,Knows
79,125,Tom Robinson's Trial,Judge Taylor,Directed,1,242,Knows
79,14,Tom Robinson's Trial,Bob Ewell,Directed,1,242,Knows
5,9,Scout Finch,Atticus Finch,Directed,1,242,Knows of
125,9,Judge Taylor,Atticus Finch,Directed,1,242,Knows
5,14,Scout Finch,Bob Ewell,Directed,1,242,Knows of
9,15,Atticus Finch,Mayella Ewell,Directed,1,242,Exchange
5,15,Scout Finch,Mayella Ewell,Directed,1,242,Knows of
5,79,Scout Finch,Tom Robinson's Trial,Directed,1,243,Knows of
79,15,Tom Robinson's Trial,Mayella Ewell,Directed,1,243,Knows
9,79,Atticus Finch,Tom Robinson's Trial,Directed,1,243,Knows
130,79,Court reporter,Tom Robinson's Trial,Directed,1,243,Knows
125,79,Judge Taylor,Tom Robinson's Trial,Directed,1,243,Knows
9,125,Atticus Finch,Judge Taylor,Directed,1,243,Knows
130,125,Court reporter,Judge Taylor,Directed,1,243,Exchange
5,125,Scout Finch,Judge Taylor,Directed,1,243,Knows of
79,125,Tom Robinson's Trial,Judge Taylor,Directed,1,243,Knows
15,9,Mayella Ewell,Atticus Finch,Directed,1,243,Exchange
79,9,Tom Robinson's Trial,Atticus Finch,Directed,1,243,Knows
5,9,Scout Finch,Atticus Finch,Directed,1,243,Knows of
15,125,Mayella Ewell,Judge Taylor,Directed,1,243,Exchange
125,9,Judge Taylor,Atticus Finch,Directed,1,243,Knows
5,130,Scout Finch,Court reporter,Directed,1,243,Knows of
15,79,Mayella Ewell,Tom Robinson's Trial,Directed,1,243,Knows
125,130,Judge Taylor,Court reporter,Directed,1,243,Exchange
5,15,Scout Finch,Mayella Ewell,Directed,1,243,Knows of
79,130,Tom Robinson's Trial,Court reporter,Directed,1,243,Knows
125,15,Judge Taylor,Mayella Ewell,Directed,1,243,Exchange
9,15,Atticus Finch,Mayella Ewell,Directed,1,243,Exchange
9,123,Atticus Finch,Mr. Gilmer,Directed,1,244,Knows
5,123,Scout Finch,Mr. Gilmer,Directed,1,244,Knows of
79,80,Tom Robinson's Trial,Tom Robinson,Directed,1,244,Knows
9,105,Atticus Finch,Tom Robinson's jury,Directed,1,244,Knows
14,136,Bob Ewell,Mayella Ewell's siblings,Directed,1,244,Knows
105,136,Tom Robinson's jury,Mayella Ewell's siblings,Directed,1,244,Knows
5,79,Scout Finch,Tom Robinson's Trial,Directed,1,244,Knows of
79,14,Tom Robinson's Trial,Bob Ewell,Directed,1,244,Knows
15,14,Mayella Ewell,Bob Ewell,Directed,1,244,Knows
123,9,Mr. Gilmer,Atticus Finch,Directed,1,244,Knows
79,123,Tom Robinson's Trial,Mr. Gilmer,Directed,1,244,Knows
105,9,Tom Robinson's jury,Atticus Finch,Directed,1,244,Knows
15,136,Mayella Ewell,Mayella Ewell's siblings,Directed,1,244,Knows
15,134,Mayella Ewell,Mayella Ewell's mother,Directed,1,244,Knows
123,79,Mr. Gilmer,Tom Robinson's Trial,Directed,1,244,Knows
5,14,Scout Finch,Bob Ewell,Directed,1,244,Knows of
5,105,Scout Finch,Tom Robinson's jury,Directed,1,244,Knows of
14,79,Bob Ewell,Tom Robinson's Trial,Directed,1,244,Knows
105,14,Tom Robinson's jury,Bob Ewell,Directed,1,244,Knows
66,5,Burris Ewell,Scout Finch,Directed,1,244,Knows
79,105,Tom Robinson's Trial,Tom Robinson's jury,Directed,1,244,Knows
79,15,Tom Robinson's Trial,Mayella Ewell,Directed,1,244,Knows
105,15,Tom Robinson's jury,Mayella Ewell,Directed,1,244,Knows
79,9,Tom Robinson's Trial,Atticus Finch,Directed,1,244,Knows
5,15,Scout Finch,Mayella Ewell,Directed,1,244,Knows of
136,14,Mayella Ewell's siblings,Bob Ewell,Directed,1,244,Knows
5,9,Scout Finch,Atticus Finch,Directed,1,244,Knows of
5,134,Scout Finch,Mayella Ewell's mother,Directed,1,244,Knows of
5,137,Scout Finch,Mr. Jingle,Directed,1,244,Knows
5,136,Scout Finch,Mayella Ewell's siblings,Directed,1,244,Knows of
5,66,Scout Finch,Burris Ewell,Directed,1,244,Knows
15,105,Mayella Ewell,Tom Robinson's jury,Directed,1,244,Knows
5,80,Scout Finch,Tom Robinson,Directed,1,244,Knows of
80,79,Tom Robinson,Tom Robinson's Trial,Directed,1,244,Knows
15,9,Mayella Ewell,Atticus Finch,Directed,1,244,Exchange
9,15,Atticus Finch,Mayella Ewell,Directed,1,244,Exchange
134,15,Mayella Ewell's mother,Mayella Ewell,Directed,1,244,Knows
14,15,Bob Ewell,Mayella Ewell,Directed,1,244,Knows
15,79,Mayella Ewell,Tom Robinson's Trial,Directed,1,244,Knows
9,79,Atticus Finch,Tom Robinson's Trial,Directed,1,244,Knows
9,134,Atticus Finch,Mayella Ewell's mother,Directed,1,244,Knows of
105,79,Tom Robinson's jury,Tom Robinson's Trial,Directed,1,244,Knows
136,15,Mayella Ewell's siblings,Mayella Ewell,Directed,1,244,Knows
14,105,Bob Ewell,Tom Robinson's jury,Directed,1,244,Knows
5,14,Scout Finch,Bob Ewell,Directed,1,245,Knows of
15,79,Mayella Ewell,Tom Robinson's Trial,Directed,1,245,Knows
5,15,Scout Finch,Mayella Ewell,Directed,1,245,Knows of
105,79,Tom Robinson's jury,Tom Robinson's Trial,Directed,1,245,Knows
79,80,Tom Robinson's Trial,Tom Robinson,Directed,1,245,Knows
138,14,Social worker,Bob Ewell,Directed,1,245,Knows
5,80,Scout Finch,Tom Robinson,Directed,1,245,Knows of
138,15,Social worker,Mayella Ewell,Directed,1,245,Exchange
105,138,Tom Robinson's jury,Social worker,Directed,1,245,Knows of
9,15,Atticus Finch,Mayella Ewell,Directed,1,245,Exchange
14,105,Bob Ewell,Tom Robinson's jury,Directed,1,245,Knows
9,14,Atticus Finch,Bob Ewell,Directed,1,245,Knows
79,9,Tom Robinson's Trial,Atticus Finch,Directed,1,245,Knows
14,138,Bob Ewell,Social worker,Directed,1,245,Knows
5,136,Scout Finch,Mayella Ewell's siblings,Directed,1,245,Knows of
15,14,Mayella Ewell,Bob Ewell,Directed,1,245,Knows
5,105,Scout Finch,Tom Robinson's jury,Directed,1,245,Knows of
14,79,Bob Ewell,Tom Robinson's Trial,Directed,1,245,Knows
5,138,Scout Finch,Social worker,Directed,1,245,Knows of
15,138,Mayella Ewell,Social worker,Directed,1,245,Exchange
5,79,Scout Finch,Tom Robinson's Trial,Directed,1,245,Knows of
14,9,Bob Ewell,Atticus Finch,Directed,1,245,Knows
14,15,Bob Ewell,Mayella Ewell,Directed,1,245,Knows
80,79,Tom Robinson,Tom Robinson's Trial,Directed,1,245,Knows
9,79,Atticus Finch,Tom Robinson's Trial,Directed,1,245,Knows
79,105,Tom Robinson's Trial,Tom Robinson's jury,Directed,1,245,Knows
79,15,Tom Robinson's Trial,Mayella Ewell,Directed,1,245,Knows
79,14,Tom Robinson's Trial,Bob Ewell,Directed,1,245,Knows
15,136,Mayella Ewell,Mayella Ewell's siblings,Directed,1,245,Knows
136,15,Mayella Ewell's siblings,Mayella Ewell,Directed,1,245,Knows
105,14,Tom Robinson's jury,Bob Ewell,Directed,1,245,Knows
9,138,Atticus Finch,Social worker,Directed,1,245,Knows of
5,9,Scout Finch,Atticus Finch,Directed,1,245,Knows of
15,9,Mayella Ewell,Atticus Finch,Directed,1,245,Exchange
79,14,Tom Robinson's Trial,Bob Ewell,Directed,1,246,Knows
15,9,Mayella Ewell,Atticus Finch,Directed,1,246,Exchange
15,14,Mayella Ewell,Bob Ewell,Directed,1,246,Knows
79,130,Tom Robinson's Trial,Court reporter,Directed,1,246,Knows
5,14,Scout Finch,Bob Ewell,Directed,1,246,Knows of
80,15,Tom Robinson,Mayella Ewell,Directed,1,246,Exchange
5,15,Scout Finch,Mayella Ewell,Directed,1,246,Knows of
5,125,Scout Finch,Judge Taylor,Directed,1,246,Knows of
79,125,Tom Robinson's Trial,Judge Taylor,Directed,1,246,Knows
14,79,Bob Ewell,Tom Robinson's Trial,Directed,1,246,Knows
5,9,Scout Finch,Atticus Finch,Directed,1,246,Knows of
125,15,Judge Taylor,Mayella Ewell,Directed,1,246,Exchange
130,15,Court reporter,Mayella Ewell,Directed,1,246,Knows
15,79,Mayella Ewell,Tom Robinson's Trial,Directed,1,246,Knows
80,79,Tom Robinson,Tom Robinson's Trial,Directed,1,246,Knows
125,79,Judge Taylor,Tom Robinson's Trial,Directed,1,246,Knows
14,9,Bob Ewell,Atticus Finch,Directed,1,246,Knows
9,80,Atticus Finch,Tom Robinson,Directed,1,246,Knows
80,9,Tom Robinson,Atticus Finch,Directed,1,246,Knows
5,79,Scout Finch,Tom Robinson's Trial,Directed,1,246,Knows of
79,80,Tom Robinson's Trial,Tom Robinson,Directed,1,246,Knows
15,130,Mayella Ewell,Court reporter,Directed,1,246,Knows
5,130,Scout Finch,Court reporter,Directed,1,246,Knows of
130,79,Court reporter,Tom Robinson's Trial,Directed,1,246,Knows
9,14,Atticus Finch,Bob Ewell,Directed,1,246,Knows
15,125,Mayella Ewell,Judge Taylor,Directed,1,246,Exchange
14,15,Bob Ewell,Mayella Ewell,Directed,1,246,Knows
15,80,Mayella Ewell,Tom Robinson,Directed,1,246,Exchange
79,9,Tom Robinson's Trial,Atticus Finch,Directed,1,246,Knows
79,15,Tom Robinson's Trial,Mayella Ewell,Directed,1,246,Knows
9,15,Atticus Finch,Mayella Ewell,Directed,1,246,Exchange
9,79,Atticus Finch,Tom Robinson's Trial,Directed,1,246,Knows
5,80,Scout Finch,Tom Robinson,Directed,1,246,Knows of
11,5,Heck Tate,Scout Finch,Directed,1,247,Knows
123,79,Mr. Gilmer,Tom Robinson's Trial,Directed,1,247,Knows
15,133,Mayella Ewell,Maycomb's Black community,Directed,1,247,Knows of
80,9,Tom Robinson,Atticus Finch,Directed,1,247,Knows
5,79,Scout Finch,Tom Robinson's Trial,Directed,1,247,Knows of
5,80,Scout Finch,Tom Robinson,Directed,1,247,Knows of
15,123,Mayella Ewell,Mr. Gilmer,Directed,1,247,Knows
133,15,Maycomb's Black community,Mayella Ewell,Directed,1,247,Knows of
9,79,Atticus Finch,Tom Robinson's Trial,Directed,1,247,Knows
79,15,Tom Robinson's Trial,Mayella Ewell,Directed,1,247,Knows
11,79,Heck Tate,Tom Robinson's Trial,Directed,1,247,Knows
15,9,Mayella Ewell,Atticus Finch,Directed,1,247,Exchange
80,79,Tom Robinson,Tom Robinson's Trial,Directed,1,247,Knows
5,9,Scout Finch,Atticus Finch,Directed,1,247,Knows of
15,80,Mayella Ewell,Tom Robinson,Directed,1,247,Knows
5,11,Scout Finch,Heck Tate,Directed,1,247,Knows
9,15,Atticus Finch,Mayella Ewell,Directed,1,247,Exchange
79,11,Tom Robinson's Trial,Heck Tate,Directed,1,247,Knows
79,123,Tom Robinson's Trial,Mr. Gilmer,Directed,1,247,Knows
123,15,Mr. Gilmer,Mayella Ewell,Directed,1,247,Knows
15,79,Mayella Ewell,Tom Robinson's Trial,Directed,1,247,Knows
80,15,Tom Robinson,Mayella Ewell,Directed,1,247,Knows
79,80,Tom Robinson's Trial,Tom Robinson,Directed,1,247,Knows
5,133,Scout Finch,Maycomb's Black community,Directed,1,247,Knows of
5,15,Scout Finch,Mayella Ewell,Directed,1,247,Knows of
79,9,Tom Robinson's Trial,Atticus Finch,Directed,1,247,Knows
5,123,Scout Finch,Mr. Gilmer,Directed,1,247,Knows of
9,80,Atticus Finch,Tom Robinson,Directed,1,247,Knows
80,15,Tom Robinson,Mayella Ewell,Directed,1,248,Knows
9,80,Atticus Finch,Tom Robinson,Directed,1,248,Exchange
80,79,Tom Robinson,Tom Robinson's Trial,Directed,1,248,Knows
5,8,Scout Finch,Jem Finch,Directed,1,248,Exchange
8,79,Jem Finch,Tom Robinson's Trial,Directed,1,248,Knows
5,9,Scout Finch,Atticus Finch,Directed,1,248,Knows of
80,9,Tom Robinson,Atticus Finch,Directed,1,248,Exchange
125,15,Judge Taylor,Mayella Ewell,Directed,1,248,Exchange
79,8,Tom Robinson's Trial,Jem Finch,Directed,1,248,Knows
9,15,Atticus Finch,Mayella Ewell,Directed,1,248,Exchange
121,8,Reverend Sykes,Jem Finch,Directed,1,248,Exchange
79,15,Tom Robinson's Trial,Mayella Ewell,Directed,1,248,Knows
125,9,Judge Taylor,Atticus Finch,Directed,1,248,Exchange
5,15,Scout Finch,Mayella Ewell,Directed,1,248,Knows of
9,79,Atticus Finch,Tom Robinson's Trial,Directed,1,248,Knows
5,80,Scout Finch,Tom Robinson,Directed,1,248,Knows of
15,80,Mayella Ewell,Tom Robinson,Directed,1,248,Knows
121,79,Reverend Sykes,Tom Robinson's Trial,Directed,1,248,Knows
125,79,Judge Taylor,Tom Robinson's Trial,Directed,1,248,Knows
8,121,Jem Finch,Reverend Sykes,Directed,1,248,Exchange
9,125,Atticus Finch,Judge Taylor,Directed,1,248,Exchange
15,9,Mayella Ewell,Atticus Finch,Directed,1,248,Exchange
5,121,Scout Finch,Reverend Sykes,Directed,1,248,Knows of
15,79,Mayella Ewell,Tom Robinson's Trial,Directed,1,248,Knows
80,8,Tom Robinson,Jem Finch,Directed,1,248,Knows
8,80,Jem Finch,Tom Robinson,Directed,1,248,Knows
79,125,Tom Robinson's Trial,Judge Taylor,Directed,1,248,Knows
5,79,Scout Finch,Tom Robinson's Trial,Directed,1,248,Knows of
8,5,Jem Finch,Scout Finch,Directed,1,248,Exchange
79,80,Tom Robinson's Trial,Tom Robinson,Directed,1,248,Knows
79,121,Tom Robinson's Trial,Reverend Sykes,Directed,1,248,Knows
15,125,Mayella Ewell,Judge Taylor,Directed,1,248,Exchange
79,9,Tom Robinson's Trial,Atticus Finch,Directed,1,248,Knows
5,125,Scout Finch,Judge Taylor,Directed,1,248,Knows of
121,93,Reverend Sykes,Mr. Dolphus Raymond,Directed,1,249,Knows
9,123,Atticus Finch,Mr. Gilmer,Directed,1,249,Knows
121,79,Reverend Sykes,Tom Robinson's Trial,Directed,1,249,Knows
5,79,Scout Finch,Tom Robinson's Trial,Directed,1,249,Knows of
121,80,Reverend Sykes,Tom Robinson,Directed,1,249,Knows
5,80,Scout Finch,Tom Robinson,Directed,1,249,Knows of
5,121,Scout Finch,Reverend Sykes,Directed,1,249,Knows of
5,125,Scout Finch,Judge Taylor,Directed,1,249,Knows of
9,125,Atticus Finch,Judge Taylor,Directed,1,249,Knows
79,123,Tom Robinson's Trial,Mr. Gilmer,Directed,1,249,Knows
79,121,Tom Robinson's Trial,Reverend Sykes,Directed,1,249,Knows
80,121,Tom Robinson,Reverend Sykes,Directed,1,249,Knows
9,79,Atticus Finch,Tom Robinson's Trial,Directed,1,249,Knows
5,8,Scout Finch,Jem Finch,Directed,1,249,Knows of
79,80,Tom Robinson's Trial,Tom Robinson,Directed,1,249,Knows
80,15,Tom Robinson,Mayella Ewell,Directed,1,249,Knows
80,93,Tom Robinson,Mr. Dolphus Raymond,Directed,1,249,Knows
5,9,Scout Finch,Atticus Finch,Directed,1,249,Knows of
80,9,Tom Robinson,Atticus Finch,Directed,1,249,Knows
9,15,Atticus Finch,Mayella Ewell,Directed,1,249,Exchange
9,80,Atticus Finch,Tom Robinson,Directed,1,249,Knows
121,8,Reverend Sykes,Jem Finch,Directed,1,249,Exchange
8,121,Jem Finch,Reverend Sykes,Directed,1,249,Exchange
8,79,Jem Finch,Tom Robinson's Trial,Directed,1,249,Knows
79,9,Tom Robinson's Trial,Atticus Finch,Directed,1,249,Knows
93,80,Mr. Dolphus Raymond,Tom Robinson,Directed,1,249,Knows
125,123,Judge Taylor,Mr. Gilmer,Directed,1,249,Exchange
5,15,Scout Finch,Mayella Ewell,Directed,1,249,Knows of
15,125,Mayella Ewell,Judge Taylor,Directed,1,249,Knows
80,79,Tom Robinson,Tom Robinson's Trial,Directed,1,249,Knows
15,79,Mayella Ewell,Tom Robinson's Trial,Directed,1,249,Knows
93,121,Mr. Dolphus Raymond,Reverend Sykes,Directed,1,249,Knows
79,8,Tom Robinson's Trial,Jem Finch,Directed,1,249,Knows
123,125,Mr. Gilmer,Judge Taylor,Directed,1,249,Exchange
79,15,Tom Robinson's Trial,Mayella Ewell,Directed,1,249,Knows
123,9,Mr. Gilmer,Atticus Finch,Directed,1,249,Knows
125,79,Judge Taylor,Tom Robinson's Trial,Directed,1,249,Knows
15,123,Mayella Ewell,Mr. Gilmer,Directed,1,249,Knows
125,9,Judge Taylor,Atticus Finch,Directed,1,249,Knows
15,9,Mayella Ewell,Atticus Finch,Directed,1,249,Exchange
5,123,Scout Finch,Mr. Gilmer,Directed,1,249,Knows of
79,125,Tom Robinson's Trial,Judge Taylor,Directed,1,249,Knows
15,80,Mayella Ewell,Tom Robinson,Directed,1,249,Knows
125,15,Judge Taylor,Mayella Ewell,Directed,1,249,Knows
5,93,Scout Finch,Mr. Dolphus Raymond,Directed,1,249,Knows of
123,79,Mr. Gilmer,Tom Robinson's Trial,Directed,1,249,Knows
123,15,Mr. Gilmer,Mayella Ewell,Directed,1,249,Knows
15,136,Mayella Ewell,Mayella Ewell's siblings,Directed,1,250,Knows
5,136,Scout Finch,Mayella Ewell's siblings,Directed,1,250,Knows of
80,9,Tom Robinson,Atticus Finch,Directed,1,250,Knows
125,79,Judge Taylor,Tom Robinson's Trial,Directed,1,250,Knows
15,125,Mayella Ewell,Judge Taylor,Directed,1,250,Knows
15,80,Mayella Ewell,Tom Robinson,Directed,1,250,Knows
9,80,Atticus Finch,Tom Robinson,Directed,1,250,Knows
5,125,Scout Finch,Judge Taylor,Directed,1,250,Knows of
15,9,Mayella Ewell,Atticus Finch,Directed,1,250,Exchange
80,15,Tom Robinson,Mayella Ewell,Directed,1,250,Knows
5,15,Scout Finch,Mayella Ewell,Directed,1,250,Knows of
9,136,Atticus Finch,Mayella Ewell's siblings,Directed,1,250,Knows of
125,15,Judge Taylor,Mayella Ewell,Directed,1,250,Knows
9,125,Atticus Finch,Judge Taylor,Directed,1,250,Exchange
5,80,Scout Finch,Tom Robinson,Directed,1,250,Knows of
79,15,Tom Robinson's Trial,Mayella Ewell,Directed,1,250,Knows
9,79,Atticus Finch,Tom Robinson's Trial,Directed,1,250,Knows
79,125,Tom Robinson's Trial,Judge Taylor,Directed,1,250,Knows
5,9,Scout Finch,Atticus Finch,Directed,1,250,Knows of
15,79,Mayella Ewell,Tom Robinson's Trial,Directed,1,250,Knows
125,9,Judge Taylor,Atticus Finch,Directed,1,250,Exchange
79,80,Tom Robinson's Trial,Tom Robinson,Directed,1,250,Knows
136,15,Mayella Ewell's siblings,Mayella Ewell,Directed,1,250,Knows
79,9,Tom Robinson's Trial,Atticus Finch,Directed,1,250,Knows
5,79,Scout Finch,Tom Robinson's Trial,Directed,1,250,Knows of
9,15,Atticus Finch,Mayella Ewell,Directed,1,250,Exchange
80,79,Tom Robinson,Tom Robinson's Trial,Directed,1,250,Knows
123,79,Mr. Gilmer,Tom Robinson's Trial,Directed,1,251,Knows
79,80,Tom Robinson's Trial,Tom Robinson,Directed,1,251,Knows
5,79,Scout Finch,Tom Robinson's Trial,Directed,1,251,Knows of
9,79,Atticus Finch,Tom Robinson's Trial,Directed,1,251,Knows
80,15,Tom Robinson,Mayella Ewell,Directed,1,251,Knows
5,123,Scout Finch,Mr. Gilmer,Directed,1,251,Knows of
14,15,Bob Ewell,Mayella Ewell,Directed,1,251,Knows
79,14,Tom Robinson's Trial,Bob Ewell,Directed,1,251,Knows
15,9,Mayella Ewell,Atticus Finch,Directed,1,251,Exchange
79,15,Tom Robinson's Trial,Mayella Ewell,Directed,1,251,Knows
14,79,Bob Ewell,Tom Robinson's Trial,Directed,1,251,Knows
5,14,Scout Finch,Bob Ewell,Directed,1,251,Knows of
15,14,Mayella Ewell,Bob Ewell,Directed,1,251,Knows
80,9,Tom Robinson,Atticus Finch,Directed,1,251,Knows
15,79,Mayella Ewell,Tom Robinson's Trial,Directed,1,251,Knows
9,15,Atticus Finch,Mayella Ewell,Directed,1,251,Exchange
5,15,Scout Finch,Mayella Ewell,Directed,1,251,Knows of
79,9,Tom Robinson's Trial,Atticus Finch,Directed,1,251,Knows
15,125,Mayella Ewell,Judge Taylor,Directed,1,251,Knows
79,123,Tom Robinson's Trial,Mr. Gilmer,Directed,1,251,Knows
5,80,Scout Finch,Tom Robinson,Directed,1,251,Knows of
15,123,Mayella Ewell,Mr. Gilmer,Directed,1,251,Exchange
123,15,Mr. Gilmer,Mayella Ewell,Directed,1,251,Exchange
15,80,Mayella Ewell,Tom Robinson,Directed,1,251,Knows
9,80,Atticus Finch,Tom Robinson,Directed,1,251,Knows
5,9,Scout Finch,Atticus Finch,Directed,1,251,Knows of
125,79,Judge Taylor,Tom Robinson's Trial,Directed,1,251,Knows
5,125,Scout Finch,Judge Taylor,Directed,1,251,Knows of
79,125,Tom Robinson's Trial,Judge Taylor,Directed,1,251,Knows
80,79,Tom Robinson,Tom Robinson's Trial,Directed,1,251,Knows
9,14,Atticus Finch,Bob Ewell,Directed,1,251,Knows
125,15,Judge Taylor,Mayella Ewell,Directed,1,251,Knows
14,9,Bob Ewell,Atticus Finch,Directed,1,251,Knows
89,79,Mr. Underwood,Tom Robinson's Trial,Directed,1,252,Knows
121,5,Reverend Sykes,Scout Finch,Directed,1,252,Exchange
5,79,Scout Finch,Tom Robinson's Trial,Directed,1,252,Knows of
8,5,Jem Finch,Scout Finch,Directed,1,252,Exchange
9,15,Atticus Finch,Mayella Ewell,Directed,1,252,Knows
5,121,Scout Finch,Reverend Sykes,Directed,1,252,Exchange
5,89,Scout Finch,Mr. Underwood,Directed,1,252,Knows
9,8,Atticus Finch,Jem Finch,Directed,1,252,Knows
125,9,Judge Taylor,Atticus Finch,Directed,1,252,Knows
8,9,Jem Finch,Atticus Finch,Directed,1,252,Knows
89,5,Mr. Underwood,Scout Finch,Directed,1,252,Knows
79,89,Tom Robinson's Trial,Mr. Underwood,Directed,1,252,Knows
121,79,Reverend Sykes,Tom Robinson's Trial,Directed,1,252,Knows
6,79,Dill Harris,Tom Robinson's Trial,Directed,1,252,Knows
15,9,Mayella Ewell,Atticus Finch,Directed,1,252,Knows
123,125,Mr. Gilmer,Judge Taylor,Directed,1,252,Exchange
125,79,Judge Taylor,Tom Robinson's Trial,Directed,1,252,Knows
5,15,Scout Finch,Mayella Ewell,Directed,1,252,Knows of
15,79,Mayella Ewell,Tom Robinson's Trial,Directed,1,252,Knows
5,9,Scout Finch,Atticus Finch,Directed,1,252,Exchange
79,15,Tom Robinson's Trial,Mayella Ewell,Directed,1,252,Knows
79,8,Tom Robinson's Trial,Jem Finch,Directed,1,252,Knows
121,6,Reverend Sykes,Dill Harris,Directed,1,252,Knows
8,79,Jem Finch,Tom Robinson's Trial,Directed,1,252,Knows
5,8,Scout Finch,Jem Finch,Directed,1,252,Exchange
79,6,Tom Robinson's Trial,Dill Harris,Directed,1,252,Knows
79,123,Tom Robinson's Trial,Mr. Gilmer,Directed,1,252,Knows
6,8,Dill Harris,Jem Finch,Directed,1,252,Exchange
9,5,Atticus Finch,Scout Finch,Directed,1,252,Exchange
9,125,Atticus Finch,Judge Taylor,Directed,1,252,Knows
121,8,Reverend Sykes,Jem Finch,Directed,1,252,Knows
15,125,Mayella Ewell,Judge Taylor,Directed,1,252,Knows
5,125,Scout Finch,Judge Taylor,Directed,1,252,Knows of
89,9,Mr. Underwood,Atticus Finch,Directed,1,252,Knows
123,9,Mr. Gilmer,Atticus Finch,Directed,1,252,Knows
9,89,Atticus Finch,Mr. Underwood,Directed,1,252,Knows
79,121,Tom Robinson's Trial,Reverend Sykes,Directed,1,252,Knows
6,121,Dill Harris,Reverend Sykes,Directed,1,252,Knows
125,15,Judge Taylor,Mayella Ewell,Directed,1,252,Knows
79,125,Tom Robinson's Trial,Judge Taylor,Directed,1,252,Knows
123,79,Mr. Gilmer,Tom Robinson's Trial,Directed,1,252,Knows
9,123,Atticus Finch,Mr. Gilmer,Directed,1,252,Knows
125,123,Judge Taylor,Mr. Gilmer,Directed,1,252,Exchange
8,121,Jem Finch,Reverend Sykes,Directed,1,252,Knows
9,79,Atticus Finch,Tom Robinson's Trial,Directed,1,252,Knows
5,123,Scout Finch,Mr. Gilmer,Directed,1,252,Knows of
8,6,Jem Finch,Dill Harris,Directed,1,252,Exchange
79,9,Tom Robinson's Trial,Atticus Finch,Directed,1,252,Knows
5,6,Scout Finch,Dill Harris,Directed,1,252,Knows of
125,79,Judge Taylor,Tom Robinson's Trial,Directed,1,253,Knows
5,11,Scout Finch,Heck Tate,Directed,1,253,Knows
5,119,Scout Finch,Idlers' Club,Directed,1,253,Knows
79,11,Tom Robinson's Trial,Heck Tate,Directed,1,253,Knows
79,9,Tom Robinson's Trial,Atticus Finch,Directed,1,253,Knows
123,9,Mr. Gilmer,Atticus Finch,Directed,1,253,Knows
79,123,Tom Robinson's Trial,Mr. Gilmer,Directed,1,253,Knows
123,79,Mr. Gilmer,Tom Robinson's Trial,Directed,1,253,Knows
5,9,Scout Finch,Atticus Finch,Directed,1,253,Exchange
79,119,Tom Robinson's Trial,Idlers' Club,Directed,1,253,Knows
9,125,Atticus Finch,Judge Taylor,Directed,1,253,Exchange
119,5,Idlers' Club,Scout Finch,Directed,1,253,Knows
11,79,Heck Tate,Tom Robinson's Trial,Directed,1,253,Knows
11,5,Heck Tate,Scout Finch,Directed,1,253,Knows
9,123,Atticus Finch,Mr. Gilmer,Directed,1,253,Knows
6,79,Dill Harris,Tom Robinson's Trial,Directed,1,253,Knows
5,79,Scout Finch,Tom Robinson's Trial,Directed,1,253,Knows of
119,79,Idlers' Club,Tom Robinson's Trial,Directed,1,253,Knows
5,123,Scout Finch,Mr. Gilmer,Directed,1,253,Knows of
6,5,Dill Harris,Scout Finch,Directed,1,253,Exchange
9,79,Atticus Finch,Tom Robinson's Trial,Directed,1,253,Knows
5,6,Scout Finch,Dill Harris,Directed,1,253,Exchange
125,9,Judge Taylor,Atticus Finch,Directed,1,253,Exchange
79,125,Tom Robinson's Trial,Judge Taylor,Directed,1,253,Knows
5,125,Scout Finch,Judge Taylor,Directed,1,253,Knows of
6,125,Dill Harris,Judge Taylor,Directed,1,253,Knows
79,6,Tom Robinson's Trial,Dill Harris,Directed,1,253,Knows
9,5,Atticus Finch,Scout Finch,Directed,1,253,Exchange
117,79,Circuit clerk,Tom Robinson's Trial,Directed,1,254,Knows
80,9,Tom Robinson,Atticus Finch,Directed,1,254,Exchange
5,6,Scout Finch,Dill Harris,Directed,1,254,Knows of
5,106,Scout Finch,Crowd (at the trial),Directed,1,254,Knows of
106,9,Crowd (at the trial),Atticus Finch,Directed,1,254,Exchange
80,140,Tom Robinson,Tom Robinson's children,Directed,1,254,Knows
79,125,Tom Robinson's Trial,Judge Taylor,Directed,1,254,Knows
6,8,Dill Harris,Jem Finch,Directed,1,254,Exchange
5,125,Scout Finch,Judge Taylor,Directed,1,254,Knows of
106,140,Crowd (at the trial),Tom Robinson's children,Directed,1,254,Knows
79,8,Tom Robinson's Trial,Jem Finch,Directed,1,254,Knows
79,6,Tom Robinson's Trial,Dill Harris,Directed,1,254,Knows
79,9,Tom Robinson's Trial,Atticus Finch,Directed,1,254,Knows
8,79,Jem Finch,Tom Robinson's Trial,Directed,1,254,Knows
6,9,Dill Harris,Atticus Finch,Directed,1,254,Knows
8,6,Jem Finch,Dill Harris,Directed,1,254,Exchange
9,140,Atticus Finch,Tom Robinson's children,Directed,1,254,Knows
5,8,Scout Finch,Jem Finch,Directed,1,254,Knows of
140,9,Tom Robinson's children,Atticus Finch,Directed,1,254,Knows
9,141,Atticus Finch,Man (Tom Robinson fought),Directed,1,254,Knows of
80,79,Tom Robinson,Tom Robinson's Trial,Directed,1,254,Knows
5,139,Scout Finch,Helen Robinson,Directed,1,254,Knows of
125,79,Judge Taylor,Tom Robinson's Trial,Directed,1,254,Knows
106,80,Crowd (at the trial),Tom Robinson,Directed,1,254,Knows
79,80,Tom Robinson's Trial,Tom Robinson,Directed,1,254,Knows
80,139,Tom Robinson,Helen Robinson,Directed,1,254,Knows
106,79,Crowd (at the trial),Tom Robinson's Trial,Directed,1,254,Knows
9,6,Atticus Finch,Dill Harris,Directed,1,254,Knows
79,117,Tom Robinson's Trial,Circuit clerk,Directed,1,254,Knows
79,106,Tom Robinson's Trial,Crowd (at the trial),Directed,1,254,Knows
6,79,Dill Harris,Tom Robinson's Trial,Directed,1,254,Knows
9,139,Atticus Finch,Helen Robinson,Directed,1,254,Knows
80,141,Tom Robinson,Man (Tom Robinson fought),Directed,1,254,Knows
80,125,Tom Robinson,Judge Taylor,Directed,1,254,Exchange
5,79,Scout Finch,Tom Robinson's Trial,Directed,1,254,Knows of
141,80,Man (Tom Robinson fought),Tom Robinson,Directed,1,254,Knows
125,80,Judge Taylor,Tom Robinson,Directed,1,254,Exchange
80,106,Tom Robinson,Crowd (at the trial),Directed,1,254,Knows
139,106,Helen Robinson,Crowd (at the trial),Directed,1,254,Knows
117,80,Circuit clerk,Tom Robinson,Directed,1,254,Knows
140,139,Tom Robinson's children,Helen Robinson,Directed,1,254,Knows
9,79,Atticus Finch,Tom Robinson's Trial,Directed,1,254,Knows
5,141,Scout Finch,Man (Tom Robinson fought),Directed,1,254,Knows of
106,139,Crowd (at the trial),Helen Robinson,Directed,1,254,Knows
139,80,Helen Robinson,Tom Robinson,Directed,1,254,Knows
139,140,Helen Robinson,Tom Robinson's children,Directed,1,254,Knows
139,9,Helen Robinson,Atticus Finch,Directed,1,254,Knows
5,9,Scout Finch,Atticus Finch,Directed,1,254,Knows of
140,106,Tom Robinson's children,Crowd (at the trial),Directed,1,254,Knows
5,80,Scout Finch,Tom Robinson,Directed,1,254,Knows of
9,106,Atticus Finch,Crowd (at the trial),Directed,1,254,Exchange
5,117,Scout Finch,Circuit clerk,Directed,1,254,Knows of
80,117,Tom Robinson,Circuit clerk,Directed,1,254,Knows
9,80,Atticus Finch,Tom Robinson,Directed,1,254,Exchange
140,80,Tom Robinson's children,Tom Robinson,Directed,1,254,Knows
5,140,Scout Finch,Tom Robinson's children,Directed,1,254,Knows of
79,15,Tom Robinson's Trial,Mayella Ewell,Directed,1,255,Knows
80,79,Tom Robinson,Tom Robinson's Trial,Directed,1,255,Knows
5,81,Scout Finch,Link Deas,Directed,1,255,Knows of
9,79,Atticus Finch,Tom Robinson's Trial,Directed,1,255,Knows
9,80,Atticus Finch,Tom Robinson,Directed,1,255,Exchange
5,80,Scout Finch,Tom Robinson,Directed,1,255,Knows of
9,15,Atticus Finch,Mayella Ewell,Directed,1,255,Knows
79,9,Tom Robinson's Trial,Atticus Finch,Directed,1,255,Knows
5,8,Scout Finch,Jem Finch,Directed,1,255,Knows of
8,79,Jem Finch,Tom Robinson's Trial,Directed,1,255,Knows
15,79,Mayella Ewell,Tom Robinson's Trial,Directed,1,255,Knows
105,9,Tom Robinson's jury,Atticus Finch,Directed,1,255,Knows
8,6,Jem Finch,Dill Harris,Directed,1,255,Exchange
105,79,Tom Robinson's jury,Tom Robinson's Trial,Directed,1,255,Knows
5,6,Scout Finch,Dill Harris,Directed,1,255,Knows of
80,15,Tom Robinson,Mayella Ewell,Directed,1,255,Exchange
5,9,Scout Finch,Atticus Finch,Directed,1,255,Knows of
81,80,Link Deas,Tom Robinson,Directed,1,255,Knows
6,79,Dill Harris,Tom Robinson's Trial,Directed,1,255,Knows
5,79,Scout Finch,Tom Robinson's Trial,Directed,1,255,Knows of
80,81,Tom Robinson,Link Deas,Directed,1,255,Knows
8,9,Jem Finch,Atticus Finch,Directed,1,255,Knows
9,8,Atticus Finch,Jem Finch,Directed,1,255,Knows
15,80,Mayella Ewell,Tom Robinson,Directed,1,255,Exchange
79,105,Tom Robinson's Trial,Tom Robinson's jury,Directed,1,255,Knows
15,9,Mayella Ewell,Atticus Finch,Directed,1,255,Knows
105,8,Tom Robinson's jury,Jem Finch,Directed,1,255,Knows
79,80,Tom Robinson's Trial,Tom Robinson,Directed,1,255,Knows
79,8,Tom Robinson's Trial,Jem Finch,Directed,1,255,Knows
8,105,Jem Finch,Tom Robinson's jury,Directed,1,255,Knows
9,105,Atticus Finch,Tom Robinson's jury,Directed,1,255,Knows
6,8,Dill Harris,Jem Finch,Directed,1,255,Exchange
5,105,Scout Finch,Tom Robinson's jury,Directed,1,255,Knows of
8,80,Jem Finch,Tom Robinson,Directed,1,255,Knows
79,6,Tom Robinson's Trial,Dill Harris,Directed,1,255,Knows
5,15,Scout Finch,Mayella Ewell,Directed,1,255,Knows of
80,9,Tom Robinson,Atticus Finch,Directed,1,255,Exchange
80,79,Tom Robinson,Tom Robinson's Trial,Directed,1,256,Knows
8,79,Jem Finch,Tom Robinson's Trial,Directed,1,256,Knows
9,15,Atticus Finch,Mayella Ewell,Directed,1,256,Exchange
136,15,Mayella Ewell's siblings,Mayella Ewell,Directed,1,256,Knows
79,125,Tom Robinson's Trial,Judge Taylor,Directed,1,256,Knows
5,14,Scout Finch,Bob Ewell,Directed,1,256,Knows of
5,79,Scout Finch,Tom Robinson's Trial,Directed,1,256,Knows of
15,79,Mayella Ewell,Tom Robinson's Trial,Directed,1,256,Knows
125,106,Judge Taylor,Crowd (at the trial),Directed,1,256,Knows
14,15,Bob Ewell,Mayella Ewell,Directed,1,256,Knows
5,133,Scout Finch,Maycomb's Black community,Directed,1,256,Knows of
8,5,Jem Finch,Scout Finch,Directed,1,256,Exchange
5,10,Scout Finch,Boo Radley,Directed,1,256,Knows
136,80,Mayella Ewell's siblings,Tom Robinson,Directed,1,256,Knows
5,125,Scout Finch,Judge Taylor,Directed,1,256,Knows of
5,136,Scout Finch,Mayella Ewell's siblings,Directed,1,256,Knows of
79,8,Tom Robinson's Trial,Jem Finch,Directed,1,256,Knows
80,9,Tom Robinson,Atticus Finch,Directed,1,256,Exchange
5,15,Scout Finch,Mayella Ewell,Directed,1,256,Knows of
5,106,Scout Finch,Crowd (at the trial),Directed,1,256,Knows of
10,5,Boo Radley,Scout Finch,Directed,1,256,Knows
80,14,Tom Robinson,Bob Ewell,Directed,1,256,Knows
14,79,Bob Ewell,Tom Robinson's Trial,Directed,1,256,Knows
106,125,Crowd (at the trial),Judge Taylor,Directed,1,256,Knows
15,9,Mayella Ewell,Atticus Finch,Directed,1,256,Exchange
125,79,Judge Taylor,Tom Robinson's Trial,Directed,1,256,Knows
106,79,Crowd (at the trial),Tom Robinson's Trial,Directed,1,256,Knows
133,15,Maycomb's Black community,Mayella Ewell,Directed,1,256,Knows
79,14,Tom Robinson's Trial,Bob Ewell,Directed,1,256,Knows
80,15,Tom Robinson,Mayella Ewell,Directed,1,256,Exchange
79,80,Tom Robinson's Trial,Tom Robinson,Directed,1,256,Knows
80,136,Tom Robinson,Mayella Ewell's siblings,Directed,1,256,Knows
9,80,Atticus Finch,Tom Robinson,Directed,1,256,Exchange
5,9,Scout Finch,Atticus Finch,Directed,1,256,Knows of
5,8,Scout Finch,Jem Finch,Directed,1,256,Exchange
14,80,Bob Ewell,Tom Robinson,Directed,1,256,Knows
15,133,Mayella Ewell,Maycomb's Black community,Directed,1,256,Knows
15,14,Mayella Ewell,Bob Ewell,Directed,1,256,Knows
5,80,Scout Finch,Tom Robinson,Directed,1,256,Knows of
15,80,Mayella Ewell,Tom Robinson,Directed,1,256,Exchange
79,106,Tom Robinson's Trial,Crowd (at the trial),Directed,1,256,Knows
9,136,Atticus Finch,Mayella Ewell's siblings,Directed,1,256,Knows of
9,79,Atticus Finch,Tom Robinson's Trial,Directed,1,256,Knows
15,136,Mayella Ewell,Mayella Ewell's siblings,Directed,1,256,Knows
79,15,Tom Robinson's Trial,Mayella Ewell,Directed,1,256,Knows
79,9,Tom Robinson's Trial,Atticus Finch,Directed,1,256,Knows
79,9,Tom Robinson's Trial,Atticus Finch,Directed,1,257,Knows
133,80,Maycomb's Black community,Tom Robinson,Directed,1,257,Exchange
133,93,Maycomb's Black community,Mr. Dolphus Raymond,Directed,1,257,Knows
5,80,Scout Finch,Tom Robinson,Directed,1,257,Knows of
133,9,Maycomb's Black community,Atticus Finch,Directed,1,257,Exchange
9,15,Atticus Finch,Mayella Ewell,Directed,1,257,Knows
80,133,Tom Robinson,Maycomb's Black community,Directed,1,257,Exchange
9,133,Atticus Finch,Maycomb's Black community,Directed,1,257,Exchange
80,15,Tom Robinson,Mayella Ewell,Directed,1,257,Knows
93,79,Mr. Dolphus Raymond,Tom Robinson's Trial,Directed,1,257,Knows
79,80,Tom Robinson's Trial,Tom Robinson,Directed,1,257,Knows
5,133,Scout Finch,Maycomb's Black community,Directed,1,257,Knows of
9,80,Atticus Finch,Tom Robinson,Directed,1,257,Exchange
80,79,Tom Robinson,Tom Robinson's Trial,Directed,1,257,Knows
5,79,Scout Finch,Tom Robinson's Trial,Directed,1,257,Knows of
5,136,Scout Finch,Mayella Ewell's siblings,Directed,1,257,Knows of
106,80,Crowd (at the trial),Tom Robinson,Directed,1,257,Exchange
79,14,Tom Robinson's Trial,Bob Ewell,Directed,1,257,Knows
14,9,Bob Ewell,Atticus Finch,Directed,1,257,Knows
93,133,Mr. Dolphus Raymond,Maycomb's Black community,Directed,1,257,Knows
106,9,Crowd (at the trial),Atticus Finch,Directed,1,257,Exchange
79,15,Tom Robinson's Trial,Mayella Ewell,Directed,1,257,Knows
15,79,Mayella Ewell,Tom Robinson's Trial,Directed,1,257,Knows
9,14,Atticus Finch,Bob Ewell,Directed,1,257,Knows
5,9,Scout Finch,Atticus Finch,Directed,1,257,Knows of
5,93,Scout Finch,Mr. Dolphus Raymond,Directed,1,257,Knows of
9,136,Atticus Finch,Mayella Ewell's siblings,Directed,1,257,Knows of
80,9,Tom Robinson,Atticus Finch,Directed,1,257,Exchange
15,5,Mayella Ewell,Scout Finch,Directed,1,257,Exchange
5,15,Scout Finch,Mayella Ewell,Directed,1,257,Exchange
9,79,Atticus Finch,Tom Robinson's Trial,Directed,1,257,Knows
5,14,Scout Finch,Bob Ewell,Directed,1,257,Knows of
5,106,Scout Finch,Crowd (at the trial),Directed,1,257,Knows of
79,93,Tom Robinson's Trial,Mr. Dolphus Raymond,Directed,1,257,Knows
15,80,Mayella Ewell,Tom Robinson,Directed,1,257,Knows
9,106,Atticus Finch,Crowd (at the trial),Directed,1,257,Exchange
106,79,Crowd (at the trial),Tom Robinson's Trial,Directed,1,257,Knows
79,106,Tom Robinson's Trial,Crowd (at the trial),Directed,1,257,Knows
14,79,Bob Ewell,Tom Robinson's Trial,Directed,1,257,Knows
15,9,Mayella Ewell,Atticus Finch,Directed,1,257,Knows
80,106,Tom Robinson,Crowd (at the trial),Directed,1,257,Exchange
9,80,Atticus Finch,Tom Robinson,Directed,1,258,Exchange
79,9,Tom Robinson's Trial,Atticus Finch,Directed,1,258,Knows
5,9,Scout Finch,Atticus Finch,Directed,1,258,Knows of
5,79,Scout Finch,Tom Robinson's Trial,Directed,1,258,Knows of
5,93,Scout Finch,Mr. Dolphus Raymond,Directed,1,258,Knows of
79,80,Tom Robinson's Trial,Tom Robinson,Directed,1,258,Knows
5,15,Scout Finch,Mayella Ewell,Directed,1,258,Knows of
5,136,Scout Finch,Mayella Ewell's siblings,Directed,1,258,Knows of
93,79,Mr. Dolphus Raymond,Tom Robinson's Trial,Directed,1,258,Knows
136,80,Mayella Ewell's siblings,Tom Robinson,Directed,1,258,Knows
80,15,Tom Robinson,Mayella Ewell,Directed,1,258,Exchange
15,80,Mayella Ewell,Tom Robinson,Directed,1,258,Exchange
9,79,Atticus Finch,Tom Robinson's Trial,Directed,1,258,Knows
15,136,Mayella Ewell,Mayella Ewell's siblings,Directed,1,258,Knows
79,15,Tom Robinson's Trial,Mayella Ewell,Directed,1,258,Knows
80,79,Tom Robinson,Tom Robinson's Trial,Directed,1,258,Knows
15,79,Mayella Ewell,Tom Robinson's Trial,Directed,1,258,Knows
5,80,Scout Finch,Tom Robinson,Directed,1,258,Knows of
80,9,Tom Robinson,Atticus Finch,Directed,1,258,Exchange
79,93,Tom Robinson's Trial,Mr. Dolphus Raymond,Directed,1,258,Knows
80,136,Tom Robinson,Mayella Ewell's siblings,Directed,1,258,Knows
136,15,Mayella Ewell's siblings,Mayella Ewell,Directed,1,258,Knows
79,9,Tom Robinson's Trial,Atticus Finch,Directed,1,259,Knows
79,80,Tom Robinson's Trial,Tom Robinson,Directed,1,259,Knows
93,79,Mr. Dolphus Raymond,Tom Robinson's Trial,Directed,1,259,Knows
5,80,Scout Finch,Tom Robinson,Directed,1,259,Knows of
125,79,Judge Taylor,Tom Robinson's Trial,Directed,1,259,Knows
9,79,Atticus Finch,Tom Robinson's Trial,Directed,1,259,Knows
5,9,Scout Finch,Atticus Finch,Directed,1,259,Knows of
79,93,Tom Robinson's Trial,Mr. Dolphus Raymond,Directed,1,259,Knows
15,80,Mayella Ewell,Tom Robinson,Directed,1,259,Exchange
19,80,God,Tom Robinson,Directed,1,259,Knows
105,79,Tom Robinson's jury,Tom Robinson's Trial,Directed,1,259,Knows
5,105,Scout Finch,Tom Robinson's jury,Directed,1,259,Knows of
80,79,Tom Robinson,Tom Robinson's Trial,Directed,1,259,Knows
79,15,Tom Robinson's Trial,Mayella Ewell,Directed,1,259,Knows
80,9,Tom Robinson,Atticus Finch,Directed,1,259,Exchange
9,80,Atticus Finch,Tom Robinson,Directed,1,259,Exchange
5,15,Scout Finch,Mayella Ewell,Directed,1,259,Knows of
79,89,Tom Robinson's Trial,Mr. Underwood,Directed,1,259,Knows
89,79,Mr. Underwood,Tom Robinson's Trial,Directed,1,259,Knows
105,80,Tom Robinson's jury,Tom Robinson,Directed,1,259,Knows
80,89,Tom Robinson,Mr. Underwood,Directed,1,259,Knows
79,105,Tom Robinson's Trial,Tom Robinson's jury,Directed,1,259,Knows
5,19,Scout Finch,God,Directed,1,259,Knows of
5,125,Scout Finch,Judge Taylor,Directed,1,259,Knows of
79,125,Tom Robinson's Trial,Judge Taylor,Directed,1,259,Knows
125,80,Judge Taylor,Tom Robinson,Directed,1,259,Exchange
80,15,Tom Robinson,Mayella Ewell,Directed,1,259,Exchange
15,79,Mayella Ewell,Tom Robinson's Trial,Directed,1,259,Knows
5,93,Scout Finch,Mr. Dolphus Raymond,Directed,1,259,Knows of
80,125,Tom Robinson,Judge Taylor,Directed,1,259,Exchange
5,89,Scout Finch,Mr. Underwood,Directed,1,259,Knows of
80,105,Tom Robinson,Tom Robinson's jury,Directed,1,259,Knows
80,19,Tom Robinson,God,Directed,1,259,Knows
89,80,Mr. Underwood,Tom Robinson,Directed,1,259,Knows
5,79,Scout Finch,Tom Robinson's Trial,Directed,1,259,Knows of
9,105,Atticus Finch,Tom Robinson's jury,Directed,1,260,Knows
106,80,Crowd (at the trial),Tom Robinson,Directed,1,260,Knows
14,15,Bob Ewell,Mayella Ewell,Directed,1,260,Exchange
5,15,Scout Finch,Mayella Ewell,Directed,1,260,Knows of
5,105,Scout Finch,Tom Robinson's jury,Directed,1,260,Knows of
14,80,Bob Ewell,Tom Robinson,Directed,1,260,Exchange
79,80,Tom Robinson's Trial,Tom Robinson,Directed,1,260,Knows
14,9,Bob Ewell,Atticus Finch,Directed,1,260,Knows
105,79,Tom Robinson's jury,Tom Robinson's Trial,Directed,1,260,Knows
9,80,Atticus Finch,Tom Robinson,Directed,1,260,Exchange
79,15,Tom Robinson's Trial,Mayella Ewell,Directed,1,260,Knows
5,79,Scout Finch,Tom Robinson's Trial,Directed,1,260,Knows of
80,9,Tom Robinson,Atticus Finch,Directed,1,260,Exchange
80,79,Tom Robinson,Tom Robinson's Trial,Directed,1,260,Knows
105,9,Tom Robinson's jury,Atticus Finch,Directed,1,260,Knows
80,106,Tom Robinson,Crowd (at the trial),Directed,1,260,Knows
5,9,Scout Finch,Atticus Finch,Directed,1,260,Exchange
106,79,Crowd (at the trial),Tom Robinson's Trial,Directed,1,260,Knows
79,93,Tom Robinson's Trial,Mr. Dolphus Raymond,Directed,1,260,Knows
9,5,Atticus Finch,Scout Finch,Directed,1,260,Exchange
9,14,Atticus Finch,Bob Ewell,Directed,1,260,Knows
14,79,Bob Ewell,Tom Robinson's Trial,Directed,1,260,Knows
5,93,Scout Finch,Mr. Dolphus Raymond,Directed,1,260,Knows of
5,106,Scout Finch,Crowd (at the trial),Directed,1,260,Knows of
15,79,Mayella Ewell,Tom Robinson's Trial,Directed,1,260,Knows
93,79,Mr. Dolphus Raymond,Tom Robinson's Trial,Directed,1,260,Knows
15,14,Mayella Ewell,Bob Ewell,Directed,1,260,Exchange
80,15,Tom Robinson,Mayella Ewell,Directed,1,260,Exchange
79,9,Tom Robinson's Trial,Atticus Finch,Directed,1,260,Knows
5,14,Scout Finch,Bob Ewell,Directed,1,260,Knows of
79,14,Tom Robinson's Trial,Bob Ewell,Directed,1,260,Knows
9,79,Atticus Finch,Tom Robinson's Trial,Directed,1,260,Knows
80,14,Tom Robinson,Bob Ewell,Directed,1,260,Exchange
79,106,Tom Robinson's Trial,Crowd (at the trial),Directed,1,260,Knows
15,80,Mayella Ewell,Tom Robinson,Directed,1,260,Exchange
79,105,Tom Robinson's Trial,Tom Robinson's jury,Directed,1,260,Knows
9,15,Atticus Finch,Mayella Ewell,Directed,1,260,Knows
15,9,Mayella Ewell,Atticus Finch,Directed,1,260,Knows
5,80,Scout Finch,Tom Robinson,Directed,1,260,Knows of
81,80,Link Deas,Tom Robinson,Directed,1,261,Knows
79,80,Tom Robinson's Trial,Tom Robinson,Directed,1,261,Knows
79,14,Tom Robinson's Trial,Bob Ewell,Directed,1,261,Knows
9,80,Atticus Finch,Tom Robinson,Directed,1,261,Exchange
14,9,Bob Ewell,Atticus Finch,Directed,1,261,Knows
5,125,Scout Finch,Judge Taylor,Directed,1,261,Knows of
79,15,Tom Robinson's Trial,Mayella Ewell,Directed,1,261,Knows
9,14,Atticus Finch,Bob Ewell,Directed,1,261,Knows
5,123,Scout Finch,Mr. Gilmer,Directed,1,261,Knows of
106,79,Crowd (at the trial),Tom Robinson's Trial,Directed,1,261,Knows
79,106,Tom Robinson's Trial,Crowd (at the trial),Directed,1,261,Knows
125,79,Judge Taylor,Tom Robinson's Trial,Directed,1,261,Knows
80,123,Tom Robinson,Mr. Gilmer,Directed,1,261,Knows
81,79,Link Deas,Tom Robinson's Trial,Directed,1,261,Knows
81,125,Link Deas,Judge Taylor,Directed,1,261,Exchange
123,79,Mr. Gilmer,Tom Robinson's Trial,Directed,1,261,Knows
5,9,Scout Finch,Atticus Finch,Directed,1,261,Knows of
80,15,Tom Robinson,Mayella Ewell,Directed,1,261,Knows
81,106,Link Deas,Crowd (at the trial),Directed,1,261,Exchange
123,80,Mr. Gilmer,Tom Robinson,Directed,1,261,Knows
80,9,Tom Robinson,Atticus Finch,Directed,1,261,Exchange
80,81,Tom Robinson,Link Deas,Directed,1,261,Knows
9,79,Atticus Finch,Tom Robinson's Trial,Directed,1,261,Knows
9,125,Atticus Finch,Judge Taylor,Directed,1,261,Knows
93,79,Mr. Dolphus Raymond,Tom Robinson's Trial,Directed,1,261,Knows
5,81,Scout Finch,Link Deas,Directed,1,261,Knows of
5,80,Scout Finch,Tom Robinson,Directed,1,261,Knows of
79,93,Tom Robinson's Trial,Mr. Dolphus Raymond,Directed,1,261,Knows
5,93,Scout Finch,Mr. Dolphus Raymond,Directed,1,261,Knows of
15,80,Mayella Ewell,Tom Robinson,Directed,1,261,Knows
79,125,Tom Robinson's Trial,Judge Taylor,Directed,1,261,Knows
5,14,Scout Finch,Bob Ewell,Directed,1,261,Knows of
14,15,Bob Ewell,Mayella Ewell,Directed,1,261,Exchange
125,81,Judge Taylor,Link Deas,Directed,1,261,Exchange
105,79,Tom Robinson's jury,Tom Robinson's Trial,Directed,1,261,Knows
79,105,Tom Robinson's Trial,Tom Robinson's jury,Directed,1,261,Knows
79,123,Tom Robinson's Trial,Mr. Gilmer,Directed,1,261,Knows
5,79,Scout Finch,Tom Robinson's Trial,Directed,1,261,Knows of
15,79,Mayella Ewell,Tom Robinson's Trial,Directed,1,261,Knows
79,81,Tom Robinson's Trial,Link Deas,Directed,1,261,Knows
79,9,Tom Robinson's Trial,Atticus Finch,Directed,1,261,Knows
106,81,Crowd (at the trial),Link Deas,Directed,1,261,Exchange
125,9,Judge Taylor,Atticus Finch,Directed,1,261,Knows
5,15,Scout Finch,Mayella Ewell,Directed,1,261,Knows of
80,14,Tom Robinson,Bob Ewell,Directed,1,261,Exchange
5,105,Scout Finch,Tom Robinson's jury,Directed,1,261,Knows of
15,14,Mayella Ewell,Bob Ewell,Directed,1,261,Exchange
14,79,Bob Ewell,Tom Robinson's Trial,Directed,1,261,Knows
14,80,Bob Ewell,Tom Robinson,Directed,1,261,Exchange
5,106,Scout Finch,Crowd (at the trial),Directed,1,261,Knows of
80,79,Tom Robinson,Tom Robinson's Trial,Directed,1,261,Knows
9,130,Atticus Finch,Court reporter,Directed,1,262,Knows
79,81,Tom Robinson's Trial,Link Deas,Directed,1,262,Knows
8,81,Jem Finch,Link Deas,Directed,1,262,Knows
125,81,Judge Taylor,Link Deas,Directed,1,262,Knows
105,125,Tom Robinson's jury,Judge Taylor,Directed,1,262,Exchange
5,79,Scout Finch,Tom Robinson's Trial,Directed,1,262,Knows of
81,79,Link Deas,Tom Robinson's Trial,Directed,1,262,Knows
79,123,Tom Robinson's Trial,Mr. Gilmer,Directed,1,262,Knows
125,80,Judge Taylor,Tom Robinson,Directed,1,262,Exchange
15,79,Mayella Ewell,Tom Robinson's Trial,Directed,1,262,Knows
105,79,Tom Robinson's jury,Tom Robinson's Trial,Directed,1,262,Knows
81,125,Link Deas,Judge Taylor,Directed,1,262,Knows
79,80,Tom Robinson's Trial,Tom Robinson,Directed,1,262,Knows
9,5,Atticus Finch,Scout Finch,Directed,1,262,Exchange
5,9,Scout Finch,Atticus Finch,Directed,1,262,Exchange
15,123,Mayella Ewell,Mr. Gilmer,Directed,1,262,Knows
5,130,Scout Finch,Court reporter,Directed,1,262,Knows of
15,80,Mayella Ewell,Tom Robinson,Directed,1,262,Knows
79,8,Tom Robinson's Trial,Jem Finch,Directed,1,262,Knows
81,8,Link Deas,Jem Finch,Directed,1,262,Knows
79,125,Tom Robinson's Trial,Judge Taylor,Directed,1,262,Knows
141,80,Man (Tom Robinson fought),Tom Robinson,Directed,1,262,Knows
125,105,Judge Taylor,Tom Robinson's jury,Directed,1,262,Exchange
125,79,Judge Taylor,Tom Robinson's Trial,Directed,1,262,Knows
5,105,Scout Finch,Tom Robinson's jury,Directed,1,262,Knows of
5,80,Scout Finch,Tom Robinson,Directed,1,262,Knows of
5,93,Scout Finch,Mr. Dolphus Raymond,Directed,1,262,Knows of
125,9,Judge Taylor,Atticus Finch,Directed,1,262,Exchange
9,125,Atticus Finch,Judge Taylor,Directed,1,262,Exchange
125,130,Judge Taylor,Court reporter,Directed,1,262,Exchange
125,123,Judge Taylor,Mr. Gilmer,Directed,1,262,Exchange
123,15,Mr. Gilmer,Mayella Ewell,Directed,1,262,Knows
5,8,Scout Finch,Jem Finch,Directed,1,262,Exchange
123,141,Mr. Gilmer,Man (Tom Robinson fought),Directed,1,262,Knows of
80,79,Tom Robinson,Tom Robinson's Trial,Directed,1,262,Knows
80,123,Tom Robinson,Mr. Gilmer,Directed,1,262,Exchange
5,15,Scout Finch,Mayella Ewell,Directed,1,262,Knows of
130,125,Court reporter,Judge Taylor,Directed,1,262,Exchange
9,79,Atticus Finch,Tom Robinson's Trial,Directed,1,262,Knows
105,123,Tom Robinson's jury,Mr. Gilmer,Directed,1,262,Knows
5,123,Scout Finch,Mr. Gilmer,Directed,1,262,Knows of
79,15,Tom Robinson's Trial,Mayella Ewell,Directed,1,262,Knows
9,80,Atticus Finch,Tom Robinson,Directed,1,262,Knows
130,80,Court reporter,Tom Robinson,Directed,1,262,Exchange
79,93,Tom Robinson's Trial,Mr. Dolphus Raymond,Directed,1,262,Knows
5,141,Scout Finch,Man (Tom Robinson fought),Directed,1,262,Knows of
93,79,Mr. Dolphus Raymond,Tom Robinson's Trial,Directed,1,262,Knows
80,130,Tom Robinson,Court reporter,Directed,1,262,Exchange
130,9,Court reporter,Atticus Finch,Directed,1,262,Knows
79,105,Tom Robinson's Trial,Tom Robinson's jury,Directed,1,262,Knows
123,79,Mr. Gilmer,Tom Robinson's Trial,Directed,1,262,Knows
123,125,Mr. Gilmer,Judge Taylor,Directed,1,262,Exchange
80,15,Tom Robinson,Mayella Ewell,Directed,1,262,Knows
8,105,Jem Finch,Tom Robinson's jury,Directed,1,262,Knows
80,125,Tom Robinson,Judge Taylor,Directed,1,262,Exchange
79,130,Tom Robinson's Trial,Court reporter,Directed,1,262,Knows
80,9,Tom Robinson,Atticus Finch,Directed,1,262,Knows
5,81,Scout Finch,Link Deas,Directed,1,262,Knows of
80,141,Tom Robinson,Man (Tom Robinson fought),Directed,1,262,Knows
130,79,Court reporter,Tom Robinson's Trial,Directed,1,262,Knows
123,105,Mr. Gilmer,Tom Robinson's jury,Directed,1,262,Knows
5,125,Scout Finch,Judge Taylor,Directed,1,262,Knows of
8,5,Jem Finch,Scout Finch,Directed,1,262,Exchange
79,9,Tom Robinson's Trial,Atticus Finch,Directed,1,262,Knows
123,80,Mr. Gilmer,Tom Robinson,Directed,1,262,Exchange
8,79,Jem Finch,Tom Robinson's Trial,Directed,1,262,Knows
123,136,Mr. Gilmer,Mayella Ewell's siblings,Directed,1,263,Knows of
105,123,Tom Robinson's jury,Mr. Gilmer,Directed,1,263,Knows
79,123,Tom Robinson's Trial,Mr. Gilmer,Directed,1,263,Knows
5,93,Scout Finch,Mr. Dolphus Raymond,Directed,1,263,Knows of
80,15,Tom Robinson,Mayella Ewell,Directed,1,263,Knows
5,79,Scout Finch,Tom Robinson's Trial,Directed,1,263,Knows of
123,80,Mr. Gilmer,Tom Robinson,Directed,1,263,Exchange
93,79,Mr. Dolphus Raymond,Tom Robinson's Trial,Directed,1,263,Knows
123,15,Mr. Gilmer,Mayella Ewell,Directed,1,263,Knows
5,15,Scout Finch,Mayella Ewell,Directed,1,263,Knows of
15,79,Mayella Ewell,Tom Robinson's Trial,Directed,1,263,Knows
80,123,Tom Robinson,Mr. Gilmer,Directed,1,263,Exchange
5,14,Scout Finch,Bob Ewell,Directed,1,263,Knows of
5,105,Scout Finch,Tom Robinson's jury,Directed,1,263,Knows of
79,93,Tom Robinson's Trial,Mr. Dolphus Raymond,Directed,1,263,Knows
123,79,Mr. Gilmer,Tom Robinson's Trial,Directed,1,263,Knows
14,123,Bob Ewell,Mr. Gilmer,Directed,1,263,Knows
5,80,Scout Finch,Tom Robinson,Directed,1,263,Knows of
15,123,Mayella Ewell,Mr. Gilmer,Directed,1,263,Knows
80,79,Tom Robinson,Tom Robinson's Trial,Directed,1,263,Knows
5,123,Scout Finch,Mr. Gilmer,Directed,1,263,Knows of
14,79,Bob Ewell,Tom Robinson's Trial,Directed,1,263,Knows
79,80,Tom Robinson's Trial,Tom Robinson,Directed,1,263,Knows
5,136,Scout Finch,Mayella Ewell's siblings,Directed,1,263,Knows of
15,80,Mayella Ewell,Tom Robinson,Directed,1,263,Knows
79,14,Tom Robinson's Trial,Bob Ewell,Directed,1,263,Knows
136,123,Mayella Ewell's siblings,Mr. Gilmer,Directed,1,263,Knows of
79,15,Tom Robinson's Trial,Mayella Ewell,Directed,1,263,Knows
123,14,Mr. Gilmer,Bob Ewell,Directed,1,263,Knows
123,105,Mr. Gilmer,Tom Robinson's jury,Directed,1,263,Knows
80,14,Tom Robinson,Bob Ewell,Directed,1,264,Knows
80,136,Tom Robinson,Mayella Ewell's siblings,Directed,1,264,Knows
93,79,Mr. Dolphus Raymond,Tom Robinson's Trial,Directed,1,264,Knows
14,80,Bob Ewell,Tom Robinson,Directed,1,264,Knows
136,80,Mayella Ewell's siblings,Tom Robinson,Directed,1,264,Knows
106,79,Crowd (at the trial),Tom Robinson's Trial,Directed,1,264,Knows
15,80,Mayella Ewell,Tom Robinson,Directed,1,264,Exchange
123,14,Mr. Gilmer,Bob Ewell,Directed,1,264,Knows
5,14,Scout Finch,Bob Ewell,Directed,1,264,Knows of
15,79,Mayella Ewell,Tom Robinson's Trial,Directed,1,264,Knows
80,15,Tom Robinson,Mayella Ewell,Directed,1,264,Exchange
5,123,Scout Finch,Mr. Gilmer,Directed,1,264,Knows of
80,79,Tom Robinson,Tom Robinson's Trial,Directed,1,264,Knows
5,136,Scout Finch,Mayella Ewell's siblings,Directed,1,264,Knows of
79,9,Tom Robinson's Trial,Atticus Finch,Directed,1,264,Knows
5,93,Scout Finch,Mr. Dolphus Raymond,Directed,1,264,Knows of
14,123,Bob Ewell,Mr. Gilmer,Directed,1,264,Knows
80,9,Tom Robinson,Atticus Finch,Directed,1,264,Knows
14,79,Bob Ewell,Tom Robinson's Trial,Directed,1,264,Knows
79,14,Tom Robinson's Trial,Bob Ewell,Directed,1,264,Knows
9,79,Atticus Finch,Tom Robinson's Trial,Directed,1,264,Knows
79,106,Tom Robinson's Trial,Crowd (at the trial),Directed,1,264,Knows
79,80,Tom Robinson's Trial,Tom Robinson,Directed,1,264,Knows
79,15,Tom Robinson's Trial,Mayella Ewell,Directed,1,264,Knows
9,80,Atticus Finch,Tom Robinson,Directed,1,264,Knows
123,79,Mr. Gilmer,Tom Robinson's Trial,Directed,1,264,Knows
5,80,Scout Finch,Tom Robinson,Directed,1,264,Knows of
5,79,Scout Finch,Tom Robinson's Trial,Directed,1,264,Knows of
80,123,Tom Robinson,Mr. Gilmer,Directed,1,264,Exchange
80,106,Tom Robinson,Crowd (at the trial),Directed,1,264,Knows
79,123,Tom Robinson's Trial,Mr. Gilmer,Directed,1,264,Knows
123,80,Mr. Gilmer,Tom Robinson,Directed,1,264,Exchange
5,15,Scout Finch,Mayella Ewell,Directed,1,264,Knows of
79,93,Tom Robinson's Trial,Mr. Dolphus Raymond,Directed,1,264,Knows
5,106,Scout Finch,Crowd (at the trial),Directed,1,264,Knows of
15,123,Mayella Ewell,Mr. Gilmer,Directed,1,264,Exchange
5,9,Scout Finch,Atticus Finch,Directed,1,264,Knows of
106,80,Crowd (at the trial),Tom Robinson,Directed,1,264,Knows
123,15,Mr. Gilmer,Mayella Ewell,Directed,1,264,Exchange
5,93,Scout Finch,Mr. Dolphus Raymond,Directed,1,265,Knows of
121,5,Reverend Sykes,Scout Finch,Directed,1,265,Exchange
6,8,Dill Harris,Jem Finch,Directed,1,265,Knows
79,6,Tom Robinson's Trial,Dill Harris,Directed,1,265,Knows
6,5,Dill Harris,Scout Finch,Directed,1,265,Exchange
15,123,Mayella Ewell,Mr. Gilmer,Directed,1,265,Knows
8,5,Jem Finch,Scout Finch,Directed,1,265,Exchange
81,79,Link Deas,Tom Robinson's Trial,Directed,1,265,Knows
121,79,Reverend Sykes,Tom Robinson's Trial,Directed,1,265,Knows
6,80,Dill Harris,Tom Robinson,Directed,1,265,Knows
5,79,Scout Finch,Tom Robinson's Trial,Directed,1,265,Knows of
79,121,Tom Robinson's Trial,Reverend Sykes,Directed,1,265,Knows
79,8,Tom Robinson's Trial,Jem Finch,Directed,1,265,Knows
79,123,Tom Robinson's Trial,Mr. Gilmer,Directed,1,265,Knows
5,121,Scout Finch,Reverend Sykes,Directed,1,265,Exchange
15,79,Mayella Ewell,Tom Robinson's Trial,Directed,1,265,Knows
123,15,Mr. Gilmer,Mayella Ewell,Directed,1,265,Knows
5,81,Scout Finch,Link Deas,Directed,1,265,Exchange
15,80,Mayella Ewell,Tom Robinson,Directed,1,265,Knows
80,79,Tom Robinson,Tom Robinson's Trial,Directed,1,265,Knows
123,79,Mr. Gilmer,Tom Robinson's Trial,Directed,1,265,Knows
79,93,Tom Robinson's Trial,Mr. Dolphus Raymond,Directed,1,265,Knows
123,80,Mr. Gilmer,Tom Robinson,Directed,1,265,Exchange
8,6,Jem Finch,Dill Harris,Directed,1,265,Knows
6,79,Dill Harris,Tom Robinson's Trial,Directed,1,265,Knows
81,5,Link Deas,Scout Finch,Directed,1,265,Exchange
93,79,Mr. Dolphus Raymond,Tom Robinson's Trial,Directed,1,265,Knows
5,6,Scout Finch,Dill Harris,Directed,1,265,Exchange
80,15,Tom Robinson,Mayella Ewell,Directed,1,265,Knows
5,123,Scout Finch,Mr. Gilmer,Directed,1,265,Knows of
5,80,Scout Finch,Tom Robinson,Directed,1,265,Knows of
5,8,Scout Finch,Jem Finch,Directed,1,265,Exchange
6,123,Dill Harris,Mr. Gilmer,Directed,1,265,Knows
5,15,Scout Finch,Mayella Ewell,Directed,1,265,Knows of
80,123,Tom Robinson,Mr. Gilmer,Directed,1,265,Exchange
79,15,Tom Robinson's Trial,Mayella Ewell,Directed,1,265,Knows
79,81,Tom Robinson's Trial,Link Deas,Directed,1,265,Knows
8,79,Jem Finch,Tom Robinson's Trial,Directed,1,265,Knows
79,80,Tom Robinson's Trial,Tom Robinson,Directed,1,265,Knows
55,5,Miss Maudie Atkinson,Scout Finch,Directed,1,266,Exchange
80,123,Tom Robinson,Mr. Gilmer,Directed,1,266,Exchange
5,15,Scout Finch,Mayella Ewell,Directed,1,266,Knows of
5,79,Scout Finch,Tom Robinson's Trial,Directed,1,266,Knows of
55,9,Miss Maudie Atkinson,Atticus Finch,Directed,1,266,Knows
105,6,Tom Robinson's jury,Dill Harris,Directed,1,266,Knows
105,79,Tom Robinson's jury,Tom Robinson's Trial,Directed,1,266,Knows
79,105,Tom Robinson's Trial,Tom Robinson's jury,Directed,1,266,Knows
79,80,Tom Robinson's Trial,Tom Robinson,Directed,1,266,Knows
5,55,Scout Finch,Miss Maudie Atkinson,Directed,1,266,Exchange
6,93,Dill Harris,Mr. Dolphus Raymond,Directed,1,266,Exchange
5,9,Scout Finch,Atticus Finch,Directed,1,266,Knows of
79,15,Tom Robinson's Trial,Mayella Ewell,Directed,1,266,Knows
5,80,Scout Finch,Tom Robinson,Directed,1,266,Knows of
15,9,Mayella Ewell,Atticus Finch,Directed,1,266,Exchange
79,14,Tom Robinson's Trial,Bob Ewell,Directed,1,266,Knows
6,105,Dill Harris,Tom Robinson's jury,Directed,1,266,Knows
93,6,Mr. Dolphus Raymond,Dill Harris,Directed,1,266,Exchange
6,14,Dill Harris,Bob Ewell,Directed,1,266,Knows
105,123,Tom Robinson's jury,Mr. Gilmer,Directed,1,266,Knows
6,15,Dill Harris,Mayella Ewell,Directed,1,266,Knows
6,79,Dill Harris,Tom Robinson's Trial,Directed,1,266,Knows
9,15,Atticus Finch,Mayella Ewell,Directed,1,266,Exchange
123,79,Mr. Gilmer,Tom Robinson's Trial,Directed,1,266,Knows
15,123,Mayella Ewell,Mr. Gilmer,Directed,1,266,Knows
79,6,Tom Robinson's Trial,Dill Harris,Directed,1,266,Knows
80,79,Tom Robinson,Tom Robinson's Trial,Directed,1,266,Knows
14,123,Bob Ewell,Mr. Gilmer,Directed,1,266,Knows
14,9,Bob Ewell,Atticus Finch,Directed,1,266,Exchange
123,80,Mr. Gilmer,Tom Robinson,Directed,1,266,Exchange
6,9,Dill Harris,Atticus Finch,Directed,1,266,Knows
79,9,Tom Robinson's Trial,Atticus Finch,Directed,1,266,Knows
9,6,Atticus Finch,Dill Harris,Directed,1,266,Knows
6,5,Dill Harris,Scout Finch,Directed,1,266,Exchange
6,123,Dill Harris,Mr. Gilmer,Directed,1,266,Knows
5,93,Scout Finch,Mr. Dolphus Raymond,Directed,1,266,Knows of
6,80,Dill Harris,Tom Robinson,Directed,1,266,Knows
80,6,Tom Robinson,Dill Harris,Directed,1,266,Knows
123,14,Mr. Gilmer,Bob Ewell,Directed,1,266,Knows
93,79,Mr. Dolphus Raymond,Tom Robinson's Trial,Directed,1,266,Knows
5,6,Scout Finch,Dill Harris,Directed,1,266,Exchange
9,55,Atticus Finch,Miss Maudie Atkinson,Directed,1,266,Knows
123,105,Mr. Gilmer,Tom Robinson's jury,Directed,1,266,Knows
9,14,Atticus Finch,Bob Ewell,Directed,1,266,Exchange
5,14,Scout Finch,Bob Ewell,Directed,1,266,Knows of
14,79,Bob Ewell,Tom Robinson's Trial,Directed,1,266,Knows
15,79,Mayella Ewell,Tom Robinson's Trial,Directed,1,266,Knows
5,105,Scout Finch,Tom Robinson's jury,Directed,1,266,Knows of
79,93,Tom Robinson's Trial,Mr. Dolphus Raymond,Directed,1,266,Knows
123,15,Mr. Gilmer,Mayella Ewell,Directed,1,266,Knows
79,123,Tom Robinson's Trial,Mr. Gilmer,Directed,1,266,Knows
9,79,Atticus Finch,Tom Robinson's Trial,Directed,1,266,Knows
5,123,Scout Finch,Mr. Gilmer,Directed,1,266,Knows of
42,7,Mr. Damon (Tom Swift),Alexandra Finch,Directed,1,267,Knows
5,9,Scout Finch,Atticus Finch,Directed,1,267,Knows of
7,42,Alexandra Finch,Mr. Damon (Tom Swift),Directed,1,267,Knows
93,9,Mr. Dolphus Raymond,Atticus Finch,Directed,1,267,Knows
79,6,Tom Robinson's Trial,Dill Harris,Directed,1,267,Knows
6,5,Dill Harris,Scout Finch,Directed,1,267,Exchange
93,5,Mr. Dolphus Raymond,Scout Finch,Directed,1,267,Exchange
5,7,Scout Finch,Alexandra Finch,Directed,1,267,Knows of
93,6,Mr. Dolphus Raymond,Dill Harris,Directed,1,267,Exchange
9,93,Atticus Finch,Mr. Dolphus Raymond,Directed,1,267,Knows
5,6,Scout Finch,Dill Harris,Directed,1,267,Exchange
5,93,Scout Finch,Mr. Dolphus Raymond,Directed,1,267,Exchange
79,93,Tom Robinson's Trial,Mr. Dolphus Raymond,Directed,1,267,Knows
5,79,Scout Finch,Tom Robinson's Trial,Directed,1,267,Knows of
6,79,Dill Harris,Tom Robinson's Trial,Directed,1,267,Knows
5,42,Scout Finch,Mr. Damon (Tom Swift),Directed,1,267,Knows of
6,93,Dill Harris,Mr. Dolphus Raymond,Directed,1,267,Exchange
93,79,Mr. Dolphus Raymond,Tom Robinson's Trial,Directed,1,267,Knows
79,93,Tom Robinson's Trial,Mr. Dolphus Raymond,Directed,1,268,Knows
93,79,Mr. Dolphus Raymond,Tom Robinson's Trial,Directed,1,268,Knows
108,93,Mr. Dolphus Raymond's children,Mr. Dolphus Raymond,Directed,1,268,Knows
93,108,Mr. Dolphus Raymond,Mr. Dolphus Raymond's children,Directed,1,268,Knows
93,6,Mr. Dolphus Raymond,Dill Harris,Directed,1,268,Exchange
93,5,Mr. Dolphus Raymond,Scout Finch,Directed,1,268,Exchange
6,5,Dill Harris,Scout Finch,Directed,1,268,Exchange
5,6,Scout Finch,Dill Harris,Directed,1,268,Exchange
5,93,Scout Finch,Mr. Dolphus Raymond,Directed,1,268,Exchange
5,108,Scout Finch,Mr. Dolphus Raymond's children,Directed,1,268,Knows of
79,6,Tom Robinson's Trial,Dill Harris,Directed,1,268,Knows
5,79,Scout Finch,Tom Robinson's Trial,Directed,1,268,Knows of
6,93,Dill Harris,Mr. Dolphus Raymond,Directed,1,268,Exchange
6,79,Dill Harris,Tom Robinson's Trial,Directed,1,268,Knows
5,9,Scout Finch,Atticus Finch,Directed,1,269,Knows of
6,121,Dill Harris,Reverend Sykes,Directed,1,269,Knows
93,5,Mr. Dolphus Raymond,Scout Finch,Directed,1,269,Exchange
79,123,Tom Robinson's Trial,Mr. Gilmer,Directed,1,269,Knows
79,9,Tom Robinson's Trial,Atticus Finch,Directed,1,269,Knows
121,6,Reverend Sykes,Dill Harris,Directed,1,269,Knows
79,93,Tom Robinson's Trial,Mr. Dolphus Raymond,Directed,1,269,Knows
123,79,Mr. Gilmer,Tom Robinson's Trial,Directed,1,269,Knows
93,6,Mr. Dolphus Raymond,Dill Harris,Directed,1,269,Exchange
79,6,Tom Robinson's Trial,Dill Harris,Directed,1,269,Knows
123,5,Mr. Gilmer,Scout Finch,Directed,1,269,Knows
79,121,Tom Robinson's Trial,Reverend Sykes,Directed,1,269,Knows
9,93,Atticus Finch,Mr. Dolphus Raymond,Directed,1,269,Knows
9,79,Atticus Finch,Tom Robinson's Trial,Directed,1,269,Knows
5,93,Scout Finch,Mr. Dolphus Raymond,Directed,1,269,Exchange
5,6,Scout Finch,Dill Harris,Directed,1,269,Exchange
121,79,Reverend Sykes,Tom Robinson's Trial,Directed,1,269,Knows
5,123,Scout Finch,Mr. Gilmer,Directed,1,269,Knows
5,121,Scout Finch,Reverend Sykes,Directed,1,269,Knows of
6,79,Dill Harris,Tom Robinson's Trial,Directed,1,269,Knows
93,79,Mr. Dolphus Raymond,Tom Robinson's Trial,Directed,1,269,Knows
6,5,Dill Harris,Scout Finch,Directed,1,269,Exchange
6,93,Dill Harris,Mr. Dolphus Raymond,Directed,1,269,Exchange
93,9,Mr. Dolphus Raymond,Atticus Finch,Directed,1,269,Knows
5,79,Scout Finch,Tom Robinson's Trial,Directed,1,269,Knows of
5,105,Scout Finch,Tom Robinson's jury,Directed,1,270,Knows of
130,79,Court reporter,Tom Robinson's Trial,Directed,1,270,Knows
5,9,Scout Finch,Atticus Finch,Directed,1,270,Knows of
5,123,Scout Finch,Mr. Gilmer,Directed,1,270,Knows of
5,8,Scout Finch,Jem Finch,Directed,1,270,Exchange
123,79,Mr. Gilmer,Tom Robinson's Trial,Directed,1,270,Knows
5,125,Scout Finch,Judge Taylor,Directed,1,270,Knows of
79,80,Tom Robinson's Trial,Tom Robinson,Directed,1,270,Knows
9,79,Atticus Finch,Tom Robinson's Trial,Directed,1,270,Knows
9,80,Atticus Finch,Tom Robinson,Directed,1,270,Knows
8,79,Jem Finch,Tom Robinson's Trial,Directed,1,270,Knows
5,80,Scout Finch,Tom Robinson,Directed,1,270,Knows of
79,123,Tom Robinson's Trial,Mr. Gilmer,Directed,1,270,Knows
125,79,Judge Taylor,Tom Robinson's Trial,Directed,1,270,Knows
8,9,Jem Finch,Atticus Finch,Directed,1,270,Knows
5,79,Scout Finch,Tom Robinson's Trial,Directed,1,270,Knows of
79,125,Tom Robinson's Trial,Judge Taylor,Directed,1,270,Knows
9,105,Atticus Finch,Tom Robinson's jury,Directed,1,270,Exchange
80,79,Tom Robinson,Tom Robinson's Trial,Directed,1,270,Knows
9,8,Atticus Finch,Jem Finch,Directed,1,270,Knows
80,9,Tom Robinson,Atticus Finch,Directed,1,270,Knows
123,130,Mr. Gilmer,Court reporter,Directed,1,270,Knows
79,8,Tom Robinson's Trial,Jem Finch,Directed,1,270,Knows
105,79,Tom Robinson's jury,Tom Robinson's Trial,Directed,1,270,Knows
105,9,Tom Robinson's jury,Atticus Finch,Directed,1,270,Exchange
5,130,Scout Finch,Court reporter,Directed,1,270,Knows of
79,105,Tom Robinson's Trial,Tom Robinson's jury,Directed,1,270,Knows
125,9,Judge Taylor,Atticus Finch,Directed,1,270,Exchange
130,123,Court reporter,Mr. Gilmer,Directed,1,270,Knows
79,130,Tom Robinson's Trial,Court reporter,Directed,1,270,Knows
8,5,Jem Finch,Scout Finch,Directed,1,270,Exchange
79,9,Tom Robinson's Trial,Atticus Finch,Directed,1,270,Knows
9,125,Atticus Finch,Judge Taylor,Directed,1,270,Exchange
123,79,Mr. Gilmer,Tom Robinson's Trial,Directed,1,271,Knows
9,105,Atticus Finch,Tom Robinson's jury,Directed,1,271,Exchange
9,123,Atticus Finch,Mr. Gilmer,Directed,1,271,Knows
80,15,Tom Robinson,Mayella Ewell,Directed,1,271,Knows
123,9,Mr. Gilmer,Atticus Finch,Directed,1,271,Knows
8,79,Jem Finch,Tom Robinson's Trial,Directed,1,271,Knows
123,80,Mr. Gilmer,Tom Robinson,Directed,1,271,Knows
80,9,Tom Robinson,Atticus Finch,Directed,1,271,Knows
15,123,Mayella Ewell,Mr. Gilmer,Directed,1,271,Knows
79,15,Tom Robinson's Trial,Mayella Ewell,Directed,1,271,Knows
80,123,Tom Robinson,Mr. Gilmer,Directed,1,271,Knows
79,123,Tom Robinson's Trial,Mr. Gilmer,Directed,1,271,Knows
15,9,Mayella Ewell,Atticus Finch,Directed,1,271,Knows
9,79,Atticus Finch,Tom Robinson's Trial,Directed,1,271,Knows
105,79,Tom Robinson's jury,Tom Robinson's Trial,Directed,1,271,Knows
79,8,Tom Robinson's Trial,Jem Finch,Directed,1,271,Knows
123,15,Mr. Gilmer,Mayella Ewell,Directed,1,271,Knows
9,14,Atticus Finch,Bob Ewell,Directed,1,271,Knows
14,9,Bob Ewell,Atticus Finch,Directed,1,271,Knows
79,105,Tom Robinson's Trial,Tom Robinson's jury,Directed,1,271,Knows
15,79,Mayella Ewell,Tom Robinson's Trial,Directed,1,271,Knows
15,80,Mayella Ewell,Tom Robinson,Directed,1,271,Knows
79,9,Tom Robinson's Trial,Atticus Finch,Directed,1,271,Knows
80,79,Tom Robinson,Tom Robinson's Trial,Directed,1,271,Knows
5,105,Scout Finch,Tom Robinson's jury,Directed,1,271,Knows of
79,80,Tom Robinson's Trial,Tom Robinson,Directed,1,271,Knows
5,123,Scout Finch,Mr. Gilmer,Directed,1,271,Knows of
5,8,Scout Finch,Jem Finch,Directed,1,271,Knows
5,79,Scout Finch,Tom Robinson's Trial,Directed,1,271,Knows of
5,14,Scout Finch,Bob Ewell,Directed,1,271,Knows of
9,80,Atticus Finch,Tom Robinson,Directed,1,271,Knows
8,5,Jem Finch,Scout Finch,Directed,1,271,Knows
9,15,Atticus Finch,Mayella Ewell,Directed,1,271,Knows
5,9,Scout Finch,Atticus Finch,Directed,1,271,Knows of
5,15,Scout Finch,Mayella Ewell,Directed,1,271,Knows of
105,9,Tom Robinson's jury,Atticus Finch,Directed,1,271,Exchange
14,79,Bob Ewell,Tom Robinson's Trial,Directed,1,271,Knows
5,80,Scout Finch,Tom Robinson,Directed,1,271,Knows of
79,14,Tom Robinson's Trial,Bob Ewell,Directed,1,271,Knows
15,9,Mayella Ewell,Atticus Finch,Directed,1,272,Knows
105,79,Tom Robinson's jury,Tom Robinson's Trial,Directed,1,272,Knows
5,79,Scout Finch,Tom Robinson's Trial,Directed,1,272,Knows of
19,9,God,Atticus Finch,Directed,1,272,Knows
15,14,Mayella Ewell,Bob Ewell,Directed,1,272,Knows
80,9,Tom Robinson,Atticus Finch,Directed,1,272,Knows
80,79,Tom Robinson,Tom Robinson's Trial,Directed,1,272,Knows
79,105,Tom Robinson's Trial,Tom Robinson's jury,Directed,1,272,Knows
15,80,Mayella Ewell,Tom Robinson,Directed,1,272,Knows
9,14,Atticus Finch,Bob Ewell,Directed,1,272,Knows
9,19,Atticus Finch,God,Directed,1,272,Knows
79,80,Tom Robinson's Trial,Tom Robinson,Directed,1,272,Knows
79,9,Tom Robinson's Trial,Atticus Finch,Directed,1,272,Knows
80,15,Tom Robinson,Mayella Ewell,Directed,1,272,Knows
5,105,Scout Finch,Tom Robinson's jury,Directed,1,272,Knows of
123,79,Mr. Gilmer,Tom Robinson's Trial,Directed,1,272,Knows
9,80,Atticus Finch,Tom Robinson,Directed,1,272,Knows
5,9,Scout Finch,Atticus Finch,Directed,1,272,Knows of
5,15,Scout Finch,Mayella Ewell,Directed,1,272,Knows of
5,19,Scout Finch,God,Directed,1,272,Knows of
79,14,Tom Robinson's Trial,Bob Ewell,Directed,1,272,Knows
14,9,Bob Ewell,Atticus Finch,Directed,1,272,Knows
14,79,Bob Ewell,Tom Robinson's Trial,Directed,1,272,Knows
14,15,Bob Ewell,Mayella Ewell,Directed,1,272,Knows
105,9,Tom Robinson's jury,Atticus Finch,Directed,1,272,Exchange
5,14,Scout Finch,Bob Ewell,Directed,1,272,Knows of
9,105,Atticus Finch,Tom Robinson's jury,Directed,1,272,Exchange
5,123,Scout Finch,Mr. Gilmer,Directed,1,272,Knows of
9,79,Atticus Finch,Tom Robinson's Trial,Directed,1,272,Knows
9,15,Atticus Finch,Mayella Ewell,Directed,1,272,Knows
15,79,Mayella Ewell,Tom Robinson's Trial,Directed,1,272,Knows
79,15,Tom Robinson's Trial,Mayella Ewell,Directed,1,272,Knows
5,80,Scout Finch,Tom Robinson,Directed,1,272,Knows of
79,123,Tom Robinson's Trial,Mr. Gilmer,Directed,1,272,Knows
14,80,Bob Ewell,Tom Robinson,Directed,1,273,Knows
123,15,Mr. Gilmer,Mayella Ewell,Directed,1,273,Knows
9,105,Atticus Finch,Tom Robinson's jury,Directed,1,273,Exchange
80,15,Tom Robinson,Mayella Ewell,Directed,1,273,Knows
5,80,Scout Finch,Tom Robinson,Directed,1,273,Knows of
5,11,Scout Finch,Heck Tate,Directed,1,273,Knows of
9,14,Atticus Finch,Bob Ewell,Directed,1,273,Knows
15,79,Mayella Ewell,Tom Robinson's Trial,Directed,1,273,Knows
79,11,Tom Robinson's Trial,Heck Tate,Directed,1,273,Knows
15,105,Mayella Ewell,Tom Robinson's jury,Directed,1,273,Knows
15,123,Mayella Ewell,Mr. Gilmer,Directed,1,273,Knows
79,123,Tom Robinson's Trial,Mr. Gilmer,Directed,1,273,Knows
14,123,Bob Ewell,Mr. Gilmer,Directed,1,273,Knows
9,11,Atticus Finch,Heck Tate,Directed,1,273,Knows
79,80,Tom Robinson's Trial,Tom Robinson,Directed,1,273,Knows
105,14,Tom Robinson's jury,Bob Ewell,Directed,1,273,Knows
5,14,Scout Finch,Bob Ewell,Directed,1,273,Knows of
79,9,Tom Robinson's Trial,Atticus Finch,Directed,1,273,Knows
11,9,Heck Tate,Atticus Finch,Directed,1,273,Knows
9,123,Atticus Finch,Mr. Gilmer,Directed,1,273,Knows
14,105,Bob Ewell,Tom Robinson's jury,Directed,1,273,Knows
14,9,Bob Ewell,Atticus Finch,Directed,1,273,Knows
11,79,Heck Tate,Tom Robinson's Trial,Directed,1,273,Knows
14,79,Bob Ewell,Tom Robinson's Trial,Directed,1,273,Knows
15,80,Mayella Ewell,Tom Robinson,Directed,1,273,Knows
5,15,Scout Finch,Mayella Ewell,Directed,1,273,Knows of
79,14,Tom Robinson's Trial,Bob Ewell,Directed,1,273,Knows
11,105,Heck Tate,Tom Robinson's jury,Directed,1,273,Knows
5,105,Scout Finch,Tom Robinson's jury,Directed,1,273,Knows of
79,15,Tom Robinson's Trial,Mayella Ewell,Directed,1,273,Knows
9,15,Atticus Finch,Mayella Ewell,Directed,1,273,Knows
9,79,Atticus Finch,Tom Robinson's Trial,Directed,1,273,Knows
5,9,Scout Finch,Atticus Finch,Directed,1,273,Knows of
105,11,Tom Robinson's jury,Heck Tate,Directed,1,273,Knows
9,80,Atticus Finch,Tom Robinson,Directed,1,273,Knows
123,79,Mr. Gilmer,Tom Robinson's Trial,Directed,1,273,Knows
5,142,Scout Finch,Thomas Jefferson,Directed,1,273,Knows of
5,79,Scout Finch,Tom Robinson's Trial,Directed,1,273,Knows of
11,123,Heck Tate,Mr. Gilmer,Directed,1,273,Knows
105,15,Tom Robinson's jury,Mayella Ewell,Directed,1,273,Knows
5,123,Scout Finch,Mr. Gilmer,Directed,1,273,Knows of
123,14,Mr. Gilmer,Bob Ewell,Directed,1,273,Knows
142,9,Thomas Jefferson,Atticus Finch,Directed,1,273,Exchange
15,9,Mayella Ewell,Atticus Finch,Directed,1,273,Knows
80,14,Tom Robinson,Bob Ewell,Directed,1,273,Knows
123,11,Mr. Gilmer,Heck Tate,Directed,1,273,Knows
79,105,Tom Robinson's Trial,Tom Robinson's jury,Directed,1,273,Knows
80,79,Tom Robinson,Tom Robinson's Trial,Directed,1,273,Knows
105,79,Tom Robinson's jury,Tom Robinson's Trial,Directed,1,273,Knows
80,9,Tom Robinson,Atticus Finch,Directed,1,273,Knows
123,9,Mr. Gilmer,Atticus Finch,Directed,1,273,Knows
105,9,Tom Robinson's jury,Atticus Finch,Directed,1,273,Exchange
9,146,Atticus Finch,"""[C]hildren""",Directed,1,274,Knows of
105,79,Tom Robinson's jury,Tom Robinson's Trial,Directed,1,274,Knows
9,145,Atticus Finch,"""[P]eople"" (run public education)",Directed,1,274,Knows of
9,148,Atticus Finch,Albert Einstein,Directed,1,274,Knows of
5,144,Scout Finch,American Executive Branch,Directed,1,274,Knows of
146,145,"""[C]hildren""","""[P]eople"" (run public education)",Directed,1,274,Knows
5,147,Scout Finch,The Rockefeller family,Directed,1,274,Knows of
145,146,"""[P]eople"" (run public education)","""[C]hildren""",Directed,1,274,Knows
79,9,Tom Robinson's Trial,Atticus Finch,Directed,1,274,Knows
5,142,Scout Finch,Thomas Jefferson,Directed,1,274,Knows of
9,147,Atticus Finch,The Rockefeller family,Directed,1,274,Knows of
142,9,Thomas Jefferson,Atticus Finch,Directed,1,274,Exchange
5,105,Scout Finch,Tom Robinson's jury,Directed,1,274,Knows of
105,9,Tom Robinson's jury,Atticus Finch,Directed,1,274,Exchange
5,143,Scout Finch,Yankees,Directed,1,274,Knows of
143,9,Yankees,Atticus Finch,Directed,1,274,Exchange
5,9,Scout Finch,Atticus Finch,Directed,1,274,Knows of
9,79,Atticus Finch,Tom Robinson's Trial,Directed,1,274,Knows
79,105,Tom Robinson's Trial,Tom Robinson's jury,Directed,1,274,Knows
9,105,Atticus Finch,Tom Robinson's jury,Directed,1,274,Exchange
144,9,American Executive Branch,Atticus Finch,Directed,1,274,Exchange
5,79,Scout Finch,Tom Robinson's Trial,Directed,1,274,Knows of
5,148,Scout Finch,Albert Einstein,Directed,1,274,Knows of
5,145,Scout Finch,"""[P]eople"" (run public education)",Directed,1,274,Knows of
5,146,Scout Finch,"""[C]hildren""",Directed,1,274,Knows of
79,80,Tom Robinson's Trial,Tom Robinson,Directed,1,275,Knows
140,9,Tom Robinson's children,Atticus Finch,Directed,1,275,Knows of
9,140,Atticus Finch,Tom Robinson's children,Directed,1,275,Knows of
9,105,Atticus Finch,Tom Robinson's jury,Directed,1,275,Exchange
79,105,Tom Robinson's Trial,Tom Robinson's jury,Directed,1,275,Knows
19,8,God,Jem Finch,Directed,1,275,Knows
8,24,Jem Finch,Calpurnia,Directed,1,275,Knows
9,139,Atticus Finch,Helen Robinson,Directed,1,275,Knows of
5,105,Scout Finch,Tom Robinson's jury,Directed,1,275,Knows of
80,79,Tom Robinson,Tom Robinson's Trial,Directed,1,275,Knows
140,80,Tom Robinson's children,Tom Robinson,Directed,1,275,Knows
80,9,Tom Robinson,Atticus Finch,Directed,1,275,Knows
105,9,Tom Robinson's jury,Atticus Finch,Directed,1,275,Exchange
80,8,Tom Robinson,Jem Finch,Directed,1,275,Knows
140,139,Tom Robinson's children,Helen Robinson,Directed,1,275,Knows
139,80,Helen Robinson,Tom Robinson,Directed,1,275,Knows
19,9,God,Atticus Finch,Directed,1,275,Knows
5,8,Scout Finch,Jem Finch,Directed,1,275,Exchange
5,24,Scout Finch,Calpurnia,Directed,1,275,Knows of
5,9,Scout Finch,Atticus Finch,Directed,1,275,Knows of
6,79,Dill Harris,Tom Robinson's Trial,Directed,1,275,Knows
9,80,Atticus Finch,Tom Robinson,Directed,1,275,Knows
139,9,Helen Robinson,Atticus Finch,Directed,1,275,Knows of
8,80,Jem Finch,Tom Robinson,Directed,1,275,Knows
8,6,Jem Finch,Dill Harris,Directed,1,275,Exchange
6,24,Dill Harris,Calpurnia,Directed,1,275,Knows
5,19,Scout Finch,God,Directed,1,275,Knows of
79,9,Tom Robinson's Trial,Atticus Finch,Directed,1,275,Knows
79,6,Tom Robinson's Trial,Dill Harris,Directed,1,275,Knows
105,79,Tom Robinson's jury,Tom Robinson's Trial,Directed,1,275,Knows
6,8,Dill Harris,Jem Finch,Directed,1,275,Exchange
139,140,Helen Robinson,Tom Robinson's children,Directed,1,275,Knows
9,19,Atticus Finch,God,Directed,1,275,Knows
9,8,Atticus Finch,Jem Finch,Directed,1,275,Exchange
5,139,Scout Finch,Helen Robinson,Directed,1,275,Knows of
5,140,Scout Finch,Tom Robinson's children,Directed,1,275,Knows of
80,139,Tom Robinson,Helen Robinson,Directed,1,275,Knows
79,24,Tom Robinson's Trial,Calpurnia,Directed,1,275,Knows
5,79,Scout Finch,Tom Robinson's Trial,Directed,1,275,Knows of
24,6,Calpurnia,Dill Harris,Directed,1,275,Knows
9,79,Atticus Finch,Tom Robinson's Trial,Directed,1,275,Knows
5,6,Scout Finch,Dill Harris,Directed,1,275,Knows of
8,5,Jem Finch,Scout Finch,Directed,1,275,Exchange
24,79,Calpurnia,Tom Robinson's Trial,Directed,1,275,Knows
8,79,Jem Finch,Tom Robinson's Trial,Directed,1,275,Knows
80,140,Tom Robinson,Tom Robinson's children,Directed,1,275,Knows
79,8,Tom Robinson's Trial,Jem Finch,Directed,1,275,Knows
8,19,Jem Finch,God,Directed,1,275,Knows
5,80,Scout Finch,Tom Robinson,Directed,1,275,Knows of
24,8,Calpurnia,Jem Finch,Directed,1,275,Knows
89,9,Mr. Underwood,Atticus Finch,Directed,1,276,Exchange
5,9,Scout Finch,Atticus Finch,Directed,1,276,Knows of
79,125,Tom Robinson's Trial,Judge Taylor,Directed,1,276,Knows
24,125,Calpurnia,Judge Taylor,Directed,1,276,Exchange
5,79,Scout Finch,Tom Robinson's Trial,Directed,1,276,Knows of
5,121,Scout Finch,Reverend Sykes,Directed,1,276,Knows of
24,9,Calpurnia,Atticus Finch,Directed,1,276,Knows
79,8,Tom Robinson's Trial,Jem Finch,Directed,1,276,Knows
121,79,Reverend Sykes,Tom Robinson's Trial,Directed,1,276,Knows
5,125,Scout Finch,Judge Taylor,Directed,1,276,Knows of
8,7,Jem Finch,Alexandra Finch,Directed,1,276,Knows
79,24,Tom Robinson's Trial,Calpurnia,Directed,1,276,Knows
24,79,Calpurnia,Tom Robinson's Trial,Directed,1,276,Knows
89,8,Mr. Underwood,Jem Finch,Directed,1,276,Knows
5,7,Scout Finch,Alexandra Finch,Directed,1,276,Knows of
125,24,Judge Taylor,Calpurnia,Directed,1,276,Exchange
121,8,Reverend Sykes,Jem Finch,Directed,1,276,Knows
79,121,Tom Robinson's Trial,Reverend Sykes,Directed,1,276,Knows
125,9,Judge Taylor,Atticus Finch,Directed,1,276,Exchange
7,8,Alexandra Finch,Jem Finch,Directed,1,276,Knows
9,125,Atticus Finch,Judge Taylor,Directed,1,276,Exchange
79,89,Tom Robinson's Trial,Mr. Underwood,Directed,1,276,Knows
9,79,Atticus Finch,Tom Robinson's Trial,Directed,1,276,Knows
8,79,Jem Finch,Tom Robinson's Trial,Directed,1,276,Knows
79,9,Tom Robinson's Trial,Atticus Finch,Directed,1,276,Knows
8,9,Jem Finch,Atticus Finch,Directed,1,276,Exchange
9,24,Atticus Finch,Calpurnia,Directed,1,276,Knows
7,9,Alexandra Finch,Atticus Finch,Directed,1,276,Exchange
5,89,Scout Finch,Mr. Underwood,Directed,1,276,Knows of
5,8,Scout Finch,Jem Finch,Directed,1,276,Knows of
9,89,Atticus Finch,Mr. Underwood,Directed,1,276,Exchange
125,79,Judge Taylor,Tom Robinson's Trial,Directed,1,276,Knows
9,7,Atticus Finch,Alexandra Finch,Directed,1,276,Exchange
8,121,Jem Finch,Reverend Sykes,Directed,1,276,Knows
5,24,Scout Finch,Calpurnia,Directed,1,276,Knows of
89,79,Mr. Underwood,Tom Robinson's Trial,Directed,1,276,Knows
9,8,Atticus Finch,Jem Finch,Directed,1,276,Exchange
8,89,Jem Finch,Mr. Underwood,Directed,1,276,Knows
9,24,Atticus Finch,Calpurnia,Directed,1,277,Knows
8,24,Jem Finch,Calpurnia,Directed,1,277,Exchange
79,105,Tom Robinson's Trial,Tom Robinson's jury,Directed,1,277,Knows
9,8,Atticus Finch,Jem Finch,Directed,1,277,Exchange
8,9,Jem Finch,Atticus Finch,Directed,1,277,Exchange
5,121,Scout Finch,Reverend Sykes,Directed,1,277,Knows of
105,9,Tom Robinson's jury,Atticus Finch,Directed,1,277,Knows
5,8,Scout Finch,Jem Finch,Directed,1,277,Knows of
121,8,Reverend Sykes,Jem Finch,Directed,1,277,Knows
9,5,Atticus Finch,Scout Finch,Directed,1,277,Exchange
121,79,Reverend Sykes,Tom Robinson's Trial,Directed,1,277,Knows
79,8,Tom Robinson's Trial,Jem Finch,Directed,1,277,Knows
79,121,Tom Robinson's Trial,Reverend Sykes,Directed,1,277,Knows
79,24,Tom Robinson's Trial,Calpurnia,Directed,1,277,Knows
5,105,Scout Finch,Tom Robinson's jury,Directed,1,277,Knows of
5,9,Scout Finch,Atticus Finch,Directed,1,277,Exchange
8,121,Jem Finch,Reverend Sykes,Directed,1,277,Knows
9,79,Atticus Finch,Tom Robinson's Trial,Directed,1,277,Knows
5,79,Scout Finch,Tom Robinson's Trial,Directed,1,277,Knows of
24,7,Calpurnia,Alexandra Finch,Directed,1,277,Knows
5,24,Scout Finch,Calpurnia,Directed,1,277,Exchange
7,24,Alexandra Finch,Calpurnia,Directed,1,277,Knows
24,9,Calpurnia,Atticus Finch,Directed,1,277,Knows
5,7,Scout Finch,Alexandra Finch,Directed,1,277,Knows of
79,9,Tom Robinson's Trial,Atticus Finch,Directed,1,277,Knows
24,8,Calpurnia,Jem Finch,Directed,1,277,Exchange
24,5,Calpurnia,Scout Finch,Directed,1,277,Exchange
9,105,Atticus Finch,Tom Robinson's jury,Directed,1,277,Knows
8,79,Jem Finch,Tom Robinson's Trial,Directed,1,277,Knows
24,79,Calpurnia,Tom Robinson's Trial,Directed,1,277,Knows
105,79,Tom Robinson's jury,Tom Robinson's Trial,Directed,1,277,Knows
5,24,Scout Finch,Calpurnia,Directed,1,278,Exchange
79,24,Tom Robinson's Trial,Calpurnia,Directed,1,278,Knows
6,121,Dill Harris,Reverend Sykes,Directed,1,278,Knows
5,80,Scout Finch,Tom Robinson,Directed,1,278,Knows of
79,105,Tom Robinson's Trial,Tom Robinson's jury,Directed,1,278,Knows
5,105,Scout Finch,Tom Robinson's jury,Directed,1,278,Knows of
8,105,Jem Finch,Tom Robinson's jury,Directed,1,278,Knows of
7,6,Alexandra Finch,Dill Harris,Directed,1,278,Knows
9,7,Atticus Finch,Alexandra Finch,Directed,1,278,Knows
5,32,Scout Finch,Miss Rachel Haverford,Directed,1,278,Knows of
105,79,Tom Robinson's jury,Tom Robinson's Trial,Directed,1,278,Knows
9,79,Atticus Finch,Tom Robinson's Trial,Directed,1,278,Knows
32,24,Miss Rachel Haverford,Calpurnia,Directed,1,278,Knows
32,6,Miss Rachel Haverford,Dill Harris,Directed,1,278,Knows
5,79,Scout Finch,Tom Robinson's Trial,Directed,1,278,Knows of
8,80,Jem Finch,Tom Robinson,Directed,1,278,Knows
6,9,Dill Harris,Atticus Finch,Directed,1,278,Knows
79,9,Tom Robinson's Trial,Atticus Finch,Directed,1,278,Knows
79,8,Tom Robinson's Trial,Jem Finch,Directed,1,278,Knows
5,121,Scout Finch,Reverend Sykes,Directed,1,278,Knows of
8,9,Jem Finch,Atticus Finch,Directed,1,278,Knows
7,24,Alexandra Finch,Calpurnia,Directed,1,278,Exchange
7,9,Alexandra Finch,Atticus Finch,Directed,1,278,Knows
6,24,Dill Harris,Calpurnia,Directed,1,278,Exchange
8,7,Jem Finch,Alexandra Finch,Directed,1,278,Knows
5,125,Scout Finch,Judge Taylor,Directed,1,278,Knows of
8,125,Jem Finch,Judge Taylor,Directed,1,278,Knows
8,79,Jem Finch,Tom Robinson's Trial,Directed,1,278,Knows
121,8,Reverend Sykes,Jem Finch,Directed,1,278,Knows
6,7,Dill Harris,Alexandra Finch,Directed,1,278,Knows
79,125,Tom Robinson's Trial,Judge Taylor,Directed,1,278,Knows
8,24,Jem Finch,Calpurnia,Directed,1,278,Exchange
125,79,Judge Taylor,Tom Robinson's Trial,Directed,1,278,Knows
24,7,Calpurnia,Alexandra Finch,Directed,1,278,Exchange
5,8,Scout Finch,Jem Finch,Directed,1,278,Knows of
24,9,Calpurnia,Atticus Finch,Directed,1,278,Knows
9,24,Atticus Finch,Calpurnia,Directed,1,278,Knows
24,6,Calpurnia,Dill Harris,Directed,1,278,Exchange
5,7,Scout Finch,Alexandra Finch,Directed,1,278,Knows of
9,6,Atticus Finch,Dill Harris,Directed,1,278,Knows
24,8,Calpurnia,Jem Finch,Directed,1,278,Exchange
24,32,Calpurnia,Miss Rachel Haverford,Directed,1,278,Knows
24,5,Calpurnia,Scout Finch,Directed,1,278,Exchange
6,79,Dill Harris,Tom Robinson's Trial,Directed,1,278,Knows
24,79,Calpurnia,Tom Robinson's Trial,Directed,1,278,Knows
9,8,Atticus Finch,Jem Finch,Directed,1,278,Knows
7,8,Alexandra Finch,Jem Finch,Directed,1,278,Knows
5,6,Scout Finch,Dill Harris,Directed,1,278,Knows of
121,79,Reverend Sykes,Tom Robinson's Trial,Directed,1,278,Knows
6,32,Dill Harris,Miss Rachel Haverford,Directed,1,278,Knows
79,121,Tom Robinson's Trial,Reverend Sykes,Directed,1,278,Knows
5,9,Scout Finch,Atticus Finch,Directed,1,278,Knows of
121,6,Reverend Sykes,Dill Harris,Directed,1,278,Knows
79,6,Tom Robinson's Trial,Dill Harris,Directed,1,278,Knows
8,121,Jem Finch,Reverend Sykes,Directed,1,278,Knows
106,79,Crowd (at the trial),Tom Robinson's Trial,Directed,1,279,Knows
5,79,Scout Finch,Tom Robinson's Trial,Directed,1,279,Knows of
123,121,Mr. Gilmer,Reverend Sykes,Directed,1,279,Knows
8,79,Jem Finch,Tom Robinson's Trial,Directed,1,279,Knows
106,8,Crowd (at the trial),Jem Finch,Directed,1,279,Knows
121,8,Reverend Sykes,Jem Finch,Directed,1,279,Exchange
106,121,Crowd (at the trial),Reverend Sykes,Directed,1,279,Knows
121,125,Reverend Sykes,Judge Taylor,Directed,1,279,Knows
125,105,Judge Taylor,Tom Robinson's jury,Directed,1,279,Exchange
123,79,Mr. Gilmer,Tom Robinson's Trial,Directed,1,279,Knows
125,121,Judge Taylor,Reverend Sykes,Directed,1,279,Knows
5,125,Scout Finch,Judge Taylor,Directed,1,279,Knows of
121,123,Reverend Sykes,Mr. Gilmer,Directed,1,279,Knows
5,123,Scout Finch,Mr. Gilmer,Directed,1,279,Knows of
121,9,Reverend Sykes,Atticus Finch,Directed,1,279,Knows
8,121,Jem Finch,Reverend Sykes,Directed,1,279,Exchange
79,15,Tom Robinson's Trial,Mayella Ewell,Directed,1,279,Knows
5,8,Scout Finch,Jem Finch,Directed,1,279,Exchange
105,79,Tom Robinson's jury,Tom Robinson's Trial,Directed,1,279,Knows
5,105,Scout Finch,Tom Robinson's jury,Directed,1,279,Knows of
125,79,Judge Taylor,Tom Robinson's Trial,Directed,1,279,Knows
8,5,Jem Finch,Scout Finch,Directed,1,279,Exchange
121,79,Reverend Sykes,Tom Robinson's Trial,Directed,1,279,Knows
121,105,Reverend Sykes,Tom Robinson's jury,Directed,1,279,Knows of
5,9,Scout Finch,Atticus Finch,Directed,1,279,Knows of
121,106,Reverend Sykes,Crowd (at the trial),Directed,1,279,Knows
9,79,Atticus Finch,Tom Robinson's Trial,Directed,1,279,Knows
15,79,Mayella Ewell,Tom Robinson's Trial,Directed,1,279,Knows
8,15,Jem Finch,Mayella Ewell,Directed,1,279,Knows
5,121,Scout Finch,Reverend Sykes,Directed,1,279,Knows of
79,9,Tom Robinson's Trial,Atticus Finch,Directed,1,279,Knows
5,15,Scout Finch,Mayella Ewell,Directed,1,279,Knows of
79,8,Tom Robinson's Trial,Jem Finch,Directed,1,279,Knows
5,106,Scout Finch,Crowd (at the trial),Directed,1,279,Knows of
8,125,Jem Finch,Judge Taylor,Directed,1,279,Knows
9,121,Atticus Finch,Reverend Sykes,Directed,1,279,Knows
105,125,Tom Robinson's jury,Judge Taylor,Directed,1,279,Exchange
79,105,Tom Robinson's Trial,Tom Robinson's jury,Directed,1,279,Knows
79,123,Tom Robinson's Trial,Mr. Gilmer,Directed,1,279,Knows
79,121,Tom Robinson's Trial,Reverend Sykes,Directed,1,279,Knows
8,106,Jem Finch,Crowd (at the trial),Directed,1,279,Knows
79,106,Tom Robinson's Trial,Crowd (at the trial),Directed,1,279,Knows
9,123,Atticus Finch,Mr. Gilmer,Directed,1,279,Exchange
79,125,Tom Robinson's Trial,Judge Taylor,Directed,1,279,Knows
123,9,Mr. Gilmer,Atticus Finch,Directed,1,279,Exchange
8,105,Jem Finch,Tom Robinson's jury,Directed,1,279,Knows of
125,9,Judge Taylor,Atticus Finch,Directed,1,280,Knows
5,8,Scout Finch,Jem Finch,Directed,1,280,Exchange
105,79,Tom Robinson's jury,Tom Robinson's Trial,Directed,1,280,Knows
79,123,Tom Robinson's Trial,Mr. Gilmer,Directed,1,280,Knows
106,5,Crowd (at the trial),Scout Finch,Directed,1,280,Knows
8,5,Jem Finch,Scout Finch,Directed,1,280,Exchange
5,105,Scout Finch,Tom Robinson's jury,Directed,1,280,Knows of
130,79,Court reporter,Tom Robinson's Trial,Directed,1,280,Knows
123,89,Mr. Gilmer,Mr. Underwood,Directed,1,280,Exchange
5,123,Scout Finch,Mr. Gilmer,Directed,1,280,Knows of
79,89,Tom Robinson's Trial,Mr. Underwood,Directed,1,280,Knows
79,130,Tom Robinson's Trial,Court reporter,Directed,1,280,Knows
106,79,Crowd (at the trial),Tom Robinson's Trial,Directed,1,280,Knows
105,9,Tom Robinson's jury,Atticus Finch,Directed,1,280,Knows
121,8,Reverend Sykes,Jem Finch,Directed,1,280,Exchange
79,125,Tom Robinson's Trial,Judge Taylor,Directed,1,280,Knows
79,106,Tom Robinson's Trial,Crowd (at the trial),Directed,1,280,Knows
121,79,Reverend Sykes,Tom Robinson's Trial,Directed,1,280,Knows
8,121,Jem Finch,Reverend Sykes,Directed,1,280,Exchange
5,9,Scout Finch,Atticus Finch,Directed,1,280,Exchange
79,121,Tom Robinson's Trial,Reverend Sykes,Directed,1,280,Knows
5,89,Scout Finch,Mr. Underwood,Directed,1,280,Knows of
9,79,Atticus Finch,Tom Robinson's Trial,Directed,1,280,Knows
9,5,Atticus Finch,Scout Finch,Directed,1,280,Exchange
125,79,Judge Taylor,Tom Robinson's Trial,Directed,1,280,Knows
5,79,Scout Finch,Tom Robinson's Trial,Directed,1,280,Knows of
89,79,Mr. Underwood,Tom Robinson's Trial,Directed,1,280,Knows
9,105,Atticus Finch,Tom Robinson's jury,Directed,1,280,Knows
5,125,Scout Finch,Judge Taylor,Directed,1,280,Knows of
123,79,Mr. Gilmer,Tom Robinson's Trial,Directed,1,280,Knows
5,130,Scout Finch,Court reporter,Directed,1,280,Knows
5,106,Scout Finch,Crowd (at the trial),Directed,1,280,Knows
79,105,Tom Robinson's Trial,Tom Robinson's jury,Directed,1,280,Knows
79,8,Tom Robinson's Trial,Jem Finch,Directed,1,280,Knows
89,123,Mr. Underwood,Mr. Gilmer,Directed,1,280,Exchange
8,79,Jem Finch,Tom Robinson's Trial,Directed,1,280,Knows
79,9,Tom Robinson's Trial,Atticus Finch,Directed,1,280,Knows
5,121,Scout Finch,Reverend Sykes,Directed,1,280,Knows of
9,125,Atticus Finch,Judge Taylor,Directed,1,280,Knows
8,79,Jem Finch,Tom Robinson's Trial,Directed,1,281,Knows
5,149,Scout Finch,"""[C]arpenters""",Directed,1,281,Knows of
8,6,Jem Finch,Dill Harris,Directed,1,281,Knows
106,11,Crowd (at the trial),Heck Tate,Directed,1,281,Exchange
55,149,Miss Maudie Atkinson,"""[C]arpenters""",Directed,1,281,Knows
79,6,Tom Robinson's Trial,Dill Harris,Directed,1,281,Knows
5,11,Scout Finch,Heck Tate,Directed,1,281,Knows of
6,79,Dill Harris,Tom Robinson's Trial,Directed,1,281,Knows
78,5,The Radley Place,Scout Finch,Directed,1,281,Knows
106,79,Crowd (at the trial),Tom Robinson's Trial,Directed,1,281,Knows
11,106,Heck Tate,Crowd (at the trial),Directed,1,281,Exchange
149,55,"""[C]arpenters""",Miss Maudie Atkinson,Directed,1,281,Knows
5,9,Scout Finch,Atticus Finch,Directed,1,281,Knows of
5,6,Scout Finch,Dill Harris,Directed,1,281,Knows of
8,5,Jem Finch,Scout Finch,Directed,1,281,Exchange
79,11,Tom Robinson's Trial,Heck Tate,Directed,1,281,Knows
5,8,Scout Finch,Jem Finch,Directed,1,281,Exchange
5,78,Scout Finch,The Radley Place,Directed,1,281,Knows
5,55,Scout Finch,Miss Maudie Atkinson,Directed,1,281,Knows
5,80,Scout Finch,Tom Robinson,Directed,1,281,Knows
5,79,Scout Finch,Tom Robinson's Trial,Directed,1,281,Knows of
79,106,Tom Robinson's Trial,Crowd (at the trial),Directed,1,281,Knows
9,79,Atticus Finch,Tom Robinson's Trial,Directed,1,281,Knows
79,9,Tom Robinson's Trial,Atticus Finch,Directed,1,281,Knows
5,106,Scout Finch,Crowd (at the trial),Directed,1,281,Knows of
11,79,Heck Tate,Tom Robinson's Trial,Directed,1,281,Knows
9,11,Atticus Finch,Heck Tate,Directed,1,281,Exchange
79,8,Tom Robinson's Trial,Jem Finch,Directed,1,281,Knows
11,9,Heck Tate,Atticus Finch,Directed,1,281,Exchange
55,5,Miss Maudie Atkinson,Scout Finch,Directed,1,281,Knows
6,8,Dill Harris,Jem Finch,Directed,1,281,Knows
117,11,Circuit clerk,Heck Tate,Directed,1,282,Exchange
79,8,Tom Robinson's Trial,Jem Finch,Directed,1,282,Knows
8,79,Jem Finch,Tom Robinson's Trial,Directed,1,282,Knows
125,117,Judge Taylor,Circuit clerk,Directed,1,282,Exchange
105,80,Tom Robinson's jury,Tom Robinson,Directed,1,282,Knows
79,11,Tom Robinson's Trial,Heck Tate,Directed,1,282,Knows
9,79,Atticus Finch,Tom Robinson's Trial,Directed,1,282,Knows
125,8,Judge Taylor,Jem Finch,Directed,1,282,Exchange
125,79,Judge Taylor,Tom Robinson's Trial,Directed,1,282,Knows
79,9,Tom Robinson's Trial,Atticus Finch,Directed,1,282,Knows
106,125,Crowd (at the trial),Judge Taylor,Directed,1,282,Exchange
125,106,Judge Taylor,Crowd (at the trial),Directed,1,282,Exchange
79,105,Tom Robinson's Trial,Tom Robinson's jury,Directed,1,282,Knows
79,117,Tom Robinson's Trial,Circuit clerk,Directed,1,282,Knows
123,9,Mr. Gilmer,Atticus Finch,Directed,1,282,Exchange
11,105,Heck Tate,Tom Robinson's jury,Directed,1,282,Exchange
130,9,Court reporter,Atticus Finch,Directed,1,282,Exchange
117,125,Circuit clerk,Judge Taylor,Directed,1,282,Exchange
117,79,Circuit clerk,Tom Robinson's Trial,Directed,1,282,Knows
80,11,Tom Robinson,Heck Tate,Directed,1,282,Knows
79,130,Tom Robinson's Trial,Court reporter,Directed,1,282,Knows
79,125,Tom Robinson's Trial,Judge Taylor,Directed,1,282,Knows
5,125,Scout Finch,Judge Taylor,Directed,1,282,Knows of
9,11,Atticus Finch,Heck Tate,Directed,1,282,Knows
11,80,Heck Tate,Tom Robinson,Directed,1,282,Knows
80,9,Tom Robinson,Atticus Finch,Directed,1,282,Exchange
80,105,Tom Robinson,Tom Robinson's jury,Directed,1,282,Knows
11,79,Heck Tate,Tom Robinson's Trial,Directed,1,282,Knows
105,79,Tom Robinson's jury,Tom Robinson's Trial,Directed,1,282,Knows
79,106,Tom Robinson's Trial,Crowd (at the trial),Directed,1,282,Knows
130,79,Court reporter,Tom Robinson's Trial,Directed,1,282,Knows
123,79,Mr. Gilmer,Tom Robinson's Trial,Directed,1,282,Knows
5,123,Scout Finch,Mr. Gilmer,Directed,1,282,Knows of
105,11,Tom Robinson's jury,Heck Tate,Directed,1,282,Exchange
5,79,Scout Finch,Tom Robinson's Trial,Directed,1,282,Knows of
9,130,Atticus Finch,Court reporter,Directed,1,282,Exchange
11,9,Heck Tate,Atticus Finch,Directed,1,282,Knows
5,9,Scout Finch,Atticus Finch,Directed,1,282,Knows of
11,117,Heck Tate,Circuit clerk,Directed,1,282,Exchange
106,79,Crowd (at the trial),Tom Robinson's Trial,Directed,1,282,Knows
9,80,Atticus Finch,Tom Robinson,Directed,1,282,Exchange
5,8,Scout Finch,Jem Finch,Directed,1,282,Knows of
5,105,Scout Finch,Tom Robinson's jury,Directed,1,282,Knows of
5,11,Scout Finch,Heck Tate,Directed,1,282,Knows of
79,123,Tom Robinson's Trial,Mr. Gilmer,Directed,1,282,Knows
5,80,Scout Finch,Tom Robinson,Directed,1,282,Knows of
5,106,Scout Finch,Crowd (at the trial),Directed,1,282,Knows of
5,117,Scout Finch,Circuit clerk,Directed,1,282,Knows of
5,130,Scout Finch,Court reporter,Directed,1,282,Knows of
9,123,Atticus Finch,Mr. Gilmer,Directed,1,282,Exchange
5,79,Scout Finch,Tom Robinson's Trial,Directed,1,283,Knows of
9,79,Atticus Finch,Tom Robinson's Trial,Directed,1,283,Knows
121,5,Reverend Sykes,Scout Finch,Directed,1,283,Exchange
5,9,Scout Finch,Atticus Finch,Directed,1,283,Knows of
121,79,Reverend Sykes,Tom Robinson's Trial,Directed,1,283,Knows
79,121,Tom Robinson's Trial,Reverend Sykes,Directed,1,283,Knows
9,121,Atticus Finch,Reverend Sykes,Directed,1,283,Knows
106,79,Crowd (at the trial),Tom Robinson's Trial,Directed,1,283,Knows
121,9,Reverend Sykes,Atticus Finch,Directed,1,283,Knows
5,106,Scout Finch,Crowd (at the trial),Directed,1,283,Knows
79,106,Tom Robinson's Trial,Crowd (at the trial),Directed,1,283,Knows
5,121,Scout Finch,Reverend Sykes,Directed,1,283,Exchange
106,5,Crowd (at the trial),Scout Finch,Directed,1,283,Knows
79,9,Tom Robinson's Trial,Atticus Finch,Directed,1,283,Knows
8,7,Jem Finch,Alexandra Finch,Directed,1,284,Knows
5,7,Scout Finch,Alexandra Finch,Directed,1,284,Knows of
5,8,Scout Finch,Jem Finch,Directed,1,284,Knows of
5,9,Scout Finch,Atticus Finch,Directed,1,284,Knows of
7,9,Alexandra Finch,Atticus Finch,Directed,1,284,Exchange
80,9,Tom Robinson,Atticus Finch,Directed,1,284,Knows
9,7,Atticus Finch,Alexandra Finch,Directed,1,284,Exchange
8,9,Jem Finch,Atticus Finch,Directed,1,284,Exchange
7,8,Alexandra Finch,Jem Finch,Directed,1,284,Knows
9,8,Atticus Finch,Jem Finch,Directed,1,284,Exchange
8,80,Jem Finch,Tom Robinson,Directed,1,284,Knows
5,80,Scout Finch,Tom Robinson,Directed,1,284,Knows
9,80,Atticus Finch,Tom Robinson,Directed,1,284,Knows
5,150,Scout Finch,Tom Robinson's father,Directed,1,285,Knows of
5,105,Scout Finch,Tom Robinson's jury,Directed,1,285,Knows of
150,9,Tom Robinson's father,Atticus Finch,Directed,1,285,Knows of
7,8,Alexandra Finch,Jem Finch,Directed,1,285,Knows
8,9,Jem Finch,Atticus Finch,Directed,1,285,Exchange
80,24,Tom Robinson,Calpurnia,Directed,1,285,Knows
9,105,Atticus Finch,Tom Robinson's jury,Directed,1,285,Knows
80,150,Tom Robinson,Tom Robinson's father,Directed,1,285,Knows
5,80,Scout Finch,Tom Robinson,Directed,1,285,Knows of
5,24,Scout Finch,Calpurnia,Directed,1,285,Knows of
8,7,Jem Finch,Alexandra Finch,Directed,1,285,Knows
9,150,Atticus Finch,Tom Robinson's father,Directed,1,285,Knows of
8,105,Jem Finch,Tom Robinson's jury,Directed,1,285,Knows
5,9,Scout Finch,Atticus Finch,Directed,1,285,Knows of
24,80,Calpurnia,Tom Robinson,Directed,1,285,Knows
24,150,Calpurnia,Tom Robinson's father,Directed,1,285,Knows
9,7,Atticus Finch,Alexandra Finch,Directed,1,285,Exchange
7,9,Alexandra Finch,Atticus Finch,Directed,1,285,Exchange
9,24,Atticus Finch,Calpurnia,Directed,1,285,Exchange
150,24,Tom Robinson's father,Calpurnia,Directed,1,285,Knows
150,80,Tom Robinson's father,Tom Robinson,Directed,1,285,Knows
5,7,Scout Finch,Alexandra Finch,Directed,1,285,Knows of
9,8,Atticus Finch,Jem Finch,Directed,1,285,Exchange
24,9,Calpurnia,Atticus Finch,Directed,1,285,Exchange
5,8,Scout Finch,Jem Finch,Directed,1,285,Knows of
32,9,Miss Rachel Haverford,Atticus Finch,Directed,1,286,Knows
24,151,Calpurnia,Estelle,Directed,1,286,Knows
5,11,Scout Finch,Heck Tate,Directed,1,286,Knows of
32,6,Miss Rachel Haverford,Dill Harris,Directed,1,286,Exchange
11,32,Heck Tate,Miss Rachel Haverford,Directed,1,286,Knows
8,6,Jem Finch,Dill Harris,Directed,1,286,Exchange
9,133,Atticus Finch,Maycomb's Black community,Directed,1,286,Knows
32,8,Miss Rachel Haverford,Jem Finch,Directed,1,286,Knows
5,7,Scout Finch,Alexandra Finch,Directed,1,286,Knows of
32,11,Miss Rachel Haverford,Heck Tate,Directed,1,286,Knows
6,11,Dill Harris,Heck Tate,Directed,1,286,Knows
6,8,Dill Harris,Jem Finch,Directed,1,286,Exchange
9,6,Atticus Finch,Dill Harris,Directed,1,286,Knows
5,133,Scout Finch,Maycomb's Black community,Directed,1,286,Knows of
24,133,Calpurnia,Maycomb's Black community,Directed,1,286,Knows
133,24,Maycomb's Black community,Calpurnia,Directed,1,286,Knows
5,8,Scout Finch,Jem Finch,Directed,1,286,Knows of
6,24,Dill Harris,Calpurnia,Directed,1,286,Knows
9,8,Atticus Finch,Jem Finch,Directed,1,286,Knows
6,32,Dill Harris,Miss Rachel Haverford,Directed,1,286,Exchange
9,24,Atticus Finch,Calpurnia,Directed,1,286,Exchange
9,7,Atticus Finch,Alexandra Finch,Directed,1,286,Exchange
133,9,Maycomb's Black community,Atticus Finch,Directed,1,286,Knows
5,32,Scout Finch,Miss Rachel Haverford,Directed,1,286,Knows of
5,6,Scout Finch,Dill Harris,Directed,1,286,Exchange
8,32,Jem Finch,Miss Rachel Haverford,Directed,1,286,Knows
6,9,Dill Harris,Atticus Finch,Directed,1,286,Knows
24,9,Calpurnia,Atticus Finch,Directed,1,286,Exchange
5,151,Scout Finch,Estelle,Directed,1,286,Knows of
7,9,Alexandra Finch,Atticus Finch,Directed,1,286,Exchange
9,32,Atticus Finch,Miss Rachel Haverford,Directed,1,286,Knows
5,9,Scout Finch,Atticus Finch,Directed,1,286,Knows of
8,9,Jem Finch,Atticus Finch,Directed,1,286,Knows
5,24,Scout Finch,Calpurnia,Directed,1,286,Knows of
24,6,Calpurnia,Dill Harris,Directed,1,286,Knows
151,24,Estelle,Calpurnia,Directed,1,286,Knows
6,5,Dill Harris,Scout Finch,Directed,1,286,Exchange
11,6,Heck Tate,Dill Harris,Directed,1,286,Knows
85,6,Mr. Avery,Dill Harris,Directed,1,287,Knows
51,5,Miss Stephanie Crawford,Scout Finch,Directed,1,287,Exchange
51,85,Miss Stephanie Crawford,Mr. Avery,Directed,1,287,Exchange
85,55,Mr. Avery,Miss Maudie Atkinson,Directed,1,287,Exchange
85,51,Mr. Avery,Miss Stephanie Crawford,Directed,1,287,Exchange
85,8,Mr. Avery,Jem Finch,Directed,1,287,Knows
6,85,Dill Harris,Mr. Avery,Directed,1,287,Knows
8,6,Jem Finch,Dill Harris,Directed,1,287,Exchange
5,55,Scout Finch,Miss Maudie Atkinson,Directed,1,287,Knows of
5,6,Scout Finch,Dill Harris,Directed,1,287,Exchange
6,32,Dill Harris,Miss Rachel Haverford,Directed,1,287,Knows
55,6,Miss Maudie Atkinson,Dill Harris,Directed,1,287,Knows
5,85,Scout Finch,Mr. Avery,Directed,1,287,Knows of
9,8,Atticus Finch,Jem Finch,Directed,1,287,Knows
55,8,Miss Maudie Atkinson,Jem Finch,Directed,1,287,Exchange
6,5,Dill Harris,Scout Finch,Directed,1,287,Exchange
51,55,Miss Stephanie Crawford,Miss Maudie Atkinson,Directed,1,287,Exchange
6,55,Dill Harris,Miss Maudie Atkinson,Directed,1,287,Knows
55,85,Miss Maudie Atkinson,Mr. Avery,Directed,1,287,Exchange
6,51,Dill Harris,Miss Stephanie Crawford,Directed,1,287,Exchange
32,6,Miss Rachel Haverford,Dill Harris,Directed,1,287,Knows
9,51,Atticus Finch,Miss Stephanie Crawford,Directed,1,287,Knows
6,8,Dill Harris,Jem Finch,Directed,1,287,Exchange
51,9,Miss Stephanie Crawford,Atticus Finch,Directed,1,287,Knows
51,6,Miss Stephanie Crawford,Dill Harris,Directed,1,287,Exchange
51,8,Miss Stephanie Crawford,Jem Finch,Directed,1,287,Exchange
55,51,Miss Maudie Atkinson,Miss Stephanie Crawford,Directed,1,287,Exchange
5,32,Scout Finch,Miss Rachel Haverford,Directed,1,287,Knows of
8,55,Jem Finch,Miss Maudie Atkinson,Directed,1,287,Exchange
7,6,Alexandra Finch,Dill Harris,Directed,1,287,Exchange
5,51,Scout Finch,Miss Stephanie Crawford,Directed,1,287,Exchange
6,7,Dill Harris,Alexandra Finch,Directed,1,287,Exchange
8,85,Jem Finch,Mr. Avery,Directed,1,287,Knows
7,8,Alexandra Finch,Jem Finch,Directed,1,287,Knows
8,51,Jem Finch,Miss Stephanie Crawford,Directed,1,287,Exchange
5,7,Scout Finch,Alexandra Finch,Directed,1,287,Knows of
5,9,Scout Finch,Atticus Finch,Directed,1,287,Knows
9,5,Atticus Finch,Scout Finch,Directed,1,287,Knows
5,8,Scout Finch,Jem Finch,Directed,1,287,Knows of
8,9,Jem Finch,Atticus Finch,Directed,1,287,Knows
8,7,Jem Finch,Alexandra Finch,Directed,1,287,Knows
51,8,Miss Stephanie Crawford,Jem Finch,Directed,1,288,Exchange
5,55,Scout Finch,Miss Maudie Atkinson,Directed,1,288,Knows of
8,80,Jem Finch,Tom Robinson,Directed,1,288,Knows
55,8,Miss Maudie Atkinson,Jem Finch,Directed,1,288,Exchange
55,9,Miss Maudie Atkinson,Atticus Finch,Directed,1,288,Knows
6,55,Dill Harris,Miss Maudie Atkinson,Directed,1,288,Knows
55,133,Miss Maudie Atkinson,Maycomb's Black community,Directed,1,288,Knows of
5,9,Scout Finch,Atticus Finch,Directed,1,288,Knows of
8,51,Jem Finch,Miss Stephanie Crawford,Directed,1,288,Exchange
5,6,Scout Finch,Dill Harris,Directed,1,288,Knows of
55,6,Miss Maudie Atkinson,Dill Harris,Directed,1,288,Knows
5,133,Scout Finch,Maycomb's Black community,Directed,1,288,Knows of
5,51,Scout Finch,Miss Stephanie Crawford,Directed,1,288,Knows of
5,80,Scout Finch,Tom Robinson,Directed,1,288,Knows of
8,6,Jem Finch,Dill Harris,Directed,1,288,Knows
6,8,Dill Harris,Jem Finch,Directed,1,288,Knows
8,55,Jem Finch,Miss Maudie Atkinson,Directed,1,288,Exchange
5,8,Scout Finch,Jem Finch,Directed,1,288,Knows of
9,55,Atticus Finch,Miss Maudie Atkinson,Directed,1,288,Knows
80,9,Tom Robinson,Atticus Finch,Directed,1,289,Knows
6,5,Dill Harris,Scout Finch,Directed,1,289,Exchange
55,125,Miss Maudie Atkinson,Judge Taylor,Directed,1,289,Knows
55,80,Miss Maudie Atkinson,Tom Robinson,Directed,1,289,Knows
55,105,Miss Maudie Atkinson,Tom Robinson's jury,Directed,1,289,Knows
5,51,Scout Finch,Miss Stephanie Crawford,Directed,1,289,Knows of
55,11,Miss Maudie Atkinson,Heck Tate,Directed,1,289,Knows
8,55,Jem Finch,Miss Maudie Atkinson,Directed,1,289,Exchange
125,55,Judge Taylor,Miss Maudie Atkinson,Directed,1,289,Knows
5,55,Scout Finch,Miss Maudie Atkinson,Directed,1,289,Knows of
8,9,Jem Finch,Atticus Finch,Directed,1,289,Knows
5,105,Scout Finch,Tom Robinson's jury,Directed,1,289,Knows of
125,9,Judge Taylor,Atticus Finch,Directed,1,289,Knows
8,6,Jem Finch,Dill Harris,Directed,1,289,Exchange
5,32,Scout Finch,Miss Rachel Haverford,Directed,1,289,Knows of
5,9,Scout Finch,Atticus Finch,Directed,1,289,Knows of
5,85,Scout Finch,Mr. Avery,Directed,1,289,Knows of
5,6,Scout Finch,Dill Harris,Directed,1,289,Exchange
9,8,Atticus Finch,Jem Finch,Directed,1,289,Knows
5,11,Scout Finch,Heck Tate,Directed,1,289,Knows of
9,80,Atticus Finch,Tom Robinson,Directed,1,289,Knows
11,55,Heck Tate,Miss Maudie Atkinson,Directed,1,289,Knows
5,8,Scout Finch,Jem Finch,Directed,1,289,Knows of
9,125,Atticus Finch,Judge Taylor,Directed,1,289,Knows
80,125,Tom Robinson,Judge Taylor,Directed,1,289,Knows
55,8,Miss Maudie Atkinson,Jem Finch,Directed,1,289,Exchange
51,32,Miss Stephanie Crawford,Miss Rachel Haverford,Directed,1,289,Knows
5,80,Scout Finch,Tom Robinson,Directed,1,289,Knows
51,85,Miss Stephanie Crawford,Mr. Avery,Directed,1,289,Exchange
6,8,Dill Harris,Jem Finch,Directed,1,289,Exchange
105,9,Tom Robinson's jury,Atticus Finch,Directed,1,289,Knows
5,125,Scout Finch,Judge Taylor,Directed,1,289,Knows of
32,85,Miss Rachel Haverford,Mr. Avery,Directed,1,289,Knows
32,51,Miss Rachel Haverford,Miss Stephanie Crawford,Directed,1,289,Knows
5,152,Scout Finch,Maxwell Green,Directed,1,289,Knows of
51,8,Miss Stephanie Crawford,Jem Finch,Directed,1,289,Exchange
125,80,Judge Taylor,Tom Robinson,Directed,1,289,Knows
105,55,Tom Robinson's jury,Miss Maudie Atkinson,Directed,1,289,Knows
8,51,Jem Finch,Miss Stephanie Crawford,Directed,1,289,Exchange
80,55,Tom Robinson,Miss Maudie Atkinson,Directed,1,289,Knows
85,32,Mr. Avery,Miss Rachel Haverford,Directed,1,289,Knows
9,105,Atticus Finch,Tom Robinson's jury,Directed,1,289,Knows
85,51,Mr. Avery,Miss Stephanie Crawford,Directed,1,289,Exchange
9,14,Atticus Finch,Bob Ewell,Directed,1,290,Exchange
6,51,Dill Harris,Miss Stephanie Crawford,Directed,1,290,Exchange
5,51,Scout Finch,Miss Stephanie Crawford,Directed,1,290,Exchange
51,32,Miss Stephanie Crawford,Miss Rachel Haverford,Directed,1,290,Knows
51,6,Miss Stephanie Crawford,Dill Harris,Directed,1,290,Exchange
14,9,Bob Ewell,Atticus Finch,Directed,1,290,Exchange
6,32,Dill Harris,Miss Rachel Haverford,Directed,1,290,Exchange
51,8,Miss Stephanie Crawford,Jem Finch,Directed,1,290,Exchange
14,51,Bob Ewell,Miss Stephanie Crawford,Directed,1,290,Knows
5,9,Scout Finch,Atticus Finch,Directed,1,290,Knows of
6,8,Dill Harris,Jem Finch,Directed,1,290,Exchange
51,9,Miss Stephanie Crawford,Atticus Finch,Directed,1,290,Knows
51,14,Miss Stephanie Crawford,Bob Ewell,Directed,1,290,Knows
5,8,Scout Finch,Jem Finch,Directed,1,290,Knows of
32,6,Miss Rachel Haverford,Dill Harris,Directed,1,290,Exchange
9,51,Atticus Finch,Miss Stephanie Crawford,Directed,1,290,Knows
51,5,Miss Stephanie Crawford,Scout Finch,Directed,1,290,Exchange
5,6,Scout Finch,Dill Harris,Directed,1,290,Exchange
6,5,Dill Harris,Scout Finch,Directed,1,290,Exchange
5,32,Scout Finch,Miss Rachel Haverford,Directed,1,290,Knows of
8,51,Jem Finch,Miss Stephanie Crawford,Directed,1,290,Exchange
5,14,Scout Finch,Bob Ewell,Directed,1,290,Knows of
32,51,Miss Rachel Haverford,Miss Stephanie Crawford,Directed,1,290,Knows
8,6,Jem Finch,Dill Harris,Directed,1,290,Exchange
8,5,Jem Finch,Scout Finch,Directed,1,291,Exchange
9,5,Atticus Finch,Scout Finch,Directed,1,291,Exchange
5,9,Scout Finch,Atticus Finch,Directed,1,291,Exchange
9,14,Atticus Finch,Bob Ewell,Directed,1,291,Exchange
9,8,Atticus Finch,Jem Finch,Directed,1,291,Knows
51,5,Miss Stephanie Crawford,Scout Finch,Directed,1,291,Exchange
5,51,Scout Finch,Miss Stephanie Crawford,Directed,1,291,Exchange
5,8,Scout Finch,Jem Finch,Directed,1,291,Exchange
14,51,Bob Ewell,Miss Stephanie Crawford,Directed,1,291,Knows
8,51,Jem Finch,Miss Stephanie Crawford,Directed,1,291,Exchange
5,14,Scout Finch,Bob Ewell,Directed,1,291,Knows of
51,8,Miss Stephanie Crawford,Jem Finch,Directed,1,291,Exchange
9,51,Atticus Finch,Miss Stephanie Crawford,Directed,1,291,Knows
14,9,Bob Ewell,Atticus Finch,Directed,1,291,Exchange
8,9,Jem Finch,Atticus Finch,Directed,1,291,Knows
51,9,Miss Stephanie Crawford,Atticus Finch,Directed,1,291,Knows
51,14,Miss Stephanie Crawford,Bob Ewell,Directed,1,291,Knows
9,6,Atticus Finch,Dill Harris,Directed,1,292,Knows
24,8,Calpurnia,Jem Finch,Directed,1,292,Knows
9,5,Atticus Finch,Scout Finch,Directed,1,292,Exchange
5,6,Scout Finch,Dill Harris,Directed,1,292,Exchange
6,5,Dill Harris,Scout Finch,Directed,1,292,Exchange
9,7,Atticus Finch,Alexandra Finch,Directed,1,292,Knows
6,14,Dill Harris,Bob Ewell,Directed,1,292,Knows
5,8,Scout Finch,Jem Finch,Directed,1,292,Exchange
24,5,Calpurnia,Scout Finch,Directed,1,292,Knows
7,5,Alexandra Finch,Scout Finch,Directed,1,292,Knows
9,15,Atticus Finch,Mayella Ewell,Directed,1,292,Knows
6,24,Dill Harris,Calpurnia,Directed,1,292,Knows
6,8,Dill Harris,Jem Finch,Directed,1,292,Exchange
15,9,Mayella Ewell,Atticus Finch,Directed,1,292,Knows
5,7,Scout Finch,Alexandra Finch,Directed,1,292,Knows
5,15,Scout Finch,Mayella Ewell,Directed,1,292,Knows of
7,8,Alexandra Finch,Jem Finch,Directed,1,292,Knows
7,9,Alexandra Finch,Atticus Finch,Directed,1,292,Knows
6,7,Dill Harris,Alexandra Finch,Directed,1,292,Knows
24,7,Calpurnia,Alexandra Finch,Directed,1,292,Knows
9,14,Atticus Finch,Bob Ewell,Directed,1,292,Exchange
8,7,Jem Finch,Alexandra Finch,Directed,1,292,Knows
5,9,Scout Finch,Atticus Finch,Directed,1,292,Exchange
7,6,Alexandra Finch,Dill Harris,Directed,1,292,Knows
8,9,Jem Finch,Atticus Finch,Directed,1,292,Exchange
5,14,Scout Finch,Bob Ewell,Directed,1,292,Knows
8,24,Jem Finch,Calpurnia,Directed,1,292,Knows
7,24,Alexandra Finch,Calpurnia,Directed,1,292,Knows
24,6,Calpurnia,Dill Harris,Directed,1,292,Knows
9,8,Atticus Finch,Jem Finch,Directed,1,292,Exchange
6,9,Dill Harris,Atticus Finch,Directed,1,292,Knows
5,24,Scout Finch,Calpurnia,Directed,1,292,Knows
8,6,Jem Finch,Dill Harris,Directed,1,292,Exchange
8,5,Jem Finch,Scout Finch,Directed,1,292,Exchange
8,14,Jem Finch,Bob Ewell,Directed,1,292,Knows
14,9,Bob Ewell,Atticus Finch,Directed,1,292,Exchange
5,153,Scout Finch,Governor of Alabama,Directed,1,293,Knows of
9,8,Atticus Finch,Jem Finch,Directed,1,293,Exchange
7,14,Alexandra Finch,Bob Ewell,Directed,1,293,Knows
5,8,Scout Finch,Jem Finch,Directed,1,293,Knows of
9,80,Atticus Finch,Tom Robinson,Directed,1,293,Knows
7,9,Alexandra Finch,Atticus Finch,Directed,1,293,Exchange
5,9,Scout Finch,Atticus Finch,Directed,1,293,Exchange
9,7,Atticus Finch,Alexandra Finch,Directed,1,293,Exchange
136,14,Mayella Ewell's siblings,Bob Ewell,Directed,1,293,Knows
5,140,Scout Finch,Tom Robinson's children,Directed,1,293,Knows of
5,14,Scout Finch,Bob Ewell,Directed,1,293,Knows of
5,80,Scout Finch,Tom Robinson,Directed,1,293,Knows
9,5,Atticus Finch,Scout Finch,Directed,1,293,Exchange
9,136,Atticus Finch,Mayella Ewell's siblings,Directed,1,293,Knows of
5,139,Scout Finch,Helen Robinson,Directed,1,293,Knows of
9,14,Atticus Finch,Bob Ewell,Directed,1,293,Knows
5,79,Scout Finch,Tom Robinson's Trial,Directed,1,293,Knows
9,153,Atticus Finch,Governor of Alabama,Directed,1,293,Knows of
5,7,Scout Finch,Alexandra Finch,Directed,1,293,Knows of
8,9,Jem Finch,Atticus Finch,Directed,1,293,Exchange
140,80,Tom Robinson's children,Tom Robinson,Directed,1,293,Knows
140,139,Tom Robinson's children,Helen Robinson,Directed,1,293,Knows
5,136,Scout Finch,Mayella Ewell's siblings,Directed,1,293,Knows of
139,5,Helen Robinson,Scout Finch,Directed,1,293,Knows of
14,136,Bob Ewell,Mayella Ewell's siblings,Directed,1,293,Knows
139,80,Helen Robinson,Tom Robinson,Directed,1,293,Knows
139,140,Helen Robinson,Tom Robinson's children,Directed,1,293,Knows
80,140,Tom Robinson,Tom Robinson's children,Directed,1,293,Knows
14,9,Bob Ewell,Atticus Finch,Directed,1,293,Knows
8,80,Jem Finch,Tom Robinson,Directed,1,293,Knows
80,139,Tom Robinson,Helen Robinson,Directed,1,293,Knows
80,9,Tom Robinson,Atticus Finch,Directed,1,293,Knows
9,79,Atticus Finch,Tom Robinson's Trial,Directed,1,293,Knows
80,105,Tom Robinson,Tom Robinson's jury,Directed,1,294,Knows
5,80,Scout Finch,Tom Robinson,Directed,1,294,Knows of
80,9,Tom Robinson,Atticus Finch,Directed,1,294,Knows
105,80,Tom Robinson's jury,Tom Robinson,Directed,1,294,Knows
105,9,Tom Robinson's jury,Atticus Finch,Directed,1,294,Knows
5,105,Scout Finch,Tom Robinson's jury,Directed,1,294,Knows of
5,79,Scout Finch,Tom Robinson's Trial,Directed,1,294,Knows of
5,9,Scout Finch,Atticus Finch,Directed,1,294,Exchange
8,80,Jem Finch,Tom Robinson,Directed,1,294,Knows
9,105,Atticus Finch,Tom Robinson's jury,Directed,1,294,Knows
8,9,Jem Finch,Atticus Finch,Directed,1,294,Exchange
9,80,Atticus Finch,Tom Robinson,Directed,1,294,Knows
9,5,Atticus Finch,Scout Finch,Directed,1,294,Exchange
5,8,Scout Finch,Jem Finch,Directed,1,294,Knows of
8,105,Jem Finch,Tom Robinson's jury,Directed,1,294,Knows
8,79,Jem Finch,Tom Robinson's Trial,Directed,1,294,Knows
9,8,Atticus Finch,Jem Finch,Directed,1,294,Exchange
8,79,Jem Finch,Tom Robinson's Trial,Directed,1,295,Knows
9,8,Atticus Finch,Jem Finch,Directed,1,295,Exchange
9,105,Atticus Finch,Tom Robinson's jury,Directed,1,295,Knows
8,80,Jem Finch,Tom Robinson,Directed,1,295,Knows
80,9,Tom Robinson,Atticus Finch,Directed,1,295,Knows
80,105,Tom Robinson,Tom Robinson's jury,Directed,1,295,Knows
8,9,Jem Finch,Atticus Finch,Directed,1,295,Exchange
105,80,Tom Robinson's jury,Tom Robinson,Directed,1,295,Knows
9,80,Atticus Finch,Tom Robinson,Directed,1,295,Knows
105,9,Tom Robinson's jury,Atticus Finch,Directed,1,295,Knows
5,80,Scout Finch,Tom Robinson,Directed,1,295,Knows of
9,5,Atticus Finch,Scout Finch,Directed,1,295,Exchange
5,105,Scout Finch,Tom Robinson's jury,Directed,1,295,Knows of
5,79,Scout Finch,Tom Robinson's Trial,Directed,1,295,Knows of
5,9,Scout Finch,Atticus Finch,Directed,1,295,Exchange
5,8,Scout Finch,Jem Finch,Directed,1,295,Knows of
8,105,Jem Finch,Tom Robinson's jury,Directed,1,295,Knows
55,8,Miss Maudie Atkinson,Jem Finch,Directed,1,296,Knows
80,9,Tom Robinson,Atticus Finch,Directed,1,296,Knows
9,55,Atticus Finch,Miss Maudie Atkinson,Directed,1,296,Knows
8,55,Jem Finch,Miss Maudie Atkinson,Directed,1,296,Knows
9,80,Atticus Finch,Tom Robinson,Directed,1,296,Knows
5,81,Scout Finch,Link Deas,Directed,1,296,Knows of
55,5,Miss Maudie Atkinson,Scout Finch,Directed,1,296,Knows
5,55,Scout Finch,Miss Maudie Atkinson,Directed,1,296,Knows
8,9,Jem Finch,Atticus Finch,Directed,1,296,Exchange
5,9,Scout Finch,Atticus Finch,Directed,1,296,Exchange
5,8,Scout Finch,Jem Finch,Directed,1,296,Knows of
5,80,Scout Finch,Tom Robinson,Directed,1,296,Knows of
30,5,Mrs. Dubose,Scout Finch,Directed,1,296,Knows
9,81,Atticus Finch,Link Deas,Directed,1,296,Knows
81,9,Link Deas,Atticus Finch,Directed,1,296,Knows
5,125,Scout Finch,Judge Taylor,Directed,1,296,Knows
9,5,Atticus Finch,Scout Finch,Directed,1,296,Exchange
9,8,Atticus Finch,Jem Finch,Directed,1,296,Exchange
5,30,Scout Finch,Mrs. Dubose,Directed,1,296,Knows
55,9,Miss Maudie Atkinson,Atticus Finch,Directed,1,296,Knows
5,125,Scout Finch,Judge Taylor,Directed,1,297,Knows of
5,79,Scout Finch,Tom Robinson's Trial,Directed,1,297,Knows of
8,79,Jem Finch,Tom Robinson's Trial,Directed,1,297,Knows
48,8,The Cunninghams,Jem Finch,Directed,1,297,Knows
79,105,Tom Robinson's Trial,Tom Robinson's jury,Directed,1,297,Knows
80,48,Tom Robinson,The Cunninghams,Directed,1,297,Knows
9,105,Atticus Finch,Tom Robinson's jury,Directed,1,297,Knows
8,48,Jem Finch,The Cunninghams,Directed,1,297,Knows
9,8,Atticus Finch,Jem Finch,Directed,1,297,Exchange
9,82,Atticus Finch,Old Sarum Bunch,Directed,1,297,Knows
5,48,Scout Finch,The Cunninghams,Directed,1,297,Knows of
48,80,The Cunninghams,Tom Robinson,Directed,1,297,Knows
8,55,Jem Finch,Miss Maudie Atkinson,Directed,1,297,Knows
125,9,Judge Taylor,Atticus Finch,Directed,1,297,Knows
125,81,Judge Taylor,Link Deas,Directed,1,297,Knows
8,32,Jem Finch,Miss Rachel Haverford,Directed,1,297,Knows
8,154,Jem Finch,Moses,Directed,1,297,Knows
81,9,Link Deas,Atticus Finch,Directed,1,297,Knows
81,8,Link Deas,Jem Finch,Directed,1,297,Knows
8,9,Jem Finch,Atticus Finch,Directed,1,297,Exchange
5,81,Scout Finch,Link Deas,Directed,1,297,Knows
8,81,Jem Finch,Link Deas,Directed,1,297,Knows
81,32,Link Deas,Miss Rachel Haverford,Directed,1,297,Knows
8,80,Jem Finch,Tom Robinson,Directed,1,297,Knows
81,5,Link Deas,Scout Finch,Directed,1,297,Knows
79,8,Tom Robinson's Trial,Jem Finch,Directed,1,297,Knows
79,80,Tom Robinson's Trial,Tom Robinson,Directed,1,297,Knows
80,79,Tom Robinson,Tom Robinson's Trial,Directed,1,297,Knows
81,125,Link Deas,Judge Taylor,Directed,1,297,Knows
81,55,Link Deas,Miss Maudie Atkinson,Directed,1,297,Knows
8,105,Jem Finch,Tom Robinson's jury,Directed,1,297,Knows
5,80,Scout Finch,Tom Robinson,Directed,1,297,Knows of
32,8,Miss Rachel Haverford,Jem Finch,Directed,1,297,Knows
5,105,Scout Finch,Tom Robinson's jury,Directed,1,297,Knows of
9,5,Atticus Finch,Scout Finch,Directed,1,297,Exchange
32,9,Miss Rachel Haverford,Atticus Finch,Directed,1,297,Knows
105,9,Tom Robinson's jury,Atticus Finch,Directed,1,297,Knows
80,8,Tom Robinson,Jem Finch,Directed,1,297,Knows
5,9,Scout Finch,Atticus Finch,Directed,1,297,Exchange
9,55,Atticus Finch,Miss Maudie Atkinson,Directed,1,297,Knows
105,79,Tom Robinson's jury,Tom Robinson's Trial,Directed,1,297,Knows
55,32,Miss Maudie Atkinson,Miss Rachel Haverford,Directed,1,297,Knows
105,80,Tom Robinson's jury,Tom Robinson,Directed,1,297,Knows
5,8,Scout Finch,Jem Finch,Directed,1,297,Knows of
5,82,Scout Finch,Old Sarum Bunch,Directed,1,297,Knows of
32,81,Miss Rachel Haverford,Link Deas,Directed,1,297,Knows
80,105,Tom Robinson,Tom Robinson's jury,Directed,1,297,Knows
82,9,Old Sarum Bunch,Atticus Finch,Directed,1,297,Knows
55,9,Miss Maudie Atkinson,Atticus Finch,Directed,1,297,Knows
55,5,Miss Maudie Atkinson,Scout Finch,Directed,1,297,Knows
105,8,Tom Robinson's jury,Jem Finch,Directed,1,297,Knows
9,81,Atticus Finch,Link Deas,Directed,1,297,Knows
9,125,Atticus Finch,Judge Taylor,Directed,1,297,Knows
9,32,Atticus Finch,Miss Rachel Haverford,Directed,1,297,Knows
5,154,Scout Finch,Moses,Directed,1,297,Knows of
32,55,Miss Rachel Haverford,Miss Maudie Atkinson,Directed,1,297,Knows
5,55,Scout Finch,Miss Maudie Atkinson,Directed,1,297,Knows
55,8,Miss Maudie Atkinson,Jem Finch,Directed,1,297,Knows
55,81,Miss Maudie Atkinson,Link Deas,Directed,1,297,Knows
5,32,Scout Finch,Miss Rachel Haverford,Directed,1,297,Knows
32,5,Miss Rachel Haverford,Scout Finch,Directed,1,297,Knows
5,8,Scout Finch,Jem Finch,Directed,1,298,Knows of
59,48,Walter Cunningham Sr.,The Cunninghams,Directed,1,298,Knows
5,82,Scout Finch,Old Sarum Bunch,Directed,1,298,Knows of
80,8,Tom Robinson,Jem Finch,Directed,1,298,Knows
105,9,Tom Robinson's jury,Atticus Finch,Directed,1,298,Knows
5,105,Scout Finch,Tom Robinson's jury,Directed,1,298,Knows of
9,5,Atticus Finch,Scout Finch,Directed,1,298,Exchange
5,9,Scout Finch,Atticus Finch,Directed,1,298,Exchange
9,82,Atticus Finch,Old Sarum Bunch,Directed,1,298,Knows
5,48,Scout Finch,The Cunninghams,Directed,1,298,Knows of
5,59,Scout Finch,Walter Cunningham Sr.,Directed,1,298,Knows of
5,80,Scout Finch,Tom Robinson,Directed,1,298,Knows of
48,59,The Cunninghams,Walter Cunningham Sr.,Directed,1,298,Knows
8,9,Jem Finch,Atticus Finch,Directed,1,298,Exchange
82,9,Old Sarum Bunch,Atticus Finch,Directed,1,298,Knows
9,105,Atticus Finch,Tom Robinson's jury,Directed,1,298,Knows
8,48,Jem Finch,The Cunninghams,Directed,1,298,Knows
9,8,Atticus Finch,Jem Finch,Directed,1,298,Exchange
48,8,The Cunninghams,Jem Finch,Directed,1,298,Knows
8,80,Jem Finch,Tom Robinson,Directed,1,298,Knows
9,5,Atticus Finch,Scout Finch,Directed,1,299,Exchange
5,48,Scout Finch,The Cunninghams,Directed,1,299,Knows of
48,59,The Cunninghams,Walter Cunningham Sr.,Directed,1,299,Knows
7,8,Alexandra Finch,Jem Finch,Directed,1,299,Knows
5,8,Scout Finch,Jem Finch,Directed,1,299,Exchange
5,7,Scout Finch,Alexandra Finch,Directed,1,299,Exchange
5,6,Scout Finch,Dill Harris,Directed,1,299,Knows
57,7,Walter Cunningham Jr.,Alexandra Finch,Directed,1,299,Knows
59,48,Walter Cunningham Sr.,The Cunninghams,Directed,1,299,Knows
6,5,Dill Harris,Scout Finch,Directed,1,299,Knows
48,7,The Cunninghams,Alexandra Finch,Directed,1,299,Knows
7,48,Alexandra Finch,The Cunninghams,Directed,1,299,Knows
5,9,Scout Finch,Atticus Finch,Directed,1,299,Exchange
5,57,Scout Finch,Walter Cunningham Jr.,Directed,1,299,Knows of
5,59,Scout Finch,Walter Cunningham Sr.,Directed,1,299,Knows of
8,5,Jem Finch,Scout Finch,Directed,1,299,Exchange
7,57,Alexandra Finch,Walter Cunningham Jr.,Directed,1,299,Knows
7,5,Alexandra Finch,Scout Finch,Directed,1,299,Exchange
8,7,Jem Finch,Alexandra Finch,Directed,1,299,Knows
5,8,Scout Finch,Jem Finch,Directed,1,300,Knows of
7,57,Alexandra Finch,Walter Cunningham Jr.,Directed,1,300,Knows
7,24,Alexandra Finch,Calpurnia,Directed,1,300,Knows
7,8,Alexandra Finch,Jem Finch,Directed,1,300,Exchange
8,9,Jem Finch,Atticus Finch,Directed,1,300,Exchange
5,57,Scout Finch,Walter Cunningham Jr.,Directed,1,300,Knows of
8,7,Jem Finch,Alexandra Finch,Directed,1,300,Exchange
5,7,Scout Finch,Alexandra Finch,Directed,1,300,Exchange
9,7,Atticus Finch,Alexandra Finch,Directed,1,300,Knows
7,5,Alexandra Finch,Scout Finch,Directed,1,300,Exchange
57,7,Walter Cunningham Jr.,Alexandra Finch,Directed,1,300,Knows
24,7,Calpurnia,Alexandra Finch,Directed,1,300,Knows
5,9,Scout Finch,Atticus Finch,Directed,1,300,Knows of
9,8,Atticus Finch,Jem Finch,Directed,1,300,Exchange
5,24,Scout Finch,Calpurnia,Directed,1,300,Knows of
7,9,Alexandra Finch,Atticus Finch,Directed,1,300,Knows
7,57,Alexandra Finch,Walter Cunningham Jr.,Directed,1,301,Knows
8,9,Jem Finch,Atticus Finch,Directed,1,301,Exchange
7,8,Alexandra Finch,Jem Finch,Directed,1,301,Exchange
5,7,Scout Finch,Alexandra Finch,Directed,1,301,Exchange
5,57,Scout Finch,Walter Cunningham Jr.,Directed,1,301,Knows of
9,8,Atticus Finch,Jem Finch,Directed,1,301,Exchange
5,8,Scout Finch,Jem Finch,Directed,1,301,Exchange
9,7,Atticus Finch,Alexandra Finch,Directed,1,301,Knows
7,5,Alexandra Finch,Scout Finch,Directed,1,301,Exchange
57,7,Walter Cunningham Jr.,Alexandra Finch,Directed,1,301,Knows
8,5,Jem Finch,Scout Finch,Directed,1,301,Exchange
5,9,Scout Finch,Atticus Finch,Directed,1,301,Knows of
7,9,Alexandra Finch,Atticus Finch,Directed,1,301,Knows
8,7,Jem Finch,Alexandra Finch,Directed,1,301,Exchange
8,48,Jem Finch,The Cunninghams,Directed,1,302,Knows
7,9,Alexandra Finch,Atticus Finch,Directed,1,302,Knows
7,57,Alexandra Finch,Walter Cunningham Jr.,Directed,1,302,Knows
5,8,Scout Finch,Jem Finch,Directed,1,302,Exchange
57,7,Walter Cunningham Jr.,Alexandra Finch,Directed,1,302,Knows
9,5,Atticus Finch,Scout Finch,Directed,1,302,Exchange
5,9,Scout Finch,Atticus Finch,Directed,1,302,Exchange
7,8,Alexandra Finch,Jem Finch,Directed,1,302,Exchange
5,57,Scout Finch,Walter Cunningham Jr.,Directed,1,302,Knows of
8,7,Jem Finch,Alexandra Finch,Directed,1,302,Exchange
8,14,Jem Finch,Bob Ewell,Directed,1,302,Knows
8,133,Jem Finch,Maycomb's Black community,Directed,1,302,Knows
133,8,Maycomb's Black community,Jem Finch,Directed,1,302,Knows
5,7,Scout Finch,Alexandra Finch,Directed,1,302,Knows of
48,8,The Cunninghams,Jem Finch,Directed,1,302,Knows
5,15,Scout Finch,Mayella Ewell,Directed,1,302,Knows of
5,133,Scout Finch,Maycomb's Black community,Directed,1,302,Knows of
8,5,Jem Finch,Scout Finch,Directed,1,302,Exchange
5,14,Scout Finch,Bob Ewell,Directed,1,302,Knows of
9,7,Atticus Finch,Alexandra Finch,Directed,1,302,Knows
8,15,Jem Finch,Mayella Ewell,Directed,1,302,Knows
5,48,Scout Finch,The Cunninghams,Directed,1,302,Knows of
48,8,The Cunninghams,Jem Finch,Directed,1,303,Knows
105,80,Tom Robinson's jury,Tom Robinson,Directed,1,303,Knows
105,48,Tom Robinson's jury,The Cunninghams,Directed,1,303,Knows
5,8,Scout Finch,Jem Finch,Directed,1,303,Exchange
8,133,Jem Finch,Maycomb's Black community,Directed,1,303,Knows
5,48,Scout Finch,The Cunninghams,Directed,1,303,Knows of
14,105,Bob Ewell,Tom Robinson's jury,Directed,1,303,Knows
5,80,Scout Finch,Tom Robinson,Directed,1,303,Knows
5,133,Scout Finch,Maycomb's Black community,Directed,1,303,Knows of
14,48,Bob Ewell,The Cunninghams,Directed,1,303,Knows
133,14,Maycomb's Black community,Bob Ewell,Directed,1,303,Knows
8,7,Jem Finch,Alexandra Finch,Directed,1,303,Knows
105,14,Tom Robinson's jury,Bob Ewell,Directed,1,303,Knows
133,8,Maycomb's Black community,Jem Finch,Directed,1,303,Knows
48,14,The Cunninghams,Bob Ewell,Directed,1,303,Knows
9,8,Atticus Finch,Jem Finch,Directed,1,303,Exchange
7,9,Alexandra Finch,Atticus Finch,Directed,1,303,Knows
5,9,Scout Finch,Atticus Finch,Directed,1,303,Exchange
9,7,Atticus Finch,Alexandra Finch,Directed,1,303,Knows
5,14,Scout Finch,Bob Ewell,Directed,1,303,Knows of
8,5,Jem Finch,Scout Finch,Directed,1,303,Exchange
8,9,Jem Finch,Atticus Finch,Directed,1,303,Exchange
7,8,Alexandra Finch,Jem Finch,Directed,1,303,Knows
5,105,Scout Finch,Tom Robinson's jury,Directed,1,303,Knows
5,7,Scout Finch,Alexandra Finch,Directed,1,303,Knows of
48,105,The Cunninghams,Tom Robinson's jury,Directed,1,303,Knows
14,133,Bob Ewell,Maycomb's Black community,Directed,1,303,Knows
8,14,Jem Finch,Bob Ewell,Directed,1,303,Knows
8,48,Jem Finch,The Cunninghams,Directed,1,303,Knows
9,5,Atticus Finch,Scout Finch,Directed,1,303,Exchange
80,105,Tom Robinson,Tom Robinson's jury,Directed,1,303,Knows
8,59,Jem Finch,Walter Cunningham Sr.,Directed,1,304,Knows
8,5,Jem Finch,Scout Finch,Directed,1,304,Exchange
5,57,Scout Finch,Walter Cunningham Jr.,Directed,1,304,Knows
5,59,Scout Finch,Walter Cunningham Sr.,Directed,1,304,Knows of
8,10,Jem Finch,Boo Radley,Directed,1,304,Knows
5,10,Scout Finch,Boo Radley,Directed,1,304,Knows of
59,57,Walter Cunningham Sr.,Walter Cunningham Jr.,Directed,1,304,Knows
57,5,Walter Cunningham Jr.,Scout Finch,Directed,1,304,Knows
57,59,Walter Cunningham Jr.,Walter Cunningham Sr.,Directed,1,304,Knows
59,8,Walter Cunningham Sr.,Jem Finch,Directed,1,304,Knows
5,8,Scout Finch,Jem Finch,Directed,1,304,Exchange
10,8,Boo Radley,Jem Finch,Directed,1,304,Knows
5,6,Scout Finch,Dill Harris,Directed,1,305,Exchange
155,51,Mrs. Grace Merriweather,Miss Stephanie Crawford,Directed,1,305,Exchange
5,157,Scout Finch,Mrunas,Directed,1,305,Knows of
155,55,Mrs. Grace Merriweather,Miss Maudie Atkinson,Directed,1,305,Exchange
155,156,Mrs. Grace Merriweather,Mrs. Gertrude Farrow,Directed,1,305,Exchange
155,32,Mrs. Grace Merriweather,Miss Rachel Haverford,Directed,1,305,Exchange
5,8,Scout Finch,Jem Finch,Directed,1,305,Exchange
24,5,Calpurnia,Scout Finch,Directed,1,305,Exchange
5,155,Scout Finch,Mrs. Grace Merriweather,Directed,1,305,Knows of
5,156,Scout Finch,Mrs. Gertrude Farrow,Directed,1,305,Knows of
24,55,Calpurnia,Miss Maudie Atkinson,Directed,1,305,Knows
55,24,Miss Maudie Atkinson,Calpurnia,Directed,1,305,Knows
5,24,Scout Finch,Calpurnia,Directed,1,305,Exchange
51,155,Miss Stephanie Crawford,Mrs. Grace Merriweather,Directed,1,305,Exchange
7,24,Alexandra Finch,Calpurnia,Directed,1,305,Knows
32,155,Miss Rachel Haverford,Mrs. Grace Merriweather,Directed,1,305,Exchange
24,7,Calpurnia,Alexandra Finch,Directed,1,305,Knows
155,157,Mrs. Grace Merriweather,Mrunas,Directed,1,305,Knows of
156,155,Mrs. Gertrude Farrow,Mrs. Grace Merriweather,Directed,1,305,Exchange
5,55,Scout Finch,Miss Maudie Atkinson,Directed,1,305,Knows of
5,7,Scout Finch,Alexandra Finch,Directed,1,305,Knows of
6,5,Dill Harris,Scout Finch,Directed,1,305,Exchange
8,6,Jem Finch,Dill Harris,Directed,1,305,Knows
155,7,Mrs. Grace Merriweather,Alexandra Finch,Directed,1,305,Exchange
6,8,Dill Harris,Jem Finch,Directed,1,305,Knows
5,51,Scout Finch,Miss Stephanie Crawford,Directed,1,305,Knows of
8,5,Jem Finch,Scout Finch,Directed,1,305,Exchange
55,155,Miss Maudie Atkinson,Mrs. Grace Merriweather,Directed,1,305,Exchange
5,32,Scout Finch,Miss Rachel Haverford,Directed,1,305,Knows of
7,155,Alexandra Finch,Mrs. Grace Merriweather,Directed,1,305,Exchange
32,7,Miss Rachel Haverford,Alexandra Finch,Directed,1,306,Exchange
29,5,Mother (of Scout and Jem),Scout Finch,Directed,1,306,Knows
51,55,Miss Stephanie Crawford,Miss Maudie Atkinson,Directed,1,306,Exchange
32,55,Miss Rachel Haverford,Miss Maudie Atkinson,Directed,1,306,Exchange
156,7,Mrs. Gertrude Farrow,Alexandra Finch,Directed,1,306,Exchange
156,55,Mrs. Gertrude Farrow,Miss Maudie Atkinson,Directed,1,306,Exchange
156,32,Mrs. Gertrude Farrow,Miss Rachel Haverford,Directed,1,306,Exchange
156,51,Mrs. Gertrude Farrow,Miss Stephanie Crawford,Directed,1,306,Exchange
32,156,Miss Rachel Haverford,Mrs. Gertrude Farrow,Directed,1,306,Exchange
51,32,Miss Stephanie Crawford,Miss Rachel Haverford,Directed,1,306,Exchange
32,51,Miss Rachel Haverford,Miss Stephanie Crawford,Directed,1,306,Exchange
156,155,Mrs. Gertrude Farrow,Mrs. Grace Merriweather,Directed,1,306,Exchange
51,156,Miss Stephanie Crawford,Mrs. Gertrude Farrow,Directed,1,306,Exchange
155,7,Mrs. Grace Merriweather,Alexandra Finch,Directed,1,306,Exchange
51,7,Miss Stephanie Crawford,Alexandra Finch,Directed,1,306,Exchange
32,155,Miss Rachel Haverford,Mrs. Grace Merriweather,Directed,1,306,Exchange
5,32,Scout Finch,Miss Rachel Haverford,Directed,1,306,Knows of
7,55,Alexandra Finch,Miss Maudie Atkinson,Directed,1,306,Exchange
5,51,Scout Finch,Miss Stephanie Crawford,Directed,1,306,Knows of
5,55,Scout Finch,Miss Maudie Atkinson,Directed,1,306,Knows of
5,29,Scout Finch,Mother (of Scout and Jem),Directed,1,306,Knows
7,5,Alexandra Finch,Scout Finch,Directed,1,306,Exchange
5,7,Scout Finch,Alexandra Finch,Directed,1,306,Exchange
24,5,Calpurnia,Scout Finch,Directed,1,306,Exchange
7,155,Alexandra Finch,Mrs. Grace Merriweather,Directed,1,306,Exchange
24,7,Calpurnia,Alexandra Finch,Directed,1,306,Knows
7,156,Alexandra Finch,Mrs. Gertrude Farrow,Directed,1,306,Exchange
55,7,Miss Maudie Atkinson,Alexandra Finch,Directed,1,306,Exchange
7,51,Alexandra Finch,Miss Stephanie Crawford,Directed,1,306,Exchange
7,32,Alexandra Finch,Miss Rachel Haverford,Directed,1,306,Exchange
5,156,Scout Finch,Mrs. Gertrude Farrow,Directed,1,306,Knows of
5,155,Scout Finch,Mrs. Grace Merriweather,Directed,1,306,Knows of
7,24,Alexandra Finch,Calpurnia,Directed,1,306,Knows
51,155,Miss Stephanie Crawford,Mrs. Grace Merriweather,Directed,1,306,Exchange
5,24,Scout Finch,Calpurnia,Directed,1,306,Exchange
155,32,Mrs. Grace Merriweather,Miss Rachel Haverford,Directed,1,306,Exchange
55,32,Miss Maudie Atkinson,Miss Rachel Haverford,Directed,1,306,Exchange
155,55,Mrs. Grace Merriweather,Miss Maudie Atkinson,Directed,1,306,Exchange
155,156,Mrs. Grace Merriweather,Mrs. Gertrude Farrow,Directed,1,306,Exchange
55,155,Miss Maudie Atkinson,Mrs. Grace Merriweather,Directed,1,306,Exchange
155,51,Mrs. Grace Merriweather,Miss Stephanie Crawford,Directed,1,306,Exchange
55,51,Miss Maudie Atkinson,Miss Stephanie Crawford,Directed,1,306,Exchange
55,156,Miss Maudie Atkinson,Mrs. Gertrude Farrow,Directed,1,306,Exchange
5,7,Scout Finch,Alexandra Finch,Directed,1,307,Exchange
24,5,Calpurnia,Scout Finch,Directed,1,307,Exchange
5,24,Scout Finch,Calpurnia,Directed,1,307,Exchange
5,55,Scout Finch,Miss Maudie Atkinson,Directed,1,307,Exchange
5,51,Scout Finch,Miss Stephanie Crawford,Directed,1,307,Exchange
7,5,Alexandra Finch,Scout Finch,Directed,1,307,Exchange
55,5,Miss Maudie Atkinson,Scout Finch,Directed,1,307,Exchange
5,156,Scout Finch,Mrs. Gertrude Farrow,Directed,1,307,Exchange
32,5,Miss Rachel Haverford,Scout Finch,Directed,1,307,Exchange
51,5,Miss Stephanie Crawford,Scout Finch,Directed,1,307,Exchange
5,32,Scout Finch,Miss Rachel Haverford,Directed,1,307,Exchange
5,155,Scout Finch,Mrs. Grace Merriweather,Directed,1,307,Exchange
155,5,Mrs. Grace Merriweather,Scout Finch,Directed,1,307,Exchange
156,5,Mrs. Gertrude Farrow,Scout Finch,Directed,1,307,Exchange
51,5,Miss Stephanie Crawford,Scout Finch,Directed,1,308,Exchange
156,51,Mrs. Gertrude Farrow,Miss Stephanie Crawford,Directed,1,308,Exchange
5,7,Scout Finch,Alexandra Finch,Directed,1,308,Knows of
155,158,Mrs. Grace Merriweather,Mr. Merriweather,Directed,1,308,Knows
155,5,Mrs. Grace Merriweather,Scout Finch,Directed,1,308,Exchange
158,155,Mr. Merriweather,Mrs. Grace Merriweather,Directed,1,308,Knows
158,5,Mr. Merriweather,Scout Finch,Directed,1,308,Exchange
7,51,Alexandra Finch,Miss Stephanie Crawford,Directed,1,308,Exchange
157,159,Mrunas,J. Grimes Everett,Directed,1,308,Knows
155,157,Mrs. Grace Merriweather,Mrunas,Directed,1,308,Knows of
155,51,Mrs. Grace Merriweather,Miss Stephanie Crawford,Directed,1,308,Exchange
155,159,Mrs. Grace Merriweather,J. Grimes Everett,Directed,1,308,Knows of
32,51,Miss Rachel Haverford,Miss Stephanie Crawford,Directed,1,308,Exchange
5,156,Scout Finch,Mrs. Gertrude Farrow,Directed,1,308,Knows of
5,155,Scout Finch,Mrs. Grace Merriweather,Directed,1,308,Exchange
5,158,Scout Finch,Mr. Merriweather,Directed,1,308,Exchange
5,159,Scout Finch,J. Grimes Everett,Directed,1,308,Knows of
51,155,Miss Stephanie Crawford,Mrs. Grace Merriweather,Directed,1,308,Exchange
159,157,J. Grimes Everett,Mrunas,Directed,1,308,Knows
5,157,Scout Finch,Mrunas,Directed,1,308,Knows of
55,5,Miss Maudie Atkinson,Scout Finch,Directed,1,308,Exchange
51,7,Miss Stephanie Crawford,Alexandra Finch,Directed,1,308,Exchange
55,51,Miss Maudie Atkinson,Miss Stephanie Crawford,Directed,1,308,Exchange
51,55,Miss Stephanie Crawford,Miss Maudie Atkinson,Directed,1,308,Exchange
5,51,Scout Finch,Miss Stephanie Crawford,Directed,1,308,Exchange
5,55,Scout Finch,Miss Maudie Atkinson,Directed,1,308,Exchange
5,32,Scout Finch,Miss Rachel Haverford,Directed,1,308,Knows of
51,32,Miss Stephanie Crawford,Miss Rachel Haverford,Directed,1,308,Exchange
51,156,Miss Stephanie Crawford,Mrs. Gertrude Farrow,Directed,1,308,Exchange
32,155,Miss Rachel Haverford,Mrs. Grace Merriweather,Directed,1,309,Knows
157,159,Mrunas,J. Grimes Everett,Directed,1,309,Knows
156,155,Mrs. Gertrude Farrow,Mrs. Grace Merriweather,Directed,1,309,Exchange
155,55,Mrs. Grace Merriweather,Miss Maudie Atkinson,Directed,1,309,Knows
5,155,Scout Finch,Mrs. Grace Merriweather,Directed,1,309,Exchange
5,159,Scout Finch,J. Grimes Everett,Directed,1,309,Knows of
155,5,Mrs. Grace Merriweather,Scout Finch,Directed,1,309,Exchange
5,157,Scout Finch,Mrunas,Directed,1,309,Knows of
155,32,Mrs. Grace Merriweather,Miss Rachel Haverford,Directed,1,309,Knows
155,157,Mrs. Grace Merriweather,Mrunas,Directed,1,309,Knows of
155,156,Mrs. Grace Merriweather,Mrs. Gertrude Farrow,Directed,1,309,Exchange
5,156,Scout Finch,Mrs. Gertrude Farrow,Directed,1,309,Knows of
55,155,Miss Maudie Atkinson,Mrs. Grace Merriweather,Directed,1,309,Knows
155,51,Mrs. Grace Merriweather,Miss Stephanie Crawford,Directed,1,309,Knows
155,7,Mrs. Grace Merriweather,Alexandra Finch,Directed,1,309,Knows
155,159,Mrs. Grace Merriweather,J. Grimes Everett,Directed,1,309,Exchange
51,155,Miss Stephanie Crawford,Mrs. Grace Merriweather,Directed,1,309,Knows
7,155,Alexandra Finch,Mrs. Grace Merriweather,Directed,1,309,Knows
5,7,Scout Finch,Alexandra Finch,Directed,1,309,Knows of
159,157,J. Grimes Everett,Mrunas,Directed,1,309,Knows
5,32,Scout Finch,Miss Rachel Haverford,Directed,1,309,Knows of
5,55,Scout Finch,Miss Maudie Atkinson,Directed,1,309,Knows of
5,51,Scout Finch,Miss Stephanie Crawford,Directed,1,309,Knows of
159,155,J. Grimes Everett,Mrs. Grace Merriweather,Directed,1,309,Exchange
155,156,Mrs. Grace Merriweather,Mrs. Gertrude Farrow,Directed,1,310,Exchange
5,80,Scout Finch,Tom Robinson,Directed,1,310,Knows of
160,155,Sophy,Mrs. Grace Merriweather,Directed,1,310,Exchange
15,155,Mayella Ewell,Mrs. Grace Merriweather,Directed,1,310,Knows
140,155,Tom Robinson's children,Mrs. Grace Merriweather,Directed,1,310,Knows of
139,80,Helen Robinson,Tom Robinson,Directed,1,310,Knows
139,121,Helen Robinson,Reverend Sykes,Directed,1,310,Knows
155,15,Mrs. Grace Merriweather,Mayella Ewell,Directed,1,310,Knows
160,34,Sophy,Jesus,Directed,1,310,Knows
139,140,Helen Robinson,Tom Robinson's children,Directed,1,310,Knows
140,139,Tom Robinson's children,Helen Robinson,Directed,1,310,Knows
5,15,Scout Finch,Mayella Ewell,Directed,1,310,Knows
5,133,Scout Finch,Maycomb's Black community,Directed,1,310,Knows of
5,34,Scout Finch,Jesus,Directed,1,310,Knows of
155,160,Mrs. Grace Merriweather,Sophy,Directed,1,310,Exchange
155,80,Mrs. Grace Merriweather,Tom Robinson,Directed,1,310,Knows of
155,140,Mrs. Grace Merriweather,Tom Robinson's children,Directed,1,310,Knows of
5,155,Scout Finch,Mrs. Grace Merriweather,Directed,1,310,Exchange
5,140,Scout Finch,Tom Robinson's children,Directed,1,310,Knows of
34,155,Jesus,Mrs. Grace Merriweather,Directed,1,310,Knows
34,160,Jesus,Sophy,Directed,1,310,Knows
133,155,Maycomb's Black community,Mrs. Grace Merriweather,Directed,1,310,Knows of
121,139,Reverend Sykes,Helen Robinson,Directed,1,310,Knows
5,156,Scout Finch,Mrs. Gertrude Farrow,Directed,1,310,Knows of
155,5,Mrs. Grace Merriweather,Scout Finch,Directed,1,310,Exchange
155,133,Mrs. Grace Merriweather,Maycomb's Black community,Directed,1,310,Knows of
155,121,Mrs. Grace Merriweather,Reverend Sykes,Directed,1,310,Knows of
5,160,Scout Finch,Sophy,Directed,1,310,Knows of
156,155,Mrs. Gertrude Farrow,Mrs. Grace Merriweather,Directed,1,310,Exchange
155,139,Mrs. Grace Merriweather,Helen Robinson,Directed,1,310,Knows of
5,139,Scout Finch,Helen Robinson,Directed,1,310,Knows of
5,121,Scout Finch,Reverend Sykes,Directed,1,310,Knows of
80,139,Tom Robinson,Helen Robinson,Directed,1,310,Knows
155,34,Mrs. Grace Merriweather,Jesus,Directed,1,310,Knows
155,156,Mrs. Grace Merriweather,Mrs. Gertrude Farrow,Directed,1,311,Exchange
156,155,Mrs. Gertrude Farrow,Mrs. Grace Merriweather,Directed,1,311,Exchange
161,156,Brother Hutson,Mrs. Gertrude Farrow,Directed,1,311,Exchange
156,133,Mrs. Gertrude Farrow,Maycomb's Black community,Directed,1,311,Knows of
133,156,Maycomb's Black community,Mrs. Gertrude Farrow,Directed,1,311,Knows of
156,161,Mrs. Gertrude Farrow,Brother Hutson,Directed,1,311,Exchange
9,5,Atticus Finch,Scout Finch,Directed,1,311,Knows
5,156,Scout Finch,Mrs. Gertrude Farrow,Directed,1,311,Knows of
5,133,Scout Finch,Maycomb's Black community,Directed,1,311,Knows of
5,155,Scout Finch,Mrs. Grace Merriweather,Directed,1,311,Knows of
5,161,Scout Finch,Brother Hutson,Directed,1,311,Knows of
5,9,Scout Finch,Atticus Finch,Directed,1,311,Knows
156,5,Mrs. Gertrude Farrow,Scout Finch,Directed,1,312,Knows
155,7,Mrs. Grace Merriweather,Alexandra Finch,Directed,1,312,Exchange
163,162,Mrs. Perkins,Mrs. Gates,Directed,1,312,Exchange
163,155,Mrs. Perkins,Mrs. Grace Merriweather,Directed,1,312,Exchange
5,155,Scout Finch,Mrs. Grace Merriweather,Directed,1,312,Knows of
155,163,Mrs. Grace Merriweather,Mrs. Perkins,Directed,1,312,Exchange
5,156,Scout Finch,Mrs. Gertrude Farrow,Directed,1,312,Knows
156,155,Mrs. Gertrude Farrow,Mrs. Grace Merriweather,Directed,1,312,Exchange
155,160,Mrs. Grace Merriweather,Sophy,Directed,1,312,Knows
55,9,Miss Maudie Atkinson,Atticus Finch,Directed,1,312,Knows
7,55,Alexandra Finch,Miss Maudie Atkinson,Directed,1,312,Exchange
5,55,Scout Finch,Miss Maudie Atkinson,Directed,1,312,Knows of
11,5,Heck Tate,Scout Finch,Directed,1,312,Knows
139,80,Helen Robinson,Tom Robinson,Directed,1,312,Knows
5,139,Scout Finch,Helen Robinson,Directed,1,312,Knows of
160,155,Sophy,Mrs. Grace Merriweather,Directed,1,312,Knows
162,7,Mrs. Gates,Alexandra Finch,Directed,1,312,Exchange
162,155,Mrs. Gates,Mrs. Grace Merriweather,Directed,1,312,Knows
8,5,Jem Finch,Scout Finch,Directed,1,312,Knows
162,163,Mrs. Gates,Mrs. Perkins,Directed,1,312,Exchange
5,7,Scout Finch,Alexandra Finch,Directed,1,312,Knows of
5,11,Scout Finch,Heck Tate,Directed,1,312,Knows
7,155,Alexandra Finch,Mrs. Grace Merriweather,Directed,1,312,Exchange
7,162,Alexandra Finch,Mrs. Gates,Directed,1,312,Exchange
155,156,Mrs. Grace Merriweather,Mrs. Gertrude Farrow,Directed,1,312,Exchange
5,162,Scout Finch,Mrs. Gates,Directed,1,312,Knows of
5,160,Scout Finch,Sophy,Directed,1,312,Knows of
55,7,Miss Maudie Atkinson,Alexandra Finch,Directed,1,312,Exchange
5,9,Scout Finch,Atticus Finch,Directed,1,312,Knows of
55,155,Miss Maudie Atkinson,Mrs. Grace Merriweather,Directed,1,312,Exchange
9,55,Atticus Finch,Miss Maudie Atkinson,Directed,1,312,Knows
155,55,Mrs. Grace Merriweather,Miss Maudie Atkinson,Directed,1,312,Exchange
5,163,Scout Finch,Mrs. Perkins,Directed,1,312,Knows of
5,8,Scout Finch,Jem Finch,Directed,1,312,Knows
80,139,Tom Robinson,Helen Robinson,Directed,1,312,Knows
5,80,Scout Finch,Tom Robinson,Directed,1,312,Knows
155,162,Mrs. Grace Merriweather,Mrs. Gates,Directed,1,312,Knows
5,9,Scout Finch,Atticus Finch,Directed,1,313,Knows of
5,165,Scout Finch,Miss Rachel's cook,Directed,1,313,Knows of
5,164,Scout Finch,Mrs. Roosevelt,Directed,1,313,Knows of
7,55,Alexandra Finch,Miss Maudie Atkinson,Directed,1,313,Exchange
55,7,Miss Maudie Atkinson,Alexandra Finch,Directed,1,313,Exchange
5,24,Scout Finch,Calpurnia,Directed,1,313,Exchange
24,80,Calpurnia,Tom Robinson,Directed,1,313,Knows
24,165,Calpurnia,Miss Rachel's cook,Directed,1,313,Exchange
164,155,Mrs. Roosevelt,Mrs. Grace Merriweather,Directed,1,313,Knows
165,24,Miss Rachel's cook,Calpurnia,Directed,1,313,Exchange
5,7,Scout Finch,Alexandra Finch,Directed,1,313,Knows of
5,55,Scout Finch,Miss Maudie Atkinson,Directed,1,313,Knows of
80,24,Tom Robinson,Calpurnia,Directed,1,313,Knows
9,80,Atticus Finch,Tom Robinson,Directed,1,313,Exchange
24,9,Calpurnia,Atticus Finch,Directed,1,313,Exchange
163,155,Mrs. Perkins,Mrs. Grace Merriweather,Directed,1,313,Exchange
24,5,Calpurnia,Scout Finch,Directed,1,313,Exchange
5,80,Scout Finch,Tom Robinson,Directed,1,313,Knows
155,163,Mrs. Grace Merriweather,Mrs. Perkins,Directed,1,313,Exchange
5,163,Scout Finch,Mrs. Perkins,Directed,1,313,Knows of
80,9,Tom Robinson,Atticus Finch,Directed,1,313,Exchange
9,24,Atticus Finch,Calpurnia,Directed,1,313,Exchange
5,155,Scout Finch,Mrs. Grace Merriweather,Directed,1,313,Knows of
155,164,Mrs. Grace Merriweather,Mrs. Roosevelt,Directed,1,313,Knows
156,9,Mrs. Gertrude Farrow,Atticus Finch,Directed,1,314,Exchange
9,165,Atticus Finch,Miss Rachel's cook,Directed,1,314,Knows
165,9,Miss Rachel's cook,Atticus Finch,Directed,1,314,Knows
9,24,Atticus Finch,Calpurnia,Directed,1,314,Exchange
9,5,Atticus Finch,Scout Finch,Directed,1,314,Exchange
9,162,Atticus Finch,Mrs. Gates,Directed,1,314,Exchange
24,9,Calpurnia,Atticus Finch,Directed,1,314,Exchange
5,155,Scout Finch,Mrs. Grace Merriweather,Directed,1,314,Knows of
5,24,Scout Finch,Calpurnia,Directed,1,314,Exchange
24,80,Calpurnia,Tom Robinson,Directed,1,314,Knows
24,5,Calpurnia,Scout Finch,Directed,1,314,Exchange
5,7,Scout Finch,Alexandra Finch,Directed,1,314,Knows of
5,55,Scout Finch,Miss Maudie Atkinson,Directed,1,314,Knows of
9,51,Atticus Finch,Miss Stephanie Crawford,Directed,1,314,Exchange
162,9,Mrs. Gates,Atticus Finch,Directed,1,314,Exchange
80,24,Tom Robinson,Calpurnia,Directed,1,314,Knows
80,165,Tom Robinson,Miss Rachel's cook,Directed,1,314,Knows
165,24,Miss Rachel's cook,Calpurnia,Directed,1,314,Exchange
9,55,Atticus Finch,Miss Maudie Atkinson,Directed,1,314,Exchange
5,139,Scout Finch,Helen Robinson,Directed,1,314,Knows of
5,9,Scout Finch,Atticus Finch,Directed,1,314,Exchange
165,80,Miss Rachel's cook,Tom Robinson,Directed,1,314,Knows
9,139,Atticus Finch,Helen Robinson,Directed,1,314,Knows
139,9,Helen Robinson,Atticus Finch,Directed,1,314,Knows
5,51,Scout Finch,Miss Stephanie Crawford,Directed,1,314,Knows of
5,80,Scout Finch,Tom Robinson,Directed,1,314,Knows of
51,9,Miss Stephanie Crawford,Atticus Finch,Directed,1,314,Exchange
24,165,Calpurnia,Miss Rachel's cook,Directed,1,314,Exchange
9,155,Atticus Finch,Mrs. Grace Merriweather,Directed,1,314,Exchange
5,162,Scout Finch,Mrs. Gates,Directed,1,314,Knows of
5,165,Scout Finch,Miss Rachel's cook,Directed,1,314,Knows of
7,9,Alexandra Finch,Atticus Finch,Directed,1,314,Exchange
9,156,Atticus Finch,Mrs. Gertrude Farrow,Directed,1,314,Exchange
9,7,Atticus Finch,Alexandra Finch,Directed,1,314,Exchange
55,9,Miss Maudie Atkinson,Atticus Finch,Directed,1,314,Exchange
155,9,Mrs. Grace Merriweather,Atticus Finch,Directed,1,314,Exchange
5,156,Scout Finch,Mrs. Gertrude Farrow,Directed,1,314,Knows of
5,9,Scout Finch,Atticus Finch,Directed,1,315,Knows of
166,9,Prison guards,Atticus Finch,Directed,1,315,Knows
5,7,Scout Finch,Alexandra Finch,Directed,1,315,Knows of
5,166,Scout Finch,Prison guards,Directed,1,315,Knows of
55,24,Miss Maudie Atkinson,Calpurnia,Directed,1,315,Knows
5,139,Scout Finch,Helen Robinson,Directed,1,315,Knows of
7,80,Alexandra Finch,Tom Robinson,Directed,1,315,Knows of
9,7,Atticus Finch,Alexandra Finch,Directed,1,315,Exchange
9,24,Atticus Finch,Calpurnia,Directed,1,315,Exchange
80,166,Tom Robinson,Prison guards,Directed,1,315,Exchange
9,80,Atticus Finch,Tom Robinson,Directed,1,315,Knows
139,9,Helen Robinson,Atticus Finch,Directed,1,315,Knows
80,9,Tom Robinson,Atticus Finch,Directed,1,315,Knows
7,24,Alexandra Finch,Calpurnia,Directed,1,315,Knows
166,80,Prison guards,Tom Robinson,Directed,1,315,Exchange
5,55,Scout Finch,Miss Maudie Atkinson,Directed,1,315,Knows of
5,24,Scout Finch,Calpurnia,Directed,1,315,Knows of
9,166,Atticus Finch,Prison guards,Directed,1,315,Knows
7,9,Alexandra Finch,Atticus Finch,Directed,1,315,Exchange
5,80,Scout Finch,Tom Robinson,Directed,1,315,Knows of
24,7,Calpurnia,Alexandra Finch,Directed,1,315,Knows
24,55,Calpurnia,Miss Maudie Atkinson,Directed,1,315,Knows
9,139,Atticus Finch,Helen Robinson,Directed,1,315,Knows
24,9,Calpurnia,Atticus Finch,Directed,1,315,Exchange
55,51,Miss Maudie Atkinson,Miss Stephanie Crawford,Directed,1,316,Knows
55,19,Miss Maudie Atkinson,God,Directed,1,316,Knows
7,9,Alexandra Finch,Atticus Finch,Directed,1,316,Knows
9,55,Atticus Finch,Miss Maudie Atkinson,Directed,1,316,Knows
5,9,Scout Finch,Atticus Finch,Directed,1,316,Knows of
7,55,Alexandra Finch,Miss Maudie Atkinson,Directed,1,316,Exchange
19,55,God,Miss Maudie Atkinson,Directed,1,316,Knows
5,32,Scout Finch,Miss Rachel Haverford,Directed,1,316,Knows of
5,51,Scout Finch,Miss Stephanie Crawford,Directed,1,316,Knows of
163,55,Mrs. Perkins,Miss Maudie Atkinson,Directed,1,316,Knows
155,55,Mrs. Grace Merriweather,Miss Maudie Atkinson,Directed,1,316,Knows
32,55,Miss Rachel Haverford,Miss Maudie Atkinson,Directed,1,316,Knows
9,7,Atticus Finch,Alexandra Finch,Directed,1,316,Knows
55,156,Miss Maudie Atkinson,Mrs. Gertrude Farrow,Directed,1,316,Knows
5,55,Scout Finch,Miss Maudie Atkinson,Directed,1,316,Knows of
5,155,Scout Finch,Mrs. Grace Merriweather,Directed,1,316,Knows of
55,162,Miss Maudie Atkinson,Mrs. Gates,Directed,1,316,Knows
55,155,Miss Maudie Atkinson,Mrs. Grace Merriweather,Directed,1,316,Knows
55,7,Miss Maudie Atkinson,Alexandra Finch,Directed,1,316,Exchange
156,55,Mrs. Gertrude Farrow,Miss Maudie Atkinson,Directed,1,316,Knows
5,19,Scout Finch,God,Directed,1,316,Knows of
5,7,Scout Finch,Alexandra Finch,Directed,1,316,Knows of
55,163,Miss Maudie Atkinson,Mrs. Perkins,Directed,1,316,Knows
5,156,Scout Finch,Mrs. Gertrude Farrow,Directed,1,316,Knows of
162,55,Mrs. Gates,Miss Maudie Atkinson,Directed,1,316,Knows
5,163,Scout Finch,Mrs. Perkins,Directed,1,316,Knows of
55,9,Miss Maudie Atkinson,Atticus Finch,Directed,1,316,Knows
5,162,Scout Finch,Mrs. Gates,Directed,1,316,Knows of
55,32,Miss Maudie Atkinson,Miss Rachel Haverford,Directed,1,316,Knows
51,55,Miss Stephanie Crawford,Miss Maudie Atkinson,Directed,1,316,Knows
55,5,Miss Maudie Atkinson,Scout Finch,Directed,1,317,Exchange
155,55,Mrs. Grace Merriweather,Miss Maudie Atkinson,Directed,1,317,Exchange
55,24,Miss Maudie Atkinson,Calpurnia,Directed,1,317,Knows
167,55,Miss Maudie's cousin,Miss Maudie Atkinson,Directed,1,317,Knows
55,167,Miss Maudie Atkinson,Miss Maudie's cousin,Directed,1,317,Knows
163,7,Mrs. Perkins,Alexandra Finch,Directed,1,317,Exchange
163,55,Mrs. Perkins,Miss Maudie Atkinson,Directed,1,317,Knows
55,32,Miss Maudie Atkinson,Miss Rachel Haverford,Directed,1,317,Knows
163,155,Mrs. Perkins,Mrs. Grace Merriweather,Directed,1,317,Exchange
55,51,Miss Maudie Atkinson,Miss Stephanie Crawford,Directed,1,317,Knows
32,55,Miss Rachel Haverford,Miss Maudie Atkinson,Directed,1,317,Knows
55,162,Miss Maudie Atkinson,Mrs. Gates,Directed,1,317,Knows
51,55,Miss Stephanie Crawford,Miss Maudie Atkinson,Directed,1,317,Knows
55,156,Miss Maudie Atkinson,Mrs. Gertrude Farrow,Directed,1,317,Knows
7,55,Alexandra Finch,Miss Maudie Atkinson,Directed,1,317,Exchange
55,7,Miss Maudie Atkinson,Alexandra Finch,Directed,1,317,Exchange
24,55,Calpurnia,Miss Maudie Atkinson,Directed,1,317,Knows
7,163,Alexandra Finch,Mrs. Perkins,Directed,1,317,Exchange
8,5,Jem Finch,Scout Finch,Directed,1,317,Knows
55,155,Miss Maudie Atkinson,Mrs. Grace Merriweather,Directed,1,317,Exchange
5,7,Scout Finch,Alexandra Finch,Directed,1,317,Knows of
162,55,Mrs. Gates,Miss Maudie Atkinson,Directed,1,317,Knows
159,155,J. Grimes Everett,Mrs. Grace Merriweather,Directed,1,317,Knows
55,163,Miss Maudie Atkinson,Mrs. Perkins,Directed,1,317,Knows
156,55,Mrs. Gertrude Farrow,Miss Maudie Atkinson,Directed,1,317,Knows
155,159,Mrs. Grace Merriweather,J. Grimes Everett,Directed,1,317,Knows
155,163,Mrs. Grace Merriweather,Mrs. Perkins,Directed,1,317,Exchange
5,24,Scout Finch,Calpurnia,Directed,1,317,Knows of
5,162,Scout Finch,Mrs. Gates,Directed,1,317,Knows of
5,32,Scout Finch,Miss Rachel Haverford,Directed,1,317,Knows of
5,8,Scout Finch,Jem Finch,Directed,1,317,Knows
5,55,Scout Finch,Miss Maudie Atkinson,Directed,1,317,Exchange
5,9,Scout Finch,Atticus Finch,Directed,1,317,Knows
5,163,Scout Finch,Mrs. Perkins,Directed,1,317,Knows of
5,156,Scout Finch,Mrs. Gertrude Farrow,Directed,1,317,Knows of
5,155,Scout Finch,Mrs. Grace Merriweather,Directed,1,317,Knows of
5,167,Scout Finch,Miss Maudie's cousin,Directed,1,317,Knows of
5,51,Scout Finch,Miss Stephanie Crawford,Directed,1,317,Knows of
5,159,Scout Finch,J. Grimes Everett,Directed,1,317,Knows of
9,5,Atticus Finch,Scout Finch,Directed,1,317,Knows
7,5,Alexandra Finch,Scout Finch,Directed,1,318,Exchange
155,159,Mrs. Grace Merriweather,J. Grimes Everett,Directed,1,318,Knows
5,159,Scout Finch,J. Grimes Everett,Directed,1,318,Knows of
155,168,Mrs. Grace Merriweather,Fred,Directed,1,318,Knows
5,155,Scout Finch,Mrs. Grace Merriweather,Directed,1,318,Exchange
155,5,Mrs. Grace Merriweather,Scout Finch,Directed,1,318,Exchange
5,7,Scout Finch,Alexandra Finch,Directed,1,318,Exchange
5,168,Scout Finch,Fred,Directed,1,318,Knows of
168,155,Fred,Mrs. Grace Merriweather,Directed,1,318,Knows
159,155,J. Grimes Everett,Mrs. Grace Merriweather,Directed,1,318,Knows
5,8,Scout Finch,Jem Finch,Directed,1,319,Exchange
8,5,Jem Finch,Scout Finch,Directed,1,319,Exchange
32,8,Miss Rachel Haverford,Jem Finch,Directed,1,320,Knows
5,6,Scout Finch,Dill Harris,Directed,1,320,Knows of
8,6,Jem Finch,Dill Harris,Directed,1,320,Knows
6,32,Dill Harris,Miss Rachel Haverford,Directed,1,320,Knows
8,32,Jem Finch,Miss Rachel Haverford,Directed,1,320,Knows
32,6,Miss Rachel Haverford,Dill Harris,Directed,1,320,Knows
5,32,Scout Finch,Miss Rachel Haverford,Directed,1,320,Knows of
5,8,Scout Finch,Jem Finch,Directed,1,320,Exchange
8,5,Jem Finch,Scout Finch,Directed,1,320,Exchange
6,8,Dill Harris,Jem Finch,Directed,1,320,Knows
24,9,Calpurnia,Atticus Finch,Directed,1,321,Knows
5,8,Scout Finch,Jem Finch,Directed,1,321,Knows of
24,6,Calpurnia,Dill Harris,Directed,1,321,Knows
5,170,Scout Finch,Tom Robinson's daughter,Directed,1,321,Knows of
5,140,Scout Finch,Tom Robinson's children,Directed,1,321,Knows of
169,9,Sam Robinson,Atticus Finch,Directed,1,321,Exchange
170,9,Tom Robinson's daughter,Atticus Finch,Directed,1,321,Knows
9,8,Atticus Finch,Jem Finch,Directed,1,321,Exchange
140,9,Tom Robinson's children,Atticus Finch,Directed,1,321,Exchange
8,80,Jem Finch,Tom Robinson,Directed,1,321,Knows
6,140,Dill Harris,Tom Robinson's children,Directed,1,321,Knows
9,140,Atticus Finch,Tom Robinson's children,Directed,1,321,Exchange
6,9,Dill Harris,Atticus Finch,Directed,1,321,Exchange
8,9,Jem Finch,Atticus Finch,Directed,1,321,Exchange
6,24,Dill Harris,Calpurnia,Directed,1,321,Knows
5,6,Scout Finch,Dill Harris,Directed,1,321,Exchange
6,80,Dill Harris,Tom Robinson,Directed,1,321,Knows
6,5,Dill Harris,Scout Finch,Directed,1,321,Exchange
6,169,Dill Harris,Sam Robinson,Directed,1,321,Knows
6,139,Dill Harris,Helen Robinson,Directed,1,321,Knows of
9,170,Atticus Finch,Tom Robinson's daughter,Directed,1,321,Knows
169,139,Sam Robinson,Helen Robinson,Directed,1,321,Knows
5,169,Scout Finch,Sam Robinson,Directed,1,321,Knows of
9,169,Atticus Finch,Sam Robinson,Directed,1,321,Exchange
9,6,Atticus Finch,Dill Harris,Directed,1,321,Exchange
9,24,Atticus Finch,Calpurnia,Directed,1,321,Knows
5,9,Scout Finch,Atticus Finch,Directed,1,321,Knows of
139,9,Helen Robinson,Atticus Finch,Directed,1,321,Exchange
5,139,Scout Finch,Helen Robinson,Directed,1,321,Knows of
5,24,Scout Finch,Calpurnia,Directed,1,321,Knows of
9,139,Atticus Finch,Helen Robinson,Directed,1,321,Exchange
80,9,Tom Robinson,Atticus Finch,Directed,1,321,Knows
9,80,Atticus Finch,Tom Robinson,Directed,1,321,Knows
5,80,Scout Finch,Tom Robinson,Directed,1,321,Knows of
139,169,Helen Robinson,Sam Robinson,Directed,1,321,Knows
139,9,Helen Robinson,Atticus Finch,Directed,1,322,Knows
5,80,Scout Finch,Tom Robinson,Directed,1,322,Knows of
80,9,Tom Robinson,Atticus Finch,Directed,1,322,Knows
9,139,Atticus Finch,Helen Robinson,Directed,1,322,Knows
9,80,Atticus Finch,Tom Robinson,Directed,1,322,Knows
89,5,Mr. Underwood,Scout Finch,Directed,1,322,Knows
9,24,Atticus Finch,Calpurnia,Directed,1,322,Knows
6,139,Dill Harris,Helen Robinson,Directed,1,322,Knows of
5,24,Scout Finch,Calpurnia,Directed,1,322,Knows of
5,6,Scout Finch,Dill Harris,Directed,1,322,Exchange
5,9,Scout Finch,Atticus Finch,Directed,1,322,Knows of
5,136,Scout Finch,Mayella Ewell's siblings,Directed,1,322,Knows of
136,6,Mayella Ewell's siblings,Dill Harris,Directed,1,322,Exchange
139,80,Helen Robinson,Tom Robinson,Directed,1,322,Knows
6,5,Dill Harris,Scout Finch,Directed,1,322,Exchange
5,139,Scout Finch,Helen Robinson,Directed,1,322,Knows of
24,139,Calpurnia,Helen Robinson,Directed,1,322,Knows
5,89,Scout Finch,Mr. Underwood,Directed,1,322,Knows
139,24,Helen Robinson,Calpurnia,Directed,1,322,Knows
24,9,Calpurnia,Atticus Finch,Directed,1,322,Knows
80,139,Tom Robinson,Helen Robinson,Directed,1,322,Knows
51,8,Miss Stephanie Crawford,Jem Finch,Directed,1,323,Exchange
51,15,Miss Stephanie Crawford,Mayella Ewell,Directed,1,323,Exchange
80,9,Tom Robinson,Atticus Finch,Directed,1,323,Knows
5,15,Scout Finch,Mayella Ewell,Directed,1,323,Knows of
9,80,Atticus Finch,Tom Robinson,Directed,1,323,Knows
5,7,Scout Finch,Alexandra Finch,Directed,1,323,Knows of
8,51,Jem Finch,Miss Stephanie Crawford,Directed,1,323,Exchange
7,51,Alexandra Finch,Miss Stephanie Crawford,Directed,1,323,Exchange
7,8,Alexandra Finch,Jem Finch,Directed,1,323,Knows
80,15,Tom Robinson,Mayella Ewell,Directed,1,323,Knows
14,8,Bob Ewell,Jem Finch,Directed,1,323,Knows
5,8,Scout Finch,Jem Finch,Directed,1,323,Exchange
80,14,Tom Robinson,Bob Ewell,Directed,1,323,Knows
8,5,Jem Finch,Scout Finch,Directed,1,323,Exchange
5,9,Scout Finch,Atticus Finch,Directed,1,323,Knows of
14,80,Bob Ewell,Tom Robinson,Directed,1,323,Knows
51,7,Miss Stephanie Crawford,Alexandra Finch,Directed,1,323,Exchange
15,80,Mayella Ewell,Tom Robinson,Directed,1,323,Knows
9,8,Atticus Finch,Jem Finch,Directed,1,323,Knows
8,14,Jem Finch,Bob Ewell,Directed,1,323,Knows
8,7,Jem Finch,Alexandra Finch,Directed,1,323,Knows
14,51,Bob Ewell,Miss Stephanie Crawford,Directed,1,323,Knows
5,14,Scout Finch,Bob Ewell,Directed,1,323,Knows of
5,80,Scout Finch,Tom Robinson,Directed,1,323,Knows of
51,14,Miss Stephanie Crawford,Bob Ewell,Directed,1,323,Knows
5,89,Scout Finch,Mr. Underwood,Directed,1,323,Knows of
5,51,Scout Finch,Miss Stephanie Crawford,Directed,1,323,Knows of
15,14,Mayella Ewell,Bob Ewell,Directed,1,323,Exchange
89,80,Mr. Underwood,Tom Robinson,Directed,1,323,Knows
80,89,Tom Robinson,Mr. Underwood,Directed,1,323,Knows
15,51,Mayella Ewell,Miss Stephanie Crawford,Directed,1,323,Exchange
8,9,Jem Finch,Atticus Finch,Directed,1,323,Knows
14,15,Bob Ewell,Mayella Ewell,Directed,1,323,Exchange
8,5,Jem Finch,Scout Finch,Directed,1,324,Knows
5,78,Scout Finch,The Radley Place,Directed,1,324,Knows of
5,8,Scout Finch,Jem Finch,Directed,1,324,Knows
10,5,Boo Radley,Scout Finch,Directed,1,324,Knows
5,47,Scout Finch,Mr. Radley,Directed,1,324,Knows
78,8,The Radley Place,Jem Finch,Directed,1,324,Knows
5,10,Scout Finch,Boo Radley,Directed,1,324,Knows
47,5,Mr. Radley,Scout Finch,Directed,1,324,Knows
8,78,Jem Finch,The Radley Place,Directed,1,324,Knows
5,10,Scout Finch,Boo Radley,Directed,1,325,Knows of
9,47,Atticus Finch,Mr. Radley,Directed,1,325,Knows
10,8,Boo Radley,Jem Finch,Directed,1,325,Knows
51,5,Miss Stephanie Crawford,Scout Finch,Directed,1,325,Knows
8,5,Jem Finch,Scout Finch,Directed,1,325,Knows
5,9,Scout Finch,Atticus Finch,Directed,1,325,Exchange
8,10,Jem Finch,Boo Radley,Directed,1,325,Knows
9,5,Atticus Finch,Scout Finch,Directed,1,325,Exchange
5,8,Scout Finch,Jem Finch,Directed,1,325,Knows
5,47,Scout Finch,Mr. Radley,Directed,1,325,Knows of
47,9,Mr. Radley,Atticus Finch,Directed,1,325,Knows
5,51,Scout Finch,Miss Stephanie Crawford,Directed,1,325,Knows
5,78,Scout Finch,The Radley Place,Directed,1,325,Knows of
9,78,Atticus Finch,The Radley Place,Directed,1,325,Knows
78,9,The Radley Place,Atticus Finch,Directed,1,325,Knows
5,10,Scout Finch,Boo Radley,Directed,1,326,Knows
30,5,Mrs. Dubose,Scout Finch,Directed,1,326,Exchange
9,5,Atticus Finch,Scout Finch,Directed,1,326,Exchange
80,9,Tom Robinson,Atticus Finch,Directed,1,326,Knows
5,8,Scout Finch,Jem Finch,Directed,1,326,Knows
5,9,Scout Finch,Atticus Finch,Directed,1,326,Exchange
5,30,Scout Finch,Mrs. Dubose,Directed,1,326,Exchange
8,5,Jem Finch,Scout Finch,Directed,1,326,Knows
10,5,Boo Radley,Scout Finch,Directed,1,326,Knows
5,80,Scout Finch,Tom Robinson,Directed,1,326,Knows of
9,80,Atticus Finch,Tom Robinson,Directed,1,326,Knows
5,172,Scout Finch,Cecil Jacobs,Directed,1,327,Knows of
171,64,Miss Gates,Chuck Little,Directed,1,327,Exchange
172,173,Cecil Jacobs,Hitler,Directed,1,327,Knows of
171,172,Miss Gates,Cecil Jacobs,Directed,1,327,Exchange
171,173,Miss Gates,Hitler,Directed,1,327,Knows of
5,64,Scout Finch,Chuck Little,Directed,1,327,Knows of
5,173,Scout Finch,Hitler,Directed,1,327,Knows of
172,171,Cecil Jacobs,Miss Gates,Directed,1,327,Exchange
171,5,Miss Gates,Scout Finch,Directed,1,327,Knows
5,171,Scout Finch,Miss Gates,Directed,1,327,Knows
64,171,Chuck Little,Miss Gates,Directed,1,327,Exchange
171,174,Miss Gates,Anonymous classmate,Directed,1,328,Exchange
174,171,Anonymous classmate,Miss Gates,Directed,1,328,Exchange
174,173,Anonymous classmate,Hitler,Directed,1,328,Knows of
5,172,Scout Finch,Cecil Jacobs,Directed,1,328,Knows of
9,5,Atticus Finch,Scout Finch,Directed,1,328,Exchange
171,5,Miss Gates,Scout Finch,Directed,1,328,Exchange
171,172,Miss Gates,Cecil Jacobs,Directed,1,328,Exchange
5,9,Scout Finch,Atticus Finch,Directed,1,328,Exchange
5,173,Scout Finch,Hitler,Directed,1,328,Knows of
171,173,Miss Gates,Hitler,Directed,1,328,Knows of
5,171,Scout Finch,Miss Gates,Directed,1,328,Exchange
172,171,Cecil Jacobs,Miss Gates,Directed,1,328,Exchange
172,173,Cecil Jacobs,Hitler,Directed,1,328,Knows of
5,174,Scout Finch,Anonymous classmate,Directed,1,328,Knows of
176,173,Elmer Davis,Hitler,Directed,1,329,Knows of
5,173,Scout Finch,Hitler,Directed,1,329,Knows of
9,5,Atticus Finch,Scout Finch,Directed,1,329,Exchange
176,9,Elmer Davis,Atticus Finch,Directed,1,329,Exchange
5,176,Scout Finch,Elmer Davis,Directed,1,329,Knows of
5,171,Scout Finch,Miss Gates,Directed,1,329,Exchange
9,173,Atticus Finch,Hitler,Directed,1,329,Knows of
175,171,Henry,Miss Gates,Directed,1,329,Exchange
171,5,Miss Gates,Scout Finch,Directed,1,329,Exchange
5,175,Scout Finch,Henry,Directed,1,329,Knows of
172,171,Cecil Jacobs,Miss Gates,Directed,1,329,Exchange
5,9,Scout Finch,Atticus Finch,Directed,1,329,Exchange
5,172,Scout Finch,Cecil Jacobs,Directed,1,329,Knows of
171,172,Miss Gates,Cecil Jacobs,Directed,1,329,Exchange
171,175,Miss Gates,Henry,Directed,1,329,Exchange
171,173,Miss Gates,Hitler,Directed,1,329,Knows of
171,8,Miss Gates,Jem Finch,Directed,1,330,Knows
171,173,Miss Gates,Hitler,Directed,1,330,Knows of
177,8,Football coach,Jem Finch,Directed,1,330,Exchange
9,5,Atticus Finch,Scout Finch,Directed,1,330,Exchange
9,173,Atticus Finch,Hitler,Directed,1,330,Knows of
5,9,Scout Finch,Atticus Finch,Directed,1,330,Exchange
171,5,Miss Gates,Scout Finch,Directed,1,330,Exchange
5,8,Scout Finch,Jem Finch,Directed,1,330,Exchange
171,9,Miss Gates,Atticus Finch,Directed,1,330,Knows
5,177,Scout Finch,Football coach,Directed,1,330,Knows of
5,171,Scout Finch,Miss Gates,Directed,1,330,Exchange
9,171,Atticus Finch,Miss Gates,Directed,1,330,Knows
8,5,Jem Finch,Scout Finch,Directed,1,330,Exchange
8,171,Jem Finch,Miss Gates,Directed,1,330,Knows
8,177,Jem Finch,Football coach,Directed,1,330,Exchange
5,173,Scout Finch,Hitler,Directed,1,330,Knows of
5,171,Scout Finch,Miss Gates,Directed,1,331,Knows of
171,51,Miss Gates,Miss Stephanie Crawford,Directed,1,331,Exchange
8,79,Jem Finch,Tom Robinson's Trial,Directed,1,331,Knows
9,5,Atticus Finch,Scout Finch,Directed,1,331,Exchange
8,5,Jem Finch,Scout Finch,Directed,1,331,Exchange
5,9,Scout Finch,Atticus Finch,Directed,1,331,Exchange
8,9,Jem Finch,Atticus Finch,Directed,1,331,Exchange
79,8,Tom Robinson's Trial,Jem Finch,Directed,1,331,Knows
5,173,Scout Finch,Hitler,Directed,1,331,Knows of
5,51,Scout Finch,Miss Stephanie Crawford,Directed,1,331,Knows of
51,171,Miss Stephanie Crawford,Miss Gates,Directed,1,331,Exchange
5,8,Scout Finch,Jem Finch,Directed,1,331,Exchange
5,79,Scout Finch,Tom Robinson's Trial,Directed,1,331,Knows of
5,80,Scout Finch,Tom Robinson,Directed,1,332,Knows
9,14,Atticus Finch,Bob Ewell,Directed,1,332,Knows
125,5,Judge Taylor,Scout Finch,Directed,1,332,Knows
9,5,Atticus Finch,Scout Finch,Directed,1,332,Exchange
5,8,Scout Finch,Jem Finch,Directed,1,332,Knows of
9,7,Atticus Finch,Alexandra Finch,Directed,1,332,Knows
14,9,Bob Ewell,Atticus Finch,Directed,1,332,Knows
8,7,Jem Finch,Alexandra Finch,Directed,1,332,Knows
5,125,Scout Finch,Judge Taylor,Directed,1,332,Knows
9,178,Atticus Finch,Miss Ruth Jones,Directed,1,332,Exchange
178,5,Miss Ruth Jones,Scout Finch,Directed,1,332,Exchange
7,8,Alexandra Finch,Jem Finch,Directed,1,332,Knows
178,14,Miss Ruth Jones,Bob Ewell,Directed,1,332,Exchange
14,178,Bob Ewell,Miss Ruth Jones,Directed,1,332,Exchange
5,9,Scout Finch,Atticus Finch,Directed,1,332,Exchange
8,9,Jem Finch,Atticus Finch,Directed,1,332,Knows
5,178,Scout Finch,Miss Ruth Jones,Directed,1,332,Knows of
5,14,Scout Finch,Bob Ewell,Directed,1,332,Knows of
178,9,Miss Ruth Jones,Atticus Finch,Directed,1,332,Exchange
5,7,Scout Finch,Alexandra Finch,Directed,1,332,Knows of
9,8,Atticus Finch,Jem Finch,Directed,1,332,Knows
7,9,Alexandra Finch,Atticus Finch,Directed,1,332,Knows
5,129,Scout Finch,Mrs. Taylor,Directed,1,333,Knows of
14,24,Bob Ewell,Calpurnia,Directed,1,333,Knows
10,5,Boo Radley,Scout Finch,Directed,1,333,Knows
5,139,Scout Finch,Helen Robinson,Directed,1,333,Knows of
14,139,Bob Ewell,Helen Robinson,Directed,1,333,Knows
5,179,Scout Finch,Robert Lewis Taylor,Directed,1,333,Knows of
80,139,Tom Robinson,Helen Robinson,Directed,1,333,Knows
80,81,Tom Robinson,Link Deas,Directed,1,333,Knows
81,80,Link Deas,Tom Robinson,Directed,1,333,Knows
14,125,Bob Ewell,Judge Taylor,Directed,1,333,Knows
5,24,Scout Finch,Calpurnia,Directed,1,333,Exchange
139,140,Helen Robinson,Tom Robinson's children,Directed,1,333,Knows
129,179,Mrs. Taylor,Robert Lewis Taylor,Directed,1,333,Knows of
139,80,Helen Robinson,Tom Robinson,Directed,1,333,Knows
125,129,Judge Taylor,Mrs. Taylor,Directed,1,333,Knows
139,81,Helen Robinson,Link Deas,Directed,1,333,Exchange
139,24,Helen Robinson,Calpurnia,Directed,1,333,Knows
125,179,Judge Taylor,Robert Lewis Taylor,Directed,1,333,Knows
129,125,Mrs. Taylor,Judge Taylor,Directed,1,333,Knows
139,14,Helen Robinson,Bob Ewell,Directed,1,333,Knows
5,140,Scout Finch,Tom Robinson's children,Directed,1,333,Knows of
81,139,Link Deas,Helen Robinson,Directed,1,333,Exchange
125,180,Judge Taylor,Ann Taylor,Directed,1,333,Knows
5,125,Scout Finch,Judge Taylor,Directed,1,333,Knows of
5,10,Scout Finch,Boo Radley,Directed,1,333,Knows
5,180,Scout Finch,Ann Taylor,Directed,1,333,Knows of
180,125,Ann Taylor,Judge Taylor,Directed,1,333,Knows
5,80,Scout Finch,Tom Robinson,Directed,1,333,Knows of
5,14,Scout Finch,Bob Ewell,Directed,1,333,Knows of
5,81,Scout Finch,Link Deas,Directed,1,333,Knows of
24,14,Calpurnia,Bob Ewell,Directed,1,333,Knows
24,139,Calpurnia,Helen Robinson,Directed,1,333,Knows
140,139,Tom Robinson's children,Helen Robinson,Directed,1,333,Knows
24,5,Calpurnia,Scout Finch,Directed,1,333,Exchange
5,136,Scout Finch,Mayella Ewell's siblings,Directed,1,334,Knows of
81,136,Link Deas,Mayella Ewell's siblings,Directed,1,334,Exchange
139,14,Helen Robinson,Bob Ewell,Directed,1,334,Knows
136,81,Mayella Ewell's siblings,Link Deas,Directed,1,334,Exchange
81,14,Link Deas,Bob Ewell,Directed,1,334,Exchange
5,14,Scout Finch,Bob Ewell,Directed,1,334,Knows of
5,81,Scout Finch,Link Deas,Directed,1,334,Knows of
14,139,Bob Ewell,Helen Robinson,Directed,1,334,Knows
81,139,Link Deas,Helen Robinson,Directed,1,334,Exchange
5,139,Scout Finch,Helen Robinson,Directed,1,334,Knows of
139,81,Helen Robinson,Link Deas,Directed,1,334,Exchange
14,81,Bob Ewell,Link Deas,Directed,1,334,Exchange
9,105,Atticus Finch,Tom Robinson's jury,Directed,1,335,Knows
105,7,Tom Robinson's jury,Alexandra Finch,Directed,1,335,Knows
79,105,Tom Robinson's Trial,Tom Robinson's jury,Directed,1,335,Knows
9,14,Atticus Finch,Bob Ewell,Directed,1,335,Knows
5,79,Scout Finch,Tom Robinson's Trial,Directed,1,335,Knows of
105,9,Tom Robinson's jury,Atticus Finch,Directed,1,335,Knows
5,7,Scout Finch,Alexandra Finch,Directed,1,335,Knows of
105,125,Tom Robinson's jury,Judge Taylor,Directed,1,335,Knows
139,14,Helen Robinson,Bob Ewell,Directed,1,335,Knows
14,7,Bob Ewell,Alexandra Finch,Directed,1,335,Knows
14,125,Bob Ewell,Judge Taylor,Directed,1,335,Knows
14,81,Bob Ewell,Link Deas,Directed,1,335,Exchange
5,105,Scout Finch,Tom Robinson's jury,Directed,1,335,Knows of
5,9,Scout Finch,Atticus Finch,Directed,1,335,Knows of
14,139,Bob Ewell,Helen Robinson,Directed,1,335,Knows
9,80,Atticus Finch,Tom Robinson,Directed,1,335,Knows
5,139,Scout Finch,Helen Robinson,Directed,1,335,Knows of
9,172,Atticus Finch,Cecil Jacobs,Directed,1,335,Knows
7,14,Alexandra Finch,Bob Ewell,Directed,1,335,Knows
14,15,Bob Ewell,Mayella Ewell,Directed,1,335,Knows
105,79,Tom Robinson's jury,Tom Robinson's Trial,Directed,1,335,Knows
7,105,Alexandra Finch,Tom Robinson's jury,Directed,1,335,Knows
139,81,Helen Robinson,Link Deas,Directed,1,335,Exchange
14,9,Bob Ewell,Atticus Finch,Directed,1,335,Knows
7,9,Alexandra Finch,Atticus Finch,Directed,1,335,Exchange
5,14,Scout Finch,Bob Ewell,Directed,1,335,Knows of
7,125,Alexandra Finch,Judge Taylor,Directed,1,335,Knows
8,9,Jem Finch,Atticus Finch,Directed,1,335,Knows
125,14,Judge Taylor,Bob Ewell,Directed,1,335,Knows
9,8,Atticus Finch,Jem Finch,Directed,1,335,Knows
79,14,Tom Robinson's Trial,Bob Ewell,Directed,1,335,Knows
14,79,Bob Ewell,Tom Robinson's Trial,Directed,1,335,Knows
125,79,Judge Taylor,Tom Robinson's Trial,Directed,1,335,Knows
125,105,Judge Taylor,Tom Robinson's jury,Directed,1,335,Knows
81,14,Link Deas,Bob Ewell,Directed,1,335,Exchange
9,79,Atticus Finch,Tom Robinson's Trial,Directed,1,335,Knows
81,139,Link Deas,Helen Robinson,Directed,1,335,Exchange
172,9,Cecil Jacobs,Atticus Finch,Directed,1,335,Knows
15,9,Mayella Ewell,Atticus Finch,Directed,1,335,Knows
15,14,Mayella Ewell,Bob Ewell,Directed,1,335,Knows
5,8,Scout Finch,Jem Finch,Directed,1,335,Knows of
5,80,Scout Finch,Tom Robinson,Directed,1,335,Knows of
80,9,Tom Robinson,Atticus Finch,Directed,1,335,Knows
125,9,Judge Taylor,Atticus Finch,Directed,1,335,Knows
79,125,Tom Robinson's Trial,Judge Taylor,Directed,1,335,Knows
9,7,Atticus Finch,Alexandra Finch,Directed,1,335,Exchange
125,7,Judge Taylor,Alexandra Finch,Directed,1,335,Knows
9,15,Atticus Finch,Mayella Ewell,Directed,1,335,Knows
5,125,Scout Finch,Judge Taylor,Directed,1,335,Knows of
9,125,Atticus Finch,Judge Taylor,Directed,1,335,Knows
5,81,Scout Finch,Link Deas,Directed,1,335,Knows of
5,15,Scout Finch,Mayella Ewell,Directed,1,335,Knows of
172,5,Cecil Jacobs,Scout Finch,Directed,1,335,Exchange
5,172,Scout Finch,Cecil Jacobs,Directed,1,335,Exchange
79,9,Tom Robinson's Trial,Atticus Finch,Directed,1,335,Knows
184,183,Miss Frutti Barber,Miss Tutti Barber,Directed,1,336,Knows
5,159,Scout Finch,J. Grimes Everett,Directed,1,336,Knows of
32,55,Miss Rachel Haverford,Miss Maudie Atkinson,Directed,1,336,Exchange
5,55,Scout Finch,Miss Maudie Atkinson,Directed,1,336,Knows of
5,162,Scout Finch,Mrs. Gates,Directed,1,336,Knows of
5,32,Scout Finch,Miss Rachel Haverford,Directed,1,336,Knows of
172,9,Cecil Jacobs,Atticus Finch,Directed,1,336,Knows
183,184,Miss Tutti Barber,Miss Frutti Barber,Directed,1,336,Knows
51,55,Miss Stephanie Crawford,Miss Maudie Atkinson,Directed,1,336,Exchange
5,184,Scout Finch,Miss Frutti Barber,Directed,1,336,Knows of
172,5,Cecil Jacobs,Scout Finch,Directed,1,336,Exchange
55,156,Miss Maudie Atkinson,Mrs. Gertrude Farrow,Directed,1,336,Exchange
5,51,Scout Finch,Miss Stephanie Crawford,Directed,1,336,Knows of
55,163,Miss Maudie Atkinson,Mrs. Perkins,Directed,1,336,Exchange
9,172,Atticus Finch,Cecil Jacobs,Directed,1,336,Knows
5,155,Scout Finch,Mrs. Grace Merriweather,Directed,1,336,Knows of
51,7,Miss Stephanie Crawford,Alexandra Finch,Directed,1,336,Knows
55,155,Miss Maudie Atkinson,Mrs. Grace Merriweather,Directed,1,336,Exchange
159,157,J. Grimes Everett,Mrunas,Directed,1,336,Knows
5,163,Scout Finch,Mrs. Perkins,Directed,1,336,Knows of
5,183,Scout Finch,Miss Tutti Barber,Directed,1,336,Knows of
9,181,Atticus Finch,Cotton Tom Heflin,Directed,1,336,Knows of
55,51,Miss Maudie Atkinson,Miss Stephanie Crawford,Directed,1,336,Exchange
55,162,Miss Maudie Atkinson,Mrs. Gates,Directed,1,336,Exchange
5,157,Scout Finch,Mrunas,Directed,1,336,Knows of
5,156,Scout Finch,Mrs. Gertrude Farrow,Directed,1,336,Knows of
55,32,Miss Maudie Atkinson,Miss Rachel Haverford,Directed,1,336,Exchange
32,7,Miss Rachel Haverford,Alexandra Finch,Directed,1,336,Knows
155,157,Mrs. Grace Merriweather,Mrunas,Directed,1,336,Knows of
7,155,Alexandra Finch,Mrs. Grace Merriweather,Directed,1,336,Knows
157,159,Mrunas,J. Grimes Everett,Directed,1,336,Knows
9,5,Atticus Finch,Scout Finch,Directed,1,336,Exchange
9,182,Atticus Finch,1935 SCOTUS,Directed,1,336,Knows of
7,156,Alexandra Finch,Mrs. Gertrude Farrow,Directed,1,336,Knows
163,55,Mrs. Perkins,Miss Maudie Atkinson,Directed,1,336,Exchange
163,7,Mrs. Perkins,Alexandra Finch,Directed,1,336,Knows
162,7,Mrs. Gates,Alexandra Finch,Directed,1,336,Knows
5,9,Scout Finch,Atticus Finch,Directed,1,336,Exchange
162,55,Mrs. Gates,Miss Maudie Atkinson,Directed,1,336,Exchange
156,7,Mrs. Gertrude Farrow,Alexandra Finch,Directed,1,336,Knows
7,163,Alexandra Finch,Mrs. Perkins,Directed,1,336,Knows
7,162,Alexandra Finch,Mrs. Gates,Directed,1,336,Knows
5,7,Scout Finch,Alexandra Finch,Directed,1,336,Knows of
156,55,Mrs. Gertrude Farrow,Miss Maudie Atkinson,Directed,1,336,Exchange
5,182,Scout Finch,1935 SCOTUS,Directed,1,336,Knows of
5,181,Scout Finch,Cotton Tom Heflin,Directed,1,336,Knows of
7,32,Alexandra Finch,Miss Rachel Haverford,Directed,1,336,Knows
155,7,Mrs. Grace Merriweather,Alexandra Finch,Directed,1,336,Knows
7,51,Alexandra Finch,Miss Stephanie Crawford,Directed,1,336,Knows
155,55,Mrs. Grace Merriweather,Miss Maudie Atkinson,Directed,1,336,Exchange
5,172,Scout Finch,Cecil Jacobs,Directed,1,336,Exchange
47,78,Mr. Radley,The Radley Place,Directed,1,337,Knows
45,10,Mrs. Radley,Boo Radley,Directed,1,337,Knows
10,5,Boo Radley,Scout Finch,Directed,1,337,Knows
184,11,Miss Frutti Barber,Heck Tate,Directed,1,337,Exchange
10,45,Boo Radley,Mrs. Radley,Directed,1,337,Knows
45,5,Mrs. Radley,Scout Finch,Directed,1,337,Knows
47,45,Mr. Radley,Mrs. Radley,Directed,1,337,Knows
45,78,Mrs. Radley,The Radley Place,Directed,1,337,Knows
10,47,Boo Radley,Mr. Radley,Directed,1,337,Knows
5,10,Scout Finch,Boo Radley,Directed,1,337,Knows
47,5,Mr. Radley,Scout Finch,Directed,1,337,Knows
5,47,Scout Finch,Mr. Radley,Directed,1,337,Knows
5,183,Scout Finch,Miss Tutti Barber,Directed,1,337,Knows of
5,78,Scout Finch,The Radley Place,Directed,1,337,Knows
11,184,Heck Tate,Miss Frutti Barber,Directed,1,337,Exchange
5,8,Scout Finch,Jem Finch,Directed,1,337,Exchange
5,186,Scout Finch,Misses Barbersi neighbours,Directed,1,337,Knows of
11,183,Heck Tate,Miss Tutti Barber,Directed,1,337,Exchange
5,184,Scout Finch,Miss Frutti Barber,Directed,1,337,Knows of
184,183,Miss Frutti Barber,Miss Tutti Barber,Directed,1,337,Knows
184,8,Miss Frutti Barber,Jem Finch,Directed,1,337,Knows
5,11,Scout Finch,Heck Tate,Directed,1,337,Knows of
5,45,Scout Finch,Mrs. Radley,Directed,1,337,Knows
184,185,Miss Frutti Barber,"""[W]icked children""",Directed,1,337,Knows
47,10,Mr. Radley,Boo Radley,Directed,1,337,Knows
45,47,Mrs. Radley,Mr. Radley,Directed,1,337,Knows
185,183,"""[W]icked children""",Miss Tutti Barber,Directed,1,337,Knows
187,183,"""[F]ur sellers""",Miss Tutti Barber,Directed,1,337,Knows
8,5,Jem Finch,Scout Finch,Directed,1,337,Exchange
183,184,Miss Tutti Barber,Miss Frutti Barber,Directed,1,337,Knows
5,185,Scout Finch,"""[W]icked children""",Directed,1,337,Knows of
185,184,"""[W]icked children""",Miss Frutti Barber,Directed,1,337,Knows
186,183,Misses Barbersi neighbours,Miss Tutti Barber,Directed,1,337,Exchange
8,184,Jem Finch,Miss Frutti Barber,Directed,1,337,Knows
78,5,The Radley Place,Scout Finch,Directed,1,337,Knows
183,186,Miss Tutti Barber,Misses Barbersi neighbours,Directed,1,337,Exchange
5,187,Scout Finch,"""[F]ur sellers""",Directed,1,337,Knows of
78,45,The Radley Place,Mrs. Radley,Directed,1,337,Knows
78,47,The Radley Place,Mr. Radley,Directed,1,337,Knows
183,187,Miss Tutti Barber,"""[F]ur sellers""",Directed,1,337,Knows
183,185,Miss Tutti Barber,"""[W]icked children""",Directed,1,337,Knows
183,11,Miss Tutti Barber,Heck Tate,Directed,1,337,Exchange
5,188,Scout Finch,Agnes Boone,Directed,1,338,Knows of
8,5,Jem Finch,Scout Finch,Directed,1,338,Exchange
5,11,Scout Finch,Heck Tate,Directed,1,338,Knows of
5,8,Scout Finch,Jem Finch,Directed,1,338,Exchange
5,185,Scout Finch,"""[W]icked children""",Directed,1,338,Knows of
11,185,Heck Tate,"""[W]icked children""",Directed,1,338,Knows
155,5,Mrs. Grace Merriweather,Scout Finch,Directed,1,338,Exchange
5,155,Scout Finch,Mrs. Grace Merriweather,Directed,1,338,Exchange
5,172,Scout Finch,Cecil Jacobs,Directed,1,338,Knows of
188,155,Agnes Boone,Mrs. Grace Merriweather,Directed,1,338,Knows
5,9,Scout Finch,Atticus Finch,Directed,1,338,Knows
185,11,"""[W]icked children""",Heck Tate,Directed,1,338,Knows
155,188,Mrs. Grace Merriweather,Agnes Boone,Directed,1,338,Knows
9,5,Atticus Finch,Scout Finch,Directed,1,338,Knows
155,172,Mrs. Grace Merriweather,Cecil Jacobs,Directed,1,338,Knows
172,155,Cecil Jacobs,Mrs. Grace Merriweather,Directed,1,338,Knows
5,189,Scout Finch,Mrs. Crenshaw,Directed,1,339,Knows of
155,5,Mrs. Grace Merriweather,Scout Finch,Directed,1,339,Exchange
5,9,Scout Finch,Atticus Finch,Directed,1,339,Exchange
5,155,Scout Finch,Mrs. Grace Merriweather,Directed,1,339,Exchange
5,8,Scout Finch,Jem Finch,Directed,1,339,Knows of
155,189,Mrs. Grace Merriweather,Mrs. Crenshaw,Directed,1,339,Knows
9,5,Atticus Finch,Scout Finch,Directed,1,339,Exchange
7,5,Alexandra Finch,Scout Finch,Directed,1,339,Exchange
189,155,Mrs. Crenshaw,Mrs. Grace Merriweather,Directed,1,339,Knows
9,8,Atticus Finch,Jem Finch,Directed,1,339,Knows
5,7,Scout Finch,Alexandra Finch,Directed,1,339,Exchange
8,9,Jem Finch,Atticus Finch,Directed,1,339,Knows
8,155,Jem Finch,Mrs. Grace Merriweather,Directed,1,340,Knows
5,24,Scout Finch,Calpurnia,Directed,1,340,Exchange
8,55,Jem Finch,Miss Maudie Atkinson,Directed,1,340,Knows
24,5,Calpurnia,Scout Finch,Directed,1,340,Exchange
55,8,Miss Maudie Atkinson,Jem Finch,Directed,1,340,Knows
5,8,Scout Finch,Jem Finch,Directed,1,340,Knows of
155,8,Mrs. Grace Merriweather,Jem Finch,Directed,1,340,Knows
5,155,Scout Finch,Mrs. Grace Merriweather,Directed,1,340,Knows of
5,55,Scout Finch,Miss Maudie Atkinson,Directed,1,340,Knows of
8,5,Jem Finch,Scout Finch,Directed,1,341,Exchange
5,10,Scout Finch,Boo Radley,Directed,1,341,Knows
5,78,Scout Finch,The Radley Place,Directed,1,341,Knows of
9,8,Atticus Finch,Jem Finch,Directed,1,341,Knows
78,8,The Radley Place,Jem Finch,Directed,1,341,Knows
5,9,Scout Finch,Atticus Finch,Directed,1,341,Knows of
5,8,Scout Finch,Jem Finch,Directed,1,341,Exchange
8,9,Jem Finch,Atticus Finch,Directed,1,341,Knows
8,78,Jem Finch,The Radley Place,Directed,1,341,Knows
10,5,Boo Radley,Scout Finch,Directed,1,341,Knows
8,10,Jem Finch,Boo Radley,Directed,1,342,Knows
10,8,Boo Radley,Jem Finch,Directed,1,342,Knows
78,5,The Radley Place,Scout Finch,Directed,1,342,Knows
5,8,Scout Finch,Jem Finch,Directed,1,342,Exchange
5,78,Scout Finch,The Radley Place,Directed,1,342,Knows
8,5,Jem Finch,Scout Finch,Directed,1,342,Exchange
5,10,Scout Finch,Boo Radley,Directed,1,342,Knows of
172,5,Cecil Jacobs,Scout Finch,Directed,1,343,Exchange
172,155,Cecil Jacobs,Mrs. Grace Merriweather,Directed,1,343,Knows
8,172,Jem Finch,Cecil Jacobs,Directed,1,343,Exchange
172,8,Cecil Jacobs,Jem Finch,Directed,1,343,Exchange
8,10,Jem Finch,Boo Radley,Directed,1,343,Knows
172,190,Cecil Jacobs,Cecil Jacobs' parents,Directed,1,343,Knows
155,172,Mrs. Grace Merriweather,Cecil Jacobs,Directed,1,343,Knows
8,5,Jem Finch,Scout Finch,Directed,1,343,Exchange
5,172,Scout Finch,Cecil Jacobs,Directed,1,343,Exchange
5,10,Scout Finch,Boo Radley,Directed,1,343,Knows of
5,8,Scout Finch,Jem Finch,Directed,1,343,Exchange
5,190,Scout Finch,Cecil Jacobs' parents,Directed,1,343,Knows of
172,9,Cecil Jacobs,Atticus Finch,Directed,1,343,Knows
190,172,Cecil Jacobs' parents,Cecil Jacobs,Directed,1,343,Knows
10,8,Boo Radley,Jem Finch,Directed,1,343,Knows
9,172,Atticus Finch,Cecil Jacobs,Directed,1,343,Knows
5,9,Scout Finch,Atticus Finch,Directed,1,343,Knows of
5,155,Scout Finch,Mrs. Grace Merriweather,Directed,1,343,Knows of
5,172,Scout Finch,Cecil Jacobs,Directed,1,344,Exchange
190,7,Cecil Jacobs' parents,Alexandra Finch,Directed,1,344,Knows of
129,172,Mrs. Taylor,Cecil Jacobs,Directed,1,344,Knows
155,5,Mrs. Grace Merriweather,Scout Finch,Directed,1,344,Knows
5,191,Scout Finch,"""[T]emporary ghoul""",Directed,1,344,Exchange
5,155,Scout Finch,Mrs. Grace Merriweather,Directed,1,344,Knows
5,9,Scout Finch,Atticus Finch,Directed,1,344,Knows of
172,190,Cecil Jacobs,Cecil Jacobs' parents,Directed,1,344,Exchange
7,172,Alexandra Finch,Cecil Jacobs,Directed,1,344,Knows of
5,190,Scout Finch,Cecil Jacobs' parents,Directed,1,344,Knows of
190,172,Cecil Jacobs' parents,Cecil Jacobs,Directed,1,344,Exchange
8,9,Jem Finch,Atticus Finch,Directed,1,344,Knows
7,190,Alexandra Finch,Cecil Jacobs' parents,Directed,1,344,Knows of
7,5,Alexandra Finch,Scout Finch,Directed,1,344,Exchange
5,129,Scout Finch,Mrs. Taylor,Directed,1,344,Knows of
8,5,Jem Finch,Scout Finch,Directed,1,344,Exchange
5,192,Scout Finch,Mrs. Merriweather's runners,Directed,1,344,Exchange
5,8,Scout Finch,Jem Finch,Directed,1,344,Exchange
5,7,Scout Finch,Alexandra Finch,Directed,1,344,Exchange
172,192,Cecil Jacobs,Mrs. Merriweather's runners,Directed,1,344,Exchange
9,8,Atticus Finch,Jem Finch,Directed,1,344,Knows
192,5,Mrs. Merriweather's runners,Scout Finch,Directed,1,344,Exchange
172,191,Cecil Jacobs,"""[T]emporary ghoul""",Directed,1,344,Exchange
172,5,Cecil Jacobs,Scout Finch,Directed,1,344,Exchange
192,172,Mrs. Merriweather's runners,Cecil Jacobs,Directed,1,344,Exchange
191,5,"""[T]emporary ghoul""",Scout Finch,Directed,1,344,Exchange
172,129,Cecil Jacobs,Mrs. Taylor,Directed,1,344,Knows
191,172,"""[T]emporary ghoul""",Cecil Jacobs,Directed,1,344,Exchange
172,7,Cecil Jacobs,Alexandra Finch,Directed,1,344,Knows of
194,172,Man (shushes Cecil),Cecil Jacobs,Directed,1,345,Exchange
5,172,Scout Finch,Cecil Jacobs,Directed,1,345,Exchange
172,194,Cecil Jacobs,Man (shushes Cecil),Directed,1,345,Exchange
193,155,Crowd (at the pageant),Mrs. Grace Merriweather,Directed,1,345,Exchange
5,193,Scout Finch,Crowd (at the pageant),Directed,1,345,Knows
5,194,Scout Finch,Man (shushes Cecil),Directed,1,345,Exchange
193,5,Crowd (at the pageant),Scout Finch,Directed,1,345,Knows
172,5,Cecil Jacobs,Scout Finch,Directed,1,345,Exchange
194,5,Man (shushes Cecil),Scout Finch,Directed,1,345,Exchange
155,5,Mrs. Grace Merriweather,Scout Finch,Directed,1,345,Knows
5,155,Scout Finch,Mrs. Grace Merriweather,Directed,1,345,Knows
155,193,Mrs. Grace Merriweather,Crowd (at the pageant),Directed,1,345,Exchange
195,155,Colonel Maycomb,Mrs. Grace Merriweather,Directed,1,346,Knows of
193,155,Crowd (at the pageant),Mrs. Grace Merriweather,Directed,1,346,Exchange
5,196,Scout Finch,Probate Judge's great-grandfather five times remov,Directed,1,346,Knows of
197,195,"""Indian runner""",Colonel Maycomb,Directed,1,346,Knows
155,196,Mrs. Grace Merriweather,Probate Judge's great-grandfather five times remov,Directed,1,346,Knows of
5,197,Scout Finch,"""Indian runner""",Directed,1,346,Knows of
155,5,Mrs. Grace Merriweather,Scout Finch,Directed,1,346,Exchange
5,13,Scout Finch,General Andrew Jackson,Directed,1,346,Knows of
195,13,Colonel Maycomb,General Andrew Jackson,Directed,1,346,Knows
195,198,Colonel Maycomb,Colonel Maycomb's troops,Directed,1,346,Knows
155,195,Mrs. Grace Merriweather,Colonel Maycomb,Directed,1,346,Knows of
13,195,General Andrew Jackson,Colonel Maycomb,Directed,1,346,Knows
13,155,General Andrew Jackson,Mrs. Grace Merriweather,Directed,1,346,Knows of
155,193,Mrs. Grace Merriweather,Crowd (at the pageant),Directed,1,346,Exchange
155,13,Mrs. Grace Merriweather,General Andrew Jackson,Directed,1,346,Knows of
155,197,Mrs. Grace Merriweather,"""Indian runner""",Directed,1,346,Knows of
5,193,Scout Finch,Crowd (at the pageant),Directed,1,346,Knows of
5,155,Scout Finch,Mrs. Grace Merriweather,Directed,1,346,Exchange
5,198,Scout Finch,Colonel Maycomb's troops,Directed,1,346,Knows of
198,195,Colonel Maycomb's troops,Colonel Maycomb,Directed,1,346,Knows
195,197,Colonel Maycomb,"""Indian runner""",Directed,1,346,Knows
5,195,Scout Finch,Colonel Maycomb,Directed,1,346,Knows of
193,155,Crowd (at the pageant),Mrs. Grace Merriweather,Directed,1,347,Exchange
155,5,Mrs. Grace Merriweather,Scout Finch,Directed,1,347,Exchange
199,8,"""[S]omeone"" (347)",Jem Finch,Directed,1,347,Exchange
5,155,Scout Finch,Mrs. Grace Merriweather,Directed,1,347,Exchange
8,5,Jem Finch,Scout Finch,Directed,1,347,Exchange
125,129,Judge Taylor,Mrs. Taylor,Directed,1,347,Knows
129,125,Mrs. Taylor,Judge Taylor,Directed,1,347,Knows
5,8,Scout Finch,Jem Finch,Directed,1,347,Exchange
155,193,Mrs. Grace Merriweather,Crowd (at the pageant),Directed,1,347,Exchange
9,5,Atticus Finch,Scout Finch,Directed,1,347,Knows
8,193,Jem Finch,Crowd (at the pageant),Directed,1,347,Knows
8,199,Jem Finch,"""[S]omeone"" (347)",Directed,1,347,Exchange
5,193,Scout Finch,Crowd (at the pageant),Directed,1,347,Knows of
193,8,Crowd (at the pageant),Jem Finch,Directed,1,347,Knows
5,129,Scout Finch,Mrs. Taylor,Directed,1,347,Knows of
5,125,Scout Finch,Judge Taylor,Directed,1,347,Knows of
5,9,Scout Finch,Atticus Finch,Directed,1,347,Knows
5,199,Scout Finch,"""[S]omeone"" (347)",Directed,1,347,Knows of
8,5,Jem Finch,Scout Finch,Directed,1,348,Exchange
200,8,Janitor,Jem Finch,Directed,1,348,Knows
5,200,Scout Finch,Janitor,Directed,1,348,Knows of
8,200,Jem Finch,Janitor,Directed,1,348,Knows
5,8,Scout Finch,Jem Finch,Directed,1,348,Exchange
8,172,Jem Finch,Cecil Jacobs,Directed,1,349,Knows
5,8,Scout Finch,Jem Finch,Directed,1,349,Exchange
172,8,Cecil Jacobs,Jem Finch,Directed,1,349,Knows
189,8,Mrs. Crenshaw,Jem Finch,Directed,1,349,Knows
8,5,Jem Finch,Scout Finch,Directed,1,349,Exchange
5,172,Scout Finch,Cecil Jacobs,Directed,1,349,Knows of
5,189,Scout Finch,Mrs. Crenshaw,Directed,1,349,Knows of
8,189,Jem Finch,Mrs. Crenshaw,Directed,1,349,Knows
172,5,Cecil Jacobs,Scout Finch,Directed,1,350,Knows
8,14,Jem Finch,Bob Ewell,Directed,1,350,Knows
5,8,Scout Finch,Jem Finch,Directed,1,350,Exchange
14,8,Bob Ewell,Jem Finch,Directed,1,350,Knows
5,14,Scout Finch,Bob Ewell,Directed,1,350,Knows of
5,172,Scout Finch,Cecil Jacobs,Directed,1,350,Knows
8,5,Jem Finch,Scout Finch,Directed,1,350,Exchange
5,8,Scout Finch,Jem Finch,Directed,1,351,Exchange
14,10,Bob Ewell,Boo Radley,Directed,1,351,Knows
5,14,Scout Finch,Bob Ewell,Directed,1,351,Knows of
8,14,Jem Finch,Bob Ewell,Directed,1,351,Knows
14,8,Bob Ewell,Jem Finch,Directed,1,351,Knows
8,5,Jem Finch,Scout Finch,Directed,1,351,Exchange
8,10,Jem Finch,Boo Radley,Directed,1,351,Knows
5,10,Scout Finch,Boo Radley,Directed,1,351,Knows of
10,14,Boo Radley,Bob Ewell,Directed,1,351,Knows
10,8,Boo Radley,Jem Finch,Directed,1,351,Knows
5,9,Scout Finch,Atticus Finch,Directed,1,352,Exchange
5,14,Scout Finch,Bob Ewell,Directed,1,352,Knows
10,8,Boo Radley,Jem Finch,Directed,1,352,Knows
14,5,Bob Ewell,Scout Finch,Directed,1,352,Knows
5,7,Scout Finch,Alexandra Finch,Directed,1,352,Knows
5,8,Scout Finch,Jem Finch,Directed,1,352,Exchange
5,10,Scout Finch,Boo Radley,Directed,1,352,Knows of
8,10,Jem Finch,Boo Radley,Directed,1,352,Knows
7,5,Alexandra Finch,Scout Finch,Directed,1,352,Knows
201,9,Eula May,Atticus Finch,Directed,1,353,Exchange
8,9,Jem Finch,Atticus Finch,Directed,1,353,Knows
7,60,Alexandra Finch,Dr. Reynolds,Directed,1,353,Knows
201,7,Eula May,Alexandra Finch,Directed,1,353,Exchange
7,5,Alexandra Finch,Scout Finch,Directed,1,353,Exchange
9,5,Atticus Finch,Scout Finch,Directed,1,353,Exchange
9,7,Atticus Finch,Alexandra Finch,Directed,1,353,Exchange
5,9,Scout Finch,Atticus Finch,Directed,1,353,Exchange
7,201,Alexandra Finch,Eula May,Directed,1,353,Exchange
5,60,Scout Finch,Dr. Reynolds,Directed,1,353,Knows of
60,7,Dr. Reynolds,Alexandra Finch,Directed,1,353,Knows
11,201,Heck Tate,Eula May,Directed,1,353,Knows
9,8,Atticus Finch,Jem Finch,Directed,1,353,Knows
7,9,Alexandra Finch,Atticus Finch,Directed,1,353,Exchange
5,8,Scout Finch,Jem Finch,Directed,1,353,Knows of
5,11,Scout Finch,Heck Tate,Directed,1,353,Knows of
60,9,Dr. Reynolds,Atticus Finch,Directed,1,353,Knows
201,11,Eula May,Heck Tate,Directed,1,353,Knows
11,9,Heck Tate,Atticus Finch,Directed,1,353,Exchange
201,60,Eula May,Dr. Reynolds,Directed,1,353,Knows
5,201,Scout Finch,Eula May,Directed,1,353,Knows of
9,60,Atticus Finch,Dr. Reynolds,Directed,1,353,Knows
5,7,Scout Finch,Alexandra Finch,Directed,1,353,Exchange
9,201,Atticus Finch,Eula May,Directed,1,353,Exchange
9,11,Atticus Finch,Heck Tate,Directed,1,353,Exchange
60,201,Dr. Reynolds,Eula May,Directed,1,353,Knows
60,8,Dr. Reynolds,Jem Finch,Directed,1,354,Knows
7,8,Alexandra Finch,Jem Finch,Directed,1,354,Knows
60,7,Dr. Reynolds,Alexandra Finch,Directed,1,354,Knows
9,5,Atticus Finch,Scout Finch,Directed,1,354,Knows
7,60,Alexandra Finch,Dr. Reynolds,Directed,1,354,Knows
8,7,Jem Finch,Alexandra Finch,Directed,1,354,Knows
5,9,Scout Finch,Atticus Finch,Directed,1,354,Knows
7,5,Alexandra Finch,Scout Finch,Directed,1,354,Exchange
5,60,Scout Finch,Dr. Reynolds,Directed,1,354,Exchange
5,7,Scout Finch,Alexandra Finch,Directed,1,354,Exchange
5,8,Scout Finch,Jem Finch,Directed,1,354,Knows of
8,60,Jem Finch,Dr. Reynolds,Directed,1,354,Knows
60,5,Dr. Reynolds,Scout Finch,Directed,1,354,Exchange
11,5,Heck Tate,Scout Finch,Directed,1,355,Exchange
8,9,Jem Finch,Atticus Finch,Directed,1,355,Knows
5,60,Scout Finch,Dr. Reynolds,Directed,1,355,Exchange
60,9,Dr. Reynolds,Atticus Finch,Directed,1,355,Knows
9,8,Atticus Finch,Jem Finch,Directed,1,355,Knows
9,5,Atticus Finch,Scout Finch,Directed,1,355,Exchange
7,8,Alexandra Finch,Jem Finch,Directed,1,355,Knows
60,8,Dr. Reynolds,Jem Finch,Directed,1,355,Knows
8,7,Jem Finch,Alexandra Finch,Directed,1,355,Knows
8,60,Jem Finch,Dr. Reynolds,Directed,1,355,Knows
5,11,Scout Finch,Heck Tate,Directed,1,355,Exchange
9,60,Atticus Finch,Dr. Reynolds,Directed,1,355,Knows
5,9,Scout Finch,Atticus Finch,Directed,1,355,Exchange
60,5,Dr. Reynolds,Scout Finch,Directed,1,355,Exchange
5,7,Scout Finch,Alexandra Finch,Directed,1,355,Knows of
5,8,Scout Finch,Jem Finch,Directed,1,355,Exchange
11,8,Heck Tate,Jem Finch,Directed,1,356,Knows
7,11,Alexandra Finch,Heck Tate,Directed,1,356,Knows
5,10,Scout Finch,Boo Radley,Directed,1,356,Knows of
5,11,Scout Finch,Heck Tate,Directed,1,356,Exchange
9,8,Atticus Finch,Jem Finch,Directed,1,356,Knows
11,10,Heck Tate,Boo Radley,Directed,1,356,Knows
5,7,Scout Finch,Alexandra Finch,Directed,1,356,Knows of
11,9,Heck Tate,Atticus Finch,Directed,1,356,Exchange
11,7,Heck Tate,Alexandra Finch,Directed,1,356,Knows
8,9,Jem Finch,Atticus Finch,Directed,1,356,Knows
11,5,Heck Tate,Scout Finch,Directed,1,356,Exchange
9,11,Atticus Finch,Heck Tate,Directed,1,356,Exchange
10,8,Boo Radley,Jem Finch,Directed,1,356,Knows
5,9,Scout Finch,Atticus Finch,Directed,1,356,Knows of
8,11,Jem Finch,Heck Tate,Directed,1,356,Knows
10,11,Boo Radley,Heck Tate,Directed,1,356,Knows
8,10,Jem Finch,Boo Radley,Directed,1,356,Knows
5,8,Scout Finch,Jem Finch,Directed,1,356,Knows of
5,9,Scout Finch,Atticus Finch,Directed,1,357,Knows of
5,14,Scout Finch,Bob Ewell,Directed,1,357,Knows of
11,5,Heck Tate,Scout Finch,Directed,1,357,Exchange
11,14,Heck Tate,Bob Ewell,Directed,1,357,Knows
11,9,Heck Tate,Atticus Finch,Directed,1,357,Exchange
14,11,Bob Ewell,Heck Tate,Directed,1,357,Knows
9,11,Atticus Finch,Heck Tate,Directed,1,357,Exchange
8,5,Jem Finch,Scout Finch,Directed,1,357,Knows
5,8,Scout Finch,Jem Finch,Directed,1,357,Knows
5,11,Scout Finch,Heck Tate,Directed,1,357,Exchange
9,11,Atticus Finch,Heck Tate,Directed,1,358,Exchange
8,14,Jem Finch,Bob Ewell,Directed,1,358,Knows
7,11,Alexandra Finch,Heck Tate,Directed,1,358,Exchange
5,11,Scout Finch,Heck Tate,Directed,1,358,Knows of
5,9,Scout Finch,Atticus Finch,Directed,1,358,Knows of
14,8,Bob Ewell,Jem Finch,Directed,1,358,Knows
5,14,Scout Finch,Bob Ewell,Directed,1,358,Knows of
7,9,Alexandra Finch,Atticus Finch,Directed,1,358,Exchange
11,7,Heck Tate,Alexandra Finch,Directed,1,358,Exchange
11,9,Heck Tate,Atticus Finch,Directed,1,358,Exchange
5,8,Scout Finch,Jem Finch,Directed,1,358,Knows of
5,7,Scout Finch,Alexandra Finch,Directed,1,358,Knows of
11,8,Heck Tate,Jem Finch,Directed,1,358,Knows
8,11,Jem Finch,Heck Tate,Directed,1,358,Knows
11,14,Heck Tate,Bob Ewell,Directed,1,358,Knows
14,11,Bob Ewell,Heck Tate,Directed,1,358,Knows
9,7,Atticus Finch,Alexandra Finch,Directed,1,358,Exchange
9,7,Atticus Finch,Alexandra Finch,Directed,1,359,Exchange
5,8,Scout Finch,Jem Finch,Directed,1,359,Exchange
5,172,Scout Finch,Cecil Jacobs,Directed,1,359,Knows of
11,7,Heck Tate,Alexandra Finch,Directed,1,359,Exchange
7,11,Alexandra Finch,Heck Tate,Directed,1,359,Exchange
5,7,Scout Finch,Alexandra Finch,Directed,1,359,Knows of
8,5,Jem Finch,Scout Finch,Directed,1,359,Exchange
5,11,Scout Finch,Heck Tate,Directed,1,359,Exchange
9,11,Atticus Finch,Heck Tate,Directed,1,359,Exchange
5,9,Scout Finch,Atticus Finch,Directed,1,359,Exchange
172,11,Cecil Jacobs,Heck Tate,Directed,1,359,Knows
9,5,Atticus Finch,Scout Finch,Directed,1,359,Exchange
11,172,Heck Tate,Cecil Jacobs,Directed,1,359,Knows
11,9,Heck Tate,Atticus Finch,Directed,1,359,Exchange
11,5,Heck Tate,Scout Finch,Directed,1,359,Exchange
7,9,Alexandra Finch,Atticus Finch,Directed,1,359,Exchange
5,55,Scout Finch,Miss Maudie Atkinson,Directed,1,360,Knows of
5,7,Scout Finch,Alexandra Finch,Directed,1,360,Knows of
5,8,Scout Finch,Jem Finch,Directed,1,360,Exchange
9,7,Atticus Finch,Alexandra Finch,Directed,1,360,Exchange
14,9,Bob Ewell,Atticus Finch,Directed,1,360,Knows
11,5,Heck Tate,Scout Finch,Directed,1,360,Exchange
8,14,Jem Finch,Bob Ewell,Directed,1,360,Knows
7,9,Alexandra Finch,Atticus Finch,Directed,1,360,Exchange
9,11,Atticus Finch,Heck Tate,Directed,1,360,Exchange
5,11,Scout Finch,Heck Tate,Directed,1,360,Exchange
8,5,Jem Finch,Scout Finch,Directed,1,360,Exchange
55,9,Miss Maudie Atkinson,Atticus Finch,Directed,1,360,Knows
11,9,Heck Tate,Atticus Finch,Directed,1,360,Exchange
5,189,Scout Finch,Mrs. Crenshaw,Directed,1,360,Knows
14,11,Bob Ewell,Heck Tate,Directed,1,360,Knows
5,9,Scout Finch,Atticus Finch,Directed,1,360,Knows of
5,14,Scout Finch,Bob Ewell,Directed,1,360,Knows of
14,8,Bob Ewell,Jem Finch,Directed,1,360,Knows
9,55,Atticus Finch,Miss Maudie Atkinson,Directed,1,360,Knows
9,14,Atticus Finch,Bob Ewell,Directed,1,360,Knows
189,5,Mrs. Crenshaw,Scout Finch,Directed,1,360,Knows
11,14,Heck Tate,Bob Ewell,Directed,1,360,Knows
11,14,Heck Tate,Bob Ewell,Directed,1,361,Knows
11,5,Heck Tate,Scout Finch,Directed,1,361,Exchange
11,139,Heck Tate,Helen Robinson,Directed,1,361,Knows
139,11,Helen Robinson,Heck Tate,Directed,1,361,Knows
139,14,Helen Robinson,Bob Ewell,Directed,1,361,Knows
9,11,Atticus Finch,Heck Tate,Directed,1,361,Exchange
5,9,Scout Finch,Atticus Finch,Directed,1,361,Knows of
8,14,Jem Finch,Bob Ewell,Directed,1,361,Knows
5,14,Scout Finch,Bob Ewell,Directed,1,361,Knows of
11,8,Heck Tate,Jem Finch,Directed,1,361,Knows
11,125,Heck Tate,Judge Taylor,Directed,1,361,Knows
11,9,Heck Tate,Atticus Finch,Directed,1,361,Exchange
8,5,Jem Finch,Scout Finch,Directed,1,361,Exchange
125,14,Judge Taylor,Bob Ewell,Directed,1,361,Knows
5,125,Scout Finch,Judge Taylor,Directed,1,361,Knows of
9,14,Atticus Finch,Bob Ewell,Directed,1,361,Exchange
10,14,Boo Radley,Bob Ewell,Directed,1,361,Knows
14,11,Bob Ewell,Heck Tate,Directed,1,361,Knows
5,10,Scout Finch,Boo Radley,Directed,1,361,Knows of
14,125,Bob Ewell,Judge Taylor,Directed,1,361,Knows
14,8,Bob Ewell,Jem Finch,Directed,1,361,Knows
14,9,Bob Ewell,Atticus Finch,Directed,1,361,Exchange
8,11,Jem Finch,Heck Tate,Directed,1,361,Knows
5,139,Scout Finch,Helen Robinson,Directed,1,361,Knows of
5,11,Scout Finch,Heck Tate,Directed,1,361,Exchange
14,10,Bob Ewell,Boo Radley,Directed,1,361,Knows
5,8,Scout Finch,Jem Finch,Directed,1,361,Exchange
14,139,Bob Ewell,Helen Robinson,Directed,1,361,Knows
125,11,Judge Taylor,Heck Tate,Directed,1,361,Knows
9,5,Atticus Finch,Scout Finch,Directed,1,362,Knows
5,10,Scout Finch,Boo Radley,Directed,1,362,Exchange
8,5,Jem Finch,Scout Finch,Directed,1,362,Knows
5,9,Scout Finch,Atticus Finch,Directed,1,362,Knows
10,5,Boo Radley,Scout Finch,Directed,1,362,Exchange
11,5,Heck Tate,Scout Finch,Directed,1,362,Exchange
5,11,Scout Finch,Heck Tate,Directed,1,362,Exchange
5,8,Scout Finch,Jem Finch,Directed,1,362,Knows
9,5,Atticus Finch,Scout Finch,Directed,1,363,Exchange
8,9,Jem Finch,Atticus Finch,Directed,1,363,Knows
5,60,Scout Finch,Dr. Reynolds,Directed,1,363,Exchange
9,60,Atticus Finch,Dr. Reynolds,Directed,1,363,Exchange
8,5,Jem Finch,Scout Finch,Directed,1,363,Knows
11,10,Heck Tate,Boo Radley,Directed,1,363,Knows
11,60,Heck Tate,Dr. Reynolds,Directed,1,363,Exchange
5,9,Scout Finch,Atticus Finch,Directed,1,363,Exchange
60,11,Dr. Reynolds,Heck Tate,Directed,1,363,Exchange
60,9,Dr. Reynolds,Atticus Finch,Directed,1,363,Exchange
60,10,Dr. Reynolds,Boo Radley,Directed,1,363,Exchange
9,8,Atticus Finch,Jem Finch,Directed,1,363,Knows
60,5,Dr. Reynolds,Scout Finch,Directed,1,363,Exchange
5,8,Scout Finch,Jem Finch,Directed,1,363,Knows
10,9,Boo Radley,Atticus Finch,Directed,1,363,Knows
9,10,Atticus Finch,Boo Radley,Directed,1,363,Knows
5,10,Scout Finch,Boo Radley,Directed,1,363,Knows of
10,11,Boo Radley,Heck Tate,Directed,1,363,Knows
10,60,Boo Radley,Dr. Reynolds,Directed,1,363,Exchange
5,11,Scout Finch,Heck Tate,Directed,1,363,Knows of
11,9,Heck Tate,Atticus Finch,Directed,1,364,Exchange
5,9,Scout Finch,Atticus Finch,Directed,1,364,Knows of
9,11,Atticus Finch,Heck Tate,Directed,1,364,Exchange
60,5,Dr. Reynolds,Scout Finch,Directed,1,364,Exchange
9,60,Atticus Finch,Dr. Reynolds,Directed,1,364,Exchange
10,5,Boo Radley,Scout Finch,Directed,1,364,Exchange
5,10,Scout Finch,Boo Radley,Directed,1,364,Exchange
5,60,Scout Finch,Dr. Reynolds,Directed,1,364,Exchange
5,8,Scout Finch,Jem Finch,Directed,1,364,Knows of
10,9,Boo Radley,Atticus Finch,Directed,1,364,Knows
60,8,Dr. Reynolds,Jem Finch,Directed,1,364,Knows
60,9,Dr. Reynolds,Atticus Finch,Directed,1,364,Exchange
8,60,Jem Finch,Dr. Reynolds,Directed,1,364,Knows
5,11,Scout Finch,Heck Tate,Directed,1,364,Knows of
9,10,Atticus Finch,Boo Radley,Directed,1,364,Knows
9,8,Atticus Finch,Jem Finch,Directed,1,365,Knows
5,9,Scout Finch,Atticus Finch,Directed,1,365,Exchange
14,8,Bob Ewell,Jem Finch,Directed,1,365,Knows
5,14,Scout Finch,Bob Ewell,Directed,1,365,Knows of
14,11,Bob Ewell,Heck Tate,Directed,1,365,Knows
5,11,Scout Finch,Heck Tate,Directed,1,365,Knows of
5,8,Scout Finch,Jem Finch,Directed,1,365,Knows of
8,14,Jem Finch,Bob Ewell,Directed,1,365,Knows
11,9,Heck Tate,Atticus Finch,Directed,1,365,Exchange
9,5,Atticus Finch,Scout Finch,Directed,1,365,Exchange
11,14,Heck Tate,Bob Ewell,Directed,1,365,Knows
9,11,Atticus Finch,Heck Tate,Directed,1,365,Exchange
8,9,Jem Finch,Atticus Finch,Directed,1,365,Knows
8,11,Jem Finch,Heck Tate,Directed,1,365,Knows
11,8,Heck Tate,Jem Finch,Directed,1,365,Knows
14,9,Bob Ewell,Atticus Finch,Directed,1,366,Knows
11,14,Heck Tate,Bob Ewell,Directed,1,366,Knows
5,8,Scout Finch,Jem Finch,Directed,1,366,Knows of
48,5,The Cunninghams,Scout Finch,Directed,1,366,Knows
14,11,Bob Ewell,Heck Tate,Directed,1,366,Knows
8,9,Jem Finch,Atticus Finch,Directed,1,366,Knows
9,11,Atticus Finch,Heck Tate,Directed,1,366,Exchange
9,14,Atticus Finch,Bob Ewell,Directed,1,366,Knows
5,48,Scout Finch,The Cunninghams,Directed,1,366,Knows
9,8,Atticus Finch,Jem Finch,Directed,1,366,Knows
11,9,Heck Tate,Atticus Finch,Directed,1,366,Exchange
5,11,Scout Finch,Heck Tate,Directed,1,366,Knows of
5,14,Scout Finch,Bob Ewell,Directed,1,366,Knows of
5,9,Scout Finch,Atticus Finch,Directed,1,366,Exchange
9,5,Atticus Finch,Scout Finch,Directed,1,366,Exchange
9,202,Atticus Finch,Heck Tate's children,Directed,1,367,Knows
5,60,Scout Finch,Dr. Reynolds,Directed,1,367,Knows of
9,11,Atticus Finch,Heck Tate,Directed,1,367,Exchange
202,9,Heck Tate's children,Atticus Finch,Directed,1,367,Knows
202,11,Heck Tate's children,Heck Tate,Directed,1,367,Knows
5,9,Scout Finch,Atticus Finch,Directed,1,367,Knows of
11,203,Heck Tate,Ken,Directed,1,367,Knows
14,60,Bob Ewell,Dr. Reynolds,Directed,1,367,Knows
11,14,Heck Tate,Bob Ewell,Directed,1,367,Knows
8,9,Jem Finch,Atticus Finch,Directed,1,367,Knows
14,11,Bob Ewell,Heck Tate,Directed,1,367,Knows
5,203,Scout Finch,Ken,Directed,1,367,Knows of
203,11,Ken,Heck Tate,Directed,1,367,Knows
11,9,Heck Tate,Atticus Finch,Directed,1,367,Exchange
8,14,Jem Finch,Bob Ewell,Directed,1,367,Knows
5,11,Scout Finch,Heck Tate,Directed,1,367,Knows of
11,60,Heck Tate,Dr. Reynolds,Directed,1,367,Exchange
5,202,Scout Finch,Heck Tate's children,Directed,1,367,Knows of
8,11,Jem Finch,Heck Tate,Directed,1,367,Knows
5,14,Scout Finch,Bob Ewell,Directed,1,367,Knows of
14,8,Bob Ewell,Jem Finch,Directed,1,367,Knows
5,8,Scout Finch,Jem Finch,Directed,1,367,Knows of
60,14,Dr. Reynolds,Bob Ewell,Directed,1,367,Knows
11,8,Heck Tate,Jem Finch,Directed,1,367,Knows
60,11,Dr. Reynolds,Heck Tate,Directed,1,367,Exchange
60,8,Dr. Reynolds,Jem Finch,Directed,1,367,Knows
8,60,Jem Finch,Dr. Reynolds,Directed,1,367,Knows
11,202,Heck Tate,Heck Tate's children,Directed,1,367,Knows
9,8,Atticus Finch,Jem Finch,Directed,1,367,Knows
5,11,Scout Finch,Heck Tate,Directed,1,368,Knows of
5,51,Scout Finch,Miss Stephanie Crawford,Directed,1,368,Knows of
11,9,Heck Tate,Atticus Finch,Directed,1,368,Exchange
11,8,Heck Tate,Jem Finch,Directed,1,368,Knows
11,14,Heck Tate,Bob Ewell,Directed,1,368,Knows
51,11,Miss Stephanie Crawford,Heck Tate,Directed,1,368,Knows
11,51,Heck Tate,Miss Stephanie Crawford,Directed,1,368,Knows
11,55,Heck Tate,Miss Maudie Atkinson,Directed,1,368,Knows
51,9,Miss Stephanie Crawford,Atticus Finch,Directed,1,368,Knows
9,55,Atticus Finch,Miss Maudie Atkinson,Directed,1,368,Knows
55,11,Miss Maudie Atkinson,Heck Tate,Directed,1,368,Knows
5,55,Scout Finch,Miss Maudie Atkinson,Directed,1,368,Knows of
9,51,Atticus Finch,Miss Stephanie Crawford,Directed,1,368,Knows
14,11,Bob Ewell,Heck Tate,Directed,1,368,Knows
55,9,Miss Maudie Atkinson,Atticus Finch,Directed,1,368,Knows
14,8,Bob Ewell,Jem Finch,Directed,1,368,Knows
5,9,Scout Finch,Atticus Finch,Directed,1,368,Knows of
5,14,Scout Finch,Bob Ewell,Directed,1,368,Knows of
5,8,Scout Finch,Jem Finch,Directed,1,368,Knows of
9,11,Atticus Finch,Heck Tate,Directed,1,368,Exchange
8,11,Jem Finch,Heck Tate,Directed,1,368,Knows
8,14,Jem Finch,Bob Ewell,Directed,1,368,Knows
5,11,Scout Finch,Heck Tate,Directed,1,369,Knows of
11,9,Heck Tate,Atticus Finch,Directed,1,369,Exchange
14,11,Bob Ewell,Heck Tate,Directed,1,369,Knows
11,14,Heck Tate,Bob Ewell,Directed,1,369,Knows
11,10,Heck Tate,Boo Radley,Directed,1,369,Knows
5,14,Scout Finch,Bob Ewell,Directed,1,369,Knows of
5,8,Scout Finch,Jem Finch,Directed,1,369,Knows of
14,80,Bob Ewell,Tom Robinson,Directed,1,369,Knows
11,204,Heck Tate,Heck Tate's wife,Directed,1,369,Knows
5,204,Scout Finch,Heck Tate's wife,Directed,1,369,Knows of
5,9,Scout Finch,Atticus Finch,Directed,1,369,Knows of
5,10,Scout Finch,Boo Radley,Directed,1,369,Knows of
8,14,Jem Finch,Bob Ewell,Directed,1,369,Knows
11,8,Heck Tate,Jem Finch,Directed,1,369,Knows
9,11,Atticus Finch,Heck Tate,Directed,1,369,Exchange
14,8,Bob Ewell,Jem Finch,Directed,1,369,Knows
8,11,Jem Finch,Heck Tate,Directed,1,369,Knows
80,11,Tom Robinson,Heck Tate,Directed,1,369,Knows
11,80,Heck Tate,Tom Robinson,Directed,1,369,Knows
80,14,Tom Robinson,Bob Ewell,Directed,1,369,Knows
5,80,Scout Finch,Tom Robinson,Directed,1,369,Knows of
10,11,Boo Radley,Heck Tate,Directed,1,369,Knows
204,11,Heck Tate's wife,Heck Tate,Directed,1,369,Knows
5,11,Scout Finch,Heck Tate,Directed,1,370,Knows of
9,11,Atticus Finch,Heck Tate,Directed,1,370,Exchange
14,9,Bob Ewell,Atticus Finch,Directed,1,370,Knows
9,10,Atticus Finch,Boo Radley,Directed,1,370,Exchange
5,14,Scout Finch,Bob Ewell,Directed,1,370,Knows of
10,9,Boo Radley,Atticus Finch,Directed,1,370,Exchange
10,11,Boo Radley,Heck Tate,Directed,1,370,Knows
9,14,Atticus Finch,Bob Ewell,Directed,1,370,Knows
11,10,Heck Tate,Boo Radley,Directed,1,370,Knows
5,8,Scout Finch,Jem Finch,Directed,1,370,Knows of
11,14,Heck Tate,Bob Ewell,Directed,1,370,Knows
11,9,Heck Tate,Atticus Finch,Directed,1,370,Exchange
5,10,Scout Finch,Boo Radley,Directed,1,370,Knows of
9,5,Atticus Finch,Scout Finch,Directed,1,370,Exchange
5,9,Scout Finch,Atticus Finch,Directed,1,370,Exchange
8,9,Jem Finch,Atticus Finch,Directed,1,370,Knows
9,8,Atticus Finch,Jem Finch,Directed,1,370,Knows
14,11,Bob Ewell,Heck Tate,Directed,1,370,Knows
5,8,Scout Finch,Jem Finch,Directed,1,371,Knows of
7,8,Alexandra Finch,Jem Finch,Directed,1,371,Knows
9,7,Atticus Finch,Alexandra Finch,Directed,1,371,Knows
60,7,Dr. Reynolds,Alexandra Finch,Directed,1,371,Knows
8,60,Jem Finch,Dr. Reynolds,Directed,1,371,Knows
5,9,Scout Finch,Atticus Finch,Directed,1,371,Knows of
60,8,Dr. Reynolds,Jem Finch,Directed,1,371,Knows
7,5,Alexandra Finch,Scout Finch,Directed,1,371,Exchange
10,7,Boo Radley,Alexandra Finch,Directed,1,371,Exchange
5,7,Scout Finch,Alexandra Finch,Directed,1,371,Exchange
10,5,Boo Radley,Scout Finch,Directed,1,371,Exchange
7,60,Alexandra Finch,Dr. Reynolds,Directed,1,371,Knows
5,10,Scout Finch,Boo Radley,Directed,1,371,Exchange
7,10,Alexandra Finch,Boo Radley,Directed,1,371,Exchange
5,60,Scout Finch,Dr. Reynolds,Directed,1,371,Knows of
8,7,Jem Finch,Alexandra Finch,Directed,1,371,Knows
7,9,Alexandra Finch,Atticus Finch,Directed,1,371,Knows
60,8,Dr. Reynolds,Jem Finch,Directed,1,372,Knows
5,10,Scout Finch,Boo Radley,Directed,1,372,Exchange
51,5,Miss Stephanie Crawford,Scout Finch,Directed,1,372,Knows
8,10,Jem Finch,Boo Radley,Directed,1,372,Knows
5,8,Scout Finch,Jem Finch,Directed,1,372,Knows of
5,60,Scout Finch,Dr. Reynolds,Directed,1,372,Knows of
10,5,Boo Radley,Scout Finch,Directed,1,372,Exchange
5,51,Scout Finch,Miss Stephanie Crawford,Directed,1,372,Knows
10,8,Boo Radley,Jem Finch,Directed,1,372,Knows
8,60,Jem Finch,Dr. Reynolds,Directed,1,372,Knows
5,51,Scout Finch,Miss Stephanie Crawford,Directed,1,373,Knows
10,78,Boo Radley,The Radley Place,Directed,1,373,Knows
78,10,The Radley Place,Boo Radley,Directed,1,373,Knows
32,5,Miss Rachel Haverford,Scout Finch,Directed,1,373,Knows
5,10,Scout Finch,Boo Radley,Directed,1,373,Knows
55,5,Miss Maudie Atkinson,Scout Finch,Directed,1,373,Knows
51,5,Miss Stephanie Crawford,Scout Finch,Directed,1,373,Knows
5,78,Scout Finch,The Radley Place,Directed,1,373,Knows
5,6,Scout Finch,Dill Harris,Directed,1,373,Knows
78,5,The Radley Place,Scout Finch,Directed,1,373,Knows
8,5,Jem Finch,Scout Finch,Directed,1,373,Knows
10,5,Boo Radley,Scout Finch,Directed,1,373,Knows
30,5,Mrs. Dubose,Scout Finch,Directed,1,373,Knows
5,8,Scout Finch,Jem Finch,Directed,1,373,Knows
5,55,Scout Finch,Miss Maudie Atkinson,Directed,1,373,Knows
6,5,Dill Harris,Scout Finch,Directed,1,373,Knows
5,32,Scout Finch,Miss Rachel Haverford,Directed,1,373,Knows
5,30,Scout Finch,Mrs. Dubose,Directed,1,373,Knows
9,8,Atticus Finch,Jem Finch,Directed,1,374,Knows
7,5,Alexandra Finch,Scout Finch,Directed,1,374,Knows
5,6,Scout Finch,Dill Harris,Directed,1,374,Knows of
8,6,Jem Finch,Dill Harris,Directed,1,374,Knows
78,10,The Radley Place,Boo Radley,Directed,1,374,Knows
5,10,Scout Finch,Boo Radley,Directed,1,374,Knows of
8,30,Jem Finch,Mrs. Dubose,Directed,1,374,Knows
5,7,Scout Finch,Alexandra Finch,Directed,1,374,Knows
5,9,Scout Finch,Atticus Finch,Directed,1,374,Knows of
10,78,Boo Radley,The Radley Place,Directed,1,374,Knows
5,30,Scout Finch,Mrs. Dubose,Directed,1,374,Knows of
30,8,Mrs. Dubose,Jem Finch,Directed,1,374,Knows
5,78,Scout Finch,The Radley Place,Directed,1,374,Knows of
8,9,Jem Finch,Atticus Finch,Directed,1,374,Knows
5,8,Scout Finch,Jem Finch,Directed,1,374,Knows of
6,8,Dill Harris,Jem Finch,Directed,1,374,Knows
5,9,Scout Finch,Atticus Finch,Directed,1,375,Exchange
5,205,Scout Finch,Seckatary Hawkins,Directed,1,375,Knows of
5,8,Scout Finch,Jem Finch,Directed,1,375,Knows of
9,5,Atticus Finch,Scout Finch,Directed,1,375,Exchange
9,205,Atticus Finch,Seckatary Hawkins,Directed,1,375,Knows of
5,11,Scout Finch,Heck Tate,Directed,1,375,Knows
11,5,Heck Tate,Scout Finch,Directed,1,375,Knows
8,9,Jem Finch,Atticus Finch,Directed,1,375,Knows
9,8,Atticus Finch,Jem Finch,Directed,1,375,Knows
9,8,Atticus Finch,Jem Finch,Directed,1,376,Knows
5,206,Scout Finch,Three-Fingered Fred,Directed,1,376,Knows of
5,207,Scout Finch,Stoner's Boy,Directed,1,376,Knows of
9,5,Atticus Finch,Scout Finch,Directed,1,376,Exchange
8,9,Jem Finch,Atticus Finch,Directed,1,376,Knows
5,8,Scout Finch,Jem Finch,Directed,1,376,Knows of
5,9,Scout Finch,Atticus Finch,Directed,1,376,Exchange
