source,target,Character 1,Character 2,type,weight,startPage,category,Narrator
66,98,Rafaela Cortés,Bobby Ngu,Directed,1,4,Knows,[NULL]
149,69,Rodriguez,Gabriel Balboa,Directed,1,4,Knows,[NULL]
149,66,Rodriguez,Rafaela Cortés,Directed,1,4,Knows,[NULL]
66,69,Rafaela Cortés,Gabriel Balboa,Directed,1,4,Exchange,[NULL]
66,145,Rafaela Cortés,Sol,Directed,1,4,Knows,[NULL]
98,66,Bobby Ngu,Rafaela Cortés,Directed,1,4,Knows,[NULL]
66,149,Rafaela Cortés,Rodriguez,Directed,1,4,Knows,[NULL]
145,66,Sol,Rafaela Cortés,Directed,1,4,Knows,[NULL]
69,149,Gabriel Balboa,Rodriguez,Directed,1,4,Knows,[NULL]
69,66,Gabriel Balboa,Rafaela Cortés,Directed,1,4,Exchange,[NULL]
69,98,Gabriel Balboa,Bobby Ngu,Directed,1,4,Knows,[NULL]
98,69,Bobby Ngu,Gabriel Balboa,Directed,1,4,Knows,[NULL]
69,150,Gabriel Balboa,Pancho Villa,Directed,1,5,Knows of,[NULL]
98,66,Bobby Ngu,Rafaela Cortés,Directed,1,5,Knows,[NULL]
66,149,Rafaela Cortés,Rodriguez,Directed,1,5,Knows,[NULL]
149,66,Rodriguez,Rafaela Cortés,Directed,1,5,Knows,[NULL]
69,149,Gabriel Balboa,Rodriguez,Directed,1,5,Knows,[NULL]
69,96,Gabriel Balboa,workers at Gabriel's house,Directed,1,5,Knows,[NULL]
152,69,Gabriel's Grandfather,Gabriel Balboa,Directed,1,5,Knows of,[NULL]
98,69,Bobby Ngu,Gabriel Balboa,Directed,1,5,Knows,[NULL]
149,69,Rodriguez,Gabriel Balboa,Directed,1,5,Knows,[NULL]
152,96,Gabriel's Grandfather,workers at Gabriel's house,Directed,1,5,Knows,[NULL]
66,98,Rafaela Cortés,Bobby Ngu,Directed,1,5,Knows,[NULL]
150,152,Pancho Villa,Gabriel's Grandfather,Directed,1,5,Knows,[NULL]
150,96,Pancho Villa,workers at Gabriel's house,Directed,1,5,Knows of,[NULL]
69,151,Gabriel Balboa,Gabriel's Grandmother,Directed,1,5,Knows of,[NULL]
69,66,Gabriel Balboa,Rafaela Cortés,Directed,1,5,Exchange,[NULL]
69,152,Gabriel Balboa,Gabriel's Grandfather,Directed,1,5,Knows of,[NULL]
66,96,Rafaela Cortés,workers at Gabriel's house,Directed,1,5,Knows,[NULL]
66,69,Rafaela Cortés,Gabriel Balboa,Directed,1,5,Exchange,[NULL]
69,98,Gabriel Balboa,Bobby Ngu,Directed,1,5,Knows,[NULL]
96,69,workers at Gabriel's house,Gabriel Balboa,Directed,1,5,Knows,[NULL]
96,152,workers at Gabriel's house,Gabriel's Grandfather,Directed,1,5,Knows,[NULL]
96,150,workers at Gabriel's house,Pancho Villa,Directed,1,5,Knows of,[NULL]
96,66,workers at Gabriel's house,Rafaela Cortés,Directed,1,5,Knows,[NULL]
152,150,Gabriel's Grandfather,Pancho Villa,Directed,1,5,Knows,[NULL]
150,69,Pancho Villa,Gabriel Balboa,Directed,1,5,Knows of,[NULL]
69,96,Gabriel Balboa,workers at Gabriel's house,Directed,1,6,Knows,[NULL]
69,98,Gabriel Balboa,Bobby Ngu,Directed,1,6,Knows,[NULL]
145,69,Sol,Gabriel Balboa,Directed,1,6,Knows,[NULL]
98,69,Bobby Ngu,Gabriel Balboa,Directed,1,6,Knows,[NULL]
69,66,Gabriel Balboa,Rafaela Cortés,Directed,1,6,Exchange,[NULL]
98,145,Bobby Ngu,Sol,Directed,1,6,Knows,[NULL]
145,98,Sol,Bobby Ngu,Directed,1,6,Knows,[NULL]
152,69,Gabriel's Grandfather,Gabriel Balboa,Directed,1,6,Knows of,[NULL]
152,151,Gabriel's Grandfather,Gabriel's Grandmother,Directed,1,6,Knows,[NULL]
151,152,Gabriel's Grandmother,Gabriel's Grandfather,Directed,1,6,Knows,[NULL]
66,145,Rafaela Cortés,Sol,Directed,1,6,Knows,[NULL]
69,151,Gabriel Balboa,Gabriel's Grandmother,Directed,1,6,Knows of,[NULL]
69,152,Gabriel Balboa,Gabriel's Grandfather,Directed,1,6,Knows of,[NULL]
66,69,Rafaela Cortés,Gabriel Balboa,Directed,1,6,Exchange,[NULL]
96,69,workers at Gabriel's house,Gabriel Balboa,Directed,1,6,Knows,[NULL]
69,145,Gabriel Balboa,Sol,Directed,1,6,Knows,[NULL]
145,66,Sol,Rafaela Cortés,Directed,1,6,Knows,[NULL]
98,69,Bobby Ngu,Gabriel Balboa,Directed,1,7,Knows,[NULL]
145,66,Sol,Rafaela Cortés,Directed,1,7,Knows,[NULL]
143,145,Doña Maria,Sol,Directed,1,7,Exchange,[NULL]
145,69,Sol,Gabriel Balboa,Directed,1,7,Knows,[NULL]
69,98,Gabriel Balboa,Bobby Ngu,Directed,1,7,Knows,[NULL]
69,66,Gabriel Balboa,Rafaela Cortés,Directed,1,7,Exchange,[NULL]
145,143,Sol,Doña Maria,Directed,1,7,Exchange,[NULL]
66,148,Rafaela Cortés,Rafaela's Mother,Directed,1,7,Knows,[NULL]
69,146,Gabriel Balboa,Pepe Cortés,Directed,1,7,Knows of,[NULL]
66,145,Rafaela Cortés,Sol,Directed,1,7,Knows,[NULL]
148,69,Rafaela's Mother,Gabriel Balboa,Directed,1,7,Knows,[NULL]
148,66,Rafaela's Mother,Rafaela Cortés,Directed,1,7,Knows,[NULL]
66,146,Rafaela Cortés,Pepe Cortés,Directed,1,7,Knows,[NULL]
98,143,Bobby Ngu,Doña Maria,Directed,1,7,Knows,[NULL]
69,148,Gabriel Balboa,Rafaela's Mother,Directed,1,7,Knows,[NULL]
66,69,Rafaela Cortés,Gabriel Balboa,Directed,1,7,Exchange,[NULL]
66,143,Rafaela Cortés,Doña Maria,Directed,1,7,Exchange,[NULL]
146,66,Pepe Cortés,Rafaela Cortés,Directed,1,7,Knows,[NULL]
143,98,Doña Maria,Bobby Ngu,Directed,1,7,Knows,[NULL]
69,145,Gabriel Balboa,Sol,Directed,1,7,Knows,[NULL]
143,66,Doña Maria,Rafaela Cortés,Directed,1,7,Exchange,[NULL]
148,66,Rafaela's Mother,Rafaela Cortés,Directed,1,8,Knows,[NULL]
66,154,Rafaela Cortés,Rafaela's Father,Directed,1,8,Knows,[NULL]
66,155,Rafaela Cortés,Rafaela's Great-Great-Grandfather,Directed,1,8,Knows of,[NULL]
143,156,Doña Maria,Lupe,Directed,1,8,Exchange,[NULL]
156,66,Lupe,Rafaela Cortés,Directed,1,8,Knows,[NULL]
143,66,Doña Maria,Rafaela Cortés,Directed,1,8,Exchange,[NULL]
156,143,Lupe,Doña Maria,Directed,1,8,Exchange,[NULL]
145,143,Sol,Doña Maria,Directed,1,8,Knows,[NULL]
143,154,Doña Maria,Rafaela's Father,Directed,1,8,Knows of,[NULL]
143,155,Doña Maria,Rafaela's Great-Great-Grandfather,Directed,1,8,Knows of,[NULL]
143,148,Doña Maria,Rafaela's Mother,Directed,1,8,Knows of,[NULL]
66,145,Rafaela Cortés,Sol,Directed,1,8,Knows,[NULL]
158,143,Hernando (Dona Maria's son),Doña Maria,Directed,1,8,Knows,[NULL]
143,145,Doña Maria,Sol,Directed,1,8,Knows,[NULL]
154,66,Rafaela's Father,Rafaela Cortés,Directed,1,8,Knows,[NULL]
154,148,Rafaela's Father,Rafaela's Mother,Directed,1,8,Knows,[NULL]
98,66,Bobby Ngu,Rafaela Cortés,Directed,1,8,Knows,[NULL]
66,98,Rafaela Cortés,Bobby Ngu,Directed,1,8,Knows,[NULL]
66,148,Rafaela Cortés,Rafaela's Mother,Directed,1,8,Knows,[NULL]
148,154,Rafaela's Mother,Rafaela's Father,Directed,1,8,Knows,[NULL]
143,158,Doña Maria,Hernando (Dona Maria's son),Directed,1,8,Knows,[NULL]
145,66,Sol,Rafaela Cortés,Directed,1,8,Knows,[NULL]
66,158,Rafaela Cortés,Hernando (Dona Maria's son),Directed,1,8,Knows of,[NULL]
98,143,Bobby Ngu,Doña Maria,Directed,1,8,Knows,[NULL]
143,98,Doña Maria,Bobby Ngu,Directed,1,8,Knows,[NULL]
66,143,Rafaela Cortés,Doña Maria,Directed,1,8,Exchange,[NULL]
66,156,Rafaela Cortés,Lupe,Directed,1,8,Knows,[NULL]
66,158,Rafaela Cortés,Hernando (Dona Maria's son),Directed,1,9,Knows of,[NULL]
157,143,Benito,Doña Maria,Directed,1,9,Knows,[NULL]
66,78,Rafaela Cortés,God,Directed,1,9,Knows,[NULL]
66,145,Rafaela Cortés,Sol,Directed,1,9,Knows,[NULL]
143,157,Doña Maria,Benito,Directed,1,9,Knows,[NULL]
78,143,God,Doña Maria,Directed,1,9,Knows,[NULL]
66,204,Rafaela Cortés,Doña Maria's Sister,Directed,1,9,Knows,[NULL]
158,203,Hernando (Dona Maria's son),tourists,Directed,1,9,Knows of,[NULL]
66,203,Rafaela Cortés,tourists,Directed,1,9,Knows of,[NULL]
143,145,Doña Maria,Sol,Directed,1,9,Knows,[NULL]
66,69,Rafaela Cortés,Gabriel Balboa,Directed,1,9,Knows,[NULL]
158,143,Hernando (Dona Maria's son),Doña Maria,Directed,1,9,Knows,[NULL]
78,66,God,Rafaela Cortés,Directed,1,9,Knows,[NULL]
157,66,Benito,Rafaela Cortés,Directed,1,9,Knows of,[NULL]
143,66,Doña Maria,Rafaela Cortés,Directed,1,9,Exchange,[NULL]
156,143,Lupe,Doña Maria,Directed,1,9,Knows,[NULL]
143,158,Doña Maria,Hernando (Dona Maria's son),Directed,1,9,Knows,[NULL]
145,143,Sol,Doña Maria,Directed,1,9,Knows,[NULL]
143,78,Doña Maria,God,Directed,1,9,Knows,[NULL]
66,157,Rafaela Cortés,Benito,Directed,1,9,Knows of,[NULL]
143,69,Doña Maria,Gabriel Balboa,Directed,1,9,Knows,[NULL]
143,204,Doña Maria,Doña Maria's Sister,Directed,1,9,Knows,[NULL]
69,66,Gabriel Balboa,Rafaela Cortés,Directed,1,9,Knows,[NULL]
66,143,Rafaela Cortés,Doña Maria,Directed,1,9,Exchange,[NULL]
143,156,Doña Maria,Lupe,Directed,1,9,Knows,[NULL]
66,156,Rafaela Cortés,Lupe,Directed,1,9,Knows,[NULL]
69,203,Gabriel Balboa,tourists,Directed,1,9,Knows of,[NULL]
69,143,Gabriel Balboa,Doña Maria,Directed,1,9,Knows,[NULL]
204,143,Doña Maria's Sister,Doña Maria,Directed,1,9,Knows,[NULL]
143,203,Doña Maria,tourists,Directed,1,9,Knows of,[NULL]
156,66,Lupe,Rafaela Cortés,Directed,1,9,Knows,[NULL]
145,66,Sol,Rafaela Cortés,Directed,1,9,Knows,[NULL]
204,66,Doña Maria's Sister,Rafaela Cortés,Directed,1,9,Knows,[NULL]
98,66,Bobby Ngu,Rafaela Cortés,Directed,1,10,Knows,[NULL]
66,69,Rafaela Cortés,Gabriel Balboa,Directed,1,10,Exchange,[NULL]
66,145,Rafaela Cortés,Sol,Directed,1,10,Knows,[NULL]
69,66,Gabriel Balboa,Rafaela Cortés,Directed,1,10,Exchange,[NULL]
66,98,Rafaela Cortés,Bobby Ngu,Directed,1,10,Knows,[NULL]
143,145,Doña Maria,Sol,Directed,1,10,Knows,[NULL]
145,143,Sol,Doña Maria,Directed,1,10,Knows,[NULL]
145,66,Sol,Rafaela Cortés,Directed,1,10,Knows,[NULL]
66,224,Rafaela Cortés,The Orange,Directed,1,11,Knows,[NULL]
66,69,Rafaela Cortés,Gabriel Balboa,Directed,1,11,Knows,[NULL]
69,66,Gabriel Balboa,Rafaela Cortés,Directed,1,11,Knows,[NULL]
66,144,Rafaela Cortés,L.C. Tibbets,Directed,1,11,Knows of,[NULL]
69,144,Gabriel Balboa,L.C. Tibbets,Directed,1,11,Knows of,[NULL]
143,66,Doña Maria,Rafaela Cortés,Directed,1,11,Exchange,[NULL]
66,143,Rafaela Cortés,Doña Maria,Directed,1,11,Exchange,[NULL]
145,66,Sol,Rafaela Cortés,Directed,1,12,Knows,[NULL]
69,66,Gabriel Balboa,Rafaela Cortés,Directed,1,12,Knows,[NULL]
66,145,Rafaela Cortés,Sol,Directed,1,12,Knows,[NULL]
66,69,Rafaela Cortés,Gabriel Balboa,Directed,1,12,Knows,[NULL]
66,224,Rafaela Cortés,The Orange,Directed,1,12,Knows,[NULL]
145,66,Sol,Rafaela Cortés,Directed,1,13,Exchange,[NULL]
66,145,Rafaela Cortés,Sol,Directed,1,13,Exchange,[NULL]
69,66,Gabriel Balboa,Rafaela Cortés,Directed,1,13,Knows,[NULL]
66,69,Rafaela Cortés,Gabriel Balboa,Directed,1,13,Knows,[NULL]
66,224,Rafaela Cortés,The Orange,Directed,1,13,Knows,[NULL]
205,98,sanitary workers,Bobby Ngu,Directed,1,14,Knows,[NULL]
159,206,Car Jacker,police,Directed,1,14,Knows,[NULL]
160,98,Bruce Lee,Bobby Ngu,Directed,1,14,Knows of,[NULL]
98,160,Bobby Ngu,Bruce Lee,Directed,1,14,Knows of,[NULL]
145,66,Sol,Rafaela Cortés,Directed,1,14,Exchange,[NULL]
206,98,police,Bobby Ngu,Directed,1,14,Knows,[NULL]
98,206,Bobby Ngu,police,Directed,1,14,Knows,[NULL]
159,205,Car Jacker,sanitary workers,Directed,1,14,Knows,[NULL]
66,145,Rafaela Cortés,Sol,Directed,1,14,Exchange,[NULL]
206,159,police,Car Jacker,Directed,1,14,Knows,[NULL]
159,207,Car Jacker,crowd,Directed,1,14,Knows,[NULL]
98,207,Bobby Ngu,crowd,Directed,1,14,Knows,[NULL]
159,98,Car Jacker,Bobby Ngu,Directed,1,14,Exchange,[NULL]
207,98,crowd,Bobby Ngu,Directed,1,14,Knows,[NULL]
205,159,sanitary workers,Car Jacker,Directed,1,14,Knows,[NULL]
207,159,crowd,Car Jacker,Directed,1,14,Knows,[NULL]
98,205,Bobby Ngu,sanitary workers,Directed,1,14,Knows,[NULL]
98,159,Bobby Ngu,Car Jacker,Directed,1,14,Exchange,[NULL]
163,161,Bobby's Mother,Bobby's Brother,Directed,1,15,Knows,[NULL]
163,162,Bobby's Mother,Bobby's Father,Directed,1,15,Knows,[NULL]
161,98,Bobby's Brother,Bobby Ngu,Directed,1,15,Knows,[NULL]
98,162,Bobby Ngu,Bobby's Father,Directed,1,15,Knows,[NULL]
145,66,Sol,Rafaela Cortés,Directed,1,15,Exchange,[NULL]
166,98,Refugee Camp Guards,Bobby Ngu,Directed,1,15,Knows,[NULL]
165,98,Americans (abstract),Bobby Ngu,Directed,1,15,Knows of,[NULL]
98,163,Bobby Ngu,Bobby's Mother,Directed,1,15,Knows,[NULL]
161,163,Bobby's Brother,Bobby's Mother,Directed,1,15,Knows,[NULL]
161,162,Bobby's Brother,Bobby's Father,Directed,1,15,Knows,[NULL]
161,164,Bobby's Brother,Refugees,Directed,1,15,Knows,[NULL]
98,161,Bobby Ngu,Bobby's Brother,Directed,1,15,Knows,[NULL]
162,98,Bobby's Father,Bobby Ngu,Directed,1,15,Knows,[NULL]
98,166,Bobby Ngu,Refugee Camp Guards,Directed,1,15,Knows,[NULL]
98,164,Bobby Ngu,Refugees,Directed,1,15,Knows,[NULL]
98,165,Bobby Ngu,Americans (abstract),Directed,1,15,Knows of,[NULL]
66,145,Rafaela Cortés,Sol,Directed,1,15,Exchange,[NULL]
162,163,Bobby's Father,Bobby's Mother,Directed,1,15,Knows,[NULL]
166,164,Refugee Camp Guards,Refugees,Directed,1,15,Knows,[NULL]
162,161,Bobby's Father,Bobby's Brother,Directed,1,15,Knows,[NULL]
164,98,Refugees,Bobby Ngu,Directed,1,15,Knows,[NULL]
164,166,Refugees,Refugee Camp Guards,Directed,1,15,Knows,[NULL]
164,161,Refugees,Bobby's Brother,Directed,1,15,Knows,[NULL]
163,98,Bobby's Mother,Bobby Ngu,Directed,1,15,Knows,[NULL]
98,167,Bobby Ngu,Bobby's Sister 1,Directed,1,16,Knows,[NULL]
98,208,Bobby Ngu,Bobby's Sister 2,Directed,1,16,Knows,[NULL]
161,164,Bobby's Brother,Refugees,Directed,1,16,Knows,[NULL]
159,98,Car Jacker,Bobby Ngu,Directed,1,16,Knows,[NULL]
164,166,Refugees,Refugee Camp Guards,Directed,1,16,Knows,[NULL]
162,208,Bobby's Father,Bobby's Sister 2,Directed,1,16,Knows,[NULL]
98,66,Bobby Ngu,Rafaela Cortés,Directed,1,16,Knows,[NULL]
161,167,Bobby's Brother,Bobby's Sister 1,Directed,1,16,Knows,[NULL]
164,98,Refugees,Bobby Ngu,Directed,1,16,Knows,[NULL]
167,98,Bobby's Sister 1,Bobby Ngu,Directed,1,16,Knows,[NULL]
208,162,Bobby's Sister 2,Bobby's Father,Directed,1,16,Knows,[NULL]
164,161,Refugees,Bobby's Brother,Directed,1,16,Knows,[NULL]
167,162,Bobby's Sister 1,Bobby's Father,Directed,1,16,Knows,[NULL]
98,159,Bobby Ngu,Car Jacker,Directed,1,16,Knows,[NULL]
98,209,Bobby Ngu,nighttime guard,Directed,1,16,Exchange,[NULL]
166,164,Refugee Camp Guards,Refugees,Directed,1,16,Knows,[NULL]
161,166,Bobby's Brother,Refugee Camp Guards,Directed,1,16,Exchange,[NULL]
209,98,nighttime guard,Bobby Ngu,Directed,1,16,Exchange,[NULL]
166,98,Refugee Camp Guards,Bobby Ngu,Directed,1,16,Exchange,[NULL]
162,98,Bobby's Father,Bobby Ngu,Directed,1,16,Exchange,[NULL]
208,98,Bobby's Sister 2,Bobby Ngu,Directed,1,16,Knows,[NULL]
98,161,Bobby Ngu,Bobby's Brother,Directed,1,16,Exchange,[NULL]
166,161,Refugee Camp Guards,Bobby's Brother,Directed,1,16,Exchange,[NULL]
66,145,Rafaela Cortés,Sol,Directed,1,16,Exchange,[NULL]
162,167,Bobby's Father,Bobby's Sister 1,Directed,1,16,Knows,[NULL]
98,164,Bobby Ngu,Refugees,Directed,1,16,Knows,[NULL]
98,166,Bobby Ngu,Refugee Camp Guards,Directed,1,16,Exchange,[NULL]
161,208,Bobby's Brother,Bobby's Sister 2,Directed,1,16,Knows,[NULL]
145,66,Sol,Rafaela Cortés,Directed,1,16,Exchange,[NULL]
208,161,Bobby's Sister 2,Bobby's Brother,Directed,1,16,Knows,[NULL]
98,162,Bobby Ngu,Bobby's Father,Directed,1,16,Exchange,[NULL]
161,98,Bobby's Brother,Bobby Ngu,Directed,1,16,Exchange,[NULL]
66,98,Rafaela Cortés,Bobby Ngu,Directed,1,16,Knows,[NULL]
167,161,Bobby's Sister 1,Bobby's Brother,Directed,1,16,Knows,[NULL]
98,208,Bobby Ngu,Bobby's Sister 2,Directed,1,17,Knows,[NULL]
161,163,Bobby's Brother,Bobby's Mother,Directed,1,17,Knows,[NULL]
162,167,Bobby's Father,Bobby's Sister 1,Directed,1,17,Knows,[NULL]
98,163,Bobby Ngu,Bobby's Mother,Directed,1,17,Knows,[NULL]
161,167,Bobby's Brother,Bobby's Sister 1,Directed,1,17,Knows,[NULL]
98,162,Bobby Ngu,Bobby's Father,Directed,1,17,Exchange,[NULL]
161,208,Bobby's Brother,Bobby's Sister 2,Directed,1,17,Knows,[NULL]
163,98,Bobby's Mother,Bobby Ngu,Directed,1,17,Knows,[NULL]
162,98,Bobby's Father,Bobby Ngu,Directed,1,17,Exchange,[NULL]
163,161,Bobby's Mother,Bobby's Brother,Directed,1,17,Knows,[NULL]
98,168,Bobby Ngu,Bicycle Factory Workers,Directed,1,17,Knows of,[NULL]
162,208,Bobby's Father,Bobby's Sister 2,Directed,1,17,Knows,[NULL]
66,98,Rafaela Cortés,Bobby Ngu,Directed,1,17,Exchange,[NULL]
208,162,Bobby's Sister 2,Bobby's Father,Directed,1,17,Knows,[NULL]
98,145,Bobby Ngu,Sol,Directed,1,17,Knows,[NULL]
145,98,Sol,Bobby Ngu,Directed,1,17,Knows,[NULL]
145,66,Sol,Rafaela Cortés,Directed,1,17,Exchange,[NULL]
167,162,Bobby's Sister 1,Bobby's Father,Directed,1,17,Knows,[NULL]
66,145,Rafaela Cortés,Sol,Directed,1,17,Exchange,[NULL]
208,161,Bobby's Sister 2,Bobby's Brother,Directed,1,17,Knows,[NULL]
98,66,Bobby Ngu,Rafaela Cortés,Directed,1,17,Exchange,[NULL]
167,161,Bobby's Sister 1,Bobby's Brother,Directed,1,17,Knows,[NULL]
208,98,Bobby's Sister 2,Bobby Ngu,Directed,1,17,Knows,[NULL]
167,161,Bobby's Sister 1,Bobby's Brother,Directed,1,18,Knows,[NULL]
167,162,Bobby's Sister 1,Bobby's Father,Directed,1,18,Knows,[NULL]
98,162,Bobby Ngu,Bobby's Father,Directed,1,18,Exchange,[NULL]
98,145,Bobby Ngu,Sol,Directed,1,18,Knows,[NULL]
178,72,Diners,Emi,Directed,1,18,Knows of,[NULL]
169,98,Bobby's Nephews and Nieces,Bobby Ngu,Directed,1,18,Knows,[NULL]
161,167,Bobby's Brother,Bobby's Sister 1,Directed,1,18,Knows,[NULL]
66,98,Rafaela Cortés,Bobby Ngu,Directed,1,18,Knows,[NULL]
177,69,Cocktail Hostess,Gabriel Balboa,Directed,1,18,Knows of,[NULL]
177,72,Cocktail Hostess,Emi,Directed,1,18,Knows of,[NULL]
69,171,Gabriel Balboa,Alfred Hitchcock,Directed,1,18,Knows of,[NULL]
208,98,Bobby's Sister 2,Bobby Ngu,Directed,1,18,Knows,[NULL]
98,168,Bobby Ngu,Bicycle Factory Workers,Directed,1,18,Knows of,[NULL]
145,98,Sol,Bobby Ngu,Directed,1,18,Knows,[NULL]
161,208,Bobby's Brother,Bobby's Sister 2,Directed,1,18,Knows,[NULL]
162,208,Bobby's Father,Bobby's Sister 2,Directed,1,18,Knows,[NULL]
72,176,Emi,Waiters,Directed,1,18,Knows of,[NULL]
162,167,Bobby's Father,Bobby's Sister 1,Directed,1,18,Knows,[NULL]
72,178,Emi,Diners,Directed,1,18,Knows of,[NULL]
69,176,Gabriel Balboa,Waiters,Directed,1,18,Knows of,[NULL]
208,161,Bobby's Sister 2,Bobby's Brother,Directed,1,18,Knows,[NULL]
98,66,Bobby Ngu,Rafaela Cortés,Directed,1,18,Knows,[NULL]
72,171,Emi,Alfred Hitchcock,Directed,1,18,Knows of,[NULL]
178,69,Diners,Gabriel Balboa,Directed,1,18,Knows of,[NULL]
72,170,Emi,Raymond Chandler,Directed,1,18,Knows of,[NULL]
72,177,Emi,Cocktail Hostess,Directed,1,18,Knows of,[NULL]
208,162,Bobby's Sister 2,Bobby's Father,Directed,1,18,Knows,[NULL]
69,178,Gabriel Balboa,Diners,Directed,1,18,Knows of,[NULL]
69,177,Gabriel Balboa,Cocktail Hostess,Directed,1,18,Knows of,[NULL]
69,72,Gabriel Balboa,Emi,Directed,1,18,Exchange,[NULL]
98,208,Bobby Ngu,Bobby's Sister 2,Directed,1,18,Knows,[NULL]
69,170,Gabriel Balboa,Raymond Chandler,Directed,1,18,Knows of,[NULL]
72,69,Emi,Gabriel Balboa,Directed,1,18,Exchange,[NULL]
162,98,Bobby's Father,Bobby Ngu,Directed,1,18,Exchange,[NULL]
163,98,Bobby's Mother,Bobby Ngu,Directed,1,18,Knows,[NULL]
98,163,Bobby Ngu,Bobby's Mother,Directed,1,18,Knows,[NULL]
98,169,Bobby Ngu,Bobby's Nephews and Nieces,Directed,1,18,Knows,[NULL]
69,172,Gabriel Balboa,Roman Polanski,Directed,1,19,Knows of,[NULL]
173,72,Robert Altman,Emi,Directed,1,19,Knows of,[NULL]
69,72,Gabriel Balboa,Emi,Directed,1,19,Exchange,[NULL]
69,178,Gabriel Balboa,Diners,Directed,1,19,Knows of,[NULL]
69,173,Gabriel Balboa,Robert Altman,Directed,1,19,Knows of,[NULL]
178,72,Diners,Emi,Directed,1,19,Knows of,[NULL]
72,180,Emi,David Hockney,Directed,1,19,Knows of,[NULL]
72,172,Emi,Roman Polanski,Directed,1,19,Knows of,[NULL]
72,175,Emi,Roger Rabbit,Directed,1,19,Knows of,[NULL]
72,174,Emi,Robert Zemeckis,Directed,1,19,Knows of,[NULL]
72,178,Emi,Diners,Directed,1,19,Knows of,[NULL]
72,173,Emi,Robert Altman,Directed,1,19,Knows of,[NULL]
72,69,Emi,Gabriel Balboa,Directed,1,19,Exchange,[NULL]
178,69,Diners,Gabriel Balboa,Directed,1,19,Knows of,[NULL]
69,174,Gabriel Balboa,Robert Zemeckis,Directed,1,19,Knows of,[NULL]
69,175,Gabriel Balboa,Roger Rabbit,Directed,1,19,Knows of,[NULL]
69,178,Gabriel Balboa,Diners,Directed,1,20,Knows of,[NULL]
69,210,Gabriel Balboa,Emi's technicians,Directed,1,20,Knows of,[NULL]
72,211,Emi,Bogie,Directed,1,20,Knows of,[NULL]
69,212,Gabriel Balboa,Sponsor,Directed,1,20,Knows of,[NULL]
72,210,Emi,Emi's technicians,Directed,1,20,Knows,[NULL]
69,72,Gabriel Balboa,Emi,Directed,1,20,Exchange,[NULL]
72,212,Emi,Sponsor,Directed,1,20,Knows of,[NULL]
69,211,Gabriel Balboa,Bogie,Directed,1,20,Knows of,[NULL]
72,69,Emi,Gabriel Balboa,Directed,1,20,Exchange,[NULL]
210,72,Emi's technicians,Emi,Directed,1,20,Knows,[NULL]
72,178,Emi,Diners,Directed,1,20,Knows of,[NULL]
178,69,Diners,Gabriel Balboa,Directed,1,20,Knows of,[NULL]
178,72,Diners,Emi,Directed,1,20,Knows of,[NULL]
69,184,Gabriel Balboa,Emi's Mother,Directed,1,21,Knows,[NULL]
69,185,Gabriel Balboa,Emi's Father,Directed,1,21,Knows,[NULL]
178,69,Diners,Gabriel Balboa,Directed,1,21,Knows of,[NULL]
72,181,Emi,Montel Williams,Directed,1,21,Knows of,[NULL]
178,72,Diners,Emi,Directed,1,21,Knows of,[NULL]
69,186,Gabriel Balboa,Emi's Siblings,Directed,1,21,Knows,[NULL]
72,182,Emi,Rikki Lake,Directed,1,21,Knows of,[NULL]
72,183,Emi,Sally Jesse Raphael,Directed,1,21,Knows of,[NULL]
185,72,Emi's Father,Emi,Directed,1,21,Knows,[NULL]
185,184,Emi's Father,Emi's Mother,Directed,1,21,Knows,[NULL]
69,178,Gabriel Balboa,Diners,Directed,1,21,Knows of,[NULL]
185,186,Emi's Father,Emi's Siblings,Directed,1,21,Knows,[NULL]
184,72,Emi's Mother,Emi,Directed,1,21,Exchange,[NULL]
184,185,Emi's Mother,Emi's Father,Directed,1,21,Knows,[NULL]
184,186,Emi's Mother,Emi's Siblings,Directed,1,21,Knows,[NULL]
184,69,Emi's Mother,Gabriel Balboa,Directed,1,21,Knows,[NULL]
184,181,Emi's Mother,Montel Williams,Directed,1,21,Knows of,[NULL]
184,182,Emi's Mother,Rikki Lake,Directed,1,21,Knows of,[NULL]
184,183,Emi's Mother,Sally Jesse Raphael,Directed,1,21,Knows of,[NULL]
186,72,Emi's Siblings,Emi,Directed,1,21,Knows,[NULL]
186,185,Emi's Siblings,Emi's Father,Directed,1,21,Knows,[NULL]
318,72,Emi's sister,Emi,Directed,1,21,Knows,[NULL]
186,69,Emi's Siblings,Gabriel Balboa,Directed,1,21,Knows,[NULL]
185,69,Emi's Father,Gabriel Balboa,Directed,1,21,Knows,[NULL]
72,69,Emi,Gabriel Balboa,Directed,1,21,Exchange,[NULL]
186,184,Emi's Siblings,Emi's Mother,Directed,1,21,Knows,[NULL]
72,178,Emi,Diners,Directed,1,21,Knows of,[NULL]
69,72,Gabriel Balboa,Emi,Directed,1,21,Exchange,[NULL]
72,318,Emi,Emi's sister,Directed,1,21,Knows,[NULL]
72,186,Emi,Emi's Siblings,Directed,1,21,Knows,[NULL]
72,184,Emi,Emi's Mother,Directed,1,21,Exchange,[NULL]
72,185,Emi,Emi's Father,Directed,1,21,Knows,[NULL]
69,72,Gabriel Balboa,Emi,Directed,1,22,Exchange,[NULL]
184,72,Emi's Mother,Emi,Directed,1,22,Exchange,[NULL]
72,69,Emi,Gabriel Balboa,Directed,1,22,Exchange,[NULL]
72,187,Emi,Philip Marlowe,Directed,1,22,Knows of,[NULL]
214,72,Chef,Emi,Directed,1,22,Knows,[NULL]
184,69,Emi's Mother,Gabriel Balboa,Directed,1,22,Knows,[NULL]
69,184,Gabriel Balboa,Emi's Mother,Directed,1,22,Knows,[NULL]
72,184,Emi,Emi's Mother,Directed,1,22,Exchange,[NULL]
69,187,Gabriel Balboa,Philip Marlowe,Directed,1,22,Knows of,[NULL]
72,214,Emi,Chef,Directed,1,22,Knows,[NULL]
69,214,Gabriel Balboa,Chef,Directed,1,22,Knows of,[NULL]
66,69,Rafaela Cortés,Gabriel Balboa,Directed,1,23,Exchange,[NULL]
72,187,Emi,Philip Marlowe,Directed,1,23,Knows of,[NULL]
66,72,Rafaela Cortés,Emi,Directed,1,23,Knows of,[NULL]
72,66,Emi,Rafaela Cortés,Directed,1,23,Knows of,[NULL]
69,66,Gabriel Balboa,Rafaela Cortés,Directed,1,23,Exchange,[NULL]
69,187,Gabriel Balboa,Philip Marlowe,Directed,1,23,Knows of,[NULL]
69,72,Gabriel Balboa,Emi,Directed,1,23,Exchange,[NULL]
72,69,Emi,Gabriel Balboa,Directed,1,23,Exchange,[NULL]
215,72,person on the phone,Emi,Directed,1,24,Exchange,[NULL]
72,215,Emi,person on the phone,Directed,1,24,Exchange,[NULL]
69,188,Gabriel Balboa,Nicholas Meyer,Directed,1,24,Knows of,[NULL]
69,215,Gabriel Balboa,person on the phone,Directed,1,24,Knows of,[NULL]
69,176,Gabriel Balboa,Waiters,Directed,1,24,Knows of,[NULL]
176,69,Waiters,Gabriel Balboa,Directed,1,24,Knows of,[NULL]
176,72,Waiters,Emi,Directed,1,24,Knows of,[NULL]
72,188,Emi,Nicholas Meyer,Directed,1,24,Knows of,[NULL]
72,176,Emi,Waiters,Directed,1,24,Knows of,[NULL]
72,69,Emi,Gabriel Balboa,Directed,1,24,Exchange,[NULL]
69,72,Gabriel Balboa,Emi,Directed,1,24,Exchange,[NULL]
87,824,Buzzworm,l'il punk,Directed,1,25,Exchange,[NULL]
72,69,Emi,Gabriel Balboa,Directed,1,25,Exchange,[NULL]
824,87,l'il punk,Buzzworm,Directed,1,25,Exchange,[NULL]
69,72,Gabriel Balboa,Emi,Directed,1,25,Exchange,[NULL]
87,824,Buzzworm,l'il punk,Directed,1,26,Exchange,[NULL]
824,87,l'il punk,Buzzworm,Directed,1,26,Exchange,[NULL]
87,192,Buzzworm,LAPD,Directed,1,27,Knows of,[NULL]
189,87,Unnamed members of L.A. Underclass,Buzzworm,Directed,1,27,Exchange,[NULL]
192,87,LAPD,Buzzworm,Directed,1,27,Knows of,[NULL]
87,189,Buzzworm,Unnamed members of L.A. Underclass,Directed,1,27,Exchange,[NULL]
197,190,Cisco's Old man,Cisco,Directed,1,28,Knows,[NULL]
191,190,Cisco's dealer,Cisco,Directed,1,28,Exchange,[NULL]
191,197,Cisco's dealer,Cisco's Old man,Directed,1,28,Knows,[NULL]
197,191,Cisco's Old man,Cisco's dealer,Directed,1,28,Knows,[NULL]
87,190,Buzzworm,Cisco,Directed,1,28,Knows,[NULL]
190,87,Cisco,Buzzworm,Directed,1,28,Knows,[NULL]
87,197,Buzzworm,Cisco's Old man,Directed,1,28,Knows of,[NULL]
87,189,Buzzworm,Unnamed members of L.A. Underclass,Directed,1,28,Exchange,[NULL]
190,191,Cisco,Cisco's dealer,Directed,1,28,Exchange,[NULL]
87,191,Buzzworm,Cisco's dealer,Directed,1,28,Knows of,[NULL]
189,87,Unnamed members of L.A. Underclass,Buzzworm,Directed,1,28,Exchange,[NULL]
190,197,Cisco,Cisco's Old man,Directed,1,28,Knows,[NULL]
194,87,Buzzworm's friend Kwon,Buzzworm,Directed,1,29,Exchange,[NULL]
87,194,Buzzworm,Buzzworm's friend Kwon,Directed,1,29,Exchange,[NULL]
87,189,Buzzworm,Unnamed members of L.A. Underclass,Directed,1,29,Exchange,[NULL]
87,193,Buzzworm,Papa John Creach,Directed,1,29,Knows of,[NULL]
189,87,Unnamed members of L.A. Underclass,Buzzworm,Directed,1,29,Exchange,[NULL]
196,87,L.A. Suburbanites,Buzzworm,Directed,1,30,Exchange,[NULL]
87,196,Buzzworm,L.A. Suburbanites,Directed,1,30,Exchange,[NULL]
87,195,Buzzworm,U.S. Surgeon General,Directed,1,30,Knows of,[NULL]
196,87,L.A. Suburbanites,Buzzworm,Directed,1,31,Exchange,[NULL]
87,196,Buzzworm,L.A. Suburbanites,Directed,1,31,Exchange,[NULL]
87,198,Buzzworm,L.A. City Crew,Directed,1,32,Knows of,[NULL]
825,87,other kids,Buzzworm,Directed,1,32,Exchange,[NULL]
87,825,Buzzworm,other kids,Directed,1,32,Exchange,[NULL]
87,825,Buzzworm,other kids,Directed,1,33,Exchange,[NULL]
825,87,other kids,Buzzworm,Directed,1,33,Exchange,[NULL]
68,71,Manzanar Murakami,People in Traffic,Directed,1,34,Knows of,[NULL]
68,816,Manzanar Murakami,Walt Disney,Directed,1,35,Knows,[NULL]
68,71,Manzanar Murakami,People in Traffic,Directed,1,35,Knows of,[NULL]
68,356,Manzanar Murakami,Japanese Americans (Abstract),Directed,1,36,Knows,[NULL]
68,817,Manzanar Murakami,Warner Brothers,Directed,1,36,Knows,[NULL]
68,818,Manzanar Murakami,Hanna-Barbera,Directed,1,36,Knows,[NULL]
68,816,Manzanar Murakami,Walt Disney,Directed,1,36,Knows,[NULL]
356,68,Japanese Americans (Abstract),Manzanar Murakami,Directed,1,36,Knows,[NULL]
68,356,Manzanar Murakami,Japanese Americans (Abstract),Directed,1,37,Knows,[NULL]
356,68,Japanese Americans (Abstract),Manzanar Murakami,Directed,1,37,Knows,[NULL]
69,72,Gabriel Balboa,Emi,Directed,1,38,Exchange,Gabriel Balboa
69,77,Gabriel Balboa,Editor Four,Directed,1,38,Exchange,Gabriel Balboa
69,74,Gabriel Balboa,Editor One,Directed,1,38,Knows,Gabriel Balboa
69,76,Gabriel Balboa,Editor Three,Directed,1,38,Knows,Gabriel Balboa
69,75,Gabriel Balboa,Editor Two,Directed,1,38,Knows,Gabriel Balboa
74,69,Editor One,Gabriel Balboa,Directed,1,38,Knows,Gabriel Balboa
72,69,Emi,Gabriel Balboa,Directed,1,38,Exchange,Gabriel Balboa
79,69,mothers of gang-bangers,Gabriel Balboa,Directed,1,38,Knows,Gabriel Balboa
77,69,Editor Four,Gabriel Balboa,Directed,1,38,Exchange,Gabriel Balboa
73,69,Terry,Gabriel Balboa,Directed,1,38,Exchange,Gabriel Balboa
69,73,Gabriel Balboa,Terry,Directed,1,38,Exchange,Gabriel Balboa
76,69,Editor Three,Gabriel Balboa,Directed,1,38,Knows,Gabriel Balboa
69,78,Gabriel Balboa,God,Directed,1,38,Knows,Gabriel Balboa
69,79,Gabriel Balboa,mothers of gang-bangers,Directed,1,38,Knows,Gabriel Balboa
75,69,Editor Two,Gabriel Balboa,Directed,1,38,Knows,Gabriel Balboa
69,81,Gabriel Balboa,Bob the Weatherman,Directed,1,39,Knows,Gabriel Balboa
69,72,Gabriel Balboa,Emi,Directed,1,39,Exchange,Gabriel Balboa
81,72,Bob the Weatherman,Emi,Directed,1,39,Knows,Gabriel Balboa
69,80,Gabriel Balboa,Rubén Salazar,Directed,1,39,Knows of,Gabriel Balboa
72,81,Emi,Bob the Weatherman,Directed,1,39,Knows,Gabriel Balboa
72,69,Emi,Gabriel Balboa,Directed,1,39,Exchange,Gabriel Balboa
152,69,Gabriel's Grandfather,Gabriel Balboa,Directed,1,40,Knows,Gabriel Balboa
151,69,Gabriel's Grandmother,Gabriel Balboa,Directed,1,40,Knows,Gabriel Balboa
83,84,Gabriel Balboa's mother,Gabriel Balboa's mother's priest,Directed,1,40,Knows,Gabriel Balboa
83,69,Gabriel Balboa's mother,Gabriel Balboa,Directed,1,40,Knows,Gabriel Balboa
85,69,Gabriel Balboa's family,Gabriel Balboa,Directed,1,40,Knows,Gabriel Balboa
69,72,Gabriel Balboa,Emi,Directed,1,40,Exchange,Gabriel Balboa
84,83,Gabriel Balboa's mother's priest,Gabriel Balboa's mother,Directed,1,40,Knows,Gabriel Balboa
69,151,Gabriel Balboa,Gabriel's Grandmother,Directed,1,40,Knows,Gabriel Balboa
69,82,Gabriel Balboa,Surfers,Directed,1,40,Knows of,Gabriel Balboa
69,152,Gabriel Balboa,Gabriel's Grandfather,Directed,1,40,Knows,Gabriel Balboa
72,69,Emi,Gabriel Balboa,Directed,1,40,Exchange,Gabriel Balboa
69,85,Gabriel Balboa,Gabriel Balboa's family,Directed,1,40,Knows,Gabriel Balboa
69,83,Gabriel Balboa,Gabriel Balboa's mother,Directed,1,40,Knows,Gabriel Balboa
69,84,Gabriel Balboa,Gabriel Balboa's mother's priest,Directed,1,40,Knows of,Gabriel Balboa
72,82,Emi,Surfers,Directed,1,40,Knows of,Gabriel Balboa
69,89,Gabriel Balboa,Cross-dresser,Directed,1,41,Knows of,Gabriel Balboa
72,69,Emi,Gabriel Balboa,Directed,1,41,Exchange,Gabriel Balboa
69,87,Gabriel Balboa,Buzzworm,Directed,1,41,Exchange,Gabriel Balboa
87,69,Buzzworm,Gabriel Balboa,Directed,1,41,Exchange,Gabriel Balboa
69,86,Gabriel Balboa,Beth,Directed,1,41,Knows,Gabriel Balboa
87,88,Buzzworm,Folks in the bridge rafters,Directed,1,41,Knows,Gabriel Balboa
87,89,Buzzworm,Cross-dresser,Directed,1,41,Knows,Gabriel Balboa
86,69,Beth,Gabriel Balboa,Directed,1,41,Knows,Gabriel Balboa
69,88,Gabriel Balboa,Folks in the bridge rafters,Directed,1,41,Knows of,Gabriel Balboa
69,72,Gabriel Balboa,Emi,Directed,1,41,Exchange,Gabriel Balboa
89,87,Cross-dresser,Buzzworm,Directed,1,41,Knows,Gabriel Balboa
87,78,Buzzworm,God,Directed,1,42,Knows,Gabriel Balboa
87,89,Buzzworm,Cross-dresser,Directed,1,42,Knows,Gabriel Balboa
69,91,Gabriel Balboa,Esa-Pekka Solanen,Directed,1,42,Knows of,Gabriel Balboa
69,87,Gabriel Balboa,Buzzworm,Directed,1,42,Exchange,Gabriel Balboa
87,68,Buzzworm,Manzanar Murakami,Directed,1,42,Knows,Gabriel Balboa
69,78,Gabriel Balboa,God,Directed,1,42,Knows of,Gabriel Balboa
69,92,Gabriel Balboa,Seji Ozawa,Directed,1,42,Knows of,Gabriel Balboa
69,90,Gabriel Balboa,Leonard Bernstein,Directed,1,42,Knows of,Gabriel Balboa
69,68,Gabriel Balboa,Manzanar Murakami,Directed,1,42,Knows of,Gabriel Balboa
69,89,Gabriel Balboa,Cross-dresser,Directed,1,42,Knows of,Gabriel Balboa
87,90,Buzzworm,Leonard Bernstein,Directed,1,42,Knows of,Gabriel Balboa
87,69,Buzzworm,Gabriel Balboa,Directed,1,42,Exchange,Gabriel Balboa
78,89,God,Cross-dresser,Directed,1,42,Knows,Gabriel Balboa
87,91,Buzzworm,Esa-Pekka Solanen,Directed,1,42,Knows of,Gabriel Balboa
68,87,Manzanar Murakami,Buzzworm,Directed,1,42,Knows,Gabriel Balboa
87,92,Buzzworm,Seji Ozawa,Directed,1,42,Knows of,Gabriel Balboa
89,87,Cross-dresser,Buzzworm,Directed,1,42,Knows,Gabriel Balboa
89,78,Cross-dresser,God,Directed,1,42,Knows,Gabriel Balboa
87,275,Buzzworm,The homeless (abstract),Directed,1,43,Knows,Gabriel Balboa
275,87,The homeless (abstract),Buzzworm,Directed,1,43,Knows,Gabriel Balboa
69,68,Gabriel Balboa,Manzanar Murakami,Directed,1,43,Knows of,Gabriel Balboa
69,87,Gabriel Balboa,Buzzworm,Directed,1,43,Exchange,Gabriel Balboa
68,87,Manzanar Murakami,Buzzworm,Directed,1,43,Exchange,Gabriel Balboa
87,68,Buzzworm,Manzanar Murakami,Directed,1,43,Exchange,Gabriel Balboa
69,275,Gabriel Balboa,The homeless (abstract),Directed,1,43,Knows,Gabriel Balboa
87,69,Buzzworm,Gabriel Balboa,Directed,1,43,Exchange,Gabriel Balboa
69,66,Gabriel Balboa,Rafaela Cortés,Directed,1,44,Knows,Gabriel Balboa
87,94,Buzzworm,Webb reporter in San Jose,Directed,1,44,Knows,Gabriel Balboa
69,68,Gabriel Balboa,Manzanar Murakami,Directed,1,44,Knows of,Gabriel Balboa
66,69,Rafaela Cortés,Gabriel Balboa,Directed,1,44,Knows,Gabriel Balboa
87,95,Buzzworm,Corazon Juarez,Directed,1,44,Knows of,Gabriel Balboa
87,93,Buzzworm,East L.A. boy,Directed,1,44,Knows,Gabriel Balboa
69,94,Gabriel Balboa,Webb reporter in San Jose,Directed,1,44,Knows of,Gabriel Balboa
69,93,Gabriel Balboa,East L.A. boy,Directed,1,44,Knows of,Gabriel Balboa
68,87,Manzanar Murakami,Buzzworm,Directed,1,44,Knows,Gabriel Balboa
69,95,Gabriel Balboa,Corazon Juarez,Directed,1,44,Knows of,Gabriel Balboa
93,87,East L.A. boy,Buzzworm,Directed,1,44,Knows,Gabriel Balboa
87,69,Buzzworm,Gabriel Balboa,Directed,1,44,Exchange,Gabriel Balboa
69,87,Gabriel Balboa,Buzzworm,Directed,1,44,Exchange,Gabriel Balboa
87,68,Buzzworm,Manzanar Murakami,Directed,1,44,Knows,Gabriel Balboa
69,98,Gabriel Balboa,Bobby Ngu,Directed,1,45,Knows of,Gabriel Balboa
98,66,Bobby Ngu,Rafaela Cortés,Directed,1,45,Knows,Gabriel Balboa
69,66,Gabriel Balboa,Rafaela Cortés,Directed,1,45,Exchange,Gabriel Balboa
69,72,Gabriel Balboa,Emi,Directed,1,45,Exchange,Gabriel Balboa
66,69,Rafaela Cortés,Gabriel Balboa,Directed,1,45,Exchange,Gabriel Balboa
72,69,Emi,Gabriel Balboa,Directed,1,45,Exchange,Gabriel Balboa
96,66,workers at Gabriel's house,Rafaela Cortés,Directed,1,45,Knows,Gabriel Balboa
66,98,Rafaela Cortés,Bobby Ngu,Directed,1,45,Knows,Gabriel Balboa
69,97,Gabriel Balboa,Gabriel Balboa's friends,Directed,1,45,Knows,Gabriel Balboa
69,96,Gabriel Balboa,workers at Gabriel's house,Directed,1,45,Knows of,Gabriel Balboa
66,96,Rafaela Cortés,workers at Gabriel's house,Directed,1,45,Knows,Gabriel Balboa
97,69,Gabriel Balboa's friends,Gabriel Balboa,Directed,1,45,Knows,Gabriel Balboa
87,69,Buzzworm,Gabriel Balboa,Directed,1,46,Knows,Gabriel Balboa
69,68,Gabriel Balboa,Manzanar Murakami,Directed,1,46,Knows of,Gabriel Balboa
69,87,Gabriel Balboa,Buzzworm,Directed,1,46,Knows,Gabriel Balboa
70,100,Arcangel/El Gran Mojado,Cantiflas,Directed,1,47,Knows,[NULL]
70,99,Arcangel/El Gran Mojado,Carmen Miranda,Directed,1,47,Knows,[NULL]
99,70,Carmen Miranda,Arcangel/El Gran Mojado,Directed,1,47,Knows,[NULL]
100,70,Cantiflas,Arcangel/El Gran Mojado,Directed,1,47,Knows,[NULL]
119,70,Porfirio Díaz,Arcangel/El Gran Mojado,Directed,1,48,Exchange,[NULL]
70,107,Arcangel/El Gran Mojado,Allende,Directed,1,48,Exchange,[NULL]
70,124,Arcangel/El Gran Mojado,performance goer,Directed,1,48,Knows of,[NULL]
109,70,Pablo Escobar,Arcangel/El Gran Mojado,Directed,1,48,Exchange,[NULL]
121,70,Arcangel's torturers,Arcangel/El Gran Mojado,Directed,1,48,Exchange,[NULL]
122,70,Arcangel's inmates,Arcangel/El Gran Mojado,Directed,1,48,Exchange,[NULL]
106,70,Pinochet,Arcangel/El Gran Mojado,Directed,1,48,Exchange,[NULL]
105,70,Pelé,Arcangel/El Gran Mojado,Directed,1,48,Exchange,[NULL]
112,70,Vargas Llosa,Arcangel/El Gran Mojado,Directed,1,48,Exchange,[NULL]
118,70,Archbishop Romero,Arcangel/El Gran Mojado,Directed,1,48,Exchange,[NULL]
111,70,Noriega,Arcangel/El Gran Mojado,Directed,1,48,Exchange,[NULL]
117,70,Neruda,Arcangel/El Gran Mojado,Directed,1,48,Exchange,[NULL]
107,70,Allende,Arcangel/El Gran Mojado,Directed,1,48,Exchange,[NULL]
102,70,"""the masses""",Arcangel/El Gran Mojado,Directed,1,48,Exchange,[NULL]
123,70,Gabriel Garcia Márquez,Arcangel/El Gran Mojado,Directed,1,48,Exchange,[NULL]
124,70,performance goer,Arcangel/El Gran Mojado,Directed,1,48,Knows of,[NULL]
124,123,performance goer,Gabriel Garcia Márquez,Directed,1,48,Exchange,[NULL]
70,102,Arcangel/El Gran Mojado,"""the masses""",Directed,1,48,Exchange,[NULL]
70,122,Arcangel/El Gran Mojado,Arcangel's inmates,Directed,1,48,Exchange,[NULL]
70,123,Arcangel/El Gran Mojado,Gabriel Garcia Márquez,Directed,1,48,Exchange,[NULL]
70,118,Arcangel/El Gran Mojado,Archbishop Romero,Directed,1,48,Exchange,[NULL]
70,113,Arcangel/El Gran Mojado,Fujimori,Directed,1,48,Exchange,[NULL]
70,120,Arcangel/El Gran Mojado,Fidel Castro,Directed,1,48,Exchange,[NULL]
70,104,Arcangel/El Gran Mojado,Eva Péron,Directed,1,48,Exchange,[NULL]
70,117,Arcangel/El Gran Mojado,Neruda,Directed,1,48,Exchange,[NULL]
70,111,Arcangel/El Gran Mojado,Noriega,Directed,1,48,Exchange,[NULL]
115,70,Sandino,Arcangel/El Gran Mojado,Directed,1,48,Exchange,[NULL]
70,108,Arcangel/El Gran Mojado,El General Stroessner,Directed,1,48,Exchange,[NULL]
70,109,Arcangel/El Gran Mojado,Pablo Escobar,Directed,1,48,Exchange,[NULL]
70,121,Arcangel/El Gran Mojado,Arcangel's torturers,Directed,1,48,Exchange,[NULL]
108,70,El General Stroessner,Arcangel/El Gran Mojado,Directed,1,48,Exchange,[NULL]
113,70,Fujimori,Arcangel/El Gran Mojado,Directed,1,48,Exchange,[NULL]
120,70,Fidel Castro,Arcangel/El Gran Mojado,Directed,1,48,Exchange,[NULL]
104,70,Eva Péron,Arcangel/El Gran Mojado,Directed,1,48,Exchange,[NULL]
70,105,Arcangel/El Gran Mojado,Pelé,Directed,1,48,Exchange,[NULL]
70,106,Arcangel/El Gran Mojado,Pinochet,Directed,1,48,Exchange,[NULL]
70,103,Arcangel/El Gran Mojado,Che Guevara,Directed,1,48,Exchange,[NULL]
110,70,The DEA,Arcangel/El Gran Mojado,Directed,1,48,Exchange,[NULL]
114,70,Tachito Somoza,Arcangel/El Gran Mojado,Directed,1,48,Exchange,[NULL]
116,70,Borges,Arcangel/El Gran Mojado,Directed,1,48,Exchange,[NULL]
70,116,Arcangel/El Gran Mojado,Borges,Directed,1,48,Exchange,[NULL]
70,112,Arcangel/El Gran Mojado,Vargas Llosa,Directed,1,48,Exchange,[NULL]
70,115,Arcangel/El Gran Mojado,Sandino,Directed,1,48,Exchange,[NULL]
70,114,Arcangel/El Gran Mojado,Tachito Somoza,Directed,1,48,Exchange,[NULL]
70,101,Arcangel/El Gran Mojado,Ronald Reagan,Directed,1,48,Knows,[NULL]
70,119,Arcangel/El Gran Mojado,Porfirio Díaz,Directed,1,48,Exchange,[NULL]
103,70,Che Guevara,Arcangel/El Gran Mojado,Directed,1,48,Exchange,[NULL]
70,110,Arcangel/El Gran Mojado,The DEA,Directed,1,48,Exchange,[NULL]
70,125,Arcangel/El Gran Mojado,Christopher Columbus,Directed,1,49,Knows of,[NULL]
70,126,Arcangel/El Gran Mojado,John Cabot,Directed,1,49,Knows of,[NULL]
70,131,Arcangel/El Gran Mojado,Giovanni da Verazano,Directed,1,50,Knows of,[NULL]
70,127,Arcangel/El Gran Mojado,Pedro Alvares Cabral,Directed,1,50,Knows of,[NULL]
70,132,Arcangel/El Gran Mojado,Jacques Cartier,Directed,1,50,Knows of,[NULL]
70,134,Arcangel/El Gran Mojado,Juan Rodriguez Cabrillo,Directed,1,50,Knows of,[NULL]
70,128,Arcangel/El Gran Mojado,Ferdinand Magellan,Directed,1,50,Knows of,[NULL]
70,130,Arcangel/El Gran Mojado,"""young man""",Directed,1,50,Exchange,[NULL]
70,133,Arcangel/El Gran Mojado,Vasco Núñez de Balboa,Directed,1,50,Knows of,[NULL]
70,135,Arcangel/El Gran Mojado,Sebastian Viscaíno,Directed,1,50,Knows of,[NULL]
130,70,"""young man""",Arcangel/El Gran Mojado,Directed,1,50,Exchange,[NULL]
70,129,Arcangel/El Gran Mojado,Hernán Cortés,Directed,1,50,Knows of,[NULL]
139,70,"""children and passerby""",Arcangel/El Gran Mojado,Directed,1,51,Exchange,[NULL]
70,139,Arcangel/El Gran Mojado,"""children and passerby""",Directed,1,51,Exchange,[NULL]
70,129,Arcangel/El Gran Mojado,Hernán Cortés,Directed,1,51,Knows,[NULL]
68,136,Manzanar Murakami,Henry Hudson,Directed,1,51,Knows of,[NULL]
70,137,Arcangel/El Gran Mojado,the Pilgrims,Directed,1,51,Knows of,[NULL]
272,271,people in car jam,semi truck driver,Directed,1,55,Knows of,[NULL]
68,269,Manzanar Murakami,Driver of red Porsche,Directed,1,55,Knows of,[NULL]
68,270,Manzanar Murakami,Passenger in red Porsche,Directed,1,55,Knows of,[NULL]
68,272,Manzanar Murakami,people in car jam,Directed,1,55,Knows of,[NULL]
68,271,Manzanar Murakami,semi truck driver,Directed,1,55,Knows of,[NULL]
269,270,Driver of red Porsche,Passenger in red Porsche,Directed,1,55,Exchange,[NULL]
270,269,Passenger in red Porsche,Driver of red Porsche,Directed,1,55,Exchange,[NULL]
271,272,semi truck driver,people in car jam,Directed,1,55,Knows of,[NULL]
274,273,surgery patient,surgical resident,Directed,1,56,Knows,[NULL]
273,68,surgical resident,Manzanar Murakami,Directed,1,56,Knows,[NULL]
273,274,surgical resident,surgery patient,Directed,1,56,Knows,[NULL]
274,68,surgery patient,Manzanar Murakami,Directed,1,56,Knows,[NULL]
189,68,Unnamed members of L.A. Underclass,Manzanar Murakami,Directed,1,56,Knows,[NULL]
68,275,Manzanar Murakami,The homeless (abstract),Directed,1,56,Knows,[NULL]
68,189,Manzanar Murakami,Unnamed members of L.A. Underclass,Directed,1,56,Knows,[NULL]
68,274,Manzanar Murakami,surgery patient,Directed,1,56,Knows,[NULL]
68,273,Manzanar Murakami,surgical resident,Directed,1,56,Knows,[NULL]
275,68,The homeless (abstract),Manzanar Murakami,Directed,1,56,Knows,[NULL]
68,819,Manzanar Murakami,Los Angeles Department of Water and Power,Directed,1,57,Knows,[NULL]
69,72,Gabriel Balboa,Emi,Directed,1,58,Exchange,[NULL]
72,69,Emi,Gabriel Balboa,Directed,1,58,Exchange,[NULL]
72,199,Emi,Joan Didion,Directed,1,58,Knows of,[NULL]
69,199,Gabriel Balboa,Joan Didion,Directed,1,58,Knows of,[NULL]
72,69,Emi,Gabriel Balboa,Directed,1,59,Exchange,[NULL]
464,72,Luey the Cameraman,Emi,Directed,1,59,Exchange,[NULL]
466,72,Kerry the Technician,Emi,Directed,1,59,Exchange,[NULL]
72,466,Emi,Kerry the Technician,Directed,1,59,Exchange,[NULL]
69,72,Gabriel Balboa,Emi,Directed,1,59,Exchange,[NULL]
72,464,Emi,Luey the Cameraman,Directed,1,59,Exchange,[NULL]
72,213,Emi,Emi's Cousin,Directed,1,60,Knows,[NULL]
69,213,Gabriel Balboa,Emi's Cousin,Directed,1,60,Knows of,[NULL]
69,385,Gabriel Balboa,Eugene M. Bradley,Directed,1,60,Knows of,[NULL]
69,201,Gabriel Balboa,Astor Piazzolla,Directed,1,60,Knows of,[NULL]
72,201,Emi,Astor Piazzolla,Directed,1,60,Knows of,[NULL]
213,72,Emi's Cousin,Emi,Directed,1,60,Knows,[NULL]
72,386,Emi,The Aztecs,Directed,1,60,Knows of,[NULL]
69,386,Gabriel Balboa,The Aztecs,Directed,1,60,Knows of,[NULL]
72,466,Emi,Kerry the Technician,Directed,1,60,Exchange,[NULL]
466,72,Kerry the Technician,Emi,Directed,1,60,Exchange,[NULL]
464,72,Luey the Cameraman,Emi,Directed,1,60,Exchange,[NULL]
72,69,Emi,Gabriel Balboa,Directed,1,60,Exchange,[NULL]
72,385,Emi,Eugene M. Bradley,Directed,1,60,Knows of,[NULL]
72,464,Emi,Luey the Cameraman,Directed,1,60,Exchange,[NULL]
69,72,Gabriel Balboa,Emi,Directed,1,60,Exchange,[NULL]
69,202,Gabriel Balboa,Gabriel's Cousin Joe,Directed,1,61,Knows,[NULL]
83,72,Gabriel Balboa's mother,Emi,Directed,1,61,Exchange,[NULL]
202,69,Gabriel's Cousin Joe,Gabriel Balboa,Directed,1,61,Knows,[NULL]
72,202,Emi,Gabriel's Cousin Joe,Directed,1,61,Knows of,[NULL]
72,69,Emi,Gabriel Balboa,Directed,1,61,Exchange,[NULL]
69,87,Gabriel Balboa,Buzzworm,Directed,1,61,Knows,[NULL]
87,69,Buzzworm,Gabriel Balboa,Directed,1,61,Knows,[NULL]
72,83,Emi,Gabriel Balboa's mother,Directed,1,61,Exchange,[NULL]
69,72,Gabriel Balboa,Emi,Directed,1,61,Exchange,[NULL]
72,150,Emi,Pancho Villa,Directed,1,61,Knows of,[NULL]
72,151,Emi,Gabriel's Grandmother,Directed,1,61,Knows of,[NULL]
72,87,Emi,Buzzworm,Directed,1,61,Knows of,[NULL]
72,69,Emi,Gabriel Balboa,Directed,1,62,Exchange,[NULL]
66,149,Rafaela Cortés,Rodriguez,Directed,1,62,Knows,[NULL]
149,66,Rodriguez,Rafaela Cortés,Directed,1,62,Knows,[NULL]
69,72,Gabriel Balboa,Emi,Directed,1,62,Exchange,[NULL]
149,66,Rodriguez,Rafaela Cortés,Directed,1,63,Exchange,[NULL]
66,149,Rafaela Cortés,Rodriguez,Directed,1,63,Exchange,[NULL]
149,66,Rodriguez,Rafaela Cortés,Directed,1,64,Exchange,[NULL]
66,98,Rafaela Cortés,Bobby Ngu,Directed,1,64,Knows,[NULL]
66,156,Rafaela Cortés,Lupe,Directed,1,64,Knows,[NULL]
143,156,Doña Maria,Lupe,Directed,1,64,Knows,[NULL]
156,66,Lupe,Rafaela Cortés,Directed,1,64,Knows,[NULL]
156,143,Lupe,Doña Maria,Directed,1,64,Knows,[NULL]
143,66,Doña Maria,Rafaela Cortés,Directed,1,64,Exchange,[NULL]
98,66,Bobby Ngu,Rafaela Cortés,Directed,1,64,Knows,[NULL]
143,149,Doña Maria,Rodriguez,Directed,1,64,Knows,[NULL]
66,149,Rafaela Cortés,Rodriguez,Directed,1,64,Exchange,[NULL]
66,143,Rafaela Cortés,Doña Maria,Directed,1,64,Exchange,[NULL]
149,143,Rodriguez,Doña Maria,Directed,1,64,Knows,[NULL]
66,145,Rafaela Cortés,Sol,Directed,1,65,Knows,[NULL]
66,143,Rafaela Cortés,Doña Maria,Directed,1,65,Exchange,[NULL]
143,216,Doña Maria,Frida Kahlo,Directed,1,65,Knows of,[NULL]
69,66,Gabriel Balboa,Rafaela Cortés,Directed,1,65,Knows,[NULL]
143,69,Doña Maria,Gabriel Balboa,Directed,1,65,Knows,[NULL]
66,216,Rafaela Cortés,Frida Kahlo,Directed,1,65,Knows of,[NULL]
66,69,Rafaela Cortés,Gabriel Balboa,Directed,1,65,Knows,[NULL]
143,220,Doña Maria,Louis XIV,Directed,1,65,Knows of,[NULL]
66,220,Rafaela Cortés,Louis XIV,Directed,1,65,Knows of,[NULL]
66,98,Rafaela Cortés,Bobby Ngu,Directed,1,65,Exchange,[NULL]
143,218,Doña Maria,Picasso,Directed,1,65,Knows of,[NULL]
143,219,Doña Maria,Quetzalcoatl,Directed,1,65,Knows of,[NULL]
143,217,Doña Maria,Van Gogh,Directed,1,65,Knows of,[NULL]
143,145,Doña Maria,Sol,Directed,1,65,Knows,[NULL]
66,217,Rafaela Cortés,Van Gogh,Directed,1,65,Knows of,[NULL]
98,66,Bobby Ngu,Rafaela Cortés,Directed,1,65,Exchange,[NULL]
145,66,Sol,Rafaela Cortés,Directed,1,65,Knows,[NULL]
66,219,Rafaela Cortés,Quetzalcoatl,Directed,1,65,Knows of,[NULL]
145,143,Sol,Doña Maria,Directed,1,65,Knows,[NULL]
143,66,Doña Maria,Rafaela Cortés,Directed,1,65,Exchange,[NULL]
66,218,Rafaela Cortés,Picasso,Directed,1,65,Knows of,[NULL]
66,826,Rafaela Cortés,Gringo Couple,Directed,1,66,Knows of,[NULL]
66,72,Rafaela Cortés,Emi,Directed,1,66,Knows of,[NULL]
143,827,Doña Maria,African Woman,Directed,1,66,Knows of,[NULL]
66,143,Rafaela Cortés,Doña Maria,Directed,1,66,Exchange,[NULL]
149,143,Rodriguez,Doña Maria,Directed,1,66,Knows,[NULL]
149,66,Rodriguez,Rafaela Cortés,Directed,1,66,Knows,[NULL]
827,66,African Woman,Rafaela Cortés,Directed,1,66,Knows of,[NULL]
66,149,Rafaela Cortés,Rodriguez,Directed,1,66,Knows,[NULL]
66,97,Rafaela Cortés,Gabriel Balboa's friends,Directed,1,66,Knows of,[NULL]
827,69,African Woman,Gabriel Balboa,Directed,1,66,Knows,[NULL]
143,97,Doña Maria,Gabriel Balboa's friends,Directed,1,66,Knows,[NULL]
69,826,Gabriel Balboa,Gringo Couple,Directed,1,66,Knows,[NULL]
72,143,Emi,Doña Maria,Directed,1,66,Knows,[NULL]
72,66,Emi,Rafaela Cortés,Directed,1,66,Knows of,[NULL]
69,827,Gabriel Balboa,African Woman,Directed,1,66,Knows,[NULL]
143,826,Doña Maria,Gringo Couple,Directed,1,66,Knows of,[NULL]
143,72,Doña Maria,Emi,Directed,1,66,Knows,[NULL]
826,69,Gringo Couple,Gabriel Balboa,Directed,1,66,Knows,[NULL]
69,221,Gabriel Balboa,Gabriel's Friends,Directed,1,66,Knows of,[NULL]
143,66,Doña Maria,Rafaela Cortés,Directed,1,66,Exchange,[NULL]
143,149,Doña Maria,Rodriguez,Directed,1,66,Knows,[NULL]
66,827,Rafaela Cortés,African Woman,Directed,1,66,Knows of,[NULL]
97,143,Gabriel Balboa's friends,Doña Maria,Directed,1,66,Knows,[NULL]
221,69,Gabriel's Friends,Gabriel Balboa,Directed,1,66,Knows of,[NULL]
66,145,Rafaela Cortés,Sol,Directed,1,67,Exchange,[NULL]
143,145,Doña Maria,Sol,Directed,1,67,Exchange,[NULL]
143,69,Doña Maria,Gabriel Balboa,Directed,1,67,Knows,[NULL]
145,143,Sol,Doña Maria,Directed,1,67,Exchange,[NULL]
145,158,Sol,Hernando (Dona Maria's son),Directed,1,67,Knows of,[NULL]
145,66,Sol,Rafaela Cortés,Directed,1,67,Exchange,[NULL]
145,222,Sol,Satellite Dish men,Directed,1,67,Knows of,[NULL]
69,143,Gabriel Balboa,Doña Maria,Directed,1,67,Knows,[NULL]
69,66,Gabriel Balboa,Rafaela Cortés,Directed,1,67,Knows,[NULL]
66,222,Rafaela Cortés,Satellite Dish men,Directed,1,67,Knows of,[NULL]
158,143,Hernando (Dona Maria's son),Doña Maria,Directed,1,67,Knows,[NULL]
66,69,Rafaela Cortés,Gabriel Balboa,Directed,1,67,Knows,[NULL]
66,143,Rafaela Cortés,Doña Maria,Directed,1,67,Exchange,[NULL]
143,222,Doña Maria,Satellite Dish men,Directed,1,67,Knows of,[NULL]
143,158,Doña Maria,Hernando (Dona Maria's son),Directed,1,67,Knows,[NULL]
66,158,Rafaela Cortés,Hernando (Dona Maria's son),Directed,1,67,Knows of,[NULL]
143,66,Doña Maria,Rafaela Cortés,Directed,1,67,Exchange,[NULL]
66,143,Rafaela Cortés,Doña Maria,Directed,1,68,Knows,[NULL]
145,66,Sol,Rafaela Cortés,Directed,1,68,Exchange,[NULL]
66,149,Rafaela Cortés,Rodriguez,Directed,1,68,Knows,[NULL]
66,69,Rafaela Cortés,Gabriel Balboa,Directed,1,68,Knows,[NULL]
149,66,Rodriguez,Rafaela Cortés,Directed,1,68,Knows,[NULL]
66,223,Rafaela Cortés,Hotel Manager,Directed,1,68,Exchange,[NULL]
69,66,Gabriel Balboa,Rafaela Cortés,Directed,1,68,Knows,[NULL]
143,66,Doña Maria,Rafaela Cortés,Directed,1,68,Knows,[NULL]
223,69,Hotel Manager,Gabriel Balboa,Directed,1,68,Knows of,[NULL]
223,66,Hotel Manager,Rafaela Cortés,Directed,1,68,Exchange,[NULL]
66,145,Rafaela Cortés,Sol,Directed,1,68,Exchange,[NULL]
66,223,Rafaela Cortés,Hotel Manager,Directed,1,69,Exchange,[NULL]
145,66,Sol,Rafaela Cortés,Directed,1,69,Exchange,[NULL]
223,66,Hotel Manager,Rafaela Cortés,Directed,1,69,Exchange,[NULL]
66,145,Rafaela Cortés,Sol,Directed,1,69,Exchange,[NULL]
66,149,Rafaela Cortés,Rodriguez,Directed,1,69,Knows,[NULL]
149,66,Rodriguez,Rafaela Cortés,Directed,1,69,Knows,[NULL]
66,145,Rafaela Cortés,Sol,Directed,1,70,Exchange,[NULL]
149,66,Rodriguez,Rafaela Cortés,Directed,1,70,Knows,[NULL]
145,66,Sol,Rafaela Cortés,Directed,1,70,Exchange,[NULL]
66,149,Rafaela Cortés,Rodriguez,Directed,1,70,Knows,[NULL]
66,224,Rafaela Cortés,The Orange,Directed,1,70,Knows,[NULL]
224,66,The Orange,Rafaela Cortés,Directed,1,70,Knows,[NULL]
277,224,woman in dream,The Orange,Directed,1,71,Knows,[NULL]
224,70,The Orange,Arcangel/El Gran Mojado,Directed,1,71,Knows,[NULL]
70,277,Arcangel/El Gran Mojado,woman in dream,Directed,1,71,Knows of,[NULL]
70,224,Arcangel/El Gran Mojado,The Orange,Directed,1,71,Knows,[NULL]
224,277,The Orange,woman in dream,Directed,1,71,Knows,[NULL]
70,279,Arcangel/El Gran Mojado,man with stalled truck,Directed,1,72,Exchange,[NULL]
70,272,Arcangel/El Gran Mojado,people in car jam,Directed,1,72,Knows of,[NULL]
279,272,man with stalled truck,people in car jam,Directed,1,72,Knows of,[NULL]
280,279,merchants,man with stalled truck,Directed,1,72,Exchange,[NULL]
278,70,occupants of houses,Arcangel/El Gran Mojado,Directed,1,72,Exchange,[NULL]
278,272,occupants of houses,people in car jam,Directed,1,72,Exchange,[NULL]
272,279,people in car jam,man with stalled truck,Directed,1,72,Knows of,[NULL]
272,278,people in car jam,occupants of houses,Directed,1,72,Exchange,[NULL]
70,278,Arcangel/El Gran Mojado,occupants of houses,Directed,1,72,Exchange,[NULL]
279,280,man with stalled truck,merchants,Directed,1,72,Exchange,[NULL]
272,70,people in car jam,Arcangel/El Gran Mojado,Directed,1,73,Exchange,[NULL]
281,70,young boy,Arcangel/El Gran Mojado,Directed,1,73,Exchange,[NULL]
70,272,Arcangel/El Gran Mojado,people in car jam,Directed,1,73,Exchange,[NULL]
70,281,Arcangel/El Gran Mojado,young boy,Directed,1,73,Exchange,[NULL]
70,272,Arcangel/El Gran Mojado,people in car jam,Directed,1,74,Knows,[NULL]
282,70,someone,Arcangel/El Gran Mojado,Directed,1,74,Exchange,[NULL]
70,282,Arcangel/El Gran Mojado,someone,Directed,1,74,Exchange,[NULL]
272,70,people in car jam,Arcangel/El Gran Mojado,Directed,1,74,Knows,[NULL]
224,70,The Orange,Arcangel/El Gran Mojado,Directed,1,75,Knows,[NULL]
70,224,Arcangel/El Gran Mojado,The Orange,Directed,1,75,Knows,[NULL]
70,272,Arcangel/El Gran Mojado,people in car jam,Directed,1,75,Knows,[NULL]
224,277,The Orange,woman in dream,Directed,1,75,Knows,[NULL]
277,224,woman in dream,The Orange,Directed,1,75,Knows,[NULL]
277,70,woman in dream,Arcangel/El Gran Mojado,Directed,1,75,Exchange,[NULL]
272,70,people in car jam,Arcangel/El Gran Mojado,Directed,1,75,Knows,[NULL]
70,277,Arcangel/El Gran Mojado,woman in dream,Directed,1,75,Exchange,[NULL]
98,66,Bobby Ngu,Rafaela Cortés,Directed,1,76,Knows,[NULL]
98,225,Bobby Ngu,Xiayue,Directed,1,76,Knows of,[NULL]
98,146,Bobby Ngu,Pepe Cortés,Directed,1,76,Knows,[NULL]
146,66,Pepe Cortés,Rafaela Cortés,Directed,1,76,Knows,[NULL]
146,337,Pepe Cortés,La Migra (Border patrol),Directed,1,76,Exchange,[NULL]
98,227,Bobby Ngu,Bobby's uncles,Directed,1,76,Knows,[NULL]
163,98,Bobby's Mother,Bobby Ngu,Directed,1,76,Knows,[NULL]
98,145,Bobby Ngu,Sol,Directed,1,76,Knows,[NULL]
162,98,Bobby's Father,Bobby Ngu,Directed,1,76,Knows,[NULL]
98,228,Bobby Ngu,smugglers,Directed,1,76,Knows of,[NULL]
146,98,Pepe Cortés,Bobby Ngu,Directed,1,76,Knows,[NULL]
146,338,Pepe Cortés,Coyote(s),Directed,1,76,Knows of,[NULL]
98,163,Bobby Ngu,Bobby's Mother,Directed,1,76,Knows,[NULL]
98,226,Bobby Ngu,Bobby's grandfather,Directed,1,76,Knows,[NULL]
228,225,smugglers,Xiayue,Directed,1,76,Knows,[NULL]
228,98,smugglers,Bobby Ngu,Directed,1,76,Knows of,[NULL]
98,337,Bobby Ngu,La Migra (Border patrol),Directed,1,76,Knows of,[NULL]
225,163,Xiayue,Bobby's Mother,Directed,1,76,Knows of,[NULL]
225,227,Xiayue,Bobby's uncles,Directed,1,76,Knows of,[NULL]
337,146,La Migra (Border patrol),Pepe Cortés,Directed,1,76,Exchange,[NULL]
98,162,Bobby Ngu,Bobby's Father,Directed,1,76,Knows,[NULL]
145,98,Sol,Bobby Ngu,Directed,1,76,Knows,[NULL]
66,98,Rafaela Cortés,Bobby Ngu,Directed,1,76,Knows,[NULL]
66,146,Rafaela Cortés,Pepe Cortés,Directed,1,76,Knows,[NULL]
98,338,Bobby Ngu,Coyote(s),Directed,1,76,Knows of,[NULL]
225,98,Xiayue,Bobby Ngu,Directed,1,76,Knows of,[NULL]
227,98,Bobby's uncles,Bobby Ngu,Directed,1,76,Knows,[NULL]
225,228,Xiayue,smugglers,Directed,1,76,Knows,[NULL]
225,162,Xiayue,Bobby's Father,Directed,1,76,Knows of,[NULL]
229,146,People from Tijuana,Pepe Cortés,Directed,1,77,Knows,[NULL]
98,66,Bobby Ngu,Rafaela Cortés,Directed,1,77,Knows,[NULL]
229,98,People from Tijuana,Bobby Ngu,Directed,1,77,Exchange,[NULL]
146,98,Pepe Cortés,Bobby Ngu,Directed,1,77,Exchange,[NULL]
66,98,Rafaela Cortés,Bobby Ngu,Directed,1,77,Knows,[NULL]
98,229,Bobby Ngu,People from Tijuana,Directed,1,77,Exchange,[NULL]
146,229,Pepe Cortés,People from Tijuana,Directed,1,77,Knows,[NULL]
146,66,Pepe Cortés,Rafaela Cortés,Directed,1,77,Knows,[NULL]
66,146,Rafaela Cortés,Pepe Cortés,Directed,1,77,Knows,[NULL]
98,146,Bobby Ngu,Pepe Cortés,Directed,1,77,Exchange,[NULL]
98,145,Bobby Ngu,Sol,Directed,1,78,Knows,[NULL]
66,98,Rafaela Cortés,Bobby Ngu,Directed,1,78,Knows,[NULL]
225,98,Xiayue,Bobby Ngu,Directed,1,78,Knows of,[NULL]
234,233,Unnamed baby,Celia Oh's Mother,Directed,1,78,Knows,[NULL]
98,230,Bobby Ngu,immigration lawyer,Directed,1,78,Knows,[NULL]
234,232,Unnamed baby,Celia Oh,Directed,1,78,Knows,[NULL]
230,66,immigration lawyer,Rafaela Cortés,Directed,1,78,Knows,[NULL]
66,232,Rafaela Cortés,Celia Oh,Directed,1,78,Knows,[NULL]
145,98,Sol,Bobby Ngu,Directed,1,78,Knows,[NULL]
230,98,immigration lawyer,Bobby Ngu,Directed,1,78,Knows,[NULL]
145,232,Sol,Celia Oh,Directed,1,78,Knows,[NULL]
98,234,Bobby Ngu,Unnamed baby,Directed,1,78,Knows of,[NULL]
66,231,Rafaela Cortés,Rafaela's smugglers,Directed,1,78,Knows,[NULL]
98,66,Bobby Ngu,Rafaela Cortés,Directed,1,78,Knows,[NULL]
98,146,Bobby Ngu,Pepe Cortés,Directed,1,78,Exchange,[NULL]
98,225,Bobby Ngu,Xiayue,Directed,1,78,Knows of,[NULL]
146,98,Pepe Cortés,Bobby Ngu,Directed,1,78,Exchange,[NULL]
232,145,Celia Oh,Sol,Directed,1,78,Knows,[NULL]
66,230,Rafaela Cortés,immigration lawyer,Directed,1,78,Knows,[NULL]
98,231,Bobby Ngu,Rafaela's smugglers,Directed,1,78,Knows,[NULL]
232,66,Celia Oh,Rafaela Cortés,Directed,1,78,Knows,[NULL]
232,233,Celia Oh,Celia Oh's Mother,Directed,1,78,Knows,[NULL]
233,234,Celia Oh's Mother,Unnamed baby,Directed,1,78,Knows,[NULL]
98,235,Bobby Ngu,Celia Oh's Father,Directed,1,78,Knows of,[NULL]
233,232,Celia Oh's Mother,Celia Oh,Directed,1,78,Knows,[NULL]
98,233,Bobby Ngu,Celia Oh's Mother,Directed,1,78,Knows of,[NULL]
98,236,Bobby Ngu,Celia Oh's Brother,Directed,1,78,Knows,[NULL]
232,236,Celia Oh,Celia Oh's Brother,Directed,1,78,Knows,[NULL]
236,232,Celia Oh's Brother,Celia Oh,Directed,1,78,Knows,[NULL]
98,232,Bobby Ngu,Celia Oh,Directed,1,78,Exchange,[NULL]
231,66,Rafaela's smugglers,Rafaela Cortés,Directed,1,78,Knows,[NULL]
236,98,Celia Oh's Brother,Bobby Ngu,Directed,1,78,Knows,[NULL]
231,98,Rafaela's smugglers,Bobby Ngu,Directed,1,78,Knows,[NULL]
232,235,Celia Oh,Celia Oh's Father,Directed,1,78,Knows,[NULL]
232,234,Celia Oh,Unnamed baby,Directed,1,78,Knows,[NULL]
232,98,Celia Oh,Bobby Ngu,Directed,1,78,Exchange,[NULL]
235,232,Celia Oh's Father,Celia Oh,Directed,1,78,Knows,[NULL]
232,66,Celia Oh,Rafaela Cortés,Directed,1,79,Knows,[NULL]
66,232,Rafaela Cortés,Celia Oh,Directed,1,79,Knows,[NULL]
98,161,Bobby Ngu,Bobby's Brother,Directed,1,79,Knows,[NULL]
98,237,Bobby Ngu,Worker on the phone,Directed,1,79,Exchange,[NULL]
98,232,Bobby Ngu,Celia Oh,Directed,1,79,Exchange,[NULL]
238,98,v Boys,Bobby Ngu,Directed,1,79,Exchange,[NULL]
98,66,Bobby Ngu,Rafaela Cortés,Directed,1,79,Exchange,[NULL]
98,238,Bobby Ngu,v Boys,Directed,1,79,Exchange,[NULL]
237,98,Worker on the phone,Bobby Ngu,Directed,1,79,Exchange,[NULL]
66,98,Rafaela Cortés,Bobby Ngu,Directed,1,79,Exchange,[NULL]
232,98,Celia Oh,Bobby Ngu,Directed,1,79,Exchange,[NULL]
161,98,Bobby's Brother,Bobby Ngu,Directed,1,79,Knows,[NULL]
238,98,v Boys,Bobby Ngu,Directed,1,80,Exchange,[NULL]
87,347,Buzzworm,Crips,Directed,1,80,Knows of,[NULL]
348,347,Bloods,Crips,Directed,1,80,Knows of,[NULL]
66,98,Rafaela Cortés,Bobby Ngu,Directed,1,80,Exchange,[NULL]
98,239,Bobby Ngu,Bobby's Homies,Directed,1,80,Knows,[NULL]
98,161,Bobby Ngu,Bobby's Brother,Directed,1,80,Knows,[NULL]
98,145,Bobby Ngu,Sol,Directed,1,80,Knows,[NULL]
145,98,Sol,Bobby Ngu,Directed,1,80,Knows,[NULL]
66,145,Rafaela Cortés,Sol,Directed,1,80,Knows,[NULL]
87,147,Buzzworm,Mike Davis (Quartz City / City of Quartz),Directed,1,80,Knows of,[NULL]
69,147,Gabriel Balboa,Mike Davis (Quartz City / City of Quartz),Directed,1,80,Knows of,[NULL]
69,87,Gabriel Balboa,Buzzworm,Directed,1,80,Knows,[NULL]
239,98,Bobby's Homies,Bobby Ngu,Directed,1,80,Knows,[NULL]
347,348,Crips,Bloods,Directed,1,80,Knows of,[NULL]
98,238,Bobby Ngu,v Boys,Directed,1,80,Exchange,[NULL]
145,66,Sol,Rafaela Cortés,Directed,1,80,Knows,[NULL]
98,66,Bobby Ngu,Rafaela Cortés,Directed,1,80,Exchange,[NULL]
87,69,Buzzworm,Gabriel Balboa,Directed,1,80,Knows,[NULL]
161,98,Bobby's Brother,Bobby Ngu,Directed,1,80,Knows,[NULL]
87,343,Buzzworm,Taxpayers (abstract),Directed,1,81,Knows of,[NULL]
87,345,Buzzworm,The Elderly (abstract),Directed,1,81,Knows of,[NULL]
87,348,Buzzworm,Bloods,Directed,1,81,Knows of,[NULL]
87,342,Buzzworm,Kids (abstract),Directed,1,81,Knows of,[NULL]
87,241,Buzzworm,Buzzworm's Grandmother,Directed,1,81,Knows,[NULL]
87,341,Buzzworm,"""Colored People"" (Abstract)",Directed,1,81,Knows of,[NULL]
241,87,Buzzworm's Grandmother,Buzzworm,Directed,1,81,Knows,[NULL]
87,346,Buzzworm,"""Some real estate person""",Directed,1,81,Knows of,[NULL]
87,344,Buzzworm,"""Young couples with children""",Directed,1,81,Knows of,[NULL]
87,347,Buzzworm,Crips,Directed,1,81,Knows of,[NULL]
87,240,Buzzworm,George Bush,Directed,1,81,Knows of,[NULL]
347,348,Crips,Bloods,Directed,1,81,Knows of,[NULL]
87,340,Buzzworm,Federal Politicians,Directed,1,81,Knows of,[NULL]
348,347,Bloods,Crips,Directed,1,81,Knows of,[NULL]
248,249,City Bureaucrats,Woman at Neighbourhood meeting,Directed,1,82,Exchange,[NULL]
87,245,Buzzworm,Mexican Rancheros,Directed,1,82,Knows of,[NULL]
248,250,City Bureaucrats,"""People in the way""",Directed,1,82,Knows,[NULL]
249,250,Woman at Neighbourhood meeting,"""People in the way""",Directed,1,82,Knows of,[NULL]
249,248,Woman at Neighbourhood meeting,City Bureaucrats,Directed,1,82,Exchange,[NULL]
87,249,Buzzworm,Woman at Neighbourhood meeting,Directed,1,82,Knows of,[NULL]
87,241,Buzzworm,Buzzworm's Grandmother,Directed,1,82,Knows,[NULL]
87,244,Buzzworm,Yonetaro Otani,Directed,1,82,Knows of,[NULL]
241,87,Buzzworm's Grandmother,Buzzworm,Directed,1,82,Knows,[NULL]
87,248,Buzzworm,City Bureaucrats,Directed,1,82,Knows of,[NULL]
87,247,Buzzworm,Tongva (Yaanga) People,Directed,1,82,Knows of,[NULL]
87,242,Buzzworm,Debbi Fields (Mrs. Fields),Directed,1,82,Knows of,[NULL]
87,243,Buzzworm,Dorothy Buffum Chandler,Directed,1,82,Knows of,[NULL]
87,250,Buzzworm,"""People in the way""",Directed,1,82,Knows of,[NULL]
87,246,Buzzworm,Chumash People,Directed,1,82,Knows of,[NULL]
87,189,Buzzworm,Unnamed members of L.A. Underclass,Directed,1,83,Knows,[NULL]
248,189,City Bureaucrats,Unnamed members of L.A. Underclass,Directed,1,83,Knows of,[NULL]
248,249,City Bureaucrats,Woman at Neighbourhood meeting,Directed,1,83,Exchange,[NULL]
87,248,Buzzworm,City Bureaucrats,Directed,1,83,Knows of,[NULL]
189,87,Unnamed members of L.A. Underclass,Buzzworm,Directed,1,83,Knows,[NULL]
87,249,Buzzworm,Woman at Neighbourhood meeting,Directed,1,83,Knows of,[NULL]
275,87,The homeless (abstract),Buzzworm,Directed,1,83,Knows,[NULL]
87,275,Buzzworm,The homeless (abstract),Directed,1,83,Knows,[NULL]
249,248,Woman at Neighbourhood meeting,City Bureaucrats,Directed,1,83,Exchange,[NULL]
249,189,Woman at Neighbourhood meeting,Unnamed members of L.A. Underclass,Directed,1,83,Knows of,[NULL]
87,252,Buzzworm,Margarita's Boys,Directed,1,84,Knows of,[NULL]
87,255,Buzzworm,Mariachi los Camperos de Nati Cano,Directed,1,84,Knows of,[NULL]
251,252,Margarita,Margarita's Boys,Directed,1,84,Knows,[NULL]
251,829,Margarita,Mara Salvatrucha,Directed,1,84,Knows of,[NULL]
189,87,Unnamed members of L.A. Underclass,Buzzworm,Directed,1,84,Exchange,[NULL]
251,828,Margarita,Mano Blanca Death Squad,Directed,1,84,Knows of,[NULL]
829,252,Mara Salvatrucha,Margarita's Boys,Directed,1,84,Knows,[NULL]
828,251,Mano Blanca Death Squad,Margarita,Directed,1,84,Knows of,[NULL]
87,254,Buzzworm,Aretha Franklin,Directed,1,84,Knows of,[NULL]
829,311,Mara Salvatrucha,Margarita's Eldest,Directed,1,84,Knows,[NULL]
828,252,Mano Blanca Death Squad,Margarita's Boys,Directed,1,84,Knows,[NULL]
828,311,Mano Blanca Death Squad,Margarita's Eldest,Directed,1,84,Knows,[NULL]
311,828,Margarita's Eldest,Mano Blanca Death Squad,Directed,1,84,Knows,[NULL]
252,251,Margarita's Boys,Margarita,Directed,1,84,Knows,[NULL]
87,189,Buzzworm,Unnamed members of L.A. Underclass,Directed,1,84,Exchange,[NULL]
87,251,Buzzworm,Margarita,Directed,1,84,Exchange,[NULL]
87,253,Buzzworm,MS-13 (Mara Salvatrucha),Directed,1,84,Knows of,[NULL]
87,829,Buzzworm,Mara Salvatrucha,Directed,1,84,Knows of,[NULL]
311,829,Margarita's Eldest,Mara Salvatrucha,Directed,1,84,Knows,[NULL]
251,87,Margarita,Buzzworm,Directed,1,84,Exchange,[NULL]
829,251,Mara Salvatrucha,Margarita,Directed,1,84,Knows of,[NULL]
87,828,Buzzworm,Mano Blanca Death Squad,Directed,1,84,Knows of,[NULL]
252,828,Margarita's Boys,Mano Blanca Death Squad,Directed,1,84,Knows,[NULL]
252,829,Margarita's Boys,Mara Salvatrucha,Directed,1,84,Knows,[NULL]
251,255,Margarita,Mariachi los Camperos de Nati Cano,Directed,1,84,Knows of,[NULL]
830,87,Street peddlers,Buzzworm,Directed,1,84,Knows,[NULL]
251,254,Margarita,Aretha Franklin,Directed,1,84,Knows of,[NULL]
87,830,Buzzworm,Street peddlers,Directed,1,84,Knows,[NULL]
251,87,Margarita,Buzzworm,Directed,1,85,Exchange,[NULL]
87,251,Buzzworm,Margarita,Directed,1,85,Exchange,[NULL]
87,256,Buzzworm,The kid who survived / dies,Directed,1,85,Exchange,[NULL]
256,87,The kid who survived / dies,Buzzworm,Directed,1,85,Exchange,[NULL]
69,284,Gabriel Balboa,American tourists,Directed,1,86,Knows of,Gabriel Balboa
256,258,The kid who survived / dies,Previous watch-owner,Directed,1,86,Knows of,[NULL]
256,87,The kid who survived / dies,Buzzworm,Directed,1,86,Exchange,[NULL]
87,258,Buzzworm,Previous watch-owner,Directed,1,86,Knows of,[NULL]
256,257,The kid who survived / dies,Muhammad Ali,Directed,1,86,Knows of,[NULL]
87,256,Buzzworm,The kid who survived / dies,Directed,1,86,Exchange,[NULL]
69,283,Gabriel Balboa,wave of Koreans,Directed,1,86,Knows of,Gabriel Balboa
258,257,Previous watch-owner,Muhammad Ali,Directed,1,86,Knows,[NULL]
87,257,Buzzworm,Muhammad Ali,Directed,1,86,Knows of,[NULL]
257,258,Muhammad Ali,Previous watch-owner,Directed,1,86,Knows,[NULL]
69,285,Gabriel Balboa,airport anouncer,Directed,1,87,Exchange,Gabriel Balboa
95,285,Corazon Juarez,airport anouncer,Directed,1,87,Exchange,Gabriel Balboa
286,95,man with briefcase,Corazon Juarez,Directed,1,87,Exchange,Gabriel Balboa
95,286,Corazon Juarez,man with briefcase,Directed,1,87,Exchange,Gabriel Balboa
95,288,Corazon Juarez,taxi driver,Directed,1,87,Knows,Gabriel Balboa
287,95,Corazon Juárez's child,Corazon Juarez,Directed,1,87,Knows,Gabriel Balboa
69,87,Gabriel Balboa,Buzzworm,Directed,1,87,Exchange,Gabriel Balboa
69,286,Gabriel Balboa,man with briefcase,Directed,1,87,Knows of,Gabriel Balboa
87,69,Buzzworm,Gabriel Balboa,Directed,1,87,Exchange,Gabriel Balboa
72,69,Emi,Gabriel Balboa,Directed,1,87,Exchange,Gabriel Balboa
69,287,Gabriel Balboa,Corazon Juárez's child,Directed,1,87,Knows of,Gabriel Balboa
287,288,Corazon Juárez's child,taxi driver,Directed,1,87,Knows,Gabriel Balboa
69,201,Gabriel Balboa,Astor Piazzolla,Directed,1,87,Knows of,Gabriel Balboa
72,288,Emi,taxi driver,Directed,1,87,Knows of,Gabriel Balboa
72,95,Emi,Corazon Juarez,Directed,1,87,Knows of,Gabriel Balboa
69,72,Gabriel Balboa,Emi,Directed,1,87,Exchange,Gabriel Balboa
95,69,Corazon Juarez,Gabriel Balboa,Directed,1,87,Exchange,Gabriel Balboa
69,288,Gabriel Balboa,taxi driver,Directed,1,87,Knows of,Gabriel Balboa
288,95,taxi driver,Corazon Juarez,Directed,1,87,Knows,Gabriel Balboa
288,287,taxi driver,Corazon Juárez's child,Directed,1,87,Knows,Gabriel Balboa
285,69,airport anouncer,Gabriel Balboa,Directed,1,87,Exchange,Gabriel Balboa
285,95,airport anouncer,Corazon Juarez,Directed,1,87,Exchange,Gabriel Balboa
95,287,Corazon Juarez,Corazon Juárez's child,Directed,1,87,Knows,Gabriel Balboa
69,95,Gabriel Balboa,Corazon Juarez,Directed,1,87,Exchange,Gabriel Balboa
72,287,Emi,Corazon Juárez's child,Directed,1,87,Knows of,Gabriel Balboa
72,201,Emi,Astor Piazzolla,Directed,1,87,Knows,Gabriel Balboa
87,95,Buzzworm,Corazon Juarez,Directed,1,87,Knows of,Gabriel Balboa
288,287,taxi driver,Corazon Juárez's child,Directed,1,88,Knows,Gabriel Balboa
287,95,Corazon Juárez's child,Corazon Juarez,Directed,1,88,Knows,Gabriel Balboa
287,288,Corazon Juárez's child,taxi driver,Directed,1,88,Knows,Gabriel Balboa
72,69,Emi,Gabriel Balboa,Directed,1,88,Exchange,Gabriel Balboa
69,95,Gabriel Balboa,Corazon Juarez,Directed,1,88,Knows of,Gabriel Balboa
72,288,Emi,taxi driver,Directed,1,88,Knows of,Gabriel Balboa
72,287,Emi,Corazon Juárez's child,Directed,1,88,Knows of,Gabriel Balboa
69,72,Gabriel Balboa,Emi,Directed,1,88,Exchange,Gabriel Balboa
72,95,Emi,Corazon Juarez,Directed,1,88,Knows of,Gabriel Balboa
95,288,Corazon Juarez,taxi driver,Directed,1,88,Knows,Gabriel Balboa
69,288,Gabriel Balboa,taxi driver,Directed,1,88,Knows of,Gabriel Balboa
69,287,Gabriel Balboa,Corazon Juárez's child,Directed,1,88,Knows of,Gabriel Balboa
95,287,Corazon Juarez,Corazon Juárez's child,Directed,1,88,Knows,Gabriel Balboa
288,95,taxi driver,Corazon Juarez,Directed,1,88,Knows,Gabriel Balboa
290,69,nurse at station,Gabriel Balboa,Directed,1,89,Exchange,Gabriel Balboa
69,291,Gabriel Balboa,"""a CHP""",Directed,1,89,Exchange,Gabriel Balboa
317,69,Steven Maier,Gabriel Balboa,Directed,1,89,Knows,Gabriel Balboa
289,95,hospital aide,Corazon Juarez,Directed,1,89,Exchange,Gabriel Balboa
289,69,hospital aide,Gabriel Balboa,Directed,1,89,Exchange,Gabriel Balboa
291,69,"""a CHP""",Gabriel Balboa,Directed,1,89,Exchange,Gabriel Balboa
69,287,Gabriel Balboa,Corazon Juárez's child,Directed,1,89,Knows of,Gabriel Balboa
291,72,"""a CHP""",Emi,Directed,1,89,Exchange,Gabriel Balboa
289,287,hospital aide,Corazon Juárez's child,Directed,1,89,Knows,Gabriel Balboa
69,290,Gabriel Balboa,nurse at station,Directed,1,89,Exchange,Gabriel Balboa
287,289,Corazon Juárez's child,hospital aide,Directed,1,89,Knows,Gabriel Balboa
69,72,Gabriel Balboa,Emi,Directed,1,89,Exchange,Gabriel Balboa
69,317,Gabriel Balboa,Steven Maier,Directed,1,89,Knows,Gabriel Balboa
72,291,Emi,"""a CHP""",Directed,1,89,Exchange,Gabriel Balboa
287,95,Corazon Juárez's child,Corazon Juarez,Directed,1,89,Knows,Gabriel Balboa
72,69,Emi,Gabriel Balboa,Directed,1,89,Exchange,Gabriel Balboa
95,289,Corazon Juarez,hospital aide,Directed,1,89,Exchange,Gabriel Balboa
95,287,Corazon Juarez,Corazon Juárez's child,Directed,1,89,Knows,Gabriel Balboa
69,289,Gabriel Balboa,hospital aide,Directed,1,89,Exchange,Gabriel Balboa
69,95,Gabriel Balboa,Corazon Juarez,Directed,1,89,Knows of,Gabriel Balboa
200,269,The NewsNow Van,Driver of red Porsche,Directed,1,90,Knows of,Gabriel Balboa
200,270,The NewsNow Van,Passenger in red Porsche,Directed,1,90,Knows of,Gabriel Balboa
72,287,Emi,Corazon Juárez's child,Directed,1,90,Knows,Gabriel Balboa
69,269,Gabriel Balboa,Driver of red Porsche,Directed,1,90,Knows of,Gabriel Balboa
271,270,semi truck driver,Passenger in red Porsche,Directed,1,90,Knows,Gabriel Balboa
192,272,LAPD,people in car jam,Directed,1,90,Exchange,Gabriel Balboa
272,192,people in car jam,LAPD,Directed,1,90,Exchange,Gabriel Balboa
69,270,Gabriel Balboa,Passenger in red Porsche,Directed,1,90,Knows of,Gabriel Balboa
69,72,Gabriel Balboa,Emi,Directed,1,90,Exchange,Gabriel Balboa
69,271,Gabriel Balboa,semi truck driver,Directed,1,90,Knows of,Gabriel Balboa
200,271,The NewsNow Van,semi truck driver,Directed,1,90,Knows of,Gabriel Balboa
95,72,Corazon Juarez,Emi,Directed,1,90,Exchange,Gabriel Balboa
72,69,Emi,Gabriel Balboa,Directed,1,90,Exchange,Gabriel Balboa
287,72,Corazon Juárez's child,Emi,Directed,1,90,Knows,Gabriel Balboa
270,271,Passenger in red Porsche,semi truck driver,Directed,1,90,Knows,Gabriel Balboa
271,269,semi truck driver,Driver of red Porsche,Directed,1,90,Knows,Gabriel Balboa
72,95,Emi,Corazon Juarez,Directed,1,90,Exchange,Gabriel Balboa
72,269,Emi,Driver of red Porsche,Directed,1,90,Knows of,Gabriel Balboa
69,287,Gabriel Balboa,Corazon Juárez's child,Directed,1,90,Knows of,Gabriel Balboa
72,270,Emi,Passenger in red Porsche,Directed,1,90,Knows of,Gabriel Balboa
69,272,Gabriel Balboa,people in car jam,Directed,1,90,Knows of,Gabriel Balboa
269,271,Driver of red Porsche,semi truck driver,Directed,1,90,Knows,Gabriel Balboa
72,271,Emi,semi truck driver,Directed,1,90,Knows of,Gabriel Balboa
69,200,Gabriel Balboa,The NewsNow Van,Directed,1,90,Knows of,Gabriel Balboa
69,95,Gabriel Balboa,Corazon Juarez,Directed,1,90,Knows of,Gabriel Balboa
69,192,Gabriel Balboa,LAPD,Directed,1,90,Knows of,Gabriel Balboa
69,319,Gabriel Balboa,Emi's nibling(s),Directed,1,91,Knows of,Gabriel Balboa
69,72,Gabriel Balboa,Emi,Directed,1,91,Exchange,Gabriel Balboa
72,288,Emi,taxi driver,Directed,1,91,Knows,Gabriel Balboa
69,87,Gabriel Balboa,Buzzworm,Directed,1,91,Exchange,Gabriel Balboa
95,288,Corazon Juarez,taxi driver,Directed,1,91,Knows,Gabriel Balboa
320,72,Mexican wet nurses,Emi,Directed,1,91,Knows of,Gabriel Balboa
69,318,Gabriel Balboa,Emi's sister,Directed,1,91,Knows of,Gabriel Balboa
95,72,Corazon Juarez,Emi,Directed,1,91,Knows,Gabriel Balboa
72,320,Emi,Mexican wet nurses,Directed,1,91,Knows of,Gabriel Balboa
72,69,Emi,Gabriel Balboa,Directed,1,91,Exchange,Gabriel Balboa
69,321,Gabriel Balboa,bureaucrats in parking violations,Directed,1,91,Knows of,Gabriel Balboa
288,95,taxi driver,Corazon Juarez,Directed,1,91,Knows,Gabriel Balboa
72,318,Emi,Emi's sister,Directed,1,91,Knows,Gabriel Balboa
69,95,Gabriel Balboa,Corazon Juarez,Directed,1,91,Knows of,Gabriel Balboa
69,320,Gabriel Balboa,Mexican wet nurses,Directed,1,91,Knows of,Gabriel Balboa
69,288,Gabriel Balboa,taxi driver,Directed,1,91,Knows of,Gabriel Balboa
72,287,Emi,Corazon Juárez's child,Directed,1,91,Knows,Gabriel Balboa
287,288,Corazon Juárez's child,taxi driver,Directed,1,91,Knows,Gabriel Balboa
288,287,taxi driver,Corazon Juárez's child,Directed,1,91,Knows,Gabriel Balboa
288,72,taxi driver,Emi,Directed,1,91,Knows,Gabriel Balboa
321,72,bureaucrats in parking violations,Emi,Directed,1,91,Exchange,Gabriel Balboa
318,72,Emi's sister,Emi,Directed,1,91,Knows,Gabriel Balboa
319,72,Emi's nibling(s),Emi,Directed,1,91,Knows,Gabriel Balboa
72,319,Emi,Emi's nibling(s),Directed,1,91,Knows,Gabriel Balboa
72,95,Emi,Corazon Juarez,Directed,1,91,Knows,Gabriel Balboa
72,321,Emi,bureaucrats in parking violations,Directed,1,91,Exchange,Gabriel Balboa
69,287,Gabriel Balboa,Corazon Juárez's child,Directed,1,91,Knows of,Gabriel Balboa
287,72,Corazon Juárez's child,Emi,Directed,1,91,Knows,Gabriel Balboa
69,87,Gabriel Balboa,Buzzworm,Directed,1,92,Exchange,Gabriel Balboa
72,69,Emi,Gabriel Balboa,Directed,1,92,Knows,Gabriel Balboa
87,322,Buzzworm,Buzzworm's informant,Directed,1,92,Knows,Gabriel Balboa
87,80,Buzzworm,Rubén Salazar,Directed,1,92,Knows,Gabriel Balboa
87,69,Buzzworm,Gabriel Balboa,Directed,1,92,Exchange,Gabriel Balboa
87,323,Buzzworm,jive radio show host,Directed,1,92,Knows of,Gabriel Balboa
69,323,Gabriel Balboa,jive radio show host,Directed,1,92,Knows of,Gabriel Balboa
69,324,Gabriel Balboa,Nazis,Directed,1,92,Knows of,Gabriel Balboa
69,322,Gabriel Balboa,Buzzworm's informant,Directed,1,92,Knows of,Gabriel Balboa
87,325,Buzzworm,Ted Hayes,Directed,1,92,Knows of,Gabriel Balboa
275,87,The homeless (abstract),Buzzworm,Directed,1,92,Knows,Gabriel Balboa
69,326,Gabriel Balboa,Richard Iizuka,Directed,1,92,Knows,Gabriel Balboa
69,287,Gabriel Balboa,Corazon Juárez's child,Directed,1,92,Knows of,Gabriel Balboa
87,275,Buzzworm,The homeless (abstract),Directed,1,92,Knows,Gabriel Balboa
87,287,Buzzworm,Corazon Juárez's child,Directed,1,92,Knows of,Gabriel Balboa
326,69,Richard Iizuka,Gabriel Balboa,Directed,1,92,Knows,Gabriel Balboa
87,324,Buzzworm,Nazis,Directed,1,92,Knows of,Gabriel Balboa
87,189,Buzzworm,Unnamed members of L.A. Underclass,Directed,1,92,Knows,Gabriel Balboa
69,72,Gabriel Balboa,Emi,Directed,1,92,Knows,Gabriel Balboa
69,325,Gabriel Balboa,Ted Hayes,Directed,1,92,Knows of,Gabriel Balboa
69,95,Gabriel Balboa,Corazon Juarez,Directed,1,92,Knows of,Gabriel Balboa
68,87,Manzanar Murakami,Buzzworm,Directed,1,92,Knows,Gabriel Balboa
87,68,Buzzworm,Manzanar Murakami,Directed,1,92,Knows,Gabriel Balboa
80,87,Rubén Salazar,Buzzworm,Directed,1,92,Knows,Gabriel Balboa
69,275,Gabriel Balboa,The homeless (abstract),Directed,1,92,Knows of,Gabriel Balboa
69,189,Gabriel Balboa,Unnamed members of L.A. Underclass,Directed,1,92,Knows of,Gabriel Balboa
69,80,Gabriel Balboa,Rubén Salazar,Directed,1,92,Knows of,Gabriel Balboa
322,87,Buzzworm's informant,Buzzworm,Directed,1,92,Knows,Gabriel Balboa
87,95,Buzzworm,Corazon Juarez,Directed,1,92,Knows of,Gabriel Balboa
69,68,Gabriel Balboa,Manzanar Murakami,Directed,1,92,Knows of,Gabriel Balboa
69,66,Gabriel Balboa,Rafaela Cortés,Directed,1,93,Knows,Gabriel Balboa
66,69,Rafaela Cortés,Gabriel Balboa,Directed,1,93,Knows,Gabriel Balboa
69,329,Gabriel Balboa,Attorneys (93),Directed,1,93,Knows of,Gabriel Balboa
72,69,Emi,Gabriel Balboa,Directed,1,93,Knows,Gabriel Balboa
69,327,Gabriel Balboa,Single fathers,Directed,1,93,Knows of,Gabriel Balboa
69,72,Gabriel Balboa,Emi,Directed,1,93,Knows,Gabriel Balboa
98,259,Bobby Ngu,The Snakehead,Directed,1,97,Knows of,[NULL]
98,265,Bobby Ngu,Bobby's Family (abstract),Directed,1,97,Knows of,[NULL]
225,98,Xiayue,Bobby Ngu,Directed,1,97,Knows of,[NULL]
145,98,Sol,Bobby Ngu,Directed,1,97,Knows,[NULL]
98,225,Bobby Ngu,Xiayue,Directed,1,97,Knows of,[NULL]
66,145,Rafaela Cortés,Sol,Directed,1,97,Knows,[NULL]
66,98,Rafaela Cortés,Bobby Ngu,Directed,1,97,Knows,[NULL]
265,98,Bobby's Family (abstract),Bobby Ngu,Directed,1,97,Knows of,[NULL]
98,66,Bobby Ngu,Rafaela Cortés,Directed,1,97,Knows,[NULL]
98,145,Bobby Ngu,Sol,Directed,1,97,Knows,[NULL]
145,66,Sol,Rafaela Cortés,Directed,1,97,Knows,[NULL]
259,98,The Snakehead,Bobby Ngu,Directed,1,97,Knows of,[NULL]
66,98,Rafaela Cortés,Bobby Ngu,Directed,1,98,Knows,[NULL]
98,66,Bobby Ngu,Rafaela Cortés,Directed,1,98,Knows,[NULL]
98,263,Bobby Ngu,Asian beauties in the poster,Directed,1,98,Knows of,[NULL]
98,261,Bobby Ngu,The boys in Singapore,Directed,1,98,Knows of,[NULL]
98,264,Bobby Ngu,Chow Yun-Fat,Directed,1,98,Knows of,[NULL]
145,98,Sol,Bobby Ngu,Directed,1,98,Knows,[NULL]
98,145,Bobby Ngu,Sol,Directed,1,98,Knows,[NULL]
98,262,Bobby Ngu,Asian dude in the poster,Directed,1,98,Knows of,[NULL]
225,98,Xiayue,Bobby Ngu,Directed,1,99,Knows of,[NULL]
98,169,Bobby Ngu,Bobby's Nephews and Nieces,Directed,1,99,Knows,[NULL]
265,98,Bobby's Family (abstract),Bobby Ngu,Directed,1,99,Knows,[NULL]
98,266,Bobby Ngu,Xiayue's Brother,Directed,1,99,Knows of,[NULL]
98,259,Bobby Ngu,The Snakehead,Directed,1,99,Exchange,[NULL]
259,98,The Snakehead,Bobby Ngu,Directed,1,99,Exchange,[NULL]
167,98,Bobby's Sister 1,Bobby Ngu,Directed,1,99,Knows,[NULL]
98,167,Bobby Ngu,Bobby's Sister 1,Directed,1,99,Knows,[NULL]
259,266,The Snakehead,Xiayue's Brother,Directed,1,99,Knows of,[NULL]
98,265,Bobby Ngu,Bobby's Family (abstract),Directed,1,99,Knows,[NULL]
266,98,Xiayue's Brother,Bobby Ngu,Directed,1,99,Knows of,[NULL]
259,225,The Snakehead,Xiayue,Directed,1,99,Knows,[NULL]
259,167,The Snakehead,Bobby's Sister 1,Directed,1,99,Knows of,[NULL]
98,225,Bobby Ngu,Xiayue,Directed,1,99,Knows of,[NULL]
169,98,Bobby's Nephews and Nieces,Bobby Ngu,Directed,1,99,Knows,[NULL]
225,259,Xiayue,The Snakehead,Directed,1,99,Knows,[NULL]
162,266,Bobby's Father,Xiayue's Brother,Directed,1,100,Knows,[NULL]
162,225,Bobby's Father,Xiayue,Directed,1,100,Knows,[NULL]
98,162,Bobby Ngu,Bobby's Father,Directed,1,100,Knows,[NULL]
225,98,Xiayue,Bobby Ngu,Directed,1,100,Knows of,[NULL]
98,225,Bobby Ngu,Xiayue,Directed,1,100,Knows of,[NULL]
162,98,Bobby's Father,Bobby Ngu,Directed,1,100,Knows,[NULL]
225,259,Xiayue,The Snakehead,Directed,1,100,Knows,[NULL]
266,98,Xiayue's Brother,Bobby Ngu,Directed,1,100,Knows of,[NULL]
266,162,Xiayue's Brother,Bobby's Father,Directed,1,100,Knows,[NULL]
259,225,The Snakehead,Xiayue,Directed,1,100,Knows,[NULL]
259,266,The Snakehead,Xiayue's Brother,Directed,1,100,Knows of,[NULL]
225,162,Xiayue,Bobby's Father,Directed,1,100,Knows,[NULL]
98,259,Bobby Ngu,The Snakehead,Directed,1,100,Exchange,[NULL]
259,98,The Snakehead,Bobby Ngu,Directed,1,100,Exchange,[NULL]
98,266,Bobby Ngu,Xiayue's Brother,Directed,1,100,Knows of,[NULL]
259,98,The Snakehead,Bobby Ngu,Directed,1,101,Exchange,[NULL]
98,225,Bobby Ngu,Xiayue,Directed,1,101,Knows of,[NULL]
98,167,Bobby Ngu,Bobby's Sister 1,Directed,1,101,Knows,[NULL]
98,259,Bobby Ngu,The Snakehead,Directed,1,101,Exchange,[NULL]
225,98,Xiayue,Bobby Ngu,Directed,1,101,Knows of,[NULL]
66,98,Rafaela Cortés,Bobby Ngu,Directed,1,101,Knows,[NULL]
167,98,Bobby's Sister 1,Bobby Ngu,Directed,1,101,Knows,[NULL]
98,66,Bobby Ngu,Rafaela Cortés,Directed,1,101,Knows,[NULL]
87,268,Buzzworm,Shaquille O'Neal,Directed,1,102,Knows of,[NULL]
87,293,Buzzworm,Boyz 2 Men,Directed,1,102,Knows of,[NULL]
87,292,Buzzworm,MC Hammer,Directed,1,102,Knows of,[NULL]
87,251,Buzzworm,Margarita,Directed,1,102,Knows,[NULL]
87,267,Buzzworm,Malcolm X,Directed,1,102,Knows of,[NULL]
251,87,Margarita,Buzzworm,Directed,1,102,Knows,[NULL]
87,295,Buzzworm,Kid Frost,Directed,1,102,Knows of,[NULL]
87,294,Buzzworm,Snoop Dogg,Directed,1,102,Knows of,[NULL]
87,297,Buzzworm,Duke Ellington,Directed,1,103,Knows of,[NULL]
87,299,Buzzworm,Fats Domino,Directed,1,103,Knows of,[NULL]
87,300,Buzzworm,Ray Charles,Directed,1,103,Knows of,[NULL]
87,296,Buzzworm,Count Basie,Directed,1,103,Knows of,[NULL]
87,189,Buzzworm,Unnamed members of L.A. Underclass,Directed,1,103,Exchange,[NULL]
87,298,Buzzworm,Charlie Parker,Directed,1,103,Knows of,[NULL]
87,256,Buzzworm,The kid who survived / dies,Directed,1,103,Knows,[NULL]
301,304,Mother of the dead boy,Reclaim Our Children,Directed,1,104,Knows of,[NULL]
87,304,Buzzworm,Reclaim Our Children,Directed,1,104,Knows,[NULL]
304,87,Reclaim Our Children,Buzzworm,Directed,1,104,Knows,[NULL]
87,301,Buzzworm,Mother of the dead boy,Directed,1,104,Exchange,[NULL]
301,87,Mother of the dead boy,Buzzworm,Directed,1,104,Exchange,[NULL]
301,302,Mother of the dead boy,coroner,Directed,1,104,Knows,[NULL]
302,301,coroner,Mother of the dead boy,Directed,1,104,Knows,[NULL]
87,303,Buzzworm,The dead boy's brother,Directed,1,104,Knows of,[NULL]
302,87,coroner,Buzzworm,Directed,1,104,Exchange,[NULL]
305,87,The Dead Boy's Crew,Buzzworm,Directed,1,104,Exchange,[NULL]
301,303,Mother of the dead boy,The dead boy's brother,Directed,1,104,Knows,[NULL]
87,305,Buzzworm,The Dead Boy's Crew,Directed,1,104,Exchange,[NULL]
87,302,Buzzworm,coroner,Directed,1,104,Exchange,[NULL]
87,192,Buzzworm,LAPD,Directed,1,105,Knows of,[NULL]
87,309,Buzzworm,Walkman Kid,Directed,1,105,Exchange,[NULL]
309,306,Walkman Kid,Beethoven,Directed,1,105,Knows of,[NULL]
87,305,Buzzworm,The Dead Boy's Crew,Directed,1,105,Exchange,[NULL]
305,192,The Dead Boy's Crew,LAPD,Directed,1,105,Knows of,[NULL]
309,87,Walkman Kid,Buzzworm,Directed,1,105,Exchange,[NULL]
87,306,Buzzworm,Beethoven,Directed,1,105,Knows of,[NULL]
305,87,The Dead Boy's Crew,Buzzworm,Directed,1,105,Exchange,[NULL]
87,307,Buzzworm,Margarita's Family,Directed,1,106,Knows,[NULL]
311,87,Margarita's Eldest,Buzzworm,Directed,1,106,Knows,[NULL]
87,251,Buzzworm,Margarita,Directed,1,106,Knows,[NULL]
307,87,Margarita's Family,Buzzworm,Directed,1,106,Knows,[NULL]
87,309,Buzzworm,Walkman Kid,Directed,1,106,Exchange,[NULL]
309,87,Walkman Kid,Buzzworm,Directed,1,106,Exchange,[NULL]
87,311,Buzzworm,Margarita's Eldest,Directed,1,106,Knows,[NULL]
307,251,Margarita's Family,Margarita,Directed,1,106,Exchange,[NULL]
87,306,Buzzworm,Beethoven,Directed,1,106,Knows of,[NULL]
309,306,Walkman Kid,Beethoven,Directed,1,106,Knows of,[NULL]
311,251,Margarita's Eldest,Margarita,Directed,1,106,Knows,[NULL]
311,310,Margarita's Eldest,Emergency Workers,Directed,1,107,Knows,[NULL]
87,254,Buzzworm,Aretha Franklin,Directed,1,107,Knows of,[NULL]
311,87,Margarita's Eldest,Buzzworm,Directed,1,107,Knows,[NULL]
87,308,Buzzworm,Radio Listener,Directed,1,107,Knows of,[NULL]
69,68,Gabriel Balboa,Manzanar Murakami,Directed,1,107,Knows of,Gabriel Balboa
87,311,Buzzworm,Margarita's Eldest,Directed,1,107,Knows,[NULL]
311,251,Margarita's Eldest,Margarita,Directed,1,107,Knows,[NULL]
87,251,Buzzworm,Margarita,Directed,1,107,Knows,[NULL]
69,87,Gabriel Balboa,Buzzworm,Directed,1,107,Knows of,Gabriel Balboa
87,310,Buzzworm,Emergency Workers,Directed,1,107,Knows of,[NULL]
310,311,Emergency Workers,Margarita's Eldest,Directed,1,107,Knows,[NULL]
310,87,Emergency Workers,Buzzworm,Directed,1,107,Knows of,[NULL]
87,68,Buzzworm,Manzanar Murakami,Directed,1,107,Exchange,Gabriel Balboa
68,87,Manzanar Murakami,Buzzworm,Directed,1,107,Exchange,Gabriel Balboa
68,69,Manzanar Murakami,Gabriel Balboa,Directed,1,108,Exchange,Gabriel Balboa
87,275,Buzzworm,The homeless (abstract),Directed,1,108,Knows,Gabriel Balboa
69,189,Gabriel Balboa,Unnamed members of L.A. Underclass,Directed,1,108,Knows of,Gabriel Balboa
87,69,Buzzworm,Gabriel Balboa,Directed,1,108,Exchange,Gabriel Balboa
69,275,Gabriel Balboa,The homeless (abstract),Directed,1,108,Knows of,Gabriel Balboa
87,68,Buzzworm,Manzanar Murakami,Directed,1,108,Exchange,Gabriel Balboa
68,87,Manzanar Murakami,Buzzworm,Directed,1,108,Exchange,Gabriel Balboa
87,330,Buzzworm,President of United States,Directed,1,108,Knows,Gabriel Balboa
69,87,Gabriel Balboa,Buzzworm,Directed,1,108,Exchange,Gabriel Balboa
69,68,Gabriel Balboa,Manzanar Murakami,Directed,1,108,Exchange,Gabriel Balboa
275,87,The homeless (abstract),Buzzworm,Directed,1,108,Knows,Gabriel Balboa
69,330,Gabriel Balboa,President of United States,Directed,1,108,Knows of,Gabriel Balboa
87,334,Buzzworm,Bach,Directed,1,109,Knows,Gabriel Balboa
68,331,Manzanar Murakami,the Russians,Directed,1,109,Knows of,Gabriel Balboa
68,334,Manzanar Murakami,Bach,Directed,1,109,Knows,Gabriel Balboa
68,506,Manzanar Murakami,Manzanar's Parents,Directed,1,109,Knows,Gabriel Balboa
68,332,Manzanar Murakami,John Coltrane,Directed,1,109,Knows,Gabriel Balboa
69,334,Gabriel Balboa,Bach,Directed,1,109,Knows of,Gabriel Balboa
506,68,Manzanar's Parents,Manzanar Murakami,Directed,1,109,Knows,Gabriel Balboa
69,331,Gabriel Balboa,the Russians,Directed,1,109,Knows of,Gabriel Balboa
69,332,Gabriel Balboa,John Coltrane,Directed,1,109,Knows of,Gabriel Balboa
87,332,Buzzworm,John Coltrane,Directed,1,109,Knows,Gabriel Balboa
69,333,Gabriel Balboa,Miles Davis,Directed,1,109,Knows of,Gabriel Balboa
69,506,Gabriel Balboa,Manzanar's Parents,Directed,1,109,Knows of,Gabriel Balboa
68,333,Manzanar Murakami,Miles Davis,Directed,1,109,Knows,Gabriel Balboa
68,335,Manzanar Murakami,Mozart,Directed,1,109,Knows,Gabriel Balboa
68,87,Manzanar Murakami,Buzzworm,Directed,1,109,Exchange,Gabriel Balboa
68,336,Manzanar Murakami,Antonín Dvořák,Directed,1,109,Knows,Gabriel Balboa
69,336,Gabriel Balboa,Antonín Dvořák,Directed,1,109,Knows of,Gabriel Balboa
87,506,Buzzworm,Manzanar's Parents,Directed,1,109,Knows of,Gabriel Balboa
87,331,Buzzworm,the Russians,Directed,1,109,Knows of,Gabriel Balboa
87,336,Buzzworm,Antonín Dvořák,Directed,1,109,Knows,Gabriel Balboa
87,68,Buzzworm,Manzanar Murakami,Directed,1,109,Exchange,Gabriel Balboa
87,189,Buzzworm,Unnamed members of L.A. Underclass,Directed,1,109,Knows,Gabriel Balboa
87,333,Buzzworm,Miles Davis,Directed,1,109,Knows,Gabriel Balboa
69,68,Gabriel Balboa,Manzanar Murakami,Directed,1,109,Knows of,Gabriel Balboa
69,87,Gabriel Balboa,Buzzworm,Directed,1,109,Knows of,Gabriel Balboa
68,189,Manzanar Murakami,Unnamed members of L.A. Underclass,Directed,1,109,Knows,Gabriel Balboa
87,335,Buzzworm,Mozart,Directed,1,109,Knows,Gabriel Balboa
69,189,Gabriel Balboa,Unnamed members of L.A. Underclass,Directed,1,109,Knows of,Gabriel Balboa
69,335,Gabriel Balboa,Mozart,Directed,1,109,Knows of,Gabriel Balboa
69,87,Gabriel Balboa,Buzzworm,Directed,1,110,Knows of,Gabriel Balboa
275,68,The homeless (abstract),Manzanar Murakami,Directed,1,110,Knows,Gabriel Balboa
69,275,Gabriel Balboa,The homeless (abstract),Directed,1,110,Knows of,Gabriel Balboa
87,275,Buzzworm,The homeless (abstract),Directed,1,110,Knows,Gabriel Balboa
69,189,Gabriel Balboa,Unnamed members of L.A. Underclass,Directed,1,110,Knows of,Gabriel Balboa
87,68,Buzzworm,Manzanar Murakami,Directed,1,110,Exchange,Gabriel Balboa
275,87,The homeless (abstract),Buzzworm,Directed,1,110,Knows,Gabriel Balboa
68,69,Manzanar Murakami,Gabriel Balboa,Directed,1,110,Knows,Gabriel Balboa
69,68,Gabriel Balboa,Manzanar Murakami,Directed,1,110,Knows,Gabriel Balboa
68,87,Manzanar Murakami,Buzzworm,Directed,1,110,Exchange,Gabriel Balboa
68,275,Manzanar Murakami,The homeless (abstract),Directed,1,110,Knows,Gabriel Balboa
68,72,Manzanar Murakami,Emi,Directed,1,111,Knows of,Gabriel Balboa
69,507,Gabriel Balboa,character in a Kurosawa film,Directed,1,111,Knows of,Gabriel Balboa
72,189,Emi,Unnamed members of L.A. Underclass,Directed,1,111,Knows,Gabriel Balboa
69,87,Gabriel Balboa,Buzzworm,Directed,1,111,Exchange,Gabriel Balboa
69,72,Gabriel Balboa,Emi,Directed,1,111,Exchange,Gabriel Balboa
69,68,Gabriel Balboa,Manzanar Murakami,Directed,1,111,Knows,Gabriel Balboa
72,68,Emi,Manzanar Murakami,Directed,1,111,Knows of,Gabriel Balboa
275,68,The homeless (abstract),Manzanar Murakami,Directed,1,111,Knows,Gabriel Balboa
69,189,Gabriel Balboa,Unnamed members of L.A. Underclass,Directed,1,111,Knows of,Gabriel Balboa
87,69,Buzzworm,Gabriel Balboa,Directed,1,111,Exchange,Gabriel Balboa
275,87,The homeless (abstract),Buzzworm,Directed,1,111,Knows,Gabriel Balboa
72,69,Emi,Gabriel Balboa,Directed,1,111,Exchange,Gabriel Balboa
68,69,Manzanar Murakami,Gabriel Balboa,Directed,1,111,Knows,Gabriel Balboa
68,275,Manzanar Murakami,The homeless (abstract),Directed,1,111,Knows,Gabriel Balboa
87,275,Buzzworm,The homeless (abstract),Directed,1,111,Knows,Gabriel Balboa
69,275,Gabriel Balboa,The homeless (abstract),Directed,1,111,Knows of,Gabriel Balboa
69,68,Gabriel Balboa,Manzanar Murakami,Directed,1,112,Knows of,Gabriel Balboa
69,275,Gabriel Balboa,The homeless (abstract),Directed,1,112,Knows of,Gabriel Balboa
72,184,Emi,Emi's Mother,Directed,1,112,Knows,Gabriel Balboa
72,69,Emi,Gabriel Balboa,Directed,1,112,Exchange,Gabriel Balboa
72,68,Emi,Manzanar Murakami,Directed,1,112,Knows of,Gabriel Balboa
68,72,Manzanar Murakami,Emi,Directed,1,112,Knows of,Gabriel Balboa
69,184,Gabriel Balboa,Emi's Mother,Directed,1,112,Knows of,Gabriel Balboa
68,275,Manzanar Murakami,The homeless (abstract),Directed,1,112,Knows,Gabriel Balboa
275,87,The homeless (abstract),Buzzworm,Directed,1,112,Knows,Gabriel Balboa
69,72,Gabriel Balboa,Emi,Directed,1,112,Exchange,Gabriel Balboa
275,68,The homeless (abstract),Manzanar Murakami,Directed,1,112,Knows,Gabriel Balboa
87,275,Buzzworm,The homeless (abstract),Directed,1,112,Knows,Gabriel Balboa
184,72,Emi's Mother,Emi,Directed,1,112,Knows,Gabriel Balboa
69,87,Gabriel Balboa,Buzzworm,Directed,1,112,Knows of,Gabriel Balboa
72,69,Emi,Gabriel Balboa,Directed,1,113,Exchange,Gabriel Balboa
87,95,Buzzworm,Corazon Juarez,Directed,1,113,Knows,Gabriel Balboa
69,189,Gabriel Balboa,Unnamed members of L.A. Underclass,Directed,1,113,Knows of,Gabriel Balboa
69,95,Gabriel Balboa,Corazon Juarez,Directed,1,113,Knows of,Gabriel Balboa
87,189,Buzzworm,Unnamed members of L.A. Underclass,Directed,1,113,Knows,Gabriel Balboa
87,508,Buzzworm,Rush Limbaugh,Directed,1,113,Knows,Gabriel Balboa
69,87,Gabriel Balboa,Buzzworm,Directed,1,113,Exchange,Gabriel Balboa
72,189,Emi,Unnamed members of L.A. Underclass,Directed,1,113,Knows of,Gabriel Balboa
69,71,Gabriel Balboa,People in Traffic,Directed,1,113,Knows of,Gabriel Balboa
72,275,Emi,The homeless (abstract),Directed,1,113,Knows of,Gabriel Balboa
87,71,Buzzworm,People in Traffic,Directed,1,113,Knows,Gabriel Balboa
69,72,Gabriel Balboa,Emi,Directed,1,113,Exchange,Gabriel Balboa
87,315,Buzzworm,Organ Traffickers,Directed,1,113,Knows,Gabriel Balboa
69,508,Gabriel Balboa,Rush Limbaugh,Directed,1,113,Knows of,Gabriel Balboa
69,387,Gabriel Balboa,Howard Stern,Directed,1,113,Knows of,Gabriel Balboa
189,87,Unnamed members of L.A. Underclass,Buzzworm,Directed,1,113,Knows,Gabriel Balboa
69,315,Gabriel Balboa,Organ Traffickers,Directed,1,113,Knows of,Gabriel Balboa
69,275,Gabriel Balboa,The homeless (abstract),Directed,1,113,Knows of,Gabriel Balboa
87,387,Buzzworm,Howard Stern,Directed,1,113,Knows,Gabriel Balboa
87,69,Buzzworm,Gabriel Balboa,Directed,1,113,Exchange,Gabriel Balboa
315,87,Organ Traffickers,Buzzworm,Directed,1,113,Knows,Gabriel Balboa
87,69,Buzzworm,Gabriel Balboa,Directed,1,114,Exchange,Gabriel Balboa
68,87,Manzanar Murakami,Buzzworm,Directed,1,114,Knows,Gabriel Balboa
87,315,Buzzworm,Organ Traffickers,Directed,1,114,Exchange,Gabriel Balboa
66,143,Rafaela Cortés,Doña Maria,Directed,1,114,Knows,[NULL]
87,68,Buzzworm,Manzanar Murakami,Directed,1,114,Knows,Gabriel Balboa
69,72,Gabriel Balboa,Emi,Directed,1,114,Knows,Gabriel Balboa
143,66,Doña Maria,Rafaela Cortés,Directed,1,114,Knows,[NULL]
145,66,Sol,Rafaela Cortés,Directed,1,114,Exchange,[NULL]
145,143,Sol,Doña Maria,Directed,1,114,Knows,[NULL]
69,87,Gabriel Balboa,Buzzworm,Directed,1,114,Exchange,Gabriel Balboa
143,145,Doña Maria,Sol,Directed,1,114,Knows,[NULL]
69,68,Gabriel Balboa,Manzanar Murakami,Directed,1,114,Knows of,Gabriel Balboa
66,145,Rafaela Cortés,Sol,Directed,1,114,Exchange,[NULL]
69,315,Gabriel Balboa,Organ Traffickers,Directed,1,114,Knows of,Gabriel Balboa
315,87,Organ Traffickers,Buzzworm,Directed,1,114,Exchange,Gabriel Balboa
72,69,Emi,Gabriel Balboa,Directed,1,114,Knows,Gabriel Balboa
169,66,Bobby's Nephews and Nieces,Rafaela Cortés,Directed,1,115,Knows of,[NULL]
149,66,Rodriguez,Rafaela Cortés,Directed,1,115,Knows,[NULL]
167,66,Bobby's Sister 1,Rafaela Cortés,Directed,1,115,Knows of,[NULL]
161,66,Bobby's Brother,Rafaela Cortés,Directed,1,115,Knows,[NULL]
66,227,Rafaela Cortés,Bobby's uncles,Directed,1,115,Knows of,[NULL]
98,145,Bobby Ngu,Sol,Directed,1,115,Knows,[NULL]
149,145,Rodriguez,Sol,Directed,1,115,Knows,[NULL]
66,312,Rafaela Cortés,person on the phone with Hernando,Directed,1,115,Knows of,[NULL]
158,312,Hernando (Dona Maria's son),person on the phone with Hernando,Directed,1,115,Exchange,[NULL]
312,158,person on the phone with Hernando,Hernando (Dona Maria's son),Directed,1,115,Exchange,[NULL]
69,66,Gabriel Balboa,Rafaela Cortés,Directed,1,115,Knows,[NULL]
66,145,Rafaela Cortés,Sol,Directed,1,115,Exchange,[NULL]
208,66,Bobby's Sister 2,Rafaela Cortés,Directed,1,115,Knows of,[NULL]
66,149,Rafaela Cortés,Rodriguez,Directed,1,115,Knows,[NULL]
66,226,Rafaela Cortés,Bobby's grandfather,Directed,1,115,Knows of,[NULL]
66,163,Rafaela Cortés,Bobby's Mother,Directed,1,115,Knows of,[NULL]
66,98,Rafaela Cortés,Bobby Ngu,Directed,1,115,Knows,[NULL]
66,167,Rafaela Cortés,Bobby's Sister 1,Directed,1,115,Knows of,[NULL]
227,66,Bobby's uncles,Rafaela Cortés,Directed,1,115,Knows of,[NULL]
145,158,Sol,Hernando (Dona Maria's son),Directed,1,115,Knows of,[NULL]
143,66,Doña Maria,Rafaela Cortés,Directed,1,115,Exchange,[NULL]
145,149,Sol,Rodriguez,Directed,1,115,Knows,[NULL]
66,158,Rafaela Cortés,Hernando (Dona Maria's son),Directed,1,115,Knows of,[NULL]
143,312,Doña Maria,person on the phone with Hernando,Directed,1,115,Knows of,[NULL]
66,69,Rafaela Cortés,Gabriel Balboa,Directed,1,115,Knows,[NULL]
66,162,Rafaela Cortés,Bobby's Father,Directed,1,115,Knows,[NULL]
145,98,Sol,Bobby Ngu,Directed,1,115,Knows,[NULL]
145,66,Sol,Rafaela Cortés,Directed,1,115,Exchange,[NULL]
66,143,Rafaela Cortés,Doña Maria,Directed,1,115,Exchange,[NULL]
66,161,Rafaela Cortés,Bobby's Brother,Directed,1,115,Knows,[NULL]
143,158,Doña Maria,Hernando (Dona Maria's son),Directed,1,115,Knows,[NULL]
98,66,Bobby Ngu,Rafaela Cortés,Directed,1,115,Knows,[NULL]
66,208,Rafaela Cortés,Bobby's Sister 2,Directed,1,115,Knows of,[NULL]
158,143,Hernando (Dona Maria's son),Doña Maria,Directed,1,115,Knows,[NULL]
66,169,Rafaela Cortés,Bobby's Nephews and Nieces,Directed,1,115,Knows of,[NULL]
158,66,Hernando (Dona Maria's son),Rafaela Cortés,Directed,1,115,Knows of,[NULL]
66,313,Rafaela Cortés,Those Brazilians,Directed,1,116,Knows of,[NULL]
145,66,Sol,Rafaela Cortés,Directed,1,116,Exchange,[NULL]
143,313,Doña Maria,Those Brazilians,Directed,1,116,Knows of,[NULL]
143,312,Doña Maria,person on the phone with Hernando,Directed,1,116,Knows of,[NULL]
66,312,Rafaela Cortés,person on the phone with Hernando,Directed,1,116,Knows of,[NULL]
143,145,Doña Maria,Sol,Directed,1,116,Exchange,[NULL]
66,158,Rafaela Cortés,Hernando (Dona Maria's son),Directed,1,116,Knows,[NULL]
145,143,Sol,Doña Maria,Directed,1,116,Exchange,[NULL]
158,313,Hernando (Dona Maria's son),Those Brazilians,Directed,1,116,Knows of,[NULL]
158,66,Hernando (Dona Maria's son),Rafaela Cortés,Directed,1,116,Knows,[NULL]
312,158,person on the phone with Hernando,Hernando (Dona Maria's son),Directed,1,116,Exchange,[NULL]
143,66,Doña Maria,Rafaela Cortés,Directed,1,116,Exchange,[NULL]
66,145,Rafaela Cortés,Sol,Directed,1,116,Exchange,[NULL]
98,66,Bobby Ngu,Rafaela Cortés,Directed,1,116,Knows,[NULL]
66,143,Rafaela Cortés,Doña Maria,Directed,1,116,Exchange,[NULL]
158,312,Hernando (Dona Maria's son),person on the phone with Hernando,Directed,1,116,Exchange,[NULL]
66,98,Rafaela Cortés,Bobby Ngu,Directed,1,116,Knows,[NULL]
143,156,Doña Maria,Lupe,Directed,1,117,Knows,[NULL]
66,98,Rafaela Cortés,Bobby Ngu,Directed,1,117,Knows,[NULL]
312,158,person on the phone with Hernando,Hernando (Dona Maria's son),Directed,1,117,Exchange,[NULL]
66,143,Rafaela Cortés,Doña Maria,Directed,1,117,Exchange,[NULL]
158,312,Hernando (Dona Maria's son),person on the phone with Hernando,Directed,1,117,Exchange,[NULL]
312,66,person on the phone with Hernando,Rafaela Cortés,Directed,1,117,Knows of,[NULL]
98,66,Bobby Ngu,Rafaela Cortés,Directed,1,117,Knows,[NULL]
156,145,Lupe,Sol,Directed,1,117,Knows,[NULL]
312,314,person on the phone with Hernando,Organ buyers,Directed,1,117,Knows of,[NULL]
314,158,Organ buyers,Hernando (Dona Maria's son),Directed,1,117,Knows,[NULL]
156,143,Lupe,Doña Maria,Directed,1,117,Knows,[NULL]
156,66,Lupe,Rafaela Cortés,Directed,1,117,Knows,[NULL]
143,66,Doña Maria,Rafaela Cortés,Directed,1,117,Exchange,[NULL]
66,158,Rafaela Cortés,Hernando (Dona Maria's son),Directed,1,117,Knows,[NULL]
158,145,Hernando (Dona Maria's son),Sol,Directed,1,117,Knows,[NULL]
312,145,person on the phone with Hernando,Sol,Directed,1,117,Knows of,[NULL]
143,158,Doña Maria,Hernando (Dona Maria's son),Directed,1,117,Knows,[NULL]
143,145,Doña Maria,Sol,Directed,1,117,Exchange,[NULL]
145,156,Sol,Lupe,Directed,1,117,Knows,[NULL]
145,143,Sol,Doña Maria,Directed,1,117,Exchange,[NULL]
66,312,Rafaela Cortés,person on the phone with Hernando,Directed,1,117,Knows of,[NULL]
158,143,Hernando (Dona Maria's son),Doña Maria,Directed,1,117,Knows,[NULL]
158,66,Hernando (Dona Maria's son),Rafaela Cortés,Directed,1,117,Knows,[NULL]
158,314,Hernando (Dona Maria's son),Organ buyers,Directed,1,117,Knows,[NULL]
66,156,Rafaela Cortés,Lupe,Directed,1,117,Knows,[NULL]
158,316,Hernando (Dona Maria's son),"""The Doctor""",Directed,1,118,Knows of,[NULL]
312,158,person on the phone with Hernando,Hernando (Dona Maria's son),Directed,1,118,Exchange,[NULL]
314,158,Organ buyers,Hernando (Dona Maria's son),Directed,1,118,Knows,[NULL]
312,315,person on the phone with Hernando,Organ Traffickers,Directed,1,118,Knows,[NULL]
316,312,"""The Doctor""",person on the phone with Hernando,Directed,1,118,Knows,[NULL]
316,145,"""The Doctor""",Sol,Directed,1,118,Knows of,[NULL]
316,158,"""The Doctor""",Hernando (Dona Maria's son),Directed,1,118,Knows of,[NULL]
66,312,Rafaela Cortés,person on the phone with Hernando,Directed,1,118,Knows of,[NULL]
158,66,Hernando (Dona Maria's son),Rafaela Cortés,Directed,1,118,Exchange,[NULL]
312,316,person on the phone with Hernando,"""The Doctor""",Directed,1,118,Knows,[NULL]
158,145,Hernando (Dona Maria's son),Sol,Directed,1,118,Knows,[NULL]
158,312,Hernando (Dona Maria's son),person on the phone with Hernando,Directed,1,118,Exchange,[NULL]
158,314,Hernando (Dona Maria's son),Organ buyers,Directed,1,118,Knows,[NULL]
158,315,Hernando (Dona Maria's son),Organ Traffickers,Directed,1,118,Knows of,[NULL]
315,312,Organ Traffickers,person on the phone with Hernando,Directed,1,118,Knows,[NULL]
312,66,person on the phone with Hernando,Rafaela Cortés,Directed,1,118,Knows of,[NULL]
66,158,Rafaela Cortés,Hernando (Dona Maria's son),Directed,1,118,Exchange,[NULL]
312,145,person on the phone with Hernando,Sol,Directed,1,118,Knows of,[NULL]
66,145,Rafaela Cortés,Sol,Directed,1,118,Knows,[NULL]
312,314,person on the phone with Hernando,Organ buyers,Directed,1,118,Knows of,[NULL]
145,66,Sol,Rafaela Cortés,Directed,1,118,Knows,[NULL]
315,158,Organ Traffickers,Hernando (Dona Maria's son),Directed,1,118,Knows of,[NULL]
143,66,Doña Maria,Rafaela Cortés,Directed,1,119,Knows,[NULL]
145,66,Sol,Rafaela Cortés,Directed,1,119,Knows,[NULL]
66,145,Rafaela Cortés,Sol,Directed,1,119,Knows,[NULL]
66,143,Rafaela Cortés,Doña Maria,Directed,1,119,Knows,[NULL]
68,189,Manzanar Murakami,Unnamed members of L.A. Underclass,Directed,1,120,Knows,[NULL]
68,71,Manzanar Murakami,People in Traffic,Directed,1,120,Knows,[NULL]
189,68,Unnamed members of L.A. Underclass,Manzanar Murakami,Directed,1,120,Knows,[NULL]
68,189,Manzanar Murakami,Unnamed members of L.A. Underclass,Directed,1,121,Knows,[NULL]
189,68,Unnamed members of L.A. Underclass,Manzanar Murakami,Directed,1,121,Knows,[NULL]
275,68,The homeless (abstract),Manzanar Murakami,Directed,1,122,Knows,[NULL]
189,514,Unnamed members of L.A. Underclass,a dozen motorists,Directed,1,122,Knows of,[NULL]
370,78,Car Owners and Passengers (abstract),God,Directed,1,122,Knows of,[NULL]
68,514,Manzanar Murakami,a dozen motorists,Directed,1,122,Knows,[NULL]
370,339,Car Owners and Passengers (abstract),The Police (Abstract),Directed,1,122,Knows,[NULL]
189,370,Unnamed members of L.A. Underclass,Car Owners and Passengers (abstract),Directed,1,122,Knows of,[NULL]
370,189,Car Owners and Passengers (abstract),Unnamed members of L.A. Underclass,Directed,1,122,Knows of,[NULL]
68,275,Manzanar Murakami,The homeless (abstract),Directed,1,122,Knows,[NULL]
189,68,Unnamed members of L.A. Underclass,Manzanar Murakami,Directed,1,122,Knows,[NULL]
68,189,Manzanar Murakami,Unnamed members of L.A. Underclass,Directed,1,122,Knows,[NULL]
68,275,Manzanar Murakami,The homeless (abstract),Directed,1,123,Knows,[NULL]
69,349,Gabriel Balboa,John Hussong,Directed,1,123,Knows of,[NULL]
275,68,The homeless (abstract),Manzanar Murakami,Directed,1,123,Knows,[NULL]
68,189,Manzanar Murakami,Unnamed members of L.A. Underclass,Directed,1,123,Knows,[NULL]
189,68,Unnamed members of L.A. Underclass,Manzanar Murakami,Directed,1,123,Knows,[NULL]
72,69,Emi,Gabriel Balboa,Directed,1,123,Exchange,[NULL]
69,72,Gabriel Balboa,Emi,Directed,1,123,Exchange,[NULL]
72,349,Emi,John Hussong,Directed,1,123,Knows of,[NULL]
72,356,Emi,Japanese Americans (Abstract),Directed,1,124,Knows of,[NULL]
69,353,Gabriel Balboa,Hiro (The Sushimaker),Directed,1,124,Exchange,[NULL]
69,170,Gabriel Balboa,Raymond Chandler,Directed,1,124,Knows of,[NULL]
69,72,Gabriel Balboa,Emi,Directed,1,124,Exchange,[NULL]
72,355,Emi,Japanese American Gardeners,Directed,1,124,Knows of,[NULL]
69,352,Gabriel Balboa,Bill Welch,Directed,1,124,Knows of,[NULL]
69,355,Gabriel Balboa,Japanese American Gardeners,Directed,1,124,Knows of,[NULL]
72,69,Emi,Gabriel Balboa,Directed,1,124,Exchange,[NULL]
69,351,Gabriel Balboa,Pasadena Señoras,Directed,1,124,Knows of,[NULL]
69,350,Gabriel Balboa,Pasadena Tournament of Roses Association (Rose Par,Directed,1,124,Knows of,[NULL]
69,354,Gabriel Balboa,A Green-type from Colorado,Directed,1,124,Knows of,[NULL]
72,353,Emi,Hiro (The Sushimaker),Directed,1,124,Exchange,[NULL]
69,356,Gabriel Balboa,Japanese Americans (Abstract),Directed,1,124,Knows of,[NULL]
353,72,Hiro (The Sushimaker),Emi,Directed,1,124,Exchange,[NULL]
354,72,A Green-type from Colorado,Emi,Directed,1,124,Exchange,[NULL]
185,72,Emi's Father,Emi,Directed,1,124,Knows,[NULL]
72,351,Emi,Pasadena Señoras,Directed,1,124,Knows of,[NULL]
72,350,Emi,Pasadena Tournament of Roses Association (Rose Par,Directed,1,124,Knows of,[NULL]
185,69,Emi's Father,Gabriel Balboa,Directed,1,124,Knows,[NULL]
353,69,Hiro (The Sushimaker),Gabriel Balboa,Directed,1,124,Exchange,[NULL]
184,72,Emi's Mother,Emi,Directed,1,124,Knows,[NULL]
69,184,Gabriel Balboa,Emi's Mother,Directed,1,124,Knows,[NULL]
72,170,Emi,Raymond Chandler,Directed,1,124,Knows of,[NULL]
69,185,Gabriel Balboa,Emi's Father,Directed,1,124,Knows,[NULL]
184,69,Emi's Mother,Gabriel Balboa,Directed,1,124,Knows,[NULL]
72,184,Emi,Emi's Mother,Directed,1,124,Knows,[NULL]
69,357,Gabriel Balboa,Tom Ford (Black Orchid),Directed,1,124,Knows of,[NULL]
72,352,Emi,Bill Welch,Directed,1,124,Knows of,[NULL]
72,354,Emi,A Green-type from Colorado,Directed,1,124,Exchange,[NULL]
72,185,Emi,Emi's Father,Directed,1,124,Knows,[NULL]
72,69,Emi,Gabriel Balboa,Directed,1,125,Exchange,[NULL]
69,360,Gabriel Balboa,The Three Tenors,Directed,1,125,Knows of,[NULL]
69,72,Gabriel Balboa,Emi,Directed,1,125,Exchange,[NULL]
72,353,Emi,Hiro (The Sushimaker),Directed,1,125,Exchange,[NULL]
69,361,Gabriel Balboa,Terry Murphy and Barry Nolan (Hard Copy),Directed,1,125,Knows of,[NULL]
72,360,Emi,The Three Tenors,Directed,1,125,Knows of,[NULL]
353,69,Hiro (The Sushimaker),Gabriel Balboa,Directed,1,125,Exchange,[NULL]
69,353,Gabriel Balboa,Hiro (The Sushimaker),Directed,1,125,Exchange,[NULL]
353,72,Hiro (The Sushimaker),Emi,Directed,1,125,Exchange,[NULL]
69,358,Gabriel Balboa,Dead Firemen,Directed,1,125,Knows of,[NULL]
72,359,Emi,"Edward Dmytryk (Murder, My Sweet)",Directed,1,125,Knows of,[NULL]
69,359,Gabriel Balboa,"Edward Dmytryk (Murder, My Sweet)",Directed,1,125,Knows of,[NULL]
72,361,Emi,Terry Murphy and Barry Nolan (Hard Copy),Directed,1,125,Knows of,[NULL]
72,358,Emi,Dead Firemen,Directed,1,125,Knows of,[NULL]
72,69,Emi,Gabriel Balboa,Directed,1,126,Exchange,[NULL]
69,366,Gabriel Balboa,Larry H. Parker,Directed,1,126,Knows of,[NULL]
69,365,Gabriel Balboa,Levis Strauss,Directed,1,126,Knows of,[NULL]
72,366,Emi,Larry H. Parker,Directed,1,126,Knows of,[NULL]
72,365,Emi,Levis Strauss,Directed,1,126,Knows of,[NULL]
72,362,Emi,The Station Chief,Directed,1,126,Knows of,[NULL]
72,364,Emi,Producers,Directed,1,126,Knows of,[NULL]
69,368,Gabriel Balboa,Wally Amos (Famous Amos),Directed,1,126,Knows of,[NULL]
69,364,Gabriel Balboa,Producers,Directed,1,126,Knows of,[NULL]
72,368,Emi,Wally Amos (Famous Amos),Directed,1,126,Knows of,[NULL]
72,367,Emi,The Pillsbury Doughboy,Directed,1,126,Knows of,[NULL]
69,72,Gabriel Balboa,Emi,Directed,1,126,Exchange,[NULL]
69,363,Gabriel Balboa,People Below Emi,Directed,1,126,Knows of,[NULL]
69,362,Gabriel Balboa,The Station Chief,Directed,1,126,Knows of,[NULL]
69,367,Gabriel Balboa,The Pillsbury Doughboy,Directed,1,126,Knows of,[NULL]
72,363,Emi,People Below Emi,Directed,1,126,Knows of,[NULL]
69,381,Gabriel Balboa,Japanophile Woman,Directed,1,127,Knows,[NULL]
72,141,Emi,Uma Thurman,Directed,1,127,Knows,[NULL]
69,369,Gabriel Balboa,Sushi Restaurant Clientele (Abstract),Directed,1,127,Knows of,[NULL]
72,353,Emi,Hiro (The Sushimaker),Directed,1,127,Knows,[NULL]
69,374,Gabriel Balboa,White People at Hiro's Sushi,Directed,1,127,Knows of,[NULL]
69,376,Gabriel Balboa,White guy who looks Cherokee/Navajo,Directed,1,127,Knows of,[NULL]
72,371,Emi,"""The gays at the end of the bar""",Directed,1,127,Knows of,[NULL]
353,69,Hiro (The Sushimaker),Gabriel Balboa,Directed,1,127,Knows,[NULL]
353,72,Hiro (The Sushimaker),Emi,Directed,1,127,Knows,[NULL]
72,381,Emi,Japanophile Woman,Directed,1,127,Exchange,[NULL]
69,72,Gabriel Balboa,Emi,Directed,1,127,Exchange,[NULL]
72,369,Emi,Sushi Restaurant Clientele (Abstract),Directed,1,127,Knows of,[NULL]
72,372,Emi,"""The guy with the turban""",Directed,1,127,Knows of,[NULL]
72,375,Emi,Chicana who looks Persian,Directed,1,127,Knows of,[NULL]
72,374,Emi,White People at Hiro's Sushi,Directed,1,127,Knows of,[NULL]
69,371,Gabriel Balboa,"""The gays at the end of the bar""",Directed,1,127,Knows of,[NULL]
72,373,Emi,Caucasian Japanophiles,Directed,1,127,Knows of,[NULL]
72,370,Emi,Car Owners and Passengers (abstract),Directed,1,127,Knows of,[NULL]
69,370,Gabriel Balboa,Car Owners and Passengers (abstract),Directed,1,127,Knows of,[NULL]
381,72,Japanophile Woman,Emi,Directed,1,127,Exchange,[NULL]
69,373,Gabriel Balboa,Caucasian Japanophiles,Directed,1,127,Knows of,[NULL]
69,353,Gabriel Balboa,Hiro (The Sushimaker),Directed,1,127,Knows,[NULL]
69,142,Gabriel Balboa,Quentin Tarantino,Directed,1,127,Knows of,[NULL]
69,375,Gabriel Balboa,Chicana who looks Persian,Directed,1,127,Knows of,[NULL]
72,142,Emi,Quentin Tarantino,Directed,1,127,Knows,[NULL]
381,69,Japanophile Woman,Gabriel Balboa,Directed,1,127,Knows,[NULL]
72,69,Emi,Gabriel Balboa,Directed,1,127,Exchange,[NULL]
69,141,Gabriel Balboa,Uma Thurman,Directed,1,127,Knows of,[NULL]
69,372,Gabriel Balboa,"""The guy with the turban""",Directed,1,127,Knows of,[NULL]
72,376,Emi,White guy who looks Cherokee/Navajo,Directed,1,127,Knows of,[NULL]
72,377,Emi,South African Couple,Directed,1,128,Knows of,[NULL]
69,353,Gabriel Balboa,Hiro (The Sushimaker),Directed,1,128,Knows,[NULL]
72,379,Emi,ethnically Ambiguous woman's hypothetical parents,Directed,1,128,Knows of,[NULL]
69,380,Gabriel Balboa,A white Guy wearing a Nirvana T-shirt and dreds,Directed,1,128,Knows of,[NULL]
69,381,Gabriel Balboa,Japanophile Woman,Directed,1,128,Knows,[NULL]
72,376,Emi,White guy who looks Cherokee/Navajo,Directed,1,128,Knows of,[NULL]
69,375,Gabriel Balboa,Chicana who looks Persian,Directed,1,128,Knows of,[NULL]
69,378,Gabriel Balboa,Ethnically Ambiguous woman,Directed,1,128,Knows of,[NULL]
69,72,Gabriel Balboa,Emi,Directed,1,128,Exchange,[NULL]
353,72,Hiro (The Sushimaker),Emi,Directed,1,128,Exchange,[NULL]
69,377,Gabriel Balboa,South African Couple,Directed,1,128,Knows of,[NULL]
72,381,Emi,Japanophile Woman,Directed,1,128,Exchange,[NULL]
69,376,Gabriel Balboa,White guy who looks Cherokee/Navajo,Directed,1,128,Knows of,[NULL]
381,353,Japanophile Woman,Hiro (The Sushimaker),Directed,1,128,Exchange,[NULL]
72,69,Emi,Gabriel Balboa,Directed,1,128,Exchange,[NULL]
72,353,Emi,Hiro (The Sushimaker),Directed,1,128,Exchange,[NULL]
72,380,Emi,A white Guy wearing a Nirvana T-shirt and dreds,Directed,1,128,Knows of,[NULL]
381,69,Japanophile Woman,Gabriel Balboa,Directed,1,128,Knows,[NULL]
353,69,Hiro (The Sushimaker),Gabriel Balboa,Directed,1,128,Knows,[NULL]
353,381,Hiro (The Sushimaker),Japanophile Woman,Directed,1,128,Exchange,[NULL]
72,378,Emi,Ethnically Ambiguous woman,Directed,1,128,Knows of,[NULL]
381,72,Japanophile Woman,Emi,Directed,1,128,Exchange,[NULL]
69,379,Gabriel Balboa,ethnically Ambiguous woman's hypothetical parents,Directed,1,128,Knows of,[NULL]
72,375,Emi,Chicana who looks Persian,Directed,1,128,Knows of,[NULL]
69,383,Gabriel Balboa,Jocasta,Directed,1,129,Knows of,[NULL]
72,69,Emi,Gabriel Balboa,Directed,1,129,Exchange,[NULL]
69,353,Gabriel Balboa,Hiro (The Sushimaker),Directed,1,129,Exchange,[NULL]
69,381,Gabriel Balboa,Japanophile Woman,Directed,1,129,Knows,[NULL]
69,382,Gabriel Balboa,Oedipus,Directed,1,129,Knows of,[NULL]
353,381,Hiro (The Sushimaker),Japanophile Woman,Directed,1,129,Exchange,[NULL]
72,381,Emi,Japanophile Woman,Directed,1,129,Exchange,[NULL]
353,69,Hiro (The Sushimaker),Gabriel Balboa,Directed,1,129,Exchange,[NULL]
381,353,Japanophile Woman,Hiro (The Sushimaker),Directed,1,129,Exchange,[NULL]
72,353,Emi,Hiro (The Sushimaker),Directed,1,129,Exchange,[NULL]
381,69,Japanophile Woman,Gabriel Balboa,Directed,1,129,Knows,[NULL]
381,72,Japanophile Woman,Emi,Directed,1,129,Exchange,[NULL]
69,72,Gabriel Balboa,Emi,Directed,1,129,Exchange,[NULL]
353,72,Hiro (The Sushimaker),Emi,Directed,1,129,Exchange,[NULL]
531,537,Cantina waiter,Cantina waiter's family,Directed,1,130,Knows,[NULL]
70,538,Arcangel/El Gran Mojado,Cantina chef,Directed,1,130,Knows of,[NULL]
70,533,Arcangel/El Gran Mojado,Cantina diners,Directed,1,130,Knows,[NULL]
538,531,Cantina chef,Cantina waiter,Directed,1,130,Knows,[NULL]
533,531,Cantina diners,Cantina waiter,Directed,1,130,Knows,[NULL]
70,537,Arcangel/El Gran Mojado,Cantina waiter's family,Directed,1,130,Knows of,[NULL]
531,70,Cantina waiter,Arcangel/El Gran Mojado,Directed,1,130,Exchange,[NULL]
70,531,Arcangel/El Gran Mojado,Cantina waiter,Directed,1,130,Exchange,[NULL]
531,533,Cantina waiter,Cantina diners,Directed,1,130,Knows,[NULL]
537,531,Cantina waiter's family,Cantina waiter,Directed,1,130,Knows,[NULL]
531,538,Cantina waiter,Cantina chef,Directed,1,130,Knows,[NULL]
531,820,Cantina waiter,Samuel Adams,Directed,1,131,Knows of,[NULL]
541,541,Cockfighters,Cockfighters,Directed,1,131,Exchange,[NULL]
531,533,Cantina waiter,Cantina diners,Directed,1,131,Knows,[NULL]
533,531,Cantina diners,Cantina waiter,Directed,1,131,Knows,[NULL]
531,70,Cantina waiter,Arcangel/El Gran Mojado,Directed,1,131,Exchange,[NULL]
531,541,Cantina waiter,Cockfighters,Directed,1,131,Knows of,[NULL]
70,820,Arcangel/El Gran Mojado,Samuel Adams,Directed,1,131,Knows of,[NULL]
70,533,Arcangel/El Gran Mojado,Cantina diners,Directed,1,131,Knows,[NULL]
70,531,Arcangel/El Gran Mojado,Cantina waiter,Directed,1,131,Exchange,[NULL]
70,541,Arcangel/El Gran Mojado,Cockfighters,Directed,1,131,Knows,[NULL]
547,545,someone in cockfight crowd,cockfight crowd,Directed,1,132,Exchange,[NULL]
547,419,someone in cockfight crowd,El Gran Mojado,Directed,1,132,Exchange,[NULL]
545,547,cockfight crowd,someone in cockfight crowd,Directed,1,132,Exchange,[NULL]
545,420,cockfight crowd,SUPERNAFTA,Directed,1,132,Knows of,[NULL]
545,548,cockfight crowd,Martians,Directed,1,132,Knows of,[NULL]
70,432,Arcangel/El Gran Mojado,Subcomandante Marcos,Directed,1,132,Knows,[NULL]
541,541,Cockfighters,Cockfighters,Directed,1,132,Exchange,[NULL]
545,419,cockfight crowd,El Gran Mojado,Directed,1,132,Exchange,[NULL]
419,548,El Gran Mojado,Martians,Directed,1,132,Knows of,[NULL]
419,420,El Gran Mojado,SUPERNAFTA,Directed,1,132,Knows of,[NULL]
419,545,El Gran Mojado,cockfight crowd,Directed,1,132,Exchange,[NULL]
419,547,El Gran Mojado,someone in cockfight crowd,Directed,1,132,Exchange,[NULL]
419,550,El Gran Mojado,Californianos,Directed,1,133,Knows,[NULL]
419,420,El Gran Mojado,SUPERNAFTA,Directed,1,133,Knows of,[NULL]
419,545,El Gran Mojado,cockfight crowd,Directed,1,133,Exchange,[NULL]
419,549,El Gran Mojado,the gringos,Directed,1,133,Knows,[NULL]
419,551,El Gran Mojado,Indigenas,Directed,1,133,Knows,[NULL]
545,549,cockfight crowd,the gringos,Directed,1,133,Knows,[NULL]
545,420,cockfight crowd,SUPERNAFTA,Directed,1,133,Knows of,[NULL]
545,419,cockfight crowd,El Gran Mojado,Directed,1,133,Exchange,[NULL]
545,551,cockfight crowd,Indigenas,Directed,1,133,Knows,[NULL]
545,550,cockfight crowd,Californianos,Directed,1,133,Knows,[NULL]
560,557,La Raza Cósmica,Super-Ilegal,Directed,1,134,Knows,[NULL]
558,553,Super-Chicano,Super-Barrio,Directed,1,134,Knows,[NULL]
545,419,cockfight crowd,El Gran Mojado,Directed,1,134,Exchange,[NULL]
70,559,Arcangel/El Gran Mojado,Super-Gringo,Directed,1,134,Knows,[NULL]
558,559,Super-Chicano,Super-Gringo,Directed,1,134,Knows,[NULL]
554,556,La Chingada,El Gran Chingón,Directed,1,134,Knows,[NULL]
554,560,La Chingada,La Raza Cósmica,Directed,1,134,Knows,[NULL]
554,420,La Chingada,SUPERNAFTA,Directed,1,134,Knows,[NULL]
558,557,Super-Chicano,Super-Ilegal,Directed,1,134,Knows,[NULL]
558,555,Super-Chicano,Super-Migra,Directed,1,134,Knows,[NULL]
559,70,Super-Gringo,Arcangel/El Gran Mojado,Directed,1,134,Knows,[NULL]
559,556,Super-Gringo,El Gran Chingón,Directed,1,134,Knows,[NULL]
558,420,Super-Chicano,SUPERNAFTA,Directed,1,134,Knows,[NULL]
558,560,Super-Chicano,La Raza Cósmica,Directed,1,134,Knows,[NULL]
558,554,Super-Chicano,La Chingada,Directed,1,134,Knows,[NULL]
554,553,La Chingada,Super-Barrio,Directed,1,134,Knows,[NULL]
553,556,Super-Barrio,El Gran Chingón,Directed,1,134,Knows,[NULL]
553,554,Super-Barrio,La Chingada,Directed,1,134,Knows,[NULL]
545,545,cockfight crowd,cockfight crowd,Directed,1,134,Exchange,[NULL]
545,420,cockfight crowd,SUPERNAFTA,Directed,1,134,Knows of,[NULL]
554,70,La Chingada,Arcangel/El Gran Mojado,Directed,1,134,Knows,[NULL]
553,560,Super-Barrio,La Raza Cósmica,Directed,1,134,Knows,[NULL]
70,558,Arcangel/El Gran Mojado,Super-Chicano,Directed,1,134,Knows,[NULL]
553,420,Super-Barrio,SUPERNAFTA,Directed,1,134,Knows,[NULL]
553,559,Super-Barrio,Super-Gringo,Directed,1,134,Knows,[NULL]
70,553,Arcangel/El Gran Mojado,Super-Barrio,Directed,1,134,Knows,[NULL]
553,557,Super-Barrio,Super-Ilegal,Directed,1,134,Knows,[NULL]
553,555,Super-Barrio,Super-Migra,Directed,1,134,Knows,[NULL]
558,70,Super-Chicano,Arcangel/El Gran Mojado,Directed,1,134,Knows,[NULL]
558,556,Super-Chicano,El Gran Chingón,Directed,1,134,Knows,[NULL]
553,558,Super-Barrio,Super-Chicano,Directed,1,134,Knows,[NULL]
560,555,La Raza Cósmica,Super-Migra,Directed,1,134,Knows,[NULL]
559,554,Super-Gringo,La Chingada,Directed,1,134,Knows,[NULL]
559,560,Super-Gringo,La Raza Cósmica,Directed,1,134,Knows,[NULL]
557,553,Super-Ilegal,Super-Barrio,Directed,1,134,Knows,[NULL]
557,558,Super-Ilegal,Super-Chicano,Directed,1,134,Knows,[NULL]
557,559,Super-Ilegal,Super-Gringo,Directed,1,134,Knows,[NULL]
557,555,Super-Ilegal,Super-Migra,Directed,1,134,Knows,[NULL]
555,70,Super-Migra,Arcangel/El Gran Mojado,Directed,1,134,Knows,[NULL]
555,556,Super-Migra,El Gran Chingón,Directed,1,134,Knows,[NULL]
555,554,Super-Migra,La Chingada,Directed,1,134,Knows,[NULL]
555,560,Super-Migra,La Raza Cósmica,Directed,1,134,Knows,[NULL]
555,420,Super-Migra,SUPERNAFTA,Directed,1,134,Knows,[NULL]
555,553,Super-Migra,Super-Barrio,Directed,1,134,Knows,[NULL]
555,558,Super-Migra,Super-Chicano,Directed,1,134,Knows,[NULL]
555,559,Super-Migra,Super-Gringo,Directed,1,134,Knows,[NULL]
560,558,La Raza Cósmica,Super-Chicano,Directed,1,134,Knows,[NULL]
560,559,La Raza Cósmica,Super-Gringo,Directed,1,134,Knows,[NULL]
555,557,Super-Migra,Super-Ilegal,Directed,1,134,Knows,[NULL]
560,553,La Raza Cósmica,Super-Barrio,Directed,1,134,Knows,[NULL]
554,558,La Chingada,Super-Chicano,Directed,1,134,Knows,[NULL]
557,420,Super-Ilegal,SUPERNAFTA,Directed,1,134,Knows,[NULL]
70,555,Arcangel/El Gran Mojado,Super-Migra,Directed,1,134,Knows,[NULL]
554,559,La Chingada,Super-Gringo,Directed,1,134,Knows,[NULL]
554,557,La Chingada,Super-Ilegal,Directed,1,134,Knows,[NULL]
559,420,Super-Gringo,SUPERNAFTA,Directed,1,134,Knows,[NULL]
559,553,Super-Gringo,Super-Barrio,Directed,1,134,Knows,[NULL]
559,558,Super-Gringo,Super-Chicano,Directed,1,134,Knows,[NULL]
554,555,La Chingada,Super-Migra,Directed,1,134,Knows,[NULL]
560,70,La Raza Cósmica,Arcangel/El Gran Mojado,Directed,1,134,Knows,[NULL]
559,557,Super-Gringo,Super-Ilegal,Directed,1,134,Knows,[NULL]
560,556,La Raza Cósmica,El Gran Chingón,Directed,1,134,Knows,[NULL]
560,554,La Raza Cósmica,La Chingada,Directed,1,134,Knows,[NULL]
560,420,La Raza Cósmica,SUPERNAFTA,Directed,1,134,Knows,[NULL]
559,555,Super-Gringo,Super-Migra,Directed,1,134,Knows,[NULL]
557,70,Super-Ilegal,Arcangel/El Gran Mojado,Directed,1,134,Knows,[NULL]
557,556,Super-Ilegal,El Gran Chingón,Directed,1,134,Knows,[NULL]
557,554,Super-Ilegal,La Chingada,Directed,1,134,Knows,[NULL]
557,560,Super-Ilegal,La Raza Cósmica,Directed,1,134,Knows,[NULL]
553,70,Super-Barrio,Arcangel/El Gran Mojado,Directed,1,134,Knows,[NULL]
70,557,Arcangel/El Gran Mojado,Super-Ilegal,Directed,1,134,Knows,[NULL]
420,554,SUPERNAFTA,La Chingada,Directed,1,134,Knows,[NULL]
70,556,Arcangel/El Gran Mojado,El Gran Chingón,Directed,1,134,Knows,[NULL]
419,545,El Gran Mojado,cockfight crowd,Directed,1,134,Exchange,[NULL]
420,555,SUPERNAFTA,Super-Migra,Directed,1,134,Knows,[NULL]
556,555,El Gran Chingón,Super-Migra,Directed,1,134,Knows,[NULL]
556,557,El Gran Chingón,Super-Ilegal,Directed,1,134,Knows,[NULL]
556,559,El Gran Chingón,Super-Gringo,Directed,1,134,Knows,[NULL]
556,558,El Gran Chingón,Super-Chicano,Directed,1,134,Knows,[NULL]
556,553,El Gran Chingón,Super-Barrio,Directed,1,134,Knows,[NULL]
556,420,El Gran Chingón,SUPERNAFTA,Directed,1,134,Knows,[NULL]
556,560,El Gran Chingón,La Raza Cósmica,Directed,1,134,Knows,[NULL]
420,557,SUPERNAFTA,Super-Ilegal,Directed,1,134,Knows,[NULL]
556,554,El Gran Chingón,La Chingada,Directed,1,134,Knows,[NULL]
419,420,El Gran Mojado,SUPERNAFTA,Directed,1,134,Knows of,[NULL]
420,559,SUPERNAFTA,Super-Gringo,Directed,1,134,Knows,[NULL]
556,70,El Gran Chingón,Arcangel/El Gran Mojado,Directed,1,134,Knows,[NULL]
420,553,SUPERNAFTA,Super-Barrio,Directed,1,134,Knows,[NULL]
420,560,SUPERNAFTA,La Raza Cósmica,Directed,1,134,Knows,[NULL]
420,558,SUPERNAFTA,Super-Chicano,Directed,1,134,Knows,[NULL]
420,556,SUPERNAFTA,El Gran Chingón,Directed,1,134,Knows,[NULL]
70,560,Arcangel/El Gran Mojado,La Raza Cósmica,Directed,1,134,Knows,[NULL]
70,554,Arcangel/El Gran Mojado,La Chingada,Directed,1,134,Knows,[NULL]
87,392,Buzzworm,Baca Boyz,Directed,1,137,Knows of,[NULL]
87,393,Buzzworm,Baca Boyz's sisters (Nicole of Paramount),Directed,1,137,Knows of,[NULL]
87,388,Buzzworm,Sportscasters on Mexican radio,Directed,1,137,Knows of,[NULL]
391,389,Talk Radio Stations,Call-in Cop,Directed,1,137,Knows of,[NULL]
391,390,Talk Radio Stations,"""this individual""",Directed,1,137,Knows of,[NULL]
391,392,Talk Radio Stations,Baca Boyz,Directed,1,137,Knows of,[NULL]
87,390,Buzzworm,"""this individual""",Directed,1,137,Knows of,[NULL]
87,391,Buzzworm,Talk Radio Stations,Directed,1,137,Knows of,[NULL]
389,390,Call-in Cop,"""this individual""",Directed,1,137,Knows of,[NULL]
391,393,Talk Radio Stations,Baca Boyz's sisters (Nicole of Paramount),Directed,1,137,Knows of,[NULL]
87,387,Buzzworm,Howard Stern,Directed,1,137,Knows of,[NULL]
389,391,Call-in Cop,Talk Radio Stations,Directed,1,137,Knows of,[NULL]
392,391,Baca Boyz,Talk Radio Stations,Directed,1,137,Knows of,[NULL]
87,389,Buzzworm,Call-in Cop,Directed,1,137,Knows of,[NULL]
87,333,Buzzworm,Miles Davis,Directed,1,137,Knows of,[NULL]
415,394,News radio,Isaac Newton Van Nuys,Directed,1,138,Knows of,[NULL]
415,397,News radio,FBI Agents,Directed,1,138,Knows of,[NULL]
87,393,Buzzworm,Baca Boyz's sisters (Nicole of Paramount),Directed,1,138,Knows of,[NULL]
415,398,News radio,Dead / Ill Van Nuys Residents,Directed,1,138,Knows of,[NULL]
415,396,News radio,Local Health Department Inspectors,Directed,1,138,Knows of,[NULL]
87,396,Buzzworm,Local Health Department Inspectors,Directed,1,138,Knows of,[NULL]
87,391,Buzzworm,Talk Radio Stations,Directed,1,138,Knows of,[NULL]
87,394,Buzzworm,Isaac Newton Van Nuys,Directed,1,138,Knows of,[NULL]
87,397,Buzzworm,FBI Agents,Directed,1,138,Knows of,[NULL]
391,393,Talk Radio Stations,Baca Boyz's sisters (Nicole of Paramount),Directed,1,138,Knows of,[NULL]
251,87,Margarita,Buzzworm,Directed,1,138,Knows,[NULL]
87,398,Buzzworm,Dead / Ill Van Nuys Residents,Directed,1,138,Knows of,[NULL]
87,256,Buzzworm,The kid who survived / dies,Directed,1,138,Knows,[NULL]
87,251,Buzzworm,Margarita,Directed,1,138,Knows,[NULL]
256,87,The kid who survived / dies,Buzzworm,Directed,1,138,Knows,[NULL]
415,395,News radio,FDA Investigators,Directed,1,138,Knows of,[NULL]
87,395,Buzzworm,FDA Investigators,Directed,1,138,Knows of,[NULL]
87,415,Buzzworm,News radio,Directed,1,138,Knows of,[NULL]
87,391,Buzzworm,Talk Radio Stations,Directed,1,139,Knows of,[NULL]
87,251,Buzzworm,Margarita,Directed,1,139,Knows,[NULL]
87,192,Buzzworm,LAPD,Directed,1,139,Knows of,[NULL]
189,87,Unnamed members of L.A. Underclass,Buzzworm,Directed,1,139,Knows of,[NULL]
391,400,Talk Radio Stations,Weight Watchers,Directed,1,139,Knows,[NULL]
87,275,Buzzworm,The homeless (abstract),Directed,1,139,Knows,[NULL]
251,87,Margarita,Buzzworm,Directed,1,139,Knows,[NULL]
87,415,Buzzworm,News radio,Directed,1,139,Knows of,[NULL]
87,394,Buzzworm,Isaac Newton Van Nuys,Directed,1,139,Knows of,[NULL]
87,399,Buzzworm,Street Vendors,Directed,1,139,Knows of,[NULL]
87,401,Buzzworm,Orange Peddlers,Directed,1,139,Knows of,[NULL]
87,189,Buzzworm,Unnamed members of L.A. Underclass,Directed,1,139,Knows of,[NULL]
192,189,LAPD,Unnamed members of L.A. Underclass,Directed,1,139,Knows of,[NULL]
87,400,Buzzworm,Weight Watchers,Directed,1,139,Knows of,[NULL]
391,410,Talk Radio Stations,Talk Show Tiffany,Directed,1,140,Exchange,[NULL]
87,406,Buzzworm,Yuppies,Directed,1,140,Knows of,[NULL]
87,409,Buzzworm,Hapkido Masters,Directed,1,140,Knows of,[NULL]
87,408,Buzzworm,meat-eaters,Directed,1,140,Knows of,[NULL]
87,189,Buzzworm,Unnamed members of L.A. Underclass,Directed,1,140,Knows of,[NULL]
391,416,Talk Radio Stations,Scientists,Directed,1,140,Knows of,[NULL]
87,405,Buzzworm,Housewives,Directed,1,140,Knows of,[NULL]
87,402,Buzzworm,Charles Von der Ahe,Directed,1,140,Knows of,[NULL]
410,391,Talk Show Tiffany,Talk Radio Stations,Directed,1,140,Exchange,[NULL]
87,404,Buzzworm,The Mafia,Directed,1,140,Knows of,[NULL]
87,403,Buzzworm,L.A. Street Gangs (abstract),Directed,1,140,Knows of,[NULL]
87,410,Buzzworm,Talk Show Tiffany,Directed,1,140,Knows of,[NULL]
87,380,Buzzworm,A white Guy wearing a Nirvana T-shirt and dreds,Directed,1,140,Knows of,[NULL]
87,391,Buzzworm,Talk Radio Stations,Directed,1,140,Knows of,[NULL]
87,416,Buzzworm,Scientists,Directed,1,140,Knows of,[NULL]
87,407,Buzzworm,Environmentalists,Directed,1,140,Knows of,[NULL]
87,414,Buzzworm,County Ag Inspector Richard Iizuka,Directed,1,141,Knows of,[NULL]
87,418,Buzzworm,Environmental experts,Directed,1,141,Knows of,[NULL]
87,412,Buzzworm,Waste Companies,Directed,1,141,Knows of,[NULL]
87,405,Buzzworm,Housewives,Directed,1,141,Knows of,[NULL]
87,411,Buzzworm,The Mexican government,Directed,1,141,Knows of,[NULL]
410,391,Talk Show Tiffany,Talk Radio Stations,Directed,1,141,Exchange,[NULL]
87,417,Buzzworm,DEA,Directed,1,141,Knows of,[NULL]
418,412,Environmental experts,Waste Companies,Directed,1,141,Knows of,[NULL]
87,413,Buzzworm,"""Everybody down south""",Directed,1,141,Knows of,[NULL]
412,418,Waste Companies,Environmental experts,Directed,1,141,Knows of,[NULL]
87,326,Buzzworm,Richard Iizuka,Directed,1,141,Knows of,[NULL]
87,410,Buzzworm,Talk Show Tiffany,Directed,1,141,Knows of,[NULL]
87,391,Buzzworm,Talk Radio Stations,Directed,1,141,Knows of,[NULL]
391,410,Talk Radio Stations,Talk Show Tiffany,Directed,1,141,Exchange,[NULL]
69,70,Gabriel Balboa,Arcangel/El Gran Mojado,Directed,1,142,Knows of,[NULL]
70,66,Arcangel/El Gran Mojado,Rafaela Cortés,Directed,1,142,Knows of,[NULL]
149,66,Rodriguez,Rafaela Cortés,Directed,1,142,Knows,[NULL]
70,149,Arcangel/El Gran Mojado,Rodriguez,Directed,1,142,Exchange,[NULL]
66,149,Rafaela Cortés,Rodriguez,Directed,1,142,Knows,[NULL]
149,69,Rodriguez,Gabriel Balboa,Directed,1,142,Knows,[NULL]
70,69,Arcangel/El Gran Mojado,Gabriel Balboa,Directed,1,142,Knows of,[NULL]
149,70,Rodriguez,Arcangel/El Gran Mojado,Directed,1,142,Exchange,[NULL]
69,149,Gabriel Balboa,Rodriguez,Directed,1,142,Knows,[NULL]
149,562,Rodriguez,Rodriguez's middle son,Directed,1,143,Exchange,[NULL]
69,149,Gabriel Balboa,Rodriguez,Directed,1,143,Knows,[NULL]
149,69,Rodriguez,Gabriel Balboa,Directed,1,143,Knows,[NULL]
70,69,Arcangel/El Gran Mojado,Gabriel Balboa,Directed,1,143,Knows of,[NULL]
565,70,dying soldiers,Arcangel/El Gran Mojado,Directed,1,143,Knows,[NULL]
149,563,Rodriguez,Rodriguez's oldest son,Directed,1,143,Knows,[NULL]
70,562,Arcangel/El Gran Mojado,Rodriguez's middle son,Directed,1,143,Knows of,[NULL]
149,564,Rodriguez,Rodriguez's youngest son,Directed,1,143,Knows,[NULL]
149,70,Rodriguez,Arcangel/El Gran Mojado,Directed,1,143,Exchange,[NULL]
70,563,Arcangel/El Gran Mojado,Rodriguez's oldest son,Directed,1,143,Knows of,[NULL]
69,70,Gabriel Balboa,Arcangel/El Gran Mojado,Directed,1,143,Knows of,[NULL]
562,149,Rodriguez's middle son,Rodriguez,Directed,1,143,Exchange,[NULL]
70,564,Arcangel/El Gran Mojado,Rodriguez's youngest son,Directed,1,143,Knows of,[NULL]
563,149,Rodriguez's oldest son,Rodriguez,Directed,1,143,Knows,[NULL]
70,149,Arcangel/El Gran Mojado,Rodriguez,Directed,1,143,Exchange,[NULL]
564,149,Rodriguez's youngest son,Rodriguez,Directed,1,143,Knows,[NULL]
70,565,Arcangel/El Gran Mojado,dying soldiers,Directed,1,143,Knows,[NULL]
70,224,Arcangel/El Gran Mojado,The Orange,Directed,1,144,Knows,[NULL]
70,149,Arcangel/El Gran Mojado,Rodriguez,Directed,1,144,Exchange,[NULL]
149,70,Rodriguez,Arcangel/El Gran Mojado,Directed,1,144,Exchange,[NULL]
224,70,The Orange,Arcangel/El Gran Mojado,Directed,1,144,Knows,[NULL]
224,149,The Orange,Rodriguez,Directed,1,144,Knows of,[NULL]
149,224,Rodriguez,The Orange,Directed,1,144,Knows of,[NULL]
70,576,Arcangel/El Gran Mojado,Haitian farmers,Directed,1,145,Knows,[NULL]
70,578,Arcangel/El Gran Mojado,Indians,Directed,1,145,Knows,[NULL]
581,580,Idaho's mother's child,mother in Idaho,Directed,1,145,Knows,[NULL]
70,582,Arcangel/El Gran Mojado,lines of laborers,Directed,1,145,Knows,[NULL]
70,581,Arcangel/El Gran Mojado,Idaho's mother's child,Directed,1,145,Knows,[NULL]
70,580,Arcangel/El Gran Mojado,mother in Idaho,Directed,1,145,Knows,[NULL]
70,564,Arcangel/El Gran Mojado,Rodriguez's youngest son,Directed,1,145,Knows,[NULL]
70,583,Arcangel/El Gran Mojado,Eduardo Galeano,Directed,1,145,Exchange,[NULL]
70,563,Arcangel/El Gran Mojado,Rodriguez's oldest son,Directed,1,145,Knows,[NULL]
583,70,Eduardo Galeano,Arcangel/El Gran Mojado,Directed,1,145,Exchange,[NULL]
70,575,Arcangel/El Gran Mojado,Chico Mendes,Directed,1,145,Knows,[NULL]
70,562,Arcangel/El Gran Mojado,Rodriguez's middle son,Directed,1,145,Knows,[NULL]
573,70,Woman selling nopales,Arcangel/El Gran Mojado,Directed,1,145,Knows,[NULL]
70,579,Arcangel/El Gran Mojado,Venezuelan and Mexican drivers,Directed,1,145,Knows,[NULL]
70,577,Arcangel/El Gran Mojado,Guatemalans,Directed,1,145,Knows,[NULL]
149,70,Rodriguez,Arcangel/El Gran Mojado,Directed,1,145,Exchange,[NULL]
70,573,Arcangel/El Gran Mojado,Woman selling nopales,Directed,1,145,Knows,[NULL]
70,149,Arcangel/El Gran Mojado,Rodriguez,Directed,1,145,Exchange,[NULL]
580,581,mother in Idaho,Idaho's mother's child,Directed,1,145,Knows,[NULL]
70,574,Arcangel/El Gran Mojado,Juan Valdez,Directed,1,145,Knows,[NULL]
149,563,Rodriguez,Rodriguez's oldest son,Directed,1,146,Exchange,[NULL]
70,149,Arcangel/El Gran Mojado,Rodriguez,Directed,1,146,Exchange,[NULL]
70,549,Arcangel/El Gran Mojado,the gringos,Directed,1,146,Knows,[NULL]
149,584,Rodriguez,José Palacios,Directed,1,146,Knows of,[NULL]
149,549,Rodriguez,the gringos,Directed,1,146,Knows,[NULL]
563,149,Rodriguez's oldest son,Rodriguez,Directed,1,146,Exchange,[NULL]
584,70,José Palacios,Arcangel/El Gran Mojado,Directed,1,146,Knows,[NULL]
70,563,Arcangel/El Gran Mojado,Rodriguez's oldest son,Directed,1,146,Knows,[NULL]
149,70,Rodriguez,Arcangel/El Gran Mojado,Directed,1,146,Exchange,[NULL]
70,584,Arcangel/El Gran Mojado,José Palacios,Directed,1,146,Knows,[NULL]
586,509,Jesús Guajardo,Emiliano Zapata,Directed,1,147,Knows,[NULL]
70,564,Arcangel/El Gran Mojado,Rodriguez's youngest son,Directed,1,147,Knows,[NULL]
149,562,Rodriguez,Rodriguez's middle son,Directed,1,147,Knows,[NULL]
562,149,Rodriguez's middle son,Rodriguez,Directed,1,147,Knows,[NULL]
509,586,Emiliano Zapata,Jesús Guajardo,Directed,1,147,Knows,[NULL]
70,509,Arcangel/El Gran Mojado,Emiliano Zapata,Directed,1,147,Knows,[NULL]
563,149,Rodriguez's oldest son,Rodriguez,Directed,1,147,Exchange,[NULL]
70,562,Arcangel/El Gran Mojado,Rodriguez's middle son,Directed,1,147,Knows,[NULL]
70,563,Arcangel/El Gran Mojado,Rodriguez's oldest son,Directed,1,147,Knows,[NULL]
149,563,Rodriguez,Rodriguez's oldest son,Directed,1,147,Exchange,[NULL]
70,596,Arcangel/El Gran Mojado,the Tojolabal,Directed,1,148,Knows of,[NULL]
70,595,Arcangel/El Gran Mojado,the Tzotzil,Directed,1,148,Knows of,[NULL]
70,593,Arcangel/El Gran Mojado,the Lacandón,Directed,1,148,Knows of,[NULL]
143,66,Doña Maria,Rafaela Cortés,Directed,1,148,Exchange,[NULL]
143,145,Doña Maria,Sol,Directed,1,148,Knows,[NULL]
66,145,Rafaela Cortés,Sol,Directed,1,148,Exchange,[NULL]
145,143,Sol,Doña Maria,Directed,1,148,Knows,[NULL]
66,143,Rafaela Cortés,Doña Maria,Directed,1,148,Exchange,[NULL]
70,149,Arcangel/El Gran Mojado,Rodriguez,Directed,1,148,Knows,[NULL]
70,509,Arcangel/El Gran Mojado,Emiliano Zapata,Directed,1,148,Knows,[NULL]
149,70,Rodriguez,Arcangel/El Gran Mojado,Directed,1,148,Knows,[NULL]
145,66,Sol,Rafaela Cortés,Directed,1,148,Exchange,[NULL]
70,597,Arcangel/El Gran Mojado,the Zoque,Directed,1,148,Knows of,[NULL]
70,592,Arcangel/El Gran Mojado,the Ch'ol,Directed,1,148,Knows of,[NULL]
70,594,Arcangel/El Gran Mojado,the Tzeltal,Directed,1,148,Knows of,[NULL]
69,66,Gabriel Balboa,Rafaela Cortés,Directed,1,149,Knows,[NULL]
149,143,Rodriguez,Doña Maria,Directed,1,149,Knows,[NULL]
145,66,Sol,Rafaela Cortés,Directed,1,149,Exchange,[NULL]
149,69,Rodriguez,Gabriel Balboa,Directed,1,149,Knows,[NULL]
145,149,Sol,Rodriguez,Directed,1,149,Knows,[NULL]
143,66,Doña Maria,Rafaela Cortés,Directed,1,149,Exchange,[NULL]
143,149,Doña Maria,Rodriguez,Directed,1,149,Knows,[NULL]
143,145,Doña Maria,Sol,Directed,1,149,Knows,[NULL]
145,143,Sol,Doña Maria,Directed,1,149,Knows,[NULL]
66,154,Rafaela Cortés,Rafaela's Father,Directed,1,149,Knows,[NULL]
66,148,Rafaela Cortés,Rafaela's Mother,Directed,1,149,Knows,[NULL]
66,149,Rafaela Cortés,Rodriguez,Directed,1,149,Knows,[NULL]
66,69,Rafaela Cortés,Gabriel Balboa,Directed,1,149,Knows,[NULL]
148,66,Rafaela's Mother,Rafaela Cortés,Directed,1,149,Knows,[NULL]
149,145,Rodriguez,Sol,Directed,1,149,Knows,[NULL]
149,66,Rodriguez,Rafaela Cortés,Directed,1,149,Knows,[NULL]
66,98,Rafaela Cortés,Bobby Ngu,Directed,1,149,Knows,[NULL]
98,66,Bobby Ngu,Rafaela Cortés,Directed,1,149,Knows,[NULL]
66,143,Rafaela Cortés,Doña Maria,Directed,1,149,Exchange,[NULL]
154,66,Rafaela's Father,Rafaela Cortés,Directed,1,149,Knows,[NULL]
66,145,Rafaela Cortés,Sol,Directed,1,149,Exchange,[NULL]
69,149,Gabriel Balboa,Rodriguez,Directed,1,149,Knows,[NULL]
66,224,Rafaela Cortés,The Orange,Directed,1,150,Knows,[NULL]
69,66,Gabriel Balboa,Rafaela Cortés,Directed,1,150,Exchange,[NULL]
69,149,Gabriel Balboa,Rodriguez,Directed,1,150,Knows,[NULL]
145,66,Sol,Rafaela Cortés,Directed,1,150,Knows,[NULL]
98,66,Bobby Ngu,Rafaela Cortés,Directed,1,150,Knows,[NULL]
66,149,Rafaela Cortés,Rodriguez,Directed,1,150,Knows,[NULL]
66,69,Rafaela Cortés,Gabriel Balboa,Directed,1,150,Exchange,[NULL]
66,145,Rafaela Cortés,Sol,Directed,1,150,Knows,[NULL]
149,69,Rodriguez,Gabriel Balboa,Directed,1,150,Knows,[NULL]
66,98,Rafaela Cortés,Bobby Ngu,Directed,1,150,Knows,[NULL]
224,66,The Orange,Rafaela Cortés,Directed,1,150,Knows,[NULL]
149,66,Rodriguez,Rafaela Cortés,Directed,1,150,Knows,[NULL]
224,149,The Orange,Rodriguez,Directed,1,150,Exchange,[NULL]
149,224,Rodriguez,The Orange,Directed,1,150,Exchange,[NULL]
66,143,Rafaela Cortés,Doña Maria,Directed,1,151,Knows,[NULL]
149,69,Rodriguez,Gabriel Balboa,Directed,1,151,Knows,[NULL]
66,158,Rafaela Cortés,Hernando (Dona Maria's son),Directed,1,151,Knows,[NULL]
69,66,Gabriel Balboa,Rafaela Cortés,Directed,1,151,Exchange,[NULL]
158,69,Hernando (Dona Maria's son),Gabriel Balboa,Directed,1,151,Knows of,[NULL]
66,315,Rafaela Cortés,Organ Traffickers,Directed,1,151,Knows of,[NULL]
66,314,Rafaela Cortés,Organ buyers,Directed,1,151,Knows of,[NULL]
69,149,Gabriel Balboa,Rodriguez,Directed,1,151,Knows,[NULL]
69,158,Gabriel Balboa,Hernando (Dona Maria's son),Directed,1,151,Knows of,[NULL]
143,66,Doña Maria,Rafaela Cortés,Directed,1,151,Knows,[NULL]
69,143,Gabriel Balboa,Doña Maria,Directed,1,151,Knows,[NULL]
158,66,Hernando (Dona Maria's son),Rafaela Cortés,Directed,1,151,Knows,[NULL]
143,69,Doña Maria,Gabriel Balboa,Directed,1,151,Knows,[NULL]
66,69,Rafaela Cortés,Gabriel Balboa,Directed,1,151,Exchange,[NULL]
98,66,Bobby Ngu,Rafaela Cortés,Directed,1,152,Knows,[NULL]
98,69,Bobby Ngu,Gabriel Balboa,Directed,1,152,Knows,[NULL]
69,66,Gabriel Balboa,Rafaela Cortés,Directed,1,152,Exchange,[NULL]
158,66,Hernando (Dona Maria's son),Rafaela Cortés,Directed,1,152,Knows,[NULL]
70,66,Arcangel/El Gran Mojado,Rafaela Cortés,Directed,1,152,Exchange,[NULL]
66,98,Rafaela Cortés,Bobby Ngu,Directed,1,152,Knows,[NULL]
70,224,Arcangel/El Gran Mojado,The Orange,Directed,1,152,Exchange,[NULL]
66,69,Rafaela Cortés,Gabriel Balboa,Directed,1,152,Exchange,[NULL]
66,158,Rafaela Cortés,Hernando (Dona Maria's son),Directed,1,152,Knows,[NULL]
224,70,The Orange,Arcangel/El Gran Mojado,Directed,1,152,Exchange,[NULL]
69,98,Gabriel Balboa,Bobby Ngu,Directed,1,152,Knows,[NULL]
66,145,Rafaela Cortés,Sol,Directed,1,152,Exchange,[NULL]
66,149,Rafaela Cortés,Rodriguez,Directed,1,152,Knows,[NULL]
149,66,Rodriguez,Rafaela Cortés,Directed,1,152,Knows,[NULL]
145,66,Sol,Rafaela Cortés,Directed,1,152,Exchange,[NULL]
66,70,Rafaela Cortés,Arcangel/El Gran Mojado,Directed,1,152,Exchange,[NULL]
66,420,Rafaela Cortés,SUPERNAFTA,Directed,1,153,Knows of,[NULL]
420,66,SUPERNAFTA,Rafaela Cortés,Directed,1,153,Knows of,[NULL]
420,70,SUPERNAFTA,Arcangel/El Gran Mojado,Directed,1,153,Knows,[NULL]
70,224,Arcangel/El Gran Mojado,The Orange,Directed,1,153,Exchange,[NULL]
66,145,Rafaela Cortés,Sol,Directed,1,153,Exchange,[NULL]
70,66,Arcangel/El Gran Mojado,Rafaela Cortés,Directed,1,153,Exchange,[NULL]
66,224,Rafaela Cortés,The Orange,Directed,1,153,Knows,[NULL]
158,66,Hernando (Dona Maria's son),Rafaela Cortés,Directed,1,153,Knows,[NULL]
66,70,Rafaela Cortés,Arcangel/El Gran Mojado,Directed,1,153,Exchange,[NULL]
70,420,Arcangel/El Gran Mojado,SUPERNAFTA,Directed,1,153,Knows,[NULL]
223,66,Hotel Manager,Rafaela Cortés,Directed,1,153,Knows,[NULL]
419,70,El Gran Mojado,Arcangel/El Gran Mojado,Directed,1,153,Knows,[NULL]
66,419,Rafaela Cortés,El Gran Mojado,Directed,1,153,Knows of,[NULL]
224,145,The Orange,Sol,Directed,1,153,Knows,[NULL]
224,66,The Orange,Rafaela Cortés,Directed,1,153,Knows,[NULL]
224,70,The Orange,Arcangel/El Gran Mojado,Directed,1,153,Exchange,[NULL]
66,69,Rafaela Cortés,Gabriel Balboa,Directed,1,153,Knows,[NULL]
145,224,Sol,The Orange,Directed,1,153,Knows,[NULL]
145,66,Sol,Rafaela Cortés,Directed,1,153,Exchange,[NULL]
69,66,Gabriel Balboa,Rafaela Cortés,Directed,1,153,Knows,[NULL]
70,419,Arcangel/El Gran Mojado,El Gran Mojado,Directed,1,153,Knows,[NULL]
145,70,Sol,Arcangel/El Gran Mojado,Directed,1,153,Knows,[NULL]
66,158,Rafaela Cortés,Hernando (Dona Maria's son),Directed,1,153,Knows,[NULL]
66,223,Rafaela Cortés,Hotel Manager,Directed,1,153,Knows,[NULL]
70,145,Arcangel/El Gran Mojado,Sol,Directed,1,153,Knows,[NULL]
66,98,Rafaela Cortés,Bobby Ngu,Directed,1,154,Knows,Gabriel Balboa
98,66,Bobby Ngu,Rafaela Cortés,Directed,1,154,Knows,Gabriel Balboa
69,68,Gabriel Balboa,Manzanar Murakami,Directed,1,154,Knows,Gabriel Balboa
69,98,Gabriel Balboa,Bobby Ngu,Directed,1,154,Knows of,Gabriel Balboa
70,66,Arcangel/El Gran Mojado,Rafaela Cortés,Directed,1,154,Exchange,[NULL]
69,87,Gabriel Balboa,Buzzworm,Directed,1,154,Knows,Gabriel Balboa
66,69,Rafaela Cortés,Gabriel Balboa,Directed,1,154,Exchange,Gabriel Balboa
87,69,Buzzworm,Gabriel Balboa,Directed,1,154,Knows,Gabriel Balboa
69,72,Gabriel Balboa,Emi,Directed,1,154,Knows,Gabriel Balboa
66,70,Rafaela Cortés,Arcangel/El Gran Mojado,Directed,1,154,Exchange,[NULL]
72,69,Emi,Gabriel Balboa,Directed,1,154,Knows,Gabriel Balboa
68,69,Manzanar Murakami,Gabriel Balboa,Directed,1,154,Knows,Gabriel Balboa
69,66,Gabriel Balboa,Rafaela Cortés,Directed,1,154,Exchange,Gabriel Balboa
69,189,Gabriel Balboa,Unnamed members of L.A. Underclass,Directed,1,154,Knows,Gabriel Balboa
87,275,Buzzworm,The homeless (abstract),Directed,1,155,Knows,Gabriel Balboa
72,275,Emi,The homeless (abstract),Directed,1,155,Knows of,Gabriel Balboa
69,275,Gabriel Balboa,The homeless (abstract),Directed,1,155,Knows,Gabriel Balboa
87,189,Buzzworm,Unnamed members of L.A. Underclass,Directed,1,155,Exchange,Gabriel Balboa
72,189,Emi,Unnamed members of L.A. Underclass,Directed,1,155,Knows,Gabriel Balboa
69,189,Gabriel Balboa,Unnamed members of L.A. Underclass,Directed,1,155,Knows,Gabriel Balboa
275,87,The homeless (abstract),Buzzworm,Directed,1,155,Knows,Gabriel Balboa
87,306,Buzzworm,Beethoven,Directed,1,155,Knows,Gabriel Balboa
69,306,Gabriel Balboa,Beethoven,Directed,1,155,Knows of,Gabriel Balboa
69,72,Gabriel Balboa,Emi,Directed,1,155,Exchange,Gabriel Balboa
69,600,Gabriel Balboa,Lehrer,Directed,1,155,Knows,Gabriel Balboa
69,87,Gabriel Balboa,Buzzworm,Directed,1,155,Exchange,Gabriel Balboa
598,189,Real (paying) people,Unnamed members of L.A. Underclass,Directed,1,155,Knows of,Gabriel Balboa
87,69,Buzzworm,Gabriel Balboa,Directed,1,155,Exchange,Gabriel Balboa
69,598,Gabriel Balboa,Real (paying) people,Directed,1,155,Knows of,Gabriel Balboa
189,87,Unnamed members of L.A. Underclass,Buzzworm,Directed,1,155,Exchange,Gabriel Balboa
821,69,Sam S. Shubert,Gabriel Balboa,Directed,1,155,Knows,Gabriel Balboa
72,821,Emi,Sam S. Shubert,Directed,1,155,Knows,Gabriel Balboa
821,72,Sam S. Shubert,Emi,Directed,1,155,Knows,Gabriel Balboa
72,598,Emi,Real (paying) people,Directed,1,155,Knows,Gabriel Balboa
69,599,Gabriel Balboa,MacNeil,Directed,1,155,Knows,Gabriel Balboa
69,821,Gabriel Balboa,Sam S. Shubert,Directed,1,155,Knows,Gabriel Balboa
189,598,Unnamed members of L.A. Underclass,Real (paying) people,Directed,1,155,Knows of,Gabriel Balboa
72,69,Emi,Gabriel Balboa,Directed,1,155,Exchange,Gabriel Balboa
87,601,Buzzworm,Car jam Barista,Directed,1,156,Knows,Gabriel Balboa
69,603,Gabriel Balboa,Pavarotti,Directed,1,156,Knows of,Gabriel Balboa
601,87,Car jam Barista,Buzzworm,Directed,1,156,Knows,Gabriel Balboa
69,189,Gabriel Balboa,Unnamed members of L.A. Underclass,Directed,1,156,Knows of,Gabriel Balboa
189,87,Unnamed members of L.A. Underclass,Buzzworm,Directed,1,156,Exchange,Gabriel Balboa
602,87,guy singing like Pavarotti,Buzzworm,Directed,1,156,Exchange,Gabriel Balboa
87,189,Buzzworm,Unnamed members of L.A. Underclass,Directed,1,156,Exchange,Gabriel Balboa
87,69,Buzzworm,Gabriel Balboa,Directed,1,156,Exchange,Gabriel Balboa
69,602,Gabriel Balboa,guy singing like Pavarotti,Directed,1,156,Knows of,Gabriel Balboa
87,603,Buzzworm,Pavarotti,Directed,1,156,Knows,Gabriel Balboa
87,602,Buzzworm,guy singing like Pavarotti,Directed,1,156,Exchange,Gabriel Balboa
69,87,Gabriel Balboa,Buzzworm,Directed,1,156,Exchange,Gabriel Balboa
69,601,Gabriel Balboa,Car jam Barista,Directed,1,156,Knows of,Gabriel Balboa
87,315,Buzzworm,Organ Traffickers,Directed,1,157,Knows,Gabriel Balboa
95,315,Corazon Juarez,Organ Traffickers,Directed,1,157,Knows,Gabriel Balboa
69,68,Gabriel Balboa,Manzanar Murakami,Directed,1,157,Exchange,Gabriel Balboa
68,87,Manzanar Murakami,Buzzworm,Directed,1,157,Knows,Gabriel Balboa
87,189,Buzzworm,Unnamed members of L.A. Underclass,Directed,1,157,Knows,Gabriel Balboa
69,192,Gabriel Balboa,LAPD,Directed,1,157,Knows of,Gabriel Balboa
69,189,Gabriel Balboa,Unnamed members of L.A. Underclass,Directed,1,157,Knows of,Gabriel Balboa
87,69,Buzzworm,Gabriel Balboa,Directed,1,157,Exchange,Gabriel Balboa
69,604,Gabriel Balboa,National Guard,Directed,1,157,Knows of,Gabriel Balboa
68,69,Manzanar Murakami,Gabriel Balboa,Directed,1,157,Exchange,Gabriel Balboa
69,275,Gabriel Balboa,The homeless (abstract),Directed,1,157,Knows,Gabriel Balboa
87,275,Buzzworm,The homeless (abstract),Directed,1,157,Knows,Gabriel Balboa
69,370,Gabriel Balboa,Car Owners and Passengers (abstract),Directed,1,157,Knows of,Gabriel Balboa
69,315,Gabriel Balboa,Organ Traffickers,Directed,1,157,Knows of,Gabriel Balboa
189,87,Unnamed members of L.A. Underclass,Buzzworm,Directed,1,157,Knows,Gabriel Balboa
69,72,Gabriel Balboa,Emi,Directed,1,157,Knows,Gabriel Balboa
87,192,Buzzworm,LAPD,Directed,1,157,Knows,Gabriel Balboa
87,95,Buzzworm,Corazon Juarez,Directed,1,157,Knows of,Gabriel Balboa
87,68,Buzzworm,Manzanar Murakami,Directed,1,157,Knows,Gabriel Balboa
72,69,Emi,Gabriel Balboa,Directed,1,157,Knows,Gabriel Balboa
87,370,Buzzworm,Car Owners and Passengers (abstract),Directed,1,157,Knows of,Gabriel Balboa
69,87,Gabriel Balboa,Buzzworm,Directed,1,157,Exchange,Gabriel Balboa
69,95,Gabriel Balboa,Corazon Juarez,Directed,1,157,Knows of,Gabriel Balboa
87,604,Buzzworm,National Guard,Directed,1,157,Knows,Gabriel Balboa
315,95,Organ Traffickers,Corazon Juarez,Directed,1,157,Knows,Gabriel Balboa
275,87,The homeless (abstract),Buzzworm,Directed,1,157,Knows,Gabriel Balboa
69,87,Gabriel Balboa,Buzzworm,Directed,1,158,Exchange,Gabriel Balboa
69,275,Gabriel Balboa,The homeless (abstract),Directed,1,158,Knows,Gabriel Balboa
87,605,Buzzworm,General Custer,Directed,1,158,Knows of,Gabriel Balboa
69,66,Gabriel Balboa,Rafaela Cortés,Directed,1,158,Knows,Gabriel Balboa
69,95,Gabriel Balboa,Corazon Juarez,Directed,1,158,Knows of,Gabriel Balboa
87,69,Buzzworm,Gabriel Balboa,Directed,1,158,Exchange,Gabriel Balboa
69,605,Gabriel Balboa,General Custer,Directed,1,158,Knows of,Gabriel Balboa
69,189,Gabriel Balboa,Unnamed members of L.A. Underclass,Directed,1,158,Knows,Gabriel Balboa
66,69,Rafaela Cortés,Gabriel Balboa,Directed,1,158,Knows,Gabriel Balboa
164,98,Refugees,Bobby Ngu,Directed,1,159,Knows of,[NULL]
421,98,Vietnamese (abstract),Bobby Ngu,Directed,1,159,Knows of,[NULL]
98,424,Bobby Ngu,White kids (abstract),Directed,1,159,Knows of,[NULL]
98,425,Bobby Ngu,Singaporean Taggers,Directed,1,159,Knows of,[NULL]
98,426,Bobby Ngu,Singaporean people (abstract),Directed,1,159,Knows of,[NULL]
426,98,Singaporean people (abstract),Bobby Ngu,Directed,1,159,Knows of,[NULL]
98,427,Bobby Ngu,Rich Singaporeans,Directed,1,159,Knows of,[NULL]
98,422,Bobby Ngu,Viet Cong,Directed,1,159,Knows,[NULL]
98,832,Bobby Ngu,Somebody,Directed,1,159,Exchange,[NULL]
98,421,Bobby Ngu,Vietnamese (abstract),Directed,1,159,Knows of,[NULL]
98,165,Bobby Ngu,Americans (abstract),Directed,1,159,Knows of,[NULL]
832,98,Somebody,Bobby Ngu,Directed,1,159,Exchange,[NULL]
165,98,Americans (abstract),Bobby Ngu,Directed,1,159,Knows of,[NULL]
98,164,Bobby Ngu,Refugees,Directed,1,159,Knows of,[NULL]
98,423,Bobby Ngu,Miss Saigon,Directed,1,159,Knows of,[NULL]
225,98,Xiayue,Bobby Ngu,Directed,1,160,Knows of,[NULL]
98,259,Bobby Ngu,The Snakehead,Directed,1,160,Knows,[NULL]
98,428,Bobby Ngu,The Zapatistas,Directed,1,160,Knows of,[NULL]
98,145,Bobby Ngu,Sol,Directed,1,160,Knows,[NULL]
66,69,Rafaela Cortés,Gabriel Balboa,Directed,1,160,Knows,[NULL]
161,98,Bobby's Brother,Bobby Ngu,Directed,1,160,Knows,[NULL]
98,66,Bobby Ngu,Rafaela Cortés,Directed,1,160,Knows,[NULL]
69,98,Gabriel Balboa,Bobby Ngu,Directed,1,160,Exchange,[NULL]
69,145,Gabriel Balboa,Sol,Directed,1,160,Knows,[NULL]
69,66,Gabriel Balboa,Rafaela Cortés,Directed,1,160,Knows,[NULL]
98,69,Bobby Ngu,Gabriel Balboa,Directed,1,160,Exchange,[NULL]
98,225,Bobby Ngu,Xiayue,Directed,1,160,Knows of,[NULL]
259,98,The Snakehead,Bobby Ngu,Directed,1,160,Knows,[NULL]
98,161,Bobby Ngu,Bobby's Brother,Directed,1,160,Knows,[NULL]
145,69,Sol,Gabriel Balboa,Directed,1,160,Knows,[NULL]
66,98,Rafaela Cortés,Bobby Ngu,Directed,1,160,Knows,[NULL]
428,98,The Zapatistas,Bobby Ngu,Directed,1,160,Knows of,[NULL]
145,98,Sol,Bobby Ngu,Directed,1,160,Knows,[NULL]
98,432,Bobby Ngu,Subcomandante Marcos,Directed,1,161,Knows of,[NULL]
98,433,Bobby Ngu,Our Lady of Guadalupe,Directed,1,161,Knows of,[NULL]
69,98,Gabriel Balboa,Bobby Ngu,Directed,1,161,Exchange,[NULL]
145,98,Sol,Bobby Ngu,Directed,1,161,Knows,[NULL]
98,69,Bobby Ngu,Gabriel Balboa,Directed,1,161,Exchange,[NULL]
98,429,Bobby Ngu,Indian Mommas (and their kids),Directed,1,161,Knows of,[NULL]
98,431,Bobby Ngu,Mayans (and their kids),Directed,1,161,Knows of,[NULL]
98,430,Bobby Ngu,Mixtecs (and their kids),Directed,1,161,Knows of,[NULL]
98,164,Bobby Ngu,Refugees,Directed,1,161,Knows of,[NULL]
98,145,Bobby Ngu,Sol,Directed,1,161,Knows,[NULL]
66,98,Rafaela Cortés,Bobby Ngu,Directed,1,161,Knows,[NULL]
98,434,Bobby Ngu,NAFTA,Directed,1,161,Knows of,[NULL]
98,66,Bobby Ngu,Rafaela Cortés,Directed,1,161,Knows,[NULL]
69,453,Gabriel Balboa,"Earth, Wind & Fire",Directed,1,162,Knows,[NULL]
98,435,Bobby Ngu,Electrodomestics,Directed,1,162,Knows of,[NULL]
98,436,Bobby Ngu,live-in domestics,Directed,1,162,Knows of,[NULL]
98,446,Bobby Ngu,Braceros,Directed,1,162,Knows of,[NULL]
98,450,Bobby Ngu,undocumenteds/illegals/aliens,Directed,1,162,Knows of,[NULL]
98,66,Bobby Ngu,Rafaela Cortés,Directed,1,162,Knows,[NULL]
98,437,Bobby Ngu,living domestics,Directed,1,162,Knows of,[NULL]
98,164,Bobby Ngu,Refugees,Directed,1,162,Knows of,[NULL]
225,98,Xiayue,Bobby Ngu,Directed,1,162,Knows,[NULL]
98,161,Bobby Ngu,Bobby's Brother,Directed,1,162,Knows,[NULL]
72,69,Emi,Gabriel Balboa,Directed,1,162,Exchange,[NULL]
98,225,Bobby Ngu,Xiayue,Directed,1,162,Knows,[NULL]
451,69,Evelyn,Gabriel Balboa,Directed,1,162,Knows of,[NULL]
69,72,Gabriel Balboa,Emi,Directed,1,162,Exchange,[NULL]
98,442,Bobby Ngu,ditch diggers,Directed,1,162,Knows of,[NULL]
98,440,Bobby Ngu,waiters,Directed,1,162,Knows of,[NULL]
66,98,Rafaela Cortés,Bobby Ngu,Directed,1,162,Knows,[NULL]
69,451,Gabriel Balboa,Evelyn,Directed,1,162,Knows of,[NULL]
69,452,Gabriel Balboa,Victor Hugo,Directed,1,162,Knows of,[NULL]
98,438,Bobby Ngu,gardeners,Directed,1,162,Knows of,[NULL]
98,443,Bobby Ngu,migrants,Directed,1,162,Knows of,[NULL]
72,452,Emi,Victor Hugo,Directed,1,162,Knows of,[NULL]
98,439,Bobby Ngu,dishwashers,Directed,1,162,Knows of,[NULL]
98,444,Bobby Ngu,pickers,Directed,1,162,Knows of,[NULL]
72,453,Emi,"Earth, Wind & Fire",Directed,1,162,Knows of,[NULL]
161,98,Bobby's Brother,Bobby Ngu,Directed,1,162,Knows,[NULL]
451,72,Evelyn,Emi,Directed,1,162,Knows,[NULL]
98,449,Bobby Ngu,wops,Directed,1,162,Knows of,[NULL]
98,441,Bobby Ngu,masons,Directed,1,162,Knows of,[NULL]
98,445,Bobby Ngu,packers,Directed,1,162,Knows of,[NULL]
98,448,Bobby Ngu,wetbacks,Directed,1,162,Knows of,[NULL]
72,451,Emi,Evelyn,Directed,1,162,Knows,[NULL]
98,447,Bobby Ngu,centro-americanos,Directed,1,162,Knows of,[NULL]
200,72,The NewsNow Van,Emi,Directed,1,163,Knows,[NULL]
466,72,Kerry the Technician,Emi,Directed,1,163,Knows,[NULL]
464,69,Luey the Cameraman,Gabriel Balboa,Directed,1,163,Knows,[NULL]
464,72,Luey the Cameraman,Emi,Directed,1,163,Knows,[NULL]
72,455,Emi,Charles Richter,Directed,1,163,Knows of,[NULL]
69,200,Gabriel Balboa,The NewsNow Van,Directed,1,163,Knows,[NULL]
72,456,Emi,Arthur Nielsen,Directed,1,163,Knows of,[NULL]
69,72,Gabriel Balboa,Emi,Directed,1,163,Exchange,[NULL]
200,69,The NewsNow Van,Gabriel Balboa,Directed,1,163,Knows,[NULL]
72,461,Emi,Boys in the Porsche,Directed,1,163,Knows of,[NULL]
72,69,Emi,Gabriel Balboa,Directed,1,163,Exchange,[NULL]
72,454,Emi,CNN,Directed,1,163,Knows of,[NULL]
69,456,Gabriel Balboa,Arthur Nielsen,Directed,1,163,Knows of,[NULL]
466,69,Kerry the Technician,Gabriel Balboa,Directed,1,163,Knows,[NULL]
69,466,Gabriel Balboa,Kerry the Technician,Directed,1,163,Knows,[NULL]
69,460,Gabriel Balboa,Margaret Cho,Directed,1,163,Knows of,[NULL]
69,455,Gabriel Balboa,Charles Richter,Directed,1,163,Knows of,[NULL]
69,457,Gabriel Balboa,Matt Groening,Directed,1,163,Knows of,[NULL]
69,459,Gabriel Balboa,Michael G. Moye,Directed,1,163,Knows of,[NULL]
69,461,Gabriel Balboa,Boys in the Porsche,Directed,1,163,Knows of,[NULL]
69,454,Gabriel Balboa,CNN,Directed,1,163,Knows of,[NULL]
72,464,Emi,Luey the Cameraman,Directed,1,163,Knows,[NULL]
72,459,Emi,Michael G. Moye,Directed,1,163,Knows of,[NULL]
69,464,Gabriel Balboa,Luey the Cameraman,Directed,1,163,Knows,[NULL]
72,466,Emi,Kerry the Technician,Directed,1,163,Knows,[NULL]
72,200,Emi,The NewsNow Van,Directed,1,163,Knows,[NULL]
72,457,Emi,Matt Groening,Directed,1,163,Knows of,[NULL]
72,460,Emi,Margaret Cho,Directed,1,163,Knows of,[NULL]
69,72,Gabriel Balboa,Emi,Directed,1,164,Exchange,[NULL]
72,87,Emi,Buzzworm,Directed,1,164,Knows of,[NULL]
72,68,Emi,Manzanar Murakami,Directed,1,164,Knows,[NULL]
72,125,Emi,Christopher Columbus,Directed,1,164,Knows of,[NULL]
72,463,Emi,Citron Man,Directed,1,164,Knows of,[NULL]
69,463,Gabriel Balboa,Citron Man,Directed,1,164,Knows of,[NULL]
72,462,Emi,Joe Coulombe,Directed,1,164,Knows of,[NULL]
68,72,Manzanar Murakami,Emi,Directed,1,164,Knows,[NULL]
72,69,Emi,Gabriel Balboa,Directed,1,164,Exchange,[NULL]
69,87,Gabriel Balboa,Buzzworm,Directed,1,164,Knows,[NULL]
69,68,Gabriel Balboa,Manzanar Murakami,Directed,1,164,Knows of,[NULL]
87,72,Buzzworm,Emi,Directed,1,164,Knows of,[NULL]
87,69,Buzzworm,Gabriel Balboa,Directed,1,164,Knows,[NULL]
69,125,Gabriel Balboa,Christopher Columbus,Directed,1,164,Knows of,[NULL]
69,462,Gabriel Balboa,Joe Coulombe,Directed,1,164,Knows of,[NULL]
87,468,Buzzworm,Lance Allen Ito,Directed,1,165,Knows of,[NULL]
69,468,Gabriel Balboa,Lance Allen Ito,Directed,1,165,Knows of,[NULL]
72,69,Emi,Gabriel Balboa,Directed,1,165,Exchange,[NULL]
87,72,Buzzworm,Emi,Directed,1,165,Exchange,[NULL]
72,468,Emi,Lance Allen Ito,Directed,1,165,Knows of,[NULL]
87,467,Buzzworm,Keenan Ivory Wayans,Directed,1,165,Knows of,[NULL]
69,87,Gabriel Balboa,Buzzworm,Directed,1,165,Exchange,[NULL]
69,467,Gabriel Balboa,Keenan Ivory Wayans,Directed,1,165,Knows of,[NULL]
451,72,Evelyn,Emi,Directed,1,165,Exchange,[NULL]
72,451,Emi,Evelyn,Directed,1,165,Exchange,[NULL]
72,87,Emi,Buzzworm,Directed,1,165,Exchange,[NULL]
87,69,Buzzworm,Gabriel Balboa,Directed,1,165,Exchange,[NULL]
69,72,Gabriel Balboa,Emi,Directed,1,165,Exchange,[NULL]
72,467,Emi,Keenan Ivory Wayans,Directed,1,165,Knows of,[NULL]
466,72,Kerry the Technician,Emi,Directed,1,166,Exchange,[NULL]
72,69,Emi,Gabriel Balboa,Directed,1,166,Exchange,[NULL]
465,72,Kay Torres - On-Scene Reporter,Emi,Directed,1,166,Exchange,[NULL]
72,466,Emi,Kerry the Technician,Directed,1,166,Exchange,[NULL]
69,464,Gabriel Balboa,Luey the Cameraman,Directed,1,166,Knows,[NULL]
72,465,Emi,Kay Torres - On-Scene Reporter,Directed,1,166,Exchange,[NULL]
466,69,Kerry the Technician,Gabriel Balboa,Directed,1,166,Knows,[NULL]
87,72,Buzzworm,Emi,Directed,1,166,Exchange,[NULL]
87,69,Buzzworm,Gabriel Balboa,Directed,1,166,Exchange,[NULL]
200,72,The NewsNow Van,Emi,Directed,1,166,Knows,[NULL]
72,200,Emi,The NewsNow Van,Directed,1,166,Knows,[NULL]
69,87,Gabriel Balboa,Buzzworm,Directed,1,166,Exchange,[NULL]
464,72,Luey the Cameraman,Emi,Directed,1,166,Exchange,[NULL]
69,72,Gabriel Balboa,Emi,Directed,1,166,Exchange,[NULL]
72,464,Emi,Luey the Cameraman,Directed,1,166,Exchange,[NULL]
464,69,Luey the Cameraman,Gabriel Balboa,Directed,1,166,Knows,[NULL]
69,466,Gabriel Balboa,Kerry the Technician,Directed,1,166,Knows,[NULL]
72,87,Emi,Buzzworm,Directed,1,166,Exchange,[NULL]
87,72,Buzzworm,Emi,Directed,1,167,Exchange,[NULL]
464,69,Luey the Cameraman,Gabriel Balboa,Directed,1,167,Knows,[NULL]
466,87,Kerry the Technician,Buzzworm,Directed,1,167,Exchange,[NULL]
69,87,Gabriel Balboa,Buzzworm,Directed,1,167,Exchange,[NULL]
464,72,Luey the Cameraman,Emi,Directed,1,167,Exchange,[NULL]
69,68,Gabriel Balboa,Manzanar Murakami,Directed,1,167,Knows of,[NULL]
87,69,Buzzworm,Gabriel Balboa,Directed,1,167,Exchange,[NULL]
466,72,Kerry the Technician,Emi,Directed,1,167,Exchange,[NULL]
69,464,Gabriel Balboa,Luey the Cameraman,Directed,1,167,Knows,[NULL]
72,69,Emi,Gabriel Balboa,Directed,1,167,Exchange,[NULL]
72,466,Emi,Kerry the Technician,Directed,1,167,Exchange,[NULL]
87,68,Buzzworm,Manzanar Murakami,Directed,1,167,Knows of,[NULL]
69,466,Gabriel Balboa,Kerry the Technician,Directed,1,167,Exchange,[NULL]
72,464,Emi,Luey the Cameraman,Directed,1,167,Exchange,[NULL]
72,87,Emi,Buzzworm,Directed,1,167,Exchange,[NULL]
72,68,Emi,Manzanar Murakami,Directed,1,167,Knows,[NULL]
87,466,Buzzworm,Kerry the Technician,Directed,1,167,Exchange,[NULL]
466,69,Kerry the Technician,Gabriel Balboa,Directed,1,167,Exchange,[NULL]
69,72,Gabriel Balboa,Emi,Directed,1,167,Exchange,[NULL]
466,68,Kerry the Technician,Manzanar Murakami,Directed,1,167,Knows of,[NULL]
68,72,Manzanar Murakami,Emi,Directed,1,167,Knows,[NULL]
189,68,Unnamed members of L.A. Underclass,Manzanar Murakami,Directed,1,168,Knows,[NULL]
189,192,Unnamed members of L.A. Underclass,LAPD,Directed,1,168,Knows,[NULL]
192,189,LAPD,Unnamed members of L.A. Underclass,Directed,1,168,Knows,[NULL]
68,189,Manzanar Murakami,Unnamed members of L.A. Underclass,Directed,1,168,Knows,[NULL]
68,192,Manzanar Murakami,LAPD,Directed,1,168,Knows,[NULL]
68,68,Manzanar Murakami,Manzanar Murakami,Directed,1,169,Knows,[NULL]
466,68,Kerry the Technician,Manzanar Murakami,Directed,1,169,Knows of,[NULL]
189,200,Unnamed members of L.A. Underclass,The NewsNow Van,Directed,1,169,Knows,[NULL]
464,68,Luey the Cameraman,Manzanar Murakami,Directed,1,169,Knows of,[NULL]
68,200,Manzanar Murakami,The NewsNow Van,Directed,1,169,Knows,[NULL]
68,466,Manzanar Murakami,Kerry the Technician,Directed,1,169,Knows of,[NULL]
68,189,Manzanar Murakami,Unnamed members of L.A. Underclass,Directed,1,169,Knows,[NULL]
189,68,Unnamed members of L.A. Underclass,Manzanar Murakami,Directed,1,169,Knows,[NULL]
200,607,The NewsNow Van,Menendez Brothers,Directed,1,169,Knows,[NULL]
608,200,Homeless trader,The NewsNow Van,Directed,1,169,Exchange,[NULL]
200,189,The NewsNow Van,Unnamed members of L.A. Underclass,Directed,1,169,Knows,[NULL]
200,606,The NewsNow Van,O.J. Simpson,Directed,1,169,Knows,[NULL]
68,464,Manzanar Murakami,Luey the Cameraman,Directed,1,169,Knows of,[NULL]
200,608,The NewsNow Van,Homeless trader,Directed,1,169,Exchange,[NULL]
610,68,Manzanar's family,Manzanar Murakami,Directed,1,170,Knows,[NULL]
68,609,Manzanar Murakami,Manzanar's wife,Directed,1,170,Knows,[NULL]
609,68,Manzanar's wife,Manzanar Murakami,Directed,1,170,Knows,[NULL]
611,68,Manzanar's patients,Manzanar Murakami,Directed,1,170,Knows,[NULL]
612,68,Manzanar's friends,Manzanar Murakami,Directed,1,170,Knows,[NULL]
68,611,Manzanar Murakami,Manzanar's patients,Directed,1,170,Knows,[NULL]
68,612,Manzanar Murakami,Manzanar's friends,Directed,1,170,Knows,[NULL]
68,610,Manzanar Murakami,Manzanar's family,Directed,1,170,Knows,[NULL]
68,68,Manzanar Murakami,Manzanar Murakami,Directed,1,170,Knows,[NULL]
68,72,Manzanar Murakami,Emi,Directed,1,170,Knows,[NULL]
72,68,Emi,Manzanar Murakami,Directed,1,170,Knows,[NULL]
621,620,Lover Two,Lover One,Directed,1,171,Exchange,[NULL]
189,616,Unnamed members of L.A. Underclass,Motorcyclist in a pink suit and pink helmet,Directed,1,171,Knows,[NULL]
616,619,Motorcyclist in a pink suit and pink helmet,A rubbie (or two),Directed,1,171,Knows,[NULL]
616,618,Motorcyclist in a pink suit and pink helmet,Heaven's Devils,Directed,1,171,Knows,[NULL]
68,616,Manzanar Murakami,Motorcyclist in a pink suit and pink helmet,Directed,1,171,Knows,[NULL]
616,189,Motorcyclist in a pink suit and pink helmet,Unnamed members of L.A. Underclass,Directed,1,171,Knows,[NULL]
615,614,L.A. citizens,AQMD,Directed,1,171,Exchange,[NULL]
68,621,Manzanar Murakami,Lover Two,Directed,1,171,Knows,[NULL]
614,615,AQMD,L.A. citizens,Directed,1,171,Exchange,[NULL]
619,616,A rubbie (or two),Motorcyclist in a pink suit and pink helmet,Directed,1,171,Knows,[NULL]
68,620,Manzanar Murakami,Lover One,Directed,1,171,Knows,[NULL]
617,616,Hell's Angels,Motorcyclist in a pink suit and pink helmet,Directed,1,171,Knows,[NULL]
618,616,Heaven's Devils,Motorcyclist in a pink suit and pink helmet,Directed,1,171,Knows,[NULL]
620,621,Lover One,Lover Two,Directed,1,171,Exchange,[NULL]
616,617,Motorcyclist in a pink suit and pink helmet,Hell's Angels,Directed,1,171,Knows,[NULL]
87,68,Buzzworm,Manzanar Murakami,Directed,1,175,Knows,[NULL]
87,72,Buzzworm,Emi,Directed,1,175,Exchange,[NULL]
87,180,Buzzworm,David Hockney,Directed,1,175,Knows of,[NULL]
72,180,Emi,David Hockney,Directed,1,175,Knows of,[NULL]
72,87,Emi,Buzzworm,Directed,1,175,Exchange,[NULL]
72,68,Emi,Manzanar Murakami,Directed,1,175,Knows,[NULL]
68,72,Manzanar Murakami,Emi,Directed,1,175,Knows,[NULL]
72,454,Emi,CNN,Directed,1,176,Knows of,[NULL]
474,87,Audience Members,Buzzworm,Directed,1,176,Knows,[NULL]
464,474,Luey the Cameraman,Audience Members,Directed,1,176,Knows of,[NULL]
72,69,Emi,Gabriel Balboa,Directed,1,176,Knows,[NULL]
474,464,Audience Members,Luey the Cameraman,Directed,1,176,Knows of,[NULL]
454,470,CNN,NewsNow Realtime on the internet,Directed,1,176,Knows of,[NULL]
72,68,Emi,Manzanar Murakami,Directed,1,176,Knows,[NULL]
68,72,Manzanar Murakami,Emi,Directed,1,176,Knows,[NULL]
72,470,Emi,NewsNow Realtime on the internet,Directed,1,176,Exchange,[NULL]
72,87,Emi,Buzzworm,Directed,1,176,Knows,[NULL]
72,471,Emi,Tattered and Soiled man,Directed,1,176,Knows,[NULL]
87,72,Buzzworm,Emi,Directed,1,176,Knows,[NULL]
474,465,Audience Members,Kay Torres - On-Scene Reporter,Directed,1,176,Knows of,[NULL]
465,474,Kay Torres - On-Scene Reporter,Audience Members,Directed,1,176,Knows of,[NULL]
87,474,Buzzworm,Audience Members,Directed,1,176,Knows,[NULL]
470,72,NewsNow Realtime on the internet,Emi,Directed,1,176,Exchange,[NULL]
69,72,Gabriel Balboa,Emi,Directed,1,176,Knows,[NULL]
466,474,Kerry the Technician,Audience Members,Directed,1,176,Knows of,[NULL]
470,454,NewsNow Realtime on the internet,CNN,Directed,1,176,Knows of,[NULL]
87,466,Buzzworm,Kerry the Technician,Directed,1,177,Knows,[NULL]
87,464,Buzzworm,Luey the Cameraman,Directed,1,177,Exchange,[NULL]
465,87,Kay Torres - On-Scene Reporter,Buzzworm,Directed,1,177,Knows,[NULL]
72,466,Emi,Kerry the Technician,Directed,1,177,Exchange,[NULL]
87,72,Buzzworm,Emi,Directed,1,177,Knows,[NULL]
87,472,Buzzworm,"Smokey, Pick-n-save, and Pollyanna",Directed,1,177,Exchange,[NULL]
465,473,Kay Torres - On-Scene Reporter,Someone with a wooden crate,Directed,1,177,Knows,[NULL]
465,472,Kay Torres - On-Scene Reporter,"Smokey, Pick-n-save, and Pollyanna",Directed,1,177,Knows,[NULL]
72,87,Emi,Buzzworm,Directed,1,177,Knows,[NULL]
87,275,Buzzworm,The homeless (abstract),Directed,1,177,Exchange,[NULL]
275,498,The homeless (abstract),Luis Alfaro,Directed,1,177,Knows,[NULL]
72,465,Emi,Kay Torres - On-Scene Reporter,Directed,1,177,Knows,[NULL]
465,72,Kay Torres - On-Scene Reporter,Emi,Directed,1,177,Knows,[NULL]
87,465,Buzzworm,Kay Torres - On-Scene Reporter,Directed,1,177,Knows,[NULL]
465,464,Kay Torres - On-Scene Reporter,Luey the Cameraman,Directed,1,177,Knows,[NULL]
466,275,Kerry the Technician,The homeless (abstract),Directed,1,177,Knows,[NULL]
466,473,Kerry the Technician,Someone with a wooden crate,Directed,1,177,Knows of,[NULL]
466,472,Kerry the Technician,"Smokey, Pick-n-save, and Pollyanna",Directed,1,177,Knows of,[NULL]
466,87,Kerry the Technician,Buzzworm,Directed,1,177,Knows,[NULL]
470,72,NewsNow Realtime on the internet,Emi,Directed,1,177,Exchange,[NULL]
72,472,Emi,"Smokey, Pick-n-save, and Pollyanna",Directed,1,177,Knows of,[NULL]
72,473,Emi,Someone with a wooden crate,Directed,1,177,Knows of,[NULL]
72,275,Emi,The homeless (abstract),Directed,1,177,Knows,[NULL]
466,464,Kerry the Technician,Luey the Cameraman,Directed,1,177,Exchange,[NULL]
466,465,Kerry the Technician,Kay Torres - On-Scene Reporter,Directed,1,177,Knows,[NULL]
466,72,Kerry the Technician,Emi,Directed,1,177,Exchange,[NULL]
470,87,NewsNow Realtime on the internet,Buzzworm,Directed,1,177,Knows of,[NULL]
465,275,Kay Torres - On-Scene Reporter,The homeless (abstract),Directed,1,177,Knows,[NULL]
72,470,Emi,NewsNow Realtime on the internet,Directed,1,177,Exchange,[NULL]
465,466,Kay Torres - On-Scene Reporter,Kerry the Technician,Directed,1,177,Knows,[NULL]
498,275,Luis Alfaro,The homeless (abstract),Directed,1,177,Knows,[NULL]
464,465,Luey the Cameraman,Kay Torres - On-Scene Reporter,Directed,1,177,Knows,[NULL]
464,466,Luey the Cameraman,Kerry the Technician,Directed,1,177,Exchange,[NULL]
472,465,"Smokey, Pick-n-save, and Pollyanna",Kay Torres - On-Scene Reporter,Directed,1,177,Knows,[NULL]
464,472,Luey the Cameraman,"Smokey, Pick-n-save, and Pollyanna",Directed,1,177,Knows,[NULL]
464,87,Luey the Cameraman,Buzzworm,Directed,1,177,Exchange,[NULL]
473,465,Someone with a wooden crate,Kay Torres - On-Scene Reporter,Directed,1,177,Knows,[NULL]
464,473,Luey the Cameraman,Someone with a wooden crate,Directed,1,177,Knows,[NULL]
275,465,The homeless (abstract),Kay Torres - On-Scene Reporter,Directed,1,177,Knows,[NULL]
275,72,The homeless (abstract),Emi,Directed,1,177,Knows,[NULL]
275,466,The homeless (abstract),Kerry the Technician,Directed,1,177,Knows,[NULL]
275,87,The homeless (abstract),Buzzworm,Directed,1,177,Exchange,[NULL]
473,464,Someone with a wooden crate,Luey the Cameraman,Directed,1,177,Knows,[NULL]
72,474,Emi,Audience Members,Directed,1,177,Knows of,[NULL]
72,476,Emi,Mona,Directed,1,178,Exchange,[NULL]
72,475,Emi,Sammy (used to be an actor),Directed,1,178,Knows of,[NULL]
87,478,Buzzworm,Mama on the northbound,Directed,1,178,Knows,[NULL]
474,72,Audience Members,Emi,Directed,1,178,Exchange,[NULL]
466,72,Kerry the Technician,Emi,Directed,1,178,Exchange,[NULL]
72,183,Emi,Sally Jesse Raphael,Directed,1,178,Knows of,[NULL]
72,470,Emi,NewsNow Realtime on the internet,Directed,1,178,Exchange,[NULL]
72,464,Emi,Luey the Cameraman,Directed,1,178,Knows,[NULL]
72,478,Emi,Mama on the northbound,Directed,1,178,Knows of,[NULL]
476,87,Mona,Buzzworm,Directed,1,178,Knows,[NULL]
476,72,Mona,Emi,Directed,1,178,Exchange,[NULL]
470,87,NewsNow Realtime on the internet,Buzzworm,Directed,1,178,Knows of,[NULL]
464,72,Luey the Cameraman,Emi,Directed,1,178,Knows,[NULL]
87,474,Buzzworm,Audience Members,Directed,1,178,Knows,[NULL]
87,72,Buzzworm,Emi,Directed,1,178,Exchange,[NULL]
72,87,Emi,Buzzworm,Directed,1,178,Exchange,[NULL]
72,466,Emi,Kerry the Technician,Directed,1,178,Exchange,[NULL]
478,87,Mama on the northbound,Buzzworm,Directed,1,178,Knows,[NULL]
87,476,Buzzworm,Mona,Directed,1,178,Knows,[NULL]
470,72,NewsNow Realtime on the internet,Emi,Directed,1,178,Exchange,[NULL]
470,183,NewsNow Realtime on the internet,Sally Jesse Raphael,Directed,1,178,Knows of,[NULL]
475,87,Sammy (used to be an actor),Buzzworm,Directed,1,178,Knows,[NULL]
475,72,Sammy (used to be an actor),Emi,Directed,1,178,Knows of,[NULL]
87,475,Buzzworm,Sammy (used to be an actor),Directed,1,178,Knows,[NULL]
474,87,Audience Members,Buzzworm,Directed,1,178,Knows,[NULL]
466,834,Kerry the Technician,Guest in the middle,Directed,1,179,Knows,[NULL]
465,834,Kay Torres - On-Scene Reporter,Guest in the middle,Directed,1,179,Knows,[NULL]
834,474,Guest in the middle,Audience Members,Directed,1,179,Exchange,[NULL]
466,835,Kerry the Technician,Guest on the right,Directed,1,179,Knows,[NULL]
834,833,Guest in the middle,Guest on the left,Directed,1,179,Knows,[NULL]
69,835,Gabriel Balboa,Guest on the right,Directed,1,179,Knows of,[NULL]
465,833,Kay Torres - On-Scene Reporter,Guest on the left,Directed,1,179,Knows,[NULL]
465,835,Kay Torres - On-Scene Reporter,Guest on the right,Directed,1,179,Knows,[NULL]
466,833,Kerry the Technician,Guest on the left,Directed,1,179,Knows,[NULL]
464,833,Luey the Cameraman,Guest on the left,Directed,1,179,Knows,[NULL]
69,87,Gabriel Balboa,Buzzworm,Directed,1,179,Knows,[NULL]
69,834,Gabriel Balboa,Guest in the middle,Directed,1,179,Knows of,[NULL]
69,454,Gabriel Balboa,CNN,Directed,1,179,Knows of,[NULL]
69,72,Gabriel Balboa,Emi,Directed,1,179,Exchange,[NULL]
466,479,Kerry the Technician,FCC,Directed,1,179,Knows,[NULL]
466,72,Kerry the Technician,Emi,Directed,1,179,Knows,[NULL]
466,87,Kerry the Technician,Buzzworm,Directed,1,179,Knows,[NULL]
834,87,Guest in the middle,Buzzworm,Directed,1,179,Exchange,[NULL]
87,479,Buzzworm,FCC,Directed,1,179,Knows of,[NULL]
87,72,Buzzworm,Emi,Directed,1,179,Exchange,[NULL]
464,835,Luey the Cameraman,Guest on the right,Directed,1,179,Knows,[NULL]
69,833,Gabriel Balboa,Guest on the left,Directed,1,179,Knows of,[NULL]
834,835,Guest in the middle,Guest on the right,Directed,1,179,Exchange,[NULL]
835,465,Guest on the right,Kay Torres - On-Scene Reporter,Directed,1,179,Knows,[NULL]
72,472,Emi,"Smokey, Pick-n-save, and Pollyanna",Directed,1,179,Knows of,[NULL]
72,466,Emi,Kerry the Technician,Directed,1,179,Knows,[NULL]
833,465,Guest on the left,Kay Torres - On-Scene Reporter,Directed,1,179,Knows,[NULL]
833,466,Guest on the left,Kerry the Technician,Directed,1,179,Knows,[NULL]
72,835,Emi,Guest on the right,Directed,1,179,Knows of,[NULL]
474,472,Audience Members,"Smokey, Pick-n-save, and Pollyanna",Directed,1,179,Exchange,[NULL]
72,833,Emi,Guest on the left,Directed,1,179,Knows of,[NULL]
72,834,Emi,Guest in the middle,Directed,1,179,Knows of,[NULL]
72,69,Emi,Gabriel Balboa,Directed,1,179,Exchange,[NULL]
474,835,Audience Members,Guest on the right,Directed,1,179,Exchange,[NULL]
72,479,Emi,FCC,Directed,1,179,Knows,[NULL]
835,474,Guest on the right,Audience Members,Directed,1,179,Exchange,[NULL]
72,454,Emi,CNN,Directed,1,179,Knows of,[NULL]
472,474,"Smokey, Pick-n-save, and Pollyanna",Audience Members,Directed,1,179,Exchange,[NULL]
72,87,Emi,Buzzworm,Directed,1,179,Exchange,[NULL]
835,87,Guest on the right,Buzzworm,Directed,1,179,Exchange,[NULL]
835,464,Guest on the right,Luey the Cameraman,Directed,1,179,Knows,[NULL]
835,834,Guest on the right,Guest in the middle,Directed,1,179,Exchange,[NULL]
835,466,Guest on the right,Kerry the Technician,Directed,1,179,Knows,[NULL]
833,464,Guest on the left,Luey the Cameraman,Directed,1,179,Knows,[NULL]
833,835,Guest on the left,Guest on the right,Directed,1,179,Exchange,[NULL]
464,834,Luey the Cameraman,Guest in the middle,Directed,1,179,Knows,[NULL]
833,834,Guest on the left,Guest in the middle,Directed,1,179,Knows,[NULL]
87,834,Buzzworm,Guest in the middle,Directed,1,179,Exchange,[NULL]
474,833,Audience Members,Guest on the left,Directed,1,179,Exchange,[NULL]
833,474,Guest on the left,Audience Members,Directed,1,179,Exchange,[NULL]
87,835,Buzzworm,Guest on the right,Directed,1,179,Exchange,[NULL]
472,480,"Smokey, Pick-n-save, and Pollyanna",Ridley Scott,Directed,1,179,Knows of,[NULL]
833,87,Guest on the left,Buzzworm,Directed,1,179,Exchange,[NULL]
834,464,Guest in the middle,Luey the Cameraman,Directed,1,179,Knows,[NULL]
87,833,Buzzworm,Guest on the left,Directed,1,179,Exchange,[NULL]
834,466,Guest in the middle,Kerry the Technician,Directed,1,179,Knows,[NULL]
474,834,Audience Members,Guest in the middle,Directed,1,179,Exchange,[NULL]
87,466,Buzzworm,Kerry the Technician,Directed,1,179,Knows,[NULL]
87,69,Buzzworm,Gabriel Balboa,Directed,1,179,Knows,[NULL]
835,833,Guest on the right,Guest on the left,Directed,1,179,Exchange,[NULL]
834,465,Guest in the middle,Kay Torres - On-Scene Reporter,Directed,1,179,Knows,[NULL]
482,87,Second Baptist (Implied Church),Buzzworm,Directed,1,180,Knows,[NULL]
466,833,Kerry the Technician,Guest on the left,Directed,1,180,Knows,[NULL]
466,835,Kerry the Technician,Guest on the right,Directed,1,180,Knows,[NULL]
464,833,Luey the Cameraman,Guest on the left,Directed,1,180,Knows,[NULL]
68,72,Manzanar Murakami,Emi,Directed,1,180,Knows,[NULL]
474,472,Audience Members,"Smokey, Pick-n-save, and Pollyanna",Directed,1,180,Exchange,[NULL]
472,474,"Smokey, Pick-n-save, and Pollyanna",Audience Members,Directed,1,180,Exchange,[NULL]
464,835,Luey the Cameraman,Guest on the right,Directed,1,180,Knows,[NULL]
472,87,"Smokey, Pick-n-save, and Pollyanna",Buzzworm,Directed,1,180,Knows,[NULL]
464,834,Luey the Cameraman,Guest in the middle,Directed,1,180,Knows,[NULL]
474,834,Audience Members,Guest in the middle,Directed,1,180,Exchange,[NULL]
474,833,Audience Members,Guest on the left,Directed,1,180,Exchange,[NULL]
466,834,Kerry the Technician,Guest in the middle,Directed,1,180,Knows,[NULL]
474,835,Audience Members,Guest on the right,Directed,1,180,Exchange,[NULL]
834,833,Guest in the middle,Guest on the left,Directed,1,180,Knows,[NULL]
465,833,Kay Torres - On-Scene Reporter,Guest on the left,Directed,1,180,Knows,[NULL]
833,464,Guest on the left,Luey the Cameraman,Directed,1,180,Knows,[NULL]
835,474,Guest on the right,Audience Members,Directed,1,180,Exchange,[NULL]
835,87,Guest on the right,Buzzworm,Directed,1,180,Exchange,[NULL]
835,834,Guest on the right,Guest in the middle,Directed,1,180,Exchange,[NULL]
835,833,Guest on the right,Guest on the left,Directed,1,180,Exchange,[NULL]
835,465,Guest on the right,Kay Torres - On-Scene Reporter,Directed,1,180,Knows,[NULL]
835,466,Guest on the right,Kerry the Technician,Directed,1,180,Knows,[NULL]
835,464,Guest on the right,Luey the Cameraman,Directed,1,180,Knows,[NULL]
72,68,Emi,Manzanar Murakami,Directed,1,180,Knows,[NULL]
72,483,Emi,Homeless Vets,Directed,1,180,Knows of,[NULL]
72,835,Emi,Guest on the right,Directed,1,180,Knows of,[NULL]
72,833,Emi,Guest on the left,Directed,1,180,Knows of,[NULL]
69,68,Gabriel Balboa,Manzanar Murakami,Directed,1,180,Knows,[NULL]
465,835,Kay Torres - On-Scene Reporter,Guest on the right,Directed,1,180,Knows,[NULL]
72,834,Emi,Guest in the middle,Directed,1,180,Knows of,[NULL]
833,466,Guest on the left,Kerry the Technician,Directed,1,180,Knows,[NULL]
833,465,Guest on the left,Kay Torres - On-Scene Reporter,Directed,1,180,Knows,[NULL]
833,835,Guest on the left,Guest on the right,Directed,1,180,Exchange,[NULL]
833,834,Guest on the left,Guest in the middle,Directed,1,180,Knows,[NULL]
69,483,Gabriel Balboa,Homeless Vets,Directed,1,180,Knows of,[NULL]
69,835,Gabriel Balboa,Guest on the right,Directed,1,180,Knows of,[NULL]
69,833,Gabriel Balboa,Guest on the left,Directed,1,180,Knows of,[NULL]
69,834,Gabriel Balboa,Guest in the middle,Directed,1,180,Knows of,[NULL]
69,484,Gabriel Balboa,Emi's Internet Lover,Directed,1,180,Knows of,[NULL]
69,72,Gabriel Balboa,Emi,Directed,1,180,Exchange,[NULL]
484,72,Emi's Internet Lover,Emi,Directed,1,180,Knows,[NULL]
72,69,Emi,Gabriel Balboa,Directed,1,180,Exchange,[NULL]
72,482,Emi,Second Baptist (Implied Church),Directed,1,180,Knows of,[NULL]
834,87,Guest in the middle,Buzzworm,Directed,1,180,Exchange,[NULL]
834,835,Guest in the middle,Guest on the right,Directed,1,180,Exchange,[NULL]
834,465,Guest in the middle,Kay Torres - On-Scene Reporter,Directed,1,180,Knows,[NULL]
834,466,Guest in the middle,Kerry the Technician,Directed,1,180,Knows,[NULL]
834,464,Guest in the middle,Luey the Cameraman,Directed,1,180,Knows,[NULL]
833,474,Guest on the left,Audience Members,Directed,1,180,Exchange,[NULL]
833,87,Guest on the left,Buzzworm,Directed,1,180,Exchange,[NULL]
834,474,Guest in the middle,Audience Members,Directed,1,180,Exchange,[NULL]
72,484,Emi,Emi's Internet Lover,Directed,1,180,Knows,[NULL]
69,482,Gabriel Balboa,Second Baptist (Implied Church),Directed,1,180,Knows of,[NULL]
87,472,Buzzworm,"Smokey, Pick-n-save, and Pollyanna",Directed,1,180,Knows,[NULL]
465,834,Kay Torres - On-Scene Reporter,Guest in the middle,Directed,1,180,Knows,[NULL]
87,482,Buzzworm,Second Baptist (Implied Church),Directed,1,180,Knows,[NULL]
87,483,Buzzworm,Homeless Vets,Directed,1,180,Knows of,[NULL]
87,835,Buzzworm,Guest on the right,Directed,1,180,Exchange,[NULL]
87,833,Buzzworm,Guest on the left,Directed,1,180,Exchange,[NULL]
87,834,Buzzworm,Guest in the middle,Directed,1,180,Exchange,[NULL]
66,125,Rafaela Cortés,Christopher Columbus,Directed,1,181,Knows of,[NULL]
70,486,Arcangel/El Gran Mojado,Atahualpa,Directed,1,181,Knows of,[NULL]
70,485,Arcangel/El Gran Mojado,Moctezuma,Directed,1,181,Knows of,[NULL]
70,125,Arcangel/El Gran Mojado,Christopher Columbus,Directed,1,181,Knows of,[NULL]
70,489,Arcangel/El Gran Mojado,Guaraní People,Directed,1,181,Knows,[NULL]
66,486,Rafaela Cortés,Atahualpa,Directed,1,181,Knows of,[NULL]
485,70,Moctezuma,Arcangel/El Gran Mojado,Directed,1,181,Knows of,[NULL]
66,485,Rafaela Cortés,Moctezuma,Directed,1,181,Knows of,[NULL]
66,488,Rafaela Cortés,Bus passengers,Directed,1,182,Knows of,[NULL]
66,145,Rafaela Cortés,Sol,Directed,1,182,Knows,[NULL]
66,70,Rafaela Cortés,Arcangel/El Gran Mojado,Directed,1,182,Exchange,[NULL]
70,66,Arcangel/El Gran Mojado,Rafaela Cortés,Directed,1,182,Exchange,[NULL]
145,66,Sol,Rafaela Cortés,Directed,1,182,Knows,[NULL]
70,145,Arcangel/El Gran Mojado,Sol,Directed,1,182,Knows,[NULL]
145,70,Sol,Arcangel/El Gran Mojado,Directed,1,182,Knows,[NULL]
488,66,Bus passengers,Rafaela Cortés,Directed,1,182,Knows of,[NULL]
70,66,Arcangel/El Gran Mojado,Rafaela Cortés,Directed,1,183,Exchange,[NULL]
66,149,Rafaela Cortés,Rodriguez,Directed,1,183,Knows,[NULL]
66,419,Rafaela Cortés,El Gran Mojado,Directed,1,183,Knows of,[NULL]
66,158,Rafaela Cortés,Hernando (Dona Maria's son),Directed,1,183,Knows,[NULL]
66,490,Rafaela Cortés,El Gran Mojado Fans,Directed,1,183,Knows of,[NULL]
66,487,Rafaela Cortés,Bus Driver,Directed,1,183,Knows of,[NULL]
66,70,Rafaela Cortés,Arcangel/El Gran Mojado,Directed,1,183,Exchange,[NULL]
158,66,Hernando (Dona Maria's son),Rafaela Cortés,Directed,1,183,Knows,[NULL]
70,487,Arcangel/El Gran Mojado,Bus Driver,Directed,1,183,Knows of,[NULL]
149,66,Rodriguez,Rafaela Cortés,Directed,1,183,Knows,[NULL]
419,66,El Gran Mojado,Rafaela Cortés,Directed,1,183,Knows of,[NULL]
487,66,Bus Driver,Rafaela Cortés,Directed,1,183,Knows of,[NULL]
487,70,Bus Driver,Arcangel/El Gran Mojado,Directed,1,183,Knows of,[NULL]
66,488,Rafaela Cortés,Bus passengers,Directed,1,184,Knows of,[NULL]
66,70,Rafaela Cortés,Arcangel/El Gran Mojado,Directed,1,184,Exchange,[NULL]
66,145,Rafaela Cortés,Sol,Directed,1,184,Knows,[NULL]
70,145,Arcangel/El Gran Mojado,Sol,Directed,1,184,Knows,[NULL]
145,66,Sol,Rafaela Cortés,Directed,1,184,Knows,[NULL]
66,487,Rafaela Cortés,Bus Driver,Directed,1,184,Knows of,[NULL]
66,158,Rafaela Cortés,Hernando (Dona Maria's son),Directed,1,184,Knows,[NULL]
488,66,Bus passengers,Rafaela Cortés,Directed,1,184,Knows of,[NULL]
487,66,Bus Driver,Rafaela Cortés,Directed,1,184,Knows of,[NULL]
66,224,Rafaela Cortés,The Orange,Directed,1,184,Knows,[NULL]
145,70,Sol,Arcangel/El Gran Mojado,Directed,1,184,Knows,[NULL]
70,66,Arcangel/El Gran Mojado,Rafaela Cortés,Directed,1,184,Exchange,[NULL]
224,66,The Orange,Rafaela Cortés,Directed,1,184,Knows,[NULL]
224,70,The Orange,Arcangel/El Gran Mojado,Directed,1,184,Knows,[NULL]
158,66,Hernando (Dona Maria's son),Rafaela Cortés,Directed,1,184,Knows,[NULL]
70,224,Arcangel/El Gran Mojado,The Orange,Directed,1,184,Knows,[NULL]
488,70,Bus passengers,Arcangel/El Gran Mojado,Directed,1,185,Exchange,[NULL]
488,419,Bus passengers,El Gran Mojado,Directed,1,185,Knows of,[NULL]
70,66,Arcangel/El Gran Mojado,Rafaela Cortés,Directed,1,185,Exchange,[NULL]
70,488,Arcangel/El Gran Mojado,Bus passengers,Directed,1,185,Exchange,[NULL]
66,70,Rafaela Cortés,Arcangel/El Gran Mojado,Directed,1,185,Exchange,[NULL]
66,145,Rafaela Cortés,Sol,Directed,1,185,Exchange,[NULL]
158,145,Hernando (Dona Maria's son),Sol,Directed,1,185,Knows of,[NULL]
66,158,Rafaela Cortés,Hernando (Dona Maria's son),Directed,1,185,Exchange,[NULL]
66,488,Rafaela Cortés,Bus passengers,Directed,1,185,Knows of,[NULL]
145,70,Sol,Arcangel/El Gran Mojado,Directed,1,185,Exchange,[NULL]
488,66,Bus passengers,Rafaela Cortés,Directed,1,185,Knows of,[NULL]
158,66,Hernando (Dona Maria's son),Rafaela Cortés,Directed,1,185,Exchange,[NULL]
70,145,Arcangel/El Gran Mojado,Sol,Directed,1,185,Exchange,[NULL]
419,488,El Gran Mojado,Bus passengers,Directed,1,185,Knows of,[NULL]
70,145,Arcangel/El Gran Mojado,Sol,Directed,1,186,Exchange,[NULL]
145,224,Sol,The Orange,Directed,1,186,Exchange,[NULL]
66,158,Rafaela Cortés,Hernando (Dona Maria's son),Directed,1,186,Exchange,[NULL]
70,224,Arcangel/El Gran Mojado,The Orange,Directed,1,186,Exchange,[NULL]
145,66,Sol,Rafaela Cortés,Directed,1,186,Knows,[NULL]
158,66,Hernando (Dona Maria's son),Rafaela Cortés,Directed,1,186,Exchange,[NULL]
488,70,Bus passengers,Arcangel/El Gran Mojado,Directed,1,186,Exchange,[NULL]
66,70,Rafaela Cortés,Arcangel/El Gran Mojado,Directed,1,186,Knows,[NULL]
70,488,Arcangel/El Gran Mojado,Bus passengers,Directed,1,186,Exchange,[NULL]
66,145,Rafaela Cortés,Sol,Directed,1,186,Knows,[NULL]
476,87,Mona,Buzzworm,Directed,1,186,Exchange,[NULL]
145,70,Sol,Arcangel/El Gran Mojado,Directed,1,186,Exchange,[NULL]
87,476,Buzzworm,Mona,Directed,1,186,Exchange,[NULL]
224,145,The Orange,Sol,Directed,1,186,Exchange,[NULL]
70,66,Arcangel/El Gran Mojado,Rafaela Cortés,Directed,1,186,Knows,[NULL]
494,493,"""A brother""",1-800 Lawyer,Directed,1,187,Knows,[NULL]
491,348,"""Homey on the other end""",Bloods,Directed,1,187,Knows,[NULL]
491,493,"""Homey on the other end""",1-800 Lawyer,Directed,1,187,Knows,[NULL]
491,494,"""Homey on the other end""","""A brother""",Directed,1,187,Knows,[NULL]
476,491,Mona,"""Homey on the other end""",Directed,1,187,Knows of,[NULL]
494,87,"""A brother""",Buzzworm,Directed,1,187,Knows,[NULL]
87,494,Buzzworm,"""A brother""",Directed,1,187,Knows,[NULL]
491,347,"""Homey on the other end""",Crips,Directed,1,187,Knows,[NULL]
87,493,Buzzworm,1-800 Lawyer,Directed,1,187,Knows of,[NULL]
347,491,Crips,"""Homey on the other end""",Directed,1,187,Knows,[NULL]
87,348,Buzzworm,Bloods,Directed,1,187,Knows of,[NULL]
87,496,Buzzworm,Martin Luther King,Directed,1,187,Knows of,[NULL]
87,192,Buzzworm,LAPD,Directed,1,187,Knows of,[NULL]
87,495,Buzzworm,John Adams,Directed,1,187,Knows of,[NULL]
87,394,Buzzworm,Isaac Newton Van Nuys,Directed,1,187,Knows of,[NULL]
493,87,1-800 Lawyer,Buzzworm,Directed,1,187,Knows of,[NULL]
491,87,"""Homey on the other end""",Buzzworm,Directed,1,187,Exchange,[NULL]
493,491,1-800 Lawyer,"""Homey on the other end""",Directed,1,187,Knows,[NULL]
87,492,Buzzworm,George Coupland Thomas,Directed,1,187,Knows of,[NULL]
87,347,Buzzworm,Crips,Directed,1,187,Knows of,[NULL]
491,476,"""Homey on the other end""",Mona,Directed,1,187,Knows of,[NULL]
491,496,"""Homey on the other end""",Martin Luther King,Directed,1,187,Knows of,[NULL]
491,192,"""Homey on the other end""",LAPD,Directed,1,187,Knows of,[NULL]
491,495,"""Homey on the other end""",John Adams,Directed,1,187,Knows of,[NULL]
491,394,"""Homey on the other end""",Isaac Newton Van Nuys,Directed,1,187,Knows of,[NULL]
491,492,"""Homey on the other end""",George Coupland Thomas,Directed,1,187,Knows of,[NULL]
87,491,Buzzworm,"""Homey on the other end""",Directed,1,187,Exchange,[NULL]
493,494,1-800 Lawyer,"""A brother""",Directed,1,187,Knows,[NULL]
494,491,"""A brother""","""Homey on the other end""",Directed,1,187,Knows,[NULL]
348,87,Bloods,Buzzworm,Directed,1,187,Knows of,[NULL]
348,491,Bloods,"""Homey on the other end""",Directed,1,187,Knows,[NULL]
491,87,"""Homey on the other end""",Buzzworm,Directed,1,188,Exchange,[NULL]
200,87,The NewsNow Van,Buzzworm,Directed,1,188,Knows,[NULL]
87,493,Buzzworm,1-800 Lawyer,Directed,1,188,Knows of,[NULL]
493,87,1-800 Lawyer,Buzzworm,Directed,1,188,Knows of,[NULL]
87,491,Buzzworm,"""Homey on the other end""",Directed,1,188,Exchange,[NULL]
491,189,"""Homey on the other end""",Unnamed members of L.A. Underclass,Directed,1,188,Knows of,[NULL]
87,342,Buzzworm,Kids (abstract),Directed,1,188,Knows of,[NULL]
87,189,Buzzworm,Unnamed members of L.A. Underclass,Directed,1,188,Knows of,[NULL]
87,256,Buzzworm,The kid who survived / dies,Directed,1,188,Knows,[NULL]
256,87,The kid who survived / dies,Buzzworm,Directed,1,188,Knows,[NULL]
87,68,Buzzworm,Manzanar Murakami,Directed,1,188,Knows of,[NULL]
493,491,1-800 Lawyer,"""Homey on the other end""",Directed,1,188,Knows,[NULL]
87,200,Buzzworm,The NewsNow Van,Directed,1,188,Knows,[NULL]
491,493,"""Homey on the other end""",1-800 Lawyer,Directed,1,188,Knows,[NULL]
87,493,Buzzworm,1-800 Lawyer,Directed,1,189,Knows of,[NULL]
72,192,Emi,LAPD,Directed,1,189,Knows of,[NULL]
69,87,Gabriel Balboa,Buzzworm,Directed,1,189,Knows,[NULL]
72,493,Emi,1-800 Lawyer,Directed,1,189,Knows of,[NULL]
72,87,Emi,Buzzworm,Directed,1,189,Exchange,[NULL]
493,87,1-800 Lawyer,Buzzworm,Directed,1,189,Knows of,[NULL]
87,192,Buzzworm,LAPD,Directed,1,189,Knows of,[NULL]
87,72,Buzzworm,Emi,Directed,1,189,Exchange,[NULL]
87,69,Buzzworm,Gabriel Balboa,Directed,1,189,Knows,[NULL]
466,72,Kerry the Technician,Emi,Directed,1,189,Knows,[NULL]
87,466,Buzzworm,Kerry the Technician,Directed,1,189,Exchange,[NULL]
72,466,Emi,Kerry the Technician,Directed,1,189,Knows,[NULL]
498,499,Luis Alfaro,Newton Ford,Directed,1,190,Knows,[NULL]
87,497,Buzzworm,Mama cookin' at the hot dog stand,Directed,1,190,Knows,[NULL]
72,497,Emi,Mama cookin' at the hot dog stand,Directed,1,190,Knows of,[NULL]
87,498,Buzzworm,Luis Alfaro,Directed,1,190,Knows,[NULL]
72,499,Emi,Newton Ford,Directed,1,190,Knows of,[NULL]
72,849,Emi,Homeless performance group (LAPD),Directed,1,190,Knows of,[NULL]
87,849,Buzzworm,Homeless performance group (LAPD),Directed,1,190,Knows,[NULL]
87,466,Buzzworm,Kerry the Technician,Directed,1,190,Knows,[NULL]
72,498,Emi,Luis Alfaro,Directed,1,190,Knows,[NULL]
72,87,Emi,Buzzworm,Directed,1,190,Exchange,[NULL]
466,87,Kerry the Technician,Buzzworm,Directed,1,190,Knows,[NULL]
466,72,Kerry the Technician,Emi,Directed,1,190,Exchange,[NULL]
499,498,Newton Ford,Luis Alfaro,Directed,1,190,Knows,[NULL]
72,504,Emi,John Malpede,Directed,1,190,Knows of,[NULL]
476,87,Mona,Buzzworm,Directed,1,190,Knows,[NULL]
72,466,Emi,Kerry the Technician,Directed,1,190,Exchange,[NULL]
498,87,Luis Alfaro,Buzzworm,Directed,1,190,Knows,[NULL]
275,849,The homeless (abstract),Homeless performance group (LAPD),Directed,1,190,Knows,[NULL]
72,476,Emi,Mona,Directed,1,190,Knows of,[NULL]
849,275,Homeless performance group (LAPD),The homeless (abstract),Directed,1,190,Knows,[NULL]
87,499,Buzzworm,Newton Ford,Directed,1,190,Knows of,[NULL]
849,87,Homeless performance group (LAPD),Buzzworm,Directed,1,190,Knows,[NULL]
87,72,Buzzworm,Emi,Directed,1,190,Exchange,[NULL]
87,476,Buzzworm,Mona,Directed,1,190,Knows,[NULL]
497,87,Mama cookin' at the hot dog stand,Buzzworm,Directed,1,190,Knows,[NULL]
72,502,Emi,Mara Sadat,Directed,1,191,Knows of,[NULL]
498,502,Luis Alfaro,Mara Sadat,Directed,1,191,Knows,[NULL]
503,498,Cadillac Occupant,Luis Alfaro,Directed,1,191,Knows of,[NULL]
87,500,Buzzworm,Saratoga Sara,Directed,1,191,Knows of,[NULL]
498,500,Luis Alfaro,Saratoga Sara,Directed,1,191,Knows,[NULL]
72,504,Emi,John Malpede,Directed,1,191,Knows of,[NULL]
87,503,Buzzworm,Cadillac Occupant,Directed,1,191,Knows of,[NULL]
87,501,Buzzworm,Saratoga Sara's baby,Directed,1,191,Knows of,[NULL]
87,192,Buzzworm,LAPD,Directed,1,191,Knows of,[NULL]
502,503,Mara Sadat,Cadillac Occupant,Directed,1,191,Exchange,[NULL]
502,498,Mara Sadat,Luis Alfaro,Directed,1,191,Knows,[NULL]
72,498,Emi,Luis Alfaro,Directed,1,191,Knows,[NULL]
498,87,Luis Alfaro,Buzzworm,Directed,1,191,Knows,[NULL]
87,498,Buzzworm,Luis Alfaro,Directed,1,191,Knows,[NULL]
72,87,Emi,Buzzworm,Directed,1,191,Exchange,[NULL]
72,192,Emi,LAPD,Directed,1,191,Knows of,[NULL]
87,189,Buzzworm,Unnamed members of L.A. Underclass,Directed,1,191,Knows of,[NULL]
72,503,Emi,Cadillac Occupant,Directed,1,191,Knows of,[NULL]
87,502,Buzzworm,Mara Sadat,Directed,1,191,Knows of,[NULL]
87,504,Buzzworm,John Malpede,Directed,1,191,Knows of,[NULL]
500,498,Saratoga Sara,Luis Alfaro,Directed,1,191,Knows,[NULL]
498,503,Luis Alfaro,Cadillac Occupant,Directed,1,191,Knows of,[NULL]
498,501,Luis Alfaro,Saratoga Sara's baby,Directed,1,191,Knows of,[NULL]
87,72,Buzzworm,Emi,Directed,1,191,Exchange,[NULL]
503,502,Cadillac Occupant,Mara Sadat,Directed,1,191,Exchange,[NULL]
72,501,Emi,Saratoga Sara's baby,Directed,1,191,Knows of,[NULL]
72,189,Emi,Unnamed members of L.A. Underclass,Directed,1,191,Knows of,[NULL]
72,500,Emi,Saratoga Sara,Directed,1,191,Knows of,[NULL]
72,347,Emi,Crips,Directed,1,192,Knows of,[NULL]
87,72,Buzzworm,Emi,Directed,1,192,Exchange,[NULL]
69,625,Gabriel Balboa,25 million inhabitants,Directed,1,192,Knows of,Gabriel Balboa
69,623,Gabriel Balboa,Kathleen Welna,Directed,1,192,Exchange,Gabriel Balboa
72,189,Emi,Unnamed members of L.A. Underclass,Directed,1,192,Knows of,[NULL]
69,622,Gabriel Balboa,David Welna,Directed,1,192,Knows of,Gabriel Balboa
87,348,Buzzworm,Bloods,Directed,1,192,Knows of,[NULL]
72,87,Emi,Buzzworm,Directed,1,192,Exchange,[NULL]
275,87,The homeless (abstract),Buzzworm,Directed,1,192,Knows,[NULL]
87,68,Buzzworm,Manzanar Murakami,Directed,1,192,Knows of,[NULL]
69,723,Gabriel Balboa,Virgin of Guadalupe,Directed,1,192,Knows,Gabriel Balboa
87,189,Buzzworm,Unnamed members of L.A. Underclass,Directed,1,192,Knows of,[NULL]
87,275,Buzzworm,The homeless (abstract),Directed,1,192,Knows,[NULL]
275,68,The homeless (abstract),Manzanar Murakami,Directed,1,192,Knows,[NULL]
69,624,Gabriel Balboa,"250,000 people (or more)",Directed,1,192,Knows of,Gabriel Balboa
623,624,Kathleen Welna,"250,000 people (or more)",Directed,1,192,Knows of,Gabriel Balboa
68,275,Manzanar Murakami,The homeless (abstract),Directed,1,192,Knows,[NULL]
72,348,Emi,Bloods,Directed,1,192,Knows of,[NULL]
87,347,Buzzworm,Crips,Directed,1,192,Knows of,[NULL]
622,623,David Welna,Kathleen Welna,Directed,1,192,Knows,Gabriel Balboa
623,69,Kathleen Welna,Gabriel Balboa,Directed,1,192,Exchange,Gabriel Balboa
623,622,Kathleen Welna,David Welna,Directed,1,192,Knows,Gabriel Balboa
69,627,Gabriel Balboa,human rights observers,Directed,1,193,Knows of,Gabriel Balboa
69,417,Gabriel Balboa,DEA,Directed,1,193,Knows,Gabriel Balboa
69,629,Gabriel Balboa,liberation theologians,Directed,1,193,Knows of,Gabriel Balboa
69,628,Gabriel Balboa,United Nations reps,Directed,1,193,Knows of,Gabriel Balboa
69,626,Gabriel Balboa,convoys of federales,Directed,1,193,Knows of,Gabriel Balboa
69,622,Gabriel Balboa,David Welna,Directed,1,193,Knows,Gabriel Balboa
69,631,Gabriel Balboa,two high level gov't officials,Directed,1,193,Knows of,Gabriel Balboa
69,630,Gabriel Balboa,Mexican soldiers,Directed,1,193,Knows,Gabriel Balboa
315,69,Organ Traffickers,Gabriel Balboa,Directed,1,193,Exchange,Gabriel Balboa
69,72,Gabriel Balboa,Emi,Directed,1,193,Knows,Gabriel Balboa
69,315,Gabriel Balboa,Organ Traffickers,Directed,1,193,Exchange,Gabriel Balboa
69,95,Gabriel Balboa,Corazon Juarez,Directed,1,193,Knows,Gabriel Balboa
622,69,David Welna,Gabriel Balboa,Directed,1,193,Knows,Gabriel Balboa
72,69,Emi,Gabriel Balboa,Directed,1,193,Knows,Gabriel Balboa
69,95,Gabriel Balboa,Corazon Juarez,Directed,1,194,Knows of,Gabriel Balboa
69,72,Gabriel Balboa,Emi,Directed,1,194,Exchange,Gabriel Balboa
69,87,Gabriel Balboa,Buzzworm,Directed,1,194,Knows of,Gabriel Balboa
72,87,Emi,Buzzworm,Directed,1,194,Knows,Gabriel Balboa
69,66,Gabriel Balboa,Rafaela Cortés,Directed,1,194,Knows,Gabriel Balboa
69,633,Gabriel Balboa,two-year-old,Directed,1,194,Knows of,Gabriel Balboa
632,69,orphaned kids,Gabriel Balboa,Directed,1,194,Knows,Gabriel Balboa
66,69,Rafaela Cortés,Gabriel Balboa,Directed,1,194,Knows,Gabriel Balboa
72,69,Emi,Gabriel Balboa,Directed,1,194,Exchange,Gabriel Balboa
87,72,Buzzworm,Emi,Directed,1,194,Knows,Gabriel Balboa
69,145,Gabriel Balboa,Sol,Directed,1,194,Knows of,Gabriel Balboa
66,633,Rafaela Cortés,two-year-old,Directed,1,194,Knows of,Gabriel Balboa
428,69,The Zapatistas,Gabriel Balboa,Directed,1,194,Knows,Gabriel Balboa
69,632,Gabriel Balboa,orphaned kids,Directed,1,194,Knows,Gabriel Balboa
72,95,Emi,Corazon Juarez,Directed,1,194,Knows,Gabriel Balboa
66,145,Rafaela Cortés,Sol,Directed,1,194,Knows,Gabriel Balboa
145,66,Sol,Rafaela Cortés,Directed,1,194,Knows,Gabriel Balboa
69,428,Gabriel Balboa,The Zapatistas,Directed,1,194,Knows,Gabriel Balboa
72,69,Emi,Gabriel Balboa,Directed,1,195,Exchange,Gabriel Balboa
158,143,Hernando (Dona Maria's son),Doña Maria,Directed,1,195,Knows,Gabriel Balboa
145,66,Sol,Rafaela Cortés,Directed,1,195,Knows,Gabriel Balboa
156,143,Lupe,Doña Maria,Directed,1,195,Knows,Gabriel Balboa
635,432,The people in Marcos village,Subcomandante Marcos,Directed,1,195,Knows,Gabriel Balboa
66,158,Rafaela Cortés,Hernando (Dona Maria's son),Directed,1,195,Knows,Gabriel Balboa
69,143,Gabriel Balboa,Doña Maria,Directed,1,195,Exchange,Gabriel Balboa
69,206,Gabriel Balboa,police,Directed,1,195,Knows of,Gabriel Balboa
432,69,Subcomandante Marcos,Gabriel Balboa,Directed,1,195,Exchange,Gabriel Balboa
143,66,Doña Maria,Rafaela Cortés,Directed,1,195,Knows,Gabriel Balboa
432,635,Subcomandante Marcos,The people in Marcos village,Directed,1,195,Knows,Gabriel Balboa
432,72,Subcomandante Marcos,Emi,Directed,1,195,Knows of,Gabriel Balboa
158,66,Hernando (Dona Maria's son),Rafaela Cortés,Directed,1,195,Knows,Gabriel Balboa
69,72,Gabriel Balboa,Emi,Directed,1,195,Exchange,Gabriel Balboa
143,206,Doña Maria,police,Directed,1,195,Knows,Gabriel Balboa
69,635,Gabriel Balboa,The people in Marcos village,Directed,1,195,Knows of,Gabriel Balboa
145,143,Sol,Doña Maria,Directed,1,195,Knows,Gabriel Balboa
69,156,Gabriel Balboa,Lupe,Directed,1,195,Knows of,Gabriel Balboa
143,145,Doña Maria,Sol,Directed,1,195,Knows,Gabriel Balboa
143,156,Doña Maria,Lupe,Directed,1,195,Knows,Gabriel Balboa
143,158,Doña Maria,Hernando (Dona Maria's son),Directed,1,195,Knows,Gabriel Balboa
69,432,Gabriel Balboa,Subcomandante Marcos,Directed,1,195,Exchange,Gabriel Balboa
69,624,Gabriel Balboa,"250,000 people (or more)",Directed,1,195,Knows,Gabriel Balboa
66,143,Rafaela Cortés,Doña Maria,Directed,1,195,Knows,Gabriel Balboa
69,145,Gabriel Balboa,Sol,Directed,1,195,Knows of,Gabriel Balboa
66,145,Rafaela Cortés,Sol,Directed,1,195,Knows,Gabriel Balboa
69,158,Gabriel Balboa,Hernando (Dona Maria's son),Directed,1,195,Knows of,Gabriel Balboa
72,635,Emi,The people in Marcos village,Directed,1,195,Knows,Gabriel Balboa
72,432,Emi,Subcomandante Marcos,Directed,1,195,Knows of,Gabriel Balboa
69,66,Gabriel Balboa,Rafaela Cortés,Directed,1,195,Knows of,Gabriel Balboa
143,69,Doña Maria,Gabriel Balboa,Directed,1,195,Exchange,Gabriel Balboa
72,69,Emi,Gabriel Balboa,Directed,1,196,Exchange,Gabriel Balboa
432,72,Subcomandante Marcos,Emi,Directed,1,196,Knows of,Gabriel Balboa
70,145,Arcangel/El Gran Mojado,Sol,Directed,1,196,Exchange,[NULL]
69,72,Gabriel Balboa,Emi,Directed,1,196,Exchange,Gabriel Balboa
70,488,Arcangel/El Gran Mojado,Bus passengers,Directed,1,196,Knows,[NULL]
72,432,Emi,Subcomandante Marcos,Directed,1,196,Knows of,Gabriel Balboa
488,70,Bus passengers,Arcangel/El Gran Mojado,Directed,1,196,Knows,[NULL]
69,432,Gabriel Balboa,Subcomandante Marcos,Directed,1,196,Knows of,Gabriel Balboa
145,70,Sol,Arcangel/El Gran Mojado,Directed,1,196,Exchange,[NULL]
145,224,Sol,The Orange,Directed,1,197,Knows,[NULL]
70,145,Arcangel/El Gran Mojado,Sol,Directed,1,197,Exchange,[NULL]
145,70,Sol,Arcangel/El Gran Mojado,Directed,1,197,Exchange,[NULL]
488,70,Bus passengers,Arcangel/El Gran Mojado,Directed,1,197,Knows,[NULL]
70,224,Arcangel/El Gran Mojado,The Orange,Directed,1,197,Knows,[NULL]
224,145,The Orange,Sol,Directed,1,197,Knows,[NULL]
70,488,Arcangel/El Gran Mojado,Bus passengers,Directed,1,197,Knows,[NULL]
224,70,The Orange,Arcangel/El Gran Mojado,Directed,1,197,Knows,[NULL]
70,636,Arcangel/El Gran Mojado,"400,000 deported Mexicans",Directed,1,198,Knows of,[NULL]
70,638,Arcangel/El Gran Mojado,border guard,Directed,1,198,Exchange,[NULL]
70,637,Arcangel/El Gran Mojado,2.2 million braceros,Directed,1,198,Knows of,[NULL]
638,70,border guard,Arcangel/El Gran Mojado,Directed,1,198,Exchange,[NULL]
638,120,border guard,Fidel Castro,Directed,1,199,Knows of,[NULL]
637,638,2.2 million braceros,border guard,Directed,1,199,Knows,[NULL]
638,637,border guard,2.2 million braceros,Directed,1,199,Knows,[NULL]
70,637,Arcangel/El Gran Mojado,2.2 million braceros,Directed,1,199,Knows of,[NULL]
70,640,Arcangel/El Gran Mojado,Henrique Cardoso,Directed,1,199,Knows,[NULL]
70,638,Arcangel/El Gran Mojado,border guard,Directed,1,199,Exchange,[NULL]
638,639,border guard,Carlos Salinas de Gortari,Directed,1,199,Knows of,[NULL]
638,70,border guard,Arcangel/El Gran Mojado,Directed,1,199,Exchange,[NULL]
70,120,Arcangel/El Gran Mojado,Fidel Castro,Directed,1,199,Knows,[NULL]
70,639,Arcangel/El Gran Mojado,Carlos Salinas de Gortari,Directed,1,199,Knows,[NULL]
639,70,Carlos Salinas de Gortari,Arcangel/El Gran Mojado,Directed,1,199,Knows,[NULL]
640,70,Henrique Cardoso,Arcangel/El Gran Mojado,Directed,1,199,Knows,[NULL]
120,70,Fidel Castro,Arcangel/El Gran Mojado,Directed,1,199,Knows,[NULL]
638,640,border guard,Henrique Cardoso,Directed,1,199,Knows of,[NULL]
70,157,Arcangel/El Gran Mojado,Benito,Directed,1,200,Knows,[NULL]
70,644,Arcangel/El Gran Mojado,Simón Bolívar,Directed,1,200,Knows,[NULL]
70,651,Arcangel/El Gran Mojado,freedom fighters,Directed,1,200,Knows of,[NULL]
70,638,Arcangel/El Gran Mojado,border guard,Directed,1,200,Exchange,[NULL]
70,641,Arcangel/El Gran Mojado,kids selling Kleenex,Directed,1,200,Knows of,[NULL]
70,485,Arcangel/El Gran Mojado,Moctezuma,Directed,1,200,Knows,[NULL]
70,642,Arcangel/El Gran Mojado,woman pressing rubber,Directed,1,200,Knows of,[NULL]
70,115,Arcangel/El Gran Mojado,Sandino,Directed,1,200,Knows,[NULL]
70,652,Arcangel/El Gran Mojado,Anthropologists,Directed,1,200,Knows of,[NULL]
70,150,Arcangel/El Gran Mojado,Pancho Villa,Directed,1,200,Knows,[NULL]
70,224,Arcangel/El Gran Mojado,The Orange,Directed,1,200,Knows,[NULL]
70,643,Arcangel/El Gran Mojado,men welding fenders,Directed,1,200,Knows of,[NULL]
70,486,Arcangel/El Gran Mojado,Atahualpa,Directed,1,200,Knows,[NULL]
224,70,The Orange,Arcangel/El Gran Mojado,Directed,1,200,Knows,[NULL]
70,649,Arcangel/El Gran Mojado,murderers (200),Directed,1,200,Knows of,[NULL]
70,650,Arcangel/El Gran Mojado,African slaves,Directed,1,200,Knows of,[NULL]
70,118,Arcangel/El Gran Mojado,Archbishop Romero,Directed,1,200,Knows,[NULL]
70,647,Arcangel/El Gran Mojado,Salvador Allende,Directed,1,200,Knows,[NULL]
70,578,Arcangel/El Gran Mojado,Indians,Directed,1,200,Knows,[NULL]
70,646,Arcangel/El Gran Mojado,Pablo Neruda,Directed,1,200,Knows,[NULL]
70,386,Arcangel/El Gran Mojado,The Aztecs,Directed,1,200,Knows of,[NULL]
70,648,Arcangel/El Gran Mojado,Combined Military Forces,Directed,1,200,Knows of,[NULL]
638,224,border guard,The Orange,Directed,1,200,Knows of,[NULL]
638,70,border guard,Arcangel/El Gran Mojado,Directed,1,200,Exchange,[NULL]
70,567,Arcangel/El Gran Mojado,Conquistadors,Directed,1,200,Knows,[NULL]
70,645,Arcangel/El Gran Mojado,Francisco de Morazán,Directed,1,200,Knows,[NULL]
70,103,Arcangel/El Gran Mojado,Che Guevara,Directed,1,200,Knows,[NULL]
98,225,Bobby Ngu,Xiayue,Directed,1,201,Knows,[NULL]
70,655,Arcangel/El Gran Mojado,Terrorists,Directed,1,201,Knows of,[NULL]
98,146,Bobby Ngu,Pepe Cortés,Directed,1,201,Knows,[NULL]
98,511,Bobby Ngu,Border Rats,Directed,1,201,Knows of,[NULL]
98,66,Bobby Ngu,Rafaela Cortés,Directed,1,201,Knows,[NULL]
225,98,Xiayue,Bobby Ngu,Directed,1,201,Knows,[NULL]
146,511,Pepe Cortés,Border Rats,Directed,1,201,Knows of,[NULL]
146,98,Pepe Cortés,Bobby Ngu,Directed,1,201,Knows,[NULL]
70,653,Arcangel/El Gran Mojado,Latifundistas,Directed,1,201,Knows of,[NULL]
66,98,Rafaela Cortés,Bobby Ngu,Directed,1,201,Knows,[NULL]
146,510,Pepe Cortés,"""Poor Indian types""",Directed,1,201,Knows of,[NULL]
98,510,Bobby Ngu,"""Poor Indian types""",Directed,1,201,Knows of,[NULL]
70,654,Arcangel/El Gran Mojado,Ecomartyrs,Directed,1,201,Knows of,[NULL]
66,146,Rafaela Cortés,Pepe Cortés,Directed,1,201,Knows,[NULL]
98,165,Bobby Ngu,Americans (abstract),Directed,1,201,Knows,[NULL]
70,656,Arcangel/El Gran Mojado,Saints,Directed,1,201,Knows of,[NULL]
98,443,Bobby Ngu,migrants,Directed,1,201,Knows of,[NULL]
146,66,Pepe Cortés,Rafaela Cortés,Directed,1,201,Knows,[NULL]
146,443,Pepe Cortés,migrants,Directed,1,201,Knows of,[NULL]
98,266,Bobby Ngu,Xiayue's Brother,Directed,1,202,Knows of,[NULL]
266,225,Xiayue's Brother,Xiayue,Directed,1,202,Knows,[NULL]
98,225,Bobby Ngu,Xiayue,Directed,1,202,Exchange,[NULL]
146,443,Pepe Cortés,migrants,Directed,1,202,Knows of,[NULL]
98,509,Bobby Ngu,Emiliano Zapata,Directed,1,202,Knows of,[NULL]
146,337,Pepe Cortés,La Migra (Border patrol),Directed,1,202,Knows of,[NULL]
266,98,Xiayue's Brother,Bobby Ngu,Directed,1,202,Knows of,[NULL]
225,98,Xiayue,Bobby Ngu,Directed,1,202,Exchange,[NULL]
98,337,Bobby Ngu,La Migra (Border patrol),Directed,1,202,Knows of,[NULL]
225,266,Xiayue,Xiayue's Brother,Directed,1,202,Knows,[NULL]
146,509,Pepe Cortés,Emiliano Zapata,Directed,1,202,Knows of,[NULL]
98,517,Bobby Ngu,"""Mexicans and centroamericanos""",Directed,1,203,Knows,[NULL]
517,98,"""Mexicans and centroamericanos""",Bobby Ngu,Directed,1,203,Knows,[NULL]
98,225,Bobby Ngu,Xiayue,Directed,1,203,Exchange,[NULL]
517,161,"""Mexicans and centroamericanos""",Bobby's Brother,Directed,1,203,Knows,[NULL]
225,260,Xiayue,Xiayue's Mother,Directed,1,203,Knows,[NULL]
846,98,Xiayue's Father,Bobby Ngu,Directed,1,203,Knows of,[NULL]
266,98,Xiayue's Brother,Bobby Ngu,Directed,1,203,Knows of,[NULL]
98,161,Bobby Ngu,Bobby's Brother,Directed,1,203,Knows,[NULL]
266,225,Xiayue's Brother,Xiayue,Directed,1,203,Knows,[NULL]
846,225,Xiayue's Father,Xiayue,Directed,1,203,Knows,[NULL]
260,98,Xiayue's Mother,Bobby Ngu,Directed,1,203,Knows of,[NULL]
260,225,Xiayue's Mother,Xiayue,Directed,1,203,Knows,[NULL]
66,98,Rafaela Cortés,Bobby Ngu,Directed,1,203,Knows,[NULL]
98,515,Bobby Ngu,"""Celestials""",Directed,1,203,Knows of,[NULL]
328,98,gangs,Bobby Ngu,Directed,1,203,Knows,[NULL]
98,365,Bobby Ngu,Levis Strauss,Directed,1,203,Knows of,[NULL]
98,66,Bobby Ngu,Rafaela Cortés,Directed,1,203,Knows,[NULL]
225,846,Xiayue,Xiayue's Father,Directed,1,203,Knows,[NULL]
162,161,Bobby's Father,Bobby's Brother,Directed,1,203,Knows,[NULL]
225,365,Xiayue,Levis Strauss,Directed,1,203,Knows of,[NULL]
516,161,Bobby's Brother's Teacher,Bobby's Brother,Directed,1,203,Knows,[NULL]
98,163,Bobby Ngu,Bobby's Mother,Directed,1,203,Knows,[NULL]
225,266,Xiayue,Xiayue's Brother,Directed,1,203,Knows,[NULL]
516,98,Bobby's Brother's Teacher,Bobby Ngu,Directed,1,203,Knows,[NULL]
161,163,Bobby's Brother,Bobby's Mother,Directed,1,203,Knows,[NULL]
163,161,Bobby's Mother,Bobby's Brother,Directed,1,203,Knows,[NULL]
98,266,Bobby Ngu,Xiayue's Brother,Directed,1,203,Knows of,[NULL]
98,846,Bobby Ngu,Xiayue's Father,Directed,1,203,Knows of,[NULL]
161,162,Bobby's Brother,Bobby's Father,Directed,1,203,Knows,[NULL]
163,98,Bobby's Mother,Bobby Ngu,Directed,1,203,Knows,[NULL]
161,98,Bobby's Brother,Bobby Ngu,Directed,1,203,Knows,[NULL]
161,516,Bobby's Brother,Bobby's Brother's Teacher,Directed,1,203,Knows,[NULL]
161,517,Bobby's Brother,"""Mexicans and centroamericanos""",Directed,1,203,Knows,[NULL]
98,162,Bobby Ngu,Bobby's Father,Directed,1,203,Knows,[NULL]
98,260,Bobby Ngu,Xiayue's Mother,Directed,1,203,Knows of,[NULL]
98,516,Bobby Ngu,Bobby's Brother's Teacher,Directed,1,203,Knows,[NULL]
98,328,Bobby Ngu,gangs,Directed,1,203,Knows,[NULL]
225,98,Xiayue,Bobby Ngu,Directed,1,203,Exchange,[NULL]
162,98,Bobby's Father,Bobby Ngu,Directed,1,203,Knows,[NULL]
681,682,Beauty,Beast,Directed,1,204,Exchange,[NULL]
98,515,Bobby Ngu,"""Celestials""",Directed,1,204,Knows of,[NULL]
268,670,Shaquille O'Neal,Forum crowd,Directed,1,204,Knows,[NULL]
671,669,Chicago Bulls,The Lakers,Directed,1,204,Knows,[NULL]
670,268,Forum crowd,Shaquille O'Neal,Directed,1,204,Knows,[NULL]
666,665,The Dodgers,Nomo fans,Directed,1,204,Knows,[NULL]
685,686,Julio Iglesias,Thousands of Iglesias fans,Directed,1,204,Exchange,[NULL]
670,668,Forum crowd,Scottie Pippen,Directed,1,204,Knows,[NULL]
268,671,Shaquille O'Neal,Chicago Bulls,Directed,1,204,Knows,[NULL]
518,225,Border patrol officer,Xiayue,Directed,1,204,Exchange,[NULL]
669,668,The Lakers,Scottie Pippen,Directed,1,204,Knows,[NULL]
682,683,Beast,Shubert crowd,Directed,1,204,Knows,[NULL]
669,670,The Lakers,Forum crowd,Directed,1,204,Knows,[NULL]
98,518,Bobby Ngu,Border patrol officer,Directed,1,204,Exchange,[NULL]
673,672,Boxing match attendees,Bud Girls,Directed,1,204,Knows,[NULL]
669,671,The Lakers,Chicago Bulls,Directed,1,204,Knows,[NULL]
68,657,Manzanar Murakami,L.A. Marathoners,Directed,1,204,Knows of,[NULL]
268,668,Shaquille O'Neal,Scottie Pippen,Directed,1,204,Knows,[NULL]
682,681,Beast,Beauty,Directed,1,204,Exchange,[NULL]
683,682,Shubert crowd,Beast,Directed,1,204,Knows,[NULL]
669,268,The Lakers,Shaquille O'Neal,Directed,1,204,Knows,[NULL]
68,753,Manzanar Murakami,Trekkies,Directed,1,204,Knows of,[NULL]
661,660,sweaty trojan horse rider,Rose Bowl crowd,Directed,1,204,Knows,[NULL]
661,662,sweaty trojan horse rider,UCLA team,Directed,1,204,Knows,[NULL]
661,663,sweaty trojan horse rider,USC team,Directed,1,204,Knows,[NULL]
670,669,Forum crowd,The Lakers,Directed,1,204,Knows,[NULL]
683,681,Shubert crowd,Beauty,Directed,1,204,Knows,[NULL]
268,669,Shaquille O'Neal,The Lakers,Directed,1,204,Knows,[NULL]
658,663,Bruin mascot,USC team,Directed,1,204,Knows,[NULL]
668,669,Scottie Pippen,The Lakers,Directed,1,204,Knows,[NULL]
665,667,Nomo fans,Hideo Nomo,Directed,1,204,Knows,[NULL]
665,666,Nomo fans,The Dodgers,Directed,1,204,Knows,[NULL]
660,663,Rose Bowl crowd,USC team,Directed,1,204,Knows,[NULL]
660,662,Rose Bowl crowd,UCLA team,Directed,1,204,Knows,[NULL]
660,658,Rose Bowl crowd,Bruin mascot,Directed,1,204,Knows,[NULL]
225,520,Xiayue,Barbie,Directed,1,204,Knows of,[NULL]
674,675,Placido Domingo,Rossini,Directed,1,204,Knows,[NULL]
674,676,Placido Domingo,Peter Sellers,Directed,1,204,Knows,[NULL]
674,678,Placido Domingo,Opera crowd,Directed,1,204,Knows,[NULL]
674,243,Placido Domingo,Dorothy Buffum Chandler,Directed,1,204,Knows,[NULL]
676,675,Peter Sellers,Rossini,Directed,1,204,Knows,[NULL]
676,674,Peter Sellers,Placido Domingo,Directed,1,204,Knows,[NULL]
676,243,Peter Sellers,Dorothy Buffum Chandler,Directed,1,204,Knows,[NULL]
684,684,Chinese housewives,Chinese housewives,Directed,1,204,Knows,[NULL]
664,659,Sports Arena crowd,The Clippers,Directed,1,204,Knows,[NULL]
678,243,Opera crowd,Dorothy Buffum Chandler,Directed,1,204,Knows,[NULL]
678,674,Opera crowd,Placido Domingo,Directed,1,204,Knows,[NULL]
678,675,Opera crowd,Rossini,Directed,1,204,Knows,[NULL]
666,667,The Dodgers,Hideo Nomo,Directed,1,204,Knows,[NULL]
680,679,Oscar awards crowd,Richard Sakai,Directed,1,204,Knows,[NULL]
679,680,Richard Sakai,Oscar awards crowd,Directed,1,204,Knows,[NULL]
670,671,Forum crowd,Chicago Bulls,Directed,1,204,Knows,[NULL]
681,683,Beauty,Shubert crowd,Directed,1,204,Knows,[NULL]
660,661,Rose Bowl crowd,sweaty trojan horse rider,Directed,1,204,Knows,[NULL]
663,661,USC team,sweaty trojan horse rider,Directed,1,204,Knows,[NULL]
668,268,Scottie Pippen,Shaquille O'Neal,Directed,1,204,Knows,[NULL]
668,670,Scottie Pippen,Forum crowd,Directed,1,204,Knows,[NULL]
668,671,Scottie Pippen,Chicago Bulls,Directed,1,204,Knows,[NULL]
671,268,Chicago Bulls,Shaquille O'Neal,Directed,1,204,Knows,[NULL]
671,668,Chicago Bulls,Scottie Pippen,Directed,1,204,Knows,[NULL]
658,660,Bruin mascot,Rose Bowl crowd,Directed,1,204,Knows,[NULL]
658,662,Bruin mascot,UCLA team,Directed,1,204,Knows,[NULL]
98,443,Bobby Ngu,migrants,Directed,1,204,Knows of,[NULL]
672,673,Bud Girls,Boxing match attendees,Directed,1,204,Knows,[NULL]
671,670,Chicago Bulls,Forum crowd,Directed,1,204,Knows,[NULL]
659,664,The Clippers,Sports Arena crowd,Directed,1,204,Knows,[NULL]
667,666,Hideo Nomo,The Dodgers,Directed,1,204,Knows,[NULL]
667,665,Hideo Nomo,Nomo fans,Directed,1,204,Knows,[NULL]
686,685,Thousands of Iglesias fans,Julio Iglesias,Directed,1,204,Exchange,[NULL]
662,658,UCLA team,Bruin mascot,Directed,1,204,Knows,[NULL]
662,660,UCLA team,Rose Bowl crowd,Directed,1,204,Knows,[NULL]
662,663,UCLA team,USC team,Directed,1,204,Knows,[NULL]
662,661,UCLA team,sweaty trojan horse rider,Directed,1,204,Knows,[NULL]
663,658,USC team,Bruin mascot,Directed,1,204,Knows,[NULL]
98,165,Bobby Ngu,Americans (abstract),Directed,1,204,Knows of,[NULL]
663,660,USC team,Rose Bowl crowd,Directed,1,204,Knows,[NULL]
663,662,USC team,UCLA team,Directed,1,204,Knows,[NULL]
225,443,Xiayue,migrants,Directed,1,204,Knows of,[NULL]
705,706,Gawkers,Market sellers (205),Directed,1,205,Exchange,[NULL]
688,689,The Jubilee Choir,The Greek audience,Directed,1,205,Exchange,[NULL]
699,698,Central Library attendees,Andrei Codrescu,Directed,1,205,Exchange,[NULL]
689,687,The Greek audience,Robert McNeil,Directed,1,205,Exchange,[NULL]
702,703,Chicanos,César Chávez,Directed,1,205,Knows,[NULL]
689,688,The Greek audience,The Jubilee Choir,Directed,1,205,Exchange,[NULL]
717,718,Chris,Qris,Directed,1,205,Knows,[NULL]
711,450,Santa Anita Racetrack crowd,undocumenteds/illegals/aliens,Directed,1,205,Knows of,[NULL]
716,715,dinner attendees,several Republican presidential candidates,Directed,1,205,Knows,[NULL]
708,709,4-H demonstrators,L.A. County Fair attendees,Directed,1,205,Knows,[NULL]
719,717,Japan America Theatre worker,Chris,Directed,1,205,Exchange,[NULL]
719,718,Japan America Theatre worker,Qris,Directed,1,205,Exchange,[NULL]
712,713,Sin Yang Chang,Sin Yang Chang's wife,Directed,1,205,Knows,[NULL]
710,711,Japanese American actors,Santa Anita Racetrack crowd,Directed,1,205,Exchange,[NULL]
711,710,Santa Anita Racetrack crowd,Japanese American actors,Directed,1,205,Exchange,[NULL]
712,714,Sin Yang Chang,Steven Spielberg,Directed,1,205,Knows,[NULL]
713,712,Sin Yang Chang's wife,Sin Yang Chang,Directed,1,205,Knows,[NULL]
713,714,Sin Yang Chang's wife,Steven Spielberg,Directed,1,205,Knows,[NULL]
709,708,L.A. County Fair attendees,4-H demonstrators,Directed,1,205,Knows,[NULL]
690,693,John Mauceri,Hollywood Bowl Orchestra,Directed,1,205,Knows,[NULL]
715,716,several Republican presidential candidates,dinner attendees,Directed,1,205,Knows,[NULL]
697,696,LACMA attendees,King Tut,Directed,1,205,Knows,[NULL]
690,691,John Mauceri,Hollywood Bowl audience,Directed,1,205,Knows,[NULL]
710,450,Japanese American actors,undocumenteds/illegals/aliens,Directed,1,205,Knows,[NULL]
717,719,Chris,Japan America Theatre worker,Directed,1,205,Exchange,[NULL]
706,705,Market sellers (205),Gawkers,Directed,1,205,Exchange,[NULL]
695,694,MOCA attendees,Andy Warhol,Directed,1,205,Knows,[NULL]
693,691,Hollywood Bowl Orchestra,Hollywood Bowl audience,Directed,1,205,Knows,[NULL]
691,693,Hollywood Bowl audience,Hollywood Bowl Orchestra,Directed,1,205,Knows,[NULL]
82,701,Surfers,Punks,Directed,1,205,Knows,[NULL]
688,687,The Jubilee Choir,Robert McNeil,Directed,1,205,Exchange,[NULL]
718,719,Qris,Japan America Theatre worker,Directed,1,205,Exchange,[NULL]
718,717,Qris,Chris,Directed,1,205,Knows,[NULL]
701,82,Punks,Surfers,Directed,1,205,Knows,[NULL]
691,690,Hollywood Bowl audience,John Mauceri,Directed,1,205,Knows,[NULL]
704,704,Volleyball teams,Volleyball teams,Directed,1,205,Knows,[NULL]
721,720,Wadsworth audience,Stomp performers,Directed,1,205,Exchange,[NULL]
698,699,Andrei Codrescu,Central Library attendees,Directed,1,205,Exchange,[NULL]
687,689,Robert McNeil,The Greek audience,Directed,1,205,Exchange,[NULL]
687,688,Robert McNeil,The Jubilee Choir,Directed,1,205,Exchange,[NULL]
720,721,Stomp performers,Wadsworth audience,Directed,1,205,Exchange,[NULL]
693,690,Hollywood Bowl Orchestra,John Mauceri,Directed,1,205,Knows,[NULL]
68,615,Manzanar Murakami,L.A. citizens,Directed,1,206,Knows,[NULL]
68,615,Manzanar Murakami,L.A. citizens,Directed,1,207,Knows,[NULL]
70,145,Arcangel/El Gran Mojado,Sol,Directed,1,211,Knows,[NULL]
145,70,Sol,Arcangel/El Gran Mojado,Directed,1,211,Knows,[NULL]
145,224,Sol,The Orange,Directed,1,211,Knows,[NULL]
488,722,Bus passengers,Northern People,Directed,1,211,Exchange,[NULL]
70,722,Arcangel/El Gran Mojado,Northern People,Directed,1,211,Exchange,[NULL]
70,488,Arcangel/El Gran Mojado,Bus passengers,Directed,1,211,Exchange,[NULL]
488,70,Bus passengers,Arcangel/El Gran Mojado,Directed,1,211,Exchange,[NULL]
488,145,Bus passengers,Sol,Directed,1,211,Knows,[NULL]
70,725,Arcangel/El Gran Mojado,Juan Diego,Directed,1,211,Knows,[NULL]
145,488,Sol,Bus passengers,Directed,1,211,Knows,[NULL]
224,70,The Orange,Arcangel/El Gran Mojado,Directed,1,211,Knows,[NULL]
722,488,Northern People,Bus passengers,Directed,1,211,Exchange,[NULL]
722,70,Northern People,Arcangel/El Gran Mojado,Directed,1,211,Exchange,[NULL]
722,725,Northern People,Juan Diego,Directed,1,211,Knows,[NULL]
722,723,Northern People,Virgin of Guadalupe,Directed,1,211,Knows,[NULL]
224,145,The Orange,Sol,Directed,1,211,Knows,[NULL]
70,224,Arcangel/El Gran Mojado,The Orange,Directed,1,211,Knows,[NULL]
70,723,Arcangel/El Gran Mojado,Virgin of Guadalupe,Directed,1,211,Knows,[NULL]
70,724,Arcangel/El Gran Mojado,Tonantzin,Directed,1,211,Knows,[NULL]
722,724,Northern People,Tonantzin,Directed,1,211,Knows,[NULL]
70,103,Arcangel/El Gran Mojado,Che Guevara,Directed,1,212,Knows,[NULL]
145,722,Sol,Northern People,Directed,1,212,Exchange,[NULL]
488,727,Bus passengers,Teddy Roosevelt,Directed,1,212,Knows of,[NULL]
728,70,Leon Trotsky,Arcangel/El Gran Mojado,Directed,1,212,Knows,[NULL]
722,488,Northern People,Bus passengers,Directed,1,212,Exchange,[NULL]
145,605,Sol,General Custer,Directed,1,212,Knows of,[NULL]
488,726,Bus passengers,Sitting Bull,Directed,1,212,Knows of,[NULL]
488,644,Bus passengers,Simón Bolívar,Directed,1,212,Knows of,[NULL]
70,488,Arcangel/El Gran Mojado,Bus passengers,Directed,1,212,Exchange,[NULL]
488,722,Bus passengers,Northern People,Directed,1,212,Exchange,[NULL]
722,70,Northern People,Arcangel/El Gran Mojado,Directed,1,212,Exchange,[NULL]
145,728,Sol,Leon Trotsky,Directed,1,212,Knows of,[NULL]
488,70,Bus passengers,Arcangel/El Gran Mojado,Directed,1,212,Exchange,[NULL]
488,114,Bus passengers,Tachito Somoza,Directed,1,212,Knows of,[NULL]
722,103,Northern People,Che Guevara,Directed,1,212,Knows,[NULL]
145,644,Sol,Simón Bolívar,Directed,1,212,Knows of,[NULL]
145,726,Sol,Sitting Bull,Directed,1,212,Knows of,[NULL]
145,114,Sol,Tachito Somoza,Directed,1,212,Knows of,[NULL]
145,727,Sol,Teddy Roosevelt,Directed,1,212,Knows of,[NULL]
722,727,Northern People,Teddy Roosevelt,Directed,1,212,Knows,[NULL]
70,104,Arcangel/El Gran Mojado,Eva Péron,Directed,1,212,Knows,[NULL]
722,114,Northern People,Tachito Somoza,Directed,1,212,Knows,[NULL]
722,145,Northern People,Sol,Directed,1,212,Exchange,[NULL]
114,70,Tachito Somoza,Arcangel/El Gran Mojado,Directed,1,212,Knows,[NULL]
722,726,Northern People,Sitting Bull,Directed,1,212,Knows,[NULL]
488,104,Bus passengers,Eva Péron,Directed,1,212,Knows of,[NULL]
488,605,Bus passengers,General Custer,Directed,1,212,Knows of,[NULL]
722,728,Northern People,Leon Trotsky,Directed,1,212,Knows,[NULL]
70,728,Arcangel/El Gran Mojado,Leon Trotsky,Directed,1,212,Knows,[NULL]
488,103,Bus passengers,Che Guevara,Directed,1,212,Knows of,[NULL]
722,605,Northern People,General Custer,Directed,1,212,Knows,[NULL]
488,728,Bus passengers,Leon Trotsky,Directed,1,212,Knows of,[NULL]
722,104,Northern People,Eva Péron,Directed,1,212,Knows,[NULL]
722,644,Northern People,Simón Bolívar,Directed,1,212,Knows,[NULL]
70,722,Arcangel/El Gran Mojado,Northern People,Directed,1,212,Exchange,[NULL]
70,605,Arcangel/El Gran Mojado,General Custer,Directed,1,212,Knows,[NULL]
726,70,Sitting Bull,Arcangel/El Gran Mojado,Directed,1,212,Knows,[NULL]
145,104,Sol,Eva Péron,Directed,1,212,Knows of,[NULL]
103,70,Che Guevara,Arcangel/El Gran Mojado,Directed,1,212,Knows,[NULL]
644,70,Simón Bolívar,Arcangel/El Gran Mojado,Directed,1,212,Knows,[NULL]
727,70,Teddy Roosevelt,Arcangel/El Gran Mojado,Directed,1,212,Knows,[NULL]
70,727,Arcangel/El Gran Mojado,Teddy Roosevelt,Directed,1,212,Knows,[NULL]
145,103,Sol,Che Guevara,Directed,1,212,Knows of,[NULL]
605,70,General Custer,Arcangel/El Gran Mojado,Directed,1,212,Knows,[NULL]
70,644,Arcangel/El Gran Mojado,Simón Bolívar,Directed,1,212,Knows,[NULL]
70,114,Arcangel/El Gran Mojado,Tachito Somoza,Directed,1,212,Knows,[NULL]
104,70,Eva Péron,Arcangel/El Gran Mojado,Directed,1,212,Knows,[NULL]
726,145,Sitting Bull,Sol,Directed,1,212,Knows of,[NULL]
70,726,Arcangel/El Gran Mojado,Sitting Bull,Directed,1,212,Knows,[NULL]
70,736,Arcangel/El Gran Mojado,Old man,Directed,1,213,Exchange,[NULL]
145,734,Sol,Young mother,Directed,1,213,Knows,[NULL]
488,730,Bus passengers,Santos Dumont,Directed,1,213,Knows of,[NULL]
722,145,Northern People,Sol,Directed,1,213,Exchange,[NULL]
729,70,Mothers of the Disappeared,Arcangel/El Gran Mojado,Directed,1,213,Knows,[NULL]
731,70,Charles Darwin,Arcangel/El Gran Mojado,Directed,1,213,Knows,[NULL]
488,733,Bus passengers,Poor man on street,Directed,1,213,Knows,[NULL]
488,736,Bus passengers,Old man,Directed,1,213,Knows,[NULL]
488,722,Bus passengers,Northern People,Directed,1,213,Exchange,[NULL]
488,731,Bus passengers,Charles Darwin,Directed,1,213,Knows of,[NULL]
733,70,Poor man on street,Arcangel/El Gran Mojado,Directed,1,213,Exchange,[NULL]
722,730,Northern People,Santos Dumont,Directed,1,213,Knows,[NULL]
70,733,Arcangel/El Gran Mojado,Poor man on street,Directed,1,213,Exchange,[NULL]
733,488,Poor man on street,Bus passengers,Directed,1,213,Knows,[NULL]
70,730,Arcangel/El Gran Mojado,Santos Dumont,Directed,1,213,Knows,[NULL]
722,70,Northern People,Arcangel/El Gran Mojado,Directed,1,213,Exchange,[NULL]
70,729,Arcangel/El Gran Mojado,Mothers of the Disappeared,Directed,1,213,Knows,[NULL]
70,722,Arcangel/El Gran Mojado,Northern People,Directed,1,213,Exchange,[NULL]
722,733,Northern People,Poor man on street,Directed,1,213,Knows,[NULL]
722,488,Northern People,Bus passengers,Directed,1,213,Exchange,[NULL]
70,732,Arcangel/El Gran Mojado,the Spider Woman,Directed,1,213,Exchange,[NULL]
733,722,Poor man on street,Northern People,Directed,1,213,Knows,[NULL]
722,729,Northern People,Mothers of the Disappeared,Directed,1,213,Knows,[NULL]
722,731,Northern People,Charles Darwin,Directed,1,213,Knows,[NULL]
733,145,Poor man on street,Sol,Directed,1,213,Knows,[NULL]
735,70,Young man,Arcangel/El Gran Mojado,Directed,1,213,Exchange,[NULL]
488,729,Bus passengers,Mothers of the Disappeared,Directed,1,213,Knows of,[NULL]
145,735,Sol,Young man,Directed,1,213,Knows,[NULL]
70,735,Arcangel/El Gran Mojado,Young man,Directed,1,213,Exchange,[NULL]
734,145,Young mother,Sol,Directed,1,213,Knows,[NULL]
736,70,Old man,Arcangel/El Gran Mojado,Directed,1,213,Exchange,[NULL]
145,730,Sol,Santos Dumont,Directed,1,213,Knows of,[NULL]
722,224,Northern People,The Orange,Directed,1,213,Knows,[NULL]
735,145,Young man,Sol,Directed,1,213,Knows,[NULL]
145,731,Sol,Charles Darwin,Directed,1,213,Knows of,[NULL]
722,732,Northern People,the Spider Woman,Directed,1,213,Knows,[NULL]
224,722,The Orange,Northern People,Directed,1,213,Knows,[NULL]
722,734,Northern People,Young mother,Directed,1,213,Knows,[NULL]
734,722,Young mother,Northern People,Directed,1,213,Knows,[NULL]
734,70,Young mother,Arcangel/El Gran Mojado,Directed,1,213,Exchange,[NULL]
722,735,Northern People,Young man,Directed,1,213,Knows,[NULL]
734,488,Young mother,Bus passengers,Directed,1,213,Knows,[NULL]
224,70,The Orange,Arcangel/El Gran Mojado,Directed,1,213,Exchange,[NULL]
70,734,Arcangel/El Gran Mojado,Young mother,Directed,1,213,Exchange,[NULL]
732,70,the Spider Woman,Arcangel/El Gran Mojado,Directed,1,213,Exchange,[NULL]
730,70,Santos Dumont,Arcangel/El Gran Mojado,Directed,1,213,Knows,[NULL]
736,145,Old man,Sol,Directed,1,213,Knows,[NULL]
70,731,Arcangel/El Gran Mojado,Charles Darwin,Directed,1,213,Knows,[NULL]
735,722,Young man,Northern People,Directed,1,213,Knows,[NULL]
224,145,The Orange,Sol,Directed,1,213,Knows,[NULL]
145,224,Sol,The Orange,Directed,1,213,Knows,[NULL]
145,729,Sol,Mothers of the Disappeared,Directed,1,213,Knows of,[NULL]
145,722,Sol,Northern People,Directed,1,213,Exchange,[NULL]
488,732,Bus passengers,the Spider Woman,Directed,1,213,Knows of,[NULL]
488,734,Bus passengers,Young mother,Directed,1,213,Knows,[NULL]
145,736,Sol,Old man,Directed,1,213,Knows,[NULL]
736,488,Old man,Bus passengers,Directed,1,213,Knows,[NULL]
735,488,Young man,Bus passengers,Directed,1,213,Knows,[NULL]
488,735,Bus passengers,Young man,Directed,1,213,Knows,[NULL]
70,224,Arcangel/El Gran Mojado,The Orange,Directed,1,213,Exchange,[NULL]
145,733,Sol,Poor man on street,Directed,1,213,Knows,[NULL]
87,836,Buzzworm,Retsek (KPFK The Car Show),Directed,1,214,Exchange,[NULL]
836,522,Retsek (KPFK The Car Show),Diego Rivera,Directed,1,214,Knows of,[NULL]
145,224,Sol,The Orange,Directed,1,214,Exchange,[NULL]
836,216,Retsek (KPFK The Car Show),Frida Kahlo,Directed,1,214,Knows of,[NULL]
87,522,Buzzworm,Diego Rivera,Directed,1,214,Knows of,[NULL]
87,521,Buzzworm,Frank (KPFK The Car Show),Directed,1,214,Exchange,[NULL]
87,523,Buzzworm,Former guest from Japan,Directed,1,214,Knows of,[NULL]
561,523,Car Show Caller,Former guest from Japan,Directed,1,214,Knows of,[NULL]
561,216,Car Show Caller,Frida Kahlo,Directed,1,214,Knows of,[NULL]
224,737,The Orange,Customs Officials,Directed,1,214,Knows,[NULL]
224,397,The Orange,FBI Agents,Directed,1,214,Knows,[NULL]
224,738,The Orange,Public Health officials,Directed,1,214,Knows,[NULL]
737,224,Customs Officials,The Orange,Directed,1,214,Knows,[NULL]
224,145,The Orange,Sol,Directed,1,214,Exchange,[NULL]
87,216,Buzzworm,Frida Kahlo,Directed,1,214,Knows of,[NULL]
521,216,Frank (KPFK The Car Show),Frida Kahlo,Directed,1,214,Knows of,[NULL]
87,561,Buzzworm,Car Show Caller,Directed,1,214,Exchange,[NULL]
561,522,Car Show Caller,Diego Rivera,Directed,1,214,Knows of,[NULL]
397,224,FBI Agents,The Orange,Directed,1,214,Knows,[NULL]
738,224,Public Health officials,The Orange,Directed,1,214,Knows,[NULL]
521,522,Frank (KPFK The Car Show),Diego Rivera,Directed,1,214,Knows of,[NULL]
836,523,Retsek (KPFK The Car Show),Former guest from Japan,Directed,1,215,Knows,[NULL]
523,521,Former guest from Japan,Frank (KPFK The Car Show),Directed,1,215,Knows,[NULL]
523,836,Former guest from Japan,Retsek (KPFK The Car Show),Directed,1,215,Knows,[NULL]
68,87,Manzanar Murakami,Buzzworm,Directed,1,215,Exchange,[NULL]
525,87,Homeless Mother and her child,Buzzworm,Directed,1,215,Knows,[NULL]
525,561,Homeless Mother and her child,Car Show Caller,Directed,1,215,Knows,[NULL]
87,68,Buzzworm,Manzanar Murakami,Directed,1,215,Exchange,[NULL]
561,524,Car Show Caller,the Japanese (abstract),Directed,1,215,Knows of,[NULL]
87,525,Buzzworm,Homeless Mother and her child,Directed,1,215,Knows,[NULL]
521,524,Frank (KPFK The Car Show),the Japanese (abstract),Directed,1,215,Knows of,[NULL]
521,523,Frank (KPFK The Car Show),Former guest from Japan,Directed,1,215,Knows,[NULL]
836,525,Retsek (KPFK The Car Show),Homeless Mother and her child,Directed,1,215,Knows of,[NULL]
836,524,Retsek (KPFK The Car Show),the Japanese (abstract),Directed,1,215,Knows of,[NULL]
87,561,Buzzworm,Car Show Caller,Directed,1,215,Exchange,[NULL]
87,524,Buzzworm,the Japanese (abstract),Directed,1,215,Knows of,[NULL]
521,525,Frank (KPFK The Car Show),Homeless Mother and her child,Directed,1,215,Knows of,[NULL]
561,525,Car Show Caller,Homeless Mother and her child,Directed,1,215,Knows,[NULL]
87,528,Buzzworm,Edward Olmos,Directed,1,216,Knows of,[NULL]
87,68,Buzzworm,Manzanar Murakami,Directed,1,216,Exchange,[NULL]
87,72,Buzzworm,Emi,Directed,1,216,Knows,[NULL]
476,87,Mona,Buzzworm,Directed,1,216,Knows,[NULL]
72,87,Emi,Buzzworm,Directed,1,216,Knows,[NULL]
87,526,Buzzworm,Jesse Jackson,Directed,1,216,Knows of,[NULL]
87,535,Buzzworm,Ice-T,Directed,1,216,Knows of,[NULL]
87,530,Buzzworm,Mayor of L.A.,Directed,1,216,Knows of,[NULL]
68,87,Manzanar Murakami,Buzzworm,Directed,1,216,Exchange,[NULL]
87,529,Buzzworm,Police Chief,Directed,1,216,Knows of,[NULL]
87,534,Buzzworm,bad-mouth baby rappers,Directed,1,216,Knows of,[NULL]
87,532,Buzzworm,Black men (abstract),Directed,1,216,Knows of,[NULL]
87,476,Buzzworm,Mona,Directed,1,216,Knows,[NULL]
87,536,Buzzworm,NWA,Directed,1,216,Knows of,[NULL]
540,87,Brother in a '78 Pontiac,Buzzworm,Directed,1,217,Exchange,[NULL]
837,87,Mother with two year old,Buzzworm,Directed,1,217,Exchange,[NULL]
87,540,Buzzworm,Brother in a '78 Pontiac,Directed,1,217,Exchange,[NULL]
838,87,Neighbour,Buzzworm,Directed,1,217,Exchange,[NULL]
838,530,Neighbour,Mayor of L.A.,Directed,1,217,Exchange,[NULL]
87,422,Buzzworm,Viet Cong,Directed,1,217,Knows of,[NULL]
540,840,Brother in a '78 Pontiac,Chief,Directed,1,217,Exchange,[NULL]
837,530,Mother with two year old,Mayor of L.A.,Directed,1,217,Exchange,[NULL]
87,839,Buzzworm,one of the entourage,Directed,1,217,Exchange,[NULL]
839,87,one of the entourage,Buzzworm,Directed,1,217,Exchange,[NULL]
539,189,Politicos,Unnamed members of L.A. Underclass,Directed,1,217,Exchange,[NULL]
839,840,one of the entourage,Chief,Directed,1,217,Exchange,[NULL]
540,530,Brother in a '78 Pontiac,Mayor of L.A.,Directed,1,217,Exchange,[NULL]
87,837,Buzzworm,Mother with two year old,Directed,1,217,Exchange,[NULL]
87,838,Buzzworm,Neighbour,Directed,1,217,Exchange,[NULL]
189,539,Unnamed members of L.A. Underclass,Politicos,Directed,1,217,Exchange,[NULL]
839,530,one of the entourage,Mayor of L.A.,Directed,1,217,Exchange,[NULL]
837,840,Mother with two year old,Chief,Directed,1,217,Exchange,[NULL]
539,189,Politicos,Unnamed members of L.A. Underclass,Directed,1,218,Exchange,[NULL]
189,539,Unnamed members of L.A. Underclass,Politicos,Directed,1,218,Exchange,[NULL]
87,842,Buzzworm,another brother 2,Directed,1,218,Knows of,[NULL]
840,843,Chief,Another brother 3,Directed,1,218,Exchange,[NULL]
843,840,Another brother 3,Chief,Directed,1,218,Exchange,[NULL]
87,69,Buzzworm,Gabriel Balboa,Directed,1,218,Knows,[NULL]
842,530,another brother 2,Mayor of L.A.,Directed,1,218,Exchange,[NULL]
87,841,Buzzworm,another brother 1,Directed,1,218,Knows of,[NULL]
841,87,another brother 1,Buzzworm,Directed,1,218,Knows of,[NULL]
843,530,Another brother 3,Mayor of L.A.,Directed,1,218,Exchange,[NULL]
843,87,Another brother 3,Buzzworm,Directed,1,218,Knows of,[NULL]
841,530,another brother 1,Mayor of L.A.,Directed,1,218,Exchange,[NULL]
87,189,Buzzworm,Unnamed members of L.A. Underclass,Directed,1,218,Knows of,[NULL]
842,840,another brother 2,Chief,Directed,1,218,Exchange,[NULL]
69,87,Gabriel Balboa,Buzzworm,Directed,1,218,Knows,[NULL]
275,87,The homeless (abstract),Buzzworm,Directed,1,218,Knows,[NULL]
87,275,Buzzworm,The homeless (abstract),Directed,1,218,Knows,[NULL]
87,843,Buzzworm,Another brother 3,Directed,1,218,Knows of,[NULL]
842,87,another brother 2,Buzzworm,Directed,1,218,Knows of,[NULL]
841,840,another brother 1,Chief,Directed,1,218,Exchange,[NULL]
87,542,Buzzworm,Gil-Scott Heron,Directed,1,218,Knows of,[NULL]
546,70,The Orange Mob,Arcangel/El Gran Mojado,Directed,1,219,Knows of,[NULL]
70,546,Arcangel/El Gran Mojado,The Orange Mob,Directed,1,219,Knows of,[NULL]
224,546,The Orange,The Orange Mob,Directed,1,219,Knows of,[NULL]
87,196,Buzzworm,L.A. Suburbanites,Directed,1,219,Knows of,[NULL]
145,70,Sol,Arcangel/El Gran Mojado,Directed,1,219,Knows,[NULL]
224,87,The Orange,Buzzworm,Directed,1,219,Exchange,[NULL]
546,87,The Orange Mob,Buzzworm,Directed,1,219,Exchange,[NULL]
70,145,Arcangel/El Gran Mojado,Sol,Directed,1,219,Knows,[NULL]
546,145,The Orange Mob,Sol,Directed,1,219,Knows of,[NULL]
87,145,Buzzworm,Sol,Directed,1,219,Exchange,[NULL]
87,224,Buzzworm,The Orange,Directed,1,219,Exchange,[NULL]
87,546,Buzzworm,The Orange Mob,Directed,1,219,Exchange,[NULL]
145,546,Sol,The Orange Mob,Directed,1,219,Knows of,[NULL]
546,224,The Orange Mob,The Orange,Directed,1,219,Knows of,[NULL]
87,546,Buzzworm,The Orange Mob,Directed,1,220,Exchange,[NULL]
158,66,Hernando (Dona Maria's son),Rafaela Cortés,Directed,1,220,Exchange,[NULL]
546,87,The Orange Mob,Buzzworm,Directed,1,220,Exchange,[NULL]
66,566,Rafaela Cortés,5000 Women of Cochibamba,Directed,1,220,Knows of,[NULL]
66,570,Rafaela Cortés,Maria Bonita,Directed,1,220,Knows of,[NULL]
66,845,Rafaela Cortés,children of one hundred mothers,Directed,1,220,Knows of,[NULL]
66,844,Rafaela Cortés,La Malinche's children,Directed,1,220,Knows of,[NULL]
66,568,Rafaela Cortés,La Malinche,Directed,1,220,Knows of,[NULL]
66,571,Rafaela Cortés,one hundred mothers at the Plaza de Mayo,Directed,1,220,Knows of,[NULL]
66,567,Rafaela Cortés,Conquistadors,Directed,1,220,Knows of,[NULL]
66,158,Rafaela Cortés,Hernando (Dona Maria's son),Directed,1,220,Exchange,[NULL]
66,569,Rafaela Cortés,La Llorona,Directed,1,220,Knows of,[NULL]
572,760,Coatlalopeuh,Mary,Directed,1,221,Knows of,[NULL]
572,566,Coatlalopeuh,5000 Women of Cochibamba,Directed,1,221,Knows of,[NULL]
572,567,Coatlalopeuh,Conquistadors,Directed,1,221,Knows of,[NULL]
572,569,Coatlalopeuh,La Llorona,Directed,1,221,Knows of,[NULL]
158,66,Hernando (Dona Maria's son),Rafaela Cortés,Directed,1,221,Exchange,[NULL]
572,568,Coatlalopeuh,La Malinche,Directed,1,221,Knows of,[NULL]
66,572,Rafaela Cortés,Coatlalopeuh,Directed,1,221,Knows of,[NULL]
572,571,Coatlalopeuh,one hundred mothers at the Plaza de Mayo,Directed,1,221,Knows of,[NULL]
572,845,Coatlalopeuh,children of one hundred mothers,Directed,1,221,Knows of,[NULL]
572,844,Coatlalopeuh,La Malinche's children,Directed,1,221,Knows of,[NULL]
66,158,Rafaela Cortés,Hernando (Dona Maria's son),Directed,1,221,Exchange,[NULL]
185,72,Emi's Father,Emi,Directed,1,222,Knows,Gabriel Balboa
72,69,Emi,Gabriel Balboa,Directed,1,222,Exchange,Gabriel Balboa
68,184,Manzanar Murakami,Emi's Mother,Directed,1,222,Knows,Gabriel Balboa
185,68,Emi's Father,Manzanar Murakami,Directed,1,222,Knows,Gabriel Balboa
68,72,Manzanar Murakami,Emi,Directed,1,222,Knows,Gabriel Balboa
184,72,Emi's Mother,Emi,Directed,1,222,Knows,Gabriel Balboa
184,68,Emi's Mother,Manzanar Murakami,Directed,1,222,Knows,Gabriel Balboa
68,185,Manzanar Murakami,Emi's Father,Directed,1,222,Knows,Gabriel Balboa
158,66,Hernando (Dona Maria's son),Rafaela Cortés,Directed,1,222,Knows,[NULL]
66,158,Rafaela Cortés,Hernando (Dona Maria's son),Directed,1,222,Knows,[NULL]
72,184,Emi,Emi's Mother,Directed,1,222,Knows,Gabriel Balboa
72,185,Emi,Emi's Father,Directed,1,222,Knows,Gabriel Balboa
69,68,Gabriel Balboa,Manzanar Murakami,Directed,1,222,Knows of,Gabriel Balboa
69,72,Gabriel Balboa,Emi,Directed,1,222,Exchange,Gabriel Balboa
72,68,Emi,Manzanar Murakami,Directed,1,222,Knows,Gabriel Balboa
69,184,Gabriel Balboa,Emi's Mother,Directed,1,222,Knows of,Gabriel Balboa
69,185,Gabriel Balboa,Emi's Father,Directed,1,222,Knows of,Gabriel Balboa
66,69,Rafaela Cortés,Gabriel Balboa,Directed,1,223,Exchange,Gabriel Balboa
69,98,Gabriel Balboa,Bobby Ngu,Directed,1,223,Knows of,Gabriel Balboa
66,145,Rafaela Cortés,Sol,Directed,1,223,Knows,Gabriel Balboa
66,98,Rafaela Cortés,Bobby Ngu,Directed,1,223,Knows,Gabriel Balboa
69,145,Gabriel Balboa,Sol,Directed,1,223,Knows of,Gabriel Balboa
145,66,Sol,Rafaela Cortés,Directed,1,223,Knows,Gabriel Balboa
98,66,Bobby Ngu,Rafaela Cortés,Directed,1,223,Knows,Gabriel Balboa
69,66,Gabriel Balboa,Rafaela Cortés,Directed,1,223,Exchange,Gabriel Balboa
145,66,Sol,Rafaela Cortés,Directed,1,224,Knows,Gabriel Balboa
85,69,Gabriel Balboa's family,Gabriel Balboa,Directed,1,224,Exchange,Gabriel Balboa
69,66,Gabriel Balboa,Rafaela Cortés,Directed,1,224,Exchange,Gabriel Balboa
69,85,Gabriel Balboa,Gabriel Balboa's family,Directed,1,224,Exchange,Gabriel Balboa
69,145,Gabriel Balboa,Sol,Directed,1,224,Knows of,Gabriel Balboa
72,69,Emi,Gabriel Balboa,Directed,1,224,Knows,Gabriel Balboa
66,69,Rafaela Cortés,Gabriel Balboa,Directed,1,224,Exchange,Gabriel Balboa
66,145,Rafaela Cortés,Sol,Directed,1,224,Knows,Gabriel Balboa
69,217,Gabriel Balboa,Van Gogh,Directed,1,224,Knows,Gabriel Balboa
69,72,Gabriel Balboa,Emi,Directed,1,224,Knows,Gabriel Balboa
98,66,Bobby Ngu,Rafaela Cortés,Directed,1,225,Knows,Gabriel Balboa
66,143,Rafaela Cortés,Doña Maria,Directed,1,225,Exchange,Gabriel Balboa
69,143,Gabriel Balboa,Doña Maria,Directed,1,225,Knows of,Gabriel Balboa
66,145,Rafaela Cortés,Sol,Directed,1,225,Knows,Gabriel Balboa
69,158,Gabriel Balboa,Hernando (Dona Maria's son),Directed,1,225,Knows of,Gabriel Balboa
66,69,Rafaela Cortés,Gabriel Balboa,Directed,1,225,Exchange,Gabriel Balboa
158,143,Hernando (Dona Maria's son),Doña Maria,Directed,1,225,Knows,Gabriel Balboa
143,66,Doña Maria,Rafaela Cortés,Directed,1,225,Exchange,Gabriel Balboa
66,98,Rafaela Cortés,Bobby Ngu,Directed,1,225,Knows,Gabriel Balboa
158,66,Hernando (Dona Maria's son),Rafaela Cortés,Directed,1,225,Knows,Gabriel Balboa
145,66,Sol,Rafaela Cortés,Directed,1,225,Knows,Gabriel Balboa
143,158,Doña Maria,Hernando (Dona Maria's son),Directed,1,225,Knows,Gabriel Balboa
69,98,Gabriel Balboa,Bobby Ngu,Directed,1,225,Knows of,Gabriel Balboa
69,66,Gabriel Balboa,Rafaela Cortés,Directed,1,225,Exchange,Gabriel Balboa
69,145,Gabriel Balboa,Sol,Directed,1,225,Knows of,Gabriel Balboa
66,158,Rafaela Cortés,Hernando (Dona Maria's son),Directed,1,225,Knows,Gabriel Balboa
69,158,Gabriel Balboa,Hernando (Dona Maria's son),Directed,1,226,Knows of,Gabriel Balboa
143,759,Doña Maria,Jesus,Directed,1,226,Knows,Gabriel Balboa
143,156,Doña Maria,Lupe,Directed,1,226,Knows,Gabriel Balboa
143,66,Doña Maria,Rafaela Cortés,Directed,1,226,Exchange,Gabriel Balboa
143,78,Doña Maria,God,Directed,1,226,Knows,Gabriel Balboa
143,760,Doña Maria,Mary,Directed,1,226,Knows,Gabriel Balboa
69,156,Gabriel Balboa,Lupe,Directed,1,226,Knows of,Gabriel Balboa
156,143,Lupe,Doña Maria,Directed,1,226,Knows,Gabriel Balboa
69,87,Gabriel Balboa,Buzzworm,Directed,1,226,Knows of,Gabriel Balboa
87,72,Buzzworm,Emi,Directed,1,226,Knows,Gabriel Balboa
69,66,Gabriel Balboa,Rafaela Cortés,Directed,1,226,Exchange,Gabriel Balboa
143,69,Doña Maria,Gabriel Balboa,Directed,1,226,Exchange,Gabriel Balboa
72,87,Emi,Buzzworm,Directed,1,226,Knows,Gabriel Balboa
69,759,Gabriel Balboa,Jesus,Directed,1,226,Knows of,Gabriel Balboa
158,143,Hernando (Dona Maria's son),Doña Maria,Directed,1,226,Knows,Gabriel Balboa
66,158,Rafaela Cortés,Hernando (Dona Maria's son),Directed,1,226,Knows,Gabriel Balboa
158,66,Hernando (Dona Maria's son),Rafaela Cortés,Directed,1,226,Knows,Gabriel Balboa
759,143,Jesus,Doña Maria,Directed,1,226,Knows,Gabriel Balboa
72,69,Emi,Gabriel Balboa,Directed,1,226,Exchange,Gabriel Balboa
69,72,Gabriel Balboa,Emi,Directed,1,226,Exchange,Gabriel Balboa
78,143,God,Doña Maria,Directed,1,226,Knows,Gabriel Balboa
143,158,Doña Maria,Hernando (Dona Maria's son),Directed,1,226,Knows,Gabriel Balboa
69,760,Gabriel Balboa,Mary,Directed,1,226,Knows of,Gabriel Balboa
69,78,Gabriel Balboa,God,Directed,1,226,Knows of,Gabriel Balboa
66,69,Rafaela Cortés,Gabriel Balboa,Directed,1,226,Exchange,Gabriel Balboa
66,143,Rafaela Cortés,Doña Maria,Directed,1,226,Exchange,Gabriel Balboa
69,143,Gabriel Balboa,Doña Maria,Directed,1,226,Exchange,Gabriel Balboa
156,143,Lupe,Doña Maria,Directed,1,227,Knows,Gabriel Balboa
69,454,Gabriel Balboa,CNN,Directed,1,227,Knows,Gabriel Balboa
143,156,Doña Maria,Lupe,Directed,1,227,Knows,Gabriel Balboa
69,275,Gabriel Balboa,The homeless (abstract),Directed,1,227,Knows,Gabriel Balboa
69,87,Gabriel Balboa,Buzzworm,Directed,1,227,Knows of,Gabriel Balboa
72,69,Emi,Gabriel Balboa,Directed,1,227,Exchange,Gabriel Balboa
69,72,Gabriel Balboa,Emi,Directed,1,227,Exchange,Gabriel Balboa
69,95,Gabriel Balboa,Corazon Juarez,Directed,1,227,Knows,Gabriel Balboa
69,156,Gabriel Balboa,Lupe,Directed,1,227,Exchange,Gabriel Balboa
143,69,Doña Maria,Gabriel Balboa,Directed,1,227,Knows,Gabriel Balboa
69,761,Gabriel Balboa,Oprah Winfrey,Directed,1,227,Knows,Gabriel Balboa
69,143,Gabriel Balboa,Doña Maria,Directed,1,227,Knows,Gabriel Balboa
87,95,Buzzworm,Corazon Juarez,Directed,1,227,Knows,Gabriel Balboa
222,156,Satellite Dish men,Lupe,Directed,1,227,Knows,Gabriel Balboa
156,222,Lupe,Satellite Dish men,Directed,1,227,Knows,Gabriel Balboa
156,69,Lupe,Gabriel Balboa,Directed,1,227,Exchange,Gabriel Balboa
69,222,Gabriel Balboa,Satellite Dish men,Directed,1,227,Knows of,Gabriel Balboa
66,143,Rafaela Cortés,Doña Maria,Directed,1,228,Knows,Gabriel Balboa
69,95,Gabriel Balboa,Corazon Juarez,Directed,1,228,Knows,Gabriel Balboa
98,225,Bobby Ngu,Xiayue,Directed,1,228,Exchange,[NULL]
66,69,Rafaela Cortés,Gabriel Balboa,Directed,1,228,Knows,Gabriel Balboa
225,98,Xiayue,Bobby Ngu,Directed,1,228,Exchange,[NULL]
143,66,Doña Maria,Rafaela Cortés,Directed,1,228,Knows,Gabriel Balboa
69,762,Gabriel Balboa,"""They"" (The gov't)",Directed,1,228,Knows of,Gabriel Balboa
69,143,Gabriel Balboa,Doña Maria,Directed,1,228,Exchange,Gabriel Balboa
143,69,Doña Maria,Gabriel Balboa,Directed,1,228,Exchange,Gabriel Balboa
69,66,Gabriel Balboa,Rafaela Cortés,Directed,1,228,Knows,Gabriel Balboa
98,161,Bobby Ngu,Bobby's Brother,Directed,1,229,Knows,[NULL]
161,98,Bobby's Brother,Bobby Ngu,Directed,1,229,Knows,[NULL]
225,98,Xiayue,Bobby Ngu,Directed,1,229,Exchange,[NULL]
266,225,Xiayue's Brother,Xiayue,Directed,1,229,Knows,[NULL]
98,266,Bobby Ngu,Xiayue's Brother,Directed,1,229,Knows of,[NULL]
98,225,Bobby Ngu,Xiayue,Directed,1,229,Exchange,[NULL]
98,520,Bobby Ngu,Barbie,Directed,1,229,Knows of,[NULL]
225,266,Xiayue,Xiayue's Brother,Directed,1,229,Knows,[NULL]
266,98,Xiayue's Brother,Bobby Ngu,Directed,1,229,Knows of,[NULL]
585,98,Wah Ching,Bobby Ngu,Directed,1,230,Knows of,[NULL]
98,266,Bobby Ngu,Xiayue's Brother,Directed,1,230,Knows of,[NULL]
98,585,Bobby Ngu,Wah Ching,Directed,1,230,Knows of,[NULL]
98,225,Bobby Ngu,Xiayue,Directed,1,230,Exchange,[NULL]
260,225,Xiayue's Mother,Xiayue,Directed,1,230,Knows,[NULL]
98,260,Bobby Ngu,Xiayue's Mother,Directed,1,230,Knows of,[NULL]
225,266,Xiayue,Xiayue's Brother,Directed,1,230,Knows,[NULL]
266,98,Xiayue's Brother,Bobby Ngu,Directed,1,230,Knows of,[NULL]
225,260,Xiayue,Xiayue's Mother,Directed,1,230,Knows,[NULL]
266,225,Xiayue's Brother,Xiayue,Directed,1,230,Knows,[NULL]
225,98,Xiayue,Bobby Ngu,Directed,1,230,Exchange,[NULL]
98,145,Bobby Ngu,Sol,Directed,1,231,Knows,[NULL]
69,145,Gabriel Balboa,Sol,Directed,1,231,Knows,[NULL]
158,69,Hernando (Dona Maria's son),Gabriel Balboa,Directed,1,231,Knows of,[NULL]
69,98,Gabriel Balboa,Bobby Ngu,Directed,1,231,Exchange,[NULL]
69,66,Gabriel Balboa,Rafaela Cortés,Directed,1,231,Knows,[NULL]
66,98,Rafaela Cortés,Bobby Ngu,Directed,1,231,Knows,[NULL]
98,225,Bobby Ngu,Xiayue,Directed,1,231,Exchange,[NULL]
66,69,Rafaela Cortés,Gabriel Balboa,Directed,1,231,Knows,[NULL]
69,158,Gabriel Balboa,Hernando (Dona Maria's son),Directed,1,231,Knows of,[NULL]
225,520,Xiayue,Barbie,Directed,1,231,Knows of,[NULL]
145,69,Sol,Gabriel Balboa,Directed,1,231,Knows,[NULL]
98,69,Bobby Ngu,Gabriel Balboa,Directed,1,231,Exchange,[NULL]
98,158,Bobby Ngu,Hernando (Dona Maria's son),Directed,1,231,Knows of,[NULL]
225,98,Xiayue,Bobby Ngu,Directed,1,231,Exchange,[NULL]
145,98,Sol,Bobby Ngu,Directed,1,231,Knows,[NULL]
98,520,Bobby Ngu,Barbie,Directed,1,231,Knows of,[NULL]
98,66,Bobby Ngu,Rafaela Cortés,Directed,1,231,Knows,[NULL]
98,587,Bobby Ngu,Connie Chung,Directed,1,232,Knows of,[NULL]
98,419,Bobby Ngu,El Gran Mojado,Directed,1,232,Knows of,[NULL]
98,590,Bobby Ngu,Anthony Quinn,Directed,1,232,Knows of,[NULL]
98,225,Bobby Ngu,Xiayue,Directed,1,232,Exchange,[NULL]
98,589,Bobby Ngu,George Takei,Directed,1,232,Knows of,[NULL]
98,588,Bobby Ngu,Chekov (Star Trek),Directed,1,232,Knows of,[NULL]
98,591,Bobby Ngu,David Carradine,Directed,1,232,Knows of,[NULL]
98,743,Bobby Ngu,St. Monica,Directed,1,233,Knows of,[NULL]
98,747,Bobby Ngu,St. Pedro,Directed,1,233,Knows of,[NULL]
98,746,Bobby Ngu,St.Gabriel,Directed,1,233,Knows of,[NULL]
98,739,Bobby Ngu,Henry Huntington (Huntington Beach),Directed,1,233,Knows of,[NULL]
98,225,Bobby Ngu,Xiayue,Directed,1,233,Exchange,[NULL]
98,368,Bobby Ngu,Wally Amos (Famous Amos),Directed,1,233,Knows of,[NULL]
98,742,Bobby Ngu,Douglas MacArthur,Directed,1,233,Knows of,[NULL]
98,749,Bobby Ngu,Saint Fernando,Directed,1,233,Knows of,[NULL]
741,98,Griffith J. Griffith,Bobby Ngu,Directed,1,233,Knows of,[NULL]
98,741,Bobby Ngu,Griffith J. Griffith,Directed,1,233,Knows of,[NULL]
98,740,Bobby Ngu,Walter H. Leimert,Directed,1,233,Knows of,[NULL]
98,745,Bobby Ngu,St. Ana,Directed,1,233,Knows of,[NULL]
746,98,St.Gabriel,Bobby Ngu,Directed,1,233,Knows of,[NULL]
98,744,Bobby Ngu,St. Bernardino,Directed,1,233,Knows of,[NULL]
98,748,Bobby Ngu,St. Marino,Directed,1,233,Knows of,[NULL]
87,753,Buzzworm,Trekkies,Directed,1,234,Knows of,[NULL]
72,69,Emi,Gabriel Balboa,Directed,1,234,Knows,[NULL]
72,87,Emi,Buzzworm,Directed,1,234,Exchange,[NULL]
87,275,Buzzworm,The homeless (abstract),Directed,1,234,Knows,[NULL]
200,72,The NewsNow Van,Emi,Directed,1,234,Knows,[NULL]
87,751,Buzzworm,Walter Mosley,Directed,1,234,Knows of,[NULL]
69,72,Gabriel Balboa,Emi,Directed,1,234,Knows,[NULL]
72,200,Emi,The NewsNow Van,Directed,1,234,Knows,[NULL]
87,72,Buzzworm,Emi,Directed,1,234,Exchange,[NULL]
72,751,Emi,Walter Mosley,Directed,1,234,Knows of,[NULL]
87,200,Buzzworm,The NewsNow Van,Directed,1,234,Knows,[NULL]
72,750,Emi,Easy Rawlins,Directed,1,234,Knows of,[NULL]
87,750,Buzzworm,Easy Rawlins,Directed,1,234,Knows of,[NULL]
87,69,Buzzworm,Gabriel Balboa,Directed,1,234,Knows,[NULL]
275,87,The homeless (abstract),Buzzworm,Directed,1,234,Knows,[NULL]
69,750,Gabriel Balboa,Easy Rawlins,Directed,1,234,Knows of,[NULL]
72,753,Emi,Trekkies,Directed,1,234,Knows of,[NULL]
200,87,The NewsNow Van,Buzzworm,Directed,1,234,Knows,[NULL]
69,87,Gabriel Balboa,Buzzworm,Directed,1,234,Knows,[NULL]
200,87,The NewsNow Van,Buzzworm,Directed,1,235,Knows,[NULL]
87,68,Buzzworm,Manzanar Murakami,Directed,1,235,Knows of,[NULL]
72,200,Emi,The NewsNow Van,Directed,1,235,Knows,[NULL]
200,72,The NewsNow Van,Emi,Directed,1,235,Knows,[NULL]
68,72,Manzanar Murakami,Emi,Directed,1,235,Knows,[NULL]
789,72,NewsNow Copter,Emi,Directed,1,235,Knows,[NULL]
789,87,NewsNow Copter,Buzzworm,Directed,1,235,Knows of,[NULL]
69,72,Gabriel Balboa,Emi,Directed,1,235,Knows,[NULL]
72,189,Emi,Unnamed members of L.A. Underclass,Directed,1,235,Knows of,[NULL]
72,758,Emi,Marilyn Monroe,Directed,1,235,Knows of,[NULL]
87,72,Buzzworm,Emi,Directed,1,235,Exchange,[NULL]
87,69,Buzzworm,Gabriel Balboa,Directed,1,235,Knows,[NULL]
87,758,Buzzworm,Marilyn Monroe,Directed,1,235,Knows of,[NULL]
72,789,Emi,NewsNow Copter,Directed,1,235,Knows,[NULL]
69,87,Gabriel Balboa,Buzzworm,Directed,1,235,Knows,[NULL]
87,200,Buzzworm,The NewsNow Van,Directed,1,235,Knows,[NULL]
87,789,Buzzworm,NewsNow Copter,Directed,1,235,Knows of,[NULL]
72,68,Emi,Manzanar Murakami,Directed,1,235,Knows,[NULL]
87,189,Buzzworm,Unnamed members of L.A. Underclass,Directed,1,235,Knows of,[NULL]
72,87,Emi,Buzzworm,Directed,1,235,Exchange,[NULL]
72,69,Emi,Gabriel Balboa,Directed,1,235,Knows,[NULL]
200,87,The NewsNow Van,Buzzworm,Directed,1,236,Knows,[NULL]
466,87,Kerry the Technician,Buzzworm,Directed,1,236,Knows,[NULL]
87,466,Buzzworm,Kerry the Technician,Directed,1,236,Exchange,[NULL]
72,241,Emi,Buzzworm's Grandmother,Directed,1,236,Knows of,[NULL]
87,241,Buzzworm,Buzzworm's Grandmother,Directed,1,236,Knows,[NULL]
87,72,Buzzworm,Emi,Directed,1,236,Exchange,[NULL]
466,200,Kerry the Technician,The NewsNow Van,Directed,1,236,Knows,[NULL]
72,466,Emi,Kerry the Technician,Directed,1,236,Exchange,[NULL]
200,72,The NewsNow Van,Emi,Directed,1,236,Knows,[NULL]
200,466,The NewsNow Van,Kerry the Technician,Directed,1,236,Knows,[NULL]
87,68,Buzzworm,Manzanar Murakami,Directed,1,236,Knows of,[NULL]
241,87,Buzzworm's Grandmother,Buzzworm,Directed,1,236,Knows,[NULL]
87,200,Buzzworm,The NewsNow Van,Directed,1,236,Knows,[NULL]
68,72,Manzanar Murakami,Emi,Directed,1,236,Knows,[NULL]
72,87,Emi,Buzzworm,Directed,1,236,Exchange,[NULL]
72,200,Emi,The NewsNow Van,Directed,1,236,Knows,[NULL]
72,68,Emi,Manzanar Murakami,Directed,1,236,Knows,[NULL]
68,763,Manzanar Murakami,Yankee pirates,Directed,1,237,Knows of,[NULL]
200,87,The NewsNow Van,Buzzworm,Directed,1,237,Knows,[NULL]
87,790,Buzzworm,The shooter,Directed,1,237,Knows of,[NULL]
200,466,The NewsNow Van,Kerry the Technician,Directed,1,237,Knows,[NULL]
68,615,Manzanar Murakami,L.A. citizens,Directed,1,237,Knows,[NULL]
200,72,The NewsNow Van,Emi,Directed,1,237,Knows,[NULL]
72,87,Emi,Buzzworm,Directed,1,237,Exchange,[NULL]
87,72,Buzzworm,Emi,Directed,1,237,Exchange,[NULL]
87,200,Buzzworm,The NewsNow Van,Directed,1,237,Knows,[NULL]
87,466,Buzzworm,Kerry the Technician,Directed,1,237,Exchange,[NULL]
790,72,The shooter,Emi,Directed,1,237,Knows of,[NULL]
72,200,Emi,The NewsNow Van,Directed,1,237,Knows,[NULL]
466,200,Kerry the Technician,The NewsNow Van,Directed,1,237,Knows,[NULL]
72,790,Emi,The shooter,Directed,1,237,Knows of,[NULL]
466,790,Kerry the Technician,The shooter,Directed,1,237,Knows of,[NULL]
68,145,Manzanar Murakami,Sol,Directed,1,238,Knows,[NULL]
764,145,Motley Parade,Sol,Directed,1,238,Knows,[NULL]
68,189,Manzanar Murakami,Unnamed members of L.A. Underclass,Directed,1,238,Knows,[NULL]
189,68,Unnamed members of L.A. Underclass,Manzanar Murakami,Directed,1,238,Knows,[NULL]
68,615,Manzanar Murakami,L.A. citizens,Directed,1,238,Knows,[NULL]
68,275,Manzanar Murakami,The homeless (abstract),Directed,1,238,Knows,[NULL]
70,145,Arcangel/El Gran Mojado,Sol,Directed,1,238,Knows,[NULL]
145,764,Sol,Motley Parade,Directed,1,238,Knows,[NULL]
68,70,Manzanar Murakami,Arcangel/El Gran Mojado,Directed,1,238,Knows,[NULL]
70,764,Arcangel/El Gran Mojado,Motley Parade,Directed,1,238,Knows,[NULL]
145,70,Sol,Arcangel/El Gran Mojado,Directed,1,238,Knows,[NULL]
275,68,The homeless (abstract),Manzanar Murakami,Directed,1,238,Knows,[NULL]
764,70,Motley Parade,Arcangel/El Gran Mojado,Directed,1,238,Knows,[NULL]
70,722,Arcangel/El Gran Mojado,Northern People,Directed,1,239,Knows,[NULL]
722,70,Northern People,Arcangel/El Gran Mojado,Directed,1,239,Knows,[NULL]
68,72,Manzanar Murakami,Emi,Directed,1,239,Knows,[NULL]
189,765,Unnamed members of L.A. Underclass,Military people,Directed,1,239,Knows,[NULL]
68,790,Manzanar Murakami,The shooter,Directed,1,239,Knows of,[NULL]
72,68,Emi,Manzanar Murakami,Directed,1,239,Knows,[NULL]
765,189,Military people,Unnamed members of L.A. Underclass,Directed,1,239,Knows,[NULL]
68,648,Manzanar Murakami,Combined Military Forces,Directed,1,239,Knows,[NULL]
72,790,Emi,The shooter,Directed,1,239,Knows of,[NULL]
189,68,Unnamed members of L.A. Underclass,Manzanar Murakami,Directed,1,240,Exchange,[NULL]
68,189,Manzanar Murakami,Unnamed members of L.A. Underclass,Directed,1,240,Exchange,[NULL]
68,648,Manzanar Murakami,Combined Military Forces,Directed,1,240,Knows,[NULL]
145,98,Sol,Bobby Ngu,Directed,1,243,Knows,Gabriel Balboa
68,72,Manzanar Murakami,Emi,Directed,1,243,Knows,Gabriel Balboa
98,69,Bobby Ngu,Gabriel Balboa,Directed,1,243,Knows,Gabriel Balboa
766,95,Travel agent,Corazon Juarez,Directed,1,243,Knows of,Gabriel Balboa
766,69,Travel agent,Gabriel Balboa,Directed,1,243,Exchange,Gabriel Balboa
69,68,Gabriel Balboa,Manzanar Murakami,Directed,1,243,Knows of,Gabriel Balboa
69,72,Gabriel Balboa,Emi,Directed,1,243,Knows,Gabriel Balboa
69,95,Gabriel Balboa,Corazon Juarez,Directed,1,243,Knows,Gabriel Balboa
66,69,Rafaela Cortés,Gabriel Balboa,Directed,1,243,Knows,Gabriel Balboa
72,69,Emi,Gabriel Balboa,Directed,1,243,Knows,Gabriel Balboa
69,287,Gabriel Balboa,Corazon Juárez's child,Directed,1,243,Knows,Gabriel Balboa
98,145,Bobby Ngu,Sol,Directed,1,243,Knows,Gabriel Balboa
87,69,Buzzworm,Gabriel Balboa,Directed,1,243,Knows,Gabriel Balboa
69,66,Gabriel Balboa,Rafaela Cortés,Directed,1,243,Knows,Gabriel Balboa
72,68,Emi,Manzanar Murakami,Directed,1,243,Knows,Gabriel Balboa
69,98,Gabriel Balboa,Bobby Ngu,Directed,1,243,Knows,Gabriel Balboa
69,766,Gabriel Balboa,Travel agent,Directed,1,243,Exchange,Gabriel Balboa
69,87,Gabriel Balboa,Buzzworm,Directed,1,243,Knows,Gabriel Balboa
69,145,Gabriel Balboa,Sol,Directed,1,243,Knows of,Gabriel Balboa
156,69,Lupe,Gabriel Balboa,Directed,1,244,Exchange,Gabriel Balboa
69,66,Gabriel Balboa,Rafaela Cortés,Directed,1,244,Knows of,Gabriel Balboa
69,767,Gabriel Balboa,Brokerage Agent,Directed,1,244,Exchange,Gabriel Balboa
66,156,Rafaela Cortés,Lupe,Directed,1,244,Knows,Gabriel Balboa
156,66,Lupe,Rafaela Cortés,Directed,1,244,Knows,Gabriel Balboa
69,156,Gabriel Balboa,Lupe,Directed,1,244,Exchange,Gabriel Balboa
767,69,Brokerage Agent,Gabriel Balboa,Directed,1,244,Exchange,Gabriel Balboa
69,143,Gabriel Balboa,Doña Maria,Directed,1,244,Knows,Gabriel Balboa
143,69,Doña Maria,Gabriel Balboa,Directed,1,244,Knows,Gabriel Balboa
315,768,Organ Traffickers,Third World children,Directed,1,245,Knows,Gabriel Balboa
69,156,Gabriel Balboa,Lupe,Directed,1,245,Knows,Gabriel Balboa
69,66,Gabriel Balboa,Rafaela Cortés,Directed,1,245,Knows,Gabriel Balboa
314,315,Organ buyers,Organ Traffickers,Directed,1,245,Knows,Gabriel Balboa
314,768,Organ buyers,Third World children,Directed,1,245,Knows,Gabriel Balboa
69,72,Gabriel Balboa,Emi,Directed,1,245,Knows,Gabriel Balboa
72,69,Emi,Gabriel Balboa,Directed,1,245,Knows,Gabriel Balboa
69,315,Gabriel Balboa,Organ Traffickers,Directed,1,245,Knows,Gabriel Balboa
315,314,Organ Traffickers,Organ buyers,Directed,1,245,Knows,Gabriel Balboa
69,314,Gabriel Balboa,Organ buyers,Directed,1,245,Knows,Gabriel Balboa
69,822,Gabriel Balboa,William Gibson,Directed,1,245,Knows,Gabriel Balboa
768,314,Third World children,Organ buyers,Directed,1,245,Knows,Gabriel Balboa
768,315,Third World children,Organ Traffickers,Directed,1,245,Knows,Gabriel Balboa
69,768,Gabriel Balboa,Third World children,Directed,1,245,Knows of,Gabriel Balboa
156,69,Lupe,Gabriel Balboa,Directed,1,245,Knows,Gabriel Balboa
66,69,Rafaela Cortés,Gabriel Balboa,Directed,1,245,Knows,Gabriel Balboa
192,189,LAPD,Unnamed members of L.A. Underclass,Directed,1,246,Knows,Gabriel Balboa
72,69,Emi,Gabriel Balboa,Directed,1,246,Exchange,Gabriel Balboa
69,192,Gabriel Balboa,LAPD,Directed,1,246,Knows of,Gabriel Balboa
189,192,Unnamed members of L.A. Underclass,LAPD,Directed,1,246,Knows,Gabriel Balboa
69,72,Gabriel Balboa,Emi,Directed,1,246,Exchange,Gabriel Balboa
69,189,Gabriel Balboa,Unnamed members of L.A. Underclass,Directed,1,246,Knows of,Gabriel Balboa
69,769,Gabriel Balboa,"""local aborigines""",Directed,1,247,Knows,Gabriel Balboa
69,66,Gabriel Balboa,Rafaela Cortés,Directed,1,247,Knows,Gabriel Balboa
69,158,Gabriel Balboa,Hernando (Dona Maria's son),Directed,1,247,Knows of,Gabriel Balboa
69,772,Gabriel Balboa,"""commenter""",Directed,1,247,Knows,Gabriel Balboa
69,771,Gabriel Balboa,"""source""",Directed,1,247,Exchange,Gabriel Balboa
66,69,Rafaela Cortés,Gabriel Balboa,Directed,1,247,Knows,Gabriel Balboa
69,770,Gabriel Balboa,Brazilian coroner,Directed,1,247,Knows of,Gabriel Balboa
773,69,Illegal Organ Receivers,Gabriel Balboa,Directed,1,247,Exchange,Gabriel Balboa
72,69,Emi,Gabriel Balboa,Directed,1,247,Exchange,Gabriel Balboa
66,158,Rafaela Cortés,Hernando (Dona Maria's son),Directed,1,247,Knows,Gabriel Balboa
773,773,Illegal Organ Receivers,Illegal Organ Receivers,Directed,1,247,Exchange,Gabriel Balboa
158,66,Hernando (Dona Maria's son),Rafaela Cortés,Directed,1,247,Knows,Gabriel Balboa
69,72,Gabriel Balboa,Emi,Directed,1,247,Exchange,Gabriel Balboa
771,69,"""source""",Gabriel Balboa,Directed,1,247,Exchange,Gabriel Balboa
69,773,Gabriel Balboa,Illegal Organ Receivers,Directed,1,247,Exchange,Gabriel Balboa
775,69,Editors,Gabriel Balboa,Directed,1,248,Knows,Gabriel Balboa
69,206,Gabriel Balboa,police,Directed,1,248,Knows of,Gabriel Balboa
69,87,Gabriel Balboa,Buzzworm,Directed,1,248,Knows,Gabriel Balboa
69,774,Gabriel Balboa,CIA,Directed,1,248,Knows of,Gabriel Balboa
69,72,Gabriel Balboa,Emi,Directed,1,248,Knows of,Gabriel Balboa
72,774,Emi,CIA,Directed,1,248,Knows,Gabriel Balboa
72,206,Emi,police,Directed,1,248,Knows,Gabriel Balboa
87,69,Buzzworm,Gabriel Balboa,Directed,1,248,Knows,Gabriel Balboa
69,775,Gabriel Balboa,Editors,Directed,1,248,Knows,Gabriel Balboa
87,791,Buzzworm,News Copters,Directed,1,249,Knows of,[NULL]
87,466,Buzzworm,Kerry the Technician,Directed,1,249,Exchange,[NULL]
72,189,Emi,Unnamed members of L.A. Underclass,Directed,1,249,Knows of,[NULL]
72,765,Emi,Military people,Directed,1,249,Knows of,[NULL]
69,72,Gabriel Balboa,Emi,Directed,1,249,Knows,Gabriel Balboa
466,765,Kerry the Technician,Military people,Directed,1,249,Knows of,[NULL]
466,847,Kerry the Technician,NewsNow Engineer,Directed,1,249,Exchange,[NULL]
791,87,News Copters,Buzzworm,Directed,1,249,Knows of,[NULL]
72,69,Emi,Gabriel Balboa,Directed,1,249,Knows,Gabriel Balboa
87,72,Buzzworm,Emi,Directed,1,249,Exchange,[NULL]
87,189,Buzzworm,Unnamed members of L.A. Underclass,Directed,1,249,Knows of,[NULL]
72,87,Emi,Buzzworm,Directed,1,249,Exchange,[NULL]
87,847,Buzzworm,NewsNow Engineer,Directed,1,249,Exchange,[NULL]
466,189,Kerry the Technician,Unnamed members of L.A. Underclass,Directed,1,249,Knows of,[NULL]
87,765,Buzzworm,Military people,Directed,1,249,Knows of,[NULL]
87,847,Buzzworm,NewsNow Engineer,Directed,1,250,Exchange,[NULL]
87,759,Buzzworm,Jesus,Directed,1,250,Knows of,[NULL]
87,794,Buzzworm,Mohammed,Directed,1,250,Knows of,[NULL]
87,72,Buzzworm,Emi,Directed,1,250,Exchange,[NULL]
87,792,Buzzworm,La Brea Woman,Directed,1,250,Knows of,[NULL]
72,87,Emi,Buzzworm,Directed,1,250,Exchange,[NULL]
72,794,Emi,Mohammed,Directed,1,250,Knows of,[NULL]
466,792,Kerry the Technician,La Brea Woman,Directed,1,250,Knows of,[NULL]
72,792,Emi,La Brea Woman,Directed,1,250,Knows of,[NULL]
72,759,Emi,Jesus,Directed,1,250,Knows of,[NULL]
466,759,Kerry the Technician,Jesus,Directed,1,250,Knows of,[NULL]
466,794,Kerry the Technician,Mohammed,Directed,1,250,Knows of,[NULL]
466,847,Kerry the Technician,NewsNow Engineer,Directed,1,250,Exchange,[NULL]
72,793,Emi,Howard Hawks,Directed,1,251,Knows of,[NULL]
72,69,Emi,Gabriel Balboa,Directed,1,251,Knows,[NULL]
87,170,Buzzworm,Raymond Chandler,Directed,1,251,Knows of,[NULL]
466,170,Kerry the Technician,Raymond Chandler,Directed,1,251,Knows of,[NULL]
87,847,Buzzworm,NewsNow Engineer,Directed,1,251,Exchange,[NULL]
72,795,Emi,David (Michelangelo),Directed,1,251,Knows of,[NULL]
72,87,Emi,Buzzworm,Directed,1,251,Exchange,[NULL]
69,466,Gabriel Balboa,Kerry the Technician,Directed,1,251,Knows,[NULL]
87,793,Buzzworm,Howard Hawks,Directed,1,251,Knows of,[NULL]
466,69,Kerry the Technician,Gabriel Balboa,Directed,1,251,Knows,[NULL]
466,847,Kerry the Technician,NewsNow Engineer,Directed,1,251,Exchange,[NULL]
466,795,Kerry the Technician,David (Michelangelo),Directed,1,251,Knows of,[NULL]
69,87,Gabriel Balboa,Buzzworm,Directed,1,251,Knows,[NULL]
87,795,Buzzworm,David (Michelangelo),Directed,1,251,Knows of,[NULL]
87,189,Buzzworm,Unnamed members of L.A. Underclass,Directed,1,251,Knows of,[NULL]
69,72,Gabriel Balboa,Emi,Directed,1,251,Knows,[NULL]
72,170,Emi,Raymond Chandler,Directed,1,251,Knows of,[NULL]
87,72,Buzzworm,Emi,Directed,1,251,Exchange,[NULL]
87,69,Buzzworm,Gabriel Balboa,Directed,1,251,Knows,[NULL]
466,793,Kerry the Technician,Howard Hawks,Directed,1,251,Knows of,[NULL]
87,797,Buzzworm,Some Guy digitizing L.A.,Directed,1,252,Knows of,[NULL]
466,170,Kerry the Technician,Raymond Chandler,Directed,1,252,Knows of,[NULL]
72,796,Emi,"Character in ""The Big Sleep""",Directed,1,252,Knows of,[NULL]
466,797,Kerry the Technician,Some Guy digitizing L.A.,Directed,1,252,Knows of,[NULL]
69,466,Gabriel Balboa,Kerry the Technician,Directed,1,252,Knows,[NULL]
87,793,Buzzworm,Howard Hawks,Directed,1,252,Knows of,[NULL]
87,69,Buzzworm,Gabriel Balboa,Directed,1,252,Knows,[NULL]
466,69,Kerry the Technician,Gabriel Balboa,Directed,1,252,Knows,[NULL]
87,796,Buzzworm,"Character in ""The Big Sleep""",Directed,1,252,Knows of,[NULL]
72,87,Emi,Buzzworm,Directed,1,252,Exchange,[NULL]
466,847,Kerry the Technician,NewsNow Engineer,Directed,1,252,Exchange,[NULL]
87,847,Buzzworm,NewsNow Engineer,Directed,1,252,Exchange,[NULL]
72,69,Emi,Gabriel Balboa,Directed,1,252,Knows,[NULL]
87,72,Buzzworm,Emi,Directed,1,252,Exchange,[NULL]
69,72,Gabriel Balboa,Emi,Directed,1,252,Knows,[NULL]
72,170,Emi,Raymond Chandler,Directed,1,252,Knows of,[NULL]
69,87,Gabriel Balboa,Buzzworm,Directed,1,252,Knows,[NULL]
72,797,Emi,Some Guy digitizing L.A.,Directed,1,252,Knows of,[NULL]
66,143,Rafaela Cortés,Doña Maria,Directed,1,252,Exchange,[NULL]
87,170,Buzzworm,Raymond Chandler,Directed,1,252,Knows of,[NULL]
72,793,Emi,Howard Hawks,Directed,1,252,Knows of,[NULL]
466,796,Kerry the Technician,"Character in ""The Big Sleep""",Directed,1,252,Knows of,[NULL]
143,66,Doña Maria,Rafaela Cortés,Directed,1,252,Exchange,[NULL]
224,66,The Orange,Rafaela Cortés,Directed,1,253,Exchange,[NULL]
98,224,Bobby Ngu,The Orange,Directed,1,253,Exchange,[NULL]
66,98,Rafaela Cortés,Bobby Ngu,Directed,1,253,Exchange,[NULL]
224,98,The Orange,Bobby Ngu,Directed,1,253,Exchange,[NULL]
143,66,Doña Maria,Rafaela Cortés,Directed,1,253,Exchange,[NULL]
98,66,Bobby Ngu,Rafaela Cortés,Directed,1,253,Exchange,[NULL]
66,224,Rafaela Cortés,The Orange,Directed,1,253,Exchange,[NULL]
66,145,Rafaela Cortés,Sol,Directed,1,253,Knows,[NULL]
66,143,Rafaela Cortés,Doña Maria,Directed,1,253,Exchange,[NULL]
145,66,Sol,Rafaela Cortés,Directed,1,253,Knows,[NULL]
87,68,Buzzworm,Manzanar Murakami,Directed,1,254,Knows,[NULL]
224,98,The Orange,Bobby Ngu,Directed,1,254,Exchange,[NULL]
98,224,Bobby Ngu,The Orange,Directed,1,254,Exchange,[NULL]
68,87,Manzanar Murakami,Buzzworm,Directed,1,254,Knows,[NULL]
87,72,Buzzworm,Emi,Directed,1,254,Knows,[NULL]
72,68,Emi,Manzanar Murakami,Directed,1,254,Knows,[NULL]
224,66,The Orange,Rafaela Cortés,Directed,1,254,Exchange,[NULL]
98,66,Bobby Ngu,Rafaela Cortés,Directed,1,254,Exchange,[NULL]
68,72,Manzanar Murakami,Emi,Directed,1,254,Knows,[NULL]
66,224,Rafaela Cortés,The Orange,Directed,1,254,Exchange,[NULL]
66,98,Rafaela Cortés,Bobby Ngu,Directed,1,254,Exchange,[NULL]
72,87,Emi,Buzzworm,Directed,1,254,Knows,[NULL]
72,87,Emi,Buzzworm,Directed,1,255,Knows,[NULL]
68,789,Manzanar Murakami,NewsNow Copter,Directed,1,255,Knows,[NULL]
68,72,Manzanar Murakami,Emi,Directed,1,255,Knows,[NULL]
87,68,Buzzworm,Manzanar Murakami,Directed,1,255,Exchange,[NULL]
789,68,NewsNow Copter,Manzanar Murakami,Directed,1,255,Knows,[NULL]
72,68,Emi,Manzanar Murakami,Directed,1,255,Knows,[NULL]
68,87,Manzanar Murakami,Buzzworm,Directed,1,255,Exchange,[NULL]
87,72,Buzzworm,Emi,Directed,1,255,Knows,[NULL]
419,70,El Gran Mojado,Arcangel/El Gran Mojado,Directed,1,256,Knows,[NULL]
70,777,Arcangel/El Gran Mojado,PRI,Directed,1,256,Knows,[NULL]
776,419,Audience/Crowd,El Gran Mojado,Directed,1,256,Knows,[NULL]
70,419,Arcangel/El Gran Mojado,El Gran Mojado,Directed,1,256,Knows,[NULL]
420,419,SUPERNAFTA,El Gran Mojado,Directed,1,256,Knows,[NULL]
420,70,SUPERNAFTA,Arcangel/El Gran Mojado,Directed,1,256,Knows,[NULL]
420,776,SUPERNAFTA,Audience/Crowd,Directed,1,256,Knows,[NULL]
776,778,Audience/Crowd,INS,Directed,1,256,Knows,[NULL]
70,778,Arcangel/El Gran Mojado,INS,Directed,1,256,Knows,[NULL]
419,776,El Gran Mojado,Audience/Crowd,Directed,1,256,Knows,[NULL]
70,774,Arcangel/El Gran Mojado,CIA,Directed,1,256,Knows,[NULL]
70,420,Arcangel/El Gran Mojado,SUPERNAFTA,Directed,1,256,Knows,[NULL]
70,776,Arcangel/El Gran Mojado,Audience/Crowd,Directed,1,256,Exchange,[NULL]
776,70,Audience/Crowd,Arcangel/El Gran Mojado,Directed,1,256,Exchange,[NULL]
776,774,Audience/Crowd,CIA,Directed,1,256,Knows,[NULL]
776,420,Audience/Crowd,SUPERNAFTA,Directed,1,256,Knows,[NULL]
419,420,El Gran Mojado,SUPERNAFTA,Directed,1,256,Knows,[NULL]
776,417,Audience/Crowd,DEA,Directed,1,256,Knows,[NULL]
776,777,Audience/Crowd,PRI,Directed,1,256,Knows,[NULL]
70,417,Arcangel/El Gran Mojado,DEA,Directed,1,256,Knows,[NULL]
420,776,SUPERNAFTA,Audience/Crowd,Directed,1,257,Exchange,[NULL]
419,420,El Gran Mojado,SUPERNAFTA,Directed,1,257,Knows,[NULL]
776,78,Audience/Crowd,God,Directed,1,257,Knows,[NULL]
420,419,SUPERNAFTA,El Gran Mojado,Directed,1,257,Knows,[NULL]
420,78,SUPERNAFTA,God,Directed,1,257,Knows,[NULL]
776,420,Audience/Crowd,SUPERNAFTA,Directed,1,257,Exchange,[NULL]
78,420,God,SUPERNAFTA,Directed,1,257,Knows,[NULL]
419,782,El Gran Mojado,Ricardo Montalban,Directed,1,258,Knows,[NULL]
784,786,fan 1,fan 2's mom,Directed,1,258,Knows of,[NULL]
784,785,fan 1,fan 2,Directed,1,258,Exchange,[NULL]
419,776,El Gran Mojado,Audience/Crowd,Directed,1,258,Exchange,[NULL]
419,783,El Gran Mojado,Marcello Mastroianni,Directed,1,258,Knows,[NULL]
785,784,fan 2,fan 1,Directed,1,258,Exchange,[NULL]
420,776,SUPERNAFTA,Audience/Crowd,Directed,1,258,Knows,[NULL]
786,785,fan 2's mom,fan 2,Directed,1,258,Knows,[NULL]
782,419,Ricardo Montalban,El Gran Mojado,Directed,1,258,Knows,[NULL]
776,782,Audience/Crowd,Ricardo Montalban,Directed,1,258,Knows,[NULL]
776,419,Audience/Crowd,El Gran Mojado,Directed,1,258,Exchange,[NULL]
786,784,fan 2's mom,fan 1,Directed,1,258,Knows of,[NULL]
785,786,fan 2,fan 2's mom,Directed,1,258,Knows,[NULL]
776,783,Audience/Crowd,Marcello Mastroianni,Directed,1,258,Knows,[NULL]
776,420,Audience/Crowd,SUPERNAFTA,Directed,1,258,Knows,[NULL]
776,419,Audience/Crowd,El Gran Mojado,Directed,1,259,Exchange,[NULL]
419,776,El Gran Mojado,Audience/Crowd,Directed,1,259,Exchange,[NULL]
145,776,Sol,Audience/Crowd,Directed,1,260,Knows,[NULL]
224,145,The Orange,Sol,Directed,1,260,Knows,[NULL]
776,145,Audience/Crowd,Sol,Directed,1,260,Knows,[NULL]
70,823,Arcangel/El Gran Mojado,Rocky Balboa,Directed,1,260,Knows,[NULL]
776,823,Audience/Crowd,Rocky Balboa,Directed,1,260,Knows,[NULL]
776,787,Audience/Crowd,twelve fabulous babe escorts,Directed,1,260,Knows,[NULL]
419,776,El Gran Mojado,Audience/Crowd,Directed,1,260,Exchange,[NULL]
787,776,twelve fabulous babe escorts,Audience/Crowd,Directed,1,260,Knows,[NULL]
776,420,Audience/Crowd,SUPERNAFTA,Directed,1,260,Knows,[NULL]
420,776,SUPERNAFTA,Audience/Crowd,Directed,1,260,Knows,[NULL]
419,145,El Gran Mojado,Sol,Directed,1,260,Knows,[NULL]
145,419,Sol,El Gran Mojado,Directed,1,260,Knows,[NULL]
145,224,Sol,The Orange,Directed,1,260,Knows,[NULL]
145,420,Sol,SUPERNAFTA,Directed,1,260,Knows,[NULL]
420,145,SUPERNAFTA,Sol,Directed,1,260,Knows,[NULL]
420,823,SUPERNAFTA,Rocky Balboa,Directed,1,260,Knows,[NULL]
145,788,Sol,Parents in the audience,Directed,1,260,Knows,[NULL]
420,419,SUPERNAFTA,El Gran Mojado,Directed,1,260,Knows,[NULL]
776,419,Audience/Crowd,El Gran Mojado,Directed,1,260,Exchange,[NULL]
419,420,El Gran Mojado,SUPERNAFTA,Directed,1,260,Knows,[NULL]
788,145,Parents in the audience,Sol,Directed,1,260,Knows,[NULL]
776,419,Audience/Crowd,El Gran Mojado,Directed,1,261,Exchange,[NULL]
98,419,Bobby Ngu,El Gran Mojado,Directed,1,261,Exchange,[NULL]
420,776,SUPERNAFTA,Audience/Crowd,Directed,1,261,Knows,[NULL]
98,224,Bobby Ngu,The Orange,Directed,1,261,Knows,[NULL]
224,419,The Orange,El Gran Mojado,Directed,1,261,Knows,[NULL]
224,98,The Orange,Bobby Ngu,Directed,1,261,Knows,[NULL]
419,98,El Gran Mojado,Bobby Ngu,Directed,1,261,Exchange,[NULL]
419,776,El Gran Mojado,Audience/Crowd,Directed,1,261,Exchange,[NULL]
145,98,Sol,Bobby Ngu,Directed,1,261,Knows,[NULL]
145,224,Sol,The Orange,Directed,1,261,Knows,[NULL]
776,420,Audience/Crowd,SUPERNAFTA,Directed,1,261,Knows,[NULL]
419,420,El Gran Mojado,SUPERNAFTA,Directed,1,261,Knows,[NULL]
98,145,Bobby Ngu,Sol,Directed,1,261,Knows,[NULL]
419,224,El Gran Mojado,The Orange,Directed,1,261,Knows,[NULL]
224,145,The Orange,Sol,Directed,1,261,Knows,[NULL]
420,419,SUPERNAFTA,El Gran Mojado,Directed,1,261,Knows,[NULL]
98,420,Bobby Ngu,SUPERNAFTA,Directed,1,262,Knows,[NULL]
70,98,Arcangel/El Gran Mojado,Bobby Ngu,Directed,1,262,Knows,[NULL]
420,776,SUPERNAFTA,Audience/Crowd,Directed,1,262,Knows,[NULL]
419,420,El Gran Mojado,SUPERNAFTA,Directed,1,262,Knows,[NULL]
776,420,Audience/Crowd,SUPERNAFTA,Directed,1,262,Knows,[NULL]
420,419,SUPERNAFTA,El Gran Mojado,Directed,1,262,Knows,[NULL]
98,70,Bobby Ngu,Arcangel/El Gran Mojado,Directed,1,262,Knows,[NULL]
800,87,The Red Cross,Buzzworm,Directed,1,263,Knows,[NULL]
801,87,Trio of Homeless,Buzzworm,Directed,1,263,Knows,[NULL]
87,189,Buzzworm,Unnamed members of L.A. Underclass,Directed,1,263,Knows of,[NULL]
87,801,Buzzworm,Trio of Homeless,Directed,1,263,Knows,[NULL]
87,798,Buzzworm,Johann Pachelbel,Directed,1,263,Knows of,[NULL]
87,522,Buzzworm,Diego Rivera,Directed,1,263,Knows of,[NULL]
419,776,El Gran Mojado,Audience/Crowd,Directed,1,263,Knows,[NULL]
776,419,Audience/Crowd,El Gran Mojado,Directed,1,263,Knows,[NULL]
87,800,Buzzworm,The Red Cross,Directed,1,263,Knows,[NULL]
87,801,Buzzworm,Trio of Homeless,Directed,1,264,Knows,[NULL]
241,87,Buzzworm's Grandmother,Buzzworm,Directed,1,264,Knows,[NULL]
87,241,Buzzworm,Buzzworm's Grandmother,Directed,1,264,Knows,[NULL]
87,805,Buzzworm,Warren Alney,Directed,1,264,Knows of,[NULL]
87,804,Buzzworm,Thomas Jefferson,Directed,1,264,Knows of,[NULL]
87,604,Buzzworm,National Guard,Directed,1,264,Knows of,[NULL]
87,802,Buzzworm,Indian Momma,Directed,1,264,Knows of,[NULL]
87,251,Buzzworm,Margarita,Directed,1,264,Knows,[NULL]
801,87,Trio of Homeless,Buzzworm,Directed,1,264,Knows,[NULL]
87,806,Buzzworm,Tom Schnabel,Directed,1,264,Knows of,[NULL]
251,87,Margarita,Buzzworm,Directed,1,264,Knows,[NULL]
87,813,Buzzworm,Attorney General,Directed,1,265,Knows of,[NULL]
87,807,Buzzworm,Bobby Seale,Directed,1,265,Knows of,[NULL]
189,809,Unnamed members of L.A. Underclass,Worthington Ford,Directed,1,265,Knows of,[NULL]
87,811,Buzzworm,New Age Santa Monicans,Directed,1,265,Knows of,[NULL]
87,810,Buzzworm,Maxine Waters,Directed,1,265,Knows of,[NULL]
87,68,Buzzworm,Manzanar Murakami,Directed,1,265,Knows of,[NULL]
87,812,Buzzworm,Vigilante Group,Directed,1,265,Knows of,[NULL]
87,189,Buzzworm,Unnamed members of L.A. Underclass,Directed,1,265,Knows of,[NULL]
87,808,Buzzworm,The Black Panthers,Directed,1,265,Knows of,[NULL]
145,224,Sol,The Orange,Directed,1,266,Exchange,[NULL]
145,419,Sol,El Gran Mojado,Directed,1,266,Knows,[NULL]
419,145,El Gran Mojado,Sol,Directed,1,266,Knows,[NULL]
98,70,Bobby Ngu,Arcangel/El Gran Mojado,Directed,1,266,Knows of,[NULL]
815,98,Scalper,Bobby Ngu,Directed,1,266,Exchange,[NULL]
420,145,SUPERNAFTA,Sol,Directed,1,266,Knows,[NULL]
98,66,Bobby Ngu,Rafaela Cortés,Directed,1,266,Knows,[NULL]
145,70,Sol,Arcangel/El Gran Mojado,Directed,1,266,Knows,[NULL]
98,776,Bobby Ngu,Audience/Crowd,Directed,1,266,Knows of,[NULL]
145,66,Sol,Rafaela Cortés,Directed,1,266,Knows,[NULL]
145,98,Sol,Bobby Ngu,Directed,1,266,Exchange,[NULL]
145,420,Sol,SUPERNAFTA,Directed,1,266,Knows,[NULL]
98,419,Bobby Ngu,El Gran Mojado,Directed,1,266,Exchange,[NULL]
66,98,Rafaela Cortés,Bobby Ngu,Directed,1,266,Knows,[NULL]
224,145,The Orange,Sol,Directed,1,266,Exchange,[NULL]
98,145,Bobby Ngu,Sol,Directed,1,266,Exchange,[NULL]
98,814,Bobby Ngu,Scalpers,Directed,1,266,Knows of,[NULL]
66,145,Rafaela Cortés,Sol,Directed,1,266,Knows,[NULL]
70,145,Arcangel/El Gran Mojado,Sol,Directed,1,266,Knows,[NULL]
98,420,Bobby Ngu,SUPERNAFTA,Directed,1,266,Knows of,[NULL]
98,815,Bobby Ngu,Scalper,Directed,1,266,Exchange,[NULL]
98,224,Bobby Ngu,The Orange,Directed,1,266,Exchange,[NULL]
66,98,Rafaela Cortés,Bobby Ngu,Directed,1,267,Exchange,[NULL]
224,145,The Orange,Sol,Directed,1,267,Exchange,[NULL]
66,224,Rafaela Cortés,The Orange,Directed,1,267,Exchange,[NULL]
224,66,The Orange,Rafaela Cortés,Directed,1,267,Exchange,[NULL]
98,145,Bobby Ngu,Sol,Directed,1,267,Exchange,[NULL]
145,98,Sol,Bobby Ngu,Directed,1,267,Exchange,[NULL]
145,66,Sol,Rafaela Cortés,Directed,1,267,Exchange,[NULL]
98,776,Bobby Ngu,Audience/Crowd,Directed,1,267,Exchange,[NULL]
98,66,Bobby Ngu,Rafaela Cortés,Directed,1,267,Exchange,[NULL]
66,145,Rafaela Cortés,Sol,Directed,1,267,Exchange,[NULL]
145,224,Sol,The Orange,Directed,1,267,Exchange,[NULL]
98,224,Bobby Ngu,The Orange,Directed,1,267,Exchange,[NULL]
98,776,Bobby Ngu,Audience/Crowd,Directed,1,268,Exchange,[NULL]
98,145,Bobby Ngu,Sol,Directed,1,268,Knows,[NULL]
66,98,Rafaela Cortés,Bobby Ngu,Directed,1,268,Knows,[NULL]
66,224,Rafaela Cortés,The Orange,Directed,1,268,Exchange,[NULL]
224,66,The Orange,Rafaela Cortés,Directed,1,268,Exchange,[NULL]
224,145,The Orange,Sol,Directed,1,268,Exchange,[NULL]
98,224,Bobby Ngu,The Orange,Directed,1,268,Exchange,[NULL]
145,66,Sol,Rafaela Cortés,Directed,1,268,Exchange,[NULL]
98,66,Bobby Ngu,Rafaela Cortés,Directed,1,268,Knows,[NULL]
66,145,Rafaela Cortés,Sol,Directed,1,268,Exchange,[NULL]
145,98,Sol,Bobby Ngu,Directed,1,268,Knows,[NULL]
145,224,Sol,The Orange,Directed,1,268,Exchange,[NULL]
