id,Type of Relationship,Character 1,Character 2,Is Reciprocal?,Narrative Container,Start Page,End Page
186,"Knows of","Manzanar Murakami","People in Traffic","0","5: Traffic Window - Harbor Freeway","34","35"
187,"Exchange","Gabriel Balboa","Emi","1","6: Coffee Break - Downtown","38","41"
188,"Exchange","Gabriel Balboa","Terry","1","6: Coffee Break - Downtown","38","38"
189,"Knows","Gabriel Balboa","Editor One","1","6: Coffee Break - Downtown","38","38"
190,"Knows","Gabriel Balboa","Editor Two","1","6: Coffee Break - Downtown","38","38"
191,"Knows","Gabriel Balboa","Editor Three","1","6: Coffee Break - Downtown","38","38"
192,"Exchange","Gabriel Balboa","Editor Four","1","6: Coffee Break - Downtown","38","38"
193,"Knows","Gabriel Balboa","God","0","6: Coffee Break - Downtown","38","38"
194,"Knows","Gabriel Balboa","mothers of gang-bangers","1","6: Coffee Break - Downtown","38","38"
195,"Knows of","Gabriel Balboa","Rubén Salazar","0","6: Coffee Break - Downtown","39","39"
196,"Knows","Emi","Bob the Weatherman","1","6: Coffee Break - Downtown","39","39"
197,"Knows","Gabriel Balboa","Bob the Weatherman","0","6: Coffee Break - Downtown","39","39"
198,"Knows of","Emi","Surfers","0","6: Coffee Break - Downtown","40","40"
199,"Knows of","Gabriel Balboa","Surfers","0","6: Coffee Break - Downtown","40","40"
200,"Knows","Gabriel Balboa","Gabriel Balboa's family","1","6: Coffee Break - Downtown","40","40"
201,"Knows","Gabriel Balboa's mother","Gabriel Balboa's mother's priest","1","6: Coffee Break - Downtown","40","40"
202,"Knows","Gabriel Balboa","Beth","1","6: Coffee Break - Downtown","41","41"
203,"Exchange","Gabriel Balboa","Buzzworm","1","6: Coffee Break - Downtown","41","44"
204,"Knows","Buzzworm","Folks in the bridge rafters","0","6: Coffee Break - Downtown","41","41"
205,"Knows","Buzzworm","Cross-dresser","1","6: Coffee Break - Downtown","41","42"
206,"Knows","Buzzworm","God","0","6: Coffee Break - Downtown","42","42"
207,"Knows","Cross-dresser","God","1","6: Coffee Break - Downtown","42","42"
208,"Knows","Buzzworm","Manzanar Murakami","1","6: Coffee Break - Downtown","42","42"
209,"Knows of","Buzzworm","Leonard Bernstein","0","6: Coffee Break - Downtown","42","42"
210,"Knows of","Buzzworm","Esa-Pekka Solanen","0","6: Coffee Break - Downtown","42","42"
211,"Knows of","Buzzworm","Seji Ozawa","0","6: Coffee Break - Downtown","42","42"
212,"Exchange","Buzzworm","Manzanar Murakami","1","6: Coffee Break - Downtown","43","43"
213,"Knows","Buzzworm","East L.A. boy","1","6: Coffee Break - Downtown","44","44"
214,"Knows","Buzzworm","Webb reporter in San Jose","0","6: Coffee Break - Downtown","44","44"
215,"Knows","Buzzworm","Manzanar Murakami","1","6: Coffee Break - Downtown","44","44"
216,"Knows of","Buzzworm","Corazon Juarez","0","6: Coffee Break - Downtown","44","44"
217,"Knows","Gabriel Balboa","Rafaela Cortés","1","6: Coffee Break - Downtown","44","44"
218,"Exchange","Gabriel Balboa","Rafaela Cortés","1","6: Coffee Break - Downtown","45","45"
219,"Knows","Rafaela Cortés","workers at Gabriel's house","1","6: Coffee Break - Downtown","45","45"
220,"Knows","Gabriel Balboa","Gabriel Balboa's friends","1","6: Coffee Break - Downtown","45","45"
221,"Exchange","Gabriel Balboa","Emi","1","6: Coffee Break - Downtown","45","45"
222,"Knows","Rafaela Cortés","Bobby Ngu","1","6: Coffee Break - Downtown","45","45"
223,"Knows","Gabriel Balboa","Buzzworm","1","6: Coffee Break - Downtown","46","46"
224,"Knows of","Gabriel Balboa","Manzanar Murakami","0","6: Coffee Break - Downtown","46","46"
225,"Knows","Arcangel/El Gran Mojado","Carmen Miranda","1","7: To Wake - The Marketplace","47","47"
226,"Knows","Arcangel/El Gran Mojado","Cantiflas","1","7: To Wake - The Marketplace","47","47"
227,"Exchange","Arcangel/El Gran Mojado","""the masses""","1","7: To Wake - The Marketplace","48","48"
228,"Exchange","Arcangel/El Gran Mojado","Che Guevara","1","7: To Wake - The Marketplace","48","48"
229,"Exchange","Arcangel/El Gran Mojado","Eva Péron","1","7: To Wake - The Marketplace","48","48"
230,"Exchange","Arcangel/El Gran Mojado","Pelé","1","7: To Wake - The Marketplace","48","48"
231,"Exchange","Arcangel/El Gran Mojado","Pinochet","1","7: To Wake - The Marketplace","48","48"
232,"Exchange","Arcangel/El Gran Mojado","Allende","1","7: To Wake - The Marketplace","48","48"
233,"Exchange","Arcangel/El Gran Mojado","El General Stroessner","1","7: To Wake - The Marketplace","48","48"
234,"Exchange","Arcangel/El Gran Mojado","Pablo Escobar","1","7: To Wake - The Marketplace","48","48"
235,"Exchange","Arcangel/El Gran Mojado","The DEA","1","7: To Wake - The Marketplace","48","48"
236,"Exchange","Arcangel/El Gran Mojado","Noriega","1","7: To Wake - The Marketplace","48","48"
237,"Exchange","Arcangel/El Gran Mojado","Vargas Llosa","1","7: To Wake - The Marketplace","48","48"
238,"Exchange","Arcangel/El Gran Mojado","Fujimori","1","7: To Wake - The Marketplace","48","48"
239,"Exchange","Arcangel/El Gran Mojado","Sandino","1","7: To Wake - The Marketplace","48","48"
240,"Exchange","Arcangel/El Gran Mojado","Tachito Somoza","1","7: To Wake - The Marketplace","48","48"
241,"Exchange","Arcangel/El Gran Mojado","Borges","1","7: To Wake - The Marketplace","48","48"
242,"Exchange","Arcangel/El Gran Mojado","Neruda","1","7: To Wake - The Marketplace","48","48"
243,"Exchange","Arcangel/El Gran Mojado","Archbishop Romero","1","7: To Wake - The Marketplace","48","48"
244,"Exchange","Arcangel/El Gran Mojado","Porfirio Díaz","1","7: To Wake - The Marketplace","48","48"
245,"Exchange","Arcangel/El Gran Mojado","Fidel Castro","1","7: To Wake - The Marketplace","48","48"
246,"Exchange","Arcangel/El Gran Mojado","Arcangel's torturers","1","7: To Wake - The Marketplace","48","48"
247,"Exchange","Arcangel/El Gran Mojado","Arcangel's inmates","1","7: To Wake - The Marketplace","48","48"
248,"Exchange","Arcangel/El Gran Mojado","Gabriel Garcia Márquez","1","7: To Wake - The Marketplace","48","48"
249,"Exchange","performance goer","Gabriel Garcia Márquez","0","7: To Wake - The Marketplace","48","48"
250,"Knows of","performance goer","Arcangel/El Gran Mojado","1","7: To Wake - The Marketplace","48","48"
251,"Knows of","Arcangel/El Gran Mojado","Christopher Columbus","0","7: To Wake - The Marketplace","49","49"
252,"Knows of","Arcangel/El Gran Mojado","John Cabot","0","7: To Wake - The Marketplace","49","49"
253,"Knows of","Arcangel/El Gran Mojado","Pedro Alvares Cabral","0","7: To Wake - The Marketplace","50","50"
254,"Knows of","Arcangel/El Gran Mojado","Ferdinand Magellan","0","7: To Wake - The Marketplace","50","50"
255,"Knows of","Arcangel/El Gran Mojado","Hernán Cortés","0","7: To Wake - The Marketplace","50","50"
256,"Exchange","Arcangel/El Gran Mojado","""young man""","1","7: To Wake - The Marketplace","50","50"
257,"Exchange","Arcangel/El Gran Mojado","""children and passerby""","1","7: To Wake - The Marketplace","51","51"
259,"Knows","Rafaela Cortés","Bobby Ngu","1","1: Midday - Not Too Far from Mazatlán","4","5"
260,"Exchange","Rafaela Cortés","Gabriel Balboa","1","1: Midday - Not Too Far from Mazatlán","4","7"
261,"Exchange","Rafaela Cortés","Doña Maria","1","1: Midday - Not Too Far from Mazatlán","7","9"
263,"Knows","Doña Maria","Sol","1","1: Midday - Not Too Far from Mazatlán","8","10"
264,"Knows","Rafaela Cortés","Doña Maria","1","1: Midday - Not Too Far from Mazatlán","7","7"
265,"Knows","Rafaela Cortés","Pepe Cortés","1","1: Midday - Not Too Far from Mazatlán","7","7"
266,"Knows","Gabriel Balboa","Sol","1","1: Midday - Not Too Far from Mazatlán","7","7"
267,"Knows","Gabriel Balboa","Bobby Ngu","1","1: Midday - Not Too Far from Mazatlán","4","7"
268,"Knows of","Gabriel Balboa","Pepe Cortés","0","1: Midday - Not Too Far from Mazatlán","7","7"
269,"Knows","Rafaela Cortés","Sol","1","1: Midday - Not Too Far from Mazatlán","6","10"
270,"Knows","Gabriel Balboa","Rodriguez","1","1: Midday - Not Too Far from Mazatlán","4","5"
271,"Knows","Rafaela Cortés","Rodriguez","1","1: Midday - Not Too Far from Mazatlán","4","5"
272,"Knows of","workers at Gabriel's house","Pancho Villa","1","1: Midday - Not Too Far from Mazatlán","5","5"
273,"Knows of","Gabriel Balboa","Pancho Villa","1","1: Midday - Not Too Far from Mazatlán","5","5"
274,"Knows of","Gabriel Balboa","Gabriel's Grandmother","0","1: Midday - Not Too Far from Mazatlán","5","6"
275,"Knows of","Gabriel Balboa","Gabriel's Grandfather","1","1: Midday - Not Too Far from Mazatlán","5","6"
276,"Knows","Gabriel's Grandmother","Gabriel's Grandfather","1","1: Midday - Not Too Far from Mazatlán","6","6"
277,"Knows","Gabriel's Grandfather","Pancho Villa","1","1: Midday - Not Too Far from Mazatlán","5","5"
278,"Knows","Rafaela Cortés","Rafaela's Mother","1","1: Midday - Not Too Far from Mazatlán","7","8"
279,"Knows","Gabriel Balboa","Rafaela's Mother","1","1: Midday - Not Too Far from Mazatlán","7","7"
280,"Knows of","Doña Maria","Rafaela's Mother","0","1: Midday - Not Too Far from Mazatlán","8","8"
281,"Knows of","Doña Maria","Rafaela's Father","0","1: Midday - Not Too Far from Mazatlán","8","8"
282,"Knows of","Doña Maria","Rafaela's Great-Great-Grandfather","0","1: Midday - Not Too Far from Mazatlán","8","8"
284,"Knows","Rafaela Cortés","Rafaela's Father","1","1: Midday - Not Too Far from Mazatlán","8","8"
285,"Knows of","Rafaela Cortés","Rafaela's Great-Great-Grandfather","0","1: Midday - Not Too Far from Mazatlán","8","8"
286,"Exchange","Doña Maria","Lupe","1","1: Midday - Not Too Far from Mazatlán","8","8"
287,"Knows","Rafaela Cortés","Lupe","1","1: Midday - Not Too Far from Mazatlán","8","8"
288,"Knows","Doña Maria","Benito","1","1: Midday - Not Too Far from Mazatlán","9","9"
289,"Knows of","Rafaela Cortés","Benito","1","1: Midday - Not Too Far from Mazatlán","9","9"
290,"Knows of","Rafaela Cortés","Hernando (Dona Maria's son)","0","1: Midday - Not Too Far from Mazatlán","8","9"
291,"Knows","Doña Maria","Hernando (Dona Maria's son)","1","1: Midday - Not Too Far from Mazatlán","8","9"
292,"Knows of","Rafaela Cortés","L.C. Tibbets","0","1: Midday - Not Too Far from Mazatlán","11","11"
293,"Exchange","Bobby Ngu","Car Jacker","1","2: Benefits - Koreatown","14","14"
295,"Knows of","Bobby Ngu","Bruce Lee","1","2: Benefits - Koreatown","14","14"
296,"Knows","Bobby Ngu","Bobby's Brother","1","2: Benefits - Koreatown","15","15"
297,"Knows","Bobby Ngu","Bobby's Father","1","2: Benefits - Koreatown","15","15"
298,"Knows","Bobby Ngu","Bobby's Mother","1","2: Benefits - Koreatown","15","15"
300,"Knows","Bobby Ngu","Refugees","1","2: Benefits - Koreatown","15","16"
301,"Knows of","Bobby Ngu","Americans (abstract)","1","2: Benefits - Koreatown","15","15"
302,"Knows","Bobby Ngu","Refugee Camp Guards","1","2: Benefits - Koreatown","15","15"
303,"Exchange","Bobby Ngu","Refugee Camp Guards","1","2: Benefits - Koreatown","16","16"
304,"Exchange","Bobby's Brother","Refugee Camp Guards","1","2: Benefits - Koreatown","16","16"
305,"Exchange","Bobby Ngu","Bobby's Father","1","2: Benefits - Koreatown","16","18"
306,"Exchange","Bobby Ngu","Bobby's Brother","1","2: Benefits - Koreatown","16","16"
307,"Knows","Bobby Ngu","Bobby's Sister 1","1","2: Benefits - Koreatown","16","16"
308,"Knows","Bobby's Brother","Bobby's Sister 1","1","2: Benefits - Koreatown","16","16"
309,"Knows","Bobby Ngu","Rafaela Cortés","1","2: Benefits - Koreatown","16","16"
310,"Exchange","Bobby Ngu","Rafaela Cortés","1","2: Benefits - Koreatown","17","17"
311,"Knows","Bobby Ngu","Sol","1","2: Benefits - Koreatown","17","18"
312,"Knows","Bobby's Brother","Bobby's Mother","1","2: Benefits - Koreatown","17","17"
313,"Knows of","Bobby Ngu","Bicycle Factory Workers","0","2: Benefits - Koreatown","17","17"
314,"Knows of","Bobby Ngu","Bicycle Factory Workers","0","2: Benefits - Koreatown","17","18"
315,"Knows","Bobby Ngu","Bobby's Nephews and Nieces","1","2: Benefits - Koreatown","18","18"
317,"Exchange","Emi","Gabriel Balboa","1","3: Weather Report - Westside","18","25"
318,"Knows of","Emi","Waiters","0","3: Weather Report - Westside","18","18"
319,"Knows of","Emi","Cocktail Hostess","1","3: Weather Report - Westside","18","18"
321,"Knows of","Emi","Raymond Chandler","0","3: Weather Report - Westside","18","18"
322,"Knows of","Emi","Alfred Hitchcock","0","3: Weather Report - Westside","18","18"
323,"Knows of","Emi","Roman Polanski","0","3: Weather Report - Westside","19","19"
324,"Knows of","Emi","Robert Altman","1","3: Weather Report - Westside","19","19"
325,"Knows of","Emi","Robert Zemeckis","0","3: Weather Report - Westside","19","19"
326,"Knows of","Emi","Roger Rabbit","0","3: Weather Report - Westside","19","19"
327,"Knows of","Gabriel Balboa","Alfred Hitchcock","0","3: Weather Report - Westside","18","18"
328,"Knows of","Gabriel Balboa","Roman Polanski","0","3: Weather Report - Westside","19","19"
329,"Knows of","Gabriel Balboa","Robert Altman","0","3: Weather Report - Westside","19","19"
332,"Knows of","Gabriel Balboa","Cocktail Hostess","1","3: Weather Report - Westside","18","18"
333,"Knows of","Gabriel Balboa","Waiters","0","3: Weather Report - Westside","18","18"
335,"Knows of","Gabriel Balboa","Raymond Chandler","0","3: Weather Report - Westside","18","18"
336,"Knows of","Gabriel Balboa","Alfred Hitchcock","0","3: Weather Report - Westside","18","18"
339,"Knows of","Gabriel Balboa","Robert Zemeckis","0","3: Weather Report - Westside","19","19"
340,"Knows of","Gabriel Balboa","Roger Rabbit","0","3: Weather Report - Westside","19","19"
341,"Knows of","Emi","David Hockney","0","3: Weather Report - Westside","19","19"
342,"Exchange","Emi","Emi's Mother","1","3: Weather Report - Westside","21","22"
344,"Knows","Emi's Mother","Gabriel Balboa","1","3: Weather Report - Westside","21","22"
345,"Knows","Emi","Emi's Father","1","3: Weather Report - Westside","21","21"
346,"Knows","Emi's Mother","Emi's Father","1","3: Weather Report - Westside","21","21"
347,"Knows","Emi's Mother","Emi's Siblings","1","3: Weather Report - Westside","21","21"
348,"Knows","Emi's Father","Emi's Siblings","1","3: Weather Report - Westside","21","21"
349,"Knows of","Emi","Montel Williams","0","3: Weather Report - Westside","21","21"
350,"Knows of","Emi's Mother","Montel Williams","0","3: Weather Report - Westside","21","21"
351,"Knows of","Emi","Rikki Lake","0","3: Weather Report - Westside","21","21"
352,"Knows of","Emi's Mother","Rikki Lake","0","3: Weather Report - Westside","21","21"
353,"Knows","Gabriel Balboa","Emi's Siblings","1","3: Weather Report - Westside","21","21"
354,"Knows","Gabriel Balboa","Emi's Father","1","3: Weather Report - Westside","21","21"
355,"Knows of","Emi","Sally Jesse Raphael","0","3: Weather Report - Westside","21","21"
356,"Knows of","Emi's Mother","Sally Jesse Raphael","0","3: Weather Report - Westside","21","21"
357,"Knows of","Emi","Philip Marlowe","0","3: Weather Report - Westside","22","23"
358,"Knows of","Gabriel Balboa","Philip Marlowe","0","3: Weather Report - Westside","22","23"
359,"Knows of","Emi","Nicholas Meyer","0","3: Weather Report - Westside","24","24"
360,"Knows of","Gabriel Balboa","Nicholas Meyer","0","3: Weather Report - Westside","24","24"
361,"Exchange","Buzzworm","l'il punk","1","4: Station ID - Jefferson & Normandie","25","26"
362,"Knows of","Buzzworm","LAPD","1","4: Station ID - Jefferson & Normandie","27","27"
363,"Exchange","Buzzworm","Unnamed members of L.A. Underclass","1","4: Station ID - Jefferson & Normandie","27","29"
364,"Knows","Buzzworm","Cisco","1","4: Station ID - Jefferson & Normandie","28","28"
365,"Knows of","Buzzworm","Cisco's dealer","0","4: Station ID - Jefferson & Normandie","28","28"
366,"Exchange","Cisco","Cisco's dealer","1","4: Station ID - Jefferson & Normandie","28","28"
367,"Knows","Cisco","Cisco's Old man","1","4: Station ID - Jefferson & Normandie","28","28"
368,"Knows","Cisco's dealer","Cisco's Old man","1","4: Station ID - Jefferson & Normandie","28","28"
369,"Knows of","Buzzworm","Cisco's Old man","0","4: Station ID - Jefferson & Normandie","28","28"
370,"Knows of","Buzzworm","Papa John Creach","0","4: Station ID - Jefferson & Normandie","29","29"
371,"Exchange","Buzzworm","Buzzworm's friend Kwon","1","4: Station ID - Jefferson & Normandie","29","29"
372,"Knows of","Buzzworm","U.S. Surgeon General","0","4: Station ID - Jefferson & Normandie","30","30"
373,"Exchange","Buzzworm","L.A. Suburbanites","1","4: Station ID - Jefferson & Normandie","30","31"
374,"Knows of","Buzzworm","L.A. City Crew","0","4: Station ID - Jefferson & Normandie","32","32"
375,"Exchange","Buzzworm","other kids","1","4: Station ID - Jefferson & Normandie","32","33"
376,"Knows of","Emi","Joan Didion","0","9: NewsNow - Hollywood South","58","58"
377,"Knows of","Gabriel Balboa","Joan Didion","0","9: NewsNow - Hollywood South","58","58"
378,"Exchange","Emi","Gabriel Balboa","1","9: NewsNow - Hollywood South","58","59"
379,"Exchange","Emi","Kerry the Technician","1","9: NewsNow - Hollywood South","59","60"
380,"Knows of","Emi","Astor Piazzolla","0","9: NewsNow - Hollywood South","60","60"
381,"Knows of","Gabriel Balboa","Astor Piazzolla","0","9: NewsNow - Hollywood South","60","60"
382,"Exchange","Emi","Gabriel Balboa","1","9: NewsNow - Hollywood South","60","62"
383,"Knows","Gabriel Balboa","Buzzworm","1","9: NewsNow - Hollywood South","61","61"
384,"Knows of","Emi","Buzzworm","0","9: NewsNow - Hollywood South","61","61"
385,"Knows","Emi","Gabriel Balboa's mother","1","9: NewsNow - Hollywood South","61","61"
386,"Exchange","Emi","Gabriel Balboa's mother","1","9: NewsNow - Hollywood South","61","61"
387,"Knows of","Emi","Gabriel's Grandmother","0","9: NewsNow - Hollywood South","61","61"
388,"Knows of","Emi","Gabriel's Cousin Joe","0","9: NewsNow - Hollywood South","61","61"
389,"Knows of","Emi","Pancho Villa","0","9: NewsNow - Hollywood South","61","61"
390,"Knows","Gabriel Balboa","Gabriel's Cousin Joe","1","9: NewsNow - Hollywood South","61","61"
391,"Knows","Rafaela Cortés","Sol","1","1: Midday - Not Too Far from Mazatlán","4","4"
392,"Knows","Rafaela Cortés","workers at Gabriel's house","1","1: Midday - Not Too Far from Mazatlán","5","5"
393,"Knows","Gabriel Balboa","workers at Gabriel's house","1","1: Midday - Not Too Far from Mazatlán","5","6"
394,"Knows","workers at Gabriel's house","Gabriel's Grandfather","1","1: Midday - Not Too Far from Mazatlán","5","5"
395,"Knows","Gabriel Balboa","Sol","1","1: Midday - Not Too Far from Mazatlán","6","6"
397,"Knows","Bobby Ngu","Sol","1","1: Midday - Not Too Far from Mazatlán","6","6"
398,"Knows","Doña Maria","Bobby Ngu","1","1: Midday - Not Too Far from Mazatlán","7","8"
399,"Knows","Rafaela's Mother","Rafaela's Father","1","1: Midday - Not Too Far from Mazatlán","8","8"
400,"Knows","Rafaela Cortés","Bobby Ngu","1","1: Midday - Not Too Far from Mazatlán","8","8"
401,"Knows","Doña Maria","Lupe","1","1: Midday - Not Too Far from Mazatlán","9","9"
402,"Knows","Rafaela Cortés","Lupe","1","1: Midday - Not Too Far from Mazatlán","9","9"
403,"Knows","Doña Maria","God","1","1: Midday - Not Too Far from Mazatlán","9","9"
404,"Knows","Rafaela Cortés","God","1","1: Midday - Not Too Far from Mazatlán","9","9"
405,"Knows","Rafaela Cortés","Gabriel Balboa","1","1: Midday - Not Too Far from Mazatlán","9","9"
406,"Knows","Doña Maria","Gabriel Balboa","1","1: Midday - Not Too Far from Mazatlán","9","9"
407,"Knows of","Rafaela Cortés","tourists","0","1: Midday - Not Too Far from Mazatlán","9","9"
408,"Knows of","Doña Maria","tourists","0","1: Midday - Not Too Far from Mazatlán","9","9"
409,"Knows of","Hernando (Dona Maria's son)","tourists","0","1: Midday - Not Too Far from Mazatlán","9","9"
410,"Knows of","Gabriel Balboa","tourists","0","1: Midday - Not Too Far from Mazatlán","9","9"
411,"Knows","Doña Maria","Doña Maria's Sister","1","1: Midday - Not Too Far from Mazatlán","9","9"
412,"Knows","Rafaela Cortés","Doña Maria's Sister","1","1: Midday - Not Too Far from Mazatlán","9","9"
413,"Knows","Rafaela Cortés","Bobby Ngu","1","1: Midday - Not Too Far from Mazatlán","10","10"
414,"Exchange","Gabriel Balboa","Rafaela Cortés","1","1: Midday - Not Too Far from Mazatlán","10","10"
415,"Knows","Gabriel Balboa","Rafaela Cortés","1","1: Midday - Not Too Far from Mazatlán","11","12"
417,"Knows","Rafaela Cortés","Gabriel Balboa","1","1: Midday - Not Too Far from Mazatlán","13","13"
418,"Knows of","Gabriel Balboa","L.C. Tibbets","0","1: Midday - Not Too Far from Mazatlán","11","11"
419,"Exchange","Rafaela Cortés","Doña Maria","1","1: Midday - Not Too Far from Mazatlán","11","11"
420,"Knows","Bobby Ngu","sanitary workers","1","2: Benefits - Koreatown","14","14"
421,"Knows","Car Jacker","sanitary workers","1","2: Benefits - Koreatown","14","14"
422,"Knows","Bobby Ngu","police","1","2: Benefits - Koreatown","14","14"
423,"Knows","Bobby Ngu","crowd","1","2: Benefits - Koreatown","14","14"
424,"Knows","Car Jacker","police","1","2: Benefits - Koreatown","14","14"
425,"Knows","Car Jacker","crowd","1","2: Benefits - Koreatown","14","14"
426,"Knows","Bobby's Brother","Bobby's Father","1","2: Benefits - Koreatown","15","15"
427,"Knows","Bobby's Father","Bobby's Mother","1","2: Benefits - Koreatown","15","15"
428,"Knows","Bobby's Brother","Bobby's Mother","1","2: Benefits - Koreatown","15","15"
429,"Knows","Refugees","Refugee Camp Guards","1","2: Benefits - Koreatown","15","16"
430,"Knows","Bobby's Brother","Refugees","1","2: Benefits - Koreatown","15","16"
431,"Knows","Bobby Ngu","Car Jacker","1","2: Benefits - Koreatown","16","16"
433,"Knows","Bobby Ngu","Bobby's Mother","1","2: Benefits - Koreatown","17","18"
434,"Knows","Bobby's Father","Bobby's Sister 1","1","2: Benefits - Koreatown","16","16"
435,"Knows","Bobby's Father","Bobby's Sister 2","1","2: Benefits - Koreatown","16","16"
436,"Knows","Bobby's Brother","Bobby's Sister 2","1","2: Benefits - Koreatown","16","16"
437,"Exchange","Bobby Ngu","nighttime guard","1","2: Benefits - Koreatown","16","16"
438,"Knows","Bobby's Father","Bobby's Sister 1","1","2: Benefits - Koreatown","17","18"
439,"Knows","Bobby's Father","Bobby's Sister 2","1","2: Benefits - Koreatown","17","18"
440,"Knows","Bobby's Brother","Bobby's Sister 1","1","2: Benefits - Koreatown","17","17"
441,"Knows","Bobby's Brother","Bobby's Sister 1","1","2: Benefits - Koreatown","17","18"
442,"Knows","Bobby's Brother","Bobby's Sister 2","1","2: Benefits - Koreatown","17","18"
444,"Knows","Bobby Ngu","Bobby's Sister 2","1","2: Benefits - Koreatown","16","18"
445,"Knows","Bobby Ngu","Bobby's Mother","1","2: Benefits - Koreatown","17","18"
447,"Knows","Bobby Ngu","Rafaela Cortés","1","2: Benefits - Koreatown","18","18"
448,"Knows","Rafaela Cortés","Sol","1","1: Midday - Not Too Far from Mazatlán","12","12"
449,"Exchange","Rafaela Cortés","Sol","1","1: Midday - Not Too Far from Mazatlán","13","17"
450,"Knows of","Emi","Diners","1","3: Weather Report - Westside","18","21"
451,"Knows of","Gabriel Balboa","Diners","1","3: Weather Report - Westside","18","21"
452,"Knows of","Emi","Bogie","0","3: Weather Report - Westside","20","20"
453,"Knows of","Gabriel Balboa","Bogie","0","3: Weather Report - Westside","20","20"
454,"Knows of","Emi","Sponsor","0","3: Weather Report - Westside","20","20"
455,"Knows of","Gabriel Balboa","Sponsor","0","3: Weather Report - Westside","20","20"
456,"Knows","Emi","Emi's technicians","1","3: Weather Report - Westside","20","20"
457,"Knows of","Gabriel Balboa","Emi's technicians","0","3: Weather Report - Westside","20","20"
460,"Knows","Emi","Emi's Siblings","1","3: Weather Report - Westside","21","21"
461,"Knows","Emi's Mother","Emi's Siblings","1","3: Weather Report - Westside","21","21"
462,"Knows of","Gabriel Balboa","Chef","0","3: Weather Report - Westside","22","22"
463,"Knows","Emi","Chef","1","3: Weather Report - Westside","22","22"
464,"Exchange","Gabriel Balboa","Rafaela Cortés","1","3: Weather Report - Westside","23","23"
465,"Knows of","Emi","Rafaela Cortés","1","3: Weather Report - Westside","23","23"
466,"Exchange","Emi","person on the phone","1","3: Weather Report - Westside","24","24"
467,"Knows of","Gabriel Balboa","person on the phone","0","3: Weather Report - Westside","24","24"
468,"Knows of","Emi","Waiters","1","3: Weather Report - Westside","24","24"
469,"Knows of","Gabriel Balboa","Waiters","1","3: Weather Report - Westside","24","24"
470,"Exchange","Rafaela Cortés","Rodriguez","1","10: Morning - En México","63","64"
471,"Knows","Rafaela Cortés","Bobby Ngu","1","10: Morning - En México","64","64"
472,"Knows","Doña Maria","Lupe","1","10: Morning - En México","64","64"
473,"Knows","Rafaela Cortés","Lupe","1","10: Morning - En México","64","64"
474,"Knows","Doña Maria","Rodriguez","1","10: Morning - En México","64","64"
475,"Exchange","Rafaela Cortés","Bobby Ngu","1","10: Morning - En México","65","65"
476,"Knows","Rafaela Cortés","Sol","1","10: Morning - En México","65","65"
477,"Knows","Doña Maria","Sol","1","10: Morning - En México","65","65"
478,"Knows of","Rafaela Cortés","Frida Kahlo","0","10: Morning - En México","65","65"
479,"Knows of","Rafaela Cortés","Van Gogh","0","10: Morning - En México","65","65"
480,"Knows of","Rafaela Cortés","Picasso","0","10: Morning - En México","65","65"
481,"Knows of","Doña Maria","Frida Kahlo","0","10: Morning - En México","65","65"
482,"Knows of","Doña Maria","Picasso","0","10: Morning - En México","65","65"
483,"Knows of","Doña Maria","Van Gogh","0","10: Morning - En México","65","65"
484,"Knows of","Rafaela Cortés","Quetzalcoatl","0","10: Morning - En México","65","65"
485,"Knows of","Doña Maria","Quetzalcoatl","0","10: Morning - En México","65","65"
486,"Knows","Rafaela Cortés","Gabriel Balboa","1","10: Morning - En México","65","65"
487,"Knows","Doña Maria","Gabriel Balboa","0","10: Morning - En México","65","65"
488,"Knows of","Rafaela Cortés","Louis XIV","0","10: Morning - En México","65","65"
489,"Knows of","Doña Maria","Louis XIV","0","10: Morning - En México","65","65"
490,"Knows","Doña Maria","Gabriel Balboa's friends","1","10: Morning - En México","66","66"
491,"Knows","Doña Maria","Emi","1","10: Morning - En México","66","66"
492,"Knows of","Rafaela Cortés","Gabriel Balboa's friends","0","10: Morning - En México","66","66"
493,"Knows of","Rafaela Cortés","Emi","1","10: Morning - En México","66","66"
494,"Knows","Doña Maria","Rodriguez","1","10: Morning - En México","66","66"
495,"Knows","Rafaela Cortés","Rodriguez","1","10: Morning - En México","66","66"
496,"Exchange","Doña Maria","Rafaela Cortés","1","10: Morning - En México","64","67"
497,"Exchange","Doña Maria","Rafaela Cortés","1","1: Midday - Not Too Far from Mazatlán","7","9"
498,"Exchange","Doña Maria","Sol","1","1: Midday - Not Too Far from Mazatlán","7","7"
499,"Exchange","Doña Maria","Sol","1","10: Morning - En México","67","67"
500,"Knows","Doña Maria","Gabriel Balboa","1","10: Morning - En México","67","67"
501,"Knows","Doña Maria","Hernando (Dona Maria's son)","1","10: Morning - En México","67","67"
502,"Knows of","Rafaela Cortés","Hernando (Dona Maria's son)","0","10: Morning - En México","67","67"
503,"Knows of","Doña Maria","Satellite Dish men","0","10: Morning - En México","67","67"
504,"Knows of","Rafaela Cortés","Satellite Dish men","0","10: Morning - En México","67","67"
505,"Knows of","Sol","Hernando (Dona Maria's son)","0","10: Morning - En México","67","67"
506,"Knows of","Sol","Satellite Dish men","0","10: Morning - En México","67","67"
507,"Knows","Rafaela Cortés","Gabriel Balboa","1","10: Morning - En México","67","67"
508,"Exchange","Rafaela Cortés","Sol","1","10: Morning - En México","67","68"
509,"Knows","Rafaela Cortés","Rodriguez","1","10: Morning - En México","68","68"
510,"Knows","Rafaela Cortés","Doña Maria","1","10: Morning - En México","68","68"
511,"Knows","Rafaela Cortés","Gabriel Balboa","1","10: Morning - En México","68","68"
512,"Knows of","Hotel Manager","Gabriel Balboa","0","10: Morning - En México","68","68"
513,"Exchange","Rafaela Cortés","Hotel Manager","1","10: Morning - En México","68","69"
514,"Knows","Rafaela Cortés","Rodriguez","1","10: Morning - En México","69","69"
515,"Exchange","Rafaela Cortés","Sol","1","10: Morning - En México","69","70"
516,"Knows","Rafaela Cortés","Rodriguez","1","10: Morning - En México","70","70"
517,"Knows of","Xiayue","Bobby's Father","0","12: Car Payment Due - Tijuana via Singapore","76","76"
518,"Knows of","Xiayue","Bobby's Mother","0","12: Car Payment Due - Tijuana via Singapore","76","76"
519,"Knows","Bobby Ngu","Bobby's grandfather","0","12: Car Payment Due - Tijuana via Singapore","76","76"
520,"Knows of","Xiayue","Bobby's uncles","0","12: Car Payment Due - Tijuana via Singapore","76","76"
521,"Knows","Bobby Ngu","Bobby's Father","1","12: Car Payment Due - Tijuana via Singapore","76","76"
522,"Knows","Bobby Ngu","Bobby's Mother","1","12: Car Payment Due - Tijuana via Singapore","76","76"
523,"Knows","Bobby Ngu","Bobby's uncles","1","12: Car Payment Due - Tijuana via Singapore","76","76"
524,"Knows of","Bobby Ngu","Xiayue","1","12: Car Payment Due - Tijuana via Singapore","76","76"
525,"Knows of","Xiayue","Bobby Ngu","1","12: Car Payment Due - Tijuana via Singapore","76","76"
526,"Knows","Xiayue","smugglers","1","12: Car Payment Due - Tijuana via Singapore","76","76"
527,"Knows of","Bobby Ngu","smugglers","1","12: Car Payment Due - Tijuana via Singapore","76","76"
528,"Knows","Bobby Ngu","Rafaela Cortés","1","12: Car Payment Due - Tijuana via Singapore","76","76"
529,"Knows","Bobby Ngu","Sol","1","12: Car Payment Due - Tijuana via Singapore","76","76"
530,"Knows","Bobby Ngu","Pepe Cortés","1","12: Car Payment Due - Tijuana via Singapore","76","76"
531,"Knows","Pepe Cortés","Rafaela Cortés","1","12: Car Payment Due - Tijuana via Singapore","76","76"
532,"Exchange","Bobby Ngu","Pepe Cortés","1","12: Car Payment Due - Tijuana via Singapore","77","77"
533,"Knows","Bobby Ngu","Rafaela Cortés","1","12: Car Payment Due - Tijuana via Singapore","77","77"
534,"Knows","Pepe Cortés","Rafaela Cortés","1","12: Car Payment Due - Tijuana via Singapore","77","77"
535,"Knows","Pepe Cortés","People from Tijuana","1","12: Car Payment Due - Tijuana via Singapore","77","77"
536,"Exchange","Bobby Ngu","People from Tijuana","1","12: Car Payment Due - Tijuana via Singapore","77","77"
537,"Knows","Bobby Ngu","Pepe Cortés","1","12: Car Payment Due - Tijuana via Singapore","78","78"
538,"Knows","Bobby Ngu","Rafaela Cortés","1","12: Car Payment Due - Tijuana via Singapore","78","78"
539,"Knows of","Bobby Ngu","Xiayue","1","12: Car Payment Due - Tijuana via Singapore","78","78"
540,"Knows","Bobby Ngu","immigration lawyer","1","12: Car Payment Due - Tijuana via Singapore","78","78"
541,"Knows","Bobby Ngu","Rafaela's smugglers","1","12: Car Payment Due - Tijuana via Singapore","78","78"
542,"Knows","Rafaela Cortés","immigration lawyer","1","12: Car Payment Due - Tijuana via Singapore","78","78"
543,"Knows","Rafaela Cortés","Rafaela's smugglers","1","12: Car Payment Due - Tijuana via Singapore","78","78"
544,"Knows","Bobby Ngu","Sol","1","12: Car Payment Due - Tijuana via Singapore","78","78"
545,"Exchange","Bobby Ngu","Pepe Cortés","1","12: Car Payment Due - Tijuana via Singapore","78","78"
546,"Exchange","Bobby Ngu","Celia Oh","1","12: Car Payment Due - Tijuana via Singapore","78","79"
547,"Knows","Celia Oh","Rafaela Cortés","1","12: Car Payment Due - Tijuana via Singapore","78","79"
548,"Knows","Celia Oh","Sol","1","12: Car Payment Due - Tijuana via Singapore","78","78"
549,"Knows","Celia Oh","Celia Oh's Mother","1","12: Car Payment Due - Tijuana via Singapore","78","78"
550,"Knows of","Bobby Ngu","Celia Oh's Mother","0","12: Car Payment Due - Tijuana via Singapore","78","78"
551,"Knows","Celia Oh","Unnamed baby","1","12: Car Payment Due - Tijuana via Singapore","78","78"
552,"Knows","Celia Oh's Mother","Unnamed baby","1","12: Car Payment Due - Tijuana via Singapore","78","78"
553,"Knows of","Bobby Ngu","Unnamed baby","0","12: Car Payment Due - Tijuana via Singapore","78","78"
554,"Knows of","Bobby Ngu","Celia Oh's Father","0","12: Car Payment Due - Tijuana via Singapore","78","78"
555,"Knows","Bobby Ngu","Celia Oh's Brother","1","12: Car Payment Due - Tijuana via Singapore","78","78"
556,"Knows","Celia Oh","Celia Oh's Father","1","12: Car Payment Due - Tijuana via Singapore","78","78"
557,"Knows","Celia Oh","Celia Oh's Brother","1","12: Car Payment Due - Tijuana via Singapore","78","78"
559,"Exchange","Bobby Ngu","Rafaela Cortés","1","12: Car Payment Due - Tijuana via Singapore","79","80"
560,"Exchange","Bobby Ngu","Worker on the phone","1","12: Car Payment Due - Tijuana via Singapore","79","79"
561,"Knows","Bobby Ngu","Bobby's Brother","1","12: Car Payment Due - Tijuana via Singapore","79","80"
562,"Exchange","Bobby Ngu","v Boys","1","12: Car Payment Due - Tijuana via Singapore","79","80"
563,"Knows","Bobby Ngu","Bobby's Homies","1","12: Car Payment Due - Tijuana via Singapore","80","80"
564,"Knows","Bobby Ngu","Sol","1","12: Car Payment Due - Tijuana via Singapore","80","80"
565,"Knows of","Buzzworm","Mike Davis (Quartz City / City of Quartz)","0","13: Oldies - This Old Hood","80","80"
566,"Knows of","Gabriel Balboa","Mike Davis (Quartz City / City of Quartz)","0","13: Oldies - This Old Hood","80","80"
567,"Knows","Buzzworm","Gabriel Balboa","1","13: Oldies - This Old Hood","80","80"
568,"Knows of","Buzzworm","George Bush","0","13: Oldies - This Old Hood","81","81"
569,"Knows","Buzzworm","Buzzworm's Grandmother","1","13: Oldies - This Old Hood","81","81"
570,"Knows of","Buzzworm","Debbi Fields (Mrs. Fields)","0","13: Oldies - This Old Hood","82","82"
571,"Knows of","Buzzworm","Dorothy Buffum Chandler","0","13: Oldies - This Old Hood","82","82"
572,"Knows of","Buzzworm","Yonetaro Otani","0","13: Oldies - This Old Hood","82","82"
573,"Knows of","Buzzworm","Mexican Rancheros","0","13: Oldies - This Old Hood","82","82"
574,"Knows of","Buzzworm","Chumash People","0","13: Oldies - This Old Hood","82","82"
575,"Knows of","Buzzworm","Tongva (Yaanga) People","0","13: Oldies - This Old Hood","82","82"
576,"Knows","Buzzworm","Buzzworm's Grandmother","1","13: Oldies - This Old Hood","82","82"
577,"Knows of","Buzzworm","City Bureaucrats","0","13: Oldies - This Old Hood","82","82"
578,"Knows of","Buzzworm","Woman at Neighbourhood meeting","0","13: Oldies - This Old Hood","82","82"
579,"Knows of","Buzzworm","City Bureaucrats","0","13: Oldies - This Old Hood","83","83"
580,"Knows of","Buzzworm","Woman at Neighbourhood meeting","0","13: Oldies - This Old Hood","83","83"
581,"Exchange","Woman at Neighbourhood meeting","City Bureaucrats","1","13: Oldies - This Old Hood","82","83"
582,"Knows of","Buzzworm","""People in the way""","0","13: Oldies - This Old Hood","82","82"
583,"Knows","City Bureaucrats","""People in the way""","0","13: Oldies - This Old Hood","82","82"
584,"Knows of","Woman at Neighbourhood meeting","""People in the way""","0","13: Oldies - This Old Hood","82","82"
585,"Knows","Buzzworm","Unnamed members of L.A. Underclass","1","13: Oldies - This Old Hood","83","83"
586,"Knows of","City Bureaucrats","Unnamed members of L.A. Underclass","0","13: Oldies - This Old Hood","83","83"
587,"Knows of","Woman at Neighbourhood meeting","Unnamed members of L.A. Underclass","0","13: Oldies - This Old Hood","83","83"
588,"Exchange","Buzzworm","Unnamed members of L.A. Underclass","1","13: Oldies - This Old Hood","84","84"
589,"Exchange","Buzzworm","Margarita","1","13: Oldies - This Old Hood","84","85"
590,"Knows of","Buzzworm","Margarita's Boys","0","13: Oldies - This Old Hood","84","84"
591,"Knows of","Buzzworm","MS-13 (Mara Salvatrucha)","0","13: Oldies - This Old Hood","84","84"
592,"Knows","Margarita","Margarita's Boys","1","13: Oldies - This Old Hood","84","84"
593,"Knows of","Buzzworm","Aretha Franklin","0","13: Oldies - This Old Hood","84","84"
594,"Knows of","Buzzworm","Mariachi los Camperos de Nati Cano","0","13: Oldies - This Old Hood","84","84"
595,"Knows of","Margarita","Aretha Franklin","0","13: Oldies - This Old Hood","84","84"
596,"Knows of","Margarita","Mariachi los Camperos de Nati Cano","0","13: Oldies - This Old Hood","84","84"
597,"Exchange","Buzzworm","The kid who survived / dies","1","13: Oldies - This Old Hood","85","86"
598,"Knows of","Buzzworm","Previous watch-owner","0","13: Oldies - This Old Hood","86","86"
599,"Knows of","The kid who survived / dies","Previous watch-owner","0","13: Oldies - This Old Hood","86","86"
600,"Knows of","Buzzworm","Muhammad Ali","0","13: Oldies - This Old Hood","86","86"
601,"Knows of","The kid who survived / dies","Muhammad Ali","0","13: Oldies - This Old Hood","86","86"
602,"Knows of","Bobby Ngu","The Snakehead","1","15: Second Mortgage - Chinatown","97","97"
603,"Knows of","Bobby Ngu","Xiayue","1","15: Second Mortgage - Chinatown","97","97"
604,"Knows of","Bobby Ngu","Bobby's Family (abstract)","1","15: Second Mortgage - Chinatown","97","97"
605,"Knows","Bobby Ngu","Rafaela Cortés","1","15: Second Mortgage - Chinatown","97","97"
606,"Knows","Bobby Ngu","Sol","1","15: Second Mortgage - Chinatown","97","98"
607,"Knows","Bobby Ngu","Rafaela Cortés","1","15: Second Mortgage - Chinatown","98","98"
609,"Knows of","Bobby Ngu","The boys in Singapore","0","15: Second Mortgage - Chinatown","98","98"
610,"Knows of","Bobby Ngu","Asian dude in the poster","0","15: Second Mortgage - Chinatown","98","98"
611,"Knows of","Bobby Ngu","Asian beauties in the poster","0","15: Second Mortgage - Chinatown","98","98"
612,"Knows of","Bobby Ngu","Chow Yun-Fat","0","15: Second Mortgage - Chinatown","98","98"
613,"Exchange","Bobby Ngu","The Snakehead","1","15: Second Mortgage - Chinatown","99","101"
614,"Knows","The Snakehead","Xiayue","1","15: Second Mortgage - Chinatown","99","100"
615,"Knows of","Bobby Ngu","Xiayue","1","15: Second Mortgage - Chinatown","99","101"
616,"Knows","Bobby Ngu","Bobby's Family (abstract)","1","15: Second Mortgage - Chinatown","99","99"
617,"Knows of","Bobby Ngu","Xiayue's Brother","1","15: Second Mortgage - Chinatown","99","100"
618,"Knows of","The Snakehead","Xiayue's Brother","0","15: Second Mortgage - Chinatown","99","100"
619,"Knows","Bobby Ngu","Bobby's Sister 1","1","15: Second Mortgage - Chinatown","99","99"
620,"Knows","Bobby Ngu","Bobby's Nephews and Nieces","1","15: Second Mortgage - Chinatown","99","99"
621,"Knows of","The Snakehead","Bobby's Sister 1","0","15: Second Mortgage - Chinatown","99","99"
626,"Knows","Bobby Ngu","Bobby's Father","1","15: Second Mortgage - Chinatown","100","100"
627,"Knows","Bobby's Father","Xiayue","1","15: Second Mortgage - Chinatown","100","100"
628,"Knows","Bobby's Father","Xiayue's Brother","1","15: Second Mortgage - Chinatown","100","100"
629,"Knows","Bobby Ngu","Rafaela Cortés","1","15: Second Mortgage - Chinatown","101","101"
630,"Knows","Bobby Ngu","Bobby's Sister 1","1","15: Second Mortgage - Chinatown","101","101"
632,"Knows of","Manzanar Murakami","Driver of red Porsche","0","8: Rideshare - Downtown Interchange","55","55"
633,"Knows of","Manzanar Murakami","Passenger in red Porsche","0","8: Rideshare - Downtown Interchange","55","55"
634,"Exchange","Driver of red Porsche","Passenger in red Porsche","1","8: Rideshare - Downtown Interchange","55","55"
635,"Knows of","Manzanar Murakami","semi truck driver","0","8: Rideshare - Downtown Interchange","55","55"
636,"Knows of","semi truck driver","people in car jam","1","8: Rideshare - Downtown Interchange","55","55"
637,"Knows of","Manzanar Murakami","people in car jam","0","8: Rideshare - Downtown Interchange","55","55"
638,"Knows","Manzanar Murakami","surgical resident","1","8: Rideshare - Downtown Interchange","56","56"
639,"Knows","Manzanar Murakami","surgery patient","1","8: Rideshare - Downtown Interchange","56","56"
640,"Knows","surgical resident","surgery patient","1","8: Rideshare - Downtown Interchange","56","56"
641,"Knows","Manzanar Murakami","Unnamed members of L.A. Underclass","1","8: Rideshare - Downtown Interchange","56","56"
642,"Knows of","Arcangel/El Gran Mojado","woman in dream","0","11: To Wash - On The Tropic","71","71"
643,"Knows","woman in dream","The Orange","1","11: To Wash - On The Tropic","71","71"
644,"Knows","Arcangel/El Gran Mojado","The Orange","1","11: To Wash - On The Tropic","71","71"
645,"Knows of","Arcangel/El Gran Mojado","people in car jam","0","11: To Wash - On The Tropic","72","72"
646,"Exchange","occupants of houses","Arcangel/El Gran Mojado","1","11: To Wash - On The Tropic","72","72"
647,"Exchange","occupants of houses","people in car jam","1","11: To Wash - On The Tropic","72","72"
648,"Knows of","people in car jam","man with stalled truck","1","11: To Wash - On The Tropic","72","72"
649,"Exchange","Arcangel/El Gran Mojado","man with stalled truck","0","11: To Wash - On The Tropic","72","72"
650,"Exchange","merchants","man with stalled truck","1","11: To Wash - On The Tropic","72","72"
651,"Exchange","Arcangel/El Gran Mojado","people in car jam","1","11: To Wash - On The Tropic","73","73"
652,"Exchange","Arcangel/El Gran Mojado","young boy","1","11: To Wash - On The Tropic","73","73"
653,"Exchange","someone","Arcangel/El Gran Mojado","1","11: To Wash - On The Tropic","74","74"
654,"Knows","Arcangel/El Gran Mojado","people in car jam","1","11: To Wash - On The Tropic","74","75"
655,"Exchange","Arcangel/El Gran Mojado","woman in dream","1","11: To Wash - On The Tropic","75","75"
656,"Knows","woman in dream","The Orange","1","11: To Wash - On The Tropic","75","75"
657,"Knows","Arcangel/El Gran Mojado","The Orange","1","11: To Wash - On The Tropic","75","75"
658,"Knows of","Gabriel Balboa","wave of Koreans","0","14: Budgets - Skirting Downtown","86","86"
659,"Knows of","Gabriel Balboa","American tourists","0","14: Budgets - Skirting Downtown","86","86"
660,"Exchange","Gabriel Balboa","Buzzworm","1","14: Budgets - Skirting Downtown","87","87"
661,"Knows of","Buzzworm","Corazon Juarez","0","14: Budgets - Skirting Downtown","87","87"
662,"Exchange","Gabriel Balboa","airport anouncer","1","14: Budgets - Skirting Downtown","87","87"
663,"Exchange","airport anouncer","Corazon Juarez","1","14: Budgets - Skirting Downtown","87","87"
664,"Exchange","Corazon Juarez","man with briefcase","1","14: Budgets - Skirting Downtown","87","87"
665,"Exchange","Gabriel Balboa","Corazon Juarez","1","14: Budgets - Skirting Downtown","87","87"
666,"Knows","Corazon Juarez","Corazon Juárez's child","1","14: Budgets - Skirting Downtown","87","89"
667,"Exchange","Gabriel Balboa","Emi","1","14: Budgets - Skirting Downtown","87","91"
668,"Knows","Emi","Astor Piazzolla","0","14: Budgets - Skirting Downtown","87","87"
669,"Knows of","Emi","Corazon Juarez","0","14: Budgets - Skirting Downtown","87","88"
670,"Knows of","Emi","Corazon Juárez's child","0","14: Budgets - Skirting Downtown","87","88"
671,"Knows of","Emi","taxi driver","0","14: Budgets - Skirting Downtown","87","88"
672,"Knows","taxi driver","Corazon Juarez","1","14: Budgets - Skirting Downtown","87","88"
673,"Knows","taxi driver","Corazon Juárez's child","1","14: Budgets - Skirting Downtown","87","88"
674,"Exchange","hospital aide","Corazon Juarez","1","14: Budgets - Skirting Downtown","89","89"
675,"Knows","hospital aide","Corazon Juárez's child","1","14: Budgets - Skirting Downtown","89","89"
676,"Exchange","Gabriel Balboa","hospital aide","1","14: Budgets - Skirting Downtown","89","89"
677,"Exchange","Gabriel Balboa","nurse at station","1","14: Budgets - Skirting Downtown","89","89"
678,"Exchange","Emi","""a CHP""","1","14: Budgets - Skirting Downtown","89","89"
679,"Exchange","Gabriel Balboa","""a CHP""","1","14: Budgets - Skirting Downtown","89","89"
680,"Knows of","Buzzworm","Malcolm X","0","16: LA X - Margarita's Corner","102","102"
681,"Knows of","Buzzworm","Shaquille O'Neal","0","16: LA X - Margarita's Corner","102","102"
682,"Knows","Buzzworm","Margarita","1","16: LA X - Margarita's Corner","102","102"
683,"Knows of","Buzzworm","Boyz 2 Men","0","16: LA X - Margarita's Corner","102","102"
684,"Knows of","Buzzworm","Snoop Dogg","0","16: LA X - Margarita's Corner","102","102"
685,"Knows of","Buzzworm","Kid Frost","0","16: LA X - Margarita's Corner","102","102"
686,"Knows of","Buzzworm","MC Hammer","0","16: LA X - Margarita's Corner","102","102"
687,"Exchange","Buzzworm","Unnamed members of L.A. Underclass","0","16: LA X - Margarita's Corner","103","103"
688,"Knows of","Buzzworm","Count Basie","0","16: LA X - Margarita's Corner","103","103"
689,"Knows of","Buzzworm","Duke Ellington","0","16: LA X - Margarita's Corner","103","103"
690,"Knows of","Buzzworm","Charlie Parker","0","16: LA X - Margarita's Corner","103","103"
691,"Knows of","Buzzworm","Fats Domino","0","16: LA X - Margarita's Corner","103","103"
692,"Knows of","Buzzworm","Ray Charles","0","16: LA X - Margarita's Corner","103","103"
693,"Knows","Buzzworm","The kid who survived / dies","0","16: LA X - Margarita's Corner","103","103"
694,"Exchange","Buzzworm","coroner","1","16: LA X - Margarita's Corner","104","104"
695,"Exchange","Buzzworm","Mother of the dead boy","1","16: LA X - Margarita's Corner","104","104"
696,"Knows of","Buzzworm","The dead boy's brother","0","16: LA X - Margarita's Corner","104","104"
697,"Knows","Mother of the dead boy","The dead boy's brother","0","16: LA X - Margarita's Corner","104","104"
698,"Knows","Mother of the dead boy","coroner","1","16: LA X - Margarita's Corner","104","104"
699,"Knows","Buzzworm","Reclaim Our Children","1","16: LA X - Margarita's Corner","104","104"
700,"Knows of","Mother of the dead boy","Reclaim Our Children","0","16: LA X - Margarita's Corner","104","104"
701,"Exchange","Buzzworm","The Dead Boy's Crew","1","16: LA X - Margarita's Corner","104","105"
702,"Knows of","Buzzworm","LAPD","0","16: LA X - Margarita's Corner","105","105"
703,"Knows of","The Dead Boy's Crew","LAPD","0","16: LA X - Margarita's Corner","105","105"
704,"Knows of","Buzzworm","Beethoven","0","16: LA X - Margarita's Corner","106","106"
705,"Knows of","Buzzworm","Beethoven","0","16: LA X - Margarita's Corner","105","105"
706,"Knows of","Walkman Kid","Beethoven","0","16: LA X - Margarita's Corner","105","105"
707,"Knows of","Walkman Kid","Beethoven","0","16: LA X - Margarita's Corner","106","106"
708,"Knows","Buzzworm","Margarita","0","16: LA X - Margarita's Corner","106","106"
709,"Knows","Buzzworm","Margarita's Eldest","1","16: LA X - Margarita's Corner","106","106"
710,"Knows","Buzzworm","Margarita's Family","1","16: LA X - Margarita's Corner","106","106"
711,"Knows","Buzzworm","Margarita's Eldest","1","16: LA X - Margarita's Corner","107","107"
712,"Knows","Buzzworm","Margarita","0","16: LA X - Margarita's Corner","107","107"
713,"Exchange","Margarita's Family","Margarita","0","16: LA X - Margarita's Corner","106","106"
714,"Knows","Margarita's Eldest","Margarita","0","16: LA X - Margarita's Corner","106","106"
715,"Knows","Margarita's Eldest","Margarita","0","16: LA X - Margarita's Corner","107","107"
716,"Knows of","Buzzworm","Aretha Franklin","0","16: LA X - Margarita's Corner","107","107"
717,"Knows of","Buzzworm","Radio Listener","0","16: LA X - Margarita's Corner","107","107"
718,"Exchange","Rafaela Cortés","Sol","1","18: Daylight - The Cornfield","114","114"
719,"Knows","Rafaela Cortés","Doña Maria","1","18: Daylight - The Cornfield","114","114"
720,"Knows","Sol","Doña Maria","1","18: Daylight - The Cornfield","114","114"
721,"Knows","Rafaela Cortés","Rodriguez","1","18: Daylight - The Cornfield","115","115"
722,"Knows","Rafaela Cortés","Gabriel Balboa","1","18: Daylight - The Cornfield","115","115"
723,"Exchange","Rafaela Cortés","Sol","1","18: Daylight - The Cornfield","115","115"
724,"Knows","Rafaela Cortés","Bobby Ngu","1","18: Daylight - The Cornfield","115","115"
725,"Exchange","Doña Maria","Sol","1","18: Daylight - The Cornfield","116","117"
726,"Exchange","Rafaela Cortés","Doña Maria","1","18: Daylight - The Cornfield","115","117"
727,"Knows","Doña Maria","Hernando (Dona Maria's son)","1","18: Daylight - The Cornfield","115","115"
728,"Knows of","Rafaela Cortés","Hernando (Dona Maria's son)","1","18: Daylight - The Cornfield","115","115"
729,"Exchange","Rafaela Cortés","Sol","1","18: Daylight - The Cornfield","116","116"
730,"Knows","Rafaela Cortés","Hernando (Dona Maria's son)","1","18: Daylight - The Cornfield","116","116"
731,"Exchange","Hernando (Dona Maria's son)","person on the phone with Hernando","1","18: Daylight - The Cornfield","115","116"
732,"Knows of","Rafaela Cortés","person on the phone with Hernando","0","18: Daylight - The Cornfield","115","116"
733,"Knows of","Rafaela Cortés","Those Brazilians","0","18: Daylight - The Cornfield","116","116"
734,"Knows of","Hernando (Dona Maria's son)","Those Brazilians","0","18: Daylight - The Cornfield","116","116"
735,"Knows of","Doña Maria","person on the phone with Hernando","0","18: Daylight - The Cornfield","115","116"
736,"Knows of","Doña Maria","Those Brazilians","0","18: Daylight - The Cornfield","116","116"
737,"Knows","Rafaela Cortés","Bobby Ngu","1","18: Daylight - The Cornfield","116","116"
738,"Knows","Rafaela Cortés","Hernando (Dona Maria's son)","1","18: Daylight - The Cornfield","117","117"
739,"Knows","Doña Maria","Hernando (Dona Maria's son)","1","18: Daylight - The Cornfield","117","117"
740,"Knows","Rafaela Cortés","Lupe","1","18: Daylight - The Cornfield","117","117"
741,"Knows","Doña Maria","Lupe","1","18: Daylight - The Cornfield","117","117"
742,"Knows","Rafaela Cortés","Bobby Ngu","1","18: Daylight - The Cornfield","117","117"
743,"Exchange","Hernando (Dona Maria's son)","person on the phone with Hernando","1","18: Daylight - The Cornfield","117","118"
744,"Knows","Hernando (Dona Maria's son)","Sol","0","18: Daylight - The Cornfield","117","117"
745,"Knows of","person on the phone with Hernando","Sol","0","18: Daylight - The Cornfield","117","117"
746,"Knows of","Rafaela Cortés","person on the phone with Hernando","1","18: Daylight - The Cornfield","117","117"
747,"Knows","Hernando (Dona Maria's son)","Organ buyers","1","18: Daylight - The Cornfield","117","117"
748,"Knows of","person on the phone with Hernando","Organ buyers","0","18: Daylight - The Cornfield","117","117"
749,"Knows","Hernando (Dona Maria's son)","Organ buyers","1","18: Daylight - The Cornfield","118","118"
750,"Knows of","Hernando (Dona Maria's son)","Organ Traffickers","1","18: Daylight - The Cornfield","118","118"
751,"Knows of","person on the phone with Hernando","Organ buyers","0","18: Daylight - The Cornfield","118","118"
752,"Knows","person on the phone with Hernando","Organ Traffickers","1","18: Daylight - The Cornfield","118","118"
753,"Knows","person on the phone with Hernando","""The Doctor""","1","18: Daylight - The Cornfield","118","118"
754,"Knows of","Hernando (Dona Maria's son)","""The Doctor""","1","18: Daylight - The Cornfield","118","118"
755,"Exchange","Rafaela Cortés","Hernando (Dona Maria's son)","1","18: Daylight - The Cornfield","118","118"
756,"Knows","Rafaela Cortés","Sol","1","18: Daylight - The Cornfield","118","118"
757,"Knows of","Rafaela Cortés","person on the phone with Hernando","1","18: Daylight - The Cornfield","118","118"
758,"Knows","Hernando (Dona Maria's son)","Sol","0","18: Daylight - The Cornfield","118","118"
759,"Knows of","person on the phone with Hernando","Sol","0","18: Daylight - The Cornfield","118","118"
760,"Knows of","""The Doctor""","Sol","0","18: Daylight - The Cornfield","118","118"
761,"Knows","Rafaela Cortés","Sol","1","18: Daylight - The Cornfield","119","119"
762,"Knows","Rafaela Cortés","Doña Maria","1","18: Daylight - The Cornfield","119","119"
763,"Knows","Gabriel Balboa","Steven Maier","1","14: Budgets - Skirting Downtown","89","89"
764,"Knows of","Emi","semi truck driver","0","14: Budgets - Skirting Downtown","90","90"
765,"Knows of","Gabriel Balboa","semi truck driver","0","14: Budgets - Skirting Downtown","90","90"
766,"Knows of","Emi","Driver of red Porsche","0","14: Budgets - Skirting Downtown","90","90"
767,"Knows of","Gabriel Balboa","Driver of red Porsche","0","14: Budgets - Skirting Downtown","90","90"
768,"Knows of","Emi","Passenger in red Porsche","0","14: Budgets - Skirting Downtown","90","90"
769,"Knows of","Gabriel Balboa","Passenger in red Porsche","0","14: Budgets - Skirting Downtown","90","90"
770,"Knows","semi truck driver","Driver of red Porsche","1","14: Budgets - Skirting Downtown","90","90"
771,"Knows","semi truck driver","Passenger in red Porsche","1","14: Budgets - Skirting Downtown","90","90"
772,"Knows of","The NewsNow Van","Driver of red Porsche","0","14: Budgets - Skirting Downtown","90","90"
773,"Knows of","The NewsNow Van","Passenger in red Porsche","0","14: Budgets - Skirting Downtown","90","90"
774,"Knows of","The NewsNow Van","semi truck driver","0","14: Budgets - Skirting Downtown","90","90"
775,"Exchange","LAPD","people in car jam","1","14: Budgets - Skirting Downtown","90","90"
776,"Exchange","Emi","Corazon Juarez","1","14: Budgets - Skirting Downtown","90","90"
777,"Knows","Emi","Corazon Juárez's child","1","14: Budgets - Skirting Downtown","90","91"
778,"Knows","Emi","Corazon Juarez","1","14: Budgets - Skirting Downtown","91","91"
779,"Knows","Emi","Emi's sister","1","14: Budgets - Skirting Downtown","91","91"
780,"Knows","Emi","Emi's nibling(s)","1","14: Budgets - Skirting Downtown","91","91"
781,"Knows of","Gabriel Balboa","Emi's sister","0","14: Budgets - Skirting Downtown","91","91"
782,"Knows of","Gabriel Balboa","Emi's nibling(s)","0","14: Budgets - Skirting Downtown","91","91"
783,"Knows","Emi","taxi driver","1","14: Budgets - Skirting Downtown","91","91"
784,"Knows","Corazon Juarez","taxi driver","1","14: Budgets - Skirting Downtown","91","91"
785,"Knows","taxi driver","Corazon Juárez's child","1","14: Budgets - Skirting Downtown","91","91"
786,"Knows of","Emi","Mexican wet nurses","1","14: Budgets - Skirting Downtown","91","91"
787,"Exchange","Emi","bureaucrats in parking violations","1","14: Budgets - Skirting Downtown","91","91"
788,"Knows of","Gabriel Balboa","bureaucrats in parking violations","0","14: Budgets - Skirting Downtown","91","91"
789,"Exchange","Gabriel Balboa","Buzzworm","0","14: Budgets - Skirting Downtown","91","91"
790,"Exchange","Gabriel Balboa","Buzzworm","1","14: Budgets - Skirting Downtown","92","92"
791,"Knows of","Buzzworm","Corazon Juarez","0","14: Budgets - Skirting Downtown","92","92"
792,"Knows of","Buzzworm","Corazon Juárez's child","0","14: Budgets - Skirting Downtown","92","92"
793,"Knows","Buzzworm","Buzzworm's informant","1","14: Budgets - Skirting Downtown","92","92"
794,"Knows","Buzzworm","Manzanar Murakami","1","14: Budgets - Skirting Downtown","92","92"
795,"Knows","Buzzworm","Unnamed members of L.A. Underclass","0","14: Budgets - Skirting Downtown","92","92"
796,"Knows of","Buzzworm","jive radio show host","0","14: Budgets - Skirting Downtown","92","92"
797,"Knows of","Buzzworm","Nazis","0","14: Budgets - Skirting Downtown","92","92"
798,"Knows of","Buzzworm","Ted Hayes","0","14: Budgets - Skirting Downtown","92","92"
799,"Knows","Buzzworm","Rubén Salazar","1","14: Budgets - Skirting Downtown","92","92"
800,"Knows","Gabriel Balboa","Emi","1","14: Budgets - Skirting Downtown","92","93"
801,"Knows","Gabriel Balboa","Richard Iizuka","1","14: Budgets - Skirting Downtown","92","92"
802,"Knows of","Gabriel Balboa","Attorneys (93)","0","14: Budgets - Skirting Downtown","93","93"
803,"Knows of","Gabriel Balboa","Single fathers","0","14: Budgets - Skirting Downtown","93","93"
804,"Knows","Gabriel Balboa","Rafaela Cortés","1","14: Budgets - Skirting Downtown","93","93"
805,"Exchange","Buzzworm","Manzanar Murakami","1","17: The Interview - Manzanar","107","110"
806,"Exchange","Gabriel Balboa","Manzanar Murakami","1","17: The Interview - Manzanar","108","108"
807,"Exchange","Buzzworm","Gabriel Balboa","1","17: The Interview - Manzanar","108","108"
808,"Knows of","Gabriel Balboa","Unnamed members of L.A. Underclass","0","17: The Interview - Manzanar","108","108"
809,"Knows","Buzzworm","President of United States","0","17: The Interview - Manzanar","108","108"
810,"Knows","Buzzworm","Unnamed members of L.A. Underclass","0","17: The Interview - Manzanar","109","109"
811,"Knows","Manzanar Murakami","Unnamed members of L.A. Underclass","0","17: The Interview - Manzanar","109","109"
812,"Knows of","Buzzworm","the Russians","0","17: The Interview - Manzanar","109","109"
813,"Knows of","Bobby Ngu","Coyote(s)","0","12: Car Payment Due - Tijuana via Singapore","76","76"
814,"Knows of","Bobby Ngu","La Migra (Border patrol)","0","12: Car Payment Due - Tijuana via Singapore","76","76"
815,"Knows of","Pepe Cortés","Coyote(s)","0","12: Car Payment Due - Tijuana via Singapore","76","76"
816,"Exchange","Pepe Cortés","La Migra (Border patrol)","1","12: Car Payment Due - Tijuana via Singapore","76","76"
817,"Knows of","Buzzworm","""Colored People"" (Abstract)","0","13: Oldies - This Old Hood","81","81"
818,"Knows of","Buzzworm","Kids (abstract)","0","13: Oldies - This Old Hood","81","81"
819,"Knows of","Buzzworm","Taxpayers (abstract)","0","13: Oldies - This Old Hood","81","81"
820,"Knows of","Buzzworm","""Young couples with children""","0","13: Oldies - This Old Hood","81","81"
821,"Knows of","Buzzworm","""Some real estate person""","0","13: Oldies - This Old Hood","81","81"
822,"Knows of","Buzzworm","Crips","0","13: Oldies - This Old Hood","80","81"
823,"Knows of","Buzzworm","Bloods","0","13: Oldies - This Old Hood","81","81"
824,"Exchange","Emi","Gabriel Balboa","1","20: Disaster Movie Week - Hiro's Sushi","123","129"
825,"Knows of","Emi","John Hussong","0","20: Disaster Movie Week - Hiro's Sushi","123","123"
826,"Knows of","Gabriel Balboa","John Hussong","0","20: Disaster Movie Week - Hiro's Sushi","123","123"
827,"Knows of","Gabriel Balboa","Pasadena Tournament of Roses Association (Rose Par","0","20: Disaster Movie Week - Hiro's Sushi","124","124"
828,"Knows of","Emi","Pasadena Tournament of Roses Association (Rose Par","0","20: Disaster Movie Week - Hiro's Sushi","124","124"
829,"Knows of","Gabriel Balboa","Pasadena Señoras","0","20: Disaster Movie Week - Hiro's Sushi","124","124"
830,"Knows of","Emi","Pasadena Señoras","0","20: Disaster Movie Week - Hiro's Sushi","124","124"
831,"Knows of","Gabriel Balboa","Bill Welch","0","20: Disaster Movie Week - Hiro's Sushi","124","124"
832,"Knows of","Emi","Bill Welch","0","20: Disaster Movie Week - Hiro's Sushi","124","124"
833,"Exchange","Emi","Hiro (The Sushimaker)","1","20: Disaster Movie Week - Hiro's Sushi","124","124"
834,"Exchange","Gabriel Balboa","Hiro (The Sushimaker)","1","20: Disaster Movie Week - Hiro's Sushi","124","124"
835,"Exchange","Emi","A Green-type from Colorado","1","20: Disaster Movie Week - Hiro's Sushi","124","124"
836,"Knows of","Gabriel Balboa","A Green-type from Colorado","0","20: Disaster Movie Week - Hiro's Sushi","124","124"
837,"Knows of","Emi","Raymond Chandler","0","20: Disaster Movie Week - Hiro's Sushi","124","124"
838,"Knows of","Gabriel Balboa","Raymond Chandler","0","20: Disaster Movie Week - Hiro's Sushi","124","124"
839,"Knows of","Emi","Japanese American Gardeners","0","20: Disaster Movie Week - Hiro's Sushi","124","124"
840,"Knows of","Gabriel Balboa","Japanese American Gardeners","0","20: Disaster Movie Week - Hiro's Sushi","124","124"
841,"Knows of","Emi","Japanese Americans (Abstract)","0","20: Disaster Movie Week - Hiro's Sushi","124","124"
842,"Knows of","Gabriel Balboa","Japanese Americans (Abstract)","0","20: Disaster Movie Week - Hiro's Sushi","124","124"
843,"Knows","Emi","Emi's Father","1","20: Disaster Movie Week - Hiro's Sushi","124","124"
844,"Knows","Gabriel Balboa","Emi's Father","1","20: Disaster Movie Week - Hiro's Sushi","124","124"
845,"Knows of","Gabriel Balboa","Tom Ford (Black Orchid)","0","20: Disaster Movie Week - Hiro's Sushi","124","124"
846,"Knows","Emi","Emi's Mother","1","20: Disaster Movie Week - Hiro's Sushi","124","124"
847,"Knows","Gabriel Balboa","Emi's Mother","1","20: Disaster Movie Week - Hiro's Sushi","124","124"
848,"Exchange","Emi","Hiro (The Sushimaker)","1","20: Disaster Movie Week - Hiro's Sushi","125","125"
849,"Exchange","Gabriel Balboa","Hiro (The Sushimaker)","1","20: Disaster Movie Week - Hiro's Sushi","125","125"
850,"Knows of","Emi","Dead Firemen","0","20: Disaster Movie Week - Hiro's Sushi","125","125"
851,"Knows of","Gabriel Balboa","Dead Firemen","0","20: Disaster Movie Week - Hiro's Sushi","125","125"
852,"Knows of","Emi","Edward Dmytryk (Murder, My Sweet)","0","20: Disaster Movie Week - Hiro's Sushi","125","125"
853,"Knows of","Gabriel Balboa","Edward Dmytryk (Murder, My Sweet)","0","20: Disaster Movie Week - Hiro's Sushi","125","125"
854,"Knows of","Emi","The Three Tenors","0","20: Disaster Movie Week - Hiro's Sushi","125","125"
855,"Knows of","Gabriel Balboa","The Three Tenors","0","20: Disaster Movie Week - Hiro's Sushi","125","125"
856,"Knows of","Emi","Terry Murphy and Barry Nolan (Hard Copy)","0","20: Disaster Movie Week - Hiro's Sushi","125","125"
857,"Knows of","Gabriel Balboa","Terry Murphy and Barry Nolan (Hard Copy)","0","20: Disaster Movie Week - Hiro's Sushi","125","125"
858,"Knows of","Emi","The Station Chief","0","20: Disaster Movie Week - Hiro's Sushi","126","126"
859,"Knows of","Gabriel Balboa","The Station Chief","0","20: Disaster Movie Week - Hiro's Sushi","126","126"
860,"Knows of","Emi","People Below Emi","0","20: Disaster Movie Week - Hiro's Sushi","126","126"
861,"Knows of","Emi","Producers","0","20: Disaster Movie Week - Hiro's Sushi","126","126"
862,"Knows of","Gabriel Balboa","People Below Emi","0","20: Disaster Movie Week - Hiro's Sushi","126","126"
863,"Knows of","Gabriel Balboa","Producers","0","20: Disaster Movie Week - Hiro's Sushi","126","126"
864,"Knows of","Emi","Levis Strauss","0","20: Disaster Movie Week - Hiro's Sushi","126","126"
865,"Knows of","Gabriel Balboa","Levis Strauss","0","20: Disaster Movie Week - Hiro's Sushi","126","126"
866,"Knows of","Emi","Larry H. Parker","0","20: Disaster Movie Week - Hiro's Sushi","126","126"
867,"Knows of","Gabriel Balboa","Larry H. Parker","0","20: Disaster Movie Week - Hiro's Sushi","126","126"
868,"Knows of","Emi","The Pillsbury Doughboy","0","20: Disaster Movie Week - Hiro's Sushi","126","126"
869,"Knows of","Gabriel Balboa","The Pillsbury Doughboy","0","20: Disaster Movie Week - Hiro's Sushi","126","126"
870,"Knows of","Emi","Wally Amos (Famous Amos)","0","20: Disaster Movie Week - Hiro's Sushi","126","126"
871,"Knows of","Gabriel Balboa","Wally Amos (Famous Amos)","0","20: Disaster Movie Week - Hiro's Sushi","126","126"
872,"Knows of","Emi","Sushi Restaurant Clientele (Abstract)","0","20: Disaster Movie Week - Hiro's Sushi","127","127"
873,"Knows of","Gabriel Balboa","Sushi Restaurant Clientele (Abstract)","0","20: Disaster Movie Week - Hiro's Sushi","127","127"
874,"Knows of","Emi","Car Owners and Passengers (abstract)","0","20: Disaster Movie Week - Hiro's Sushi","127","127"
875,"Knows of","Gabriel Balboa","Car Owners and Passengers (abstract)","0","20: Disaster Movie Week - Hiro's Sushi","127","127"
876,"Knows","Emi","Quentin Tarantino","0","20: Disaster Movie Week - Hiro's Sushi","127","127"
877,"Knows","Emi","Uma Thurman","0","20: Disaster Movie Week - Hiro's Sushi","127","127"
878,"Knows of","Gabriel Balboa","Quentin Tarantino","0","20: Disaster Movie Week - Hiro's Sushi","127","127"
879,"Knows of","Gabriel Balboa","Uma Thurman","0","20: Disaster Movie Week - Hiro's Sushi","127","127"
880,"Knows of","Emi","""The gays at the end of the bar""","0","20: Disaster Movie Week - Hiro's Sushi","127","127"
881,"Knows of","Gabriel Balboa","""The gays at the end of the bar""","0","20: Disaster Movie Week - Hiro's Sushi","127","127"
882,"Knows of","Emi","""The guy with the turban""","0","20: Disaster Movie Week - Hiro's Sushi","127","127"
883,"Knows of","Gabriel Balboa","""The guy with the turban""","0","20: Disaster Movie Week - Hiro's Sushi","127","127"
884,"Knows of","Emi","Caucasian Japanophiles","0","20: Disaster Movie Week - Hiro's Sushi","127","127"
885,"Knows of","Gabriel Balboa","Caucasian Japanophiles","0","20: Disaster Movie Week - Hiro's Sushi","127","127"
886,"Knows","Emi","Hiro (The Sushimaker)","1","20: Disaster Movie Week - Hiro's Sushi","127","127"
887,"Knows","Gabriel Balboa","Hiro (The Sushimaker)","1","20: Disaster Movie Week - Hiro's Sushi","127","127"
888,"Knows of","Emi","White People at Hiro's Sushi","0","20: Disaster Movie Week - Hiro's Sushi","127","127"
889,"Knows of","Gabriel Balboa","White People at Hiro's Sushi","0","20: Disaster Movie Week - Hiro's Sushi","127","127"
890,"Exchange","Emi","Japanophile Woman","1","20: Disaster Movie Week - Hiro's Sushi","127","127"
891,"Knows","Gabriel Balboa","Japanophile Woman","1","20: Disaster Movie Week - Hiro's Sushi","127","127"
892,"Knows of","Emi","Chicana who looks Persian","0","20: Disaster Movie Week - Hiro's Sushi","127","128"
893,"Knows of","Gabriel Balboa","Chicana who looks Persian","0","20: Disaster Movie Week - Hiro's Sushi","127","128"
894,"Knows of","Emi","White guy who looks Cherokee/Navajo","0","20: Disaster Movie Week - Hiro's Sushi","127","128"
895,"Knows of","Gabriel Balboa","White guy who looks Cherokee/Navajo","0","20: Disaster Movie Week - Hiro's Sushi","127","128"
896,"Knows of","Emi","South African Couple","0","20: Disaster Movie Week - Hiro's Sushi","128","128"
897,"Knows of","Gabriel Balboa","South African Couple","0","20: Disaster Movie Week - Hiro's Sushi","128","128"
898,"Knows of","Emi","Ethnically Ambiguous woman","0","20: Disaster Movie Week - Hiro's Sushi","128","128"
899,"Knows of","Gabriel Balboa","Ethnically Ambiguous woman","0","20: Disaster Movie Week - Hiro's Sushi","128","128"
900,"Knows of","Emi","ethnically Ambiguous woman's hypothetical parents","0","20: Disaster Movie Week - Hiro's Sushi","128","128"
901,"Knows of","Gabriel Balboa","ethnically Ambiguous woman's hypothetical parents","0","20: Disaster Movie Week - Hiro's Sushi","128","128"
902,"Knows of","Emi","A white Guy wearing a Nirvana T-shirt and dreds","0","20: Disaster Movie Week - Hiro's Sushi","128","128"
903,"Knows of","Gabriel Balboa","A white Guy wearing a Nirvana T-shirt and dreds","0","20: Disaster Movie Week - Hiro's Sushi","128","128"
904,"Exchange","Emi","Hiro (The Sushimaker)","1","20: Disaster Movie Week - Hiro's Sushi","128","129"
905,"Knows","Gabriel Balboa","Hiro (The Sushimaker)","1","20: Disaster Movie Week - Hiro's Sushi","128","128"
906,"Exchange","Japanophile Woman","Hiro (The Sushimaker)","1","20: Disaster Movie Week - Hiro's Sushi","128","129"
907,"Exchange","Emi","Japanophile Woman","1","20: Disaster Movie Week - Hiro's Sushi","128","129"
908,"Exchange","Gabriel Balboa","Hiro (The Sushimaker)","1","20: Disaster Movie Week - Hiro's Sushi","129","129"
909,"Knows","Gabriel Balboa","Japanophile Woman","1","20: Disaster Movie Week - Hiro's Sushi","129","129"
910,"Knows","Gabriel Balboa","Japanophile Woman","1","20: Disaster Movie Week - Hiro's Sushi","128","128"
911,"Knows of","Gabriel Balboa","Oedipus","0","20: Disaster Movie Week - Hiro's Sushi","129","129"
912,"Knows of","Gabriel Balboa","Jocasta","0","20: Disaster Movie Week - Hiro's Sushi","129","129"
913,"Knows","Rafaela Cortés","The Orange","0","1: Midday - Not Too Far from Mazatlán","11","13"
916,"Knows of","Emi","The Aztecs","0","9: NewsNow - Hollywood South","60","60"
917,"Knows of","Gabriel Balboa","The Aztecs","0","9: NewsNow - Hollywood South","60","60"
918,"Knows of","Emi","Eugene M. Bradley","0","9: NewsNow - Hollywood South","60","60"
919,"Knows of","Gabriel Balboa","Eugene M. Bradley","0","9: NewsNow - Hollywood South","60","60"
920,"Knows of","Buzzworm","Howard Stern","0","22: You Give us 22 Minutes - The World","137","137"
921,"Knows of","Buzzworm","Sportscasters on Mexican radio","0","22: You Give us 22 Minutes - The World","137","137"
922,"Knows of","Buzzworm","Talk Radio Stations","0","22: You Give us 22 Minutes - The World","137","137"
923,"Knows of","Buzzworm","Call-in Cop","0","22: You Give us 22 Minutes - The World","137","137"
924,"Knows of","Call-in Cop","""this individual""","0","22: You Give us 22 Minutes - The World","137","137"
925,"Knows of","Buzzworm","""this individual""","0","22: You Give us 22 Minutes - The World","137","137"
926,"Knows of","Talk Radio Stations","""this individual""","0","22: You Give us 22 Minutes - The World","137","137"
927,"Knows of","Buzzworm","Miles Davis","0","22: You Give us 22 Minutes - The World","137","137"
928,"Knows of","Talk Radio Stations","Baca Boyz","1","22: You Give us 22 Minutes - The World","137","137"
929,"Knows of","Talk Radio Stations","Call-in Cop","1","22: You Give us 22 Minutes - The World","137","137"
930,"Knows of","Talk Radio Stations","Baca Boyz's sisters (Nicole of Paramount)","0","22: You Give us 22 Minutes - The World","137","138"
931,"Knows of","Buzzworm","Baca Boyz","0","22: You Give us 22 Minutes - The World","137","137"
932,"Knows of","Buzzworm","Baca Boyz's sisters (Nicole of Paramount)","0","22: You Give us 22 Minutes - The World","137","138"
933,"Knows of","Buzzworm","Talk Radio Stations","0","22: You Give us 22 Minutes - The World","138","138"
936,"Knows of","Buzzworm","Isaac Newton Van Nuys","0","22: You Give us 22 Minutes - The World","138","138"
937,"Knows of","Buzzworm","News radio","0","22: You Give us 22 Minutes - The World","138","138"
938,"Knows of","News radio","Isaac Newton Van Nuys","0","22: You Give us 22 Minutes - The World","138","138"
939,"Knows of","News radio","FDA Investigators","0","22: You Give us 22 Minutes - The World","138","138"
940,"Knows of","News radio","Local Health Department Inspectors","0","22: You Give us 22 Minutes - The World","138","138"
941,"Knows of","News radio","FBI Agents","0","22: You Give us 22 Minutes - The World","138","138"
942,"Knows of","Buzzworm","FDA Investigators","0","22: You Give us 22 Minutes - The World","138","138"
943,"Knows of","Buzzworm","FBI Agents","0","22: You Give us 22 Minutes - The World","138","138"
944,"Knows of","Buzzworm","Local Health Department Inspectors","0","22: You Give us 22 Minutes - The World","138","138"
945,"Knows of","News radio","Dead / Ill Van Nuys Residents","0","22: You Give us 22 Minutes - The World","138","138"
946,"Knows of","Buzzworm","Dead / Ill Van Nuys Residents","0","22: You Give us 22 Minutes - The World","138","138"
947,"Knows","Buzzworm","Margarita","1","22: You Give us 22 Minutes - The World","138","138"
948,"Knows","Buzzworm","The kid who survived / dies","1","22: You Give us 22 Minutes - The World","138","138"
949,"Knows","Buzzworm","Margarita","1","22: You Give us 22 Minutes - The World","139","139"
950,"Knows of","Buzzworm","Street Vendors","0","22: You Give us 22 Minutes - The World","139","139"
951,"Knows of","Buzzworm","Isaac Newton Van Nuys","0","22: You Give us 22 Minutes - The World","139","139"
952,"Knows of","Buzzworm","Talk Radio Stations","0","22: You Give us 22 Minutes - The World","139","139"
953,"Knows of","Buzzworm","Weight Watchers","0","22: You Give us 22 Minutes - The World","139","139"
954,"Knows","Talk Radio Stations","Weight Watchers","0","22: You Give us 22 Minutes - The World","139","139"
955,"Knows of","Buzzworm","News radio","0","22: You Give us 22 Minutes - The World","139","139"
956,"Knows of","Buzzworm","LAPD","0","22: You Give us 22 Minutes - The World","139","139"
957,"Knows of","LAPD","Unnamed members of L.A. Underclass","0","22: You Give us 22 Minutes - The World","139","139"
958,"Knows of","Buzzworm","Unnamed members of L.A. Underclass","1","22: You Give us 22 Minutes - The World","139","139"
959,"Knows of","Buzzworm","Orange Peddlers","0","22: You Give us 22 Minutes - The World","139","139"
960,"Knows of","Buzzworm","Charles Von der Ahe","0","22: You Give us 22 Minutes - The World","140","140"
961,"Knows of","Buzzworm","L.A. Street Gangs (abstract)","0","22: You Give us 22 Minutes - The World","140","140"
962,"Knows of","Buzzworm","Unnamed members of L.A. Underclass","0","22: You Give us 22 Minutes - The World","140","140"
963,"Knows of","Buzzworm","The Mafia","0","22: You Give us 22 Minutes - The World","140","140"
964,"Knows of","Buzzworm","Housewives","0","22: You Give us 22 Minutes - The World","140","141"
965,"Knows of","Buzzworm","Yuppies","0","22: You Give us 22 Minutes - The World","140","140"
966,"Knows of","Buzzworm","Environmentalists","0","22: You Give us 22 Minutes - The World","140","140"
967,"Knows of","Buzzworm","meat-eaters","0","22: You Give us 22 Minutes - The World","140","140"
968,"Knows of","Buzzworm","Hapkido Masters","0","22: You Give us 22 Minutes - The World","140","140"
969,"Knows of","Buzzworm","A white Guy wearing a Nirvana T-shirt and dreds","0","22: You Give us 22 Minutes - The World","140","140"
970,"Knows of","Buzzworm","Talk Radio Stations","0","22: You Give us 22 Minutes - The World","140","140"
971,"Knows of","Buzzworm","Scientists","0","22: You Give us 22 Minutes - The World","140","140"
972,"Knows of","Talk Radio Stations","Scientists","0","22: You Give us 22 Minutes - The World","140","140"
973,"Exchange","Talk Radio Stations","Talk Show Tiffany","1","22: You Give us 22 Minutes - The World","140","141"
974,"Knows of","Buzzworm","Talk Show Tiffany","0","22: You Give us 22 Minutes - The World","140","140"
975,"Knows of","Buzzworm","Talk Radio Stations","0","22: You Give us 22 Minutes - The World","141","141"
976,"Knows of","Buzzworm","Talk Show Tiffany","0","22: You Give us 22 Minutes - The World","141","141"
977,"Knows of","Buzzworm","DEA","0","22: You Give us 22 Minutes - The World","141","141"
978,"Knows of","Buzzworm","The Mexican government","0","22: You Give us 22 Minutes - The World","141","141"
979,"Knows of","Buzzworm","""Everybody down south""","0","22: You Give us 22 Minutes - The World","141","141"
980,"Knows of","Buzzworm","Waste Companies","0","22: You Give us 22 Minutes - The World","141","141"
981,"Knows of","Environmental experts","Waste Companies","1","22: You Give us 22 Minutes - The World","141","141"
982,"Knows of","Buzzworm","Environmental experts","0","22: You Give us 22 Minutes - The World","141","141"
983,"Knows of","Buzzworm","County Ag Inspector Richard Iizuka","0","22: You Give us 22 Minutes - The World","141","141"
984,"Exchange","Rafaela Cortés","Doña Maria","1","24: Dusk - To the Border","148","149"
985,"Exchange","Rafaela Cortés","Sol","1","24: Dusk - To the Border","148","149"
986,"Knows","Doña Maria","Sol","1","24: Dusk - To the Border","148","148"
987,"Knows","Doña Maria","Sol","1","24: Dusk - To the Border","149","149"
988,"Knows","Rafaela Cortés","Rodriguez","1","24: Dusk - To the Border","149","149"
989,"Knows","Doña Maria","Rodriguez","1","24: Dusk - To the Border","149","149"
990,"Knows","Rafaela Cortés","Gabriel Balboa","1","24: Dusk - To the Border","149","149"
991,"Knows","Rafaela Cortés","Rafaela's Mother","1","24: Dusk - To the Border","149","149"
992,"Knows","Rafaela Cortés","Rafaela's Father","1","24: Dusk - To the Border","149","149"
993,"Knows","Rafaela Cortés","Bobby Ngu","1","24: Dusk - To the Border","149","150"
994,"Exchange","Rafaela Cortés","Gabriel Balboa","1","24: Dusk - To the Border","150","152"
995,"Knows","Rafaela Cortés","Rodriguez","1","24: Dusk - To the Border","150","150"
996,"Knows","Rafaela Cortés","The Orange","1","24: Dusk - To the Border","150","150"
997,"Exchange","Rodriguez","The Orange","1","24: Dusk - To the Border","150","150"
998,"Knows","Rafaela Cortés","Sol","1","24: Dusk - To the Border","150","150"
1000,"Knows","Rodriguez","Gabriel Balboa","1","24: Dusk - To the Border","149","151"
1002,"Knows","Rafaela Cortés","Doña Maria","1","24: Dusk - To the Border","151","151"
1003,"Knows","Rafaela Cortés","Hernando (Dona Maria's son)","1","24: Dusk - To the Border","151","151"
1004,"Knows","Gabriel Balboa","Doña Maria","1","24: Dusk - To the Border","151","151"
1005,"Knows of","Gabriel Balboa","Hernando (Dona Maria's son)","1","24: Dusk - To the Border","151","151"
1006,"Knows of","Rafaela Cortés","Organ buyers","0","24: Dusk - To the Border","151","151"
1007,"Knows of","Rafaela Cortés","Organ Traffickers","0","24: Dusk - To the Border","151","151"
1008,"Knows","Rafaela Cortés","Hernando (Dona Maria's son)","1","24: Dusk - To the Border","151","151"
1009,"Knows","Rafaela Cortés","Bobby Ngu","1","24: Dusk - To the Border","152","152"
1010,"Knows","Gabriel Balboa","Bobby Ngu","1","24: Dusk - To the Border","152","152"
1011,"Exchange","Rafaela Cortés","Sol","1","24: Dusk - To the Border","152","153"
1012,"Exchange","Rafaela Cortés","Arcangel/El Gran Mojado","1","24: Dusk - To the Border","152","154"
1013,"Knows","Rafaela Cortés","Rodriguez","1","24: Dusk - To the Border","152","152"
1014,"Exchange","The Orange","Arcangel/El Gran Mojado","1","24: Dusk - To the Border","152","153"
1015,"Knows","Rafaela Cortés","Hernando (Dona Maria's son)","1","24: Dusk - To the Border","152","152"
1016,"Knows","Rafaela Cortés","The Orange","1","24: Dusk - To the Border","153","153"
1017,"Knows","Rafaela Cortés","Hotel Manager","1","24: Dusk - To the Border","153","153"
1018,"Knows","Rafaela Cortés","Hernando (Dona Maria's son)","1","24: Dusk - To the Border","153","153"
1019,"Knows","Arcangel/El Gran Mojado","Sol","1","24: Dusk - To the Border","153","153"
1020,"Knows of","Rafaela Cortés","El Gran Mojado","0","24: Dusk - To the Border","153","153"
1021,"Knows of","Rafaela Cortés","SUPERNAFTA","1","24: Dusk - To the Border","153","153"
1022,"Knows","Arcangel/El Gran Mojado","El Gran Mojado","1","24: Dusk - To the Border","153","153"
1023,"Knows","Arcangel/El Gran Mojado","SUPERNAFTA","1","24: Dusk - To the Border","153","153"
1024,"Knows","Rafaela Cortés","Gabriel Balboa","1","24: Dusk - To the Border","153","153"
1025,"Knows of","Bobby Ngu","Vietnamese (abstract)","1","26: Life Insurance - L.A./T.J.","159","159"
1026,"Knows of","Bobby Ngu","Americans (abstract)","1","26: Life Insurance - L.A./T.J.","159","159"
1027,"Knows","Bobby Ngu","Viet Cong","0","26: Life Insurance - L.A./T.J.","159","159"
1028,"Knows of","Bobby Ngu","Miss Saigon","0","26: Life Insurance - L.A./T.J.","159","159"
1029,"Knows of","Bobby Ngu","White kids (abstract)","0","26: Life Insurance - L.A./T.J.","159","159"
1030,"Knows of","Bobby Ngu","Singaporean people (abstract)","1","26: Life Insurance - L.A./T.J.","159","159"
1031,"Knows of","Bobby Ngu","Singaporean Taggers","0","26: Life Insurance - L.A./T.J.","159","159"
1032,"Knows of","Bobby Ngu","Rich Singaporeans","0","26: Life Insurance - L.A./T.J.","159","159"
1033,"Knows of","Bobby Ngu","Refugees","1","26: Life Insurance - L.A./T.J.","159","159"
1034,"Knows","Bobby Ngu","Rafaela Cortés","1","26: Life Insurance - L.A./T.J.","160","160"
1035,"Knows","Bobby Ngu","Sol","1","26: Life Insurance - L.A./T.J.","160","160"
1036,"Knows","Bobby Ngu","Bobby's Brother","1","26: Life Insurance - L.A./T.J.","160","160"
1037,"Exchange","Bobby Ngu","Gabriel Balboa","1","26: Life Insurance - L.A./T.J.","160","161"
1038,"Knows","Bobby Ngu","The Snakehead","1","26: Life Insurance - L.A./T.J.","160","160"
1039,"Knows of","Bobby Ngu","Xiayue","1","26: Life Insurance - L.A./T.J.","160","160"
1040,"Knows of","Bobby Ngu","The Zapatistas","1","26: Life Insurance - L.A./T.J.","160","160"
1041,"Knows","Gabriel Balboa","Rafaela Cortés","1","26: Life Insurance - L.A./T.J.","160","160"
1042,"Knows","Gabriel Balboa","Sol","1","26: Life Insurance - L.A./T.J.","160","160"
1043,"Knows","Bobby Ngu","Rafaela Cortés","1","26: Life Insurance - L.A./T.J.","161","161"
1044,"Knows","Bobby Ngu","Sol","1","26: Life Insurance - L.A./T.J.","161","161"
1045,"Knows of","Bobby Ngu","Refugees","0","26: Life Insurance - L.A./T.J.","161","161"
1046,"Knows of","Bobby Ngu","Indian Mommas (and their kids)","0","26: Life Insurance - L.A./T.J.","161","161"
1047,"Knows of","Bobby Ngu","Mixtecs (and their kids)","0","26: Life Insurance - L.A./T.J.","161","161"
1048,"Knows of","Bobby Ngu","Mayans (and their kids)","0","26: Life Insurance - L.A./T.J.","161","161"
1049,"Knows of","Bobby Ngu","Subcomandante Marcos","0","26: Life Insurance - L.A./T.J.","161","161"
1050,"Knows of","Bobby Ngu","Our Lady of Guadalupe","0","26: Life Insurance - L.A./T.J.","161","161"
1051,"Knows of","Bobby Ngu","NAFTA","0","26: Life Insurance - L.A./T.J.","161","161"
1052,"Knows","Bobby Ngu","Xiayue","1","26: Life Insurance - L.A./T.J.","162","162"
1053,"Knows","Bobby Ngu","Rafaela Cortés","1","26: Life Insurance - L.A./T.J.","162","162"
1054,"Knows","Bobby Ngu","Bobby's Brother","1","26: Life Insurance - L.A./T.J.","162","162"
1055,"Knows of","Bobby Ngu","Refugees","0","26: Life Insurance - L.A./T.J.","162","162"
1056,"Knows of","Bobby Ngu","Electrodomestics","0","26: Life Insurance - L.A./T.J.","162","162"
1057,"Knows of","Bobby Ngu","live-in domestics","0","26: Life Insurance - L.A./T.J.","162","162"
1058,"Knows of","Bobby Ngu","living domestics","0","26: Life Insurance - L.A./T.J.","162","162"
1059,"Knows of","Bobby Ngu","gardeners","0","26: Life Insurance - L.A./T.J.","162","162"
1060,"Knows of","Bobby Ngu","dishwashers","0","26: Life Insurance - L.A./T.J.","162","162"
1062,"Knows of","Bobby Ngu","waiters","0","26: Life Insurance - L.A./T.J.","162","162"
1063,"Knows of","Bobby Ngu","masons","0","26: Life Insurance - L.A./T.J.","162","162"
1064,"Knows of","Bobby Ngu","ditch diggers","0","26: Life Insurance - L.A./T.J.","162","162"
1065,"Knows of","Bobby Ngu","migrants","0","26: Life Insurance - L.A./T.J.","162","162"
1066,"Knows of","Bobby Ngu","pickers","0","26: Life Insurance - L.A./T.J.","162","162"
1067,"Knows of","Bobby Ngu","packers","0","26: Life Insurance - L.A./T.J.","162","162"
1068,"Knows of","Bobby Ngu","Braceros","0","26: Life Insurance - L.A./T.J.","162","162"
1069,"Knows of","Bobby Ngu","centro-americanos","0","26: Life Insurance - L.A./T.J.","162","162"
1070,"Knows of","Bobby Ngu","wetbacks","0","26: Life Insurance - L.A./T.J.","162","162"
1071,"Knows of","Bobby Ngu","wops","0","26: Life Insurance - L.A./T.J.","162","162"
1072,"Knows of","Bobby Ngu","undocumenteds/illegals/aliens","0","26: Life Insurance - L.A./T.J.","162","162"
1073,"Exchange","Emi","Gabriel Balboa","1","27: Live on Air - El A","162","165"
1074,"Knows","Emi","Evelyn","1","27: Live on Air - El A","162","162"
1075,"Knows of","Emi","Victor Hugo","0","27: Live on Air - El A","162","162"
1076,"Knows of","Gabriel Balboa","Victor Hugo","0","27: Live on Air - El A","162","162"
1077,"Knows of","Gabriel Balboa","Evelyn","1","27: Live on Air - El A","162","162"
1078,"Knows","Emi","The NewsNow Van","1","27: Live on Air - El A","163","163"
1079,"Knows","Gabriel Balboa","The NewsNow Van","1","27: Live on Air - El A","163","163"
1080,"Knows of","Emi","CNN","0","27: Live on Air - El A","163","163"
1081,"Knows of","Gabriel Balboa","CNN","0","27: Live on Air - El A","163","163"
1082,"Knows of","Emi","Charles Richter","0","27: Live on Air - El A","163","163"
1083,"Knows of","Emi","Arthur Nielsen","0","27: Live on Air - El A","163","163"
1084,"Knows of","Gabriel Balboa","Arthur Nielsen","0","27: Live on Air - El A","163","163"
1085,"Knows of","Gabriel Balboa","Charles Richter","0","27: Live on Air - El A","163","163"
1086,"Knows of","Emi","Matt Groening","0","27: Live on Air - El A","163","163"
1087,"Knows of","Emi","Michael G. Moye","0","27: Live on Air - El A","163","163"
1088,"Knows of","Emi","Margaret Cho","0","27: Live on Air - El A","163","163"
1089,"Knows of","Gabriel Balboa","Matt Groening","0","27: Live on Air - El A","163","163"
1090,"Knows of","Gabriel Balboa","Michael G. Moye","0","27: Live on Air - El A","163","163"
1091,"Knows of","Gabriel Balboa","Margaret Cho","0","27: Live on Air - El A","163","163"
1092,"Knows of","Emi","Boys in the Porsche","0","27: Live on Air - El A","163","163"
1093,"Knows of","Gabriel Balboa","Boys in the Porsche","0","27: Live on Air - El A","163","163"
1094,"Knows of","Emi","Joe Coulombe","0","27: Live on Air - El A","164","164"
1095,"Knows of","Gabriel Balboa","Joe Coulombe","0","27: Live on Air - El A","164","164"
1096,"Knows of","Emi","Christopher Columbus","0","27: Live on Air - El A","164","164"
1097,"Knows of","Gabriel Balboa","Christopher Columbus","0","27: Live on Air - El A","164","164"
1098,"Knows of","Emi","Citron Man","0","27: Live on Air - El A","164","164"
1099,"Knows of","Gabriel Balboa","Citron Man","0","27: Live on Air - El A","164","164"
1100,"Knows","Gabriel Balboa","Buzzworm","1","27: Live on Air - El A","164","164"
1101,"Knows of","Emi","Buzzworm","1","27: Live on Air - El A","164","164"
1102,"Knows of","Gabriel Balboa","Manzanar Murakami","0","27: Live on Air - El A","164","164"
1103,"Knows","Emi","Manzanar Murakami","1","27: Live on Air - El A","164","164"
1104,"Exchange","Emi","Evelyn","1","27: Live on Air - El A","165","165"
1105,"Exchange","Emi","Gabriel Balboa","1","27: Live on Air - El A","165","167"
1106,"Exchange","Gabriel Balboa","Buzzworm","1","27: Live on Air - El A","165","167"
1107,"Exchange","Emi","Buzzworm","1","27: Live on Air - El A","165","167"
1108,"Knows of","Emi","Keenan Ivory Wayans","0","27: Live on Air - El A","165","165"
1109,"Knows of","Buzzworm","Keenan Ivory Wayans","0","27: Live on Air - El A","165","165"
1110,"Knows of","Gabriel Balboa","Keenan Ivory Wayans","0","27: Live on Air - El A","165","165"
1111,"Knows of","Buzzworm","Lance Allen Ito","0","27: Live on Air - El A","165","165"
1112,"Knows of","Emi","Lance Allen Ito","0","27: Live on Air - El A","165","165"
1113,"Knows of","Gabriel Balboa","Lance Allen Ito","0","27: Live on Air - El A","165","165"
1114,"Knows","Emi","The NewsNow Van","1","27: Live on Air - El A","166","166"
1115,"Exchange","Emi","Kay Torres - On-Scene Reporter","1","27: Live on Air - El A","166","166"
1116,"Exchange","Emi","Kerry the Technician","1","27: Live on Air - El A","166","167"
1117,"Exchange","Emi","Luey the Cameraman","1","27: Live on Air - El A","166","167"
1118,"Exchange","Kerry the Technician","Buzzworm","1","27: Live on Air - El A","167","167"
1119,"Exchange","Kerry the Technician","Gabriel Balboa","1","27: Live on Air - El A","167","167"
1120,"Knows","Emi","Manzanar Murakami","1","27: Live on Air - El A","167","167"
1121,"Knows of","Kerry the Technician","Manzanar Murakami","0","27: Live on Air - El A","167","167"
1122,"Knows of","Buzzworm","Manzanar Murakami","0","27: Live on Air - El A","167","167"
1123,"Knows of","Gabriel Balboa","Manzanar Murakami","0","27: Live on Air - El A","167","167"
1124,"Exchange","Emi","NewsNow Realtime on the internet","1","29: Promos - World Wide Web","176","178"
1125,"Knows of","Emi","David Hockney","0","29: Promos - World Wide Web","175","175"
1126,"Knows of","Buzzworm","David Hockney","0","29: Promos - World Wide Web","175","175"
1127,"Exchange","Emi","Buzzworm","1","29: Promos - World Wide Web","175","175"
1128,"Knows","Emi","Manzanar Murakami","1","29: Promos - World Wide Web","175","175"
1129,"Knows","Buzzworm","Manzanar Murakami","0","29: Promos - World Wide Web","175","175"
1130,"Knows","Emi","Gabriel Balboa","1","29: Promos - World Wide Web","176","176"
1131,"Knows","Emi","Buzzworm","1","29: Promos - World Wide Web","176","176"
1132,"Knows","Emi","Manzanar Murakami","1","29: Promos - World Wide Web","176","176"
1133,"Knows of","Emi","CNN","0","29: Promos - World Wide Web","176","176"
1134,"Knows of","NewsNow Realtime on the internet","CNN","1","29: Promos - World Wide Web","176","176"
1135,"Knows","Emi","Tattered and Soiled man","0","29: Promos - World Wide Web","176","176"
1136,"Knows of","NewsNow Realtime on the internet","Buzzworm","0","29: Promos - World Wide Web","177","177"
1137,"Knows","Emi","Buzzworm","1","29: Promos - World Wide Web","177","177"
1138,"Knows","Kerry the Technician","Buzzworm","1","29: Promos - World Wide Web","177","177"
1139,"Exchange","Emi","Kerry the Technician","1","29: Promos - World Wide Web","177","177"
1140,"Exchange","Buzzworm","Luey the Cameraman","1","29: Promos - World Wide Web","177","177"
1141,"Knows of","Emi","Smokey, Pick-n-save, and Pollyanna","0","29: Promos - World Wide Web","177","177"
1142,"Exchange","Buzzworm","Smokey, Pick-n-save, and Pollyanna","0","29: Promos - World Wide Web","177","177"
1143,"Knows","Luey the Cameraman","Smokey, Pick-n-save, and Pollyanna","0","29: Promos - World Wide Web","177","177"
1144,"Knows of","Kerry the Technician","Smokey, Pick-n-save, and Pollyanna","0","29: Promos - World Wide Web","177","177"
1145,"Knows of","Emi","Smokey, Pick-n-save, and Pollyanna","0","29: Promos - World Wide Web","177","177"
1146,"Exchange","Kerry the Technician","Luey the Cameraman","1","29: Promos - World Wide Web","177","177"
1147,"Knows of","Emi","Someone with a wooden crate","0","29: Promos - World Wide Web","177","177"
1148,"Knows of","Kerry the Technician","Someone with a wooden crate","0","29: Promos - World Wide Web","177","177"
1149,"Knows","Buzzworm","Kay Torres - On-Scene Reporter","1","29: Promos - World Wide Web","177","177"
1150,"Knows","Buzzworm","Kay Torres - On-Scene Reporter","1","29: Promos - World Wide Web","177","177"
1151,"Knows","Emi","Kay Torres - On-Scene Reporter","1","29: Promos - World Wide Web","177","177"
1152,"Knows","Kay Torres - On-Scene Reporter","Kerry the Technician","1","29: Promos - World Wide Web","177","177"
1153,"Knows","Luey the Cameraman","Kay Torres - On-Scene Reporter","1","29: Promos - World Wide Web","177","177"
1154,"Knows","Kay Torres - On-Scene Reporter","Smokey, Pick-n-save, and Pollyanna","1","29: Promos - World Wide Web","177","177"
1155,"Knows","Luey the Cameraman","Someone with a wooden crate","1","29: Promos - World Wide Web","177","177"
1156,"Knows","Kay Torres - On-Scene Reporter","Someone with a wooden crate","1","29: Promos - World Wide Web","177","177"
1157,"Knows","Buzzworm","Sammy (used to be an actor)","1","29: Promos - World Wide Web","178","178"
1158,"Knows","Buzzworm","Mona","1","29: Promos - World Wide Web","178","178"
1159,"Exchange","Emi","Buzzworm","1","29: Promos - World Wide Web","178","179"
1160,"Exchange","Audience Members","Emi","0","29: Promos - World Wide Web","178","178"
1161,"Knows","Buzzworm","Audience Members","1","29: Promos - World Wide Web","178","178"
1162,"Knows","Buzzworm","Mama on the northbound","1","29: Promos - World Wide Web","178","178"
1163,"Knows of","Emi","Mama on the northbound","0","29: Promos - World Wide Web","178","178"
1164,"Exchange","Emi","Mona","1","29: Promos - World Wide Web","178","178"
1165,"Knows","Emi","Luey the Cameraman","1","29: Promos - World Wide Web","178","178"
1166,"Exchange","Emi","Kerry the Technician","1","29: Promos - World Wide Web","178","178"
1167,"Knows of","NewsNow Realtime on the internet","Buzzworm","0","29: Promos - World Wide Web","178","178"
1168,"Knows of","NewsNow Realtime on the internet","Sally Jesse Raphael","0","29: Promos - World Wide Web","178","178"
1169,"Knows of","Emi","Sally Jesse Raphael","0","29: Promos - World Wide Web","178","178"
1170,"Knows","Emi","Kerry the Technician","1","29: Promos - World Wide Web","179","179"
1171,"Knows","Buzzworm","Kerry the Technician","1","29: Promos - World Wide Web","179","179"
1172,"Knows of","Emi","Audience Members","0","29: Promos - World Wide Web","177","177"
1173,"Knows of","Kerry the Technician","Audience Members","0","29: Promos - World Wide Web","176","176"
1174,"Knows","Buzzworm","Audience Members","1","29: Promos - World Wide Web","176","176"
1175,"Knows of","Luey the Cameraman","Audience Members","1","29: Promos - World Wide Web","176","176"
1176,"Knows of","Kay Torres - On-Scene Reporter","Audience Members","1","29: Promos - World Wide Web","176","176"
1177,"Exchange","Emi","Gabriel Balboa","1","29: Promos - World Wide Web","179","180"
1178,"Knows of","Emi","CNN","0","29: Promos - World Wide Web","179","179"
1179,"Knows of","Gabriel Balboa","CNN","0","29: Promos - World Wide Web","179","179"
1180,"Knows","Gabriel Balboa","Buzzworm","1","29: Promos - World Wide Web","179","179"
1181,"Knows","Emi","Buzzworm","1","29: Promos - World Wide Web","179","179"
1182,"Knows of","Emi","Smokey, Pick-n-save, and Pollyanna","0","29: Promos - World Wide Web","179","179"
1183,"Knows of","Smokey, Pick-n-save, and Pollyanna","Ridley Scott","0","29: Promos - World Wide Web","179","179"
1184,"Exchange","Smokey, Pick-n-save, and Pollyanna","Audience Members","1","29: Promos - World Wide Web","179","180"
1185,"Knows","Buzzworm","Smokey, Pick-n-save, and Pollyanna","1","29: Promos - World Wide Web","180","180"
1186,"Knows","Buzzworm","Second Baptist (Implied Church)","1","29: Promos - World Wide Web","180","180"
1187,"Knows of","Buzzworm","Homeless Vets","0","29: Promos - World Wide Web","180","180"
1188,"Knows of","Emi","Homeless Vets","0","29: Promos - World Wide Web","180","180"
1189,"Knows of","Emi","Second Baptist (Implied Church)","0","29: Promos - World Wide Web","180","180"
1190,"Knows of","Gabriel Balboa","Homeless Vets","0","29: Promos - World Wide Web","180","180"
1191,"Knows of","Gabriel Balboa","Second Baptist (Implied Church)","0","29: Promos - World Wide Web","180","180"
1192,"Knows of","Gabriel Balboa","Emi's Internet Lover","0","29: Promos - World Wide Web","180","180"
1193,"Knows","Emi","Emi's Internet Lover","1","29: Promos - World Wide Web","180","180"
1194,"Knows","Gabriel Balboa","Manzanar Murakami","0","29: Promos - World Wide Web","180","180"
1195,"Knows","Emi","Manzanar Murakami","1","29: Promos - World Wide Web","180","180"
1196,"Knows of","Arcangel/El Gran Mojado","Christopher Columbus","0","30: Dawn - The Other Side","181","181"
1197,"Knows of","Arcangel/El Gran Mojado","Moctezuma","1","30: Dawn - The Other Side","181","181"
1198,"Knows of","Arcangel/El Gran Mojado","Atahualpa","0","30: Dawn - The Other Side","181","181"
1199,"Knows of","Rafaela Cortés","Christopher Columbus","0","30: Dawn - The Other Side","181","181"
1200,"Exchange","Rafaela Cortés","Arcangel/El Gran Mojado","1","30: Dawn - The Other Side","182","183"
1201,"Knows","Arcangel/El Gran Mojado","Sol","1","30: Dawn - The Other Side","182","182"
1202,"Knows","Rafaela Cortés","Sol","1","30: Dawn - The Other Side","182","182"
1203,"Knows of","Rafaela Cortés","Bus passengers","1","30: Dawn - The Other Side","182","182"
1204,"Knows","Rafaela Cortés","Rodriguez","1","30: Dawn - The Other Side","183","183"
1205,"Knows of","Arcangel/El Gran Mojado","Bus Driver","1","30: Dawn - The Other Side","183","183"
1206,"Knows of","Rafaela Cortés","Bus Driver","1","30: Dawn - The Other Side","183","183"
1207,"Knows","Rafaela Cortés","Hernando (Dona Maria's son)","1","30: Dawn - The Other Side","183","183"
1208,"Knows of","Rafaela Cortés","El Gran Mojado","1","30: Dawn - The Other Side","183","183"
1209,"Knows of","Rafaela Cortés","El Gran Mojado Fans","0","30: Dawn - The Other Side","183","183"
1210,"Knows of","Rafaela Cortés","Bus Driver","1","30: Dawn - The Other Side","184","184"
1211,"Exchange","Rafaela Cortés","Arcangel/El Gran Mojado","1","30: Dawn - The Other Side","184","185"
1212,"Knows","Rafaela Cortés","Hernando (Dona Maria's son)","1","30: Dawn - The Other Side","184","184"
1213,"Knows of","Rafaela Cortés","Bus passengers","1","30: Dawn - The Other Side","184","184"
1214,"Knows","Rafaela Cortés","The Orange","1","30: Dawn - The Other Side","184","184"
1215,"Knows","Rafaela Cortés","Sol","1","30: Dawn - The Other Side","184","184"
1216,"Knows","Arcangel/El Gran Mojado","Sol","1","30: Dawn - The Other Side","184","184"
1217,"Exchange","Rafaela Cortés","Hernando (Dona Maria's son)","1","30: Dawn - The Other Side","185","186"
1218,"Knows of","Rafaela Cortés","Bus passengers","1","30: Dawn - The Other Side","185","185"
1219,"Knows of","Hernando (Dona Maria's son)","Sol","0","30: Dawn - The Other Side","185","185"
1220,"Exchange","Arcangel/El Gran Mojado","Bus passengers","1","30: Dawn - The Other Side","185","186"
1221,"Exchange","Arcangel/El Gran Mojado","Sol","1","30: Dawn - The Other Side","185","186"
1222,"Knows of","Bus passengers","El Gran Mojado","1","30: Dawn - The Other Side","185","185"
1223,"Exchange","Rafaela Cortés","Sol","0","30: Dawn - The Other Side","185","185"
1224,"Exchange","Arcangel/El Gran Mojado","The Orange","0","30: Dawn - The Other Side","186","186"
1225,"Exchange","Sol","The Orange","1","30: Dawn - The Other Side","186","186"
1226,"Knows","Arcangel/El Gran Mojado","Rafaela Cortés","1","30: Dawn - The Other Side","186","186"
1227,"Knows","Rafaela Cortés","Sol","1","30: Dawn - The Other Side","186","186"
1228,"Exchange","Buzzworm","Mona","1","31: AM/FM - FreeZone","186","186"
1229,"Exchange","Buzzworm","""Homey on the other end""","1","31: AM/FM - FreeZone","187","188"
1230,"Knows","""Homey on the other end""","1-800 Lawyer","1","31: AM/FM - FreeZone","187","187"
1231,"Knows of","Mona","""Homey on the other end""","1","31: AM/FM - FreeZone","187","187"
1232,"Knows of","Buzzworm","1-800 Lawyer","1","31: AM/FM - FreeZone","187","187"
1233,"Knows","1-800 Lawyer","""A brother""","1","31: AM/FM - FreeZone","187","187"
1234,"Knows","""Homey on the other end""","""A brother""","1","31: AM/FM - FreeZone","187","187"
1235,"Knows","Buzzworm","""A brother""","1","31: AM/FM - FreeZone","187","187"
1236,"Knows of","""Homey on the other end""","Crips","1","31: AM/FM - FreeZone","187","187"
1237,"Knows","""Homey on the other end""","Bloods","1","31: AM/FM - FreeZone","187","187"
1238,"Knows of","Buzzworm","Crips","0","31: AM/FM - FreeZone","187","187"
1239,"Knows of","Buzzworm","Bloods","1","31: AM/FM - FreeZone","187","187"
1240,"Knows of","Buzzworm","Isaac Newton Van Nuys","0","31: AM/FM - FreeZone","187","187"
1241,"Knows of","Buzzworm","John Adams","0","31: AM/FM - FreeZone","187","187"
1242,"Knows of","""Homey on the other end""","Isaac Newton Van Nuys","0","31: AM/FM - FreeZone","187","187"
1243,"Knows of","""Homey on the other end""","John Adams","0","31: AM/FM - FreeZone","187","187"
1244,"Knows of","Buzzworm","Martin Luther King","0","31: AM/FM - FreeZone","187","187"
1245,"Knows of","""Homey on the other end""","Martin Luther King","0","31: AM/FM - FreeZone","187","187"
1246,"Knows of","Buzzworm","George Coupland Thomas","0","31: AM/FM - FreeZone","187","187"
1247,"Knows of","""Homey on the other end""","George Coupland Thomas","0","31: AM/FM - FreeZone","187","187"
1248,"Knows","""Homey on the other end""","Crips","1","31: AM/FM - FreeZone","187","187"
1249,"Knows of","Buzzworm","LAPD","0","31: AM/FM - FreeZone","187","187"
1250,"Knows of","""Homey on the other end""","LAPD","0","31: AM/FM - FreeZone","187","187"
1251,"Knows of","Buzzworm","1-800 Lawyer","1","31: AM/FM - FreeZone","188","188"
1252,"Knows","Buzzworm","The kid who survived / dies","1","31: AM/FM - FreeZone","188","188"
1253,"Knows","""Homey on the other end""","1-800 Lawyer","1","31: AM/FM - FreeZone","188","188"
1254,"Knows of","""Homey on the other end""","Unnamed members of L.A. Underclass","0","31: AM/FM - FreeZone","188","188"
1255,"Knows of","Buzzworm","Unnamed members of L.A. Underclass","0","31: AM/FM - FreeZone","188","188"
1256,"Knows of","Buzzworm","Kids (abstract)","0","31: AM/FM - FreeZone","188","188"
1257,"Knows of","Buzzworm","Manzanar Murakami","0","31: AM/FM - FreeZone","188","188"
1258,"Knows","Buzzworm","The NewsNow Van","1","31: AM/FM - FreeZone","188","188"
1259,"Exchange","Buzzworm","Emi","1","31: AM/FM - FreeZone","189","192"
1260,"Knows","Buzzworm","Gabriel Balboa","1","31: AM/FM - FreeZone","189","189"
1261,"Knows of","Buzzworm","1-800 Lawyer","1","31: AM/FM - FreeZone","189","189"
1262,"Knows of","Emi","1-800 Lawyer","0","31: AM/FM - FreeZone","189","189"
1263,"Knows of","Buzzworm","LAPD","0","31: AM/FM - FreeZone","189","189"
1264,"Knows of","Emi","LAPD","0","31: AM/FM - FreeZone","189","189"
1265,"Exchange","Buzzworm","Kerry the Technician","0","31: AM/FM - FreeZone","189","189"
1266,"Knows","Emi","Kerry the Technician","1","31: AM/FM - FreeZone","189","189"
1267,"Exchange","Emi","Kerry the Technician","1","31: AM/FM - FreeZone","190","190"
1268,"Knows","Kerry the Technician","Buzzworm","1","31: AM/FM - FreeZone","190","190"
1269,"Knows","Buzzworm","Mama cookin' at the hot dog stand","1","31: AM/FM - FreeZone","190","190"
1270,"Knows of","Emi","Mama cookin' at the hot dog stand","0","31: AM/FM - FreeZone","190","190"
1271,"Knows","Buzzworm","Mona","1","31: AM/FM - FreeZone","190","190"
1272,"Knows of","Emi","Mona","0","31: AM/FM - FreeZone","190","190"
1273,"Knows","Buzzworm","Luis Alfaro","1","31: AM/FM - FreeZone","190","191"
1274,"Knows","Emi","Luis Alfaro","0","31: AM/FM - FreeZone","190","191"
1275,"Knows","Luis Alfaro","Newton Ford","1","31: AM/FM - FreeZone","190","190"
1276,"Knows of","Buzzworm","Newton Ford","0","31: AM/FM - FreeZone","190","190"
1277,"Knows of","Emi","Newton Ford","0","31: AM/FM - FreeZone","190","190"
1278,"Knows","Luis Alfaro","Saratoga Sara","1","31: AM/FM - FreeZone","191","191"
1279,"Knows of","Luis Alfaro","Saratoga Sara's baby","0","31: AM/FM - FreeZone","191","191"
1280,"Knows of","Buzzworm","Saratoga Sara","0","31: AM/FM - FreeZone","191","191"
1281,"Knows of","Emi","Saratoga Sara","0","31: AM/FM - FreeZone","191","191"
1282,"Knows of","Buzzworm","Saratoga Sara's baby","0","31: AM/FM - FreeZone","191","191"
1283,"Knows of","Emi","Saratoga Sara's baby","0","31: AM/FM - FreeZone","191","191"
1284,"Knows","Luis Alfaro","Mara Sadat","1","31: AM/FM - FreeZone","191","191"
1285,"Knows of","Buzzworm","Mara Sadat","0","31: AM/FM - FreeZone","191","191"
1286,"Knows of","Emi","Mara Sadat","0","31: AM/FM - FreeZone","191","191"
1287,"Exchange","Mara Sadat","Cadillac Occupant","1","31: AM/FM - FreeZone","191","191"
1288,"Knows of","Luis Alfaro","Cadillac Occupant","1","31: AM/FM - FreeZone","191","191"
1289,"Knows of","Buzzworm","Cadillac Occupant","0","31: AM/FM - FreeZone","191","191"
1290,"Knows of","Emi","Cadillac Occupant","0","31: AM/FM - FreeZone","191","191"
1291,"Knows of","Buzzworm","John Malpede","0","31: AM/FM - FreeZone","191","191"
1292,"Knows of","Buzzworm","Luis Alfaro","0","31: AM/FM - FreeZone","191","191"
1293,"Knows of","Emi","John Malpede","0","31: AM/FM - FreeZone","190","191"
1294,"Knows of","Emi","Luis Alfaro","0","31: AM/FM - FreeZone","190","191"
1295,"Knows of","Buzzworm","LAPD","0","31: AM/FM - FreeZone","191","191"
1296,"Knows of","Emi","LAPD","0","31: AM/FM - FreeZone","191","191"
1297,"Knows of","Buzzworm","Unnamed members of L.A. Underclass","0","31: AM/FM - FreeZone","191","191"
1298,"Knows of","Emi","Unnamed members of L.A. Underclass","0","31: AM/FM - FreeZone","191","191"
1299,"Knows of","Buzzworm","Unnamed members of L.A. Underclass","0","31: AM/FM - FreeZone","192","192"
1300,"Knows of","Emi","Unnamed members of L.A. Underclass","0","31: AM/FM - FreeZone","192","192"
1301,"Knows of","Buzzworm","Crips","0","31: AM/FM - FreeZone","192","192"
1302,"Knows of","Buzzworm","Bloods","0","31: AM/FM - FreeZone","192","192"
1303,"Knows of","Emi","Bloods","0","31: AM/FM - FreeZone","192","192"
1304,"Knows of","Emi","Crips","0","31: AM/FM - FreeZone","192","192"
1305,"Knows of","Buzzworm","Manzanar Murakami","0","31: AM/FM - FreeZone","192","192"
1306,"Knows of","Manzanar Murakami","the Russians","0","17: The Interview - Manzanar","109","109"
1307,"Knows","Buzzworm","John Coltrane","0","17: The Interview - Manzanar","109","109"
1308,"Knows","Manzanar Murakami","John Coltrane","0","17: The Interview - Manzanar","109","109"
1309,"Knows","Buzzworm","Mozart","0","17: The Interview - Manzanar","109","109"
1310,"Knows","Manzanar Murakami","Mozart","0","17: The Interview - Manzanar","109","109"
1311,"Knows","Buzzworm","Antonín Dvořák","0","17: The Interview - Manzanar","109","109"
1312,"Knows","Manzanar Murakami","Antonín Dvořák","0","17: The Interview - Manzanar","109","109"
1313,"Knows","Buzzworm","Miles Davis","0","17: The Interview - Manzanar","109","109"
1314,"Knows","Manzanar Murakami","Miles Davis","0","17: The Interview - Manzanar","109","109"
1315,"Knows","Buzzworm","Bach","0","17: The Interview - Manzanar","109","109"
1316,"Knows","Manzanar Murakami","Bach","0","17: The Interview - Manzanar","109","109"
1317,"Knows of","Buzzworm","Manzanar's Parents","0","17: The Interview - Manzanar","109","109"
1318,"Knows","Manzanar Murakami","Manzanar's Parents","1","17: The Interview - Manzanar","109","109"
1319,"Knows of","Gabriel Balboa","Unnamed members of L.A. Underclass","0","17: The Interview - Manzanar","110","110"
1320,"Knows of","Gabriel Balboa","character in a Kurosawa film","0","17: The Interview - Manzanar","111","111"
1321,"Knows","Gabriel Balboa","Manzanar Murakami","1","17: The Interview - Manzanar","110","111"
1322,"Exchange","Gabriel Balboa","Buzzworm","1","17: The Interview - Manzanar","111","111"
1323,"Exchange","Gabriel Balboa","Emi","1","17: The Interview - Manzanar","111","113"
1324,"Knows of","Emi","Manzanar Murakami","1","17: The Interview - Manzanar","111","112"
1325,"Knows","Emi","Unnamed members of L.A. Underclass","0","17: The Interview - Manzanar","111","111"
1326,"Knows","Emi","Emi's Mother","1","17: The Interview - Manzanar","112","112"
1327,"Knows of","Emi","Unnamed members of L.A. Underclass","0","17: The Interview - Manzanar","113","113"
1328,"Exchange","Gabriel Balboa","Buzzworm","1","17: The Interview - Manzanar","113","114"
1329,"Knows","Buzzworm","Unnamed members of L.A. Underclass","1","17: The Interview - Manzanar","113","113"
1330,"Knows","Buzzworm","People in Traffic","0","17: The Interview - Manzanar","113","113"
1331,"Knows","Buzzworm","Howard Stern","0","17: The Interview - Manzanar","113","113"
1332,"Knows","Buzzworm","Rush Limbaugh","0","17: The Interview - Manzanar","113","113"
1333,"Knows","Buzzworm","Corazon Juarez","0","17: The Interview - Manzanar","113","113"
1334,"Knows","Buzzworm","Organ Traffickers","1","17: The Interview - Manzanar","113","113"
1335,"Exchange","Buzzworm","Organ Traffickers","1","17: The Interview - Manzanar","114","114"
1336,"Knows","Buzzworm","Manzanar Murakami","1","17: The Interview - Manzanar","114","114"
1337,"Knows","Gabriel Balboa","Emi","1","17: The Interview - Manzanar","114","114"
1338,"Knows","Bobby Ngu","Americans (abstract)","0","34: Visa Card - Final Destination","201","201"
1339,"Knows","Bobby Ngu","Pepe Cortés","1","34: Visa Card - Final Destination","201","201"
1340,"Knows","Bobby Ngu","Xiayue","1","34: Visa Card - Final Destination","201","201"
1341,"Knows","Bobby Ngu","Rafaela Cortés","1","34: Visa Card - Final Destination","201","201"
1342,"Knows","Manzanar Murakami","People in Traffic","0","19: Hour of the Trucks - The Freeway Canyon","120","120"
1343,"Knows of","Pepe Cortés","Border Rats","0","34: Visa Card - Final Destination","201","201"
1344,"Knows","Manzanar Murakami","Unnamed members of L.A. Underclass","1","19: Hour of the Trucks - The Freeway Canyon","120","123"
1345,"Knows of","Pepe Cortés","""Poor Indian types""","0","34: Visa Card - Final Destination","201","201"
1346,"Knows of","Bobby Ngu","""Poor Indian types""","0","34: Visa Card - Final Destination","201","201"
1347,"Knows of","Bobby Ngu","Border Rats","0","34: Visa Card - Final Destination","201","201"
1348,"Knows of","Bobby Ngu","Emiliano Zapata","0","34: Visa Card - Final Destination","202","202"
1349,"Knows of","Pepe Cortés","Emiliano Zapata","0","34: Visa Card - Final Destination","202","202"
1350,"Knows of","Bobby Ngu","migrants","0","34: Visa Card - Final Destination","201","201"
1351,"Knows of","Pepe Cortés","migrants","0","34: Visa Card - Final Destination","201","201"
1352,"Knows of","Bobby Ngu","La Migra (Border patrol)","0","34: Visa Card - Final Destination","202","202"
1353,"Knows of","Pepe Cortés","migrants","0","34: Visa Card - Final Destination","202","202"
1354,"Knows of","Pepe Cortés","La Migra (Border patrol)","0","34: Visa Card - Final Destination","202","202"
1357,"Knows","Manzanar Murakami","a dozen motorists","0","19: Hour of the Trucks - The Freeway Canyon","122","122"
1358,"Knows of","Unnamed members of L.A. Underclass","a dozen motorists","0","19: Hour of the Trucks - The Freeway Canyon","122","122"
1359,"Knows of","Car Owners and Passengers (abstract)","Unnamed members of L.A. Underclass","1","19: Hour of the Trucks - The Freeway Canyon","122","122"
1360,"Knows","Car Owners and Passengers (abstract)","The Police (Abstract)","0","19: Hour of the Trucks - The Freeway Canyon","122","122"
1361,"Knows of","Car Owners and Passengers (abstract)","God","0","19: Hour of the Trucks - The Freeway Canyon","122","122"
1362,"Exchange","Bobby Ngu","Xiayue","1","34: Visa Card - Final Destination","202","203"
1363,"Knows","Xiayue","Xiayue's Brother","1","34: Visa Card - Final Destination","202","203"
1364,"Knows of","Bobby Ngu","Xiayue's Brother","1","34: Visa Card - Final Destination","202","203"
1367,"Knows of","Bobby Ngu","Xiayue's Mother","1","34: Visa Card - Final Destination","203","203"
1368,"Knows","Xiayue","Xiayue's Mother","1","34: Visa Card - Final Destination","203","203"
1369,"Knows of","Bobby Ngu","""Celestials""","0","34: Visa Card - Final Destination","203","203"
1370,"Knows","Bobby Ngu","Bobby's Brother","1","34: Visa Card - Final Destination","203","203"
1371,"Knows","Bobby Ngu","Bobby's Father","1","34: Visa Card - Final Destination","203","203"
1372,"Knows","Bobby Ngu","Bobby's Mother","1","34: Visa Card - Final Destination","203","203"
1373,"Knows","Bobby's Brother","Bobby's Father","1","34: Visa Card - Final Destination","203","203"
1374,"Knows","Bobby's Brother","Bobby's Mother","1","34: Visa Card - Final Destination","203","203"
1375,"Knows","Bobby Ngu","Bobby's Brother's Teacher","1","34: Visa Card - Final Destination","203","203"
1376,"Knows","Bobby's Brother","Bobby's Brother's Teacher","1","34: Visa Card - Final Destination","203","203"
1377,"Knows","Bobby Ngu","""Mexicans and centroamericanos""","1","34: Visa Card - Final Destination","203","203"
1378,"Knows","Bobby's Brother","""Mexicans and centroamericanos""","1","34: Visa Card - Final Destination","203","203"
1379,"Knows","Bobby Ngu","gangs","1","34: Visa Card - Final Destination","203","203"
1380,"Knows","Bobby Ngu","Rafaela Cortés","1","34: Visa Card - Final Destination","203","203"
1381,"Knows of","Bobby Ngu","Levis Strauss","0","34: Visa Card - Final Destination","203","203"
1382,"Knows of","Xiayue","Levis Strauss","0","34: Visa Card - Final Destination","203","203"
1383,"Knows of","Bobby Ngu","migrants","0","34: Visa Card - Final Destination","204","204"
1384,"Knows of","Xiayue","migrants","0","34: Visa Card - Final Destination","204","204"
1386,"Knows of","Xiayue","Barbie","0","34: Visa Card - Final Destination","204","204"
1387,"Exchange","Bobby Ngu","Border patrol officer","0","34: Visa Card - Final Destination","204","204"
1388,"Exchange","Border patrol officer","Xiayue","0","34: Visa Card - Final Destination","204","204"
1389,"Knows of","Bobby Ngu","""Celestials""","0","34: Visa Card - Final Destination","204","204"
1390,"Knows of","Bobby Ngu","Americans (abstract)","0","34: Visa Card - Final Destination","204","204"
1391,"Exchange","Arcangel/El Gran Mojado","Cantina waiter","1","21: To Eat - La Cantina de Miseria y Hambre","130","131"
1392,"Knows","Arcangel/El Gran Mojado","Cantina diners","0","21: To Eat - La Cantina de Miseria y Hambre","130","131"
1393,"Knows","Cantina waiter","Cantina waiter's family","1","21: To Eat - La Cantina de Miseria y Hambre","130","130"
1394,"Knows of","Arcangel/El Gran Mojado","Cantina waiter's family","0","21: To Eat - La Cantina de Miseria y Hambre","130","130"
1395,"Knows of","Arcangel/El Gran Mojado","Cantina chef","0","21: To Eat - La Cantina de Miseria y Hambre","130","130"
1396,"Knows","Cantina waiter","Cantina chef","1","21: To Eat - La Cantina de Miseria y Hambre","130","130"
1397,"Knows","Cantina waiter","Cantina diners","1","21: To Eat - La Cantina de Miseria y Hambre","130","131"
1398,"Knows","Arcangel/El Gran Mojado","Cockfighters","0","21: To Eat - La Cantina de Miseria y Hambre","131","131"
1399,"Knows of","Cantina waiter","Cockfighters","0","21: To Eat - La Cantina de Miseria y Hambre","131","131"
1400,"Exchange","Cockfighters","Cockfighters","1","21: To Eat - La Cantina de Miseria y Hambre","131","132"
1401,"Knows","Arcangel/El Gran Mojado","Subcomandante Marcos","0","21: To Eat - La Cantina de Miseria y Hambre","132","132"
1402,"Knows","cockfight crowd","El Gran Mojado","1","21: To Eat - La Cantina de Miseria y Hambre","132","133"
1403,"Exchange","someone in cockfight crowd","El Gran Mojado","1","21: To Eat - La Cantina de Miseria y Hambre","132","132"
1404,"Exchange","cockfight crowd","someone in cockfight crowd","1","21: To Eat - La Cantina de Miseria y Hambre","132","132"
1405,"Knows of","cockfight crowd","Martians","0","21: To Eat - La Cantina de Miseria y Hambre","132","132"
1406,"Knows of","El Gran Mojado","Martians","0","21: To Eat - La Cantina de Miseria y Hambre","132","132"
1407,"Knows of","cockfight crowd","SUPERNAFTA","0","21: To Eat - La Cantina de Miseria y Hambre","132","134"
1408,"Knows of","El Gran Mojado","SUPERNAFTA","0","21: To Eat - La Cantina de Miseria y Hambre","132","134"
1409,"Exchange","cockfight crowd","El Gran Mojado","1","21: To Eat - La Cantina de Miseria y Hambre","132","134"
1410,"Knows","El Gran Mojado","the gringos","0","21: To Eat - La Cantina de Miseria y Hambre","133","133"
1411,"Knows","cockfight crowd","the gringos","0","21: To Eat - La Cantina de Miseria y Hambre","133","133"
1412,"Knows","El Gran Mojado","Californianos","0","21: To Eat - La Cantina de Miseria y Hambre","133","133"
1413,"Knows","cockfight crowd","Californianos","0","21: To Eat - La Cantina de Miseria y Hambre","133","133"
1414,"Knows","El Gran Mojado","Indigenas","0","21: To Eat - La Cantina de Miseria y Hambre","133","133"
1415,"Knows","cockfight crowd","Indigenas","0","21: To Eat - La Cantina de Miseria y Hambre","133","133"
1416,"Exchange","cockfight crowd","cockfight crowd","1","21: To Eat - La Cantina de Miseria y Hambre","134","134"
1417,"Exchange","Buzzworm","Frank (KPFK The Car Show)","0","37: The Car Show - Front Line","214","214"
1418,"Exchange","Buzzworm","Car Show Caller","0","37: The Car Show - Front Line","214","215"
1419,"Knows of","Buzzworm","Diego Rivera","0","37: The Car Show - Front Line","214","214"
1420,"Exchange","Rodriguez","Arcangel/El Gran Mojado","1","23: To Labor - East & West Forever","142","146"
1421,"Knows","Rodriguez","Gabriel Balboa","1","23: To Labor - East & West Forever","142","143"
1422,"Knows of","Arcangel/El Gran Mojado","Gabriel Balboa","1","23: To Labor - East & West Forever","142","143"
1423,"Knows","Rodriguez","Rafaela Cortés","1","23: To Labor - East & West Forever","142","142"
1424,"Knows of","Arcangel/El Gran Mojado","Rafaela Cortés","0","23: To Labor - East & West Forever","142","142"
1425,"Exchange","Rodriguez","Rodriguez's middle son","1","23: To Labor - East & West Forever","143","143"
1426,"Knows of","Arcangel/El Gran Mojado","Rodriguez's middle son","0","23: To Labor - East & West Forever","143","143"
1427,"Knows of","Arcangel/El Gran Mojado","Rodriguez's oldest son","0","23: To Labor - East & West Forever","143","143"
1428,"Knows","Rodriguez","Rodriguez's oldest son","1","23: To Labor - East & West Forever","143","143"
1429,"Knows of","Arcangel/El Gran Mojado","Rodriguez's youngest son","0","23: To Labor - East & West Forever","143","143"
1430,"Knows","Rodriguez","Rodriguez's youngest son","1","23: To Labor - East & West Forever","143","143"
1431,"Knows","Arcangel/El Gran Mojado","dying soldiers","1","23: To Labor - East & West Forever","143","143"
1432,"Knows","Arcangel/El Gran Mojado","The Orange","1","23: To Labor - East & West Forever","144","144"
1433,"Knows of","Rodriguez","The Orange","1","23: To Labor - East & West Forever","144","144"
1434,"Knows of","Buzzworm","Frida Kahlo","0","37: The Car Show - Front Line","214","214"
1435,"Knows of","Frank (KPFK The Car Show)","Diego Rivera","0","37: The Car Show - Front Line","214","214"
1436,"Knows of","Frank (KPFK The Car Show)","Frida Kahlo","0","37: The Car Show - Front Line","214","214"
1437,"Knows of","Car Show Caller","Diego Rivera","0","37: The Car Show - Front Line","214","214"
1438,"Knows of","Car Show Caller","Frida Kahlo","0","37: The Car Show - Front Line","214","214"
1439,"Knows of","Car Show Caller","Former guest from Japan","0","37: The Car Show - Front Line","214","214"
1440,"Knows of","Buzzworm","Former guest from Japan","0","37: The Car Show - Front Line","214","214"
1441,"Knows","Frank (KPFK The Car Show)","Former guest from Japan","1","37: The Car Show - Front Line","215","215"
1442,"Knows of","Frank (KPFK The Car Show)","Homeless Mother and her child","0","37: The Car Show - Front Line","215","215"
1443,"Knows","Car Show Caller","Homeless Mother and her child","1","37: The Car Show - Front Line","215","215"
1444,"Knows","Buzzworm","Homeless Mother and her child","1","37: The Car Show - Front Line","215","215"
1445,"Exchange","Buzzworm","Manzanar Murakami","1","37: The Car Show - Front Line","215","216"
1446,"Knows","Buzzworm","Mona","1","37: The Car Show - Front Line","216","216"
1447,"Knows","Buzzworm","Emi","1","37: The Car Show - Front Line","216","216"
1448,"Knows of","Buzzworm","Jesse Jackson","0","37: The Car Show - Front Line","216","216"
1449,"Knows of","Buzzworm","Edward Olmos","0","37: The Car Show - Front Line","216","216"
1450,"Knows of","Buzzworm","Police Chief","0","37: The Car Show - Front Line","216","216"
1451,"Knows of","Buzzworm","Mayor of L.A.","0","37: The Car Show - Front Line","216","216"
1452,"Knows of","Buzzworm","Black men (abstract)","0","37: The Car Show - Front Line","216","216"
1453,"Knows of","Buzzworm","bad-mouth baby rappers","0","37: The Car Show - Front Line","216","216"
1454,"Knows of","Buzzworm","Ice-T","0","37: The Car Show - Front Line","216","216"
1455,"Knows of","Buzzworm","NWA","0","37: The Car Show - Front Line","216","216"
1456,"Knows of","Buzzworm","Viet Cong","0","37: The Car Show - Front Line","217","217"
1457,"Exchange","Politicos","Unnamed members of L.A. Underclass","1","37: The Car Show - Front Line","217","218"
1458,"Knows of","Buzzworm","Gil-Scott Heron","0","37: The Car Show - Front Line","218","218"
1459,"Knows","Buzzworm","Gabriel Balboa","1","37: The Car Show - Front Line","218","218"
1460,"Knows of","Buzzworm","Unnamed members of L.A. Underclass","0","37: The Car Show - Front Line","218","218"
1461,"Knows of","Buzzworm","L.A. Suburbanites","0","37: The Car Show - Front Line","219","219"
1462,"Exchange","Buzzworm","Sol","0","37: The Car Show - Front Line","219","219"
1463,"Exchange","Buzzworm","The Orange","1","37: The Car Show - Front Line","219","219"
1464,"Knows","Arcangel/El Gran Mojado","Sol","1","37: The Car Show - Front Line","219","219"
1465,"Knows of","The Orange Mob","The Orange","1","37: The Car Show - Front Line","219","219"
1466,"Knows of","The Orange Mob","Arcangel/El Gran Mojado","1","37: The Car Show - Front Line","219","219"
1467,"Knows of","The Orange Mob","Sol","1","37: The Car Show - Front Line","219","219"
1468,"Exchange","Buzzworm","The Orange Mob","1","37: The Car Show - Front Line","219","220"
1469,"Exchange","Rafaela Cortés","Hernando (Dona Maria's son)","1","38: Nightfall - Aztlán","220","221"
1470,"Knows of","Rafaela Cortés","5000 Women of Cochibamba","0","38: Nightfall - Aztlán","220","220"
1471,"Knows of","Rafaela Cortés","Conquistadors","0","38: Nightfall - Aztlán","220","220"
1472,"Knows","Arcangel/El Gran Mojado","Woman selling nopales","1","23: To Labor - East & West Forever","145","145"
1473,"Knows","Arcangel/El Gran Mojado","Juan Valdez","0","23: To Labor - East & West Forever","145","145"
1474,"Knows","Arcangel/El Gran Mojado","Chico Mendes","0","23: To Labor - East & West Forever","145","145"
1475,"Knows","Arcangel/El Gran Mojado","Haitian farmers","0","23: To Labor - East & West Forever","145","145"
1476,"Knows","Arcangel/El Gran Mojado","Guatemalans","0","23: To Labor - East & West Forever","145","145"
1477,"Knows","Arcangel/El Gran Mojado","Indians","0","23: To Labor - East & West Forever","145","145"
1478,"Knows","Arcangel/El Gran Mojado","Venezuelan and Mexican drivers","0","23: To Labor - East & West Forever","145","145"
1479,"Knows of","Rafaela Cortés","La Malinche","0","38: Nightfall - Aztlán","220","220"
1480,"Knows of","Rafaela Cortés","La Llorona","0","38: Nightfall - Aztlán","220","220"
1481,"Knows","Arcangel/El Gran Mojado","mother in Idaho","0","23: To Labor - East & West Forever","145","145"
1482,"Knows of","Rafaela Cortés","Maria Bonita","0","38: Nightfall - Aztlán","220","220"
1483,"Knows","mother in Idaho","Idaho's mother's child","1","23: To Labor - East & West Forever","145","145"
1484,"Knows","Arcangel/El Gran Mojado","Idaho's mother's child","0","23: To Labor - East & West Forever","145","145"
1485,"Knows of","Rafaela Cortés","one hundred mothers at the Plaza de Mayo","0","38: Nightfall - Aztlán","220","220"
1486,"Knows","Arcangel/El Gran Mojado","lines of laborers","0","23: To Labor - East & West Forever","145","145"
1487,"Knows of","Rafaela Cortés","Coatlalopeuh","0","38: Nightfall - Aztlán","221","221"
1488,"Knows","Arcangel/El Gran Mojado","Rodriguez's oldest son","0","23: To Labor - East & West Forever","145","145"
1489,"Knows","Arcangel/El Gran Mojado","Rodriguez's middle son","0","23: To Labor - East & West Forever","145","145"
1490,"Knows","Arcangel/El Gran Mojado","Rodriguez's youngest son","0","23: To Labor - East & West Forever","145","145"
1491,"Exchange","Eduardo Galeano","Arcangel/El Gran Mojado","1","23: To Labor - East & West Forever","145","145"
1492,"Exchange","Bobby Ngu","Xiayue","1","40: Social Security - I-5","228","231"
1493,"Knows","Arcangel/El Gran Mojado","José Palacios","1","23: To Labor - East & West Forever","146","146"
1494,"Knows of","Rodriguez","José Palacios","0","23: To Labor - East & West Forever","146","146"
1495,"Knows","Arcangel/El Gran Mojado","the gringos","0","23: To Labor - East & West Forever","146","146"
1496,"Knows","Rodriguez","the gringos","0","23: To Labor - East & West Forever","146","146"
1497,"Knows","Bobby Ngu","Bobby's Brother","1","40: Social Security - I-5","229","229"
1498,"Knows of","Bobby Ngu","Barbie","0","40: Social Security - I-5","229","229"
1500,"Knows of","Bobby Ngu","Xiayue's Brother","1","40: Social Security - I-5","229","229"
1501,"Knows","Xiayue","Xiayue's Brother","1","40: Social Security - I-5","229","229"
1502,"Knows of","Bobby Ngu","Xiayue's Brother","1","40: Social Security - I-5","230","230"
1503,"Knows","Xiayue","Xiayue's Brother","1","40: Social Security - I-5","229","230"
1504,"Knows of","Bobby Ngu","Wah Ching","1","40: Social Security - I-5","230","230"
1505,"Knows","Arcangel/El Gran Mojado","Rodriguez's oldest son","0","23: To Labor - East & West Forever","146","147"
1506,"Exchange","Rodriguez","Rodriguez's oldest son","1","23: To Labor - East & West Forever","146","147"
1507,"Knows","Arcangel/El Gran Mojado","Rodriguez's middle son","0","23: To Labor - East & West Forever","147","147"
1508,"Exchange","Bobby Ngu","Gabriel Balboa","1","40: Social Security - I-5","231","231"
1509,"Knows","Rodriguez","Rodriguez's middle son","1","23: To Labor - East & West Forever","147","147"
1510,"Knows","Gabriel Balboa","Rafaela Cortés","1","40: Social Security - I-5","231","231"
1511,"Knows","Gabriel Balboa","Sol","1","40: Social Security - I-5","231","231"
1512,"Knows","Bobby Ngu","Rafaela Cortés","1","40: Social Security - I-5","231","231"
1513,"Knows","Bobby Ngu","Sol","1","40: Social Security - I-5","231","231"
1514,"Knows of","Gabriel Balboa","Hernando (Dona Maria's son)","1","40: Social Security - I-5","231","231"
1515,"Knows of","Bobby Ngu","Hernando (Dona Maria's son)","0","40: Social Security - I-5","231","231"
1516,"Knows of","Bobby Ngu","Barbie","0","40: Social Security - I-5","231","231"
1517,"Knows","Arcangel/El Gran Mojado","Rodriguez's youngest son","0","23: To Labor - East & West Forever","147","147"
1518,"Knows","Arcangel/El Gran Mojado","Emiliano Zapata","0","23: To Labor - East & West Forever","147","148"
1519,"Knows of","Xiayue","Barbie","0","40: Social Security - I-5","231","231"
1520,"Exchange","Bobby Ngu","Xiayue","0","40: Social Security - I-5","232","233"
1521,"Knows","Emiliano Zapata","Jesús Guajardo","1","23: To Labor - East & West Forever","147","147"
1522,"Knows of","Bobby Ngu","Connie Chung","0","40: Social Security - I-5","232","232"
1523,"Knows of","Bobby Ngu","Chekov (Star Trek)","0","40: Social Security - I-5","232","232"
1524,"Knows of","Bobby Ngu","George Takei","0","40: Social Security - I-5","232","232"
1525,"Knows of","Bobby Ngu","Anthony Quinn","0","40: Social Security - I-5","232","232"
1526,"Knows of","Arcangel/El Gran Mojado","the Ch'ol","0","23: To Labor - East & West Forever","148","148"
1527,"Knows of","Arcangel/El Gran Mojado","the Lacandón","0","23: To Labor - East & West Forever","148","148"
1528,"Knows of","Bobby Ngu","David Carradine","0","40: Social Security - I-5","232","232"
1529,"Knows of","Arcangel/El Gran Mojado","the Tzeltal","0","23: To Labor - East & West Forever","148","148"
1530,"Knows of","Arcangel/El Gran Mojado","the Tzotzil","0","23: To Labor - East & West Forever","148","148"
1531,"Knows of","Bobby Ngu","El Gran Mojado","0","40: Social Security - I-5","232","232"
1532,"Knows of","Arcangel/El Gran Mojado","the Tojolabal","0","23: To Labor - East & West Forever","148","148"
1533,"Knows of","Arcangel/El Gran Mojado","the Zoque","0","23: To Labor - East & West Forever","148","148"
1534,"Knows of","Bobby Ngu","Wally Amos (Famous Amos)","0","40: Social Security - I-5","233","233"
1535,"Knows","Arcangel/El Gran Mojado","Rodriguez","1","23: To Labor - East & West Forever","148","148"
1536,"Exchange","Gabriel Balboa","Rafaela Cortés","1","25: Time & a Half - Limousine Way","154","154"
1537,"Knows","Rafaela Cortés","Bobby Ngu","1","25: Time & a Half - Limousine Way","154","154"
1538,"Knows","Gabriel Balboa","Emi","1","25: Time & a Half - Limousine Way","154","154"
1539,"Knows","Gabriel Balboa","Unnamed members of L.A. Underclass","0","25: Time & a Half - Limousine Way","154","155"
1540,"Knows","Gabriel Balboa","Manzanar Murakami","1","25: Time & a Half - Limousine Way","154","154"
1541,"Knows","Gabriel Balboa","Buzzworm","1","25: Time & a Half - Limousine Way","154","154"
1542,"Exchange","Gabriel Balboa","Emi","1","25: Time & a Half - Limousine Way","155","155"
1543,"Knows","Emi","Unnamed members of L.A. Underclass","0","25: Time & a Half - Limousine Way","155","155"
1544,"Knows of","Gabriel Balboa","Real (paying) people","0","25: Time & a Half - Limousine Way","155","155"
1545,"Knows","Emi","Real (paying) people","0","25: Time & a Half - Limousine Way","155","155"
1546,"Knows of","Real (paying) people","Unnamed members of L.A. Underclass","1","25: Time & a Half - Limousine Way","155","155"
1547,"Knows","Gabriel Balboa","MacNeil","0","25: Time & a Half - Limousine Way","155","155"
1548,"Knows","Gabriel Balboa","Lehrer","0","25: Time & a Half - Limousine Way","155","155"
1549,"Exchange","Gabriel Balboa","Buzzworm","1","25: Time & a Half - Limousine Way","155","158"
1550,"Knows","Buzzworm","Beethoven","0","25: Time & a Half - Limousine Way","155","155"
1551,"Exchange","Buzzworm","Unnamed members of L.A. Underclass","1","25: Time & a Half - Limousine Way","155","156"
1552,"Knows","Buzzworm","Car jam Barista","1","25: Time & a Half - Limousine Way","156","156"
1553,"Exchange","guy singing like Pavarotti","Buzzworm","1","25: Time & a Half - Limousine Way","156","156"
1554,"Knows","Buzzworm","Pavarotti","0","25: Time & a Half - Limousine Way","156","156"
1555,"Knows of","Buzzworm","Corazon Juarez","0","25: Time & a Half - Limousine Way","157","157"
1556,"Knows","Buzzworm","Organ Traffickers","0","25: Time & a Half - Limousine Way","157","157"
1557,"Knows","Corazon Juarez","Organ Traffickers","1","25: Time & a Half - Limousine Way","157","157"
1558,"Knows","Buzzworm","Manzanar Murakami","1","25: Time & a Half - Limousine Way","157","157"
1559,"Exchange","Gabriel Balboa","Manzanar Murakami","1","25: Time & a Half - Limousine Way","157","157"
1560,"Knows","Buzzworm","Unnamed members of L.A. Underclass","1","25: Time & a Half - Limousine Way","157","157"
1561,"Knows","Gabriel Balboa","Emi","1","25: Time & a Half - Limousine Way","157","157"
1562,"Knows","Buzzworm","LAPD","0","25: Time & a Half - Limousine Way","157","157"
1563,"Knows","Buzzworm","National Guard","0","25: Time & a Half - Limousine Way","157","157"
1564,"Knows of","Buzzworm","Car Owners and Passengers (abstract)","0","25: Time & a Half - Limousine Way","157","157"
1565,"Knows of","Buzzworm","General Custer","0","25: Time & a Half - Limousine Way","158","158"
1566,"Knows","Gabriel Balboa","Rafaela Cortés","1","25: Time & a Half - Limousine Way","158","158"
1567,"Knows of","Gabriel Balboa","Corazon Juarez","0","25: Time & a Half - Limousine Way","158","158"
1568,"Knows","Gabriel Balboa","Unnamed members of L.A. Underclass","0","25: Time & a Half - Limousine Way","158","158"
1569,"Knows","Manzanar Murakami","LAPD","0","28: Lane Change - Avoiding the Harbor","168","168"
1570,"Knows","Manzanar Murakami","Unnamed members of L.A. Underclass","1","28: Lane Change - Avoiding the Harbor","168","169"
1571,"Knows","Manzanar Murakami","The NewsNow Van","0","28: Lane Change - Avoiding the Harbor","169","169"
1572,"Knows","The NewsNow Van","Unnamed members of L.A. Underclass","1","28: Lane Change - Avoiding the Harbor","169","169"
1573,"Knows","LAPD","Unnamed members of L.A. Underclass","1","28: Lane Change - Avoiding the Harbor","168","168"
1574,"Knows","The NewsNow Van","O.J. Simpson","0","28: Lane Change - Avoiding the Harbor","169","169"
1575,"Knows","The NewsNow Van","Menendez Brothers","0","28: Lane Change - Avoiding the Harbor","169","169"
1576,"Exchange","The NewsNow Van","Homeless trader","1","28: Lane Change - Avoiding the Harbor","169","169"
1577,"Knows","Manzanar Murakami","Manzanar Murakami","1","28: Lane Change - Avoiding the Harbor","169","170"
1578,"Knows","Manzanar Murakami","Manzanar's wife","1","28: Lane Change - Avoiding the Harbor","170","170"
1579,"Knows","Manzanar Murakami","Manzanar's family","1","28: Lane Change - Avoiding the Harbor","170","170"
1580,"Knows","Manzanar Murakami","Emi","1","28: Lane Change - Avoiding the Harbor","170","170"
1581,"Knows","Manzanar Murakami","Manzanar's patients","1","28: Lane Change - Avoiding the Harbor","170","170"
1582,"Knows","Manzanar Murakami","Manzanar's friends","1","28: Lane Change - Avoiding the Harbor","170","170"
1583,"Exchange","AQMD","L.A. citizens","1","28: Lane Change - Avoiding the Harbor","171","171"
1584,"Knows","Manzanar Murakami","Motorcyclist in a pink suit and pink helmet","0","28: Lane Change - Avoiding the Harbor","171","171"
1585,"Knows","Motorcyclist in a pink suit and pink helmet","Unnamed members of L.A. Underclass","1","28: Lane Change - Avoiding the Harbor","171","171"
1586,"Knows","Hell's Angels","Motorcyclist in a pink suit and pink helmet","1","28: Lane Change - Avoiding the Harbor","171","171"
1587,"Knows","Heaven's Devils","Motorcyclist in a pink suit and pink helmet","1","28: Lane Change - Avoiding the Harbor","171","171"
1588,"Knows","A rubbie (or two)","Motorcyclist in a pink suit and pink helmet","1","28: Lane Change - Avoiding the Harbor","171","171"
1589,"Knows","Manzanar Murakami","Lover One","0","28: Lane Change - Avoiding the Harbor","171","171"
1590,"Knows","Manzanar Murakami","Lover Two","0","28: Lane Change - Avoiding the Harbor","171","171"
1591,"Exchange","Lover One","Lover Two","1","28: Lane Change - Avoiding the Harbor","171","171"
1592,"Knows","David Welna","Kathleen Welna","1","32: Overtime - El Zócalo","192","192"
1593,"Exchange","Gabriel Balboa","Kathleen Welna","1","32: Overtime - El Zócalo","192","192"
1594,"Knows of","Kathleen Welna","250,000 people (or more)","0","32: Overtime - El Zócalo","192","192"
1595,"Knows of","Gabriel Balboa","25 million inhabitants","0","32: Overtime - El Zócalo","192","192"
1596,"Knows","Gabriel Balboa","David Welna","1","32: Overtime - El Zócalo","193","193"
1597,"Knows","Gabriel Balboa","Emi","1","32: Overtime - El Zócalo","193","193"
1598,"Knows of","Gabriel Balboa","convoys of federales","0","32: Overtime - El Zócalo","193","193"
1599,"Knows of","Gabriel Balboa","human rights observers","0","32: Overtime - El Zócalo","193","193"
1600,"Knows of","Gabriel Balboa","United Nations reps","0","32: Overtime - El Zócalo","193","193"
1601,"Knows of","Gabriel Balboa","liberation theologians","0","32: Overtime - El Zócalo","193","193"
1602,"Knows","Gabriel Balboa","Mexican soldiers","0","32: Overtime - El Zócalo","193","193"
1603,"Knows","Gabriel Balboa","DEA","0","32: Overtime - El Zócalo","193","193"
1604,"Knows of","Gabriel Balboa","two high level gov't officials","0","32: Overtime - El Zócalo","193","193"
1605,"Knows","Gabriel Balboa","Corazon Juarez","0","32: Overtime - El Zócalo","193","193"
1606,"Exchange","Gabriel Balboa","Organ Traffickers","1","32: Overtime - El Zócalo","193","193"
1607,"Knows","Gabriel Balboa","orphaned kids","1","32: Overtime - El Zócalo","194","194"
1608,"Exchange","Gabriel Balboa","Emi","1","32: Overtime - El Zócalo","194","196"
1609,"Knows","Gabriel Balboa","The Zapatistas","1","32: Overtime - El Zócalo","194","194"
1610,"Knows","Gabriel Balboa","Rafaela Cortés","1","32: Overtime - El Zócalo","194","194"
1611,"Knows of","Rafaela Cortés","two-year-old","0","32: Overtime - El Zócalo","194","194"
1612,"Knows","Emi","Buzzworm","1","32: Overtime - El Zócalo","194","194"
1613,"Knows","Emi","Corazon Juarez","0","32: Overtime - El Zócalo","194","194"
1614,"Knows","Rafaela Cortés","Sol","1","32: Overtime - El Zócalo","194","195"
1615,"Exchange","Gabriel Balboa","Doña Maria","1","32: Overtime - El Zócalo","195","195"
1616,"Knows","Doña Maria","Lupe","1","32: Overtime - El Zócalo","195","195"
1617,"Knows","Doña Maria","Rafaela Cortés","1","32: Overtime - El Zócalo","195","195"
1618,"Knows","Doña Maria","Sol","1","32: Overtime - El Zócalo","195","195"
1619,"Knows","Doña Maria","police","0","32: Overtime - El Zócalo","195","195"
1620,"Knows","Rafaela Cortés","Hernando (Dona Maria's son)","1","32: Overtime - El Zócalo","195","195"
1621,"Knows","Doña Maria","Hernando (Dona Maria's son)","1","32: Overtime - El Zócalo","195","195"
1622,"Knows","Gabriel Balboa","250,000 people (or more)","0","32: Overtime - El Zócalo","195","195"
1623,"Exchange","Subcomandante Marcos","Gabriel Balboa","1","32: Overtime - El Zócalo","195","195"
1625,"Knows","Subcomandante Marcos","The people in Marcos village","1","32: Overtime - El Zócalo","195","195"
1626,"Knows of","Emi","Subcomandante Marcos","1","32: Overtime - El Zócalo","195","196"
1627,"Knows","Emi","The people in Marcos village","0","32: Overtime - El Zócalo","195","195"
1628,"Knows","Arcangel/El Gran Mojado","Bus passengers","1","33: To Dream - America","196","197"
1631,"Exchange","Arcangel/El Gran Mojado","Sol","1","33: To Dream - America","196","197"
1632,"Knows","Arcangel/El Gran Mojado","The Orange","1","33: To Dream - America","197","197"
1633,"Knows","Sol","The Orange","1","33: To Dream - America","197","197"
1634,"Knows of","Arcangel/El Gran Mojado","400,000 deported Mexicans","0","33: To Dream - America","198","198"
1635,"Knows of","Arcangel/El Gran Mojado","2.2 million braceros","0","33: To Dream - America","198","199"
1636,"Exchange","border guard","Arcangel/El Gran Mojado","1","33: To Dream - America","198","200"
1637,"Knows","Arcangel/El Gran Mojado","Carlos Salinas de Gortari","1","33: To Dream - America","199","199"
1638,"Knows of","border guard","Carlos Salinas de Gortari","0","33: To Dream - America","199","199"
1639,"Knows","Arcangel/El Gran Mojado","Henrique Cardoso","1","33: To Dream - America","199","199"
1640,"Knows of","border guard","Henrique Cardoso","0","33: To Dream - America","199","199"
1641,"Knows","Arcangel/El Gran Mojado","Fidel Castro","1","33: To Dream - America","199","199"
1642,"Knows of","border guard","Fidel Castro","0","33: To Dream - America","199","199"
1643,"Knows","border guard","2.2 million braceros","1","33: To Dream - America","199","199"
1644,"Knows","Arcangel/El Gran Mojado","The Orange","1","33: To Dream - America","200","200"
1645,"Knows of","border guard","The Orange","0","33: To Dream - America","200","200"
1646,"Knows of","Arcangel/El Gran Mojado","kids selling Kleenex","0","33: To Dream - America","200","200"
1647,"Knows of","Arcangel/El Gran Mojado","woman pressing rubber","0","33: To Dream - America","200","200"
1648,"Knows of","Arcangel/El Gran Mojado","men welding fenders","0","33: To Dream - America","200","200"
1649,"Knows","Arcangel/El Gran Mojado","Moctezuma","0","33: To Dream - America","200","200"
1650,"Knows of","Arcangel/El Gran Mojado","The Aztecs","0","33: To Dream - America","200","200"
1651,"Knows","Arcangel/El Gran Mojado","Atahualpa","0","33: To Dream - America","200","200"
1652,"Knows","Arcangel/El Gran Mojado","Indians","0","33: To Dream - America","200","200"
1653,"Knows","Arcangel/El Gran Mojado","Simón Bolívar","0","33: To Dream - America","200","200"
1654,"Knows","Arcangel/El Gran Mojado","Pablo Neruda","0","33: To Dream - America","200","200"
1655,"Knows","Arcangel/El Gran Mojado","Che Guevara","0","33: To Dream - America","200","200"
1656,"Knows","Arcangel/El Gran Mojado","Francisco de Morazán","0","33: To Dream - America","200","200"
1657,"Knows","Arcangel/El Gran Mojado","Benito","0","33: To Dream - America","200","200"
1658,"Knows","Arcangel/El Gran Mojado","Sandino","0","33: To Dream - America","200","200"
1659,"Knows","Arcangel/El Gran Mojado","Archbishop Romero","0","33: To Dream - America","200","200"
1660,"Knows","Arcangel/El Gran Mojado","Pancho Villa","0","33: To Dream - America","200","200"
1661,"Knows","Arcangel/El Gran Mojado","Salvador Allende","0","33: To Dream - America","200","200"
1662,"Knows","Arcangel/El Gran Mojado","Conquistadors","0","33: To Dream - America","200","200"
1663,"Knows of","Arcangel/El Gran Mojado","Combined Military Forces","0","33: To Dream - America","200","200"
1664,"Knows of","Arcangel/El Gran Mojado","murderers (200)","0","33: To Dream - America","200","200"
1665,"Knows of","Arcangel/El Gran Mojado","African slaves","0","33: To Dream - America","200","200"
1666,"Knows of","Arcangel/El Gran Mojado","freedom fighters","0","33: To Dream - America","200","200"
1667,"Knows of","Arcangel/El Gran Mojado","Anthropologists","0","33: To Dream - America","200","200"
1668,"Knows of","Arcangel/El Gran Mojado","Latifundistas","0","33: To Dream - America","201","201"
1669,"Knows of","Arcangel/El Gran Mojado","Ecomartyrs","0","33: To Dream - America","201","201"
1670,"Knows of","Arcangel/El Gran Mojado","Terrorists","0","33: To Dream - America","201","201"
1671,"Knows of","Arcangel/El Gran Mojado","Saints","0","33: To Dream - America","201","201"
1672,"Knows","Rose Bowl crowd","Bruin mascot","1","35: Jam - Greater L.A.","204","204"
1673,"Knows","Rose Bowl crowd","sweaty trojan horse rider","1","35: Jam - Greater L.A.","204","204"
1674,"Knows","UCLA team","USC team","1","35: Jam - Greater L.A.","204","204"
1675,"Knows","Rose Bowl crowd","UCLA team","1","35: Jam - Greater L.A.","204","204"
1676,"Knows","Rose Bowl crowd","USC team","1","35: Jam - Greater L.A.","204","204"
1677,"Knows","UCLA team","Bruin mascot","1","35: Jam - Greater L.A.","204","204"
1678,"Knows","UCLA team","sweaty trojan horse rider","1","35: Jam - Greater L.A.","204","204"
1679,"Knows","USC team","Bruin mascot","1","35: Jam - Greater L.A.","204","204"
1680,"Knows","USC team","sweaty trojan horse rider","1","35: Jam - Greater L.A.","204","204"
1681,"Knows","Sports Arena crowd","The Clippers","1","35: Jam - Greater L.A.","204","204"
1682,"Knows","Nomo fans","The Dodgers","1","35: Jam - Greater L.A.","204","204"
1683,"Knows","Nomo fans","Hideo Nomo","1","35: Jam - Greater L.A.","204","204"
1684,"Knows","Hideo Nomo","The Dodgers","1","35: Jam - Greater L.A.","204","204"
1685,"Knows","Scottie Pippen","Shaquille O'Neal","1","35: Jam - Greater L.A.","204","204"
1686,"Knows","Scottie Pippen","The Lakers","1","35: Jam - Greater L.A.","204","204"
1687,"Knows","Shaquille O'Neal","The Lakers","1","35: Jam - Greater L.A.","204","204"
1688,"Knows","Forum crowd","Scottie Pippen","1","35: Jam - Greater L.A.","204","204"
1689,"Knows","Forum crowd","Shaquille O'Neal","1","35: Jam - Greater L.A.","204","204"
1690,"Knows","Forum crowd","The Lakers","1","35: Jam - Greater L.A.","204","204"
1691,"Knows","Forum crowd","Chicago Bulls","1","35: Jam - Greater L.A.","204","204"
1692,"Knows","Chicago Bulls","The Lakers","1","35: Jam - Greater L.A.","204","204"
1693,"Knows","Chicago Bulls","Scottie Pippen","1","35: Jam - Greater L.A.","204","204"
1694,"Knows","Chicago Bulls","Shaquille O'Neal","1","35: Jam - Greater L.A.","204","204"
1695,"Knows","Bud Girls","Boxing match attendees","1","35: Jam - Greater L.A.","204","204"
1696,"Knows","Placido Domingo","Rossini","0","35: Jam - Greater L.A.","204","204"
1697,"Knows","Placido Domingo","Peter Sellers","1","35: Jam - Greater L.A.","204","204"
1698,"Knows","Peter Sellers","Rossini","0","35: Jam - Greater L.A.","204","204"
1699,"Knows","Placido Domingo","Dorothy Buffum Chandler","0","35: Jam - Greater L.A.","204","204"
1700,"Knows","Peter Sellers","Dorothy Buffum Chandler","0","35: Jam - Greater L.A.","204","204"
1701,"Knows","Opera crowd","Placido Domingo","1","35: Jam - Greater L.A.","204","204"
1702,"Knows","Opera crowd","Rossini","0","35: Jam - Greater L.A.","204","204"
1703,"Knows","Opera crowd","Dorothy Buffum Chandler","0","35: Jam - Greater L.A.","204","204"
1704,"Knows","Oscar awards crowd","Richard Sakai","1","35: Jam - Greater L.A.","204","204"
1705,"Exchange","Beauty","Beast","1","35: Jam - Greater L.A.","204","204"
1706,"Knows","Shubert crowd","Beauty","1","35: Jam - Greater L.A.","204","204"
1707,"Knows","Shubert crowd","Beast","1","35: Jam - Greater L.A.","204","204"
1708,"Knows","Chinese housewives","Chinese housewives","1","35: Jam - Greater L.A.","204","204"
1709,"Exchange","Julio Iglesias","Thousands of Iglesias fans","1","35: Jam - Greater L.A.","204","204"
1710,"Exchange","Robert McNeil","The Jubilee Choir","1","35: Jam - Greater L.A.","205","205"
1711,"Exchange","Robert McNeil","The Greek audience","1","35: Jam - Greater L.A.","205","205"
1712,"Exchange","The Jubilee Choir","The Greek audience","1","35: Jam - Greater L.A.","205","205"
1713,"Knows","John Mauceri","Hollywood Bowl audience","1","35: Jam - Greater L.A.","205","205"
1714,"Knows","John Mauceri","Hollywood Bowl Orchestra","1","35: Jam - Greater L.A.","205","205"
1715,"Knows","Hollywood Bowl audience","Hollywood Bowl Orchestra","1","35: Jam - Greater L.A.","205","205"
1716,"Knows","MOCA attendees","Andy Warhol","0","35: Jam - Greater L.A.","205","205"
1717,"Knows","LACMA attendees","King Tut","0","35: Jam - Greater L.A.","205","205"
1718,"Exchange","Andrei Codrescu","Central Library attendees","1","35: Jam - Greater L.A.","205","205"
1719,"Knows","Surfers","Punks","1","35: Jam - Greater L.A.","205","205"
1720,"Knows","Chicanos","César Chávez","0","35: Jam - Greater L.A.","205","205"
1721,"Knows","Volleyball teams","Volleyball teams","1","35: Jam - Greater L.A.","205","205"
1722,"Exchange","Gawkers","Market sellers (205)","1","35: Jam - Greater L.A.","205","205"
1723,"Knows","4-H demonstrators","L.A. County Fair attendees","1","35: Jam - Greater L.A.","205","205"
1724,"Knows","Japanese American actors","undocumenteds/illegals/aliens","0","35: Jam - Greater L.A.","205","205"
1725,"Exchange","Santa Anita Racetrack crowd","Japanese American actors","1","35: Jam - Greater L.A.","205","205"
1726,"Knows of","Santa Anita Racetrack crowd","undocumenteds/illegals/aliens","0","35: Jam - Greater L.A.","205","205"
1727,"Knows","Sin Yang Chang","Sin Yang Chang's wife","1","35: Jam - Greater L.A.","205","205"
1728,"Knows","Sin Yang Chang","Steven Spielberg","0","35: Jam - Greater L.A.","205","205"
1729,"Knows","Sin Yang Chang's wife","Steven Spielberg","0","35: Jam - Greater L.A.","205","205"
1730,"Knows","dinner attendees","several Republican presidential candidates","1","35: Jam - Greater L.A.","205","205"
1731,"Knows","Chris","Qris","1","35: Jam - Greater L.A.","205","205"
1732,"Exchange","Chris","Japan America Theatre worker","1","35: Jam - Greater L.A.","205","205"
1733,"Exchange","Qris","Japan America Theatre worker","1","35: Jam - Greater L.A.","205","205"
1734,"Exchange","Stomp performers","Wadsworth audience","1","35: Jam - Greater L.A.","205","205"
1735,"Knows","Manzanar Murakami","L.A. citizens","0","35: Jam - Greater L.A.","206","207"
1736,"Exchange","Arcangel/El Gran Mojado","Bus passengers","1","36: To Perform - Angel's Flight","211","212"
1737,"Knows","Arcangel/El Gran Mojado","Sol","1","36: To Perform - Angel's Flight","211","211"
1738,"Knows","Arcangel/El Gran Mojado","The Orange","1","36: To Perform - Angel's Flight","211","211"
1739,"Knows","Sol","Bus passengers","1","36: To Perform - Angel's Flight","211","211"
1740,"Knows","Sol","The Orange","1","36: To Perform - Angel's Flight","211","211"
1741,"Exchange","Arcangel/El Gran Mojado","Northern People","1","36: To Perform - Angel's Flight","211","213"
1742,"Knows","Northern People","Virgin of Guadalupe","0","36: To Perform - Angel's Flight","211","211"
1743,"Knows","Arcangel/El Gran Mojado","Virgin of Guadalupe","0","36: To Perform - Angel's Flight","211","211"
1744,"Knows","Northern People","Tonantzin","0","36: To Perform - Angel's Flight","211","211"
1745,"Knows","Northern People","Juan Diego","0","36: To Perform - Angel's Flight","211","211"
1746,"Knows","Arcangel/El Gran Mojado","Tonantzin","0","36: To Perform - Angel's Flight","211","211"
1747,"Knows","Arcangel/El Gran Mojado","Juan Diego","0","36: To Perform - Angel's Flight","211","211"
1748,"Exchange","Northern People","Bus passengers","1","36: To Perform - Angel's Flight","211","213"
1749,"Knows","Northern People","General Custer","0","36: To Perform - Angel's Flight","212","212"
1750,"Knows","Arcangel/El Gran Mojado","General Custer","1","36: To Perform - Angel's Flight","212","212"
1751,"Knows","Northern People","Sitting Bull","0","36: To Perform - Angel's Flight","212","212"
1752,"Knows","Arcangel/El Gran Mojado","Sitting Bull","1","36: To Perform - Angel's Flight","212","212"
1753,"Knows","Northern People","Teddy Roosevelt","0","36: To Perform - Angel's Flight","212","212"
1754,"Knows","Arcangel/El Gran Mojado","Teddy Roosevelt","1","36: To Perform - Angel's Flight","212","212"
1755,"Knows of","Bus passengers","Teddy Roosevelt","0","36: To Perform - Angel's Flight","212","212"
1756,"Knows of","Bus passengers","Sitting Bull","0","36: To Perform - Angel's Flight","212","212"
1757,"Knows of","Bus passengers","General Custer","0","36: To Perform - Angel's Flight","212","212"
1758,"Knows","Arcangel/El Gran Mojado","Simón Bolívar","1","36: To Perform - Angel's Flight","212","212"
1759,"Knows","Northern People","Simón Bolívar","0","36: To Perform - Angel's Flight","212","212"
1760,"Knows of","Bus passengers","Simón Bolívar","0","36: To Perform - Angel's Flight","212","212"
1761,"Knows","Northern People","Che Guevara","0","36: To Perform - Angel's Flight","212","212"
1762,"Knows","Arcangel/El Gran Mojado","Che Guevara","1","36: To Perform - Angel's Flight","212","212"
1763,"Knows of","Bus passengers","Che Guevara","0","36: To Perform - Angel's Flight","212","212"
1764,"Knows","Northern People","Leon Trotsky","0","36: To Perform - Angel's Flight","212","212"
1765,"Knows","Arcangel/El Gran Mojado","Leon Trotsky","1","36: To Perform - Angel's Flight","212","212"
1766,"Knows of","Bus passengers","Leon Trotsky","0","36: To Perform - Angel's Flight","212","212"
1767,"Knows","Northern People","Tachito Somoza","0","36: To Perform - Angel's Flight","212","212"
1768,"Knows","Arcangel/El Gran Mojado","Tachito Somoza","1","36: To Perform - Angel's Flight","212","212"
1769,"Knows of","Bus passengers","Tachito Somoza","0","36: To Perform - Angel's Flight","212","212"
1770,"Knows","Northern People","Eva Péron","0","36: To Perform - Angel's Flight","212","212"
1771,"Knows","Arcangel/El Gran Mojado","Eva Péron","1","36: To Perform - Angel's Flight","212","212"
1772,"Knows of","Bus passengers","Eva Péron","0","36: To Perform - Angel's Flight","212","212"
1773,"Knows","Northern People","Mothers of the Disappeared","0","36: To Perform - Angel's Flight","213","213"
1774,"Knows","Arcangel/El Gran Mojado","Mothers of the Disappeared","1","36: To Perform - Angel's Flight","213","213"
1775,"Knows of","Bus passengers","Mothers of the Disappeared","0","36: To Perform - Angel's Flight","213","213"
1776,"Knows","Northern People","Santos Dumont","0","36: To Perform - Angel's Flight","213","213"
1777,"Knows","Arcangel/El Gran Mojado","Santos Dumont","1","36: To Perform - Angel's Flight","213","213"
1778,"Knows of","Bus passengers","Santos Dumont","0","36: To Perform - Angel's Flight","213","213"
1779,"Knows","Northern People","Charles Darwin","0","36: To Perform - Angel's Flight","213","213"
1780,"Knows","Arcangel/El Gran Mojado","Charles Darwin","1","36: To Perform - Angel's Flight","213","213"
1781,"Knows of","Bus passengers","Charles Darwin","0","36: To Perform - Angel's Flight","213","213"
1782,"Knows","Northern People","the Spider Woman","0","36: To Perform - Angel's Flight","213","213"
1783,"Exchange","Arcangel/El Gran Mojado","the Spider Woman","1","36: To Perform - Angel's Flight","213","213"
1784,"Knows of","Bus passengers","the Spider Woman","0","36: To Perform - Angel's Flight","213","213"
1785,"Exchange","Northern People","Sol","1","36: To Perform - Angel's Flight","212","213"
1786,"Knows of","Sol","Sitting Bull","1","36: To Perform - Angel's Flight","212","212"
1787,"Knows of","Sol","General Custer","0","36: To Perform - Angel's Flight","212","212"
1788,"Knows of","Sol","Teddy Roosevelt","0","36: To Perform - Angel's Flight","212","212"
1789,"Knows of","Sol","Simón Bolívar","0","36: To Perform - Angel's Flight","212","212"
1790,"Knows of","Sol","Che Guevara","0","36: To Perform - Angel's Flight","212","212"
1791,"Knows of","Sol","Leon Trotsky","0","36: To Perform - Angel's Flight","212","212"
1792,"Knows of","Sol","Tachito Somoza","0","36: To Perform - Angel's Flight","212","212"
1793,"Knows of","Sol","Eva Péron","0","36: To Perform - Angel's Flight","212","212"
1794,"Knows of","Sol","Mothers of the Disappeared","0","36: To Perform - Angel's Flight","213","213"
1795,"Knows of","Sol","Santos Dumont","0","36: To Perform - Angel's Flight","213","213"
1796,"Knows of","Sol","Charles Darwin","0","36: To Perform - Angel's Flight","213","213"
1797,"Exchange","Arcangel/El Gran Mojado","Poor man on street","1","36: To Perform - Angel's Flight","213","213"
1798,"Knows","Sol","Poor man on street","1","36: To Perform - Angel's Flight","213","213"
1799,"Knows","Bus passengers","Poor man on street","1","36: To Perform - Angel's Flight","213","213"
1800,"Knows","Northern People","Poor man on street","1","36: To Perform - Angel's Flight","213","213"
1801,"Exchange","Arcangel/El Gran Mojado","Young mother","1","36: To Perform - Angel's Flight","213","213"
1802,"Knows","Sol","Young mother","1","36: To Perform - Angel's Flight","213","213"
1803,"Knows","Bus passengers","Young mother","1","36: To Perform - Angel's Flight","213","213"
1804,"Knows","Northern People","Young mother","1","36: To Perform - Angel's Flight","213","213"
1805,"Exchange","Arcangel/El Gran Mojado","Young man","1","36: To Perform - Angel's Flight","213","213"
1806,"Knows","Sol","Young man","1","36: To Perform - Angel's Flight","213","213"
1807,"Knows","Bus passengers","Young man","1","36: To Perform - Angel's Flight","213","213"
1808,"Knows","Northern People","Young man","1","36: To Perform - Angel's Flight","213","213"
1809,"Exchange","Arcangel/El Gran Mojado","Old man","1","36: To Perform - Angel's Flight","213","213"
1810,"Knows","Sol","Old man","1","36: To Perform - Angel's Flight","213","213"
1811,"Knows","Bus passengers","Old man","1","36: To Perform - Angel's Flight","213","213"
1812,"Exchange","Arcangel/El Gran Mojado","The Orange","1","36: To Perform - Angel's Flight","213","213"
1813,"Knows","Northern People","The Orange","1","36: To Perform - Angel's Flight","213","213"
1814,"Knows","Northern People","The Orange","1","36: To Perform - Angel's Flight","213","213"
1815,"Knows","Sol","The Orange","1","36: To Perform - Angel's Flight","213","213"
1816,"Knows","Customs Officials","The Orange","1","36: To Perform - Angel's Flight","214","214"
1817,"Knows","Public Health officials","The Orange","1","36: To Perform - Angel's Flight","214","214"
1818,"Knows","FBI Agents","The Orange","1","36: To Perform - Angel's Flight","214","214"
1819,"Exchange","Sol","The Orange","1","36: To Perform - Angel's Flight","214","214"
1820,"Exchange","Gabriel Balboa","Emi","1","39: Working Weekend - Dirt Shoulder","222","222"
1821,"Knows","Emi","Manzanar Murakami","1","39: Working Weekend - Dirt Shoulder","222","222"
1822,"Knows","Emi","Emi's Father","1","39: Working Weekend - Dirt Shoulder","222","222"
1823,"Knows","Emi","Emi's Mother","1","39: Working Weekend - Dirt Shoulder","222","222"
1824,"Knows","Emi's Father","Manzanar Murakami","1","39: Working Weekend - Dirt Shoulder","222","222"
1825,"Knows","Emi's Mother","Manzanar Murakami","1","39: Working Weekend - Dirt Shoulder","222","222"
1826,"Knows of","Bobby Ngu","Henry Huntington (Huntington Beach)","0","40: Social Security - I-5","233","233"
1827,"Knows of","Bobby Ngu","Walter H. Leimert","0","40: Social Security - I-5","233","233"
1828,"Knows of","Bobby Ngu","Douglas MacArthur","0","40: Social Security - I-5","233","233"
1829,"Knows of","Bobby Ngu","St. Monica","0","40: Social Security - I-5","233","233"
1830,"Knows of","Bobby Ngu","St. Ana","0","40: Social Security - I-5","233","233"
1831,"Knows of","Bobby Ngu","St. Bernardino","0","40: Social Security - I-5","233","233"
1832,"Knows of","Bobby Ngu","St. Marino","0","40: Social Security - I-5","233","233"
1833,"Knows of","Bobby Ngu","St. Pedro","0","40: Social Security - I-5","233","233"
1834,"Knows of","Bobby Ngu","St.Gabriel","1","40: Social Security - I-5","233","233"
1835,"Exchange","Buzzworm","Emi","1","41: Prime Time - Last Stop","234","237"
1836,"Exchange","Buzzworm","Kerry the Technician","0","41: Prime Time - Last Stop","237","237"
1837,"Exchange","Emi","Kerry the Technician","0","41: Prime Time - Last Stop","236","236"
1838,"Knows","Buzzworm","The NewsNow Van","1","41: Prime Time - Last Stop","234","234"
1839,"Knows","Buzzworm","Kerry the Technician","1","41: Prime Time - Last Stop","236","236"
1840,"Knows","Buzzworm","The NewsNow Van","1","41: Prime Time - Last Stop","235","235"
1841,"Knows","Buzzworm","The NewsNow Van","1","41: Prime Time - Last Stop","236","236"
1842,"Knows","Buzzworm","The NewsNow Van","1","42: Drive-By - Virtually Everywhere","237","237"
1843,"Knows","Emi","The NewsNow Van","1","41: Prime Time - Last Stop","234","234"
1844,"Knows","Emi","The NewsNow Van","1","41: Prime Time - Last Stop","235","235"
1845,"Knows","Emi","The NewsNow Van","1","41: Prime Time - Last Stop","236","236"
1846,"Knows","Emi","The NewsNow Van","1","41: Prime Time - Last Stop","237","237"
1847,"Knows","Kerry the Technician","The NewsNow Van","1","41: Prime Time - Last Stop","236","236"
1848,"Knows","Kerry the Technician","The NewsNow Van","1","41: Prime Time - Last Stop","237","237"
1849,"Exchange","Gabriel Balboa","Rafaela Cortés","1","39: Working Weekend - Dirt Shoulder","223","226"
1850,"Knows","Rafaela Cortés","Bobby Ngu","1","39: Working Weekend - Dirt Shoulder","223","223"
1851,"Knows","Rafaela Cortés","Sol","1","39: Working Weekend - Dirt Shoulder","223","224"
1852,"Knows","Gabriel Balboa","Emi","1","39: Working Weekend - Dirt Shoulder","224","224"
1853,"Exchange","Gabriel Balboa","Gabriel Balboa's family","1","39: Working Weekend - Dirt Shoulder","224","224"
1854,"Knows","Gabriel Balboa","Van Gogh","0","39: Working Weekend - Dirt Shoulder","224","224"
1855,"Knows","Rafaela Cortés","Hernando (Dona Maria's son)","1","39: Working Weekend - Dirt Shoulder","225","226"
1856,"Knows","Rafaela Cortés","Bobby Ngu","1","39: Working Weekend - Dirt Shoulder","225","225"
1857,"Knows","Rafaela Cortés","Sol","1","39: Working Weekend - Dirt Shoulder","225","225"
1858,"Exchange","Doña Maria","Rafaela Cortés","1","39: Working Weekend - Dirt Shoulder","225","226"
1859,"Knows","Doña Maria","Hernando (Dona Maria's son)","1","39: Working Weekend - Dirt Shoulder","225","226"
1860,"Exchange","Gabriel Balboa","Doña Maria","1","39: Working Weekend - Dirt Shoulder","226","226"
1861,"Knows","Doña Maria","Lupe","1","39: Working Weekend - Dirt Shoulder","226","226"
1862,"Knows","Doña Maria","Jesus","1","39: Working Weekend - Dirt Shoulder","226","226"
1863,"Knows","Doña Maria","Mary","0","39: Working Weekend - Dirt Shoulder","226","226"
1864,"Knows","Doña Maria","God","1","39: Working Weekend - Dirt Shoulder","226","226"
1865,"Exchange","Gabriel Balboa","Emi","1","39: Working Weekend - Dirt Shoulder","226","227"
1866,"Knows","Emi","Buzzworm","1","39: Working Weekend - Dirt Shoulder","226","226"
1867,"Knows","Gabriel Balboa","Doña Maria","1","39: Working Weekend - Dirt Shoulder","227","227"
1868,"Knows","Gabriel Balboa","Oprah Winfrey","0","39: Working Weekend - Dirt Shoulder","227","227"
1869,"Exchange","Gabriel Balboa","Lupe","1","39: Working Weekend - Dirt Shoulder","227","227"
1870,"Knows","Lupe","Doña Maria","1","39: Working Weekend - Dirt Shoulder","227","227"
1871,"Knows","Lupe","Satellite Dish men","1","39: Working Weekend - Dirt Shoulder","227","227"
1872,"Knows","Gabriel Balboa","Corazon Juarez","0","39: Working Weekend - Dirt Shoulder","227","227"
1873,"Knows","Buzzworm","Corazon Juarez","0","39: Working Weekend - Dirt Shoulder","227","227"
1874,"Knows of","Gabriel Balboa","""They"" (The gov't)","0","39: Working Weekend - Dirt Shoulder","228","228"
1875,"Knows","Gabriel Balboa","Rafaela Cortés","1","39: Working Weekend - Dirt Shoulder","228","228"
1876,"Knows","Gabriel Balboa","Corazon Juarez","0","39: Working Weekend - Dirt Shoulder","228","228"
1877,"Exchange","Doña Maria","Gabriel Balboa","1","39: Working Weekend - Dirt Shoulder","228","228"
1878,"Knows","Doña Maria","Rafaela Cortés","1","39: Working Weekend - Dirt Shoulder","228","228"
1879,"Knows","Manzanar Murakami","L.A. citizens","0","42: Drive-By - Virtually Everywhere","237","238"
1880,"Knows","Manzanar Murakami","Unnamed members of L.A. Underclass","1","42: Drive-By - Virtually Everywhere","238","238"
1881,"Knows","Manzanar Murakami","Sol","0","42: Drive-By - Virtually Everywhere","238","238"
1882,"Knows","Arcangel/El Gran Mojado","Sol","1","42: Drive-By - Virtually Everywhere","238","238"
1883,"Knows","Sol","Motley Parade","1","42: Drive-By - Virtually Everywhere","238","238"
1884,"Knows","Arcangel/El Gran Mojado","Motley Parade","1","42: Drive-By - Virtually Everywhere","238","238"
1885,"Knows","Manzanar Murakami","Arcangel/El Gran Mojado","0","42: Drive-By - Virtually Everywhere","238","238"
1886,"Knows","Northern People","Arcangel/El Gran Mojado","1","42: Drive-By - Virtually Everywhere","239","239"
1887,"Knows","Manzanar Murakami","Emi","1","42: Drive-By - Virtually Everywhere","239","239"
1888,"Knows","Military people","Unnamed members of L.A. Underclass","1","42: Drive-By - Virtually Everywhere","239","239"
1889,"Knows","Manzanar Murakami","Combined Military Forces","0","42: Drive-By - Virtually Everywhere","239","240"
1890,"Exchange","Unnamed members of L.A. Underclass","Manzanar Murakami","1","42: Drive-By - Virtually Everywhere","240","240"
1891,"Knows","Gabriel Balboa","Bobby Ngu","1","43: Deadline - Over the Net","243","243"
1892,"Knows","Bobby Ngu","Sol","1","43: Deadline - Over the Net","243","243"
1893,"Knows","Gabriel Balboa","Corazon Juarez","0","43: Deadline - Over the Net","243","243"
1894,"Knows","Gabriel Balboa","Corazon Juárez's child","0","43: Deadline - Over the Net","243","243"
1895,"Knows","Gabriel Balboa","Rafaela Cortés","1","43: Deadline - Over the Net","243","243"
1896,"Exchange","Gabriel Balboa","Travel agent","1","43: Deadline - Over the Net","243","243"
1897,"Knows of","Travel agent","Corazon Juarez","0","43: Deadline - Over the Net","243","243"
1898,"Knows","Gabriel Balboa","Emi","1","43: Deadline - Over the Net","243","243"
1899,"Knows","Gabriel Balboa","Buzzworm","1","43: Deadline - Over the Net","243","243"
1900,"Knows","Emi","Manzanar Murakami","1","43: Deadline - Over the Net","243","243"
1901,"Knows","Gabriel Balboa","Doña Maria","1","43: Deadline - Over the Net","244","244"
1902,"Exchange","Gabriel Balboa","Brokerage Agent","1","43: Deadline - Over the Net","244","244"
1903,"Exchange","Gabriel Balboa","Lupe","1","43: Deadline - Over the Net","244","244"
1904,"Knows","Lupe","Rafaela Cortés","1","43: Deadline - Over the Net","244","244"
1905,"Knows","Gabriel Balboa","Lupe","1","43: Deadline - Over the Net","245","245"
1906,"Knows","Gabriel Balboa","Organ buyers","0","43: Deadline - Over the Net","245","245"
1907,"Knows","Gabriel Balboa","Organ Traffickers","0","43: Deadline - Over the Net","245","245"
1908,"Knows","Organ buyers","Third World children","1","43: Deadline - Over the Net","245","245"
1909,"Knows","Organ Traffickers","Third World children","1","43: Deadline - Over the Net","245","245"
1910,"Knows","Organ buyers","Organ Traffickers","1","43: Deadline - Over the Net","245","245"
1911,"Knows","Gabriel Balboa","Emi","1","43: Deadline - Over the Net","245","245"
1912,"Knows","Gabriel Balboa","Rafaela Cortés","1","43: Deadline - Over the Net","245","245"
1913,"Exchange","Gabriel Balboa","Emi","1","43: Deadline - Over the Net","246","246"
1914,"Knows","Unnamed members of L.A. Underclass","LAPD","1","43: Deadline - Over the Net","246","246"
1915,"Knows","Gabriel Balboa","""local aborigines""","0","43: Deadline - Over the Net","247","247"
1916,"Knows of","Gabriel Balboa","Brazilian coroner","0","43: Deadline - Over the Net","247","247"
1917,"Exchange","Gabriel Balboa","""source""","1","43: Deadline - Over the Net","247","247"
1918,"Knows","Gabriel Balboa","""commenter""","0","43: Deadline - Over the Net","247","247"
1919,"Exchange","Illegal Organ Receivers","Illegal Organ Receivers","1","43: Deadline - Over the Net","247","247"
1920,"Exchange","Gabriel Balboa","Illegal Organ Receivers","1","43: Deadline - Over the Net","247","247"
1921,"Knows","Gabriel Balboa","Rafaela Cortés","1","43: Deadline - Over the Net","247","247"
1922,"Knows","Rafaela Cortés","Hernando (Dona Maria's son)","1","43: Deadline - Over the Net","247","247"
1923,"Exchange","Emi","Gabriel Balboa","1","43: Deadline - Over the Net","247","247"
1924,"Knows","Emi","police","0","43: Deadline - Over the Net","248","248"
1925,"Knows","Emi","CIA","0","43: Deadline - Over the Net","248","248"
1926,"Knows","Gabriel Balboa","Editors","1","43: Deadline - Over the Net","248","248"
1927,"Knows","Gabriel Balboa","Buzzworm","1","43: Deadline - Over the Net","248","248"
1928,"Knows","Gabriel Balboa","Emi","1","43: Deadline - Over the Net","249","249"
1929,"Knows","Manzanar Murakami","Emi","1","46: SigAlert - The Rim","254","255"
1930,"Knows","Manzanar Murakami","Buzzworm","1","46: SigAlert - The Rim","254","254"
1931,"Knows","Buzzworm","Emi","1","46: SigAlert - The Rim","254","255"
1932,"Exchange","Buzzworm","Manzanar Murakami","1","46: SigAlert - The Rim","255","255"
1933,"Exchange","Arcangel/El Gran Mojado","Audience/Crowd","1","47: To Die - Pacific Rim Auditorium","256","256"
1934,"Knows","Arcangel/El Gran Mojado","CIA","0","47: To Die - Pacific Rim Auditorium","256","256"
1935,"Knows","Arcangel/El Gran Mojado","PRI","0","47: To Die - Pacific Rim Auditorium","256","256"
1936,"Knows","Arcangel/El Gran Mojado","DEA","0","47: To Die - Pacific Rim Auditorium","256","256"
1937,"Knows","Arcangel/El Gran Mojado","INS","0","47: To Die - Pacific Rim Auditorium","256","256"
1938,"Knows","Audience/Crowd","DEA","0","47: To Die - Pacific Rim Auditorium","256","256"
1939,"Knows","Audience/Crowd","PRI","0","47: To Die - Pacific Rim Auditorium","256","256"
1940,"Knows","Audience/Crowd","INS","0","47: To Die - Pacific Rim Auditorium","256","256"
1941,"Knows","Audience/Crowd","CIA","0","47: To Die - Pacific Rim Auditorium","256","256"
1942,"Knows","Arcangel/El Gran Mojado","SUPERNAFTA","1","47: To Die - Pacific Rim Auditorium","256","256"
1943,"Knows","Audience/Crowd","SUPERNAFTA","1","47: To Die - Pacific Rim Auditorium","256","256"
1944,"Knows","Arcangel/El Gran Mojado","El Gran Mojado","1","47: To Die - Pacific Rim Auditorium","256","256"
1945,"Knows","Audience/Crowd","El Gran Mojado","1","47: To Die - Pacific Rim Auditorium","256","256"
1946,"Knows","SUPERNAFTA","El Gran Mojado","1","47: To Die - Pacific Rim Auditorium","256","257"
1947,"Exchange","SUPERNAFTA","Audience/Crowd","1","47: To Die - Pacific Rim Auditorium","257","257"
1948,"Knows","SUPERNAFTA","God","1","47: To Die - Pacific Rim Auditorium","257","257"
1949,"Knows","Audience/Crowd","God","0","47: To Die - Pacific Rim Auditorium","257","257"
1950,"Knows","Audience/Crowd","SUPERNAFTA","1","47: To Die - Pacific Rim Auditorium","258","258"
1951,"Exchange","El Gran Mojado","Audience/Crowd","1","47: To Die - Pacific Rim Auditorium","258","261"
1952,"Knows","Audience/Crowd","Ricardo Montalban","0","47: To Die - Pacific Rim Auditorium","258","258"
1953,"Knows","El Gran Mojado","Ricardo Montalban","1","47: To Die - Pacific Rim Auditorium","258","258"
1954,"Knows","Audience/Crowd","Marcello Mastroianni","0","47: To Die - Pacific Rim Auditorium","258","258"
1955,"Knows","El Gran Mojado","Marcello Mastroianni","0","47: To Die - Pacific Rim Auditorium","258","258"
1956,"Knows","fan 2","fan 2's mom","1","47: To Die - Pacific Rim Auditorium","258","258"
1957,"Knows of","fan 1","fan 2's mom","1","47: To Die - Pacific Rim Auditorium","258","258"
1958,"Exchange","fan 1","fan 2","1","47: To Die - Pacific Rim Auditorium","258","258"
1959,"Knows","Audience/Crowd","twelve fabulous babe escorts","1","47: To Die - Pacific Rim Auditorium","260","260"
1960,"Knows","El Gran Mojado","Sol","1","47: To Die - Pacific Rim Auditorium","260","260"
1961,"Knows","Audience/Crowd","Sol","1","47: To Die - Pacific Rim Auditorium","260","260"
1962,"Knows","El Gran Mojado","SUPERNAFTA","1","47: To Die - Pacific Rim Auditorium","260","262"
1963,"Knows","Audience/Crowd","SUPERNAFTA","1","47: To Die - Pacific Rim Auditorium","260","262"
1964,"Knows","Sol","SUPERNAFTA","1","47: To Die - Pacific Rim Auditorium","260","260"
1965,"Knows","Parents in the audience","Sol","1","47: To Die - Pacific Rim Auditorium","260","260"
1966,"Knows","Sol","The Orange","1","47: To Die - Pacific Rim Auditorium","260","261"
1967,"Exchange","El Gran Mojado","Bobby Ngu","1","47: To Die - Pacific Rim Auditorium","261","261"
1968,"Knows","Bobby Ngu","Sol","1","47: To Die - Pacific Rim Auditorium","261","261"
1969,"Knows","Bobby Ngu","The Orange","1","47: To Die - Pacific Rim Auditorium","261","261"
1970,"Knows","El Gran Mojado","The Orange","1","47: To Die - Pacific Rim Auditorium","261","261"
1971,"Knows","Bobby Ngu","SUPERNAFTA","0","47: To Die - Pacific Rim Auditorium","262","262"
1972,"Knows","Bobby Ngu","Arcangel/El Gran Mojado","1","47: To Die - Pacific Rim Auditorium","262","262"
1973,"Knows","Audience/Crowd","El Gran Mojado","1","47: To Die - Pacific Rim Auditorium","263","263"
1974,"Knows of","Emi","Walter Mosley","0","41: Prime Time - Last Stop","234","234"
1975,"Knows of","Emi","Easy Rawlins","0","41: Prime Time - Last Stop","234","234"
1976,"Knows of","Buzzworm","Easy Rawlins","0","41: Prime Time - Last Stop","234","234"
1977,"Knows of","Buzzworm","Walter Mosley","0","41: Prime Time - Last Stop","234","234"
1978,"Knows","Emi","Gabriel Balboa","1","41: Prime Time - Last Stop","234","234"
1979,"Knows","Buzzworm","Gabriel Balboa","1","41: Prime Time - Last Stop","234","234"
1988,"Knows","Emi","NewsNow Copter","1","41: Prime Time - Last Stop","235","235"
1989,"Knows of","Buzzworm","NewsNow Copter","1","41: Prime Time - Last Stop","235","235"
1990,"Knows","Emi","Gabriel Balboa","1","41: Prime Time - Last Stop","235","235"
1991,"Knows","Buzzworm","Gabriel Balboa","1","41: Prime Time - Last Stop","235","235"
1992,"Knows","Emi","Manzanar Murakami","1","41: Prime Time - Last Stop","235","235"
1993,"Knows of","Buzzworm","Manzanar Murakami","0","41: Prime Time - Last Stop","235","235"
1994,"Knows of","Buzzworm","Unnamed members of L.A. Underclass","0","41: Prime Time - Last Stop","235","235"
1995,"Knows of","Emi","Unnamed members of L.A. Underclass","0","41: Prime Time - Last Stop","235","235"
1996,"Knows of","Buzzworm","Manzanar Murakami","0","41: Prime Time - Last Stop","236","236"
1997,"Knows","Emi","Manzanar Murakami","1","41: Prime Time - Last Stop","236","236"
1998,"Exchange","Buzzworm","Kerry the Technician","0","41: Prime Time - Last Stop","236","237"
1999,"Knows","Buzzworm","Buzzworm's Grandmother","1","41: Prime Time - Last Stop","236","236"
2000,"Knows of","Emi","Buzzworm's Grandmother","0","41: Prime Time - Last Stop","236","236"
2001,"Knows of","Emi","The shooter","1","41: Prime Time - Last Stop","237","237"
2002,"Knows of","Buzzworm","The shooter","0","41: Prime Time - Last Stop","237","237"
2003,"Knows of","Kerry the Technician","The shooter","0","41: Prime Time - Last Stop","237","237"
2004,"Exchange","Buzzworm","Emi","1","44: Commercial Break - The Big Sleep","249","252"
2005,"Exchange","Buzzworm","Kerry the Technician","0","44: Commercial Break - The Big Sleep","249","249"
2006,"Knows of","Buzzworm","News Copters","1","44: Commercial Break - The Big Sleep","249","249"
2007,"Knows of","Buzzworm","Unnamed members of L.A. Underclass","0","44: Commercial Break - The Big Sleep","249","249"
2008,"Knows of","Emi","Unnamed members of L.A. Underclass","0","44: Commercial Break - The Big Sleep","249","249"
2009,"Knows of","Kerry the Technician","Unnamed members of L.A. Underclass","0","44: Commercial Break - The Big Sleep","249","249"
2010,"Knows of","Buzzworm","Military people","0","44: Commercial Break - The Big Sleep","249","249"
2011,"Knows of","Emi","Military people","0","44: Commercial Break - The Big Sleep","249","249"
2012,"Knows of","Kerry the Technician","Military people","0","44: Commercial Break - The Big Sleep","249","249"
2013,"Exchange","Buzzworm","NewsNow Engineer","0","44: Commercial Break - The Big Sleep","249","252"
2015,"Exchange","Kerry the Technician","NewsNow Engineer","0","44: Commercial Break - The Big Sleep","249","252"
2016,"Knows of","Emi","La Brea Woman","0","44: Commercial Break - The Big Sleep","250","250"
2017,"Knows of","Buzzworm","La Brea Woman","0","44: Commercial Break - The Big Sleep","250","250"
2018,"Knows of","Kerry the Technician","La Brea Woman","0","44: Commercial Break - The Big Sleep","250","250"
2019,"Knows of","Buzzworm","Jesus","0","44: Commercial Break - The Big Sleep","250","250"
2020,"Knows of","Buzzworm","Mohammed","0","44: Commercial Break - The Big Sleep","250","250"
2021,"Knows of","Emi","Jesus","0","44: Commercial Break - The Big Sleep","250","250"
2022,"Knows of","Emi","Mohammed","0","44: Commercial Break - The Big Sleep","250","250"
2023,"Knows of","Kerry the Technician","Jesus","0","44: Commercial Break - The Big Sleep","250","250"
2024,"Knows of","Kerry the Technician","Mohammed","0","44: Commercial Break - The Big Sleep","250","250"
2025,"Knows","Emi","Gabriel Balboa","1","44: Commercial Break - The Big Sleep","251","251"
2026,"Knows","Buzzworm","Gabriel Balboa","1","44: Commercial Break - The Big Sleep","251","251"
2027,"Knows","Kerry the Technician","Gabriel Balboa","1","44: Commercial Break - The Big Sleep","251","251"
2028,"Knows of","Buzzworm","David (Michelangelo)","0","44: Commercial Break - The Big Sleep","251","251"
2029,"Knows of","Emi","David (Michelangelo)","0","44: Commercial Break - The Big Sleep","251","251"
2030,"Knows of","Kerry the Technician","David (Michelangelo)","0","44: Commercial Break - The Big Sleep","251","251"
2031,"Knows of","Buzzworm","Unnamed members of L.A. Underclass","0","44: Commercial Break - The Big Sleep","251","251"
2032,"Knows of","Emi","Howard Hawks","0","44: Commercial Break - The Big Sleep","251","251"
2033,"Knows of","Buzzworm","Howard Hawks","0","44: Commercial Break - The Big Sleep","251","251"
2034,"Knows of","Kerry the Technician","Howard Hawks","0","44: Commercial Break - The Big Sleep","251","251"
2035,"Knows of","Emi","Raymond Chandler","0","41: Prime Time - Last Stop","251","251"
2036,"Knows of","Buzzworm","Raymond Chandler","0","41: Prime Time - Last Stop","251","251"
2037,"Knows of","Kerry the Technician","Raymond Chandler","0","44: Commercial Break - The Big Sleep","251","251"
2038,"Knows of","Buzzworm","Howard Hawks","0","44: Commercial Break - The Big Sleep","252","252"
2039,"Knows of","Buzzworm","Raymond Chandler","0","44: Commercial Break - The Big Sleep","252","252"
2040,"Knows of","Buzzworm","Character in ""The Big Sleep""","0","44: Commercial Break - The Big Sleep","252","252"
2041,"Knows of","Emi","Howard Hawks","0","44: Commercial Break - The Big Sleep","252","252"
2042,"Knows of","Emi","Raymond Chandler","0","44: Commercial Break - The Big Sleep","252","252"
2043,"Knows of","Emi","Character in ""The Big Sleep""","0","44: Commercial Break - The Big Sleep","252","252"
2044,"Knows of","Kerry the Technician","Raymond Chandler","0","44: Commercial Break - The Big Sleep","252","252"
2045,"Knows of","Kerry the Technician","Character in ""The Big Sleep""","0","44: Commercial Break - The Big Sleep","252","252"
2046,"Knows of","Emi","Some Guy digitizing L.A.","0","44: Commercial Break - The Big Sleep","252","252"
2047,"Knows of","Buzzworm","Some Guy digitizing L.A.","0","44: Commercial Break - The Big Sleep","252","252"
2048,"Knows of","Kerry the Technician","Some Guy digitizing L.A.","0","44: Commercial Break - The Big Sleep","252","252"
2049,"Knows","Emi","Gabriel Balboa","1","44: Commercial Break - The Big Sleep","252","252"
2050,"Knows","Buzzworm","Gabriel Balboa","1","44: Commercial Break - The Big Sleep","252","252"
2051,"Knows","Kerry the Technician","Gabriel Balboa","1","44: Commercial Break - The Big Sleep","252","252"
2052,"Exchange","Rafaela Cortés","Doña Maria","1","45: Midnight - The Line","252","253"
2053,"Exchange","Rafaela Cortés","Bobby Ngu","1","45: Midnight - The Line","253","254"
2054,"Exchange","Rafaela Cortés","The Orange","1","45: Midnight - The Line","253","254"
2055,"Exchange","Bobby Ngu","The Orange","1","45: Midnight - The Line","253","254"
2056,"Knows","Rafaela Cortés","Sol","1","45: Midnight - The Line","253","253"
2057,"Knows of","Buzzworm","Unnamed members of L.A. Underclass","0","48: Hour 25 - Into the Boxes","263","263"
2058,"Knows","Buzzworm","Trio of Homeless","1","48: Hour 25 - Into the Boxes","263","263"
2059,"Knows of","Buzzworm","Johann Pachelbel","0","48: Hour 25 - Into the Boxes","263","263"
2060,"Knows of","Buzzworm","Diego Rivera","0","48: Hour 25 - Into the Boxes","263","263"
2061,"Knows","Buzzworm","The Red Cross","1","48: Hour 25 - Into the Boxes","263","263"
2062,"Knows","Buzzworm","Trio of Homeless","1","48: Hour 25 - Into the Boxes","264","264"
2063,"Knows of","Buzzworm","National Guard","0","48: Hour 25 - Into the Boxes","264","264"
2064,"Knows","Buzzworm","Margarita","1","48: Hour 25 - Into the Boxes","264","264"
2065,"Knows of","Buzzworm","Indian Momma","0","48: Hour 25 - Into the Boxes","264","264"
2066,"Knows","Buzzworm","Buzzworm's Grandmother","1","48: Hour 25 - Into the Boxes","264","264"
2067,"Knows of","Buzzworm","Thomas Jefferson","0","48: Hour 25 - Into the Boxes","264","264"
2068,"Knows of","Buzzworm","Tom Schnabel","0","48: Hour 25 - Into the Boxes","264","264"
2069,"Knows of","Buzzworm","Warren Alney","0","48: Hour 25 - Into the Boxes","264","264"
2070,"Knows of","Buzzworm","Bobby Seale","0","48: Hour 25 - Into the Boxes","265","265"
2071,"Knows of","Buzzworm","Maxine Waters","0","48: Hour 25 - Into the Boxes","265","265"
2072,"Knows of","Buzzworm","The Black Panthers","0","48: Hour 25 - Into the Boxes","265","265"
2073,"Knows of","Buzzworm","Unnamed members of L.A. Underclass","0","48: Hour 25 - Into the Boxes","265","265"
2074,"Knows of","Unnamed members of L.A. Underclass","Worthington Ford","0","48: Hour 25 - Into the Boxes","265","265"
2075,"Knows of","Buzzworm","Vigilante Group","0","48: Hour 25 - Into the Boxes","265","265"
2076,"Knows of","Buzzworm","New Age Santa Monicans","0","48: Hour 25 - Into the Boxes","265","265"
2077,"Knows of","Buzzworm","Attorney General","0","48: Hour 25 - Into the Boxes","265","265"
2078,"Knows of","Buzzworm","Manzanar Murakami","0","48: Hour 25 - Into the Boxes","265","265"
2079,"Knows of","Bobby Ngu","Audience/Crowd","0","49: American Express - Mi Casa/Su Casa","266","266"
2080,"Knows of","Bobby Ngu","Scalpers","0","49: American Express - Mi Casa/Su Casa","266","266"
2081,"Exchange","Bobby Ngu","Scalper","1","49: American Express - Mi Casa/Su Casa","266","266"
2082,"Exchange","Bobby Ngu","Sol","1","49: American Express - Mi Casa/Su Casa","266","267"
2083,"Knows","Bobby Ngu","Rafaela Cortés","1","49: American Express - Mi Casa/Su Casa","266","266"
2084,"Exchange","Bobby Ngu","El Gran Mojado","0","49: American Express - Mi Casa/Su Casa","266","266"
2085,"Knows of","Bobby Ngu","SUPERNAFTA","0","49: American Express - Mi Casa/Su Casa","266","266"
2086,"Knows of","Bobby Ngu","Arcangel/El Gran Mojado","0","49: American Express - Mi Casa/Su Casa","266","266"
2087,"Knows","Sol","Arcangel/El Gran Mojado","1","49: American Express - Mi Casa/Su Casa","266","266"
2088,"Knows","Sol","El Gran Mojado","1","49: American Express - Mi Casa/Su Casa","266","266"
2089,"Knows","Sol","SUPERNAFTA","1","49: American Express - Mi Casa/Su Casa","266","266"
2090,"Exchange","Sol","The Orange","1","49: American Express - Mi Casa/Su Casa","266","268"
2091,"Exchange","Bobby Ngu","The Orange","0","49: American Express - Mi Casa/Su Casa","266","268"
2092,"Exchange","Bobby Ngu","Audience/Crowd","0","49: American Express - Mi Casa/Su Casa","267","268"
2093,"Exchange","Rafaela Cortés","The Orange","1","49: American Express - Mi Casa/Su Casa","267","268"
2094,"Exchange","Rafaela Cortés","Sol","1","49: American Express - Mi Casa/Su Casa","267","268"
2095,"Knows","Emi","Emi's sister","1","3: Weather Report - Westside","21","21"
2096,"Knows","Rafaela Cortés","Sol","1","12: Car Payment Due - Tijuana via Singapore","80","80"
2097,"Knows","Previous watch-owner","Muhammad Ali","1","13: Oldies - This Old Hood","86","86"
2098,"Knows","Rafaela Cortés","Sol","1","15: Second Mortgage - Chinatown","97","97"
2099,"Knows of","Buzzworm","Richard Iizuka","0","22: You Give us 22 Minutes - The World","141","141"
2100,"Knows","Gabriel Balboa","Luey the Cameraman","1","27: Live on Air - El A","166","167"
2101,"Knows","Gabriel Balboa","Kerry the Technician","1","27: Live on Air - El A","166","167"
2102,"Knows of","Emi","Sammy (used to be an actor)","1","29: Promos - World Wide Web","178","178"
2103,"Knows","Rafaela Cortés","Hernando (Dona Maria's son)","1","38: Nightfall - Aztlán","222","222"
2104,"Knows","Rafaela Cortés","Sol","1","49: American Express - Mi Casa/Su Casa","266","266"
2105,"Exchange","Rafaela Cortés","Bobby Ngu","1","49: American Express - Mi Casa/Su Casa","267","267"
2106,"Knows","Bobby Ngu","Rafaela Cortés","1","49: American Express - Mi Casa/Su Casa","268","268"
2107,"Knows","Bobby Ngu","Sol","1","49: American Express - Mi Casa/Su Casa","268","268"
2108,"Knows","Manzanar Murakami","Walt Disney","0","5: Traffic Window - Harbor Freeway","35","36"
2109,"Knows","Manzanar Murakami","Hanna-Barbera","0","5: Traffic Window - Harbor Freeway","36","36"
2110,"Knows","Manzanar Murakami","Warner Brothers","0","5: Traffic Window - Harbor Freeway","36","36"
2111,"Knows","Japanese Americans (Abstract)","Manzanar Murakami","1","5: Traffic Window - Harbor Freeway","36","37"
2112,"Knows","Gabriel Balboa","Gabriel Balboa's mother","1","6: Coffee Break - Downtown","40","40"
2113,"Knows","Gabriel Balboa","Gabriel's Grandfather","1","6: Coffee Break - Downtown","40","40"
2114,"Knows","Gabriel Balboa","Gabriel's Grandmother","1","6: Coffee Break - Downtown","40","40"
2115,"Knows of","Gabriel Balboa","Manzanar Murakami","0","6: Coffee Break - Downtown","44","44"
2116,"Knows","Arcangel/El Gran Mojado","Ronald Reagan","0","7: To Wake - The Marketplace","48","48"
2117,"Knows","Arcangel/El Gran Mojado","Hernán Cortés","0","7: To Wake - The Marketplace","51","51"
2118,"Knows","Manzanar Murakami","Los Angeles Department of Water and Power","0","8: Rideshare - Downtown Interchange","57","57"
2119,"Knows of","Arcangel/El Gran Mojado","Samuel Adams","0","21: To Eat - La Cantina de Miseria y Hambre","131","131"
2120,"Knows of","Cantina waiter","Samuel Adams","0","21: To Eat - La Cantina de Miseria y Hambre","131","131"
2121,"Knows","Super-Barrio","La Chingada","1","21: To Eat - La Cantina de Miseria y Hambre","134","134"
2122,"Knows","Super-Barrio","El Gran Chingón","1","21: To Eat - La Cantina de Miseria y Hambre","134","134"
2123,"Knows","Super-Barrio","Super-Migra","1","21: To Eat - La Cantina de Miseria y Hambre","134","134"
2124,"Knows","Super-Barrio","Super-Ilegal","1","21: To Eat - La Cantina de Miseria y Hambre","134","134"
2125,"Knows","Super-Barrio","Super-Chicano","1","21: To Eat - La Cantina de Miseria y Hambre","134","134"
2126,"Knows","Super-Barrio","Super-Gringo","1","21: To Eat - La Cantina de Miseria y Hambre","134","134"
2127,"Knows","Super-Barrio","La Raza Cósmica","1","21: To Eat - La Cantina de Miseria y Hambre","134","134"
2128,"Knows","La Chingada","El Gran Chingón","1","21: To Eat - La Cantina de Miseria y Hambre","134","134"
2129,"Knows","La Chingada","Super-Ilegal","1","21: To Eat - La Cantina de Miseria y Hambre","134","134"
2130,"Knows","La Chingada","Super-Migra","1","21: To Eat - La Cantina de Miseria y Hambre","134","134"
2131,"Knows","La Chingada","Super-Chicano","1","21: To Eat - La Cantina de Miseria y Hambre","134","134"
2132,"Knows","La Chingada","Super-Gringo","1","21: To Eat - La Cantina de Miseria y Hambre","134","134"
2133,"Knows","La Chingada","La Raza Cósmica","1","21: To Eat - La Cantina de Miseria y Hambre","134","134"
2134,"Knows","El Gran Chingón","Super-Migra","1","21: To Eat - La Cantina de Miseria y Hambre","134","134"
2135,"Knows","El Gran Chingón","Super-Ilegal","1","21: To Eat - La Cantina de Miseria y Hambre","134","134"
2136,"Knows","El Gran Chingón","Super-Chicano","1","21: To Eat - La Cantina de Miseria y Hambre","134","134"
2137,"Knows","El Gran Chingón","Super-Gringo","1","21: To Eat - La Cantina de Miseria y Hambre","134","134"
2138,"Knows","El Gran Chingón","La Raza Cósmica","1","21: To Eat - La Cantina de Miseria y Hambre","134","134"
2139,"Knows","Super-Migra","Super-Ilegal","1","21: To Eat - La Cantina de Miseria y Hambre","134","134"
2140,"Knows","Super-Migra","Super-Chicano","1","21: To Eat - La Cantina de Miseria y Hambre","134","134"
2141,"Knows","Super-Migra","La Raza Cósmica","1","21: To Eat - La Cantina de Miseria y Hambre","134","134"
2142,"Knows","Super-Migra","Super-Gringo","1","21: To Eat - La Cantina de Miseria y Hambre","134","134"
2143,"Knows","Super-Ilegal","Super-Chicano","1","21: To Eat - La Cantina de Miseria y Hambre","134","134"
2144,"Knows","Super-Ilegal","Super-Gringo","1","21: To Eat - La Cantina de Miseria y Hambre","134","134"
2145,"Knows","Super-Ilegal","La Raza Cósmica","1","21: To Eat - La Cantina de Miseria y Hambre","134","134"
2146,"Knows","Super-Chicano","Super-Gringo","1","21: To Eat - La Cantina de Miseria y Hambre","134","134"
2147,"Knows","Super-Chicano","La Raza Cósmica","1","21: To Eat - La Cantina de Miseria y Hambre","134","134"
2148,"Knows","Super-Gringo","La Raza Cósmica","1","21: To Eat - La Cantina de Miseria y Hambre","134","134"
2149,"Knows","SUPERNAFTA","Super-Barrio","1","21: To Eat - La Cantina de Miseria y Hambre","134","134"
2150,"Knows","SUPERNAFTA","La Chingada","1","21: To Eat - La Cantina de Miseria y Hambre","134","134"
2151,"Knows","SUPERNAFTA","El Gran Chingón","1","21: To Eat - La Cantina de Miseria y Hambre","134","134"
2152,"Knows","SUPERNAFTA","Super-Migra","1","21: To Eat - La Cantina de Miseria y Hambre","134","134"
2153,"Knows","SUPERNAFTA","Super-Ilegal","1","21: To Eat - La Cantina de Miseria y Hambre","134","134"
2154,"Knows","SUPERNAFTA","Super-Chicano","1","21: To Eat - La Cantina de Miseria y Hambre","134","134"
2155,"Knows","SUPERNAFTA","Super-Gringo","1","21: To Eat - La Cantina de Miseria y Hambre","134","134"
2156,"Knows","SUPERNAFTA","La Raza Cósmica","1","21: To Eat - La Cantina de Miseria y Hambre","134","134"
2157,"Knows","Arcangel/El Gran Mojado","Super-Barrio","1","21: To Eat - La Cantina de Miseria y Hambre","134","134"
2158,"Knows","Arcangel/El Gran Mojado","La Chingada","1","21: To Eat - La Cantina de Miseria y Hambre","134","134"
2159,"Knows","Arcangel/El Gran Mojado","El Gran Chingón","1","21: To Eat - La Cantina de Miseria y Hambre","134","134"
2160,"Knows","Arcangel/El Gran Mojado","Super-Migra","1","21: To Eat - La Cantina de Miseria y Hambre","134","134"
2161,"Knows","Arcangel/El Gran Mojado","Super-Ilegal","1","21: To Eat - La Cantina de Miseria y Hambre","134","134"
2162,"Knows","Arcangel/El Gran Mojado","Super-Chicano","1","21: To Eat - La Cantina de Miseria y Hambre","134","134"
2163,"Knows","Arcangel/El Gran Mojado","Super-Gringo","1","21: To Eat - La Cantina de Miseria y Hambre","134","134"
2164,"Knows","Arcangel/El Gran Mojado","La Raza Cósmica","1","21: To Eat - La Cantina de Miseria y Hambre","134","134"
2165,"Knows","Emi","Sam S. Shubert","1","25: Time & a Half - Limousine Way","155","155"
2166,"Knows","Gabriel Balboa","Sam S. Shubert","1","25: Time & a Half - Limousine Way","155","155"
2167,"Knows","Gabriel Balboa","Virgin of Guadalupe","0","32: Overtime - El Zócalo","192","192"
2168,"Knows","Gabriel Balboa","CNN","0","39: Working Weekend - Dirt Shoulder","227","227"
2169,"Knows of","Manzanar Murakami","The shooter","0","42: Drive-By - Virtually Everywhere","239","239"
2170,"Knows of","Emi","The shooter","0","42: Drive-By - Virtually Everywhere","239","239"
2171,"Knows","Gabriel Balboa","William Gibson","0","43: Deadline - Over the Net","245","245"
2172,"Knows","Manzanar Murakami","NewsNow Copter","1","46: SigAlert - The Rim","255","255"
2173,"Knows","Audience/Crowd","Rocky Balboa","0","47: To Die - Pacific Rim Auditorium","260","260"
2174,"Knows","SUPERNAFTA","Rocky Balboa","0","47: To Die - Pacific Rim Auditorium","260","260"
2175,"Knows","Arcangel/El Gran Mojado","Rocky Balboa","0","47: To Die - Pacific Rim Auditorium","260","260"
2176,"Knows","Bobby's Brother","Refugees","1","2: Benefits - Koreatown","15","15"
2177,"Knows","Rafaela Cortés","Rodriguez","1","10: Morning - En México","62","62"
2178,"Knows of","Doña Maria","Gringo Couple","0","10: Morning - En México","66","66"
2179,"Knows of","Doña Maria","African Woman","0","10: Morning - En México","66","66"
2180,"Knows","Gabriel Balboa","African Woman","1","10: Morning - En México","66","66"
2181,"Knows","Gabriel Balboa","Gringo Couple","1","10: Morning - En México","66","66"
2182,"Knows of","African Woman","Rafaela Cortés","0","10: Morning - En México","66","66"
2183,"Knows of","Rafaela Cortés","Gringo Couple","0","10: Morning - En México","66","66"
2184,"Knows of","Gabriel Balboa","Gabriel's Friends","1","10: Morning - En México","66","66"
2185,"Knows","Rafaela Cortés","The Orange","1","10: Morning - En México","70","70"
2186,"Knows of","Crips","Bloods","1","13: Oldies - This Old Hood","80","81"
2187,"Knows of","Buzzworm","Mara Salvatrucha","0","13: Oldies - This Old Hood","84","84"
2188,"Knows of","Buzzworm","Mano Blanca Death Squad","0","13: Oldies - This Old Hood","84","84"
2189,"Knows of","Margarita","Mara Salvatrucha","1","13: Oldies - This Old Hood","84","84"
2190,"Knows of","Margarita","Mano Blanca Death Squad","1","13: Oldies - This Old Hood","84","84"
2191,"Knows","Margarita's Boys","Mara Salvatrucha","1","13: Oldies - This Old Hood","84","84"
2192,"Knows","Margarita's Eldest","Mara Salvatrucha","1","13: Oldies - This Old Hood","84","84"
2193,"Knows","Margarita's Boys","Mano Blanca Death Squad","1","13: Oldies - This Old Hood","84","84"
2194,"Knows","Margarita's Eldest","Mano Blanca Death Squad","1","13: Oldies - This Old Hood","84","84"
2195,"Knows","Buzzworm","Street peddlers","1","13: Oldies - This Old Hood","84","84"
2196,"Exchange","Buzzworm","Walkman Kid","1","16: LA X - Margarita's Corner","105","106"
2197,"Knows","Margarita's Eldest","Emergency Workers","1","16: LA X - Margarita's Corner","107","107"
2198,"Knows of","Buzzworm","Emergency Workers","1","16: LA X - Margarita's Corner","107","107"
2199,"Knows","Sol","Rodriguez","1","18: Daylight - The Cornfield","115","115"
2200,"Knows","Sol","Bobby Ngu","1","18: Daylight - The Cornfield","115","115"
2201,"Knows","Rafaela Cortés","Bobby's Brother","1","18: Daylight - The Cornfield","115","115"
2202,"Knows","Rafaela Cortés","Bobby's Father","0","18: Daylight - The Cornfield","115","115"
2203,"Knows of","Rafaela Cortés","Bobby's grandfather","0","18: Daylight - The Cornfield","115","115"
2204,"Knows of","Rafaela Cortés","Bobby's Mother","0","18: Daylight - The Cornfield","115","115"
2205,"Knows of","Rafaela Cortés","Bobby's Nephews and Nieces","1","18: Daylight - The Cornfield","115","115"
2206,"Knows of","Rafaela Cortés","Bobby's Sister 1","1","18: Daylight - The Cornfield","115","115"
2207,"Knows of","Rafaela Cortés","Bobby's Sister 2","1","18: Daylight - The Cornfield","115","115"
2208,"Knows of","Rafaela Cortés","Bobby's uncles","1","18: Daylight - The Cornfield","115","115"
2209,"Knows of","Sol","Hernando (Dona Maria's son)","0","18: Daylight - The Cornfield","115","115"
2210,"Knows","Sol","Lupe","1","18: Daylight - The Cornfield","117","117"
2211,"Knows","Sol","Rodriguez","1","24: Dusk - To the Border","149","149"
2212,"Knows","The Orange","Arcangel/El Gran Mojado","1","24: Dusk - To the Border","153","153"
2213,"Knows","The Orange","Sol","1","24: Dusk - To the Border","153","153"
2214,"Exchange","Bobby Ngu","Somebody","1","26: Life Insurance - L.A./T.J.","159","159"
2215,"Exchange","Emi","Luey the Cameraman","1","9: NewsNow - Hollywood South","59","60"
2216,"Knows","Gabriel Balboa","Kerry the Technician","1","27: Live on Air - El A","163","163"
2217,"Knows","Gabriel Balboa","Luey the Cameraman","1","27: Live on Air - El A","163","163"
2218,"Knows","Emi","Luey the Cameraman","1","27: Live on Air - El A","163","163"
2219,"Knows","Emi","Kerry the Technician","1","27: Live on Air - El A","163","163"
2220,"Knows of","Manzanar Murakami","Luey the Cameraman","1","28: Lane Change - Avoiding the Harbor","169","169"
2221,"Knows of","Manzanar Murakami","Kerry the Technician","1","27: Live on Air - El A","169","169"
2222,"Knows of","Gabriel Balboa","Guest on the left","0","29: Promos - World Wide Web","179","180"
2223,"Knows of","Gabriel Balboa","Guest on the right","0","29: Promos - World Wide Web","179","180"
2224,"Knows of","Gabriel Balboa","Guest in the middle","0","29: Promos - World Wide Web","179","180"
2225,"Knows of","Emi","Guest in the middle","0","29: Promos - World Wide Web","179","180"
2226,"Knows of","Emi","Guest on the right","0","29: Promos - World Wide Web","179","180"
2227,"Knows of","Emi","Guest on the left","0","29: Promos - World Wide Web","179","180"
2228,"Knows of","Emi","Guest in the middle","0","29: Promos - World Wide Web","179","180"
2229,"Knows of","Emi","Guest on the right","0","29: Promos - World Wide Web","179","180"
2230,"Knows of","Emi","Guest on the left","0","29: Promos - World Wide Web","179","180"
2231,"Exchange","Buzzworm","Guest in the middle","1","29: Promos - World Wide Web","179","180"
2232,"Exchange","Buzzworm","Guest on the right","1","29: Promos - World Wide Web","179","180"
2233,"Exchange","Buzzworm","Guest on the left","1","29: Promos - World Wide Web","179","180"
2234,"Knows","Kerry the Technician","Guest in the middle","1","29: Promos - World Wide Web","179","180"
2235,"Knows","Kerry the Technician","Guest on the right","1","29: Promos - World Wide Web","179","180"
2236,"Knows","Kerry the Technician","Guest on the left","1","29: Promos - World Wide Web","179","180"
2237,"Knows","Luey the Cameraman","Guest in the middle","1","29: Promos - World Wide Web","179","180"
2238,"Knows","Luey the Cameraman","Guest on the right","1","29: Promos - World Wide Web","179","180"
2239,"Knows","Luey the Cameraman","Guest on the left","1","29: Promos - World Wide Web","179","180"
2240,"Knows","Kay Torres - On-Scene Reporter","Guest in the middle","1","29: Promos - World Wide Web","179","180"
2241,"Knows","Kay Torres - On-Scene Reporter","Guest on the right","1","29: Promos - World Wide Web","179","180"
2242,"Knows","Kay Torres - On-Scene Reporter","Guest on the left","1","29: Promos - World Wide Web","179","180"
2243,"Exchange","Guest in the middle","Guest on the right","1","29: Promos - World Wide Web","179","180"
2244,"Knows","Guest in the middle","Guest on the left","1","29: Promos - World Wide Web","179","180"
2245,"Exchange","Guest on the right","Guest on the left","1","29: Promos - World Wide Web","179","180"
2246,"Exchange","Audience Members","Guest in the middle","1","29: Promos - World Wide Web","179","180"
2247,"Exchange","Audience Members","Guest on the right","1","29: Promos - World Wide Web","179","180"
2248,"Exchange","Audience Members","Guest on the left","1","29: Promos - World Wide Web","179","180"
2249,"Knows of","Rafaela Cortés","Atahualpa","0","30: Dawn - The Other Side","181","181"
2250,"Knows of","Rafaela Cortés","Moctezuma","0","30: Dawn - The Other Side","181","181"
2251,"Knows","Arcangel/El Gran Mojado","The Orange","1","30: Dawn - The Other Side","184","184"
2252,"Knows","Pepe Cortés","Rafaela Cortés","1","34: Visa Card - Final Destination","201","201"
2253,"Exchange","Buzzworm","Retsek (KPFK The Car Show)","0","37: The Car Show - Front Line","214","214"
2254,"Knows of","Retsek (KPFK The Car Show)","Homeless Mother and her child","0","37: The Car Show - Front Line","215","215"
2255,"Knows","Retsek (KPFK The Car Show)","Former guest from Japan","1","37: The Car Show - Front Line","215","215"
2256,"Knows of","Retsek (KPFK The Car Show)","Frida Kahlo","0","37: The Car Show - Front Line","214","214"
2257,"Knows of","Retsek (KPFK The Car Show)","Diego Rivera","0","37: The Car Show - Front Line","214","214"
2258,"Knows of","Buzzworm","Diego Rivera","0","30: Dawn - The Other Side","214","214"
2259,"Knows of","Buzzworm","Frida Kahlo","0","37: The Car Show - Front Line","214","214"
2260,"Exchange","Buzzworm","Brother in a '78 Pontiac","1","37: The Car Show - Front Line","217","217"
2261,"Exchange","Buzzworm","Neighbour","1","37: The Car Show - Front Line","217","217"
2262,"Exchange","Buzzworm","Mother with two year old","1","37: The Car Show - Front Line","217","217"
2263,"Exchange","Buzzworm","one of the entourage","1","37: The Car Show - Front Line","217","217"
2264,"Exchange","Brother in a '78 Pontiac","Chief","0","37: The Car Show - Front Line","217","217"
2265,"Exchange","Mother with two year old","Chief","0","37: The Car Show - Front Line","217","217"
2266,"Exchange","one of the entourage","Chief","0","37: The Car Show - Front Line","217","217"
2267,"Exchange","Brother in a '78 Pontiac","Mayor of L.A.","0","37: The Car Show - Front Line","217","217"
2268,"Exchange","Mother with two year old","Mayor of L.A.","0","37: The Car Show - Front Line","217","217"
2269,"Exchange","one of the entourage","Mayor of L.A.","0","37: The Car Show - Front Line","217","217"
2270,"Exchange","Neighbour","Mayor of L.A.","0","37: The Car Show - Front Line","217","217"
2271,"Exchange","another brother 1","Chief","0","37: The Car Show - Front Line","218","218"
2272,"Exchange","another brother 2","Chief","0","37: The Car Show - Front Line","218","218"
2273,"Exchange","Another brother 3","Chief","1","37: The Car Show - Front Line","218","218"
2274,"Exchange","another brother 1","Mayor of L.A.","0","37: The Car Show - Front Line","218","218"
2275,"Exchange","another brother 2","Mayor of L.A.","0","37: The Car Show - Front Line","218","218"
2276,"Exchange","Another brother 3","Mayor of L.A.","0","37: The Car Show - Front Line","218","218"
2277,"Knows of","Buzzworm","another brother 1","1","37: The Car Show - Front Line","218","218"
2278,"Knows of","Buzzworm","another brother 2","1","37: The Car Show - Front Line","218","218"
2279,"Knows of","Rafaela Cortés","La Malinche's children","0","38: Nightfall - Aztlán","220","220"
2280,"Knows of","Rafaela Cortés","children of one hundred mothers","0","38: Nightfall - Aztlán","220","220"
2281,"Knows of","Coatlalopeuh","5000 Women of Cochibamba","0","38: Nightfall - Aztlán","221","221"
2282,"Knows of","Coatlalopeuh","Conquistadors","0","38: Nightfall - Aztlán","221","221"
2283,"Knows of","Coatlalopeuh","La Malinche","0","38: Nightfall - Aztlán","221","221"
2284,"Knows of","Coatlalopeuh","La Malinche's children","0","38: Nightfall - Aztlán","221","221"
2285,"Knows of","Coatlalopeuh","La Llorona","0","38: Nightfall - Aztlán","221","221"
2286,"Knows of","Coatlalopeuh","one hundred mothers at the Plaza de Mayo","0","38: Nightfall - Aztlán","221","221"
2287,"Knows of","Coatlalopeuh","Mary","0","38: Nightfall - Aztlán","221","221"
2288,"Knows of","Coatlalopeuh","children of one hundred mothers","0","38: Nightfall - Aztlán","221","221"
2289,"Knows of","Bobby Ngu","Xiayue's Father","0","34: Visa Card - Final Destination","203","203"
2290,"Knows","Xiayue","Xiayue's Father","1","34: Visa Card - Final Destination","203","203"
2291,"Knows of","Bobby Ngu","Xiayue's Mother","0","40: Social Security - I-5","230","230"
2292,"Knows","Xiayue","Xiayue's Mother","1","40: Social Security - I-5","230","230"
2293,"Knows of","Gabriel Balboa","Easy Rawlins","0","41: Prime Time - Last Stop","234","234"
2294,"Knows of","Buzzworm","Marilyn Monroe","0","41: Prime Time - Last Stop","235","235"
2295,"Knows of","Emi","Marilyn Monroe","0","41: Prime Time - Last Stop","235","235"
2296,"Knows of","Arcangel/El Gran Mojado","Vasco Núñez de Balboa","0","7: To Wake - The Marketplace","50","50"
2297,"Knows of","Manzanar Murakami","Trekkies","0","35: Jam - Greater L.A.","204","204"
2298,"Knows of","Buzzworm","Trekkies","0","41: Prime Time - Last Stop","234","234"
2299,"Knows of","Emi","Trekkies","0","41: Prime Time - Last Stop","234","234"
2300,"Knows of","Arcangel/El Gran Mojado","Jacques Cartier","0","7: To Wake - The Marketplace","50","50"
2301,"Knows of","Manzanar Murakami","Henry Hudson","0","7: To Wake - The Marketplace","51","51"
2302,"Knows","Xiayue","Xiayue's Father","1","34: Visa Card - Final Destination","203","203"
2303,"Knows of","Bobby Ngu","Xiayue's Father","1","34: Visa Card - Final Destination","203","203"
2304,"Knows of","Manzanar Murakami","Yankee pirates","0","42: Drive-By - Virtually Everywhere","237","237"
2305,"Knows of","Doña Maria","Emi","1","10: Morning - En México","66","66"
2306,"Knows of","Rafaela Cortés","African Woman","0","10: Morning - En México","66","66"
2307,"Knows of","Buzzworm","Another brother 3","1","37: The Car Show - Front Line","218","218"
2308,"Knows","Gabriel Balboa","Earth, Wind & Fire","0","27: Live on Air - El A","162","162"
2309,"Knows of","Emi","Earth, Wind & Fire","0","27: Live on Air - El A","162","162"
2310,"Knows","Emi","Emi's Cousin","1","9: NewsNow - Hollywood South","60","60"
2311,"Knows of","Gabriel Balboa","Emi's Cousin","0","9: NewsNow - Hollywood South","60","60"
2312,"Knows","Emi","FCC","0","29: Promos - World Wide Web","179","179"
2313,"Knows of","Buzzworm","FCC","0","29: Promos - World Wide Web","179","179"
2314,"Knows","Kerry the Technician","FCC","0","29: Promos - World Wide Web","179","179"
2315,"Knows of","Buzzworm","Federal Politicians","0","13: Oldies - This Old Hood","81","81"
2316,"Knows of","Arcangel/El Gran Mojado","Giovanni da Verazano","0","7: To Wake - The Marketplace","50","50"
2317,"Knows of","Bobby Ngu","Griffith J. Griffith","1","40: Social Security - I-5","233","233"
2318,"Knows","Arcangel/El Gran Mojado","Guaraní People","0","30: Dawn - The Other Side","181","181"
2319,"Knows of","Frank (KPFK The Car Show)","the Japanese (abstract)","0","37: The Car Show - Front Line","215","215"
2320,"Knows of","Retsek (KPFK The Car Show)","the Japanese (abstract)","0","37: The Car Show - Front Line","215","215"
2321,"Knows of","Buzzworm","the Japanese (abstract)","0","37: The Car Show - Front Line","215","215"
2322,"Knows of","Car Show Caller","the Japanese (abstract)","0","37: The Car Show - Front Line","215","215"
2323,"Knows of","Arcangel/El Gran Mojado","Juan Rodriguez Cabrillo","0","7: To Wake - The Marketplace","50","50"
2324,"Knows of","Manzanar Murakami","L.A. Marathoners","0","35: Jam - Greater L.A.","204","204"
2325,"Knows of","Arcangel/El Gran Mojado","Sebastian Viscaíno","0","7: To Wake - The Marketplace","50","50"
2326,"Knows of","Bobby Ngu","Saint Fernando","0","40: Social Security - I-5","233","233"
2327,"Knows of","Buzzworm","The Elderly (abstract)","0","13: Oldies - This Old Hood","81","81"
2328,"Knows","Buzzworm","The homeless (abstract)","1","6: Coffee Break - Downtown","43","43"
2329,"Knows","Gabriel Balboa","The homeless (abstract)","0","6: Coffee Break - Downtown","43","43"
2330,"Knows","Manzanar Murakami","The homeless (abstract)","1","8: Rideshare - Downtown Interchange","56","56"
2331,"Knows","Buzzworm","The homeless (abstract)","1","13: Oldies - This Old Hood","83","83"
2332,"Knows","Buzzworm","The homeless (abstract)","1","14: Budgets - Skirting Downtown","92","92"
2333,"Knows of","Gabriel Balboa","The homeless (abstract)","0","14: Budgets - Skirting Downtown","92","92"
2334,"Knows of","Gabriel Balboa","The homeless (abstract)","0","17: The Interview - Manzanar","108","108"
2335,"Knows","Buzzworm","The homeless (abstract)","1","17: The Interview - Manzanar","108","108"
2336,"Knows of","Gabriel Balboa","The homeless (abstract)","0","17: The Interview - Manzanar","110","113"
2337,"Knows","Buzzworm","The homeless (abstract)","1","17: The Interview - Manzanar","110","112"
2338,"Knows","Manzanar Murakami","The homeless (abstract)","1","17: The Interview - Manzanar","110","112"
2339,"Knows of","Emi","The homeless (abstract)","0","17: The Interview - Manzanar","113","113"
2340,"Knows","Manzanar Murakami","The homeless (abstract)","1","19: Hour of the Trucks - The Freeway Canyon","122","123"
2341,"Knows","Buzzworm","The homeless (abstract)","0","22: You Give us 22 Minutes - The World","139","139"
2342,"Knows","Gabriel Balboa","The homeless (abstract)","0","25: Time & a Half - Limousine Way","155","155"
2343,"Knows","Buzzworm","The homeless (abstract)","1","25: Time & a Half - Limousine Way","155","155"
2344,"Knows of","Emi","The homeless (abstract)","0","25: Time & a Half - Limousine Way","155","155"
2345,"Knows of","Arcangel/El Gran Mojado","the Pilgrims","0","7: To Wake - The Marketplace","51","51"
2346,"Knows","Gabriel Balboa","The homeless (abstract)","0","25: Time & a Half - Limousine Way","157","158"
2347,"Knows","Buzzworm","The homeless (abstract)","1","25: Time & a Half - Limousine Way","157","157"
2348,"Knows","Luis Alfaro","The homeless (abstract)","1","29: Promos - World Wide Web","177","177"
2349,"Knows","Kay Torres - On-Scene Reporter","The homeless (abstract)","1","29: Promos - World Wide Web","177","177"
2350,"Exchange","Buzzworm","The homeless (abstract)","1","29: Promos - World Wide Web","177","177"
2351,"Knows","Emi","The homeless (abstract)","1","27: Live on Air - El A","177","177"
2352,"Knows","Kerry the Technician","The homeless (abstract)","1","29: Promos - World Wide Web","177","177"
2353,"Knows","Buzzworm","Homeless performance group (LAPD)","1","31: AM/FM - FreeZone","190","190"
2354,"Knows of","Emi","Homeless performance group (LAPD)","0","31: AM/FM - FreeZone","190","190"
2355,"Knows","Homeless performance group (LAPD)","The homeless (abstract)","1","31: AM/FM - FreeZone","190","190"
2356,"Knows","Buzzworm","The homeless (abstract)","1","31: AM/FM - FreeZone","192","192"
2357,"Knows","Manzanar Murakami","The homeless (abstract)","1","31: AM/FM - FreeZone","192","192"
2358,"Knows","Buzzworm","The homeless (abstract)","1","37: The Car Show - Front Line","218","218"
2359,"Knows","Gabriel Balboa","The homeless (abstract)","0","39: Working Weekend - Dirt Shoulder","227","227"
2360,"Knows","Buzzworm","The homeless (abstract)","1","41: Prime Time - Last Stop","234","234"
2361,"Knows","Manzanar Murakami","The homeless (abstract)","1","42: Drive-By - Virtually Everywhere","238","238"