source,target,Char 1 Name,Char 2 Name,startPage,type,weight
98,66,Bobby Ngu,Rafaela Cortes,4,Undirected,1
69,149,Gabriel Balboa,Rodriguez,4,Undirected,1
145,149,Sol,Rodriguez,4,Undirected,1
66,145,Rafaela Cortes,Sol,4,Undirected,1
98,69,Bobby Ngu,Gabriel Balboa,4,Undirected,1
98,149,Bobby Ngu,Rodriguez,4,Undirected,1
98,145,Bobby Ngu,Sol,4,Undirected,1
69,145,Gabriel Balboa,Sol,4,Undirected,1
66,69,Rafaela Cortes,Gabriel Balboa,4,Undirected,1
66,149,Rafaela Cortes,Rodriguez,4,Undirected,1
66,152,Rafaela Cortes,Gabriel's Grandfather,5,Undirected,1
150,151,Pancho Villa,Gabriel's Grandmother,5,Undirected,1
69,150,Gabriel Balboa,Pancho Villa,5,Undirected,1
66,69,Rafaela Cortes,Gabriel Balboa,5,Undirected,1
149,152,Rodriguez,Gabriel's Grandfather,5,Undirected,1
151,152,Gabriel's Grandmother,Gabriel's Grandfather,5,Undirected,1
96,149,workers at Gabriel's house,Rodriguez,5,Undirected,1
98,152,Bobby Ngu,Gabriel's Grandfather,5,Undirected,1
66,151,Rafaela Cortes,Gabriel's Grandmother,5,Undirected,1
96,152,workers at Gabriel's house,Gabriel's Grandfather,5,Undirected,1
98,149,Bobby Ngu,Rodriguez,5,Undirected,1
96,98,workers at Gabriel's house,Bobby Ngu,5,Undirected,1
96,66,workers at Gabriel's house,Rafaela Cortes,5,Undirected,1
96,69,workers at Gabriel's house,Gabriel Balboa,5,Undirected,1
98,66,Bobby Ngu,Rafaela Cortes,5,Undirected,1
69,149,Gabriel Balboa,Rodriguez,5,Undirected,1
98,69,Bobby Ngu,Gabriel Balboa,5,Undirected,1
69,152,Gabriel Balboa,Gabriel's Grandfather,5,Undirected,1
149,151,Rodriguez,Gabriel's Grandmother,5,Undirected,1
96,151,workers at Gabriel's house,Gabriel's Grandmother,5,Undirected,1
98,151,Bobby Ngu,Gabriel's Grandmother,5,Undirected,1
66,150,Rafaela Cortes,Pancho Villa,5,Undirected,1
150,152,Pancho Villa,Gabriel's Grandfather,5,Undirected,1
69,151,Gabriel Balboa,Gabriel's Grandmother,5,Undirected,1
149,150,Rodriguez,Pancho Villa,5,Undirected,1
96,150,workers at Gabriel's house,Pancho Villa,5,Undirected,1
98,150,Bobby Ngu,Pancho Villa,5,Undirected,1
66,149,Rafaela Cortes,Rodriguez,5,Undirected,1
66,152,Rafaela Cortes,Gabriel's Grandfather,6,Undirected,1
145,152,Sol,Gabriel's Grandfather,6,Undirected,1
151,152,Gabriel's Grandmother,Gabriel's Grandfather,6,Undirected,1
98,66,Bobby Ngu,Rafaela Cortes,6,Undirected,1
98,152,Bobby Ngu,Gabriel's Grandfather,6,Undirected,1
98,69,Bobby Ngu,Gabriel Balboa,6,Undirected,1
66,145,Rafaela Cortes,Sol,6,Undirected,1
66,151,Rafaela Cortes,Gabriel's Grandmother,6,Undirected,1
69,152,Gabriel Balboa,Gabriel's Grandfather,6,Undirected,1
98,145,Bobby Ngu,Sol,6,Undirected,1
69,145,Gabriel Balboa,Sol,6,Undirected,1
69,151,Gabriel Balboa,Gabriel's Grandmother,6,Undirected,1
145,151,Sol,Gabriel's Grandmother,6,Undirected,1
98,151,Bobby Ngu,Gabriel's Grandmother,6,Undirected,1
66,69,Rafaela Cortes,Gabriel Balboa,6,Undirected,1
146,148,Pepe,Rafaela's Mother,7,Undirected,1
145,146,Sol,Pepe,7,Undirected,1
143,145,Doña Maria,Sol,7,Undirected,1
143,148,Doña Maria,Rafaela's Mother,7,Undirected,1
66,69,Rafaela Cortes,Gabriel Balboa,7,Undirected,1
98,143,Bobby Ngu,Doña Maria,7,Undirected,1
66,148,Rafaela Cortes,Rafaela's Mother,7,Undirected,1
98,146,Bobby Ngu,Pepe,7,Undirected,1
66,145,Rafaela Cortes,Sol,7,Undirected,1
145,148,Sol,Rafaela's Mother,7,Undirected,1
69,143,Gabriel Balboa,Doña Maria,7,Undirected,1
69,146,Gabriel Balboa,Pepe,7,Undirected,1
98,66,Bobby Ngu,Rafaela Cortes,7,Undirected,1
98,69,Bobby Ngu,Gabriel Balboa,7,Undirected,1
98,145,Bobby Ngu,Sol,7,Undirected,1
98,148,Bobby Ngu,Rafaela's Mother,7,Undirected,1
143,146,Doña Maria,Pepe,7,Undirected,1
69,148,Gabriel Balboa,Rafaela's Mother,7,Undirected,1
69,145,Gabriel Balboa,Sol,7,Undirected,1
66,146,Rafaela Cortes,Pepe,7,Undirected,1
66,143,Rafaela Cortes,Doña Maria,7,Undirected,1
154,155,Rafaela's Father,Rafaela's Great-Great-Grandfather,8,Undirected,1
66,158,Rafaela Cortes,Hernando (Dona Maria's son),8,Undirected,1
98,156,Bobby Ngu,Lupe,8,Undirected,1
66,155,Rafaela Cortes,Rafaela's Great-Great-Grandfather,8,Undirected,1
145,155,Sol,Rafaela's Great-Great-Grandfather,8,Undirected,1
154,158,Rafaela's Father,Hernando (Dona Maria's son),8,Undirected,1
145,158,Sol,Hernando (Dona Maria's son),8,Undirected,1
156,158,Lupe,Hernando (Dona Maria's son),8,Undirected,1
143,145,Doña Maria,Sol,8,Undirected,1
143,148,Doña Maria,Rafaela's Mother,8,Undirected,1
143,154,Doña Maria,Rafaela's Father,8,Undirected,1
155,156,Rafaela's Great-Great-Grandfather,Lupe,8,Undirected,1
98,143,Bobby Ngu,Doña Maria,8,Undirected,1
66,148,Rafaela Cortes,Rafaela's Mother,8,Undirected,1
66,145,Rafaela Cortes,Sol,8,Undirected,1
148,156,Rafaela's Mother,Lupe,8,Undirected,1
98,155,Bobby Ngu,Rafaela's Great-Great-Grandfather,8,Undirected,1
66,154,Rafaela Cortes,Rafaela's Father,8,Undirected,1
145,148,Sol,Rafaela's Mother,8,Undirected,1
98,158,Bobby Ngu,Hernando (Dona Maria's son),8,Undirected,1
145,154,Sol,Rafaela's Father,8,Undirected,1
98,66,Bobby Ngu,Rafaela Cortes,8,Undirected,1
143,156,Doña Maria,Lupe,8,Undirected,1
155,158,Rafaela's Great-Great-Grandfather,Hernando (Dona Maria's son),8,Undirected,1
98,145,Bobby Ngu,Sol,8,Undirected,1
148,155,Rafaela's Mother,Rafaela's Great-Great-Grandfather,8,Undirected,1
98,148,Bobby Ngu,Rafaela's Mother,8,Undirected,1
148,158,Rafaela's Mother,Hernando (Dona Maria's son),8,Undirected,1
66,156,Rafaela Cortes,Lupe,8,Undirected,1
98,154,Bobby Ngu,Rafaela's Father,8,Undirected,1
154,156,Rafaela's Father,Lupe,8,Undirected,1
145,156,Sol,Lupe,8,Undirected,1
143,155,Doña Maria,Rafaela's Great-Great-Grandfather,8,Undirected,1
143,158,Doña Maria,Hernando (Dona Maria's son),8,Undirected,1
148,154,Rafaela's Mother,Rafaela's Father,8,Undirected,1
66,143,Rafaela Cortes,Doña Maria,8,Undirected,1
66,158,Rafaela Cortes,Hernando (Dona Maria's son),9,Undirected,1
203,78,tourists,God,9,Undirected,1
203,145,tourists,Sol,9,Undirected,1
145,158,Sol,Hernando (Dona Maria's son),9,Undirected,1
156,158,Lupe,Hernando (Dona Maria's son),9,Undirected,1
203,157,tourists,Benito,9,Undirected,1
143,145,Doña Maria,Sol,9,Undirected,1
78,156,God,Lupe,9,Undirected,1
66,69,Rafaela Cortes,Gabriel Balboa,9,Undirected,1
204,143,Doña Maria's Sister,Doña Maria,9,Undirected,1
143,157,Doña Maria,Benito,9,Undirected,1
69,156,Gabriel Balboa,Lupe,9,Undirected,1
66,78,Rafaela Cortes,God,9,Undirected,1
66,203,Rafaela Cortes,tourists,9,Undirected,1
66,145,Rafaela Cortes,Sol,9,Undirected,1
204,158,Doña Maria's Sister,Hernando (Dona Maria's son),9,Undirected,1
66,157,Rafaela Cortes,Benito,9,Undirected,1
145,157,Sol,Benito,9,Undirected,1
156,157,Lupe,Benito,9,Undirected,1
78,143,God,Doña Maria,9,Undirected,1
203,156,tourists,Lupe,9,Undirected,1
69,143,Gabriel Balboa,Doña Maria,9,Undirected,1
204,78,Doña Maria's Sister,God,9,Undirected,1
69,204,Gabriel Balboa,Doña Maria's Sister,9,Undirected,1
78,158,God,Hernando (Dona Maria's son),9,Undirected,1
204,145,Doña Maria's Sister,Sol,9,Undirected,1
143,156,Doña Maria,Lupe,9,Undirected,1
69,158,Gabriel Balboa,Hernando (Dona Maria's son),9,Undirected,1
157,158,Benito,Hernando (Dona Maria's son),9,Undirected,1
204,157,Doña Maria's Sister,Benito,9,Undirected,1
203,204,tourists,Doña Maria's Sister,9,Undirected,1
66,156,Rafaela Cortes,Lupe,9,Undirected,1
203,143,tourists,Doña Maria,9,Undirected,1
145,156,Sol,Lupe,9,Undirected,1
203,158,tourists,Hernando (Dona Maria's son),9,Undirected,1
69,78,Gabriel Balboa,God,9,Undirected,1
69,203,Gabriel Balboa,tourists,9,Undirected,1
78,145,God,Sol,9,Undirected,1
69,145,Gabriel Balboa,Sol,9,Undirected,1
78,157,God,Benito,9,Undirected,1
143,158,Doña Maria,Hernando (Dona Maria's son),9,Undirected,1
69,157,Gabriel Balboa,Benito,9,Undirected,1
66,204,Rafaela Cortes,Doña Maria's Sister,9,Undirected,1
66,143,Rafaela Cortes,Doña Maria,9,Undirected,1
204,156,Doña Maria's Sister,Lupe,9,Undirected,1
98,143,Bobby Ngu,Doña Maria,10,Undirected,1
98,66,Bobby Ngu,Rafaela Cortes,10,Undirected,1
66,145,Rafaela Cortes,Sol,10,Undirected,1
98,69,Bobby Ngu,Gabriel Balboa,10,Undirected,1
98,145,Bobby Ngu,Sol,10,Undirected,1
69,145,Gabriel Balboa,Sol,10,Undirected,1
143,145,Doña Maria,Sol,10,Undirected,1
66,69,Rafaela Cortes,Gabriel Balboa,10,Undirected,1
66,143,Rafaela Cortes,Doña Maria,10,Undirected,1
69,143,Gabriel Balboa,Doña Maria,10,Undirected,1
66,144,Rafaela Cortes,L.C. Tibbets,11,Undirected,1
224,144,The Orange,L.C. Tibbets,11,Undirected,1
224,69,The Orange,Gabriel Balboa,11,Undirected,1
224,143,The Orange,Doña Maria,11,Undirected,1
69,144,Gabriel Balboa,L.C. Tibbets,11,Undirected,1
224,66,The Orange,Rafaela Cortes,11,Undirected,1
66,69,Rafaela Cortes,Gabriel Balboa,11,Undirected,1
66,143,Rafaela Cortes,Doña Maria,11,Undirected,1
69,143,Gabriel Balboa,Doña Maria,11,Undirected,1
143,144,Doña Maria,L.C. Tibbets,11,Undirected,1
224,145,The Orange,Sol,12,Undirected,1
224,69,The Orange,Gabriel Balboa,12,Undirected,1
224,66,The Orange,Rafaela Cortes,12,Undirected,1
66,69,Rafaela Cortes,Gabriel Balboa,12,Undirected,1
145,69,Sol,Gabriel Balboa,12,Undirected,1
145,66,Sol,Rafaela Cortes,12,Undirected,1
224,145,The Orange,Sol,13,Undirected,1
224,69,The Orange,Gabriel Balboa,13,Undirected,1
224,66,The Orange,Rafaela Cortes,13,Undirected,1
66,69,Rafaela Cortes,Gabriel Balboa,13,Undirected,1
145,69,Sol,Gabriel Balboa,13,Undirected,1
145,66,Sol,Rafaela Cortes,13,Undirected,1
98,159,Bobby Ngu,Car Jacker (mentioned in Bobby's intro),14,Undirected,1
207,145,crowd,Sol,14,Undirected,1
206,159,police,Car Jacker (mentioned in Bobby's intro),14,Undirected,1
205,145,sanitary,Sol,14,Undirected,1
160,207,Bruce Lee,crowd,14,Undirected,1
205,206,sanitary,police,14,Undirected,1
206,207,police,crowd,14,Undirected,1
98,207,Bobby Ngu,crowd,14,Undirected,1
66,206,Rafaela Cortes,police,14,Undirected,1
66,145,Rafaela Cortes,Sol,14,Undirected,1
160,66,Bruce Lee,Rafaela Cortes,14,Undirected,1
207,159,crowd,Car Jacker (mentioned in Bobby's intro),14,Undirected,1
160,145,Bruce Lee,Sol,14,Undirected,1
98,66,Bobby Ngu,Rafaela Cortes,14,Undirected,1
160,206,Bruce Lee,police,14,Undirected,1
206,145,police,Sol,14,Undirected,1
98,145,Bobby Ngu,Sol,14,Undirected,1
66,205,Rafaela Cortes,sanitary,14,Undirected,1
205,159,sanitary,Car Jacker (mentioned in Bobby's intro),14,Undirected,1
98,206,Bobby Ngu,police,14,Undirected,1
66,159,Rafaela Cortes,Car Jacker (mentioned in Bobby's intro),14,Undirected,1
145,159,Sol,Car Jacker (mentioned in Bobby's intro),14,Undirected,1
160,205,Bruce Lee,sanitary,14,Undirected,1
205,207,sanitary,crowd,14,Undirected,1
160,159,Bruce Lee,Car Jacker (mentioned in Bobby's intro),14,Undirected,1
160,98,Bruce Lee,Bobby Ngu,14,Undirected,1
98,205,Bobby Ngu,sanitary,14,Undirected,1
66,207,Rafaela Cortes,crowd,14,Undirected,1
163,164,Bobby's Mother,Refugees,15,Undirected,1
162,165,Bobby's Father,Americans (in the abstract),15,Undirected,1
161,145,Bobby's Brother,Sol,15,Undirected,1
165,164,Americans (in the abstract),Refugees,15,Undirected,1
98,165,Bobby Ngu,Americans (in the abstract),15,Undirected,1
66,164,Rafaela Cortes,Refugees,15,Undirected,1
161,166,Bobby's Brother,Refugee Camp Guards,15,Undirected,1
163,66,Bobby's Mother,Rafaela Cortes,15,Undirected,1
161,163,Bobby's Brother,Bobby's Mother,15,Undirected,1
165,66,Americans (in the abstract),Rafaela Cortes,15,Undirected,1
163,145,Bobby's Mother,Sol,15,Undirected,1
165,145,Americans (in the abstract),Sol,15,Undirected,1
66,145,Rafaela Cortes,Sol,15,Undirected,1
162,164,Bobby's Father,Refugees,15,Undirected,1
98,164,Bobby Ngu,Refugees,15,Undirected,1
165,166,Americans (in the abstract),Refugee Camp Guards,15,Undirected,1
163,166,Bobby's Mother,Refugee Camp Guards,15,Undirected,1
66,166,Rafaela Cortes,Refugee Camp Guards,15,Undirected,1
161,98,Bobby's Brother,Bobby Ngu,15,Undirected,1
161,162,Bobby's Brother,Bobby's Father,15,Undirected,1
162,66,Bobby's Father,Rafaela Cortes,15,Undirected,1
161,165,Bobby's Brother,Americans (in the abstract),15,Undirected,1
98,66,Bobby Ngu,Rafaela Cortes,15,Undirected,1
166,164,Refugee Camp Guards,Refugees,15,Undirected,1
162,145,Bobby's Father,Sol,15,Undirected,1
98,145,Bobby Ngu,Sol,15,Undirected,1
164,145,Refugees,Sol,15,Undirected,1
162,166,Bobby's Father,Refugee Camp Guards,15,Undirected,1
163,165,Bobby's Mother,Americans (in the abstract),15,Undirected,1
162,163,Bobby's Father,Bobby's Mother,15,Undirected,1
98,163,Bobby Ngu,Bobby's Mother,15,Undirected,1
98,166,Bobby Ngu,Refugee Camp Guards,15,Undirected,1
166,145,Refugee Camp Guards,Sol,15,Undirected,1
161,164,Bobby's Brother,Refugees,15,Undirected,1
161,66,Bobby's Brother,Rafaela Cortes,15,Undirected,1
162,98,Bobby's Father,Bobby Ngu,15,Undirected,1
164,208,Refugees,Bobby's Sister 2,16,Undirected,1
164,159,Refugees,Car Jacker (mentioned in Bobby's intro),16,Undirected,1
161,145,Bobby's Brother,Sol,16,Undirected,1
98,159,Bobby Ngu,Car Jacker (mentioned in Bobby's intro),16,Undirected,1
66,167,Rafaela Cortes,Bobby's Sister 1,16,Undirected,1
161,209,Bobby's Brother,nighttime guard,16,Undirected,1
66,164,Rafaela Cortes,Refugees,16,Undirected,1
161,166,Bobby's Brother,Refugee Camp Guards,16,Undirected,1
208,159,Bobby's Sister 2,Car Jacker (mentioned in Bobby's intro),16,Undirected,1
166,208,Refugee Camp Guards,Bobby's Sister 2,16,Undirected,1
166,159,Refugee Camp Guards,Car Jacker (mentioned in Bobby's intro),16,Undirected,1
66,145,Rafaela Cortes,Sol,16,Undirected,1
167,145,Bobby's Sister 1,Sol,16,Undirected,1
66,209,Rafaela Cortes,nighttime guard,16,Undirected,1
145,209,Sol,nighttime guard,16,Undirected,1
167,209,Bobby's Sister 1,nighttime guard,16,Undirected,1
162,164,Bobby's Father,Refugees,16,Undirected,1
98,164,Bobby Ngu,Refugees,16,Undirected,1
162,167,Bobby's Father,Bobby's Sister 1,16,Undirected,1
98,167,Bobby Ngu,Bobby's Sister 1,16,Undirected,1
66,166,Rafaela Cortes,Refugee Camp Guards,16,Undirected,1
164,167,Refugees,Bobby's Sister 1,16,Undirected,1
161,208,Bobby's Brother,Bobby's Sister 2,16,Undirected,1
161,159,Bobby's Brother,Car Jacker (mentioned in Bobby's intro),16,Undirected,1
161,98,Bobby's Brother,Bobby Ngu,16,Undirected,1
161,162,Bobby's Brother,Bobby's Father,16,Undirected,1
162,66,Bobby's Father,Rafaela Cortes,16,Undirected,1
98,66,Bobby Ngu,Rafaela Cortes,16,Undirected,1
162,145,Bobby's Father,Sol,16,Undirected,1
98,208,Bobby Ngu,Bobby's Sister 2,16,Undirected,1
162,209,Bobby's Father,nighttime guard,16,Undirected,1
98,145,Bobby Ngu,Sol,16,Undirected,1
164,145,Refugees,Sol,16,Undirected,1
98,209,Bobby Ngu,nighttime guard,16,Undirected,1
66,208,Rafaela Cortes,Bobby's Sister 2,16,Undirected,1
164,209,Refugees,nighttime guard,16,Undirected,1
166,167,Refugee Camp Guards,Bobby's Sister 1,16,Undirected,1
162,166,Bobby's Father,Refugee Camp Guards,16,Undirected,1
209,159,nighttime guard,Car Jacker (mentioned in Bobby's intro),16,Undirected,1
167,208,Bobby's Sister 1,Bobby's Sister 2,16,Undirected,1
66,159,Rafaela Cortes,Car Jacker (mentioned in Bobby's intro),16,Undirected,1
145,159,Sol,Car Jacker (mentioned in Bobby's intro),16,Undirected,1
164,166,Refugees,Refugee Camp Guards,16,Undirected,1
167,159,Bobby's Sister 1,Car Jacker (mentioned in Bobby's intro),16,Undirected,1
98,166,Bobby Ngu,Refugee Camp Guards,16,Undirected,1
208,145,Bobby's Sister 2,Sol,16,Undirected,1
208,209,Bobby's Sister 2,nighttime guard,16,Undirected,1
166,145,Refugee Camp Guards,Sol,16,Undirected,1
166,209,Refugee Camp Guards,nighttime guard,16,Undirected,1
161,164,Bobby's Brother,Refugees,16,Undirected,1
161,167,Bobby's Brother,Bobby's Sister 1,16,Undirected,1
161,66,Bobby's Brother,Rafaela Cortes,16,Undirected,1
162,208,Bobby's Father,Bobby's Sister 2,16,Undirected,1
162,159,Bobby's Father,Car Jacker (mentioned in Bobby's intro),16,Undirected,1
162,98,Bobby's Father,Bobby Ngu,16,Undirected,1
163,167,Bobby's Mother,Bobby's Sister 1,17,Undirected,1
161,145,Bobby's Brother,Sol,17,Undirected,1
66,167,Rafaela Cortes,Bobby's Sister 1,17,Undirected,1
162,168,Bobby's Father,Bicycle Factory Workers,17,Undirected,1
98,168,Bobby Ngu,Bicycle Factory Workers,17,Undirected,1
163,66,Bobby's Mother,Rafaela Cortes,17,Undirected,1
161,163,Bobby's Brother,Bobby's Mother,17,Undirected,1
168,208,Bicycle Factory Workers,Bobby's Sister 2,17,Undirected,1
163,145,Bobby's Mother,Sol,17,Undirected,1
66,145,Rafaela Cortes,Sol,17,Undirected,1
167,145,Bobby's Sister 1,Sol,17,Undirected,1
162,167,Bobby's Father,Bobby's Sister 1,17,Undirected,1
98,167,Bobby Ngu,Bobby's Sister 1,17,Undirected,1
161,208,Bobby's Brother,Bobby's Sister 2,17,Undirected,1
161,98,Bobby's Brother,Bobby Ngu,17,Undirected,1
161,162,Bobby's Brother,Bobby's Father,17,Undirected,1
162,66,Bobby's Father,Rafaela Cortes,17,Undirected,1
98,66,Bobby Ngu,Rafaela Cortes,17,Undirected,1
161,168,Bobby's Brother,Bicycle Factory Workers,17,Undirected,1
162,145,Bobby's Father,Sol,17,Undirected,1
98,208,Bobby Ngu,Bobby's Sister 2,17,Undirected,1
98,145,Bobby Ngu,Sol,17,Undirected,1
163,208,Bobby's Mother,Bobby's Sister 2,17,Undirected,1
66,208,Rafaela Cortes,Bobby's Sister 2,17,Undirected,1
167,208,Bobby's Sister 1,Bobby's Sister 2,17,Undirected,1
162,163,Bobby's Father,Bobby's Mother,17,Undirected,1
98,163,Bobby Ngu,Bobby's Mother,17,Undirected,1
163,168,Bobby's Mother,Bicycle Factory Workers,17,Undirected,1
66,168,Rafaela Cortes,Bicycle Factory Workers,17,Undirected,1
208,145,Bobby's Sister 2,Sol,17,Undirected,1
167,168,Bobby's Sister 1,Bicycle Factory Workers,17,Undirected,1
168,145,Bicycle Factory Workers,Sol,17,Undirected,1
161,167,Bobby's Brother,Bobby's Sister 1,17,Undirected,1
162,208,Bobby's Father,Bobby's Sister 2,17,Undirected,1
161,66,Bobby's Brother,Rafaela Cortes,17,Undirected,1
162,98,Bobby's Father,Bobby Ngu,17,Undirected,1
168,178,Bicycle Factory Workers,Diners,18,Undirected,1
66,167,Rafaela Cortes,Bobby's Sister 1,18,Undirected,1
162,168,Bobby's Father,Bicycle Factory Workers,18,Undirected,1
162,177,Bobby's Father,Cocktail Hostess,18,Undirected,1
163,66,Bobby's Mother,Rafaela Cortes,18,Undirected,1
170,178,Raymond Chandler,Diners,18,Undirected,1
168,208,Bicycle Factory Workers,Bobby's Sister 2,18,Undirected,1
69,168,Gabriel Balboa,Bicycle Factory Workers,18,Undirected,1
168,171,Bicycle Factory Workers,Alfred Hitchcock,18,Undirected,1
69,177,Gabriel Balboa,Cocktail Hostess,18,Undirected,1
169,145,Bobby's Nephews and Nieces,Sol,18,Undirected,1
170,208,Raymond Chandler,Bobby's Sister 2,18,Undirected,1
98,167,Bobby Ngu,Bobby's Sister 1,18,Undirected,1
162,170,Bobby's Father,Raymond Chandler,18,Undirected,1
98,176,Bobby Ngu,Waiters,18,Undirected,1
163,178,Bobby's Mother,Diners,18,Undirected,1
162,69,Bobby's Father,Gabriel Balboa,18,Undirected,1
171,145,Alfred Hitchcock,Sol,18,Undirected,1
98,69,Bobby Ngu,Gabriel Balboa,18,Undirected,1
72,178,Emi,Diners,18,Undirected,1
66,208,Rafaela Cortes,Bobby's Sister 2,18,Undirected,1
177,176,Cocktail Hostess,Waiters,18,Undirected,1
69,170,Gabriel Balboa,Raymond Chandler,18,Undirected,1
162,163,Bobby's Father,Bobby's Mother,18,Undirected,1
98,169,Bobby Ngu,Bobby's Nephews and Nieces,18,Undirected,1
98,178,Bobby Ngu,Diners,18,Undirected,1
69,145,Gabriel Balboa,Sol,18,Undirected,1
169,177,Bobby's Nephews and Nieces,Cocktail Hostess,18,Undirected,1
177,178,Cocktail Hostess,Diners,18,Undirected,1
98,208,Bobby Ngu,Bobby's Sister 2,18,Undirected,1
161,72,Bobby's Brother,Emi,18,Undirected,1
161,145,Bobby's Brother,Sol,18,Undirected,1
98,171,Bobby Ngu,Alfred Hitchcock,18,Undirected,1
171,177,Alfred Hitchcock,Cocktail Hostess,18,Undirected,1
66,176,Rafaela Cortes,Waiters,18,Undirected,1
145,176,Sol,Waiters,18,Undirected,1
163,72,Bobby's Mother,Emi,18,Undirected,1
169,170,Bobby's Nephews and Nieces,Raymond Chandler,18,Undirected,1
163,145,Bobby's Mother,Sol,18,Undirected,1
167,72,Bobby's Sister 1,Emi,18,Undirected,1
167,145,Bobby's Sister 1,Sol,18,Undirected,1
178,145,Diners,Sol,18,Undirected,1
72,145,Emi,Sol,18,Undirected,1
162,167,Bobby's Father,Bobby's Sister 1,18,Undirected,1
171,170,Alfred Hitchcock,Raymond Chandler,18,Undirected,1
162,176,Bobby's Father,Waiters,18,Undirected,1
66,169,Rafaela Cortes,Bobby's Nephews and Nieces,18,Undirected,1
66,178,Rafaela Cortes,Diners,18,Undirected,1
98,66,Bobby Ngu,Rafaela Cortes,18,Undirected,1
161,168,Bobby's Brother,Bicycle Factory Workers,18,Undirected,1
161,177,Bobby's Brother,Cocktail Hostess,18,Undirected,1
69,167,Gabriel Balboa,Bobby's Sister 1,18,Undirected,1
69,176,Gabriel Balboa,Waiters,18,Undirected,1
162,169,Bobby's Father,Bobby's Nephews and Nieces,18,Undirected,1
163,168,Bobby's Mother,Bicycle Factory Workers,18,Undirected,1
162,178,Bobby's Father,Diners,18,Undirected,1
208,145,Bobby's Sister 2,Sol,18,Undirected,1
163,177,Bobby's Mother,Cocktail Hostess,18,Undirected,1
66,171,Rafaela Cortes,Alfred Hitchcock,18,Undirected,1
167,168,Bobby's Sister 1,Bicycle Factory Workers,18,Undirected,1
168,145,Bicycle Factory Workers,Sol,18,Undirected,1
167,177,Bobby's Sister 1,Cocktail Hostess,18,Undirected,1
72,168,Emi,Bicycle Factory Workers,18,Undirected,1
161,170,Bobby's Brother,Raymond Chandler,18,Undirected,1
72,177,Emi,Cocktail Hostess,18,Undirected,1
69,169,Gabriel Balboa,Bobby's Nephews and Nieces,18,Undirected,1
162,208,Bobby's Father,Bobby's Sister 2,18,Undirected,1
161,69,Bobby's Brother,Gabriel Balboa,18,Undirected,1
162,98,Bobby's Father,Bobby Ngu,18,Undirected,1
170,145,Raymond Chandler,Sol,18,Undirected,1
162,171,Bobby's Father,Alfred Hitchcock,18,Undirected,1
163,170,Bobby's Mother,Raymond Chandler,18,Undirected,1
167,170,Bobby's Sister 1,Raymond Chandler,18,Undirected,1
161,163,Bobby's Brother,Bobby's Mother,18,Undirected,1
69,208,Gabriel Balboa,Bobby's Sister 2,18,Undirected,1
169,176,Bobby's Nephews and Nieces,Waiters,18,Undirected,1
72,170,Emi,Raymond Chandler,18,Undirected,1
208,177,Bobby's Sister 2,Cocktail Hostess,18,Undirected,1
168,177,Bicycle Factory Workers,Cocktail Hostess,18,Undirected,1
171,176,Alfred Hitchcock,Waiters,18,Undirected,1
162,66,Bobby's Father,Rafaela Cortes,18,Undirected,1
98,72,Bobby Ngu,Emi,18,Undirected,1
169,178,Bobby's Nephews and Nieces,Diners,18,Undirected,1
170,177,Raymond Chandler,Cocktail Hostess,18,Undirected,1
98,145,Bobby Ngu,Sol,18,Undirected,1
168,170,Bicycle Factory Workers,Raymond Chandler,18,Undirected,1
171,178,Alfred Hitchcock,Diners,18,Undirected,1
69,66,Gabriel Balboa,Rafaela Cortes,18,Undirected,1
66,168,Rafaela Cortes,Bicycle Factory Workers,18,Undirected,1
169,208,Bobby's Nephews and Nieces,Bobby's Sister 2,18,Undirected,1
66,177,Rafaela Cortes,Cocktail Hostess,18,Undirected,1
177,145,Cocktail Hostess,Sol,18,Undirected,1
169,171,Bobby's Nephews and Nieces,Alfred Hitchcock,18,Undirected,1
161,167,Bobby's Brother,Bobby's Sister 1,18,Undirected,1
161,176,Bobby's Brother,Waiters,18,Undirected,1
171,208,Alfred Hitchcock,Bobby's Sister 2,18,Undirected,1
163,167,Bobby's Mother,Bobby's Sister 1,18,Undirected,1
69,178,Gabriel Balboa,Diners,18,Undirected,1
163,176,Bobby's Mother,Waiters,18,Undirected,1
66,170,Rafaela Cortes,Raymond Chandler,18,Undirected,1
98,168,Bobby Ngu,Bicycle Factory Workers,18,Undirected,1
98,177,Bobby Ngu,Cocktail Hostess,18,Undirected,1
167,176,Bobby's Sister 1,Waiters,18,Undirected,1
178,176,Diners,Waiters,18,Undirected,1
161,169,Bobby's Brother,Bobby's Nephews and Nieces,18,Undirected,1
163,69,Bobby's Mother,Gabriel Balboa,18,Undirected,1
72,176,Emi,Waiters,18,Undirected,1
161,178,Bobby's Brother,Diners,18,Undirected,1
66,72,Rafaela Cortes,Emi,18,Undirected,1
66,145,Rafaela Cortes,Sol,18,Undirected,1
69,171,Gabriel Balboa,Alfred Hitchcock,18,Undirected,1
163,169,Bobby's Mother,Bobby's Nephews and Nieces,18,Undirected,1
161,208,Bobby's Brother,Bobby's Sister 2,18,Undirected,1
98,170,Bobby Ngu,Raymond Chandler,18,Undirected,1
167,169,Bobby's Sister 1,Bobby's Nephews and Nieces,18,Undirected,1
161,98,Bobby's Brother,Bobby Ngu,18,Undirected,1
161,162,Bobby's Brother,Bobby's Father,18,Undirected,1
167,178,Bobby's Sister 1,Diners,18,Undirected,1
162,72,Bobby's Father,Emi,18,Undirected,1
72,169,Emi,Bobby's Nephews and Nieces,18,Undirected,1
161,171,Bobby's Brother,Alfred Hitchcock,18,Undirected,1
162,145,Bobby's Father,Sol,18,Undirected,1
208,176,Bobby's Sister 2,Waiters,18,Undirected,1
163,208,Bobby's Mother,Bobby's Sister 2,18,Undirected,1
168,176,Bicycle Factory Workers,Waiters,18,Undirected,1
167,208,Bobby's Sister 1,Bobby's Sister 2,18,Undirected,1
163,171,Bobby's Mother,Alfred Hitchcock,18,Undirected,1
98,163,Bobby Ngu,Bobby's Mother,18,Undirected,1
69,72,Gabriel Balboa,Emi,18,Undirected,1
72,208,Emi,Bobby's Sister 2,18,Undirected,1
167,171,Bobby's Sister 1,Alfred Hitchcock,18,Undirected,1
169,168,Bobby's Nephews and Nieces,Bicycle Factory Workers,18,Undirected,1
72,171,Emi,Alfred Hitchcock,18,Undirected,1
170,176,Raymond Chandler,Waiters,18,Undirected,1
208,178,Bobby's Sister 2,Diners,18,Undirected,1
161,66,Bobby's Brother,Rafaela Cortes,18,Undirected,1
69,175,Gabriel Balboa,Roger Rabbit,19,Undirected,1
69,178,Gabriel Balboa,Diners,19,Undirected,1
173,174,Robert Altman,Robert Zemeckis,19,Undirected,1
173,180,Robert Altman,David Hockney,19,Undirected,1
172,178,Roman Polanski,Diners,19,Undirected,1
72,173,Emi,Robert Altman,19,Undirected,1
172,175,Roman Polanski,Roger Rabbit,19,Undirected,1
174,178,Robert Zemeckis,Diners,19,Undirected,1
174,175,Robert Zemeckis,Roger Rabbit,19,Undirected,1
69,174,Gabriel Balboa,Robert Zemeckis,19,Undirected,1
175,180,Roger Rabbit,David Hockney,19,Undirected,1
69,180,Gabriel Balboa,David Hockney,19,Undirected,1
72,172,Emi,Roman Polanski,19,Undirected,1
172,174,Roman Polanski,Robert Zemeckis,19,Undirected,1
172,180,Roman Polanski,David Hockney,19,Undirected,1
72,175,Emi,Roger Rabbit,19,Undirected,1
72,178,Emi,Diners,19,Undirected,1
174,180,Robert Zemeckis,David Hockney,19,Undirected,1
69,173,Gabriel Balboa,Robert Altman,19,Undirected,1
69,72,Gabriel Balboa,Emi,19,Undirected,1
173,178,Robert Altman,Diners,19,Undirected,1
173,175,Robert Altman,Roger Rabbit,19,Undirected,1
178,180,Diners,David Hockney,19,Undirected,1
172,173,Roman Polanski,Robert Altman,19,Undirected,1
72,174,Emi,Robert Zemeckis,19,Undirected,1
175,178,Roger Rabbit,Diners,19,Undirected,1
72,180,Emi,David Hockney,19,Undirected,1
69,172,Gabriel Balboa,Roman Polanski,19,Undirected,1
69,72,Gabriel Balboa,Emi,20,Undirected,1
69,210,Gabriel Balboa,Emi's technicians,20,Undirected,1
72,211,Emi,Bogie,20,Undirected,1
69,178,Gabriel Balboa,Diners,20,Undirected,1
178,211,Diners,Bogie,20,Undirected,1
72,210,Emi,Emi's technicians,20,Undirected,1
72,178,Emi,Diners,20,Undirected,1
69,212,Gabriel Balboa,Sponsor,20,Undirected,1
210,212,Emi's technicians,Sponsor,20,Undirected,1
178,212,Diners,Sponsor,20,Undirected,1
211,212,Bogie,Sponsor,20,Undirected,1
210,211,Emi's technicians,Bogie,20,Undirected,1
72,212,Emi,Sponsor,20,Undirected,1
69,211,Gabriel Balboa,Bogie,20,Undirected,1
210,178,Emi's technicians,Diners,20,Undirected,1
184,318,Emi's Mother,Emi's sister,21,Undirected,1
69,181,Gabriel Balboa,Montel Williams,21,Undirected,1
69,178,Gabriel Balboa,Diners,21,Undirected,1
69,184,Gabriel Balboa,Emi's Mother,21,Undirected,1
182,183,Rikki Lake,Sally Jesse Raphael,21,Undirected,1
182,186,Rikki Lake,Emi's Siblings,21,Undirected,1
181,184,Montel Williams,Emi's Mother,21,Undirected,1
69,318,Gabriel Balboa,Emi's sister,21,Undirected,1
181,318,Montel Williams,Emi's sister,21,Undirected,1
178,185,Diners,Emi's Father,21,Undirected,1
178,182,Diners,Rikki Lake,21,Undirected,1
72,182,Emi,Rikki Lake,21,Undirected,1
184,186,Emi's Mother,Emi's Siblings,21,Undirected,1
183,184,Sally Jesse Raphael,Emi's Mother,21,Undirected,1
72,185,Emi,Emi's Father,21,Undirected,1
183,318,Sally Jesse Raphael,Emi's sister,21,Undirected,1
69,186,Gabriel Balboa,Emi's Siblings,21,Undirected,1
185,318,Emi's Father,Emi's sister,21,Undirected,1
69,183,Gabriel Balboa,Sally Jesse Raphael,21,Undirected,1
182,185,Rikki Lake,Emi's Father,21,Undirected,1
181,183,Montel Williams,Sally Jesse Raphael,21,Undirected,1
181,186,Montel Williams,Emi's Siblings,21,Undirected,1
178,181,Diners,Montel Williams,21,Undirected,1
178,184,Diners,Emi's Mother,21,Undirected,1
72,181,Emi,Montel Williams,21,Undirected,1
72,178,Emi,Diners,21,Undirected,1
72,184,Emi,Emi's Mother,21,Undirected,1
178,318,Diners,Emi's sister,21,Undirected,1
183,186,Sally Jesse Raphael,Emi's Siblings,21,Undirected,1
184,185,Emi's Mother,Emi's Father,21,Undirected,1
72,318,Emi,Emi's sister,21,Undirected,1
185,186,Emi's Father,Emi's Siblings,21,Undirected,1
69,182,Gabriel Balboa,Rikki Lake,21,Undirected,1
181,182,Montel Williams,Rikki Lake,21,Undirected,1
69,72,Gabriel Balboa,Emi,21,Undirected,1
69,185,Gabriel Balboa,Emi's Father,21,Undirected,1
181,185,Montel Williams,Emi's Father,21,Undirected,1
182,184,Rikki Lake,Emi's Mother,21,Undirected,1
182,318,Rikki Lake,Emi's sister,21,Undirected,1
178,183,Diners,Sally Jesse Raphael,21,Undirected,1
178,186,Diners,Emi's Siblings,21,Undirected,1
72,183,Emi,Sally Jesse Raphael,21,Undirected,1
186,318,Emi's Siblings,Emi's sister,21,Undirected,1
183,185,Sally Jesse Raphael,Emi's Father,21,Undirected,1
72,186,Emi,Emi's Siblings,21,Undirected,1
69,72,Gabriel Balboa,Emi,22,Undirected,1
72,214,Emi,Chef,22,Undirected,1
69,184,Gabriel Balboa,Emi's Mother,22,Undirected,1
214,184,Chef,Emi's Mother,22,Undirected,1
69,187,Gabriel Balboa,Philip Marlowe,22,Undirected,1
214,187,Chef,Philip Marlowe,22,Undirected,1
72,184,Emi,Emi's Mother,22,Undirected,1
72,187,Emi,Philip Marlowe,22,Undirected,1
69,214,Gabriel Balboa,Chef,22,Undirected,1
184,187,Emi's Mother,Philip Marlowe,22,Undirected,1
66,187,Rafaela Cortes,Philip Marlowe,23,Undirected,1
72,66,Emi,Rafaela Cortes,23,Undirected,1
72,69,Emi,Gabriel Balboa,23,Undirected,1
72,187,Emi,Philip Marlowe,23,Undirected,1
187,69,Philip Marlowe,Gabriel Balboa,23,Undirected,1
66,69,Rafaela Cortes,Gabriel Balboa,23,Undirected,1
69,72,Gabriel Balboa,Emi,24,Undirected,1
72,188,Emi,Nicholas Meyer,24,Undirected,1
215,188,person on the phone,Nicholas Meyer,24,Undirected,1
176,215,Waiters,person on the phone,24,Undirected,1
69,215,Gabriel Balboa,person on the phone,24,Undirected,1
69,176,Gabriel Balboa,Waiters,24,Undirected,1
176,188,Waiters,Nicholas Meyer,24,Undirected,1
72,215,Emi,person on the phone,24,Undirected,1
72,176,Emi,Waiters,24,Undirected,1
69,188,Gabriel Balboa,Nicholas Meyer,24,Undirected,1
72,69,Emi,Gabriel Balboa,25,Undirected,1
69,87,Gabriel Balboa,Buzzworm,25,Undirected,1
189,87,Unnamed members of L.A. Underclass,Buzzworm,25,Undirected,1
72,87,Emi,Buzzworm,25,Undirected,1
189,69,Unnamed members of L.A. Underclass,Gabriel Balboa,25,Undirected,1
72,189,Emi,Unnamed members of L.A. Underclass,25,Undirected,1
189,87,Unnamed members of L.A. Underclass,Buzzworm,26,Undirected,1
192,87,LAPD,Buzzworm,27,Undirected,1
192,189,LAPD,Unnamed members of L.A. Underclass,27,Undirected,1
189,87,Unnamed members of L.A. Underclass,Buzzworm,27,Undirected,1
189,191,Unnamed members of L.A. Underclass,Cisco's dealer,28,Undirected,1
87,190,Buzzworm,Cisco,28,Undirected,1
190,191,Cisco,Cisco's dealer,28,Undirected,1
197,191,Cisco's Old man,Cisco's dealer,28,Undirected,1
87,191,Buzzworm,Cisco's dealer,28,Undirected,1
189,190,Unnamed members of L.A. Underclass,Cisco,28,Undirected,1
87,189,Buzzworm,Unnamed members of L.A. Underclass,28,Undirected,1
197,190,Cisco's Old man,Cisco,28,Undirected,1
197,87,Cisco's Old man,Buzzworm,28,Undirected,1
197,189,Cisco's Old man,Unnamed members of L.A. Underclass,28,Undirected,1
193,194,Papa John Creach,Buzzworm's friend Kwon,29,Undirected,1
194,87,Buzzworm's friend Kwon,Buzzworm,29,Undirected,1
189,87,Unnamed members of L.A. Underclass,Buzzworm,29,Undirected,1
193,87,Papa John Creach,Buzzworm,29,Undirected,1
194,189,Buzzworm's friend Kwon,Unnamed members of L.A. Underclass,29,Undirected,1
193,189,Papa John Creach,Unnamed members of L.A. Underclass,29,Undirected,1
195,87,U.S. Surgeon General,Buzzworm,30,Undirected,1
195,196,U.S. Surgeon General,L.A. Suburbanites,30,Undirected,1
196,87,L.A. Suburbanites,Buzzworm,30,Undirected,1
196,87,L.A. Suburbanites,Buzzworm,31,Undirected,1
198,87,L.A. City Crew,Buzzworm,32,Undirected,1
189,198,Unnamed members of L.A. Underclass,L.A. City Crew,32,Undirected,1
189,87,Unnamed members of L.A. Underclass,Buzzworm,32,Undirected,1
189,87,Unnamed members of L.A. Underclass,Buzzworm,33,Undirected,1
68,71,Manzanar Murakami,People in Traffic (34),34,Undirected,1
816,68,Walt Disney,Manzanar Murakami,35,Undirected,1
68,71,Manzanar Murakami,People in Traffic (34),35,Undirected,1
816,71,Walt Disney,People in Traffic (34),35,Undirected,1
356,818,Japanese Americans (Abstract),Hanna-Barbera,36,Undirected,1
816,818,Walt Disney,Hanna-Barbera,36,Undirected,1
68,817,Manzanar Murakami,Warner Brothers,36,Undirected,1
816,817,Walt Disney,Warner Brothers,36,Undirected,1
68,816,Manzanar Murakami,Walt Disney,36,Undirected,1
356,817,Japanese Americans (Abstract),Warner Brothers,36,Undirected,1
356,68,Japanese Americans (Abstract),Manzanar Murakami,36,Undirected,1
356,816,Japanese Americans (Abstract),Walt Disney,36,Undirected,1
817,818,Warner Brothers,Hanna-Barbera,36,Undirected,1
68,818,Manzanar Murakami,Hanna-Barbera,36,Undirected,1
356,68,Japanese Americans (Abstract),Manzanar Murakami,37,Undirected,1
73,75,Terry,Editor Two (38),38,Undirected,1
72,73,Emi,Terry,38,Undirected,1
72,79,Emi,mothers of gang-bangers (38),38,Undirected,1
73,78,Terry,God,38,Undirected,1
72,76,Emi,Editor Three (38),38,Undirected,1
69,77,Gabriel Balboa,Editor Four (38),38,Undirected,1
77,78,Editor Four (38),God,38,Undirected,1
69,74,Gabriel Balboa,Editor One (38),38,Undirected,1
74,79,Editor One (38),mothers of gang-bangers (38),38,Undirected,1
75,78,Editor Two (38),God,38,Undirected,1
74,76,Editor One (38),Editor Three (38),38,Undirected,1
76,79,Editor Three (38),mothers of gang-bangers (38),38,Undirected,1
73,77,Terry,Editor Four (38),38,Undirected,1
72,75,Emi,Editor Two (38),38,Undirected,1
73,74,Terry,Editor One (38),38,Undirected,1
72,78,Emi,God,38,Undirected,1
69,73,Gabriel Balboa,Terry,38,Undirected,1
69,79,Gabriel Balboa,mothers of gang-bangers (38),38,Undirected,1
78,79,God,mothers of gang-bangers (38),38,Undirected,1
69,76,Gabriel Balboa,Editor Three (38),38,Undirected,1
75,77,Editor Two (38),Editor Four (38),38,Undirected,1
74,75,Editor One (38),Editor Two (38),38,Undirected,1
74,78,Editor One (38),God,38,Undirected,1
76,78,Editor Three (38),God,38,Undirected,1
72,74,Emi,Editor One (38),38,Undirected,1
72,77,Emi,Editor Four (38),38,Undirected,1
73,76,Terry,Editor Three (38),38,Undirected,1
73,79,Terry,mothers of gang-bangers (38),38,Undirected,1
69,72,Gabriel Balboa,Emi,38,Undirected,1
77,79,Editor Four (38),mothers of gang-bangers (38),38,Undirected,1
69,75,Gabriel Balboa,Editor Two (38),38,Undirected,1
69,78,Gabriel Balboa,God,38,Undirected,1
74,77,Editor One (38),Editor Four (38),38,Undirected,1
75,76,Editor Two (38),Editor Three (38),38,Undirected,1
76,77,Editor Three (38),Editor Four (38),38,Undirected,1
75,79,Editor Two (38),mothers of gang-bangers (38),38,Undirected,1
80,69,Rubén Salazar,Gabriel Balboa,39,Undirected,1
81,69,Bob the Weatherman,Gabriel Balboa,39,Undirected,1
72,69,Emi,Gabriel Balboa,39,Undirected,1
72,81,Emi,Bob the Weatherman,39,Undirected,1
81,80,Bob the Weatherman,Rubén Salazar,39,Undirected,1
72,80,Emi,Rubén Salazar,39,Undirected,1
82,84,Surfers (40),Gabriel Balboa's mother's priest,40,Undirected,1
72,82,Emi,Surfers (40),40,Undirected,1
82,151,Surfers (40),Gabriel's Grandmother,40,Undirected,1
72,85,Emi,Gabriel Balboa's family,40,Undirected,1
72,152,Emi,Gabriel's Grandfather,40,Undirected,1
84,151,Gabriel Balboa's mother's priest,Gabriel's Grandmother,40,Undirected,1
69,83,Gabriel Balboa,Gabriel Balboa's mother,40,Undirected,1
83,85,Gabriel Balboa's mother,Gabriel Balboa's family,40,Undirected,1
83,152,Gabriel Balboa's mother,Gabriel's Grandfather,40,Undirected,1
151,152,Gabriel's Grandmother,Gabriel's Grandfather,40,Undirected,1
85,152,Gabriel Balboa's family,Gabriel's Grandfather,40,Undirected,1
82,83,Surfers (40),Gabriel Balboa's mother,40,Undirected,1
72,84,Emi,Gabriel Balboa's mother's priest,40,Undirected,1
72,151,Emi,Gabriel's Grandmother,40,Undirected,1
69,82,Gabriel Balboa,Surfers (40),40,Undirected,1
69,85,Gabriel Balboa,Gabriel Balboa's family,40,Undirected,1
83,84,Gabriel Balboa's mother,Gabriel Balboa's mother's priest,40,Undirected,1
69,152,Gabriel Balboa,Gabriel's Grandfather,40,Undirected,1
83,151,Gabriel Balboa's mother,Gabriel's Grandmother,40,Undirected,1
85,151,Gabriel Balboa's family,Gabriel's Grandmother,40,Undirected,1
82,85,Surfers (40),Gabriel Balboa's family,40,Undirected,1
72,83,Emi,Gabriel Balboa's mother,40,Undirected,1
69,72,Gabriel Balboa,Emi,40,Undirected,1
82,152,Surfers (40),Gabriel's Grandfather,40,Undirected,1
84,85,Gabriel Balboa's mother's priest,Gabriel Balboa's family,40,Undirected,1
84,152,Gabriel Balboa's mother's priest,Gabriel's Grandfather,40,Undirected,1
69,84,Gabriel Balboa,Gabriel Balboa's mother's priest,40,Undirected,1
69,151,Gabriel Balboa,Gabriel's Grandmother,40,Undirected,1
69,72,Gabriel Balboa,Emi,41,Undirected,1
72,89,Emi,Cross-dresser (41),41,Undirected,1
69,88,Gabriel Balboa,Folks in the bridge rafters (41),41,Undirected,1
86,88,Beth,Folks in the bridge rafters (41),41,Undirected,1
69,87,Gabriel Balboa,Buzzworm,41,Undirected,1
72,88,Emi,Folks in the bridge rafters (41),41,Undirected,1
86,87,Beth,Buzzworm,41,Undirected,1
87,89,Buzzworm,Cross-dresser (41),41,Undirected,1
88,89,Folks in the bridge rafters (41),Cross-dresser (41),41,Undirected,1
69,86,Gabriel Balboa,Beth,41,Undirected,1
72,87,Emi,Buzzworm,41,Undirected,1
87,88,Buzzworm,Folks in the bridge rafters (41),41,Undirected,1
69,89,Gabriel Balboa,Cross-dresser (41),41,Undirected,1
86,89,Beth,Cross-dresser (41),41,Undirected,1
72,86,Emi,Beth,41,Undirected,1
68,91,Manzanar Murakami,Esa-Pekka Solanen,42,Undirected,1
90,91,Leonard Bernstein,Esa-Pekka Solanen,42,Undirected,1
87,89,Buzzworm,Cross-dresser (41),42,Undirected,1
87,92,Buzzworm,Seji Ozawa,42,Undirected,1
78,89,God,Cross-dresser (41),42,Undirected,1
78,92,God,Seji Ozawa,42,Undirected,1
69,89,Gabriel Balboa,Cross-dresser (41),42,Undirected,1
89,92,Cross-dresser (41),Seji Ozawa,42,Undirected,1
69,92,Gabriel Balboa,Seji Ozawa,42,Undirected,1
91,92,Esa-Pekka Solanen,Seji Ozawa,42,Undirected,1
68,69,Manzanar Murakami,Gabriel Balboa,42,Undirected,1
68,78,Manzanar Murakami,God,42,Undirected,1
68,87,Manzanar Murakami,Buzzworm,42,Undirected,1
68,90,Manzanar Murakami,Leonard Bernstein,42,Undirected,1
87,91,Buzzworm,Esa-Pekka Solanen,42,Undirected,1
78,91,God,Esa-Pekka Solanen,42,Undirected,1
89,91,Cross-dresser (41),Esa-Pekka Solanen,42,Undirected,1
69,91,Gabriel Balboa,Esa-Pekka Solanen,42,Undirected,1
68,89,Manzanar Murakami,Cross-dresser (41),42,Undirected,1
68,92,Manzanar Murakami,Seji Ozawa,42,Undirected,1
90,92,Leonard Bernstein,Seji Ozawa,42,Undirected,1
87,90,Buzzworm,Leonard Bernstein,42,Undirected,1
69,78,Gabriel Balboa,God,42,Undirected,1
78,87,God,Buzzworm,42,Undirected,1
78,90,God,Leonard Bernstein,42,Undirected,1
69,87,Gabriel Balboa,Buzzworm,42,Undirected,1
89,90,Cross-dresser (41),Leonard Bernstein,42,Undirected,1
69,90,Gabriel Balboa,Leonard Bernstein,42,Undirected,1
68,69,Manzanar Murakami,Gabriel Balboa,43,Undirected,1
68,87,Manzanar Murakami,Buzzworm,43,Undirected,1
69,87,Gabriel Balboa,Buzzworm,43,Undirected,1
68,94,Manzanar Murakami,Webb reporter in San Jose,44,Undirected,1
87,95,Buzzworm,Corazon Juarez,44,Undirected,1
66,69,Rafaela Cortes,Gabriel Balboa,44,Undirected,1
68,69,Manzanar Murakami,Gabriel Balboa,44,Undirected,1
69,95,Gabriel Balboa,Corazon Juarez,44,Undirected,1
66,87,Rafaela Cortes,Buzzworm,44,Undirected,1
93,95,East L.A. boy,Corazon Juarez,44,Undirected,1
68,87,Manzanar Murakami,Buzzworm,44,Undirected,1
66,93,Rafaela Cortes,East L.A. boy,44,Undirected,1
68,93,Manzanar Murakami,East L.A. boy,44,Undirected,1
87,94,Buzzworm,Webb reporter in San Jose,44,Undirected,1
66,68,Rafaela Cortes,Manzanar Murakami,44,Undirected,1
69,94,Gabriel Balboa,Webb reporter in San Jose,44,Undirected,1
93,94,East L.A. boy,Webb reporter in San Jose,44,Undirected,1
66,95,Rafaela Cortes,Corazon Juarez,44,Undirected,1
68,95,Manzanar Murakami,Corazon Juarez,44,Undirected,1
87,93,Buzzworm,East L.A. boy,44,Undirected,1
69,87,Gabriel Balboa,Buzzworm,44,Undirected,1
69,93,Gabriel Balboa,East L.A. boy,44,Undirected,1
94,95,Webb reporter in San Jose,Corazon Juarez,44,Undirected,1
66,94,Rafaela Cortes,Webb reporter in San Jose,44,Undirected,1
96,72,workers at Gabriel's house,Emi,45,Undirected,1
97,66,Gabriel Balboa's friends,Rafaela Cortes,45,Undirected,1
97,72,Gabriel Balboa's friends,Emi,45,Undirected,1
96,69,workers at Gabriel's house,Gabriel Balboa,45,Undirected,1
98,66,Bobby Ngu,Rafaela Cortes,45,Undirected,1
97,69,Gabriel Balboa's friends,Gabriel Balboa,45,Undirected,1
98,72,Bobby Ngu,Emi,45,Undirected,1
69,72,Gabriel Balboa,Emi,45,Undirected,1
98,69,Bobby Ngu,Gabriel Balboa,45,Undirected,1
96,97,workers at Gabriel's house,Gabriel Balboa's friends,45,Undirected,1
97,98,Gabriel Balboa's friends,Bobby Ngu,45,Undirected,1
66,72,Rafaela Cortes,Emi,45,Undirected,1
66,69,Rafaela Cortes,Gabriel Balboa,45,Undirected,1
96,98,workers at Gabriel's house,Bobby Ngu,45,Undirected,1
96,66,workers at Gabriel's house,Rafaela Cortes,45,Undirected,1
68,69,Manzanar Murakami,Gabriel Balboa,46,Undirected,1
68,87,Manzanar Murakami,Buzzworm,46,Undirected,1
69,87,Gabriel Balboa,Buzzworm,46,Undirected,1
99,100,Carmen Miranda,Cantiflas,47,Undirected,1
100,70,Cantiflas,Arcangel/El Gran Mojado,47,Undirected,1
99,70,Carmen Miranda,Arcangel/El Gran Mojado,47,Undirected,1
70,110,Arcangel/El Gran Mojado,The DEA,48,Undirected,1
105,107,Pelé,Allende,48,Undirected,1
70,119,Arcangel/El Gran Mojado,Porfirio Díaz,48,Undirected,1
105,116,Pelé,Borges,48,Undirected,1
107,113,Allende,Fujimori,48,Undirected,1
108,112,El General Stroessner,Vargas Llosa,48,Undirected,1
101,106,Ronald Reagan,Pinochet,48,Undirected,1
107,122,Allende,Arcangel's inmates,48,Undirected,1
118,122,Archbishop Romero,Arcangel's inmates,48,Undirected,1
108,121,El General Stroessner,Arcangel's torturers,48,Undirected,1
101,115,Ronald Reagan,Sandino,48,Undirected,1
113,117,Fujimori,Neruda,48,Undirected,1
101,124,Ronald Reagan,performance goer (48),48,Undirected,1
103,109,Che Guevara,Pablo Escobar,48,Undirected,1
112,121,Vargas Llosa,Arcangel's torturers,48,Undirected,1
103,118,Che Guevara,Archbishop Romero,48,Undirected,1
114,118,Tachito Somoza,Archbishop Romero,48,Undirected,1
106,114,Pinochet,Tachito Somoza,48,Undirected,1
109,113,Pablo Escobar,Fujimori,48,Undirected,1
106,123,Pinochet,Gabriel Garcia Márquez,48,Undirected,1
109,122,Pablo Escobar,Arcangel's inmates,48,Undirected,1
70,103,Arcangel/El Gran Mojado,Che Guevara,48,Undirected,1
111,119,Noriega,Porfirio Díaz,48,Undirected,1
120,122,Fidel Castro,Arcangel's inmates,48,Undirected,1
70,112,Arcangel/El Gran Mojado,Vargas Llosa,48,Undirected,1
105,109,Pelé,Pablo Escobar,48,Undirected,1
110,123,The DEA,Gabriel Garcia Márquez,48,Undirected,1
70,121,Arcangel/El Gran Mojado,Arcangel's torturers,48,Undirected,1
105,118,Pelé,Archbishop Romero,48,Undirected,1
107,115,Allende,Sandino,48,Undirected,1
116,118,Borges,Archbishop Romero,48,Undirected,1
108,114,El General Stroessner,Tachito Somoza,48,Undirected,1
101,108,Ronald Reagan,El General Stroessner,48,Undirected,1
107,124,Allende,performance goer (48),48,Undirected,1
118,124,Archbishop Romero,performance goer (48),48,Undirected,1
108,123,El General Stroessner,Gabriel Garcia Márquez,48,Undirected,1
101,117,Ronald Reagan,Neruda,48,Undirected,1
112,114,Vargas Llosa,Tachito Somoza,48,Undirected,1
103,111,Che Guevara,Noriega,48,Undirected,1
122,124,Arcangel's inmates,performance goer (48),48,Undirected,1
106,107,Pinochet,Allende,48,Undirected,1
112,123,Vargas Llosa,Gabriel Garcia Márquez,48,Undirected,1
103,120,Che Guevara,Fidel Castro,48,Undirected,1
114,120,Tachito Somoza,Fidel Castro,48,Undirected,1
104,119,Eva Péron,Porfirio Díaz,48,Undirected,1
106,116,Pinochet,Borges,48,Undirected,1
109,115,Pablo Escobar,Sandino,48,Undirected,1
111,112,Noriega,Vargas Llosa,48,Undirected,1
115,119,Sandino,Porfirio Díaz,48,Undirected,1
117,119,Neruda,Porfirio Díaz,48,Undirected,1
109,124,Pablo Escobar,performance goer (48),48,Undirected,1
70,105,Arcangel/El Gran Mojado,Pelé,48,Undirected,1
120,124,Fidel Castro,performance goer (48),48,Undirected,1
110,116,The DEA,Borges,48,Undirected,1
70,114,Arcangel/El Gran Mojado,Tachito Somoza,48,Undirected,1
105,111,Pelé,Noriega,48,Undirected,1
107,108,Allende,El General Stroessner,48,Undirected,1
70,123,Arcangel/El Gran Mojado,Gabriel Garcia Márquez,48,Undirected,1
102,121,"""the masses"" (48)",Arcangel's torturers,48,Undirected,1
105,120,Pelé,Fidel Castro,48,Undirected,1
107,117,Allende,Neruda,48,Undirected,1
116,120,Borges,Fidel Castro,48,Undirected,1
108,116,El General Stroessner,Borges,48,Undirected,1
101,110,Ronald Reagan,The DEA,48,Undirected,1
101,119,Ronald Reagan,Porfirio Díaz,48,Undirected,1
103,104,Che Guevara,Eva Péron,48,Undirected,1
112,116,Vargas Llosa,Borges,48,Undirected,1
103,113,Che Guevara,Fujimori,48,Undirected,1
104,112,Eva Péron,Vargas Llosa,48,Undirected,1
106,109,Pinochet,Pablo Escobar,48,Undirected,1
103,122,Che Guevara,Arcangel's inmates,48,Undirected,1
113,124,Fujimori,performance goer (48),48,Undirected,1
104,121,Eva Péron,Arcangel's torturers,48,Undirected,1
106,118,Pinochet,Archbishop Romero,48,Undirected,1
109,117,Pablo Escobar,Neruda,48,Undirected,1
114,122,Tachito Somoza,Arcangel's inmates,48,Undirected,1
115,121,Sandino,Arcangel's torturers,48,Undirected,1
70,107,Arcangel/El Gran Mojado,Allende,48,Undirected,1
119,121,Porfirio Díaz,Arcangel's torturers,48,Undirected,1
110,118,The DEA,Archbishop Romero,48,Undirected,1
70,116,Arcangel/El Gran Mojado,Borges,48,Undirected,1
102,114,"""the masses"" (48)",Tachito Somoza,48,Undirected,1
105,113,Pelé,Fujimori,48,Undirected,1
107,110,Allende,The DEA,48,Undirected,1
108,109,El General Stroessner,Pablo Escobar,48,Undirected,1
102,123,"""the masses"" (48)",Gabriel Garcia Márquez,48,Undirected,1
101,103,Ronald Reagan,Che Guevara,48,Undirected,1
105,122,Pelé,Arcangel's inmates,48,Undirected,1
107,119,Allende,Porfirio Díaz,48,Undirected,1
108,118,El General Stroessner,Archbishop Romero,48,Undirected,1
116,122,Borges,Arcangel's inmates,48,Undirected,1
101,112,Ronald Reagan,Vargas Llosa,48,Undirected,1
118,119,Archbishop Romero,Porfirio Díaz,48,Undirected,1
103,106,Che Guevara,Pinochet,48,Undirected,1
104,105,Eva Péron,Pelé,48,Undirected,1
112,118,Vargas Llosa,Archbishop Romero,48,Undirected,1
103,115,Che Guevara,Sandino,48,Undirected,1
114,115,Tachito Somoza,Sandino,48,Undirected,1
104,114,Eva Péron,Tachito Somoza,48,Undirected,1
106,111,Pinochet,Noriega,48,Undirected,1
109,110,Pablo Escobar,The DEA,48,Undirected,1
103,124,Che Guevara,performance goer (48),48,Undirected,1
114,124,Tachito Somoza,performance goer (48),48,Undirected,1
104,123,Eva Péron,Gabriel Garcia Márquez,48,Undirected,1
106,120,Pinochet,Fidel Castro,48,Undirected,1
115,123,Sandino,Gabriel Garcia Márquez,48,Undirected,1
110,111,The DEA,Noriega,48,Undirected,1
70,109,Arcangel/El Gran Mojado,Pablo Escobar,48,Undirected,1
117,124,Neruda,performance goer (48),48,Undirected,1
102,107,"""the masses"" (48)",Allende,48,Undirected,1
105,106,Pelé,Pinochet,48,Undirected,1
110,120,The DEA,Fidel Castro,48,Undirected,1
70,118,Arcangel/El Gran Mojado,Archbishop Romero,48,Undirected,1
119,123,Porfirio Díaz,Gabriel Garcia Márquez,48,Undirected,1
102,116,"""the masses"" (48)",Borges,48,Undirected,1
105,115,Pelé,Sandino,48,Undirected,1
107,112,Allende,Vargas Llosa,48,Undirected,1
108,111,El General Stroessner,Noriega,48,Undirected,1
101,105,Ronald Reagan,Pelé,48,Undirected,1
105,124,Pelé,performance goer (48),48,Undirected,1
116,124,Borges,performance goer (48),48,Undirected,1
108,120,El General Stroessner,Fidel Castro,48,Undirected,1
103,108,Che Guevara,El General Stroessner,48,Undirected,1
104,107,Eva Péron,Allende,48,Undirected,1
121,123,Arcangel's torturers,Gabriel Garcia Márquez,48,Undirected,1
112,120,Vargas Llosa,Fidel Castro,48,Undirected,1
103,117,Che Guevara,Neruda,48,Undirected,1
113,119,Fujimori,Porfirio Díaz,48,Undirected,1
104,116,Eva Péron,Borges,48,Undirected,1
106,113,Pinochet,Fujimori,48,Undirected,1
114,117,Tachito Somoza,Neruda,48,Undirected,1
115,116,Sandino,Borges,48,Undirected,1
106,122,Pinochet,Arcangel's inmates,48,Undirected,1
70,102,Arcangel/El Gran Mojado,"""the masses"" (48)",48,Undirected,1
110,113,The DEA,Fujimori,48,Undirected,1
70,111,Arcangel/El Gran Mojado,Noriega,48,Undirected,1
102,109,"""the masses"" (48)",Pablo Escobar,48,Undirected,1
105,108,Pelé,El General Stroessner,48,Undirected,1
110,122,The DEA,Arcangel's inmates,48,Undirected,1
70,120,Arcangel/El Gran Mojado,Fidel Castro,48,Undirected,1
111,121,Noriega,Arcangel's torturers,48,Undirected,1
102,118,"""the masses"" (48)",Archbishop Romero,48,Undirected,1
105,117,Pelé,Neruda,48,Undirected,1
116,117,Borges,Neruda,48,Undirected,1
108,113,El General Stroessner,Fujimori,48,Undirected,1
108,122,El General Stroessner,Arcangel's inmates,48,Undirected,1
112,113,Vargas Llosa,Fujimori,48,Undirected,1
103,110,Che Guevara,The DEA,48,Undirected,1
104,109,Eva Péron,Pablo Escobar,48,Undirected,1
112,122,Vargas Llosa,Arcangel's inmates,48,Undirected,1
103,119,Che Guevara,Porfirio Díaz,48,Undirected,1
113,121,Fujimori,Arcangel's torturers,48,Undirected,1
104,118,Eva Péron,Archbishop Romero,48,Undirected,1
106,115,Pinochet,Sandino,48,Undirected,1
114,119,Tachito Somoza,Porfirio Díaz,48,Undirected,1
115,118,Sandino,Archbishop Romero,48,Undirected,1
106,124,Pinochet,performance goer (48),48,Undirected,1
70,104,Arcangel/El Gran Mojado,Eva Péron,48,Undirected,1
117,121,Neruda,Arcangel's torturers,48,Undirected,1
110,115,The DEA,Sandino,48,Undirected,1
70,113,Arcangel/El Gran Mojado,Fujimori,48,Undirected,1
111,114,Noriega,Tachito Somoza,48,Undirected,1
102,111,"""the masses"" (48)",Noriega,48,Undirected,1
105,110,Pelé,The DEA,48,Undirected,1
110,124,The DEA,performance goer (48),48,Undirected,1
70,122,Arcangel/El Gran Mojado,Arcangel's inmates,48,Undirected,1
111,123,Noriega,Gabriel Garcia Márquez,48,Undirected,1
102,120,"""the masses"" (48)",Fidel Castro,48,Undirected,1
108,115,El General Stroessner,Sandino,48,Undirected,1
112,115,Vargas Llosa,Sandino,48,Undirected,1
103,112,Che Guevara,Vargas Llosa,48,Undirected,1
113,114,Fujimori,Tachito Somoza,48,Undirected,1
104,111,Eva Péron,Noriega,48,Undirected,1
106,108,Pinochet,El General Stroessner,48,Undirected,1
112,124,Vargas Llosa,performance goer (48),48,Undirected,1
123,124,Gabriel Garcia Márquez,performance goer (48),48,Undirected,1
101,121,Ronald Reagan,Arcangel's torturers,48,Undirected,1
104,120,Eva Péron,Fidel Castro,48,Undirected,1
106,117,Pinochet,Neruda,48,Undirected,1
113,123,Fujimori,Gabriel Garcia Márquez,48,Undirected,1
115,120,Sandino,Fidel Castro,48,Undirected,1
70,106,Arcangel/El Gran Mojado,Pinochet,48,Undirected,1
102,104,"""the masses"" (48)",Eva Péron,48,Undirected,1
117,123,Neruda,Gabriel Garcia Márquez,48,Undirected,1
110,117,The DEA,Neruda,48,Undirected,1
70,115,Arcangel/El Gran Mojado,Sandino,48,Undirected,1
109,119,Pablo Escobar,Porfirio Díaz,48,Undirected,1
102,113,"""the masses"" (48)",Fujimori,48,Undirected,1
111,116,Noriega,Borges,48,Undirected,1
119,120,Porfirio Díaz,Fidel Castro,48,Undirected,1
102,122,"""the masses"" (48)",Arcangel's inmates,48,Undirected,1
108,117,El General Stroessner,Neruda,48,Undirected,1
103,105,Che Guevara,Pelé,48,Undirected,1
107,121,Allende,Arcangel's torturers,48,Undirected,1
118,121,Archbishop Romero,Arcangel's torturers,48,Undirected,1
112,117,Vargas Llosa,Neruda,48,Undirected,1
101,114,Ronald Reagan,Tachito Somoza,48,Undirected,1
104,113,Eva Péron,Fujimori,48,Undirected,1
106,110,Pinochet,The DEA,48,Undirected,1
113,116,Fujimori,Borges,48,Undirected,1
101,123,Ronald Reagan,Gabriel Garcia Márquez,48,Undirected,1
104,122,Eva Péron,Arcangel's inmates,48,Undirected,1
106,119,Pinochet,Porfirio Díaz,48,Undirected,1
115,122,Sandino,Arcangel's inmates,48,Undirected,1
70,108,Arcangel/El Gran Mojado,El General Stroessner,48,Undirected,1
109,112,Pablo Escobar,Vargas Llosa,48,Undirected,1
102,106,"""the masses"" (48)",Pinochet,48,Undirected,1
119,122,Porfirio Díaz,Arcangel's inmates,48,Undirected,1
110,119,The DEA,Porfirio Díaz,48,Undirected,1
109,121,Pablo Escobar,Arcangel's torturers,48,Undirected,1
111,118,Noriega,Archbishop Romero,48,Undirected,1
102,115,"""the masses"" (48)",Sandino,48,Undirected,1
120,121,Fidel Castro,Arcangel's torturers,48,Undirected,1
108,110,El General Stroessner,The DEA,48,Undirected,1
102,124,"""the masses"" (48)",performance goer (48),48,Undirected,1
107,114,Allende,Tachito Somoza,48,Undirected,1
103,107,Che Guevara,Allende,48,Undirected,1
101,107,Ronald Reagan,Allende,48,Undirected,1
104,106,Eva Péron,Pinochet,48,Undirected,1
107,123,Allende,Gabriel Garcia Márquez,48,Undirected,1
112,119,Vargas Llosa,Porfirio Díaz,48,Undirected,1
118,123,Archbishop Romero,Gabriel Garcia Márquez,48,Undirected,1
101,116,Ronald Reagan,Borges,48,Undirected,1
104,115,Eva Péron,Sandino,48,Undirected,1
106,112,Pinochet,Vargas Llosa,48,Undirected,1
113,118,Fujimori,Archbishop Romero,48,Undirected,1
121,122,Arcangel's torturers,Arcangel's inmates,48,Undirected,1
104,124,Eva Péron,performance goer (48),48,Undirected,1
115,124,Sandino,performance goer (48),48,Undirected,1
122,123,Arcangel's inmates,Gabriel Garcia Márquez,48,Undirected,1
70,101,Arcangel/El Gran Mojado,Ronald Reagan,48,Undirected,1
117,118,Neruda,Archbishop Romero,48,Undirected,1
110,112,The DEA,Vargas Llosa,48,Undirected,1
109,114,Pablo Escobar,Tachito Somoza,48,Undirected,1
102,108,"""the masses"" (48)",El General Stroessner,48,Undirected,1
119,124,Porfirio Díaz,performance goer (48),48,Undirected,1
110,121,The DEA,Arcangel's torturers,48,Undirected,1
109,123,Pablo Escobar,Gabriel Garcia Márquez,48,Undirected,1
111,120,Noriega,Fidel Castro,48,Undirected,1
102,117,"""the masses"" (48)",Neruda,48,Undirected,1
120,123,Fidel Castro,Gabriel Garcia Márquez,48,Undirected,1
105,119,Pelé,Porfirio Díaz,48,Undirected,1
107,116,Allende,Borges,48,Undirected,1
116,119,Borges,Porfirio Díaz,48,Undirected,1
101,109,Ronald Reagan,Pablo Escobar,48,Undirected,1
104,108,Eva Péron,El General Stroessner,48,Undirected,1
121,124,Arcangel's torturers,performance goer (48),48,Undirected,1
108,124,El General Stroessner,performance goer (48),48,Undirected,1
101,118,Ronald Reagan,Archbishop Romero,48,Undirected,1
104,117,Eva Péron,Neruda,48,Undirected,1
113,120,Fujimori,Fidel Castro,48,Undirected,1
115,117,Sandino,Neruda,48,Undirected,1
103,121,Che Guevara,Arcangel's torturers,48,Undirected,1
114,121,Tachito Somoza,Arcangel's torturers,48,Undirected,1
117,120,Neruda,Fidel Castro,48,Undirected,1
110,114,The DEA,Tachito Somoza,48,Undirected,1
109,116,Pablo Escobar,Borges,48,Undirected,1
111,113,Noriega,Fujimori,48,Undirected,1
102,110,"""the masses"" (48)",The DEA,48,Undirected,1
111,122,Noriega,Arcangel's inmates,48,Undirected,1
102,119,"""the masses"" (48)",Porfirio Díaz,48,Undirected,1
105,112,Pelé,Vargas Llosa,48,Undirected,1
107,109,Allende,Pablo Escobar,48,Undirected,1
70,124,Arcangel/El Gran Mojado,performance goer (48),48,Undirected,1
101,102,Ronald Reagan,"""the masses"" (48)",48,Undirected,1
105,121,Pelé,Arcangel's torturers,48,Undirected,1
107,118,Allende,Archbishop Romero,48,Undirected,1
116,121,Borges,Arcangel's torturers,48,Undirected,1
101,111,Ronald Reagan,Noriega,48,Undirected,1
104,110,Eva Péron,The DEA,48,Undirected,1
101,120,Ronald Reagan,Fidel Castro,48,Undirected,1
113,122,Fujimori,Arcangel's inmates,48,Undirected,1
103,114,Che Guevara,Tachito Somoza,48,Undirected,1
103,123,Che Guevara,Gabriel Garcia Márquez,48,Undirected,1
102,103,"""the masses"" (48)",Che Guevara,48,Undirected,1
114,123,Tachito Somoza,Gabriel Garcia Márquez,48,Undirected,1
117,122,Neruda,Arcangel's inmates,48,Undirected,1
109,118,Pablo Escobar,Archbishop Romero,48,Undirected,1
111,115,Noriega,Sandino,48,Undirected,1
102,112,"""the masses"" (48)",Vargas Llosa,48,Undirected,1
111,124,Noriega,performance goer (48),48,Undirected,1
70,117,Arcangel/El Gran Mojado,Neruda,48,Undirected,1
105,114,Pelé,Tachito Somoza,48,Undirected,1
107,111,Allende,Noriega,48,Undirected,1
101,104,Ronald Reagan,Eva Péron,48,Undirected,1
105,123,Pelé,Gabriel Garcia Márquez,48,Undirected,1
107,120,Allende,Fidel Castro,48,Undirected,1
108,119,El General Stroessner,Porfirio Díaz,48,Undirected,1
116,123,Borges,Gabriel Garcia Márquez,48,Undirected,1
101,113,Ronald Reagan,Fujimori,48,Undirected,1
113,115,Fujimori,Sandino,48,Undirected,1
118,120,Archbishop Romero,Fidel Castro,48,Undirected,1
101,122,Ronald Reagan,Arcangel's inmates,48,Undirected,1
103,116,Che Guevara,Borges,48,Undirected,1
114,116,Tachito Somoza,Borges,48,Undirected,1
109,111,Pablo Escobar,Noriega,48,Undirected,1
102,105,"""the masses"" (48)",Pelé,48,Undirected,1
106,121,Pinochet,Arcangel's torturers,48,Undirected,1
109,120,Pablo Escobar,Fidel Castro,48,Undirected,1
111,117,Noriega,Neruda,48,Undirected,1
126,125,John Cabot,Christopher Columbus,49,Undirected,1
125,70,Christopher Columbus,Arcangel/El Gran Mojado,49,Undirected,1
126,70,John Cabot,Arcangel/El Gran Mojado,49,Undirected,1
128,130,Ferdinand Magellan,"""young man"" (50)",50,Undirected,1
129,130,Hernán Cortés,"""young man"" (50)",50,Undirected,1
128,129,Ferdinand Magellan,Hernán Cortés,50,Undirected,1
130,70,"""young man"" (50)",Arcangel/El Gran Mojado,50,Undirected,1
70,127,Arcangel/El Gran Mojado,Pedro Alvares Cabral,50,Undirected,1
128,70,Ferdinand Magellan,Arcangel/El Gran Mojado,50,Undirected,1
130,127,"""young man"" (50)",Pedro Alvares Cabral,50,Undirected,1
129,70,Hernán Cortés,Arcangel/El Gran Mojado,50,Undirected,1
128,127,Ferdinand Magellan,Pedro Alvares Cabral,50,Undirected,1
129,127,Hernán Cortés,Pedro Alvares Cabral,50,Undirected,1
129,139,Hernán Cortés,"""children and passerby"" (51)",51,Undirected,1
139,70,"""children and passerby"" (51)",Arcangel/El Gran Mojado,51,Undirected,1
129,70,Hernán Cortés,Arcangel/El Gran Mojado,51,Undirected,1
68,271,Manzanar Murakami,semi truck driver,55,Undirected,1
269,271,Driver of red Porsche,semi truck driver,55,Undirected,1
270,271,Passenger in red Porsche,semi truck driver,55,Undirected,1
269,270,Driver of red Porsche,Passenger in red Porsche,55,Undirected,1
68,270,Manzanar Murakami,Passenger in red Porsche,55,Undirected,1
269,272,Driver of red Porsche,people in car jam (55),55,Undirected,1
68,269,Manzanar Murakami,Driver of red Porsche,55,Undirected,1
270,272,Passenger in red Porsche,people in car jam (55),55,Undirected,1
271,272,semi truck driver,people in car jam (55),55,Undirected,1
68,272,Manzanar Murakami,people in car jam (55),55,Undirected,1
274,68,surgery patient,Manzanar Murakami,56,Undirected,1
273,274,surgical resident,surgery patient,56,Undirected,1
274,189,surgery patient,Unnamed members of L.A. Underclass,56,Undirected,1
273,68,surgical resident,Manzanar Murakami,56,Undirected,1
68,189,Manzanar Murakami,Unnamed members of L.A. Underclass,56,Undirected,1
273,189,surgical resident,Unnamed members of L.A. Underclass,56,Undirected,1
819,68,Los Angeles Department of Water and Power,Manzanar Murakami,57,Undirected,1
72,69,Emi,Gabriel Balboa,58,Undirected,1
72,199,Emi,Joan Didion,58,Undirected,1
69,199,Gabriel Balboa,Joan Didion,58,Undirected,1
69,200,Gabriel Balboa,The NewsNow Van,59,Undirected,1
72,69,Emi,Gabriel Balboa,59,Undirected,1
72,200,Emi,The NewsNow Van,59,Undirected,1
69,72,Gabriel Balboa,Emi,60,Undirected,1
385,200,Eugene M. Bradley,The NewsNow Van,60,Undirected,1
386,69,The Aztecs,Gabriel Balboa,60,Undirected,1
386,200,The Aztecs,The NewsNow Van,60,Undirected,1
69,200,Gabriel Balboa,The NewsNow Van,60,Undirected,1
72,201,Emi,Astor Piazzolla,60,Undirected,1
385,386,Eugene M. Bradley,The Aztecs,60,Undirected,1
72,200,Emi,The NewsNow Van,60,Undirected,1
386,72,The Aztecs,Emi,60,Undirected,1
385,201,Eugene M. Bradley,Astor Piazzolla,60,Undirected,1
385,72,Eugene M. Bradley,Emi,60,Undirected,1
201,200,Astor Piazzolla,The NewsNow Van,60,Undirected,1
386,201,The Aztecs,Astor Piazzolla,60,Undirected,1
385,69,Eugene M. Bradley,Gabriel Balboa,60,Undirected,1
69,201,Gabriel Balboa,Astor Piazzolla,60,Undirected,1
150,87,Pancho Villa,Buzzworm,61,Undirected,1
150,151,Pancho Villa,Gabriel's Grandmother,61,Undirected,1
69,83,Gabriel Balboa,Gabriel Balboa's mother,61,Undirected,1
69,150,Gabriel Balboa,Pancho Villa,61,Undirected,1
69,202,Gabriel Balboa,Gabriel's Cousin Joe,61,Undirected,1
202,87,Gabriel's Cousin Joe,Buzzworm,61,Undirected,1
72,87,Emi,Buzzworm,61,Undirected,1
202,151,Gabriel's Cousin Joe,Gabriel's Grandmother,61,Undirected,1
72,151,Emi,Gabriel's Grandmother,61,Undirected,1
83,87,Gabriel Balboa's mother,Buzzworm,61,Undirected,1
83,151,Gabriel Balboa's mother,Gabriel's Grandmother,61,Undirected,1
202,83,Gabriel's Cousin Joe,Gabriel Balboa's mother,61,Undirected,1
72,202,Emi,Gabriel's Cousin Joe,61,Undirected,1
202,150,Gabriel's Cousin Joe,Pancho Villa,61,Undirected,1
72,150,Emi,Pancho Villa,61,Undirected,1
69,72,Gabriel Balboa,Emi,61,Undirected,1
72,83,Emi,Gabriel Balboa's mother,61,Undirected,1
87,151,Buzzworm,Gabriel's Grandmother,61,Undirected,1
69,87,Gabriel Balboa,Buzzworm,61,Undirected,1
69,151,Gabriel Balboa,Gabriel's Grandmother,61,Undirected,1
83,150,Gabriel Balboa's mother,Pancho Villa,61,Undirected,1
72,69,Emi,Gabriel Balboa,62,Undirected,1
66,149,Rafaela Cortes,Rodriguez,63,Undirected,1
98,143,Bobby Ngu,Doña Maria,64,Undirected,1
98,66,Bobby Ngu,Rafaela Cortes,64,Undirected,1
98,156,Bobby Ngu,Lupe,64,Undirected,1
143,156,Doña Maria,Lupe,64,Undirected,1
98,149,Bobby Ngu,Rodriguez,64,Undirected,1
143,149,Doña Maria,Rodriguez,64,Undirected,1
66,156,Rafaela Cortes,Lupe,64,Undirected,1
149,156,Rodriguez,Lupe,64,Undirected,1
66,143,Rafaela Cortes,Doña Maria,64,Undirected,1
66,149,Rafaela Cortes,Rodriguez,64,Undirected,1
66,219,Rafaela Cortes,Quetzalcoatl,65,Undirected,1
98,217,Bobby Ngu,Van Gogh,65,Undirected,1
66,216,Rafaela Cortes,Frida Kahlo,65,Undirected,1
145,216,Sol,Frida Kahlo,65,Undirected,1
219,220,Quetzalcoatl,Louis XIV,65,Undirected,1
98,220,Bobby Ngu,Louis XIV,65,Undirected,1
145,219,Sol,Quetzalcoatl,65,Undirected,1
143,145,Doña Maria,Sol,65,Undirected,1
216,218,Frida Kahlo,Picasso,65,Undirected,1
217,220,Van Gogh,Louis XIV,65,Undirected,1
143,218,Doña Maria,Picasso,65,Undirected,1
66,69,Rafaela Cortes,Gabriel Balboa,65,Undirected,1
69,217,Gabriel Balboa,Van Gogh,65,Undirected,1
98,143,Bobby Ngu,Doña Maria,65,Undirected,1
69,220,Gabriel Balboa,Louis XIV,65,Undirected,1
66,145,Rafaela Cortes,Sol,65,Undirected,1
98,216,Bobby Ngu,Frida Kahlo,65,Undirected,1
98,219,Bobby Ngu,Quetzalcoatl,65,Undirected,1
66,218,Rafaela Cortes,Picasso,65,Undirected,1
145,218,Sol,Picasso,65,Undirected,1
216,220,Frida Kahlo,Louis XIV,65,Undirected,1
69,143,Gabriel Balboa,Doña Maria,65,Undirected,1
217,219,Van Gogh,Quetzalcoatl,65,Undirected,1
216,217,Frida Kahlo,Van Gogh,65,Undirected,1
218,220,Picasso,Louis XIV,65,Undirected,1
98,66,Bobby Ngu,Rafaela Cortes,65,Undirected,1
143,217,Doña Maria,Van Gogh,65,Undirected,1
98,69,Bobby Ngu,Gabriel Balboa,65,Undirected,1
69,219,Gabriel Balboa,Quetzalcoatl,65,Undirected,1
143,220,Doña Maria,Louis XIV,65,Undirected,1
69,216,Gabriel Balboa,Frida Kahlo,65,Undirected,1
98,145,Bobby Ngu,Sol,65,Undirected,1
66,217,Rafaela Cortes,Van Gogh,65,Undirected,1
66,220,Rafaela Cortes,Louis XIV,65,Undirected,1
98,218,Bobby Ngu,Picasso,65,Undirected,1
145,217,Sol,Van Gogh,65,Undirected,1
145,220,Sol,Louis XIV,65,Undirected,1
217,218,Van Gogh,Picasso,65,Undirected,1
216,219,Frida Kahlo,Quetzalcoatl,65,Undirected,1
143,216,Doña Maria,Frida Kahlo,65,Undirected,1
69,145,Gabriel Balboa,Sol,65,Undirected,1
218,219,Picasso,Quetzalcoatl,65,Undirected,1
143,219,Doña Maria,Quetzalcoatl,65,Undirected,1
69,218,Gabriel Balboa,Picasso,65,Undirected,1
66,143,Rafaela Cortes,Doña Maria,65,Undirected,1
97,66,Gabriel Balboa's friends,Rafaela Cortes,66,Undirected,1
97,72,Gabriel Balboa's friends,Emi,66,Undirected,1
72,143,Emi,Doña Maria,66,Undirected,1
97,149,Gabriel Balboa's friends,Rodriguez,66,Undirected,1
97,143,Gabriel Balboa's friends,Doña Maria,66,Undirected,1
72,149,Emi,Rodriguez,66,Undirected,1
143,149,Doña Maria,Rodriguez,66,Undirected,1
66,143,Rafaela Cortes,Doña Maria,66,Undirected,1
66,149,Rafaela Cortes,Rodriguez,66,Undirected,1
66,72,Rafaela Cortes,Emi,66,Undirected,1
66,158,Rafaela Cortes,Hernando (Dona Maria's son),67,Undirected,1
66,222,Rafaela Cortes,Satellite Dish men,67,Undirected,1
66,145,Rafaela Cortes,Sol,67,Undirected,1
69,158,Gabriel Balboa,Hernando (Dona Maria's son),67,Undirected,1
145,158,Sol,Hernando (Dona Maria's son),67,Undirected,1
222,158,Satellite Dish men,Hernando (Dona Maria's son),67,Undirected,1
69,222,Gabriel Balboa,Satellite Dish men,67,Undirected,1
145,222,Sol,Satellite Dish men,67,Undirected,1
69,145,Gabriel Balboa,Sol,67,Undirected,1
143,145,Doña Maria,Sol,67,Undirected,1
143,158,Doña Maria,Hernando (Dona Maria's son),67,Undirected,1
143,222,Doña Maria,Satellite Dish men,67,Undirected,1
66,69,Rafaela Cortes,Gabriel Balboa,67,Undirected,1
66,143,Rafaela Cortes,Doña Maria,67,Undirected,1
69,143,Gabriel Balboa,Doña Maria,67,Undirected,1
69,149,Gabriel Balboa,Rodriguez,68,Undirected,1
69,223,Gabriel Balboa,Hotel Manager,68,Undirected,1
66,145,Rafaela Cortes,Sol,68,Undirected,1
143,223,Doña Maria,Hotel Manager,68,Undirected,1
145,149,Sol,Rodriguez,68,Undirected,1
143,149,Doña Maria,Rodriguez,68,Undirected,1
69,143,Gabriel Balboa,Doña Maria,68,Undirected,1
69,145,Gabriel Balboa,Sol,68,Undirected,1
143,145,Doña Maria,Sol,68,Undirected,1
149,223,Rodriguez,Hotel Manager,68,Undirected,1
66,69,Rafaela Cortes,Gabriel Balboa,68,Undirected,1
66,143,Rafaela Cortes,Doña Maria,68,Undirected,1
66,149,Rafaela Cortes,Rodriguez,68,Undirected,1
66,223,Rafaela Cortes,Hotel Manager,68,Undirected,1
145,223,Sol,Hotel Manager,68,Undirected,1
145,66,Sol,Rafaela Cortes,69,Undirected,1
145,149,Sol,Rodriguez,69,Undirected,1
149,223,Rodriguez,Hotel Manager,69,Undirected,1
66,149,Rafaela Cortes,Rodriguez,69,Undirected,1
66,223,Rafaela Cortes,Hotel Manager,69,Undirected,1
145,223,Sol,Hotel Manager,69,Undirected,1
66,149,Rafaela Cortes,Rodriguez,70,Undirected,1
145,149,Sol,Rodriguez,70,Undirected,1
145,66,Sol,Rafaela Cortes,70,Undirected,1
277,70,woman in dream,Arcangel/El Gran Mojado,71,Undirected,1
224,277,The Orange,woman in dream,71,Undirected,1
224,70,The Orange,Arcangel/El Gran Mojado,71,Undirected,1
70,280,Arcangel/El Gran Mojado,merchants,72,Undirected,1
279,280,man with stalled truck,merchants,72,Undirected,1
70,279,Arcangel/El Gran Mojado,man with stalled truck,72,Undirected,1
272,279,people in car jam (55),man with stalled truck,72,Undirected,1
278,280,occupants of houses,merchants,72,Undirected,1
70,272,Arcangel/El Gran Mojado,people in car jam (55),72,Undirected,1
272,278,people in car jam (55),occupants of houses,72,Undirected,1
278,279,occupants of houses,man with stalled truck,72,Undirected,1
70,278,Arcangel/El Gran Mojado,occupants of houses,72,Undirected,1
272,280,people in car jam (55),merchants,72,Undirected,1
272,281,people in car jam (55),young boy (73),73,Undirected,1
272,70,people in car jam (55),Arcangel/El Gran Mojado,73,Undirected,1
281,70,young boy (73),Arcangel/El Gran Mojado,73,Undirected,1
282,70,someone (74),Arcangel/El Gran Mojado,74,Undirected,1
272,282,people in car jam (55),someone (74),74,Undirected,1
272,70,people in car jam (55),Arcangel/El Gran Mojado,74,Undirected,1
272,70,people in car jam (55),Arcangel/El Gran Mojado,75,Undirected,1
224,70,The Orange,Arcangel/El Gran Mojado,75,Undirected,1
224,272,The Orange,people in car jam (55),75,Undirected,1
277,70,woman in dream,Arcangel/El Gran Mojado,75,Undirected,1
272,277,people in car jam (55),woman in dream,75,Undirected,1
224,277,The Orange,woman in dream,75,Undirected,1
163,338,Bobby's Mother,Coyote(s),76,Undirected,1
66,338,Rafaela Cortes,Coyote(s),76,Undirected,1
146,145,Pepe,Sol,76,Undirected,1
225,145,Xiayue,Sol,76,Undirected,1
162,226,Bobby's Father,Bobby's grandfather,76,Undirected,1
163,228,Bobby's Mother,smugglers,76,Undirected,1
228,226,smugglers,Bobby's grandfather,76,Undirected,1
98,226,Bobby Ngu,Bobby's grandfather,76,Undirected,1
227,145,Bobby's uncles,Sol,76,Undirected,1
145,338,Sol,Coyote(s),76,Undirected,1
225,337,Xiayue,La Migra (Border patrol),76,Undirected,1
66,228,Rafaela Cortes,smugglers,76,Undirected,1
337,145,La Migra (Border patrol),Sol,76,Undirected,1
66,146,Rafaela Cortes,Pepe,76,Undirected,1
227,337,Bobby's uncles,La Migra (Border patrol),76,Undirected,1
225,163,Xiayue,Bobby's Mother,76,Undirected,1
163,66,Bobby's Mother,Rafaela Cortes,76,Undirected,1
225,227,Xiayue,Bobby's uncles,76,Undirected,1
163,145,Bobby's Mother,Sol,76,Undirected,1
226,146,Bobby's grandfather,Pepe,76,Undirected,1
162,146,Bobby's Father,Pepe,76,Undirected,1
228,146,smugglers,Pepe,76,Undirected,1
98,146,Bobby Ngu,Pepe,76,Undirected,1
163,337,Bobby's Mother,La Migra (Border patrol),76,Undirected,1
66,145,Rafaela Cortes,Sol,76,Undirected,1
226,338,Bobby's grandfather,Coyote(s),76,Undirected,1
162,338,Bobby's Father,Coyote(s),76,Undirected,1
228,338,smugglers,Coyote(s),76,Undirected,1
98,338,Bobby Ngu,Coyote(s),76,Undirected,1
162,228,Bobby's Father,smugglers,76,Undirected,1
66,337,Rafaela Cortes,La Migra (Border patrol),76,Undirected,1
163,227,Bobby's Mother,Bobby's uncles,76,Undirected,1
98,228,Bobby Ngu,smugglers,76,Undirected,1
225,98,Xiayue,Bobby Ngu,76,Undirected,1
225,162,Xiayue,Bobby's Father,76,Undirected,1
225,226,Xiayue,Bobby's grandfather,76,Undirected,1
162,66,Bobby's Father,Rafaela Cortes,76,Undirected,1
98,66,Bobby Ngu,Rafaela Cortes,76,Undirected,1
227,226,Bobby's uncles,Bobby's grandfather,76,Undirected,1
226,145,Bobby's grandfather,Sol,76,Undirected,1
162,145,Bobby's Father,Sol,76,Undirected,1
228,145,smugglers,Sol,76,Undirected,1
98,145,Bobby Ngu,Sol,76,Undirected,1
226,337,Bobby's grandfather,La Migra (Border patrol),76,Undirected,1
162,337,Bobby's Father,La Migra (Border patrol),76,Undirected,1
228,337,smugglers,La Migra (Border patrol),76,Undirected,1
98,337,Bobby Ngu,La Migra (Border patrol),76,Undirected,1
163,226,Bobby's Mother,Bobby's grandfather,76,Undirected,1
162,163,Bobby's Father,Bobby's Mother,76,Undirected,1
225,146,Xiayue,Pepe,76,Undirected,1
162,227,Bobby's Father,Bobby's uncles,76,Undirected,1
98,163,Bobby Ngu,Bobby's Mother,76,Undirected,1
337,146,La Migra (Border patrol),Pepe,76,Undirected,1
98,227,Bobby Ngu,Bobby's uncles,76,Undirected,1
227,146,Bobby's uncles,Pepe,76,Undirected,1
66,226,Rafaela Cortes,Bobby's grandfather,76,Undirected,1
146,338,Pepe,Coyote(s),76,Undirected,1
225,338,Xiayue,Coyote(s),76,Undirected,1
337,338,La Migra (Border patrol),Coyote(s),76,Undirected,1
225,228,Xiayue,smugglers,76,Undirected,1
227,338,Bobby's uncles,Coyote(s),76,Undirected,1
227,228,Bobby's uncles,smugglers,76,Undirected,1
163,146,Bobby's Mother,Pepe,76,Undirected,1
227,66,Bobby's uncles,Rafaela Cortes,76,Undirected,1
225,66,Xiayue,Rafaela Cortes,76,Undirected,1
162,98,Bobby's Father,Bobby Ngu,76,Undirected,1
98,66,Bobby Ngu,Rafaela Cortes,77,Undirected,1
98,146,Bobby Ngu,Pepe,77,Undirected,1
98,229,Bobby Ngu,People from Tijuana,77,Undirected,1
229,146,People from Tijuana,Pepe,77,Undirected,1
66,146,Rafaela Cortes,Pepe,77,Undirected,1
66,229,Rafaela Cortes,People from Tijuana,77,Undirected,1
232,236,Celia Oh,Celia Oh's Brother,78,Undirected,1
145,146,Sol,Pepe,78,Undirected,1
225,145,Xiayue,Sol,78,Undirected,1
233,146,Celia Oh's Mother,Pepe,78,Undirected,1
236,145,Celia Oh's Brother,Sol,78,Undirected,1
231,234,Rafaela's smugglers,Unnamed baby,78,Undirected,1
235,146,Celia Oh's Father,Pepe,78,Undirected,1
66,231,Rafaela Cortes,Rafaela's smugglers,78,Undirected,1
98,235,Bobby Ngu,Celia Oh's Father,78,Undirected,1
66,234,Rafaela Cortes,Unnamed baby,78,Undirected,1
98,232,Bobby Ngu,Celia Oh,78,Undirected,1
233,234,Celia Oh's Mother,Unnamed baby,78,Undirected,1
231,145,Rafaela's smugglers,Sol,78,Undirected,1
225,230,Xiayue,immigration lawyer,78,Undirected,1
234,236,Unnamed baby,Celia Oh's Brother,78,Undirected,1
225,233,Xiayue,Celia Oh's Mother,78,Undirected,1
225,236,Xiayue,Celia Oh's Brother,78,Undirected,1
230,232,immigration lawyer,Celia Oh,78,Undirected,1
230,235,immigration lawyer,Celia Oh's Father,78,Undirected,1
98,146,Bobby Ngu,Pepe,78,Undirected,1
66,145,Rafaela Cortes,Sol,78,Undirected,1
231,236,Rafaela's smugglers,Celia Oh's Brother,78,Undirected,1
231,233,Rafaela's smugglers,Celia Oh's Mother,78,Undirected,1
232,235,Celia Oh,Celia Oh's Father,78,Undirected,1
233,145,Celia Oh's Mother,Sol,78,Undirected,1
235,145,Celia Oh's Father,Sol,78,Undirected,1
98,231,Bobby Ngu,Rafaela's smugglers,78,Undirected,1
66,230,Rafaela Cortes,immigration lawyer,78,Undirected,1
225,98,Xiayue,Bobby Ngu,78,Undirected,1
66,236,Rafaela Cortes,Celia Oh's Brother,78,Undirected,1
98,234,Bobby Ngu,Unnamed baby,78,Undirected,1
66,233,Rafaela Cortes,Celia Oh's Mother,78,Undirected,1
230,146,immigration lawyer,Pepe,78,Undirected,1
234,235,Unnamed baby,Celia Oh's Father,78,Undirected,1
225,232,Xiayue,Celia Oh,78,Undirected,1
232,146,Celia Oh,Pepe,78,Undirected,1
225,235,Xiayue,Celia Oh's Father,78,Undirected,1
98,66,Bobby Ngu,Rafaela Cortes,78,Undirected,1
233,236,Celia Oh's Mother,Celia Oh's Brother,78,Undirected,1
235,236,Celia Oh's Father,Celia Oh's Brother,78,Undirected,1
98,145,Bobby Ngu,Sol,78,Undirected,1
230,231,immigration lawyer,Rafaela's smugglers,78,Undirected,1
232,234,Celia Oh,Unnamed baby,78,Undirected,1
231,232,Rafaela's smugglers,Celia Oh,78,Undirected,1
230,234,immigration lawyer,Unnamed baby,78,Undirected,1
231,235,Rafaela's smugglers,Celia Oh's Father,78,Undirected,1
234,146,Unnamed baby,Pepe,78,Undirected,1
225,146,Xiayue,Pepe,78,Undirected,1
236,146,Celia Oh's Brother,Pepe,78,Undirected,1
98,233,Bobby Ngu,Celia Oh's Mother,78,Undirected,1
66,232,Rafaela Cortes,Celia Oh,78,Undirected,1
230,145,immigration lawyer,Sol,78,Undirected,1
98,230,Bobby Ngu,immigration lawyer,78,Undirected,1
98,236,Bobby Ngu,Celia Oh's Brother,78,Undirected,1
66,235,Rafaela Cortes,Celia Oh's Father,78,Undirected,1
231,146,Rafaela's smugglers,Pepe,78,Undirected,1
232,145,Celia Oh,Sol,78,Undirected,1
233,235,Celia Oh's Mother,Celia Oh's Father,78,Undirected,1
225,231,Xiayue,Rafaela's smugglers,78,Undirected,1
225,234,Xiayue,Unnamed baby,78,Undirected,1
230,233,immigration lawyer,Celia Oh's Mother,78,Undirected,1
66,146,Rafaela Cortes,Pepe,78,Undirected,1
225,66,Xiayue,Rafaela Cortes,78,Undirected,1
230,236,immigration lawyer,Celia Oh's Brother,78,Undirected,1
232,233,Celia Oh,Celia Oh's Mother,78,Undirected,1
234,145,Unnamed baby,Sol,78,Undirected,1
66,232,Rafaela Cortes,Celia Oh,79,Undirected,1
98,66,Bobby Ngu,Rafaela Cortes,79,Undirected,1
66,238,Rafaela Cortes,v Boys,79,Undirected,1
161,232,Bobby's Brother,Celia Oh,79,Undirected,1
161,238,Bobby's Brother,v Boys,79,Undirected,1
232,238,Celia Oh,v Boys,79,Undirected,1
237,238,Worker on the phone,v Boys,79,Undirected,1
98,232,Bobby Ngu,Celia Oh,79,Undirected,1
98,238,Bobby Ngu,v Boys,79,Undirected,1
161,237,Bobby's Brother,Worker on the phone,79,Undirected,1
66,237,Rafaela Cortes,Worker on the phone,79,Undirected,1
232,237,Celia Oh,Worker on the phone,79,Undirected,1
161,98,Bobby's Brother,Bobby Ngu,79,Undirected,1
161,66,Bobby's Brother,Rafaela Cortes,79,Undirected,1
98,237,Bobby Ngu,Worker on the phone,79,Undirected,1
69,239,Gabriel Balboa,Bobby's Homies,80,Undirected,1
161,145,Bobby's Brother,Sol,80,Undirected,1
66,347,Rafaela Cortes,Crips,80,Undirected,1
238,145,v Boys,Sol,80,Undirected,1
161,87,Bobby's Brother,Buzzworm,80,Undirected,1
238,87,v Boys,Buzzworm,80,Undirected,1
145,347,Sol,Crips,80,Undirected,1
98,238,Bobby Ngu,v Boys,80,Undirected,1
147,347,Mike Davis (Quartz City / City of Quartz),Crips,80,Undirected,1
69,147,Gabriel Balboa,Mike Davis (Quartz City / City of Quartz),80,Undirected,1
66,69,Rafaela Cortes,Gabriel Balboa,80,Undirected,1
238,239,v Boys,Bobby's Homies,80,Undirected,1
161,239,Bobby's Brother,Bobby's Homies,80,Undirected,1
66,87,Rafaela Cortes,Buzzworm,80,Undirected,1
66,145,Rafaela Cortes,Sol,80,Undirected,1
69,238,Gabriel Balboa,v Boys,80,Undirected,1
145,87,Sol,Buzzworm,80,Undirected,1
161,147,Bobby's Brother,Mike Davis (Quartz City / City of Quartz),80,Undirected,1
239,347,Bobby's Homies,Crips,80,Undirected,1
98,347,Bobby Ngu,Crips,80,Undirected,1
238,147,v Boys,Mike Davis (Quartz City / City of Quartz),80,Undirected,1
147,87,Mike Davis (Quartz City / City of Quartz),Buzzworm,80,Undirected,1
161,98,Bobby's Brother,Bobby Ngu,80,Undirected,1
66,239,Rafaela Cortes,Bobby's Homies,80,Undirected,1
98,66,Bobby Ngu,Rafaela Cortes,80,Undirected,1
87,347,Buzzworm,Crips,80,Undirected,1
98,69,Bobby Ngu,Gabriel Balboa,80,Undirected,1
239,87,Bobby's Homies,Buzzworm,80,Undirected,1
161,238,Bobby's Brother,v Boys,80,Undirected,1
239,145,Bobby's Homies,Sol,80,Undirected,1
98,145,Bobby Ngu,Sol,80,Undirected,1
69,347,Gabriel Balboa,Crips,80,Undirected,1
98,87,Bobby Ngu,Buzzworm,80,Undirected,1
66,147,Rafaela Cortes,Mike Davis (Quartz City / City of Quartz),80,Undirected,1
145,147,Sol,Mike Davis (Quartz City / City of Quartz),80,Undirected,1
66,238,Rafaela Cortes,v Boys,80,Undirected,1
98,239,Bobby Ngu,Bobby's Homies,80,Undirected,1
69,87,Gabriel Balboa,Buzzworm,80,Undirected,1
161,347,Bobby's Brother,Crips,80,Undirected,1
69,145,Gabriel Balboa,Sol,80,Undirected,1
238,347,v Boys,Crips,80,Undirected,1
239,147,Bobby's Homies,Mike Davis (Quartz City / City of Quartz),80,Undirected,1
161,69,Bobby's Brother,Gabriel Balboa,80,Undirected,1
161,66,Bobby's Brother,Rafaela Cortes,80,Undirected,1
98,147,Bobby Ngu,Mike Davis (Quartz City / City of Quartz),80,Undirected,1
347,348,Crips,Bloods,81,Undirected,1
341,347,"""Colored People"" (Abstract)",Crips,81,Undirected,1
341,344,"""Colored People"" (Abstract)","""Young couples with children"" (81)",81,Undirected,1
240,87,George Bush,Buzzworm,81,Undirected,1
346,343,"""Some real estate person""",Taxpayers (abstract),81,Undirected,1
348,343,Bloods,Taxpayers (abstract),81,Undirected,1
240,343,George Bush,Taxpayers (abstract),81,Undirected,1
241,342,Buzzworm's Grandmother,Kids (abstract) (81),81,Undirected,1
241,348,Buzzworm's Grandmother,Bloods,81,Undirected,1
240,346,George Bush,"""Some real estate person""",81,Undirected,1
87,348,Buzzworm,Bloods,81,Undirected,1
342,348,Kids (abstract) (81),Bloods,81,Undirected,1
341,87,"""Colored People"" (Abstract)",Buzzworm,81,Undirected,1
344,348,"""Young couples with children"" (81)",Bloods,81,Undirected,1
341,343,"""Colored People"" (Abstract)",Taxpayers (abstract),81,Undirected,1
341,346,"""Colored People"" (Abstract)","""Some real estate person""",81,Undirected,1
346,348,"""Some real estate person""",Bloods,81,Undirected,1
241,341,Buzzworm's Grandmother,"""Colored People"" (Abstract)",81,Undirected,1
87,347,Buzzworm,Crips,81,Undirected,1
241,344,Buzzworm's Grandmother,"""Young couples with children"" (81)",81,Undirected,1
240,342,George Bush,Kids (abstract) (81),81,Undirected,1
240,348,George Bush,Bloods,81,Undirected,1
87,344,Buzzworm,"""Young couples with children"" (81)",81,Undirected,1
241,347,Buzzworm's Grandmother,Crips,81,Undirected,1
342,347,Kids (abstract) (81),Crips,81,Undirected,1
342,344,Kids (abstract) (81),"""Young couples with children"" (81)",81,Undirected,1
240,241,George Bush,Buzzworm's Grandmother,81,Undirected,1
344,347,"""Young couples with children"" (81)",Crips,81,Undirected,1
347,343,Crips,Taxpayers (abstract),81,Undirected,1
341,342,"""Colored People"" (Abstract)",Kids (abstract) (81),81,Undirected,1
341,348,"""Colored People"" (Abstract)",Bloods,81,Undirected,1
241,87,Buzzworm's Grandmother,Buzzworm,81,Undirected,1
346,347,"""Some real estate person""",Crips,81,Undirected,1
342,87,Kids (abstract) (81),Buzzworm,81,Undirected,1
240,341,George Bush,"""Colored People"" (Abstract)",81,Undirected,1
87,343,Buzzworm,Taxpayers (abstract),81,Undirected,1
241,346,Buzzworm's Grandmother,"""Some real estate person""",81,Undirected,1
240,344,George Bush,"""Young couples with children"" (81)",81,Undirected,1
87,346,Buzzworm,"""Some real estate person""",81,Undirected,1
241,343,Buzzworm's Grandmother,Taxpayers (abstract),81,Undirected,1
240,347,George Bush,Crips,81,Undirected,1
342,343,Kids (abstract) (81),Taxpayers (abstract),81,Undirected,1
342,346,Kids (abstract) (81),"""Some real estate person""",81,Undirected,1
344,343,"""Young couples with children"" (81)",Taxpayers (abstract),81,Undirected,1
344,346,"""Young couples with children"" (81)","""Some real estate person""",81,Undirected,1
87,248,Buzzworm,City Bureaucrats,82,Undirected,1
241,245,Buzzworm's Grandmother,Mexican Rancheros,82,Undirected,1
241,248,Buzzworm's Grandmother,City Bureaucrats,82,Undirected,1
243,245,Dorothy Buffum Chandler,Mexican Rancheros,82,Undirected,1
245,248,Mexican Rancheros,City Bureaucrats,82,Undirected,1
243,248,Dorothy Buffum Chandler,City Bureaucrats,82,Undirected,1
246,247,Chumash People,Tongva (Yaanga) People,82,Undirected,1
246,250,Chumash People,"""People in the way"" (82)",82,Undirected,1
248,247,City Bureaucrats,Tongva (Yaanga) People,82,Undirected,1
248,250,City Bureaucrats,"""People in the way"" (82)",82,Undirected,1
242,246,Debbi Fields (Mrs. Fields),Chumash People,82,Undirected,1
242,243,Debbi Fields (Mrs. Fields),Dorothy Buffum Chandler,82,Undirected,1
242,249,Debbi Fields (Mrs. Fields),Woman at Neighbourhood meeting,82,Undirected,1
244,246,Yonetaro Otani,Chumash People,82,Undirected,1
244,249,Yonetaro Otani,Woman at Neighbourhood meeting,82,Undirected,1
250,247,"""People in the way"" (82)",Tongva (Yaanga) People,82,Undirected,1
241,244,Buzzworm's Grandmother,Yonetaro Otani,82,Undirected,1
244,87,Yonetaro Otani,Buzzworm,82,Undirected,1
242,87,Debbi Fields (Mrs. Fields),Buzzworm,82,Undirected,1
241,247,Buzzworm's Grandmother,Tongva (Yaanga) People,82,Undirected,1
243,244,Dorothy Buffum Chandler,Yonetaro Otani,82,Undirected,1
87,250,Buzzworm,"""People in the way"" (82)",82,Undirected,1
87,247,Buzzworm,Tongva (Yaanga) People,82,Undirected,1
241,250,Buzzworm's Grandmother,"""People in the way"" (82)",82,Undirected,1
243,247,Dorothy Buffum Chandler,Tongva (Yaanga) People,82,Undirected,1
243,250,Dorothy Buffum Chandler,"""People in the way"" (82)",82,Undirected,1
246,249,Chumash People,Woman at Neighbourhood meeting,82,Undirected,1
245,247,Mexican Rancheros,Tongva (Yaanga) People,82,Undirected,1
245,250,Mexican Rancheros,"""People in the way"" (82)",82,Undirected,1
248,249,City Bureaucrats,Woman at Neighbourhood meeting,82,Undirected,1
242,245,Debbi Fields (Mrs. Fields),Mexican Rancheros,82,Undirected,1
244,248,Yonetaro Otani,City Bureaucrats,82,Undirected,1
246,87,Chumash People,Buzzworm,82,Undirected,1
242,248,Debbi Fields (Mrs. Fields),City Bureaucrats,82,Undirected,1
244,245,Yonetaro Otani,Mexican Rancheros,82,Undirected,1
241,246,Buzzworm's Grandmother,Chumash People,82,Undirected,1
249,247,Woman at Neighbourhood meeting,Tongva (Yaanga) People,82,Undirected,1
241,243,Buzzworm's Grandmother,Dorothy Buffum Chandler,82,Undirected,1
241,249,Buzzworm's Grandmother,Woman at Neighbourhood meeting,82,Undirected,1
243,246,Dorothy Buffum Chandler,Chumash People,82,Undirected,1
87,249,Buzzworm,Woman at Neighbourhood meeting,82,Undirected,1
249,250,Woman at Neighbourhood meeting,"""People in the way"" (82)",82,Undirected,1
243,249,Dorothy Buffum Chandler,Woman at Neighbourhood meeting,82,Undirected,1
245,246,Mexican Rancheros,Chumash People,82,Undirected,1
245,249,Mexican Rancheros,Woman at Neighbourhood meeting,82,Undirected,1
246,248,Chumash People,City Bureaucrats,82,Undirected,1
241,87,Buzzworm's Grandmother,Buzzworm,82,Undirected,1
242,244,Debbi Fields (Mrs. Fields),Yonetaro Otani,82,Undirected,1
245,87,Mexican Rancheros,Buzzworm,82,Undirected,1
243,87,Dorothy Buffum Chandler,Buzzworm,82,Undirected,1
242,247,Debbi Fields (Mrs. Fields),Tongva (Yaanga) People,82,Undirected,1
242,250,Debbi Fields (Mrs. Fields),"""People in the way"" (82)",82,Undirected,1
244,247,Yonetaro Otani,Tongva (Yaanga) People,82,Undirected,1
244,250,Yonetaro Otani,"""People in the way"" (82)",82,Undirected,1
241,242,Buzzworm's Grandmother,Debbi Fields (Mrs. Fields),82,Undirected,1
249,87,Woman at Neighbourhood meeting,Buzzworm,83,Undirected,1
248,87,City Bureaucrats,Buzzworm,83,Undirected,1
248,189,City Bureaucrats,Unnamed members of L.A. Underclass,83,Undirected,1
189,87,Unnamed members of L.A. Underclass,Buzzworm,83,Undirected,1
249,189,Woman at Neighbourhood meeting,Unnamed members of L.A. Underclass,83,Undirected,1
248,249,City Bureaucrats,Woman at Neighbourhood meeting,83,Undirected,1
87,251,Buzzworm,Margarita,84,Undirected,1
87,254,Buzzworm,Aretha Franklin,84,Undirected,1
252,189,Margarita's Boys,Unnamed members of L.A. Underclass,84,Undirected,1
251,252,Margarita,Margarita's Boys,84,Undirected,1
251,255,Margarita,Mariachi los Camperos de Nati Cano,84,Undirected,1
253,252,MS-13 (Mara Salvatrucha),Margarita's Boys,84,Undirected,1
253,255,MS-13 (Mara Salvatrucha),Mariachi los Camperos de Nati Cano,84,Undirected,1
189,255,Unnamed members of L.A. Underclass,Mariachi los Camperos de Nati Cano,84,Undirected,1
87,189,Buzzworm,Unnamed members of L.A. Underclass,84,Undirected,1
87,253,Buzzworm,MS-13 (Mara Salvatrucha),84,Undirected,1
251,254,Margarita,Aretha Franklin,84,Undirected,1
253,251,MS-13 (Mara Salvatrucha),Margarita,84,Undirected,1
252,255,Margarita's Boys,Mariachi los Camperos de Nati Cano,84,Undirected,1
253,254,MS-13 (Mara Salvatrucha),Aretha Franklin,84,Undirected,1
189,254,Unnamed members of L.A. Underclass,Aretha Franklin,84,Undirected,1
87,255,Buzzworm,Mariachi los Camperos de Nati Cano,84,Undirected,1
87,252,Buzzworm,Margarita's Boys,84,Undirected,1
254,255,Aretha Franklin,Mariachi los Camperos de Nati Cano,84,Undirected,1
253,189,MS-13 (Mara Salvatrucha),Unnamed members of L.A. Underclass,84,Undirected,1
251,189,Margarita,Unnamed members of L.A. Underclass,84,Undirected,1
252,254,Margarita's Boys,Aretha Franklin,84,Undirected,1
256,87,The kid who survived / dies,Buzzworm,85,Undirected,1
256,251,The kid who survived / dies,Margarita,85,Undirected,1
251,87,Margarita,Buzzworm,85,Undirected,1
283,284,wave of Koreans (86),American tourists (86),86,Undirected,1
258,87,Previous watch-owner,Buzzworm,86,Undirected,1
256,257,The kid who survived / dies,Muhammad Ali,86,Undirected,1
257,283,Muhammad Ali,wave of Koreans (86),86,Undirected,1
87,284,Buzzworm,American tourists (86),86,Undirected,1
256,284,The kid who survived / dies,American tourists (86),86,Undirected,1
257,69,Muhammad Ali,Gabriel Balboa,86,Undirected,1
69,284,Gabriel Balboa,American tourists (86),86,Undirected,1
257,258,Muhammad Ali,Previous watch-owner,86,Undirected,1
257,87,Muhammad Ali,Buzzworm,86,Undirected,1
258,284,Previous watch-owner,American tourists (86),86,Undirected,1
87,283,Buzzworm,wave of Koreans (86),86,Undirected,1
69,283,Gabriel Balboa,wave of Koreans (86),86,Undirected,1
256,283,The kid who survived / dies,wave of Koreans (86),86,Undirected,1
256,69,The kid who survived / dies,Gabriel Balboa,86,Undirected,1
256,258,The kid who survived / dies,Previous watch-owner,86,Undirected,1
257,284,Muhammad Ali,American tourists (86),86,Undirected,1
258,283,Previous watch-owner,wave of Koreans (86),86,Undirected,1
256,87,The kid who survived / dies,Buzzworm,86,Undirected,1
69,87,Gabriel Balboa,Buzzworm,86,Undirected,1
258,69,Previous watch-owner,Gabriel Balboa,86,Undirected,1
201,87,Astor Piazzolla,Buzzworm,87,Undirected,1
285,95,airport anouncer,Corazon Juarez,87,Undirected,1
72,201,Emi,Astor Piazzolla,87,Undirected,1
201,285,Astor Piazzolla,airport anouncer,87,Undirected,1
288,201,taxi driver,Astor Piazzolla,87,Undirected,1
285,287,airport anouncer,Corazon Juárez's child,87,Undirected,1
87,95,Buzzworm,Corazon Juarez,87,Undirected,1
72,286,Emi,man with briefcase,87,Undirected,1
87,287,Buzzworm,Corazon Juárez's child,87,Undirected,1
69,95,Gabriel Balboa,Corazon Juarez,87,Undirected,1
288,286,taxi driver,man with briefcase,87,Undirected,1
69,287,Gabriel Balboa,Corazon Juárez's child,87,Undirected,1
201,95,Astor Piazzolla,Corazon Juarez,87,Undirected,1
288,69,taxi driver,Gabriel Balboa,87,Undirected,1
72,87,Emi,Buzzworm,87,Undirected,1
288,72,taxi driver,Emi,87,Undirected,1
286,285,man with briefcase,airport anouncer,87,Undirected,1
201,287,Astor Piazzolla,Corazon Juárez's child,87,Undirected,1
72,285,Emi,airport anouncer,87,Undirected,1
69,201,Gabriel Balboa,Astor Piazzolla,87,Undirected,1
288,87,taxi driver,Buzzworm,87,Undirected,1
87,286,Buzzworm,man with briefcase,87,Undirected,1
95,287,Corazon Juarez,Corazon Juárez's child,87,Undirected,1
288,285,taxi driver,airport anouncer,87,Undirected,1
69,286,Gabriel Balboa,man with briefcase,87,Undirected,1
286,95,man with briefcase,Corazon Juarez,87,Undirected,1
69,72,Gabriel Balboa,Emi,87,Undirected,1
286,287,man with briefcase,Corazon Juárez's child,87,Undirected,1
201,286,Astor Piazzolla,man with briefcase,87,Undirected,1
72,95,Emi,Corazon Juarez,87,Undirected,1
72,287,Emi,Corazon Juárez's child,87,Undirected,1
69,87,Gabriel Balboa,Buzzworm,87,Undirected,1
288,95,taxi driver,Corazon Juarez,87,Undirected,1
87,285,Buzzworm,airport anouncer,87,Undirected,1
69,285,Gabriel Balboa,airport anouncer,87,Undirected,1
288,287,taxi driver,Corazon Juárez's child,87,Undirected,1
69,72,Gabriel Balboa,Emi,88,Undirected,1
69,95,Gabriel Balboa,Corazon Juarez,88,Undirected,1
95,287,Corazon Juarez,Corazon Juárez's child,88,Undirected,1
72,95,Emi,Corazon Juarez,88,Undirected,1
69,287,Gabriel Balboa,Corazon Juárez's child,88,Undirected,1
72,287,Emi,Corazon Juárez's child,88,Undirected,1
288,95,taxi driver,Corazon Juarez,88,Undirected,1
288,69,taxi driver,Gabriel Balboa,88,Undirected,1
288,72,taxi driver,Emi,88,Undirected,1
288,287,taxi driver,Corazon Juárez's child,88,Undirected,1
72,317,Emi,Steven Maier,89,Undirected,1
289,291,hospital aide,"""a CHP"" (89)",89,Undirected,1
289,95,hospital aide,Corazon Juarez,89,Undirected,1
69,95,Gabriel Balboa,Corazon Juarez,89,Undirected,1
290,69,nurse at station,Gabriel Balboa,89,Undirected,1
289,287,hospital aide,Corazon Juárez's child,89,Undirected,1
290,72,nurse at station,Emi,89,Undirected,1
69,287,Gabriel Balboa,Corazon Juárez's child,89,Undirected,1
289,290,hospital aide,nurse at station,89,Undirected,1
291,95,"""a CHP"" (89)",Corazon Juarez,89,Undirected,1
289,317,hospital aide,Steven Maier,89,Undirected,1
69,317,Gabriel Balboa,Steven Maier,89,Undirected,1
291,287,"""a CHP"" (89)",Corazon Juárez's child,89,Undirected,1
290,291,nurse at station,"""a CHP"" (89)",89,Undirected,1
95,287,Corazon Juarez,Corazon Juárez's child,89,Undirected,1
291,317,"""a CHP"" (89)",Steven Maier,89,Undirected,1
317,95,Steven Maier,Corazon Juarez,89,Undirected,1
317,287,Steven Maier,Corazon Juárez's child,89,Undirected,1
69,72,Gabriel Balboa,Emi,89,Undirected,1
289,69,hospital aide,Gabriel Balboa,89,Undirected,1
290,95,nurse at station,Corazon Juarez,89,Undirected,1
289,72,hospital aide,Emi,89,Undirected,1
72,95,Emi,Corazon Juarez,89,Undirected,1
72,287,Emi,Corazon Juárez's child,89,Undirected,1
290,287,nurse at station,Corazon Juárez's child,89,Undirected,1
291,69,"""a CHP"" (89)",Gabriel Balboa,89,Undirected,1
291,72,"""a CHP"" (89)",Emi,89,Undirected,1
290,317,nurse at station,Steven Maier,89,Undirected,1
192,200,LAPD,The NewsNow Van,90,Undirected,1
270,287,Passenger in red Porsche,Corazon Juárez's child,90,Undirected,1
200,271,The NewsNow Van,semi truck driver,90,Undirected,1
269,270,Driver of red Porsche,Passenger in red Porsche,90,Undirected,1
72,271,Emi,semi truck driver,90,Undirected,1
192,270,LAPD,Passenger in red Porsche,90,Undirected,1
272,95,people in car jam (55),Corazon Juarez,90,Undirected,1
69,269,Gabriel Balboa,Driver of red Porsche,90,Undirected,1
272,287,people in car jam (55),Corazon Juárez's child,90,Undirected,1
69,272,Gabriel Balboa,people in car jam (55),90,Undirected,1
69,95,Gabriel Balboa,Corazon Juarez,90,Undirected,1
270,271,Passenger in red Porsche,semi truck driver,90,Undirected,1
69,287,Gabriel Balboa,Corazon Juárez's child,90,Undirected,1
200,270,The NewsNow Van,Passenger in red Porsche,90,Undirected,1
72,200,Emi,The NewsNow Van,90,Undirected,1
269,272,Driver of red Porsche,people in car jam (55),90,Undirected,1
192,269,LAPD,Driver of red Porsche,90,Undirected,1
192,95,LAPD,Corazon Juarez,90,Undirected,1
269,95,Driver of red Porsche,Corazon Juarez,90,Undirected,1
192,272,LAPD,people in car jam (55),90,Undirected,1
271,272,semi truck driver,people in car jam (55),90,Undirected,1
72,270,Emi,Passenger in red Porsche,90,Undirected,1
271,95,semi truck driver,Corazon Juarez,90,Undirected,1
192,287,LAPD,Corazon Juárez's child,90,Undirected,1
269,287,Driver of red Porsche,Corazon Juárez's child,90,Undirected,1
69,271,Gabriel Balboa,semi truck driver,90,Undirected,1
271,287,semi truck driver,Corazon Juárez's child,90,Undirected,1
95,287,Corazon Juarez,Corazon Juárez's child,90,Undirected,1
200,269,The NewsNow Van,Driver of red Porsche,90,Undirected,1
200,95,The NewsNow Van,Corazon Juarez,90,Undirected,1
192,271,LAPD,semi truck driver,90,Undirected,1
200,272,The NewsNow Van,people in car jam (55),90,Undirected,1
69,72,Gabriel Balboa,Emi,90,Undirected,1
72,269,Emi,Driver of red Porsche,90,Undirected,1
269,271,Driver of red Porsche,semi truck driver,90,Undirected,1
72,272,Emi,people in car jam (55),90,Undirected,1
200,287,The NewsNow Van,Corazon Juárez's child,90,Undirected,1
69,200,Gabriel Balboa,The NewsNow Van,90,Undirected,1
72,95,Emi,Corazon Juarez,90,Undirected,1
72,287,Emi,Corazon Juárez's child,90,Undirected,1
69,270,Gabriel Balboa,Passenger in red Porsche,90,Undirected,1
270,272,Passenger in red Porsche,people in car jam (55),90,Undirected,1
192,69,LAPD,Gabriel Balboa,90,Undirected,1
270,95,Passenger in red Porsche,Corazon Juarez,90,Undirected,1
192,72,LAPD,Emi,90,Undirected,1
87,318,Buzzworm,Emi's sister,91,Undirected,1
320,321,Mexican wet nurses,bureaucrats in parking violations (91),91,Undirected,1
320,318,Mexican wet nurses,Emi's sister,91,Undirected,1
69,318,Gabriel Balboa,Emi's sister,91,Undirected,1
87,95,Buzzworm,Corazon Juarez,91,Undirected,1
320,95,Mexican wet nurses,Corazon Juarez,91,Undirected,1
319,69,Emi's nibling(s),Gabriel Balboa,91,Undirected,1
87,287,Buzzworm,Corazon Juárez's child,91,Undirected,1
319,72,Emi's nibling(s),Emi,91,Undirected,1
69,95,Gabriel Balboa,Corazon Juarez,91,Undirected,1
321,69,bureaucrats in parking violations (91),Gabriel Balboa,91,Undirected,1
318,287,Emi's sister,Corazon Juárez's child,91,Undirected,1
320,287,Mexican wet nurses,Corazon Juárez's child,91,Undirected,1
321,319,bureaucrats in parking violations (91),Emi's nibling(s),91,Undirected,1
321,72,bureaucrats in parking violations (91),Emi,91,Undirected,1
319,87,Emi's nibling(s),Buzzworm,91,Undirected,1
69,287,Gabriel Balboa,Corazon Juárez's child,91,Undirected,1
321,87,bureaucrats in parking violations (91),Buzzworm,91,Undirected,1
288,69,taxi driver,Gabriel Balboa,91,Undirected,1
95,318,Corazon Juarez,Emi's sister,91,Undirected,1
72,87,Emi,Buzzworm,91,Undirected,1
288,72,taxi driver,Emi,91,Undirected,1
321,288,bureaucrats in parking violations (91),taxi driver,91,Undirected,1
288,319,taxi driver,Emi's nibling(s),91,Undirected,1
288,87,taxi driver,Buzzworm,91,Undirected,1
95,287,Corazon Juarez,Corazon Juárez's child,91,Undirected,1
319,318,Emi's nibling(s),Emi's sister,91,Undirected,1
321,318,bureaucrats in parking violations (91),Emi's sister,91,Undirected,1
72,318,Emi,Emi's sister,91,Undirected,1
319,95,Emi's nibling(s),Corazon Juarez,91,Undirected,1
321,95,bureaucrats in parking violations (91),Corazon Juarez,91,Undirected,1
320,69,Mexican wet nurses,Gabriel Balboa,91,Undirected,1
69,72,Gabriel Balboa,Emi,91,Undirected,1
319,287,Emi's nibling(s),Corazon Juárez's child,91,Undirected,1
320,72,Mexican wet nurses,Emi,91,Undirected,1
320,319,Mexican wet nurses,Emi's nibling(s),91,Undirected,1
288,318,taxi driver,Emi's sister,91,Undirected,1
321,287,bureaucrats in parking violations (91),Corazon Juárez's child,91,Undirected,1
320,87,Mexican wet nurses,Buzzworm,91,Undirected,1
72,95,Emi,Corazon Juarez,91,Undirected,1
72,287,Emi,Corazon Juárez's child,91,Undirected,1
69,87,Gabriel Balboa,Buzzworm,91,Undirected,1
288,95,taxi driver,Corazon Juarez,91,Undirected,1
320,288,Mexican wet nurses,taxi driver,91,Undirected,1
288,287,taxi driver,Corazon Juárez's child,91,Undirected,1
287,80,Corazon Juárez's child,Rubén Salazar,92,Undirected,1
326,72,Richard Iizuka,Emi,92,Undirected,1
69,95,Gabriel Balboa,Corazon Juarez,92,Undirected,1
80,95,Rubén Salazar,Corazon Juarez,92,Undirected,1
69,287,Gabriel Balboa,Corazon Juárez's child,92,Undirected,1
322,95,Buzzworm's informant,Corazon Juarez,92,Undirected,1
322,287,Buzzworm's informant,Corazon Juárez's child,92,Undirected,1
323,68,jive radio show host,Manzanar Murakami,92,Undirected,1
68,324,Manzanar Murakami,Nazis,92,Undirected,1
323,324,jive radio show host,Nazis,92,Undirected,1
189,95,Unnamed members of L.A. Underclass,Corazon Juarez,92,Undirected,1
72,324,Emi,Nazis,92,Undirected,1
68,189,Manzanar Murakami,Unnamed members of L.A. Underclass,92,Undirected,1
323,189,jive radio show host,Unnamed members of L.A. Underclass,92,Undirected,1
322,72,Buzzworm's informant,Emi,92,Undirected,1
72,189,Emi,Unnamed members of L.A. Underclass,92,Undirected,1
68,326,Manzanar Murakami,Richard Iizuka,92,Undirected,1
323,326,jive radio show host,Richard Iizuka,92,Undirected,1
324,87,Nazis,Buzzworm,92,Undirected,1
324,325,Nazis,Ted Hayes,92,Undirected,1
287,324,Corazon Juárez's child,Nazis,92,Undirected,1
325,189,Ted Hayes,Unnamed members of L.A. Underclass,92,Undirected,1
326,87,Richard Iizuka,Buzzworm,92,Undirected,1
68,72,Manzanar Murakami,Emi,92,Undirected,1
326,325,Richard Iizuka,Ted Hayes,92,Undirected,1
323,72,jive radio show host,Emi,92,Undirected,1
324,80,Nazis,Rubén Salazar,92,Undirected,1
87,189,Buzzworm,Unnamed members of L.A. Underclass,92,Undirected,1
287,189,Corazon Juárez's child,Unnamed members of L.A. Underclass,92,Undirected,1
326,80,Richard Iizuka,Rubén Salazar,92,Undirected,1
322,323,Buzzworm's informant,jive radio show host,92,Undirected,1
68,95,Manzanar Murakami,Corazon Juarez,92,Undirected,1
323,95,jive radio show host,Corazon Juarez,92,Undirected,1
68,287,Manzanar Murakami,Corazon Juárez's child,92,Undirected,1
72,95,Emi,Corazon Juarez,92,Undirected,1
323,287,jive radio show host,Corazon Juárez's child,92,Undirected,1
69,87,Gabriel Balboa,Buzzworm,92,Undirected,1
69,325,Gabriel Balboa,Ted Hayes,92,Undirected,1
80,87,Rubén Salazar,Buzzworm,92,Undirected,1
322,69,Buzzworm's informant,Gabriel Balboa,92,Undirected,1
325,95,Ted Hayes,Corazon Juarez,92,Undirected,1
322,87,Buzzworm's informant,Buzzworm,92,Undirected,1
322,325,Buzzworm's informant,Ted Hayes,92,Undirected,1
69,80,Gabriel Balboa,Rubén Salazar,92,Undirected,1
87,95,Buzzworm,Corazon Juarez,92,Undirected,1
287,95,Corazon Juárez's child,Corazon Juarez,92,Undirected,1
322,80,Buzzworm's informant,Rubén Salazar,92,Undirected,1
72,325,Emi,Ted Hayes,92,Undirected,1
326,324,Richard Iizuka,Nazis,92,Undirected,1
324,189,Nazis,Unnamed members of L.A. Underclass,92,Undirected,1
287,72,Corazon Juárez's child,Emi,92,Undirected,1
326,189,Richard Iizuka,Unnamed members of L.A. Underclass,92,Undirected,1
69,324,Gabriel Balboa,Nazis,92,Undirected,1
322,68,Buzzworm's informant,Manzanar Murakami,92,Undirected,1
68,69,Manzanar Murakami,Gabriel Balboa,92,Undirected,1
323,69,jive radio show host,Gabriel Balboa,92,Undirected,1
322,324,Buzzworm's informant,Nazis,92,Undirected,1
68,87,Manzanar Murakami,Buzzworm,92,Undirected,1
68,325,Manzanar Murakami,Ted Hayes,92,Undirected,1
323,87,jive radio show host,Buzzworm,92,Undirected,1
323,325,jive radio show host,Ted Hayes,92,Undirected,1
72,87,Emi,Buzzworm,92,Undirected,1
69,189,Gabriel Balboa,Unnamed members of L.A. Underclass,92,Undirected,1
80,189,Rubén Salazar,Unnamed members of L.A. Underclass,92,Undirected,1
324,95,Nazis,Corazon Juarez,92,Undirected,1
69,326,Gabriel Balboa,Richard Iizuka,92,Undirected,1
325,87,Ted Hayes,Buzzworm,92,Undirected,1
322,189,Buzzworm's informant,Unnamed members of L.A. Underclass,92,Undirected,1
326,95,Richard Iizuka,Corazon Juarez,92,Undirected,1
68,80,Manzanar Murakami,Rubén Salazar,92,Undirected,1
322,326,Buzzworm's informant,Richard Iizuka,92,Undirected,1
323,80,jive radio show host,Rubén Salazar,92,Undirected,1
326,287,Richard Iizuka,Corazon Juárez's child,92,Undirected,1
72,80,Emi,Rubén Salazar,92,Undirected,1
69,72,Gabriel Balboa,Emi,92,Undirected,1
287,87,Corazon Juárez's child,Buzzworm,92,Undirected,1
287,325,Corazon Juárez's child,Ted Hayes,92,Undirected,1
325,80,Ted Hayes,Rubén Salazar,92,Undirected,1
69,72,Gabriel Balboa,Emi,93,Undirected,1
327,72,Single fathers,Emi,93,Undirected,1
69,329,Gabriel Balboa,Attorneys (93),93,Undirected,1
327,329,Single fathers,Attorneys (93),93,Undirected,1
72,329,Emi,Attorneys (93),93,Undirected,1
66,327,Rafaela Cortes,Single fathers,93,Undirected,1
69,327,Gabriel Balboa,Single fathers,93,Undirected,1
66,69,Rafaela Cortes,Gabriel Balboa,93,Undirected,1
66,329,Rafaela Cortes,Attorneys (93),93,Undirected,1
66,72,Rafaela Cortes,Emi,93,Undirected,1
225,145,Xiayue,Sol,97,Undirected,1
98,66,Bobby Ngu,Rafaela Cortes,97,Undirected,1
66,145,Rafaela Cortes,Sol,97,Undirected,1
259,145,The Snakehead,Sol,97,Undirected,1
259,66,The Snakehead,Rafaela Cortes,97,Undirected,1
66,260,Rafaela Cortes,Xiayue's parents,97,Undirected,1
259,260,The Snakehead,Xiayue's parents,97,Undirected,1
98,145,Bobby Ngu,Sol,97,Undirected,1
260,145,Xiayue's parents,Sol,97,Undirected,1
225,260,Xiayue,Xiayue's parents,97,Undirected,1
225,259,Xiayue,The Snakehead,97,Undirected,1
98,260,Bobby Ngu,Xiayue's parents,97,Undirected,1
225,98,Xiayue,Bobby Ngu,97,Undirected,1
225,66,Xiayue,Rafaela Cortes,97,Undirected,1
98,259,Bobby Ngu,The Snakehead,97,Undirected,1
264,145,Chow Yun-Fat,Sol,98,Undirected,1
261,262,The boys in Singapore,Asian dude in the poster,98,Undirected,1
66,264,Rafaela Cortes,Chow Yun-Fat,98,Undirected,1
262,264,Asian dude in the poster,Chow Yun-Fat,98,Undirected,1
98,262,Bobby Ngu,Asian dude in the poster,98,Undirected,1
66,261,Rafaela Cortes,The boys in Singapore,98,Undirected,1
262,145,Asian dude in the poster,Sol,98,Undirected,1
66,145,Rafaela Cortes,Sol,98,Undirected,1
98,66,Bobby Ngu,Rafaela Cortes,98,Undirected,1
262,263,Asian dude in the poster,Asian beauties in the poster,98,Undirected,1
98,261,Bobby Ngu,The boys in Singapore,98,Undirected,1
98,145,Bobby Ngu,Sol,98,Undirected,1
98,264,Bobby Ngu,Chow Yun-Fat,98,Undirected,1
66,263,Rafaela Cortes,Asian beauties in the poster,98,Undirected,1
261,264,The boys in Singapore,Chow Yun-Fat,98,Undirected,1
261,145,The boys in Singapore,Sol,98,Undirected,1
263,145,Asian beauties in the poster,Sol,98,Undirected,1
263,264,Asian beauties in the poster,Chow Yun-Fat,98,Undirected,1
261,263,The boys in Singapore,Asian beauties in the poster,98,Undirected,1
66,262,Rafaela Cortes,Asian dude in the poster,98,Undirected,1
98,263,Bobby Ngu,Asian beauties in the poster,98,Undirected,1
167,265,Bobby's Sister 1,Bobby's Family (abstract),99,Undirected,1
265,266,Bobby's Family (abstract),Xiayue's Brother,99,Undirected,1
225,169,Xiayue,Bobby's Nephews and Nieces,99,Undirected,1
259,265,The Snakehead,Bobby's Family (abstract),99,Undirected,1
98,259,Bobby Ngu,The Snakehead,99,Undirected,1
98,265,Bobby Ngu,Bobby's Family (abstract),99,Undirected,1
259,167,The Snakehead,Bobby's Sister 1,99,Undirected,1
225,266,Xiayue,Xiayue's Brother,99,Undirected,1
98,167,Bobby Ngu,Bobby's Sister 1,99,Undirected,1
225,98,Xiayue,Bobby Ngu,99,Undirected,1
167,169,Bobby's Sister 1,Bobby's Nephews and Nieces,99,Undirected,1
167,266,Bobby's Sister 1,Xiayue's Brother,99,Undirected,1
225,259,Xiayue,The Snakehead,99,Undirected,1
225,265,Xiayue,Bobby's Family (abstract),99,Undirected,1
259,169,The Snakehead,Bobby's Nephews and Nieces,99,Undirected,1
169,266,Bobby's Nephews and Nieces,Xiayue's Brother,99,Undirected,1
98,169,Bobby Ngu,Bobby's Nephews and Nieces,99,Undirected,1
225,167,Xiayue,Bobby's Sister 1,99,Undirected,1
259,266,The Snakehead,Xiayue's Brother,99,Undirected,1
98,266,Bobby Ngu,Xiayue's Brother,99,Undirected,1
265,169,Bobby's Family (abstract),Bobby's Nephews and Nieces,99,Undirected,1
98,259,Bobby Ngu,The Snakehead,100,Undirected,1
98,266,Bobby Ngu,Xiayue's Brother,100,Undirected,1
225,266,Xiayue,Xiayue's Brother,100,Undirected,1
259,266,The Snakehead,Xiayue's Brother,100,Undirected,1
225,259,Xiayue,The Snakehead,100,Undirected,1
162,266,Bobby's Father,Xiayue's Brother,100,Undirected,1
225,98,Xiayue,Bobby Ngu,100,Undirected,1
225,162,Xiayue,Bobby's Father,100,Undirected,1
162,259,Bobby's Father,The Snakehead,100,Undirected,1
162,98,Bobby's Father,Bobby Ngu,100,Undirected,1
98,66,Bobby Ngu,Rafaela Cortes,101,Undirected,1
66,167,Rafaela Cortes,Bobby's Sister 1,101,Undirected,1
225,167,Xiayue,Bobby's Sister 1,101,Undirected,1
259,167,The Snakehead,Bobby's Sister 1,101,Undirected,1
98,167,Bobby Ngu,Bobby's Sister 1,101,Undirected,1
225,259,Xiayue,The Snakehead,101,Undirected,1
259,66,The Snakehead,Rafaela Cortes,101,Undirected,1
225,98,Xiayue,Bobby Ngu,101,Undirected,1
225,66,Xiayue,Rafaela Cortes,101,Undirected,1
98,259,Bobby Ngu,The Snakehead,101,Undirected,1
292,293,MC Hammer,Boyz 2 Men,102,Undirected,1
267,87,Malcolm X,Buzzworm,102,Undirected,1
87,251,Buzzworm,Margarita,102,Undirected,1
293,267,Boyz 2 Men,Malcolm X,102,Undirected,1
293,87,Boyz 2 Men,Buzzworm,102,Undirected,1
293,294,Boyz 2 Men,Snoop Dogg,102,Undirected,1
292,268,MC Hammer,Shaquille O'Neal,102,Undirected,1
295,267,Kid Frost,Malcolm X,102,Undirected,1
295,87,Kid Frost,Buzzworm,102,Undirected,1
267,251,Malcolm X,Margarita,102,Undirected,1
294,268,Snoop Dogg,Shaquille O'Neal,102,Undirected,1
293,251,Boyz 2 Men,Margarita,102,Undirected,1
268,87,Shaquille O'Neal,Buzzworm,102,Undirected,1
294,295,Snoop Dogg,Kid Frost,102,Undirected,1
292,295,MC Hammer,Kid Frost,102,Undirected,1
295,251,Kid Frost,Margarita,102,Undirected,1
292,267,MC Hammer,Malcolm X,102,Undirected,1
292,87,MC Hammer,Buzzworm,102,Undirected,1
294,267,Snoop Dogg,Malcolm X,102,Undirected,1
294,87,Snoop Dogg,Buzzworm,102,Undirected,1
268,251,Shaquille O'Neal,Margarita,102,Undirected,1
267,268,Malcolm X,Shaquille O'Neal,102,Undirected,1
292,294,MC Hammer,Snoop Dogg,102,Undirected,1
293,268,Boyz 2 Men,Shaquille O'Neal,102,Undirected,1
292,251,MC Hammer,Margarita,102,Undirected,1
294,251,Snoop Dogg,Margarita,102,Undirected,1
293,295,Boyz 2 Men,Kid Frost,102,Undirected,1
295,268,Kid Frost,Shaquille O'Neal,102,Undirected,1
256,300,The kid who survived / dies,Ray Charles,103,Undirected,1
256,297,The kid who survived / dies,Duke Ellington,103,Undirected,1
300,87,Ray Charles,Buzzworm,103,Undirected,1
297,298,Duke Ellington,Charlie Parker,103,Undirected,1
297,87,Duke Ellington,Buzzworm,103,Undirected,1
296,299,Count Basie,Fats Domino,103,Undirected,1
299,87,Fats Domino,Buzzworm,103,Undirected,1
296,189,Count Basie,Unnamed members of L.A. Underclass,103,Undirected,1
256,296,The kid who survived / dies,Count Basie,103,Undirected,1
298,299,Charlie Parker,Fats Domino,103,Undirected,1
87,189,Buzzworm,Unnamed members of L.A. Underclass,103,Undirected,1
256,299,The kid who survived / dies,Fats Domino,103,Undirected,1
298,189,Charlie Parker,Unnamed members of L.A. Underclass,103,Undirected,1
256,189,The kid who survived / dies,Unnamed members of L.A. Underclass,103,Undirected,1
297,300,Duke Ellington,Ray Charles,103,Undirected,1
299,300,Fats Domino,Ray Charles,103,Undirected,1
300,189,Ray Charles,Unnamed members of L.A. Underclass,103,Undirected,1
296,298,Count Basie,Charlie Parker,103,Undirected,1
256,298,The kid who survived / dies,Charlie Parker,103,Undirected,1
296,87,Count Basie,Buzzworm,103,Undirected,1
298,87,Charlie Parker,Buzzworm,103,Undirected,1
297,299,Duke Ellington,Fats Domino,103,Undirected,1
256,87,The kid who survived / dies,Buzzworm,103,Undirected,1
297,189,Duke Ellington,Unnamed members of L.A. Underclass,103,Undirected,1
299,189,Fats Domino,Unnamed members of L.A. Underclass,103,Undirected,1
296,300,Count Basie,Ray Charles,103,Undirected,1
296,297,Count Basie,Duke Ellington,103,Undirected,1
298,300,Charlie Parker,Ray Charles,103,Undirected,1
302,304,coroner,Reclaim Our Children,104,Undirected,1
301,87,Mother of the dead boy,Buzzworm,104,Undirected,1
303,87,The dead boy's brother,Buzzworm,104,Undirected,1
301,305,Mother of the dead boy,The Dead Boy's Crew,104,Undirected,1
304,87,Reclaim Our Children,Buzzworm,104,Undirected,1
301,302,Mother of the dead boy,coroner,104,Undirected,1
303,305,The dead boy's brother,The Dead Boy's Crew,104,Undirected,1
302,303,coroner,The dead boy's brother,104,Undirected,1
304,305,Reclaim Our Children,The Dead Boy's Crew,104,Undirected,1
302,87,coroner,Buzzworm,104,Undirected,1
301,304,Mother of the dead boy,Reclaim Our Children,104,Undirected,1
302,305,coroner,The Dead Boy's Crew,104,Undirected,1
303,304,The dead boy's brother,Reclaim Our Children,104,Undirected,1
301,303,Mother of the dead boy,The dead boy's brother,104,Undirected,1
305,87,The Dead Boy's Crew,Buzzworm,104,Undirected,1
192,306,LAPD,Beethoven,105,Undirected,1
305,309,The Dead Boy's Crew,Walkman Kid,105,Undirected,1
192,309,LAPD,Walkman Kid,105,Undirected,1
192,87,LAPD,Buzzworm,105,Undirected,1
309,87,Walkman Kid,Buzzworm,105,Undirected,1
306,309,Beethoven,Walkman Kid,105,Undirected,1
192,305,LAPD,The Dead Boy's Crew,105,Undirected,1
306,87,Beethoven,Buzzworm,105,Undirected,1
305,306,The Dead Boy's Crew,Beethoven,105,Undirected,1
305,87,The Dead Boy's Crew,Buzzworm,105,Undirected,1
306,307,Beethoven,Margarita's Family,106,Undirected,1
305,309,The Dead Boy's Crew,Walkman Kid,106,Undirected,1
307,251,Margarita's Family,Margarita,106,Undirected,1
87,251,Buzzworm,Margarita,106,Undirected,1
307,309,Margarita's Family,Walkman Kid,106,Undirected,1
309,251,Walkman Kid,Margarita,106,Undirected,1
306,87,Beethoven,Buzzworm,106,Undirected,1
311,251,Margarita's Eldest,Margarita,106,Undirected,1
306,309,Beethoven,Walkman Kid,106,Undirected,1
305,311,The Dead Boy's Crew,Margarita's Eldest,106,Undirected,1
306,251,Beethoven,Margarita,106,Undirected,1
307,311,Margarita's Family,Margarita's Eldest,106,Undirected,1
87,311,Buzzworm,Margarita's Eldest,106,Undirected,1
309,311,Walkman Kid,Margarita's Eldest,106,Undirected,1
305,307,The Dead Boy's Crew,Margarita's Family,106,Undirected,1
306,311,Beethoven,Margarita's Eldest,106,Undirected,1
305,87,The Dead Boy's Crew,Buzzworm,106,Undirected,1
307,87,Margarita's Family,Buzzworm,106,Undirected,1
309,87,Walkman Kid,Buzzworm,106,Undirected,1
305,306,The Dead Boy's Crew,Beethoven,106,Undirected,1
305,251,The Dead Boy's Crew,Margarita,106,Undirected,1
87,251,Buzzworm,Margarita,107,Undirected,1
87,254,Buzzworm,Aretha Franklin,107,Undirected,1
69,251,Gabriel Balboa,Margarita,107,Undirected,1
311,251,Margarita's Eldest,Margarita,107,Undirected,1
69,254,Gabriel Balboa,Aretha Franklin,107,Undirected,1
311,254,Margarita's Eldest,Aretha Franklin,107,Undirected,1
68,69,Manzanar Murakami,Gabriel Balboa,107,Undirected,1
308,87,Radio Listener,Buzzworm,107,Undirected,1
68,87,Manzanar Murakami,Buzzworm,107,Undirected,1
87,311,Buzzworm,Margarita's Eldest,107,Undirected,1
69,308,Gabriel Balboa,Radio Listener,107,Undirected,1
69,311,Gabriel Balboa,Margarita's Eldest,107,Undirected,1
251,254,Margarita,Aretha Franklin,107,Undirected,1
308,251,Radio Listener,Margarita,107,Undirected,1
68,251,Manzanar Murakami,Margarita,107,Undirected,1
308,254,Radio Listener,Aretha Franklin,107,Undirected,1
68,254,Manzanar Murakami,Aretha Franklin,107,Undirected,1
69,87,Gabriel Balboa,Buzzworm,107,Undirected,1
68,308,Manzanar Murakami,Radio Listener,107,Undirected,1
308,311,Radio Listener,Margarita's Eldest,107,Undirected,1
68,311,Manzanar Murakami,Margarita's Eldest,107,Undirected,1
68,69,Manzanar Murakami,Gabriel Balboa,108,Undirected,1
330,87,President of United States,Buzzworm,108,Undirected,1
68,87,Manzanar Murakami,Buzzworm,108,Undirected,1
87,189,Buzzworm,Unnamed members of L.A. Underclass,108,Undirected,1
69,87,Gabriel Balboa,Buzzworm,108,Undirected,1
330,189,President of United States,Unnamed members of L.A. Underclass,108,Undirected,1
68,189,Manzanar Murakami,Unnamed members of L.A. Underclass,108,Undirected,1
69,189,Gabriel Balboa,Unnamed members of L.A. Underclass,108,Undirected,1
69,330,Gabriel Balboa,President of United States,108,Undirected,1
68,330,Manzanar Murakami,President of United States,108,Undirected,1
332,506,John Coltrane,Manzanar's Parents,109,Undirected,1
333,87,Miles Davis,Buzzworm,109,Undirected,1
68,335,Manzanar Murakami,Mozart,109,Undirected,1
332,335,John Coltrane,Mozart,109,Undirected,1
68,332,Manzanar Murakami,John Coltrane,109,Undirected,1
333,334,Miles Davis,Bach,109,Undirected,1
334,189,Bach,Unnamed members of L.A. Underclass,109,Undirected,1
336,189,Antonín Dvořák,Unnamed members of L.A. Underclass,109,Undirected,1
331,333,the Russians,Miles Davis,109,Undirected,1
334,506,Bach,Manzanar's Parents,109,Undirected,1
69,333,Gabriel Balboa,Miles Davis,109,Undirected,1
331,336,the Russians,Antonín Dvořák,109,Undirected,1
336,506,Antonín Dvořák,Manzanar's Parents,109,Undirected,1
69,336,Gabriel Balboa,Antonín Dvořák,109,Undirected,1
68,69,Manzanar Murakami,Gabriel Balboa,109,Undirected,1
334,335,Bach,Mozart,109,Undirected,1
335,336,Mozart,Antonín Dvořák,109,Undirected,1
68,87,Manzanar Murakami,Buzzworm,109,Undirected,1
332,87,John Coltrane,Buzzworm,109,Undirected,1
68,331,Manzanar Murakami,the Russians,109,Undirected,1
87,189,Buzzworm,Unnamed members of L.A. Underclass,109,Undirected,1
68,334,Manzanar Murakami,Bach,109,Undirected,1
331,189,the Russians,Unnamed members of L.A. Underclass,109,Undirected,1
332,334,John Coltrane,Bach,109,Undirected,1
333,336,Miles Davis,Antonín Dvořák,109,Undirected,1
69,189,Gabriel Balboa,Unnamed members of L.A. Underclass,109,Undirected,1
87,506,Buzzworm,Manzanar's Parents,109,Undirected,1
331,506,the Russians,Manzanar's Parents,109,Undirected,1
335,189,Mozart,Unnamed members of L.A. Underclass,109,Undirected,1
69,506,Gabriel Balboa,Manzanar's Parents,109,Undirected,1
331,335,the Russians,Mozart,109,Undirected,1
334,87,Bach,Buzzworm,109,Undirected,1
331,332,the Russians,John Coltrane,109,Undirected,1
69,335,Gabriel Balboa,Mozart,109,Undirected,1
335,506,Mozart,Manzanar's Parents,109,Undirected,1
69,332,Gabriel Balboa,John Coltrane,109,Undirected,1
333,189,Miles Davis,Unnamed members of L.A. Underclass,109,Undirected,1
336,87,Antonín Dvořák,Buzzworm,109,Undirected,1
333,506,Miles Davis,Manzanar's Parents,109,Undirected,1
68,333,Manzanar Murakami,Miles Davis,109,Undirected,1
332,333,John Coltrane,Miles Davis,109,Undirected,1
68,336,Manzanar Murakami,Antonín Dvořák,109,Undirected,1
332,336,John Coltrane,Antonín Dvořák,109,Undirected,1
333,335,Miles Davis,Mozart,109,Undirected,1
331,87,the Russians,Buzzworm,109,Undirected,1
69,87,Gabriel Balboa,Buzzworm,109,Undirected,1
69,331,Gabriel Balboa,the Russians,109,Undirected,1
331,334,the Russians,Bach,109,Undirected,1
68,189,Manzanar Murakami,Unnamed members of L.A. Underclass,109,Undirected,1
69,334,Gabriel Balboa,Bach,109,Undirected,1
332,189,John Coltrane,Unnamed members of L.A. Underclass,109,Undirected,1
334,336,Bach,Antonín Dvořák,109,Undirected,1
335,87,Mozart,Buzzworm,109,Undirected,1
506,189,Manzanar's Parents,Unnamed members of L.A. Underclass,109,Undirected,1
68,506,Manzanar Murakami,Manzanar's Parents,109,Undirected,1
68,69,Manzanar Murakami,Gabriel Balboa,110,Undirected,1
68,87,Manzanar Murakami,Buzzworm,110,Undirected,1
189,68,Unnamed members of L.A. Underclass,Manzanar Murakami,110,Undirected,1
69,87,Gabriel Balboa,Buzzworm,110,Undirected,1
189,87,Unnamed members of L.A. Underclass,Buzzworm,110,Undirected,1
189,69,Unnamed members of L.A. Underclass,Gabriel Balboa,110,Undirected,1
68,69,Manzanar Murakami,Gabriel Balboa,111,Undirected,1
69,72,Gabriel Balboa,Emi,111,Undirected,1
72,507,Emi,character in a Kurosawa film,111,Undirected,1
68,87,Manzanar Murakami,Buzzworm,111,Undirected,1
87,189,Buzzworm,Unnamed members of L.A. Underclass,111,Undirected,1
69,87,Gabriel Balboa,Buzzworm,111,Undirected,1
87,507,Buzzworm,character in a Kurosawa film,111,Undirected,1
507,189,character in a Kurosawa film,Unnamed members of L.A. Underclass,111,Undirected,1
68,189,Manzanar Murakami,Unnamed members of L.A. Underclass,111,Undirected,1
72,87,Emi,Buzzworm,111,Undirected,1
69,189,Gabriel Balboa,Unnamed members of L.A. Underclass,111,Undirected,1
68,507,Manzanar Murakami,character in a Kurosawa film,111,Undirected,1
69,507,Gabriel Balboa,character in a Kurosawa film,111,Undirected,1
68,72,Manzanar Murakami,Emi,111,Undirected,1
72,189,Emi,Unnamed members of L.A. Underclass,111,Undirected,1
68,69,Manzanar Murakami,Gabriel Balboa,112,Undirected,1
68,184,Manzanar Murakami,Emi's Mother,112,Undirected,1
69,184,Gabriel Balboa,Emi's Mother,112,Undirected,1
72,69,Emi,Gabriel Balboa,112,Undirected,1
72,184,Emi,Emi's Mother,112,Undirected,1
72,68,Emi,Manzanar Murakami,112,Undirected,1
71,508,People in Traffic (34),Rush Limbaugh,113,Undirected,1
71,87,People in Traffic (34),Buzzworm,113,Undirected,1
87,315,Buzzworm,"""They"" (Organ Traffickers)",113,Undirected,1
315,508,"""They"" (Organ Traffickers)",Rush Limbaugh,113,Undirected,1
69,71,Gabriel Balboa,People in Traffic (34),113,Undirected,1
69,315,Gabriel Balboa,"""They"" (Organ Traffickers)",113,Undirected,1
87,95,Buzzworm,Corazon Juarez,113,Undirected,1
69,95,Gabriel Balboa,Corazon Juarez,113,Undirected,1
387,72,Howard Stern,Emi,113,Undirected,1
387,69,Howard Stern,Gabriel Balboa,113,Undirected,1
71,315,People in Traffic (34),"""They"" (Organ Traffickers)",113,Undirected,1
72,189,Emi,Unnamed members of L.A. Underclass,113,Undirected,1
87,189,Buzzworm,Unnamed members of L.A. Underclass,113,Undirected,1
387,508,Howard Stern,Rush Limbaugh,113,Undirected,1
387,87,Howard Stern,Buzzworm,113,Undirected,1
72,508,Emi,Rush Limbaugh,113,Undirected,1
72,87,Emi,Buzzworm,113,Undirected,1
69,189,Gabriel Balboa,Unnamed members of L.A. Underclass,113,Undirected,1
71,95,People in Traffic (34),Corazon Juarez,113,Undirected,1
315,95,"""They"" (Organ Traffickers)",Corazon Juarez,113,Undirected,1
71,189,People in Traffic (34),Unnamed members of L.A. Underclass,113,Undirected,1
387,71,Howard Stern,People in Traffic (34),113,Undirected,1
387,315,Howard Stern,"""They"" (Organ Traffickers)",113,Undirected,1
315,189,"""They"" (Organ Traffickers)",Unnamed members of L.A. Underclass,113,Undirected,1
72,315,Emi,"""They"" (Organ Traffickers)",113,Undirected,1
189,95,Unnamed members of L.A. Underclass,Corazon Juarez,113,Undirected,1
508,95,Rush Limbaugh,Corazon Juarez,113,Undirected,1
69,72,Gabriel Balboa,Emi,113,Undirected,1
387,95,Howard Stern,Corazon Juarez,113,Undirected,1
87,508,Buzzworm,Rush Limbaugh,113,Undirected,1
72,95,Emi,Corazon Juarez,113,Undirected,1
69,508,Gabriel Balboa,Rush Limbaugh,113,Undirected,1
69,87,Gabriel Balboa,Buzzworm,113,Undirected,1
508,189,Rush Limbaugh,Unnamed members of L.A. Underclass,113,Undirected,1
387,189,Howard Stern,Unnamed members of L.A. Underclass,113,Undirected,1
71,72,People in Traffic (34),Emi,113,Undirected,1
72,143,Emi,Doña Maria,114,Undirected,1
87,315,Buzzworm,"""They"" (Organ Traffickers)",114,Undirected,1
69,315,Gabriel Balboa,"""They"" (Organ Traffickers)",114,Undirected,1
143,145,Doña Maria,Sol,114,Undirected,1
143,87,Doña Maria,Buzzworm,114,Undirected,1
66,69,Rafaela Cortes,Gabriel Balboa,114,Undirected,1
68,72,Manzanar Murakami,Emi,114,Undirected,1
66,72,Rafaela Cortes,Emi,114,Undirected,1
68,69,Manzanar Murakami,Gabriel Balboa,114,Undirected,1
66,87,Rafaela Cortes,Buzzworm,114,Undirected,1
66,145,Rafaela Cortes,Sol,114,Undirected,1
68,87,Manzanar Murakami,Buzzworm,114,Undirected,1
68,145,Manzanar Murakami,Sol,114,Undirected,1
145,87,Sol,Buzzworm,114,Undirected,1
72,145,Emi,Sol,114,Undirected,1
143,315,Doña Maria,"""They"" (Organ Traffickers)",114,Undirected,1
72,87,Emi,Buzzworm,114,Undirected,1
69,143,Gabriel Balboa,Doña Maria,114,Undirected,1
66,68,Rafaela Cortes,Manzanar Murakami,114,Undirected,1
66,315,Rafaela Cortes,"""They"" (Organ Traffickers)",114,Undirected,1
68,315,Manzanar Murakami,"""They"" (Organ Traffickers)",114,Undirected,1
145,315,Sol,"""They"" (Organ Traffickers)",114,Undirected,1
72,315,Emi,"""They"" (Organ Traffickers)",114,Undirected,1
69,72,Gabriel Balboa,Emi,114,Undirected,1
69,87,Gabriel Balboa,Buzzworm,114,Undirected,1
69,145,Gabriel Balboa,Sol,114,Undirected,1
68,143,Manzanar Murakami,Doña Maria,114,Undirected,1
66,143,Rafaela Cortes,Doña Maria,114,Undirected,1
66,158,Rafaela Cortes,Hernando (Dona Maria's son),115,Undirected,1
145,149,Sol,Rodriguez,115,Undirected,1
145,158,Sol,Hernando (Dona Maria's son),115,Undirected,1
69,312,Gabriel Balboa,person on the phone with Hernando,115,Undirected,1
143,145,Doña Maria,Sol,115,Undirected,1
66,69,Rafaela Cortes,Gabriel Balboa,115,Undirected,1
312,158,person on the phone with Hernando,Hernando (Dona Maria's son),115,Undirected,1
98,143,Bobby Ngu,Doña Maria,115,Undirected,1
149,158,Rodriguez,Hernando (Dona Maria's son),115,Undirected,1
66,145,Rafaela Cortes,Sol,115,Undirected,1
98,149,Bobby Ngu,Rodriguez,115,Undirected,1
98,158,Bobby Ngu,Hernando (Dona Maria's son),115,Undirected,1
143,312,Doña Maria,person on the phone with Hernando,115,Undirected,1
69,143,Gabriel Balboa,Doña Maria,115,Undirected,1
98,66,Bobby Ngu,Rafaela Cortes,115,Undirected,1
66,312,Rafaela Cortes,person on the phone with Hernando,115,Undirected,1
69,149,Gabriel Balboa,Rodriguez,115,Undirected,1
98,69,Bobby Ngu,Gabriel Balboa,115,Undirected,1
69,158,Gabriel Balboa,Hernando (Dona Maria's son),115,Undirected,1
98,145,Bobby Ngu,Sol,115,Undirected,1
145,312,Sol,person on the phone with Hernando,115,Undirected,1
149,312,Rodriguez,person on the phone with Hernando,115,Undirected,1
143,149,Doña Maria,Rodriguez,115,Undirected,1
69,145,Gabriel Balboa,Sol,115,Undirected,1
98,312,Bobby Ngu,person on the phone with Hernando,115,Undirected,1
143,158,Doña Maria,Hernando (Dona Maria's son),115,Undirected,1
66,143,Rafaela Cortes,Doña Maria,115,Undirected,1
66,149,Rafaela Cortes,Rodriguez,115,Undirected,1
66,158,Rafaela Cortes,Hernando (Dona Maria's son),116,Undirected,1
143,313,Doña Maria,Those Brazilians,116,Undirected,1
145,158,Sol,Hernando (Dona Maria's son),116,Undirected,1
143,145,Doña Maria,Sol,116,Undirected,1
66,313,Rafaela Cortes,Those Brazilians,116,Undirected,1
145,313,Sol,Those Brazilians,116,Undirected,1
312,158,person on the phone with Hernando,Hernando (Dona Maria's son),116,Undirected,1
98,143,Bobby Ngu,Doña Maria,116,Undirected,1
66,145,Rafaela Cortes,Sol,116,Undirected,1
98,158,Bobby Ngu,Hernando (Dona Maria's son),116,Undirected,1
143,312,Doña Maria,person on the phone with Hernando,116,Undirected,1
312,313,person on the phone with Hernando,Those Brazilians,116,Undirected,1
98,66,Bobby Ngu,Rafaela Cortes,116,Undirected,1
98,313,Bobby Ngu,Those Brazilians,116,Undirected,1
66,312,Rafaela Cortes,person on the phone with Hernando,116,Undirected,1
98,145,Bobby Ngu,Sol,116,Undirected,1
145,312,Sol,person on the phone with Hernando,116,Undirected,1
313,158,Those Brazilians,Hernando (Dona Maria's son),116,Undirected,1
98,312,Bobby Ngu,person on the phone with Hernando,116,Undirected,1
143,158,Doña Maria,Hernando (Dona Maria's son),116,Undirected,1
66,143,Rafaela Cortes,Doña Maria,116,Undirected,1
66,158,Rafaela Cortes,Hernando (Dona Maria's son),117,Undirected,1
98,156,Bobby Ngu,Lupe,117,Undirected,1
145,158,Sol,Hernando (Dona Maria's son),117,Undirected,1
156,158,Lupe,Hernando (Dona Maria's son),117,Undirected,1
143,145,Doña Maria,Sol,117,Undirected,1
312,314,person on the phone with Hernando,"""They"" (Organ buyers)",117,Undirected,1
98,314,Bobby Ngu,"""They"" (Organ buyers)",117,Undirected,1
312,158,person on the phone with Hernando,Hernando (Dona Maria's son),117,Undirected,1
98,143,Bobby Ngu,Doña Maria,117,Undirected,1
314,158,"""They"" (Organ buyers)",Hernando (Dona Maria's son),117,Undirected,1
66,145,Rafaela Cortes,Sol,117,Undirected,1
98,158,Bobby Ngu,Hernando (Dona Maria's son),117,Undirected,1
143,312,Doña Maria,person on the phone with Hernando,117,Undirected,1
98,66,Bobby Ngu,Rafaela Cortes,117,Undirected,1
66,312,Rafaela Cortes,person on the phone with Hernando,117,Undirected,1
143,156,Doña Maria,Lupe,117,Undirected,1
98,145,Bobby Ngu,Sol,117,Undirected,1
145,312,Sol,person on the phone with Hernando,117,Undirected,1
66,156,Rafaela Cortes,Lupe,117,Undirected,1
145,156,Sol,Lupe,117,Undirected,1
143,314,Doña Maria,"""They"" (Organ buyers)",117,Undirected,1
66,314,Rafaela Cortes,"""They"" (Organ buyers)",117,Undirected,1
98,312,Bobby Ngu,person on the phone with Hernando,117,Undirected,1
143,158,Doña Maria,Hernando (Dona Maria's son),117,Undirected,1
312,156,person on the phone with Hernando,Lupe,117,Undirected,1
145,314,Sol,"""They"" (Organ buyers)",117,Undirected,1
314,156,"""They"" (Organ buyers)",Lupe,117,Undirected,1
66,143,Rafaela Cortes,Doña Maria,117,Undirected,1
66,158,Rafaela Cortes,Hernando (Dona Maria's son),118,Undirected,1
315,316,"""They"" (Organ Traffickers)","""The Doctor""",118,Undirected,1
145,158,Sol,Hernando (Dona Maria's son),118,Undirected,1
312,314,person on the phone with Hernando,"""They"" (Organ buyers)",118,Undirected,1
312,158,person on the phone with Hernando,Hernando (Dona Maria's son),118,Undirected,1
66,316,Rafaela Cortes,"""The Doctor""",118,Undirected,1
145,316,Sol,"""The Doctor""",118,Undirected,1
314,158,"""They"" (Organ buyers)",Hernando (Dona Maria's son),118,Undirected,1
66,145,Rafaela Cortes,Sol,118,Undirected,1
316,158,"""The Doctor""",Hernando (Dona Maria's son),118,Undirected,1
312,316,person on the phone with Hernando,"""The Doctor""",118,Undirected,1
314,316,"""They"" (Organ buyers)","""The Doctor""",118,Undirected,1
66,312,Rafaela Cortes,person on the phone with Hernando,118,Undirected,1
66,315,Rafaela Cortes,"""They"" (Organ Traffickers)",118,Undirected,1
145,312,Sol,person on the phone with Hernando,118,Undirected,1
145,315,Sol,"""They"" (Organ Traffickers)",118,Undirected,1
312,315,person on the phone with Hernando,"""They"" (Organ Traffickers)",118,Undirected,1
315,158,"""They"" (Organ Traffickers)",Hernando (Dona Maria's son),118,Undirected,1
314,315,"""They"" (Organ buyers)","""They"" (Organ Traffickers)",118,Undirected,1
66,314,Rafaela Cortes,"""They"" (Organ buyers)",118,Undirected,1
145,314,Sol,"""They"" (Organ buyers)",118,Undirected,1
66,143,Rafaela Cortes,Doña Maria,119,Undirected,1
145,143,Sol,Doña Maria,119,Undirected,1
145,66,Sol,Rafaela Cortes,119,Undirected,1
189,71,Unnamed members of L.A. Underclass,People in Traffic (34),120,Undirected,1
68,189,Manzanar Murakami,Unnamed members of L.A. Underclass,120,Undirected,1
68,71,Manzanar Murakami,People in Traffic (34),120,Undirected,1
68,189,Manzanar Murakami,Unnamed members of L.A. Underclass,121,Undirected,1
514,370,a dozen motorists,Car Owners and Passengers (abstract),122,Undirected,1
68,339,Manzanar Murakami,The Police (Abstract),122,Undirected,1
514,68,a dozen motorists,Manzanar Murakami,122,Undirected,1
370,339,Car Owners and Passengers (abstract),The Police (Abstract),122,Undirected,1
68,78,Manzanar Murakami,God,122,Undirected,1
339,189,The Police (Abstract),Unnamed members of L.A. Underclass,122,Undirected,1
78,370,God,Car Owners and Passengers (abstract),122,Undirected,1
68,370,Manzanar Murakami,Car Owners and Passengers (abstract),122,Undirected,1
514,189,a dozen motorists,Unnamed members of L.A. Underclass,122,Undirected,1
78,189,God,Unnamed members of L.A. Underclass,122,Undirected,1
68,189,Manzanar Murakami,Unnamed members of L.A. Underclass,122,Undirected,1
514,339,a dozen motorists,The Police (Abstract),122,Undirected,1
370,189,Car Owners and Passengers (abstract),Unnamed members of L.A. Underclass,122,Undirected,1
514,78,a dozen motorists,God,122,Undirected,1
78,339,God,The Police (Abstract),122,Undirected,1
68,69,Manzanar Murakami,Gabriel Balboa,123,Undirected,1
69,72,Gabriel Balboa,Emi,123,Undirected,1
72,349,Emi,John Hussong,123,Undirected,1
72,189,Emi,Unnamed members of L.A. Underclass,123,Undirected,1
68,189,Manzanar Murakami,Unnamed members of L.A. Underclass,123,Undirected,1
69,189,Gabriel Balboa,Unnamed members of L.A. Underclass,123,Undirected,1
69,349,Gabriel Balboa,John Hussong,123,Undirected,1
189,349,Unnamed members of L.A. Underclass,John Hussong,123,Undirected,1
68,72,Manzanar Murakami,Emi,123,Undirected,1
68,349,Manzanar Murakami,John Hussong,123,Undirected,1
69,184,Gabriel Balboa,Emi's Mother,124,Undirected,1
352,170,Bill Welch,Raymond Chandler,124,Undirected,1
352,353,Bill Welch,Hiro (The Sushimaker),124,Undirected,1
356,170,Japanese Americans (Abstract),Raymond Chandler,124,Undirected,1
184,351,Emi's Mother,Pasadena Señoras,124,Undirected,1
354,72,A Green-type from Colorado,Emi,124,Undirected,1
353,354,Hiro (The Sushimaker),A Green-type from Colorado,124,Undirected,1
72,185,Emi,Emi's Father,124,Undirected,1
69,351,Gabriel Balboa,Pasadena Señoras,124,Undirected,1
352,355,Bill Welch,Japanese American Gardeners,124,Undirected,1
354,184,A Green-type from Colorado,Emi's Mother,124,Undirected,1
69,170,Gabriel Balboa,Raymond Chandler,124,Undirected,1
353,185,Hiro (The Sushimaker),Emi's Father,124,Undirected,1
350,351,Pasadena Tournament of Roses Association (Rose Par,Pasadena Señoras,124,Undirected,1
352,357,Bill Welch,Tom Ford (Black Orchid),124,Undirected,1
354,351,A Green-type from Colorado,Pasadena Señoras,124,Undirected,1
72,351,Emi,Pasadena Señoras,124,Undirected,1
356,357,Japanese Americans (Abstract),Tom Ford (Black Orchid),124,Undirected,1
355,185,Japanese American Gardeners,Emi's Father,124,Undirected,1
357,72,Tom Ford (Black Orchid),Emi,124,Undirected,1
352,350,Bill Welch,Pasadena Tournament of Roses Association (Rose Par,124,Undirected,1
354,170,A Green-type from Colorado,Raymond Chandler,124,Undirected,1
356,350,Japanese Americans (Abstract),Pasadena Tournament of Roses Association (Rose Par,124,Undirected,1
352,69,Bill Welch,Gabriel Balboa,124,Undirected,1
357,184,Tom Ford (Black Orchid),Emi's Mother,124,Undirected,1
356,69,Japanese Americans (Abstract),Gabriel Balboa,124,Undirected,1
69,357,Gabriel Balboa,Tom Ford (Black Orchid),124,Undirected,1
170,351,Raymond Chandler,Pasadena Señoras,124,Undirected,1
354,355,A Green-type from Colorado,Japanese American Gardeners,124,Undirected,1
357,351,Tom Ford (Black Orchid),Pasadena Señoras,124,Undirected,1
185,351,Emi's Father,Pasadena Señoras,124,Undirected,1
72,184,Emi,Emi's Mother,124,Undirected,1
69,350,Gabriel Balboa,Pasadena Tournament of Roses Association (Rose Par,124,Undirected,1
353,356,Hiro (The Sushimaker),Japanese Americans (Abstract),124,Undirected,1
353,72,Hiro (The Sushimaker),Emi,124,Undirected,1
352,354,Bill Welch,A Green-type from Colorado,124,Undirected,1
357,170,Tom Ford (Black Orchid),Raymond Chandler,124,Undirected,1
354,357,A Green-type from Colorado,Tom Ford (Black Orchid),124,Undirected,1
355,356,Japanese American Gardeners,Japanese Americans (Abstract),124,Undirected,1
353,184,Hiro (The Sushimaker),Emi's Mother,124,Undirected,1
354,350,A Green-type from Colorado,Pasadena Tournament of Roses Association (Rose Par,124,Undirected,1
352,185,Bill Welch,Emi's Father,124,Undirected,1
355,184,Japanese American Gardeners,Emi's Mother,124,Undirected,1
72,170,Emi,Raymond Chandler,124,Undirected,1
170,184,Raymond Chandler,Emi's Mother,124,Undirected,1
354,69,A Green-type from Colorado,Gabriel Balboa,124,Undirected,1
356,185,Japanese Americans (Abstract),Emi's Father,124,Undirected,1
353,351,Hiro (The Sushimaker),Pasadena Señoras,124,Undirected,1
355,351,Japanese American Gardeners,Pasadena Señoras,124,Undirected,1
184,350,Emi's Mother,Pasadena Tournament of Roses Association (Rose Par,124,Undirected,1
353,170,Hiro (The Sushimaker),Raymond Chandler,124,Undirected,1
69,185,Gabriel Balboa,Emi's Father,124,Undirected,1
355,170,Japanese American Gardeners,Raymond Chandler,124,Undirected,1
356,351,Japanese Americans (Abstract),Pasadena Señoras,124,Undirected,1
357,350,Tom Ford (Black Orchid),Pasadena Tournament of Roses Association (Rose Par,124,Undirected,1
355,72,Japanese American Gardeners,Emi,124,Undirected,1
353,355,Hiro (The Sushimaker),Japanese American Gardeners,124,Undirected,1
354,356,A Green-type from Colorado,Japanese Americans (Abstract),124,Undirected,1
352,356,Bill Welch,Japanese Americans (Abstract),124,Undirected,1
352,72,Bill Welch,Emi,124,Undirected,1
72,350,Emi,Pasadena Tournament of Roses Association (Rose Par,124,Undirected,1
354,185,A Green-type from Colorado,Emi's Father,124,Undirected,1
356,72,Japanese Americans (Abstract),Emi,124,Undirected,1
353,357,Hiro (The Sushimaker),Tom Ford (Black Orchid),124,Undirected,1
352,184,Bill Welch,Emi's Mother,124,Undirected,1
355,357,Japanese American Gardeners,Tom Ford (Black Orchid),124,Undirected,1
356,184,Japanese Americans (Abstract),Emi's Mother,124,Undirected,1
353,350,Hiro (The Sushimaker),Pasadena Tournament of Roses Association (Rose Par,124,Undirected,1
184,185,Emi's Mother,Emi's Father,124,Undirected,1
353,69,Hiro (The Sushimaker),Gabriel Balboa,124,Undirected,1
69,72,Gabriel Balboa,Emi,124,Undirected,1
352,351,Bill Welch,Pasadena Señoras,124,Undirected,1
355,350,Japanese American Gardeners,Pasadena Tournament of Roses Association (Rose Par,124,Undirected,1
170,350,Raymond Chandler,Pasadena Tournament of Roses Association (Rose Par,124,Undirected,1
170,185,Raymond Chandler,Emi's Father,124,Undirected,1
355,69,Japanese American Gardeners,Gabriel Balboa,124,Undirected,1
185,350,Emi's Father,Pasadena Tournament of Roses Association (Rose Par,124,Undirected,1
357,185,Tom Ford (Black Orchid),Emi's Father,124,Undirected,1
353,361,Hiro (The Sushimaker),Terry Murphy and Barry Nolan (Hard Copy),125,Undirected,1
353,358,Hiro (The Sushimaker),Dead Firemen,125,Undirected,1
69,361,Gabriel Balboa,Terry Murphy and Barry Nolan (Hard Copy),125,Undirected,1
69,358,Gabriel Balboa,Dead Firemen,125,Undirected,1
358,360,Dead Firemen,The Three Tenors,125,Undirected,1
359,72,"Edward Dmytryk (Murder, My Sweet)",Emi,125,Undirected,1
353,360,Hiro (The Sushimaker),The Three Tenors,125,Undirected,1
69,360,Gabriel Balboa,The Three Tenors,125,Undirected,1
358,359,Dead Firemen,"Edward Dmytryk (Murder, My Sweet)",125,Undirected,1
359,361,"Edward Dmytryk (Murder, My Sweet)",Terry Murphy and Barry Nolan (Hard Copy),125,Undirected,1
358,72,Dead Firemen,Emi,125,Undirected,1
72,361,Emi,Terry Murphy and Barry Nolan (Hard Copy),125,Undirected,1
353,359,Hiro (The Sushimaker),"Edward Dmytryk (Murder, My Sweet)",125,Undirected,1
361,360,Terry Murphy and Barry Nolan (Hard Copy),The Three Tenors,125,Undirected,1
69,359,Gabriel Balboa,"Edward Dmytryk (Murder, My Sweet)",125,Undirected,1
353,72,Hiro (The Sushimaker),Emi,125,Undirected,1
358,361,Dead Firemen,Terry Murphy and Barry Nolan (Hard Copy),125,Undirected,1
353,69,Hiro (The Sushimaker),Gabriel Balboa,125,Undirected,1
69,72,Gabriel Balboa,Emi,125,Undirected,1
359,360,"Edward Dmytryk (Murder, My Sweet)",The Three Tenors,125,Undirected,1
72,360,Emi,The Three Tenors,125,Undirected,1
362,367,The Station Chief,The Pillsbury Doughboy,126,Undirected,1
69,364,Gabriel Balboa,Producers,126,Undirected,1
364,367,Producers,The Pillsbury Doughboy,126,Undirected,1
69,367,Gabriel Balboa,The Pillsbury Doughboy,126,Undirected,1
366,367,Larry H. Parker,The Pillsbury Doughboy,126,Undirected,1
363,368,People Below Emi,Wally Amos (Famous Amos),126,Undirected,1
363,365,People Below Emi,Levis Strauss,126,Undirected,1
365,368,Levis Strauss,Wally Amos (Famous Amos),126,Undirected,1
72,362,Emi,The Station Chief,126,Undirected,1
72,368,Emi,Wally Amos (Famous Amos),126,Undirected,1
72,365,Emi,Levis Strauss,126,Undirected,1
362,366,The Station Chief,Larry H. Parker,126,Undirected,1
362,363,The Station Chief,People Below Emi,126,Undirected,1
364,366,Producers,Larry H. Parker,126,Undirected,1
69,366,Gabriel Balboa,Larry H. Parker,126,Undirected,1
69,363,Gabriel Balboa,People Below Emi,126,Undirected,1
367,368,The Pillsbury Doughboy,Wally Amos (Famous Amos),126,Undirected,1
363,364,People Below Emi,Producers,126,Undirected,1
363,367,People Below Emi,The Pillsbury Doughboy,126,Undirected,1
365,367,Levis Strauss,The Pillsbury Doughboy,126,Undirected,1
72,364,Emi,Producers,126,Undirected,1
72,367,Emi,The Pillsbury Doughboy,126,Undirected,1
362,365,The Station Chief,Levis Strauss,126,Undirected,1
364,368,Producers,Wally Amos (Famous Amos),126,Undirected,1
69,362,Gabriel Balboa,The Station Chief,126,Undirected,1
69,368,Gabriel Balboa,Wally Amos (Famous Amos),126,Undirected,1
362,368,The Station Chief,Wally Amos (Famous Amos),126,Undirected,1
364,365,Producers,Levis Strauss,126,Undirected,1
69,72,Gabriel Balboa,Emi,126,Undirected,1
69,365,Gabriel Balboa,Levis Strauss,126,Undirected,1
366,368,Larry H. Parker,Wally Amos (Famous Amos),126,Undirected,1
363,366,People Below Emi,Larry H. Parker,126,Undirected,1
365,366,Levis Strauss,Larry H. Parker,126,Undirected,1
72,363,Emi,People Below Emi,126,Undirected,1
72,366,Emi,Larry H. Parker,126,Undirected,1
362,364,The Station Chief,Producers,126,Undirected,1
142,370,Quentin Tarantino (127),Car Owners and Passengers (abstract),127,Undirected,1
371,376,"""The gays at the end of the bar""",White guy who looks Cherokee/Navajo,127,Undirected,1
141,374,Uma Thurman (127),White People at Hiro's Sushi,127,Undirected,1
375,376,Chicana who looks Persian,White guy who looks Cherokee/Navajo,127,Undirected,1
69,376,Gabriel Balboa,White guy who looks Cherokee/Navajo,127,Undirected,1
141,376,Uma Thurman (127),White guy who looks Cherokee/Navajo,127,Undirected,1
69,369,Gabriel Balboa,Sushi Restaurant Clientele (Abstract),127,Undirected,1
353,375,Hiro (The Sushimaker),Chicana who looks Persian,127,Undirected,1
369,371,Sushi Restaurant Clientele (Abstract),"""The gays at the end of the bar""",127,Undirected,1
72,141,Emi,Uma Thurman (127),127,Undirected,1
141,369,Uma Thurman (127),Sushi Restaurant Clientele (Abstract),127,Undirected,1
69,371,Gabriel Balboa,"""The gays at the end of the bar""",127,Undirected,1
369,373,Sushi Restaurant Clientele (Abstract),Caucasian Japanophiles,127,Undirected,1
372,375,"""The guy with the turban""",Chicana who looks Persian,127,Undirected,1
374,381,White People at Hiro's Sushi,Japanophile Woman,127,Undirected,1
371,373,"""The gays at the end of the bar""",Caucasian Japanophiles,127,Undirected,1
72,372,Emi,"""The guy with the turban""",127,Undirected,1
141,371,Uma Thurman (127),"""The gays at the end of the bar""",127,Undirected,1
72,381,Emi,Japanophile Woman,127,Undirected,1
353,370,Hiro (The Sushimaker),Car Owners and Passengers (abstract),127,Undirected,1
69,373,Gabriel Balboa,Caucasian Japanophiles,127,Undirected,1
353,141,Hiro (The Sushimaker),Uma Thurman (127),127,Undirected,1
376,381,White guy who looks Cherokee/Navajo,Japanophile Woman,127,Undirected,1
369,375,Sushi Restaurant Clientele (Abstract),Chicana who looks Persian,127,Undirected,1
373,375,Caucasian Japanophiles,Chicana who looks Persian,127,Undirected,1
72,374,Emi,White People at Hiro's Sushi,127,Undirected,1
141,373,Uma Thurman (127),Caucasian Japanophiles,127,Undirected,1
142,372,Quentin Tarantino (127),"""The guy with the turban""",127,Undirected,1
353,372,Hiro (The Sushimaker),"""The guy with the turban""",127,Undirected,1
69,375,Gabriel Balboa,Chicana who looks Persian,127,Undirected,1
142,381,Quentin Tarantino (127),Japanophile Woman,127,Undirected,1
353,381,Hiro (The Sushimaker),Japanophile Woman,127,Undirected,1
374,376,White People at Hiro's Sushi,White guy who looks Cherokee/Navajo,127,Undirected,1
72,376,Emi,White guy who looks Cherokee/Navajo,127,Undirected,1
370,372,Car Owners and Passengers (abstract),"""The guy with the turban""",127,Undirected,1
141,375,Uma Thurman (127),Chicana who looks Persian,127,Undirected,1
353,72,Hiro (The Sushimaker),Emi,127,Undirected,1
142,374,Quentin Tarantino (127),White People at Hiro's Sushi,127,Undirected,1
370,381,Car Owners and Passengers (abstract),Japanophile Woman,127,Undirected,1
353,374,Hiro (The Sushimaker),White People at Hiro's Sushi,127,Undirected,1
69,142,Gabriel Balboa,Quentin Tarantino (127),127,Undirected,1
372,381,"""The guy with the turban""",Japanophile Woman,127,Undirected,1
72,369,Emi,Sushi Restaurant Clientele (Abstract),127,Undirected,1
370,374,Car Owners and Passengers (abstract),White People at Hiro's Sushi,127,Undirected,1
142,376,Quentin Tarantino (127),White guy who looks Cherokee/Navajo,127,Undirected,1
353,376,Hiro (The Sushimaker),White guy who looks Cherokee/Navajo,127,Undirected,1
141,142,Uma Thurman (127),Quentin Tarantino (127),127,Undirected,1
372,374,"""The guy with the turban""",White People at Hiro's Sushi,127,Undirected,1
72,371,Emi,"""The gays at the end of the bar""",127,Undirected,1
141,370,Uma Thurman (127),Car Owners and Passengers (abstract),127,Undirected,1
142,369,Quentin Tarantino (127),Sushi Restaurant Clientele (Abstract),127,Undirected,1
370,376,Car Owners and Passengers (abstract),White guy who looks Cherokee/Navajo,127,Undirected,1
371,375,"""The gays at the end of the bar""",Chicana who looks Persian,127,Undirected,1
353,369,Hiro (The Sushimaker),Sushi Restaurant Clientele (Abstract),127,Undirected,1
372,376,"""The guy with the turban""",White guy who looks Cherokee/Navajo,127,Undirected,1
72,373,Emi,Caucasian Japanophiles,127,Undirected,1
141,372,Uma Thurman (127),"""The guy with the turban""",127,Undirected,1
142,371,Quentin Tarantino (127),"""The gays at the end of the bar""",127,Undirected,1
353,371,Hiro (The Sushimaker),"""The gays at the end of the bar""",127,Undirected,1
369,370,Sushi Restaurant Clientele (Abstract),Car Owners and Passengers (abstract),127,Undirected,1
374,375,White People at Hiro's Sushi,Chicana who looks Persian,127,Undirected,1
72,375,Emi,Chicana who looks Persian,127,Undirected,1
370,371,Car Owners and Passengers (abstract),"""The gays at the end of the bar""",127,Undirected,1
142,373,Quentin Tarantino (127),Caucasian Japanophiles,127,Undirected,1
353,373,Hiro (The Sushimaker),Caucasian Japanophiles,127,Undirected,1
69,370,Gabriel Balboa,Car Owners and Passengers (abstract),127,Undirected,1
69,141,Gabriel Balboa,Uma Thurman (127),127,Undirected,1
369,372,Sushi Restaurant Clientele (Abstract),"""The guy with the turban""",127,Undirected,1
369,381,Sushi Restaurant Clientele (Abstract),Japanophile Woman,127,Undirected,1
373,381,Caucasian Japanophiles,Japanophile Woman,127,Undirected,1
370,373,Car Owners and Passengers (abstract),Caucasian Japanophiles,127,Undirected,1
371,372,"""The gays at the end of the bar""","""The guy with the turban""",127,Undirected,1
142,375,Quentin Tarantino (127),Chicana who looks Persian,127,Undirected,1
371,381,"""The gays at the end of the bar""",Japanophile Woman,127,Undirected,1
72,142,Emi,Quentin Tarantino (127),127,Undirected,1
69,372,Gabriel Balboa,"""The guy with the turban""",127,Undirected,1
375,381,Chicana who looks Persian,Japanophile Woman,127,Undirected,1
69,381,Gabriel Balboa,Japanophile Woman,127,Undirected,1
369,374,Sushi Restaurant Clientele (Abstract),White People at Hiro's Sushi,127,Undirected,1
372,373,"""The guy with the turban""",Caucasian Japanophiles,127,Undirected,1
373,374,Caucasian Japanophiles,White People at Hiro's Sushi,127,Undirected,1
72,370,Emi,Car Owners and Passengers (abstract),127,Undirected,1
370,375,Car Owners and Passengers (abstract),Chicana who looks Persian,127,Undirected,1
371,374,"""The gays at the end of the bar""",White People at Hiro's Sushi,127,Undirected,1
353,69,Hiro (The Sushimaker),Gabriel Balboa,127,Undirected,1
69,72,Gabriel Balboa,Emi,127,Undirected,1
141,381,Uma Thurman (127),Japanophile Woman,127,Undirected,1
69,374,Gabriel Balboa,White People at Hiro's Sushi,127,Undirected,1
353,142,Hiro (The Sushimaker),Quentin Tarantino (127),127,Undirected,1
369,376,Sushi Restaurant Clientele (Abstract),White guy who looks Cherokee/Navajo,127,Undirected,1
373,376,Caucasian Japanophiles,White guy who looks Cherokee/Navajo,127,Undirected,1
379,380,ethnically Ambiguous woman's hypothetical parents,A white Guy wearing a Nirvana T-shirt and dreds,128,Undirected,1
72,378,Emi,Ethnically Ambiguous woman,128,Undirected,1
72,381,Emi,Japanophile Woman,128,Undirected,1
353,376,Hiro (The Sushimaker),White guy who looks Cherokee/Navajo,128,Undirected,1
375,376,Chicana who looks Persian,White guy who looks Cherokee/Navajo,128,Undirected,1
376,378,White guy who looks Cherokee/Navajo,Ethnically Ambiguous woman,128,Undirected,1
69,376,Gabriel Balboa,White guy who looks Cherokee/Navajo,128,Undirected,1
353,379,Hiro (The Sushimaker),ethnically Ambiguous woman's hypothetical parents,128,Undirected,1
375,379,Chicana who looks Persian,ethnically Ambiguous woman's hypothetical parents,128,Undirected,1
376,381,White guy who looks Cherokee/Navajo,Japanophile Woman,128,Undirected,1
69,379,Gabriel Balboa,ethnically Ambiguous woman's hypothetical parents,128,Undirected,1
378,381,Ethnically Ambiguous woman,Japanophile Woman,128,Undirected,1
377,379,South African Couple,ethnically Ambiguous woman's hypothetical parents,128,Undirected,1
380,381,A white Guy wearing a Nirvana T-shirt and dreds,Japanophile Woman,128,Undirected,1
72,377,Emi,South African Couple,128,Undirected,1
72,380,Emi,A white Guy wearing a Nirvana T-shirt and dreds,128,Undirected,1
69,375,Gabriel Balboa,Chicana who looks Persian,128,Undirected,1
353,378,Hiro (The Sushimaker),Ethnically Ambiguous woman,128,Undirected,1
375,378,Chicana who looks Persian,Ethnically Ambiguous woman,128,Undirected,1
69,378,Gabriel Balboa,Ethnically Ambiguous woman,128,Undirected,1
353,375,Hiro (The Sushimaker),Chicana who looks Persian,128,Undirected,1
353,381,Hiro (The Sushimaker),Japanophile Woman,128,Undirected,1
375,381,Chicana who looks Persian,Japanophile Woman,128,Undirected,1
69,381,Gabriel Balboa,Japanophile Woman,128,Undirected,1
376,377,White guy who looks Cherokee/Navajo,South African Couple,128,Undirected,1
376,380,White guy who looks Cherokee/Navajo,A white Guy wearing a Nirvana T-shirt and dreds,128,Undirected,1
377,378,South African Couple,Ethnically Ambiguous woman,128,Undirected,1
377,381,South African Couple,Japanophile Woman,128,Undirected,1
378,380,Ethnically Ambiguous woman,A white Guy wearing a Nirvana T-shirt and dreds,128,Undirected,1
72,376,Emi,White guy who looks Cherokee/Navajo,128,Undirected,1
379,381,ethnically Ambiguous woman's hypothetical parents,Japanophile Woman,128,Undirected,1
72,379,Emi,ethnically Ambiguous woman's hypothetical parents,128,Undirected,1
353,72,Hiro (The Sushimaker),Emi,128,Undirected,1
353,69,Hiro (The Sushimaker),Gabriel Balboa,128,Undirected,1
69,72,Gabriel Balboa,Emi,128,Undirected,1
353,380,Hiro (The Sushimaker),A white Guy wearing a Nirvana T-shirt and dreds,128,Undirected,1
375,380,Chicana who looks Persian,A white Guy wearing a Nirvana T-shirt and dreds,128,Undirected,1
353,377,Hiro (The Sushimaker),South African Couple,128,Undirected,1
69,380,Gabriel Balboa,A white Guy wearing a Nirvana T-shirt and dreds,128,Undirected,1
375,377,Chicana who looks Persian,South African Couple,128,Undirected,1
69,377,Gabriel Balboa,South African Couple,128,Undirected,1
376,379,White guy who looks Cherokee/Navajo,ethnically Ambiguous woman's hypothetical parents,128,Undirected,1
377,380,South African Couple,A white Guy wearing a Nirvana T-shirt and dreds,128,Undirected,1
378,379,Ethnically Ambiguous woman,ethnically Ambiguous woman's hypothetical parents,128,Undirected,1
72,375,Emi,Chicana who looks Persian,128,Undirected,1
353,69,Hiro (The Sushimaker),Gabriel Balboa,129,Undirected,1
69,72,Gabriel Balboa,Emi,129,Undirected,1
353,383,Hiro (The Sushimaker),Jocasta,129,Undirected,1
72,381,Emi,Japanophile Woman,129,Undirected,1
381,383,Japanophile Woman,Jocasta,129,Undirected,1
69,383,Gabriel Balboa,Jocasta,129,Undirected,1
382,383,Oedipus,Jocasta,129,Undirected,1
381,382,Japanophile Woman,Oedipus,129,Undirected,1
72,383,Emi,Jocasta,129,Undirected,1
353,382,Hiro (The Sushimaker),Oedipus,129,Undirected,1
69,382,Gabriel Balboa,Oedipus,129,Undirected,1
72,382,Emi,Oedipus,129,Undirected,1
353,381,Hiro (The Sushimaker),Japanophile Woman,129,Undirected,1
353,72,Hiro (The Sushimaker),Emi,129,Undirected,1
69,381,Gabriel Balboa,Japanophile Woman,129,Undirected,1
70,531,Arcangel/El Gran Mojado,Cantina waiter,130,Undirected,1
70,537,Arcangel/El Gran Mojado,Cantina waiter's family,130,Undirected,1
531,537,Cantina waiter,Cantina waiter's family,130,Undirected,1
531,533,Cantina waiter,Cantina diners,130,Undirected,1
70,533,Arcangel/El Gran Mojado,Cantina diners,130,Undirected,1
533,537,Cantina diners,Cantina waiter's family,130,Undirected,1
537,538,Cantina waiter's family,Cantina chef,130,Undirected,1
531,538,Cantina waiter,Cantina chef,130,Undirected,1
70,538,Arcangel/El Gran Mojado,Cantina chef,130,Undirected,1
533,538,Cantina diners,Cantina chef,130,Undirected,1
70,531,Arcangel/El Gran Mojado,Cantina waiter,131,Undirected,1
531,820,Cantina waiter,Samuel Adams,131,Undirected,1
70,820,Arcangel/El Gran Mojado,Samuel Adams,131,Undirected,1
533,541,Cantina diners,Cockfighters,131,Undirected,1
820,541,Samuel Adams,Cockfighters,131,Undirected,1
531,533,Cantina waiter,Cantina diners,131,Undirected,1
70,533,Arcangel/El Gran Mojado,Cantina diners,131,Undirected,1
820,533,Samuel Adams,Cantina diners,131,Undirected,1
531,541,Cantina waiter,Cockfighters,131,Undirected,1
70,541,Arcangel/El Gran Mojado,Cockfighters,131,Undirected,1
548,420,Martians,SUPERNAFTA,132,Undirected,1
419,541,El Gran Mojado,Cockfighters,132,Undirected,1
432,541,Subcomandante Marcos,Cockfighters,132,Undirected,1
419,547,El Gran Mojado,someone in cockfight crowd,132,Undirected,1
548,432,Martians,Subcomandante Marcos,132,Undirected,1
545,70,cockfight crowd,Arcangel/El Gran Mojado,132,Undirected,1
420,432,SUPERNAFTA,Subcomandante Marcos,132,Undirected,1
548,541,Martians,Cockfighters,132,Undirected,1
547,70,someone in cockfight crowd,Arcangel/El Gran Mojado,132,Undirected,1
70,420,Arcangel/El Gran Mojado,SUPERNAFTA,132,Undirected,1
419,70,El Gran Mojado,Arcangel/El Gran Mojado,132,Undirected,1
545,420,cockfight crowd,SUPERNAFTA,132,Undirected,1
70,432,Arcangel/El Gran Mojado,Subcomandante Marcos,132,Undirected,1
545,548,cockfight crowd,Martians,132,Undirected,1
545,432,cockfight crowd,Subcomandante Marcos,132,Undirected,1
420,541,SUPERNAFTA,Cockfighters,132,Undirected,1
547,420,someone in cockfight crowd,SUPERNAFTA,132,Undirected,1
419,420,El Gran Mojado,SUPERNAFTA,132,Undirected,1
547,548,someone in cockfight crowd,Martians,132,Undirected,1
548,70,Martians,Arcangel/El Gran Mojado,132,Undirected,1
547,432,someone in cockfight crowd,Subcomandante Marcos,132,Undirected,1
419,548,El Gran Mojado,Martians,132,Undirected,1
70,541,Arcangel/El Gran Mojado,Cockfighters,132,Undirected,1
419,432,El Gran Mojado,Subcomandante Marcos,132,Undirected,1
545,419,cockfight crowd,El Gran Mojado,132,Undirected,1
545,541,cockfight crowd,Cockfighters,132,Undirected,1
545,547,cockfight crowd,someone in cockfight crowd,132,Undirected,1
547,541,someone in cockfight crowd,Cockfighters,132,Undirected,1
545,419,cockfight crowd,El Gran Mojado,133,Undirected,1
419,551,El Gran Mojado,Indigenas,133,Undirected,1
550,551,Californianos,Indigenas,133,Undirected,1
545,551,cockfight crowd,Indigenas,133,Undirected,1
420,551,SUPERNAFTA,Indigenas,133,Undirected,1
549,550,the gringos,Californianos,133,Undirected,1
419,550,El Gran Mojado,Californianos,133,Undirected,1
545,550,cockfight crowd,Californianos,133,Undirected,1
420,550,SUPERNAFTA,Californianos,133,Undirected,1
545,549,cockfight crowd,the gringos,133,Undirected,1
419,549,El Gran Mojado,the gringos,133,Undirected,1
419,420,El Gran Mojado,SUPERNAFTA,133,Undirected,1
420,549,SUPERNAFTA,the gringos,133,Undirected,1
545,420,cockfight crowd,SUPERNAFTA,133,Undirected,1
549,551,the gringos,Indigenas,133,Undirected,1
556,559,El Gran Chingón,Super-Gringo,134,Undirected,1
555,557,Super-Migra,Super-Ilegal,134,Undirected,1
555,560,Super-Migra,La Raza Cósmica,134,Undirected,1
558,559,Super-Chicano,Super-Gringo,134,Undirected,1
419,553,El Gran Mojado,Super-Barrio,134,Undirected,1
557,560,Super-Ilegal,La Raza Cósmica,134,Undirected,1
419,556,El Gran Mojado,El Gran Chingón,134,Undirected,1
70,558,Arcangel/El Gran Mojado,Super-Chicano,134,Undirected,1
70,555,Arcangel/El Gran Mojado,Super-Migra,134,Undirected,1
419,559,El Gran Mojado,Super-Gringo,134,Undirected,1
553,556,Super-Barrio,El Gran Chingón,134,Undirected,1
554,555,La Chingada,Super-Migra,134,Undirected,1
553,559,Super-Barrio,Super-Gringo,134,Undirected,1
545,70,cockfight crowd,Arcangel/El Gran Mojado,134,Undirected,1
554,558,La Chingada,Super-Chicano,134,Undirected,1
545,555,cockfight crowd,Super-Migra,134,Undirected,1
545,558,cockfight crowd,Super-Chicano,134,Undirected,1
559,560,Super-Gringo,La Raza Cósmica,134,Undirected,1
420,557,SUPERNAFTA,Super-Ilegal,134,Undirected,1
420,554,SUPERNAFTA,La Chingada,134,Undirected,1
420,560,SUPERNAFTA,La Raza Cósmica,134,Undirected,1
555,556,Super-Migra,El Gran Chingón,134,Undirected,1
555,559,Super-Migra,Super-Gringo,134,Undirected,1
556,558,El Gran Chingón,Super-Chicano,134,Undirected,1
557,559,Super-Ilegal,Super-Gringo,134,Undirected,1
419,70,El Gran Mojado,Arcangel/El Gran Mojado,134,Undirected,1
419,555,El Gran Mojado,Super-Migra,134,Undirected,1
545,420,cockfight crowd,SUPERNAFTA,134,Undirected,1
419,558,El Gran Mojado,Super-Chicano,134,Undirected,1
70,554,Arcangel/El Gran Mojado,La Chingada,134,Undirected,1
70,557,Arcangel/El Gran Mojado,Super-Ilegal,134,Undirected,1
553,558,Super-Barrio,Super-Chicano,134,Undirected,1
554,557,La Chingada,Super-Ilegal,134,Undirected,1
545,554,cockfight crowd,La Chingada,134,Undirected,1
70,560,Arcangel/El Gran Mojado,La Raza Cósmica,134,Undirected,1
553,555,Super-Barrio,Super-Migra,134,Undirected,1
554,560,La Chingada,La Raza Cósmica,134,Undirected,1
545,557,cockfight crowd,Super-Ilegal,134,Undirected,1
545,560,cockfight crowd,La Raza Cósmica,134,Undirected,1
420,553,SUPERNAFTA,Super-Barrio,134,Undirected,1
420,556,SUPERNAFTA,El Gran Chingón,134,Undirected,1
419,420,El Gran Mojado,SUPERNAFTA,134,Undirected,1
420,559,SUPERNAFTA,Super-Gringo,134,Undirected,1
556,557,El Gran Chingón,Super-Ilegal,134,Undirected,1
557,558,Super-Ilegal,Super-Chicano,134,Undirected,1
556,560,El Gran Chingón,La Raza Cósmica,134,Undirected,1
555,558,Super-Migra,Super-Chicano,134,Undirected,1
558,560,Super-Chicano,La Raza Cósmica,134,Undirected,1
545,419,cockfight crowd,El Gran Mojado,134,Undirected,1
419,557,El Gran Mojado,Super-Ilegal,134,Undirected,1
419,554,El Gran Mojado,La Chingada,134,Undirected,1
419,560,El Gran Mojado,La Raza Cósmica,134,Undirected,1
70,556,Arcangel/El Gran Mojado,El Gran Chingón,134,Undirected,1
70,553,Arcangel/El Gran Mojado,Super-Barrio,134,Undirected,1
70,559,Arcangel/El Gran Mojado,Super-Gringo,134,Undirected,1
553,554,Super-Barrio,La Chingada,134,Undirected,1
554,556,La Chingada,El Gran Chingón,134,Undirected,1
545,556,cockfight crowd,El Gran Chingón,134,Undirected,1
553,557,Super-Barrio,Super-Ilegal,134,Undirected,1
554,559,La Chingada,Super-Gringo,134,Undirected,1
545,553,cockfight crowd,Super-Barrio,134,Undirected,1
545,559,cockfight crowd,Super-Gringo,134,Undirected,1
553,560,Super-Barrio,La Raza Cósmica,134,Undirected,1
420,70,SUPERNAFTA,Arcangel/El Gran Mojado,134,Undirected,1
420,555,SUPERNAFTA,Super-Migra,134,Undirected,1
420,558,SUPERNAFTA,Super-Chicano,134,Undirected,1
333,87,Miles Davis,Buzzworm,137,Undirected,1
388,87,Sportscasters on Mexican radio,Buzzworm,137,Undirected,1
388,392,Sportscasters on Mexican radio,Baca Boyz,137,Undirected,1
387,390,Howard Stern,"""this individual""",137,Undirected,1
388,389,Sportscasters on Mexican radio,Call-in Cop,137,Undirected,1
390,87,"""this individual""",Buzzworm,137,Undirected,1
387,393,Howard Stern,Baca Boyz's sisters (Nicole of Paramount),137,Undirected,1
390,392,"""this individual""",Baca Boyz,137,Undirected,1
392,87,Baca Boyz,Buzzworm,137,Undirected,1
393,333,Baca Boyz's sisters (Nicole of Paramount),Miles Davis,137,Undirected,1
389,390,Call-in Cop,"""this individual""",137,Undirected,1
389,393,Call-in Cop,Baca Boyz's sisters (Nicole of Paramount),137,Undirected,1
391,393,Talk Radio Stations,Baca Boyz's sisters (Nicole of Paramount),137,Undirected,1
387,389,Howard Stern,Call-in Cop,137,Undirected,1
387,87,Howard Stern,Buzzworm,137,Undirected,1
387,392,Howard Stern,Baca Boyz,137,Undirected,1
388,333,Sportscasters on Mexican radio,Miles Davis,137,Undirected,1
388,391,Sportscasters on Mexican radio,Talk Radio Stations,137,Undirected,1
390,333,"""this individual""",Miles Davis,137,Undirected,1
390,391,"""this individual""",Talk Radio Stations,137,Undirected,1
392,333,Baca Boyz,Miles Davis,137,Undirected,1
389,87,Call-in Cop,Buzzworm,137,Undirected,1
389,392,Call-in Cop,Baca Boyz,137,Undirected,1
391,87,Talk Radio Stations,Buzzworm,137,Undirected,1
391,392,Talk Radio Stations,Baca Boyz,137,Undirected,1
388,390,Sportscasters on Mexican radio,"""this individual""",137,Undirected,1
387,388,Howard Stern,Sportscasters on Mexican radio,137,Undirected,1
387,333,Howard Stern,Miles Davis,137,Undirected,1
388,393,Sportscasters on Mexican radio,Baca Boyz's sisters (Nicole of Paramount),137,Undirected,1
387,391,Howard Stern,Talk Radio Stations,137,Undirected,1
393,87,Baca Boyz's sisters (Nicole of Paramount),Buzzworm,137,Undirected,1
390,393,"""this individual""",Baca Boyz's sisters (Nicole of Paramount),137,Undirected,1
392,393,Baca Boyz,Baca Boyz's sisters (Nicole of Paramount),137,Undirected,1
389,333,Call-in Cop,Miles Davis,137,Undirected,1
389,391,Call-in Cop,Talk Radio Stations,137,Undirected,1
391,333,Talk Radio Stations,Miles Davis,137,Undirected,1
393,251,Baca Boyz's sisters (Nicole of Paramount),Margarita,138,Undirected,1
87,251,Buzzworm,Margarita,138,Undirected,1
395,251,FDA Investigators,Margarita,138,Undirected,1
397,398,FBI Agents,Dead / Ill Van Nuys Residents,138,Undirected,1
391,415,Talk Radio Stations,News radio,138,Undirected,1
256,251,The kid who survived / dies,Margarita,138,Undirected,1
393,397,Baca Boyz's sisters (Nicole of Paramount),FBI Agents,138,Undirected,1
394,87,Isaac Newton Van Nuys,Buzzworm,138,Undirected,1
393,394,Baca Boyz's sisters (Nicole of Paramount),Isaac Newton Van Nuys,138,Undirected,1
395,397,FDA Investigators,FBI Agents,138,Undirected,1
394,395,Isaac Newton Van Nuys,FDA Investigators,138,Undirected,1
256,391,The kid who survived / dies,Talk Radio Stations,138,Undirected,1
256,397,The kid who survived / dies,FBI Agents,138,Undirected,1
394,398,Isaac Newton Van Nuys,Dead / Ill Van Nuys Residents,138,Undirected,1
397,251,FBI Agents,Margarita,138,Undirected,1
256,394,The kid who survived / dies,Isaac Newton Van Nuys,138,Undirected,1
393,415,Baca Boyz's sisters (Nicole of Paramount),News radio,138,Undirected,1
391,393,Talk Radio Stations,Baca Boyz's sisters (Nicole of Paramount),138,Undirected,1
87,415,Buzzworm,News radio,138,Undirected,1
395,415,FDA Investigators,News radio,138,Undirected,1
391,396,Talk Radio Stations,Local Health Department Inspectors,138,Undirected,1
396,87,Local Health Department Inspectors,Buzzworm,138,Undirected,1
256,415,The kid who survived / dies,News radio,138,Undirected,1
398,87,Dead / Ill Van Nuys Residents,Buzzworm,138,Undirected,1
394,251,Isaac Newton Van Nuys,Margarita,138,Undirected,1
396,398,Local Health Department Inspectors,Dead / Ill Van Nuys Residents,138,Undirected,1
397,415,FBI Agents,News radio,138,Undirected,1
393,396,Baca Boyz's sisters (Nicole of Paramount),Local Health Department Inspectors,138,Undirected,1
394,397,Isaac Newton Van Nuys,FBI Agents,138,Undirected,1
395,396,FDA Investigators,Local Health Department Inspectors,138,Undirected,1
256,393,The kid who survived / dies,Baca Boyz's sisters (Nicole of Paramount),138,Undirected,1
391,87,Talk Radio Stations,Buzzworm,138,Undirected,1
256,396,The kid who survived / dies,Local Health Department Inspectors,138,Undirected,1
396,251,Local Health Department Inspectors,Margarita,138,Undirected,1
394,415,Isaac Newton Van Nuys,News radio,138,Undirected,1
398,251,Dead / Ill Van Nuys Residents,Margarita,138,Undirected,1
391,395,Talk Radio Stations,FDA Investigators,138,Undirected,1
391,398,Talk Radio Stations,Dead / Ill Van Nuys Residents,138,Undirected,1
396,397,Local Health Department Inspectors,FBI Agents,138,Undirected,1
393,87,Baca Boyz's sisters (Nicole of Paramount),Buzzworm,138,Undirected,1
251,415,Margarita,News radio,138,Undirected,1
395,87,FDA Investigators,Buzzworm,138,Undirected,1
393,395,Baca Boyz's sisters (Nicole of Paramount),FDA Investigators,138,Undirected,1
398,415,Dead / Ill Van Nuys Residents,News radio,138,Undirected,1
394,396,Isaac Newton Van Nuys,Local Health Department Inspectors,138,Undirected,1
391,251,Talk Radio Stations,Margarita,138,Undirected,1
256,87,The kid who survived / dies,Buzzworm,138,Undirected,1
393,398,Baca Boyz's sisters (Nicole of Paramount),Dead / Ill Van Nuys Residents,138,Undirected,1
396,415,Local Health Department Inspectors,News radio,138,Undirected,1
395,398,FDA Investigators,Dead / Ill Van Nuys Residents,138,Undirected,1
256,395,The kid who survived / dies,FDA Investigators,138,Undirected,1
256,398,The kid who survived / dies,Dead / Ill Van Nuys Residents,138,Undirected,1
391,394,Talk Radio Stations,Isaac Newton Van Nuys,138,Undirected,1
391,397,Talk Radio Stations,FBI Agents,138,Undirected,1
397,87,FBI Agents,Buzzworm,138,Undirected,1
87,251,Buzzworm,Margarita,139,Undirected,1
400,415,Weight Watchers,News radio,139,Undirected,1
192,87,LAPD,Buzzworm,139,Undirected,1
401,87,Orange Peddlers,Buzzworm,139,Undirected,1
391,415,Talk Radio Stations,News radio,139,Undirected,1
400,189,Weight Watchers,Unnamed members of L.A. Underclass,139,Undirected,1
192,401,LAPD,Orange Peddlers,139,Undirected,1
394,87,Isaac Newton Van Nuys,Buzzworm,139,Undirected,1
391,189,Talk Radio Stations,Unnamed members of L.A. Underclass,139,Undirected,1
399,251,Street Vendors,Margarita,139,Undirected,1
394,401,Isaac Newton Van Nuys,Orange Peddlers,139,Undirected,1
87,415,Buzzworm,News radio,139,Undirected,1
391,399,Talk Radio Stations,Street Vendors,139,Undirected,1
399,400,Street Vendors,Weight Watchers,139,Undirected,1
192,251,LAPD,Margarita,139,Undirected,1
401,251,Orange Peddlers,Margarita,139,Undirected,1
399,415,Street Vendors,News radio,139,Undirected,1
87,189,Buzzworm,Unnamed members of L.A. Underclass,139,Undirected,1
192,391,LAPD,Talk Radio Stations,139,Undirected,1
394,251,Isaac Newton Van Nuys,Margarita,139,Undirected,1
192,394,LAPD,Isaac Newton Van Nuys,139,Undirected,1
399,189,Street Vendors,Unnamed members of L.A. Underclass,139,Undirected,1
192,400,LAPD,Weight Watchers,139,Undirected,1
192,415,LAPD,News radio,139,Undirected,1
400,87,Weight Watchers,Buzzworm,139,Undirected,1
394,400,Isaac Newton Van Nuys,Weight Watchers,139,Undirected,1
391,87,Talk Radio Stations,Buzzworm,139,Undirected,1
401,415,Orange Peddlers,News radio,139,Undirected,1
400,401,Weight Watchers,Orange Peddlers,139,Undirected,1
394,415,Isaac Newton Van Nuys,News radio,139,Undirected,1
192,189,LAPD,Unnamed members of L.A. Underclass,139,Undirected,1
391,401,Talk Radio Stations,Orange Peddlers,139,Undirected,1
401,189,Orange Peddlers,Unnamed members of L.A. Underclass,139,Undirected,1
394,189,Isaac Newton Van Nuys,Unnamed members of L.A. Underclass,139,Undirected,1
251,415,Margarita,News radio,139,Undirected,1
192,399,LAPD,Street Vendors,139,Undirected,1
400,251,Weight Watchers,Margarita,139,Undirected,1
189,415,Unnamed members of L.A. Underclass,News radio,139,Undirected,1
391,251,Talk Radio Stations,Margarita,139,Undirected,1
394,399,Isaac Newton Van Nuys,Street Vendors,139,Undirected,1
251,189,Margarita,Unnamed members of L.A. Underclass,139,Undirected,1
399,87,Street Vendors,Buzzworm,139,Undirected,1
391,394,Talk Radio Stations,Isaac Newton Van Nuys,139,Undirected,1
399,401,Street Vendors,Orange Peddlers,139,Undirected,1
391,400,Talk Radio Stations,Weight Watchers,139,Undirected,1
391,409,Talk Radio Stations,Hapkido Masters,140,Undirected,1
416,408,Scientists,meat-eaters,140,Undirected,1
402,409,Charles Von der Ahe,Hapkido Masters,140,Undirected,1
406,409,Yuppies,Hapkido Masters,140,Undirected,1
404,409,The Mafia,Hapkido Masters,140,Undirected,1
87,409,Buzzworm,Hapkido Masters,140,Undirected,1
407,380,Environmentalists,A white Guy wearing a Nirvana T-shirt and dreds,140,Undirected,1
408,409,meat-eaters,Hapkido Masters,140,Undirected,1
391,402,Talk Radio Stations,Charles Von der Ahe,140,Undirected,1
409,380,Hapkido Masters,A white Guy wearing a Nirvana T-shirt and dreds,140,Undirected,1
410,189,Talk Show Tiffany,Unnamed members of L.A. Underclass,140,Undirected,1
407,410,Environmentalists,Talk Show Tiffany,140,Undirected,1
409,410,Hapkido Masters,Talk Show Tiffany,140,Undirected,1
391,404,Talk Radio Stations,The Mafia,140,Undirected,1
402,404,Charles Von der Ahe,The Mafia,140,Undirected,1
407,403,Environmentalists,L.A. Street Gangs (abstract),140,Undirected,1
391,406,Talk Radio Stations,Yuppies,140,Undirected,1
402,406,Charles Von der Ahe,Yuppies,140,Undirected,1
403,380,L.A. Street Gangs (abstract),A white Guy wearing a Nirvana T-shirt and dreds,140,Undirected,1
405,408,Housewives,meat-eaters,140,Undirected,1
407,405,Environmentalists,Housewives,140,Undirected,1
391,189,Talk Radio Stations,Unnamed members of L.A. Underclass,140,Undirected,1
402,189,Charles Von der Ahe,Unnamed members of L.A. Underclass,140,Undirected,1
380,189,A white Guy wearing a Nirvana T-shirt and dreds,Unnamed members of L.A. Underclass,140,Undirected,1
404,406,The Mafia,Yuppies,140,Undirected,1
416,380,Scientists,A white Guy wearing a Nirvana T-shirt and dreds,140,Undirected,1
405,380,Housewives,A white Guy wearing a Nirvana T-shirt and dreds,140,Undirected,1
406,189,Yuppies,Unnamed members of L.A. Underclass,140,Undirected,1
403,410,L.A. Street Gangs (abstract),Talk Show Tiffany,140,Undirected,1
407,87,Environmentalists,Buzzworm,140,Undirected,1
404,189,The Mafia,Unnamed members of L.A. Underclass,140,Undirected,1
391,408,Talk Radio Stations,meat-eaters,140,Undirected,1
402,408,Charles Von der Ahe,meat-eaters,140,Undirected,1
87,189,Buzzworm,Unnamed members of L.A. Underclass,140,Undirected,1
408,189,meat-eaters,Unnamed members of L.A. Underclass,140,Undirected,1
406,408,Yuppies,meat-eaters,140,Undirected,1
416,410,Scientists,Talk Show Tiffany,140,Undirected,1
405,410,Housewives,Talk Show Tiffany,140,Undirected,1
407,416,Environmentalists,Scientists,140,Undirected,1
407,391,Environmentalists,Talk Radio Stations,140,Undirected,1
416,403,Scientists,L.A. Street Gangs (abstract),140,Undirected,1
406,410,Yuppies,Talk Show Tiffany,140,Undirected,1
407,409,Environmentalists,Hapkido Masters,140,Undirected,1
410,380,Talk Show Tiffany,A white Guy wearing a Nirvana T-shirt and dreds,140,Undirected,1
403,405,L.A. Street Gangs (abstract),Housewives,140,Undirected,1
416,405,Scientists,Housewives,140,Undirected,1
407,402,Environmentalists,Charles Von der Ahe,140,Undirected,1
403,87,L.A. Street Gangs (abstract),Buzzworm,140,Undirected,1
416,87,Scientists,Buzzworm,140,Undirected,1
405,87,Housewives,Buzzworm,140,Undirected,1
407,404,Environmentalists,The Mafia,140,Undirected,1
391,380,Talk Radio Stations,A white Guy wearing a Nirvana T-shirt and dreds,140,Undirected,1
402,380,Charles Von der Ahe,A white Guy wearing a Nirvana T-shirt and dreds,140,Undirected,1
403,409,L.A. Street Gangs (abstract),Hapkido Masters,140,Undirected,1
404,408,The Mafia,meat-eaters,140,Undirected,1
87,408,Buzzworm,meat-eaters,140,Undirected,1
406,380,Yuppies,A white Guy wearing a Nirvana T-shirt and dreds,140,Undirected,1
416,391,Scientists,Talk Radio Stations,140,Undirected,1
404,380,The Mafia,A white Guy wearing a Nirvana T-shirt and dreds,140,Undirected,1
87,380,Buzzworm,A white Guy wearing a Nirvana T-shirt and dreds,140,Undirected,1
391,410,Talk Radio Stations,Talk Show Tiffany,140,Undirected,1
416,409,Scientists,Hapkido Masters,140,Undirected,1
407,406,Environmentalists,Yuppies,140,Undirected,1
402,410,Charles Von der Ahe,Talk Show Tiffany,140,Undirected,1
405,409,Housewives,Hapkido Masters,140,Undirected,1
408,380,meat-eaters,A white Guy wearing a Nirvana T-shirt and dreds,140,Undirected,1
407,189,Environmentalists,Unnamed members of L.A. Underclass,140,Undirected,1
404,410,The Mafia,Talk Show Tiffany,140,Undirected,1
87,410,Buzzworm,Talk Show Tiffany,140,Undirected,1
408,410,meat-eaters,Talk Show Tiffany,140,Undirected,1
391,403,Talk Radio Stations,L.A. Street Gangs (abstract),140,Undirected,1
416,402,Scientists,Charles Von der Ahe,140,Undirected,1
402,403,Charles Von der Ahe,L.A. Street Gangs (abstract),140,Undirected,1
409,189,Hapkido Masters,Unnamed members of L.A. Underclass,140,Undirected,1
407,408,Environmentalists,meat-eaters,140,Undirected,1
403,404,L.A. Street Gangs (abstract),The Mafia,140,Undirected,1
391,405,Talk Radio Stations,Housewives,140,Undirected,1
416,404,Scientists,The Mafia,140,Undirected,1
402,405,Charles Von der Ahe,Housewives,140,Undirected,1
403,406,L.A. Street Gangs (abstract),Yuppies,140,Undirected,1
404,405,The Mafia,Housewives,140,Undirected,1
391,87,Talk Radio Stations,Buzzworm,140,Undirected,1
402,87,Charles Von der Ahe,Buzzworm,140,Undirected,1
406,87,Yuppies,Buzzworm,140,Undirected,1
403,189,L.A. Street Gangs (abstract),Unnamed members of L.A. Underclass,140,Undirected,1
416,406,Scientists,Yuppies,140,Undirected,1
405,406,Housewives,Yuppies,140,Undirected,1
404,87,The Mafia,Buzzworm,140,Undirected,1
416,189,Scientists,Unnamed members of L.A. Underclass,140,Undirected,1
403,408,L.A. Street Gangs (abstract),meat-eaters,140,Undirected,1
405,189,Housewives,Unnamed members of L.A. Underclass,140,Undirected,1
326,405,Richard Iizuka,Housewives,141,Undirected,1
410,413,Talk Show Tiffany,"""Everybody down south""",141,Undirected,1
326,414,Richard Iizuka,County Ag Inspector Richard Iizuka,141,Undirected,1
326,411,Richard Iizuka,The Mexican government,141,Undirected,1
391,412,Talk Radio Stations,Waste Companies,141,Undirected,1
405,411,Housewives,The Mexican government,141,Undirected,1
405,414,Housewives,County Ag Inspector Richard Iizuka,141,Undirected,1
418,405,Environmental experts,Housewives,141,Undirected,1
418,411,Environmental experts,The Mexican government,141,Undirected,1
418,414,Environmental experts,County Ag Inspector Richard Iizuka,141,Undirected,1
417,391,DEA,Talk Radio Stations,141,Undirected,1
412,413,Waste Companies,"""Everybody down south""",141,Undirected,1
326,87,Richard Iizuka,Buzzworm,141,Undirected,1
411,414,The Mexican government,County Ag Inspector Richard Iizuka,141,Undirected,1
87,412,Buzzworm,Waste Companies,141,Undirected,1
405,87,Housewives,Buzzworm,141,Undirected,1
417,412,DEA,Waste Companies,141,Undirected,1
417,418,DEA,Environmental experts,141,Undirected,1
418,87,Environmental experts,Buzzworm,141,Undirected,1
391,405,Talk Radio Stations,Housewives,141,Undirected,1
326,410,Richard Iizuka,Talk Show Tiffany,141,Undirected,1
391,411,Talk Radio Stations,The Mexican government,141,Undirected,1
410,412,Talk Show Tiffany,Waste Companies,141,Undirected,1
326,413,Richard Iizuka,"""Everybody down south""",141,Undirected,1
391,414,Talk Radio Stations,County Ag Inspector Richard Iizuka,141,Undirected,1
405,413,Housewives,"""Everybody down south""",141,Undirected,1
413,414,"""Everybody down south""",County Ag Inspector Richard Iizuka,141,Undirected,1
405,410,Housewives,Talk Show Tiffany,141,Undirected,1
418,413,Environmental experts,"""Everybody down south""",141,Undirected,1
417,326,DEA,Richard Iizuka,141,Undirected,1
87,413,Buzzworm,"""Everybody down south""",141,Undirected,1
418,410,Environmental experts,Talk Show Tiffany,141,Undirected,1
411,413,The Mexican government,"""Everybody down south""",141,Undirected,1
87,411,Buzzworm,The Mexican government,141,Undirected,1
391,87,Talk Radio Stations,Buzzworm,141,Undirected,1
417,405,DEA,Housewives,141,Undirected,1
417,411,DEA,The Mexican government,141,Undirected,1
326,391,Richard Iizuka,Talk Radio Stations,141,Undirected,1
87,414,Buzzworm,County Ag Inspector Richard Iizuka,141,Undirected,1
417,414,DEA,County Ag Inspector Richard Iizuka,141,Undirected,1
410,411,Talk Show Tiffany,The Mexican government,141,Undirected,1
418,391,Environmental experts,Talk Radio Stations,141,Undirected,1
326,412,Richard Iizuka,Waste Companies,141,Undirected,1
391,413,Talk Radio Stations,"""Everybody down south""",141,Undirected,1
391,410,Talk Radio Stations,Talk Show Tiffany,141,Undirected,1
410,414,Talk Show Tiffany,County Ag Inspector Richard Iizuka,141,Undirected,1
405,412,Housewives,Waste Companies,141,Undirected,1
417,87,DEA,Buzzworm,141,Undirected,1
418,412,Environmental experts,Waste Companies,141,Undirected,1
412,414,Waste Companies,County Ag Inspector Richard Iizuka,141,Undirected,1
411,412,The Mexican government,Waste Companies,141,Undirected,1
87,410,Buzzworm,Talk Show Tiffany,141,Undirected,1
417,413,DEA,"""Everybody down south""",141,Undirected,1
417,410,DEA,Talk Show Tiffany,141,Undirected,1
418,326,Environmental experts,Richard Iizuka,141,Undirected,1
69,149,Gabriel Balboa,Rodriguez,142,Undirected,1
66,70,Rafaela Cortes,Arcangel/El Gran Mojado,142,Undirected,1
69,70,Gabriel Balboa,Arcangel/El Gran Mojado,142,Undirected,1
70,149,Arcangel/El Gran Mojado,Rodriguez,142,Undirected,1
66,69,Rafaela Cortes,Gabriel Balboa,142,Undirected,1
66,149,Rafaela Cortes,Rodriguez,142,Undirected,1
563,564,Rodriguez's oldest son,Rodriguez's youngest son,143,Undirected,1
69,565,Gabriel Balboa,dying soldiers,143,Undirected,1
563,149,Rodriguez's oldest son,Rodriguez,143,Undirected,1
70,564,Arcangel/El Gran Mojado,Rodriguez's youngest son,143,Undirected,1
69,562,Gabriel Balboa,Rodriguez's middle son,143,Undirected,1
562,565,Rodriguez's middle son,dying soldiers,143,Undirected,1
70,149,Arcangel/El Gran Mojado,Rodriguez,143,Undirected,1
564,565,Rodriguez's youngest son,dying soldiers,143,Undirected,1
69,70,Gabriel Balboa,Arcangel/El Gran Mojado,143,Undirected,1
70,563,Arcangel/El Gran Mojado,Rodriguez's oldest son,143,Undirected,1
562,564,Rodriguez's middle son,Rodriguez's youngest son,143,Undirected,1
562,149,Rodriguez's middle son,Rodriguez,143,Undirected,1
69,564,Gabriel Balboa,Rodriguez's youngest son,143,Undirected,1
69,149,Gabriel Balboa,Rodriguez,143,Undirected,1
564,149,Rodriguez's youngest son,Rodriguez,143,Undirected,1
562,563,Rodriguez's middle son,Rodriguez's oldest son,143,Undirected,1
70,565,Arcangel/El Gran Mojado,dying soldiers,143,Undirected,1
69,563,Gabriel Balboa,Rodriguez's oldest son,143,Undirected,1
70,562,Arcangel/El Gran Mojado,Rodriguez's middle son,143,Undirected,1
563,565,Rodriguez's oldest son,dying soldiers,143,Undirected,1
149,565,Rodriguez,dying soldiers,143,Undirected,1
149,70,Rodriguez,Arcangel/El Gran Mojado,144,Undirected,1
224,70,The Orange,Arcangel/El Gran Mojado,144,Undirected,1
224,149,The Orange,Rodriguez,144,Undirected,1
583,149,Eduardo Galeano,Rodriguez,145,Undirected,1
579,563,Venezuelan and Mexican drivers,Rodriguez's oldest son,145,Undirected,1
580,562,mother in Idaho,Rodriguez's middle son,145,Undirected,1
578,70,Indians,Arcangel/El Gran Mojado,145,Undirected,1
577,581,Guatemalans,Idaho's mother's child,145,Undirected,1
563,564,Rodriguez's oldest son,Rodriguez's youngest son,145,Undirected,1
563,573,Rodriguez's oldest son,Woman selling nopales,145,Undirected,1
578,564,Indians,Rodriguez's youngest son,145,Undirected,1
581,563,Idaho's mother's child,Rodriguez's oldest son,145,Undirected,1
578,573,Indians,Woman selling nopales,145,Undirected,1
578,582,Indians,lines of laborers,145,Undirected,1
580,564,mother in Idaho,Rodriguez's youngest son,145,Undirected,1
577,574,Guatemalans,Juan Valdez,145,Undirected,1
580,573,mother in Idaho,Woman selling nopales,145,Undirected,1
577,583,Guatemalans,Eduardo Galeano,145,Undirected,1
580,582,mother in Idaho,lines of laborers,145,Undirected,1
562,149,Rodriguez's middle son,Rodriguez,145,Undirected,1
563,575,Rodriguez's oldest son,Chico Mendes,145,Undirected,1
576,578,Haitian farmers,Indians,145,Undirected,1
578,575,Indians,Chico Mendes,145,Undirected,1
564,149,Rodriguez's youngest son,Rodriguez,145,Undirected,1
583,574,Eduardo Galeano,Juan Valdez,145,Undirected,1
582,563,lines of laborers,Rodriguez's oldest son,145,Undirected,1
579,149,Venezuelan and Mexican drivers,Rodriguez,145,Undirected,1
580,575,mother in Idaho,Chico Mendes,145,Undirected,1
70,562,Arcangel/El Gran Mojado,Rodriguez's middle son,145,Undirected,1
576,562,Haitian farmers,Rodriguez's middle son,145,Undirected,1
576,580,Haitian farmers,mother in Idaho,145,Undirected,1
581,149,Idaho's mother's child,Rodriguez,145,Undirected,1
577,578,Guatemalans,Indians,145,Undirected,1
70,564,Arcangel/El Gran Mojado,Rodriguez's youngest son,145,Undirected,1
576,564,Haitian farmers,Rodriguez's youngest son,145,Undirected,1
579,581,Venezuelan and Mexican drivers,Idaho's mother's child,145,Undirected,1
70,573,Arcangel/El Gran Mojado,Woman selling nopales,145,Undirected,1
562,574,Rodriguez's middle son,Juan Valdez,145,Undirected,1
576,573,Haitian farmers,Woman selling nopales,145,Undirected,1
573,574,Woman selling nopales,Juan Valdez,145,Undirected,1
70,582,Arcangel/El Gran Mojado,lines of laborers,145,Undirected,1
576,582,Haitian farmers,lines of laborers,145,Undirected,1
580,70,mother in Idaho,Arcangel/El Gran Mojado,145,Undirected,1
577,562,Guatemalans,Rodriguez's middle son,145,Undirected,1
574,575,Juan Valdez,Chico Mendes,145,Undirected,1
564,574,Rodriguez's youngest son,Juan Valdez,145,Undirected,1
577,580,Guatemalans,mother in Idaho,145,Undirected,1
582,149,lines of laborers,Rodriguez,145,Undirected,1
579,574,Venezuelan and Mexican drivers,Juan Valdez,145,Undirected,1
579,583,Venezuelan and Mexican drivers,Eduardo Galeano,145,Undirected,1
578,563,Indians,Rodriguez's oldest son,145,Undirected,1
70,575,Arcangel/El Gran Mojado,Chico Mendes,145,Undirected,1
576,575,Haitian farmers,Chico Mendes,145,Undirected,1
583,562,Eduardo Galeano,Rodriguez's middle son,145,Undirected,1
581,574,Idaho's mother's child,Juan Valdez,145,Undirected,1
577,564,Guatemalans,Rodriguez's youngest son,145,Undirected,1
580,563,mother in Idaho,Rodriguez's oldest son,145,Undirected,1
581,583,Idaho's mother's child,Eduardo Galeano,145,Undirected,1
577,573,Guatemalans,Woman selling nopales,145,Undirected,1
577,582,Guatemalans,lines of laborers,145,Undirected,1
583,564,Eduardo Galeano,Rodriguez's youngest son,145,Undirected,1
583,573,Eduardo Galeano,Woman selling nopales,145,Undirected,1
583,582,Eduardo Galeano,lines of laborers,145,Undirected,1
577,575,Guatemalans,Chico Mendes,145,Undirected,1
576,70,Haitian farmers,Arcangel/El Gran Mojado,145,Undirected,1
563,149,Rodriguez's oldest son,Rodriguez,145,Undirected,1
582,574,lines of laborers,Juan Valdez,145,Undirected,1
578,149,Indians,Rodriguez,145,Undirected,1
149,573,Rodriguez,Woman selling nopales,145,Undirected,1
578,579,Indians,Venezuelan and Mexican drivers,145,Undirected,1
583,575,Eduardo Galeano,Chico Mendes,145,Undirected,1
579,562,Venezuelan and Mexican drivers,Rodriguez's middle son,145,Undirected,1
580,149,mother in Idaho,Rodriguez,145,Undirected,1
70,563,Arcangel/El Gran Mojado,Rodriguez's oldest son,145,Undirected,1
562,564,Rodriguez's middle son,Rodriguez's youngest son,145,Undirected,1
576,563,Haitian farmers,Rodriguez's oldest son,145,Undirected,1
579,580,Venezuelan and Mexican drivers,mother in Idaho,145,Undirected,1
562,573,Rodriguez's middle son,Woman selling nopales,145,Undirected,1
581,562,Idaho's mother's child,Rodriguez's middle son,145,Undirected,1
149,575,Rodriguez,Chico Mendes,145,Undirected,1
579,70,Venezuelan and Mexican drivers,Arcangel/El Gran Mojado,145,Undirected,1
577,70,Guatemalans,Arcangel/El Gran Mojado,145,Undirected,1
578,581,Indians,Idaho's mother's child,145,Undirected,1
564,573,Rodriguez's youngest son,Woman selling nopales,145,Undirected,1
579,564,Venezuelan and Mexican drivers,Rodriguez's youngest son,145,Undirected,1
579,573,Venezuelan and Mexican drivers,Woman selling nopales,145,Undirected,1
579,582,Venezuelan and Mexican drivers,lines of laborers,145,Undirected,1
580,581,mother in Idaho,Idaho's mother's child,145,Undirected,1
562,575,Rodriguez's middle son,Chico Mendes,145,Undirected,1
573,575,Woman selling nopales,Chico Mendes,145,Undirected,1
563,574,Rodriguez's oldest son,Juan Valdez,145,Undirected,1
581,564,Idaho's mother's child,Rodriguez's youngest son,145,Undirected,1
576,577,Haitian farmers,Guatemalans,145,Undirected,1
578,574,Indians,Juan Valdez,145,Undirected,1
581,573,Idaho's mother's child,Woman selling nopales,145,Undirected,1
578,583,Indians,Eduardo Galeano,145,Undirected,1
577,563,Guatemalans,Rodriguez's oldest son,145,Undirected,1
581,582,Idaho's mother's child,lines of laborers,145,Undirected,1
564,575,Rodriguez's youngest son,Chico Mendes,145,Undirected,1
582,562,lines of laborers,Rodriguez's middle son,145,Undirected,1
579,575,Venezuelan and Mexican drivers,Chico Mendes,145,Undirected,1
580,574,mother in Idaho,Juan Valdez,145,Undirected,1
580,583,mother in Idaho,Eduardo Galeano,145,Undirected,1
70,149,Arcangel/El Gran Mojado,Rodriguez,145,Undirected,1
576,149,Haitian farmers,Rodriguez,145,Undirected,1
583,563,Eduardo Galeano,Rodriguez's oldest son,145,Undirected,1
576,579,Haitian farmers,Venezuelan and Mexican drivers,145,Undirected,1
581,575,Idaho's mother's child,Chico Mendes,145,Undirected,1
582,564,lines of laborers,Rodriguez's youngest son,145,Undirected,1
582,573,lines of laborers,Woman selling nopales,145,Undirected,1
576,581,Haitian farmers,Idaho's mother's child,145,Undirected,1
577,149,Guatemalans,Rodriguez,145,Undirected,1
562,563,Rodriguez's middle son,Rodriguez's oldest son,145,Undirected,1
577,579,Guatemalans,Venezuelan and Mexican drivers,145,Undirected,1
582,575,lines of laborers,Chico Mendes,145,Undirected,1
581,70,Idaho's mother's child,Arcangel/El Gran Mojado,145,Undirected,1
578,562,Indians,Rodriguez's middle son,145,Undirected,1
70,574,Arcangel/El Gran Mojado,Juan Valdez,145,Undirected,1
149,574,Rodriguez,Juan Valdez,145,Undirected,1
576,574,Haitian farmers,Juan Valdez,145,Undirected,1
70,583,Arcangel/El Gran Mojado,Eduardo Galeano,145,Undirected,1
576,583,Haitian farmers,Eduardo Galeano,145,Undirected,1
578,580,Indians,mother in Idaho,145,Undirected,1
584,563,José Palacios,Rodriguez's oldest son,146,Undirected,1
549,563,the gringos,Rodriguez's oldest son,146,Undirected,1
70,584,Arcangel/El Gran Mojado,José Palacios,146,Undirected,1
549,70,the gringos,Arcangel/El Gran Mojado,146,Undirected,1
584,149,José Palacios,Rodriguez,146,Undirected,1
549,584,the gringos,José Palacios,146,Undirected,1
563,149,Rodriguez's oldest son,Rodriguez,146,Undirected,1
70,149,Arcangel/El Gran Mojado,Rodriguez,146,Undirected,1
549,149,the gringos,Rodriguez,146,Undirected,1
70,563,Arcangel/El Gran Mojado,Rodriguez's oldest son,146,Undirected,1
563,564,Rodriguez's oldest son,Rodriguez's youngest son,147,Undirected,1
563,149,Rodriguez's oldest son,Rodriguez,147,Undirected,1
70,564,Arcangel/El Gran Mojado,Rodriguez's youngest son,147,Undirected,1
563,509,Rodriguez's oldest son,Emiliano Zapata,147,Undirected,1
70,509,Arcangel/El Gran Mojado,Emiliano Zapata,147,Undirected,1
70,149,Arcangel/El Gran Mojado,Rodriguez,147,Undirected,1
586,562,Jesús Guajardo,Rodriguez's middle son,147,Undirected,1
149,509,Rodriguez,Emiliano Zapata,147,Undirected,1
70,563,Arcangel/El Gran Mojado,Rodriguez's oldest son,147,Undirected,1
562,564,Rodriguez's middle son,Rodriguez's youngest son,147,Undirected,1
562,149,Rodriguez's middle son,Rodriguez,147,Undirected,1
562,509,Rodriguez's middle son,Emiliano Zapata,147,Undirected,1
586,564,Jesús Guajardo,Rodriguez's youngest son,147,Undirected,1
586,149,Jesús Guajardo,Rodriguez,147,Undirected,1
586,509,Jesús Guajardo,Emiliano Zapata,147,Undirected,1
564,149,Rodriguez's youngest son,Rodriguez,147,Undirected,1
564,509,Rodriguez's youngest son,Emiliano Zapata,147,Undirected,1
562,563,Rodriguez's middle son,Rodriguez's oldest son,147,Undirected,1
70,562,Arcangel/El Gran Mojado,Rodriguez's middle son,147,Undirected,1
586,563,Jesús Guajardo,Rodriguez's oldest son,147,Undirected,1
70,586,Arcangel/El Gran Mojado,Jesús Guajardo,147,Undirected,1
594,149,the Tzeltal,Rodriguez,148,Undirected,1
66,149,Rafaela Cortes,Rodriguez,148,Undirected,1
594,509,the Tzeltal,Emiliano Zapata,148,Undirected,1
70,595,Arcangel/El Gran Mojado,the Tzotzil,148,Undirected,1
596,595,the Tojolabal,the Tzotzil,148,Undirected,1
145,149,Sol,Rodriguez,148,Undirected,1
145,509,Sol,Emiliano Zapata,148,Undirected,1
149,595,Rodriguez,the Tzotzil,148,Undirected,1
592,594,the Ch'ol,the Tzeltal,148,Undirected,1
66,594,Rafaela Cortes,the Tzeltal,148,Undirected,1
592,597,the Ch'ol,the Zoque,148,Undirected,1
143,145,Doña Maria,Sol,148,Undirected,1
66,597,Rafaela Cortes,the Zoque,148,Undirected,1
594,597,the Tzeltal,the Zoque,148,Undirected,1
145,594,Sol,the Tzeltal,148,Undirected,1
596,149,the Tojolabal,Rodriguez,148,Undirected,1
70,143,Arcangel/El Gran Mojado,Doña Maria,148,Undirected,1
70,149,Arcangel/El Gran Mojado,Rodriguez,148,Undirected,1
70,509,Arcangel/El Gran Mojado,Emiliano Zapata,148,Undirected,1
145,597,Sol,the Zoque,148,Undirected,1
596,509,the Tojolabal,Emiliano Zapata,148,Undirected,1
149,509,Rodriguez,Emiliano Zapata,148,Undirected,1
592,145,the Ch'ol,Sol,148,Undirected,1
143,593,Doña Maria,the Lacandón,148,Undirected,1
66,145,Rafaela Cortes,Sol,148,Undirected,1
593,595,the Lacandón,the Tzotzil,148,Undirected,1
70,594,Arcangel/El Gran Mojado,the Tzeltal,148,Undirected,1
143,596,Doña Maria,the Tojolabal,148,Undirected,1
143,597,Doña Maria,the Zoque,148,Undirected,1
596,597,the Tojolabal,the Zoque,148,Undirected,1
70,597,Arcangel/El Gran Mojado,the Zoque,148,Undirected,1
143,594,Doña Maria,the Tzeltal,148,Undirected,1
149,597,Rodriguez,the Zoque,148,Undirected,1
592,596,the Ch'ol,the Tojolabal,148,Undirected,1
66,596,Rafaela Cortes,the Tojolabal,148,Undirected,1
592,593,the Ch'ol,the Lacandón,148,Undirected,1
66,593,Rafaela Cortes,the Lacandón,148,Undirected,1
145,593,Sol,the Lacandón,148,Undirected,1
593,149,the Lacandón,Rodriguez,148,Undirected,1
593,509,the Lacandón,Emiliano Zapata,148,Undirected,1
594,596,the Tzeltal,the Tojolabal,148,Undirected,1
145,596,Sol,the Tojolabal,148,Undirected,1
70,145,Arcangel/El Gran Mojado,Sol,148,Undirected,1
595,509,the Tzotzil,Emiliano Zapata,148,Undirected,1
143,592,Doña Maria,the Ch'ol,148,Undirected,1
593,594,the Lacandón,the Tzeltal,148,Undirected,1
143,595,Doña Maria,the Tzotzil,148,Undirected,1
592,509,the Ch'ol,Emiliano Zapata,148,Undirected,1
593,597,the Lacandón,the Zoque,148,Undirected,1
70,596,Arcangel/El Gran Mojado,the Tojolabal,148,Undirected,1
70,593,Arcangel/El Gran Mojado,the Lacandón,148,Undirected,1
595,597,the Tzotzil,the Zoque,148,Undirected,1
597,509,the Zoque,Emiliano Zapata,148,Undirected,1
66,592,Rafaela Cortes,the Ch'ol,148,Undirected,1
592,595,the Ch'ol,the Tzotzil,148,Undirected,1
66,595,Rafaela Cortes,the Tzotzil,148,Undirected,1
145,595,Sol,the Tzotzil,148,Undirected,1
594,595,the Tzeltal,the Tzotzil,148,Undirected,1
66,70,Rafaela Cortes,Arcangel/El Gran Mojado,148,Undirected,1
143,149,Doña Maria,Rodriguez,148,Undirected,1
143,509,Doña Maria,Emiliano Zapata,148,Undirected,1
593,596,the Lacandón,the Tojolabal,148,Undirected,1
592,149,the Ch'ol,Rodriguez,148,Undirected,1
66,143,Rafaela Cortes,Doña Maria,148,Undirected,1
66,509,Rafaela Cortes,Emiliano Zapata,148,Undirected,1
70,592,Arcangel/El Gran Mojado,the Ch'ol,148,Undirected,1
145,149,Sol,Rodriguez,149,Undirected,1
143,145,Doña Maria,Sol,149,Undirected,1
143,148,Doña Maria,Rafaela's Mother,149,Undirected,1
143,154,Doña Maria,Rafaela's Father,149,Undirected,1
66,69,Rafaela Cortes,Gabriel Balboa,149,Undirected,1
98,143,Bobby Ngu,Doña Maria,149,Undirected,1
66,148,Rafaela Cortes,Rafaela's Mother,149,Undirected,1
66,145,Rafaela Cortes,Sol,149,Undirected,1
98,149,Bobby Ngu,Rodriguez,149,Undirected,1
66,154,Rafaela Cortes,Rafaela's Father,149,Undirected,1
145,148,Sol,Rafaela's Mother,149,Undirected,1
145,154,Sol,Rafaela's Father,149,Undirected,1
69,143,Gabriel Balboa,Doña Maria,149,Undirected,1
98,66,Bobby Ngu,Rafaela Cortes,149,Undirected,1
69,149,Gabriel Balboa,Rodriguez,149,Undirected,1
98,69,Bobby Ngu,Gabriel Balboa,149,Undirected,1
98,145,Bobby Ngu,Sol,149,Undirected,1
148,149,Rafaela's Mother,Rodriguez,149,Undirected,1
149,154,Rodriguez,Rafaela's Father,149,Undirected,1
98,148,Bobby Ngu,Rafaela's Mother,149,Undirected,1
98,154,Bobby Ngu,Rafaela's Father,149,Undirected,1
69,148,Gabriel Balboa,Rafaela's Mother,149,Undirected,1
143,149,Doña Maria,Rodriguez,149,Undirected,1
69,145,Gabriel Balboa,Sol,149,Undirected,1
69,154,Gabriel Balboa,Rafaela's Father,149,Undirected,1
148,154,Rafaela's Mother,Rafaela's Father,149,Undirected,1
66,143,Rafaela Cortes,Doña Maria,149,Undirected,1
66,149,Rafaela Cortes,Rodriguez,149,Undirected,1
224,145,The Orange,Sol,150,Undirected,1
98,66,Bobby Ngu,Rafaela Cortes,150,Undirected,1
69,149,Gabriel Balboa,Rodriguez,150,Undirected,1
145,149,Sol,Rodriguez,150,Undirected,1
66,145,Rafaela Cortes,Sol,150,Undirected,1
98,69,Bobby Ngu,Gabriel Balboa,150,Undirected,1
98,149,Bobby Ngu,Rodriguez,150,Undirected,1
98,145,Bobby Ngu,Sol,150,Undirected,1
69,145,Gabriel Balboa,Sol,150,Undirected,1
224,69,The Orange,Gabriel Balboa,150,Undirected,1
224,98,The Orange,Bobby Ngu,150,Undirected,1
224,66,The Orange,Rafaela Cortes,150,Undirected,1
66,69,Rafaela Cortes,Gabriel Balboa,150,Undirected,1
66,149,Rafaela Cortes,Rodriguez,150,Undirected,1
224,149,The Orange,Rodriguez,150,Undirected,1
66,158,Rafaela Cortes,Hernando (Dona Maria's son),151,Undirected,1
69,315,Gabriel Balboa,"""They"" (Organ Traffickers)",151,Undirected,1
149,314,Rodriguez,"""They"" (Organ buyers)",151,Undirected,1
66,69,Rafaela Cortes,Gabriel Balboa,151,Undirected,1
314,158,"""They"" (Organ buyers)",Hernando (Dona Maria's son),151,Undirected,1
149,158,Rodriguez,Hernando (Dona Maria's son),151,Undirected,1
143,315,Doña Maria,"""They"" (Organ Traffickers)",151,Undirected,1
69,314,Gabriel Balboa,"""They"" (Organ buyers)",151,Undirected,1
69,143,Gabriel Balboa,Doña Maria,151,Undirected,1
69,149,Gabriel Balboa,Rodriguez,151,Undirected,1
66,315,Rafaela Cortes,"""They"" (Organ Traffickers)",151,Undirected,1
69,158,Gabriel Balboa,Hernando (Dona Maria's son),151,Undirected,1
143,314,Doña Maria,"""They"" (Organ buyers)",151,Undirected,1
315,158,"""They"" (Organ Traffickers)",Hernando (Dona Maria's son),151,Undirected,1
314,315,"""They"" (Organ buyers)","""They"" (Organ Traffickers)",151,Undirected,1
149,315,Rodriguez,"""They"" (Organ Traffickers)",151,Undirected,1
143,149,Doña Maria,Rodriguez,151,Undirected,1
66,314,Rafaela Cortes,"""They"" (Organ buyers)",151,Undirected,1
143,158,Doña Maria,Hernando (Dona Maria's son),151,Undirected,1
66,143,Rafaela Cortes,Doña Maria,151,Undirected,1
66,149,Rafaela Cortes,Rodriguez,151,Undirected,1
66,158,Rafaela Cortes,Hernando (Dona Maria's son),152,Undirected,1
145,149,Sol,Rodriguez,152,Undirected,1
145,158,Sol,Hernando (Dona Maria's son),152,Undirected,1
224,70,The Orange,Arcangel/El Gran Mojado,152,Undirected,1
70,149,Arcangel/El Gran Mojado,Rodriguez,152,Undirected,1
98,70,Bobby Ngu,Arcangel/El Gran Mojado,152,Undirected,1
66,69,Rafaela Cortes,Gabriel Balboa,152,Undirected,1
224,149,The Orange,Rodriguez,152,Undirected,1
70,158,Arcangel/El Gran Mojado,Hernando (Dona Maria's son),152,Undirected,1
224,158,The Orange,Hernando (Dona Maria's son),152,Undirected,1
149,158,Rodriguez,Hernando (Dona Maria's son),152,Undirected,1
66,145,Rafaela Cortes,Sol,152,Undirected,1
98,149,Bobby Ngu,Rodriguez,152,Undirected,1
98,158,Bobby Ngu,Hernando (Dona Maria's son),152,Undirected,1
224,69,The Orange,Gabriel Balboa,152,Undirected,1
69,70,Gabriel Balboa,Arcangel/El Gran Mojado,152,Undirected,1
224,66,The Orange,Rafaela Cortes,152,Undirected,1
224,145,The Orange,Sol,152,Undirected,1
70,145,Arcangel/El Gran Mojado,Sol,152,Undirected,1
69,149,Gabriel Balboa,Rodriguez,152,Undirected,1
98,69,Bobby Ngu,Gabriel Balboa,152,Undirected,1
69,158,Gabriel Balboa,Hernando (Dona Maria's son),152,Undirected,1
98,145,Bobby Ngu,Sol,152,Undirected,1
66,98,Rafaela Cortes,Bobby Ngu,152,Undirected,1
66,70,Rafaela Cortes,Arcangel/El Gran Mojado,152,Undirected,1
69,145,Gabriel Balboa,Sol,152,Undirected,1
224,98,The Orange,Bobby Ngu,152,Undirected,1
66,149,Rafaela Cortes,Rodriguez,152,Undirected,1
66,158,Rafaela Cortes,Hernando (Dona Maria's son),153,Undirected,1
145,158,Sol,Hernando (Dona Maria's son),153,Undirected,1
420,158,SUPERNAFTA,Hernando (Dona Maria's son),153,Undirected,1
224,70,The Orange,Arcangel/El Gran Mojado,153,Undirected,1
66,420,Rafaela Cortes,SUPERNAFTA,153,Undirected,1
66,69,Rafaela Cortes,Gabriel Balboa,153,Undirected,1
419,223,El Gran Mojado,Hotel Manager,153,Undirected,1
420,69,SUPERNAFTA,Gabriel Balboa,153,Undirected,1
70,158,Arcangel/El Gran Mojado,Hernando (Dona Maria's son),153,Undirected,1
224,158,The Orange,Hernando (Dona Maria's son),153,Undirected,1
69,223,Gabriel Balboa,Hotel Manager,153,Undirected,1
66,145,Rafaela Cortes,Sol,153,Undirected,1
420,145,SUPERNAFTA,Sol,153,Undirected,1
224,420,The Orange,SUPERNAFTA,153,Undirected,1
419,70,El Gran Mojado,Arcangel/El Gran Mojado,153,Undirected,1
224,69,The Orange,Gabriel Balboa,153,Undirected,1
69,70,Gabriel Balboa,Arcangel/El Gran Mojado,153,Undirected,1
224,66,The Orange,Rafaela Cortes,153,Undirected,1
66,419,Rafaela Cortes,El Gran Mojado,153,Undirected,1
224,145,The Orange,Sol,153,Undirected,1
70,145,Arcangel/El Gran Mojado,Sol,153,Undirected,1
419,158,El Gran Mojado,Hernando (Dona Maria's son),153,Undirected,1
69,158,Gabriel Balboa,Hernando (Dona Maria's son),153,Undirected,1
419,420,El Gran Mojado,SUPERNAFTA,153,Undirected,1
419,69,El Gran Mojado,Gabriel Balboa,153,Undirected,1
66,223,Rafaela Cortes,Hotel Manager,153,Undirected,1
224,419,The Orange,El Gran Mojado,153,Undirected,1
145,223,Sol,Hotel Manager,153,Undirected,1
420,223,SUPERNAFTA,Hotel Manager,153,Undirected,1
419,145,El Gran Mojado,Sol,153,Undirected,1
66,70,Rafaela Cortes,Arcangel/El Gran Mojado,153,Undirected,1
69,145,Gabriel Balboa,Sol,153,Undirected,1
420,70,SUPERNAFTA,Arcangel/El Gran Mojado,153,Undirected,1
224,223,The Orange,Hotel Manager,153,Undirected,1
70,223,Arcangel/El Gran Mojado,Hotel Manager,153,Undirected,1
158,223,Hernando (Dona Maria's son),Hotel Manager,153,Undirected,1
70,189,Arcangel/El Gran Mojado,Unnamed members of L.A. Underclass,154,Undirected,1
98,70,Bobby Ngu,Arcangel/El Gran Mojado,154,Undirected,1
66,69,Rafaela Cortes,Gabriel Balboa,154,Undirected,1
98,189,Bobby Ngu,Unnamed members of L.A. Underclass,154,Undirected,1
68,72,Manzanar Murakami,Emi,154,Undirected,1
66,72,Rafaela Cortes,Emi,154,Undirected,1
68,69,Manzanar Murakami,Gabriel Balboa,154,Undirected,1
66,87,Rafaela Cortes,Buzzworm,154,Undirected,1
68,87,Manzanar Murakami,Buzzworm,154,Undirected,1
87,189,Buzzworm,Unnamed members of L.A. Underclass,154,Undirected,1
69,70,Gabriel Balboa,Arcangel/El Gran Mojado,154,Undirected,1
69,189,Gabriel Balboa,Unnamed members of L.A. Underclass,154,Undirected,1
72,87,Emi,Buzzworm,154,Undirected,1
70,72,Arcangel/El Gran Mojado,Emi,154,Undirected,1
70,87,Arcangel/El Gran Mojado,Buzzworm,154,Undirected,1
66,68,Rafaela Cortes,Manzanar Murakami,154,Undirected,1
98,66,Bobby Ngu,Rafaela Cortes,154,Undirected,1
98,72,Bobby Ngu,Emi,154,Undirected,1
98,69,Bobby Ngu,Gabriel Balboa,154,Undirected,1
98,87,Bobby Ngu,Buzzworm,154,Undirected,1
69,72,Gabriel Balboa,Emi,154,Undirected,1
66,70,Rafaela Cortes,Arcangel/El Gran Mojado,154,Undirected,1
66,189,Rafaela Cortes,Unnamed members of L.A. Underclass,154,Undirected,1
98,68,Bobby Ngu,Manzanar Murakami,154,Undirected,1
69,87,Gabriel Balboa,Buzzworm,154,Undirected,1
68,70,Manzanar Murakami,Arcangel/El Gran Mojado,154,Undirected,1
68,189,Manzanar Murakami,Unnamed members of L.A. Underclass,154,Undirected,1
72,189,Emi,Unnamed members of L.A. Underclass,154,Undirected,1
306,600,Beethoven,Lehrer,155,Undirected,1
599,72,MacNeil,Emi,155,Undirected,1
69,599,Gabriel Balboa,MacNeil,155,Undirected,1
599,87,MacNeil,Buzzworm,155,Undirected,1
69,306,Gabriel Balboa,Beethoven,155,Undirected,1
306,87,Beethoven,Buzzworm,155,Undirected,1
821,600,Sam S. Shubert,Lehrer,155,Undirected,1
600,189,Lehrer,Unnamed members of L.A. Underclass,155,Undirected,1
598,600,Real (paying) people,Lehrer,155,Undirected,1
72,600,Emi,Lehrer,155,Undirected,1
69,821,Gabriel Balboa,Sam S. Shubert,155,Undirected,1
821,87,Sam S. Shubert,Buzzworm,155,Undirected,1
599,306,MacNeil,Beethoven,155,Undirected,1
69,598,Gabriel Balboa,Real (paying) people,155,Undirected,1
87,189,Buzzworm,Unnamed members of L.A. Underclass,155,Undirected,1
598,87,Real (paying) people,Buzzworm,155,Undirected,1
72,87,Emi,Buzzworm,155,Undirected,1
69,189,Gabriel Balboa,Unnamed members of L.A. Underclass,155,Undirected,1
599,821,MacNeil,Sam S. Shubert,155,Undirected,1
306,821,Beethoven,Sam S. Shubert,155,Undirected,1
599,598,MacNeil,Real (paying) people,155,Undirected,1
72,306,Emi,Beethoven,155,Undirected,1
306,598,Beethoven,Real (paying) people,155,Undirected,1
599,189,MacNeil,Unnamed members of L.A. Underclass,155,Undirected,1
87,600,Buzzworm,Lehrer,155,Undirected,1
69,600,Gabriel Balboa,Lehrer,155,Undirected,1
306,189,Beethoven,Unnamed members of L.A. Underclass,155,Undirected,1
69,72,Gabriel Balboa,Emi,155,Undirected,1
821,598,Sam S. Shubert,Real (paying) people,155,Undirected,1
72,821,Emi,Sam S. Shubert,155,Undirected,1
69,87,Gabriel Balboa,Buzzworm,155,Undirected,1
821,189,Sam S. Shubert,Unnamed members of L.A. Underclass,155,Undirected,1
72,598,Emi,Real (paying) people,155,Undirected,1
599,600,MacNeil,Lehrer,155,Undirected,1
598,189,Real (paying) people,Unnamed members of L.A. Underclass,155,Undirected,1
72,189,Emi,Unnamed members of L.A. Underclass,155,Undirected,1
87,601,Buzzworm,Car jam Barista,156,Undirected,1
601,189,Car jam Barista,Unnamed members of L.A. Underclass,156,Undirected,1
69,602,Gabriel Balboa,guy singing like Pavarotti,156,Undirected,1
602,189,guy singing like Pavarotti,Unnamed members of L.A. Underclass,156,Undirected,1
87,189,Buzzworm,Unnamed members of L.A. Underclass,156,Undirected,1
69,87,Gabriel Balboa,Buzzworm,156,Undirected,1
603,189,Pavarotti,Unnamed members of L.A. Underclass,156,Undirected,1
602,603,guy singing like Pavarotti,Pavarotti,156,Undirected,1
69,601,Gabriel Balboa,Car jam Barista,156,Undirected,1
87,603,Buzzworm,Pavarotti,156,Undirected,1
601,603,Car jam Barista,Pavarotti,156,Undirected,1
69,189,Gabriel Balboa,Unnamed members of L.A. Underclass,156,Undirected,1
601,602,Car jam Barista,guy singing like Pavarotti,156,Undirected,1
69,603,Gabriel Balboa,Pavarotti,156,Undirected,1
87,602,Buzzworm,guy singing like Pavarotti,156,Undirected,1
87,315,Buzzworm,"""They"" (Organ Traffickers)",157,Undirected,1
192,87,LAPD,Buzzworm,157,Undirected,1
370,87,Car Owners and Passengers (abstract),Buzzworm,157,Undirected,1
69,370,Gabriel Balboa,Car Owners and Passengers (abstract),157,Undirected,1
69,315,Gabriel Balboa,"""They"" (Organ Traffickers)",157,Undirected,1
87,95,Buzzworm,Corazon Juarez,157,Undirected,1
604,95,National Guard,Corazon Juarez,157,Undirected,1
68,72,Manzanar Murakami,Emi,157,Undirected,1
68,69,Manzanar Murakami,Gabriel Balboa,157,Undirected,1
69,95,Gabriel Balboa,Corazon Juarez,157,Undirected,1
192,370,LAPD,Car Owners and Passengers (abstract),157,Undirected,1
192,68,LAPD,Manzanar Murakami,157,Undirected,1
68,87,Manzanar Murakami,Buzzworm,157,Undirected,1
87,604,Buzzworm,National Guard,157,Undirected,1
192,315,LAPD,"""They"" (Organ Traffickers)",157,Undirected,1
87,189,Buzzworm,Unnamed members of L.A. Underclass,157,Undirected,1
604,189,National Guard,Unnamed members of L.A. Underclass,157,Undirected,1
370,315,Car Owners and Passengers (abstract),"""They"" (Organ Traffickers)",157,Undirected,1
192,95,LAPD,Corazon Juarez,157,Undirected,1
69,604,Gabriel Balboa,National Guard,157,Undirected,1
69,189,Gabriel Balboa,Unnamed members of L.A. Underclass,157,Undirected,1
72,87,Emi,Buzzworm,157,Undirected,1
315,95,"""They"" (Organ Traffickers)",Corazon Juarez,157,Undirected,1
370,95,Car Owners and Passengers (abstract),Corazon Juarez,157,Undirected,1
192,604,LAPD,National Guard,157,Undirected,1
68,370,Manzanar Murakami,Car Owners and Passengers (abstract),157,Undirected,1
68,315,Manzanar Murakami,"""They"" (Organ Traffickers)",157,Undirected,1
72,370,Emi,Car Owners and Passengers (abstract),157,Undirected,1
192,189,LAPD,Unnamed members of L.A. Underclass,157,Undirected,1
315,604,"""They"" (Organ Traffickers)",National Guard,157,Undirected,1
370,604,Car Owners and Passengers (abstract),National Guard,157,Undirected,1
315,189,"""They"" (Organ Traffickers)",Unnamed members of L.A. Underclass,157,Undirected,1
370,189,Car Owners and Passengers (abstract),Unnamed members of L.A. Underclass,157,Undirected,1
72,315,Emi,"""They"" (Organ Traffickers)",157,Undirected,1
189,95,Unnamed members of L.A. Underclass,Corazon Juarez,157,Undirected,1
68,95,Manzanar Murakami,Corazon Juarez,157,Undirected,1
69,72,Gabriel Balboa,Emi,157,Undirected,1
72,95,Emi,Corazon Juarez,157,Undirected,1
69,87,Gabriel Balboa,Buzzworm,157,Undirected,1
68,604,Manzanar Murakami,National Guard,157,Undirected,1
68,189,Manzanar Murakami,Unnamed members of L.A. Underclass,157,Undirected,1
192,69,LAPD,Gabriel Balboa,157,Undirected,1
192,72,LAPD,Emi,157,Undirected,1
72,604,Emi,National Guard,157,Undirected,1
72,189,Emi,Unnamed members of L.A. Underclass,157,Undirected,1
69,95,Gabriel Balboa,Corazon Juarez,158,Undirected,1
66,605,Rafaela Cortes,General Custer,158,Undirected,1
66,87,Rafaela Cortes,Buzzworm,158,Undirected,1
69,605,Gabriel Balboa,General Custer,158,Undirected,1
189,605,Unnamed members of L.A. Underclass,General Custer,158,Undirected,1
69,87,Gabriel Balboa,Buzzworm,158,Undirected,1
66,189,Rafaela Cortes,Unnamed members of L.A. Underclass,158,Undirected,1
189,87,Unnamed members of L.A. Underclass,Buzzworm,158,Undirected,1
605,95,General Custer,Corazon Juarez,158,Undirected,1
69,189,Gabriel Balboa,Unnamed members of L.A. Underclass,158,Undirected,1
87,95,Buzzworm,Corazon Juarez,158,Undirected,1
66,95,Rafaela Cortes,Corazon Juarez,158,Undirected,1
189,95,Unnamed members of L.A. Underclass,Corazon Juarez,158,Undirected,1
66,69,Rafaela Cortes,Gabriel Balboa,158,Undirected,1
87,605,Buzzworm,General Custer,158,Undirected,1
425,426,Singaporean Taggers,Singaporean people (abstract),159,Undirected,1
98,165,Bobby Ngu,Americans (in the abstract),159,Undirected,1
422,427,Viet Cong,Rich Singaporeans,159,Undirected,1
164,165,Refugees,Americans (in the abstract),159,Undirected,1
422,424,Viet Cong,White kids (abstract),159,Undirected,1
164,424,Refugees,White kids (abstract),159,Undirected,1
98,421,Bobby Ngu,Vietnamese (abstract),159,Undirected,1
98,427,Bobby Ngu,Rich Singaporeans,159,Undirected,1
164,421,Refugees,Vietnamese (abstract),159,Undirected,1
164,427,Refugees,Rich Singaporeans,159,Undirected,1
98,424,Bobby Ngu,White kids (abstract),159,Undirected,1
165,423,Americans (in the abstract),Miss Saigon,159,Undirected,1
165,426,Americans (in the abstract),Singaporean people (abstract),159,Undirected,1
421,425,Vietnamese (abstract),Singaporean Taggers,159,Undirected,1
423,422,Miss Saigon,Viet Cong,159,Undirected,1
421,422,Vietnamese (abstract),Viet Cong,159,Undirected,1
423,425,Miss Saigon,Singaporean Taggers,159,Undirected,1
426,427,Singaporean people (abstract),Rich Singaporeans,159,Undirected,1
426,424,Singaporean people (abstract),White kids (abstract),159,Undirected,1
98,164,Bobby Ngu,Refugees,159,Undirected,1
422,426,Viet Cong,Singaporean people (abstract),159,Undirected,1
165,422,Americans (in the abstract),Viet Cong,159,Undirected,1
98,423,Bobby Ngu,Miss Saigon,159,Undirected,1
165,425,Americans (in the abstract),Singaporean Taggers,159,Undirected,1
164,423,Refugees,Miss Saigon,159,Undirected,1
98,426,Bobby Ngu,Singaporean people (abstract),159,Undirected,1
164,426,Refugees,Singaporean people (abstract),159,Undirected,1
421,427,Vietnamese (abstract),Rich Singaporeans,159,Undirected,1
421,424,Vietnamese (abstract),White kids (abstract),159,Undirected,1
423,427,Miss Saigon,Rich Singaporeans,159,Undirected,1
423,424,Miss Saigon,White kids (abstract),159,Undirected,1
425,427,Singaporean Taggers,Rich Singaporeans,159,Undirected,1
427,424,Rich Singaporeans,White kids (abstract),159,Undirected,1
425,424,Singaporean Taggers,White kids (abstract),159,Undirected,1
422,425,Viet Cong,Singaporean Taggers,159,Undirected,1
98,422,Bobby Ngu,Viet Cong,159,Undirected,1
164,422,Refugees,Viet Cong,159,Undirected,1
98,425,Bobby Ngu,Singaporean Taggers,159,Undirected,1
165,421,Americans (in the abstract),Vietnamese (abstract),159,Undirected,1
164,425,Refugees,Singaporean Taggers,159,Undirected,1
165,427,Americans (in the abstract),Rich Singaporeans,159,Undirected,1
165,424,Americans (in the abstract),White kids (abstract),159,Undirected,1
421,423,Vietnamese (abstract),Miss Saigon,159,Undirected,1
421,426,Vietnamese (abstract),Singaporean people (abstract),159,Undirected,1
423,426,Miss Saigon,Singaporean people (abstract),159,Undirected,1
225,145,Xiayue,Sol,160,Undirected,1
161,145,Bobby's Brother,Sol,160,Undirected,1
66,225,Rafaela Cortes,Xiayue,160,Undirected,1
69,428,Gabriel Balboa,The Zapatistas,160,Undirected,1
66,69,Rafaela Cortes,Gabriel Balboa,160,Undirected,1
98,259,Bobby Ngu,The Snakehead,160,Undirected,1
225,428,Xiayue,The Zapatistas,160,Undirected,1
66,145,Rafaela Cortes,Sol,160,Undirected,1
161,428,Bobby's Brother,The Zapatistas,160,Undirected,1
259,225,The Snakehead,Xiayue,160,Undirected,1
98,225,Bobby Ngu,Xiayue,160,Undirected,1
259,69,The Snakehead,Gabriel Balboa,160,Undirected,1
161,98,Bobby's Brother,Bobby Ngu,160,Undirected,1
66,428,Rafaela Cortes,The Zapatistas,160,Undirected,1
98,66,Bobby Ngu,Rafaela Cortes,160,Undirected,1
98,69,Bobby Ngu,Gabriel Balboa,160,Undirected,1
259,145,The Snakehead,Sol,160,Undirected,1
98,145,Bobby Ngu,Sol,160,Undirected,1
69,225,Gabriel Balboa,Xiayue,160,Undirected,1
161,259,Bobby's Brother,The Snakehead,160,Undirected,1
428,145,The Zapatistas,Sol,160,Undirected,1
259,428,The Snakehead,The Zapatistas,160,Undirected,1
98,428,Bobby Ngu,The Zapatistas,160,Undirected,1
161,225,Bobby's Brother,Xiayue,160,Undirected,1
69,145,Gabriel Balboa,Sol,160,Undirected,1
66,259,Rafaela Cortes,The Snakehead,160,Undirected,1
161,69,Bobby's Brother,Gabriel Balboa,160,Undirected,1
161,66,Bobby's Brother,Rafaela Cortes,160,Undirected,1
430,145,Mixtecs (and their kids),Sol,161,Undirected,1
66,164,Rafaela Cortes,Refugees,161,Undirected,1
69,431,Gabriel Balboa,Mayans (and their kids),161,Undirected,1
432,434,Subcomandante Marcos,NAFTA,161,Undirected,1
69,434,Gabriel Balboa,NAFTA,161,Undirected,1
98,430,Bobby Ngu,Mixtecs (and their kids),161,Undirected,1
66,429,Rafaela Cortes,Indian Mommas (and their kids),161,Undirected,1
66,69,Rafaela Cortes,Gabriel Balboa,161,Undirected,1
164,430,Refugees,Mixtecs (and their kids),161,Undirected,1
98,433,Bobby Ngu,Our Lady of Guadalupe,161,Undirected,1
66,432,Rafaela Cortes,Subcomandante Marcos,161,Undirected,1
164,433,Refugees,Our Lady of Guadalupe,161,Undirected,1
429,432,Indian Mommas (and their kids),Subcomandante Marcos,161,Undirected,1
430,431,Mixtecs (and their kids),Mayans (and their kids),161,Undirected,1
430,434,Mixtecs (and their kids),NAFTA,161,Undirected,1
431,432,Mayans (and their kids),Subcomandante Marcos,161,Undirected,1
429,145,Indian Mommas (and their kids),Sol,161,Undirected,1
66,145,Rafaela Cortes,Sol,161,Undirected,1
431,145,Mayans (and their kids),Sol,161,Undirected,1
98,164,Bobby Ngu,Refugees,161,Undirected,1
69,430,Gabriel Balboa,Mixtecs (and their kids),161,Undirected,1
69,433,Gabriel Balboa,Our Lady of Guadalupe,161,Undirected,1
432,433,Subcomandante Marcos,Our Lady of Guadalupe,161,Undirected,1
164,69,Refugees,Gabriel Balboa,161,Undirected,1
98,66,Bobby Ngu,Rafaela Cortes,161,Undirected,1
98,432,Bobby Ngu,Subcomandante Marcos,161,Undirected,1
66,431,Rafaela Cortes,Mayans (and their kids),161,Undirected,1
164,429,Refugees,Indian Mommas (and their kids),161,Undirected,1
98,69,Bobby Ngu,Gabriel Balboa,161,Undirected,1
98,429,Bobby Ngu,Indian Mommas (and their kids),161,Undirected,1
66,434,Rafaela Cortes,NAFTA,161,Undirected,1
164,432,Refugees,Subcomandante Marcos,161,Undirected,1
429,431,Indian Mommas (and their kids),Mayans (and their kids),161,Undirected,1
98,145,Bobby Ngu,Sol,161,Undirected,1
429,434,Indian Mommas (and their kids),NAFTA,161,Undirected,1
164,145,Refugees,Sol,161,Undirected,1
430,433,Mixtecs (and their kids),Our Lady of Guadalupe,161,Undirected,1
431,434,Mayans (and their kids),NAFTA,161,Undirected,1
432,145,Subcomandante Marcos,Sol,161,Undirected,1
145,434,Sol,NAFTA,161,Undirected,1
434,433,NAFTA,Our Lady of Guadalupe,161,Undirected,1
69,432,Gabriel Balboa,Subcomandante Marcos,161,Undirected,1
69,429,Gabriel Balboa,Indian Mommas (and their kids),161,Undirected,1
66,430,Rafaela Cortes,Mixtecs (and their kids),161,Undirected,1
164,431,Refugees,Mayans (and their kids),161,Undirected,1
69,145,Gabriel Balboa,Sol,161,Undirected,1
98,434,Bobby Ngu,NAFTA,161,Undirected,1
66,433,Rafaela Cortes,Our Lady of Guadalupe,161,Undirected,1
164,434,Refugees,NAFTA,161,Undirected,1
98,431,Bobby Ngu,Mayans (and their kids),161,Undirected,1
429,430,Indian Mommas (and their kids),Mixtecs (and their kids),161,Undirected,1
430,432,Mixtecs (and their kids),Subcomandante Marcos,161,Undirected,1
429,433,Indian Mommas (and their kids),Our Lady of Guadalupe,161,Undirected,1
145,433,Sol,Our Lady of Guadalupe,161,Undirected,1
431,433,Mayans (and their kids),Our Lady of Guadalupe,161,Undirected,1
437,452,living domestics,Victor Hugo,162,Undirected,1
448,452,wetbacks,Victor Hugo,162,Undirected,1
66,451,Rafaela Cortes,Evelyn,162,Undirected,1
444,445,pickers,packers,162,Undirected,1
443,447,migrants,centro-americanos,162,Undirected,1
447,225,centro-americanos,Xiayue,162,Undirected,1
436,441,live-in domestics,masons,162,Undirected,1
451,225,Evelyn,Xiayue,162,Undirected,1
161,450,Bobby's Brother,undocumenteds/illegals/aliens,162,Undirected,1
439,443,dishwashers,migrants,162,Undirected,1
443,72,migrants,Emi,162,Undirected,1
439,452,dishwashers,Victor Hugo,162,Undirected,1
441,449,masons,wops,162,Undirected,1
450,452,undocumenteds/illegals/aliens,Victor Hugo,162,Undirected,1
442,448,ditch diggers,wetbacks,162,Undirected,1
438,69,gardeners,Gabriel Balboa,162,Undirected,1
435,442,Electrodomestics,ditch diggers,162,Undirected,1
438,441,gardeners,masons,162,Undirected,1
440,66,waiters,Rafaela Cortes,162,Undirected,1
66,69,Rafaela Cortes,Gabriel Balboa,162,Undirected,1
451,69,Evelyn,Gabriel Balboa,162,Undirected,1
164,439,Refugees,dishwashers,162,Undirected,1
435,451,Electrodomestics,Evelyn,162,Undirected,1
164,448,Refugees,wetbacks,162,Undirected,1
437,445,living domestics,packers,162,Undirected,1
437,225,living domestics,Xiayue,162,Undirected,1
435,225,Electrodomestics,Xiayue,162,Undirected,1
440,450,waiters,undocumenteds/illegals/aliens,162,Undirected,1
436,443,live-in domestics,migrants,162,Undirected,1
443,449,migrants,wops,162,Undirected,1
442,66,ditch diggers,Rafaela Cortes,162,Undirected,1
445,446,packers,Braceros,162,Undirected,1
448,225,wetbacks,Xiayue,162,Undirected,1
225,98,Xiayue,Bobby Ngu,162,Undirected,1
435,69,Electrodomestics,Gabriel Balboa,162,Undirected,1
161,452,Bobby's Brother,Victor Hugo,162,Undirected,1
439,445,dishwashers,packers,162,Undirected,1
436,98,live-in domestics,Bobby Ngu,162,Undirected,1
441,442,masons,ditch diggers,162,Undirected,1
446,66,Braceros,Rafaela Cortes,162,Undirected,1
441,451,masons,Evelyn,162,Undirected,1
437,72,living domestics,Emi,162,Undirected,1
442,450,ditch diggers,undocumenteds/illegals/aliens,162,Undirected,1
448,72,wetbacks,Emi,162,Undirected,1
435,444,Electrodomestics,pickers,162,Undirected,1
164,441,Refugees,masons,162,Undirected,1
437,438,living domestics,gardeners,162,Undirected,1
446,450,Braceros,undocumenteds/illegals/aliens,162,Undirected,1
164,450,Refugees,undocumenteds/illegals/aliens,162,Undirected,1
437,447,living domestics,centro-americanos,162,Undirected,1
441,225,masons,Xiayue,162,Undirected,1
440,443,waiters,migrants,162,Undirected,1
438,98,gardeners,Bobby Ngu,162,Undirected,1
449,98,wops,Bobby Ngu,162,Undirected,1
69,225,Gabriel Balboa,Xiayue,162,Undirected,1
440,452,waiters,Victor Hugo,162,Undirected,1
443,451,migrants,Evelyn,162,Undirected,1
439,72,dishwashers,Emi,162,Undirected,1
441,69,masons,Gabriel Balboa,162,Undirected,1
445,448,packers,wetbacks,162,Undirected,1
450,72,undocumenteds/illegals/aliens,Emi,162,Undirected,1
161,445,Bobby's Brother,packers,162,Undirected,1
444,452,pickers,Victor Hugo,162,Undirected,1
439,447,dishwashers,centro-americanos,162,Undirected,1
441,444,masons,pickers,162,Undirected,1
443,225,migrants,Xiayue,162,Undirected,1
442,443,ditch diggers,migrants,162,Undirected,1
435,437,Electrodomestics,living domestics,162,Undirected,1
442,452,ditch diggers,Victor Hugo,162,Undirected,1
435,446,Electrodomestics,Braceros,162,Undirected,1
164,443,Refugees,migrants,162,Undirected,1
437,440,living domestics,waiters,162,Undirected,1
446,452,Braceros,Victor Hugo,162,Undirected,1
437,449,living domestics,wops,162,Undirected,1
448,449,wetbacks,wops,162,Undirected,1
438,448,gardeners,wetbacks,162,Undirected,1
161,72,Bobby's Brother,Emi,162,Undirected,1
436,66,live-in domestics,Rafaela Cortes,162,Undirected,1
440,445,waiters,packers,162,Undirected,1
443,444,migrants,pickers,162,Undirected,1
164,98,Refugees,Bobby Ngu,162,Undirected,1
161,438,Bobby's Brother,gardeners,162,Undirected,1
161,447,Bobby's Brother,centro-americanos,162,Undirected,1
439,440,dishwashers,waiters,162,Undirected,1
436,450,live-in domestics,undocumenteds/illegals/aliens,162,Undirected,1
439,449,dishwashers,wops,162,Undirected,1
441,446,masons,Braceros,162,Undirected,1
444,225,pickers,Xiayue,162,Undirected,1
442,445,ditch diggers,packers,162,Undirected,1
438,66,gardeners,Rafaela Cortes,162,Undirected,1
435,439,Electrodomestics,dishwashers,162,Undirected,1
447,69,centro-americanos,Gabriel Balboa,162,Undirected,1
449,66,wops,Rafaela Cortes,162,Undirected,1
164,436,Refugees,live-in domestics,162,Undirected,1
435,448,Electrodomestics,wetbacks,162,Undirected,1
440,72,waiters,Emi,162,Undirected,1
437,442,living domestics,ditch diggers,162,Undirected,1
437,451,living domestics,Evelyn,162,Undirected,1
444,72,pickers,Emi,162,Undirected,1
438,450,gardeners,undocumenteds/illegals/aliens,162,Undirected,1
440,447,waiters,centro-americanos,162,Undirected,1
443,446,migrants,Braceros,162,Undirected,1
448,451,wetbacks,Evelyn,162,Undirected,1
449,450,wops,undocumenteds/illegals/aliens,162,Undirected,1
66,450,Rafaela Cortes,undocumenteds/illegals/aliens,162,Undirected,1
161,440,Bobby's Brother,waiters,162,Undirected,1
442,72,ditch diggers,Emi,162,Undirected,1
444,447,pickers,centro-americanos,162,Undirected,1
161,449,Bobby's Brother,wops,162,Undirected,1
439,442,dishwashers,ditch diggers,162,Undirected,1
445,98,packers,Bobby Ngu,162,Undirected,1
436,452,live-in domestics,Victor Hugo,162,Undirected,1
439,451,dishwashers,Evelyn,162,Undirected,1
441,448,masons,wetbacks,162,Undirected,1
437,69,living domestics,Gabriel Balboa,162,Undirected,1
442,447,ditch diggers,centro-americanos,162,Undirected,1
446,72,Braceros,Emi,162,Undirected,1
435,441,Electrodomestics,masons,162,Undirected,1
448,69,wetbacks,Gabriel Balboa,162,Undirected,1
164,66,Refugees,Rafaela Cortes,162,Undirected,1
164,438,Refugees,gardeners,162,Undirected,1
439,225,dishwashers,Xiayue,162,Undirected,1
437,444,living domestics,pickers,162,Undirected,1
446,447,Braceros,centro-americanos,162,Undirected,1
438,443,gardeners,migrants,162,Undirected,1
447,98,centro-americanos,Bobby Ngu,162,Undirected,1
450,225,undocumenteds/illegals/aliens,Xiayue,162,Undirected,1
438,452,gardeners,Victor Hugo,162,Undirected,1
440,449,waiters,wops,162,Undirected,1
449,452,wops,Victor Hugo,162,Undirected,1
439,69,dishwashers,Gabriel Balboa,162,Undirected,1
66,452,Rafaela Cortes,Victor Hugo,162,Undirected,1
450,69,undocumenteds/illegals/aliens,Gabriel Balboa,162,Undirected,1
451,98,Evelyn,Bobby Ngu,162,Undirected,1
66,98,Rafaela Cortes,Bobby Ngu,162,Undirected,1
161,442,Bobby's Brother,ditch diggers,162,Undirected,1
444,449,pickers,wops,162,Undirected,1
161,451,Bobby's Brother,Evelyn,162,Undirected,1
436,445,live-in domestics,packers,162,Undirected,1
439,444,dishwashers,pickers,162,Undirected,1
442,449,ditch diggers,wops,162,Undirected,1
161,225,Bobby's Brother,Xiayue,162,Undirected,1
446,449,Braceros,wops,162,Undirected,1
437,446,living domestics,Braceros,162,Undirected,1
447,448,centro-americanos,wetbacks,162,Undirected,1
438,445,gardeners,packers,162,Undirected,1
435,98,Electrodomestics,Bobby Ngu,162,Undirected,1
161,69,Bobby's Brother,Gabriel Balboa,162,Undirected,1
440,442,waiters,ditch diggers,162,Undirected,1
443,69,migrants,Gabriel Balboa,162,Undirected,1
445,66,packers,Rafaela Cortes,162,Undirected,1
440,451,waiters,Evelyn,162,Undirected,1
436,72,live-in domestics,Emi,162,Undirected,1
161,435,Bobby's Brother,Electrodomestics,162,Undirected,1
164,452,Refugees,Victor Hugo,162,Undirected,1
161,444,Bobby's Brother,pickers,162,Undirected,1
436,438,live-in domestics,gardeners,162,Undirected,1
444,451,pickers,Evelyn,162,Undirected,1
445,450,packers,undocumenteds/illegals/aliens,162,Undirected,1
436,447,live-in domestics,centro-americanos,162,Undirected,1
439,446,dishwashers,Braceros,162,Undirected,1
440,225,waiters,Xiayue,162,Undirected,1
441,443,masons,migrants,162,Undirected,1
447,66,centro-americanos,Rafaela Cortes,162,Undirected,1
435,436,Electrodomestics,live-in domestics,162,Undirected,1
442,451,ditch diggers,Evelyn,162,Undirected,1
438,72,gardeners,Emi,162,Undirected,1
440,69,waiters,Gabriel Balboa,162,Undirected,1
449,72,wops,Emi,162,Undirected,1
72,225,Emi,Xiayue,162,Undirected,1
441,98,masons,Bobby Ngu,162,Undirected,1
437,439,living domestics,dishwashers,162,Undirected,1
69,98,Gabriel Balboa,Bobby Ngu,162,Undirected,1
452,98,Victor Hugo,Bobby Ngu,162,Undirected,1
446,451,Braceros,Evelyn,162,Undirected,1
437,448,living domestics,wetbacks,162,Undirected,1
444,69,pickers,Gabriel Balboa,162,Undirected,1
438,447,gardeners,centro-americanos,162,Undirected,1
440,444,waiters,pickers,162,Undirected,1
442,225,ditch diggers,Xiayue,162,Undirected,1
447,450,centro-americanos,undocumenteds/illegals/aliens,162,Undirected,1
164,445,Refugees,packers,162,Undirected,1
161,437,Bobby's Brother,living domestics,162,Undirected,1
451,450,Evelyn,undocumenteds/illegals/aliens,162,Undirected,1
446,225,Braceros,Xiayue,162,Undirected,1
164,225,Refugees,Xiayue,162,Undirected,1
161,446,Bobby's Brother,Braceros,162,Undirected,1
436,440,live-in domestics,waiters,162,Undirected,1
443,98,migrants,Bobby Ngu,162,Undirected,1
445,452,packers,Victor Hugo,162,Undirected,1
436,449,live-in domestics,wops,162,Undirected,1
439,448,dishwashers,wetbacks,162,Undirected,1
446,69,Braceros,Gabriel Balboa,162,Undirected,1
435,66,Electrodomestics,Rafaela Cortes,162,Undirected,1
442,444,ditch diggers,pickers,162,Undirected,1
164,72,Refugees,Emi,162,Undirected,1
437,441,living domestics,masons,162,Undirected,1
438,440,gardeners,waiters,162,Undirected,1
437,450,living domestics,undocumenteds/illegals/aliens,162,Undirected,1
435,450,Electrodomestics,undocumenteds/illegals/aliens,162,Undirected,1
438,449,gardeners,wops,162,Undirected,1
440,446,waiters,Braceros,162,Undirected,1
447,452,centro-americanos,Victor Hugo,162,Undirected,1
448,450,wetbacks,undocumenteds/illegals/aliens,162,Undirected,1
164,447,Refugees,centro-americanos,162,Undirected,1
161,439,Bobby's Brother,dishwashers,162,Undirected,1
451,452,Evelyn,Victor Hugo,162,Undirected,1
444,446,pickers,Braceros,162,Undirected,1
443,448,migrants,wetbacks,162,Undirected,1
161,448,Bobby's Brother,wetbacks,162,Undirected,1
436,442,live-in domestics,ditch diggers,162,Undirected,1
439,441,dishwashers,masons,162,Undirected,1
441,66,masons,Rafaela Cortes,162,Undirected,1
436,451,live-in domestics,Evelyn,162,Undirected,1
442,446,ditch diggers,Braceros,162,Undirected,1
441,450,masons,undocumenteds/illegals/aliens,162,Undirected,1
436,225,live-in domestics,Xiayue,162,Undirected,1
437,443,living domestics,migrants,162,Undirected,1
435,443,Electrodomestics,migrants,162,Undirected,1
438,442,gardeners,ditch diggers,162,Undirected,1
443,66,migrants,Rafaela Cortes,162,Undirected,1
435,452,Electrodomestics,Victor Hugo,162,Undirected,1
164,440,Refugees,waiters,162,Undirected,1
438,451,gardeners,Evelyn,162,Undirected,1
436,69,live-in domestics,Gabriel Balboa,162,Undirected,1
440,448,waiters,wetbacks,162,Undirected,1
164,449,Refugees,wops,162,Undirected,1
445,72,packers,Emi,162,Undirected,1
437,98,living domestics,Bobby Ngu,162,Undirected,1
448,98,wetbacks,Bobby Ngu,162,Undirected,1
449,451,wops,Evelyn,162,Undirected,1
161,441,Bobby's Brother,masons,162,Undirected,1
444,448,pickers,wetbacks,162,Undirected,1
443,450,migrants,undocumenteds/illegals/aliens,162,Undirected,1
438,225,gardeners,Xiayue,162,Undirected,1
436,444,live-in domestics,pickers,162,Undirected,1
445,447,packers,centro-americanos,162,Undirected,1
449,225,wops,Xiayue,162,Undirected,1
66,225,Rafaela Cortes,Xiayue,162,Undirected,1
447,72,centro-americanos,Emi,162,Undirected,1
449,69,wops,Gabriel Balboa,162,Undirected,1
439,98,dishwashers,Bobby Ngu,162,Undirected,1
450,98,undocumenteds/illegals/aliens,Bobby Ngu,162,Undirected,1
441,452,masons,Victor Hugo,162,Undirected,1
69,452,Gabriel Balboa,Victor Hugo,162,Undirected,1
446,448,Braceros,wetbacks,162,Undirected,1
66,72,Rafaela Cortes,Emi,162,Undirected,1
435,445,Electrodomestics,packers,162,Undirected,1
438,444,gardeners,pickers,162,Undirected,1
440,441,waiters,masons,162,Undirected,1
444,66,pickers,Rafaela Cortes,162,Undirected,1
451,72,Evelyn,Emi,162,Undirected,1
164,442,Refugees,ditch diggers,162,Undirected,1
164,451,Refugees,Evelyn,162,Undirected,1
161,443,Bobby's Brother,migrants,162,Undirected,1
436,437,live-in domestics,living domestics,162,Undirected,1
444,450,pickers,undocumenteds/illegals/aliens,162,Undirected,1
443,452,migrants,Victor Hugo,162,Undirected,1
445,449,packers,wops,162,Undirected,1
436,446,live-in domestics,Braceros,162,Undirected,1
442,69,ditch diggers,Gabriel Balboa,162,Undirected,1
161,98,Bobby's Brother,Bobby Ngu,162,Undirected,1
435,72,Electrodomestics,Emi,162,Undirected,1
441,445,masons,packers,162,Undirected,1
164,69,Refugees,Gabriel Balboa,162,Undirected,1
437,66,living domestics,Rafaela Cortes,162,Undirected,1
448,66,wetbacks,Rafaela Cortes,162,Undirected,1
435,438,Electrodomestics,gardeners,162,Undirected,1
452,225,Victor Hugo,Xiayue,162,Undirected,1
164,435,Refugees,Electrodomestics,162,Undirected,1
435,447,Electrodomestics,centro-americanos,162,Undirected,1
438,446,gardeners,Braceros,162,Undirected,1
447,449,centro-americanos,wops,162,Undirected,1
164,444,Refugees,pickers,162,Undirected,1
161,436,Bobby's Brother,live-in domestics,162,Undirected,1
443,445,migrants,packers,162,Undirected,1
439,66,dishwashers,Rafaela Cortes,162,Undirected,1
436,439,live-in domestics,dishwashers,162,Undirected,1
440,98,waiters,Bobby Ngu,162,Undirected,1
445,451,packers,Evelyn,162,Undirected,1
436,448,live-in domestics,wetbacks,162,Undirected,1
441,72,masons,Emi,162,Undirected,1
69,72,Gabriel Balboa,Emi,162,Undirected,1
452,72,Victor Hugo,Emi,162,Undirected,1
444,98,pickers,Bobby Ngu,162,Undirected,1
72,98,Emi,Bobby Ngu,162,Undirected,1
161,164,Bobby's Brother,Refugees,162,Undirected,1
439,450,dishwashers,undocumenteds/illegals/aliens,162,Undirected,1
441,447,masons,centro-americanos,162,Undirected,1
445,225,packers,Xiayue,162,Undirected,1
435,440,Electrodomestics,waiters,162,Undirected,1
438,439,gardeners,dishwashers,162,Undirected,1
442,98,ditch diggers,Bobby Ngu,162,Undirected,1
164,437,Refugees,living domestics,162,Undirected,1
435,449,Electrodomestics,wops,162,Undirected,1
445,69,packers,Gabriel Balboa,162,Undirected,1
447,451,centro-americanos,Evelyn,162,Undirected,1
164,446,Refugees,Braceros,162,Undirected,1
446,98,Braceros,Bobby Ngu,162,Undirected,1
161,66,Bobby's Brother,Rafaela Cortes,162,Undirected,1
457,461,Matt Groening,Boys in the Porsche,163,Undirected,1
200,457,The NewsNow Van,Matt Groening,163,Undirected,1
454,456,CNN,Arthur Nielsen,163,Undirected,1
200,460,The NewsNow Van,Margaret Cho,163,Undirected,1
454,459,CNN,Michael G. Moye,163,Undirected,1
72,460,Emi,Margaret Cho,163,Undirected,1
72,457,Emi,Matt Groening,163,Undirected,1
69,455,Gabriel Balboa,Charles Richter,163,Undirected,1
69,461,Gabriel Balboa,Boys in the Porsche,163,Undirected,1
455,460,Charles Richter,Margaret Cho,163,Undirected,1
455,457,Charles Richter,Matt Groening,163,Undirected,1
457,460,Matt Groening,Margaret Cho,163,Undirected,1
456,461,Arthur Nielsen,Boys in the Porsche,163,Undirected,1
72,200,Emi,The NewsNow Van,163,Undirected,1
460,459,Margaret Cho,Michael G. Moye,163,Undirected,1
454,455,CNN,Charles Richter,163,Undirected,1
454,461,CNN,Boys in the Porsche,163,Undirected,1
200,459,The NewsNow Van,Michael G. Moye,163,Undirected,1
455,72,Charles Richter,Emi,163,Undirected,1
72,456,Emi,Arthur Nielsen,163,Undirected,1
72,459,Emi,Michael G. Moye,163,Undirected,1
455,200,Charles Richter,The NewsNow Van,163,Undirected,1
69,454,Gabriel Balboa,CNN,163,Undirected,1
69,457,Gabriel Balboa,Matt Groening,163,Undirected,1
455,456,Charles Richter,Arthur Nielsen,163,Undirected,1
69,460,Gabriel Balboa,Margaret Cho,163,Undirected,1
455,459,Charles Richter,Michael G. Moye,163,Undirected,1
456,457,Arthur Nielsen,Matt Groening,163,Undirected,1
456,460,Arthur Nielsen,Margaret Cho,163,Undirected,1
457,459,Matt Groening,Michael G. Moye,163,Undirected,1
460,461,Margaret Cho,Boys in the Porsche,163,Undirected,1
454,460,CNN,Margaret Cho,163,Undirected,1
69,72,Gabriel Balboa,Emi,163,Undirected,1
454,457,CNN,Matt Groening,163,Undirected,1
200,461,The NewsNow Van,Boys in the Porsche,163,Undirected,1
69,200,Gabriel Balboa,The NewsNow Van,163,Undirected,1
72,461,Emi,Boys in the Porsche,163,Undirected,1
456,200,Arthur Nielsen,The NewsNow Van,163,Undirected,1
69,456,Gabriel Balboa,Arthur Nielsen,163,Undirected,1
461,459,Boys in the Porsche,Michael G. Moye,163,Undirected,1
69,459,Gabriel Balboa,Michael G. Moye,163,Undirected,1
454,72,CNN,Emi,163,Undirected,1
456,459,Arthur Nielsen,Michael G. Moye,163,Undirected,1
455,461,Charles Richter,Boys in the Porsche,163,Undirected,1
454,200,CNN,The NewsNow Van,163,Undirected,1
68,463,Manzanar Murakami,Citron Man,164,Undirected,1
462,463,Joe Coulombe,Citron Man,164,Undirected,1
72,463,Emi,Citron Man,164,Undirected,1
68,72,Manzanar Murakami,Emi,164,Undirected,1
68,69,Manzanar Murakami,Gabriel Balboa,164,Undirected,1
87,125,Buzzworm,Christopher Columbus,164,Undirected,1
68,87,Manzanar Murakami,Buzzworm,164,Undirected,1
462,87,Joe Coulombe,Buzzworm,164,Undirected,1
69,125,Gabriel Balboa,Christopher Columbus,164,Undirected,1
463,125,Citron Man,Christopher Columbus,164,Undirected,1
72,87,Emi,Buzzworm,164,Undirected,1
68,462,Manzanar Murakami,Joe Coulombe,164,Undirected,1
72,462,Emi,Joe Coulombe,164,Undirected,1
69,463,Gabriel Balboa,Citron Man,164,Undirected,1
69,72,Gabriel Balboa,Emi,164,Undirected,1
69,87,Gabriel Balboa,Buzzworm,164,Undirected,1
463,87,Citron Man,Buzzworm,164,Undirected,1
68,125,Manzanar Murakami,Christopher Columbus,164,Undirected,1
462,125,Joe Coulombe,Christopher Columbus,164,Undirected,1
69,462,Gabriel Balboa,Joe Coulombe,164,Undirected,1
72,125,Emi,Christopher Columbus,164,Undirected,1
451,467,Evelyn,Keenan Ivory Wayans,165,Undirected,1
69,72,Gabriel Balboa,Emi,165,Undirected,1
72,468,Emi,Lance Allen Ito,165,Undirected,1
69,467,Gabriel Balboa,Keenan Ivory Wayans,165,Undirected,1
72,467,Emi,Keenan Ivory Wayans,165,Undirected,1
451,87,Evelyn,Buzzworm,165,Undirected,1
467,87,Keenan Ivory Wayans,Buzzworm,165,Undirected,1
69,87,Gabriel Balboa,Buzzworm,165,Undirected,1
468,87,Lance Allen Ito,Buzzworm,165,Undirected,1
72,87,Emi,Buzzworm,165,Undirected,1
467,468,Keenan Ivory Wayans,Lance Allen Ito,165,Undirected,1
451,468,Evelyn,Lance Allen Ito,165,Undirected,1
451,69,Evelyn,Gabriel Balboa,165,Undirected,1
69,468,Gabriel Balboa,Lance Allen Ito,165,Undirected,1
451,72,Evelyn,Emi,165,Undirected,1
200,466,The NewsNow Van,Kerry the Technician,166,Undirected,1
72,466,Emi,Kerry the Technician,166,Undirected,1
69,464,Gabriel Balboa,Luey the Cameraman,166,Undirected,1
464,466,Luey the Cameraman,Kerry the Technician,166,Undirected,1
72,200,Emi,The NewsNow Van,166,Undirected,1
200,87,The NewsNow Van,Buzzworm,166,Undirected,1
72,87,Emi,Buzzworm,166,Undirected,1
200,465,The NewsNow Van,Kay Torres - On-Scene Reporter,166,Undirected,1
72,465,Emi,Kay Torres - On-Scene Reporter,166,Undirected,1
464,87,Luey the Cameraman,Buzzworm,166,Undirected,1
466,87,Kerry the Technician,Buzzworm,166,Undirected,1
464,465,Luey the Cameraman,Kay Torres - On-Scene Reporter,166,Undirected,1
69,466,Gabriel Balboa,Kerry the Technician,166,Undirected,1
465,466,Kay Torres - On-Scene Reporter,Kerry the Technician,166,Undirected,1
69,72,Gabriel Balboa,Emi,166,Undirected,1
200,464,The NewsNow Van,Luey the Cameraman,166,Undirected,1
69,200,Gabriel Balboa,The NewsNow Van,166,Undirected,1
69,87,Gabriel Balboa,Buzzworm,166,Undirected,1
72,464,Emi,Luey the Cameraman,166,Undirected,1
465,87,Kay Torres - On-Scene Reporter,Buzzworm,166,Undirected,1
69,465,Gabriel Balboa,Kay Torres - On-Scene Reporter,166,Undirected,1
68,69,Manzanar Murakami,Gabriel Balboa,167,Undirected,1
69,72,Gabriel Balboa,Emi,167,Undirected,1
68,464,Manzanar Murakami,Luey the Cameraman,167,Undirected,1
464,87,Luey the Cameraman,Buzzworm,167,Undirected,1
69,464,Gabriel Balboa,Luey the Cameraman,167,Undirected,1
464,466,Luey the Cameraman,Kerry the Technician,167,Undirected,1
466,87,Kerry the Technician,Buzzworm,167,Undirected,1
68,87,Manzanar Murakami,Buzzworm,167,Undirected,1
68,466,Manzanar Murakami,Kerry the Technician,167,Undirected,1
69,87,Gabriel Balboa,Buzzworm,167,Undirected,1
72,464,Emi,Luey the Cameraman,167,Undirected,1
69,466,Gabriel Balboa,Kerry the Technician,167,Undirected,1
72,87,Emi,Buzzworm,167,Undirected,1
72,466,Emi,Kerry the Technician,167,Undirected,1
68,72,Manzanar Murakami,Emi,167,Undirected,1
192,189,LAPD,Unnamed members of L.A. Underclass,168,Undirected,1
68,189,Manzanar Murakami,Unnamed members of L.A. Underclass,168,Undirected,1
192,68,LAPD,Manzanar Murakami,168,Undirected,1
189,606,Unnamed members of L.A. Underclass,O.J. Simpson,169,Undirected,1
200,606,The NewsNow Van,O.J. Simpson,169,Undirected,1
608,200,Homeless trader (169),The NewsNow Van,169,Undirected,1
68,200,Manzanar Murakami,The NewsNow Van,169,Undirected,1
606,607,O.J. Simpson,Menendez Brothers,169,Undirected,1
608,189,Homeless trader (169),Unnamed members of L.A. Underclass,169,Undirected,1
608,607,Homeless trader (169),Menendez Brothers,169,Undirected,1
189,607,Unnamed members of L.A. Underclass,Menendez Brothers,169,Undirected,1
68,189,Manzanar Murakami,Unnamed members of L.A. Underclass,169,Undirected,1
608,606,Homeless trader (169),O.J. Simpson,169,Undirected,1
68,607,Manzanar Murakami,Menendez Brothers,169,Undirected,1
200,607,The NewsNow Van,Menendez Brothers,169,Undirected,1
200,189,The NewsNow Van,Unnamed members of L.A. Underclass,169,Undirected,1
68,606,Manzanar Murakami,O.J. Simpson,169,Undirected,1
608,68,Homeless trader (169),Manzanar Murakami,169,Undirected,1
612,72,Manzanar's friends,Emi,170,Undirected,1
609,68,Manzanar's wife,Manzanar Murakami,170,Undirected,1
611,612,Manzanar's patients,Manzanar's friends,170,Undirected,1
609,611,Manzanar's wife,Manzanar's patients,170,Undirected,1
611,68,Manzanar's patients,Manzanar Murakami,170,Undirected,1
68,72,Manzanar Murakami,Emi,170,Undirected,1
612,68,Manzanar's friends,Manzanar Murakami,170,Undirected,1
609,610,Manzanar's wife,Manzanar's family,170,Undirected,1
610,612,Manzanar's family,Manzanar's friends,170,Undirected,1
610,72,Manzanar's family,Emi,170,Undirected,1
610,68,Manzanar's family,Manzanar Murakami,170,Undirected,1
609,612,Manzanar's wife,Manzanar's friends,170,Undirected,1
610,611,Manzanar's family,Manzanar's patients,170,Undirected,1
611,72,Manzanar's patients,Emi,170,Undirected,1
609,72,Manzanar's wife,Emi,170,Undirected,1
615,617,L.A. citizens,Hell's Angels,171,Undirected,1
618,189,Heaven's Devils,Unnamed members of L.A. Underclass,171,Undirected,1
615,620,L.A. citizens,Lover One,171,Undirected,1
620,189,Lover One,Unnamed members of L.A. Underclass,171,Undirected,1
617,620,Hell's Angels,Lover One,171,Undirected,1
618,619,Heaven's Devils,A rubbie (or two),171,Undirected,1
619,620,A rubbie (or two),Lover One,171,Undirected,1
614,615,AQMD,L.A. citizens,171,Undirected,1
614,618,AQMD,Heaven's Devils,171,Undirected,1
68,615,Manzanar Murakami,L.A. citizens,171,Undirected,1
614,621,AQMD,Lover Two,171,Undirected,1
616,618,Motorcyclist in a pink suit and pink helmet,Heaven's Devils,171,Undirected,1
68,618,Manzanar Murakami,Heaven's Devils,171,Undirected,1
616,621,Motorcyclist in a pink suit and pink helmet,Lover Two,171,Undirected,1
68,621,Manzanar Murakami,Lover Two,171,Undirected,1
615,189,L.A. citizens,Unnamed members of L.A. Underclass,171,Undirected,1
617,189,Hell's Angels,Unnamed members of L.A. Underclass,171,Undirected,1
615,616,L.A. citizens,Motorcyclist in a pink suit and pink helmet,171,Undirected,1
615,619,L.A. citizens,A rubbie (or two),171,Undirected,1
619,189,A rubbie (or two),Unnamed members of L.A. Underclass,171,Undirected,1
618,621,Heaven's Devils,Lover Two,171,Undirected,1
617,619,Hell's Angels,A rubbie (or two),171,Undirected,1
620,621,Lover One,Lover Two,171,Undirected,1
614,617,AQMD,Hell's Angels,171,Undirected,1
614,620,AQMD,Lover One,171,Undirected,1
616,617,Motorcyclist in a pink suit and pink helmet,Hell's Angels,171,Undirected,1
68,617,Manzanar Murakami,Hell's Angels,171,Undirected,1
68,614,Manzanar Murakami,AQMD,171,Undirected,1
68,620,Manzanar Murakami,Lover One,171,Undirected,1
616,620,Motorcyclist in a pink suit and pink helmet,Lover One,171,Undirected,1
621,189,Lover Two,Unnamed members of L.A. Underclass,171,Undirected,1
615,618,L.A. citizens,Heaven's Devils,171,Undirected,1
615,621,L.A. citizens,Lover Two,171,Undirected,1
618,620,Heaven's Devils,Lover One,171,Undirected,1
617,618,Hell's Angels,Heaven's Devils,171,Undirected,1
617,621,Hell's Angels,Lover Two,171,Undirected,1
614,189,AQMD,Unnamed members of L.A. Underclass,171,Undirected,1
619,621,A rubbie (or two),Lover Two,171,Undirected,1
616,189,Motorcyclist in a pink suit and pink helmet,Unnamed members of L.A. Underclass,171,Undirected,1
68,189,Manzanar Murakami,Unnamed members of L.A. Underclass,171,Undirected,1
614,616,AQMD,Motorcyclist in a pink suit and pink helmet,171,Undirected,1
614,619,AQMD,A rubbie (or two),171,Undirected,1
68,616,Manzanar Murakami,Motorcyclist in a pink suit and pink helmet,171,Undirected,1
616,619,Motorcyclist in a pink suit and pink helmet,A rubbie (or two),171,Undirected,1
68,619,Manzanar Murakami,A rubbie (or two),171,Undirected,1
180,68,David Hockney,Manzanar Murakami,175,Undirected,1
180,87,David Hockney,Buzzworm,175,Undirected,1
68,87,Manzanar Murakami,Buzzworm,175,Undirected,1
72,68,Emi,Manzanar Murakami,175,Undirected,1
72,87,Emi,Buzzworm,175,Undirected,1
72,180,Emi,David Hockney,175,Undirected,1
471,454,Tattered and Soiled man,CNN,176,Undirected,1
466,470,Kerry the Technician,NewsNow Realtime on the internet,176,Undirected,1
465,474,Kay Torres - On-Scene Reporter,Audience Members ch. 29,176,Undirected,1
69,474,Gabriel Balboa,Audience Members ch. 29,176,Undirected,1
68,454,Manzanar Murakami,CNN,176,Undirected,1
454,87,CNN,Buzzworm,176,Undirected,1
471,466,Tattered and Soiled man,Kerry the Technician,176,Undirected,1
68,466,Manzanar Murakami,Kerry the Technician,176,Undirected,1
454,465,CNN,Kay Torres - On-Scene Reporter,176,Undirected,1
454,474,CNN,Audience Members ch. 29,176,Undirected,1
471,69,Tattered and Soiled man,Gabriel Balboa,176,Undirected,1
72,466,Emi,Kerry the Technician,176,Undirected,1
471,72,Tattered and Soiled man,Emi,176,Undirected,1
68,72,Manzanar Murakami,Emi,176,Undirected,1
68,69,Manzanar Murakami,Gabriel Balboa,176,Undirected,1
69,464,Gabriel Balboa,Luey the Cameraman,176,Undirected,1
471,87,Tattered and Soiled man,Buzzworm,176,Undirected,1
69,470,Gabriel Balboa,NewsNow Realtime on the internet,176,Undirected,1
464,466,Luey the Cameraman,Kerry the Technician,176,Undirected,1
68,87,Manzanar Murakami,Buzzworm,176,Undirected,1
465,470,Kay Torres - On-Scene Reporter,NewsNow Realtime on the internet,176,Undirected,1
471,465,Tattered and Soiled man,Kay Torres - On-Scene Reporter,176,Undirected,1
471,474,Tattered and Soiled man,Audience Members ch. 29,176,Undirected,1
72,87,Emi,Buzzworm,176,Undirected,1
68,465,Manzanar Murakami,Kay Torres - On-Scene Reporter,176,Undirected,1
454,464,CNN,Luey the Cameraman,176,Undirected,1
454,470,CNN,NewsNow Realtime on the internet,176,Undirected,1
72,465,Emi,Kay Torres - On-Scene Reporter,176,Undirected,1
68,474,Manzanar Murakami,Audience Members ch. 29,176,Undirected,1
464,87,Luey the Cameraman,Buzzworm,176,Undirected,1
471,68,Tattered and Soiled man,Manzanar Murakami,176,Undirected,1
69,454,Gabriel Balboa,CNN,176,Undirected,1
466,87,Kerry the Technician,Buzzworm,176,Undirected,1
72,474,Emi,Audience Members ch. 29,176,Undirected,1
464,465,Luey the Cameraman,Kay Torres - On-Scene Reporter,176,Undirected,1
69,466,Gabriel Balboa,Kerry the Technician,176,Undirected,1
464,474,Luey the Cameraman,Audience Members ch. 29,176,Undirected,1
470,87,NewsNow Realtime on the internet,Buzzworm,176,Undirected,1
454,72,CNN,Emi,176,Undirected,1
465,466,Kay Torres - On-Scene Reporter,Kerry the Technician,176,Undirected,1
466,474,Kerry the Technician,Audience Members ch. 29,176,Undirected,1
471,464,Tattered and Soiled man,Luey the Cameraman,176,Undirected,1
471,470,Tattered and Soiled man,NewsNow Realtime on the internet,176,Undirected,1
69,72,Gabriel Balboa,Emi,176,Undirected,1
470,474,NewsNow Realtime on the internet,Audience Members ch. 29,176,Undirected,1
68,464,Manzanar Murakami,Luey the Cameraman,176,Undirected,1
68,470,Manzanar Murakami,NewsNow Realtime on the internet,176,Undirected,1
454,466,CNN,Kerry the Technician,176,Undirected,1
69,87,Gabriel Balboa,Buzzworm,176,Undirected,1
72,464,Emi,Luey the Cameraman,176,Undirected,1
72,470,Emi,NewsNow Realtime on the internet,176,Undirected,1
465,87,Kay Torres - On-Scene Reporter,Buzzworm,176,Undirected,1
69,465,Gabriel Balboa,Kay Torres - On-Scene Reporter,176,Undirected,1
87,474,Buzzworm,Audience Members ch. 29,176,Undirected,1
464,470,Luey the Cameraman,NewsNow Realtime on the internet,176,Undirected,1
466,470,Kerry the Technician,NewsNow Realtime on the internet,177,Undirected,1
465,474,Kay Torres - On-Scene Reporter,Audience Members ch. 29,177,Undirected,1
466,473,Kerry the Technician,Someone with a wooden crate,177,Undirected,1
470,473,NewsNow Realtime on the internet,Someone with a wooden crate,177,Undirected,1
72,466,Emi,Kerry the Technician,177,Undirected,1
72,472,Emi,"Smokey, Pick-n-save, and Pollyanna",177,Undirected,1
87,473,Buzzworm,Someone with a wooden crate,177,Undirected,1
464,466,Luey the Cameraman,Kerry the Technician,177,Undirected,1
464,472,Luey the Cameraman,"Smokey, Pick-n-save, and Pollyanna",177,Undirected,1
472,473,"Smokey, Pick-n-save, and Pollyanna",Someone with a wooden crate,177,Undirected,1
466,472,Kerry the Technician,"Smokey, Pick-n-save, and Pollyanna",177,Undirected,1
465,470,Kay Torres - On-Scene Reporter,NewsNow Realtime on the internet,177,Undirected,1
465,473,Kay Torres - On-Scene Reporter,Someone with a wooden crate,177,Undirected,1
72,87,Emi,Buzzworm,177,Undirected,1
470,472,NewsNow Realtime on the internet,"Smokey, Pick-n-save, and Pollyanna",177,Undirected,1
473,474,Someone with a wooden crate,Audience Members ch. 29,177,Undirected,1
72,465,Emi,Kay Torres - On-Scene Reporter,177,Undirected,1
464,87,Luey the Cameraman,Buzzworm,177,Undirected,1
466,87,Kerry the Technician,Buzzworm,177,Undirected,1
72,474,Emi,Audience Members ch. 29,177,Undirected,1
464,465,Luey the Cameraman,Kay Torres - On-Scene Reporter,177,Undirected,1
87,472,Buzzworm,"Smokey, Pick-n-save, and Pollyanna",177,Undirected,1
464,474,Luey the Cameraman,Audience Members ch. 29,177,Undirected,1
470,87,NewsNow Realtime on the internet,Buzzworm,177,Undirected,1
465,466,Kay Torres - On-Scene Reporter,Kerry the Technician,177,Undirected,1
465,472,Kay Torres - On-Scene Reporter,"Smokey, Pick-n-save, and Pollyanna",177,Undirected,1
466,474,Kerry the Technician,Audience Members ch. 29,177,Undirected,1
470,474,NewsNow Realtime on the internet,Audience Members ch. 29,177,Undirected,1
72,464,Emi,Luey the Cameraman,177,Undirected,1
72,470,Emi,NewsNow Realtime on the internet,177,Undirected,1
72,473,Emi,Someone with a wooden crate,177,Undirected,1
465,87,Kay Torres - On-Scene Reporter,Buzzworm,177,Undirected,1
472,474,"Smokey, Pick-n-save, and Pollyanna",Audience Members ch. 29,177,Undirected,1
87,474,Buzzworm,Audience Members ch. 29,177,Undirected,1
464,470,Luey the Cameraman,NewsNow Realtime on the internet,177,Undirected,1
464,473,Luey the Cameraman,Someone with a wooden crate,177,Undirected,1
466,470,Kerry the Technician,NewsNow Realtime on the internet,178,Undirected,1
183,478,Sally Jesse Raphael,Mama on the northbound,178,Undirected,1
464,183,Luey the Cameraman,Sally Jesse Raphael,178,Undirected,1
464,476,Luey the Cameraman,Mona,178,Undirected,1
475,476,Sammy (used to be an actor),Mona,178,Undirected,1
466,183,Kerry the Technician,Sally Jesse Raphael,178,Undirected,1
466,476,Kerry the Technician,Mona,178,Undirected,1
470,476,NewsNow Realtime on the internet,Mona,178,Undirected,1
470,183,NewsNow Realtime on the internet,Sally Jesse Raphael,178,Undirected,1
72,466,Emi,Kerry the Technician,178,Undirected,1
183,474,Sally Jesse Raphael,Audience Members ch. 29,178,Undirected,1
72,475,Emi,Sammy (used to be an actor),178,Undirected,1
72,478,Emi,Mama on the northbound,178,Undirected,1
87,476,Buzzworm,Mona,178,Undirected,1
464,466,Luey the Cameraman,Kerry the Technician,178,Undirected,1
474,476,Audience Members ch. 29,Mona,178,Undirected,1
464,475,Luey the Cameraman,Sammy (used to be an actor),178,Undirected,1
87,183,Buzzworm,Sally Jesse Raphael,178,Undirected,1
464,478,Luey the Cameraman,Mama on the northbound,178,Undirected,1
466,475,Kerry the Technician,Sammy (used to be an actor),178,Undirected,1
475,478,Sammy (used to be an actor),Mama on the northbound,178,Undirected,1
466,478,Kerry the Technician,Mama on the northbound,178,Undirected,1
72,87,Emi,Buzzworm,178,Undirected,1
470,475,NewsNow Realtime on the internet,Sammy (used to be an actor),178,Undirected,1
470,478,NewsNow Realtime on the internet,Mama on the northbound,178,Undirected,1
464,87,Luey the Cameraman,Buzzworm,178,Undirected,1
466,87,Kerry the Technician,Buzzworm,178,Undirected,1
183,476,Sally Jesse Raphael,Mona,178,Undirected,1
72,474,Emi,Audience Members ch. 29,178,Undirected,1
87,475,Buzzworm,Sammy (used to be an actor),178,Undirected,1
87,478,Buzzworm,Mama on the northbound,178,Undirected,1
464,474,Luey the Cameraman,Audience Members ch. 29,178,Undirected,1
470,87,NewsNow Realtime on the internet,Buzzworm,178,Undirected,1
466,474,Kerry the Technician,Audience Members ch. 29,178,Undirected,1
474,475,Audience Members ch. 29,Sammy (used to be an actor),178,Undirected,1
474,478,Audience Members ch. 29,Mama on the northbound,178,Undirected,1
470,474,NewsNow Realtime on the internet,Audience Members ch. 29,178,Undirected,1
72,464,Emi,Luey the Cameraman,178,Undirected,1
72,470,Emi,NewsNow Realtime on the internet,178,Undirected,1
476,478,Mona,Mama on the northbound,178,Undirected,1
183,475,Sally Jesse Raphael,Sammy (used to be an actor),178,Undirected,1
72,183,Emi,Sally Jesse Raphael,178,Undirected,1
72,476,Emi,Mona,178,Undirected,1
87,474,Buzzworm,Audience Members ch. 29,178,Undirected,1
464,470,Luey the Cameraman,NewsNow Realtime on the internet,178,Undirected,1
69,474,Gabriel Balboa,Audience Members ch. 29,179,Undirected,1
480,466,Ridley Scott,Kerry the Technician,179,Undirected,1
480,472,Ridley Scott,"Smokey, Pick-n-save, and Pollyanna",179,Undirected,1
454,87,CNN,Buzzworm,179,Undirected,1
480,69,Ridley Scott,Gabriel Balboa,179,Undirected,1
454,474,CNN,Audience Members ch. 29,179,Undirected,1
480,72,Ridley Scott,Emi,179,Undirected,1
72,466,Emi,Kerry the Technician,179,Undirected,1
72,472,Emi,"Smokey, Pick-n-save, and Pollyanna",179,Undirected,1
480,87,Ridley Scott,Buzzworm,179,Undirected,1
466,472,Kerry the Technician,"Smokey, Pick-n-save, and Pollyanna",179,Undirected,1
480,474,Ridley Scott,Audience Members ch. 29,179,Undirected,1
72,87,Emi,Buzzworm,179,Undirected,1
69,454,Gabriel Balboa,CNN,179,Undirected,1
466,87,Kerry the Technician,Buzzworm,179,Undirected,1
72,474,Emi,Audience Members ch. 29,179,Undirected,1
87,472,Buzzworm,"Smokey, Pick-n-save, and Pollyanna",179,Undirected,1
69,466,Gabriel Balboa,Kerry the Technician,179,Undirected,1
466,474,Kerry the Technician,Audience Members ch. 29,179,Undirected,1
69,472,Gabriel Balboa,"Smokey, Pick-n-save, and Pollyanna",179,Undirected,1
69,72,Gabriel Balboa,Emi,179,Undirected,1
454,466,CNN,Kerry the Technician,179,Undirected,1
454,472,CNN,"Smokey, Pick-n-save, and Pollyanna",179,Undirected,1
69,87,Gabriel Balboa,Buzzworm,179,Undirected,1
454,72,CNN,Emi,179,Undirected,1
472,474,"Smokey, Pick-n-save, and Pollyanna",Audience Members ch. 29,179,Undirected,1
87,474,Buzzworm,Audience Members ch. 29,179,Undirected,1
480,454,Ridley Scott,CNN,179,Undirected,1
482,484,Second Baptist (Implied Church),Emi's Internet Lover,180,Undirected,1
69,474,Gabriel Balboa,Audience Members ch. 29,180,Undirected,1
482,69,Second Baptist (Implied Church),Gabriel Balboa,180,Undirected,1
483,68,Homeless Vets,Manzanar Murakami,180,Undirected,1
482,72,Second Baptist (Implied Church),Emi,180,Undirected,1
69,68,Gabriel Balboa,Manzanar Murakami,180,Undirected,1
484,472,Emi's Internet Lover,"Smokey, Pick-n-save, and Pollyanna",180,Undirected,1
482,87,Second Baptist (Implied Church),Buzzworm,180,Undirected,1
68,472,Manzanar Murakami,"Smokey, Pick-n-save, and Pollyanna",180,Undirected,1
72,472,Emi,"Smokey, Pick-n-save, and Pollyanna",180,Undirected,1
484,69,Emi's Internet Lover,Gabriel Balboa,180,Undirected,1
68,72,Manzanar Murakami,Emi,180,Undirected,1
484,72,Emi's Internet Lover,Emi,180,Undirected,1
482,474,Second Baptist (Implied Church),Audience Members ch. 29,180,Undirected,1
482,483,Second Baptist (Implied Church),Homeless Vets,180,Undirected,1
68,87,Manzanar Murakami,Buzzworm,180,Undirected,1
87,474,Buzzworm,Audience Members ch. 29,180,Undirected,1
484,87,Emi's Internet Lover,Buzzworm,180,Undirected,1
482,68,Second Baptist (Implied Church),Manzanar Murakami,180,Undirected,1
72,87,Emi,Buzzworm,180,Undirected,1
484,474,Emi's Internet Lover,Audience Members ch. 29,180,Undirected,1
68,474,Manzanar Murakami,Audience Members ch. 29,180,Undirected,1
484,68,Emi's Internet Lover,Manzanar Murakami,180,Undirected,1
72,474,Emi,Audience Members ch. 29,180,Undirected,1
483,472,Homeless Vets,"Smokey, Pick-n-save, and Pollyanna",180,Undirected,1
87,472,Buzzworm,"Smokey, Pick-n-save, and Pollyanna",180,Undirected,1
483,484,Homeless Vets,Emi's Internet Lover,180,Undirected,1
483,69,Homeless Vets,Gabriel Balboa,180,Undirected,1
69,472,Gabriel Balboa,"Smokey, Pick-n-save, and Pollyanna",180,Undirected,1
483,72,Homeless Vets,Emi,180,Undirected,1
69,72,Gabriel Balboa,Emi,180,Undirected,1
472,474,"Smokey, Pick-n-save, and Pollyanna",Audience Members ch. 29,180,Undirected,1
483,87,Homeless Vets,Buzzworm,180,Undirected,1
69,87,Gabriel Balboa,Buzzworm,180,Undirected,1
483,474,Homeless Vets,Audience Members ch. 29,180,Undirected,1
482,472,Second Baptist (Implied Church),"Smokey, Pick-n-save, and Pollyanna",180,Undirected,1
70,486,Arcangel/El Gran Mojado,Atahualpa,181,Undirected,1
66,486,Rafaela Cortes,Atahualpa,181,Undirected,1
485,125,Moctezuma,Christopher Columbus,181,Undirected,1
70,125,Arcangel/El Gran Mojado,Christopher Columbus,181,Undirected,1
485,70,Moctezuma,Arcangel/El Gran Mojado,181,Undirected,1
66,485,Rafaela Cortes,Moctezuma,181,Undirected,1
66,125,Rafaela Cortes,Christopher Columbus,181,Undirected,1
66,70,Rafaela Cortes,Arcangel/El Gran Mojado,181,Undirected,1
486,125,Atahualpa,Christopher Columbus,181,Undirected,1
485,486,Moctezuma,Atahualpa,181,Undirected,1
488,145,Bus passengers,Sol,182,Undirected,1
66,70,Rafaela Cortes,Arcangel/El Gran Mojado,182,Undirected,1
488,70,Bus passengers,Arcangel/El Gran Mojado,182,Undirected,1
145,70,Sol,Arcangel/El Gran Mojado,182,Undirected,1
488,66,Bus passengers,Rafaela Cortes,182,Undirected,1
145,66,Sol,Rafaela Cortes,182,Undirected,1
66,158,Rafaela Cortes,Hernando (Dona Maria's son),183,Undirected,1
66,487,Rafaela Cortes,Bus Driver,183,Undirected,1
70,149,Arcangel/El Gran Mojado,Rodriguez,183,Undirected,1
66,490,Rafaela Cortes,El Gran Mojado Fans,183,Undirected,1
490,149,El Gran Mojado Fans,Rodriguez,183,Undirected,1
70,158,Arcangel/El Gran Mojado,Hernando (Dona Maria's son),183,Undirected,1
149,158,Rodriguez,Hernando (Dona Maria's son),183,Undirected,1
490,158,El Gran Mojado Fans,Hernando (Dona Maria's son),183,Undirected,1
70,487,Arcangel/El Gran Mojado,Bus Driver,183,Undirected,1
419,70,El Gran Mojado,Arcangel/El Gran Mojado,183,Undirected,1
70,490,Arcangel/El Gran Mojado,El Gran Mojado Fans,183,Undirected,1
66,419,Rafaela Cortes,El Gran Mojado,183,Undirected,1
419,149,El Gran Mojado,Rodriguez,183,Undirected,1
419,158,El Gran Mojado,Hernando (Dona Maria's son),183,Undirected,1
487,149,Bus Driver,Rodriguez,183,Undirected,1
419,487,El Gran Mojado,Bus Driver,183,Undirected,1
419,490,El Gran Mojado,El Gran Mojado Fans,183,Undirected,1
487,158,Bus Driver,Hernando (Dona Maria's son),183,Undirected,1
66,70,Rafaela Cortes,Arcangel/El Gran Mojado,183,Undirected,1
487,490,Bus Driver,El Gran Mojado Fans,183,Undirected,1
66,149,Rafaela Cortes,Rodriguez,183,Undirected,1
487,145,Bus Driver,Sol,184,Undirected,1
66,158,Rafaela Cortes,Hernando (Dona Maria's son),184,Undirected,1
224,488,The Orange,Bus passengers,184,Undirected,1
145,158,Sol,Hernando (Dona Maria's son),184,Undirected,1
70,488,Arcangel/El Gran Mojado,Bus passengers,184,Undirected,1
224,70,The Orange,Arcangel/El Gran Mojado,184,Undirected,1
66,487,Rafaela Cortes,Bus Driver,184,Undirected,1
70,158,Arcangel/El Gran Mojado,Hernando (Dona Maria's son),184,Undirected,1
224,158,The Orange,Hernando (Dona Maria's son),184,Undirected,1
488,158,Bus passengers,Hernando (Dona Maria's son),184,Undirected,1
66,145,Rafaela Cortes,Sol,184,Undirected,1
70,487,Arcangel/El Gran Mojado,Bus Driver,184,Undirected,1
224,487,The Orange,Bus Driver,184,Undirected,1
224,66,The Orange,Rafaela Cortes,184,Undirected,1
224,145,The Orange,Sol,184,Undirected,1
70,145,Arcangel/El Gran Mojado,Sol,184,Undirected,1
488,145,Bus passengers,Sol,184,Undirected,1
487,488,Bus Driver,Bus passengers,184,Undirected,1
487,158,Bus Driver,Hernando (Dona Maria's son),184,Undirected,1
66,70,Rafaela Cortes,Arcangel/El Gran Mojado,184,Undirected,1
66,488,Rafaela Cortes,Bus passengers,184,Undirected,1
66,158,Rafaela Cortes,Hernando (Dona Maria's son),185,Undirected,1
70,145,Arcangel/El Gran Mojado,Sol,185,Undirected,1
488,145,Bus passengers,Sol,185,Undirected,1
488,158,Bus passengers,Hernando (Dona Maria's son),185,Undirected,1
66,145,Rafaela Cortes,Sol,185,Undirected,1
419,145,El Gran Mojado,Sol,185,Undirected,1
419,158,El Gran Mojado,Hernando (Dona Maria's son),185,Undirected,1
145,158,Sol,Hernando (Dona Maria's son),185,Undirected,1
70,488,Arcangel/El Gran Mojado,Bus passengers,185,Undirected,1
66,70,Rafaela Cortes,Arcangel/El Gran Mojado,185,Undirected,1
66,488,Rafaela Cortes,Bus passengers,185,Undirected,1
419,70,El Gran Mojado,Arcangel/El Gran Mojado,185,Undirected,1
419,488,El Gran Mojado,Bus passengers,185,Undirected,1
66,419,Rafaela Cortes,El Gran Mojado,185,Undirected,1
70,158,Arcangel/El Gran Mojado,Hernando (Dona Maria's son),185,Undirected,1
224,476,The Orange,Mona,186,Undirected,1
66,158,Rafaela Cortes,Hernando (Dona Maria's son),186,Undirected,1
70,476,Arcangel/El Gran Mojado,Mona,186,Undirected,1
488,476,Bus passengers,Mona,186,Undirected,1
224,488,The Orange,Bus passengers,186,Undirected,1
145,158,Sol,Hernando (Dona Maria's son),186,Undirected,1
70,488,Arcangel/El Gran Mojado,Bus passengers,186,Undirected,1
224,70,The Orange,Arcangel/El Gran Mojado,186,Undirected,1
70,158,Arcangel/El Gran Mojado,Hernando (Dona Maria's son),186,Undirected,1
224,158,The Orange,Hernando (Dona Maria's son),186,Undirected,1
87,476,Buzzworm,Mona,186,Undirected,1
66,87,Rafaela Cortes,Buzzworm,186,Undirected,1
488,158,Bus passengers,Hernando (Dona Maria's son),186,Undirected,1
66,145,Rafaela Cortes,Sol,186,Undirected,1
145,87,Sol,Buzzworm,186,Undirected,1
224,66,The Orange,Rafaela Cortes,186,Undirected,1
87,158,Buzzworm,Hernando (Dona Maria's son),186,Undirected,1
224,145,The Orange,Sol,186,Undirected,1
70,87,Arcangel/El Gran Mojado,Buzzworm,186,Undirected,1
70,145,Arcangel/El Gran Mojado,Sol,186,Undirected,1
488,145,Bus passengers,Sol,186,Undirected,1
224,87,The Orange,Buzzworm,186,Undirected,1
488,87,Bus passengers,Buzzworm,186,Undirected,1
476,158,Mona,Hernando (Dona Maria's son),186,Undirected,1
66,476,Rafaela Cortes,Mona,186,Undirected,1
66,70,Rafaela Cortes,Arcangel/El Gran Mojado,186,Undirected,1
145,476,Sol,Mona,186,Undirected,1
66,488,Rafaela Cortes,Bus passengers,186,Undirected,1
491,493,"""Homey on the other end"" (187)",1-800 Lawyer,187,Undirected,1
394,493,Isaac Newton Van Nuys,1-800 Lawyer,187,Undirected,1
476,87,Mona,Buzzworm,187,Undirected,1
491,496,"""Homey on the other end"" (187)",Martin Luther King,187,Undirected,1
494,495,"""A brother"" (187)",John Adams,187,Undirected,1
192,87,LAPD,Buzzworm,187,Undirected,1
394,496,Isaac Newton Van Nuys,Martin Luther King,187,Undirected,1
492,495,George Coupland Thomas,John Adams,187,Undirected,1
493,347,1-800 Lawyer,Crips,187,Undirected,1
347,348,Crips,Bloods,187,Undirected,1
495,347,John Adams,Crips,187,Undirected,1
491,87,"""Homey on the other end"" (187)",Buzzworm,187,Undirected,1
394,87,Isaac Newton Van Nuys,Buzzworm,187,Undirected,1
493,496,1-800 Lawyer,Martin Luther King,187,Undirected,1
494,348,"""A brother"" (187)",Bloods,187,Undirected,1
492,348,George Coupland Thomas,Bloods,187,Undirected,1
87,348,Buzzworm,Bloods,187,Undirected,1
495,496,John Adams,Martin Luther King,187,Undirected,1
496,348,Martin Luther King,Bloods,187,Undirected,1
476,492,Mona,George Coupland Thomas,187,Undirected,1
493,87,1-800 Lawyer,Buzzworm,187,Undirected,1
192,492,LAPD,George Coupland Thomas,187,Undirected,1
476,495,Mona,John Adams,187,Undirected,1
192,495,LAPD,John Adams,187,Undirected,1
491,495,"""Homey on the other end"" (187)",John Adams,187,Undirected,1
495,87,John Adams,Buzzworm,187,Undirected,1
492,494,George Coupland Thomas,"""A brother"" (187)",187,Undirected,1
491,492,"""Homey on the other end"" (187)",George Coupland Thomas,187,Undirected,1
476,394,Mona,Isaac Newton Van Nuys,187,Undirected,1
394,492,Isaac Newton Van Nuys,George Coupland Thomas,187,Undirected,1
192,394,LAPD,Isaac Newton Van Nuys,187,Undirected,1
394,495,Isaac Newton Van Nuys,John Adams,187,Undirected,1
476,348,Mona,Bloods,187,Undirected,1
192,348,LAPD,Bloods,187,Undirected,1
491,348,"""Homey on the other end"" (187)",Bloods,187,Undirected,1
493,495,1-800 Lawyer,John Adams,187,Undirected,1
492,347,George Coupland Thomas,Crips,187,Undirected,1
87,347,Buzzworm,Crips,187,Undirected,1
192,476,LAPD,Mona,187,Undirected,1
494,347,"""A brother"" (187)",Crips,187,Undirected,1
476,491,Mona,"""Homey on the other end"" (187)",187,Undirected,1
394,348,Isaac Newton Van Nuys,Bloods,187,Undirected,1
192,491,LAPD,"""Homey on the other end"" (187)",187,Undirected,1
476,494,Mona,"""A brother"" (187)",187,Undirected,1
496,347,Martin Luther King,Crips,187,Undirected,1
192,494,LAPD,"""A brother"" (187)",187,Undirected,1
492,493,George Coupland Thomas,1-800 Lawyer,187,Undirected,1
394,491,Isaac Newton Van Nuys,"""Homey on the other end"" (187)",187,Undirected,1
492,496,George Coupland Thomas,Martin Luther King,187,Undirected,1
491,494,"""Homey on the other end"" (187)","""A brother"" (187)",187,Undirected,1
394,494,Isaac Newton Van Nuys,"""A brother"" (187)",187,Undirected,1
494,496,"""A brother"" (187)",Martin Luther King,187,Undirected,1
495,348,John Adams,Bloods,187,Undirected,1
493,348,1-800 Lawyer,Bloods,187,Undirected,1
492,87,George Coupland Thomas,Buzzworm,187,Undirected,1
476,347,Mona,Crips,187,Undirected,1
494,87,"""A brother"" (187)",Buzzworm,187,Undirected,1
192,347,LAPD,Crips,187,Undirected,1
496,87,Martin Luther King,Buzzworm,187,Undirected,1
491,347,"""Homey on the other end"" (187)",Crips,187,Undirected,1
493,494,1-800 Lawyer,"""A brother"" (187)",187,Undirected,1
394,347,Isaac Newton Van Nuys,Crips,187,Undirected,1
476,493,Mona,1-800 Lawyer,187,Undirected,1
192,493,LAPD,1-800 Lawyer,187,Undirected,1
476,496,Mona,Martin Luther King,187,Undirected,1
192,496,LAPD,Martin Luther King,187,Undirected,1
491,493,"""Homey on the other end"" (187)",1-800 Lawyer,188,Undirected,1
256,68,The kid who survived / dies,Manzanar Murakami,188,Undirected,1
491,87,"""Homey on the other end"" (187)",Buzzworm,188,Undirected,1
200,493,The NewsNow Van,1-800 Lawyer,188,Undirected,1
68,200,Manzanar Murakami,The NewsNow Van,188,Undirected,1
68,493,Manzanar Murakami,1-800 Lawyer,188,Undirected,1
256,342,The kid who survived / dies,Kids (abstract) (81),188,Undirected,1
493,87,1-800 Lawyer,Buzzworm,188,Undirected,1
68,87,Manzanar Murakami,Buzzworm,188,Undirected,1
87,189,Buzzworm,Unnamed members of L.A. Underclass,188,Undirected,1
200,87,The NewsNow Van,Buzzworm,188,Undirected,1
342,189,Kids (abstract) (81),Unnamed members of L.A. Underclass,188,Undirected,1
256,189,The kid who survived / dies,Unnamed members of L.A. Underclass,188,Undirected,1
256,491,The kid who survived / dies,"""Homey on the other end"" (187)",188,Undirected,1
491,342,"""Homey on the other end"" (187)",Kids (abstract) (81),188,Undirected,1
491,189,"""Homey on the other end"" (187)",Unnamed members of L.A. Underclass,188,Undirected,1
493,342,1-800 Lawyer,Kids (abstract) (81),188,Undirected,1
68,342,Manzanar Murakami,Kids (abstract) (81),188,Undirected,1
200,342,The NewsNow Van,Kids (abstract) (81),188,Undirected,1
256,493,The kid who survived / dies,1-800 Lawyer,188,Undirected,1
342,87,Kids (abstract) (81),Buzzworm,188,Undirected,1
256,200,The kid who survived / dies,The NewsNow Van,188,Undirected,1
256,87,The kid who survived / dies,Buzzworm,188,Undirected,1
493,189,1-800 Lawyer,Unnamed members of L.A. Underclass,188,Undirected,1
68,189,Manzanar Murakami,Unnamed members of L.A. Underclass,188,Undirected,1
200,491,The NewsNow Van,"""Homey on the other end"" (187)",188,Undirected,1
200,189,The NewsNow Van,Unnamed members of L.A. Underclass,188,Undirected,1
68,491,Manzanar Murakami,"""Homey on the other end"" (187)",188,Undirected,1
69,72,Gabriel Balboa,Emi,189,Undirected,1
69,493,Gabriel Balboa,1-800 Lawyer,189,Undirected,1
493,87,1-800 Lawyer,Buzzworm,189,Undirected,1
192,87,LAPD,Buzzworm,189,Undirected,1
466,87,Kerry the Technician,Buzzworm,189,Undirected,1
493,466,1-800 Lawyer,Kerry the Technician,189,Undirected,1
192,466,LAPD,Kerry the Technician,189,Undirected,1
69,87,Gabriel Balboa,Buzzworm,189,Undirected,1
72,493,Emi,1-800 Lawyer,189,Undirected,1
69,466,Gabriel Balboa,Kerry the Technician,189,Undirected,1
72,87,Emi,Buzzworm,189,Undirected,1
192,69,LAPD,Gabriel Balboa,189,Undirected,1
72,466,Emi,Kerry the Technician,189,Undirected,1
192,493,LAPD,1-800 Lawyer,189,Undirected,1
192,72,LAPD,Emi,189,Undirected,1
499,476,Newton Ford,Mona,190,Undirected,1
72,497,Emi,Mama cookin' at the hot dog stand,190,Undirected,1
497,476,Mama cookin' at the hot dog stand,Mona,190,Undirected,1
466,476,Kerry the Technician,Mona,190,Undirected,1
72,466,Emi,Kerry the Technician,190,Undirected,1
87,476,Buzzworm,Mona,190,Undirected,1
497,466,Mama cookin' at the hot dog stand,Kerry the Technician,190,Undirected,1
498,476,Los Angeles Poverty Department,Mona,190,Undirected,1
72,499,Emi,Newton Ford,190,Undirected,1
72,87,Emi,Buzzworm,190,Undirected,1
497,499,Mama cookin' at the hot dog stand,Newton Ford,190,Undirected,1
466,499,Kerry the Technician,Newton Ford,190,Undirected,1
497,87,Mama cookin' at the hot dog stand,Buzzworm,190,Undirected,1
466,87,Kerry the Technician,Buzzworm,190,Undirected,1
499,87,Newton Ford,Buzzworm,190,Undirected,1
72,498,Emi,Los Angeles Poverty Department,190,Undirected,1
497,498,Mama cookin' at the hot dog stand,Los Angeles Poverty Department,190,Undirected,1
466,498,Kerry the Technician,Los Angeles Poverty Department,190,Undirected,1
498,87,Los Angeles Poverty Department,Buzzworm,190,Undirected,1
498,499,Los Angeles Poverty Department,Newton Ford,190,Undirected,1
72,476,Emi,Mona,190,Undirected,1
500,502,Saratoga Sara,Mara Sadat,191,Undirected,1
192,505,LAPD,Luis Alfaro,191,Undirected,1
72,503,Emi,Cadillac Occupant,191,Undirected,1
192,502,LAPD,Mara Sadat,191,Undirected,1
500,505,Saratoga Sara,Luis Alfaro,191,Undirected,1
192,87,LAPD,Buzzworm,191,Undirected,1
72,500,Emi,Saratoga Sara,191,Undirected,1
500,87,Saratoga Sara,Buzzworm,191,Undirected,1
502,505,Mara Sadat,Luis Alfaro,191,Undirected,1
502,87,Mara Sadat,Buzzworm,191,Undirected,1
503,189,Cadillac Occupant,Unnamed members of L.A. Underclass,191,Undirected,1
501,189,Saratoga Sara's baby,Unnamed members of L.A. Underclass,191,Undirected,1
498,501,Los Angeles Poverty Department,Saratoga Sara's baby,191,Undirected,1
504,502,John Malpede,Mara Sadat,191,Undirected,1
501,503,Saratoga Sara's baby,Cadillac Occupant,191,Undirected,1
504,505,John Malpede,Luis Alfaro,191,Undirected,1
504,87,John Malpede,Buzzworm,191,Undirected,1
192,498,LAPD,Los Angeles Poverty Department,191,Undirected,1
87,189,Buzzworm,Unnamed members of L.A. Underclass,191,Undirected,1
192,501,LAPD,Saratoga Sara's baby,191,Undirected,1
72,505,Emi,Luis Alfaro,191,Undirected,1
192,504,LAPD,John Malpede,191,Undirected,1
500,501,Saratoga Sara,Saratoga Sara's baby,191,Undirected,1
72,502,Emi,Mara Sadat,191,Undirected,1
505,189,Luis Alfaro,Unnamed members of L.A. Underclass,191,Undirected,1
72,87,Emi,Buzzworm,191,Undirected,1
498,189,Los Angeles Poverty Department,Unnamed members of L.A. Underclass,191,Undirected,1
498,500,Los Angeles Poverty Department,Saratoga Sara,191,Undirected,1
498,503,Los Angeles Poverty Department,Cadillac Occupant,191,Undirected,1
501,502,Saratoga Sara's baby,Mara Sadat,191,Undirected,1
504,498,John Malpede,Los Angeles Poverty Department,191,Undirected,1
501,505,Saratoga Sara's baby,Luis Alfaro,191,Undirected,1
504,501,John Malpede,Saratoga Sara's baby,191,Undirected,1
503,87,Cadillac Occupant,Buzzworm,191,Undirected,1
501,87,Saratoga Sara's baby,Buzzworm,191,Undirected,1
503,505,Cadillac Occupant,Luis Alfaro,191,Undirected,1
192,189,LAPD,Unnamed members of L.A. Underclass,191,Undirected,1
502,189,Mara Sadat,Unnamed members of L.A. Underclass,191,Undirected,1
192,500,LAPD,Saratoga Sara,191,Undirected,1
500,189,Saratoga Sara,Unnamed members of L.A. Underclass,191,Undirected,1
72,498,Emi,Los Angeles Poverty Department,191,Undirected,1
192,503,LAPD,Cadillac Occupant,191,Undirected,1
72,501,Emi,Saratoga Sara's baby,191,Undirected,1
500,503,Saratoga Sara,Cadillac Occupant,191,Undirected,1
72,504,Emi,John Malpede,191,Undirected,1
502,503,Mara Sadat,Cadillac Occupant,191,Undirected,1
87,505,Buzzworm,Luis Alfaro,191,Undirected,1
498,502,Los Angeles Poverty Department,Mara Sadat,191,Undirected,1
498,87,Los Angeles Poverty Department,Buzzworm,191,Undirected,1
498,505,Los Angeles Poverty Department,Luis Alfaro,191,Undirected,1
504,189,John Malpede,Unnamed members of L.A. Underclass,191,Undirected,1
504,500,John Malpede,Saratoga Sara,191,Undirected,1
504,503,John Malpede,Cadillac Occupant,191,Undirected,1
192,72,LAPD,Emi,191,Undirected,1
72,189,Emi,Unnamed members of L.A. Underclass,191,Undirected,1
347,348,Crips,Bloods,192,Undirected,1
72,622,Emi,David Welna,192,Undirected,1
622,623,David Welna,Kathleen Welna,192,Undirected,1
625,347,25 million inhabitants,Crips,192,Undirected,1
623,624,Kathleen Welna,"250,000 people (or more)",192,Undirected,1
72,625,Emi,25 million inhabitants,192,Undirected,1
624,348,"250,000 people (or more)",Bloods,192,Undirected,1
68,347,Manzanar Murakami,Crips,192,Undirected,1
623,87,Kathleen Welna,Buzzworm,192,Undirected,1
347,189,Crips,Unnamed members of L.A. Underclass,192,Undirected,1
69,623,Gabriel Balboa,Kathleen Welna,192,Undirected,1
72,347,Emi,Crips,192,Undirected,1
622,348,David Welna,Bloods,192,Undirected,1
624,723,"250,000 people (or more)",Virgin of Guadalupe,192,Undirected,1
624,189,"250,000 people (or more)",Unnamed members of L.A. Underclass,192,Undirected,1
68,72,Manzanar Murakami,Emi,192,Undirected,1
87,348,Buzzworm,Bloods,192,Undirected,1
68,69,Manzanar Murakami,Gabriel Balboa,192,Undirected,1
723,348,Virgin of Guadalupe,Bloods,192,Undirected,1
622,723,David Welna,Virgin of Guadalupe,192,Undirected,1
622,189,David Welna,Unnamed members of L.A. Underclass,192,Undirected,1
68,624,Manzanar Murakami,"250,000 people (or more)",192,Undirected,1
624,625,"250,000 people (or more)",25 million inhabitants,192,Undirected,1
69,348,Gabriel Balboa,Bloods,192,Undirected,1
625,87,25 million inhabitants,Buzzworm,192,Undirected,1
68,87,Manzanar Murakami,Buzzworm,192,Undirected,1
87,189,Buzzworm,Unnamed members of L.A. Underclass,192,Undirected,1
723,189,Virgin of Guadalupe,Unnamed members of L.A. Underclass,192,Undirected,1
72,624,Emi,"250,000 people (or more)",192,Undirected,1
622,625,David Welna,25 million inhabitants,192,Undirected,1
624,347,"250,000 people (or more)",Crips,192,Undirected,1
69,723,Gabriel Balboa,Virgin of Guadalupe,192,Undirected,1
69,189,Gabriel Balboa,Unnamed members of L.A. Underclass,192,Undirected,1
72,87,Emi,Buzzworm,192,Undirected,1
69,622,Gabriel Balboa,David Welna,192,Undirected,1
69,625,Gabriel Balboa,25 million inhabitants,192,Undirected,1
622,347,David Welna,Crips,192,Undirected,1
87,347,Buzzworm,Crips,192,Undirected,1
723,347,Virgin of Guadalupe,Crips,192,Undirected,1
623,348,Kathleen Welna,Bloods,192,Undirected,1
69,347,Gabriel Balboa,Crips,192,Undirected,1
624,87,"250,000 people (or more)",Buzzworm,192,Undirected,1
68,623,Manzanar Murakami,Kathleen Welna,192,Undirected,1
623,723,Kathleen Welna,Virgin of Guadalupe,192,Undirected,1
623,189,Kathleen Welna,Unnamed members of L.A. Underclass,192,Undirected,1
348,189,Bloods,Unnamed members of L.A. Underclass,192,Undirected,1
622,87,David Welna,Buzzworm,192,Undirected,1
72,623,Emi,Kathleen Welna,192,Undirected,1
69,72,Gabriel Balboa,Emi,192,Undirected,1
622,624,David Welna,"250,000 people (or more)",192,Undirected,1
623,625,Kathleen Welna,25 million inhabitants,192,Undirected,1
625,348,25 million inhabitants,Bloods,192,Undirected,1
68,348,Manzanar Murakami,Bloods,192,Undirected,1
723,87,Virgin of Guadalupe,Buzzworm,192,Undirected,1
69,624,Gabriel Balboa,"250,000 people (or more)",192,Undirected,1
625,723,25 million inhabitants,Virgin of Guadalupe,192,Undirected,1
69,87,Gabriel Balboa,Buzzworm,192,Undirected,1
625,189,25 million inhabitants,Unnamed members of L.A. Underclass,192,Undirected,1
623,347,Kathleen Welna,Crips,192,Undirected,1
72,348,Emi,Bloods,192,Undirected,1
68,723,Manzanar Murakami,Virgin of Guadalupe,192,Undirected,1
68,189,Manzanar Murakami,Unnamed members of L.A. Underclass,192,Undirected,1
72,723,Emi,Virgin of Guadalupe,192,Undirected,1
68,622,Manzanar Murakami,David Welna,192,Undirected,1
72,189,Emi,Unnamed members of L.A. Underclass,192,Undirected,1
68,625,Manzanar Murakami,25 million inhabitants,192,Undirected,1
622,315,David Welna,"""They"" (Organ Traffickers)",193,Undirected,1
72,622,Emi,David Welna,193,Undirected,1
622,626,David Welna,convoys of federales,193,Undirected,1
417,315,DEA,"""They"" (Organ Traffickers)",193,Undirected,1
72,631,Emi,two high level gov't officials,193,Undirected,1
626,315,convoys of federales,"""They"" (Organ Traffickers)",193,Undirected,1
417,626,DEA,convoys of federales,193,Undirected,1
72,628,Emi,United Nations reps,193,Undirected,1
622,629,David Welna,liberation theologians,193,Undirected,1
69,315,Gabriel Balboa,"""They"" (Organ Traffickers)",193,Undirected,1
417,629,DEA,liberation theologians,193,Undirected,1
622,95,David Welna,Corazon Juarez,193,Undirected,1
626,629,convoys of federales,liberation theologians,193,Undirected,1
627,628,human rights observers,United Nations reps,193,Undirected,1
628,315,United Nations reps,"""They"" (Organ Traffickers)",193,Undirected,1
628,629,United Nations reps,liberation theologians,193,Undirected,1
69,629,Gabriel Balboa,liberation theologians,193,Undirected,1
627,631,human rights observers,two high level gov't officials,193,Undirected,1
417,95,DEA,Corazon Juarez,193,Undirected,1
69,626,Gabriel Balboa,convoys of federales,193,Undirected,1
626,95,convoys of federales,Corazon Juarez,193,Undirected,1
629,631,liberation theologians,two high level gov't officials,193,Undirected,1
628,95,United Nations reps,Corazon Juarez,193,Undirected,1
69,95,Gabriel Balboa,Corazon Juarez,193,Undirected,1
630,315,Mexican soldiers (193),"""They"" (Organ Traffickers)",193,Undirected,1
72,627,Emi,human rights observers,193,Undirected,1
622,628,David Welna,United Nations reps,193,Undirected,1
630,95,Mexican soldiers (193),Corazon Juarez,193,Undirected,1
417,622,DEA,David Welna,193,Undirected,1
72,630,Emi,Mexican soldiers (193),193,Undirected,1
622,631,David Welna,two high level gov't officials,193,Undirected,1
417,631,DEA,two high level gov't officials,193,Undirected,1
69,622,Gabriel Balboa,David Welna,193,Undirected,1
626,631,convoys of federales,two high level gov't officials,193,Undirected,1
417,628,DEA,United Nations reps,193,Undirected,1
626,628,convoys of federales,United Nations reps,193,Undirected,1
627,630,human rights observers,Mexican soldiers (193),193,Undirected,1
69,631,Gabriel Balboa,two high level gov't officials,193,Undirected,1
628,631,United Nations reps,two high level gov't officials,193,Undirected,1
629,630,liberation theologians,Mexican soldiers (193),193,Undirected,1
69,628,Gabriel Balboa,United Nations reps,193,Undirected,1
72,315,Emi,"""They"" (Organ Traffickers)",193,Undirected,1
417,72,DEA,Emi,193,Undirected,1
72,626,Emi,convoys of federales,193,Undirected,1
417,69,DEA,Gabriel Balboa,193,Undirected,1
622,627,David Welna,human rights observers,193,Undirected,1
627,315,human rights observers,"""They"" (Organ Traffickers)",193,Undirected,1
69,72,Gabriel Balboa,Emi,193,Undirected,1
72,629,Emi,liberation theologians,193,Undirected,1
622,630,David Welna,Mexican soldiers (193),193,Undirected,1
630,631,Mexican soldiers (193),two high level gov't officials,193,Undirected,1
629,315,liberation theologians,"""They"" (Organ Traffickers)",193,Undirected,1
417,627,DEA,human rights observers,193,Undirected,1
72,95,Emi,Corazon Juarez,193,Undirected,1
626,627,convoys of federales,human rights observers,193,Undirected,1
631,315,two high level gov't officials,"""They"" (Organ Traffickers)",193,Undirected,1
417,630,DEA,Mexican soldiers (193),193,Undirected,1
626,630,convoys of federales,Mexican soldiers (193),193,Undirected,1
69,627,Gabriel Balboa,human rights observers,193,Undirected,1
627,629,human rights observers,liberation theologians,193,Undirected,1
627,95,human rights observers,Corazon Juarez,193,Undirected,1
628,630,United Nations reps,Mexican soldiers (193),193,Undirected,1
69,630,Gabriel Balboa,Mexican soldiers (193),193,Undirected,1
629,95,liberation theologians,Corazon Juarez,193,Undirected,1
631,95,two high level gov't officials,Corazon Juarez,193,Undirected,1
315,95,"""They"" (Organ Traffickers)",Corazon Juarez,193,Undirected,1
69,428,Gabriel Balboa,The Zapatistas,194,Undirected,1
632,633,orphaned kids (194),two-year-old,194,Undirected,1
87,632,Buzzworm,orphaned kids (194),194,Undirected,1
428,632,The Zapatistas,orphaned kids (194),194,Undirected,1
87,95,Buzzworm,Corazon Juarez,194,Undirected,1
428,95,The Zapatistas,Corazon Juarez,194,Undirected,1
66,69,Rafaela Cortes,Gabriel Balboa,194,Undirected,1
69,632,Gabriel Balboa,orphaned kids (194),194,Undirected,1
66,72,Rafaela Cortes,Emi,194,Undirected,1
69,95,Gabriel Balboa,Corazon Juarez,194,Undirected,1
66,87,Rafaela Cortes,Buzzworm,194,Undirected,1
66,145,Rafaela Cortes,Sol,194,Undirected,1
66,633,Rafaela Cortes,two-year-old,194,Undirected,1
145,87,Sol,Buzzworm,194,Undirected,1
145,633,Sol,two-year-old,194,Undirected,1
72,145,Emi,Sol,194,Undirected,1
72,87,Emi,Buzzworm,194,Undirected,1
72,633,Emi,two-year-old,194,Undirected,1
632,95,orphaned kids (194),Corazon Juarez,194,Undirected,1
66,428,Rafaela Cortes,The Zapatistas,194,Undirected,1
72,428,Emi,The Zapatistas,194,Undirected,1
66,632,Rafaela Cortes,orphaned kids (194),194,Undirected,1
66,95,Rafaela Cortes,Corazon Juarez,194,Undirected,1
145,95,Sol,Corazon Juarez,194,Undirected,1
145,632,Sol,orphaned kids (194),194,Undirected,1
69,72,Gabriel Balboa,Emi,194,Undirected,1
428,145,The Zapatistas,Sol,194,Undirected,1
72,632,Emi,orphaned kids (194),194,Undirected,1
428,87,The Zapatistas,Buzzworm,194,Undirected,1
72,95,Emi,Corazon Juarez,194,Undirected,1
428,633,The Zapatistas,two-year-old,194,Undirected,1
87,633,Buzzworm,two-year-old,194,Undirected,1
69,87,Gabriel Balboa,Buzzworm,194,Undirected,1
69,145,Gabriel Balboa,Sol,194,Undirected,1
69,633,Gabriel Balboa,two-year-old,194,Undirected,1
633,95,two-year-old,Corazon Juarez,194,Undirected,1
66,158,Rafaela Cortes,Hernando (Dona Maria's son),195,Undirected,1
624,635,"250,000 people (or more)",The people in Marcos village,195,Undirected,1
624,156,"250,000 people (or more)",Lupe,195,Undirected,1
72,143,Emi,Doña Maria,195,Undirected,1
143,432,Doña Maria,Subcomandante Marcos,195,Undirected,1
145,158,Sol,Hernando (Dona Maria's son),195,Undirected,1
156,158,Lupe,Hernando (Dona Maria's son),195,Undirected,1
143,145,Doña Maria,Sol,195,Undirected,1
72,158,Emi,Hernando (Dona Maria's son),195,Undirected,1
143,624,Doña Maria,"250,000 people (or more)",195,Undirected,1
635,156,The people in Marcos village,Lupe,195,Undirected,1
66,69,Rafaela Cortes,Gabriel Balboa,195,Undirected,1
432,635,Subcomandante Marcos,The people in Marcos village,195,Undirected,1
69,156,Gabriel Balboa,Lupe,195,Undirected,1
69,635,Gabriel Balboa,The people in Marcos village,195,Undirected,1
66,624,Rafaela Cortes,"250,000 people (or more)",195,Undirected,1
66,72,Rafaela Cortes,Emi,195,Undirected,1
66,432,Rafaela Cortes,Subcomandante Marcos,195,Undirected,1
206,143,police,Doña Maria,195,Undirected,1
432,156,Subcomandante Marcos,Lupe,195,Undirected,1
66,206,Rafaela Cortes,police,195,Undirected,1
66,145,Rafaela Cortes,Sol,195,Undirected,1
72,432,Emi,Subcomandante Marcos,195,Undirected,1
145,624,Sol,"250,000 people (or more)",195,Undirected,1
206,635,police,The people in Marcos village,195,Undirected,1
206,158,police,Hernando (Dona Maria's son),195,Undirected,1
624,158,"250,000 people (or more)",Hernando (Dona Maria's son),195,Undirected,1
72,145,Emi,Sol,195,Undirected,1
72,624,Emi,"250,000 people (or more)",195,Undirected,1
72,206,Emi,police,195,Undirected,1
69,143,Gabriel Balboa,Doña Maria,195,Undirected,1
635,158,The people in Marcos village,Hernando (Dona Maria's son),195,Undirected,1
143,635,Doña Maria,The people in Marcos village,195,Undirected,1
206,432,police,Subcomandante Marcos,195,Undirected,1
143,156,Doña Maria,Lupe,195,Undirected,1
69,158,Gabriel Balboa,Hernando (Dona Maria's son),195,Undirected,1
206,145,police,Sol,195,Undirected,1
206,624,police,"250,000 people (or more)",195,Undirected,1
432,158,Subcomandante Marcos,Hernando (Dona Maria's son),195,Undirected,1
66,156,Rafaela Cortes,Lupe,195,Undirected,1
66,635,Rafaela Cortes,The people in Marcos village,195,Undirected,1
145,635,Sol,The people in Marcos village,195,Undirected,1
145,156,Sol,Lupe,195,Undirected,1
69,72,Gabriel Balboa,Emi,195,Undirected,1
69,432,Gabriel Balboa,Subcomandante Marcos,195,Undirected,1
72,156,Emi,Lupe,195,Undirected,1
72,635,Emi,The people in Marcos village,195,Undirected,1
69,624,Gabriel Balboa,"250,000 people (or more)",195,Undirected,1
432,145,Subcomandante Marcos,Sol,195,Undirected,1
69,206,Gabriel Balboa,police,195,Undirected,1
69,145,Gabriel Balboa,Sol,195,Undirected,1
432,624,Subcomandante Marcos,"250,000 people (or more)",195,Undirected,1
143,158,Doña Maria,Hernando (Dona Maria's son),195,Undirected,1
206,156,police,Lupe,195,Undirected,1
66,143,Rafaela Cortes,Doña Maria,195,Undirected,1
69,72,Gabriel Balboa,Emi,196,Undirected,1
69,432,Gabriel Balboa,Subcomandante Marcos,196,Undirected,1
70,145,Arcangel/El Gran Mojado,Sol,196,Undirected,1
488,145,Bus passengers,Sol,196,Undirected,1
72,432,Emi,Subcomandante Marcos,196,Undirected,1
70,432,Arcangel/El Gran Mojado,Subcomandante Marcos,196,Undirected,1
488,72,Bus passengers,Emi,196,Undirected,1
70,488,Arcangel/El Gran Mojado,Bus passengers,196,Undirected,1
432,145,Subcomandante Marcos,Sol,196,Undirected,1
69,145,Gabriel Balboa,Sol,196,Undirected,1
72,145,Emi,Sol,196,Undirected,1
488,432,Bus passengers,Subcomandante Marcos,196,Undirected,1
69,70,Gabriel Balboa,Arcangel/El Gran Mojado,196,Undirected,1
69,488,Gabriel Balboa,Bus passengers,196,Undirected,1
70,72,Arcangel/El Gran Mojado,Emi,196,Undirected,1
488,145,Bus passengers,Sol,197,Undirected,1
70,224,Arcangel/El Gran Mojado,The Orange,197,Undirected,1
488,70,Bus passengers,Arcangel/El Gran Mojado,197,Undirected,1
488,224,Bus passengers,The Orange,197,Undirected,1
145,70,Sol,Arcangel/El Gran Mojado,197,Undirected,1
145,224,Sol,The Orange,197,Undirected,1
638,637,border guard (198),2.2 million braceros,198,Undirected,1
638,636,border guard (198),"400,000 deported Mexicans",198,Undirected,1
637,70,2.2 million braceros,Arcangel/El Gran Mojado,198,Undirected,1
636,637,"400,000 deported Mexicans",2.2 million braceros,198,Undirected,1
638,70,border guard (198),Arcangel/El Gran Mojado,198,Undirected,1
636,70,"400,000 deported Mexicans",Arcangel/El Gran Mojado,198,Undirected,1
120,637,Fidel Castro,2.2 million braceros,199,Undirected,1
640,120,Henrique Cardoso,Fidel Castro,199,Undirected,1
70,638,Arcangel/El Gran Mojado,border guard (198),199,Undirected,1
637,638,2.2 million braceros,border guard (198),199,Undirected,1
70,639,Arcangel/El Gran Mojado,Carlos Salinas de Gortari,199,Undirected,1
640,637,Henrique Cardoso,2.2 million braceros,199,Undirected,1
120,639,Fidel Castro,Carlos Salinas de Gortari,199,Undirected,1
70,120,Arcangel/El Gran Mojado,Fidel Castro,199,Undirected,1
70,637,Arcangel/El Gran Mojado,2.2 million braceros,199,Undirected,1
637,639,2.2 million braceros,Carlos Salinas de Gortari,199,Undirected,1
638,639,border guard (198),Carlos Salinas de Gortari,199,Undirected,1
120,638,Fidel Castro,border guard (198),199,Undirected,1
640,70,Henrique Cardoso,Arcangel/El Gran Mojado,199,Undirected,1
640,639,Henrique Cardoso,Carlos Salinas de Gortari,199,Undirected,1
640,638,Henrique Cardoso,border guard (198),199,Undirected,1
648,486,Combined Military Forces,Atahualpa,200,Undirected,1
651,485,freedom fighters,Moctezuma,200,Undirected,1
649,103,murderers (200),Che Guevara,200,Undirected,1
386,486,The Aztecs,Atahualpa,200,Undirected,1
647,115,Salvador Allende,Sandino,200,Undirected,1
652,578,Anthropologists,Indians,200,Undirected,1
150,157,Pancho Villa,Benito,200,Undirected,1
652,642,Anthropologists,woman pressing rubber,200,Undirected,1
578,70,Indians,Arcangel/El Gran Mojado,200,Undirected,1
644,70,Simón Bolívar,Arcangel/El Gran Mojado,200,Undirected,1
643,157,men welding fenders,Benito,200,Undirected,1
150,578,Pancho Villa,Indians,200,Undirected,1
643,648,men welding fenders,Combined Military Forces,200,Undirected,1
650,150,African slaves (200),Pancho Villa,200,Undirected,1
150,642,Pancho Villa,woman pressing rubber,200,Undirected,1
103,118,Che Guevara,Archbishop Romero,200,Undirected,1
648,650,Combined Military Forces,African slaves (200),200,Undirected,1
651,103,freedom fighters,Che Guevara,200,Undirected,1
386,650,The Aztecs,African slaves (200),200,Undirected,1
150,486,Pancho Villa,Atahualpa,200,Undirected,1
70,103,Arcangel/El Gran Mojado,Che Guevara,200,Undirected,1
643,486,men welding fenders,Atahualpa,200,Undirected,1
646,70,Pablo Neruda,Arcangel/El Gran Mojado,200,Undirected,1
651,652,freedom fighters,Anthropologists,200,Undirected,1
644,646,Simón Bolívar,Pablo Neruda,200,Undirected,1
224,115,The Orange,Sandino,200,Undirected,1
485,638,Moctezuma,border guard (198),200,Undirected,1
649,224,murderers (200),The Orange,200,Undirected,1
650,70,African slaves (200),Arcangel/El Gran Mojado,200,Undirected,1
644,118,Simón Bolívar,Archbishop Romero,200,Undirected,1
567,118,Conquistadors,Archbishop Romero,200,Undirected,1
578,118,Indians,Archbishop Romero,200,Undirected,1
645,638,Francisco de Morazán,border guard (198),200,Undirected,1
643,650,men welding fenders,African slaves (200),200,Undirected,1
641,485,kids selling Kleenex,Moctezuma,200,Undirected,1
386,643,The Aztecs,men welding fenders,200,Undirected,1
651,224,freedom fighters,The Orange,200,Undirected,1
652,70,Anthropologists,Arcangel/El Gran Mojado,200,Undirected,1
646,118,Pablo Neruda,Archbishop Romero,200,Undirected,1
386,652,The Aztecs,Anthropologists,200,Undirected,1
648,115,Combined Military Forces,Sandino,200,Undirected,1
642,578,woman pressing rubber,Indians,200,Undirected,1
386,115,The Aztecs,Sandino,200,Undirected,1
645,485,Francisco de Morazán,Moctezuma,200,Undirected,1
150,70,Pancho Villa,Arcangel/El Gran Mojado,200,Undirected,1
644,648,Simón Bolívar,Combined Military Forces,200,Undirected,1
650,118,African slaves (200),Archbishop Romero,200,Undirected,1
485,103,Moctezuma,Che Guevara,200,Undirected,1
645,567,Francisco de Morazán,Conquistadors,200,Undirected,1
641,103,kids selling Kleenex,Che Guevara,200,Undirected,1
567,486,Conquistadors,Atahualpa,200,Undirected,1
578,486,Indians,Atahualpa,200,Undirected,1
644,486,Simón Bolívar,Atahualpa,200,Undirected,1
647,485,Salvador Allende,Moctezuma,200,Undirected,1
645,103,Francisco de Morazán,Che Guevara,200,Undirected,1
641,652,kids selling Kleenex,Anthropologists,200,Undirected,1
646,157,Pablo Neruda,Benito,200,Undirected,1
646,648,Pablo Neruda,Combined Military Forces,200,Undirected,1
643,115,men welding fenders,Sandino,200,Undirected,1
652,118,Anthropologists,Archbishop Romero,200,Undirected,1
386,645,The Aztecs,Francisco de Morazán,200,Undirected,1
224,638,The Orange,border guard (198),200,Undirected,1
647,567,Salvador Allende,Conquistadors,200,Undirected,1
651,638,freedom fighters,border guard (198),200,Undirected,1
150,118,Pancho Villa,Archbishop Romero,200,Undirected,1
118,638,Archbishop Romero,border guard (198),200,Undirected,1
646,486,Pablo Neruda,Atahualpa,200,Undirected,1
644,650,Simón Bolívar,African slaves (200),200,Undirected,1
647,103,Salvador Allende,Che Guevara,200,Undirected,1
157,486,Benito,Atahualpa,200,Undirected,1
650,486,African slaves (200),Atahualpa,200,Undirected,1
224,485,The Orange,Moctezuma,200,Undirected,1
641,224,kids selling Kleenex,The Orange,200,Undirected,1
652,157,Anthropologists,Benito,200,Undirected,1
647,652,Salvador Allende,Anthropologists,200,Undirected,1
642,70,woman pressing rubber,Arcangel/El Gran Mojado,200,Undirected,1
646,150,Pablo Neruda,Pancho Villa,200,Undirected,1
641,645,kids selling Kleenex,Francisco de Morazán,200,Undirected,1
648,638,Combined Military Forces,border guard (198),200,Undirected,1
567,70,Conquistadors,Arcangel/El Gran Mojado,200,Undirected,1
645,224,Francisco de Morazán,The Orange,200,Undirected,1
486,115,Atahualpa,Sandino,200,Undirected,1
386,638,The Aztecs,border guard (198),200,Undirected,1
646,650,Pablo Neruda,African slaves (200),200,Undirected,1
651,567,freedom fighters,Conquistadors,200,Undirected,1
103,115,Che Guevara,Sandino,200,Undirected,1
652,486,Anthropologists,Atahualpa,200,Undirected,1
224,103,The Orange,Che Guevara,200,Undirected,1
648,485,Combined Military Forces,Moctezuma,200,Undirected,1
649,157,murderers (200),Benito,200,Undirected,1
644,652,Simón Bolívar,Anthropologists,200,Undirected,1
647,224,Salvador Allende,The Orange,200,Undirected,1
386,485,The Aztecs,Moctezuma,200,Undirected,1
642,118,woman pressing rubber,Archbishop Romero,200,Undirected,1
644,115,Simón Bolívar,Sandino,200,Undirected,1
649,578,murderers (200),Indians,200,Undirected,1
652,150,Anthropologists,Pancho Villa,200,Undirected,1
578,115,Indians,Sandino,200,Undirected,1
649,642,murderers (200),woman pressing rubber,200,Undirected,1
157,70,Benito,Arcangel/El Gran Mojado,200,Undirected,1
643,638,men welding fenders,border guard (198),200,Undirected,1
641,638,kids selling Kleenex,border guard (198),200,Undirected,1
648,567,Combined Military Forces,Conquistadors,200,Undirected,1
649,651,murderers (200),freedom fighters,200,Undirected,1
386,567,The Aztecs,Conquistadors,200,Undirected,1
641,647,kids selling Kleenex,Salvador Allende,200,Undirected,1
648,103,Combined Military Forces,Che Guevara,200,Undirected,1
386,103,The Aztecs,Che Guevara,200,Undirected,1
645,647,Francisco de Morazán,Salvador Allende,200,Undirected,1
646,115,Pablo Neruda,Sandino,200,Undirected,1
651,578,freedom fighters,Indians,200,Undirected,1
651,642,freedom fighters,woman pressing rubber,200,Undirected,1
643,485,men welding fenders,Moctezuma,200,Undirected,1
650,652,African slaves (200),Anthropologists,200,Undirected,1
648,652,Combined Military Forces,Anthropologists,200,Undirected,1
642,638,woman pressing rubber,border guard (198),200,Undirected,1
649,150,murderers (200),Pancho Villa,200,Undirected,1
644,645,Simón Bolívar,Francisco de Morazán,200,Undirected,1
650,115,African slaves (200),Sandino,200,Undirected,1
643,567,men welding fenders,Conquistadors,200,Undirected,1
641,567,kids selling Kleenex,Conquistadors,200,Undirected,1
647,638,Salvador Allende,border guard (198),200,Undirected,1
157,118,Benito,Archbishop Romero,200,Undirected,1
70,486,Arcangel/El Gran Mojado,Atahualpa,200,Undirected,1
486,638,Atahualpa,border guard (198),200,Undirected,1
103,638,Che Guevara,border guard (198),200,Undirected,1
650,578,African slaves (200),Indians,200,Undirected,1
642,486,woman pressing rubber,Atahualpa,200,Undirected,1
643,103,men welding fenders,Che Guevara,200,Undirected,1
641,649,kids selling Kleenex,murderers (200),200,Undirected,1
652,115,Anthropologists,Sandino,200,Undirected,1
115,118,Sandino,Archbishop Romero,200,Undirected,1
648,224,Combined Military Forces,The Orange,200,Undirected,1
649,70,murderers (200),Arcangel/El Gran Mojado,200,Undirected,1
643,652,men welding fenders,Anthropologists,200,Undirected,1
645,649,Francisco de Morazán,murderers (200),200,Undirected,1
386,224,The Aztecs,The Orange,200,Undirected,1
150,115,Pancho Villa,Sandino,200,Undirected,1
644,638,Simón Bolívar,border guard (198),200,Undirected,1
641,386,kids selling Kleenex,The Aztecs,200,Undirected,1
70,638,Arcangel/El Gran Mojado,border guard (198),200,Undirected,1
651,70,freedom fighters,Arcangel/El Gran Mojado,200,Undirected,1
647,649,Salvador Allende,murderers (200),200,Undirected,1
641,578,kids selling Kleenex,Indians,200,Undirected,1
567,485,Conquistadors,Moctezuma,200,Undirected,1
641,642,kids selling Kleenex,woman pressing rubber,200,Undirected,1
644,485,Simón Bolívar,Moctezuma,200,Undirected,1
645,157,Francisco de Morazán,Benito,200,Undirected,1
578,485,Indians,Moctezuma,200,Undirected,1
643,224,men welding fenders,The Orange,200,Undirected,1
641,651,kids selling Kleenex,freedom fighters,200,Undirected,1
649,118,murderers (200),Archbishop Romero,200,Undirected,1
486,103,Atahualpa,Che Guevara,200,Undirected,1
645,578,Francisco de Morazán,Indians,200,Undirected,1
485,486,Moctezuma,Atahualpa,200,Undirected,1
643,645,men welding fenders,Francisco de Morazán,200,Undirected,1
645,642,Francisco de Morazán,woman pressing rubber,200,Undirected,1
650,638,African slaves (200),border guard (198),200,Undirected,1
644,567,Simón Bolívar,Conquistadors,200,Undirected,1
645,651,Francisco de Morazán,freedom fighters,200,Undirected,1
386,647,The Aztecs,Salvador Allende,200,Undirected,1
646,485,Pablo Neruda,Moctezuma,200,Undirected,1
70,115,Arcangel/El Gran Mojado,Sandino,200,Undirected,1
644,103,Simón Bolívar,Che Guevara,200,Undirected,1
651,118,freedom fighters,Archbishop Romero,200,Undirected,1
642,115,woman pressing rubber,Sandino,200,Undirected,1
647,578,Salvador Allende,Indians,200,Undirected,1
647,642,Salvador Allende,woman pressing rubber,200,Undirected,1
650,485,African slaves (200),Moctezuma,200,Undirected,1
647,651,Salvador Allende,freedom fighters,200,Undirected,1
645,150,Francisco de Morazán,Pancho Villa,200,Undirected,1
567,115,Conquistadors,Sandino,200,Undirected,1
70,118,Arcangel/El Gran Mojado,Archbishop Romero,200,Undirected,1
641,644,kids selling Kleenex,Simón Bolívar,200,Undirected,1
150,638,Pancho Villa,border guard (198),200,Undirected,1
650,567,African slaves (200),Conquistadors,200,Undirected,1
646,103,Pablo Neruda,Che Guevara,200,Undirected,1
643,647,men welding fenders,Salvador Allende,200,Undirected,1
649,486,murderers (200),Atahualpa,200,Undirected,1
652,485,Anthropologists,Moctezuma,200,Undirected,1
641,70,kids selling Kleenex,Arcangel/El Gran Mojado,200,Undirected,1
650,103,African slaves (200),Che Guevara,200,Undirected,1
646,652,Pablo Neruda,Anthropologists,200,Undirected,1
648,649,Combined Military Forces,murderers (200),200,Undirected,1
651,157,freedom fighters,Benito,200,Undirected,1
386,649,The Aztecs,murderers (200),200,Undirected,1
150,485,Pancho Villa,Moctezuma,200,Undirected,1
567,224,Conquistadors,The Orange,200,Undirected,1
578,224,Indians,The Orange,200,Undirected,1
644,224,Simón Bolívar,The Orange,200,Undirected,1
645,70,Francisco de Morazán,Arcangel/El Gran Mojado,200,Undirected,1
652,567,Anthropologists,Conquistadors,200,Undirected,1
157,115,Benito,Sandino,200,Undirected,1
224,486,The Orange,Atahualpa,200,Undirected,1
150,567,Pancho Villa,Conquistadors,200,Undirected,1
651,486,freedom fighters,Atahualpa,200,Undirected,1
649,650,murderers (200),African slaves (200),200,Undirected,1
652,103,Anthropologists,Che Guevara,200,Undirected,1
641,646,kids selling Kleenex,Pablo Neruda,200,Undirected,1
150,103,Pancho Villa,Che Guevara,200,Undirected,1
485,118,Moctezuma,Archbishop Romero,200,Undirected,1
646,224,Pablo Neruda,The Orange,200,Undirected,1
647,70,Salvador Allende,Arcangel/El Gran Mojado,200,Undirected,1
641,118,kids selling Kleenex,Archbishop Romero,200,Undirected,1
386,157,The Aztecs,Benito,200,Undirected,1
643,649,men welding fenders,murderers (200),200,Undirected,1
645,646,Francisco de Morazán,Pablo Neruda,200,Undirected,1
648,578,Combined Military Forces,Indians,200,Undirected,1
648,642,Combined Military Forces,woman pressing rubber,200,Undirected,1
386,578,The Aztecs,Indians,200,Undirected,1
651,150,freedom fighters,Pancho Villa,200,Undirected,1
386,642,The Aztecs,woman pressing rubber,200,Undirected,1
648,651,Combined Military Forces,freedom fighters,200,Undirected,1
645,118,Francisco de Morazán,Archbishop Romero,200,Undirected,1
650,224,African slaves (200),The Orange,200,Undirected,1
386,651,The Aztecs,freedom fighters,200,Undirected,1
567,638,Conquistadors,border guard (198),200,Undirected,1
578,638,Indians,border guard (198),200,Undirected,1
644,647,Simón Bolívar,Salvador Allende,200,Undirected,1
157,224,Benito,The Orange,200,Undirected,1
70,485,Arcangel/El Gran Mojado,Moctezuma,200,Undirected,1
642,485,woman pressing rubber,Moctezuma,200,Undirected,1
641,157,kids selling Kleenex,Benito,200,Undirected,1
649,652,murderers (200),Anthropologists,200,Undirected,1
652,224,Anthropologists,The Orange,200,Undirected,1
641,648,kids selling Kleenex,Combined Military Forces,200,Undirected,1
647,118,Salvador Allende,Archbishop Romero,200,Undirected,1
643,578,men welding fenders,Indians,200,Undirected,1
648,150,Combined Military Forces,Pancho Villa,200,Undirected,1
386,150,The Aztecs,Pancho Villa,200,Undirected,1
643,642,men welding fenders,woman pressing rubber,200,Undirected,1
649,115,murderers (200),Sandino,200,Undirected,1
150,224,Pancho Villa,The Orange,200,Undirected,1
646,638,Pablo Neruda,border guard (198),200,Undirected,1
642,567,woman pressing rubber,Conquistadors,200,Undirected,1
643,651,men welding fenders,freedom fighters,200,Undirected,1
645,648,Francisco de Morazán,Combined Military Forces,200,Undirected,1
486,118,Atahualpa,Archbishop Romero,200,Undirected,1
646,647,Pablo Neruda,Salvador Allende,200,Undirected,1
157,638,Benito,border guard (198),200,Undirected,1
641,486,kids selling Kleenex,Atahualpa,200,Undirected,1
386,644,The Aztecs,Simón Bolívar,200,Undirected,1
642,103,woman pressing rubber,Che Guevara,200,Undirected,1
651,115,freedom fighters,Sandino,200,Undirected,1
645,486,Francisco de Morazán,Atahualpa,200,Undirected,1
648,70,Combined Military Forces,Arcangel/El Gran Mojado,200,Undirected,1
647,157,Salvador Allende,Benito,200,Undirected,1
567,103,Conquistadors,Che Guevara,200,Undirected,1
644,649,Simón Bolívar,murderers (200),200,Undirected,1
386,70,The Aztecs,Arcangel/El Gran Mojado,200,Undirected,1
641,150,kids selling Kleenex,Pancho Villa,200,Undirected,1
643,150,men welding fenders,Pancho Villa,200,Undirected,1
647,648,Salvador Allende,Combined Military Forces,200,Undirected,1
157,485,Benito,Moctezuma,200,Undirected,1
578,103,Indians,Che Guevara,200,Undirected,1
224,118,The Orange,Archbishop Romero,200,Undirected,1
115,638,Sandino,border guard (198),200,Undirected,1
652,638,Anthropologists,border guard (198),200,Undirected,1
641,650,kids selling Kleenex,African slaves (200),200,Undirected,1
646,567,Pablo Neruda,Conquistadors,200,Undirected,1
643,644,men welding fenders,Simón Bolívar,200,Undirected,1
157,567,Benito,Conquistadors,200,Undirected,1
647,486,Salvador Allende,Atahualpa,200,Undirected,1
645,650,Francisco de Morazán,African slaves (200),200,Undirected,1
646,649,Pablo Neruda,murderers (200),200,Undirected,1
70,224,Arcangel/El Gran Mojado,The Orange,200,Undirected,1
386,646,The Aztecs,Pablo Neruda,200,Undirected,1
644,157,Simón Bolívar,Benito,200,Undirected,1
157,103,Benito,Che Guevara,200,Undirected,1
643,70,men welding fenders,Arcangel/El Gran Mojado,200,Undirected,1
642,224,woman pressing rubber,The Orange,200,Undirected,1
648,118,Combined Military Forces,Archbishop Romero,200,Undirected,1
567,578,Conquistadors,Indians,200,Undirected,1
644,578,Simón Bolívar,Indians,200,Undirected,1
647,150,Salvador Allende,Pancho Villa,200,Undirected,1
386,118,The Aztecs,Archbishop Romero,200,Undirected,1
644,642,Simón Bolívar,woman pressing rubber,200,Undirected,1
649,638,murderers (200),border guard (198),200,Undirected,1
644,651,Simón Bolívar,freedom fighters,200,Undirected,1
647,650,Salvador Allende,African slaves (200),200,Undirected,1
641,643,kids selling Kleenex,men welding fenders,200,Undirected,1
485,115,Moctezuma,Sandino,200,Undirected,1
641,115,kids selling Kleenex,Sandino,200,Undirected,1
643,646,men welding fenders,Pablo Neruda,200,Undirected,1
646,578,Pablo Neruda,Indians,200,Undirected,1
646,642,Pablo Neruda,woman pressing rubber,200,Undirected,1
649,485,murderers (200),Moctezuma,200,Undirected,1
650,157,African slaves (200),Benito,200,Undirected,1
645,652,Francisco de Morazán,Anthropologists,200,Undirected,1
648,157,Combined Military Forces,Benito,200,Undirected,1
646,651,Pablo Neruda,freedom fighters,200,Undirected,1
643,118,men welding fenders,Archbishop Romero,200,Undirected,1
644,150,Simón Bolívar,Pancho Villa,200,Undirected,1
645,115,Francisco de Morazán,Sandino,200,Undirected,1
157,642,Benito,woman pressing rubber,200,Undirected,1
386,648,The Aztecs,Combined Military Forces,200,Undirected,1
650,642,African slaves (200),woman pressing rubber,200,Undirected,1
157,578,Benito,Indians,200,Undirected,1
649,567,murderers (200),Conquistadors,200,Undirected,1
650,651,African slaves (200),freedom fighters,200,Undirected,1
70,656,Arcangel/El Gran Mojado,Saints,201,Undirected,1
653,656,Latifundistas,Saints,201,Undirected,1
443,511,migrants,Border Rats,201,Undirected,1
98,165,Bobby Ngu,Americans (in the abstract),201,Undirected,1
654,511,Ecomartyrs,Border Rats,201,Undirected,1
165,655,Americans (in the abstract),Terrorists,201,Undirected,1
70,146,Arcangel/El Gran Mojado,Pepe,201,Undirected,1
653,146,Latifundistas,Pepe,201,Undirected,1
656,511,Saints,Border Rats,201,Undirected,1
165,511,Americans (in the abstract),Border Rats,201,Undirected,1
225,443,Xiayue,migrants,201,Undirected,1
146,443,Pepe,migrants,201,Undirected,1
225,98,Xiayue,Bobby Ngu,201,Undirected,1
66,654,Rafaela Cortes,Ecomartyrs,201,Undirected,1
66,510,Rafaela Cortes,"""Poor Indian types"" (201)",201,Undirected,1
225,146,Xiayue,Pepe,201,Undirected,1
66,656,Rafaela Cortes,Saints,201,Undirected,1
98,654,Bobby Ngu,Ecomartyrs,201,Undirected,1
70,443,Arcangel/El Gran Mojado,migrants,201,Undirected,1
653,443,Latifundistas,migrants,201,Undirected,1
66,146,Rafaela Cortes,Pepe,201,Undirected,1
225,66,Xiayue,Rafaela Cortes,201,Undirected,1
70,653,Arcangel/El Gran Mojado,Latifundistas,201,Undirected,1
146,511,Pepe,Border Rats,201,Undirected,1
655,656,Terrorists,Saints,201,Undirected,1
98,656,Bobby Ngu,Saints,201,Undirected,1
655,146,Terrorists,Pepe,201,Undirected,1
98,146,Bobby Ngu,Pepe,201,Undirected,1
70,655,Arcangel/El Gran Mojado,Terrorists,201,Undirected,1
653,655,Latifundistas,Terrorists,201,Undirected,1
443,510,migrants,"""Poor Indian types"" (201)",201,Undirected,1
654,510,Ecomartyrs,"""Poor Indian types"" (201)",201,Undirected,1
165,654,Americans (in the abstract),Ecomartyrs,201,Undirected,1
98,66,Bobby Ngu,Rafaela Cortes,201,Undirected,1
70,511,Arcangel/El Gran Mojado,Border Rats,201,Undirected,1
225,653,Xiayue,Latifundistas,201,Undirected,1
653,511,Latifundistas,Border Rats,201,Undirected,1
66,443,Rafaela Cortes,migrants,201,Undirected,1
225,70,Xiayue,Arcangel/El Gran Mojado,201,Undirected,1
165,510,Americans (in the abstract),"""Poor Indian types"" (201)",201,Undirected,1
66,653,Rafaela Cortes,Latifundistas,201,Undirected,1
66,70,Rafaela Cortes,Arcangel/El Gran Mojado,201,Undirected,1
225,655,Xiayue,Terrorists,201,Undirected,1
655,443,Terrorists,migrants,201,Undirected,1
98,443,Bobby Ngu,migrants,201,Undirected,1
225,511,Xiayue,Border Rats,201,Undirected,1
66,655,Rafaela Cortes,Terrorists,201,Undirected,1
98,653,Bobby Ngu,Latifundistas,201,Undirected,1
98,70,Bobby Ngu,Arcangel/El Gran Mojado,201,Undirected,1
66,511,Rafaela Cortes,Border Rats,201,Undirected,1
146,510,Pepe,"""Poor Indian types"" (201)",201,Undirected,1
98,655,Bobby Ngu,Terrorists,201,Undirected,1
654,656,Ecomartyrs,Saints,201,Undirected,1
510,511,"""Poor Indian types"" (201)",Border Rats,201,Undirected,1
655,511,Terrorists,Border Rats,201,Undirected,1
656,510,Saints,"""Poor Indian types"" (201)",201,Undirected,1
98,511,Bobby Ngu,Border Rats,201,Undirected,1
654,146,Ecomartyrs,Pepe,201,Undirected,1
165,656,Americans (in the abstract),Saints,201,Undirected,1
656,146,Saints,Pepe,201,Undirected,1
165,146,Americans (in the abstract),Pepe,201,Undirected,1
225,654,Xiayue,Ecomartyrs,201,Undirected,1
225,510,Xiayue,"""Poor Indian types"" (201)",201,Undirected,1
654,443,Ecomartyrs,migrants,201,Undirected,1
225,165,Xiayue,Americans (in the abstract),201,Undirected,1
225,656,Xiayue,Saints,201,Undirected,1
656,443,Saints,migrants,201,Undirected,1
165,443,Americans (in the abstract),migrants,201,Undirected,1
70,654,Arcangel/El Gran Mojado,Ecomartyrs,201,Undirected,1
66,165,Rafaela Cortes,Americans (in the abstract),201,Undirected,1
653,654,Latifundistas,Ecomartyrs,201,Undirected,1
165,653,Americans (in the abstract),Latifundistas,201,Undirected,1
165,70,Americans (in the abstract),Arcangel/El Gran Mojado,201,Undirected,1
654,655,Ecomartyrs,Terrorists,201,Undirected,1
70,510,Arcangel/El Gran Mojado,"""Poor Indian types"" (201)",201,Undirected,1
655,510,Terrorists,"""Poor Indian types"" (201)",201,Undirected,1
653,510,Latifundistas,"""Poor Indian types"" (201)",201,Undirected,1
98,510,Bobby Ngu,"""Poor Indian types"" (201)",201,Undirected,1
266,509,Xiayue's Brother,Emiliano Zapata,202,Undirected,1
225,337,Xiayue,La Migra (Border patrol),202,Undirected,1
98,146,Bobby Ngu,Pepe,202,Undirected,1
98,509,Bobby Ngu,Emiliano Zapata,202,Undirected,1
146,443,Pepe,migrants,202,Undirected,1
225,443,Xiayue,migrants,202,Undirected,1
225,266,Xiayue,Xiayue's Brother,202,Undirected,1
266,337,Xiayue's Brother,La Migra (Border patrol),202,Undirected,1
337,443,La Migra (Border patrol),migrants,202,Undirected,1
225,98,Xiayue,Bobby Ngu,202,Undirected,1
266,443,Xiayue's Brother,migrants,202,Undirected,1
98,337,Bobby Ngu,La Migra (Border patrol),202,Undirected,1
146,509,Pepe,Emiliano Zapata,202,Undirected,1
225,509,Xiayue,Emiliano Zapata,202,Undirected,1
443,509,migrants,Emiliano Zapata,202,Undirected,1
225,146,Xiayue,Pepe,202,Undirected,1
337,146,La Migra (Border patrol),Pepe,202,Undirected,1
337,509,La Migra (Border patrol),Emiliano Zapata,202,Undirected,1
98,266,Bobby Ngu,Xiayue's Brother,202,Undirected,1
98,443,Bobby Ngu,migrants,202,Undirected,1
266,146,Xiayue's Brother,Pepe,202,Undirected,1
66,515,Rafaela Cortes,"""Celestials"" (Chinese People 203)",203,Undirected,1
517,515,"""Mexicans and centroamericanos"" 203","""Celestials"" (Chinese People 203)",203,Undirected,1
266,515,Xiayue's Brother,"""Celestials"" (Chinese People 203)",203,Undirected,1
516,260,Bobby's Brother's Teacher,Xiayue's parents,203,Undirected,1
163,66,Bobby's Mother,Rafaela Cortes,203,Undirected,1
162,515,Bobby's Father,"""Celestials"" (Chinese People 203)",203,Undirected,1
161,260,Bobby's Brother,Xiayue's parents,203,Undirected,1
161,516,Bobby's Brother,Bobby's Brother's Teacher,203,Undirected,1
516,225,Bobby's Brother's Teacher,Xiayue,203,Undirected,1
163,260,Bobby's Mother,Xiayue's parents,203,Undirected,1
162,517,Bobby's Father,"""Mexicans and centroamericanos"" 203",203,Undirected,1
162,163,Bobby's Father,Bobby's Mother,203,Undirected,1
516,328,Bobby's Brother's Teacher,gangs,203,Undirected,1
516,163,Bobby's Brother's Teacher,Bobby's Mother,203,Undirected,1
225,365,Xiayue,Levis Strauss,203,Undirected,1
161,328,Bobby's Brother,gangs,203,Undirected,1
516,266,Bobby's Brother's Teacher,Xiayue's Brother,203,Undirected,1
163,365,Bobby's Mother,Levis Strauss,203,Undirected,1
517,66,"""Mexicans and centroamericanos"" 203",Rafaela Cortes,203,Undirected,1
163,328,Bobby's Mother,gangs,203,Undirected,1
225,260,Xiayue,Xiayue's parents,203,Undirected,1
161,266,Bobby's Brother,Xiayue's Brother,203,Undirected,1
516,515,Bobby's Brother's Teacher,"""Celestials"" (Chinese People 203)",203,Undirected,1
98,66,Bobby Ngu,Rafaela Cortes,203,Undirected,1
163,266,Bobby's Mother,Xiayue's Brother,203,Undirected,1
66,260,Rafaela Cortes,Xiayue's parents,203,Undirected,1
517,260,"""Mexicans and centroamericanos"" 203",Xiayue's parents,203,Undirected,1
161,515,Bobby's Brother,"""Celestials"" (Chinese People 203)",203,Undirected,1
516,517,Bobby's Brother's Teacher,"""Mexicans and centroamericanos"" 203",203,Undirected,1
161,225,Bobby's Brother,Xiayue,203,Undirected,1
98,260,Bobby Ngu,Xiayue's parents,203,Undirected,1
260,365,Xiayue's parents,Levis Strauss,203,Undirected,1
163,515,Bobby's Mother,"""Celestials"" (Chinese People 203)",203,Undirected,1
162,98,Bobby's Father,Bobby Ngu,203,Undirected,1
515,365,"""Celestials"" (Chinese People 203)",Levis Strauss,203,Undirected,1
98,516,Bobby Ngu,Bobby's Brother's Teacher,203,Undirected,1
163,225,Bobby's Mother,Xiayue,203,Undirected,1
225,328,Xiayue,gangs,203,Undirected,1
161,517,Bobby's Brother,"""Mexicans and centroamericanos"" 203",203,Undirected,1
161,163,Bobby's Brother,Bobby's Mother,203,Undirected,1
517,365,"""Mexicans and centroamericanos"" 203",Levis Strauss,203,Undirected,1
66,365,Rafaela Cortes,Levis Strauss,203,Undirected,1
266,365,Xiayue's Brother,Levis Strauss,203,Undirected,1
66,328,Rafaela Cortes,gangs,203,Undirected,1
225,266,Xiayue,Xiayue's Brother,203,Undirected,1
162,365,Bobby's Father,Levis Strauss,203,Undirected,1
162,66,Bobby's Father,Rafaela Cortes,203,Undirected,1
98,365,Bobby Ngu,Levis Strauss,203,Undirected,1
98,328,Bobby Ngu,gangs,203,Undirected,1
516,66,Bobby's Brother's Teacher,Rafaela Cortes,203,Undirected,1
225,515,Xiayue,"""Celestials"" (Chinese People 203)",203,Undirected,1
162,260,Bobby's Father,Xiayue's parents,203,Undirected,1
98,266,Bobby Ngu,Xiayue's Brother,203,Undirected,1
162,516,Bobby's Father,Bobby's Brother's Teacher,203,Undirected,1
328,365,gangs,Levis Strauss,203,Undirected,1
66,225,Rafaela Cortes,Xiayue,203,Undirected,1
517,225,"""Mexicans and centroamericanos"" 203",Xiayue,203,Undirected,1
260,328,Xiayue's parents,gangs,203,Undirected,1
98,515,Bobby Ngu,"""Celestials"" (Chinese People 203)",203,Undirected,1
162,225,Bobby's Father,Xiayue,203,Undirected,1
517,328,"""Mexicans and centroamericanos"" 203",gangs,203,Undirected,1
266,328,Xiayue's Brother,gangs,203,Undirected,1
517,163,"""Mexicans and centroamericanos"" 203",Bobby's Mother,203,Undirected,1
98,225,Bobby Ngu,Xiayue,203,Undirected,1
260,266,Xiayue's parents,Xiayue's Brother,203,Undirected,1
161,98,Bobby's Brother,Bobby Ngu,203,Undirected,1
161,162,Bobby's Brother,Bobby's Father,203,Undirected,1
162,328,Bobby's Father,gangs,203,Undirected,1
66,266,Rafaela Cortes,Xiayue's Brother,203,Undirected,1
517,266,"""Mexicans and centroamericanos"" 203",Xiayue's Brother,203,Undirected,1
98,517,Bobby Ngu,"""Mexicans and centroamericanos"" 203",203,Undirected,1
516,365,Bobby's Brother's Teacher,Levis Strauss,203,Undirected,1
98,163,Bobby Ngu,Bobby's Mother,203,Undirected,1
260,515,Xiayue's parents,"""Celestials"" (Chinese People 203)",203,Undirected,1
328,515,gangs,"""Celestials"" (Chinese People 203)",203,Undirected,1
162,266,Bobby's Father,Xiayue's Brother,203,Undirected,1
161,365,Bobby's Brother,Levis Strauss,203,Undirected,1
161,66,Bobby's Brother,Rafaela Cortes,203,Undirected,1
676,679,Peter Sellers,Richard Sakai,204,Undirected,1
668,675,Scottie Pippen,Rossini,204,Undirected,1
658,225,Bruin mascot,Xiayue,204,Undirected,1
660,671,Rose Bowl crowd,Chicago Bulls,204,Undirected,1
668,684,Scottie Pippen,Chinese housewives,204,Undirected,1
679,684,Richard Sakai,Chinese housewives,204,Undirected,1
660,680,Rose Bowl crowd,Oscar awards crowd,204,Undirected,1
658,243,Bruin mascot,Dorothy Buffum Chandler,204,Undirected,1
672,681,Bud Girls,Beauty,204,Undirected,1
663,443,USC team,migrants,204,Undirected,1
661,662,sweaty trojan horse rider,UCLA team,204,Undirected,1
674,443,Placido Domingo,migrants,204,Undirected,1
661,671,sweaty trojan horse rider,Chicago Bulls,204,Undirected,1
664,673,Sports Arena crowd,Boxing match attendees,204,Undirected,1
683,686,Shubert crowd,Thousands of Iglesias fans,204,Undirected,1
520,659,Barbie,The Clippers,204,Undirected,1
664,682,Sports Arena crowd,Beast,204,Undirected,1
675,682,Rossini,Beast,204,Undirected,1
667,678,Hideo Nomo,Opera crowd,204,Undirected,1
520,668,Barbie,Scottie Pippen,204,Undirected,1
520,268,Barbie,Shaquille O'Neal,204,Undirected,1
268,443,Shaquille O'Neal,migrants,204,Undirected,1
668,670,Scottie Pippen,Forum crowd,204,Undirected,1
660,666,Rose Bowl crowd,The Dodgers,204,Undirected,1
676,683,Peter Sellers,Shubert crowd,204,Undirected,1
668,679,Scottie Pippen,Richard Sakai,204,Undirected,1
660,675,Rose Bowl crowd,Rossini,204,Undirected,1
660,684,Rose Bowl crowd,Chinese housewives,204,Undirected,1
672,676,Bud Girls,Peter Sellers,204,Undirected,1
669,225,The Lakers,Xiayue,204,Undirected,1
666,98,The Dodgers,Bobby Ngu,204,Undirected,1
664,165,Sports Arena crowd,Americans (in the abstract),204,Undirected,1
671,680,Chicago Bulls,Oscar awards crowd,204,Undirected,1
675,165,Rossini,Americans (in the abstract),204,Undirected,1
669,243,The Lakers,Dorothy Buffum Chandler,204,Undirected,1
661,666,sweaty trojan horse rider,The Dodgers,204,Undirected,1
663,685,USC team,Julio Iglesias,204,Undirected,1
674,685,Placido Domingo,Julio Iglesias,204,Undirected,1
664,668,Sports Arena crowd,Scottie Pippen,204,Undirected,1
667,673,Hideo Nomo,Boxing match attendees,204,Undirected,1
520,663,Barbie,USC team,204,Undirected,1
664,686,Sports Arena crowd,Thousands of Iglesias fans,204,Undirected,1
675,686,Rossini,Thousands of Iglesias fans,204,Undirected,1
667,682,Hideo Nomo,Beast,204,Undirected,1
165,682,Americans (in the abstract),Beast,204,Undirected,1
676,678,Peter Sellers,Opera crowd,204,Undirected,1
268,676,Shaquille O'Neal,Peter Sellers,204,Undirected,1
660,661,Rose Bowl crowd,sweaty trojan horse rider,204,Undirected,1
668,674,Scottie Pippen,Placido Domingo,204,Undirected,1
268,685,Shaquille O'Neal,Julio Iglesias,204,Undirected,1
660,670,Rose Bowl crowd,Forum crowd,204,Undirected,1
668,683,Scottie Pippen,Shubert crowd,204,Undirected,1
679,683,Richard Sakai,Shubert crowd,204,Undirected,1
685,98,Julio Iglesias,Bobby Ngu,204,Undirected,1
660,679,Rose Bowl crowd,Richard Sakai,204,Undirected,1
671,675,Chicago Bulls,Rossini,204,Undirected,1
661,225,sweaty trojan horse rider,Xiayue,204,Undirected,1
663,671,USC team,Chicago Bulls,204,Undirected,1
671,684,Chicago Bulls,Chinese housewives,204,Undirected,1
658,98,Bruin mascot,Bobby Ngu,204,Undirected,1
682,684,Beast,Chinese housewives,204,Undirected,1
663,680,USC team,Oscar awards crowd,204,Undirected,1
667,165,Hideo Nomo,Americans (in the abstract),204,Undirected,1
674,680,Placido Domingo,Oscar awards crowd,204,Undirected,1
661,243,sweaty trojan horse rider,Dorothy Buffum Chandler,204,Undirected,1
515,674,"""Celestials"" (Chinese People 203)",Placido Domingo,204,Undirected,1
515,683,"""Celestials"" (Chinese People 203)",Shubert crowd,204,Undirected,1
664,672,Sports Arena crowd,Bud Girls,204,Undirected,1
683,685,Shubert crowd,Julio Iglesias,204,Undirected,1
667,668,Hideo Nomo,Scottie Pippen,204,Undirected,1
664,681,Sports Arena crowd,Beauty,204,Undirected,1
675,681,Rossini,Beauty,204,Undirected,1
667,686,Hideo Nomo,Thousands of Iglesias fans,204,Undirected,1
666,443,The Dodgers,migrants,204,Undirected,1
268,662,Shaquille O'Neal,UCLA team,204,Undirected,1
165,686,Americans (in the abstract),Thousands of Iglesias fans,204,Undirected,1
268,671,Shaquille O'Neal,Chicago Bulls,204,Undirected,1
668,669,Scottie Pippen,The Lakers,204,Undirected,1
268,680,Shaquille O'Neal,Oscar awards crowd,204,Undirected,1
660,665,Rose Bowl crowd,Nomo fans,204,Undirected,1
660,674,Rose Bowl crowd,Placido Domingo,204,Undirected,1
680,225,Oscar awards crowd,Xiayue,204,Undirected,1
678,682,Opera crowd,Beast,204,Undirected,1
659,678,The Clippers,Opera crowd,204,Undirected,1
680,243,Oscar awards crowd,Dorothy Buffum Chandler,204,Undirected,1
663,666,USC team,The Dodgers,204,Undirected,1
671,679,Chicago Bulls,Richard Sakai,204,Undirected,1
663,675,USC team,Rossini,204,Undirected,1
674,675,Placido Domingo,Rossini,204,Undirected,1
518,684,Border patrol officer,Chinese housewives,204,Undirected,1
663,684,USC team,Chinese housewives,204,Undirected,1
674,684,Placido Domingo,Chinese housewives,204,Undirected,1
685,443,Julio Iglesias,migrants,204,Undirected,1
515,669,"""Celestials"" (Chinese People 203)",The Lakers,204,Undirected,1
515,678,"""Celestials"" (Chinese People 203)",Opera crowd,204,Undirected,1
664,667,Sports Arena crowd,Hideo Nomo,204,Undirected,1
664,676,Sports Arena crowd,Peter Sellers,204,Undirected,1
675,676,Rossini,Peter Sellers,204,Undirected,1
667,672,Hideo Nomo,Bud Girls,204,Undirected,1
669,98,The Lakers,Bobby Ngu,204,Undirected,1
667,681,Hideo Nomo,Beauty,204,Undirected,1
165,681,Americans (in the abstract),Beauty,204,Undirected,1
268,666,Shaquille O'Neal,The Dodgers,204,Undirected,1
658,443,Bruin mascot,migrants,204,Undirected,1
268,675,Shaquille O'Neal,Rossini,204,Undirected,1
268,684,Shaquille O'Neal,Chinese housewives,204,Undirected,1
659,673,The Clippers,Boxing match attendees,204,Undirected,1
670,673,Forum crowd,Boxing match attendees,204,Undirected,1
672,225,Bud Girls,Xiayue,204,Undirected,1
678,686,Opera crowd,Thousands of Iglesias fans,204,Undirected,1
659,682,The Clippers,Beast,204,Undirected,1
670,682,Forum crowd,Beast,204,Undirected,1
672,243,Bud Girls,Dorothy Buffum Chandler,204,Undirected,1
660,98,Rose Bowl crowd,Bobby Ngu,204,Undirected,1
518,670,Border patrol officer,Forum crowd,204,Undirected,1
671,674,Chicago Bulls,Placido Domingo,204,Undirected,1
663,670,USC team,Forum crowd,204,Undirected,1
518,679,Border patrol officer,Richard Sakai,204,Undirected,1
671,683,Chicago Bulls,Shubert crowd,204,Undirected,1
682,683,Beast,Shubert crowd,204,Undirected,1
663,679,USC team,Richard Sakai,204,Undirected,1
674,679,Placido Domingo,Richard Sakai,204,Undirected,1
515,664,"""Celestials"" (Chinese People 203)",Sports Arena crowd,204,Undirected,1
515,673,"""Celestials"" (Chinese People 203)",Boxing match attendees,204,Undirected,1
515,682,"""Celestials"" (Chinese People 203)",Beast,204,Undirected,1
664,671,Sports Arena crowd,Chicago Bulls,204,Undirected,1
667,676,Hideo Nomo,Peter Sellers,204,Undirected,1
661,98,sweaty trojan horse rider,Bobby Ngu,204,Undirected,1
515,520,"""Celestials"" (Chinese People 203)",Barbie,204,Undirected,1
268,661,Shaquille O'Neal,sweaty trojan horse rider,204,Undirected,1
659,165,The Clippers,Americans (in the abstract),204,Undirected,1
666,680,The Dodgers,Oscar awards crowd,204,Undirected,1
670,165,Forum crowd,Americans (in the abstract),204,Undirected,1
165,685,Americans (in the abstract),Julio Iglesias,204,Undirected,1
268,670,Shaquille O'Neal,Forum crowd,204,Undirected,1
658,685,Bruin mascot,Julio Iglesias,204,Undirected,1
268,679,Shaquille O'Neal,Richard Sakai,204,Undirected,1
659,668,The Clippers,Scottie Pippen,204,Undirected,1
678,681,Opera crowd,Beauty,204,Undirected,1
659,686,The Clippers,Thousands of Iglesias fans,204,Undirected,1
670,686,Forum crowd,Thousands of Iglesias fans,204,Undirected,1
669,443,The Lakers,migrants,204,Undirected,1
515,165,"""Celestials"" (Chinese People 203)",Americans (in the abstract),204,Undirected,1
518,665,Border patrol officer,Nomo fans,204,Undirected,1
663,665,USC team,Nomo fans,204,Undirected,1
518,674,Border patrol officer,Placido Domingo,204,Undirected,1
671,678,Chicago Bulls,Opera crowd,204,Undirected,1
663,674,USC team,Placido Domingo,204,Undirected,1
518,683,Border patrol officer,Shubert crowd,204,Undirected,1
683,225,Shubert crowd,Xiayue,204,Undirected,1
515,659,"""Celestials"" (Chinese People 203)",The Clippers,204,Undirected,1
663,683,USC team,Shubert crowd,204,Undirected,1
674,683,Placido Domingo,Shubert crowd,204,Undirected,1
680,98,Oscar awards crowd,Bobby Ngu,204,Undirected,1
515,668,"""Celestials"" (Chinese People 203)",Scottie Pippen,204,Undirected,1
683,243,Shubert crowd,Dorothy Buffum Chandler,204,Undirected,1
515,686,"""Celestials"" (Chinese People 203)",Thousands of Iglesias fans,204,Undirected,1
520,225,Barbie,Xiayue,204,Undirected,1
515,268,"""Celestials"" (Chinese People 203)",Shaquille O'Neal,204,Undirected,1
666,675,The Dodgers,Rossini,204,Undirected,1
658,671,Bruin mascot,Chicago Bulls,204,Undirected,1
165,680,Americans (in the abstract),Oscar awards crowd,204,Undirected,1
268,665,Shaquille O'Neal,Nomo fans,204,Undirected,1
666,684,The Dodgers,Chinese housewives,204,Undirected,1
658,680,Bruin mascot,Oscar awards crowd,204,Undirected,1
268,674,Shaquille O'Neal,Placido Domingo,204,Undirected,1
659,663,The Clippers,USC team,204,Undirected,1
659,672,The Clippers,Bud Girls,204,Undirected,1
670,672,Forum crowd,Bud Girls,204,Undirected,1
678,685,Opera crowd,Julio Iglesias,204,Undirected,1
659,681,The Clippers,Beauty,204,Undirected,1
670,681,Forum crowd,Beauty,204,Undirected,1
661,443,sweaty trojan horse rider,migrants,204,Undirected,1
518,660,Border patrol officer,Rose Bowl crowd,204,Undirected,1
518,669,Border patrol officer,The Lakers,204,Undirected,1
663,669,USC team,The Lakers,204,Undirected,1
518,678,Border patrol officer,Opera crowd,204,Undirected,1
515,663,"""Celestials"" (Chinese People 203)",USC team,204,Undirected,1
664,225,Sports Arena crowd,Xiayue,204,Undirected,1
675,225,Rossini,Xiayue,204,Undirected,1
686,225,Thousands of Iglesias fans,Xiayue,204,Undirected,1
662,682,UCLA team,Beast,204,Undirected,1
515,672,"""Celestials"" (Chinese People 203)",Bud Girls,204,Undirected,1
673,682,Boxing match attendees,Beast,204,Undirected,1
664,243,Sports Arena crowd,Dorothy Buffum Chandler,204,Undirected,1
675,243,Rossini,Dorothy Buffum Chandler,204,Undirected,1
686,243,Thousands of Iglesias fans,Dorothy Buffum Chandler,204,Undirected,1
666,670,The Dodgers,Forum crowd,204,Undirected,1
658,666,Bruin mascot,The Dodgers,204,Undirected,1
268,660,Shaquille O'Neal,Rose Bowl crowd,204,Undirected,1
666,679,The Dodgers,Richard Sakai,204,Undirected,1
658,675,Bruin mascot,Rossini,204,Undirected,1
658,684,Bruin mascot,Chinese housewives,204,Undirected,1
680,443,Oscar awards crowd,migrants,204,Undirected,1
659,667,The Clippers,Hideo Nomo,204,Undirected,1
659,676,The Clippers,Peter Sellers,204,Undirected,1
670,676,Forum crowd,Peter Sellers,204,Undirected,1
268,98,Shaquille O'Neal,Bobby Ngu,204,Undirected,1
662,165,UCLA team,Americans (in the abstract),204,Undirected,1
673,165,Boxing match attendees,Americans (in the abstract),204,Undirected,1
681,682,Beauty,Beast,204,Undirected,1
443,225,migrants,Xiayue,204,Undirected,1
518,664,Border patrol officer,Sports Arena crowd,204,Undirected,1
663,664,USC team,Sports Arena crowd,204,Undirected,1
443,243,migrants,Dorothy Buffum Chandler,204,Undirected,1
518,673,Border patrol officer,Boxing match attendees,204,Undirected,1
662,668,UCLA team,Scottie Pippen,204,Undirected,1
515,658,"""Celestials"" (Chinese People 203)",Bruin mascot,204,Undirected,1
665,673,Nomo fans,Boxing match attendees,204,Undirected,1
662,686,UCLA team,Thousands of Iglesias fans,204,Undirected,1
667,225,Hideo Nomo,Xiayue,204,Undirected,1
673,686,Boxing match attendees,Thousands of Iglesias fans,204,Undirected,1
665,682,Nomo fans,Beast,204,Undirected,1
518,520,Border patrol officer,Barbie,204,Undirected,1
165,225,Americans (in the abstract),Xiayue,204,Undirected,1
667,243,Hideo Nomo,Dorothy Buffum Chandler,204,Undirected,1
658,661,Bruin mascot,sweaty trojan horse rider,204,Undirected,1
165,243,Americans (in the abstract),Dorothy Buffum Chandler,204,Undirected,1
666,674,The Dodgers,Placido Domingo,204,Undirected,1
658,670,Bruin mascot,Forum crowd,204,Undirected,1
666,683,The Dodgers,Shubert crowd,204,Undirected,1
683,98,Shubert crowd,Bobby Ngu,204,Undirected,1
658,679,Bruin mascot,Richard Sakai,204,Undirected,1
680,685,Oscar awards crowd,Julio Iglesias,204,Undirected,1
672,443,Bud Girls,migrants,204,Undirected,1
659,662,The Clippers,UCLA team,204,Undirected,1
659,671,The Clippers,Chicago Bulls,204,Undirected,1
670,671,Forum crowd,Chicago Bulls,204,Undirected,1
669,675,The Lakers,Rossini,204,Undirected,1
520,165,Barbie,Americans (in the abstract),204,Undirected,1
669,684,The Lakers,Chinese housewives,204,Undirected,1
518,659,Border patrol officer,The Clippers,204,Undirected,1
661,680,sweaty trojan horse rider,Oscar awards crowd,204,Undirected,1
665,165,Nomo fans,Americans (in the abstract),204,Undirected,1
681,686,Beauty,Thousands of Iglesias fans,204,Undirected,1
518,668,Border patrol officer,Scottie Pippen,204,Undirected,1
662,663,UCLA team,USC team,204,Undirected,1
662,672,UCLA team,Bud Girls,204,Undirected,1
518,268,Border patrol officer,Shaquille O'Neal,204,Undirected,1
665,668,Nomo fans,Scottie Pippen,204,Undirected,1
662,681,UCLA team,Beauty,204,Undirected,1
673,681,Boxing match attendees,Beauty,204,Undirected,1
520,686,Barbie,Thousands of Iglesias fans,204,Undirected,1
665,686,Nomo fans,Thousands of Iglesias fans,204,Undirected,1
666,669,The Dodgers,The Lakers,204,Undirected,1
658,665,Bruin mascot,Nomo fans,204,Undirected,1
515,518,"""Celestials"" (Chinese People 203)",Border patrol officer,204,Undirected,1
666,678,The Dodgers,Opera crowd,204,Undirected,1
658,674,Bruin mascot,Placido Domingo,204,Undirected,1
678,225,Opera crowd,Xiayue,204,Undirected,1
658,683,Bruin mascot,Shubert crowd,204,Undirected,1
664,98,Sports Arena crowd,Bobby Ngu,204,Undirected,1
675,98,Rossini,Bobby Ngu,204,Undirected,1
686,98,Thousands of Iglesias fans,Bobby Ngu,204,Undirected,1
678,243,Opera crowd,Dorothy Buffum Chandler,204,Undirected,1
672,685,Bud Girls,Julio Iglesias,204,Undirected,1
669,670,The Lakers,Forum crowd,204,Undirected,1
669,679,The Lakers,Richard Sakai,204,Undirected,1
661,675,sweaty trojan horse rider,Rossini,204,Undirected,1
661,684,sweaty trojan horse rider,Chinese housewives,204,Undirected,1
684,686,Chinese housewives,Thousands of Iglesias fans,204,Undirected,1
683,443,Shubert crowd,migrants,204,Undirected,1
662,667,UCLA team,Hideo Nomo,204,Undirected,1
520,672,Barbie,Bud Girls,204,Undirected,1
662,676,UCLA team,Peter Sellers,204,Undirected,1
673,676,Boxing match attendees,Peter Sellers,204,Undirected,1
520,443,Barbie,migrants,204,Undirected,1
665,672,Nomo fans,Bud Girls,204,Undirected,1
520,681,Barbie,Beauty,204,Undirected,1
662,685,UCLA team,Julio Iglesias,204,Undirected,1
673,685,Boxing match attendees,Julio Iglesias,204,Undirected,1
665,681,Nomo fans,Beauty,204,Undirected,1
443,98,migrants,Bobby Ngu,204,Undirected,1
658,660,Bruin mascot,Rose Bowl crowd,204,Undirected,1
658,669,Bruin mascot,The Lakers,204,Undirected,1
659,225,The Clippers,Xiayue,204,Undirected,1
670,225,Forum crowd,Xiayue,204,Undirected,1
680,684,Oscar awards crowd,Chinese housewives,204,Undirected,1
672,680,Bud Girls,Oscar awards crowd,204,Undirected,1
659,243,The Clippers,Dorothy Buffum Chandler,204,Undirected,1
670,243,Forum crowd,Dorothy Buffum Chandler,204,Undirected,1
165,98,Americans (in the abstract),Bobby Ngu,204,Undirected,1
669,674,The Lakers,Placido Domingo,204,Undirected,1
661,670,sweaty trojan horse rider,Forum crowd,204,Undirected,1
669,683,The Lakers,Shubert crowd,204,Undirected,1
681,685,Beauty,Julio Iglesias,204,Undirected,1
661,679,sweaty trojan horse rider,Richard Sakai,204,Undirected,1
664,443,Sports Arena crowd,migrants,204,Undirected,1
520,658,Barbie,Bruin mascot,204,Undirected,1
515,225,"""Celestials"" (Chinese People 203)",Xiayue,204,Undirected,1
675,443,Rossini,migrants,204,Undirected,1
686,443,Thousands of Iglesias fans,migrants,204,Undirected,1
520,667,Barbie,Hideo Nomo,204,Undirected,1
662,671,UCLA team,Chicago Bulls,204,Undirected,1
225,243,Xiayue,Dorothy Buffum Chandler,204,Undirected,1
665,667,Nomo fans,Hideo Nomo,204,Undirected,1
520,676,Barbie,Peter Sellers,204,Undirected,1
673,680,Boxing match attendees,Oscar awards crowd,204,Undirected,1
665,676,Nomo fans,Peter Sellers,204,Undirected,1
520,685,Barbie,Julio Iglesias,204,Undirected,1
676,682,Peter Sellers,Beast,204,Undirected,1
668,678,Scottie Pippen,Opera crowd,204,Undirected,1
658,664,Bruin mascot,Sports Arena crowd,204,Undirected,1
660,683,Rose Bowl crowd,Shubert crowd,204,Undirected,1
672,675,Bud Girls,Rossini,204,Undirected,1
672,684,Bud Girls,Chinese housewives,204,Undirected,1
661,665,sweaty trojan horse rider,Nomo fans,204,Undirected,1
669,678,The Lakers,Opera crowd,204,Undirected,1
661,674,sweaty trojan horse rider,Placido Domingo,204,Undirected,1
661,683,sweaty trojan horse rider,Shubert crowd,204,Undirected,1
678,98,Opera crowd,Bobby Ngu,204,Undirected,1
676,165,Peter Sellers,Americans (in the abstract),204,Undirected,1
520,662,Barbie,UCLA team,204,Undirected,1
662,666,UCLA team,The Dodgers,204,Undirected,1
664,685,Sports Arena crowd,Julio Iglesias,204,Undirected,1
667,443,Hideo Nomo,migrants,204,Undirected,1
675,685,Rossini,Julio Iglesias,204,Undirected,1
520,671,Barbie,Chicago Bulls,204,Undirected,1
665,671,Nomo fans,Chicago Bulls,204,Undirected,1
520,680,Barbie,Oscar awards crowd,204,Undirected,1
165,443,Americans (in the abstract),migrants,204,Undirected,1
668,673,Scottie Pippen,Boxing match attendees,204,Undirected,1
676,686,Peter Sellers,Thousands of Iglesias fans,204,Undirected,1
660,669,Rose Bowl crowd,The Lakers,204,Undirected,1
668,682,Scottie Pippen,Beast,204,Undirected,1
679,682,Richard Sakai,Beast,204,Undirected,1
660,678,Rose Bowl crowd,Opera crowd,204,Undirected,1
680,683,Oscar awards crowd,Shubert crowd,204,Undirected,1
672,679,Bud Girls,Richard Sakai,204,Undirected,1
669,673,The Lakers,Boxing match attendees,204,Undirected,1
661,669,sweaty trojan horse rider,The Lakers,204,Undirected,1
661,678,sweaty trojan horse rider,Opera crowd,204,Undirected,1
662,225,UCLA team,Xiayue,204,Undirected,1
673,225,Boxing match attendees,Xiayue,204,Undirected,1
683,684,Shubert crowd,Chinese housewives,204,Undirected,1
659,98,The Clippers,Bobby Ngu,204,Undirected,1
670,98,Forum crowd,Bobby Ngu,204,Undirected,1
664,680,Sports Arena crowd,Oscar awards crowd,204,Undirected,1
668,165,Scottie Pippen,Americans (in the abstract),204,Undirected,1
675,680,Rossini,Oscar awards crowd,204,Undirected,1
520,666,Barbie,The Dodgers,204,Undirected,1
662,243,UCLA team,Dorothy Buffum Chandler,204,Undirected,1
673,243,Boxing match attendees,Dorothy Buffum Chandler,204,Undirected,1
667,685,Hideo Nomo,Julio Iglesias,204,Undirected,1
520,675,Barbie,Rossini,204,Undirected,1
676,681,Peter Sellers,Beauty,204,Undirected,1
660,664,Rose Bowl crowd,Sports Arena crowd,204,Undirected,1
660,673,Rose Bowl crowd,Boxing match attendees,204,Undirected,1
668,686,Scottie Pippen,Thousands of Iglesias fans,204,Undirected,1
679,686,Richard Sakai,Thousands of Iglesias fans,204,Undirected,1
678,443,Opera crowd,migrants,204,Undirected,1
660,682,Rose Bowl crowd,Beast,204,Undirected,1
225,98,Xiayue,Bobby Ngu,204,Undirected,1
672,674,Bud Girls,Placido Domingo,204,Undirected,1
681,225,Beauty,Xiayue,204,Undirected,1
681,243,Beauty,Dorothy Buffum Chandler,204,Undirected,1
661,664,sweaty trojan horse rider,Sports Arena crowd,204,Undirected,1
518,225,Border patrol officer,Xiayue,204,Undirected,1
664,666,Sports Arena crowd,The Dodgers,204,Undirected,1
664,675,Sports Arena crowd,Rossini,204,Undirected,1
665,225,Nomo fans,Xiayue,204,Undirected,1
667,671,Hideo Nomo,Chicago Bulls,204,Undirected,1
520,661,Barbie,sweaty trojan horse rider,204,Undirected,1
664,684,Sports Arena crowd,Chinese housewives,204,Undirected,1
675,684,Rossini,Chinese housewives,204,Undirected,1
660,165,Rose Bowl crowd,Americans (in the abstract),204,Undirected,1
520,670,Barbie,Forum crowd,204,Undirected,1
520,243,Barbie,Dorothy Buffum Chandler,204,Undirected,1
667,680,Hideo Nomo,Oscar awards crowd,204,Undirected,1
665,243,Nomo fans,Dorothy Buffum Chandler,204,Undirected,1
668,672,Scottie Pippen,Bud Girls,204,Undirected,1
676,685,Peter Sellers,Julio Iglesias,204,Undirected,1
268,683,Shaquille O'Neal,Shubert crowd,204,Undirected,1
660,668,Rose Bowl crowd,Scottie Pippen,204,Undirected,1
668,681,Scottie Pippen,Beauty,204,Undirected,1
679,681,Richard Sakai,Beauty,204,Undirected,1
660,686,Rose Bowl crowd,Thousands of Iglesias fans,204,Undirected,1
659,443,The Clippers,migrants,204,Undirected,1
670,443,Forum crowd,migrants,204,Undirected,1
671,673,Chicago Bulls,Boxing match attendees,204,Undirected,1
684,225,Chinese housewives,Xiayue,204,Undirected,1
671,682,Chicago Bulls,Beast,204,Undirected,1
663,678,USC team,Opera crowd,204,Undirected,1
674,678,Placido Domingo,Opera crowd,204,Undirected,1
684,243,Chinese housewives,Dorothy Buffum Chandler,204,Undirected,1
672,98,Bud Girls,Bobby Ngu,204,Undirected,1
515,443,"""Celestials"" (Chinese People 203)",migrants,204,Undirected,1
515,681,"""Celestials"" (Chinese People 203)",Beauty,204,Undirected,1
664,670,Sports Arena crowd,Forum crowd,204,Undirected,1
664,679,Sports Arena crowd,Richard Sakai,204,Undirected,1
675,679,Rossini,Richard Sakai,204,Undirected,1
667,675,Hideo Nomo,Rossini,204,Undirected,1
667,684,Hideo Nomo,Chinese housewives,204,Undirected,1
165,684,Americans (in the abstract),Chinese housewives,204,Undirected,1
268,669,Shaquille O'Neal,The Lakers,204,Undirected,1
268,678,Shaquille O'Neal,Opera crowd,204,Undirected,1
660,663,Rose Bowl crowd,USC team,204,Undirected,1
668,676,Scottie Pippen,Peter Sellers,204,Undirected,1
660,672,Rose Bowl crowd,Bud Girls,204,Undirected,1
662,98,UCLA team,Bobby Ngu,204,Undirected,1
660,681,Rose Bowl crowd,Beauty,204,Undirected,1
671,165,Chicago Bulls,Americans (in the abstract),204,Undirected,1
673,98,Boxing match attendees,Bobby Ngu,204,Undirected,1
678,680,Opera crowd,Oscar awards crowd,204,Undirected,1
659,685,The Clippers,Julio Iglesias,204,Undirected,1
670,685,Forum crowd,Julio Iglesias,204,Undirected,1
663,673,USC team,Boxing match attendees,204,Undirected,1
518,682,Border patrol officer,Beast,204,Undirected,1
671,686,Chicago Bulls,Thousands of Iglesias fans,204,Undirected,1
682,686,Beast,Thousands of Iglesias fans,204,Undirected,1
663,682,USC team,Beast,204,Undirected,1
674,682,Placido Domingo,Beast,204,Undirected,1
515,667,"""Celestials"" (Chinese People 203)",Hideo Nomo,204,Undirected,1
515,676,"""Celestials"" (Chinese People 203)",Peter Sellers,204,Undirected,1
664,665,Sports Arena crowd,Nomo fans,204,Undirected,1
515,685,"""Celestials"" (Chinese People 203)",Julio Iglesias,204,Undirected,1
664,674,Sports Arena crowd,Placido Domingo,204,Undirected,1
667,670,Hideo Nomo,Forum crowd,204,Undirected,1
664,683,Sports Arena crowd,Shubert crowd,204,Undirected,1
675,683,Rossini,Shubert crowd,204,Undirected,1
681,98,Beauty,Bobby Ngu,204,Undirected,1
667,679,Hideo Nomo,Richard Sakai,204,Undirected,1
165,679,Americans (in the abstract),Richard Sakai,204,Undirected,1
268,664,Shaquille O'Neal,Sports Arena crowd,204,Undirected,1
268,673,Shaquille O'Neal,Boxing match attendees,204,Undirected,1
268,682,Shaquille O'Neal,Beast,204,Undirected,1
660,667,Rose Bowl crowd,Hideo Nomo,204,Undirected,1
520,98,Barbie,Bobby Ngu,204,Undirected,1
518,165,Border patrol officer,Americans (in the abstract),204,Undirected,1
665,98,Nomo fans,Bobby Ngu,204,Undirected,1
678,684,Opera crowd,Chinese housewives,204,Undirected,1
659,680,The Clippers,Oscar awards crowd,204,Undirected,1
663,165,USC team,Americans (in the abstract),204,Undirected,1
670,680,Forum crowd,Oscar awards crowd,204,Undirected,1
674,165,Placido Domingo,Americans (in the abstract),204,Undirected,1
671,672,Chicago Bulls,Bud Girls,204,Undirected,1
663,668,USC team,Scottie Pippen,204,Undirected,1
671,681,Chicago Bulls,Beauty,204,Undirected,1
518,686,Border patrol officer,Thousands of Iglesias fans,204,Undirected,1
515,662,"""Celestials"" (Chinese People 203)",UCLA team,204,Undirected,1
663,686,USC team,Thousands of Iglesias fans,204,Undirected,1
662,443,UCLA team,migrants,204,Undirected,1
673,443,Boxing match attendees,migrants,204,Undirected,1
674,686,Placido Domingo,Thousands of Iglesias fans,204,Undirected,1
515,671,"""Celestials"" (Chinese People 203)",Chicago Bulls,204,Undirected,1
515,680,"""Celestials"" (Chinese People 203)",Oscar awards crowd,204,Undirected,1
664,669,Sports Arena crowd,The Lakers,204,Undirected,1
268,165,Shaquille O'Neal,Americans (in the abstract),204,Undirected,1
675,678,Rossini,Opera crowd,204,Undirected,1
667,674,Hideo Nomo,Placido Domingo,204,Undirected,1
676,225,Peter Sellers,Xiayue,204,Undirected,1
684,98,Chinese housewives,Bobby Ngu,204,Undirected,1
268,659,Shaquille O'Neal,The Clippers,204,Undirected,1
676,243,Peter Sellers,Dorothy Buffum Chandler,204,Undirected,1
268,668,Shaquille O'Neal,Scottie Pippen,204,Undirected,1
165,683,Americans (in the abstract),Shubert crowd,204,Undirected,1
660,662,Rose Bowl crowd,UCLA team,204,Undirected,1
268,686,Shaquille O'Neal,Thousands of Iglesias fans,204,Undirected,1
659,666,The Clippers,The Dodgers,204,Undirected,1
678,679,Opera crowd,Richard Sakai,204,Undirected,1
659,675,The Clippers,Rossini,204,Undirected,1
670,675,Forum crowd,Rossini,204,Undirected,1
659,684,The Clippers,Chinese housewives,204,Undirected,1
670,684,Forum crowd,Chinese housewives,204,Undirected,1
681,443,Beauty,migrants,204,Undirected,1
518,663,Border patrol officer,USC team,204,Undirected,1
518,672,Border patrol officer,Bud Girls,204,Undirected,1
671,676,Chicago Bulls,Peter Sellers,204,Undirected,1
518,443,Border patrol officer,migrants,204,Undirected,1
663,672,USC team,Bud Girls,204,Undirected,1
518,681,Border patrol officer,Beauty,204,Undirected,1
671,685,Chicago Bulls,Julio Iglesias,204,Undirected,1
682,685,Beast,Julio Iglesias,204,Undirected,1
663,681,USC team,Beauty,204,Undirected,1
674,681,Placido Domingo,Beauty,204,Undirected,1
515,666,"""Celestials"" (Chinese People 203)",The Dodgers,204,Undirected,1
515,675,"""Celestials"" (Chinese People 203)",Rossini,204,Undirected,1
665,443,Nomo fans,migrants,204,Undirected,1
515,684,"""Celestials"" (Chinese People 203)",Chinese housewives,204,Undirected,1
667,669,Hideo Nomo,The Lakers,204,Undirected,1
98,243,Bobby Ngu,Dorothy Buffum Chandler,204,Undirected,1
666,673,The Dodgers,Boxing match attendees,204,Undirected,1
668,225,Scottie Pippen,Xiayue,204,Undirected,1
679,225,Richard Sakai,Xiayue,204,Undirected,1
165,678,Americans (in the abstract),Opera crowd,204,Undirected,1
268,663,Shaquille O'Neal,USC team,204,Undirected,1
666,682,The Dodgers,Beast,204,Undirected,1
658,678,Bruin mascot,Opera crowd,204,Undirected,1
268,672,Shaquille O'Neal,Bud Girls,204,Undirected,1
668,243,Scottie Pippen,Dorothy Buffum Chandler,204,Undirected,1
679,243,Richard Sakai,Dorothy Buffum Chandler,204,Undirected,1
268,681,Shaquille O'Neal,Beauty,204,Undirected,1
667,98,Hideo Nomo,Bobby Ngu,204,Undirected,1
659,661,The Clippers,sweaty trojan horse rider,204,Undirected,1
659,670,The Clippers,Forum crowd,204,Undirected,1
678,683,Opera crowd,Shubert crowd,204,Undirected,1
659,679,The Clippers,Richard Sakai,204,Undirected,1
670,679,Forum crowd,Richard Sakai,204,Undirected,1
684,443,Chinese housewives,migrants,204,Undirected,1
518,658,Border patrol officer,Bruin mascot,204,Undirected,1
518,667,Border patrol officer,Hideo Nomo,204,Undirected,1
663,667,USC team,Hideo Nomo,204,Undirected,1
518,676,Border patrol officer,Peter Sellers,204,Undirected,1
663,676,USC team,Peter Sellers,204,Undirected,1
674,676,Placido Domingo,Peter Sellers,204,Undirected,1
518,685,Border patrol officer,Julio Iglesias,204,Undirected,1
515,661,"""Celestials"" (Chinese People 203)",sweaty trojan horse rider,204,Undirected,1
662,680,UCLA team,Oscar awards crowd,204,Undirected,1
515,670,"""Celestials"" (Chinese People 203)",Forum crowd,204,Undirected,1
515,243,"""Celestials"" (Chinese People 203)",Dorothy Buffum Chandler,204,Undirected,1
666,165,The Dodgers,Americans (in the abstract),204,Undirected,1
515,679,"""Celestials"" (Chinese People 203)",Richard Sakai,204,Undirected,1
665,685,Nomo fans,Julio Iglesias,204,Undirected,1
666,668,The Dodgers,Scottie Pippen,204,Undirected,1
268,658,Shaquille O'Neal,Bruin mascot,204,Undirected,1
658,673,Bruin mascot,Boxing match attendees,204,Undirected,1
268,667,Shaquille O'Neal,Hideo Nomo,204,Undirected,1
660,225,Rose Bowl crowd,Xiayue,204,Undirected,1
666,686,The Dodgers,Thousands of Iglesias fans,204,Undirected,1
658,682,Bruin mascot,Beast,204,Undirected,1
660,243,Rose Bowl crowd,Dorothy Buffum Chandler,204,Undirected,1
659,665,The Clippers,Nomo fans,204,Undirected,1
659,674,The Clippers,Placido Domingo,204,Undirected,1
670,674,Forum crowd,Placido Domingo,204,Undirected,1
659,683,The Clippers,Shubert crowd,204,Undirected,1
670,683,Forum crowd,Shubert crowd,204,Undirected,1
676,98,Peter Sellers,Bobby Ngu,204,Undirected,1
518,662,Border patrol officer,UCLA team,204,Undirected,1
684,685,Chinese housewives,Julio Iglesias,204,Undirected,1
518,671,Border patrol officer,Chicago Bulls,204,Undirected,1
518,680,Border patrol officer,Oscar awards crowd,204,Undirected,1
662,675,UCLA team,Rossini,204,Undirected,1
515,665,"""Celestials"" (Chinese People 203)",Nomo fans,204,Undirected,1
673,675,Boxing match attendees,Rossini,204,Undirected,1
662,684,UCLA team,Chinese housewives,204,Undirected,1
673,684,Boxing match attendees,Chinese housewives,204,Undirected,1
685,686,Julio Iglesias,Thousands of Iglesias fans,204,Undirected,1
658,165,Bruin mascot,Americans (in the abstract),204,Undirected,1
665,680,Nomo fans,Oscar awards crowd,204,Undirected,1
658,659,Bruin mascot,The Clippers,204,Undirected,1
666,672,The Dodgers,Bud Girls,204,Undirected,1
658,668,Bruin mascot,Scottie Pippen,204,Undirected,1
666,681,The Dodgers,Beauty,204,Undirected,1
658,686,Bruin mascot,Thousands of Iglesias fans,204,Undirected,1
659,660,The Clippers,Rose Bowl crowd,204,Undirected,1
659,669,The Clippers,The Lakers,204,Undirected,1
670,678,Forum crowd,Opera crowd,204,Undirected,1
671,225,Chicago Bulls,Xiayue,204,Undirected,1
682,225,Beast,Xiayue,204,Undirected,1
669,682,The Lakers,Beast,204,Undirected,1
668,98,Scottie Pippen,Bobby Ngu,204,Undirected,1
679,98,Richard Sakai,Bobby Ngu,204,Undirected,1
681,684,Beauty,Chinese housewives,204,Undirected,1
518,666,Border patrol officer,The Dodgers,204,Undirected,1
671,243,Chicago Bulls,Dorothy Buffum Chandler,204,Undirected,1
682,243,Beast,Dorothy Buffum Chandler,204,Undirected,1
518,675,Border patrol officer,Rossini,204,Undirected,1
662,670,UCLA team,Forum crowd,204,Undirected,1
515,660,"""Celestials"" (Chinese People 203)",Rose Bowl crowd,204,Undirected,1
665,666,Nomo fans,The Dodgers,204,Undirected,1
662,679,UCLA team,Richard Sakai,204,Undirected,1
673,679,Boxing match attendees,Richard Sakai,204,Undirected,1
665,675,Nomo fans,Rossini,204,Undirected,1
520,684,Barbie,Chinese housewives,204,Undirected,1
665,684,Nomo fans,Chinese housewives,204,Undirected,1
676,443,Peter Sellers,migrants,204,Undirected,1
666,667,The Dodgers,Hideo Nomo,204,Undirected,1
658,663,Bruin mascot,USC team,204,Undirected,1
666,676,The Dodgers,Peter Sellers,204,Undirected,1
658,672,Bruin mascot,Bud Girls,204,Undirected,1
515,98,"""Celestials"" (Chinese People 203)",Bobby Ngu,204,Undirected,1
666,685,The Dodgers,Julio Iglesias,204,Undirected,1
658,681,Bruin mascot,Beauty,204,Undirected,1
669,165,The Lakers,Americans (in the abstract),204,Undirected,1
659,664,The Clippers,Sports Arena crowd,204,Undirected,1
672,683,Bud Girls,Shubert crowd,204,Undirected,1
661,673,sweaty trojan horse rider,Boxing match attendees,204,Undirected,1
663,225,USC team,Xiayue,204,Undirected,1
669,686,The Lakers,Thousands of Iglesias fans,204,Undirected,1
518,661,Border patrol officer,sweaty trojan horse rider,204,Undirected,1
661,682,sweaty trojan horse rider,Beast,204,Undirected,1
674,225,Placido Domingo,Xiayue,204,Undirected,1
518,243,Border patrol officer,Dorothy Buffum Chandler,204,Undirected,1
663,243,USC team,Dorothy Buffum Chandler,204,Undirected,1
674,243,Placido Domingo,Dorothy Buffum Chandler,204,Undirected,1
662,665,UCLA team,Nomo fans,204,Undirected,1
662,674,UCLA team,Placido Domingo,204,Undirected,1
673,674,Boxing match attendees,Placido Domingo,204,Undirected,1
665,670,Nomo fans,Forum crowd,204,Undirected,1
520,679,Barbie,Richard Sakai,204,Undirected,1
662,683,UCLA team,Shubert crowd,204,Undirected,1
673,683,Boxing match attendees,Shubert crowd,204,Undirected,1
665,679,Nomo fans,Richard Sakai,204,Undirected,1
668,443,Scottie Pippen,migrants,204,Undirected,1
679,443,Richard Sakai,migrants,204,Undirected,1
268,225,Shaquille O'Neal,Xiayue,204,Undirected,1
666,671,The Dodgers,Chicago Bulls,204,Undirected,1
658,667,Bruin mascot,Hideo Nomo,204,Undirected,1
658,676,Bruin mascot,Peter Sellers,204,Undirected,1
268,243,Shaquille O'Neal,Dorothy Buffum Chandler,204,Undirected,1
661,165,sweaty trojan horse rider,Americans (in the abstract),204,Undirected,1
680,682,Oscar awards crowd,Beast,204,Undirected,1
672,678,Bud Girls,Opera crowd,204,Undirected,1
669,672,The Lakers,Bud Girls,204,Undirected,1
661,668,sweaty trojan horse rider,Scottie Pippen,204,Undirected,1
669,681,The Lakers,Beauty,204,Undirected,1
681,683,Beauty,Shubert crowd,204,Undirected,1
661,686,sweaty trojan horse rider,Thousands of Iglesias fans,204,Undirected,1
520,665,Barbie,Nomo fans,204,Undirected,1
662,669,UCLA team,The Lakers,204,Undirected,1
520,674,Barbie,Placido Domingo,204,Undirected,1
662,678,UCLA team,Opera crowd,204,Undirected,1
673,678,Boxing match attendees,Opera crowd,204,Undirected,1
665,674,Nomo fans,Placido Domingo,204,Undirected,1
520,683,Barbie,Shubert crowd,204,Undirected,1
665,683,Nomo fans,Shubert crowd,204,Undirected,1
671,98,Chicago Bulls,Bobby Ngu,204,Undirected,1
682,98,Beast,Bobby Ngu,204,Undirected,1
676,680,Peter Sellers,Oscar awards crowd,204,Undirected,1
668,685,Scottie Pippen,Julio Iglesias,204,Undirected,1
660,443,Rose Bowl crowd,migrants,204,Undirected,1
658,662,Bruin mascot,UCLA team,204,Undirected,1
679,685,Richard Sakai,Julio Iglesias,204,Undirected,1
672,673,Bud Girls,Boxing match attendees,204,Undirected,1
680,686,Oscar awards crowd,Thousands of Iglesias fans,204,Undirected,1
672,682,Bud Girls,Beast,204,Undirected,1
661,663,sweaty trojan horse rider,USC team,204,Undirected,1
669,676,The Lakers,Peter Sellers,204,Undirected,1
661,672,sweaty trojan horse rider,Bud Girls,204,Undirected,1
669,685,The Lakers,Julio Iglesias,204,Undirected,1
661,681,sweaty trojan horse rider,Beauty,204,Undirected,1
662,664,UCLA team,Sports Arena crowd,204,Undirected,1
520,660,Barbie,Rose Bowl crowd,204,Undirected,1
520,669,Barbie,The Lakers,204,Undirected,1
662,673,UCLA team,Boxing match attendees,204,Undirected,1
665,669,Nomo fans,The Lakers,204,Undirected,1
520,678,Barbie,Opera crowd,204,Undirected,1
665,678,Nomo fans,Opera crowd,204,Undirected,1
666,225,The Dodgers,Xiayue,204,Undirected,1
518,98,Border patrol officer,Bobby Ngu,204,Undirected,1
668,671,Scottie Pippen,Chicago Bulls,204,Undirected,1
676,684,Peter Sellers,Chinese housewives,204,Undirected,1
663,98,USC team,Bobby Ngu,204,Undirected,1
674,98,Placido Domingo,Bobby Ngu,204,Undirected,1
668,680,Scottie Pippen,Oscar awards crowd,204,Undirected,1
672,165,Bud Girls,Americans (in the abstract),204,Undirected,1
679,680,Richard Sakai,Oscar awards crowd,204,Undirected,1
660,676,Rose Bowl crowd,Peter Sellers,204,Undirected,1
666,243,The Dodgers,Dorothy Buffum Chandler,204,Undirected,1
660,685,Rose Bowl crowd,Julio Iglesias,204,Undirected,1
680,681,Oscar awards crowd,Beauty,204,Undirected,1
672,686,Bud Girls,Thousands of Iglesias fans,204,Undirected,1
671,443,Chicago Bulls,migrants,204,Undirected,1
682,443,Beast,migrants,204,Undirected,1
669,671,The Lakers,Chicago Bulls,204,Undirected,1
661,667,sweaty trojan horse rider,Hideo Nomo,204,Undirected,1
669,680,The Lakers,Oscar awards crowd,204,Undirected,1
661,676,sweaty trojan horse rider,Peter Sellers,204,Undirected,1
661,685,sweaty trojan horse rider,Julio Iglesias,204,Undirected,1
685,225,Julio Iglesias,Xiayue,204,Undirected,1
664,678,Sports Arena crowd,Opera crowd,204,Undirected,1
520,664,Barbie,Sports Arena crowd,204,Undirected,1
685,243,Julio Iglesias,Dorothy Buffum Chandler,204,Undirected,1
667,683,Hideo Nomo,Shubert crowd,204,Undirected,1
520,673,Barbie,Boxing match attendees,204,Undirected,1
520,682,Barbie,Beast,204,Undirected,1
694,718,Andy Warhol,Qris,205,Undirected,1
687,688,Robert McNeil,The Jubilee Choir,205,Undirected,1
697,720,LACMA attendees,Stomp performers,205,Undirected,1
708,720,4-H demonstrators,Stomp performers,205,Undirected,1
687,697,Robert McNeil,LACMA attendees,205,Undirected,1
689,716,The Greek audience,dinner attendees (205),205,Undirected,1
719,720,Japan America Theatre worker,Stomp performers,205,Undirected,1
709,712,L.A. County Fair attendees,Sin Yang Chang,205,Undirected,1
701,708,Punks,4-H demonstrators,205,Undirected,1
709,721,L.A. County Fair attendees,Wadsworth audience,205,Undirected,1
693,704,Hollywood Bowl Orchestra,Volleyball teams,205,Undirected,1
450,708,undocumenteds/illegals/aliens,4-H demonstrators,205,Undirected,1
701,717,Punks,Chris,205,Undirected,1
712,717,Sin Yang Chang,Chris,205,Undirected,1
720,721,Stomp performers,Wadsworth audience,205,Undirected,1
693,713,Hollywood Bowl Orchestra,Sin Yang Chang's wife,205,Undirected,1
450,717,undocumenteds/illegals/aliens,Chris,205,Undirected,1
690,698,John Mauceri,Andrei Codrescu,205,Undirected,1
702,709,Chicanos,L.A. County Fair attendees,205,Undirected,1
690,716,John Mauceri,dinner attendees (205),205,Undirected,1
713,718,Sin Yang Chang's wife,Qris,205,Undirected,1
705,714,Gawkers,Steven Spielberg,205,Undirected,1
694,695,Andy Warhol,MOCA attendees,205,Undirected,1
694,704,Andy Warhol,Volleyball teams,205,Undirected,1
697,450,LACMA attendees,undocumenteds/illegals/aliens,205,Undirected,1
698,702,Andrei Codrescu,Chicanos,205,Undirected,1
697,706,LACMA attendees,Market sellers (205),205,Undirected,1
716,719,dinner attendees (205),Japan America Theatre worker,205,Undirected,1
697,715,LACMA attendees,several Republican presidential candidates,205,Undirected,1
708,715,4-H demonstrators,several Republican presidential candidates,205,Undirected,1
689,711,The Greek audience,Santa Anita Racetrack crowd,205,Undirected,1
689,720,The Greek audience,Stomp performers,205,Undirected,1
701,703,Punks,César Chávez,205,Undirected,1
709,716,L.A. County Fair attendees,dinner attendees (205),205,Undirected,1
693,699,Hollywood Bowl Orchestra,Central Library attendees,205,Undirected,1
701,712,Punks,Sin Yang Chang,205,Undirected,1
693,708,Hollywood Bowl Orchestra,4-H demonstrators,205,Undirected,1
450,712,undocumenteds/illegals/aliens,Sin Yang Chang,205,Undirected,1
701,721,Punks,Wadsworth audience,205,Undirected,1
712,721,Sin Yang Chang,Wadsworth audience,205,Undirected,1
693,717,Hollywood Bowl Orchestra,Chris,205,Undirected,1
450,721,undocumenteds/illegals/aliens,Wadsworth audience,205,Undirected,1
690,693,John Mauceri,Hollywood Bowl Orchestra,205,Undirected,1
690,702,John Mauceri,Chicanos,205,Undirected,1
702,704,Chicanos,Volleyball teams,205,Undirected,1
690,711,John Mauceri,Santa Anita Racetrack crowd,205,Undirected,1
705,709,Gawkers,L.A. County Fair attendees,205,Undirected,1
704,713,Volleyball teams,Sin Yang Chang's wife,205,Undirected,1
694,699,Andy Warhol,Central Library attendees,205,Undirected,1
696,718,King Tut,Qris,205,Undirected,1
689,450,The Greek audience,undocumenteds/illegals/aliens,205,Undirected,1
697,701,LACMA attendees,Punks,205,Undirected,1
689,697,The Greek audience,LACMA attendees,205,Undirected,1
697,710,LACMA attendees,Japanese American actors,205,Undirected,1
708,710,4-H demonstrators,Japanese American actors,205,Undirected,1
689,706,The Greek audience,Market sellers (205),205,Undirected,1
697,719,LACMA attendees,Japan America Theatre worker,205,Undirected,1
708,719,4-H demonstrators,Japan America Theatre worker,205,Undirected,1
689,715,The Greek audience,several Republican presidential candidates,205,Undirected,1
709,711,L.A. County Fair attendees,Santa Anita Racetrack crowd,205,Undirected,1
693,694,Hollywood Bowl Orchestra,Andy Warhol,205,Undirected,1
693,703,Hollywood Bowl Orchestra,César Chávez,205,Undirected,1
701,716,Punks,dinner attendees (205),205,Undirected,1
712,716,Sin Yang Chang,dinner attendees (205),205,Undirected,1
693,712,Hollywood Bowl Orchestra,Sin Yang Chang,205,Undirected,1
450,716,undocumenteds/illegals/aliens,dinner attendees (205),205,Undirected,1
693,721,Hollywood Bowl Orchestra,Wadsworth audience,205,Undirected,1
700,720,Surfers,Stomp performers,205,Undirected,1
690,697,John Mauceri,LACMA attendees,205,Undirected,1
690,706,John Mauceri,Market sellers (205),205,Undirected,1
704,708,Volleyball teams,4-H demonstrators,205,Undirected,1
704,717,Volleyball teams,Chris,205,Undirected,1
715,717,several Republican presidential candidates,Chris,205,Undirected,1
696,713,King Tut,Sin Yang Chang's wife,205,Undirected,1
697,705,LACMA attendees,Gawkers,205,Undirected,1
716,718,dinner attendees (205),Qris,205,Undirected,1
689,701,The Greek audience,Punks,205,Undirected,1
697,714,LACMA attendees,Steven Spielberg,205,Undirected,1
708,714,4-H demonstrators,Steven Spielberg,205,Undirected,1
689,710,The Greek audience,Japanese American actors,205,Undirected,1
689,719,The Greek audience,Japan America Theatre worker,205,Undirected,1
700,450,Surfers,undocumenteds/illegals/aliens,205,Undirected,1
701,702,Punks,Chicanos,205,Undirected,1
693,698,Hollywood Bowl Orchestra,Andrei Codrescu,205,Undirected,1
450,711,undocumenteds/illegals/aliens,Santa Anita Racetrack crowd,205,Undirected,1
700,715,Surfers,several Republican presidential candidates,205,Undirected,1
711,715,Santa Anita Racetrack crowd,several Republican presidential candidates,205,Undirected,1
703,720,César Chávez,Stomp performers,205,Undirected,1
696,699,King Tut,Central Library attendees,205,Undirected,1
704,712,Volleyball teams,Sin Yang Chang,205,Undirected,1
696,708,King Tut,4-H demonstrators,205,Undirected,1
704,721,Volleyball teams,Wadsworth audience,205,Undirected,1
715,721,several Republican presidential candidates,Wadsworth audience,205,Undirected,1
696,717,King Tut,Chris,205,Undirected,1
697,700,LACMA attendees,Surfers,205,Undirected,1
689,696,The Greek audience,King Tut,205,Undirected,1
697,709,LACMA attendees,L.A. County Fair attendees,205,Undirected,1
708,709,4-H demonstrators,L.A. County Fair attendees,205,Undirected,1
689,705,The Greek audience,Gawkers,205,Undirected,1
708,718,4-H demonstrators,Qris,205,Undirected,1
689,714,The Greek audience,Steven Spielberg,205,Undirected,1
703,450,César Chávez,undocumenteds/illegals/aliens,205,Undirected,1
693,702,Hollywood Bowl Orchestra,Chicanos,205,Undirected,1
700,701,Surfers,Punks,205,Undirected,1
700,710,Surfers,Japanese American actors,205,Undirected,1
703,706,César Chávez,Market sellers (205),205,Undirected,1
700,719,Surfers,Japan America Theatre worker,205,Undirected,1
711,719,Santa Anita Racetrack crowd,Japan America Theatre worker,205,Undirected,1
703,715,César Chávez,several Republican presidential candidates,205,Undirected,1
696,703,King Tut,César Chávez,205,Undirected,1
704,716,Volleyball teams,dinner attendees (205),205,Undirected,1
715,716,several Republican presidential candidates,dinner attendees (205),205,Undirected,1
696,712,King Tut,Sin Yang Chang,205,Undirected,1
696,721,King Tut,Wadsworth audience,205,Undirected,1
689,691,The Greek audience,Hollywood Bowl audience,205,Undirected,1
697,704,LACMA attendees,Volleyball teams,205,Undirected,1
689,700,The Greek audience,Surfers,205,Undirected,1
689,709,The Greek audience,L.A. County Fair attendees,205,Undirected,1
688,713,The Jubilee Choir,Sin Yang Chang's wife,205,Undirected,1
699,713,Central Library attendees,Sin Yang Chang's wife,205,Undirected,1
691,718,Hollywood Bowl audience,Qris,205,Undirected,1
700,705,Surfers,Gawkers,205,Undirected,1
700,714,Surfers,Steven Spielberg,205,Undirected,1
711,714,Santa Anita Racetrack crowd,Steven Spielberg,205,Undirected,1
703,710,César Chávez,Japanese American actors,205,Undirected,1
703,719,César Chávez,Japan America Theatre worker,205,Undirected,1
696,698,King Tut,Andrei Codrescu,205,Undirected,1
704,711,Volleyball teams,Santa Anita Racetrack crowd,205,Undirected,1
696,716,King Tut,dinner attendees (205),205,Undirected,1
695,720,MOCA attendees,Stomp performers,205,Undirected,1
710,718,Japanese American actors,Qris,205,Undirected,1
689,695,The Greek audience,MOCA attendees,205,Undirected,1
688,708,The Jubilee Choir,4-H demonstrators,205,Undirected,1
699,708,Central Library attendees,4-H demonstrators,205,Undirected,1
688,717,The Jubilee Choir,Chris,205,Undirected,1
699,717,Central Library attendees,Chris,205,Undirected,1
691,713,Hollywood Bowl audience,Sin Yang Chang's wife,205,Undirected,1
700,709,Surfers,L.A. County Fair attendees,205,Undirected,1
703,705,César Chávez,Gawkers,205,Undirected,1
700,718,Surfers,Qris,205,Undirected,1
711,718,Santa Anita Racetrack crowd,Qris,205,Undirected,1
703,714,César Chávez,Steven Spielberg,205,Undirected,1
714,720,Steven Spielberg,Stomp performers,205,Undirected,1
695,450,MOCA attendees,undocumenteds/illegals/aliens,205,Undirected,1
704,706,Volleyball teams,Market sellers (205),205,Undirected,1
696,702,King Tut,Chicanos,205,Undirected,1
695,715,MOCA attendees,several Republican presidential candidates,205,Undirected,1
710,713,Japanese American actors,Sin Yang Chang's wife,205,Undirected,1
689,690,The Greek audience,John Mauceri,205,Undirected,1
687,720,Robert McNeil,Stomp performers,205,Undirected,1
688,694,The Jubilee Choir,Andy Warhol,205,Undirected,1
688,703,The Jubilee Choir,César Chávez,205,Undirected,1
699,703,Central Library attendees,César Chávez,205,Undirected,1
691,699,Hollywood Bowl audience,Central Library attendees,205,Undirected,1
688,712,The Jubilee Choir,Sin Yang Chang,205,Undirected,1
699,712,Central Library attendees,Sin Yang Chang,205,Undirected,1
691,708,Hollywood Bowl audience,4-H demonstrators,205,Undirected,1
688,721,The Jubilee Choir,Wadsworth audience,205,Undirected,1
699,721,Central Library attendees,Wadsworth audience,205,Undirected,1
691,717,Hollywood Bowl audience,Chris,205,Undirected,1
700,704,Surfers,Volleyball teams,205,Undirected,1
700,713,Surfers,Sin Yang Chang's wife,205,Undirected,1
711,713,Santa Anita Racetrack crowd,Sin Yang Chang's wife,205,Undirected,1
703,709,César Chávez,L.A. County Fair attendees,205,Undirected,1
703,718,César Chávez,Qris,205,Undirected,1
714,715,Steven Spielberg,several Republican presidential candidates,205,Undirected,1
706,711,Market sellers (205),Santa Anita Racetrack crowd,205,Undirected,1
706,720,Market sellers (205),Stomp performers,205,Undirected,1
717,720,Chris,Stomp performers,205,Undirected,1
696,697,King Tut,LACMA attendees,205,Undirected,1
698,716,Andrei Codrescu,dinner attendees (205),205,Undirected,1
687,450,Robert McNeil,undocumenteds/illegals/aliens,205,Undirected,1
695,701,MOCA attendees,Punks,205,Undirected,1
695,710,MOCA attendees,Japanese American actors,205,Undirected,1
687,706,Robert McNeil,Market sellers (205),205,Undirected,1
695,719,MOCA attendees,Japan America Theatre worker,205,Undirected,1
718,721,Qris,Wadsworth audience,205,Undirected,1
687,715,Robert McNeil,several Republican presidential candidates,205,Undirected,1
710,717,Japanese American actors,Chris,205,Undirected,1
688,689,The Jubilee Choir,The Greek audience,205,Undirected,1
688,698,The Jubilee Choir,Andrei Codrescu,205,Undirected,1
691,694,Hollywood Bowl audience,Andy Warhol,205,Undirected,1
691,703,Hollywood Bowl audience,César Chávez,205,Undirected,1
688,716,The Jubilee Choir,dinner attendees (205),205,Undirected,1
699,716,Central Library attendees,dinner attendees (205),205,Undirected,1
691,712,Hollywood Bowl audience,Sin Yang Chang,205,Undirected,1
691,721,Hollywood Bowl audience,Wadsworth audience,205,Undirected,1
702,718,Chicanos,Qris,205,Undirected,1
703,704,César Chávez,Volleyball teams,205,Undirected,1
706,450,Market sellers (205),undocumenteds/illegals/aliens,205,Undirected,1
714,719,Steven Spielberg,Japan America Theatre worker,205,Undirected,1
694,713,Andy Warhol,Sin Yang Chang's wife,205,Undirected,1
706,715,Market sellers (205),several Republican presidential candidates,205,Undirected,1
698,711,Andrei Codrescu,Santa Anita Racetrack crowd,205,Undirected,1
698,720,Andrei Codrescu,Stomp performers,205,Undirected,1
695,696,MOCA attendees,King Tut,205,Undirected,1
695,705,MOCA attendees,Gawkers,205,Undirected,1
687,701,Robert McNeil,Punks,205,Undirected,1
695,714,MOCA attendees,Steven Spielberg,205,Undirected,1
687,710,Robert McNeil,Japanese American actors,205,Undirected,1
710,712,Japanese American actors,Sin Yang Chang,205,Undirected,1
687,719,Robert McNeil,Japan America Theatre worker,205,Undirected,1
710,721,Japanese American actors,Wadsworth audience,205,Undirected,1
688,693,The Jubilee Choir,Hollywood Bowl Orchestra,205,Undirected,1
688,702,The Jubilee Choir,Chicanos,205,Undirected,1
699,702,Central Library attendees,Chicanos,205,Undirected,1
691,698,Hollywood Bowl audience,Andrei Codrescu,205,Undirected,1
688,711,The Jubilee Choir,Santa Anita Racetrack crowd,205,Undirected,1
699,711,Central Library attendees,Santa Anita Racetrack crowd,205,Undirected,1
691,716,Hollywood Bowl audience,dinner attendees (205),205,Undirected,1
702,713,Chicanos,Sin Yang Chang's wife,205,Undirected,1
690,720,John Mauceri,Stomp performers,205,Undirected,1
705,718,Gawkers,Qris,205,Undirected,1
698,450,Andrei Codrescu,undocumenteds/illegals/aliens,205,Undirected,1
694,708,Andy Warhol,4-H demonstrators,205,Undirected,1
706,710,Market sellers (205),Japanese American actors,205,Undirected,1
698,706,Andrei Codrescu,Market sellers (205),205,Undirected,1
694,717,Andy Warhol,Chris,205,Undirected,1
706,719,Market sellers (205),Japan America Theatre worker,205,Undirected,1
717,719,Chris,Japan America Theatre worker,205,Undirected,1
698,715,Andrei Codrescu,several Republican presidential candidates,205,Undirected,1
695,700,MOCA attendees,Surfers,205,Undirected,1
687,696,Robert McNeil,King Tut,205,Undirected,1
695,709,MOCA attendees,L.A. County Fair attendees,205,Undirected,1
687,705,Robert McNeil,Gawkers,205,Undirected,1
695,718,MOCA attendees,Qris,205,Undirected,1
687,714,Robert McNeil,Steven Spielberg,205,Undirected,1
710,716,Japanese American actors,dinner attendees (205),205,Undirected,1
709,720,L.A. County Fair attendees,Stomp performers,205,Undirected,1
688,697,The Jubilee Choir,LACMA attendees,205,Undirected,1
691,693,Hollywood Bowl audience,Hollywood Bowl Orchestra,205,Undirected,1
690,450,John Mauceri,undocumenteds/illegals/aliens,205,Undirected,1
699,706,Central Library attendees,Market sellers (205),205,Undirected,1
691,702,Hollywood Bowl audience,Chicanos,205,Undirected,1
702,708,Chicanos,4-H demonstrators,205,Undirected,1
690,715,John Mauceri,several Republican presidential candidates,205,Undirected,1
702,717,Chicanos,Chris,205,Undirected,1
713,717,Sin Yang Chang's wife,Chris,205,Undirected,1
705,713,Gawkers,Sin Yang Chang's wife,205,Undirected,1
694,703,Andy Warhol,César Chávez,205,Undirected,1
714,718,Steven Spielberg,Qris,205,Undirected,1
698,701,Andrei Codrescu,Punks,205,Undirected,1
694,712,Andy Warhol,Sin Yang Chang,205,Undirected,1
706,714,Market sellers (205),Steven Spielberg,205,Undirected,1
698,710,Andrei Codrescu,Japanese American actors,205,Undirected,1
694,721,Andy Warhol,Wadsworth audience,205,Undirected,1
698,719,Andrei Codrescu,Japan America Theatre worker,205,Undirected,1
687,691,Robert McNeil,Hollywood Bowl audience,205,Undirected,1
695,704,MOCA attendees,Volleyball teams,205,Undirected,1
687,700,Robert McNeil,Surfers,205,Undirected,1
695,713,MOCA attendees,Sin Yang Chang's wife,205,Undirected,1
687,709,Robert McNeil,L.A. County Fair attendees,205,Undirected,1
709,715,L.A. County Fair attendees,several Republican presidential candidates,205,Undirected,1
701,711,Punks,Santa Anita Racetrack crowd,205,Undirected,1
701,720,Punks,Stomp performers,205,Undirected,1
712,720,Sin Yang Chang,Stomp performers,205,Undirected,1
691,697,Hollywood Bowl audience,LACMA attendees,205,Undirected,1
693,716,Hollywood Bowl Orchestra,dinner attendees (205),205,Undirected,1
450,720,undocumenteds/illegals/aliens,Stomp performers,205,Undirected,1
690,701,John Mauceri,Punks,205,Undirected,1
702,703,Chicanos,César Chávez,205,Undirected,1
690,710,John Mauceri,Japanese American actors,205,Undirected,1
702,712,Chicanos,Sin Yang Chang,205,Undirected,1
705,708,Gawkers,4-H demonstrators,205,Undirected,1
690,719,John Mauceri,Japan America Theatre worker,205,Undirected,1
702,721,Chicanos,Wadsworth audience,205,Undirected,1
713,721,Sin Yang Chang's wife,Wadsworth audience,205,Undirected,1
705,717,Gawkers,Chris,205,Undirected,1
694,698,Andy Warhol,Andrei Codrescu,205,Undirected,1
706,709,Market sellers (205),L.A. County Fair attendees,205,Undirected,1
698,705,Andrei Codrescu,Gawkers,205,Undirected,1
694,716,Andy Warhol,dinner attendees (205),205,Undirected,1
698,714,Andrei Codrescu,Steven Spielberg,205,Undirected,1
695,699,MOCA attendees,Central Library attendees,205,Undirected,1
697,718,LACMA attendees,Qris,205,Undirected,1
687,695,Robert McNeil,MOCA attendees,205,Undirected,1
687,704,Robert McNeil,Volleyball teams,205,Undirected,1
701,450,Punks,undocumenteds/illegals/aliens,205,Undirected,1
709,710,L.A. County Fair attendees,Japanese American actors,205,Undirected,1
701,706,Punks,Market sellers (205),205,Undirected,1
709,719,L.A. County Fair attendees,Japan America Theatre worker,205,Undirected,1
701,715,Punks,several Republican presidential candidates,205,Undirected,1
712,715,Sin Yang Chang,several Republican presidential candidates,205,Undirected,1
693,711,Hollywood Bowl Orchestra,Santa Anita Racetrack crowd,205,Undirected,1
450,715,undocumenteds/illegals/aliens,several Republican presidential candidates,205,Undirected,1
693,720,Hollywood Bowl Orchestra,Stomp performers,205,Undirected,1
690,696,John Mauceri,King Tut,205,Undirected,1
690,705,John Mauceri,Gawkers,205,Undirected,1
690,714,John Mauceri,Steven Spielberg,205,Undirected,1
702,716,Chicanos,dinner attendees (205),205,Undirected,1
713,716,Sin Yang Chang's wife,dinner attendees (205),205,Undirected,1
705,712,Gawkers,Sin Yang Chang,205,Undirected,1
705,721,Gawkers,Wadsworth audience,205,Undirected,1
694,702,Andy Warhol,Chicanos,205,Undirected,1
698,700,Andrei Codrescu,Surfers,205,Undirected,1
694,711,Andy Warhol,Santa Anita Racetrack crowd,205,Undirected,1
716,717,dinner attendees (205),Chris,205,Undirected,1
697,713,LACMA attendees,Sin Yang Chang's wife,205,Undirected,1
708,713,4-H demonstrators,Sin Yang Chang's wife,205,Undirected,1
687,690,Robert McNeil,John Mauceri,205,Undirected,1
689,718,The Greek audience,Qris,205,Undirected,1
693,450,Hollywood Bowl Orchestra,undocumenteds/illegals/aliens,205,Undirected,1
709,714,L.A. County Fair attendees,Steven Spielberg,205,Undirected,1
693,697,Hollywood Bowl Orchestra,LACMA attendees,205,Undirected,1
701,710,Punks,Japanese American actors,205,Undirected,1
693,706,Hollywood Bowl Orchestra,Market sellers (205),205,Undirected,1
450,710,undocumenteds/illegals/aliens,Japanese American actors,205,Undirected,1
701,719,Punks,Japan America Theatre worker,205,Undirected,1
712,719,Sin Yang Chang,Japan America Theatre worker,205,Undirected,1
693,715,Hollywood Bowl Orchestra,several Republican presidential candidates,205,Undirected,1
450,719,undocumenteds/illegals/aliens,Japan America Theatre worker,205,Undirected,1
690,691,John Mauceri,Hollywood Bowl audience,205,Undirected,1
690,700,John Mauceri,Surfers,205,Undirected,1
690,709,John Mauceri,L.A. County Fair attendees,205,Undirected,1
702,711,Chicanos,Santa Anita Racetrack crowd,205,Undirected,1
690,718,John Mauceri,Qris,205,Undirected,1
705,716,Gawkers,dinner attendees (205),205,Undirected,1
704,720,Volleyball teams,Stomp performers,205,Undirected,1
715,720,several Republican presidential candidates,Stomp performers,205,Undirected,1
694,697,Andy Warhol,LACMA attendees,205,Undirected,1
694,706,Andy Warhol,Market sellers (205),205,Undirected,1
697,699,LACMA attendees,Central Library attendees,205,Undirected,1
697,708,LACMA attendees,4-H demonstrators,205,Undirected,1
716,721,dinner attendees (205),Wadsworth audience,205,Undirected,1
689,704,The Greek audience,Volleyball teams,205,Undirected,1
697,717,LACMA attendees,Chris,205,Undirected,1
708,717,4-H demonstrators,Chris,205,Undirected,1
689,713,The Greek audience,Sin Yang Chang's wife,205,Undirected,1
701,705,Punks,Gawkers,205,Undirected,1
709,718,L.A. County Fair attendees,Qris,205,Undirected,1
693,701,Hollywood Bowl Orchestra,Punks,205,Undirected,1
701,714,Punks,Steven Spielberg,205,Undirected,1
712,714,Sin Yang Chang,Steven Spielberg,205,Undirected,1
693,710,Hollywood Bowl Orchestra,Japanese American actors,205,Undirected,1
450,714,undocumenteds/illegals/aliens,Steven Spielberg,205,Undirected,1
693,719,Hollywood Bowl Orchestra,Japan America Theatre worker,205,Undirected,1
690,695,John Mauceri,MOCA attendees,205,Undirected,1
690,704,John Mauceri,Volleyball teams,205,Undirected,1
704,450,Volleyball teams,undocumenteds/illegals/aliens,205,Undirected,1
690,713,John Mauceri,Sin Yang Chang's wife,205,Undirected,1
704,715,Volleyball teams,several Republican presidential candidates,205,Undirected,1
696,711,King Tut,Santa Anita Racetrack crowd,205,Undirected,1
696,720,King Tut,Stomp performers,205,Undirected,1
697,703,LACMA attendees,César Chávez,205,Undirected,1
689,699,The Greek audience,Central Library attendees,205,Undirected,1
697,712,LACMA attendees,Sin Yang Chang,205,Undirected,1
708,712,4-H demonstrators,Sin Yang Chang,205,Undirected,1
689,708,The Greek audience,4-H demonstrators,205,Undirected,1
697,721,LACMA attendees,Wadsworth audience,205,Undirected,1
708,721,4-H demonstrators,Wadsworth audience,205,Undirected,1
719,721,Japan America Theatre worker,Wadsworth audience,205,Undirected,1
689,717,The Greek audience,Chris,205,Undirected,1
693,696,Hollywood Bowl Orchestra,King Tut,205,Undirected,1
701,709,Punks,L.A. County Fair attendees,205,Undirected,1
693,705,Hollywood Bowl Orchestra,Gawkers,205,Undirected,1
450,709,undocumenteds/illegals/aliens,L.A. County Fair attendees,205,Undirected,1
693,714,Hollywood Bowl Orchestra,Steven Spielberg,205,Undirected,1
450,718,undocumenteds/illegals/aliens,Qris,205,Undirected,1
690,699,John Mauceri,Central Library attendees,205,Undirected,1
696,450,King Tut,undocumenteds/illegals/aliens,205,Undirected,1
704,710,Volleyball teams,Japanese American actors,205,Undirected,1
696,706,King Tut,Market sellers (205),205,Undirected,1
704,719,Volleyball teams,Japan America Theatre worker,205,Undirected,1
715,719,several Republican presidential candidates,Japan America Theatre worker,205,Undirected,1
696,715,King Tut,several Republican presidential candidates,205,Undirected,1
697,698,LACMA attendees,Andrei Codrescu,205,Undirected,1
689,694,The Greek audience,Andy Warhol,205,Undirected,1
716,720,dinner attendees (205),Stomp performers,205,Undirected,1
689,703,The Greek audience,César Chávez,205,Undirected,1
697,716,LACMA attendees,dinner attendees (205),205,Undirected,1
708,716,4-H demonstrators,dinner attendees (205),205,Undirected,1
689,712,The Greek audience,Sin Yang Chang,205,Undirected,1
689,721,The Greek audience,Wadsworth audience,205,Undirected,1
701,704,Punks,Volleyball teams,205,Undirected,1
693,700,Hollywood Bowl Orchestra,Surfers,205,Undirected,1
700,708,Surfers,4-H demonstrators,205,Undirected,1
700,717,Surfers,Chris,205,Undirected,1
711,717,Santa Anita Racetrack crowd,Chris,205,Undirected,1
703,713,César Chávez,Sin Yang Chang's wife,205,Undirected,1
704,705,Volleyball teams,Gawkers,205,Undirected,1
696,701,King Tut,Punks,205,Undirected,1
704,714,Volleyball teams,Steven Spielberg,205,Undirected,1
696,710,King Tut,Japanese American actors,205,Undirected,1
696,719,King Tut,Japan America Theatre worker,205,Undirected,1
697,702,LACMA attendees,Chicanos,205,Undirected,1
689,698,The Greek audience,Andrei Codrescu,205,Undirected,1
697,711,LACMA attendees,Santa Anita Racetrack crowd,205,Undirected,1
708,711,4-H demonstrators,Santa Anita Racetrack crowd,205,Undirected,1
688,720,The Jubilee Choir,Stomp performers,205,Undirected,1
699,720,Central Library attendees,Stomp performers,205,Undirected,1
693,695,Hollywood Bowl Orchestra,MOCA attendees,205,Undirected,1
700,703,Surfers,César Chávez,205,Undirected,1
700,712,Surfers,Sin Yang Chang,205,Undirected,1
711,712,Santa Anita Racetrack crowd,Sin Yang Chang,205,Undirected,1
703,708,César Chávez,4-H demonstrators,205,Undirected,1
700,721,Surfers,Wadsworth audience,205,Undirected,1
711,721,Santa Anita Racetrack crowd,Wadsworth audience,205,Undirected,1
703,717,César Chávez,Chris,205,Undirected,1
704,709,Volleyball teams,L.A. County Fair attendees,205,Undirected,1
696,705,King Tut,Gawkers,205,Undirected,1
704,718,Volleyball teams,Qris,205,Undirected,1
715,718,several Republican presidential candidates,Qris,205,Undirected,1
696,714,King Tut,Steven Spielberg,205,Undirected,1
718,720,Qris,Stomp performers,205,Undirected,1
689,693,The Greek audience,Hollywood Bowl Orchestra,205,Undirected,1
688,450,The Jubilee Choir,undocumenteds/illegals/aliens,205,Undirected,1
699,450,Central Library attendees,undocumenteds/illegals/aliens,205,Undirected,1
689,702,The Greek audience,Chicanos,205,Undirected,1
688,706,The Jubilee Choir,Market sellers (205),205,Undirected,1
688,715,The Jubilee Choir,several Republican presidential candidates,205,Undirected,1
699,715,Central Library attendees,several Republican presidential candidates,205,Undirected,1
691,711,Hollywood Bowl audience,Santa Anita Racetrack crowd,205,Undirected,1
691,720,Hollywood Bowl audience,Stomp performers,205,Undirected,1
700,716,Surfers,dinner attendees (205),205,Undirected,1
711,716,Santa Anita Racetrack crowd,dinner attendees (205),205,Undirected,1
703,712,César Chávez,Sin Yang Chang,205,Undirected,1
703,721,César Chávez,Wadsworth audience,205,Undirected,1
696,700,King Tut,Surfers,205,Undirected,1
696,709,King Tut,L.A. County Fair attendees,205,Undirected,1
710,711,Japanese American actors,Santa Anita Racetrack crowd,205,Undirected,1
687,718,Robert McNeil,Qris,205,Undirected,1
710,720,Japanese American actors,Stomp performers,205,Undirected,1
691,450,Hollywood Bowl audience,undocumenteds/illegals/aliens,205,Undirected,1
688,701,The Jubilee Choir,Punks,205,Undirected,1
699,701,Central Library attendees,Punks,205,Undirected,1
688,710,The Jubilee Choir,Japanese American actors,205,Undirected,1
699,710,Central Library attendees,Japanese American actors,205,Undirected,1
691,706,Hollywood Bowl audience,Market sellers (205),205,Undirected,1
688,719,The Jubilee Choir,Japan America Theatre worker,205,Undirected,1
699,719,Central Library attendees,Japan America Theatre worker,205,Undirected,1
691,715,Hollywood Bowl audience,several Republican presidential candidates,205,Undirected,1
700,702,Surfers,Chicanos,205,Undirected,1
700,711,Surfers,Santa Anita Racetrack crowd,205,Undirected,1
711,720,Santa Anita Racetrack crowd,Stomp performers,205,Undirected,1
703,716,César Chávez,dinner attendees (205),205,Undirected,1
706,718,Market sellers (205),Qris,205,Undirected,1
717,718,Chris,Qris,205,Undirected,1
696,704,King Tut,Volleyball teams,205,Undirected,1
695,708,MOCA attendees,4-H demonstrators,205,Undirected,1
695,717,MOCA attendees,Chris,205,Undirected,1
718,719,Qris,Japan America Theatre worker,205,Undirected,1
687,713,Robert McNeil,Sin Yang Chang's wife,205,Undirected,1
710,715,Japanese American actors,several Republican presidential candidates,205,Undirected,1
688,696,The Jubilee Choir,King Tut,205,Undirected,1
688,705,The Jubilee Choir,Gawkers,205,Undirected,1
699,705,Central Library attendees,Gawkers,205,Undirected,1
691,701,Hollywood Bowl audience,Punks,205,Undirected,1
688,714,The Jubilee Choir,Steven Spielberg,205,Undirected,1
699,714,Central Library attendees,Steven Spielberg,205,Undirected,1
691,710,Hollywood Bowl audience,Japanese American actors,205,Undirected,1
691,719,Hollywood Bowl audience,Japan America Theatre worker,205,Undirected,1
700,706,Surfers,Market sellers (205),205,Undirected,1
703,711,César Chávez,Santa Anita Racetrack crowd,205,Undirected,1
714,717,Steven Spielberg,Chris,205,Undirected,1
706,713,Market sellers (205),Sin Yang Chang's wife,205,Undirected,1
698,709,Andrei Codrescu,L.A. County Fair attendees,205,Undirected,1
694,720,Andy Warhol,Stomp performers,205,Undirected,1
698,718,Andrei Codrescu,Qris,205,Undirected,1
695,703,MOCA attendees,César Chávez,205,Undirected,1
687,699,Robert McNeil,Central Library attendees,205,Undirected,1
695,712,MOCA attendees,Sin Yang Chang,205,Undirected,1
687,708,Robert McNeil,4-H demonstrators,205,Undirected,1
695,721,MOCA attendees,Wadsworth audience,205,Undirected,1
687,717,Robert McNeil,Chris,205,Undirected,1
710,719,Japanese American actors,Japan America Theatre worker,205,Undirected,1
688,691,The Jubilee Choir,Hollywood Bowl audience,205,Undirected,1
688,700,The Jubilee Choir,Surfers,205,Undirected,1
699,700,Central Library attendees,Surfers,205,Undirected,1
691,696,Hollywood Bowl audience,King Tut,205,Undirected,1
688,709,The Jubilee Choir,L.A. County Fair attendees,205,Undirected,1
699,709,Central Library attendees,L.A. County Fair attendees,205,Undirected,1
691,705,Hollywood Bowl audience,Gawkers,205,Undirected,1
688,718,The Jubilee Choir,Qris,205,Undirected,1
699,718,Central Library attendees,Qris,205,Undirected,1
691,714,Hollywood Bowl audience,Steven Spielberg,205,Undirected,1
702,720,Chicanos,Stomp performers,205,Undirected,1
713,720,Sin Yang Chang's wife,Stomp performers,205,Undirected,1
694,450,Andy Warhol,undocumenteds/illegals/aliens,205,Undirected,1
706,708,Market sellers (205),4-H demonstrators,205,Undirected,1
714,721,Steven Spielberg,Wadsworth audience,205,Undirected,1
698,704,Andrei Codrescu,Volleyball teams,205,Undirected,1
694,715,Andy Warhol,several Republican presidential candidates,205,Undirected,1
706,717,Market sellers (205),Chris,205,Undirected,1
698,713,Andrei Codrescu,Sin Yang Chang's wife,205,Undirected,1
695,698,MOCA attendees,Andrei Codrescu,205,Undirected,1
687,694,Robert McNeil,Andy Warhol,205,Undirected,1
687,703,Robert McNeil,César Chávez,205,Undirected,1
695,716,MOCA attendees,dinner attendees (205),205,Undirected,1
687,712,Robert McNeil,Sin Yang Chang,205,Undirected,1
710,714,Japanese American actors,Steven Spielberg,205,Undirected,1
687,721,Robert McNeil,Wadsworth audience,205,Undirected,1
688,695,The Jubilee Choir,MOCA attendees,205,Undirected,1
688,704,The Jubilee Choir,Volleyball teams,205,Undirected,1
699,704,Central Library attendees,Volleyball teams,205,Undirected,1
702,450,Chicanos,undocumenteds/illegals/aliens,205,Undirected,1
691,700,Hollywood Bowl audience,Surfers,205,Undirected,1
691,709,Hollywood Bowl audience,L.A. County Fair attendees,205,Undirected,1
702,706,Chicanos,Market sellers (205),205,Undirected,1
702,715,Chicanos,several Republican presidential candidates,205,Undirected,1
713,715,Sin Yang Chang's wife,several Republican presidential candidates,205,Undirected,1
705,711,Gawkers,Santa Anita Racetrack crowd,205,Undirected,1
705,720,Gawkers,Stomp performers,205,Undirected,1
694,701,Andy Warhol,Punks,205,Undirected,1
714,716,Steven Spielberg,dinner attendees (205),205,Undirected,1
698,699,Andrei Codrescu,Central Library attendees,205,Undirected,1
694,710,Andy Warhol,Japanese American actors,205,Undirected,1
706,712,Market sellers (205),Sin Yang Chang,205,Undirected,1
698,708,Andrei Codrescu,4-H demonstrators,205,Undirected,1
694,719,Andy Warhol,Japan America Theatre worker,205,Undirected,1
706,721,Market sellers (205),Wadsworth audience,205,Undirected,1
717,721,Chris,Wadsworth audience,205,Undirected,1
698,717,Andrei Codrescu,Chris,205,Undirected,1
687,689,Robert McNeil,The Greek audience,205,Undirected,1
695,702,MOCA attendees,Chicanos,205,Undirected,1
687,698,Robert McNeil,Andrei Codrescu,205,Undirected,1
695,711,MOCA attendees,Santa Anita Racetrack crowd,205,Undirected,1
687,716,Robert McNeil,dinner attendees (205),205,Undirected,1
709,713,L.A. County Fair attendees,Sin Yang Chang's wife,205,Undirected,1
688,690,The Jubilee Choir,John Mauceri,205,Undirected,1
688,699,The Jubilee Choir,Central Library attendees,205,Undirected,1
701,718,Punks,Qris,205,Undirected,1
712,718,Sin Yang Chang,Qris,205,Undirected,1
691,695,Hollywood Bowl audience,MOCA attendees,205,Undirected,1
691,704,Hollywood Bowl audience,Volleyball teams,205,Undirected,1
705,450,Gawkers,undocumenteds/illegals/aliens,205,Undirected,1
690,708,John Mauceri,4-H demonstrators,205,Undirected,1
702,710,Chicanos,Japanese American actors,205,Undirected,1
705,706,Gawkers,Market sellers (205),205,Undirected,1
690,717,John Mauceri,Chris,205,Undirected,1
702,719,Chicanos,Japan America Theatre worker,205,Undirected,1
713,719,Sin Yang Chang's wife,Japan America Theatre worker,205,Undirected,1
705,715,Gawkers,several Republican presidential candidates,205,Undirected,1
694,696,Andy Warhol,King Tut,205,Undirected,1
694,705,Andy Warhol,Gawkers,205,Undirected,1
698,703,Andrei Codrescu,César Chávez,205,Undirected,1
694,714,Andy Warhol,Steven Spielberg,205,Undirected,1
706,716,Market sellers (205),dinner attendees (205),205,Undirected,1
698,712,Andrei Codrescu,Sin Yang Chang,205,Undirected,1
698,721,Andrei Codrescu,Wadsworth audience,205,Undirected,1
695,697,MOCA attendees,LACMA attendees,205,Undirected,1
687,693,Robert McNeil,Hollywood Bowl Orchestra,205,Undirected,1
695,706,MOCA attendees,Market sellers (205),205,Undirected,1
687,702,Robert McNeil,Chicanos,205,Undirected,1
687,711,Robert McNeil,Santa Anita Racetrack crowd,205,Undirected,1
709,717,L.A. County Fair attendees,Chris,205,Undirected,1
701,713,Punks,Sin Yang Chang's wife,205,Undirected,1
712,713,Sin Yang Chang,Sin Yang Chang's wife,205,Undirected,1
693,709,Hollywood Bowl Orchestra,L.A. County Fair attendees,205,Undirected,1
450,713,undocumenteds/illegals/aliens,Sin Yang Chang's wife,205,Undirected,1
693,718,Hollywood Bowl Orchestra,Qris,205,Undirected,1
690,694,John Mauceri,Andy Warhol,205,Undirected,1
690,703,John Mauceri,César Chávez,205,Undirected,1
702,705,Chicanos,Gawkers,205,Undirected,1
690,712,John Mauceri,Sin Yang Chang,205,Undirected,1
702,714,Chicanos,Steven Spielberg,205,Undirected,1
713,714,Sin Yang Chang's wife,Steven Spielberg,205,Undirected,1
705,710,Gawkers,Japanese American actors,205,Undirected,1
690,721,John Mauceri,Wadsworth audience,205,Undirected,1
705,719,Gawkers,Japan America Theatre worker,205,Undirected,1
694,700,Andy Warhol,Surfers,205,Undirected,1
694,709,Andy Warhol,L.A. County Fair attendees,205,Undirected,1
68,615,Manzanar Murakami,L.A. citizens,206,Undirected,1
68,615,Manzanar Murakami,L.A. citizens,207,Undirected,1
224,723,The Orange,Virgin of Guadalupe,211,Undirected,1
224,488,The Orange,Bus passengers,211,Undirected,1
70,723,Arcangel/El Gran Mojado,Virgin of Guadalupe,211,Undirected,1
70,488,Arcangel/El Gran Mojado,Bus passengers,211,Undirected,1
488,723,Bus passengers,Virgin of Guadalupe,211,Undirected,1
224,70,The Orange,Arcangel/El Gran Mojado,211,Undirected,1
724,725,Tonantzin,Juan Diego,211,Undirected,1
722,725,Northern People,Juan Diego,211,Undirected,1
145,725,Sol,Juan Diego,211,Undirected,1
145,722,Sol,Northern People,211,Undirected,1
70,722,Arcangel/El Gran Mojado,Northern People,211,Undirected,1
224,725,The Orange,Juan Diego,211,Undirected,1
70,725,Arcangel/El Gran Mojado,Juan Diego,211,Undirected,1
224,722,The Orange,Northern People,211,Undirected,1
488,725,Bus passengers,Juan Diego,211,Undirected,1
488,722,Bus passengers,Northern People,211,Undirected,1
722,724,Northern People,Tonantzin,211,Undirected,1
224,145,The Orange,Sol,211,Undirected,1
70,145,Arcangel/El Gran Mojado,Sol,211,Undirected,1
488,145,Bus passengers,Sol,211,Undirected,1
145,724,Sol,Tonantzin,211,Undirected,1
723,725,Virgin of Guadalupe,Juan Diego,211,Undirected,1
70,724,Arcangel/El Gran Mojado,Tonantzin,211,Undirected,1
224,724,The Orange,Tonantzin,211,Undirected,1
488,724,Bus passengers,Tonantzin,211,Undirected,1
722,723,Northern People,Virgin of Guadalupe,211,Undirected,1
145,723,Sol,Virgin of Guadalupe,211,Undirected,1
723,724,Virgin of Guadalupe,Tonantzin,211,Undirected,1
488,104,Bus passengers,Eva Péron,212,Undirected,1
644,104,Simón Bolívar,Eva Péron,212,Undirected,1
70,726,Arcangel/El Gran Mojado,Sitting Bull,212,Undirected,1
104,145,Eva Péron,Sol,212,Undirected,1
70,488,Arcangel/El Gran Mojado,Bus passengers,212,Undirected,1
488,726,Bus passengers,Sitting Bull,212,Undirected,1
644,726,Simón Bolívar,Sitting Bull,212,Undirected,1
722,728,Northern People,Leon Trotsky,212,Undirected,1
644,70,Simón Bolívar,Arcangel/El Gran Mojado,212,Undirected,1
644,488,Simón Bolívar,Bus passengers,212,Undirected,1
727,605,Teddy Roosevelt,General Custer,212,Undirected,1
104,114,Eva Péron,Tachito Somoza,212,Undirected,1
145,722,Sol,Northern People,212,Undirected,1
145,728,Sol,Leon Trotsky,212,Undirected,1
104,605,Eva Péron,General Custer,212,Undirected,1
726,728,Sitting Bull,Leon Trotsky,212,Undirected,1
103,722,Che Guevara,Northern People,212,Undirected,1
103,728,Che Guevara,Leon Trotsky,212,Undirected,1
114,728,Tachito Somoza,Leon Trotsky,212,Undirected,1
104,727,Eva Péron,Teddy Roosevelt,212,Undirected,1
70,103,Arcangel/El Gran Mojado,Che Guevara,212,Undirected,1
644,103,Simón Bolívar,Che Guevara,212,Undirected,1
103,145,Che Guevara,Sol,212,Undirected,1
70,722,Arcangel/El Gran Mojado,Northern People,212,Undirected,1
488,722,Bus passengers,Northern People,212,Undirected,1
70,728,Arcangel/El Gran Mojado,Leon Trotsky,212,Undirected,1
488,728,Bus passengers,Leon Trotsky,212,Undirected,1
644,722,Simón Bolívar,Northern People,212,Undirected,1
644,728,Simón Bolívar,Leon Trotsky,212,Undirected,1
145,114,Sol,Tachito Somoza,212,Undirected,1
722,114,Northern People,Tachito Somoza,212,Undirected,1
722,605,Northern People,General Custer,212,Undirected,1
722,727,Northern People,Teddy Roosevelt,212,Undirected,1
70,145,Arcangel/El Gran Mojado,Sol,212,Undirected,1
488,145,Bus passengers,Sol,212,Undirected,1
145,605,Sol,General Custer,212,Undirected,1
103,114,Che Guevara,Tachito Somoza,212,Undirected,1
726,605,Sitting Bull,General Custer,212,Undirected,1
103,605,Che Guevara,General Custer,212,Undirected,1
104,726,Eva Péron,Sitting Bull,212,Undirected,1
145,727,Sol,Teddy Roosevelt,212,Undirected,1
644,145,Simón Bolívar,Sol,212,Undirected,1
114,605,Tachito Somoza,General Custer,212,Undirected,1
103,727,Che Guevara,Teddy Roosevelt,212,Undirected,1
114,727,Tachito Somoza,Teddy Roosevelt,212,Undirected,1
726,727,Sitting Bull,Teddy Roosevelt,212,Undirected,1
728,605,Leon Trotsky,General Custer,212,Undirected,1
70,114,Arcangel/El Gran Mojado,Tachito Somoza,212,Undirected,1
488,114,Bus passengers,Tachito Somoza,212,Undirected,1
70,727,Arcangel/El Gran Mojado,Teddy Roosevelt,212,Undirected,1
644,114,Simón Bolívar,Tachito Somoza,212,Undirected,1
70,605,Arcangel/El Gran Mojado,General Custer,212,Undirected,1
488,605,Bus passengers,General Custer,212,Undirected,1
644,605,Simón Bolívar,General Custer,212,Undirected,1
488,727,Bus passengers,Teddy Roosevelt,212,Undirected,1
722,726,Northern People,Sitting Bull,212,Undirected,1
644,727,Simón Bolívar,Teddy Roosevelt,212,Undirected,1
103,104,Che Guevara,Eva Péron,212,Undirected,1
727,728,Teddy Roosevelt,Leon Trotsky,212,Undirected,1
145,726,Sol,Sitting Bull,212,Undirected,1
104,722,Eva Péron,Northern People,212,Undirected,1
104,728,Eva Péron,Leon Trotsky,212,Undirected,1
103,726,Che Guevara,Sitting Bull,212,Undirected,1
114,726,Tachito Somoza,Sitting Bull,212,Undirected,1
70,104,Arcangel/El Gran Mojado,Eva Péron,212,Undirected,1
103,488,Che Guevara,Bus passengers,212,Undirected,1
70,729,Arcangel/El Gran Mojado,Mothers of the Disappeared,213,Undirected,1
224,732,The Orange,the Spider Woman,213,Undirected,1
730,732,Santos Dumont,the Spider Woman,213,Undirected,1
488,735,Bus passengers,Young man (213),213,Undirected,1
729,733,Mothers of the Disappeared,Poor man on street (213),213,Undirected,1
70,722,Arcangel/El Gran Mojado,Northern People,213,Undirected,1
736,729,Old man (213),Mothers of the Disappeared,213,Undirected,1
70,731,Arcangel/El Gran Mojado,Charles Darwin,213,Undirected,1
731,733,Charles Darwin,Poor man on street (213),213,Undirected,1
722,730,Northern People,Santos Dumont,213,Undirected,1
488,145,Bus passengers,Sol,213,Undirected,1
732,734,the Spider Woman,Young mother (213),213,Undirected,1
729,735,Mothers of the Disappeared,Young man (213),213,Undirected,1
736,722,Old man (213),Northern People,213,Undirected,1
733,735,Poor man on street (213),Young man (213),213,Undirected,1
736,731,Old man (213),Charles Darwin,213,Undirected,1
488,730,Bus passengers,Santos Dumont,213,Undirected,1
731,735,Charles Darwin,Young man (213),213,Undirected,1
145,732,Sol,the Spider Woman,213,Undirected,1
736,733,Old man (213),Poor man on street (213),213,Undirected,1
488,732,Bus passengers,the Spider Woman,213,Undirected,1
729,730,Mothers of the Disappeared,Santos Dumont,213,Undirected,1
145,734,Sol,Young mother (213),213,Undirected,1
736,488,Old man (213),Bus passengers,213,Undirected,1
736,70,Old man (213),Arcangel/El Gran Mojado,213,Undirected,1
736,735,Old man (213),Young man (213),213,Undirected,1
224,734,The Orange,Young mother (213),213,Undirected,1
730,734,Santos Dumont,Young mother (213),213,Undirected,1
736,145,Old man (213),Sol,213,Undirected,1
70,733,Arcangel/El Gran Mojado,Poor man on street (213),213,Undirected,1
732,733,the Spider Woman,Poor man on street (213),213,Undirected,1
722,732,Northern People,the Spider Woman,213,Undirected,1
145,729,Sol,Mothers of the Disappeared,213,Undirected,1
736,730,Old man (213),Santos Dumont,213,Undirected,1
70,488,Arcangel/El Gran Mojado,Bus passengers,213,Undirected,1
224,729,The Orange,Mothers of the Disappeared,213,Undirected,1
70,735,Arcangel/El Gran Mojado,Young man (213),213,Undirected,1
732,735,the Spider Woman,Young man (213),213,Undirected,1
722,734,Northern People,Young mother (213),213,Undirected,1
145,722,Sol,Northern People,213,Undirected,1
145,731,Sol,Charles Darwin,213,Undirected,1
734,735,Young mother (213),Young man (213),213,Undirected,1
736,732,Old man (213),the Spider Woman,213,Undirected,1
224,722,The Orange,Northern People,213,Undirected,1
224,731,The Orange,Charles Darwin,213,Undirected,1
730,731,Santos Dumont,Charles Darwin,213,Undirected,1
488,734,Bus passengers,Young mother (213),213,Undirected,1
70,145,Arcangel/El Gran Mojado,Sol,213,Undirected,1
145,733,Sol,Poor man on street (213),213,Undirected,1
729,732,Mothers of the Disappeared,the Spider Woman,213,Undirected,1
70,730,Arcangel/El Gran Mojado,Santos Dumont,213,Undirected,1
224,733,The Orange,Poor man on street (213),213,Undirected,1
730,733,Santos Dumont,Poor man on street (213),213,Undirected,1
731,732,Charles Darwin,the Spider Woman,213,Undirected,1
722,729,Northern People,Mothers of the Disappeared,213,Undirected,1
145,735,Sol,Young man (213),213,Undirected,1
729,734,Mothers of the Disappeared,Young mother (213),213,Undirected,1
224,488,The Orange,Bus passengers,213,Undirected,1
733,734,Poor man on street (213),Young mother (213),213,Undirected,1
224,70,The Orange,Arcangel/El Gran Mojado,213,Undirected,1
70,732,Arcangel/El Gran Mojado,the Spider Woman,213,Undirected,1
224,735,The Orange,Young man (213),213,Undirected,1
488,729,Bus passengers,Mothers of the Disappeared,213,Undirected,1
730,735,Santos Dumont,Young man (213),213,Undirected,1
731,734,Charles Darwin,Young mother (213),213,Undirected,1
722,731,Northern People,Charles Darwin,213,Undirected,1
488,722,Bus passengers,Northern People,213,Undirected,1
70,734,Arcangel/El Gran Mojado,Young mother (213),213,Undirected,1
488,731,Bus passengers,Charles Darwin,213,Undirected,1
224,145,The Orange,Sol,213,Undirected,1
722,733,Northern People,Poor man on street (213),213,Undirected,1
145,730,Sol,Santos Dumont,213,Undirected,1
224,730,The Orange,Santos Dumont,213,Undirected,1
736,734,Old man (213),Young mother (213),213,Undirected,1
488,733,Bus passengers,Poor man on street (213),213,Undirected,1
722,735,Northern People,Young man (213),213,Undirected,1
736,224,Old man (213),The Orange,213,Undirected,1
729,731,Mothers of the Disappeared,Charles Darwin,213,Undirected,1
738,87,Public Health officials,Buzzworm,214,Undirected,1
737,216,Customs Officials,Frida Kahlo,214,Undirected,1
561,216,Car Show Caller,Frida Kahlo,214,Undirected,1
737,521,Customs Officials,Frank and Retsek of KPFK The Car Show,214,Undirected,1
522,145,Diego Rivera,Sol,214,Undirected,1
145,216,Sol,Frida Kahlo,214,Undirected,1
522,87,Diego Rivera,Buzzworm,214,Undirected,1
738,523,Public Health officials,Former guest from Japan,214,Undirected,1
522,523,Diego Rivera,Former guest from Japan,214,Undirected,1
224,738,The Orange,Public Health officials,214,Undirected,1
521,561,Frank and Retsek of KPFK The Car Show,Car Show Caller,214,Undirected,1
224,561,The Orange,Car Show Caller,214,Undirected,1
523,561,Former guest from Japan,Car Show Caller,214,Undirected,1
224,216,The Orange,Frida Kahlo,214,Undirected,1
523,397,Former guest from Japan,FBI Agents,214,Undirected,1
224,521,The Orange,Frank and Retsek of KPFK The Car Show,214,Undirected,1
521,216,Frank and Retsek of KPFK The Car Show,Frida Kahlo,214,Undirected,1
397,145,FBI Agents,Sol,214,Undirected,1
523,216,Former guest from Japan,Frida Kahlo,214,Undirected,1
561,87,Car Show Caller,Buzzworm,214,Undirected,1
737,145,Customs Officials,Sol,214,Undirected,1
561,145,Car Show Caller,Sol,214,Undirected,1
737,87,Customs Officials,Buzzworm,214,Undirected,1
145,87,Sol,Buzzworm,214,Undirected,1
738,397,Public Health officials,FBI Agents,214,Undirected,1
738,522,Public Health officials,Diego Rivera,214,Undirected,1
737,523,Customs Officials,Former guest from Japan,214,Undirected,1
224,737,The Orange,Customs Officials,214,Undirected,1
522,397,Diego Rivera,FBI Agents,214,Undirected,1
224,145,The Orange,Sol,214,Undirected,1
87,216,Buzzworm,Frida Kahlo,214,Undirected,1
521,145,Frank and Retsek of KPFK The Car Show,Sol,214,Undirected,1
224,87,The Orange,Buzzworm,214,Undirected,1
523,87,Former guest from Japan,Buzzworm,214,Undirected,1
521,87,Frank and Retsek of KPFK The Car Show,Buzzworm,214,Undirected,1
523,145,Former guest from Japan,Sol,214,Undirected,1
397,561,FBI Agents,Car Show Caller,214,Undirected,1
224,523,The Orange,Former guest from Japan,214,Undirected,1
738,561,Public Health officials,Car Show Caller,214,Undirected,1
521,523,Frank and Retsek of KPFK The Car Show,Former guest from Japan,214,Undirected,1
522,561,Diego Rivera,Car Show Caller,214,Undirected,1
738,216,Public Health officials,Frida Kahlo,214,Undirected,1
397,216,FBI Agents,Frida Kahlo,214,Undirected,1
737,397,Customs Officials,FBI Agents,214,Undirected,1
737,522,Customs Officials,Diego Rivera,214,Undirected,1
738,521,Public Health officials,Frank and Retsek of KPFK The Car Show,214,Undirected,1
522,216,Diego Rivera,Frida Kahlo,214,Undirected,1
521,522,Frank and Retsek of KPFK The Car Show,Diego Rivera,214,Undirected,1
224,397,The Orange,FBI Agents,214,Undirected,1
224,522,The Orange,Diego Rivera,214,Undirected,1
521,397,Frank and Retsek of KPFK The Car Show,FBI Agents,214,Undirected,1
737,738,Customs Officials,Public Health officials,214,Undirected,1
738,145,Public Health officials,Sol,214,Undirected,1
397,87,FBI Agents,Buzzworm,214,Undirected,1
737,561,Customs Officials,Car Show Caller,214,Undirected,1
521,525,Frank and Retsek of KPFK The Car Show,Homeless Mother and her child,215,Undirected,1
68,525,Manzanar Murakami,Homeless Mother and her child,215,Undirected,1
523,525,Former guest from Japan,Homeless Mother and her child,215,Undirected,1
525,87,Homeless Mother and her child,Buzzworm,215,Undirected,1
523,87,Former guest from Japan,Buzzworm,215,Undirected,1
561,87,Car Show Caller,Buzzworm,215,Undirected,1
521,87,Frank and Retsek of KPFK The Car Show,Buzzworm,215,Undirected,1
68,87,Manzanar Murakami,Buzzworm,215,Undirected,1
68,521,Manzanar Murakami,Frank and Retsek of KPFK The Car Show,215,Undirected,1
521,561,Frank and Retsek of KPFK The Car Show,Car Show Caller,215,Undirected,1
521,523,Frank and Retsek of KPFK The Car Show,Former guest from Japan,215,Undirected,1
68,523,Manzanar Murakami,Former guest from Japan,215,Undirected,1
525,561,Homeless Mother and her child,Car Show Caller,215,Undirected,1
523,561,Former guest from Japan,Car Show Caller,215,Undirected,1
68,561,Manzanar Murakami,Car Show Caller,215,Undirected,1
530,534,Mayor of L.A.,bad-mouth baby rappers,216,Undirected,1
529,532,Police Chief,Black men (abstract),216,Undirected,1
532,476,Black men (abstract),Mona,216,Undirected,1
532,534,Black men (abstract),bad-mouth baby rappers,216,Undirected,1
535,530,Ice-T,Mayor of L.A.,216,Undirected,1
535,536,Ice-T,NWA,216,Undirected,1
534,476,bad-mouth baby rappers,Mona,216,Undirected,1
528,530,Edward Olmos,Mayor of L.A.,216,Undirected,1
526,530,Jesse Jackson,Mayor of L.A.,216,Undirected,1
526,536,Jesse Jackson,NWA,216,Undirected,1
68,530,Manzanar Murakami,Mayor of L.A.,216,Undirected,1
536,476,NWA,Mona,216,Undirected,1
528,536,Edward Olmos,NWA,216,Undirected,1
535,72,Ice-T,Emi,216,Undirected,1
68,536,Manzanar Murakami,NWA,216,Undirected,1
72,530,Emi,Mayor of L.A.,216,Undirected,1
72,536,Emi,NWA,216,Undirected,1
68,72,Manzanar Murakami,Emi,216,Undirected,1
535,87,Ice-T,Buzzworm,216,Undirected,1
87,476,Buzzworm,Mona,216,Undirected,1
528,87,Edward Olmos,Buzzworm,216,Undirected,1
526,87,Jesse Jackson,Buzzworm,216,Undirected,1
68,87,Manzanar Murakami,Buzzworm,216,Undirected,1
529,476,Police Chief,Mona,216,Undirected,1
535,526,Ice-T,Jesse Jackson,216,Undirected,1
529,534,Police Chief,bad-mouth baby rappers,216,Undirected,1
530,536,Mayor of L.A.,NWA,216,Undirected,1
535,529,Ice-T,Police Chief,216,Undirected,1
532,536,Black men (abstract),NWA,216,Undirected,1
535,532,Ice-T,Black men (abstract),216,Undirected,1
72,87,Emi,Buzzworm,216,Undirected,1
526,529,Jesse Jackson,Police Chief,216,Undirected,1
534,536,bad-mouth baby rappers,NWA,216,Undirected,1
526,532,Jesse Jackson,Black men (abstract),216,Undirected,1
68,526,Manzanar Murakami,Jesse Jackson,216,Undirected,1
68,532,Manzanar Murakami,Black men (abstract),216,Undirected,1
528,529,Edward Olmos,Police Chief,216,Undirected,1
68,529,Manzanar Murakami,Police Chief,216,Undirected,1
68,535,Manzanar Murakami,Ice-T,216,Undirected,1
528,532,Edward Olmos,Black men (abstract),216,Undirected,1
72,529,Emi,Police Chief,216,Undirected,1
530,87,Mayor of L.A.,Buzzworm,216,Undirected,1
72,526,Emi,Jesse Jackson,216,Undirected,1
72,532,Emi,Black men (abstract),216,Undirected,1
534,87,bad-mouth baby rappers,Buzzworm,216,Undirected,1
532,87,Black men (abstract),Buzzworm,216,Undirected,1
529,530,Police Chief,Mayor of L.A.,216,Undirected,1
87,536,Buzzworm,NWA,216,Undirected,1
530,532,Mayor of L.A.,Black men (abstract),216,Undirected,1
535,528,Ice-T,Edward Olmos,216,Undirected,1
529,536,Police Chief,NWA,216,Undirected,1
526,528,Jesse Jackson,Edward Olmos,216,Undirected,1
535,476,Ice-T,Mona,216,Undirected,1
535,534,Ice-T,bad-mouth baby rappers,216,Undirected,1
526,476,Jesse Jackson,Mona,216,Undirected,1
526,534,Jesse Jackson,bad-mouth baby rappers,216,Undirected,1
68,528,Manzanar Murakami,Edward Olmos,216,Undirected,1
68,534,Manzanar Murakami,bad-mouth baby rappers,216,Undirected,1
528,476,Edward Olmos,Mona,216,Undirected,1
528,534,Edward Olmos,bad-mouth baby rappers,216,Undirected,1
529,87,Police Chief,Buzzworm,216,Undirected,1
68,476,Manzanar Murakami,Mona,216,Undirected,1
72,528,Emi,Edward Olmos,216,Undirected,1
72,534,Emi,bad-mouth baby rappers,216,Undirected,1
72,476,Emi,Mona,216,Undirected,1
530,476,Mayor of L.A.,Mona,216,Undirected,1
189,422,Unnamed members of L.A. Underclass,Viet Cong,217,Undirected,1
422,87,Viet Cong,Buzzworm,217,Undirected,1
539,189,Politicos,Unnamed members of L.A. Underclass,217,Undirected,1
189,87,Unnamed members of L.A. Underclass,Buzzworm,217,Undirected,1
539,422,Politicos,Viet Cong,217,Undirected,1
539,87,Politicos,Buzzworm,217,Undirected,1
539,189,Politicos,Unnamed members of L.A. Underclass,218,Undirected,1
87,189,Buzzworm,Unnamed members of L.A. Underclass,218,Undirected,1
69,87,Gabriel Balboa,Buzzworm,218,Undirected,1
87,539,Buzzworm,Politicos,218,Undirected,1
539,542,Politicos,Gil-Scott Heron,218,Undirected,1
87,542,Buzzworm,Gil-Scott Heron,218,Undirected,1
69,189,Gabriel Balboa,Unnamed members of L.A. Underclass,218,Undirected,1
69,539,Gabriel Balboa,Politicos,218,Undirected,1
69,542,Gabriel Balboa,Gil-Scott Heron,218,Undirected,1
189,542,Unnamed members of L.A. Underclass,Gil-Scott Heron,218,Undirected,1
224,145,The Orange,Sol,219,Undirected,1
70,87,Arcangel/El Gran Mojado,Buzzworm,219,Undirected,1
70,145,Arcangel/El Gran Mojado,Sol,219,Undirected,1
196,87,L.A. Suburbanites,Buzzworm,219,Undirected,1
224,87,The Orange,Buzzworm,219,Undirected,1
224,196,The Orange,L.A. Suburbanites,219,Undirected,1
224,546,The Orange,The Orange Mob,219,Undirected,1
546,87,The Orange Mob,Buzzworm,219,Undirected,1
546,145,The Orange Mob,Sol,219,Undirected,1
224,70,The Orange,Arcangel/El Gran Mojado,219,Undirected,1
546,196,The Orange Mob,L.A. Suburbanites,219,Undirected,1
196,70,L.A. Suburbanites,Arcangel/El Gran Mojado,219,Undirected,1
145,87,Sol,Buzzworm,219,Undirected,1
546,70,The Orange Mob,Arcangel/El Gran Mojado,219,Undirected,1
196,145,L.A. Suburbanites,Sol,219,Undirected,1
568,158,La Malinche,Hernando (Dona Maria's son),220,Undirected,1
66,158,Rafaela Cortes,Hernando (Dona Maria's son),220,Undirected,1
566,87,5000 Women of Cochibamba,Buzzworm,220,Undirected,1
546,87,The Orange Mob,Buzzworm,220,Undirected,1
546,566,The Orange Mob,5000 Women of Cochibamba,220,Undirected,1
566,569,5000 Women of Cochibamba,La Llorona,220,Undirected,1
87,568,Buzzworm,La Malinche,220,Undirected,1
546,569,The Orange Mob,La Llorona,220,Undirected,1
87,571,Buzzworm,one hundred mothers at the Plaza de Mayo,220,Undirected,1
567,570,Conquistadors,Maria Bonita,220,Undirected,1
568,569,La Malinche,La Llorona,220,Undirected,1
66,87,Rafaela Cortes,Buzzworm,220,Undirected,1
66,566,Rafaela Cortes,5000 Women of Cochibamba,220,Undirected,1
567,158,Conquistadors,Hernando (Dona Maria's son),220,Undirected,1
569,570,La Llorona,Maria Bonita,220,Undirected,1
66,569,Rafaela Cortes,La Llorona,220,Undirected,1
569,158,La Llorona,Hernando (Dona Maria's son),220,Undirected,1
566,568,5000 Women of Cochibamba,La Malinche,220,Undirected,1
566,571,5000 Women of Cochibamba,one hundred mothers at the Plaza de Mayo,220,Undirected,1
546,568,The Orange Mob,La Malinche,220,Undirected,1
570,158,Maria Bonita,Hernando (Dona Maria's son),220,Undirected,1
87,570,Buzzworm,Maria Bonita,220,Undirected,1
546,571,The Orange Mob,one hundred mothers at the Plaza de Mayo,220,Undirected,1
87,158,Buzzworm,Hernando (Dona Maria's son),220,Undirected,1
571,158,one hundred mothers at the Plaza de Mayo,Hernando (Dona Maria's son),220,Undirected,1
567,87,Conquistadors,Buzzworm,220,Undirected,1
567,566,Conquistadors,5000 Women of Cochibamba,220,Undirected,1
568,571,La Malinche,one hundred mothers at the Plaza de Mayo,220,Undirected,1
567,569,Conquistadors,La Llorona,220,Undirected,1
66,568,Rafaela Cortes,La Malinche,220,Undirected,1
570,571,Maria Bonita,one hundred mothers at the Plaza de Mayo,220,Undirected,1
66,571,Rafaela Cortes,one hundred mothers at the Plaza de Mayo,220,Undirected,1
566,570,5000 Women of Cochibamba,Maria Bonita,220,Undirected,1
546,570,The Orange Mob,Maria Bonita,220,Undirected,1
566,158,5000 Women of Cochibamba,Hernando (Dona Maria's son),220,Undirected,1
546,567,The Orange Mob,Conquistadors,220,Undirected,1
546,158,The Orange Mob,Hernando (Dona Maria's son),220,Undirected,1
87,569,Buzzworm,La Llorona,220,Undirected,1
66,546,Rafaela Cortes,The Orange Mob,220,Undirected,1
567,568,Conquistadors,La Malinche,220,Undirected,1
567,571,Conquistadors,one hundred mothers at the Plaza de Mayo,220,Undirected,1
568,570,La Malinche,Maria Bonita,220,Undirected,1
66,570,Rafaela Cortes,Maria Bonita,220,Undirected,1
569,571,La Llorona,one hundred mothers at the Plaza de Mayo,220,Undirected,1
66,567,Rafaela Cortes,Conquistadors,220,Undirected,1
66,158,Rafaela Cortes,Hernando (Dona Maria's son),221,Undirected,1
572,158,Coatlalopeuh,Hernando (Dona Maria's son),221,Undirected,1
66,572,Rafaela Cortes,Coatlalopeuh,221,Undirected,1
66,158,Rafaela Cortes,Hernando (Dona Maria's son),222,Undirected,1
68,158,Manzanar Murakami,Hernando (Dona Maria's son),222,Undirected,1
69,184,Gabriel Balboa,Emi's Mother,222,Undirected,1
72,158,Emi,Hernando (Dona Maria's son),222,Undirected,1
66,185,Rafaela Cortes,Emi's Father,222,Undirected,1
66,69,Rafaela Cortes,Gabriel Balboa,222,Undirected,1
68,185,Manzanar Murakami,Emi's Father,222,Undirected,1
68,72,Manzanar Murakami,Emi,222,Undirected,1
66,72,Rafaela Cortes,Emi,222,Undirected,1
68,69,Manzanar Murakami,Gabriel Balboa,222,Undirected,1
72,185,Emi,Emi's Father,222,Undirected,1
184,158,Emi's Mother,Hernando (Dona Maria's son),222,Undirected,1
66,184,Rafaela Cortes,Emi's Mother,222,Undirected,1
66,68,Rafaela Cortes,Manzanar Murakami,222,Undirected,1
68,184,Manzanar Murakami,Emi's Mother,222,Undirected,1
69,158,Gabriel Balboa,Hernando (Dona Maria's son),222,Undirected,1
72,184,Emi,Emi's Mother,222,Undirected,1
184,185,Emi's Mother,Emi's Father,222,Undirected,1
69,72,Gabriel Balboa,Emi,222,Undirected,1
69,185,Gabriel Balboa,Emi's Father,222,Undirected,1
185,158,Emi's Father,Hernando (Dona Maria's son),222,Undirected,1
98,66,Bobby Ngu,Rafaela Cortes,223,Undirected,1
98,69,Bobby Ngu,Gabriel Balboa,223,Undirected,1
66,69,Rafaela Cortes,Gabriel Balboa,223,Undirected,1
145,69,Sol,Gabriel Balboa,223,Undirected,1
145,98,Sol,Bobby Ngu,223,Undirected,1
145,66,Sol,Rafaela Cortes,223,Undirected,1
69,72,Gabriel Balboa,Emi,224,Undirected,1
69,85,Gabriel Balboa,Gabriel Balboa's family,224,Undirected,1
145,85,Sol,Gabriel Balboa's family,224,Undirected,1
72,217,Emi,Van Gogh,224,Undirected,1
66,145,Rafaela Cortes,Sol,224,Undirected,1
72,85,Emi,Gabriel Balboa's family,224,Undirected,1
69,145,Gabriel Balboa,Sol,224,Undirected,1
72,145,Emi,Sol,224,Undirected,1
85,217,Gabriel Balboa's family,Van Gogh,224,Undirected,1
66,217,Rafaela Cortes,Van Gogh,224,Undirected,1
66,85,Rafaela Cortes,Gabriel Balboa's family,224,Undirected,1
66,69,Rafaela Cortes,Gabriel Balboa,224,Undirected,1
145,217,Sol,Van Gogh,224,Undirected,1
69,217,Gabriel Balboa,Van Gogh,224,Undirected,1
66,72,Rafaela Cortes,Emi,224,Undirected,1
98,143,Bobby Ngu,Doña Maria,225,Undirected,1
66,158,Rafaela Cortes,Hernando (Dona Maria's son),225,Undirected,1
98,66,Bobby Ngu,Rafaela Cortes,225,Undirected,1
66,145,Rafaela Cortes,Sol,225,Undirected,1
98,69,Bobby Ngu,Gabriel Balboa,225,Undirected,1
69,158,Gabriel Balboa,Hernando (Dona Maria's son),225,Undirected,1
145,158,Sol,Hernando (Dona Maria's son),225,Undirected,1
98,145,Bobby Ngu,Sol,225,Undirected,1
98,158,Bobby Ngu,Hernando (Dona Maria's son),225,Undirected,1
69,145,Gabriel Balboa,Sol,225,Undirected,1
143,145,Doña Maria,Sol,225,Undirected,1
143,158,Doña Maria,Hernando (Dona Maria's son),225,Undirected,1
66,69,Rafaela Cortes,Gabriel Balboa,225,Undirected,1
66,143,Rafaela Cortes,Doña Maria,225,Undirected,1
69,143,Gabriel Balboa,Doña Maria,225,Undirected,1
66,759,Rafaela Cortes,Jesus,226,Undirected,1
66,158,Rafaela Cortes,Hernando (Dona Maria's son),226,Undirected,1
72,143,Emi,Doña Maria,226,Undirected,1
156,158,Lupe,Hernando (Dona Maria's son),226,Undirected,1
759,158,Jesus,Hernando (Dona Maria's son),226,Undirected,1
72,759,Emi,Jesus,226,Undirected,1
72,158,Emi,Hernando (Dona Maria's son),226,Undirected,1
87,156,Buzzworm,Lupe,226,Undirected,1
143,87,Doña Maria,Buzzworm,226,Undirected,1
87,760,Buzzworm,Mary,226,Undirected,1
78,156,God,Lupe,226,Undirected,1
66,69,Rafaela Cortes,Gabriel Balboa,226,Undirected,1
78,760,God,Mary,226,Undirected,1
69,156,Gabriel Balboa,Lupe,226,Undirected,1
66,78,Rafaela Cortes,God,226,Undirected,1
66,72,Rafaela Cortes,Emi,226,Undirected,1
69,760,Gabriel Balboa,Mary,226,Undirected,1
759,78,Jesus,God,226,Undirected,1
66,87,Rafaela Cortes,Buzzworm,226,Undirected,1
759,87,Jesus,Buzzworm,226,Undirected,1
72,78,Emi,God,226,Undirected,1
760,156,Mary,Lupe,226,Undirected,1
72,87,Emi,Buzzworm,226,Undirected,1
78,143,God,Doña Maria,226,Undirected,1
69,143,Gabriel Balboa,Doña Maria,226,Undirected,1
87,158,Buzzworm,Hernando (Dona Maria's son),226,Undirected,1
78,158,God,Hernando (Dona Maria's son),226,Undirected,1
143,156,Doña Maria,Lupe,226,Undirected,1
69,759,Gabriel Balboa,Jesus,226,Undirected,1
69,158,Gabriel Balboa,Hernando (Dona Maria's son),226,Undirected,1
143,760,Doña Maria,Mary,226,Undirected,1
66,156,Rafaela Cortes,Lupe,226,Undirected,1
66,760,Rafaela Cortes,Mary,226,Undirected,1
759,760,Jesus,Mary,226,Undirected,1
760,158,Mary,Hernando (Dona Maria's son),226,Undirected,1
69,72,Gabriel Balboa,Emi,226,Undirected,1
759,156,Jesus,Lupe,226,Undirected,1
72,156,Emi,Lupe,226,Undirected,1
69,78,Gabriel Balboa,God,226,Undirected,1
78,87,God,Buzzworm,226,Undirected,1
72,760,Emi,Mary,226,Undirected,1
69,87,Gabriel Balboa,Buzzworm,226,Undirected,1
143,158,Doña Maria,Hernando (Dona Maria's son),226,Undirected,1
66,143,Rafaela Cortes,Doña Maria,226,Undirected,1
759,143,Jesus,Doña Maria,226,Undirected,1
454,87,CNN,Buzzworm,227,Undirected,1
72,143,Emi,Doña Maria,227,Undirected,1
454,761,CNN,Oprah Winfrey,227,Undirected,1
156,222,Lupe,Satellite Dish men,227,Undirected,1
761,222,Oprah Winfrey,Satellite Dish men,227,Undirected,1
72,222,Emi,Satellite Dish men,227,Undirected,1
143,87,Doña Maria,Buzzworm,227,Undirected,1
87,156,Buzzworm,Lupe,227,Undirected,1
87,95,Buzzworm,Corazon Juarez,227,Undirected,1
143,761,Doña Maria,Oprah Winfrey,227,Undirected,1
69,156,Gabriel Balboa,Lupe,227,Undirected,1
69,95,Gabriel Balboa,Corazon Juarez,227,Undirected,1
72,87,Emi,Buzzworm,227,Undirected,1
454,156,CNN,Lupe,227,Undirected,1
454,95,CNN,Corazon Juarez,227,Undirected,1
72,761,Emi,Oprah Winfrey,227,Undirected,1
69,143,Gabriel Balboa,Doña Maria,227,Undirected,1
143,95,Doña Maria,Corazon Juarez,227,Undirected,1
87,222,Buzzworm,Satellite Dish men,227,Undirected,1
69,454,Gabriel Balboa,CNN,227,Undirected,1
143,156,Doña Maria,Lupe,227,Undirected,1
69,222,Gabriel Balboa,Satellite Dish men,227,Undirected,1
454,143,CNN,Doña Maria,227,Undirected,1
156,95,Lupe,Corazon Juarez,227,Undirected,1
222,95,Satellite Dish men,Corazon Juarez,227,Undirected,1
761,156,Oprah Winfrey,Lupe,227,Undirected,1
761,95,Oprah Winfrey,Corazon Juarez,227,Undirected,1
69,72,Gabriel Balboa,Emi,227,Undirected,1
454,222,CNN,Satellite Dish men,227,Undirected,1
72,156,Emi,Lupe,227,Undirected,1
72,95,Emi,Corazon Juarez,227,Undirected,1
69,87,Gabriel Balboa,Buzzworm,227,Undirected,1
87,761,Buzzworm,Oprah Winfrey,227,Undirected,1
143,222,Doña Maria,Satellite Dish men,227,Undirected,1
454,72,CNN,Emi,227,Undirected,1
69,761,Gabriel Balboa,Oprah Winfrey,227,Undirected,1
98,95,Bobby Ngu,Corazon Juarez,228,Undirected,1
66,762,Rafaela Cortes,They (the gov't),228,Undirected,1
66,69,Rafaela Cortes,Gabriel Balboa,228,Undirected,1
69,95,Gabriel Balboa,Corazon Juarez,228,Undirected,1
98,143,Bobby Ngu,Doña Maria,228,Undirected,1
98,762,Bobby Ngu,They (the gov't),228,Undirected,1
762,95,They (the gov't),Corazon Juarez,228,Undirected,1
225,95,Xiayue,Corazon Juarez,228,Undirected,1
225,98,Xiayue,Bobby Ngu,228,Undirected,1
69,143,Gabriel Balboa,Doña Maria,228,Undirected,1
143,95,Doña Maria,Corazon Juarez,228,Undirected,1
98,66,Bobby Ngu,Rafaela Cortes,228,Undirected,1
98,69,Bobby Ngu,Gabriel Balboa,228,Undirected,1
69,762,Gabriel Balboa,They (the gov't),228,Undirected,1
66,95,Rafaela Cortes,Corazon Juarez,228,Undirected,1
225,143,Xiayue,Doña Maria,228,Undirected,1
225,762,Xiayue,They (the gov't),228,Undirected,1
143,762,Doña Maria,They (the gov't),228,Undirected,1
225,69,Xiayue,Gabriel Balboa,228,Undirected,1
225,66,Xiayue,Rafaela Cortes,228,Undirected,1
66,143,Rafaela Cortes,Doña Maria,228,Undirected,1
520,266,Barbie,Xiayue's Brother,229,Undirected,1
161,225,Bobby's Brother,Xiayue,229,Undirected,1
225,520,Xiayue,Barbie,229,Undirected,1
225,266,Xiayue,Xiayue's Brother,229,Undirected,1
161,266,Bobby's Brother,Xiayue's Brother,229,Undirected,1
161,520,Bobby's Brother,Barbie,229,Undirected,1
98,225,Bobby Ngu,Xiayue,229,Undirected,1
98,266,Bobby Ngu,Xiayue's Brother,229,Undirected,1
98,520,Bobby Ngu,Barbie,229,Undirected,1
161,98,Bobby's Brother,Bobby Ngu,229,Undirected,1
585,225,Wah Ching,Xiayue,230,Undirected,1
585,266,Wah Ching,Xiayue's Brother,230,Undirected,1
266,225,Xiayue's Brother,Xiayue,230,Undirected,1
98,225,Bobby Ngu,Xiayue,230,Undirected,1
585,98,Wah Ching,Bobby Ngu,230,Undirected,1
98,266,Bobby Ngu,Xiayue's Brother,230,Undirected,1
520,145,Barbie,Sol,231,Undirected,1
66,158,Rafaela Cortes,Hernando (Dona Maria's son),231,Undirected,1
225,145,Xiayue,Sol,231,Undirected,1
145,158,Sol,Hernando (Dona Maria's son),231,Undirected,1
225,520,Xiayue,Barbie,231,Undirected,1
66,69,Rafaela Cortes,Gabriel Balboa,231,Undirected,1
66,145,Rafaela Cortes,Sol,231,Undirected,1
66,520,Rafaela Cortes,Barbie,231,Undirected,1
98,158,Bobby Ngu,Hernando (Dona Maria's son),231,Undirected,1
225,98,Xiayue,Bobby Ngu,231,Undirected,1
98,66,Bobby Ngu,Rafaela Cortes,231,Undirected,1
98,69,Bobby Ngu,Gabriel Balboa,231,Undirected,1
69,158,Gabriel Balboa,Hernando (Dona Maria's son),231,Undirected,1
98,145,Bobby Ngu,Sol,231,Undirected,1
98,520,Bobby Ngu,Barbie,231,Undirected,1
520,158,Barbie,Hernando (Dona Maria's son),231,Undirected,1
225,158,Xiayue,Hernando (Dona Maria's son),231,Undirected,1
69,145,Gabriel Balboa,Sol,231,Undirected,1
69,520,Gabriel Balboa,Barbie,231,Undirected,1
225,69,Xiayue,Gabriel Balboa,231,Undirected,1
225,66,Xiayue,Rafaela Cortes,231,Undirected,1
98,589,Bobby Ngu,George Takei,232,Undirected,1
225,590,Xiayue,Anthony Quinn,232,Undirected,1
225,587,Xiayue,Connie Chung,232,Undirected,1
225,419,Xiayue,El Gran Mojado,232,Undirected,1
588,590,Chekov (Star Trek),Anthony Quinn,232,Undirected,1
419,589,El Gran Mojado,George Takei,232,Undirected,1
587,588,Connie Chung,Chekov (Star Trek),232,Undirected,1
587,591,Connie Chung,David Carradine,232,Undirected,1
98,588,Bobby Ngu,Chekov (Star Trek),232,Undirected,1
98,591,Bobby Ngu,David Carradine,232,Undirected,1
225,98,Xiayue,Bobby Ngu,232,Undirected,1
588,589,Chekov (Star Trek),George Takei,232,Undirected,1
225,589,Xiayue,George Takei,232,Undirected,1
589,591,George Takei,David Carradine,232,Undirected,1
419,588,El Gran Mojado,Chekov (Star Trek),232,Undirected,1
419,591,El Gran Mojado,David Carradine,232,Undirected,1
587,590,Connie Chung,Anthony Quinn,232,Undirected,1
98,587,Bobby Ngu,Connie Chung,232,Undirected,1
98,590,Bobby Ngu,Anthony Quinn,232,Undirected,1
225,588,Xiayue,Chekov (Star Trek),232,Undirected,1
98,419,Bobby Ngu,El Gran Mojado,232,Undirected,1
225,591,Xiayue,David Carradine,232,Undirected,1
589,590,George Takei,Anthony Quinn,232,Undirected,1
590,591,Anthony Quinn,David Carradine,232,Undirected,1
588,591,Chekov (Star Trek),David Carradine,232,Undirected,1
419,590,El Gran Mojado,Anthony Quinn,232,Undirected,1
419,587,El Gran Mojado,Connie Chung,232,Undirected,1
587,589,Connie Chung,George Takei,232,Undirected,1
744,368,St. Bernardino,Wally Amos (Famous Amos),233,Undirected,1
225,740,Xiayue,Walter H. Leimert,233,Undirected,1
225,746,Xiayue,St.Gabriel,233,Undirected,1
225,743,Xiayue,St. Monica,233,Undirected,1
742,746,Douglas MacArthur,St.Gabriel,233,Undirected,1
743,745,St. Monica,St. Ana,233,Undirected,1
742,743,Douglas MacArthur,St. Monica,233,Undirected,1
744,746,St. Bernardino,St.Gabriel,233,Undirected,1
743,748,St. Monica,St. Marino,233,Undirected,1
739,744,Henry Huntington (Huntington Beach),St. Bernardino,233,Undirected,1
739,747,Henry Huntington (Huntington Beach),St. Pedro,233,Undirected,1
746,368,St.Gabriel,Wally Amos (Famous Amos),233,Undirected,1
740,742,Walter H. Leimert,Douglas MacArthur,233,Undirected,1
740,748,Walter H. Leimert,St. Marino,233,Undirected,1
747,748,St. Pedro,St. Marino,233,Undirected,1
740,745,Walter H. Leimert,St. Ana,233,Undirected,1
98,747,Bobby Ngu,St. Pedro,233,Undirected,1
745,747,St. Ana,St. Pedro,233,Undirected,1
98,744,Bobby Ngu,St. Bernardino,233,Undirected,1
225,739,Xiayue,Henry Huntington (Huntington Beach),233,Undirected,1
225,742,Xiayue,Douglas MacArthur,233,Undirected,1
748,368,St. Marino,Wally Amos (Famous Amos),233,Undirected,1
225,745,Xiayue,St. Ana,233,Undirected,1
743,747,St. Monica,St. Pedro,233,Undirected,1
739,368,Henry Huntington (Huntington Beach),Wally Amos (Famous Amos),233,Undirected,1
225,748,Xiayue,St. Marino,233,Undirected,1
742,745,Douglas MacArthur,St. Ana,233,Undirected,1
743,744,St. Monica,St. Bernardino,233,Undirected,1
742,748,Douglas MacArthur,St. Marino,233,Undirected,1
225,98,Xiayue,Bobby Ngu,233,Undirected,1
744,745,St. Bernardino,St. Ana,233,Undirected,1
225,368,Xiayue,Wally Amos (Famous Amos),233,Undirected,1
739,740,Henry Huntington (Huntington Beach),Walter H. Leimert,233,Undirected,1
744,748,St. Bernardino,St. Marino,233,Undirected,1
739,743,Henry Huntington (Huntington Beach),St. Monica,233,Undirected,1
98,368,Bobby Ngu,Wally Amos (Famous Amos),233,Undirected,1
740,744,Walter H. Leimert,St. Bernardino,233,Undirected,1
739,746,Henry Huntington (Huntington Beach),St.Gabriel,233,Undirected,1
745,368,St. Ana,Wally Amos (Famous Amos),233,Undirected,1
740,747,Walter H. Leimert,St. Pedro,233,Undirected,1
98,740,Bobby Ngu,Walter H. Leimert,233,Undirected,1
745,746,St. Ana,St.Gabriel,233,Undirected,1
98,743,Bobby Ngu,St. Monica,233,Undirected,1
743,368,St. Monica,Wally Amos (Famous Amos),233,Undirected,1
98,746,Bobby Ngu,St.Gabriel,233,Undirected,1
746,748,St.Gabriel,St. Marino,233,Undirected,1
225,744,Xiayue,St. Bernardino,233,Undirected,1
742,744,Douglas MacArthur,St. Bernardino,233,Undirected,1
225,747,Xiayue,St. Pedro,233,Undirected,1
747,368,St. Pedro,Wally Amos (Famous Amos),233,Undirected,1
742,747,Douglas MacArthur,St. Pedro,233,Undirected,1
743,746,St. Monica,St.Gabriel,233,Undirected,1
744,747,St. Bernardino,St. Pedro,233,Undirected,1
740,368,Walter H. Leimert,Wally Amos (Famous Amos),233,Undirected,1
739,742,Henry Huntington (Huntington Beach),Douglas MacArthur,233,Undirected,1
739,745,Henry Huntington (Huntington Beach),St. Ana,233,Undirected,1
745,748,St. Ana,St. Marino,233,Undirected,1
740,746,Walter H. Leimert,St.Gabriel,233,Undirected,1
739,748,Henry Huntington (Huntington Beach),St. Marino,233,Undirected,1
740,743,Walter H. Leimert,St. Monica,233,Undirected,1
98,742,Bobby Ngu,Douglas MacArthur,233,Undirected,1
98,739,Bobby Ngu,Henry Huntington (Huntington Beach),233,Undirected,1
98,745,Bobby Ngu,St. Ana,233,Undirected,1
746,747,St.Gabriel,St. Pedro,233,Undirected,1
742,368,Douglas MacArthur,Wally Amos (Famous Amos),233,Undirected,1
98,748,Bobby Ngu,St. Marino,233,Undirected,1
200,750,The NewsNow Van,Easy Rawlins,234,Undirected,1
751,87,Walter Mosley,Buzzworm,234,Undirected,1
72,750,Emi,Easy Rawlins,234,Undirected,1
751,755,Walter Mosley,Hypothetical Someone on Venice Beach,234,Undirected,1
69,751,Gabriel Balboa,Walter Mosley,234,Undirected,1
755,87,Hypothetical Someone on Venice Beach,Buzzworm,234,Undirected,1
72,200,Emi,The NewsNow Van,234,Undirected,1
200,87,The NewsNow Van,Buzzworm,234,Undirected,1
72,87,Emi,Buzzworm,234,Undirected,1
200,755,The NewsNow Van,Hypothetical Someone on Venice Beach,234,Undirected,1
72,755,Emi,Hypothetical Someone on Venice Beach,234,Undirected,1
69,750,Gabriel Balboa,Easy Rawlins,234,Undirected,1
750,87,Easy Rawlins,Buzzworm,234,Undirected,1
750,755,Easy Rawlins,Hypothetical Someone on Venice Beach,234,Undirected,1
200,751,The NewsNow Van,Walter Mosley,234,Undirected,1
69,72,Gabriel Balboa,Emi,234,Undirected,1
72,751,Emi,Walter Mosley,234,Undirected,1
69,200,Gabriel Balboa,The NewsNow Van,234,Undirected,1
69,87,Gabriel Balboa,Buzzworm,234,Undirected,1
750,751,Easy Rawlins,Walter Mosley,234,Undirected,1
69,755,Gabriel Balboa,Hypothetical Someone on Venice Beach,234,Undirected,1
754,757,Hypothetical Agent,Hypothetical therapist,235,Undirected,1
200,756,The NewsNow Van,Hypothetical Aura reader,235,Undirected,1
68,756,Manzanar Murakami,Hypothetical Aura reader,235,Undirected,1
72,756,Emi,Hypothetical Aura reader,235,Undirected,1
755,789,Hypothetical Someone on Venice Beach,NewsNow Copter,235,Undirected,1
756,757,Hypothetical Aura reader,Hypothetical therapist,235,Undirected,1
754,189,Hypothetical Agent,Unnamed members of L.A. Underclass,235,Undirected,1
789,757,NewsNow Copter,Hypothetical therapist,235,Undirected,1
69,754,Gabriel Balboa,Hypothetical Agent,235,Undirected,1
68,72,Manzanar Murakami,Emi,235,Undirected,1
69,757,Gabriel Balboa,Hypothetical therapist,235,Undirected,1
200,789,The NewsNow Van,NewsNow Copter,235,Undirected,1
68,69,Manzanar Murakami,Gabriel Balboa,235,Undirected,1
68,789,Manzanar Murakami,NewsNow Copter,235,Undirected,1
68,200,Manzanar Murakami,The NewsNow Van,235,Undirected,1
755,87,Hypothetical Someone on Venice Beach,Buzzworm,235,Undirected,1
754,756,Hypothetical Agent,Hypothetical Aura reader,235,Undirected,1
757,87,Hypothetical therapist,Buzzworm,235,Undirected,1
68,87,Manzanar Murakami,Buzzworm,235,Undirected,1
72,789,Emi,NewsNow Copter,235,Undirected,1
87,189,Buzzworm,Unnamed members of L.A. Underclass,235,Undirected,1
72,200,Emi,The NewsNow Van,235,Undirected,1
200,87,The NewsNow Van,Buzzworm,235,Undirected,1
68,755,Manzanar Murakami,Hypothetical Someone on Venice Beach,235,Undirected,1
756,189,Hypothetical Aura reader,Unnamed members of L.A. Underclass,235,Undirected,1
789,189,NewsNow Copter,Unnamed members of L.A. Underclass,235,Undirected,1
72,87,Emi,Buzzworm,235,Undirected,1
69,189,Gabriel Balboa,Unnamed members of L.A. Underclass,235,Undirected,1
200,755,The NewsNow Van,Hypothetical Someone on Venice Beach,235,Undirected,1
72,755,Emi,Hypothetical Someone on Venice Beach,235,Undirected,1
754,789,Hypothetical Agent,NewsNow Copter,235,Undirected,1
69,756,Gabriel Balboa,Hypothetical Aura reader,235,Undirected,1
754,87,Hypothetical Agent,Buzzworm,235,Undirected,1
755,757,Hypothetical Someone on Venice Beach,Hypothetical therapist,235,Undirected,1
754,755,Hypothetical Agent,Hypothetical Someone on Venice Beach,235,Undirected,1
756,789,Hypothetical Aura reader,NewsNow Copter,235,Undirected,1
68,757,Manzanar Murakami,Hypothetical therapist,235,Undirected,1
200,754,The NewsNow Van,Hypothetical Agent,235,Undirected,1
68,754,Manzanar Murakami,Hypothetical Agent,235,Undirected,1
69,72,Gabriel Balboa,Emi,235,Undirected,1
200,757,The NewsNow Van,Hypothetical therapist,235,Undirected,1
72,754,Emi,Hypothetical Agent,235,Undirected,1
69,789,Gabriel Balboa,NewsNow Copter,235,Undirected,1
69,200,Gabriel Balboa,The NewsNow Van,235,Undirected,1
72,757,Emi,Hypothetical therapist,235,Undirected,1
756,87,Hypothetical Aura reader,Buzzworm,235,Undirected,1
789,87,NewsNow Copter,Buzzworm,235,Undirected,1
755,189,Hypothetical Someone on Venice Beach,Unnamed members of L.A. Underclass,235,Undirected,1
69,87,Gabriel Balboa,Buzzworm,235,Undirected,1
757,189,Hypothetical therapist,Unnamed members of L.A. Underclass,235,Undirected,1
68,189,Manzanar Murakami,Unnamed members of L.A. Underclass,235,Undirected,1
69,755,Gabriel Balboa,Hypothetical Someone on Venice Beach,235,Undirected,1
200,189,The NewsNow Van,Unnamed members of L.A. Underclass,235,Undirected,1
755,756,Hypothetical Someone on Venice Beach,Hypothetical Aura reader,235,Undirected,1
72,189,Emi,Unnamed members of L.A. Underclass,235,Undirected,1
68,200,Manzanar Murakami,The NewsNow Van,236,Undirected,1
466,87,Kerry the Technician,Buzzworm,236,Undirected,1
241,87,Buzzworm's Grandmother,Buzzworm,236,Undirected,1
72,466,Emi,Kerry the Technician,236,Undirected,1
68,87,Manzanar Murakami,Buzzworm,236,Undirected,1
241,466,Buzzworm's Grandmother,Kerry the Technician,236,Undirected,1
68,241,Manzanar Murakami,Buzzworm's Grandmother,236,Undirected,1
68,466,Manzanar Murakami,Kerry the Technician,236,Undirected,1
72,200,Emi,The NewsNow Van,236,Undirected,1
200,87,The NewsNow Van,Buzzworm,236,Undirected,1
200,241,The NewsNow Van,Buzzworm's Grandmother,236,Undirected,1
200,466,The NewsNow Van,Kerry the Technician,236,Undirected,1
72,87,Emi,Buzzworm,236,Undirected,1
72,241,Emi,Buzzworm's Grandmother,236,Undirected,1
68,72,Manzanar Murakami,Emi,236,Undirected,1
68,466,Manzanar Murakami,Kerry the Technician,237,Undirected,1
466,790,Kerry the Technician,The shooter,237,Undirected,1
790,87,The shooter,Buzzworm,237,Undirected,1
200,466,The NewsNow Van,Kerry the Technician,237,Undirected,1
72,466,Emi,Kerry the Technician,237,Undirected,1
68,72,Manzanar Murakami,Emi,237,Undirected,1
68,615,Manzanar Murakami,L.A. citizens,237,Undirected,1
68,200,Manzanar Murakami,The NewsNow Van,237,Undirected,1
68,87,Manzanar Murakami,Buzzworm,237,Undirected,1
615,790,L.A. citizens,The shooter,237,Undirected,1
72,200,Emi,The NewsNow Van,237,Undirected,1
200,87,The NewsNow Van,Buzzworm,237,Undirected,1
72,87,Emi,Buzzworm,237,Undirected,1
466,87,Kerry the Technician,Buzzworm,237,Undirected,1
615,466,L.A. citizens,Kerry the Technician,237,Undirected,1
615,72,L.A. citizens,Emi,237,Undirected,1
615,200,L.A. citizens,The NewsNow Van,237,Undirected,1
615,87,L.A. citizens,Buzzworm,237,Undirected,1
68,790,Manzanar Murakami,The shooter,237,Undirected,1
200,790,The NewsNow Van,The shooter,237,Undirected,1
72,790,Emi,The shooter,237,Undirected,1
68,615,Manzanar Murakami,L.A. citizens,238,Undirected,1
70,145,Arcangel/El Gran Mojado,Sol,238,Undirected,1
764,189,Motley Parade,Unnamed members of L.A. Underclass,238,Undirected,1
615,145,L.A. citizens,Sol,238,Undirected,1
70,189,Arcangel/El Gran Mojado,Unnamed members of L.A. Underclass,238,Undirected,1
68,145,Manzanar Murakami,Sol,238,Undirected,1
70,764,Arcangel/El Gran Mojado,Motley Parade,238,Undirected,1
615,189,L.A. citizens,Unnamed members of L.A. Underclass,238,Undirected,1
615,764,L.A. citizens,Motley Parade,238,Undirected,1
68,70,Manzanar Murakami,Arcangel/El Gran Mojado,238,Undirected,1
68,189,Manzanar Murakami,Unnamed members of L.A. Underclass,238,Undirected,1
68,764,Manzanar Murakami,Motley Parade,238,Undirected,1
145,189,Sol,Unnamed members of L.A. Underclass,238,Undirected,1
70,615,Arcangel/El Gran Mojado,L.A. citizens,238,Undirected,1
145,764,Sol,Motley Parade,238,Undirected,1
722,765,Northern People,Military people,239,Undirected,1
70,790,Arcangel/El Gran Mojado,The shooter,239,Undirected,1
70,189,Arcangel/El Gran Mojado,Unnamed members of L.A. Underclass,239,Undirected,1
189,765,Unnamed members of L.A. Underclass,Military people,239,Undirected,1
68,765,Manzanar Murakami,Military people,239,Undirected,1
72,765,Emi,Military people,239,Undirected,1
68,722,Manzanar Murakami,Northern People,239,Undirected,1
68,72,Manzanar Murakami,Emi,239,Undirected,1
72,722,Emi,Northern People,239,Undirected,1
70,765,Arcangel/El Gran Mojado,Military people,239,Undirected,1
648,790,Combined Military Forces,The shooter,239,Undirected,1
70,722,Arcangel/El Gran Mojado,Northern People,239,Undirected,1
648,189,Combined Military Forces,Unnamed members of L.A. Underclass,239,Undirected,1
68,648,Manzanar Murakami,Combined Military Forces,239,Undirected,1
70,72,Arcangel/El Gran Mojado,Emi,239,Undirected,1
72,648,Emi,Combined Military Forces,239,Undirected,1
648,765,Combined Military Forces,Military people,239,Undirected,1
70,648,Arcangel/El Gran Mojado,Combined Military Forces,239,Undirected,1
648,722,Combined Military Forces,Northern People,239,Undirected,1
790,189,The shooter,Unnamed members of L.A. Underclass,239,Undirected,1
722,790,Northern People,The shooter,239,Undirected,1
722,189,Northern People,Unnamed members of L.A. Underclass,239,Undirected,1
68,70,Manzanar Murakami,Arcangel/El Gran Mojado,239,Undirected,1
68,790,Manzanar Murakami,The shooter,239,Undirected,1
68,189,Manzanar Murakami,Unnamed members of L.A. Underclass,239,Undirected,1
790,765,The shooter,Military people,239,Undirected,1
72,790,Emi,The shooter,239,Undirected,1
72,189,Emi,Unnamed members of L.A. Underclass,239,Undirected,1
648,189,Combined Military Forces,Unnamed members of L.A. Underclass,240,Undirected,1
68,189,Manzanar Murakami,Unnamed members of L.A. Underclass,240,Undirected,1
648,68,Combined Military Forces,Manzanar Murakami,240,Undirected,1
98,95,Bobby Ngu,Corazon Juarez,243,Undirected,1
98,287,Bobby Ngu,Corazon Juárez's child,243,Undirected,1
98,766,Bobby Ngu,Travel agent,243,Undirected,1
87,95,Buzzworm,Corazon Juarez,243,Undirected,1
66,69,Rafaela Cortes,Gabriel Balboa,243,Undirected,1
287,95,Corazon Juárez's child,Corazon Juarez,243,Undirected,1
68,72,Manzanar Murakami,Emi,243,Undirected,1
66,72,Rafaela Cortes,Emi,243,Undirected,1
68,69,Manzanar Murakami,Gabriel Balboa,243,Undirected,1
69,95,Gabriel Balboa,Corazon Juarez,243,Undirected,1
87,766,Buzzworm,Travel agent,243,Undirected,1
69,766,Gabriel Balboa,Travel agent,243,Undirected,1
66,87,Rafaela Cortes,Buzzworm,243,Undirected,1
287,766,Corazon Juárez's child,Travel agent,243,Undirected,1
66,145,Rafaela Cortes,Sol,243,Undirected,1
69,287,Gabriel Balboa,Corazon Juárez's child,243,Undirected,1
68,87,Manzanar Murakami,Buzzworm,243,Undirected,1
68,145,Manzanar Murakami,Sol,243,Undirected,1
145,87,Sol,Buzzworm,243,Undirected,1
72,145,Emi,Sol,243,Undirected,1
72,87,Emi,Buzzworm,243,Undirected,1
766,95,Travel agent,Corazon Juarez,243,Undirected,1
66,68,Rafaela Cortes,Manzanar Murakami,243,Undirected,1
98,66,Bobby Ngu,Rafaela Cortes,243,Undirected,1
98,72,Bobby Ngu,Emi,243,Undirected,1
98,69,Bobby Ngu,Gabriel Balboa,243,Undirected,1
98,145,Bobby Ngu,Sol,243,Undirected,1
98,87,Bobby Ngu,Buzzworm,243,Undirected,1
66,95,Rafaela Cortes,Corazon Juarez,243,Undirected,1
145,95,Sol,Corazon Juarez,243,Undirected,1
68,95,Manzanar Murakami,Corazon Juarez,243,Undirected,1
68,766,Manzanar Murakami,Travel agent,243,Undirected,1
66,287,Rafaela Cortes,Corazon Juárez's child,243,Undirected,1
66,766,Rafaela Cortes,Travel agent,243,Undirected,1
69,72,Gabriel Balboa,Emi,243,Undirected,1
287,72,Corazon Juárez's child,Emi,243,Undirected,1
145,766,Sol,Travel agent,243,Undirected,1
68,287,Manzanar Murakami,Corazon Juárez's child,243,Undirected,1
287,87,Corazon Juárez's child,Buzzworm,243,Undirected,1
72,95,Emi,Corazon Juarez,243,Undirected,1
287,145,Corazon Juárez's child,Sol,243,Undirected,1
72,766,Emi,Travel agent,243,Undirected,1
69,87,Gabriel Balboa,Buzzworm,243,Undirected,1
98,68,Bobby Ngu,Manzanar Murakami,243,Undirected,1
69,145,Gabriel Balboa,Sol,243,Undirected,1
143,767,Doña Maria,Brokerage Agent,244,Undirected,1
143,156,Doña Maria,Lupe,244,Undirected,1
156,767,Lupe,Brokerage Agent,244,Undirected,1
69,767,Gabriel Balboa,Brokerage Agent,244,Undirected,1
66,767,Rafaela Cortes,Brokerage Agent,244,Undirected,1
66,156,Rafaela Cortes,Lupe,244,Undirected,1
66,69,Rafaela Cortes,Gabriel Balboa,244,Undirected,1
66,143,Rafaela Cortes,Doña Maria,244,Undirected,1
69,143,Gabriel Balboa,Doña Maria,244,Undirected,1
69,156,Gabriel Balboa,Lupe,244,Undirected,1
72,314,Emi,"""They"" (Organ buyers)",245,Undirected,1
822,315,William Gibson,"""They"" (Organ Traffickers)",245,Undirected,1
69,315,Gabriel Balboa,"""They"" (Organ Traffickers)",245,Undirected,1
822,156,William Gibson,Lupe,245,Undirected,1
768,69,Third World children,Gabriel Balboa,245,Undirected,1
66,69,Rafaela Cortes,Gabriel Balboa,245,Undirected,1
768,66,Third World children,Rafaela Cortes,245,Undirected,1
768,72,Third World children,Emi,245,Undirected,1
69,156,Gabriel Balboa,Lupe,245,Undirected,1
66,72,Rafaela Cortes,Emi,245,Undirected,1
768,822,Third World children,William Gibson,245,Undirected,1
66,822,Rafaela Cortes,William Gibson,245,Undirected,1
822,314,William Gibson,"""They"" (Organ buyers)",245,Undirected,1
69,314,Gabriel Balboa,"""They"" (Organ buyers)",245,Undirected,1
315,156,"""They"" (Organ Traffickers)",Lupe,245,Undirected,1
72,822,Emi,William Gibson,245,Undirected,1
768,315,Third World children,"""They"" (Organ Traffickers)",245,Undirected,1
66,315,Rafaela Cortes,"""They"" (Organ Traffickers)",245,Undirected,1
66,156,Rafaela Cortes,Lupe,245,Undirected,1
72,315,Emi,"""They"" (Organ Traffickers)",245,Undirected,1
768,156,Third World children,Lupe,245,Undirected,1
69,72,Gabriel Balboa,Emi,245,Undirected,1
72,156,Emi,Lupe,245,Undirected,1
314,315,"""They"" (Organ buyers)","""They"" (Organ Traffickers)",245,Undirected,1
66,314,Rafaela Cortes,"""They"" (Organ buyers)",245,Undirected,1
768,314,Third World children,"""They"" (Organ buyers)",245,Undirected,1
314,156,"""They"" (Organ buyers)",Lupe,245,Undirected,1
69,822,Gabriel Balboa,William Gibson,245,Undirected,1
72,192,Emi,LAPD,246,Undirected,1
72,69,Emi,Gabriel Balboa,246,Undirected,1
189,192,Unnamed members of L.A. Underclass,LAPD,246,Undirected,1
69,192,Gabriel Balboa,LAPD,246,Undirected,1
189,69,Unnamed members of L.A. Underclass,Gabriel Balboa,246,Undirected,1
72,189,Emi,Unnamed members of L.A. Underclass,246,Undirected,1
69,770,Gabriel Balboa,Brazilian coroner (247),247,Undirected,1
771,773,"""source"" (247)",Illegal Organ Receivers,247,Undirected,1
66,158,Rafaela Cortes,Hernando (Dona Maria's son),247,Undirected,1
66,771,Rafaela Cortes,"""source"" (247)",247,Undirected,1
770,158,Brazilian coroner (247),Hernando (Dona Maria's son),247,Undirected,1
769,773,"""local aborigines"" (247)",Illegal Organ Receivers,247,Undirected,1
769,770,"""local aborigines"" (247)",Brazilian coroner (247),247,Undirected,1
72,158,Emi,Hernando (Dona Maria's son),247,Undirected,1
773,770,Illegal Organ Receivers,Brazilian coroner (247),247,Undirected,1
66,69,Rafaela Cortes,Gabriel Balboa,247,Undirected,1
66,72,Rafaela Cortes,Emi,247,Undirected,1
770,72,Brazilian coroner (247),Emi,247,Undirected,1
772,158,"""commenter""",Hernando (Dona Maria's son),247,Undirected,1
771,772,"""source"" (247)","""commenter""",247,Undirected,1
772,69,"""commenter""",Gabriel Balboa,247,Undirected,1
66,770,Rafaela Cortes,Brazilian coroner (247),247,Undirected,1
772,72,"""commenter""",Emi,247,Undirected,1
769,772,"""local aborigines"" (247)","""commenter""",247,Undirected,1
66,773,Rafaela Cortes,Illegal Organ Receivers,247,Undirected,1
69,158,Gabriel Balboa,Hernando (Dona Maria's son),247,Undirected,1
771,158,"""source"" (247)",Hernando (Dona Maria's son),247,Undirected,1
772,770,"""commenter""",Brazilian coroner (247),247,Undirected,1
772,773,"""commenter""",Illegal Organ Receivers,247,Undirected,1
769,158,"""local aborigines"" (247)",Hernando (Dona Maria's son),247,Undirected,1
771,69,"""source"" (247)",Gabriel Balboa,247,Undirected,1
69,72,Gabriel Balboa,Emi,247,Undirected,1
769,771,"""local aborigines"" (247)","""source"" (247)",247,Undirected,1
66,772,Rafaela Cortes,"""commenter""",247,Undirected,1
771,72,"""source"" (247)",Emi,247,Undirected,1
773,158,Illegal Organ Receivers,Hernando (Dona Maria's son),247,Undirected,1
769,69,"""local aborigines"" (247)",Gabriel Balboa,247,Undirected,1
769,66,"""local aborigines"" (247)",Rafaela Cortes,247,Undirected,1
769,72,"""local aborigines"" (247)",Emi,247,Undirected,1
773,69,Illegal Organ Receivers,Gabriel Balboa,247,Undirected,1
773,72,Illegal Organ Receivers,Emi,247,Undirected,1
771,770,"""source"" (247)",Brazilian coroner (247),247,Undirected,1
69,72,Gabriel Balboa,Emi,248,Undirected,1
775,72,Editors (248),Emi,248,Undirected,1
774,206,CIA,police,248,Undirected,1
774,775,CIA,Editors (248),248,Undirected,1
775,206,Editors (248),police,248,Undirected,1
774,87,CIA,Buzzworm,248,Undirected,1
69,87,Gabriel Balboa,Buzzworm,248,Undirected,1
69,206,Gabriel Balboa,police,248,Undirected,1
69,775,Gabriel Balboa,Editors (248),248,Undirected,1
775,87,Editors (248),Buzzworm,248,Undirected,1
206,87,police,Buzzworm,248,Undirected,1
72,87,Emi,Buzzworm,248,Undirected,1
69,774,Gabriel Balboa,CIA,248,Undirected,1
72,206,Emi,police,248,Undirected,1
774,72,CIA,Emi,248,Undirected,1
87,791,Buzzworm,News Copters,249,Undirected,1
189,765,Unnamed members of L.A. Underclass,Military people,249,Undirected,1
200,765,The NewsNow Van,Military people,249,Undirected,1
69,791,Gabriel Balboa,News Copters,249,Undirected,1
466,189,Kerry the Technician,Unnamed members of L.A. Underclass,249,Undirected,1
200,466,The NewsNow Van,Kerry the Technician,249,Undirected,1
72,466,Emi,Kerry the Technician,249,Undirected,1
72,765,Emi,Military people,249,Undirected,1
466,765,Kerry the Technician,Military people,249,Undirected,1
72,200,Emi,The NewsNow Van,249,Undirected,1
200,87,The NewsNow Van,Buzzworm,249,Undirected,1
189,87,Unnamed members of L.A. Underclass,Buzzworm,249,Undirected,1
72,87,Emi,Buzzworm,249,Undirected,1
69,189,Gabriel Balboa,Unnamed members of L.A. Underclass,249,Undirected,1
466,87,Kerry the Technician,Buzzworm,249,Undirected,1
189,791,Unnamed members of L.A. Underclass,News Copters,249,Undirected,1
200,791,The NewsNow Van,News Copters,249,Undirected,1
87,765,Buzzworm,Military people,249,Undirected,1
791,765,News Copters,Military people,249,Undirected,1
69,466,Gabriel Balboa,Kerry the Technician,249,Undirected,1
69,765,Gabriel Balboa,Military people,249,Undirected,1
72,791,Emi,News Copters,249,Undirected,1
69,72,Gabriel Balboa,Emi,249,Undirected,1
69,200,Gabriel Balboa,The NewsNow Van,249,Undirected,1
466,791,Kerry the Technician,News Copters,249,Undirected,1
69,87,Gabriel Balboa,Buzzworm,249,Undirected,1
200,189,The NewsNow Van,Unnamed members of L.A. Underclass,249,Undirected,1
72,189,Emi,Unnamed members of L.A. Underclass,249,Undirected,1
87,794,Buzzworm,Mohammed,250,Undirected,1
200,759,The NewsNow Van,Jesus,250,Undirected,1
72,759,Emi,Jesus,250,Undirected,1
200,466,The NewsNow Van,Kerry the Technician,250,Undirected,1
72,466,Emi,Kerry the Technician,250,Undirected,1
759,792,Jesus,La Brea Woman,250,Undirected,1
200,792,The NewsNow Van,La Brea Woman,250,Undirected,1
466,759,Kerry the Technician,Jesus,250,Undirected,1
72,792,Emi,La Brea Woman,250,Undirected,1
72,200,Emi,The NewsNow Van,250,Undirected,1
200,87,The NewsNow Van,Buzzworm,250,Undirected,1
72,87,Emi,Buzzworm,250,Undirected,1
466,792,Kerry the Technician,La Brea Woman,250,Undirected,1
87,759,Buzzworm,Jesus,250,Undirected,1
466,87,Kerry the Technician,Buzzworm,250,Undirected,1
759,794,Jesus,Mohammed,250,Undirected,1
200,794,The NewsNow Van,Mohammed,250,Undirected,1
792,794,La Brea Woman,Mohammed,250,Undirected,1
72,794,Emi,Mohammed,250,Undirected,1
87,792,Buzzworm,La Brea Woman,250,Undirected,1
466,794,Kerry the Technician,Mohammed,250,Undirected,1
72,793,Emi,Howard Hawks,251,Undirected,1
170,87,Raymond Chandler,Buzzworm,251,Undirected,1
466,189,Kerry the Technician,Unnamed members of L.A. Underclass,251,Undirected,1
200,466,The NewsNow Van,Kerry the Technician,251,Undirected,1
466,793,Kerry the Technician,Howard Hawks,251,Undirected,1
200,170,The NewsNow Van,Raymond Chandler,251,Undirected,1
72,466,Emi,Kerry the Technician,251,Undirected,1
72,170,Emi,Raymond Chandler,251,Undirected,1
200,795,The NewsNow Van,David (Michelangelo),251,Undirected,1
72,795,Emi,David (Michelangelo),251,Undirected,1
87,189,Buzzworm,Unnamed members of L.A. Underclass,251,Undirected,1
72,200,Emi,The NewsNow Van,251,Undirected,1
200,87,The NewsNow Van,Buzzworm,251,Undirected,1
87,793,Buzzworm,Howard Hawks,251,Undirected,1
72,87,Emi,Buzzworm,251,Undirected,1
69,189,Gabriel Balboa,Unnamed members of L.A. Underclass,251,Undirected,1
69,793,Gabriel Balboa,Howard Hawks,251,Undirected,1
466,795,Kerry the Technician,David (Michelangelo),251,Undirected,1
466,87,Kerry the Technician,Buzzworm,251,Undirected,1
793,189,Howard Hawks,Unnamed members of L.A. Underclass,251,Undirected,1
69,466,Gabriel Balboa,Kerry the Technician,251,Undirected,1
170,189,Raymond Chandler,Unnamed members of L.A. Underclass,251,Undirected,1
795,189,David (Michelangelo),Unnamed members of L.A. Underclass,251,Undirected,1
69,170,Gabriel Balboa,Raymond Chandler,251,Undirected,1
170,793,Raymond Chandler,Howard Hawks,251,Undirected,1
170,795,Raymond Chandler,David (Michelangelo),251,Undirected,1
87,795,Buzzworm,David (Michelangelo),251,Undirected,1
69,72,Gabriel Balboa,Emi,251,Undirected,1
69,795,Gabriel Balboa,David (Michelangelo),251,Undirected,1
69,200,Gabriel Balboa,The NewsNow Van,251,Undirected,1
170,466,Raymond Chandler,Kerry the Technician,251,Undirected,1
69,87,Gabriel Balboa,Buzzworm,251,Undirected,1
200,189,The NewsNow Van,Unnamed members of L.A. Underclass,251,Undirected,1
793,795,Howard Hawks,David (Michelangelo),251,Undirected,1
200,793,The NewsNow Van,Howard Hawks,251,Undirected,1
72,189,Emi,Unnamed members of L.A. Underclass,251,Undirected,1
72,793,Emi,Howard Hawks,252,Undirected,1
72,143,Emi,Doña Maria,252,Undirected,1
72,796,Emi,"Character in ""The Big Sleep""",252,Undirected,1
170,87,Raymond Chandler,Buzzworm,252,Undirected,1
66,466,Rafaela Cortes,Kerry the Technician,252,Undirected,1
87,797,Buzzworm,Some Guy digitizing L.A.,252,Undirected,1
66,170,Rafaela Cortes,Raymond Chandler,252,Undirected,1
69,797,Gabriel Balboa,Some Guy digitizing L.A.,252,Undirected,1
466,796,Kerry the Technician,"Character in ""The Big Sleep""",252,Undirected,1
200,466,The NewsNow Van,Kerry the Technician,252,Undirected,1
466,793,Kerry the Technician,Howard Hawks,252,Undirected,1
200,170,The NewsNow Van,Raymond Chandler,252,Undirected,1
143,87,Doña Maria,Buzzworm,252,Undirected,1
72,466,Emi,Kerry the Technician,252,Undirected,1
66,69,Rafaela Cortes,Gabriel Balboa,252,Undirected,1
72,170,Emi,Raymond Chandler,252,Undirected,1
66,72,Rafaela Cortes,Emi,252,Undirected,1
66,200,Rafaela Cortes,The NewsNow Van,252,Undirected,1
66,87,Rafaela Cortes,Buzzworm,252,Undirected,1
793,797,Howard Hawks,Some Guy digitizing L.A.,252,Undirected,1
170,797,Raymond Chandler,Some Guy digitizing L.A.,252,Undirected,1
72,200,Emi,The NewsNow Van,252,Undirected,1
200,87,The NewsNow Van,Buzzworm,252,Undirected,1
87,793,Buzzworm,Howard Hawks,252,Undirected,1
87,796,Buzzworm,"Character in ""The Big Sleep""",252,Undirected,1
72,87,Emi,Buzzworm,252,Undirected,1
143,797,Doña Maria,Some Guy digitizing L.A.,252,Undirected,1
69,793,Gabriel Balboa,Howard Hawks,252,Undirected,1
69,796,Gabriel Balboa,"Character in ""The Big Sleep""",252,Undirected,1
69,143,Gabriel Balboa,Doña Maria,252,Undirected,1
66,797,Rafaela Cortes,Some Guy digitizing L.A.,252,Undirected,1
466,87,Kerry the Technician,Buzzworm,252,Undirected,1
793,796,Howard Hawks,"Character in ""The Big Sleep""",252,Undirected,1
69,466,Gabriel Balboa,Kerry the Technician,252,Undirected,1
200,797,The NewsNow Van,Some Guy digitizing L.A.,252,Undirected,1
69,170,Gabriel Balboa,Raymond Chandler,252,Undirected,1
170,793,Raymond Chandler,Howard Hawks,252,Undirected,1
72,797,Emi,Some Guy digitizing L.A.,252,Undirected,1
170,143,Raymond Chandler,Doña Maria,252,Undirected,1
170,796,Raymond Chandler,"Character in ""The Big Sleep""",252,Undirected,1
143,796,Doña Maria,"Character in ""The Big Sleep""",252,Undirected,1
69,72,Gabriel Balboa,Emi,252,Undirected,1
143,793,Doña Maria,Howard Hawks,252,Undirected,1
69,200,Gabriel Balboa,The NewsNow Van,252,Undirected,1
466,797,Kerry the Technician,Some Guy digitizing L.A.,252,Undirected,1
170,466,Raymond Chandler,Kerry the Technician,252,Undirected,1
69,87,Gabriel Balboa,Buzzworm,252,Undirected,1
796,797,"Character in ""The Big Sleep""",Some Guy digitizing L.A.,252,Undirected,1
66,793,Rafaela Cortes,Howard Hawks,252,Undirected,1
66,796,Rafaela Cortes,"Character in ""The Big Sleep""",252,Undirected,1
200,796,The NewsNow Van,"Character in ""The Big Sleep""",252,Undirected,1
143,466,Doña Maria,Kerry the Technician,252,Undirected,1
200,793,The NewsNow Van,Howard Hawks,252,Undirected,1
66,143,Rafaela Cortes,Doña Maria,252,Undirected,1
200,143,The NewsNow Van,Doña Maria,252,Undirected,1
224,145,The Orange,Sol,253,Undirected,1
98,143,Bobby Ngu,Doña Maria,253,Undirected,1
98,66,Bobby Ngu,Rafaela Cortes,253,Undirected,1
66,145,Rafaela Cortes,Sol,253,Undirected,1
98,145,Bobby Ngu,Sol,253,Undirected,1
143,145,Doña Maria,Sol,253,Undirected,1
224,143,The Orange,Doña Maria,253,Undirected,1
224,98,The Orange,Bobby Ngu,253,Undirected,1
224,66,The Orange,Rafaela Cortes,253,Undirected,1
66,143,Rafaela Cortes,Doña Maria,253,Undirected,1
66,68,Rafaela Cortes,Manzanar Murakami,254,Undirected,1
224,68,The Orange,Manzanar Murakami,254,Undirected,1
98,66,Bobby Ngu,Rafaela Cortes,254,Undirected,1
98,72,Bobby Ngu,Emi,254,Undirected,1
224,87,The Orange,Buzzworm,254,Undirected,1
66,87,Rafaela Cortes,Buzzworm,254,Undirected,1
68,87,Manzanar Murakami,Buzzworm,254,Undirected,1
98,68,Bobby Ngu,Manzanar Murakami,254,Undirected,1
98,87,Bobby Ngu,Buzzworm,254,Undirected,1
72,87,Emi,Buzzworm,254,Undirected,1
224,98,The Orange,Bobby Ngu,254,Undirected,1
224,66,The Orange,Rafaela Cortes,254,Undirected,1
224,72,The Orange,Emi,254,Undirected,1
68,72,Manzanar Murakami,Emi,254,Undirected,1
66,72,Rafaela Cortes,Emi,254,Undirected,1
68,789,Manzanar Murakami,NewsNow Copter,255,Undirected,1
789,87,NewsNow Copter,Buzzworm,255,Undirected,1
68,87,Manzanar Murakami,Buzzworm,255,Undirected,1
72,789,Emi,NewsNow Copter,255,Undirected,1
72,68,Emi,Manzanar Murakami,255,Undirected,1
72,87,Emi,Buzzworm,255,Undirected,1
419,776,El Gran Mojado,Audience/Crowd (Ch 47),256,Undirected,1
70,778,Arcangel/El Gran Mojado,INS,256,Undirected,1
774,778,CIA,INS,256,Undirected,1
420,777,SUPERNAFTA,PRI,256,Undirected,1
420,774,SUPERNAFTA,CIA,256,Undirected,1
776,778,Audience/Crowd (Ch 47),INS,256,Undirected,1
417,778,DEA,INS,256,Undirected,1
70,774,Arcangel/El Gran Mojado,CIA,256,Undirected,1
419,778,El Gran Mojado,INS,256,Undirected,1
70,777,Arcangel/El Gran Mojado,PRI,256,Undirected,1
417,70,DEA,Arcangel/El Gran Mojado,256,Undirected,1
774,777,CIA,PRI,256,Undirected,1
419,70,El Gran Mojado,Arcangel/El Gran Mojado,256,Undirected,1
420,776,SUPERNAFTA,Audience/Crowd (Ch 47),256,Undirected,1
776,777,Audience/Crowd (Ch 47),PRI,256,Undirected,1
417,774,DEA,CIA,256,Undirected,1
417,420,DEA,SUPERNAFTA,256,Undirected,1
417,777,DEA,PRI,256,Undirected,1
419,774,El Gran Mojado,CIA,256,Undirected,1
419,420,El Gran Mojado,SUPERNAFTA,256,Undirected,1
70,776,Arcangel/El Gran Mojado,Audience/Crowd (Ch 47),256,Undirected,1
419,777,El Gran Mojado,PRI,256,Undirected,1
774,776,CIA,Audience/Crowd (Ch 47),256,Undirected,1
777,778,PRI,INS,256,Undirected,1
420,778,SUPERNAFTA,INS,256,Undirected,1
420,70,SUPERNAFTA,Arcangel/El Gran Mojado,256,Undirected,1
417,776,DEA,Audience/Crowd (Ch 47),256,Undirected,1
417,419,DEA,El Gran Mojado,256,Undirected,1
419,78,El Gran Mojado,God,257,Undirected,1
420,78,SUPERNAFTA,God,257,Undirected,1
776,420,Audience/Crowd (Ch 47),SUPERNAFTA,257,Undirected,1
419,420,El Gran Mojado,SUPERNAFTA,257,Undirected,1
776,419,Audience/Crowd (Ch 47),El Gran Mojado,257,Undirected,1
776,78,Audience/Crowd (Ch 47),God,257,Undirected,1
419,776,El Gran Mojado,Audience/Crowd (Ch 47),258,Undirected,1
419,782,El Gran Mojado,Ricardo Montalban,258,Undirected,1
419,785,El Gran Mojado,fan 2 (258),258,Undirected,1
783,784,Marcello Mastroianni,fan 1 (258),258,Undirected,1
782,785,Ricardo Montalban,fan 2 (258),258,Undirected,1
784,786,fan 1 (258),fan 2's mom (258),258,Undirected,1
420,783,SUPERNAFTA,Marcello Mastroianni,258,Undirected,1
420,786,SUPERNAFTA,fan 2's mom (258),258,Undirected,1
784,785,fan 1 (258),fan 2 (258),258,Undirected,1
776,784,Audience/Crowd (Ch 47),fan 1 (258),258,Undirected,1
782,784,Ricardo Montalban,fan 1 (258),258,Undirected,1
419,784,El Gran Mojado,fan 1 (258),258,Undirected,1
785,786,fan 2 (258),fan 2's mom (258),258,Undirected,1
783,786,Marcello Mastroianni,fan 2's mom (258),258,Undirected,1
420,776,SUPERNAFTA,Audience/Crowd (Ch 47),258,Undirected,1
420,782,SUPERNAFTA,Ricardo Montalban,258,Undirected,1
420,785,SUPERNAFTA,fan 2 (258),258,Undirected,1
776,783,Audience/Crowd (Ch 47),Marcello Mastroianni,258,Undirected,1
776,786,Audience/Crowd (Ch 47),fan 2's mom (258),258,Undirected,1
419,420,El Gran Mojado,SUPERNAFTA,258,Undirected,1
419,783,El Gran Mojado,Marcello Mastroianni,258,Undirected,1
782,786,Ricardo Montalban,fan 2's mom (258),258,Undirected,1
419,786,El Gran Mojado,fan 2's mom (258),258,Undirected,1
782,783,Ricardo Montalban,Marcello Mastroianni,258,Undirected,1
783,785,Marcello Mastroianni,fan 2 (258),258,Undirected,1
420,784,SUPERNAFTA,fan 1 (258),258,Undirected,1
776,782,Audience/Crowd (Ch 47),Ricardo Montalban,258,Undirected,1
776,785,Audience/Crowd (Ch 47),fan 2 (258),258,Undirected,1
776,419,Audience/Crowd (Ch 47),El Gran Mojado,259,Undirected,1
419,776,El Gran Mojado,Audience/Crowd (Ch 47),260,Undirected,1
788,823,Parents in the audience (260),Rocky Balboa,260,Undirected,1
419,788,El Gran Mojado,Parents in the audience (260),260,Undirected,1
224,787,The Orange,twelve fabulous babe escorts,260,Undirected,1
70,787,Arcangel/El Gran Mojado,twelve fabulous babe escorts,260,Undirected,1
145,823,Sol,Rocky Balboa,260,Undirected,1
224,70,The Orange,Arcangel/El Gran Mojado,260,Undirected,1
420,823,SUPERNAFTA,Rocky Balboa,260,Undirected,1
224,823,The Orange,Rocky Balboa,260,Undirected,1
776,787,Audience/Crowd (Ch 47),twelve fabulous babe escorts,260,Undirected,1
70,823,Arcangel/El Gran Mojado,Rocky Balboa,260,Undirected,1
420,145,SUPERNAFTA,Sol,260,Undirected,1
787,823,twelve fabulous babe escorts,Rocky Balboa,260,Undirected,1
224,420,The Orange,SUPERNAFTA,260,Undirected,1
419,787,El Gran Mojado,twelve fabulous babe escorts,260,Undirected,1
419,70,El Gran Mojado,Arcangel/El Gran Mojado,260,Undirected,1
776,823,Audience/Crowd (Ch 47),Rocky Balboa,260,Undirected,1
224,145,The Orange,Sol,260,Undirected,1
420,776,SUPERNAFTA,Audience/Crowd (Ch 47),260,Undirected,1
70,145,Arcangel/El Gran Mojado,Sol,260,Undirected,1
145,788,Sol,Parents in the audience (260),260,Undirected,1
419,823,El Gran Mojado,Rocky Balboa,260,Undirected,1
420,788,SUPERNAFTA,Parents in the audience (260),260,Undirected,1
70,776,Arcangel/El Gran Mojado,Audience/Crowd (Ch 47),260,Undirected,1
419,420,El Gran Mojado,SUPERNAFTA,260,Undirected,1
224,776,The Orange,Audience/Crowd (Ch 47),260,Undirected,1
776,145,Audience/Crowd (Ch 47),Sol,260,Undirected,1
224,419,The Orange,El Gran Mojado,260,Undirected,1
70,788,Arcangel/El Gran Mojado,Parents in the audience (260),260,Undirected,1
224,788,The Orange,Parents in the audience (260),260,Undirected,1
419,145,El Gran Mojado,Sol,260,Undirected,1
787,788,twelve fabulous babe escorts,Parents in the audience (260),260,Undirected,1
145,787,Sol,twelve fabulous babe escorts,260,Undirected,1
420,787,SUPERNAFTA,twelve fabulous babe escorts,260,Undirected,1
420,70,SUPERNAFTA,Arcangel/El Gran Mojado,260,Undirected,1
776,788,Audience/Crowd (Ch 47),Parents in the audience (260),260,Undirected,1
419,776,El Gran Mojado,Audience/Crowd (Ch 47),261,Undirected,1
224,145,The Orange,Sol,261,Undirected,1
420,776,SUPERNAFTA,Audience/Crowd (Ch 47),261,Undirected,1
776,145,Audience/Crowd (Ch 47),Sol,261,Undirected,1
98,776,Bobby Ngu,Audience/Crowd (Ch 47),261,Undirected,1
419,145,El Gran Mojado,Sol,261,Undirected,1
98,419,Bobby Ngu,El Gran Mojado,261,Undirected,1
420,145,SUPERNAFTA,Sol,261,Undirected,1
98,145,Bobby Ngu,Sol,261,Undirected,1
224,420,The Orange,SUPERNAFTA,261,Undirected,1
224,98,The Orange,Bobby Ngu,261,Undirected,1
419,420,El Gran Mojado,SUPERNAFTA,261,Undirected,1
224,776,The Orange,Audience/Crowd (Ch 47),261,Undirected,1
98,420,Bobby Ngu,SUPERNAFTA,261,Undirected,1
224,419,The Orange,El Gran Mojado,261,Undirected,1
419,776,El Gran Mojado,Audience/Crowd (Ch 47),262,Undirected,1
420,776,SUPERNAFTA,Audience/Crowd (Ch 47),262,Undirected,1
98,776,Bobby Ngu,Audience/Crowd (Ch 47),262,Undirected,1
98,419,Bobby Ngu,El Gran Mojado,262,Undirected,1
419,70,El Gran Mojado,Arcangel/El Gran Mojado,262,Undirected,1
70,776,Arcangel/El Gran Mojado,Audience/Crowd (Ch 47),262,Undirected,1
419,420,El Gran Mojado,SUPERNAFTA,262,Undirected,1
420,70,SUPERNAFTA,Arcangel/El Gran Mojado,262,Undirected,1
98,70,Bobby Ngu,Arcangel/El Gran Mojado,262,Undirected,1
98,420,Bobby Ngu,SUPERNAFTA,262,Undirected,1
419,776,El Gran Mojado,Audience/Crowd (Ch 47),263,Undirected,1
522,798,Diego Rivera,Johann Pachelbel,263,Undirected,1
522,87,Diego Rivera,Buzzworm,263,Undirected,1
776,522,Audience/Crowd (Ch 47),Diego Rivera,263,Undirected,1
800,522,The Red Cross,Diego Rivera,263,Undirected,1
801,798,Trio of Homeless,Johann Pachelbel,263,Undirected,1
419,522,El Gran Mojado,Diego Rivera,263,Undirected,1
189,798,Unnamed members of L.A. Underclass,Johann Pachelbel,263,Undirected,1
801,87,Trio of Homeless,Buzzworm,263,Undirected,1
776,189,Audience/Crowd (Ch 47),Unnamed members of L.A. Underclass,263,Undirected,1
87,189,Buzzworm,Unnamed members of L.A. Underclass,263,Undirected,1
800,189,The Red Cross,Unnamed members of L.A. Underclass,263,Undirected,1
419,189,El Gran Mojado,Unnamed members of L.A. Underclass,263,Undirected,1
801,419,Trio of Homeless,El Gran Mojado,263,Undirected,1
801,776,Trio of Homeless,Audience/Crowd (Ch 47),263,Undirected,1
522,189,Diego Rivera,Unnamed members of L.A. Underclass,263,Undirected,1
800,798,The Red Cross,Johann Pachelbel,263,Undirected,1
776,798,Audience/Crowd (Ch 47),Johann Pachelbel,263,Undirected,1
801,522,Trio of Homeless,Diego Rivera,263,Undirected,1
87,798,Buzzworm,Johann Pachelbel,263,Undirected,1
800,801,The Red Cross,Trio of Homeless,263,Undirected,1
776,87,Audience/Crowd (Ch 47),Buzzworm,263,Undirected,1
800,87,The Red Cross,Buzzworm,263,Undirected,1
419,798,El Gran Mojado,Johann Pachelbel,263,Undirected,1
419,87,El Gran Mojado,Buzzworm,263,Undirected,1
801,189,Trio of Homeless,Unnamed members of L.A. Underclass,263,Undirected,1
800,419,The Red Cross,El Gran Mojado,263,Undirected,1
800,776,The Red Cross,Audience/Crowd (Ch 47),263,Undirected,1
241,251,Buzzworm's Grandmother,Margarita,264,Undirected,1
87,251,Buzzworm,Margarita,264,Undirected,1
805,604,Warren Alney,National Guard,264,Undirected,1
805,241,Warren Alney,Buzzworm's Grandmother,264,Undirected,1
806,87,Tom Schnabel,Buzzworm,264,Undirected,1
804,251,Thomas Jefferson,Margarita,264,Undirected,1
804,806,Thomas Jefferson,Tom Schnabel,264,Undirected,1
802,251,Indian Momma,Margarita,264,Undirected,1
806,251,Tom Schnabel,Margarita,264,Undirected,1
802,806,Indian Momma,Tom Schnabel,264,Undirected,1
801,804,Trio of Homeless,Thomas Jefferson,264,Undirected,1
241,604,Buzzworm's Grandmother,National Guard,264,Undirected,1
801,87,Trio of Homeless,Buzzworm,264,Undirected,1
87,604,Buzzworm,National Guard,264,Undirected,1
804,241,Thomas Jefferson,Buzzworm's Grandmother,264,Undirected,1
804,604,Thomas Jefferson,National Guard,264,Undirected,1
802,604,Indian Momma,National Guard,264,Undirected,1
804,805,Thomas Jefferson,Warren Alney,264,Undirected,1
802,241,Indian Momma,Buzzworm's Grandmother,264,Undirected,1
801,251,Trio of Homeless,Margarita,264,Undirected,1
805,87,Warren Alney,Buzzworm,264,Undirected,1
806,604,Tom Schnabel,National Guard,264,Undirected,1
806,241,Tom Schnabel,Buzzworm's Grandmother,264,Undirected,1
801,806,Trio of Homeless,Tom Schnabel,264,Undirected,1
802,805,Indian Momma,Warren Alney,264,Undirected,1
805,251,Warren Alney,Margarita,264,Undirected,1
251,604,Margarita,National Guard,264,Undirected,1
241,87,Buzzworm's Grandmother,Buzzworm,264,Undirected,1
801,604,Trio of Homeless,National Guard,264,Undirected,1
804,87,Thomas Jefferson,Buzzworm,264,Undirected,1
801,241,Trio of Homeless,Buzzworm's Grandmother,264,Undirected,1
805,806,Warren Alney,Tom Schnabel,264,Undirected,1
801,805,Trio of Homeless,Warren Alney,264,Undirected,1
802,804,Indian Momma,Thomas Jefferson,264,Undirected,1
801,802,Trio of Homeless,Indian Momma,264,Undirected,1
802,87,Indian Momma,Buzzworm,264,Undirected,1
68,811,Manzanar Murakami,New Age Santa Monicans,265,Undirected,1
68,808,Manzanar Murakami,The Black Panthers,265,Undirected,1
808,87,The Black Panthers,Buzzworm,265,Undirected,1
808,810,The Black Panthers,Maxine Waters,265,Undirected,1
807,189,Bobby Seale,Unnamed members of L.A. Underclass,265,Undirected,1
808,813,The Black Panthers,Attorney General,265,Undirected,1
809,812,Worthington Ford,Vigilante Group,265,Undirected,1
811,189,New Age Santa Monicans,Unnamed members of L.A. Underclass,265,Undirected,1
807,808,Bobby Seale,The Black Panthers,265,Undirected,1
807,811,Bobby Seale,New Age Santa Monicans,265,Undirected,1
810,87,Maxine Waters,Buzzworm,265,Undirected,1
810,813,Maxine Waters,Attorney General,265,Undirected,1
68,807,Manzanar Murakami,Bobby Seale,265,Undirected,1
68,87,Manzanar Murakami,Buzzworm,265,Undirected,1
809,189,Worthington Ford,Unnamed members of L.A. Underclass,265,Undirected,1
812,813,Vigilante Group,Attorney General,265,Undirected,1
68,810,Manzanar Murakami,Maxine Waters,265,Undirected,1
812,87,Vigilante Group,Buzzworm,265,Undirected,1
813,189,Attorney General,Unnamed members of L.A. Underclass,265,Undirected,1
87,189,Buzzworm,Unnamed members of L.A. Underclass,265,Undirected,1
68,813,Manzanar Murakami,Attorney General,265,Undirected,1
808,812,The Black Panthers,Vigilante Group,265,Undirected,1
809,811,Worthington Ford,New Age Santa Monicans,265,Undirected,1
808,809,The Black Panthers,Worthington Ford,265,Undirected,1
807,810,Bobby Seale,Maxine Waters,265,Undirected,1
807,87,Bobby Seale,Buzzworm,265,Undirected,1
807,813,Bobby Seale,Attorney General,265,Undirected,1
811,87,New Age Santa Monicans,Buzzworm,265,Undirected,1
808,189,The Black Panthers,Unnamed members of L.A. Underclass,265,Undirected,1
810,812,Maxine Waters,Vigilante Group,265,Undirected,1
68,809,Manzanar Murakami,Worthington Ford,265,Undirected,1
811,813,New Age Santa Monicans,Attorney General,265,Undirected,1
68,812,Manzanar Murakami,Vigilante Group,265,Undirected,1
809,810,Worthington Ford,Maxine Waters,265,Undirected,1
809,87,Worthington Ford,Buzzworm,265,Undirected,1
809,813,Worthington Ford,Attorney General,265,Undirected,1
808,811,The Black Panthers,New Age Santa Monicans,265,Undirected,1
813,87,Attorney General,Buzzworm,265,Undirected,1
812,189,Vigilante Group,Unnamed members of L.A. Underclass,265,Undirected,1
810,189,Maxine Waters,Unnamed members of L.A. Underclass,265,Undirected,1
68,189,Manzanar Murakami,Unnamed members of L.A. Underclass,265,Undirected,1
807,812,Bobby Seale,Vigilante Group,265,Undirected,1
807,809,Bobby Seale,Worthington Ford,265,Undirected,1
810,811,Maxine Waters,New Age Santa Monicans,265,Undirected,1
811,812,New Age Santa Monicans,Vigilante Group,265,Undirected,1
419,776,El Gran Mojado,Audience/Crowd (Ch 47),266,Undirected,1
98,815,Bobby Ngu,Scalper,266,Undirected,1
420,814,SUPERNAFTA,Scalpers,266,Undirected,1
776,815,Audience/Crowd (Ch 47),Scalper,266,Undirected,1
224,70,The Orange,Arcangel/El Gran Mojado,266,Undirected,1
419,815,El Gran Mojado,Scalper,266,Undirected,1
98,70,Bobby Ngu,Arcangel/El Gran Mojado,266,Undirected,1
70,814,Arcangel/El Gran Mojado,Scalpers,266,Undirected,1
224,814,The Orange,Scalpers,266,Undirected,1
420,66,SUPERNAFTA,Rafaela Cortes,266,Undirected,1
66,145,Rafaela Cortes,Sol,266,Undirected,1
420,145,SUPERNAFTA,Sol,266,Undirected,1
98,814,Bobby Ngu,Scalpers,266,Undirected,1
224,420,The Orange,SUPERNAFTA,266,Undirected,1
419,70,El Gran Mojado,Arcangel/El Gran Mojado,266,Undirected,1
224,66,The Orange,Rafaela Cortes,266,Undirected,1
66,776,Rafaela Cortes,Audience/Crowd (Ch 47),266,Undirected,1
776,814,Audience/Crowd (Ch 47),Scalpers,266,Undirected,1
98,420,Bobby Ngu,SUPERNAFTA,266,Undirected,1
814,145,Scalpers,Sol,266,Undirected,1
224,145,The Orange,Sol,266,Undirected,1
420,776,SUPERNAFTA,Audience/Crowd (Ch 47),266,Undirected,1
98,66,Bobby Ngu,Rafaela Cortes,266,Undirected,1
70,145,Arcangel/El Gran Mojado,Sol,266,Undirected,1
419,814,El Gran Mojado,Scalpers,266,Undirected,1
98,145,Bobby Ngu,Sol,266,Undirected,1
70,776,Arcangel/El Gran Mojado,Audience/Crowd (Ch 47),266,Undirected,1
419,420,El Gran Mojado,SUPERNAFTA,266,Undirected,1
66,815,Rafaela Cortes,Scalper,266,Undirected,1
224,776,The Orange,Audience/Crowd (Ch 47),266,Undirected,1
420,815,SUPERNAFTA,Scalper,266,Undirected,1
776,145,Audience/Crowd (Ch 47),Sol,266,Undirected,1
419,66,El Gran Mojado,Rafaela Cortes,266,Undirected,1
224,419,The Orange,El Gran Mojado,266,Undirected,1
98,776,Bobby Ngu,Audience/Crowd (Ch 47),266,Undirected,1
419,145,El Gran Mojado,Sol,266,Undirected,1
98,419,Bobby Ngu,El Gran Mojado,266,Undirected,1
66,70,Rafaela Cortes,Arcangel/El Gran Mojado,266,Undirected,1
814,815,Scalpers,Scalper,266,Undirected,1
815,145,Scalper,Sol,266,Undirected,1
224,815,The Orange,Scalper,266,Undirected,1
70,815,Arcangel/El Gran Mojado,Scalper,266,Undirected,1
224,98,The Orange,Bobby Ngu,266,Undirected,1
420,70,SUPERNAFTA,Arcangel/El Gran Mojado,266,Undirected,1
66,814,Rafaela Cortes,Scalpers,266,Undirected,1
224,145,The Orange,Sol,267,Undirected,1
98,66,Bobby Ngu,Rafaela Cortes,267,Undirected,1
98,776,Bobby Ngu,Audience/Crowd (Ch 47),267,Undirected,1
66,145,Rafaela Cortes,Sol,267,Undirected,1
98,145,Bobby Ngu,Sol,267,Undirected,1
224,98,The Orange,Bobby Ngu,267,Undirected,1
224,66,The Orange,Rafaela Cortes,267,Undirected,1
66,776,Rafaela Cortes,Audience/Crowd (Ch 47),267,Undirected,1
224,776,The Orange,Audience/Crowd (Ch 47),267,Undirected,1
776,145,Audience/Crowd (Ch 47),Sol,267,Undirected,1
224,145,The Orange,Sol,268,Undirected,1
98,66,Bobby Ngu,Rafaela Cortes,268,Undirected,1
98,776,Bobby Ngu,Audience/Crowd (Ch 47),268,Undirected,1
66,145,Rafaela Cortes,Sol,268,Undirected,1
98,145,Bobby Ngu,Sol,268,Undirected,1
224,98,The Orange,Bobby Ngu,268,Undirected,1
224,66,The Orange,Rafaela Cortes,268,Undirected,1
66,776,Rafaela Cortes,Audience/Crowd (Ch 47),268,Undirected,1
224,776,The Orange,Audience/Crowd (Ch 47),268,Undirected,1
776,145,Audience/Crowd (Ch 47),Sol,268,Undirected,1