source,target,type,weight,startPage,category,Char 1 Name,Char 2 Name
897.0,896.0,directed,1,5,Exchange,,
898.0,897.0,directed,1,5,Exchange,,
897.0,898.0,directed,1,5,Exchange,,
899.0,900.0,directed,1,5,Exchange,,
896.0,897.0,directed,1,5,Exchange,,
900.0,899.0,directed,1,5,Exchange,,
897.0,896.0,directed,1,6,Exchange,,
896.0,897.0,directed,1,6,Exchange,,
897.0,896.0,directed,1,7,Exchange,,
896.0,897.0,directed,1,7,Exchange,,
896.0,907.0,directed,1,8,Exchange,,
897.0,903.0,directed,1,8,Exchange,,
907.0,896.0,directed,1,8,Exchange,,
897.0,907.0,directed,1,8,Exchange,,
899.0,896.0,directed,1,8,Exchange,,
896.0,903.0,directed,1,8,Exchange,,
896.0,897.0,directed,1,8,Exchange,,
903.0,897.0,directed,1,8,Exchange,,
896.0,899.0,directed,1,8,Exchange,,
903.0,896.0,directed,1,8,Exchange,,
897.0,896.0,directed,1,8,Exchange,,
907.0,897.0,directed,1,8,Exchange,,
896.0,897.0,directed,1,9,Exchange,,
897.0,896.0,directed,1,9,Exchange,,
903.0,897.0,directed,1,9,Exchange,,
897.0,903.0,directed,1,9,Exchange,,
896.0,906.0,directed,1,9,Exchange,,
897.0,907.0,directed,1,10,Exchange,,
897.0,905.0,directed,1,10,Exchange,,
897.0,904.0,directed,1,10,Exchange,,
897.0,903.0,directed,1,10,Exchange,,
905.0,897.0,directed,1,10,Exchange,,
896.0,907.0,directed,1,10,Exchange,,
897.0,906.0,directed,1,10,Exchange,,
903.0,896.0,directed,1,11,Exchange,,
904.0,896.0,directed,1,11,Exchange,,
905.0,896.0,directed,1,11,Exchange,,
897.0,896.0,directed,1,11,Exchange,,
896.0,899.0,directed,1,11,Exchange,,
899.0,901.0,directed,1,11,Exchange,,
906.0,896.0,directed,1,11,Exchange,,
901.0,899.0,directed,1,11,Exchange,,
896.0,897.0,directed,1,11,Exchange,,
902.0,897.0,directed,1,11,Exchange,,
899.0,896.0,directed,1,11,Exchange,,
897.0,902.0,directed,1,11,Exchange,,
907.0,896.0,directed,1,11,Exchange,,
897.0,902.0,directed,1,12,Exchange,,
902.0,897.0,directed,1,12,Exchange,,
1711.0,1712.0,directed,1,13,Exchange,,
1712.0,1711.0,directed,1,13,Exchange,,
1713.0,1712.0,directed,1,13,Exchange,,
1712.0,903.0,directed,1,13,Exchange,,
903.0,1712.0,directed,1,13,Exchange,,
899.0,1712.0,directed,1,13,Exchange,,
1712.0,1713.0,directed,1,13,Exchange,,
1712.0,899.0,directed,1,13,Exchange,,
899.0,1712.0,directed,1,14,Exchange,,
899.0,1758.0,directed,1,14,Exchange,,
903.0,2510.0,directed,1,14,Exchange,,
1758.0,899.0,directed,1,14,Exchange,,
899.0,904.0,directed,1,14,Exchange,,
899.0,1715.0,directed,1,14,Exchange,,
1715.0,899.0,directed,1,14,Exchange,,
896.0,897.0,directed,1,14,Exchange,,
897.0,896.0,directed,1,14,Exchange,,
904.0,899.0,directed,1,14,Exchange,,
1712.0,899.0,directed,1,14,Exchange,,
899.0,904.0,directed,1,15,Exchange,,
896.0,897.0,directed,1,15,Exchange,,
1759.0,899.0,directed,1,15,Exchange,,
904.0,899.0,directed,1,15,Exchange,,
903.0,899.0,directed,1,15,Exchange,,
899.0,903.0,directed,1,15,Exchange,,
897.0,896.0,directed,1,15,Exchange,,
899.0,1759.0,directed,1,15,Exchange,,
904.0,899.0,directed,1,16,Exchange,,
904.0,903.0,directed,1,16,Exchange,,
903.0,904.0,directed,1,16,Exchange,,
899.0,904.0,directed,1,16,Exchange,,
904.0,903.0,directed,1,17,Exchange,,
903.0,904.0,directed,1,17,Exchange,,
2511.0,899.0,directed,1,18,Exchange,,
899.0,2511.0,directed,1,18,Exchange,,
1715.0,897.0,directed,1,19,Exchange,,
897.0,1715.0,directed,1,19,Exchange,,
898.0,897.0,directed,1,20,Exchange,,
897.0,898.0,directed,1,20,Exchange,,
1715.0,897.0,directed,1,20,Exchange,,
904.0,897.0,directed,1,20,Exchange,,
1712.0,898.0,directed,1,20,Exchange,,
2512.0,899.0,directed,1,20,Exchange,,
904.0,1713.0,directed,1,20,Exchange,,
897.0,1715.0,directed,1,20,Exchange,,
899.0,2512.0,directed,1,20,Exchange,,
898.0,1712.0,directed,1,20,Exchange,,
1713.0,904.0,directed,1,20,Exchange,,
1715.0,903.0,directed,1,20,Exchange,,
897.0,904.0,directed,1,20,Exchange,,
1716.0,897.0,directed,1,21,Exchange,,
906.0,903.0,directed,1,21,Exchange,,
903.0,906.0,directed,1,21,Exchange,,
1716.0,906.0,directed,1,21,Exchange,,
903.0,897.0,directed,1,21,Exchange,,
903.0,1715.0,directed,1,21,Exchange,,
906.0,897.0,directed,1,21,Exchange,,
897.0,903.0,directed,1,21,Exchange,,
1715.0,903.0,directed,1,21,Exchange,,
906.0,1715.0,directed,1,21,Exchange,,
897.0,1716.0,directed,1,21,Exchange,,
906.0,1716.0,directed,1,21,Exchange,,
1715.0,903.0,directed,1,22,Exchange,,
903.0,1715.0,directed,1,22,Exchange,,
1715.0,903.0,directed,1,23,Exchange,,
903.0,1715.0,directed,1,23,Exchange,,
1715.0,903.0,directed,1,24,Exchange,,
903.0,1715.0,directed,1,24,Exchange,,
1712.0,903.0,directed,1,25,Exchange,,
1715.0,903.0,directed,1,25,Exchange,,
903.0,1712.0,directed,1,25,Exchange,,
1715.0,1712.0,directed,1,25,Exchange,,
1712.0,1715.0,directed,1,25,Exchange,,
903.0,1715.0,directed,1,25,Exchange,,
1712.0,901.0,directed,1,26,Exchange,,
901.0,903.0,directed,1,26,Exchange,,
906.0,905.0,directed,1,26,Exchange,,
905.0,906.0,directed,1,26,Exchange,,
907.0,906.0,directed,1,26,Exchange,,
901.0,1712.0,directed,1,26,Exchange,,
906.0,907.0,directed,1,26,Exchange,,
901.0,903.0,directed,1,27,Exchange,,
1712.0,1713.0,directed,1,27,Exchange,,
1713.0,1712.0,directed,1,27,Exchange,,
903.0,901.0,directed,1,27,Exchange,,
1712.0,903.0,directed,1,27,Exchange,,
1713.0,1712.0,directed,1,28,Exchange,,
1712.0,1713.0,directed,1,28,Exchange,,
896.0,907.0,directed,1,30,Exchange,,
907.0,905.0,directed,1,30,Exchange,,
1717.0,905.0,directed,1,30,Exchange,,
896.0,905.0,directed,1,30,Exchange,,
896.0,897.0,directed,1,30,Exchange,,
897.0,896.0,directed,1,30,Exchange,,
897.0,905.0,directed,1,30,Exchange,,
905.0,1717.0,directed,1,30,Exchange,,
905.0,907.0,directed,1,30,Exchange,,
897.0,904.0,directed,1,31,Exchange,,
896.0,903.0,directed,1,31,Exchange,,
904.0,905.0,directed,1,31,Exchange,,
905.0,904.0,directed,1,31,Exchange,,
897.0,903.0,directed,1,31,Exchange,,
904.0,1713.0,directed,1,31,Exchange,,
904.0,897.0,directed,1,31,Exchange,,
903.0,896.0,directed,1,31,Exchange,,
2521.0,904.0,directed,1,31,Exchange,,
903.0,897.0,directed,1,31,Exchange,,
1713.0,904.0,directed,1,31,Exchange,,
896.0,897.0,directed,1,32,Exchange,,
897.0,896.0,directed,1,32,Exchange,,
903.0,896.0,directed,1,32,Exchange,,
896.0,903.0,directed,1,32,Exchange,,
897.0,903.0,directed,1,32,Exchange,,
903.0,2522.0,directed,1,32,Exchange,,
2522.0,903.0,directed,1,32,Exchange,,
904.0,903.0,directed,1,32,Exchange,,
903.0,897.0,directed,1,32,Exchange,,
903.0,904.0,directed,1,33,Exchange,,
904.0,903.0,directed,1,33,Exchange,,
906.0,903.0,directed,1,33,Exchange,,
903.0,1713.0,directed,1,33,Exchange,,
1712.0,903.0,directed,1,33,Exchange,,
899.0,903.0,directed,1,33,Exchange,,
1713.0,903.0,directed,1,33,Exchange,,
1711.0,903.0,directed,1,33,Exchange,,
907.0,903.0,directed,1,33,Exchange,,
905.0,903.0,directed,1,33,Exchange,,
903.0,1710.0,directed,1,33,Exchange,,
903.0,899.0,directed,1,33,Exchange,,
903.0,1712.0,directed,1,33,Exchange,,
903.0,1711.0,directed,1,33,Exchange,,
903.0,907.0,directed,1,33,Exchange,,
905.0,907.0,directed,1,33,Exchange,,
903.0,905.0,directed,1,33,Exchange,,
2522.0,906.0,directed,1,34,Exchange,,
2522.0,896.0,directed,1,34,Exchange,,
2522.0,905.0,directed,1,34,Exchange,,
1745.0,904.0,directed,1,34,Exchange,,
1711.0,904.0,directed,1,34,Exchange,,
1713.0,904.0,directed,1,34,Exchange,,
1711.0,903.0,directed,1,34,Exchange,,
1713.0,903.0,directed,1,34,Exchange,,
2522.0,897.0,directed,1,34,Exchange,,
903.0,1713.0,directed,1,34,Exchange,,
904.0,1711.0,directed,1,34,Exchange,,
904.0,1745.0,directed,1,34,Exchange,,
904.0,1713.0,directed,1,34,Exchange,,
903.0,1711.0,directed,1,34,Exchange,,
2522.0,907.0,directed,1,34,Exchange,,
899.0,903.0,directed,1,35,Exchange,,
903.0,899.0,directed,1,35,Exchange,,
903.0,1713.0,directed,1,35,Exchange,,
1713.0,1712.0,directed,1,35,Exchange,,
1711.0,1713.0,directed,1,35,Exchange,,
1712.0,1713.0,directed,1,35,Exchange,,
1713.0,1711.0,directed,1,35,Exchange,,
903.0,1711.0,directed,1,35,Exchange,,
1711.0,899.0,directed,1,36,Exchange,,
1713.0,899.0,directed,1,36,Exchange,,
1712.0,1713.0,directed,1,36,Exchange,,
1713.0,1712.0,directed,1,36,Exchange,,
1711.0,1713.0,directed,1,36,Exchange,,
899.0,1713.0,directed,1,36,Exchange,,
899.0,1711.0,directed,1,36,Exchange,,
1713.0,1711.0,directed,1,36,Exchange,,
1712.0,1711.0,directed,1,37,Exchange,,
899.0,1711.0,directed,1,37,Exchange,,
1713.0,899.0,directed,1,37,Exchange,,
903.0,899.0,directed,1,37,Exchange,,
1713.0,1711.0,directed,1,37,Exchange,,
899.0,903.0,directed,1,37,Exchange,,
1713.0,903.0,directed,1,37,Exchange,,
1710.0,903.0,directed,1,37,Exchange,,
1712.0,899.0,directed,1,37,Exchange,,
1711.0,899.0,directed,1,37,Exchange,,
1711.0,1713.0,directed,1,37,Exchange,,
899.0,1712.0,directed,1,37,Exchange,,
1711.0,1712.0,directed,1,37,Exchange,,
1713.0,1712.0,directed,1,37,Exchange,,
1712.0,1713.0,directed,1,37,Exchange,,
899.0,1713.0,directed,1,37,Exchange,,
903.0,1713.0,directed,1,37,Exchange,,
1713.0,899.0,directed,1,38,Exchange,,
899.0,1713.0,directed,1,38,Exchange,,
1713.0,1712.0,directed,1,38,Exchange,,
1712.0,1713.0,directed,1,38,Exchange,,
1713.0,903.0,directed,1,39,Exchange,,
1711.0,1710.0,directed,1,39,Exchange,,
1712.0,903.0,directed,1,39,Exchange,,
1711.0,903.0,directed,1,39,Exchange,,
1712.0,899.0,directed,1,39,Exchange,,
903.0,1713.0,directed,1,39,Exchange,,
1710.0,1713.0,directed,1,39,Exchange,,
1713.0,1710.0,directed,1,39,Exchange,,
1710.0,1711.0,directed,1,39,Exchange,,
1713.0,1712.0,directed,1,39,Exchange,,
903.0,1712.0,directed,1,39,Exchange,,
899.0,903.0,directed,1,40,Exchange,,
1713.0,903.0,directed,1,40,Exchange,,
903.0,1713.0,directed,1,40,Exchange,,
899.0,2524.0,directed,1,40,Exchange,,
1711.0,903.0,directed,1,40,Exchange,,
903.0,1711.0,directed,1,40,Exchange,,
1713.0,1712.0,directed,1,40,Exchange,,
1712.0,1713.0,directed,1,40,Exchange,,
903.0,899.0,directed,1,40,Exchange,,
2524.0,899.0,directed,1,40,Exchange,,
1713.0,907.0,directed,1,41,Exchange,,
1713.0,905.0,directed,1,41,Exchange,,
1713.0,903.0,directed,1,41,Exchange,,
2526.0,903.0,directed,1,41,Exchange,,
2524.0,903.0,directed,1,41,Exchange,,
897.0,903.0,directed,1,41,Exchange,,
897.0,899.0,directed,1,41,Exchange,,
1745.0,897.0,directed,1,41,Exchange,,
1713.0,897.0,directed,1,41,Exchange,,
907.0,1713.0,directed,1,41,Exchange,,
905.0,1713.0,directed,1,41,Exchange,,
897.0,1713.0,directed,1,41,Exchange,,
903.0,2524.0,directed,1,41,Exchange,,
899.0,897.0,directed,1,41,Exchange,,
904.0,897.0,directed,1,41,Exchange,,
903.0,897.0,directed,1,41,Exchange,,
903.0,2526.0,directed,1,41,Exchange,,
897.0,1745.0,directed,1,41,Exchange,,
903.0,1713.0,directed,1,41,Exchange,,
899.0,1713.0,directed,1,42,Exchange,,
897.0,1713.0,directed,1,42,Exchange,,
903.0,1712.0,directed,1,42,Exchange,,
1713.0,897.0,directed,1,42,Exchange,,
899.0,903.0,directed,1,42,Exchange,,
897.0,903.0,directed,1,42,Exchange,,
1712.0,903.0,directed,1,42,Exchange,,
903.0,899.0,directed,1,42,Exchange,,
897.0,1712.0,directed,1,43,Exchange,,
899.0,897.0,directed,1,43,Exchange,,
897.0,903.0,directed,1,43,Exchange,,
897.0,899.0,directed,1,43,Exchange,,
903.0,897.0,directed,1,43,Exchange,,
903.0,897.0,directed,1,44,Exchange,,
899.0,897.0,directed,1,44,Exchange,,
897.0,903.0,directed,1,44,Exchange,,
897.0,899.0,directed,1,44,Exchange,,
1712.0,903.0,directed,1,44,Exchange,,
903.0,1712.0,directed,1,44,Exchange,,
1712.0,1713.0,directed,1,45,Exchange,,
1711.0,1713.0,directed,1,45,Exchange,,
899.0,905.0,directed,1,45,Exchange,,
905.0,907.0,directed,1,45,Exchange,,
1711.0,1712.0,directed,1,45,Exchange,,
1713.0,1712.0,directed,1,45,Exchange,,
905.0,899.0,directed,1,45,Exchange,,
907.0,905.0,directed,1,45,Exchange,,
1712.0,1711.0,directed,1,45,Exchange,,
1713.0,1711.0,directed,1,45,Exchange,,
1713.0,1711.0,directed,1,46,Exchange,,
1713.0,1712.0,directed,1,46,Exchange,,
899.0,1710.0,directed,1,46,Exchange,,
1710.0,899.0,directed,1,46,Exchange,,
1712.0,1713.0,directed,1,46,Exchange,,
1711.0,1713.0,directed,1,46,Exchange,,
899.0,1712.0,directed,1,47,Exchange,,
903.0,1712.0,directed,1,47,Exchange,,
903.0,899.0,directed,1,47,Exchange,,
899.0,1713.0,directed,1,47,Exchange,,
1713.0,899.0,directed,1,47,Exchange,,
1712.0,899.0,directed,1,47,Exchange,,
1712.0,903.0,directed,1,47,Exchange,,
903.0,899.0,directed,1,48,Exchange,,
899.0,903.0,directed,1,48,Exchange,,
903.0,1712.0,directed,1,48,Exchange,,
1712.0,903.0,directed,1,48,Exchange,,
899.0,1712.0,directed,1,48,Exchange,,
1712.0,899.0,directed,1,48,Exchange,,
903.0,1712.0,directed,1,49,Exchange,,
1712.0,903.0,directed,1,49,Exchange,,
899.0,1712.0,directed,1,49,Exchange,,
1712.0,899.0,directed,1,49,Exchange,,
899.0,1713.0,directed,1,49,Exchange,,
899.0,903.0,directed,1,49,Exchange,,
1713.0,899.0,directed,1,49,Exchange,,
903.0,1713.0,directed,1,50,Exchange,,
1711.0,1713.0,directed,1,50,Exchange,,
1713.0,1712.0,directed,1,50,Exchange,,
903.0,1712.0,directed,1,50,Exchange,,
899.0,1712.0,directed,1,50,Exchange,,
1712.0,1713.0,directed,1,50,Exchange,,
1713.0,903.0,directed,1,50,Exchange,,
899.0,903.0,directed,1,50,Exchange,,
1712.0,903.0,directed,1,50,Exchange,,
1713.0,1711.0,directed,1,50,Exchange,,
903.0,899.0,directed,1,50,Exchange,,
1712.0,899.0,directed,1,50,Exchange,,
1711.0,1713.0,directed,1,51,Exchange,,
1712.0,1713.0,directed,1,51,Exchange,,
1713.0,1712.0,directed,1,51,Exchange,,
1713.0,1711.0,directed,1,51,Exchange,,
1712.0,903.0,directed,1,52,Exchange,,
1712.0,1711.0,directed,1,52,Exchange,,
903.0,1712.0,directed,1,52,Exchange,,
1711.0,1712.0,directed,1,52,Exchange,,
904.0,899.0,directed,1,53,Exchange,,
904.0,903.0,directed,1,53,Exchange,,
1710.0,904.0,directed,1,53,Exchange,,
899.0,904.0,directed,1,53,Exchange,,
1710.0,1713.0,directed,1,53,Exchange,,
904.0,1713.0,directed,1,53,Exchange,,
1713.0,1710.0,directed,1,53,Exchange,,
904.0,1710.0,directed,1,53,Exchange,,
904.0,1712.0,directed,1,53,Exchange,,
904.0,1711.0,directed,1,53,Exchange,,
903.0,904.0,directed,1,53,Exchange,,
1713.0,904.0,directed,1,53,Exchange,,
1712.0,904.0,directed,1,53,Exchange,,
1711.0,904.0,directed,1,53,Exchange,,
1713.0,1712.0,directed,1,54,Exchange,,
899.0,904.0,directed,1,54,Exchange,,
1711.0,904.0,directed,1,54,Exchange,,
904.0,899.0,directed,1,54,Exchange,,
1713.0,899.0,directed,1,54,Exchange,,
899.0,1713.0,directed,1,54,Exchange,,
904.0,1711.0,directed,1,54,Exchange,,
899.0,1711.0,directed,1,54,Exchange,,
1711.0,899.0,directed,1,54,Exchange,,
1712.0,1713.0,directed,1,55,Exchange,,
1713.0,1712.0,directed,1,55,Exchange,,
903.0,1713.0,directed,1,55,Exchange,,
1713.0,903.0,directed,1,55,Exchange,,
1712.0,903.0,directed,1,56,Exchange,,
903.0,1712.0,directed,1,56,Exchange,,
903.0,1713.0,directed,1,56,Exchange,,
1713.0,903.0,directed,1,56,Exchange,,
1712.0,903.0,directed,1,57,Exchange,,
1711.0,1713.0,directed,1,57,Exchange,,
903.0,1712.0,directed,1,57,Exchange,,
1713.0,1711.0,directed,1,57,Exchange,,
904.0,899.0,directed,1,58,Exchange,,
903.0,904.0,directed,1,58,Exchange,,
897.0,903.0,directed,1,58,Exchange,,
904.0,903.0,directed,1,58,Exchange,,
899.0,904.0,directed,1,58,Exchange,,
903.0,897.0,directed,1,58,Exchange,,
904.0,1713.0,directed,1,59,Exchange,,
903.0,1713.0,directed,1,59,Exchange,,
903.0,907.0,directed,1,59,Exchange,,
905.0,907.0,directed,1,59,Exchange,,
904.0,907.0,directed,1,59,Exchange,,
1713.0,903.0,directed,1,59,Exchange,,
903.0,896.0,directed,1,59,Exchange,,
904.0,896.0,directed,1,59,Exchange,,
903.0,905.0,directed,1,59,Exchange,,
904.0,905.0,directed,1,59,Exchange,,
905.0,904.0,directed,1,59,Exchange,,
907.0,904.0,directed,1,59,Exchange,,
906.0,904.0,directed,1,59,Exchange,,
896.0,904.0,directed,1,59,Exchange,,
897.0,904.0,directed,1,59,Exchange,,
1713.0,904.0,directed,1,59,Exchange,,
896.0,903.0,directed,1,59,Exchange,,
897.0,903.0,directed,1,59,Exchange,,
906.0,903.0,directed,1,59,Exchange,,
905.0,903.0,directed,1,59,Exchange,,
907.0,903.0,directed,1,59,Exchange,,
907.0,905.0,directed,1,59,Exchange,,
904.0,906.0,directed,1,59,Exchange,,
903.0,906.0,directed,1,59,Exchange,,
896.0,907.0,directed,1,60,Exchange,,
896.0,903.0,directed,1,60,Exchange,,
896.0,897.0,directed,1,60,Exchange,,
897.0,905.0,directed,1,60,Exchange,,
896.0,904.0,directed,1,60,Exchange,,
907.0,896.0,directed,1,60,Exchange,,
904.0,896.0,directed,1,60,Exchange,,
906.0,896.0,directed,1,60,Exchange,,
903.0,896.0,directed,1,60,Exchange,,
897.0,896.0,directed,1,60,Exchange,,
897.0,904.0,directed,1,60,Exchange,,
896.0,906.0,directed,1,60,Exchange,,
896.0,1751.0,directed,1,61,Exchange,,
1751.0,896.0,directed,1,61,Exchange,,
903.0,897.0,directed,1,61,Exchange,,
896.0,897.0,directed,1,61,Exchange,,
897.0,896.0,directed,1,61,Exchange,,
897.0,903.0,directed,1,61,Exchange,,
904.0,897.0,directed,1,61,Exchange,,
897.0,904.0,directed,1,61,Exchange,,
897.0,896.0,directed,1,62,Exchange,,
903.0,904.0,directed,1,62,Exchange,,
904.0,903.0,directed,1,62,Exchange,,
896.0,897.0,directed,1,62,Exchange,,
1751.0,896.0,directed,1,62,Exchange,,
896.0,1751.0,directed,1,62,Exchange,,
904.0,897.0,directed,1,62,Exchange,,
896.0,903.0,directed,1,63,Exchange,,
1751.0,897.0,directed,1,63,Exchange,,
897.0,1751.0,directed,1,63,Exchange,,
906.0,904.0,directed,1,63,Exchange,,
1751.0,896.0,directed,1,63,Exchange,,
903.0,896.0,directed,1,63,Exchange,,
1751.0,897.0,directed,1,64,Exchange,,
897.0,1751.0,directed,1,64,Exchange,,
1751.0,896.0,directed,1,65,Exchange,,
896.0,1751.0,directed,1,65,Exchange,,
1751.0,897.0,directed,1,66,Exchange,,
1751.0,896.0,directed,1,66,Exchange,,
896.0,1751.0,directed,1,66,Exchange,,
897.0,1751.0,directed,1,66,Exchange,,
904.0,905.0,directed,1,67,Exchange,,
905.0,903.0,directed,1,67,Exchange,,
1751.0,896.0,directed,1,67,Exchange,,
905.0,897.0,directed,1,67,Exchange,,
905.0,1751.0,directed,1,67,Exchange,,
903.0,905.0,directed,1,67,Exchange,,
1751.0,905.0,directed,1,67,Exchange,,
905.0,904.0,directed,1,67,Exchange,,
896.0,1751.0,directed,1,67,Exchange,,
907.0,1751.0,directed,1,68,Exchange,,
906.0,1751.0,directed,1,68,Exchange,,
903.0,1751.0,directed,1,68,Exchange,,
1751.0,903.0,directed,1,68,Exchange,,
1751.0,904.0,directed,1,68,Exchange,,
1751.0,905.0,directed,1,68,Exchange,,
1751.0,906.0,directed,1,68,Exchange,,
1751.0,907.0,directed,1,68,Exchange,,
897.0,1751.0,directed,1,68,Exchange,,
904.0,1751.0,directed,1,68,Exchange,,
1751.0,897.0,directed,1,68,Exchange,,
905.0,1751.0,directed,1,68,Exchange,,
896.0,903.0,directed,1,70,Exchange,,
1751.0,896.0,directed,1,70,Exchange,,
896.0,1751.0,directed,1,70,Exchange,,
897.0,1751.0,directed,1,70,Exchange,,
903.0,896.0,directed,1,70,Exchange,,
1751.0,897.0,directed,1,70,Exchange,,
907.0,1750.0,directed,1,71,Exchange,,
905.0,1754.0,directed,1,71,Exchange,,
904.0,899.0,directed,1,71,Exchange,,
1754.0,905.0,directed,1,71,Exchange,,
899.0,904.0,directed,1,71,Exchange,,
1750.0,907.0,directed,1,71,Exchange,,
1754.0,907.0,directed,1,71,Exchange,,
1750.0,1712.0,directed,1,71,Exchange,,
1750.0,905.0,directed,1,71,Exchange,,
905.0,1750.0,directed,1,71,Exchange,,
1754.0,1750.0,directed,1,71,Exchange,,
907.0,1754.0,directed,1,71,Exchange,,
1750.0,1754.0,directed,1,71,Exchange,,
1717.0,903.0,directed,1,72,Exchange,,
1717.0,904.0,directed,1,72,Exchange,,
2537.0,1717.0,directed,1,72,Exchange,,
905.0,1750.0,directed,1,72,Exchange,,
904.0,1751.0,directed,1,72,Exchange,,
1717.0,1751.0,directed,1,72,Exchange,,
1750.0,1712.0,directed,1,72,Exchange,,
1750.0,907.0,directed,1,72,Exchange,,
903.0,1717.0,directed,1,72,Exchange,,
1751.0,1717.0,directed,1,72,Exchange,,
907.0,1754.0,directed,1,72,Exchange,,
905.0,1754.0,directed,1,72,Exchange,,
905.0,1717.0,directed,1,72,Exchange,,
904.0,1717.0,directed,1,72,Exchange,,
1717.0,1750.0,directed,1,72,Exchange,,
907.0,1750.0,directed,1,72,Exchange,,
1754.0,907.0,directed,1,72,Exchange,,
1750.0,905.0,directed,1,72,Exchange,,
1754.0,905.0,directed,1,72,Exchange,,
1717.0,905.0,directed,1,72,Exchange,,
1717.0,2537.0,directed,1,72,Exchange,,
1717.0,1754.0,directed,1,72,Exchange,,
1717.0,903.0,directed,1,73,Exchange,,
903.0,904.0,directed,1,73,Exchange,,
1751.0,897.0,directed,1,73,Exchange,,
904.0,903.0,directed,1,73,Exchange,,
897.0,1751.0,directed,1,73,Exchange,,
1717.0,1751.0,directed,1,73,Exchange,,
1751.0,1717.0,directed,1,73,Exchange,,
907.0,1717.0,directed,1,73,Exchange,,
905.0,1717.0,directed,1,73,Exchange,,
903.0,1717.0,directed,1,73,Exchange,,
904.0,1717.0,directed,1,73,Exchange,,
1717.0,907.0,directed,1,73,Exchange,,
1717.0,904.0,directed,1,73,Exchange,,
1717.0,905.0,directed,1,73,Exchange,,
1718.0,1750.0,directed,1,74,Exchange,,
1717.0,1751.0,directed,1,74,Exchange,,
1751.0,1717.0,directed,1,74,Exchange,,
1750.0,1718.0,directed,1,74,Exchange,,
905.0,903.0,directed,1,75,Exchange,,
1750.0,903.0,directed,1,75,Exchange,,
1751.0,1717.0,directed,1,75,Exchange,,
903.0,1750.0,directed,1,75,Exchange,,
903.0,905.0,directed,1,75,Exchange,,
1750.0,905.0,directed,1,75,Exchange,,
905.0,1750.0,directed,1,75,Exchange,,
1717.0,1751.0,directed,1,75,Exchange,,
903.0,1750.0,directed,1,76,Exchange,,
1750.0,903.0,directed,1,76,Exchange,,
903.0,1750.0,directed,1,77,Exchange,,
1750.0,903.0,directed,1,77,Exchange,,
903.0,1750.0,directed,1,78,Exchange,,
1750.0,903.0,directed,1,78,Exchange,,
903.0,1750.0,directed,1,79,Exchange,,
1750.0,903.0,directed,1,79,Exchange,,
903.0,1750.0,directed,1,80,Exchange,,
1750.0,903.0,directed,1,80,Exchange,,
1717.0,1751.0,directed,1,81,Exchange,,
903.0,1750.0,directed,1,81,Exchange,,
1750.0,903.0,directed,1,81,Exchange,,
1751.0,1717.0,directed,1,81,Exchange,,
903.0,1750.0,directed,1,82,Exchange,,
905.0,1751.0,directed,1,82,Exchange,,
1750.0,903.0,directed,1,82,Exchange,,
1751.0,905.0,directed,1,82,Exchange,,
903.0,904.0,directed,1,84,Exchange,,
904.0,903.0,directed,1,84,Exchange,,
899.0,904.0,directed,1,85,Exchange,,
1713.0,904.0,directed,1,85,Exchange,,
903.0,904.0,directed,1,85,Exchange,,
1711.0,904.0,directed,1,85,Exchange,,
904.0,899.0,directed,1,85,Exchange,,
904.0,903.0,directed,1,85,Exchange,,
904.0,1711.0,directed,1,85,Exchange,,
904.0,1713.0,directed,1,85,Exchange,,
896.0,906.0,directed,1,86,Exchange,,
897.0,906.0,directed,1,86,Exchange,,
903.0,1751.0,directed,1,86,Exchange,,
906.0,907.0,directed,1,86,Exchange,,
903.0,906.0,directed,1,86,Exchange,,
904.0,906.0,directed,1,86,Exchange,,
907.0,906.0,directed,1,86,Exchange,,
905.0,906.0,directed,1,86,Exchange,,
1751.0,903.0,directed,1,86,Exchange,,
906.0,903.0,directed,1,86,Exchange,,
906.0,905.0,directed,1,86,Exchange,,
906.0,904.0,directed,1,86,Exchange,,
906.0,896.0,directed,1,86,Exchange,,
906.0,897.0,directed,1,86,Exchange,,
1754.0,905.0,directed,1,88,Exchange,,
1754.0,903.0,directed,1,88,Exchange,,
903.0,1754.0,directed,1,88,Exchange,,
905.0,1754.0,directed,1,88,Exchange,,
903.0,899.0,directed,1,89,Exchange,,
899.0,903.0,directed,1,89,Exchange,,
1715.0,903.0,directed,1,89,Exchange,,
1751.0,903.0,directed,1,89,Exchange,,
1712.0,903.0,directed,1,89,Exchange,,
2547.0,903.0,directed,1,89,Exchange,,
903.0,1751.0,directed,1,89,Exchange,,
903.0,2547.0,directed,1,89,Exchange,,
903.0,1712.0,directed,1,89,Exchange,,
903.0,1715.0,directed,1,89,Exchange,,
1712.0,903.0,directed,1,90,Exchange,,
903.0,1712.0,directed,1,90,Exchange,,
903.0,1712.0,directed,1,91,Exchange,,
901.0,903.0,directed,1,91,Exchange,,
1712.0,903.0,directed,1,91,Exchange,,
901.0,1712.0,directed,1,91,Exchange,,
903.0,1712.0,directed,1,92,Exchange,,
1712.0,903.0,directed,1,92,Exchange,,
903.0,904.0,directed,1,93,Exchange,,
904.0,903.0,directed,1,93,Exchange,,
904.0,1713.0,directed,1,93,Exchange,,
1713.0,904.0,directed,1,93,Exchange,,
1713.0,903.0,directed,1,93,Exchange,,
903.0,1713.0,directed,1,93,Exchange,,
904.0,1713.0,directed,1,94,Exchange,,
903.0,904.0,directed,1,94,Exchange,,
1713.0,904.0,directed,1,94,Exchange,,
899.0,904.0,directed,1,94,Exchange,,
904.0,899.0,directed,1,94,Exchange,,
904.0,903.0,directed,1,94,Exchange,,
903.0,1751.0,directed,1,95,Exchange,,
1712.0,1713.0,directed,1,95,Exchange,,
903.0,1715.0,directed,1,95,Exchange,,
1751.0,903.0,directed,1,95,Exchange,,
1713.0,1712.0,directed,1,95,Exchange,,
1715.0,903.0,directed,1,95,Exchange,,
1751.0,903.0,directed,1,96,Exchange,,
1751.0,1712.0,directed,1,96,Exchange,,
903.0,1751.0,directed,1,96,Exchange,,
1712.0,1751.0,directed,1,96,Exchange,,
903.0,897.0,directed,1,97,Exchange,,
897.0,903.0,directed,1,97,Exchange,,
902.0,897.0,directed,1,97,Exchange,,
897.0,902.0,directed,1,97,Exchange,,
903.0,896.0,directed,1,98,Exchange,,
904.0,899.0,directed,1,98,Exchange,,
896.0,906.0,directed,1,98,Exchange,,
899.0,904.0,directed,1,98,Exchange,,
1713.0,1711.0,directed,1,98,Exchange,,
896.0,903.0,directed,1,98,Exchange,,
1711.0,1713.0,directed,1,98,Exchange,,
1751.0,1712.0,directed,1,99,Exchange,,
897.0,902.0,directed,1,99,Exchange,,
1751.0,1711.0,directed,1,100,Exchange,,
1715.0,1751.0,directed,1,100,Exchange,,
897.0,1713.0,directed,1,100,Exchange,,
897.0,1711.0,directed,1,100,Exchange,,
905.0,905.0,directed,1,100,Exchange,,
899.0,904.0,directed,1,100,Exchange,,
1751.0,903.0,directed,1,100,Exchange,,
1751.0,899.0,directed,1,100,Exchange,,
904.0,899.0,directed,1,100,Exchange,,
1751.0,1713.0,directed,1,100,Exchange,,
1751.0,1715.0,directed,1,100,Exchange,,
899.0,897.0,directed,1,101,Exchange,,
897.0,899.0,directed,1,101,Exchange,,
1751.0,907.0,directed,1,102,Exchange,,
907.0,1751.0,directed,1,102,Exchange,,
903.0,1751.0,directed,1,102,Exchange,,
897.0,907.0,directed,1,102,Exchange,,
1751.0,903.0,directed,1,102,Exchange,,
897.0,1751.0,directed,1,102,Exchange,,
1751.0,897.0,directed,1,102,Exchange,,
1752.0,1751.0,directed,1,103,Exchange,,
1751.0,903.0,directed,1,103,Exchange,,
903.0,1751.0,directed,1,103,Exchange,,
1751.0,1752.0,directed,1,103,Exchange,,
1752.0,1751.0,directed,1,104,Exchange,,
903.0,1751.0,directed,1,104,Exchange,,
1751.0,1752.0,directed,1,104,Exchange,,
1751.0,903.0,directed,1,104,Exchange,,
1751.0,903.0,directed,1,105,Exchange,,
903.0,1751.0,directed,1,105,Exchange,,
903.0,1751.0,directed,1,106,Exchange,,
1751.0,903.0,directed,1,106,Exchange,,
897.0,1751.0,directed,1,108,Exchange,,
1751.0,897.0,directed,1,108,Exchange,,
897.0,1751.0,directed,1,109,Exchange,,
1751.0,897.0,directed,1,109,Exchange,,
896.0,897.0,directed,1,109,Exchange,,
897.0,896.0,directed,1,109,Exchange,,
903.0,896.0,directed,1,109,Exchange,,
896.0,903.0,directed,1,109,Exchange,,
907.0,1715.0,directed,1,110,Exchange,,
897.0,896.0,directed,1,110,Exchange,,
903.0,896.0,directed,1,110,Exchange,,
896.0,903.0,directed,1,110,Exchange,,
896.0,897.0,directed,1,110,Exchange,,
897.0,1715.0,directed,1,110,Exchange,,
905.0,1715.0,directed,1,110,Exchange,,
903.0,897.0,directed,1,110,Exchange,,
897.0,904.0,directed,1,110,Exchange,,
904.0,897.0,directed,1,110,Exchange,,
897.0,903.0,directed,1,110,Exchange,,
897.0,1715.0,directed,1,111,Exchange,,
905.0,897.0,directed,1,111,Exchange,,
897.0,904.0,directed,1,111,Exchange,,
897.0,903.0,directed,1,111,Exchange,,
1715.0,1751.0,directed,1,111,Exchange,,
1751.0,1715.0,directed,1,111,Exchange,,
897.0,905.0,directed,1,111,Exchange,,
1751.0,897.0,directed,1,112,Exchange,,
897.0,1751.0,directed,1,112,Exchange,,
897.0,903.0,directed,1,113,Exchange,,
1751.0,1715.0,directed,1,113,Exchange,,
1750.0,907.0,directed,1,113,Exchange,,
1715.0,1751.0,directed,1,113,Exchange,,
1750.0,904.0,directed,1,113,Exchange,,
1750.0,906.0,directed,1,113,Exchange,,
1750.0,905.0,directed,1,113,Exchange,,
904.0,1750.0,directed,1,113,Exchange,,
903.0,1750.0,directed,1,113,Exchange,,
1750.0,903.0,directed,1,113,Exchange,,
903.0,897.0,directed,1,113,Exchange,,
905.0,1750.0,directed,1,113,Exchange,,
907.0,1750.0,directed,1,113,Exchange,,
906.0,1750.0,directed,1,113,Exchange,,
903.0,1750.0,directed,1,114,Exchange,,
904.0,903.0,directed,1,114,Exchange,,
1750.0,903.0,directed,1,114,Exchange,,
903.0,904.0,directed,1,114,Exchange,,
1713.0,904.0,directed,1,114,Exchange,,
904.0,1713.0,directed,1,115,Exchange,,
1713.0,904.0,directed,1,115,Exchange,,
903.0,904.0,directed,1,115,Exchange,,
904.0,903.0,directed,1,115,Exchange,,
904.0,903.0,directed,1,116,Exchange,,
1713.0,904.0,directed,1,116,Exchange,,
904.0,1713.0,directed,1,116,Exchange,,
903.0,904.0,directed,1,116,Exchange,,
903.0,904.0,directed,1,117,Exchange,,
904.0,903.0,directed,1,117,Exchange,,
903.0,1715.0,directed,1,119,Exchange,,
1751.0,1715.0,directed,1,119,Exchange,,
1715.0,1751.0,directed,1,119,Exchange,,
1715.0,903.0,directed,1,119,Exchange,,
1751.0,901.0,directed,1,120,Exchange,,
1751.0,902.0,directed,1,120,Exchange,,
902.0,1751.0,directed,1,120,Exchange,,
1715.0,1751.0,directed,1,120,Exchange,,
1751.0,1715.0,directed,1,120,Exchange,,
901.0,1751.0,directed,1,120,Exchange,,
896.0,1751.0,directed,1,121,Exchange,,
1751.0,897.0,directed,1,121,Exchange,,
897.0,1751.0,directed,1,121,Exchange,,
1751.0,896.0,directed,1,121,Exchange,,
1751.0,896.0,directed,1,122,Exchange,,
896.0,1751.0,directed,1,122,Exchange,,
903.0,1715.0,directed,1,122,Exchange,,
1715.0,903.0,directed,1,122,Exchange,,
903.0,1715.0,directed,1,123,Exchange,,
1715.0,903.0,directed,1,123,Exchange,,
901.0,897.0,directed,1,124,Exchange,,
897.0,901.0,directed,1,124,Exchange,,
905.0,901.0,directed,1,124,Exchange,,
901.0,903.0,directed,1,124,Exchange,,
901.0,904.0,directed,1,124,Exchange,,
901.0,905.0,directed,1,124,Exchange,,
903.0,901.0,directed,1,124,Exchange,,
904.0,901.0,directed,1,124,Exchange,,
903.0,904.0,directed,1,125,Exchange,,
904.0,903.0,directed,1,125,Exchange,,
1751.0,896.0,directed,1,126,Exchange,,
1715.0,1751.0,directed,1,127,Exchange,,
1751.0,1715.0,directed,1,127,Exchange,,
897.0,896.0,directed,1,127,Exchange,,
903.0,904.0,directed,1,127,Exchange,,
904.0,903.0,directed,1,127,Exchange,,
896.0,897.0,directed,1,127,Exchange,,
906.0,1747.0,Undirected,1,131,,Mary Bennet,Miss Darcy
896.0,904.0,Undirected,1,131,,Mr. Bennet,Jane Bennet
897.0,903.0,Undirected,1,131,,Mrs. Bennet,Elizabeth Bennet
905.0,907.0,Undirected,1,131,,Lydia Bennet,Kitty Bennet
1712.0,1747.0,Undirected,1,131,,Mr. Darcy,Miss Darcy
899.0,905.0,Undirected,1,131,,Mr. Bingley,Lydia Bennet
896.0,1711.0,Undirected,1,131,,Mr. Bennet,Mrs. Hurst
903.0,905.0,Undirected,1,131,,Elizabeth Bennet,Lydia Bennet
897.0,1710.0,Undirected,1,131,,Mrs. Bennet,Mr. Hurst
897.0,907.0,Undirected,1,131,,Mrs. Bennet,Kitty Bennet
899.0,904.0,Undirected,1,131,,Mr. Bingley,Jane Bennet
903.0,904.0,Undirected,1,131,,Elizabeth Bennet,Jane Bennet
896.0,1713.0,Undirected,1,131,,Mr. Bennet,Miss Bingley
1711.0,1713.0,Undirected,1,131,,Mrs. Hurst,Miss Bingley
896.0,899.0,Undirected,1,131,,Mr. Bennet,Mr. Bingley
905.0,1713.0,Undirected,1,131,,Lydia Bennet,Miss Bingley
907.0,1713.0,Undirected,1,131,,Kitty Bennet,Miss Bingley
1711.0,1747.0,Undirected,1,131,,Mrs. Hurst,Miss Darcy
897.0,904.0,Undirected,1,131,,Mrs. Bennet,Jane Bennet
897.0,1747.0,Undirected,1,131,,Mrs. Bennet,Miss Darcy
897.0,1711.0,Undirected,1,131,,Mrs. Bennet,Mrs. Hurst
907.0,1712.0,Undirected,1,131,,Kitty Bennet,Mr. Darcy
896.0,1712.0,Undirected,1,131,,Mr. Bennet,Mr. Darcy
896.0,905.0,Undirected,1,131,,Mr. Bennet,Lydia Bennet
1710.0,1711.0,Undirected,1,131,,Mr. Hurst,Mrs. Hurst
904.0,906.0,Undirected,1,131,,Jane Bennet,Mary Bennet
905.0,1710.0,Undirected,1,131,,Lydia Bennet,Mr. Hurst
899.0,1712.0,Undirected,1,131,,Mr. Bingley,Mr. Darcy
906.0,1712.0,Undirected,1,131,,Mary Bennet,Mr. Darcy
899.0,1713.0,Undirected,1,131,,Mr. Bingley,Miss Bingley
905.0,1711.0,Undirected,1,131,,Lydia Bennet,Mrs. Hurst
899.0,906.0,Undirected,1,131,,Mr. Bingley,Mary Bennet
904.0,1747.0,Undirected,1,131,,Jane Bennet,Miss Darcy
905.0,1712.0,Undirected,1,131,,Lydia Bennet,Mr. Darcy
1712.0,1713.0,Undirected,1,131,,Mr. Darcy,Miss Bingley
904.0,1713.0,Undirected,1,131,,Jane Bennet,Miss Bingley
903.0,1711.0,Undirected,1,131,,Elizabeth Bennet,Mrs. Hurst
904.0,1710.0,Undirected,1,131,,Jane Bennet,Mr. Hurst
896.0,897.0,Undirected,1,131,,Mr. Bennet,Mrs. Bennet
896.0,906.0,Undirected,1,131,,Mr. Bennet,Mary Bennet
906.0,1713.0,Undirected,1,131,,Mary Bennet,Miss Bingley
907.0,1711.0,Undirected,1,131,,Kitty Bennet,Mrs. Hurst
899.0,907.0,Undirected,1,131,,Mr. Bingley,Kitty Bennet
903.0,907.0,Undirected,1,131,,Elizabeth Bennet,Kitty Bennet
897.0,1712.0,Undirected,1,131,,Mrs. Bennet,Mr. Darcy
899.0,1747.0,Undirected,1,131,,Mr. Bingley,Miss Darcy
897.0,1713.0,Undirected,1,131,,Mrs. Bennet,Miss Bingley
899.0,903.0,Undirected,1,131,,Mr. Bingley,Elizabeth Bennet
904.0,1711.0,Undirected,1,131,,Jane Bennet,Mrs. Hurst
903.0,1712.0,Undirected,1,131,,Elizabeth Bennet,Mr. Darcy
1711.0,1712.0,Undirected,1,131,,Mrs. Hurst,Mr. Darcy
1710.0,1747.0,Undirected,1,131,,Mr. Hurst,Miss Darcy
899.0,1710.0,Undirected,1,131,,Mr. Bingley,Mr. Hurst
906.0,907.0,Undirected,1,131,,Mary Bennet,Kitty Bennet
896.0,1747.0,Undirected,1,131,,Mr. Bennet,Miss Darcy
903.0,1713.0,Undirected,1,131,,Elizabeth Bennet,Miss Bingley
896.0,1710.0,Undirected,1,131,,Mr. Bennet,Mr. Hurst
897.0,906.0,Undirected,1,131,,Mrs. Bennet,Mary Bennet
906.0,1710.0,Undirected,1,131,,Mary Bennet,Mr. Hurst
905.0,906.0,Undirected,1,131,,Lydia Bennet,Mary Bennet
1710.0,1713.0,Undirected,1,131,,Mr. Hurst,Miss Bingley
906.0,1711.0,Undirected,1,131,,Mary Bennet,Mrs. Hurst
905.0,1747.0,Undirected,1,131,,Lydia Bennet,Miss Darcy
907.0,1710.0,Undirected,1,131,,Kitty Bennet,Mr. Hurst
907.0,1747.0,Undirected,1,131,,Kitty Bennet,Miss Darcy
903.0,906.0,Undirected,1,131,,Elizabeth Bennet,Mary Bennet
904.0,905.0,Undirected,1,131,,Jane Bennet,Lydia Bennet
899.0,1711.0,Undirected,1,131,,Mr. Bingley,Mrs. Hurst
897.0,899.0,Undirected,1,131,,Mrs. Bennet,Mr. Bingley
903.0,1747.0,Undirected,1,131,,Elizabeth Bennet,Miss Darcy
896.0,907.0,Undirected,1,131,,Mr. Bennet,Kitty Bennet
903.0,1710.0,Undirected,1,131,,Elizabeth Bennet,Mr. Hurst
896.0,903.0,Undirected,1,131,,Mr. Bennet,Elizabeth Bennet
897.0,905.0,Undirected,1,131,,Mrs. Bennet,Lydia Bennet
1713.0,1747.0,Undirected,1,131,,Miss Bingley,Miss Darcy
1710.0,1712.0,Undirected,1,131,,Mr. Hurst,Mr. Darcy
904.0,907.0,Undirected,1,131,,Jane Bennet,Kitty Bennet
904.0,1712.0,Undirected,1,131,,Jane Bennet,Mr. Darcy
903.0,1710.0,Undirected,1,132,,Elizabeth Bennet,Mr. Hurst
899.0,1711.0,Undirected,1,132,,Mr. Bingley,Mrs. Hurst
897.0,1711.0,Undirected,1,132,,Mrs. Bennet,Mrs. Hurst
897.0,1710.0,Undirected,1,132,,Mrs. Bennet,Mr. Hurst
904.0,1712.0,Undirected,1,132,,Jane Bennet,Mr. Darcy
903.0,904.0,Undirected,1,132,,Elizabeth Bennet,Jane Bennet
1711.0,1712.0,Undirected,1,132,,Mrs. Hurst,Mr. Darcy
1710.0,1713.0,Undirected,1,132,,Mr. Hurst,Miss Bingley
1710.0,1712.0,Undirected,1,132,,Mr. Hurst,Mr. Darcy
903.0,1713.0,Undirected,1,132,,Elizabeth Bennet,Miss Bingley
897.0,899.0,Undirected,1,132,,Mrs. Bennet,Mr. Bingley
1712.0,1713.0,Undirected,1,132,,Mr. Darcy,Miss Bingley
904.0,1710.0,Undirected,1,132,,Jane Bennet,Mr. Hurst
904.0,1713.0,Undirected,1,132,,Jane Bennet,Miss Bingley
1710.0,1711.0,Undirected,1,132,,Mr. Hurst,Mrs. Hurst
897.0,904.0,Undirected,1,132,,Mrs. Bennet,Jane Bennet
899.0,904.0,Undirected,1,132,,Mr. Bingley,Jane Bennet
897.0,903.0,Undirected,1,132,,Mrs. Bennet,Elizabeth Bennet
899.0,1712.0,Undirected,1,132,,Mr. Bingley,Mr. Darcy
899.0,903.0,Undirected,1,132,,Mr. Bingley,Elizabeth Bennet
903.0,1711.0,Undirected,1,132,,Elizabeth Bennet,Mrs. Hurst
899.0,1710.0,Undirected,1,132,,Mr. Bingley,Mr. Hurst
897.0,1713.0,Undirected,1,132,,Mrs. Bennet,Miss Bingley
903.0,1712.0,Undirected,1,132,,Elizabeth Bennet,Mr. Darcy
904.0,1711.0,Undirected,1,132,,Jane Bennet,Mrs. Hurst
897.0,1712.0,Undirected,1,132,,Mrs. Bennet,Mr. Darcy
899.0,1713.0,Undirected,1,132,,Mr. Bingley,Miss Bingley
1711.0,1713.0,Undirected,1,132,,Mrs. Hurst,Miss Bingley
902.0,22.0,Undirected,1,133,,Lady Lucas,Lucas brothers
19.0,1751.0,Undirected,1,133,,Sir William Lucas,Mr. Collins
899.0,1715.0,Undirected,1,133,,Mr. Bingley,Charlotte Lucas
904.0,19.0,Undirected,1,133,,Jane Bennet,Sir William Lucas
903.0,1715.0,Undirected,1,133,,Elizabeth Bennet,Charlotte Lucas
1751.0,1759.0,Undirected,1,133,,Mr. Collins,Maria Lucas
899.0,903.0,Undirected,1,133,,Mr. Bingley,Elizabeth Bennet
904.0,1716.0,Undirected,1,133,,Jane Bennet,Young Lucas
22.0,1751.0,Undirected,1,133,,Lucas brothers,Mr. Collins
899.0,1716.0,Undirected,1,133,,Mr. Bingley,Young Lucas
899.0,904.0,Undirected,1,133,,Mr. Bingley,Jane Bennet
899.0,1759.0,Undirected,1,133,,Mr. Bingley,Maria Lucas
902.0,19.0,Undirected,1,133,,Lady Lucas,Sir William Lucas
903.0,1759.0,Undirected,1,133,,Elizabeth Bennet,Maria Lucas
903.0,1751.0,Undirected,1,133,,Elizabeth Bennet,Mr. Collins
904.0,1759.0,Undirected,1,133,,Jane Bennet,Maria Lucas
1716.0,1759.0,Undirected,1,133,,Young Lucas,Maria Lucas
904.0,22.0,Undirected,1,133,,Jane Bennet,Lucas brothers
1716.0,19.0,Undirected,1,133,,Young Lucas,Sir William Lucas
1715.0,22.0,Undirected,1,133,,Charlotte Lucas,Lucas brothers
902.0,1759.0,Undirected,1,133,,Lady Lucas,Maria Lucas
899.0,1751.0,Undirected,1,133,,Mr. Bingley,Mr. Collins
903.0,19.0,Undirected,1,133,,Elizabeth Bennet,Sir William Lucas
904.0,1751.0,Undirected,1,133,,Jane Bennet,Mr. Collins
903.0,22.0,Undirected,1,133,,Elizabeth Bennet,Lucas brothers
899.0,22.0,Undirected,1,133,,Mr. Bingley,Lucas brothers
1715.0,1759.0,Undirected,1,133,,Charlotte Lucas,Maria Lucas
19.0,22.0,Undirected,1,133,,Sir William Lucas,Lucas brothers
902.0,1716.0,Undirected,1,133,,Lady Lucas,Young Lucas
902.0,904.0,Undirected,1,133,,Lady Lucas,Jane Bennet
899.0,902.0,Undirected,1,133,,Mr. Bingley,Lady Lucas
1715.0,1751.0,Undirected,1,133,,Charlotte Lucas,Mr. Collins
904.0,1715.0,Undirected,1,133,,Jane Bennet,Charlotte Lucas
903.0,1716.0,Undirected,1,133,,Elizabeth Bennet,Young Lucas
902.0,1715.0,Undirected,1,133,,Lady Lucas,Charlotte Lucas
1716.0,22.0,Undirected,1,133,,Young Lucas,Lucas brothers
1715.0,19.0,Undirected,1,133,,Charlotte Lucas,Sir William Lucas
899.0,19.0,Undirected,1,133,,Mr. Bingley,Sir William Lucas
1715.0,1716.0,Undirected,1,133,,Charlotte Lucas,Young Lucas
22.0,1759.0,Undirected,1,133,,Lucas brothers,Maria Lucas
19.0,1759.0,Undirected,1,133,,Sir William Lucas,Maria Lucas
903.0,904.0,Undirected,1,133,,Elizabeth Bennet,Jane Bennet
1716.0,1751.0,Undirected,1,133,,Young Lucas,Mr. Collins
902.0,1751.0,Undirected,1,133,,Lady Lucas,Mr. Collins
902.0,903.0,Undirected,1,133,,Lady Lucas,Elizabeth Bennet
1712.0,1713.0,Undirected,1,134,,Mr. Darcy,Miss Bingley
903.0,904.0,Undirected,1,134,,Elizabeth Bennet,Jane Bennet
903.0,1747.0,Undirected,1,134,,Elizabeth Bennet,Miss Darcy
1712.0,1747.0,Undirected,1,134,,Mr. Darcy,Miss Darcy
903.0,1713.0,Undirected,1,134,,Elizabeth Bennet,Miss Bingley
899.0,1747.0,Undirected,1,134,,Mr. Bingley,Miss Darcy
904.0,1713.0,Undirected,1,134,,Jane Bennet,Miss Bingley
904.0,1712.0,Undirected,1,134,,Jane Bennet,Mr. Darcy
1711.0,1713.0,Undirected,1,134,,Mrs. Hurst,Miss Bingley
903.0,1711.0,Undirected,1,134,,Elizabeth Bennet,Mrs. Hurst
904.0,1747.0,Undirected,1,134,,Jane Bennet,Miss Darcy
899.0,1711.0,Undirected,1,134,,Mr. Bingley,Mrs. Hurst
1713.0,1747.0,Undirected,1,134,,Miss Bingley,Miss Darcy
899.0,904.0,Undirected,1,134,,Mr. Bingley,Jane Bennet
1711.0,1747.0,Undirected,1,134,,Mrs. Hurst,Miss Darcy
904.0,1711.0,Undirected,1,134,,Jane Bennet,Mrs. Hurst
899.0,903.0,Undirected,1,134,,Mr. Bingley,Elizabeth Bennet
1711.0,1712.0,Undirected,1,134,,Mrs. Hurst,Mr. Darcy
899.0,1712.0,Undirected,1,134,,Mr. Bingley,Mr. Darcy
899.0,1713.0,Undirected,1,134,,Mr. Bingley,Miss Bingley
903.0,1712.0,Undirected,1,134,,Elizabeth Bennet,Mr. Darcy
907.0,1712.0,Undirected,1,135,,Kitty Bennet,Mr. Darcy
897.0,1711.0,Undirected,1,135,,Mrs. Bennet,Mrs. Hurst
906.0,1750.0,Undirected,1,135,,Mary Bennet,Mr. Wickham
904.0,1750.0,Undirected,1,135,,Jane Bennet,Mr. Wickham
896.0,907.0,Undirected,1,135,,Mr. Bennet,Kitty Bennet
905.0,907.0,Undirected,1,135,,Lydia Bennet,Kitty Bennet
904.0,906.0,Undirected,1,135,,Jane Bennet,Mary Bennet
897.0,903.0,Undirected,1,135,,Mrs. Bennet,Elizabeth Bennet
896.0,1712.0,Undirected,1,135,,Mr. Bennet,Mr. Darcy
897.0,906.0,Undirected,1,135,,Mrs. Bennet,Mary Bennet
899.0,907.0,Undirected,1,135,,Mr. Bingley,Kitty Bennet
899.0,906.0,Undirected,1,135,,Mr. Bingley,Mary Bennet
899.0,904.0,Undirected,1,135,,Mr. Bingley,Jane Bennet
903.0,904.0,Undirected,1,135,,Elizabeth Bennet,Jane Bennet
896.0,904.0,Undirected,1,135,,Mr. Bennet,Jane Bennet
907.0,1711.0,Undirected,1,135,,Kitty Bennet,Mrs. Hurst
906.0,1712.0,Undirected,1,135,,Mary Bennet,Mr. Darcy
905.0,1750.0,Undirected,1,135,,Lydia Bennet,Mr. Wickham
897.0,907.0,Undirected,1,135,,Mrs. Bennet,Kitty Bennet
897.0,1713.0,Undirected,1,135,,Mrs. Bennet,Miss Bingley
905.0,1711.0,Undirected,1,135,,Lydia Bennet,Mrs. Hurst
903.0,907.0,Undirected,1,135,,Elizabeth Bennet,Kitty Bennet
897.0,1712.0,Undirected,1,135,,Mrs. Bennet,Mr. Darcy
905.0,1713.0,Undirected,1,135,,Lydia Bennet,Miss Bingley
896.0,1713.0,Undirected,1,135,,Mr. Bennet,Miss Bingley
899.0,1712.0,Undirected,1,135,,Mr. Bingley,Mr. Darcy
907.0,1713.0,Undirected,1,135,,Kitty Bennet,Miss Bingley
899.0,903.0,Undirected,1,135,,Mr. Bingley,Elizabeth Bennet
1712.0,1750.0,Undirected,1,135,,Mr. Darcy,Mr. Wickham
903.0,906.0,Undirected,1,135,,Elizabeth Bennet,Mary Bennet
905.0,1712.0,Undirected,1,135,,Lydia Bennet,Mr. Darcy
904.0,905.0,Undirected,1,135,,Jane Bennet,Lydia Bennet
899.0,1711.0,Undirected,1,135,,Mr. Bingley,Mrs. Hurst
1712.0,1713.0,Undirected,1,135,,Mr. Darcy,Miss Bingley
903.0,1711.0,Undirected,1,135,,Elizabeth Bennet,Mrs. Hurst
896.0,897.0,Undirected,1,135,,Mr. Bennet,Mrs. Bennet
904.0,1713.0,Undirected,1,135,,Jane Bennet,Miss Bingley
905.0,906.0,Undirected,1,135,,Lydia Bennet,Mary Bennet
896.0,906.0,Undirected,1,135,,Mr. Bennet,Mary Bennet
897.0,899.0,Undirected,1,135,,Mrs. Bennet,Mr. Bingley
897.0,905.0,Undirected,1,135,,Mrs. Bennet,Lydia Bennet
896.0,903.0,Undirected,1,135,,Mr. Bennet,Elizabeth Bennet
897.0,1750.0,Undirected,1,135,,Mrs. Bennet,Mr. Wickham
903.0,1713.0,Undirected,1,135,,Elizabeth Bennet,Miss Bingley
896.0,899.0,Undirected,1,135,,Mr. Bennet,Mr. Bingley
1711.0,1713.0,Undirected,1,135,,Mrs. Hurst,Miss Bingley
904.0,1712.0,Undirected,1,135,,Jane Bennet,Mr. Darcy
899.0,1713.0,Undirected,1,135,,Mr. Bingley,Miss Bingley
906.0,907.0,Undirected,1,135,,Mary Bennet,Kitty Bennet
896.0,905.0,Undirected,1,135,,Mr. Bennet,Lydia Bennet
896.0,1750.0,Undirected,1,135,,Mr. Bennet,Mr. Wickham
897.0,904.0,Undirected,1,135,,Mrs. Bennet,Jane Bennet
903.0,1750.0,Undirected,1,135,,Elizabeth Bennet,Mr. Wickham
904.0,907.0,Undirected,1,135,,Jane Bennet,Kitty Bennet
906.0,1713.0,Undirected,1,135,,Mary Bennet,Miss Bingley
896.0,1711.0,Undirected,1,135,,Mr. Bennet,Mrs. Hurst
1713.0,1750.0,Undirected,1,135,,Miss Bingley,Mr. Wickham
1711.0,1750.0,Undirected,1,135,,Mrs. Hurst,Mr. Wickham
899.0,1750.0,Undirected,1,135,,Mr. Bingley,Mr. Wickham
899.0,905.0,Undirected,1,135,,Mr. Bingley,Lydia Bennet
907.0,1750.0,Undirected,1,135,,Kitty Bennet,Mr. Wickham
903.0,1712.0,Undirected,1,135,,Elizabeth Bennet,Mr. Darcy
903.0,905.0,Undirected,1,135,,Elizabeth Bennet,Lydia Bennet
904.0,1711.0,Undirected,1,135,,Jane Bennet,Mrs. Hurst
906.0,1711.0,Undirected,1,135,,Mary Bennet,Mrs. Hurst
1711.0,1712.0,Undirected,1,135,,Mrs. Hurst,Mr. Darcy
896.0,897.0,Undirected,1,136,,Mr. Bennet,Mrs. Bennet
903.0,906.0,Undirected,1,136,,Elizabeth Bennet,Mary Bennet
905.0,1712.0,Undirected,1,136,,Lydia Bennet,Mr. Darcy
903.0,1712.0,Undirected,1,136,,Elizabeth Bennet,Mr. Darcy
896.0,906.0,Undirected,1,136,,Mr. Bennet,Mary Bennet
897.0,1712.0,Undirected,1,136,,Mrs. Bennet,Mr. Darcy
904.0,906.0,Undirected,1,136,,Jane Bennet,Mary Bennet
903.0,904.0,Undirected,1,136,,Elizabeth Bennet,Jane Bennet
896.0,1712.0,Undirected,1,136,,Mr. Bennet,Mr. Darcy
904.0,1750.0,Undirected,1,136,,Jane Bennet,Mr. Wickham
904.0,905.0,Undirected,1,136,,Jane Bennet,Lydia Bennet
896.0,907.0,Undirected,1,136,,Mr. Bennet,Kitty Bennet
896.0,905.0,Undirected,1,136,,Mr. Bennet,Lydia Bennet
907.0,1712.0,Undirected,1,136,,Kitty Bennet,Mr. Darcy
905.0,906.0,Undirected,1,136,,Lydia Bennet,Mary Bennet
897.0,905.0,Undirected,1,136,,Mrs. Bennet,Lydia Bennet
896.0,903.0,Undirected,1,136,,Mr. Bennet,Elizabeth Bennet
903.0,905.0,Undirected,1,136,,Elizabeth Bennet,Lydia Bennet
903.0,1750.0,Undirected,1,136,,Elizabeth Bennet,Mr. Wickham
897.0,1750.0,Undirected,1,136,,Mrs. Bennet,Mr. Wickham
903.0,907.0,Undirected,1,136,,Elizabeth Bennet,Kitty Bennet
1712.0,1750.0,Undirected,1,136,,Mr. Darcy,Mr. Wickham
897.0,903.0,Undirected,1,136,,Mrs. Bennet,Elizabeth Bennet
906.0,1750.0,Undirected,1,136,,Mary Bennet,Mr. Wickham
897.0,907.0,Undirected,1,136,,Mrs. Bennet,Kitty Bennet
907.0,1750.0,Undirected,1,136,,Kitty Bennet,Mr. Wickham
905.0,907.0,Undirected,1,136,,Lydia Bennet,Kitty Bennet
896.0,904.0,Undirected,1,136,,Mr. Bennet,Jane Bennet
897.0,906.0,Undirected,1,136,,Mrs. Bennet,Mary Bennet
897.0,904.0,Undirected,1,136,,Mrs. Bennet,Jane Bennet
905.0,1750.0,Undirected,1,136,,Lydia Bennet,Mr. Wickham
896.0,1750.0,Undirected,1,136,,Mr. Bennet,Mr. Wickham
906.0,1712.0,Undirected,1,136,,Mary Bennet,Mr. Darcy
906.0,907.0,Undirected,1,136,,Mary Bennet,Kitty Bennet
904.0,1712.0,Undirected,1,136,,Jane Bennet,Mr. Darcy
904.0,907.0,Undirected,1,136,,Jane Bennet,Kitty Bennet
897.0,906.0,Undirected,1,137,,Mrs. Bennet,Mary Bennet
904.0,905.0,Undirected,1,137,,Jane Bennet,Lydia Bennet
903.0,906.0,Undirected,1,137,,Elizabeth Bennet,Mary Bennet
897.0,1757.0,Undirected,1,137,,Mrs. Bennet,Mrs. Gardiner
1717.0,1751.0,Undirected,1,137,,Mrs. Philips,Mr. Collins
897.0,1751.0,Undirected,1,137,,Mrs. Bennet,Mr. Collins
905.0,1715.0,Undirected,1,137,,Lydia Bennet,Charlotte Lucas
1717.0,1757.0,Undirected,1,137,,Mrs. Philips,Mrs. Gardiner
896.0,1717.0,Undirected,1,137,,Mr. Bennet,Mrs. Philips
906.0,1756.0,Undirected,1,137,,Mary Bennet,Mr. Gardiner
904.0,1756.0,Undirected,1,137,,Jane Bennet,Mr. Gardiner
903.0,1757.0,Undirected,1,137,,Elizabeth Bennet,Mrs. Gardiner
905.0,1717.0,Undirected,1,137,,Lydia Bennet,Mrs. Philips
896.0,1756.0,Undirected,1,137,,Mr. Bennet,Mr. Gardiner
907.0,1756.0,Undirected,1,137,,Kitty Bennet,Mr. Gardiner
1717.0,1756.0,Undirected,1,137,,Mrs. Philips,Mr. Gardiner
906.0,1751.0,Undirected,1,137,,Mary Bennet,Mr. Collins
1715.0,1717.0,Undirected,1,137,,Charlotte Lucas,Mrs. Philips
904.0,907.0,Undirected,1,137,,Jane Bennet,Kitty Bennet
903.0,905.0,Undirected,1,137,,Elizabeth Bennet,Lydia Bennet
896.0,1751.0,Undirected,1,137,,Mr. Bennet,Mr. Collins
906.0,907.0,Undirected,1,137,,Mary Bennet,Kitty Bennet
903.0,1756.0,Undirected,1,137,,Elizabeth Bennet,Mr. Gardiner
1751.0,1756.0,Undirected,1,137,,Mr. Collins,Mr. Gardiner
907.0,1715.0,Undirected,1,137,,Kitty Bennet,Charlotte Lucas
904.0,1717.0,Undirected,1,137,,Jane Bennet,Mrs. Philips
906.0,1757.0,Undirected,1,137,,Mary Bennet,Mrs. Gardiner
1751.0,1757.0,Undirected,1,137,,Mr. Collins,Mrs. Gardiner
907.0,1757.0,Undirected,1,137,,Kitty Bennet,Mrs. Gardiner
897.0,1756.0,Undirected,1,137,,Mrs. Bennet,Mr. Gardiner
907.0,1751.0,Undirected,1,137,,Kitty Bennet,Mr. Collins
896.0,905.0,Undirected,1,137,,Mr. Bennet,Lydia Bennet
905.0,1751.0,Undirected,1,137,,Lydia Bennet,Mr. Collins
905.0,1757.0,Undirected,1,137,,Lydia Bennet,Mrs. Gardiner
1715.0,1756.0,Undirected,1,137,,Charlotte Lucas,Mr. Gardiner
905.0,1756.0,Undirected,1,137,,Lydia Bennet,Mr. Gardiner
1715.0,1751.0,Undirected,1,137,,Charlotte Lucas,Mr. Collins
903.0,1717.0,Undirected,1,137,,Elizabeth Bennet,Mrs. Philips
905.0,906.0,Undirected,1,137,,Lydia Bennet,Mary Bennet
896.0,897.0,Undirected,1,137,,Mr. Bennet,Mrs. Bennet
907.0,1717.0,Undirected,1,137,,Kitty Bennet,Mrs. Philips
904.0,1715.0,Undirected,1,137,,Jane Bennet,Charlotte Lucas
1756.0,1757.0,Undirected,1,137,,Mr. Gardiner,Mrs. Gardiner
897.0,904.0,Undirected,1,137,,Mrs. Bennet,Jane Bennet
906.0,1715.0,Undirected,1,137,,Mary Bennet,Charlotte Lucas
897.0,907.0,Undirected,1,137,,Mrs. Bennet,Kitty Bennet
906.0,1717.0,Undirected,1,137,,Mary Bennet,Mrs. Philips
897.0,903.0,Undirected,1,137,,Mrs. Bennet,Elizabeth Bennet
896.0,904.0,Undirected,1,137,,Mr. Bennet,Jane Bennet
905.0,907.0,Undirected,1,137,,Lydia Bennet,Kitty Bennet
903.0,1715.0,Undirected,1,137,,Elizabeth Bennet,Charlotte Lucas
896.0,906.0,Undirected,1,137,,Mr. Bennet,Mary Bennet
1715.0,1757.0,Undirected,1,137,,Charlotte Lucas,Mrs. Gardiner
897.0,905.0,Undirected,1,137,,Mrs. Bennet,Lydia Bennet
896.0,903.0,Undirected,1,137,,Mr. Bennet,Elizabeth Bennet
896.0,1757.0,Undirected,1,137,,Mr. Bennet,Mrs. Gardiner
904.0,1757.0,Undirected,1,137,,Jane Bennet,Mrs. Gardiner
897.0,1715.0,Undirected,1,137,,Mrs. Bennet,Charlotte Lucas
904.0,1751.0,Undirected,1,137,,Jane Bennet,Mr. Collins
903.0,907.0,Undirected,1,137,,Elizabeth Bennet,Kitty Bennet
903.0,904.0,Undirected,1,137,,Elizabeth Bennet,Jane Bennet
904.0,906.0,Undirected,1,137,,Jane Bennet,Mary Bennet
897.0,1717.0,Undirected,1,137,,Mrs. Bennet,Mrs. Philips
896.0,1715.0,Undirected,1,137,,Mr. Bennet,Charlotte Lucas
903.0,1751.0,Undirected,1,137,,Elizabeth Bennet,Mr. Collins
896.0,907.0,Undirected,1,137,,Mr. Bennet,Kitty Bennet
897.0,899.0,Undirected,1,138,,Mrs. Bennet,Mr. Bingley
899.0,902.0,Undirected,1,138,,Mr. Bingley,Lady Lucas
1715.0,1757.0,Undirected,1,138,,Charlotte Lucas,Mrs. Gardiner
19.0,1716.0,Undirected,1,138,,Sir William Lucas,Young Lucas
897.0,902.0,Undirected,1,138,,Mrs. Bennet,Lady Lucas
902.0,1716.0,Undirected,1,138,,Lady Lucas,Young Lucas
899.0,1716.0,Undirected,1,138,,Mr. Bingley,Young Lucas
903.0,22.0,Undirected,1,138,,Elizabeth Bennet,Lucas brothers
22.0,1757.0,Undirected,1,138,,Lucas brothers,Mrs. Gardiner
22.0,1751.0,Undirected,1,138,,Lucas brothers,Mr. Collins
902.0,904.0,Undirected,1,138,,Lady Lucas,Jane Bennet
1715.0,19.0,Undirected,1,138,,Charlotte Lucas,Sir William Lucas
897.0,903.0,Undirected,1,138,,Mrs. Bennet,Elizabeth Bennet
903.0,1715.0,Undirected,1,138,,Elizabeth Bennet,Charlotte Lucas
1751.0,1757.0,Undirected,1,138,,Mr. Collins,Mrs. Gardiner
19.0,1757.0,Undirected,1,138,,Sir William Lucas,Mrs. Gardiner
19.0,1751.0,Undirected,1,138,,Sir William Lucas,Mr. Collins
1716.0,22.0,Undirected,1,138,,Young Lucas,Lucas brothers
897.0,1716.0,Undirected,1,138,,Mrs. Bennet,Young Lucas
902.0,22.0,Undirected,1,138,,Lady Lucas,Lucas brothers
897.0,904.0,Undirected,1,138,,Mrs. Bennet,Jane Bennet
899.0,904.0,Undirected,1,138,,Mr. Bingley,Jane Bennet
904.0,19.0,Undirected,1,138,,Jane Bennet,Sir William Lucas
1715.0,22.0,Undirected,1,138,,Charlotte Lucas,Lucas brothers
897.0,1757.0,Undirected,1,138,,Mrs. Bennet,Mrs. Gardiner
897.0,1751.0,Undirected,1,138,,Mrs. Bennet,Mr. Collins
899.0,903.0,Undirected,1,138,,Mr. Bingley,Elizabeth Bennet
904.0,1715.0,Undirected,1,138,,Jane Bennet,Charlotte Lucas
902.0,1715.0,Undirected,1,138,,Lady Lucas,Charlotte Lucas
903.0,1716.0,Undirected,1,138,,Elizabeth Bennet,Young Lucas
19.0,22.0,Undirected,1,138,,Sir William Lucas,Lucas brothers
903.0,904.0,Undirected,1,138,,Elizabeth Bennet,Jane Bennet
902.0,903.0,Undirected,1,138,,Lady Lucas,Elizabeth Bennet
897.0,19.0,Undirected,1,138,,Mrs. Bennet,Sir William Lucas
904.0,1716.0,Undirected,1,138,,Jane Bennet,Young Lucas
903.0,1757.0,Undirected,1,138,,Elizabeth Bennet,Mrs. Gardiner
903.0,1751.0,Undirected,1,138,,Elizabeth Bennet,Mr. Collins
899.0,1757.0,Undirected,1,138,,Mr. Bingley,Mrs. Gardiner
904.0,22.0,Undirected,1,138,,Jane Bennet,Lucas brothers
902.0,19.0,Undirected,1,138,,Lady Lucas,Sir William Lucas
904.0,1751.0,Undirected,1,138,,Jane Bennet,Mr. Collins
899.0,22.0,Undirected,1,138,,Mr. Bingley,Lucas brothers
1715.0,1716.0,Undirected,1,138,,Charlotte Lucas,Young Lucas
902.0,1757.0,Undirected,1,138,,Lady Lucas,Mrs. Gardiner
902.0,1751.0,Undirected,1,138,,Lady Lucas,Mr. Collins
899.0,19.0,Undirected,1,138,,Mr. Bingley,Sir William Lucas
897.0,22.0,Undirected,1,138,,Mrs. Bennet,Lucas brothers
1715.0,1751.0,Undirected,1,138,,Charlotte Lucas,Mr. Collins
1716.0,1751.0,Undirected,1,138,,Young Lucas,Mr. Collins
1716.0,1757.0,Undirected,1,138,,Young Lucas,Mrs. Gardiner
899.0,1715.0,Undirected,1,138,,Mr. Bingley,Charlotte Lucas
903.0,19.0,Undirected,1,138,,Elizabeth Bennet,Sir William Lucas
899.0,1751.0,Undirected,1,138,,Mr. Bingley,Mr. Collins
904.0,1757.0,Undirected,1,138,,Jane Bennet,Mrs. Gardiner
897.0,1715.0,Undirected,1,138,,Mrs. Bennet,Charlotte Lucas
899.0,1713.0,Undirected,1,139,,Mr. Bingley,Miss Bingley
899.0,904.0,Undirected,1,139,,Mr. Bingley,Jane Bennet
903.0,1712.0,Undirected,1,139,,Elizabeth Bennet,Mr. Darcy
1713.0,1757.0,Undirected,1,139,,Miss Bingley,Mrs. Gardiner
903.0,1713.0,Undirected,1,139,,Elizabeth Bennet,Miss Bingley
904.0,1757.0,Undirected,1,139,,Jane Bennet,Mrs. Gardiner
899.0,1712.0,Undirected,1,139,,Mr. Bingley,Mr. Darcy
899.0,1757.0,Undirected,1,139,,Mr. Bingley,Mrs. Gardiner
904.0,1712.0,Undirected,1,139,,Jane Bennet,Mr. Darcy
899.0,903.0,Undirected,1,139,,Mr. Bingley,Elizabeth Bennet
1712.0,1757.0,Undirected,1,139,,Mr. Darcy,Mrs. Gardiner
904.0,1713.0,Undirected,1,139,,Jane Bennet,Miss Bingley
903.0,904.0,Undirected,1,139,,Elizabeth Bennet,Jane Bennet
1712.0,1713.0,Undirected,1,139,,Mr. Darcy,Miss Bingley
903.0,1757.0,Undirected,1,139,,Elizabeth Bennet,Mrs. Gardiner
904.0,1715.0,Undirected,1,140,,Jane Bennet,Charlotte Lucas
1716.0,1715.0,Undirected,1,140,,Young Lucas,Charlotte Lucas
1716.0,1756.0,Undirected,1,140,,Young Lucas,Mr. Gardiner
22.0,1718.0,Undirected,1,140,,Lucas brothers,Mr. Philips
28.0,1713.0,Undirected,1,140,,Officers (at Meryton),Miss Bingley
899.0,902.0,Undirected,1,140,,Mr. Bingley,Lady Lucas
902.0,1713.0,Undirected,1,140,,Lady Lucas,Miss Bingley
1715.0,22.0,Undirected,1,140,,Charlotte Lucas,Lucas brothers
19.0,1756.0,Undirected,1,140,,Sir William Lucas,Mr. Gardiner
1756.0,1757.0,Undirected,1,140,,Mr. Gardiner,Mrs. Gardiner
897.0,903.0,Undirected,1,140,,Mrs. Bennet,Elizabeth Bennet
1716.0,1717.0,Undirected,1,140,,Young Lucas,Mrs. Philips
1713.0,1718.0,Undirected,1,140,,Miss Bingley,Mr. Philips
19.0,1717.0,Undirected,1,140,,Sir William Lucas,Mrs. Philips
904.0,1717.0,Undirected,1,140,,Jane Bennet,Mrs. Philips
1716.0,22.0,Undirected,1,140,,Young Lucas,Lucas brothers
904.0,22.0,Undirected,1,140,,Jane Bennet,Lucas brothers
1713.0,1716.0,Undirected,1,140,,Miss Bingley,Young Lucas
904.0,1712.0,Undirected,1,140,,Jane Bennet,Mr. Darcy
902.0,1715.0,Undirected,1,140,,Lady Lucas,Charlotte Lucas
28.0,19.0,Undirected,1,140,,Officers (at Meryton),Sir William Lucas
902.0,28.0,Undirected,1,140,,Lady Lucas,Officers (at Meryton)
899.0,29.0,Undirected,1,140,,Mr. Bingley,Mr. Darcy's father
902.0,19.0,Undirected,1,140,,Lady Lucas,Sir William Lucas
903.0,1750.0,Undirected,1,140,,Elizabeth Bennet,Mr. Wickham
899.0,1750.0,Undirected,1,140,,Mr. Bingley,Mr. Wickham
29.0,1715.0,Undirected,1,140,,Mr. Darcy's father,Charlotte Lucas
28.0,1750.0,Undirected,1,140,,Officers (at Meryton),Mr. Wickham
903.0,1717.0,Undirected,1,140,,Elizabeth Bennet,Mrs. Philips
904.0,29.0,Undirected,1,140,,Jane Bennet,Mr. Darcy's father
1712.0,1716.0,Undirected,1,140,,Mr. Darcy,Young Lucas
903.0,29.0,Undirected,1,140,,Elizabeth Bennet,Mr. Darcy's father
899.0,904.0,Undirected,1,140,,Mr. Bingley,Jane Bennet
28.0,1715.0,Undirected,1,140,,Officers (at Meryton),Charlotte Lucas
29.0,19.0,Undirected,1,140,,Mr. Darcy's father,Sir William Lucas
899.0,903.0,Undirected,1,140,,Mr. Bingley,Elizabeth Bennet
1713.0,1757.0,Undirected,1,140,,Miss Bingley,Mrs. Gardiner
1712.0,1718.0,Undirected,1,140,,Mr. Darcy,Mr. Philips
897.0,1713.0,Undirected,1,140,,Mrs. Bennet,Miss Bingley
1712.0,22.0,Undirected,1,140,,Mr. Darcy,Lucas brothers
19.0,1716.0,Undirected,1,140,,Sir William Lucas,Young Lucas
899.0,1756.0,Undirected,1,140,,Mr. Bingley,Mr. Gardiner
1718.0,1717.0,Undirected,1,140,,Mr. Philips,Mrs. Philips
903.0,1712.0,Undirected,1,140,,Elizabeth Bennet,Mr. Darcy
902.0,1750.0,Undirected,1,140,,Lady Lucas,Mr. Wickham
897.0,28.0,Undirected,1,140,,Mrs. Bennet,Officers (at Meryton)
899.0,1712.0,Undirected,1,140,,Mr. Bingley,Mr. Darcy
28.0,1757.0,Undirected,1,140,,Officers (at Meryton),Mrs. Gardiner
22.0,1757.0,Undirected,1,140,,Lucas brothers,Mrs. Gardiner
29.0,1717.0,Undirected,1,140,,Mr. Darcy's father,Mrs. Philips
1715.0,1718.0,Undirected,1,140,,Charlotte Lucas,Mr. Philips
903.0,1757.0,Undirected,1,140,,Elizabeth Bennet,Mrs. Gardiner
904.0,1756.0,Undirected,1,140,,Jane Bennet,Mr. Gardiner
903.0,22.0,Undirected,1,140,,Elizabeth Bennet,Lucas brothers
1713.0,22.0,Undirected,1,140,,Miss Bingley,Lucas brothers
1750.0,1756.0,Undirected,1,140,,Mr. Wickham,Mr. Gardiner
1712.0,1717.0,Undirected,1,140,,Mr. Darcy,Mrs. Philips
903.0,1718.0,Undirected,1,140,,Elizabeth Bennet,Mr. Philips
22.0,1756.0,Undirected,1,140,,Lucas brothers,Mr. Gardiner
903.0,904.0,Undirected,1,140,,Elizabeth Bennet,Jane Bennet
1718.0,1757.0,Undirected,1,140,,Mr. Philips,Mrs. Gardiner
899.0,1718.0,Undirected,1,140,,Mr. Bingley,Mr. Philips
1713.0,19.0,Undirected,1,140,,Miss Bingley,Sir William Lucas
904.0,1718.0,Undirected,1,140,,Jane Bennet,Mr. Philips
19.0,1718.0,Undirected,1,140,,Sir William Lucas,Mr. Philips
19.0,22.0,Undirected,1,140,,Sir William Lucas,Lucas brothers
1716.0,1718.0,Undirected,1,140,,Young Lucas,Mr. Philips
904.0,1757.0,Undirected,1,140,,Jane Bennet,Mrs. Gardiner
902.0,1717.0,Undirected,1,140,,Lady Lucas,Mrs. Philips
1713.0,1715.0,Undirected,1,140,,Miss Bingley,Charlotte Lucas
28.0,1717.0,Undirected,1,140,,Officers (at Meryton),Mrs. Philips
29.0,1718.0,Undirected,1,140,,Mr. Darcy's father,Mr. Philips
22.0,1750.0,Undirected,1,140,,Lucas brothers,Mr. Wickham
902.0,29.0,Undirected,1,140,,Lady Lucas,Mr. Darcy's father
1713.0,29.0,Undirected,1,140,,Miss Bingley,Mr. Darcy's father
28.0,22.0,Undirected,1,140,,Officers (at Meryton),Lucas brothers
1712.0,1715.0,Undirected,1,140,,Mr. Darcy,Charlotte Lucas
29.0,1756.0,Undirected,1,140,,Mr. Darcy's father,Mr. Gardiner
29.0,22.0,Undirected,1,140,,Mr. Darcy's father,Lucas brothers
904.0,1750.0,Undirected,1,140,,Jane Bennet,Mr. Wickham
1716.0,1750.0,Undirected,1,140,,Young Lucas,Mr. Wickham
1712.0,29.0,Undirected,1,140,,Mr. Darcy,Mr. Darcy's father
1712.0,1750.0,Undirected,1,140,,Mr. Darcy,Mr. Wickham
903.0,1715.0,Undirected,1,140,,Elizabeth Bennet,Charlotte Lucas
903.0,28.0,Undirected,1,140,,Elizabeth Bennet,Officers (at Meryton)
19.0,1757.0,Undirected,1,140,,Sir William Lucas,Mrs. Gardiner
897.0,1718.0,Undirected,1,140,,Mrs. Bennet,Mr. Philips
899.0,1715.0,Undirected,1,140,,Mr. Bingley,Charlotte Lucas
903.0,19.0,Undirected,1,140,,Elizabeth Bennet,Sir William Lucas
1717.0,1756.0,Undirected,1,140,,Mrs. Philips,Mr. Gardiner
1712.0,1756.0,Undirected,1,140,,Mr. Darcy,Mr. Gardiner
899.0,1757.0,Undirected,1,140,,Mr. Bingley,Mrs. Gardiner
902.0,904.0,Undirected,1,140,,Lady Lucas,Jane Bennet
897.0,1756.0,Undirected,1,140,,Mrs. Bennet,Mr. Gardiner
1713.0,1750.0,Undirected,1,140,,Miss Bingley,Mr. Wickham
1712.0,19.0,Undirected,1,140,,Mr. Darcy,Sir William Lucas
1712.0,1713.0,Undirected,1,140,,Mr. Darcy,Miss Bingley
897.0,1717.0,Undirected,1,140,,Mrs. Bennet,Mrs. Philips
902.0,1716.0,Undirected,1,140,,Lady Lucas,Young Lucas
904.0,1713.0,Undirected,1,140,,Jane Bennet,Miss Bingley
899.0,1717.0,Undirected,1,140,,Mr. Bingley,Mrs. Philips
1718.0,1756.0,Undirected,1,140,,Mr. Philips,Mr. Gardiner
28.0,29.0,Undirected,1,140,,Officers (at Meryton),Mr. Darcy's father
1715.0,1757.0,Undirected,1,140,,Charlotte Lucas,Mrs. Gardiner
28.0,1716.0,Undirected,1,140,,Officers (at Meryton),Young Lucas
897.0,899.0,Undirected,1,140,,Mrs. Bennet,Mr. Bingley
902.0,1757.0,Undirected,1,140,,Lady Lucas,Mrs. Gardiner
897.0,1715.0,Undirected,1,140,,Mrs. Bennet,Charlotte Lucas
897.0,1712.0,Undirected,1,140,,Mrs. Bennet,Mr. Darcy
904.0,28.0,Undirected,1,140,,Jane Bennet,Officers (at Meryton)
899.0,1716.0,Undirected,1,140,,Mr. Bingley,Young Lucas
1717.0,1757.0,Undirected,1,140,,Mrs. Philips,Mrs. Gardiner
904.0,19.0,Undirected,1,140,,Jane Bennet,Sir William Lucas
897.0,19.0,Undirected,1,140,,Mrs. Bennet,Sir William Lucas
903.0,1716.0,Undirected,1,140,,Elizabeth Bennet,Young Lucas
902.0,1718.0,Undirected,1,140,,Lady Lucas,Mr. Philips
19.0,1715.0,Undirected,1,140,,Sir William Lucas,Charlotte Lucas
28.0,1718.0,Undirected,1,140,,Officers (at Meryton),Mr. Philips
1750.0,1717.0,Undirected,1,140,,Mr. Wickham,Mrs. Philips
1715.0,1750.0,Undirected,1,140,,Charlotte Lucas,Mr. Wickham
899.0,22.0,Undirected,1,140,,Mr. Bingley,Lucas brothers
1713.0,1756.0,Undirected,1,140,,Miss Bingley,Mr. Gardiner
903.0,1713.0,Undirected,1,140,,Elizabeth Bennet,Miss Bingley
897.0,904.0,Undirected,1,140,,Mrs. Bennet,Jane Bennet
29.0,1750.0,Undirected,1,140,,Mr. Darcy's father,Mr. Wickham
1715.0,1756.0,Undirected,1,140,,Charlotte Lucas,Mr. Gardiner
902.0,903.0,Undirected,1,140,,Lady Lucas,Elizabeth Bennet
1712.0,1757.0,Undirected,1,140,,Mr. Darcy,Mrs. Gardiner
897.0,22.0,Undirected,1,140,,Mrs. Bennet,Lucas brothers
899.0,19.0,Undirected,1,140,,Mr. Bingley,Sir William Lucas
899.0,28.0,Undirected,1,140,,Mr. Bingley,Officers (at Meryton)
902.0,22.0,Undirected,1,140,,Lady Lucas,Lucas brothers
1716.0,1757.0,Undirected,1,140,,Young Lucas,Mrs. Gardiner
29.0,1716.0,Undirected,1,140,,Mr. Darcy's father,Young Lucas
899.0,1713.0,Undirected,1,140,,Mr. Bingley,Miss Bingley
897.0,1757.0,Undirected,1,140,,Mrs. Bennet,Mrs. Gardiner
902.0,1756.0,Undirected,1,140,,Lady Lucas,Mr. Gardiner
1718.0,1750.0,Undirected,1,140,,Mr. Philips,Mr. Wickham
28.0,1756.0,Undirected,1,140,,Officers (at Meryton),Mr. Gardiner
904.0,1716.0,Undirected,1,140,,Jane Bennet,Young Lucas
1713.0,1717.0,Undirected,1,140,,Miss Bingley,Mrs. Philips
897.0,902.0,Undirected,1,140,,Mrs. Bennet,Lady Lucas
897.0,1750.0,Undirected,1,140,,Mrs. Bennet,Mr. Wickham
29.0,1757.0,Undirected,1,140,,Mr. Darcy's father,Mrs. Gardiner
1715.0,1717.0,Undirected,1,140,,Charlotte Lucas,Mrs. Philips
897.0,29.0,Undirected,1,140,,Mrs. Bennet,Mr. Darcy's father
903.0,1756.0,Undirected,1,140,,Elizabeth Bennet,Mr. Gardiner
19.0,1750.0,Undirected,1,140,,Sir William Lucas,Mr. Wickham
1750.0,1757.0,Undirected,1,140,,Mr. Wickham,Mrs. Gardiner
897.0,1716.0,Undirected,1,140,,Mrs. Bennet,Young Lucas
22.0,1717.0,Undirected,1,140,,Lucas brothers,Mrs. Philips
902.0,1712.0,Undirected,1,140,,Lady Lucas,Mr. Darcy
28.0,1712.0,Undirected,1,140,,Officers (at Meryton),Mr. Darcy
1712.0,1757.0,Undirected,1,141,,Mr. Darcy,Mrs. Gardiner
1757.0,1750.0,Undirected,1,141,,Mrs. Gardiner,Mr. Wickham
1712.0,1750.0,Undirected,1,141,,Mr. Darcy,Mr. Wickham
1750.0,1757.0,Undirected,1,142,,Mr. Wickham,Mrs. Gardiner
1712.0,1757.0,Undirected,1,142,,Mr. Darcy,Mrs. Gardiner
903.0,1750.0,Undirected,1,142,,Elizabeth Bennet,Mr. Wickham
896.0,1712.0,Undirected,1,142,,Mr. Bennet,Mr. Darcy
896.0,903.0,Undirected,1,142,,Mr. Bennet,Elizabeth Bennet
896.0,1757.0,Undirected,1,142,,Mr. Bennet,Mrs. Gardiner
903.0,1757.0,Undirected,1,142,,Elizabeth Bennet,Mrs. Gardiner
1712.0,1750.0,Undirected,1,142,,Mr. Darcy,Mr. Wickham
896.0,1750.0,Undirected,1,142,,Mr. Bennet,Mr. Wickham
903.0,1712.0,Undirected,1,142,,Elizabeth Bennet,Mr. Darcy
903.0,1759.0,Undirected,1,143,,Elizabeth Bennet,Maria Lucas
1715.0,1750.0,Undirected,1,143,,Charlotte Lucas,Mr. Wickham
1716.0,1757.0,Undirected,1,143,,Young Lucas,Mrs. Gardiner
903.0,1716.0,Undirected,1,143,,Elizabeth Bennet,Young Lucas
896.0,904.0,Undirected,1,143,,Mr. Bennet,Jane Bennet
903.0,22.0,Undirected,1,143,,Elizabeth Bennet,Lucas brothers
902.0,22.0,Undirected,1,143,,Lady Lucas,Lucas brothers
904.0,19.0,Undirected,1,143,,Jane Bennet,Sir William Lucas
902.0,1751.0,Undirected,1,143,,Lady Lucas,Mr. Collins
897.0,903.0,Undirected,1,143,,Mrs. Bennet,Elizabeth Bennet
902.0,19.0,Undirected,1,143,,Lady Lucas,Sir William Lucas
904.0,1715.0,Undirected,1,143,,Jane Bennet,Charlotte Lucas
904.0,1757.0,Undirected,1,143,,Jane Bennet,Mrs. Gardiner
1715.0,1759.0,Undirected,1,143,,Charlotte Lucas,Maria Lucas
896.0,902.0,Undirected,1,143,,Mr. Bennet,Lady Lucas
896.0,1716.0,Undirected,1,143,,Mr. Bennet,Young Lucas
1715.0,1751.0,Undirected,1,143,,Charlotte Lucas,Mr. Collins
19.0,1759.0,Undirected,1,143,,Sir William Lucas,Maria Lucas
19.0,1750.0,Undirected,1,143,,Sir William Lucas,Mr. Wickham
19.0,1716.0,Undirected,1,143,,Sir William Lucas,Young Lucas
896.0,903.0,Undirected,1,143,,Mr. Bennet,Elizabeth Bennet
1716.0,22.0,Undirected,1,143,,Young Lucas,Lucas brothers
19.0,22.0,Undirected,1,143,,Sir William Lucas,Lucas brothers
1716.0,1750.0,Undirected,1,143,,Young Lucas,Mr. Wickham
904.0,1750.0,Undirected,1,143,,Jane Bennet,Mr. Wickham
903.0,1715.0,Undirected,1,143,,Elizabeth Bennet,Charlotte Lucas
904.0,1759.0,Undirected,1,143,,Jane Bennet,Maria Lucas
19.0,1757.0,Undirected,1,143,,Sir William Lucas,Mrs. Gardiner
22.0,1750.0,Undirected,1,143,,Lucas brothers,Mr. Wickham
902.0,1716.0,Undirected,1,143,,Lady Lucas,Young Lucas
1715.0,1757.0,Undirected,1,143,,Charlotte Lucas,Mrs. Gardiner
902.0,904.0,Undirected,1,143,,Lady Lucas,Jane Bennet
896.0,1757.0,Undirected,1,143,,Mr. Bennet,Mrs. Gardiner
22.0,1757.0,Undirected,1,143,,Lucas brothers,Mrs. Gardiner
896.0,1759.0,Undirected,1,143,,Mr. Bennet,Maria Lucas
896.0,1750.0,Undirected,1,143,,Mr. Bennet,Mr. Wickham
19.0,1715.0,Undirected,1,143,,Sir William Lucas,Charlotte Lucas
1750.0,1759.0,Undirected,1,143,,Mr. Wickham,Maria Lucas
903.0,19.0,Undirected,1,143,,Elizabeth Bennet,Sir William Lucas
902.0,903.0,Undirected,1,143,,Lady Lucas,Elizabeth Bennet
897.0,904.0,Undirected,1,143,,Mrs. Bennet,Jane Bennet
897.0,22.0,Undirected,1,143,,Mrs. Bennet,Lucas brothers
897.0,902.0,Undirected,1,143,,Mrs. Bennet,Lady Lucas
897.0,1750.0,Undirected,1,143,,Mrs. Bennet,Mr. Wickham
897.0,1759.0,Undirected,1,143,,Mrs. Bennet,Maria Lucas
1750.0,1757.0,Undirected,1,143,,Mr. Wickham,Mrs. Gardiner
903.0,1757.0,Undirected,1,143,,Elizabeth Bennet,Mrs. Gardiner
896.0,22.0,Undirected,1,143,,Mr. Bennet,Lucas brothers
897.0,1751.0,Undirected,1,143,,Mrs. Bennet,Mr. Collins
1715.0,22.0,Undirected,1,143,,Charlotte Lucas,Lucas brothers
896.0,1751.0,Undirected,1,143,,Mr. Bennet,Mr. Collins
22.0,1751.0,Undirected,1,143,,Lucas brothers,Mr. Collins
904.0,22.0,Undirected,1,143,,Jane Bennet,Lucas brothers
22.0,1759.0,Undirected,1,143,,Lucas brothers,Maria Lucas
1715.0,1716.0,Undirected,1,143,,Charlotte Lucas,Young Lucas
1751.0,1759.0,Undirected,1,143,,Mr. Collins,Maria Lucas
1751.0,1750.0,Undirected,1,143,,Mr. Collins,Mr. Wickham
903.0,1751.0,Undirected,1,143,,Elizabeth Bennet,Mr. Collins
902.0,1759.0,Undirected,1,143,,Lady Lucas,Maria Lucas
902.0,1750.0,Undirected,1,143,,Lady Lucas,Mr. Wickham
1751.0,1757.0,Undirected,1,143,,Mr. Collins,Mrs. Gardiner
896.0,897.0,Undirected,1,143,,Mr. Bennet,Mrs. Bennet
902.0,1715.0,Undirected,1,143,,Lady Lucas,Charlotte Lucas
904.0,1751.0,Undirected,1,143,,Jane Bennet,Mr. Collins
896.0,1715.0,Undirected,1,143,,Mr. Bennet,Charlotte Lucas
897.0,1716.0,Undirected,1,143,,Mrs. Bennet,Young Lucas
19.0,1751.0,Undirected,1,143,,Sir William Lucas,Mr. Collins
1716.0,1751.0,Undirected,1,143,,Young Lucas,Mr. Collins
897.0,1757.0,Undirected,1,143,,Mrs. Bennet,Mrs. Gardiner
903.0,904.0,Undirected,1,143,,Elizabeth Bennet,Jane Bennet
904.0,1716.0,Undirected,1,143,,Jane Bennet,Young Lucas
896.0,19.0,Undirected,1,143,,Mr. Bennet,Sir William Lucas
902.0,1757.0,Undirected,1,143,,Lady Lucas,Mrs. Gardiner
897.0,19.0,Undirected,1,143,,Mrs. Bennet,Sir William Lucas
1757.0,1759.0,Undirected,1,143,,Mrs. Gardiner,Maria Lucas
897.0,1715.0,Undirected,1,143,,Mrs. Bennet,Charlotte Lucas
1716.0,1759.0,Undirected,1,143,,Young Lucas,Maria Lucas
903.0,1750.0,Undirected,1,143,,Elizabeth Bennet,Mr. Wickham
1751.0,1759.0,Undirected,1,144,,Mr. Collins,Maria Lucas
19.0,1759.0,Undirected,1,144,,Sir William Lucas,Maria Lucas
904.0,1759.0,Undirected,1,144,,Jane Bennet,Maria Lucas
1715.0,1752.0,Undirected,1,144,,Charlotte Lucas,Lady Catherine de Bourgh
899.0,903.0,Undirected,1,144,,Mr. Bingley,Elizabeth Bennet
899.0,1751.0,Undirected,1,144,,Mr. Bingley,Mr. Collins
903.0,1715.0,Undirected,1,144,,Elizabeth Bennet,Charlotte Lucas
1715.0,19.0,Undirected,1,144,,Charlotte Lucas,Sir William Lucas
1715.0,1759.0,Undirected,1,144,,Charlotte Lucas,Maria Lucas
899.0,904.0,Undirected,1,144,,Mr. Bingley,Jane Bennet
1713.0,1751.0,Undirected,1,144,,Miss Bingley,Mr. Collins
903.0,1751.0,Undirected,1,144,,Elizabeth Bennet,Mr. Collins
903.0,1759.0,Undirected,1,144,,Elizabeth Bennet,Maria Lucas
1713.0,1759.0,Undirected,1,144,,Miss Bingley,Maria Lucas
1751.0,1752.0,Undirected,1,144,,Mr. Collins,Lady Catherine de Bourgh
899.0,1759.0,Undirected,1,144,,Mr. Bingley,Maria Lucas
1715.0,1751.0,Undirected,1,144,,Charlotte Lucas,Mr. Collins
904.0,1713.0,Undirected,1,144,,Jane Bennet,Miss Bingley
899.0,1715.0,Undirected,1,144,,Mr. Bingley,Charlotte Lucas
19.0,1751.0,Undirected,1,144,,Sir William Lucas,Mr. Collins
903.0,1752.0,Undirected,1,144,,Elizabeth Bennet,Lady Catherine de Bourgh
903.0,1713.0,Undirected,1,144,,Elizabeth Bennet,Miss Bingley
903.0,19.0,Undirected,1,144,,Elizabeth Bennet,Sir William Lucas
19.0,1752.0,Undirected,1,144,,Sir William Lucas,Lady Catherine de Bourgh
904.0,19.0,Undirected,1,144,,Jane Bennet,Sir William Lucas
1752.0,1759.0,Undirected,1,144,,Lady Catherine de Bourgh,Maria Lucas
1713.0,1715.0,Undirected,1,144,,Miss Bingley,Charlotte Lucas
904.0,1752.0,Undirected,1,144,,Jane Bennet,Lady Catherine de Bourgh
1713.0,1752.0,Undirected,1,144,,Miss Bingley,Lady Catherine de Bourgh
904.0,1751.0,Undirected,1,144,,Jane Bennet,Mr. Collins
1713.0,19.0,Undirected,1,144,,Miss Bingley,Sir William Lucas
903.0,904.0,Undirected,1,144,,Elizabeth Bennet,Jane Bennet
899.0,1752.0,Undirected,1,144,,Mr. Bingley,Lady Catherine de Bourgh
899.0,19.0,Undirected,1,144,,Mr. Bingley,Sir William Lucas
899.0,1713.0,Undirected,1,144,,Mr. Bingley,Miss Bingley
904.0,1715.0,Undirected,1,144,,Jane Bennet,Charlotte Lucas
904.0,1757.0,Undirected,1,145,,Jane Bennet,Mrs. Gardiner
1747.0,1757.0,Undirected,1,145,,Miss Darcy,Mrs. Gardiner
899.0,1757.0,Undirected,1,145,,Mr. Bingley,Mrs. Gardiner
1711.0,1747.0,Undirected,1,145,,Mrs. Hurst,Miss Darcy
903.0,1713.0,Undirected,1,145,,Elizabeth Bennet,Miss Bingley
903.0,1757.0,Undirected,1,145,,Elizabeth Bennet,Mrs. Gardiner
899.0,904.0,Undirected,1,145,,Mr. Bingley,Jane Bennet
1711.0,1713.0,Undirected,1,145,,Mrs. Hurst,Miss Bingley
899.0,1712.0,Undirected,1,145,,Mr. Bingley,Mr. Darcy
1713.0,1757.0,Undirected,1,145,,Miss Bingley,Mrs. Gardiner
903.0,1747.0,Undirected,1,145,,Elizabeth Bennet,Miss Darcy
899.0,1713.0,Undirected,1,145,,Mr. Bingley,Miss Bingley
1712.0,1713.0,Undirected,1,145,,Mr. Darcy,Miss Bingley
899.0,1711.0,Undirected,1,145,,Mr. Bingley,Mrs. Hurst
1711.0,1712.0,Undirected,1,145,,Mrs. Hurst,Mr. Darcy
904.0,1711.0,Undirected,1,145,,Jane Bennet,Mrs. Hurst
1713.0,1747.0,Undirected,1,145,,Miss Bingley,Miss Darcy
899.0,1747.0,Undirected,1,145,,Mr. Bingley,Miss Darcy
903.0,1712.0,Undirected,1,145,,Elizabeth Bennet,Mr. Darcy
904.0,1747.0,Undirected,1,145,,Jane Bennet,Miss Darcy
899.0,903.0,Undirected,1,145,,Mr. Bingley,Elizabeth Bennet
1711.0,1757.0,Undirected,1,145,,Mrs. Hurst,Mrs. Gardiner
1712.0,1747.0,Undirected,1,145,,Mr. Darcy,Miss Darcy
903.0,1711.0,Undirected,1,145,,Elizabeth Bennet,Mrs. Hurst
904.0,1712.0,Undirected,1,145,,Jane Bennet,Mr. Darcy
904.0,1713.0,Undirected,1,145,,Jane Bennet,Miss Bingley
1712.0,1757.0,Undirected,1,145,,Mr. Darcy,Mrs. Gardiner
903.0,904.0,Undirected,1,145,,Elizabeth Bennet,Jane Bennet
904.0,1759.0,Undirected,1,146,,Jane Bennet,Maria Lucas
1757.0,1759.0,Undirected,1,146,,Mrs. Gardiner,Maria Lucas
1747.0,1759.0,Undirected,1,146,,Miss Darcy,Maria Lucas
904.0,1747.0,Undirected,1,146,,Jane Bennet,Miss Darcy
1713.0,1751.0,Undirected,1,146,,Miss Bingley,Mr. Collins
1713.0,1757.0,Undirected,1,146,,Miss Bingley,Mrs. Gardiner
1715.0,1759.0,Undirected,1,146,,Charlotte Lucas,Maria Lucas
1747.0,1715.0,Undirected,1,146,,Miss Darcy,Charlotte Lucas
904.0,19.0,Undirected,1,146,,Jane Bennet,Sir William Lucas
899.0,1757.0,Undirected,1,146,,Mr. Bingley,Mrs. Gardiner
904.0,1756.0,Undirected,1,146,,Jane Bennet,Mr. Gardiner
899.0,1756.0,Undirected,1,146,,Mr. Bingley,Mr. Gardiner
904.0,1713.0,Undirected,1,146,,Jane Bennet,Miss Bingley
904.0,1715.0,Undirected,1,146,,Jane Bennet,Charlotte Lucas
1715.0,1751.0,Undirected,1,146,,Charlotte Lucas,Mr. Collins
1713.0,19.0,Undirected,1,146,,Miss Bingley,Sir William Lucas
903.0,904.0,Undirected,1,146,,Elizabeth Bennet,Jane Bennet
903.0,1715.0,Undirected,1,146,,Elizabeth Bennet,Charlotte Lucas
1715.0,1757.0,Undirected,1,146,,Charlotte Lucas,Mrs. Gardiner
1713.0,1747.0,Undirected,1,146,,Miss Bingley,Miss Darcy
1715.0,1756.0,Undirected,1,146,,Charlotte Lucas,Mr. Gardiner
1747.0,19.0,Undirected,1,146,,Miss Darcy,Sir William Lucas
903.0,1756.0,Undirected,1,146,,Elizabeth Bennet,Mr. Gardiner
903.0,1757.0,Undirected,1,146,,Elizabeth Bennet,Mrs. Gardiner
903.0,1751.0,Undirected,1,146,,Elizabeth Bennet,Mr. Collins
1747.0,1756.0,Undirected,1,146,,Miss Darcy,Mr. Gardiner
1756.0,1759.0,Undirected,1,146,,Mr. Gardiner,Maria Lucas
899.0,1751.0,Undirected,1,146,,Mr. Bingley,Mr. Collins
899.0,903.0,Undirected,1,146,,Mr. Bingley,Elizabeth Bennet
899.0,1747.0,Undirected,1,146,,Mr. Bingley,Miss Darcy
899.0,1713.0,Undirected,1,146,,Mr. Bingley,Miss Bingley
903.0,1759.0,Undirected,1,146,,Elizabeth Bennet,Maria Lucas
1713.0,1756.0,Undirected,1,146,,Miss Bingley,Mr. Gardiner
899.0,1759.0,Undirected,1,146,,Mr. Bingley,Maria Lucas
19.0,1759.0,Undirected,1,146,,Sir William Lucas,Maria Lucas
1751.0,1759.0,Undirected,1,146,,Mr. Collins,Maria Lucas
1751.0,1756.0,Undirected,1,146,,Mr. Collins,Mr. Gardiner
19.0,1756.0,Undirected,1,146,,Sir William Lucas,Mr. Gardiner
903.0,19.0,Undirected,1,146,,Elizabeth Bennet,Sir William Lucas
19.0,1757.0,Undirected,1,146,,Sir William Lucas,Mrs. Gardiner
19.0,1751.0,Undirected,1,146,,Sir William Lucas,Mr. Collins
899.0,1715.0,Undirected,1,146,,Mr. Bingley,Charlotte Lucas
904.0,1757.0,Undirected,1,146,,Jane Bennet,Mrs. Gardiner
904.0,1751.0,Undirected,1,146,,Jane Bennet,Mr. Collins
19.0,1715.0,Undirected,1,146,,Sir William Lucas,Charlotte Lucas
903.0,1713.0,Undirected,1,146,,Elizabeth Bennet,Miss Bingley
1747.0,1751.0,Undirected,1,146,,Miss Darcy,Mr. Collins
899.0,904.0,Undirected,1,146,,Mr. Bingley,Jane Bennet
1756.0,1757.0,Undirected,1,146,,Mr. Gardiner,Mrs. Gardiner
1747.0,1757.0,Undirected,1,146,,Miss Darcy,Mrs. Gardiner
1713.0,1759.0,Undirected,1,146,,Miss Bingley,Maria Lucas
899.0,19.0,Undirected,1,146,,Mr. Bingley,Sir William Lucas
1713.0,1715.0,Undirected,1,146,,Miss Bingley,Charlotte Lucas
903.0,1747.0,Undirected,1,146,,Elizabeth Bennet,Miss Darcy
1751.0,1757.0,Undirected,1,146,,Mr. Collins,Mrs. Gardiner
899.0,1758.0,Undirected,1,147,,Mr. Bingley,Miss King
899.0,1750.0,Undirected,1,147,,Mr. Bingley,Mr. Wickham
903.0,1757.0,Undirected,1,147,,Elizabeth Bennet,Mrs. Gardiner
905.0,1750.0,Undirected,1,147,,Lydia Bennet,Mr. Wickham
1715.0,1758.0,Undirected,1,147,,Charlotte Lucas,Miss King
899.0,907.0,Undirected,1,147,,Mr. Bingley,Kitty Bennet
1757.0,1758.0,Undirected,1,147,,Mrs. Gardiner,Miss King
1750.0,1758.0,Undirected,1,147,,Mr. Wickham,Miss King
903.0,1715.0,Undirected,1,147,,Elizabeth Bennet,Charlotte Lucas
1750.0,1757.0,Undirected,1,147,,Mr. Wickham,Mrs. Gardiner
905.0,1758.0,Undirected,1,147,,Lydia Bennet,Miss King
903.0,907.0,Undirected,1,147,,Elizabeth Bennet,Kitty Bennet
899.0,905.0,Undirected,1,147,,Mr. Bingley,Lydia Bennet
907.0,1715.0,Undirected,1,147,,Kitty Bennet,Charlotte Lucas
905.0,907.0,Undirected,1,147,,Lydia Bennet,Kitty Bennet
907.0,1758.0,Undirected,1,147,,Kitty Bennet,Miss King
904.0,1747.0,Undirected,1,147,,Jane Bennet,Miss Darcy
899.0,1757.0,Undirected,1,147,,Mr. Bingley,Mrs. Gardiner
904.0,905.0,Undirected,1,147,,Jane Bennet,Lydia Bennet
899.0,903.0,Undirected,1,147,,Mr. Bingley,Elizabeth Bennet
903.0,904.0,Undirected,1,147,,Elizabeth Bennet,Jane Bennet
904.0,1715.0,Undirected,1,147,,Jane Bennet,Charlotte Lucas
905.0,1747.0,Undirected,1,147,,Lydia Bennet,Miss Darcy
1747.0,1715.0,Undirected,1,147,,Miss Darcy,Charlotte Lucas
907.0,1750.0,Undirected,1,147,,Kitty Bennet,Mr. Wickham
899.0,904.0,Undirected,1,147,,Mr. Bingley,Jane Bennet
907.0,1747.0,Undirected,1,147,,Kitty Bennet,Miss Darcy
903.0,1758.0,Undirected,1,147,,Elizabeth Bennet,Miss King
1715.0,1750.0,Undirected,1,147,,Charlotte Lucas,Mr. Wickham
1747.0,1750.0,Undirected,1,147,,Miss Darcy,Mr. Wickham
904.0,1750.0,Undirected,1,147,,Jane Bennet,Mr. Wickham
905.0,1715.0,Undirected,1,147,,Lydia Bennet,Charlotte Lucas
904.0,1758.0,Undirected,1,147,,Jane Bennet,Miss King
1747.0,1758.0,Undirected,1,147,,Miss Darcy,Miss King
1747.0,1757.0,Undirected,1,147,,Miss Darcy,Mrs. Gardiner
905.0,1757.0,Undirected,1,147,,Lydia Bennet,Mrs. Gardiner
899.0,1747.0,Undirected,1,147,,Mr. Bingley,Miss Darcy
1715.0,1757.0,Undirected,1,147,,Charlotte Lucas,Mrs. Gardiner
903.0,1747.0,Undirected,1,147,,Elizabeth Bennet,Miss Darcy
907.0,1757.0,Undirected,1,147,,Kitty Bennet,Mrs. Gardiner
904.0,907.0,Undirected,1,147,,Jane Bennet,Kitty Bennet
904.0,1757.0,Undirected,1,147,,Jane Bennet,Mrs. Gardiner
899.0,1715.0,Undirected,1,147,,Mr. Bingley,Charlotte Lucas
903.0,905.0,Undirected,1,147,,Elizabeth Bennet,Lydia Bennet
903.0,1750.0,Undirected,1,147,,Elizabeth Bennet,Mr. Wickham
1757.0,903.0,Undirected,1,148,,Mrs. Gardiner,Elizabeth Bennet
906.0,1759.0,Undirected,1,149,,Mary Bennet,Maria Lucas
906.0,19.0,Undirected,1,149,,Mary Bennet,Sir William Lucas
896.0,904.0,Undirected,1,149,,Mr. Bennet,Jane Bennet
905.0,907.0,Undirected,1,149,,Lydia Bennet,Kitty Bennet
904.0,1715.0,Undirected,1,149,,Jane Bennet,Charlotte Lucas
904.0,19.0,Undirected,1,149,,Jane Bennet,Sir William Lucas
903.0,1715.0,Undirected,1,149,,Elizabeth Bennet,Charlotte Lucas
19.0,1751.0,Undirected,1,149,,Sir William Lucas,Mr. Collins
907.0,1759.0,Undirected,1,149,,Kitty Bennet,Maria Lucas
905.0,1759.0,Undirected,1,149,,Lydia Bennet,Maria Lucas
904.0,906.0,Undirected,1,149,,Jane Bennet,Mary Bennet
19.0,1715.0,Undirected,1,149,,Sir William Lucas,Charlotte Lucas
897.0,904.0,Undirected,1,149,,Mrs. Bennet,Jane Bennet
1715.0,1750.0,Undirected,1,149,,Charlotte Lucas,Mr. Wickham
903.0,904.0,Undirected,1,149,,Elizabeth Bennet,Jane Bennet
897.0,905.0,Undirected,1,149,,Mrs. Bennet,Lydia Bennet
896.0,905.0,Undirected,1,149,,Mr. Bennet,Lydia Bennet
896.0,906.0,Undirected,1,149,,Mr. Bennet,Mary Bennet
896.0,1750.0,Undirected,1,149,,Mr. Bennet,Mr. Wickham
1715.0,1751.0,Undirected,1,149,,Charlotte Lucas,Mr. Collins
897.0,907.0,Undirected,1,149,,Mrs. Bennet,Kitty Bennet
905.0,1750.0,Undirected,1,149,,Lydia Bennet,Mr. Wickham
904.0,905.0,Undirected,1,149,,Jane Bennet,Lydia Bennet
906.0,1715.0,Undirected,1,149,,Mary Bennet,Charlotte Lucas
904.0,1750.0,Undirected,1,149,,Jane Bennet,Mr. Wickham
905.0,1715.0,Undirected,1,149,,Lydia Bennet,Charlotte Lucas
896.0,1715.0,Undirected,1,149,,Mr. Bennet,Charlotte Lucas
903.0,1751.0,Undirected,1,149,,Elizabeth Bennet,Mr. Collins
904.0,1759.0,Undirected,1,149,,Jane Bennet,Maria Lucas
906.0,1750.0,Undirected,1,149,,Mary Bennet,Mr. Wickham
907.0,1715.0,Undirected,1,149,,Kitty Bennet,Charlotte Lucas
897.0,903.0,Undirected,1,149,,Mrs. Bennet,Elizabeth Bennet
905.0,19.0,Undirected,1,149,,Lydia Bennet,Sir William Lucas
903.0,907.0,Undirected,1,149,,Elizabeth Bennet,Kitty Bennet
907.0,1751.0,Undirected,1,149,,Kitty Bennet,Mr. Collins
897.0,1759.0,Undirected,1,149,,Mrs. Bennet,Maria Lucas
896.0,1751.0,Undirected,1,149,,Mr. Bennet,Mr. Collins
905.0,1751.0,Undirected,1,149,,Lydia Bennet,Mr. Collins
897.0,1750.0,Undirected,1,149,,Mrs. Bennet,Mr. Wickham
896.0,903.0,Undirected,1,149,,Mr. Bennet,Elizabeth Bennet
897.0,906.0,Undirected,1,149,,Mrs. Bennet,Mary Bennet
1715.0,1759.0,Undirected,1,149,,Charlotte Lucas,Maria Lucas
896.0,19.0,Undirected,1,149,,Mr. Bennet,Sir William Lucas
897.0,1751.0,Undirected,1,149,,Mrs. Bennet,Mr. Collins
896.0,1759.0,Undirected,1,149,,Mr. Bennet,Maria Lucas
896.0,907.0,Undirected,1,149,,Mr. Bennet,Kitty Bennet
904.0,907.0,Undirected,1,149,,Jane Bennet,Kitty Bennet
903.0,905.0,Undirected,1,149,,Elizabeth Bennet,Lydia Bennet
903.0,1750.0,Undirected,1,149,,Elizabeth Bennet,Mr. Wickham
906.0,907.0,Undirected,1,149,,Mary Bennet,Kitty Bennet
1750.0,1751.0,Undirected,1,149,,Mr. Wickham,Mr. Collins
903.0,1759.0,Undirected,1,149,,Elizabeth Bennet,Maria Lucas
907.0,19.0,Undirected,1,149,,Kitty Bennet,Sir William Lucas
903.0,906.0,Undirected,1,149,,Elizabeth Bennet,Mary Bennet
1750.0,1759.0,Undirected,1,149,,Mr. Wickham,Maria Lucas
903.0,19.0,Undirected,1,149,,Elizabeth Bennet,Sir William Lucas
906.0,1751.0,Undirected,1,149,,Mary Bennet,Mr. Collins
907.0,1750.0,Undirected,1,149,,Kitty Bennet,Mr. Wickham
1751.0,1759.0,Undirected,1,149,,Mr. Collins,Maria Lucas
905.0,906.0,Undirected,1,149,,Lydia Bennet,Mary Bennet
904.0,1751.0,Undirected,1,149,,Jane Bennet,Mr. Collins
897.0,1715.0,Undirected,1,149,,Mrs. Bennet,Charlotte Lucas
19.0,1750.0,Undirected,1,149,,Sir William Lucas,Mr. Wickham
897.0,19.0,Undirected,1,149,,Mrs. Bennet,Sir William Lucas
19.0,1759.0,Undirected,1,149,,Sir William Lucas,Maria Lucas
896.0,897.0,Undirected,1,149,,Mr. Bennet,Mrs. Bennet
32.0,1750.0,Undirected,1,150,,Gardiner children,Mr. Wickham
903.0,1713.0,Undirected,1,150,,Elizabeth Bennet,Miss Bingley
1752.0,1757.0,Undirected,1,150,,Lady Catherine de Bourgh,Mrs. Gardiner
904.0,19.0,Undirected,1,150,,Jane Bennet,Sir William Lucas
32.0,904.0,Undirected,1,150,,Gardiner children,Jane Bennet
1752.0,1759.0,Undirected,1,150,,Lady Catherine de Bourgh,Maria Lucas
32.0,903.0,Undirected,1,150,,Gardiner children,Elizabeth Bennet
904.0,1713.0,Undirected,1,150,,Jane Bennet,Miss Bingley
903.0,1750.0,Undirected,1,150,,Elizabeth Bennet,Mr. Wickham
32.0,1757.0,Undirected,1,150,,Gardiner children,Mrs. Gardiner
904.0,1752.0,Undirected,1,150,,Jane Bennet,Lady Catherine de Bourgh
1713.0,1750.0,Undirected,1,150,,Miss Bingley,Mr. Wickham
19.0,1757.0,Undirected,1,150,,Sir William Lucas,Mrs. Gardiner
1756.0,1759.0,Undirected,1,150,,Mr. Gardiner,Maria Lucas
1757.0,1759.0,Undirected,1,150,,Mrs. Gardiner,Maria Lucas
32.0,19.0,Undirected,1,150,,Gardiner children,Sir William Lucas
32.0,1752.0,Undirected,1,150,,Gardiner children,Lady Catherine de Bourgh
19.0,1752.0,Undirected,1,150,,Sir William Lucas,Lady Catherine de Bourgh
32.0,1713.0,Undirected,1,150,,Gardiner children,Miss Bingley
1750.0,1756.0,Undirected,1,150,,Mr. Wickham,Mr. Gardiner
903.0,19.0,Undirected,1,150,,Elizabeth Bennet,Sir William Lucas
1756.0,1757.0,Undirected,1,150,,Mr. Gardiner,Mrs. Gardiner
903.0,1759.0,Undirected,1,150,,Elizabeth Bennet,Maria Lucas
1750.0,1757.0,Undirected,1,150,,Mr. Wickham,Mrs. Gardiner
1713.0,1756.0,Undirected,1,150,,Miss Bingley,Mr. Gardiner
1713.0,1759.0,Undirected,1,150,,Miss Bingley,Maria Lucas
903.0,1756.0,Undirected,1,150,,Elizabeth Bennet,Mr. Gardiner
32.0,1756.0,Undirected,1,150,,Gardiner children,Mr. Gardiner
19.0,1759.0,Undirected,1,150,,Sir William Lucas,Maria Lucas
1750.0,1759.0,Undirected,1,150,,Mr. Wickham,Maria Lucas
19.0,1756.0,Undirected,1,150,,Sir William Lucas,Mr. Gardiner
32.0,1759.0,Undirected,1,150,,Gardiner children,Maria Lucas
904.0,1750.0,Undirected,1,150,,Jane Bennet,Mr. Wickham
1713.0,1757.0,Undirected,1,150,,Miss Bingley,Mrs. Gardiner
1750.0,1752.0,Undirected,1,150,,Mr. Wickham,Lady Catherine de Bourgh
904.0,1759.0,Undirected,1,150,,Jane Bennet,Maria Lucas
903.0,1757.0,Undirected,1,150,,Elizabeth Bennet,Mrs. Gardiner
904.0,1756.0,Undirected,1,150,,Jane Bennet,Mr. Gardiner
19.0,1750.0,Undirected,1,150,,Sir William Lucas,Mr. Wickham
903.0,904.0,Undirected,1,150,,Elizabeth Bennet,Jane Bennet
1713.0,1752.0,Undirected,1,150,,Miss Bingley,Lady Catherine de Bourgh
903.0,1752.0,Undirected,1,150,,Elizabeth Bennet,Lady Catherine de Bourgh
1713.0,19.0,Undirected,1,150,,Miss Bingley,Sir William Lucas
904.0,1757.0,Undirected,1,150,,Jane Bennet,Mrs. Gardiner
1752.0,1756.0,Undirected,1,150,,Lady Catherine de Bourgh,Mr. Gardiner
89.0,1756.0,Undirected,1,151,,Miss King's Grandfather,Mr. Gardiner
1756.0,1757.0,Undirected,1,151,,Mr. Gardiner,Mrs. Gardiner
903.0,1757.0,Undirected,1,151,,Elizabeth Bennet,Mrs. Gardiner
1750.0,89.0,Undirected,1,151,,Mr. Wickham,Miss King's Grandfather
903.0,1750.0,Undirected,1,151,,Elizabeth Bennet,Mr. Wickham
903.0,1751.0,Undirected,1,151,,Elizabeth Bennet,Mr. Collins
903.0,1756.0,Undirected,1,151,,Elizabeth Bennet,Mr. Gardiner
1750.0,1758.0,Undirected,1,151,,Mr. Wickham,Miss King
903.0,89.0,Undirected,1,151,,Elizabeth Bennet,Miss King's Grandfather
903.0,1758.0,Undirected,1,151,,Elizabeth Bennet,Miss King
1757.0,1758.0,Undirected,1,151,,Mrs. Gardiner,Miss King
1751.0,1758.0,Undirected,1,151,,Mr. Collins,Miss King
1750.0,1757.0,Undirected,1,151,,Mr. Wickham,Mrs. Gardiner
1751.0,1757.0,Undirected,1,151,,Mr. Collins,Mrs. Gardiner
89.0,1757.0,Undirected,1,151,,Miss King's Grandfather,Mrs. Gardiner
1750.0,1751.0,Undirected,1,151,,Mr. Wickham,Mr. Collins
89.0,1758.0,Undirected,1,151,,Miss King's Grandfather,Miss King
1756.0,1758.0,Undirected,1,151,,Mr. Gardiner,Miss King
1751.0,89.0,Undirected,1,151,,Mr. Collins,Miss King's Grandfather
1750.0,1756.0,Undirected,1,151,,Mr. Wickham,Mr. Gardiner
1751.0,1756.0,Undirected,1,151,,Mr. Collins,Mr. Gardiner
1751.0,903.0,Undirected,1,152,,Mr. Collins,Elizabeth Bennet
1757.0,903.0,Undirected,1,152,,Mrs. Gardiner,Elizabeth Bennet
1751.0,1757.0,Undirected,1,152,,Mr. Collins,Mrs. Gardiner
904.0,1715.0,Undirected,1,153,,Jane Bennet,Charlotte Lucas
907.0,1751.0,Undirected,1,153,,Kitty Bennet,Mr. Collins
896.0,905.0,Undirected,1,153,,Mr. Bennet,Lydia Bennet
896.0,1751.0,Undirected,1,153,,Mr. Bennet,Mr. Collins
905.0,1751.0,Undirected,1,153,,Lydia Bennet,Mr. Collins
897.0,904.0,Undirected,1,153,,Mrs. Bennet,Jane Bennet
33.0,1751.0,Undirected,1,153,,Miss de Bourgh,Mr. Collins
1715.0,1752.0,Undirected,1,153,,Charlotte Lucas,Lady Catherine de Bourgh
897.0,1751.0,Undirected,1,153,,Mrs. Bennet,Mr. Collins
907.0,1752.0,Undirected,1,153,,Kitty Bennet,Lady Catherine de Bourgh
903.0,906.0,Undirected,1,153,,Elizabeth Bennet,Mary Bennet
904.0,905.0,Undirected,1,153,,Jane Bennet,Lydia Bennet
905.0,1715.0,Undirected,1,153,,Lydia Bennet,Charlotte Lucas
896.0,1752.0,Undirected,1,153,,Mr. Bennet,Lady Catherine de Bourgh
904.0,907.0,Undirected,1,153,,Jane Bennet,Kitty Bennet
903.0,905.0,Undirected,1,153,,Elizabeth Bennet,Lydia Bennet
904.0,1752.0,Undirected,1,153,,Jane Bennet,Lady Catherine de Bourgh
896.0,33.0,Undirected,1,153,,Mr. Bennet,Miss de Bourgh
906.0,907.0,Undirected,1,153,,Mary Bennet,Kitty Bennet
906.0,1752.0,Undirected,1,153,,Mary Bennet,Lady Catherine de Bourgh
1751.0,1752.0,Undirected,1,153,,Mr. Collins,Lady Catherine de Bourgh
33.0,903.0,Undirected,1,153,,Miss de Bourgh,Elizabeth Bennet
33.0,906.0,Undirected,1,153,,Miss de Bourgh,Mary Bennet
897.0,906.0,Undirected,1,153,,Mrs. Bennet,Mary Bennet
897.0,1752.0,Undirected,1,153,,Mrs. Bennet,Lady Catherine de Bourgh
33.0,1715.0,Undirected,1,153,,Miss de Bourgh,Charlotte Lucas
897.0,905.0,Undirected,1,153,,Mrs. Bennet,Lydia Bennet
896.0,903.0,Undirected,1,153,,Mr. Bennet,Elizabeth Bennet
896.0,906.0,Undirected,1,153,,Mr. Bennet,Mary Bennet
906.0,1715.0,Undirected,1,153,,Mary Bennet,Charlotte Lucas
903.0,1751.0,Undirected,1,153,,Elizabeth Bennet,Mr. Collins
896.0,1715.0,Undirected,1,153,,Mr. Bennet,Charlotte Lucas
33.0,904.0,Undirected,1,153,,Miss de Bourgh,Jane Bennet
907.0,1715.0,Undirected,1,153,,Kitty Bennet,Charlotte Lucas
33.0,907.0,Undirected,1,153,,Miss de Bourgh,Kitty Bennet
33.0,1752.0,Undirected,1,153,,Miss de Bourgh,Lady Catherine de Bourgh
896.0,897.0,Undirected,1,153,,Mr. Bennet,Mrs. Bennet
905.0,906.0,Undirected,1,153,,Lydia Bennet,Mary Bennet
1715.0,1751.0,Undirected,1,153,,Charlotte Lucas,Mr. Collins
904.0,906.0,Undirected,1,153,,Jane Bennet,Mary Bennet
897.0,33.0,Undirected,1,153,,Mrs. Bennet,Miss de Bourgh
906.0,1751.0,Undirected,1,153,,Mary Bennet,Mr. Collins
903.0,1752.0,Undirected,1,153,,Elizabeth Bennet,Lady Catherine de Bourgh
903.0,904.0,Undirected,1,153,,Elizabeth Bennet,Jane Bennet
904.0,1751.0,Undirected,1,153,,Jane Bennet,Mr. Collins
897.0,1715.0,Undirected,1,153,,Mrs. Bennet,Charlotte Lucas
896.0,907.0,Undirected,1,153,,Mr. Bennet,Kitty Bennet
903.0,907.0,Undirected,1,153,,Elizabeth Bennet,Kitty Bennet
903.0,1715.0,Undirected,1,153,,Elizabeth Bennet,Charlotte Lucas
897.0,907.0,Undirected,1,153,,Mrs. Bennet,Kitty Bennet
896.0,904.0,Undirected,1,153,,Mr. Bennet,Jane Bennet
905.0,907.0,Undirected,1,153,,Lydia Bennet,Kitty Bennet
897.0,903.0,Undirected,1,153,,Mrs. Bennet,Elizabeth Bennet
33.0,905.0,Undirected,1,153,,Miss de Bourgh,Lydia Bennet
905.0,1752.0,Undirected,1,153,,Lydia Bennet,Lady Catherine de Bourgh
903.0,1759.0,Undirected,1,154,,Elizabeth Bennet,Maria Lucas
19.0,1759.0,Undirected,1,154,,Sir William Lucas,Maria Lucas
19.0,1751.0,Undirected,1,154,,Sir William Lucas,Mr. Collins
1751.0,1759.0,Undirected,1,154,,Mr. Collins,Maria Lucas
903.0,19.0,Undirected,1,154,,Elizabeth Bennet,Sir William Lucas
19.0,1715.0,Undirected,1,154,,Sir William Lucas,Charlotte Lucas
903.0,1715.0,Undirected,1,154,,Elizabeth Bennet,Charlotte Lucas
1715.0,1751.0,Undirected,1,154,,Charlotte Lucas,Mr. Collins
1715.0,1759.0,Undirected,1,154,,Charlotte Lucas,Maria Lucas
903.0,1751.0,Undirected,1,154,,Elizabeth Bennet,Mr. Collins
1715.0,1759.0,Undirected,1,155,,Charlotte Lucas,Maria Lucas
1752.0,1759.0,Undirected,1,155,,Lady Catherine de Bourgh,Maria Lucas
903.0,1752.0,Undirected,1,155,,Elizabeth Bennet,Lady Catherine de Bourgh
1715.0,1751.0,Undirected,1,155,,Charlotte Lucas,Mr. Collins
1751.0,1759.0,Undirected,1,155,,Mr. Collins,Maria Lucas
903.0,1715.0,Undirected,1,155,,Elizabeth Bennet,Charlotte Lucas
903.0,1751.0,Undirected,1,155,,Elizabeth Bennet,Mr. Collins
903.0,1759.0,Undirected,1,155,,Elizabeth Bennet,Maria Lucas
1751.0,1752.0,Undirected,1,155,,Mr. Collins,Lady Catherine de Bourgh
1715.0,1752.0,Undirected,1,155,,Charlotte Lucas,Lady Catherine de Bourgh
33.0,1752.0,Undirected,1,156,,Miss de Bourgh,Lady Catherine de Bourgh
1715.0,1759.0,Undirected,1,156,,Charlotte Lucas,Maria Lucas
33.0,1712.0,Undirected,1,156,,Miss de Bourgh,Mr. Darcy
1765.0,1715.0,Undirected,1,156,,Mrs. Jenkinson,Charlotte Lucas
1765.0,1751.0,Undirected,1,156,,Mrs. Jenkinson,Mr. Collins
1715.0,1752.0,Undirected,1,156,,Charlotte Lucas,Lady Catherine de Bourgh
33.0,903.0,Undirected,1,156,,Miss de Bourgh,Elizabeth Bennet
1712.0,1759.0,Undirected,1,156,,Mr. Darcy,Maria Lucas
1765.0,1752.0,Undirected,1,156,,Mrs. Jenkinson,Lady Catherine de Bourgh
19.0,1715.0,Undirected,1,156,,Sir William Lucas,Charlotte Lucas
903.0,1759.0,Undirected,1,156,,Elizabeth Bennet,Maria Lucas
1751.0,1752.0,Undirected,1,156,,Mr. Collins,Lady Catherine de Bourgh
1765.0,1712.0,Undirected,1,156,,Mrs. Jenkinson,Mr. Darcy
1712.0,1715.0,Undirected,1,156,,Mr. Darcy,Charlotte Lucas
903.0,1712.0,Undirected,1,156,,Elizabeth Bennet,Mr. Darcy
33.0,1759.0,Undirected,1,156,,Miss de Bourgh,Maria Lucas
1765.0,1759.0,Undirected,1,156,,Mrs. Jenkinson,Maria Lucas
903.0,1752.0,Undirected,1,156,,Elizabeth Bennet,Lady Catherine de Bourgh
903.0,19.0,Undirected,1,156,,Elizabeth Bennet,Sir William Lucas
1752.0,1759.0,Undirected,1,156,,Lady Catherine de Bourgh,Maria Lucas
1712.0,1751.0,Undirected,1,156,,Mr. Darcy,Mr. Collins
1715.0,1751.0,Undirected,1,156,,Charlotte Lucas,Mr. Collins
1712.0,19.0,Undirected,1,156,,Mr. Darcy,Sir William Lucas
1765.0,903.0,Undirected,1,156,,Mrs. Jenkinson,Elizabeth Bennet
19.0,1752.0,Undirected,1,156,,Sir William Lucas,Lady Catherine de Bourgh
19.0,1759.0,Undirected,1,156,,Sir William Lucas,Maria Lucas
1751.0,1759.0,Undirected,1,156,,Mr. Collins,Maria Lucas
33.0,19.0,Undirected,1,156,,Miss de Bourgh,Sir William Lucas
1765.0,19.0,Undirected,1,156,,Mrs. Jenkinson,Sir William Lucas
903.0,1715.0,Undirected,1,156,,Elizabeth Bennet,Charlotte Lucas
33.0,1715.0,Undirected,1,156,,Miss de Bourgh,Charlotte Lucas
33.0,1765.0,Undirected,1,156,,Miss de Bourgh,Mrs. Jenkinson
33.0,1751.0,Undirected,1,156,,Miss de Bourgh,Mr. Collins
903.0,1751.0,Undirected,1,156,,Elizabeth Bennet,Mr. Collins
19.0,1751.0,Undirected,1,156,,Sir William Lucas,Mr. Collins
1712.0,1752.0,Undirected,1,156,,Mr. Darcy,Lady Catherine de Bourgh
903.0,1759.0,Undirected,1,157,,Elizabeth Bennet,Maria Lucas
903.0,19.0,Undirected,1,157,,Elizabeth Bennet,Sir William Lucas
19.0,1752.0,Undirected,1,157,,Sir William Lucas,Lady Catherine de Bourgh
19.0,1751.0,Undirected,1,157,,Sir William Lucas,Mr. Collins
19.0,1759.0,Undirected,1,157,,Sir William Lucas,Maria Lucas
903.0,1752.0,Undirected,1,157,,Elizabeth Bennet,Lady Catherine de Bourgh
1751.0,1752.0,Undirected,1,157,,Mr. Collins,Lady Catherine de Bourgh
19.0,1715.0,Undirected,1,157,,Sir William Lucas,Charlotte Lucas
1715.0,1752.0,Undirected,1,157,,Charlotte Lucas,Lady Catherine de Bourgh
903.0,1715.0,Undirected,1,157,,Elizabeth Bennet,Charlotte Lucas
1751.0,1759.0,Undirected,1,157,,Mr. Collins,Maria Lucas
1752.0,1759.0,Undirected,1,157,,Lady Catherine de Bourgh,Maria Lucas
903.0,1751.0,Undirected,1,157,,Elizabeth Bennet,Mr. Collins
1715.0,1751.0,Undirected,1,157,,Charlotte Lucas,Mr. Collins
1715.0,1759.0,Undirected,1,157,,Charlotte Lucas,Maria Lucas
1715.0,1752.0,Undirected,1,158,,Charlotte Lucas,Lady Catherine de Bourgh
903.0,1715.0,Undirected,1,158,,Elizabeth Bennet,Charlotte Lucas
19.0,1752.0,Undirected,1,158,,Sir William Lucas,Lady Catherine de Bourgh
1715.0,1759.0,Undirected,1,158,,Charlotte Lucas,Maria Lucas
2534.0,903.0,Undirected,1,158,,Sir Lewis de Bourgh,Elizabeth Bennet
2534.0,19.0,Undirected,1,158,,Sir Lewis de Bourgh,Sir William Lucas
2534.0,1759.0,Undirected,1,158,,Sir Lewis de Bourgh,Maria Lucas
2534.0,1751.0,Undirected,1,158,,Sir Lewis de Bourgh,Mr. Collins
1752.0,1759.0,Undirected,1,158,,Lady Catherine de Bourgh,Maria Lucas
19.0,1715.0,Undirected,1,158,,Sir William Lucas,Charlotte Lucas
903.0,1752.0,Undirected,1,158,,Elizabeth Bennet,Lady Catherine de Bourgh
903.0,19.0,Undirected,1,158,,Elizabeth Bennet,Sir William Lucas
1751.0,1759.0,Undirected,1,158,,Mr. Collins,Maria Lucas
903.0,1759.0,Undirected,1,158,,Elizabeth Bennet,Maria Lucas
903.0,1751.0,Undirected,1,158,,Elizabeth Bennet,Mr. Collins
19.0,1751.0,Undirected,1,158,,Sir William Lucas,Mr. Collins
1715.0,1751.0,Undirected,1,158,,Charlotte Lucas,Mr. Collins
2534.0,1752.0,Undirected,1,158,,Sir Lewis de Bourgh,Lady Catherine de Bourgh
1751.0,1752.0,Undirected,1,158,,Mr. Collins,Lady Catherine de Bourgh
19.0,1759.0,Undirected,1,158,,Sir William Lucas,Maria Lucas
2534.0,1715.0,Undirected,1,158,,Sir Lewis de Bourgh,Charlotte Lucas
1751.0,1759.0,Undirected,1,159,,Mr. Collins,Maria Lucas
19.0,1750.0,Undirected,1,159,,Sir William Lucas,Mr. Wickham
19.0,1751.0,Undirected,1,159,,Sir William Lucas,Mr. Collins
1765.0,1752.0,Undirected,1,159,,Mrs. Jenkinson,Lady Catherine de Bourgh
1765.0,1750.0,Undirected,1,159,,Mrs. Jenkinson,Mr. Wickham
1751.0,1752.0,Undirected,1,159,,Mr. Collins,Lady Catherine de Bourgh
903.0,1752.0,Undirected,1,159,,Elizabeth Bennet,Lady Catherine de Bourgh
903.0,19.0,Undirected,1,159,,Elizabeth Bennet,Sir William Lucas
33.0,903.0,Undirected,1,159,,Miss de Bourgh,Elizabeth Bennet
1750.0,1759.0,Undirected,1,159,,Mr. Wickham,Maria Lucas
33.0,1712.0,Undirected,1,159,,Miss de Bourgh,Mr. Darcy
903.0,1759.0,Undirected,1,159,,Elizabeth Bennet,Maria Lucas
1712.0,1751.0,Undirected,1,159,,Mr. Darcy,Mr. Collins
19.0,1752.0,Undirected,1,159,,Sir William Lucas,Lady Catherine de Bourgh
1712.0,1715.0,Undirected,1,159,,Mr. Darcy,Charlotte Lucas
1765.0,1751.0,Undirected,1,159,,Mrs. Jenkinson,Mr. Collins
33.0,1751.0,Undirected,1,159,,Miss de Bourgh,Mr. Collins
1715.0,1750.0,Undirected,1,159,,Charlotte Lucas,Mr. Wickham
1765.0,1712.0,Undirected,1,159,,Mrs. Jenkinson,Mr. Darcy
1750.0,1751.0,Undirected,1,159,,Mr. Wickham,Mr. Collins
1765.0,903.0,Undirected,1,159,,Mrs. Jenkinson,Elizabeth Bennet
19.0,1759.0,Undirected,1,159,,Sir William Lucas,Maria Lucas
33.0,1752.0,Undirected,1,159,,Miss de Bourgh,Lady Catherine de Bourgh
903.0,1715.0,Undirected,1,159,,Elizabeth Bennet,Charlotte Lucas
1715.0,1752.0,Undirected,1,159,,Charlotte Lucas,Lady Catherine de Bourgh
33.0,1759.0,Undirected,1,159,,Miss de Bourgh,Maria Lucas
1765.0,1759.0,Undirected,1,159,,Mrs. Jenkinson,Maria Lucas
903.0,1712.0,Undirected,1,159,,Elizabeth Bennet,Mr. Darcy
903.0,1750.0,Undirected,1,159,,Elizabeth Bennet,Mr. Wickham
1752.0,1759.0,Undirected,1,159,,Lady Catherine de Bourgh,Maria Lucas
33.0,1750.0,Undirected,1,159,,Miss de Bourgh,Mr. Wickham
33.0,1715.0,Undirected,1,159,,Miss de Bourgh,Charlotte Lucas
1765.0,1715.0,Undirected,1,159,,Mrs. Jenkinson,Charlotte Lucas
903.0,1751.0,Undirected,1,159,,Elizabeth Bennet,Mr. Collins
1712.0,1759.0,Undirected,1,159,,Mr. Darcy,Maria Lucas
1750.0,1752.0,Undirected,1,159,,Mr. Wickham,Lady Catherine de Bourgh
1712.0,1750.0,Undirected,1,159,,Mr. Darcy,Mr. Wickham
1715.0,19.0,Undirected,1,159,,Charlotte Lucas,Sir William Lucas
33.0,1765.0,Undirected,1,159,,Miss de Bourgh,Mrs. Jenkinson
1715.0,1759.0,Undirected,1,159,,Charlotte Lucas,Maria Lucas
1712.0,19.0,Undirected,1,159,,Mr. Darcy,Sir William Lucas
1715.0,1751.0,Undirected,1,159,,Charlotte Lucas,Mr. Collins
1712.0,1752.0,Undirected,1,159,,Mr. Darcy,Lady Catherine de Bourgh
1765.0,19.0,Undirected,1,159,,Mrs. Jenkinson,Sir William Lucas
33.0,19.0,Undirected,1,159,,Miss de Bourgh,Sir William Lucas
1765.0,1715.0,Undirected,1,160,,Mrs. Jenkinson,Charlotte Lucas
905.0,1751.0,Undirected,1,160,,Lydia Bennet,Mr. Collins
906.0,1759.0,Undirected,1,160,,Mary Bennet,Maria Lucas
903.0,1751.0,Undirected,1,160,,Elizabeth Bennet,Mr. Collins
19.0,1715.0,Undirected,1,160,,Sir William Lucas,Charlotte Lucas
1715.0,1759.0,Undirected,1,160,,Charlotte Lucas,Maria Lucas
905.0,1759.0,Undirected,1,160,,Lydia Bennet,Maria Lucas
896.0,33.0,Undirected,1,160,,Mr. Bennet,Miss de Bourgh
903.0,1759.0,Undirected,1,160,,Elizabeth Bennet,Maria Lucas
1765.0,903.0,Undirected,1,160,,Mrs. Jenkinson,Elizabeth Bennet
906.0,19.0,Undirected,1,160,,Mary Bennet,Sir William Lucas
1765.0,1751.0,Undirected,1,160,,Mrs. Jenkinson,Mr. Collins
906.0,1715.0,Undirected,1,160,,Mary Bennet,Charlotte Lucas
897.0,907.0,Undirected,1,160,,Mrs. Bennet,Kitty Bennet
897.0,905.0,Undirected,1,160,,Mrs. Bennet,Lydia Bennet
896.0,1751.0,Undirected,1,160,,Mr. Bennet,Mr. Collins
1751.0,1759.0,Undirected,1,160,,Mr. Collins,Maria Lucas
33.0,905.0,Undirected,1,160,,Miss de Bourgh,Lydia Bennet
903.0,907.0,Undirected,1,160,,Elizabeth Bennet,Kitty Bennet
19.0,1751.0,Undirected,1,160,,Sir William Lucas,Mr. Collins
33.0,1759.0,Undirected,1,160,,Miss de Bourgh,Maria Lucas
905.0,1752.0,Undirected,1,160,,Lydia Bennet,Lady Catherine de Bourgh
897.0,904.0,Undirected,1,160,,Mrs. Bennet,Jane Bennet
897.0,1759.0,Undirected,1,160,,Mrs. Bennet,Maria Lucas
33.0,1765.0,Undirected,1,160,,Miss de Bourgh,Mrs. Jenkinson
905.0,906.0,Undirected,1,160,,Lydia Bennet,Mary Bennet
897.0,1715.0,Undirected,1,160,,Mrs. Bennet,Charlotte Lucas
903.0,1715.0,Undirected,1,160,,Elizabeth Bennet,Charlotte Lucas
904.0,1715.0,Undirected,1,160,,Jane Bennet,Charlotte Lucas
33.0,1751.0,Undirected,1,160,,Miss de Bourgh,Mr. Collins
33.0,903.0,Undirected,1,160,,Miss de Bourgh,Elizabeth Bennet
1751.0,1752.0,Undirected,1,160,,Mr. Collins,Lady Catherine de Bourgh
904.0,1759.0,Undirected,1,160,,Jane Bennet,Maria Lucas
1765.0,904.0,Undirected,1,160,,Mrs. Jenkinson,Jane Bennet
33.0,1752.0,Undirected,1,160,,Miss de Bourgh,Lady Catherine de Bourgh
1765.0,1759.0,Undirected,1,160,,Mrs. Jenkinson,Maria Lucas
897.0,33.0,Undirected,1,160,,Mrs. Bennet,Miss de Bourgh
905.0,1715.0,Undirected,1,160,,Lydia Bennet,Charlotte Lucas
1715.0,1752.0,Undirected,1,160,,Charlotte Lucas,Lady Catherine de Bourgh
907.0,1752.0,Undirected,1,160,,Kitty Bennet,Lady Catherine de Bourgh
896.0,903.0,Undirected,1,160,,Mr. Bennet,Elizabeth Bennet
33.0,907.0,Undirected,1,160,,Miss de Bourgh,Kitty Bennet
896.0,897.0,Undirected,1,160,,Mr. Bennet,Mrs. Bennet
33.0,904.0,Undirected,1,160,,Miss de Bourgh,Jane Bennet
897.0,1751.0,Undirected,1,160,,Mrs. Bennet,Mr. Collins
896.0,1752.0,Undirected,1,160,,Mr. Bennet,Lady Catherine de Bourgh
1715.0,1751.0,Undirected,1,160,,Charlotte Lucas,Mr. Collins
904.0,1752.0,Undirected,1,160,,Jane Bennet,Lady Catherine de Bourgh
903.0,1752.0,Undirected,1,160,,Elizabeth Bennet,Lady Catherine de Bourgh
903.0,904.0,Undirected,1,160,,Elizabeth Bennet,Jane Bennet
1765.0,907.0,Undirected,1,160,,Mrs. Jenkinson,Kitty Bennet
907.0,1715.0,Undirected,1,160,,Kitty Bennet,Charlotte Lucas
904.0,1751.0,Undirected,1,160,,Jane Bennet,Mr. Collins
1765.0,905.0,Undirected,1,160,,Mrs. Jenkinson,Lydia Bennet
896.0,19.0,Undirected,1,160,,Mr. Bennet,Sir William Lucas
907.0,19.0,Undirected,1,160,,Kitty Bennet,Sir William Lucas
903.0,906.0,Undirected,1,160,,Elizabeth Bennet,Mary Bennet
904.0,905.0,Undirected,1,160,,Jane Bennet,Lydia Bennet
896.0,1715.0,Undirected,1,160,,Mr. Bennet,Charlotte Lucas
905.0,907.0,Undirected,1,160,,Lydia Bennet,Kitty Bennet
896.0,904.0,Undirected,1,160,,Mr. Bennet,Jane Bennet
897.0,903.0,Undirected,1,160,,Mrs. Bennet,Elizabeth Bennet
896.0,1759.0,Undirected,1,160,,Mr. Bennet,Maria Lucas
907.0,1759.0,Undirected,1,160,,Kitty Bennet,Maria Lucas
903.0,19.0,Undirected,1,160,,Elizabeth Bennet,Sir William Lucas
896.0,906.0,Undirected,1,160,,Mr. Bennet,Mary Bennet
906.0,907.0,Undirected,1,160,,Mary Bennet,Kitty Bennet
907.0,1751.0,Undirected,1,160,,Kitty Bennet,Mr. Collins
33.0,19.0,Undirected,1,160,,Miss de Bourgh,Sir William Lucas
896.0,907.0,Undirected,1,160,,Mr. Bennet,Kitty Bennet
897.0,906.0,Undirected,1,160,,Mrs. Bennet,Mary Bennet
906.0,1751.0,Undirected,1,160,,Mary Bennet,Mr. Collins
896.0,1765.0,Undirected,1,160,,Mr. Bennet,Mrs. Jenkinson
905.0,19.0,Undirected,1,160,,Lydia Bennet,Sir William Lucas
1765.0,19.0,Undirected,1,160,,Mrs. Jenkinson,Sir William Lucas
1765.0,906.0,Undirected,1,160,,Mrs. Jenkinson,Mary Bennet
906.0,1752.0,Undirected,1,160,,Mary Bennet,Lady Catherine de Bourgh
1752.0,1759.0,Undirected,1,160,,Lady Catherine de Bourgh,Maria Lucas
904.0,19.0,Undirected,1,160,,Jane Bennet,Sir William Lucas
19.0,1752.0,Undirected,1,160,,Sir William Lucas,Lady Catherine de Bourgh
33.0,1715.0,Undirected,1,160,,Miss de Bourgh,Charlotte Lucas
19.0,1759.0,Undirected,1,160,,Sir William Lucas,Maria Lucas
1765.0,1752.0,Undirected,1,160,,Mrs. Jenkinson,Lady Catherine de Bourgh
904.0,906.0,Undirected,1,160,,Jane Bennet,Mary Bennet
903.0,905.0,Undirected,1,160,,Elizabeth Bennet,Lydia Bennet
904.0,907.0,Undirected,1,160,,Jane Bennet,Kitty Bennet
897.0,1765.0,Undirected,1,160,,Mrs. Bennet,Mrs. Jenkinson
897.0,1752.0,Undirected,1,160,,Mrs. Bennet,Lady Catherine de Bourgh
897.0,19.0,Undirected,1,160,,Mrs. Bennet,Sir William Lucas
896.0,905.0,Undirected,1,160,,Mr. Bennet,Lydia Bennet
33.0,906.0,Undirected,1,160,,Miss de Bourgh,Mary Bennet
1715.0,1752.0,Undirected,1,161,,Charlotte Lucas,Lady Catherine de Bourgh
904.0,91.0,Undirected,1,161,,Jane Bennet,The Miss Webbs' Father
906.0,91.0,Undirected,1,161,,Mary Bennet,The Miss Webbs' Father
903.0,1715.0,Undirected,1,161,,Elizabeth Bennet,Charlotte Lucas
897.0,906.0,Undirected,1,161,,Mrs. Bennet,Mary Bennet
1752.0,90.0,Undirected,1,161,,Lady Catherine de Bourgh,The Miss Webbs
903.0,90.0,Undirected,1,161,,Elizabeth Bennet,The Miss Webbs
896.0,906.0,Undirected,1,161,,Mr. Bennet,Mary Bennet
2534.0,905.0,Undirected,1,161,,Sir Lewis de Bourgh,Lydia Bennet
1715.0,90.0,Undirected,1,161,,Charlotte Lucas,The Miss Webbs
896.0,904.0,Undirected,1,161,,Mr. Bennet,Jane Bennet
906.0,1752.0,Undirected,1,161,,Mary Bennet,Lady Catherine de Bourgh
90.0,91.0,Undirected,1,161,,The Miss Webbs,The Miss Webbs' Father
897.0,1752.0,Undirected,1,161,,Mrs. Bennet,Lady Catherine de Bourgh
2534.0,1752.0,Undirected,1,161,,Sir Lewis de Bourgh,Lady Catherine de Bourgh
1752.0,91.0,Undirected,1,161,,Lady Catherine de Bourgh,The Miss Webbs' Father
904.0,1715.0,Undirected,1,161,,Jane Bennet,Charlotte Lucas
2534.0,904.0,Undirected,1,161,,Sir Lewis de Bourgh,Jane Bennet
907.0,1752.0,Undirected,1,161,,Kitty Bennet,Lady Catherine de Bourgh
904.0,905.0,Undirected,1,161,,Jane Bennet,Lydia Bennet
903.0,906.0,Undirected,1,161,,Elizabeth Bennet,Mary Bennet
903.0,91.0,Undirected,1,161,,Elizabeth Bennet,The Miss Webbs' Father
904.0,90.0,Undirected,1,161,,Jane Bennet,The Miss Webbs
907.0,91.0,Undirected,1,161,,Kitty Bennet,The Miss Webbs' Father
1715.0,91.0,Undirected,1,161,,Charlotte Lucas,The Miss Webbs' Father
896.0,1752.0,Undirected,1,161,,Mr. Bennet,Lady Catherine de Bourgh
896.0,907.0,Undirected,1,161,,Mr. Bennet,Kitty Bennet
905.0,1752.0,Undirected,1,161,,Lydia Bennet,Lady Catherine de Bourgh
2534.0,1715.0,Undirected,1,161,,Sir Lewis de Bourgh,Charlotte Lucas
903.0,907.0,Undirected,1,161,,Elizabeth Bennet,Kitty Bennet
903.0,904.0,Undirected,1,161,,Elizabeth Bennet,Jane Bennet
897.0,903.0,Undirected,1,161,,Mrs. Bennet,Elizabeth Bennet
904.0,906.0,Undirected,1,161,,Jane Bennet,Mary Bennet
897.0,1715.0,Undirected,1,161,,Mrs. Bennet,Charlotte Lucas
2534.0,907.0,Undirected,1,161,,Sir Lewis de Bourgh,Kitty Bennet
905.0,907.0,Undirected,1,161,,Lydia Bennet,Kitty Bennet
897.0,905.0,Undirected,1,161,,Mrs. Bennet,Lydia Bennet
897.0,91.0,Undirected,1,161,,Mrs. Bennet,The Miss Webbs' Father
905.0,1715.0,Undirected,1,161,,Lydia Bennet,Charlotte Lucas
2534.0,903.0,Undirected,1,161,,Sir Lewis de Bourgh,Elizabeth Bennet
896.0,1715.0,Undirected,1,161,,Mr. Bennet,Charlotte Lucas
896.0,90.0,Undirected,1,161,,Mr. Bennet,The Miss Webbs
896.0,897.0,Undirected,1,161,,Mr. Bennet,Mrs. Bennet
907.0,90.0,Undirected,1,161,,Kitty Bennet,The Miss Webbs
903.0,1752.0,Undirected,1,161,,Elizabeth Bennet,Lady Catherine de Bourgh
2534.0,906.0,Undirected,1,161,,Sir Lewis de Bourgh,Mary Bennet
907.0,1715.0,Undirected,1,161,,Kitty Bennet,Charlotte Lucas
905.0,91.0,Undirected,1,161,,Lydia Bennet,The Miss Webbs' Father
906.0,907.0,Undirected,1,161,,Mary Bennet,Kitty Bennet
906.0,1715.0,Undirected,1,161,,Mary Bennet,Charlotte Lucas
896.0,2534.0,Undirected,1,161,,Mr. Bennet,Sir Lewis de Bourgh
896.0,905.0,Undirected,1,161,,Mr. Bennet,Lydia Bennet
897.0,907.0,Undirected,1,161,,Mrs. Bennet,Kitty Bennet
906.0,90.0,Undirected,1,161,,Mary Bennet,The Miss Webbs
897.0,904.0,Undirected,1,161,,Mrs. Bennet,Jane Bennet
2534.0,90.0,Undirected,1,161,,Sir Lewis de Bourgh,The Miss Webbs
905.0,906.0,Undirected,1,161,,Lydia Bennet,Mary Bennet
904.0,907.0,Undirected,1,161,,Jane Bennet,Kitty Bennet
896.0,91.0,Undirected,1,161,,Mr. Bennet,The Miss Webbs' Father
903.0,905.0,Undirected,1,161,,Elizabeth Bennet,Lydia Bennet
897.0,90.0,Undirected,1,161,,Mrs. Bennet,The Miss Webbs
2534.0,91.0,Undirected,1,161,,Sir Lewis de Bourgh,The Miss Webbs' Father
897.0,2534.0,Undirected,1,161,,Mrs. Bennet,Sir Lewis de Bourgh
904.0,1752.0,Undirected,1,161,,Jane Bennet,Lady Catherine de Bourgh
896.0,903.0,Undirected,1,161,,Mr. Bennet,Elizabeth Bennet
905.0,90.0,Undirected,1,161,,Lydia Bennet,The Miss Webbs
905.0,38.0,Undirected,1,162,,Lydia Bennet,Miss Pope
1765.0,905.0,Undirected,1,162,,Mrs. Jenkinson,Lydia Bennet
904.0,1751.0,Undirected,1,162,,Jane Bennet,Mr. Collins
906.0,907.0,Undirected,1,162,,Mary Bennet,Kitty Bennet
36.0,905.0,Undirected,1,162,,Mrs. Jenkinson's four nieces,Lydia Bennet
907.0,19.0,Undirected,1,162,,Kitty Bennet,Sir William Lucas
903.0,906.0,Undirected,1,162,,Elizabeth Bennet,Mary Bennet
36.0,37.0,Undirected,1,162,,Mrs. Jenkinson's four nieces,Lady Metcalfe
38.0,1751.0,Undirected,1,162,,Miss Pope,Mr. Collins
905.0,906.0,Undirected,1,162,,Lydia Bennet,Mary Bennet
905.0,19.0,Undirected,1,162,,Lydia Bennet,Sir William Lucas
1765.0,38.0,Undirected,1,162,,Mrs. Jenkinson,Miss Pope
905.0,1715.0,Undirected,1,162,,Lydia Bennet,Charlotte Lucas
906.0,1751.0,Undirected,1,162,,Mary Bennet,Mr. Collins
903.0,1715.0,Undirected,1,162,,Elizabeth Bennet,Charlotte Lucas
1715.0,1751.0,Undirected,1,162,,Charlotte Lucas,Mr. Collins
907.0,1751.0,Undirected,1,162,,Kitty Bennet,Mr. Collins
904.0,907.0,Undirected,1,162,,Jane Bennet,Kitty Bennet
36.0,907.0,Undirected,1,162,,Mrs. Jenkinson's four nieces,Kitty Bennet
903.0,904.0,Undirected,1,162,,Elizabeth Bennet,Jane Bennet
903.0,1752.0,Undirected,1,162,,Elizabeth Bennet,Lady Catherine de Bourgh
37.0,904.0,Undirected,1,162,,Lady Metcalfe,Jane Bennet
906.0,1752.0,Undirected,1,162,,Mary Bennet,Lady Catherine de Bourgh
903.0,905.0,Undirected,1,162,,Elizabeth Bennet,Lydia Bennet
37.0,19.0,Undirected,1,162,,Lady Metcalfe,Sir William Lucas
37.0,1715.0,Undirected,1,162,,Lady Metcalfe,Charlotte Lucas
1765.0,907.0,Undirected,1,162,,Mrs. Jenkinson,Kitty Bennet
907.0,1715.0,Undirected,1,162,,Kitty Bennet,Charlotte Lucas
36.0,1751.0,Undirected,1,162,,Mrs. Jenkinson's four nieces,Mr. Collins
904.0,905.0,Undirected,1,162,,Jane Bennet,Lydia Bennet
36.0,903.0,Undirected,1,162,,Mrs. Jenkinson's four nieces,Elizabeth Bennet
904.0,1752.0,Undirected,1,162,,Jane Bennet,Lady Catherine de Bourgh
19.0,1751.0,Undirected,1,162,,Sir William Lucas,Mr. Collins
36.0,1715.0,Undirected,1,162,,Mrs. Jenkinson's four nieces,Charlotte Lucas
1715.0,1752.0,Undirected,1,162,,Charlotte Lucas,Lady Catherine de Bourgh
905.0,1752.0,Undirected,1,162,,Lydia Bennet,Lady Catherine de Bourgh
1765.0,906.0,Undirected,1,162,,Mrs. Jenkinson,Mary Bennet
19.0,1752.0,Undirected,1,162,,Sir William Lucas,Lady Catherine de Bourgh
36.0,38.0,Undirected,1,162,,Mrs. Jenkinson's four nieces,Miss Pope
905.0,1751.0,Undirected,1,162,,Lydia Bennet,Mr. Collins
907.0,38.0,Undirected,1,162,,Kitty Bennet,Miss Pope
36.0,19.0,Undirected,1,162,,Mrs. Jenkinson's four nieces,Sir William Lucas
903.0,907.0,Undirected,1,162,,Elizabeth Bennet,Kitty Bennet
19.0,1715.0,Undirected,1,162,,Sir William Lucas,Charlotte Lucas
904.0,1715.0,Undirected,1,162,,Jane Bennet,Charlotte Lucas
1751.0,1752.0,Undirected,1,162,,Mr. Collins,Lady Catherine de Bourgh
904.0,19.0,Undirected,1,162,,Jane Bennet,Sir William Lucas
903.0,19.0,Undirected,1,162,,Elizabeth Bennet,Sir William Lucas
37.0,906.0,Undirected,1,162,,Lady Metcalfe,Mary Bennet
904.0,38.0,Undirected,1,162,,Jane Bennet,Miss Pope
1765.0,1752.0,Undirected,1,162,,Mrs. Jenkinson,Lady Catherine de Bourgh
1765.0,904.0,Undirected,1,162,,Mrs. Jenkinson,Jane Bennet
37.0,38.0,Undirected,1,162,,Lady Metcalfe,Miss Pope
906.0,38.0,Undirected,1,162,,Mary Bennet,Miss Pope
1765.0,19.0,Undirected,1,162,,Mrs. Jenkinson,Sir William Lucas
903.0,1751.0,Undirected,1,162,,Elizabeth Bennet,Mr. Collins
906.0,1715.0,Undirected,1,162,,Mary Bennet,Charlotte Lucas
903.0,38.0,Undirected,1,162,,Elizabeth Bennet,Miss Pope
1765.0,1751.0,Undirected,1,162,,Mrs. Jenkinson,Mr. Collins
906.0,19.0,Undirected,1,162,,Mary Bennet,Sir William Lucas
36.0,1765.0,Undirected,1,162,,Mrs. Jenkinson's four nieces,Mrs. Jenkinson
1765.0,903.0,Undirected,1,162,,Mrs. Jenkinson,Elizabeth Bennet
37.0,1752.0,Undirected,1,162,,Lady Metcalfe,Lady Catherine de Bourgh
36.0,904.0,Undirected,1,162,,Mrs. Jenkinson's four nieces,Jane Bennet
904.0,906.0,Undirected,1,162,,Jane Bennet,Mary Bennet
37.0,903.0,Undirected,1,162,,Lady Metcalfe,Elizabeth Bennet
36.0,1752.0,Undirected,1,162,,Mrs. Jenkinson's four nieces,Lady Catherine de Bourgh
37.0,1751.0,Undirected,1,162,,Lady Metcalfe,Mr. Collins
38.0,1752.0,Undirected,1,162,,Miss Pope,Lady Catherine de Bourgh
36.0,906.0,Undirected,1,162,,Mrs. Jenkinson's four nieces,Mary Bennet
37.0,905.0,Undirected,1,162,,Lady Metcalfe,Lydia Bennet
38.0,1715.0,Undirected,1,162,,Miss Pope,Charlotte Lucas
905.0,907.0,Undirected,1,162,,Lydia Bennet,Kitty Bennet
1765.0,37.0,Undirected,1,162,,Mrs. Jenkinson,Lady Metcalfe
1765.0,1715.0,Undirected,1,162,,Mrs. Jenkinson,Charlotte Lucas
37.0,907.0,Undirected,1,162,,Lady Metcalfe,Kitty Bennet
38.0,19.0,Undirected,1,162,,Miss Pope,Sir William Lucas
907.0,1752.0,Undirected,1,162,,Kitty Bennet,Lady Catherine de Bourgh
33.0,1751.0,Undirected,1,163,,Miss de Bourgh,Mr. Collins
1765.0,1752.0,Undirected,1,163,,Mrs. Jenkinson,Lady Catherine de Bourgh
1751.0,1759.0,Undirected,1,163,,Mr. Collins,Maria Lucas
1765.0,19.0,Undirected,1,163,,Mrs. Jenkinson,Sir William Lucas
33.0,1715.0,Undirected,1,163,,Miss de Bourgh,Charlotte Lucas
1751.0,1752.0,Undirected,1,163,,Mr. Collins,Lady Catherine de Bourgh
903.0,1751.0,Undirected,1,163,,Elizabeth Bennet,Mr. Collins
903.0,1752.0,Undirected,1,163,,Elizabeth Bennet,Lady Catherine de Bourgh
1765.0,1759.0,Undirected,1,163,,Mrs. Jenkinson,Maria Lucas
903.0,1759.0,Undirected,1,163,,Elizabeth Bennet,Maria Lucas
19.0,1751.0,Undirected,1,163,,Sir William Lucas,Mr. Collins
33.0,1752.0,Undirected,1,163,,Miss de Bourgh,Lady Catherine de Bourgh
33.0,903.0,Undirected,1,163,,Miss de Bourgh,Elizabeth Bennet
1715.0,1759.0,Undirected,1,163,,Charlotte Lucas,Maria Lucas
1752.0,1759.0,Undirected,1,163,,Lady Catherine de Bourgh,Maria Lucas
33.0,1759.0,Undirected,1,163,,Miss de Bourgh,Maria Lucas
1715.0,1752.0,Undirected,1,163,,Charlotte Lucas,Lady Catherine de Bourgh
903.0,19.0,Undirected,1,163,,Elizabeth Bennet,Sir William Lucas
33.0,19.0,Undirected,1,163,,Miss de Bourgh,Sir William Lucas
33.0,1765.0,Undirected,1,163,,Miss de Bourgh,Mrs. Jenkinson
1765.0,1751.0,Undirected,1,163,,Mrs. Jenkinson,Mr. Collins
19.0,1715.0,Undirected,1,163,,Sir William Lucas,Charlotte Lucas
1765.0,1715.0,Undirected,1,163,,Mrs. Jenkinson,Charlotte Lucas
19.0,1752.0,Undirected,1,163,,Sir William Lucas,Lady Catherine de Bourgh
1765.0,903.0,Undirected,1,163,,Mrs. Jenkinson,Elizabeth Bennet
1715.0,1751.0,Undirected,1,163,,Charlotte Lucas,Mr. Collins
19.0,1759.0,Undirected,1,163,,Sir William Lucas,Maria Lucas
903.0,1715.0,Undirected,1,163,,Elizabeth Bennet,Charlotte Lucas
901.0,1751.0,directed,1,164,Exchange,,
1753.0,1715.0,directed,1,164,Exchange,,
1751.0,901.0,directed,1,164,Exchange,,
1715.0,1753.0,directed,1,164,Exchange,,
1751.0,1752.0,directed,1,165,Exchange,,
903.0,1715.0,directed,1,165,Exchange,,
1752.0,1751.0,directed,1,165,Exchange,,
1715.0,903.0,directed,1,165,Exchange,,
903.0,1767.0,directed,1,166,Exchange,,
1715.0,903.0,directed,1,166,Exchange,,
1767.0,903.0,directed,1,166,Exchange,,
1712.0,903.0,directed,1,167,Exchange,,
903.0,1712.0,directed,1,167,Exchange,,
903.0,1767.0,directed,1,168,Exchange,,
1767.0,1752.0,directed,1,168,Exchange,,
1752.0,1767.0,directed,1,168,Exchange,,
1752.0,1712.0,directed,1,168,Exchange,,
1767.0,903.0,directed,1,168,Exchange,,
1712.0,1752.0,directed,1,168,Exchange,,
1752.0,1712.0,directed,1,169,Exchange,,
1752.0,1767.0,directed,1,169,Exchange,,
1767.0,1752.0,directed,1,169,Exchange,,
1712.0,1752.0,directed,1,169,Exchange,,
1767.0,903.0,directed,1,170,Exchange,,
1752.0,1712.0,directed,1,170,Exchange,,
903.0,1712.0,directed,1,170,Exchange,,
1712.0,903.0,directed,1,170,Exchange,,
903.0,1767.0,directed,1,170,Exchange,,
1712.0,1752.0,directed,1,170,Exchange,,
1752.0,1712.0,directed,1,171,Exchange,,
1712.0,1752.0,directed,1,171,Exchange,,
904.0,1759.0,Undirected,1,173,,Jane Bennet,Maria Lucas
1710.0,1759.0,Undirected,1,173,,Mr. Hurst,Maria Lucas
1752.0,1759.0,Undirected,1,173,,Lady Catherine de Bourgh,Maria Lucas
1712.0,1752.0,Undirected,1,173,,Mr. Darcy,Lady Catherine de Bourgh
904.0,1715.0,Undirected,1,173,,Jane Bennet,Charlotte Lucas
1710.0,1751.0,Undirected,1,173,,Mr. Hurst,Mr. Collins
903.0,904.0,Undirected,1,173,,Elizabeth Bennet,Jane Bennet
1713.0,1752.0,Undirected,1,173,,Miss Bingley,Lady Catherine de Bourgh
1712.0,1751.0,Undirected,1,173,,Mr. Darcy,Mr. Collins
1713.0,1715.0,Undirected,1,173,,Miss Bingley,Charlotte Lucas
1710.0,1713.0,Undirected,1,173,,Mr. Hurst,Miss Bingley
903.0,1715.0,Undirected,1,173,,Elizabeth Bennet,Charlotte Lucas
903.0,1712.0,Undirected,1,173,,Elizabeth Bennet,Mr. Darcy
1710.0,1712.0,Undirected,1,173,,Mr. Hurst,Mr. Darcy
903.0,1713.0,Undirected,1,173,,Elizabeth Bennet,Miss Bingley
904.0,1710.0,Undirected,1,173,,Jane Bennet,Mr. Hurst
904.0,1713.0,Undirected,1,173,,Jane Bennet,Miss Bingley
1715.0,1759.0,Undirected,1,173,,Charlotte Lucas,Maria Lucas
899.0,1713.0,Undirected,1,173,,Mr. Bingley,Miss Bingley
1711.0,1715.0,Undirected,1,173,,Mrs. Hurst,Charlotte Lucas
904.0,1752.0,Undirected,1,173,,Jane Bennet,Lady Catherine de Bourgh
903.0,1751.0,Undirected,1,173,,Elizabeth Bennet,Mr. Collins
899.0,1710.0,Undirected,1,173,,Mr. Bingley,Mr. Hurst
903.0,1759.0,Undirected,1,173,,Elizabeth Bennet,Maria Lucas
899.0,903.0,Undirected,1,173,,Mr. Bingley,Elizabeth Bennet
1713.0,1759.0,Undirected,1,173,,Miss Bingley,Maria Lucas
899.0,904.0,Undirected,1,173,,Mr. Bingley,Jane Bennet
1710.0,1711.0,Undirected,1,173,,Mr. Hurst,Mrs. Hurst
899.0,1715.0,Undirected,1,173,,Mr. Bingley,Charlotte Lucas
899.0,1752.0,Undirected,1,173,,Mr. Bingley,Lady Catherine de Bourgh
1712.0,1715.0,Undirected,1,173,,Mr. Darcy,Charlotte Lucas
1711.0,1713.0,Undirected,1,173,,Mrs. Hurst,Miss Bingley
1711.0,1752.0,Undirected,1,173,,Mrs. Hurst,Lady Catherine de Bourgh
1713.0,1751.0,Undirected,1,173,,Miss Bingley,Mr. Collins
1711.0,1751.0,Undirected,1,173,,Mrs. Hurst,Mr. Collins
1710.0,1715.0,Undirected,1,173,,Mr. Hurst,Charlotte Lucas
1711.0,1759.0,Undirected,1,173,,Mrs. Hurst,Maria Lucas
1712.0,1713.0,Undirected,1,173,,Mr. Darcy,Miss Bingley
1710.0,1752.0,Undirected,1,173,,Mr. Hurst,Lady Catherine de Bourgh
899.0,1759.0,Undirected,1,173,,Mr. Bingley,Maria Lucas
1715.0,1751.0,Undirected,1,173,,Charlotte Lucas,Mr. Collins
1715.0,1752.0,Undirected,1,173,,Charlotte Lucas,Lady Catherine de Bourgh
904.0,1711.0,Undirected,1,173,,Jane Bennet,Mrs. Hurst
1751.0,1759.0,Undirected,1,173,,Mr. Collins,Maria Lucas
903.0,1711.0,Undirected,1,173,,Elizabeth Bennet,Mrs. Hurst
1711.0,1712.0,Undirected,1,173,,Mrs. Hurst,Mr. Darcy
899.0,1712.0,Undirected,1,173,,Mr. Bingley,Mr. Darcy
903.0,1752.0,Undirected,1,173,,Elizabeth Bennet,Lady Catherine de Bourgh
904.0,1751.0,Undirected,1,173,,Jane Bennet,Mr. Collins
1712.0,1759.0,Undirected,1,173,,Mr. Darcy,Maria Lucas
899.0,1711.0,Undirected,1,173,,Mr. Bingley,Mrs. Hurst
1751.0,1752.0,Undirected,1,173,,Mr. Collins,Lady Catherine de Bourgh
904.0,1712.0,Undirected,1,173,,Jane Bennet,Mr. Darcy
899.0,1751.0,Undirected,1,173,,Mr. Bingley,Mr. Collins
903.0,1710.0,Undirected,1,173,,Elizabeth Bennet,Mr. Hurst
1712.0,1759.0,Undirected,1,174,,Mr. Darcy,Maria Lucas
903.0,1712.0,Undirected,1,174,,Elizabeth Bennet,Mr. Darcy
40.0,1716.0,Undirected,1,174,,Mr. Collins' friends,Young Lucas
40.0,1715.0,Undirected,1,174,,Mr. Collins' friends,Charlotte Lucas
903.0,1715.0,Undirected,1,174,,Elizabeth Bennet,Charlotte Lucas
902.0,40.0,Undirected,1,174,,Lady Lucas,Mr. Collins' friends
899.0,903.0,Undirected,1,174,,Mr. Bingley,Elizabeth Bennet
40.0,19.0,Undirected,1,174,,Mr. Collins' friends,Sir William Lucas
899.0,1752.0,Undirected,1,174,,Mr. Bingley,Lady Catherine de Bourgh
1712.0,1751.0,Undirected,1,174,,Mr. Darcy,Mr. Collins
903.0,1759.0,Undirected,1,174,,Elizabeth Bennet,Maria Lucas
40.0,1712.0,Undirected,1,174,,Mr. Collins' friends,Mr. Darcy
902.0,19.0,Undirected,1,174,,Lady Lucas,Sir William Lucas
899.0,1759.0,Undirected,1,174,,Mr. Bingley,Maria Lucas
903.0,1716.0,Undirected,1,174,,Elizabeth Bennet,Young Lucas
1715.0,1759.0,Undirected,1,174,,Charlotte Lucas,Maria Lucas
19.0,1759.0,Undirected,1,174,,Sir William Lucas,Maria Lucas
903.0,39.0,Undirected,1,174,,Elizabeth Bennet,Mr. Bingley's friends
1712.0,1752.0,Undirected,1,174,,Mr. Darcy,Lady Catherine de Bourgh
899.0,1716.0,Undirected,1,174,,Mr. Bingley,Young Lucas
1751.0,1752.0,Undirected,1,174,,Mr. Collins,Lady Catherine de Bourgh
902.0,22.0,Undirected,1,174,,Lady Lucas,Lucas brothers
899.0,902.0,Undirected,1,174,,Mr. Bingley,Lady Lucas
902.0,1715.0,Undirected,1,174,,Lady Lucas,Charlotte Lucas
40.0,1751.0,Undirected,1,174,,Mr. Collins' friends,Mr. Collins
39.0,1752.0,Undirected,1,174,,Mr. Bingley's friends,Lady Catherine de Bourgh
902.0,1759.0,Undirected,1,174,,Lady Lucas,Maria Lucas
899.0,1751.0,Undirected,1,174,,Mr. Bingley,Mr. Collins
40.0,1752.0,Undirected,1,174,,Mr. Collins' friends,Lady Catherine de Bourgh
899.0,40.0,Undirected,1,174,,Mr. Bingley,Mr. Collins' friends
1716.0,1752.0,Undirected,1,174,,Young Lucas,Lady Catherine de Bourgh
903.0,1752.0,Undirected,1,174,,Elizabeth Bennet,Lady Catherine de Bourgh
902.0,39.0,Undirected,1,174,,Lady Lucas,Mr. Bingley's friends
902.0,1752.0,Undirected,1,174,,Lady Lucas,Lady Catherine de Bourgh
39.0,22.0,Undirected,1,174,,Mr. Bingley's friends,Lucas brothers
902.0,1716.0,Undirected,1,174,,Lady Lucas,Young Lucas
899.0,39.0,Undirected,1,174,,Mr. Bingley,Mr. Bingley's friends
1751.0,1759.0,Undirected,1,174,,Mr. Collins,Maria Lucas
903.0,1751.0,Undirected,1,174,,Elizabeth Bennet,Mr. Collins
22.0,1752.0,Undirected,1,174,,Lucas brothers,Lady Catherine de Bourgh
39.0,40.0,Undirected,1,174,,Mr. Bingley's friends,Mr. Collins' friends
39.0,1716.0,Undirected,1,174,,Mr. Bingley's friends,Young Lucas
1752.0,1759.0,Undirected,1,174,,Lady Catherine de Bourgh,Maria Lucas
899.0,22.0,Undirected,1,174,,Mr. Bingley,Lucas brothers
1716.0,22.0,Undirected,1,174,,Young Lucas,Lucas brothers
22.0,1751.0,Undirected,1,174,,Lucas brothers,Mr. Collins
39.0,1712.0,Undirected,1,174,,Mr. Bingley's friends,Mr. Darcy
1715.0,1751.0,Undirected,1,174,,Charlotte Lucas,Mr. Collins
1716.0,1751.0,Undirected,1,174,,Young Lucas,Mr. Collins
19.0,22.0,Undirected,1,174,,Sir William Lucas,Lucas brothers
902.0,1712.0,Undirected,1,174,,Lady Lucas,Mr. Darcy
1715.0,19.0,Undirected,1,174,,Charlotte Lucas,Sir William Lucas
902.0,903.0,Undirected,1,174,,Lady Lucas,Elizabeth Bennet
40.0,1759.0,Undirected,1,174,,Mr. Collins' friends,Maria Lucas
19.0,1752.0,Undirected,1,174,,Sir William Lucas,Lady Catherine de Bourgh
1712.0,22.0,Undirected,1,174,,Mr. Darcy,Lucas brothers
19.0,1751.0,Undirected,1,174,,Sir William Lucas,Mr. Collins
903.0,40.0,Undirected,1,174,,Elizabeth Bennet,Mr. Collins' friends
1712.0,19.0,Undirected,1,174,,Mr. Darcy,Sir William Lucas
1716.0,19.0,Undirected,1,174,,Young Lucas,Sir William Lucas
899.0,1712.0,Undirected,1,174,,Mr. Bingley,Mr. Darcy
1712.0,1715.0,Undirected,1,174,,Mr. Darcy,Charlotte Lucas
39.0,1759.0,Undirected,1,174,,Mr. Bingley's friends,Maria Lucas
1715.0,22.0,Undirected,1,174,,Charlotte Lucas,Lucas brothers
1715.0,1752.0,Undirected,1,174,,Charlotte Lucas,Lady Catherine de Bourgh
903.0,22.0,Undirected,1,174,,Elizabeth Bennet,Lucas brothers
40.0,22.0,Undirected,1,174,,Mr. Collins' friends,Lucas brothers
899.0,19.0,Undirected,1,174,,Mr. Bingley,Sir William Lucas
903.0,19.0,Undirected,1,174,,Elizabeth Bennet,Sir William Lucas
899.0,1715.0,Undirected,1,174,,Mr. Bingley,Charlotte Lucas
22.0,1759.0,Undirected,1,174,,Lucas brothers,Maria Lucas
1715.0,1716.0,Undirected,1,174,,Charlotte Lucas,Young Lucas
1712.0,1716.0,Undirected,1,174,,Mr. Darcy,Young Lucas
1716.0,1759.0,Undirected,1,174,,Young Lucas,Maria Lucas
902.0,1751.0,Undirected,1,174,,Lady Lucas,Mr. Collins
39.0,1715.0,Undirected,1,174,,Mr. Bingley's friends,Charlotte Lucas
39.0,1751.0,Undirected,1,174,,Mr. Bingley's friends,Mr. Collins
39.0,19.0,Undirected,1,174,,Mr. Bingley's friends,Sir William Lucas
903.0,1712.0,Undirected,1,175,,Elizabeth Bennet,Mr. Darcy
1751.0,1759.0,Undirected,1,175,,Mr. Collins,Maria Lucas
1712.0,1715.0,Undirected,1,175,,Mr. Darcy,Charlotte Lucas
1715.0,1751.0,Undirected,1,175,,Charlotte Lucas,Mr. Collins
904.0,1712.0,Undirected,1,175,,Jane Bennet,Mr. Darcy
1715.0,1759.0,Undirected,1,175,,Charlotte Lucas,Maria Lucas
1712.0,1759.0,Undirected,1,175,,Mr. Darcy,Maria Lucas
903.0,1751.0,Undirected,1,175,,Elizabeth Bennet,Mr. Collins
903.0,904.0,Undirected,1,175,,Elizabeth Bennet,Jane Bennet
904.0,1715.0,Undirected,1,175,,Jane Bennet,Charlotte Lucas
903.0,1715.0,Undirected,1,175,,Elizabeth Bennet,Charlotte Lucas
904.0,1759.0,Undirected,1,175,,Jane Bennet,Maria Lucas
904.0,1751.0,Undirected,1,175,,Jane Bennet,Mr. Collins
1712.0,1751.0,Undirected,1,175,,Mr. Darcy,Mr. Collins
903.0,1759.0,Undirected,1,175,,Elizabeth Bennet,Maria Lucas
1715.0,1752.0,Undirected,1,176,,Charlotte Lucas,Lady Catherine de Bourgh
1767.0,1750.0,Undirected,1,176,,Colonel Fitzwilliam,Mr. Wickham
1712.0,1752.0,Undirected,1,176,,Mr. Darcy,Lady Catherine de Bourgh
1767.0,1752.0,Undirected,1,176,,Colonel Fitzwilliam,Lady Catherine de Bourgh
903.0,1750.0,Undirected,1,176,,Elizabeth Bennet,Mr. Wickham
1715.0,1751.0,Undirected,1,176,,Charlotte Lucas,Mr. Collins
903.0,1767.0,Undirected,1,176,,Elizabeth Bennet,Colonel Fitzwilliam
1767.0,1751.0,Undirected,1,176,,Colonel Fitzwilliam,Mr. Collins
903.0,1751.0,Undirected,1,176,,Elizabeth Bennet,Mr. Collins
1712.0,1750.0,Undirected,1,176,,Mr. Darcy,Mr. Wickham
903.0,1715.0,Undirected,1,176,,Elizabeth Bennet,Charlotte Lucas
903.0,1712.0,Undirected,1,176,,Elizabeth Bennet,Mr. Darcy
1712.0,1751.0,Undirected,1,176,,Mr. Darcy,Mr. Collins
1750.0,1752.0,Undirected,1,176,,Mr. Wickham,Lady Catherine de Bourgh
1750.0,1751.0,Undirected,1,176,,Mr. Wickham,Mr. Collins
1767.0,1712.0,Undirected,1,176,,Colonel Fitzwilliam,Mr. Darcy
1767.0,1715.0,Undirected,1,176,,Colonel Fitzwilliam,Charlotte Lucas
903.0,1752.0,Undirected,1,176,,Elizabeth Bennet,Lady Catherine de Bourgh
1712.0,1715.0,Undirected,1,176,,Mr. Darcy,Charlotte Lucas
1751.0,1752.0,Undirected,1,176,,Mr. Collins,Lady Catherine de Bourgh
1715.0,1750.0,Undirected,1,176,,Charlotte Lucas,Mr. Wickham
1712.0,903.0,Undirected,1,177,,Mr. Darcy,Elizabeth Bennet
1715.0,903.0,Undirected,1,177,,Charlotte Lucas,Elizabeth Bennet
1767.0,903.0,Undirected,1,177,,Colonel Fitzwilliam,Elizabeth Bennet
1767.0,1715.0,Undirected,1,177,,Colonel Fitzwilliam,Charlotte Lucas
1712.0,1715.0,Undirected,1,177,,Mr. Darcy,Charlotte Lucas
1712.0,1767.0,Undirected,1,177,,Mr. Darcy,Colonel Fitzwilliam
903.0,904.0,Undirected,1,178,,Elizabeth Bennet,Jane Bennet
1767.0,904.0,Undirected,1,178,,Colonel Fitzwilliam,Jane Bennet
1767.0,1712.0,Undirected,1,178,,Colonel Fitzwilliam,Mr. Darcy
903.0,1715.0,Undirected,1,178,,Elizabeth Bennet,Charlotte Lucas
904.0,1751.0,Undirected,1,178,,Jane Bennet,Mr. Collins
904.0,1712.0,Undirected,1,178,,Jane Bennet,Mr. Darcy
1715.0,1751.0,Undirected,1,178,,Charlotte Lucas,Mr. Collins
904.0,1715.0,Undirected,1,178,,Jane Bennet,Charlotte Lucas
1712.0,1715.0,Undirected,1,178,,Mr. Darcy,Charlotte Lucas
903.0,1751.0,Undirected,1,178,,Elizabeth Bennet,Mr. Collins
1767.0,1751.0,Undirected,1,178,,Colonel Fitzwilliam,Mr. Collins
1767.0,1715.0,Undirected,1,178,,Colonel Fitzwilliam,Charlotte Lucas
1767.0,903.0,Undirected,1,178,,Colonel Fitzwilliam,Elizabeth Bennet
903.0,1712.0,Undirected,1,178,,Elizabeth Bennet,Mr. Darcy
1712.0,1751.0,Undirected,1,178,,Mr. Darcy,Mr. Collins
1712.0,1767.0,Undirected,1,179,,Mr. Darcy,Colonel Fitzwilliam
903.0,1712.0,Undirected,1,179,,Elizabeth Bennet,Mr. Darcy
903.0,1767.0,Undirected,1,179,,Elizabeth Bennet,Colonel Fitzwilliam
1767.0,1712.0,Undirected,1,180,,Colonel Fitzwilliam,Mr. Darcy
1712.0,1747.0,Undirected,1,180,,Mr. Darcy,Miss Darcy
903.0,1711.0,Undirected,1,180,,Elizabeth Bennet,Mrs. Hurst
1711.0,1747.0,Undirected,1,180,,Mrs. Hurst,Miss Darcy
1767.0,1711.0,Undirected,1,180,,Colonel Fitzwilliam,Mrs. Hurst
1711.0,1712.0,Undirected,1,180,,Mrs. Hurst,Mr. Darcy
899.0,903.0,Undirected,1,180,,Mr. Bingley,Elizabeth Bennet
903.0,1712.0,Undirected,1,180,,Elizabeth Bennet,Mr. Darcy
899.0,1747.0,Undirected,1,180,,Mr. Bingley,Miss Darcy
899.0,1712.0,Undirected,1,180,,Mr. Bingley,Mr. Darcy
1713.0,1747.0,Undirected,1,180,,Miss Bingley,Miss Darcy
903.0,1747.0,Undirected,1,180,,Elizabeth Bennet,Miss Darcy
899.0,1711.0,Undirected,1,180,,Mr. Bingley,Mrs. Hurst
903.0,1713.0,Undirected,1,180,,Elizabeth Bennet,Miss Bingley
899.0,1713.0,Undirected,1,180,,Mr. Bingley,Miss Bingley
1711.0,1713.0,Undirected,1,180,,Mrs. Hurst,Miss Bingley
899.0,1767.0,Undirected,1,180,,Mr. Bingley,Colonel Fitzwilliam
1712.0,1713.0,Undirected,1,180,,Mr. Darcy,Miss Bingley
1767.0,1713.0,Undirected,1,180,,Colonel Fitzwilliam,Miss Bingley
1767.0,1747.0,Undirected,1,180,,Colonel Fitzwilliam,Miss Darcy
1767.0,903.0,Undirected,1,180,,Colonel Fitzwilliam,Elizabeth Bennet
904.0,903.0,Undirected,1,181,,Jane Bennet,Elizabeth Bennet
906.0,905.0,Undirected,1,181,,Mary Bennet,Lydia Bennet
897.0,1767.0,Undirected,1,181,,Mrs. Bennet,Colonel Fitzwilliam
903.0,906.0,Undirected,1,181,,Elizabeth Bennet,Mary Bennet
905.0,1712.0,Undirected,1,181,,Lydia Bennet,Mr. Darcy
899.0,906.0,Undirected,1,181,,Mr. Bingley,Mary Bennet
899.0,903.0,Undirected,1,181,,Mr. Bingley,Elizabeth Bennet
896.0,899.0,Undirected,1,181,,Mr. Bennet,Mr. Bingley
904.0,1712.0,Undirected,1,181,,Jane Bennet,Mr. Darcy
899.0,1767.0,Undirected,1,181,,Mr. Bingley,Colonel Fitzwilliam
897.0,906.0,Undirected,1,181,,Mrs. Bennet,Mary Bennet
896.0,897.0,Undirected,1,181,,Mr. Bennet,Mrs. Bennet
896.0,907.0,Undirected,1,181,,Mr. Bennet,Kitty Bennet
907.0,1712.0,Undirected,1,181,,Kitty Bennet,Mr. Darcy
897.0,903.0,Undirected,1,181,,Mrs. Bennet,Elizabeth Bennet
897.0,907.0,Undirected,1,181,,Mrs. Bennet,Kitty Bennet
899.0,904.0,Undirected,1,181,,Mr. Bingley,Jane Bennet
906.0,1712.0,Undirected,1,181,,Mary Bennet,Mr. Darcy
897.0,904.0,Undirected,1,181,,Mrs. Bennet,Jane Bennet
1767.0,905.0,Undirected,1,181,,Colonel Fitzwilliam,Lydia Bennet
904.0,907.0,Undirected,1,181,,Jane Bennet,Kitty Bennet
1767.0,907.0,Undirected,1,181,,Colonel Fitzwilliam,Kitty Bennet
899.0,905.0,Undirected,1,181,,Mr. Bingley,Lydia Bennet
1767.0,904.0,Undirected,1,181,,Colonel Fitzwilliam,Jane Bennet
896.0,903.0,Undirected,1,181,,Mr. Bennet,Elizabeth Bennet
897.0,905.0,Undirected,1,181,,Mrs. Bennet,Lydia Bennet
897.0,899.0,Undirected,1,181,,Mrs. Bennet,Mr. Bingley
903.0,1712.0,Undirected,1,181,,Elizabeth Bennet,Mr. Darcy
899.0,1712.0,Undirected,1,181,,Mr. Bingley,Mr. Darcy
906.0,907.0,Undirected,1,181,,Mary Bennet,Kitty Bennet
1767.0,1712.0,Undirected,1,181,,Colonel Fitzwilliam,Mr. Darcy
897.0,1712.0,Undirected,1,181,,Mrs. Bennet,Mr. Darcy
896.0,906.0,Undirected,1,181,,Mr. Bennet,Mary Bennet
903.0,907.0,Undirected,1,181,,Elizabeth Bennet,Kitty Bennet
905.0,907.0,Undirected,1,181,,Lydia Bennet,Kitty Bennet
904.0,906.0,Undirected,1,181,,Jane Bennet,Mary Bennet
896.0,905.0,Undirected,1,181,,Mr. Bennet,Lydia Bennet
896.0,1712.0,Undirected,1,181,,Mr. Bennet,Mr. Darcy
903.0,905.0,Undirected,1,181,,Elizabeth Bennet,Lydia Bennet
896.0,1767.0,Undirected,1,181,,Mr. Bennet,Colonel Fitzwilliam
904.0,905.0,Undirected,1,181,,Jane Bennet,Lydia Bennet
896.0,904.0,Undirected,1,181,,Mr. Bennet,Jane Bennet
1767.0,903.0,Undirected,1,181,,Colonel Fitzwilliam,Elizabeth Bennet
899.0,907.0,Undirected,1,181,,Mr. Bingley,Kitty Bennet
1767.0,906.0,Undirected,1,181,,Colonel Fitzwilliam,Mary Bennet
899.0,903.0,Undirected,1,182,,Mr. Bingley,Elizabeth Bennet
899.0,1747.0,Undirected,1,182,,Mr. Bingley,Miss Darcy
1718.0,1756.0,Undirected,1,182,,Mr. Philips,Mr. Gardiner
1767.0,1713.0,Undirected,1,182,,Colonel Fitzwilliam,Miss Bingley
897.0,904.0,Undirected,1,182,,Mrs. Bennet,Jane Bennet
1715.0,1756.0,Undirected,1,182,,Charlotte Lucas,Mr. Gardiner
1712.0,1715.0,Undirected,1,182,,Mr. Darcy,Charlotte Lucas
897.0,1756.0,Undirected,1,182,,Mrs. Bennet,Mr. Gardiner
897.0,899.0,Undirected,1,182,,Mrs. Bennet,Mr. Bingley
904.0,1713.0,Undirected,1,182,,Jane Bennet,Miss Bingley
903.0,1713.0,Undirected,1,182,,Elizabeth Bennet,Miss Bingley
899.0,1713.0,Undirected,1,182,,Mr. Bingley,Miss Bingley
1713.0,1756.0,Undirected,1,182,,Miss Bingley,Mr. Gardiner
903.0,1756.0,Undirected,1,182,,Elizabeth Bennet,Mr. Gardiner
903.0,1747.0,Undirected,1,182,,Elizabeth Bennet,Miss Darcy
896.0,904.0,Undirected,1,182,,Mr. Bennet,Jane Bennet
1715.0,1751.0,Undirected,1,182,,Charlotte Lucas,Mr. Collins
896.0,1712.0,Undirected,1,182,,Mr. Bennet,Mr. Darcy
897.0,1767.0,Undirected,1,182,,Mrs. Bennet,Colonel Fitzwilliam
1747.0,1718.0,Undirected,1,182,,Miss Darcy,Mr. Philips
896.0,1718.0,Undirected,1,182,,Mr. Bennet,Mr. Philips
1751.0,1756.0,Undirected,1,182,,Mr. Collins,Mr. Gardiner
904.0,1756.0,Undirected,1,182,,Jane Bennet,Mr. Gardiner
1715.0,1718.0,Undirected,1,182,,Charlotte Lucas,Mr. Philips
1767.0,1756.0,Undirected,1,182,,Colonel Fitzwilliam,Mr. Gardiner
1712.0,1756.0,Undirected,1,182,,Mr. Darcy,Mr. Gardiner
897.0,1713.0,Undirected,1,182,,Mrs. Bennet,Miss Bingley
899.0,1756.0,Undirected,1,182,,Mr. Bingley,Mr. Gardiner
896.0,1751.0,Undirected,1,182,,Mr. Bennet,Mr. Collins
1767.0,904.0,Undirected,1,182,,Colonel Fitzwilliam,Jane Bennet
896.0,903.0,Undirected,1,182,,Mr. Bennet,Elizabeth Bennet
897.0,1747.0,Undirected,1,182,,Mrs. Bennet,Miss Darcy
1718.0,1751.0,Undirected,1,182,,Mr. Philips,Mr. Collins
897.0,1712.0,Undirected,1,182,,Mrs. Bennet,Mr. Darcy
1713.0,1747.0,Undirected,1,182,,Miss Bingley,Miss Darcy
896.0,897.0,Undirected,1,182,,Mr. Bennet,Mrs. Bennet
897.0,1718.0,Undirected,1,182,,Mrs. Bennet,Mr. Philips
904.0,1751.0,Undirected,1,182,,Jane Bennet,Mr. Collins
896.0,1713.0,Undirected,1,182,,Mr. Bennet,Miss Bingley
899.0,1718.0,Undirected,1,182,,Mr. Bingley,Mr. Philips
1713.0,1715.0,Undirected,1,182,,Miss Bingley,Charlotte Lucas
1767.0,1751.0,Undirected,1,182,,Colonel Fitzwilliam,Mr. Collins
903.0,1712.0,Undirected,1,182,,Elizabeth Bennet,Mr. Darcy
1747.0,1756.0,Undirected,1,182,,Miss Darcy,Mr. Gardiner
1712.0,1718.0,Undirected,1,182,,Mr. Darcy,Mr. Philips
896.0,1715.0,Undirected,1,182,,Mr. Bennet,Charlotte Lucas
1767.0,1718.0,Undirected,1,182,,Colonel Fitzwilliam,Mr. Philips
899.0,904.0,Undirected,1,182,,Mr. Bingley,Jane Bennet
896.0,1747.0,Undirected,1,182,,Mr. Bennet,Miss Darcy
904.0,1715.0,Undirected,1,182,,Jane Bennet,Charlotte Lucas
904.0,1718.0,Undirected,1,182,,Jane Bennet,Mr. Philips
899.0,1767.0,Undirected,1,182,,Mr. Bingley,Colonel Fitzwilliam
1767.0,1715.0,Undirected,1,182,,Colonel Fitzwilliam,Charlotte Lucas
897.0,903.0,Undirected,1,182,,Mrs. Bennet,Elizabeth Bennet
904.0,1747.0,Undirected,1,182,,Jane Bennet,Miss Darcy
899.0,1751.0,Undirected,1,182,,Mr. Bingley,Mr. Collins
904.0,1712.0,Undirected,1,182,,Jane Bennet,Mr. Darcy
1767.0,1712.0,Undirected,1,182,,Colonel Fitzwilliam,Mr. Darcy
903.0,1718.0,Undirected,1,182,,Elizabeth Bennet,Mr. Philips
1713.0,1718.0,Undirected,1,182,,Miss Bingley,Mr. Philips
897.0,1751.0,Undirected,1,182,,Mrs. Bennet,Mr. Collins
1712.0,1747.0,Undirected,1,182,,Mr. Darcy,Miss Darcy
903.0,1751.0,Undirected,1,182,,Elizabeth Bennet,Mr. Collins
1712.0,1713.0,Undirected,1,182,,Mr. Darcy,Miss Bingley
896.0,899.0,Undirected,1,182,,Mr. Bennet,Mr. Bingley
1747.0,1715.0,Undirected,1,182,,Miss Darcy,Charlotte Lucas
896.0,1767.0,Undirected,1,182,,Mr. Bennet,Colonel Fitzwilliam
903.0,1715.0,Undirected,1,182,,Elizabeth Bennet,Charlotte Lucas
897.0,1715.0,Undirected,1,182,,Mrs. Bennet,Charlotte Lucas
899.0,1712.0,Undirected,1,182,,Mr. Bingley,Mr. Darcy
903.0,904.0,Undirected,1,182,,Elizabeth Bennet,Jane Bennet
1713.0,1751.0,Undirected,1,182,,Miss Bingley,Mr. Collins
896.0,1756.0,Undirected,1,182,,Mr. Bennet,Mr. Gardiner
1712.0,1751.0,Undirected,1,182,,Mr. Darcy,Mr. Collins
1747.0,1751.0,Undirected,1,182,,Miss Darcy,Mr. Collins
899.0,1715.0,Undirected,1,182,,Mr. Bingley,Charlotte Lucas
1767.0,1747.0,Undirected,1,182,,Colonel Fitzwilliam,Miss Darcy
903.0,1767.0,Undirected,1,182,,Elizabeth Bennet,Colonel Fitzwilliam
1751.0,1715.0,Undirected,1,183,,Mr. Collins,Charlotte Lucas
1752.0,903.0,Undirected,1,183,,Lady Catherine de Bourgh,Elizabeth Bennet
1752.0,1715.0,Undirected,1,183,,Lady Catherine de Bourgh,Charlotte Lucas
1752.0,1751.0,Undirected,1,183,,Lady Catherine de Bourgh,Mr. Collins
1751.0,903.0,Undirected,1,183,,Mr. Collins,Elizabeth Bennet
1715.0,903.0,Undirected,1,183,,Charlotte Lucas,Elizabeth Bennet
903.0,904.0,directed,1,184,Exchange,,
904.0,903.0,directed,1,184,Exchange,,
1712.0,903.0,directed,1,185,Exchange,,
903.0,1712.0,directed,1,185,Exchange,,
1712.0,903.0,directed,1,186,Exchange,,
903.0,1712.0,directed,1,186,Exchange,,
903.0,1712.0,directed,1,187,Exchange,,
1712.0,903.0,directed,1,187,Exchange,,
903.0,1712.0,directed,1,188,Exchange,,
1712.0,903.0,directed,1,188,Exchange,,
903.0,1712.0,directed,1,189,Exchange,,
1712.0,903.0,directed,1,189,Exchange,,
1712.0,903.0,Undirected,1,190,,Mr. Darcy,Elizabeth Bennet
899.0,29.0,Undirected,1,191,,Mr. Bingley,Mr. Darcy's father
899.0,1712.0,Undirected,1,191,,Mr. Bingley,Mr. Darcy
904.0,1712.0,Undirected,1,191,,Jane Bennet,Mr. Darcy
899.0,903.0,Undirected,1,191,,Mr. Bingley,Elizabeth Bennet
1712.0,1750.0,Undirected,1,191,,Mr. Darcy,Mr. Wickham
899.0,904.0,Undirected,1,191,,Mr. Bingley,Jane Bennet
903.0,1712.0,Undirected,1,191,,Elizabeth Bennet,Mr. Darcy
904.0,1750.0,Undirected,1,191,,Jane Bennet,Mr. Wickham
899.0,1750.0,Undirected,1,191,,Mr. Bingley,Mr. Wickham
903.0,29.0,Undirected,1,191,,Elizabeth Bennet,Mr. Darcy's father
904.0,29.0,Undirected,1,191,,Jane Bennet,Mr. Darcy's father
903.0,1750.0,Undirected,1,191,,Elizabeth Bennet,Mr. Wickham
1712.0,29.0,Undirected,1,191,,Mr. Darcy,Mr. Darcy's father
1750.0,29.0,Undirected,1,191,,Mr. Wickham,Mr. Darcy's father
903.0,904.0,Undirected,1,191,,Elizabeth Bennet,Jane Bennet
903.0,19.0,Undirected,1,192,,Elizabeth Bennet,Sir William Lucas
899.0,1712.0,Undirected,1,192,,Mr. Bingley,Mr. Darcy
1712.0,19.0,Undirected,1,192,,Mr. Darcy,Sir William Lucas
899.0,904.0,Undirected,1,192,,Mr. Bingley,Jane Bennet
903.0,904.0,Undirected,1,192,,Elizabeth Bennet,Jane Bennet
899.0,903.0,Undirected,1,192,,Mr. Bingley,Elizabeth Bennet
899.0,19.0,Undirected,1,192,,Mr. Bingley,Sir William Lucas
904.0,19.0,Undirected,1,192,,Jane Bennet,Sir William Lucas
903.0,1712.0,Undirected,1,192,,Elizabeth Bennet,Mr. Darcy
904.0,1712.0,Undirected,1,192,,Jane Bennet,Mr. Darcy
899.0,1713.0,Undirected,1,193,,Mr. Bingley,Miss Bingley
906.0,907.0,Undirected,1,193,,Mary Bennet,Kitty Bennet
904.0,1712.0,Undirected,1,193,,Jane Bennet,Mr. Darcy
896.0,899.0,Undirected,1,193,,Mr. Bennet,Mr. Bingley
897.0,907.0,Undirected,1,193,,Mrs. Bennet,Kitty Bennet
897.0,904.0,Undirected,1,193,,Mrs. Bennet,Jane Bennet
905.0,907.0,Undirected,1,193,,Lydia Bennet,Kitty Bennet
906.0,1712.0,Undirected,1,193,,Mary Bennet,Mr. Darcy
899.0,904.0,Undirected,1,193,,Mr. Bingley,Jane Bennet
903.0,1713.0,Undirected,1,193,,Elizabeth Bennet,Miss Bingley
905.0,1713.0,Undirected,1,193,,Lydia Bennet,Miss Bingley
897.0,1712.0,Undirected,1,193,,Mrs. Bennet,Mr. Darcy
899.0,1712.0,Undirected,1,193,,Mr. Bingley,Mr. Darcy
896.0,1713.0,Undirected,1,193,,Mr. Bennet,Miss Bingley
903.0,907.0,Undirected,1,193,,Elizabeth Bennet,Kitty Bennet
896.0,897.0,Undirected,1,193,,Mr. Bennet,Mrs. Bennet
899.0,903.0,Undirected,1,193,,Mr. Bingley,Elizabeth Bennet
896.0,907.0,Undirected,1,193,,Mr. Bennet,Kitty Bennet
899.0,906.0,Undirected,1,193,,Mr. Bingley,Mary Bennet
897.0,906.0,Undirected,1,193,,Mrs. Bennet,Mary Bennet
897.0,903.0,Undirected,1,193,,Mrs. Bennet,Elizabeth Bennet
896.0,903.0,Undirected,1,193,,Mr. Bennet,Elizabeth Bennet
906.0,1713.0,Undirected,1,193,,Mary Bennet,Miss Bingley
896.0,904.0,Undirected,1,193,,Mr. Bennet,Jane Bennet
904.0,905.0,Undirected,1,193,,Jane Bennet,Lydia Bennet
896.0,1712.0,Undirected,1,193,,Mr. Bennet,Mr. Darcy
905.0,1712.0,Undirected,1,193,,Lydia Bennet,Mr. Darcy
897.0,905.0,Undirected,1,193,,Mrs. Bennet,Lydia Bennet
897.0,899.0,Undirected,1,193,,Mrs. Bennet,Mr. Bingley
899.0,907.0,Undirected,1,193,,Mr. Bingley,Kitty Bennet
904.0,906.0,Undirected,1,193,,Jane Bennet,Mary Bennet
903.0,904.0,Undirected,1,193,,Elizabeth Bennet,Jane Bennet
905.0,906.0,Undirected,1,193,,Lydia Bennet,Mary Bennet
1712.0,1713.0,Undirected,1,193,,Mr. Darcy,Miss Bingley
907.0,1712.0,Undirected,1,193,,Kitty Bennet,Mr. Darcy
896.0,905.0,Undirected,1,193,,Mr. Bennet,Lydia Bennet
896.0,906.0,Undirected,1,193,,Mr. Bennet,Mary Bennet
903.0,1712.0,Undirected,1,193,,Elizabeth Bennet,Mr. Darcy
907.0,1713.0,Undirected,1,193,,Kitty Bennet,Miss Bingley
904.0,907.0,Undirected,1,193,,Jane Bennet,Kitty Bennet
899.0,905.0,Undirected,1,193,,Mr. Bingley,Lydia Bennet
904.0,1713.0,Undirected,1,193,,Jane Bennet,Miss Bingley
903.0,905.0,Undirected,1,193,,Elizabeth Bennet,Lydia Bennet
897.0,1713.0,Undirected,1,193,,Mrs. Bennet,Miss Bingley
903.0,906.0,Undirected,1,193,,Elizabeth Bennet,Mary Bennet
904.0,29.0,Undirected,1,194,,Jane Bennet,Mr. Darcy's father
1712.0,29.0,Undirected,1,194,,Mr. Darcy,Mr. Darcy's father
43.0,1750.0,Undirected,1,194,,Mr. Wickham's mother,Mr. Wickham
42.0,29.0,Undirected,1,194,,Mr. Wickham's father,Mr. Darcy's father
903.0,43.0,Undirected,1,194,,Elizabeth Bennet,Mr. Wickham's mother
42.0,1713.0,Undirected,1,194,,Mr. Wickham's father,Miss Bingley
899.0,903.0,Undirected,1,194,,Mr. Bingley,Elizabeth Bennet
904.0,43.0,Undirected,1,194,,Jane Bennet,Mr. Wickham's mother
899.0,904.0,Undirected,1,194,,Mr. Bingley,Jane Bennet
903.0,1713.0,Undirected,1,194,,Elizabeth Bennet,Miss Bingley
904.0,1713.0,Undirected,1,194,,Jane Bennet,Miss Bingley
1712.0,1713.0,Undirected,1,194,,Mr. Darcy,Miss Bingley
899.0,42.0,Undirected,1,194,,Mr. Bingley,Mr. Wickham's father
899.0,1712.0,Undirected,1,194,,Mr. Bingley,Mr. Darcy
42.0,1750.0,Undirected,1,194,,Mr. Wickham's father,Mr. Wickham
899.0,43.0,Undirected,1,194,,Mr. Bingley,Mr. Wickham's mother
903.0,1712.0,Undirected,1,194,,Elizabeth Bennet,Mr. Darcy
1750.0,29.0,Undirected,1,194,,Mr. Wickham,Mr. Darcy's father
904.0,42.0,Undirected,1,194,,Jane Bennet,Mr. Wickham's father
899.0,1750.0,Undirected,1,194,,Mr. Bingley,Mr. Wickham
43.0,29.0,Undirected,1,194,,Mr. Wickham's mother,Mr. Darcy's father
1713.0,1750.0,Undirected,1,194,,Miss Bingley,Mr. Wickham
903.0,1750.0,Undirected,1,194,,Elizabeth Bennet,Mr. Wickham
904.0,1712.0,Undirected,1,194,,Jane Bennet,Mr. Darcy
1713.0,29.0,Undirected,1,194,,Miss Bingley,Mr. Darcy's father
43.0,1712.0,Undirected,1,194,,Mr. Wickham's mother,Mr. Darcy
899.0,1713.0,Undirected,1,194,,Mr. Bingley,Miss Bingley
899.0,29.0,Undirected,1,194,,Mr. Bingley,Mr. Darcy's father
1712.0,1750.0,Undirected,1,194,,Mr. Darcy,Mr. Wickham
904.0,1750.0,Undirected,1,194,,Jane Bennet,Mr. Wickham
903.0,42.0,Undirected,1,194,,Elizabeth Bennet,Mr. Wickham's father
42.0,43.0,Undirected,1,194,,Mr. Wickham's father,Mr. Wickham's mother
43.0,1713.0,Undirected,1,194,,Mr. Wickham's mother,Miss Bingley
42.0,1712.0,Undirected,1,194,,Mr. Wickham's father,Mr. Darcy
903.0,29.0,Undirected,1,194,,Elizabeth Bennet,Mr. Darcy's father
903.0,904.0,Undirected,1,194,,Elizabeth Bennet,Jane Bennet
903.0,1712.0,Undirected,1,195,,Elizabeth Bennet,Mr. Darcy
903.0,29.0,Undirected,1,195,,Elizabeth Bennet,Mr. Darcy's father
903.0,1750.0,Undirected,1,195,,Elizabeth Bennet,Mr. Wickham
1712.0,29.0,Undirected,1,195,,Mr. Darcy,Mr. Darcy's father
1750.0,29.0,Undirected,1,195,,Mr. Wickham,Mr. Darcy's father
42.0,1712.0,Undirected,1,195,,Mr. Wickham's father,Mr. Darcy
42.0,29.0,Undirected,1,195,,Mr. Wickham's father,Mr. Darcy's father
903.0,42.0,Undirected,1,195,,Elizabeth Bennet,Mr. Wickham's father
42.0,1750.0,Undirected,1,195,,Mr. Wickham's father,Mr. Wickham
1712.0,1750.0,Undirected,1,195,,Mr. Darcy,Mr. Wickham
1768.0,44.0,Undirected,1,196,,Mrs. Younge,Mr. Darcy's mother
44.0,1747.0,Undirected,1,196,,Mr. Darcy's mother,Miss Darcy
44.0,1750.0,Undirected,1,196,,Mr. Darcy's mother,Mr. Wickham
1712.0,29.0,Undirected,1,196,,Mr. Darcy,Mr. Darcy's father
903.0,29.0,Undirected,1,196,,Elizabeth Bennet,Mr. Darcy's father
903.0,1767.0,Undirected,1,196,,Elizabeth Bennet,Colonel Fitzwilliam
1768.0,1712.0,Undirected,1,196,,Mrs. Younge,Mr. Darcy
44.0,1712.0,Undirected,1,196,,Mr. Darcy's mother,Mr. Darcy
1712.0,1750.0,Undirected,1,196,,Mr. Darcy,Mr. Wickham
903.0,44.0,Undirected,1,196,,Elizabeth Bennet,Mr. Darcy's mother
903.0,1768.0,Undirected,1,196,,Elizabeth Bennet,Mrs. Younge
1767.0,1712.0,Undirected,1,196,,Colonel Fitzwilliam,Mr. Darcy
1768.0,1767.0,Undirected,1,196,,Mrs. Younge,Colonel Fitzwilliam
1767.0,29.0,Undirected,1,196,,Colonel Fitzwilliam,Mr. Darcy's father
1768.0,1747.0,Undirected,1,196,,Mrs. Younge,Miss Darcy
903.0,1747.0,Undirected,1,196,,Elizabeth Bennet,Miss Darcy
903.0,1750.0,Undirected,1,196,,Elizabeth Bennet,Mr. Wickham
1768.0,29.0,Undirected,1,196,,Mrs. Younge,Mr. Darcy's father
1767.0,1750.0,Undirected,1,196,,Colonel Fitzwilliam,Mr. Wickham
44.0,29.0,Undirected,1,196,,Mr. Darcy's mother,Mr. Darcy's father
1767.0,1747.0,Undirected,1,196,,Colonel Fitzwilliam,Miss Darcy
1712.0,1747.0,Undirected,1,196,,Mr. Darcy,Miss Darcy
1747.0,1750.0,Undirected,1,196,,Miss Darcy,Mr. Wickham
1747.0,29.0,Undirected,1,196,,Miss Darcy,Mr. Darcy's father
1767.0,44.0,Undirected,1,196,,Colonel Fitzwilliam,Mr. Darcy's mother
1750.0,29.0,Undirected,1,196,,Mr. Wickham,Mr. Darcy's father
1768.0,1750.0,Undirected,1,196,,Mrs. Younge,Mr. Wickham
903.0,1712.0,Undirected,1,196,,Elizabeth Bennet,Mr. Darcy
1712.0,29.0,Undirected,1,197,,Mr. Darcy,Mr. Darcy's father
1767.0,903.0,Undirected,1,197,,Colonel Fitzwilliam,Elizabeth Bennet
903.0,1750.0,Undirected,1,197,,Elizabeth Bennet,Mr. Wickham
1767.0,1712.0,Undirected,1,197,,Colonel Fitzwilliam,Mr. Darcy
903.0,1712.0,Undirected,1,197,,Elizabeth Bennet,Mr. Darcy
1750.0,29.0,Undirected,1,197,,Mr. Wickham,Mr. Darcy's father
903.0,29.0,Undirected,1,197,,Elizabeth Bennet,Mr. Darcy's father
1712.0,1750.0,Undirected,1,197,,Mr. Darcy,Mr. Wickham
1767.0,29.0,Undirected,1,197,,Colonel Fitzwilliam,Mr. Darcy's father
1767.0,1750.0,Undirected,1,197,,Colonel Fitzwilliam,Mr. Wickham
1750.0,903.0,Undirected,1,198,,Mr. Wickham,Elizabeth Bennet
1712.0,904.0,Undirected,1,198,,Mr. Darcy,Jane Bennet
1712.0,1750.0,Undirected,1,198,,Mr. Darcy,Mr. Wickham
904.0,1750.0,Undirected,1,198,,Jane Bennet,Mr. Wickham
1712.0,903.0,Undirected,1,198,,Mr. Darcy,Elizabeth Bennet
904.0,903.0,Undirected,1,198,,Jane Bennet,Elizabeth Bennet
44.0,1712.0,Undirected,1,199,,Mr. Darcy's mother,Mr. Darcy
1712.0,1750.0,Undirected,1,199,,Mr. Darcy,Mr. Wickham
903.0,1750.0,Undirected,1,199,,Elizabeth Bennet,Mr. Wickham
1750.0,29.0,Undirected,1,199,,Mr. Wickham,Mr. Darcy's father
1747.0,1750.0,Undirected,1,199,,Miss Darcy,Mr. Wickham
903.0,1712.0,Undirected,1,199,,Elizabeth Bennet,Mr. Darcy
44.0,1747.0,Undirected,1,199,,Mr. Darcy's mother,Miss Darcy
903.0,44.0,Undirected,1,199,,Elizabeth Bennet,Mr. Darcy's mother
1712.0,1747.0,Undirected,1,199,,Mr. Darcy,Miss Darcy
44.0,29.0,Undirected,1,199,,Mr. Darcy's mother,Mr. Darcy's father
44.0,1750.0,Undirected,1,199,,Mr. Darcy's mother,Mr. Wickham
903.0,1747.0,Undirected,1,199,,Elizabeth Bennet,Miss Darcy
1747.0,29.0,Undirected,1,199,,Miss Darcy,Mr. Darcy's father
1712.0,29.0,Undirected,1,199,,Mr. Darcy,Mr. Darcy's father
903.0,29.0,Undirected,1,199,,Elizabeth Bennet,Mr. Darcy's father
903.0,1747.0,Undirected,1,200,,Elizabeth Bennet,Miss Darcy
1767.0,1747.0,Undirected,1,200,,Colonel Fitzwilliam,Miss Darcy
903.0,1718.0,Undirected,1,200,,Elizabeth Bennet,Mr. Philips
1767.0,1712.0,Undirected,1,200,,Colonel Fitzwilliam,Mr. Darcy
1712.0,1718.0,Undirected,1,200,,Mr. Darcy,Mr. Philips
1712.0,1747.0,Undirected,1,200,,Mr. Darcy,Miss Darcy
1767.0,1750.0,Undirected,1,200,,Colonel Fitzwilliam,Mr. Wickham
903.0,1712.0,Undirected,1,200,,Elizabeth Bennet,Mr. Darcy
1750.0,1718.0,Undirected,1,200,,Mr. Wickham,Mr. Philips
1712.0,1750.0,Undirected,1,200,,Mr. Darcy,Mr. Wickham
1747.0,1750.0,Undirected,1,200,,Miss Darcy,Mr. Wickham
1767.0,1718.0,Undirected,1,200,,Colonel Fitzwilliam,Mr. Philips
903.0,1750.0,Undirected,1,200,,Elizabeth Bennet,Mr. Wickham
903.0,1767.0,Undirected,1,200,,Elizabeth Bennet,Colonel Fitzwilliam
1747.0,1718.0,Undirected,1,200,,Miss Darcy,Mr. Philips
904.0,1758.0,Undirected,1,201,,Jane Bennet,Miss King
1712.0,1750.0,Undirected,1,201,,Mr. Darcy,Mr. Wickham
29.0,1758.0,Undirected,1,201,,Mr. Darcy's father,Miss King
1747.0,1750.0,Undirected,1,201,,Miss Darcy,Mr. Wickham
1747.0,29.0,Undirected,1,201,,Miss Darcy,Mr. Darcy's father
904.0,1747.0,Undirected,1,201,,Jane Bennet,Miss Darcy
904.0,1750.0,Undirected,1,201,,Jane Bennet,Mr. Wickham
1712.0,1747.0,Undirected,1,201,,Mr. Darcy,Miss Darcy
1750.0,29.0,Undirected,1,201,,Mr. Wickham,Mr. Darcy's father
899.0,903.0,Undirected,1,201,,Mr. Bingley,Elizabeth Bennet
899.0,1712.0,Undirected,1,201,,Mr. Bingley,Mr. Darcy
903.0,1747.0,Undirected,1,201,,Elizabeth Bennet,Miss Darcy
1712.0,1758.0,Undirected,1,201,,Mr. Darcy,Miss King
899.0,1758.0,Undirected,1,201,,Mr. Bingley,Miss King
903.0,904.0,Undirected,1,201,,Elizabeth Bennet,Jane Bennet
903.0,29.0,Undirected,1,201,,Elizabeth Bennet,Mr. Darcy's father
904.0,1712.0,Undirected,1,201,,Jane Bennet,Mr. Darcy
903.0,1758.0,Undirected,1,201,,Elizabeth Bennet,Miss King
899.0,29.0,Undirected,1,201,,Mr. Bingley,Mr. Darcy's father
903.0,1712.0,Undirected,1,201,,Elizabeth Bennet,Mr. Darcy
899.0,904.0,Undirected,1,201,,Mr. Bingley,Jane Bennet
1747.0,1758.0,Undirected,1,201,,Miss Darcy,Miss King
903.0,1750.0,Undirected,1,201,,Elizabeth Bennet,Mr. Wickham
899.0,1750.0,Undirected,1,201,,Mr. Bingley,Mr. Wickham
899.0,1747.0,Undirected,1,201,,Mr. Bingley,Miss Darcy
1750.0,1758.0,Undirected,1,201,,Mr. Wickham,Miss King
1712.0,29.0,Undirected,1,201,,Mr. Darcy,Mr. Darcy's father
904.0,29.0,Undirected,1,201,,Jane Bennet,Mr. Darcy's father
896.0,905.0,Undirected,1,202,,Mr. Bennet,Lydia Bennet
905.0,1715.0,Undirected,1,202,,Lydia Bennet,Charlotte Lucas
906.0,907.0,Undirected,1,202,,Mary Bennet,Kitty Bennet
899.0,904.0,Undirected,1,202,,Mr. Bingley,Jane Bennet
897.0,907.0,Undirected,1,202,,Mrs. Bennet,Kitty Bennet
906.0,1715.0,Undirected,1,202,,Mary Bennet,Charlotte Lucas
897.0,904.0,Undirected,1,202,,Mrs. Bennet,Jane Bennet
896.0,899.0,Undirected,1,202,,Mr. Bennet,Mr. Bingley
904.0,1712.0,Undirected,1,202,,Jane Bennet,Mr. Darcy
896.0,897.0,Undirected,1,202,,Mr. Bennet,Mrs. Bennet
907.0,1715.0,Undirected,1,202,,Kitty Bennet,Charlotte Lucas
903.0,905.0,Undirected,1,202,,Elizabeth Bennet,Lydia Bennet
904.0,907.0,Undirected,1,202,,Jane Bennet,Kitty Bennet
1712.0,1715.0,Undirected,1,202,,Mr. Darcy,Charlotte Lucas
897.0,905.0,Undirected,1,202,,Mrs. Bennet,Lydia Bennet
897.0,899.0,Undirected,1,202,,Mrs. Bennet,Mr. Bingley
896.0,1712.0,Undirected,1,202,,Mr. Bennet,Mr. Darcy
899.0,1715.0,Undirected,1,202,,Mr. Bingley,Charlotte Lucas
907.0,1712.0,Undirected,1,202,,Kitty Bennet,Mr. Darcy
896.0,1715.0,Undirected,1,202,,Mr. Bennet,Charlotte Lucas
904.0,1715.0,Undirected,1,202,,Jane Bennet,Charlotte Lucas
906.0,1712.0,Undirected,1,202,,Mary Bennet,Mr. Darcy
903.0,1715.0,Undirected,1,202,,Elizabeth Bennet,Charlotte Lucas
905.0,907.0,Undirected,1,202,,Lydia Bennet,Kitty Bennet
904.0,905.0,Undirected,1,202,,Jane Bennet,Lydia Bennet
897.0,903.0,Undirected,1,202,,Mrs. Bennet,Elizabeth Bennet
896.0,907.0,Undirected,1,202,,Mr. Bennet,Kitty Bennet
899.0,906.0,Undirected,1,202,,Mr. Bingley,Mary Bennet
897.0,906.0,Undirected,1,202,,Mrs. Bennet,Mary Bennet
899.0,903.0,Undirected,1,202,,Mr. Bingley,Elizabeth Bennet
903.0,906.0,Undirected,1,202,,Elizabeth Bennet,Mary Bennet
905.0,1712.0,Undirected,1,202,,Lydia Bennet,Mr. Darcy
899.0,907.0,Undirected,1,202,,Mr. Bingley,Kitty Bennet
904.0,906.0,Undirected,1,202,,Jane Bennet,Mary Bennet
903.0,904.0,Undirected,1,202,,Elizabeth Bennet,Jane Bennet
903.0,907.0,Undirected,1,202,,Elizabeth Bennet,Kitty Bennet
903.0,1712.0,Undirected,1,202,,Elizabeth Bennet,Mr. Darcy
905.0,906.0,Undirected,1,202,,Lydia Bennet,Mary Bennet
896.0,906.0,Undirected,1,202,,Mr. Bennet,Mary Bennet
896.0,904.0,Undirected,1,202,,Mr. Bennet,Jane Bennet
897.0,1715.0,Undirected,1,202,,Mrs. Bennet,Charlotte Lucas
897.0,1712.0,Undirected,1,202,,Mrs. Bennet,Mr. Darcy
899.0,1712.0,Undirected,1,202,,Mr. Bingley,Mr. Darcy
896.0,903.0,Undirected,1,202,,Mr. Bennet,Elizabeth Bennet
899.0,905.0,Undirected,1,202,,Mr. Bingley,Lydia Bennet
1712.0,1767.0,Undirected,1,203,,Mr. Darcy,Colonel Fitzwilliam
903.0,1767.0,Undirected,1,203,,Elizabeth Bennet,Colonel Fitzwilliam
1712.0,903.0,Undirected,1,203,,Mr. Darcy,Elizabeth Bennet
903.0,1752.0,directed,1,204,Exchange,,
1751.0,1753.0,directed,1,204,Exchange,,
1751.0,1752.0,directed,1,204,Exchange,,
1752.0,903.0,directed,1,204,Exchange,,
1751.0,1712.0,directed,1,204,Exchange,,
1712.0,1751.0,directed,1,204,Exchange,,
1753.0,1751.0,directed,1,204,Exchange,,
1752.0,1751.0,directed,1,204,Exchange,,
1752.0,903.0,directed,1,205,Exchange,,
896.0,903.0,directed,1,205,Exchange,,
1715.0,1752.0,directed,1,205,Exchange,,
903.0,1752.0,directed,1,205,Exchange,,
903.0,896.0,directed,1,205,Exchange,,
1752.0,1715.0,directed,1,205,Exchange,,
903.0,1712.0,directed,1,206,Exchange,,
903.0,1752.0,directed,1,206,Exchange,,
1712.0,903.0,directed,1,206,Exchange,,
1752.0,903.0,directed,1,206,Exchange,,
1752.0,903.0,directed,1,207,Exchange,,
907.0,2552.0,directed,1,207,Exchange,,
1759.0,1752.0,directed,1,207,Exchange,,
903.0,1752.0,directed,1,207,Exchange,,
1752.0,1759.0,directed,1,207,Exchange,,
2552.0,907.0,directed,1,207,Exchange,,
1752.0,903.0,Undirected,1,208,,Lady Catherine de Bourgh,Elizabeth Bennet
1751.0,903.0,Undirected,1,208,,Mr. Collins,Elizabeth Bennet
1752.0,1715.0,Undirected,1,208,,Lady Catherine de Bourgh,Charlotte Lucas
1751.0,1715.0,Undirected,1,208,,Mr. Collins,Charlotte Lucas
1715.0,903.0,Undirected,1,208,,Charlotte Lucas,Elizabeth Bennet
1752.0,1751.0,Undirected,1,208,,Lady Catherine de Bourgh,Mr. Collins
897.0,906.0,Undirected,1,209,,Mrs. Bennet,Mary Bennet
897.0,1751.0,Undirected,1,209,,Mrs. Bennet,Mr. Collins
907.0,1756.0,Undirected,1,209,,Kitty Bennet,Mr. Gardiner
903.0,1751.0,Undirected,1,209,,Elizabeth Bennet,Mr. Collins
896.0,1715.0,Undirected,1,209,,Mr. Bennet,Charlotte Lucas
903.0,1757.0,Undirected,1,209,,Elizabeth Bennet,Mrs. Gardiner
1752.0,1756.0,Undirected,1,209,,Lady Catherine de Bourgh,Mr. Gardiner
903.0,1715.0,Undirected,1,209,,Elizabeth Bennet,Charlotte Lucas
1715.0,1752.0,Undirected,1,209,,Charlotte Lucas,Lady Catherine de Bourgh
907.0,1752.0,Undirected,1,209,,Kitty Bennet,Lady Catherine de Bourgh
905.0,1752.0,Undirected,1,209,,Lydia Bennet,Lady Catherine de Bourgh
896.0,1756.0,Undirected,1,209,,Mr. Bennet,Mr. Gardiner
906.0,1756.0,Undirected,1,209,,Mary Bennet,Mr. Gardiner
897.0,1715.0,Undirected,1,209,,Mrs. Bennet,Charlotte Lucas
904.0,1751.0,Undirected,1,209,,Jane Bennet,Mr. Collins
896.0,904.0,Undirected,1,209,,Mr. Bennet,Jane Bennet
903.0,904.0,Undirected,1,209,,Elizabeth Bennet,Jane Bennet
904.0,906.0,Undirected,1,209,,Jane Bennet,Mary Bennet
907.0,1715.0,Undirected,1,209,,Kitty Bennet,Charlotte Lucas
903.0,907.0,Undirected,1,209,,Elizabeth Bennet,Kitty Bennet
897.0,904.0,Undirected,1,209,,Mrs. Bennet,Jane Bennet
906.0,1715.0,Undirected,1,209,,Mary Bennet,Charlotte Lucas
896.0,905.0,Undirected,1,209,,Mr. Bennet,Lydia Bennet
903.0,1752.0,Undirected,1,209,,Elizabeth Bennet,Lady Catherine de Bourgh
1756.0,1757.0,Undirected,1,209,,Mr. Gardiner,Mrs. Gardiner
904.0,1715.0,Undirected,1,209,,Jane Bennet,Charlotte Lucas
905.0,1757.0,Undirected,1,209,,Lydia Bennet,Mrs. Gardiner
907.0,1751.0,Undirected,1,209,,Kitty Bennet,Mr. Collins
896.0,1757.0,Undirected,1,209,,Mr. Bennet,Mrs. Gardiner
904.0,907.0,Undirected,1,209,,Jane Bennet,Kitty Bennet
903.0,905.0,Undirected,1,209,,Elizabeth Bennet,Lydia Bennet
904.0,1752.0,Undirected,1,209,,Jane Bennet,Lady Catherine de Bourgh
903.0,1756.0,Undirected,1,209,,Elizabeth Bennet,Mr. Gardiner
906.0,907.0,Undirected,1,209,,Mary Bennet,Kitty Bennet
897.0,907.0,Undirected,1,209,,Mrs. Bennet,Kitty Bennet
906.0,1752.0,Undirected,1,209,,Mary Bennet,Lady Catherine de Bourgh
1751.0,1752.0,Undirected,1,209,,Mr. Collins,Lady Catherine de Bourgh
904.0,905.0,Undirected,1,209,,Jane Bennet,Lydia Bennet
1752.0,1757.0,Undirected,1,209,,Lady Catherine de Bourgh,Mrs. Gardiner
906.0,1751.0,Undirected,1,209,,Mary Bennet,Mr. Collins
903.0,906.0,Undirected,1,209,,Elizabeth Bennet,Mary Bennet
904.0,1757.0,Undirected,1,209,,Jane Bennet,Mrs. Gardiner
905.0,1715.0,Undirected,1,209,,Lydia Bennet,Charlotte Lucas
904.0,1756.0,Undirected,1,209,,Jane Bennet,Mr. Gardiner
897.0,1752.0,Undirected,1,209,,Mrs. Bennet,Lady Catherine de Bourgh
1751.0,1756.0,Undirected,1,209,,Mr. Collins,Mr. Gardiner
896.0,897.0,Undirected,1,209,,Mr. Bennet,Mrs. Bennet
905.0,906.0,Undirected,1,209,,Lydia Bennet,Mary Bennet
1715.0,1751.0,Undirected,1,209,,Charlotte Lucas,Mr. Collins
896.0,906.0,Undirected,1,209,,Mr. Bennet,Mary Bennet
1715.0,1757.0,Undirected,1,209,,Charlotte Lucas,Mrs. Gardiner
897.0,905.0,Undirected,1,209,,Mrs. Bennet,Lydia Bennet
896.0,903.0,Undirected,1,209,,Mr. Bennet,Elizabeth Bennet
906.0,1757.0,Undirected,1,209,,Mary Bennet,Mrs. Gardiner
1751.0,1757.0,Undirected,1,209,,Mr. Collins,Mrs. Gardiner
1715.0,1756.0,Undirected,1,209,,Charlotte Lucas,Mr. Gardiner
896.0,1751.0,Undirected,1,209,,Mr. Bennet,Mr. Collins
905.0,1751.0,Undirected,1,209,,Lydia Bennet,Mr. Collins
905.0,907.0,Undirected,1,209,,Lydia Bennet,Kitty Bennet
897.0,1756.0,Undirected,1,209,,Mrs. Bennet,Mr. Gardiner
907.0,1757.0,Undirected,1,209,,Kitty Bennet,Mrs. Gardiner
897.0,903.0,Undirected,1,209,,Mrs. Bennet,Elizabeth Bennet
896.0,907.0,Undirected,1,209,,Mr. Bennet,Kitty Bennet
896.0,1752.0,Undirected,1,209,,Mr. Bennet,Lady Catherine de Bourgh
905.0,1756.0,Undirected,1,209,,Lydia Bennet,Mr. Gardiner
897.0,1757.0,Undirected,1,209,,Mrs. Bennet,Mrs. Gardiner
19.0,1757.0,Undirected,1,210,,Sir William Lucas,Mrs. Gardiner
903.0,1712.0,Undirected,1,210,,Elizabeth Bennet,Mr. Darcy
1712.0,1757.0,Undirected,1,210,,Mr. Darcy,Mrs. Gardiner
904.0,1712.0,Undirected,1,210,,Jane Bennet,Mr. Darcy
903.0,904.0,Undirected,1,210,,Elizabeth Bennet,Jane Bennet
1756.0,1759.0,Undirected,1,210,,Mr. Gardiner,Maria Lucas
904.0,1759.0,Undirected,1,210,,Jane Bennet,Maria Lucas
904.0,1751.0,Undirected,1,210,,Jane Bennet,Mr. Collins
904.0,19.0,Undirected,1,210,,Jane Bennet,Sir William Lucas
904.0,1757.0,Undirected,1,210,,Jane Bennet,Mrs. Gardiner
899.0,1712.0,Undirected,1,210,,Mr. Bingley,Mr. Darcy
19.0,1759.0,Undirected,1,210,,Sir William Lucas,Maria Lucas
19.0,1756.0,Undirected,1,210,,Sir William Lucas,Mr. Gardiner
1712.0,1751.0,Undirected,1,210,,Mr. Darcy,Mr. Collins
903.0,1759.0,Undirected,1,210,,Elizabeth Bennet,Maria Lucas
1712.0,19.0,Undirected,1,210,,Mr. Darcy,Sir William Lucas
19.0,1751.0,Undirected,1,210,,Sir William Lucas,Mr. Collins
903.0,1756.0,Undirected,1,210,,Elizabeth Bennet,Mr. Gardiner
899.0,1751.0,Undirected,1,210,,Mr. Bingley,Mr. Collins
1756.0,1757.0,Undirected,1,210,,Mr. Gardiner,Mrs. Gardiner
1751.0,1756.0,Undirected,1,210,,Mr. Collins,Mr. Gardiner
899.0,1756.0,Undirected,1,210,,Mr. Bingley,Mr. Gardiner
899.0,1759.0,Undirected,1,210,,Mr. Bingley,Maria Lucas
1757.0,1759.0,Undirected,1,210,,Mrs. Gardiner,Maria Lucas
1751.0,1757.0,Undirected,1,210,,Mr. Collins,Mrs. Gardiner
903.0,1757.0,Undirected,1,210,,Elizabeth Bennet,Mrs. Gardiner
899.0,903.0,Undirected,1,210,,Mr. Bingley,Elizabeth Bennet
1712.0,1759.0,Undirected,1,210,,Mr. Darcy,Maria Lucas
903.0,1751.0,Undirected,1,210,,Elizabeth Bennet,Mr. Collins
904.0,1756.0,Undirected,1,210,,Jane Bennet,Mr. Gardiner
899.0,19.0,Undirected,1,210,,Mr. Bingley,Sir William Lucas
903.0,19.0,Undirected,1,210,,Elizabeth Bennet,Sir William Lucas
1751.0,1759.0,Undirected,1,210,,Mr. Collins,Maria Lucas
899.0,904.0,Undirected,1,210,,Mr. Bingley,Jane Bennet
899.0,1757.0,Undirected,1,210,,Mr. Bingley,Mrs. Gardiner
1712.0,1756.0,Undirected,1,210,,Mr. Darcy,Mr. Gardiner
903.0,28.0,Undirected,1,211,,Elizabeth Bennet,Officers (at Meryton)
47.0,92.0,Undirected,1,211,,Sentinel (observed by Kitty and Lydia),Coachman
907.0,47.0,Undirected,1,211,,Kitty Bennet,Sentinel (observed by Kitty and Lydia)
896.0,46.0,Undirected,1,211,,Mr. Bennet,Milliner (Kitty and Lydia visit)
903.0,1759.0,Undirected,1,211,,Elizabeth Bennet,Maria Lucas
904.0,92.0,Undirected,1,211,,Jane Bennet,Coachman
907.0,92.0,Undirected,1,211,,Kitty Bennet,Coachman
896.0,905.0,Undirected,1,211,,Mr. Bennet,Lydia Bennet
896.0,92.0,Undirected,1,211,,Mr. Bennet,Coachman
92.0,1759.0,Undirected,1,211,,Coachman,Maria Lucas
904.0,28.0,Undirected,1,211,,Jane Bennet,Officers (at Meryton)
904.0,47.0,Undirected,1,211,,Jane Bennet,Sentinel (observed by Kitty and Lydia)
47.0,1759.0,Undirected,1,211,,Sentinel (observed by Kitty and Lydia),Maria Lucas
904.0,907.0,Undirected,1,211,,Jane Bennet,Kitty Bennet
896.0,28.0,Undirected,1,211,,Mr. Bennet,Officers (at Meryton)
907.0,28.0,Undirected,1,211,,Kitty Bennet,Officers (at Meryton)
907.0,1759.0,Undirected,1,211,,Kitty Bennet,Maria Lucas
904.0,1759.0,Undirected,1,211,,Jane Bennet,Maria Lucas
28.0,92.0,Undirected,1,211,,Officers (at Meryton),Coachman
896.0,903.0,Undirected,1,211,,Mr. Bennet,Elizabeth Bennet
28.0,47.0,Undirected,1,211,,Officers (at Meryton),Sentinel (observed by Kitty and Lydia)
46.0,92.0,Undirected,1,211,,Milliner (Kitty and Lydia visit),Coachman
905.0,1759.0,Undirected,1,211,,Lydia Bennet,Maria Lucas
28.0,1759.0,Undirected,1,211,,Officers (at Meryton),Maria Lucas
896.0,1759.0,Undirected,1,211,,Mr. Bennet,Maria Lucas
28.0,46.0,Undirected,1,211,,Officers (at Meryton),Milliner (Kitty and Lydia visit)
896.0,907.0,Undirected,1,211,,Mr. Bennet,Kitty Bennet
46.0,1759.0,Undirected,1,211,,Milliner (Kitty and Lydia visit),Maria Lucas
903.0,907.0,Undirected,1,211,,Elizabeth Bennet,Kitty Bennet
904.0,46.0,Undirected,1,211,,Jane Bennet,Milliner (Kitty and Lydia visit)
903.0,46.0,Undirected,1,211,,Elizabeth Bennet,Milliner (Kitty and Lydia visit)
903.0,92.0,Undirected,1,211,,Elizabeth Bennet,Coachman
46.0,47.0,Undirected,1,211,,Milliner (Kitty and Lydia visit),Sentinel (observed by Kitty and Lydia)
907.0,46.0,Undirected,1,211,,Kitty Bennet,Milliner (Kitty and Lydia visit)
905.0,46.0,Undirected,1,211,,Lydia Bennet,Milliner (Kitty and Lydia visit)
896.0,47.0,Undirected,1,211,,Mr. Bennet,Sentinel (observed by Kitty and Lydia)
905.0,47.0,Undirected,1,211,,Lydia Bennet,Sentinel (observed by Kitty and Lydia)
903.0,905.0,Undirected,1,211,,Elizabeth Bennet,Lydia Bennet
903.0,47.0,Undirected,1,211,,Elizabeth Bennet,Sentinel (observed by Kitty and Lydia)
904.0,905.0,Undirected,1,211,,Jane Bennet,Lydia Bennet
905.0,92.0,Undirected,1,211,,Lydia Bennet,Coachman
905.0,28.0,Undirected,1,211,,Lydia Bennet,Officers (at Meryton)
905.0,907.0,Undirected,1,211,,Lydia Bennet,Kitty Bennet
903.0,904.0,Undirected,1,211,,Elizabeth Bennet,Jane Bennet
896.0,904.0,Undirected,1,211,,Mr. Bennet,Jane Bennet
903.0,905.0,Undirected,1,212,,Elizabeth Bennet,Lydia Bennet
896.0,1758.0,Undirected,1,212,,Mr. Bennet,Miss King
904.0,907.0,Undirected,1,212,,Jane Bennet,Kitty Bennet
905.0,49.0,Undirected,1,212,,Lydia Bennet,Miss King's uncle
897.0,1750.0,Undirected,1,212,,Mrs. Bennet,Mr. Wickham
904.0,49.0,Undirected,1,212,,Jane Bennet,Miss King's uncle
903.0,904.0,Undirected,1,212,,Elizabeth Bennet,Jane Bennet
897.0,48.0,Undirected,1,212,,Mrs. Bennet,Waiter (at the inn)
897.0,1758.0,Undirected,1,212,,Mrs. Bennet,Miss King
28.0,1758.0,Undirected,1,212,,Officers (at Meryton),Miss King
49.0,28.0,Undirected,1,212,,Miss King's uncle,Officers (at Meryton)
905.0,1758.0,Undirected,1,212,,Lydia Bennet,Miss King
905.0,28.0,Undirected,1,212,,Lydia Bennet,Officers (at Meryton)
897.0,907.0,Undirected,1,212,,Mrs. Bennet,Kitty Bennet
904.0,28.0,Undirected,1,212,,Jane Bennet,Officers (at Meryton)
48.0,1750.0,Undirected,1,212,,Waiter (at the inn),Mr. Wickham
903.0,1750.0,Undirected,1,212,,Elizabeth Bennet,Mr. Wickham
48.0,49.0,Undirected,1,212,,Waiter (at the inn),Miss King's uncle
907.0,1758.0,Undirected,1,212,,Kitty Bennet,Miss King
904.0,905.0,Undirected,1,212,,Jane Bennet,Lydia Bennet
903.0,907.0,Undirected,1,212,,Elizabeth Bennet,Kitty Bennet
897.0,28.0,Undirected,1,212,,Mrs. Bennet,Officers (at Meryton)
907.0,28.0,Undirected,1,212,,Kitty Bennet,Officers (at Meryton)
896.0,28.0,Undirected,1,212,,Mr. Bennet,Officers (at Meryton)
904.0,1750.0,Undirected,1,212,,Jane Bennet,Mr. Wickham
896.0,905.0,Undirected,1,212,,Mr. Bennet,Lydia Bennet
896.0,1750.0,Undirected,1,212,,Mr. Bennet,Mr. Wickham
897.0,905.0,Undirected,1,212,,Mrs. Bennet,Lydia Bennet
896.0,903.0,Undirected,1,212,,Mr. Bennet,Elizabeth Bennet
907.0,1750.0,Undirected,1,212,,Kitty Bennet,Mr. Wickham
896.0,907.0,Undirected,1,212,,Mr. Bennet,Kitty Bennet
903.0,48.0,Undirected,1,212,,Elizabeth Bennet,Waiter (at the inn)
897.0,903.0,Undirected,1,212,,Mrs. Bennet,Elizabeth Bennet
1750.0,1758.0,Undirected,1,212,,Mr. Wickham,Miss King
896.0,49.0,Undirected,1,212,,Mr. Bennet,Miss King's uncle
49.0,1758.0,Undirected,1,212,,Miss King's uncle,Miss King
907.0,49.0,Undirected,1,212,,Kitty Bennet,Miss King's uncle
903.0,1758.0,Undirected,1,212,,Elizabeth Bennet,Miss King
49.0,1750.0,Undirected,1,212,,Miss King's uncle,Mr. Wickham
48.0,1758.0,Undirected,1,212,,Waiter (at the inn),Miss King
48.0,28.0,Undirected,1,212,,Waiter (at the inn),Officers (at Meryton)
903.0,28.0,Undirected,1,212,,Elizabeth Bennet,Officers (at Meryton)
905.0,907.0,Undirected,1,212,,Lydia Bennet,Kitty Bennet
896.0,904.0,Undirected,1,212,,Mr. Bennet,Jane Bennet
896.0,48.0,Undirected,1,212,,Mr. Bennet,Waiter (at the inn)
905.0,48.0,Undirected,1,212,,Lydia Bennet,Waiter (at the inn)
904.0,1758.0,Undirected,1,212,,Jane Bennet,Miss King
897.0,904.0,Undirected,1,212,,Mrs. Bennet,Jane Bennet
905.0,1750.0,Undirected,1,212,,Lydia Bennet,Mr. Wickham
896.0,897.0,Undirected,1,212,,Mr. Bennet,Mrs. Bennet
1750.0,28.0,Undirected,1,212,,Mr. Wickham,Officers (at Meryton)
904.0,48.0,Undirected,1,212,,Jane Bennet,Waiter (at the inn)
903.0,49.0,Undirected,1,212,,Elizabeth Bennet,Miss King's uncle
897.0,49.0,Undirected,1,212,,Mrs. Bennet,Miss King's uncle
907.0,48.0,Undirected,1,212,,Kitty Bennet,Waiter (at the inn)
53.0,1749.0,Undirected,1,213,,Pen Harrington,Mrs. Forster
903.0,56.0,Undirected,1,213,,Elizabeth Bennet,Pratt
905.0,56.0,Undirected,1,213,,Lydia Bennet,Pratt
907.0,53.0,Undirected,1,213,,Kitty Bennet,Pen Harrington
1751.0,28.0,Undirected,1,213,,Mr. Collins,Officers (at Meryton)
54.0,56.0,Undirected,1,213,,Chamberlayne,Pratt
896.0,28.0,Undirected,1,213,,Mr. Bennet,Officers (at Meryton)
2561.0,905.0,Undirected,1,213,,Denny,Lydia Bennet
1750.0,52.0,Undirected,1,213,,Mr. Wickham,Harriet Harrington
904.0,907.0,Undirected,1,213,,Jane Bennet,Kitty Bennet
897.0,1712.0,Undirected,1,213,,Mrs. Bennet,Mr. Darcy
1712.0,1717.0,Undirected,1,213,,Mr. Darcy,Mrs. Philips
1748.0,53.0,Undirected,1,213,,Colonel Forster,Pen Harrington
896.0,56.0,Undirected,1,213,,Mr. Bennet,Pratt
897.0,903.0,Undirected,1,213,,Mrs. Bennet,Elizabeth Bennet
903.0,52.0,Undirected,1,213,,Elizabeth Bennet,Harriet Harrington
903.0,1748.0,Undirected,1,213,,Elizabeth Bennet,Colonel Forster
1717.0,52.0,Undirected,1,213,,Mrs. Philips,Harriet Harrington
1751.0,56.0,Undirected,1,213,,Mr. Collins,Pratt
1748.0,1717.0,Undirected,1,213,,Colonel Forster,Mrs. Philips
903.0,905.0,Undirected,1,213,,Elizabeth Bennet,Lydia Bennet
1712.0,28.0,Undirected,1,213,,Mr. Darcy,Officers (at Meryton)
904.0,28.0,Undirected,1,213,,Jane Bennet,Officers (at Meryton)
904.0,905.0,Undirected,1,213,,Jane Bennet,Lydia Bennet
53.0,28.0,Undirected,1,213,,Pen Harrington,Officers (at Meryton)
1749.0,52.0,Undirected,1,213,,Mrs. Forster,Harriet Harrington
903.0,907.0,Undirected,1,213,,Elizabeth Bennet,Kitty Bennet
53.0,56.0,Undirected,1,213,,Pen Harrington,Pratt
56.0,52.0,Undirected,1,213,,Pratt,Harriet Harrington
896.0,907.0,Undirected,1,213,,Mr. Bennet,Kitty Bennet
1748.0,28.0,Undirected,1,213,,Colonel Forster,Officers (at Meryton)
1751.0,54.0,Undirected,1,213,,Mr. Collins,Chamberlayne
905.0,1712.0,Undirected,1,213,,Lydia Bennet,Mr. Darcy
907.0,56.0,Undirected,1,213,,Kitty Bennet,Pratt
904.0,1717.0,Undirected,1,213,,Jane Bennet,Mrs. Philips
905.0,1750.0,Undirected,1,213,,Lydia Bennet,Mr. Wickham
897.0,907.0,Undirected,1,213,,Mrs. Bennet,Kitty Bennet
905.0,907.0,Undirected,1,213,,Lydia Bennet,Kitty Bennet
896.0,904.0,Undirected,1,213,,Mr. Bennet,Jane Bennet
1748.0,1749.0,Undirected,1,213,,Colonel Forster,Mrs. Forster
897.0,1751.0,Undirected,1,213,,Mrs. Bennet,Mr. Collins
1750.0,1749.0,Undirected,1,213,,Mr. Wickham,Mrs. Forster
904.0,1749.0,Undirected,1,213,,Jane Bennet,Mrs. Forster
1751.0,1749.0,Undirected,1,213,,Mr. Collins,Mrs. Forster
2561.0,1749.0,Undirected,1,213,,Denny,Mrs. Forster
53.0,1717.0,Undirected,1,213,,Pen Harrington,Mrs. Philips
905.0,54.0,Undirected,1,213,,Lydia Bennet,Chamberlayne
904.0,1712.0,Undirected,1,213,,Jane Bennet,Mr. Darcy
2561.0,1712.0,Undirected,1,213,,Denny,Mr. Darcy
2561.0,52.0,Undirected,1,213,,Denny,Harriet Harrington
1712.0,1748.0,Undirected,1,213,,Mr. Darcy,Colonel Forster
897.0,52.0,Undirected,1,213,,Mrs. Bennet,Harriet Harrington
896.0,1749.0,Undirected,1,213,,Mr. Bennet,Mrs. Forster
1751.0,1717.0,Undirected,1,213,,Mr. Collins,Mrs. Philips
897.0,1748.0,Undirected,1,213,,Mrs. Bennet,Colonel Forster
907.0,1749.0,Undirected,1,213,,Kitty Bennet,Mrs. Forster
905.0,52.0,Undirected,1,213,,Lydia Bennet,Harriet Harrington
896.0,897.0,Undirected,1,213,,Mr. Bennet,Mrs. Bennet
905.0,1748.0,Undirected,1,213,,Lydia Bennet,Colonel Forster
1712.0,53.0,Undirected,1,213,,Mr. Darcy,Pen Harrington
904.0,53.0,Undirected,1,213,,Jane Bennet,Pen Harrington
1751.0,53.0,Undirected,1,213,,Mr. Collins,Pen Harrington
2561.0,53.0,Undirected,1,213,,Denny,Pen Harrington
1712.0,1749.0,Undirected,1,213,,Mr. Darcy,Mrs. Forster
903.0,1750.0,Undirected,1,213,,Elizabeth Bennet,Mr. Wickham
905.0,28.0,Undirected,1,213,,Lydia Bennet,Officers (at Meryton)
904.0,1750.0,Undirected,1,213,,Jane Bennet,Mr. Wickham
2561.0,907.0,Undirected,1,213,,Denny,Kitty Bennet
896.0,1717.0,Undirected,1,213,,Mr. Bennet,Mrs. Philips
907.0,1717.0,Undirected,1,213,,Kitty Bennet,Mrs. Philips
1748.0,54.0,Undirected,1,213,,Colonel Forster,Chamberlayne
1749.0,28.0,Undirected,1,213,,Mrs. Forster,Officers (at Meryton)
897.0,56.0,Undirected,1,213,,Mrs. Bennet,Pratt
1712.0,52.0,Undirected,1,213,,Mr. Darcy,Harriet Harrington
1748.0,1750.0,Undirected,1,213,,Colonel Forster,Mr. Wickham
903.0,904.0,Undirected,1,213,,Elizabeth Bennet,Jane Bennet
2561.0,903.0,Undirected,1,213,,Denny,Elizabeth Bennet
904.0,1751.0,Undirected,1,213,,Jane Bennet,Mr. Collins
2561.0,1751.0,Undirected,1,213,,Denny,Mr. Collins
56.0,28.0,Undirected,1,213,,Pratt,Officers (at Meryton)
896.0,2561.0,Undirected,1,213,,Mr. Bennet,Denny
897.0,2561.0,Undirected,1,213,,Mrs. Bennet,Denny
53.0,54.0,Undirected,1,213,,Pen Harrington,Chamberlayne
903.0,1749.0,Undirected,1,213,,Elizabeth Bennet,Mrs. Forster
56.0,1749.0,Undirected,1,213,,Pratt,Mrs. Forster
904.0,1748.0,Undirected,1,213,,Jane Bennet,Colonel Forster
2561.0,1748.0,Undirected,1,213,,Denny,Colonel Forster
54.0,28.0,Undirected,1,213,,Chamberlayne,Officers (at Meryton)
1748.0,56.0,Undirected,1,213,,Colonel Forster,Pratt
903.0,28.0,Undirected,1,213,,Elizabeth Bennet,Officers (at Meryton)
896.0,53.0,Undirected,1,213,,Mr. Bennet,Pen Harrington
907.0,28.0,Undirected,1,213,,Kitty Bennet,Officers (at Meryton)
1748.0,52.0,Undirected,1,213,,Colonel Forster,Harriet Harrington
1717.0,28.0,Undirected,1,213,,Mrs. Philips,Officers (at Meryton)
56.0,1717.0,Undirected,1,213,,Pratt,Mrs. Philips
897.0,54.0,Undirected,1,213,,Mrs. Bennet,Chamberlayne
897.0,1750.0,Undirected,1,213,,Mrs. Bennet,Mr. Wickham
897.0,1717.0,Undirected,1,213,,Mrs. Bennet,Mrs. Philips
903.0,1751.0,Undirected,1,213,,Elizabeth Bennet,Mr. Collins
896.0,1712.0,Undirected,1,213,,Mr. Bennet,Mr. Darcy
2561.0,1750.0,Undirected,1,213,,Denny,Mr. Wickham
907.0,1712.0,Undirected,1,213,,Kitty Bennet,Mr. Darcy
1717.0,1749.0,Undirected,1,213,,Mrs. Philips,Mrs. Forster
54.0,1717.0,Undirected,1,213,,Chamberlayne,Mrs. Philips
903.0,1717.0,Undirected,1,213,,Elizabeth Bennet,Mrs. Philips
53.0,52.0,Undirected,1,213,,Pen Harrington,Harriet Harrington
896.0,903.0,Undirected,1,213,,Mr. Bennet,Elizabeth Bennet
897.0,904.0,Undirected,1,213,,Mrs. Bennet,Jane Bennet
1751.0,1712.0,Undirected,1,213,,Mr. Collins,Mr. Darcy
52.0,28.0,Undirected,1,213,,Harriet Harrington,Officers (at Meryton)
903.0,53.0,Undirected,1,213,,Elizabeth Bennet,Pen Harrington
904.0,52.0,Undirected,1,213,,Jane Bennet,Harriet Harrington
1750.0,54.0,Undirected,1,213,,Mr. Wickham,Chamberlayne
2561.0,28.0,Undirected,1,213,,Denny,Officers (at Meryton)
896.0,54.0,Undirected,1,213,,Mr. Bennet,Chamberlayne
896.0,905.0,Undirected,1,213,,Mr. Bennet,Lydia Bennet
53.0,1750.0,Undirected,1,213,,Pen Harrington,Mr. Wickham
54.0,1749.0,Undirected,1,213,,Chamberlayne,Mrs. Forster
1751.0,52.0,Undirected,1,213,,Mr. Collins,Harriet Harrington
897.0,28.0,Undirected,1,213,,Mrs. Bennet,Officers (at Meryton)
1751.0,1748.0,Undirected,1,213,,Mr. Collins,Colonel Forster
905.0,53.0,Undirected,1,213,,Lydia Bennet,Pen Harrington
903.0,1712.0,Undirected,1,213,,Elizabeth Bennet,Mr. Darcy
905.0,1749.0,Undirected,1,213,,Lydia Bennet,Mrs. Forster
1712.0,54.0,Undirected,1,213,,Mr. Darcy,Chamberlayne
904.0,54.0,Undirected,1,213,,Jane Bennet,Chamberlayne
1750.0,56.0,Undirected,1,213,,Mr. Wickham,Pratt
2561.0,54.0,Undirected,1,213,,Denny,Chamberlayne
1712.0,1750.0,Undirected,1,213,,Mr. Darcy,Mr. Wickham
54.0,52.0,Undirected,1,213,,Chamberlayne,Harriet Harrington
2561.0,1717.0,Undirected,1,213,,Denny,Mrs. Philips
1751.0,1750.0,Undirected,1,213,,Mr. Collins,Mr. Wickham
1750.0,28.0,Undirected,1,213,,Mr. Wickham,Officers (at Meryton)
896.0,52.0,Undirected,1,213,,Mr. Bennet,Harriet Harrington
907.0,52.0,Undirected,1,213,,Kitty Bennet,Harriet Harrington
905.0,1751.0,Undirected,1,213,,Lydia Bennet,Mr. Collins
896.0,1748.0,Undirected,1,213,,Mr. Bennet,Colonel Forster
907.0,1748.0,Undirected,1,213,,Kitty Bennet,Colonel Forster
1712.0,56.0,Undirected,1,213,,Mr. Darcy,Pratt
904.0,56.0,Undirected,1,213,,Jane Bennet,Pratt
896.0,1751.0,Undirected,1,213,,Mr. Bennet,Mr. Collins
2561.0,56.0,Undirected,1,213,,Denny,Pratt
2561.0,904.0,Undirected,1,213,,Denny,Jane Bennet
905.0,1717.0,Undirected,1,213,,Lydia Bennet,Mrs. Philips
1751.0,907.0,Undirected,1,213,,Mr. Collins,Kitty Bennet
897.0,905.0,Undirected,1,213,,Mrs. Bennet,Lydia Bennet
903.0,54.0,Undirected,1,213,,Elizabeth Bennet,Chamberlayne
907.0,54.0,Undirected,1,213,,Kitty Bennet,Chamberlayne
897.0,53.0,Undirected,1,213,,Mrs. Bennet,Pen Harrington
1750.0,1717.0,Undirected,1,213,,Mr. Wickham,Mrs. Philips
896.0,1750.0,Undirected,1,213,,Mr. Bennet,Mr. Wickham
907.0,1750.0,Undirected,1,213,,Kitty Bennet,Mr. Wickham
897.0,1749.0,Undirected,1,213,,Mrs. Bennet,Mrs. Forster
897.0,904.0,Undirected,1,214,,Mrs. Bennet,Jane Bennet
902.0,903.0,Undirected,1,214,,Lady Lucas,Elizabeth Bennet
897.0,22.0,Undirected,1,214,,Mrs. Bennet,Lucas brothers
1750.0,1759.0,Undirected,1,214,,Mr. Wickham,Maria Lucas
903.0,19.0,Undirected,1,214,,Elizabeth Bennet,Sir William Lucas
903.0,28.0,Undirected,1,214,,Elizabeth Bennet,Officers (at Meryton)
903.0,1759.0,Undirected,1,214,,Elizabeth Bennet,Maria Lucas
906.0,28.0,Undirected,1,214,,Mary Bennet,Officers (at Meryton)
902.0,1715.0,Undirected,1,214,,Lady Lucas,Charlotte Lucas
906.0,19.0,Undirected,1,214,,Mary Bennet,Sir William Lucas
902.0,28.0,Undirected,1,214,,Lady Lucas,Officers (at Meryton)
905.0,1759.0,Undirected,1,214,,Lydia Bennet,Maria Lucas
897.0,907.0,Undirected,1,214,,Mrs. Bennet,Kitty Bennet
904.0,907.0,Undirected,1,214,,Jane Bennet,Kitty Bennet
19.0,1759.0,Undirected,1,214,,Sir William Lucas,Maria Lucas
905.0,1715.0,Undirected,1,214,,Lydia Bennet,Charlotte Lucas
897.0,1716.0,Undirected,1,214,,Mrs. Bennet,Young Lucas
897.0,57.0,Undirected,1,214,,Mrs. Bennet,Miss Lucas' sisters
906.0,1759.0,Undirected,1,214,,Mary Bennet,Maria Lucas
1750.0,28.0,Undirected,1,214,,Mr. Wickham,Officers (at Meryton)
22.0,57.0,Undirected,1,214,,Lucas brothers,Miss Lucas' sisters
897.0,19.0,Undirected,1,214,,Mrs. Bennet,Sir William Lucas
904.0,906.0,Undirected,1,214,,Jane Bennet,Mary Bennet
897.0,28.0,Undirected,1,214,,Mrs. Bennet,Officers (at Meryton)
904.0,57.0,Undirected,1,214,,Jane Bennet,Miss Lucas' sisters
903.0,1750.0,Undirected,1,214,,Elizabeth Bennet,Mr. Wickham
897.0,905.0,Undirected,1,214,,Mrs. Bennet,Lydia Bennet
904.0,1715.0,Undirected,1,214,,Jane Bennet,Charlotte Lucas
19.0,28.0,Undirected,1,214,,Sir William Lucas,Officers (at Meryton)
904.0,22.0,Undirected,1,214,,Jane Bennet,Lucas brothers
1716.0,22.0,Undirected,1,214,,Young Lucas,Lucas brothers
28.0,1759.0,Undirected,1,214,,Officers (at Meryton),Maria Lucas
906.0,1750.0,Undirected,1,214,,Mary Bennet,Mr. Wickham
19.0,57.0,Undirected,1,214,,Sir William Lucas,Miss Lucas' sisters
907.0,1715.0,Undirected,1,214,,Kitty Bennet,Charlotte Lucas
904.0,1750.0,Undirected,1,214,,Jane Bennet,Mr. Wickham
1715.0,1759.0,Undirected,1,214,,Charlotte Lucas,Maria Lucas
905.0,28.0,Undirected,1,214,,Lydia Bennet,Officers (at Meryton)
906.0,57.0,Undirected,1,214,,Mary Bennet,Miss Lucas' sisters
907.0,1759.0,Undirected,1,214,,Kitty Bennet,Maria Lucas
906.0,1716.0,Undirected,1,214,,Mary Bennet,Young Lucas
897.0,1759.0,Undirected,1,214,,Mrs. Bennet,Maria Lucas
897.0,1750.0,Undirected,1,214,,Mrs. Bennet,Mr. Wickham
897.0,902.0,Undirected,1,214,,Mrs. Bennet,Lady Lucas
1715.0,57.0,Undirected,1,214,,Charlotte Lucas,Miss Lucas' sisters
1715.0,1750.0,Undirected,1,214,,Charlotte Lucas,Mr. Wickham
1716.0,1715.0,Undirected,1,214,,Young Lucas,Charlotte Lucas
905.0,1750.0,Undirected,1,214,,Lydia Bennet,Mr. Wickham
906.0,1715.0,Undirected,1,214,,Mary Bennet,Charlotte Lucas
907.0,57.0,Undirected,1,214,,Kitty Bennet,Miss Lucas' sisters
19.0,22.0,Undirected,1,214,,Sir William Lucas,Lucas brothers
902.0,1716.0,Undirected,1,214,,Lady Lucas,Young Lucas
57.0,28.0,Undirected,1,214,,Miss Lucas' sisters,Officers (at Meryton)
902.0,904.0,Undirected,1,214,,Lady Lucas,Jane Bennet
1750.0,57.0,Undirected,1,214,,Mr. Wickham,Miss Lucas' sisters
1715.0,28.0,Undirected,1,214,,Charlotte Lucas,Officers (at Meryton)
902.0,19.0,Undirected,1,214,,Lady Lucas,Sir William Lucas
57.0,1759.0,Undirected,1,214,,Miss Lucas' sisters,Maria Lucas
903.0,1715.0,Undirected,1,214,,Elizabeth Bennet,Charlotte Lucas
902.0,57.0,Undirected,1,214,,Lady Lucas,Miss Lucas' sisters
905.0,19.0,Undirected,1,214,,Lydia Bennet,Sir William Lucas
1716.0,1750.0,Undirected,1,214,,Young Lucas,Mr. Wickham
904.0,1759.0,Undirected,1,214,,Jane Bennet,Maria Lucas
902.0,905.0,Undirected,1,214,,Lady Lucas,Lydia Bennet
905.0,906.0,Undirected,1,214,,Lydia Bennet,Mary Bennet
19.0,1750.0,Undirected,1,214,,Sir William Lucas,Mr. Wickham
1716.0,1759.0,Undirected,1,214,,Young Lucas,Maria Lucas
22.0,28.0,Undirected,1,214,,Lucas brothers,Officers (at Meryton)
906.0,907.0,Undirected,1,214,,Mary Bennet,Kitty Bennet
902.0,907.0,Undirected,1,214,,Lady Lucas,Kitty Bennet
19.0,1716.0,Undirected,1,214,,Sir William Lucas,Young Lucas
22.0,1750.0,Undirected,1,214,,Lucas brothers,Mr. Wickham
906.0,22.0,Undirected,1,214,,Mary Bennet,Lucas brothers
903.0,57.0,Undirected,1,214,,Elizabeth Bennet,Miss Lucas' sisters
903.0,1716.0,Undirected,1,214,,Elizabeth Bennet,Young Lucas
905.0,57.0,Undirected,1,214,,Lydia Bennet,Miss Lucas' sisters
1716.0,28.0,Undirected,1,214,,Young Lucas,Officers (at Meryton)
904.0,28.0,Undirected,1,214,,Jane Bennet,Officers (at Meryton)
904.0,19.0,Undirected,1,214,,Jane Bennet,Sir William Lucas
904.0,1716.0,Undirected,1,214,,Jane Bennet,Young Lucas
904.0,905.0,Undirected,1,214,,Jane Bennet,Lydia Bennet
907.0,1750.0,Undirected,1,214,,Kitty Bennet,Mr. Wickham
19.0,1715.0,Undirected,1,214,,Sir William Lucas,Charlotte Lucas
903.0,22.0,Undirected,1,214,,Elizabeth Bennet,Lucas brothers
22.0,1759.0,Undirected,1,214,,Lucas brothers,Maria Lucas
903.0,907.0,Undirected,1,214,,Elizabeth Bennet,Kitty Bennet
905.0,1716.0,Undirected,1,214,,Lydia Bennet,Young Lucas
907.0,22.0,Undirected,1,214,,Kitty Bennet,Lucas brothers
907.0,1716.0,Undirected,1,214,,Kitty Bennet,Young Lucas
905.0,22.0,Undirected,1,214,,Lydia Bennet,Lucas brothers
907.0,19.0,Undirected,1,214,,Kitty Bennet,Sir William Lucas
1716.0,57.0,Undirected,1,214,,Young Lucas,Miss Lucas' sisters
903.0,906.0,Undirected,1,214,,Elizabeth Bennet,Mary Bennet
903.0,904.0,Undirected,1,214,,Elizabeth Bennet,Jane Bennet
902.0,906.0,Undirected,1,214,,Lady Lucas,Mary Bennet
907.0,28.0,Undirected,1,214,,Kitty Bennet,Officers (at Meryton)
1715.0,22.0,Undirected,1,214,,Charlotte Lucas,Lucas brothers
897.0,903.0,Undirected,1,214,,Mrs. Bennet,Elizabeth Bennet
905.0,907.0,Undirected,1,214,,Lydia Bennet,Kitty Bennet
902.0,1759.0,Undirected,1,214,,Lady Lucas,Maria Lucas
902.0,1750.0,Undirected,1,214,,Lady Lucas,Mr. Wickham
897.0,906.0,Undirected,1,214,,Mrs. Bennet,Mary Bennet
897.0,1715.0,Undirected,1,214,,Mrs. Bennet,Charlotte Lucas
902.0,22.0,Undirected,1,214,,Lady Lucas,Lucas brothers
903.0,905.0,Undirected,1,214,,Elizabeth Bennet,Lydia Bennet
896.0,28.0,Undirected,1,215,,Mr. Bennet,Officers (at Meryton)
1750.0,28.0,Undirected,1,215,,Mr. Wickham,Officers (at Meryton)
903.0,1750.0,Undirected,1,215,,Elizabeth Bennet,Mr. Wickham
896.0,897.0,Undirected,1,215,,Mr. Bennet,Mrs. Bennet
897.0,903.0,Undirected,1,215,,Mrs. Bennet,Elizabeth Bennet
896.0,905.0,Undirected,1,215,,Mr. Bennet,Lydia Bennet
897.0,905.0,Undirected,1,215,,Mrs. Bennet,Lydia Bennet
903.0,905.0,Undirected,1,215,,Elizabeth Bennet,Lydia Bennet
897.0,28.0,Undirected,1,215,,Mrs. Bennet,Officers (at Meryton)
905.0,28.0,Undirected,1,215,,Lydia Bennet,Officers (at Meryton)
896.0,903.0,Undirected,1,215,,Mr. Bennet,Elizabeth Bennet
897.0,1750.0,Undirected,1,215,,Mrs. Bennet,Mr. Wickham
903.0,28.0,Undirected,1,215,,Elizabeth Bennet,Officers (at Meryton)
896.0,1750.0,Undirected,1,215,,Mr. Bennet,Mr. Wickham
905.0,1750.0,Undirected,1,215,,Lydia Bennet,Mr. Wickham
904.0,1750.0,Undirected,1,216,,Jane Bennet,Mr. Wickham
904.0,1712.0,Undirected,1,216,,Jane Bennet,Mr. Darcy
1712.0,903.0,Undirected,1,216,,Mr. Darcy,Elizabeth Bennet
1750.0,903.0,Undirected,1,216,,Mr. Wickham,Elizabeth Bennet
904.0,903.0,Undirected,1,216,,Jane Bennet,Elizabeth Bennet
1712.0,1750.0,Undirected,1,216,,Mr. Darcy,Mr. Wickham
1747.0,1750.0,Undirected,1,217,,Miss Darcy,Mr. Wickham
904.0,1750.0,Undirected,1,217,,Jane Bennet,Mr. Wickham
903.0,1712.0,Undirected,1,217,,Elizabeth Bennet,Mr. Darcy
1712.0,1750.0,Undirected,1,217,,Mr. Darcy,Mr. Wickham
1712.0,1747.0,Undirected,1,217,,Mr. Darcy,Miss Darcy
904.0,1712.0,Undirected,1,217,,Jane Bennet,Mr. Darcy
903.0,904.0,Undirected,1,217,,Elizabeth Bennet,Jane Bennet
903.0,1750.0,Undirected,1,217,,Elizabeth Bennet,Mr. Wickham
904.0,1747.0,Undirected,1,217,,Jane Bennet,Miss Darcy
903.0,1747.0,Undirected,1,217,,Elizabeth Bennet,Miss Darcy
1712.0,1750.0,Undirected,1,218,,Mr. Darcy,Mr. Wickham
1712.0,1747.0,Undirected,1,218,,Mr. Darcy,Miss Darcy
903.0,904.0,Undirected,1,218,,Elizabeth Bennet,Jane Bennet
1747.0,1750.0,Undirected,1,218,,Miss Darcy,Mr. Wickham
903.0,1747.0,Undirected,1,218,,Elizabeth Bennet,Miss Darcy
904.0,1747.0,Undirected,1,218,,Jane Bennet,Miss Darcy
904.0,1750.0,Undirected,1,218,,Jane Bennet,Mr. Wickham
903.0,1750.0,Undirected,1,218,,Elizabeth Bennet,Mr. Wickham
904.0,1712.0,Undirected,1,218,,Jane Bennet,Mr. Darcy
903.0,1712.0,Undirected,1,218,,Elizabeth Bennet,Mr. Darcy
904.0,58.0,Undirected,1,219,,Jane Bennet,Jane's friends
897.0,1717.0,Undirected,1,219,,Mrs. Bennet,Mrs. Philips
899.0,1712.0,Undirected,1,219,,Mr. Bingley,Mr. Darcy
899.0,903.0,Undirected,1,219,,Mr. Bingley,Elizabeth Bennet
904.0,1717.0,Undirected,1,219,,Jane Bennet,Mrs. Philips
903.0,904.0,Undirected,1,219,,Elizabeth Bennet,Jane Bennet
904.0,1712.0,Undirected,1,219,,Jane Bennet,Mr. Darcy
899.0,904.0,Undirected,1,219,,Mr. Bingley,Jane Bennet
899.0,58.0,Undirected,1,219,,Mr. Bingley,Jane's friends
903.0,58.0,Undirected,1,219,,Elizabeth Bennet,Jane's friends
1717.0,58.0,Undirected,1,219,,Mrs. Philips,Jane's friends
897.0,899.0,Undirected,1,219,,Mrs. Bennet,Mr. Bingley
903.0,1717.0,Undirected,1,219,,Elizabeth Bennet,Mrs. Philips
899.0,1717.0,Undirected,1,219,,Mr. Bingley,Mrs. Philips
1712.0,58.0,Undirected,1,219,,Mr. Darcy,Jane's friends
1712.0,1717.0,Undirected,1,219,,Mr. Darcy,Mrs. Philips
897.0,904.0,Undirected,1,219,,Mrs. Bennet,Jane Bennet
897.0,1712.0,Undirected,1,219,,Mrs. Bennet,Mr. Darcy
897.0,903.0,Undirected,1,219,,Mrs. Bennet,Elizabeth Bennet
903.0,1712.0,Undirected,1,219,,Elizabeth Bennet,Mr. Darcy
897.0,58.0,Undirected,1,219,,Mrs. Bennet,Jane's friends
897.0,1715.0,Undirected,1,220,,Mrs. Bennet,Charlotte Lucas
903.0,904.0,Undirected,1,220,,Elizabeth Bennet,Jane Bennet
904.0,1752.0,Undirected,1,220,,Jane Bennet,Lady Catherine de Bourgh
902.0,1752.0,Undirected,1,220,,Lady Lucas,Lady Catherine de Bourgh
896.0,903.0,Undirected,1,220,,Mr. Bennet,Elizabeth Bennet
899.0,1715.0,Undirected,1,220,,Mr. Bingley,Charlotte Lucas
899.0,902.0,Undirected,1,220,,Mr. Bingley,Lady Lucas
899.0,1752.0,Undirected,1,220,,Mr. Bingley,Lady Catherine de Bourgh
902.0,903.0,Undirected,1,220,,Lady Lucas,Elizabeth Bennet
899.0,903.0,Undirected,1,220,,Mr. Bingley,Elizabeth Bennet
897.0,903.0,Undirected,1,220,,Mrs. Bennet,Elizabeth Bennet
896.0,1715.0,Undirected,1,220,,Mr. Bennet,Charlotte Lucas
896.0,904.0,Undirected,1,220,,Mr. Bennet,Jane Bennet
896.0,1752.0,Undirected,1,220,,Mr. Bennet,Lady Catherine de Bourgh
896.0,897.0,Undirected,1,220,,Mr. Bennet,Mrs. Bennet
903.0,1751.0,Undirected,1,220,,Elizabeth Bennet,Mr. Collins
897.0,1751.0,Undirected,1,220,,Mrs. Bennet,Mr. Collins
897.0,899.0,Undirected,1,220,,Mrs. Bennet,Mr. Bingley
899.0,1751.0,Undirected,1,220,,Mr. Bingley,Mr. Collins
897.0,902.0,Undirected,1,220,,Mrs. Bennet,Lady Lucas
1715.0,1751.0,Undirected,1,220,,Charlotte Lucas,Mr. Collins
904.0,1751.0,Undirected,1,220,,Jane Bennet,Mr. Collins
903.0,1752.0,Undirected,1,220,,Elizabeth Bennet,Lady Catherine de Bourgh
1715.0,1752.0,Undirected,1,220,,Charlotte Lucas,Lady Catherine de Bourgh
903.0,1715.0,Undirected,1,220,,Elizabeth Bennet,Charlotte Lucas
902.0,1715.0,Undirected,1,220,,Lady Lucas,Charlotte Lucas
1751.0,1752.0,Undirected,1,220,,Mr. Collins,Lady Catherine de Bourgh
897.0,904.0,Undirected,1,220,,Mrs. Bennet,Jane Bennet
896.0,902.0,Undirected,1,220,,Mr. Bennet,Lady Lucas
899.0,904.0,Undirected,1,220,,Mr. Bingley,Jane Bennet
897.0,1752.0,Undirected,1,220,,Mrs. Bennet,Lady Catherine de Bourgh
896.0,1751.0,Undirected,1,220,,Mr. Bennet,Mr. Collins
902.0,904.0,Undirected,1,220,,Lady Lucas,Jane Bennet
896.0,899.0,Undirected,1,220,,Mr. Bennet,Mr. Bingley
904.0,1715.0,Undirected,1,220,,Jane Bennet,Charlotte Lucas
902.0,1751.0,Undirected,1,220,,Lady Lucas,Mr. Collins
905.0,1712.0,Undirected,1,221,,Lydia Bennet,Mr. Darcy
896.0,28.0,Undirected,1,221,,Mr. Bennet,Officers (at Meryton)
907.0,1712.0,Undirected,1,221,,Kitty Bennet,Mr. Darcy
904.0,60.0,Undirected,1,221,,Jane Bennet,Colonel Millar's regiment
896.0,1712.0,Undirected,1,221,,Mr. Bennet,Mr. Darcy
896.0,903.0,Undirected,1,221,,Mr. Bennet,Elizabeth Bennet
897.0,904.0,Undirected,1,221,,Mrs. Bennet,Jane Bennet
905.0,60.0,Undirected,1,221,,Lydia Bennet,Colonel Millar's regiment
896.0,1717.0,Undirected,1,221,,Mr. Bennet,Mrs. Philips
1712.0,28.0,Undirected,1,221,,Mr. Darcy,Officers (at Meryton)
905.0,1717.0,Undirected,1,221,,Lydia Bennet,Mrs. Philips
903.0,905.0,Undirected,1,221,,Elizabeth Bennet,Lydia Bennet
904.0,907.0,Undirected,1,221,,Jane Bennet,Kitty Bennet
907.0,60.0,Undirected,1,221,,Kitty Bennet,Colonel Millar's regiment
904.0,59.0,Undirected,1,221,,Jane Bennet,Colonel Millar
904.0,905.0,Undirected,1,221,,Jane Bennet,Lydia Bennet
905.0,28.0,Undirected,1,221,,Lydia Bennet,Officers (at Meryton)
907.0,59.0,Undirected,1,221,,Kitty Bennet,Colonel Millar
903.0,60.0,Undirected,1,221,,Elizabeth Bennet,Colonel Millar's regiment
896.0,897.0,Undirected,1,221,,Mr. Bennet,Mrs. Bennet
897.0,60.0,Undirected,1,221,,Mrs. Bennet,Colonel Millar's regiment
897.0,1717.0,Undirected,1,221,,Mrs. Bennet,Mrs. Philips
903.0,1717.0,Undirected,1,221,,Elizabeth Bennet,Mrs. Philips
1712.0,59.0,Undirected,1,221,,Mr. Darcy,Colonel Millar
60.0,28.0,Undirected,1,221,,Colonel Millar's regiment,Officers (at Meryton)
904.0,1717.0,Undirected,1,221,,Jane Bennet,Mrs. Philips
60.0,1712.0,Undirected,1,221,,Colonel Millar's regiment,Mr. Darcy
896.0,59.0,Undirected,1,221,,Mr. Bennet,Colonel Millar
897.0,59.0,Undirected,1,221,,Mrs. Bennet,Colonel Millar
896.0,907.0,Undirected,1,221,,Mr. Bennet,Kitty Bennet
1717.0,59.0,Undirected,1,221,,Mrs. Philips,Colonel Millar
903.0,59.0,Undirected,1,221,,Elizabeth Bennet,Colonel Millar
897.0,903.0,Undirected,1,221,,Mrs. Bennet,Elizabeth Bennet
60.0,1717.0,Undirected,1,221,,Colonel Millar's regiment,Mrs. Philips
897.0,28.0,Undirected,1,221,,Mrs. Bennet,Officers (at Meryton)
60.0,59.0,Undirected,1,221,,Colonel Millar's regiment,Colonel Millar
897.0,905.0,Undirected,1,221,,Mrs. Bennet,Lydia Bennet
903.0,1712.0,Undirected,1,221,,Elizabeth Bennet,Mr. Darcy
903.0,28.0,Undirected,1,221,,Elizabeth Bennet,Officers (at Meryton)
1712.0,1717.0,Undirected,1,221,,Mr. Darcy,Mrs. Philips
897.0,1712.0,Undirected,1,221,,Mrs. Bennet,Mr. Darcy
903.0,907.0,Undirected,1,221,,Elizabeth Bennet,Kitty Bennet
903.0,904.0,Undirected,1,221,,Elizabeth Bennet,Jane Bennet
896.0,60.0,Undirected,1,221,,Mr. Bennet,Colonel Millar's regiment
897.0,907.0,Undirected,1,221,,Mrs. Bennet,Kitty Bennet
896.0,905.0,Undirected,1,221,,Mr. Bennet,Lydia Bennet
1717.0,28.0,Undirected,1,221,,Mrs. Philips,Officers (at Meryton)
907.0,28.0,Undirected,1,221,,Kitty Bennet,Officers (at Meryton)
905.0,59.0,Undirected,1,221,,Lydia Bennet,Colonel Millar
905.0,907.0,Undirected,1,221,,Lydia Bennet,Kitty Bennet
896.0,904.0,Undirected,1,221,,Mr. Bennet,Jane Bennet
904.0,1712.0,Undirected,1,221,,Jane Bennet,Mr. Darcy
907.0,1717.0,Undirected,1,221,,Kitty Bennet,Mrs. Philips
59.0,28.0,Undirected,1,221,,Colonel Millar,Officers (at Meryton)
904.0,28.0,Undirected,1,221,,Jane Bennet,Officers (at Meryton)
899.0,1749.0,Undirected,1,222,,Mr. Bingley,Mrs. Forster
896.0,907.0,Undirected,1,222,,Mr. Bennet,Kitty Bennet
1748.0,1749.0,Undirected,1,222,,Colonel Forster,Mrs. Forster
896.0,904.0,Undirected,1,222,,Mr. Bennet,Jane Bennet
903.0,904.0,Undirected,1,222,,Elizabeth Bennet,Jane Bennet
1712.0,1748.0,Undirected,1,222,,Mr. Darcy,Colonel Forster
896.0,1749.0,Undirected,1,222,,Mr. Bennet,Mrs. Forster
897.0,903.0,Undirected,1,222,,Mrs. Bennet,Elizabeth Bennet
899.0,903.0,Undirected,1,222,,Mr. Bingley,Elizabeth Bennet
904.0,905.0,Undirected,1,222,,Jane Bennet,Lydia Bennet
896.0,905.0,Undirected,1,222,,Mr. Bennet,Lydia Bennet
896.0,1712.0,Undirected,1,222,,Mr. Bennet,Mr. Darcy
897.0,1748.0,Undirected,1,222,,Mrs. Bennet,Colonel Forster
897.0,1749.0,Undirected,1,222,,Mrs. Bennet,Mrs. Forster
899.0,1712.0,Undirected,1,222,,Mr. Bingley,Mr. Darcy
904.0,1749.0,Undirected,1,222,,Jane Bennet,Mrs. Forster
905.0,1748.0,Undirected,1,222,,Lydia Bennet,Colonel Forster
907.0,1749.0,Undirected,1,222,,Kitty Bennet,Mrs. Forster
899.0,1748.0,Undirected,1,222,,Mr. Bingley,Colonel Forster
905.0,1712.0,Undirected,1,222,,Lydia Bennet,Mr. Darcy
903.0,1748.0,Undirected,1,222,,Elizabeth Bennet,Colonel Forster
903.0,1712.0,Undirected,1,222,,Elizabeth Bennet,Mr. Darcy
899.0,904.0,Undirected,1,222,,Mr. Bingley,Jane Bennet
897.0,907.0,Undirected,1,222,,Mrs. Bennet,Kitty Bennet
907.0,1712.0,Undirected,1,222,,Kitty Bennet,Mr. Darcy
896.0,897.0,Undirected,1,222,,Mr. Bennet,Mrs. Bennet
905.0,907.0,Undirected,1,222,,Lydia Bennet,Kitty Bennet
905.0,1749.0,Undirected,1,222,,Lydia Bennet,Mrs. Forster
897.0,904.0,Undirected,1,222,,Mrs. Bennet,Jane Bennet
907.0,1748.0,Undirected,1,222,,Kitty Bennet,Colonel Forster
899.0,905.0,Undirected,1,222,,Mr. Bingley,Lydia Bennet
1712.0,1749.0,Undirected,1,222,,Mr. Darcy,Mrs. Forster
904.0,907.0,Undirected,1,222,,Jane Bennet,Kitty Bennet
896.0,1748.0,Undirected,1,222,,Mr. Bennet,Colonel Forster
896.0,903.0,Undirected,1,222,,Mr. Bennet,Elizabeth Bennet
897.0,905.0,Undirected,1,222,,Mrs. Bennet,Lydia Bennet
899.0,907.0,Undirected,1,222,,Mr. Bingley,Kitty Bennet
903.0,907.0,Undirected,1,222,,Elizabeth Bennet,Kitty Bennet
904.0,1748.0,Undirected,1,222,,Jane Bennet,Colonel Forster
897.0,1712.0,Undirected,1,222,,Mrs. Bennet,Mr. Darcy
903.0,1749.0,Undirected,1,222,,Elizabeth Bennet,Mrs. Forster
896.0,899.0,Undirected,1,222,,Mr. Bennet,Mr. Bingley
904.0,1712.0,Undirected,1,222,,Jane Bennet,Mr. Darcy
897.0,899.0,Undirected,1,222,,Mrs. Bennet,Mr. Bingley
903.0,905.0,Undirected,1,222,,Elizabeth Bennet,Lydia Bennet
896.0,903.0,Undirected,1,223,,Mr. Bennet,Elizabeth Bennet
896.0,907.0,Undirected,1,223,,Mr. Bennet,Kitty Bennet
896.0,906.0,Undirected,1,223,,Mr. Bennet,Mary Bennet
903.0,904.0,Undirected,1,223,,Elizabeth Bennet,Jane Bennet
903.0,906.0,Undirected,1,223,,Elizabeth Bennet,Mary Bennet
904.0,905.0,Undirected,1,223,,Jane Bennet,Lydia Bennet
905.0,907.0,Undirected,1,223,,Lydia Bennet,Kitty Bennet
896.0,904.0,Undirected,1,223,,Mr. Bennet,Jane Bennet
906.0,907.0,Undirected,1,223,,Mary Bennet,Kitty Bennet
903.0,905.0,Undirected,1,223,,Elizabeth Bennet,Lydia Bennet
904.0,907.0,Undirected,1,223,,Jane Bennet,Kitty Bennet
904.0,906.0,Undirected,1,223,,Jane Bennet,Mary Bennet
903.0,907.0,Undirected,1,223,,Elizabeth Bennet,Kitty Bennet
905.0,906.0,Undirected,1,223,,Lydia Bennet,Mary Bennet
896.0,905.0,Undirected,1,223,,Mr. Bennet,Lydia Bennet
896.0,28.0,Undirected,1,224,,Mr. Bennet,Officers (at Meryton)
896.0,905.0,Undirected,1,224,,Mr. Bennet,Lydia Bennet
897.0,903.0,Undirected,1,224,,Mrs. Bennet,Elizabeth Bennet
896.0,1750.0,Undirected,1,224,,Mr. Bennet,Mr. Wickham
897.0,28.0,Undirected,1,224,,Mrs. Bennet,Officers (at Meryton)
905.0,28.0,Undirected,1,224,,Lydia Bennet,Officers (at Meryton)
903.0,1750.0,Undirected,1,224,,Elizabeth Bennet,Mr. Wickham
897.0,1748.0,Undirected,1,224,,Mrs. Bennet,Colonel Forster
903.0,905.0,Undirected,1,224,,Elizabeth Bennet,Lydia Bennet
905.0,1750.0,Undirected,1,224,,Lydia Bennet,Mr. Wickham
903.0,28.0,Undirected,1,224,,Elizabeth Bennet,Officers (at Meryton)
1748.0,1750.0,Undirected,1,224,,Colonel Forster,Mr. Wickham
903.0,1748.0,Undirected,1,224,,Elizabeth Bennet,Colonel Forster
896.0,903.0,Undirected,1,224,,Mr. Bennet,Elizabeth Bennet
896.0,897.0,Undirected,1,224,,Mr. Bennet,Mrs. Bennet
1750.0,28.0,Undirected,1,224,,Mr. Wickham,Officers (at Meryton)
897.0,905.0,Undirected,1,224,,Mrs. Bennet,Lydia Bennet
1748.0,28.0,Undirected,1,224,,Colonel Forster,Officers (at Meryton)
897.0,1750.0,Undirected,1,224,,Mrs. Bennet,Mr. Wickham
896.0,1748.0,Undirected,1,224,,Mr. Bennet,Colonel Forster
905.0,1748.0,Undirected,1,224,,Lydia Bennet,Colonel Forster
903.0,1767.0,Undirected,1,225,,Elizabeth Bennet,Colonel Fitzwilliam
1712.0,1767.0,Undirected,1,225,,Mr. Darcy,Colonel Fitzwilliam
1712.0,903.0,Undirected,1,225,,Mr. Darcy,Elizabeth Bennet
1712.0,1750.0,Undirected,1,225,,Mr. Darcy,Mr. Wickham
1750.0,1767.0,Undirected,1,225,,Mr. Wickham,Colonel Fitzwilliam
903.0,1750.0,Undirected,1,225,,Elizabeth Bennet,Mr. Wickham
33.0,905.0,Undirected,1,226,,Miss de Bourgh,Lydia Bennet
903.0,1749.0,Undirected,1,226,,Elizabeth Bennet,Mrs. Forster
903.0,1752.0,Undirected,1,226,,Elizabeth Bennet,Lady Catherine de Bourgh
905.0,1750.0,Undirected,1,226,,Lydia Bennet,Mr. Wickham
903.0,1712.0,Undirected,1,226,,Elizabeth Bennet,Mr. Darcy
33.0,903.0,Undirected,1,226,,Miss de Bourgh,Elizabeth Bennet
33.0,1712.0,Undirected,1,226,,Miss de Bourgh,Mr. Darcy
905.0,1712.0,Undirected,1,226,,Lydia Bennet,Mr. Darcy
33.0,1752.0,Undirected,1,226,,Miss de Bourgh,Lady Catherine de Bourgh
905.0,1749.0,Undirected,1,226,,Lydia Bennet,Mrs. Forster
1712.0,1749.0,Undirected,1,226,,Mr. Darcy,Mrs. Forster
903.0,905.0,Undirected,1,226,,Elizabeth Bennet,Lydia Bennet
1712.0,1752.0,Undirected,1,226,,Mr. Darcy,Lady Catherine de Bourgh
903.0,1750.0,Undirected,1,226,,Elizabeth Bennet,Mr. Wickham
1749.0,1750.0,Undirected,1,226,,Mrs. Forster,Mr. Wickham
33.0,1749.0,Undirected,1,226,,Miss de Bourgh,Mrs. Forster
905.0,1752.0,Undirected,1,226,,Lydia Bennet,Lady Catherine de Bourgh
1749.0,1752.0,Undirected,1,226,,Mrs. Forster,Lady Catherine de Bourgh
1712.0,1750.0,Undirected,1,226,,Mr. Darcy,Mr. Wickham
33.0,1750.0,Undirected,1,226,,Miss de Bourgh,Mr. Wickham
1750.0,1752.0,Undirected,1,226,,Mr. Wickham,Lady Catherine de Bourgh
896.0,897.0,Undirected,1,227,,Mr. Bennet,Mrs. Bennet
906.0,907.0,Undirected,1,227,,Mary Bennet,Kitty Bennet
897.0,905.0,Undirected,1,227,,Mrs. Bennet,Lydia Bennet
905.0,906.0,Undirected,1,227,,Lydia Bennet,Mary Bennet
897.0,1749.0,Undirected,1,227,,Mrs. Bennet,Mrs. Forster
907.0,1749.0,Undirected,1,227,,Kitty Bennet,Mrs. Forster
904.0,905.0,Undirected,1,227,,Jane Bennet,Lydia Bennet
903.0,907.0,Undirected,1,227,,Elizabeth Bennet,Kitty Bennet
897.0,906.0,Undirected,1,227,,Mrs. Bennet,Mary Bennet
896.0,907.0,Undirected,1,227,,Mr. Bennet,Kitty Bennet
905.0,1749.0,Undirected,1,227,,Lydia Bennet,Mrs. Forster
896.0,905.0,Undirected,1,227,,Mr. Bennet,Lydia Bennet
897.0,904.0,Undirected,1,227,,Mrs. Bennet,Jane Bennet
903.0,904.0,Undirected,1,227,,Elizabeth Bennet,Jane Bennet
904.0,907.0,Undirected,1,227,,Jane Bennet,Kitty Bennet
904.0,906.0,Undirected,1,227,,Jane Bennet,Mary Bennet
896.0,903.0,Undirected,1,227,,Mr. Bennet,Elizabeth Bennet
903.0,905.0,Undirected,1,227,,Elizabeth Bennet,Lydia Bennet
906.0,1749.0,Undirected,1,227,,Mary Bennet,Mrs. Forster
897.0,903.0,Undirected,1,227,,Mrs. Bennet,Elizabeth Bennet
896.0,1749.0,Undirected,1,227,,Mr. Bennet,Mrs. Forster
897.0,907.0,Undirected,1,227,,Mrs. Bennet,Kitty Bennet
896.0,904.0,Undirected,1,227,,Mr. Bennet,Jane Bennet
896.0,906.0,Undirected,1,227,,Mr. Bennet,Mary Bennet
903.0,906.0,Undirected,1,227,,Elizabeth Bennet,Mary Bennet
904.0,1749.0,Undirected,1,227,,Jane Bennet,Mrs. Forster
905.0,907.0,Undirected,1,227,,Lydia Bennet,Kitty Bennet
903.0,1749.0,Undirected,1,227,,Elizabeth Bennet,Mrs. Forster
904.0,905.0,Undirected,1,228,,Jane Bennet,Lydia Bennet
903.0,905.0,Undirected,1,228,,Elizabeth Bennet,Lydia Bennet
904.0,907.0,Undirected,1,228,,Jane Bennet,Kitty Bennet
897.0,904.0,Undirected,1,228,,Mrs. Bennet,Jane Bennet
904.0,906.0,Undirected,1,228,,Jane Bennet,Mary Bennet
903.0,904.0,Undirected,1,228,,Elizabeth Bennet,Jane Bennet
896.0,905.0,Undirected,1,228,,Mr. Bennet,Lydia Bennet
897.0,903.0,Undirected,1,228,,Mrs. Bennet,Elizabeth Bennet
903.0,907.0,Undirected,1,228,,Elizabeth Bennet,Kitty Bennet
905.0,907.0,Undirected,1,228,,Lydia Bennet,Kitty Bennet
897.0,907.0,Undirected,1,228,,Mrs. Bennet,Kitty Bennet
906.0,907.0,Undirected,1,228,,Mary Bennet,Kitty Bennet
896.0,904.0,Undirected,1,228,,Mr. Bennet,Jane Bennet
903.0,906.0,Undirected,1,228,,Elizabeth Bennet,Mary Bennet
897.0,906.0,Undirected,1,228,,Mrs. Bennet,Mary Bennet
896.0,907.0,Undirected,1,228,,Mr. Bennet,Kitty Bennet
896.0,906.0,Undirected,1,228,,Mr. Bennet,Mary Bennet
896.0,897.0,Undirected,1,228,,Mr. Bennet,Mrs. Bennet
905.0,906.0,Undirected,1,228,,Lydia Bennet,Mary Bennet
897.0,905.0,Undirected,1,228,,Mrs. Bennet,Lydia Bennet
896.0,903.0,Undirected,1,228,,Mr. Bennet,Elizabeth Bennet
906.0,907.0,Undirected,1,229,,Mary Bennet,Kitty Bennet
897.0,904.0,Undirected,1,229,,Mrs. Bennet,Jane Bennet
905.0,1750.0,Undirected,1,229,,Lydia Bennet,Mr. Wickham
897.0,1750.0,Undirected,1,229,,Mrs. Bennet,Mr. Wickham
903.0,904.0,Undirected,1,229,,Elizabeth Bennet,Jane Bennet
904.0,907.0,Undirected,1,229,,Jane Bennet,Kitty Bennet
903.0,1750.0,Undirected,1,229,,Elizabeth Bennet,Mr. Wickham
903.0,905.0,Undirected,1,229,,Elizabeth Bennet,Lydia Bennet
896.0,904.0,Undirected,1,229,,Mr. Bennet,Jane Bennet
905.0,907.0,Undirected,1,229,,Lydia Bennet,Kitty Bennet
904.0,906.0,Undirected,1,229,,Jane Bennet,Mary Bennet
904.0,905.0,Undirected,1,229,,Jane Bennet,Lydia Bennet
906.0,1750.0,Undirected,1,229,,Mary Bennet,Mr. Wickham
903.0,907.0,Undirected,1,229,,Elizabeth Bennet,Kitty Bennet
896.0,897.0,Undirected,1,229,,Mr. Bennet,Mrs. Bennet
903.0,906.0,Undirected,1,229,,Elizabeth Bennet,Mary Bennet
907.0,1750.0,Undirected,1,229,,Kitty Bennet,Mr. Wickham
896.0,906.0,Undirected,1,229,,Mr. Bennet,Mary Bennet
896.0,905.0,Undirected,1,229,,Mr. Bennet,Lydia Bennet
896.0,1750.0,Undirected,1,229,,Mr. Bennet,Mr. Wickham
897.0,907.0,Undirected,1,229,,Mrs. Bennet,Kitty Bennet
905.0,906.0,Undirected,1,229,,Lydia Bennet,Mary Bennet
896.0,903.0,Undirected,1,229,,Mr. Bennet,Elizabeth Bennet
897.0,906.0,Undirected,1,229,,Mrs. Bennet,Mary Bennet
896.0,907.0,Undirected,1,229,,Mr. Bennet,Kitty Bennet
897.0,903.0,Undirected,1,229,,Mrs. Bennet,Elizabeth Bennet
904.0,1750.0,Undirected,1,229,,Jane Bennet,Mr. Wickham
897.0,905.0,Undirected,1,229,,Mrs. Bennet,Lydia Bennet
897.0,1757.0,Undirected,1,230,,Mrs. Bennet,Mrs. Gardiner
897.0,1756.0,Undirected,1,230,,Mrs. Bennet,Mr. Gardiner
903.0,905.0,Undirected,1,230,,Elizabeth Bennet,Lydia Bennet
903.0,1757.0,Undirected,1,230,,Elizabeth Bennet,Mrs. Gardiner
897.0,905.0,Undirected,1,230,,Mrs. Bennet,Lydia Bennet
905.0,1749.0,Undirected,1,230,,Lydia Bennet,Mrs. Forster
903.0,907.0,Undirected,1,230,,Elizabeth Bennet,Kitty Bennet
897.0,1749.0,Undirected,1,230,,Mrs. Bennet,Mrs. Forster
907.0,1756.0,Undirected,1,230,,Kitty Bennet,Mr. Gardiner
903.0,1756.0,Undirected,1,230,,Elizabeth Bennet,Mr. Gardiner
1756.0,1757.0,Undirected,1,230,,Mr. Gardiner,Mrs. Gardiner
897.0,907.0,Undirected,1,230,,Mrs. Bennet,Kitty Bennet
905.0,907.0,Undirected,1,230,,Lydia Bennet,Kitty Bennet
905.0,1757.0,Undirected,1,230,,Lydia Bennet,Mrs. Gardiner
907.0,1749.0,Undirected,1,230,,Kitty Bennet,Mrs. Forster
1749.0,1756.0,Undirected,1,230,,Mrs. Forster,Mr. Gardiner
907.0,1757.0,Undirected,1,230,,Kitty Bennet,Mrs. Gardiner
905.0,1756.0,Undirected,1,230,,Lydia Bennet,Mr. Gardiner
903.0,1749.0,Undirected,1,230,,Elizabeth Bennet,Mrs. Forster
1749.0,1757.0,Undirected,1,230,,Mrs. Forster,Mrs. Gardiner
897.0,903.0,Undirected,1,230,,Mrs. Bennet,Elizabeth Bennet
903.0,904.0,Undirected,1,231,,Elizabeth Bennet,Jane Bennet
1757.0,904.0,Undirected,1,231,,Mrs. Gardiner,Jane Bennet
904.0,61.0,Undirected,1,231,,Jane Bennet,Mrs. Gardiner's aquaintance
32.0,903.0,Undirected,1,231,,Gardiner children,Elizabeth Bennet
1756.0,61.0,Undirected,1,231,,Mr. Gardiner,Mrs. Gardiner's aquaintance
32.0,1756.0,Undirected,1,231,,Gardiner children,Mr. Gardiner
1757.0,61.0,Undirected,1,231,,Mrs. Gardiner,Mrs. Gardiner's aquaintance
32.0,1757.0,Undirected,1,231,,Gardiner children,Mrs. Gardiner
903.0,1712.0,Undirected,1,231,,Elizabeth Bennet,Mr. Darcy
1757.0,1712.0,Undirected,1,231,,Mrs. Gardiner,Mr. Darcy
32.0,61.0,Undirected,1,231,,Gardiner children,Mrs. Gardiner's aquaintance
903.0,1756.0,Undirected,1,231,,Elizabeth Bennet,Mr. Gardiner
904.0,1712.0,Undirected,1,231,,Jane Bennet,Mr. Darcy
904.0,1756.0,Undirected,1,231,,Jane Bennet,Mr. Gardiner
1712.0,1756.0,Undirected,1,231,,Mr. Darcy,Mr. Gardiner
1712.0,61.0,Undirected,1,231,,Mr. Darcy,Mrs. Gardiner's aquaintance
1757.0,1756.0,Undirected,1,231,,Mrs. Gardiner,Mr. Gardiner
32.0,1712.0,Undirected,1,231,,Gardiner children,Mr. Darcy
32.0,904.0,Undirected,1,231,,Gardiner children,Jane Bennet
903.0,61.0,Undirected,1,231,,Elizabeth Bennet,Mrs. Gardiner's aquaintance
903.0,1757.0,Undirected,1,231,,Elizabeth Bennet,Mrs. Gardiner
1712.0,1756.0,Undirected,1,232,,Mr. Darcy,Mr. Gardiner
903.0,1756.0,Undirected,1,232,,Elizabeth Bennet,Mr. Gardiner
1750.0,1757.0,Undirected,1,232,,Mr. Wickham,Mrs. Gardiner
1712.0,1757.0,Undirected,1,232,,Mr. Darcy,Mrs. Gardiner
903.0,1750.0,Undirected,1,232,,Elizabeth Bennet,Mr. Wickham
1756.0,1757.0,Undirected,1,232,,Mr. Gardiner,Mrs. Gardiner
903.0,1712.0,Undirected,1,232,,Elizabeth Bennet,Mr. Darcy
1750.0,1756.0,Undirected,1,232,,Mr. Wickham,Mr. Gardiner
1712.0,1750.0,Undirected,1,232,,Mr. Darcy,Mr. Wickham
903.0,1757.0,Undirected,1,232,,Elizabeth Bennet,Mrs. Gardiner
2554.0,903.0,directed,1,235,Exchange,,
903.0,2554.0,directed,1,235,Exchange,,
1757.0,1756.0,directed,1,236,Exchange,,
903.0,1769.0,directed,1,236,Exchange,,
1756.0,1757.0,directed,1,236,Exchange,,
1769.0,903.0,directed,1,236,Exchange,,
1757.0,1769.0,directed,1,236,Exchange,,
1769.0,1757.0,directed,1,236,Exchange,,
1756.0,1769.0,directed,1,237,Exchange,,
903.0,1757.0,directed,1,237,Exchange,,
1769.0,903.0,directed,1,237,Exchange,,
1769.0,1757.0,directed,1,237,Exchange,,
903.0,1769.0,directed,1,237,Exchange,,
1769.0,1756.0,directed,1,237,Exchange,,
1757.0,903.0,directed,1,237,Exchange,,
1757.0,1769.0,directed,1,237,Exchange,,
903.0,1769.0,directed,1,238,Exchange,,
1757.0,1769.0,directed,1,238,Exchange,,
1769.0,1757.0,directed,1,238,Exchange,,
1769.0,1756.0,directed,1,238,Exchange,,
1769.0,903.0,directed,1,238,Exchange,,
1756.0,1769.0,directed,1,238,Exchange,,
903.0,1769.0,directed,1,239,Exchange,,
903.0,1756.0,directed,1,239,Exchange,,
1769.0,903.0,directed,1,239,Exchange,,
1756.0,1757.0,directed,1,239,Exchange,,
1756.0,903.0,directed,1,239,Exchange,,
1756.0,1769.0,directed,1,239,Exchange,,
1757.0,1756.0,directed,1,239,Exchange,,
1757.0,903.0,directed,1,239,Exchange,,
903.0,1757.0,directed,1,239,Exchange,,
1769.0,1756.0,directed,1,239,Exchange,,
1769.0,1757.0,directed,1,240,Exchange,,
903.0,1769.0,directed,1,240,Exchange,,
1757.0,1769.0,directed,1,240,Exchange,,
1769.0,903.0,directed,1,240,Exchange,,
1756.0,903.0,directed,1,241,Exchange,,
1757.0,903.0,directed,1,241,Exchange,,
903.0,1712.0,directed,1,241,Exchange,,
1712.0,903.0,directed,1,241,Exchange,,
903.0,1756.0,directed,1,242,Exchange,,
1757.0,903.0,directed,1,242,Exchange,,
1756.0,903.0,directed,1,242,Exchange,,
1712.0,903.0,directed,1,242,Exchange,,
903.0,1757.0,directed,1,242,Exchange,,
903.0,1712.0,directed,1,242,Exchange,,
903.0,1712.0,directed,1,243,Exchange,,
2558.0,903.0,directed,1,243,Exchange,,
1756.0,2558.0,directed,1,243,Exchange,,
1757.0,2558.0,directed,1,243,Exchange,,
1757.0,1756.0,directed,1,243,Exchange,,
903.0,1756.0,directed,1,243,Exchange,,
2558.0,1756.0,directed,1,243,Exchange,,
1756.0,1757.0,directed,1,243,Exchange,,
903.0,1757.0,directed,1,243,Exchange,,
2558.0,1757.0,directed,1,243,Exchange,,
1712.0,903.0,directed,1,243,Exchange,,
1756.0,903.0,directed,1,243,Exchange,,
1757.0,903.0,directed,1,243,Exchange,,
903.0,2558.0,directed,1,243,Exchange,,
1756.0,1757.0,directed,1,244,Exchange,,
1712.0,1756.0,directed,1,244,Exchange,,
1757.0,1756.0,directed,1,244,Exchange,,
903.0,1756.0,directed,1,244,Exchange,,
1712.0,903.0,directed,1,244,Exchange,,
1756.0,1712.0,directed,1,244,Exchange,,
903.0,1712.0,directed,1,244,Exchange,,
1757.0,903.0,directed,1,244,Exchange,,
1756.0,903.0,directed,1,244,Exchange,,
903.0,1712.0,directed,1,245,Exchange,,
1712.0,903.0,directed,1,245,Exchange,,
1757.0,903.0,directed,1,246,Exchange,,
1712.0,1756.0,directed,1,246,Exchange,,
1757.0,1712.0,directed,1,246,Exchange,,
903.0,1712.0,directed,1,246,Exchange,,
1756.0,1712.0,directed,1,246,Exchange,,
1712.0,903.0,directed,1,246,Exchange,,
1756.0,903.0,directed,1,246,Exchange,,
903.0,1757.0,directed,1,246,Exchange,,
1712.0,1757.0,directed,1,246,Exchange,,
1757.0,1756.0,directed,1,246,Exchange,,
1756.0,1757.0,directed,1,246,Exchange,,
903.0,1756.0,directed,1,247,Exchange,,
903.0,1757.0,directed,1,247,Exchange,,
1756.0,903.0,directed,1,247,Exchange,,
1757.0,903.0,directed,1,247,Exchange,,
1757.0,1756.0,directed,1,247,Exchange,,
1756.0,1757.0,directed,1,247,Exchange,,
1747.0,1756.0,Undirected,1,248,,Miss Darcy,Mr. Gardiner
903.0,1747.0,Undirected,1,248,,Elizabeth Bennet,Miss Darcy
903.0,1757.0,Undirected,1,248,,Elizabeth Bennet,Mrs. Gardiner
903.0,62.0,Undirected,1,248,,Elizabeth Bennet,"""Lambton friends"""
1712.0,1757.0,Undirected,1,248,,Mr. Darcy,Mrs. Gardiner
1757.0,62.0,Undirected,1,248,,Mrs. Gardiner,"""Lambton friends"""
903.0,1712.0,Undirected,1,248,,Elizabeth Bennet,Mr. Darcy
1756.0,1757.0,Undirected,1,248,,Mr. Gardiner,Mrs. Gardiner
1712.0,62.0,Undirected,1,248,,Mr. Darcy,"""Lambton friends"""
1747.0,62.0,Undirected,1,248,,Miss Darcy,"""Lambton friends"""
1712.0,1756.0,Undirected,1,248,,Mr. Darcy,Mr. Gardiner
1712.0,1747.0,Undirected,1,248,,Mr. Darcy,Miss Darcy
903.0,1756.0,Undirected,1,248,,Elizabeth Bennet,Mr. Gardiner
1756.0,62.0,Undirected,1,248,,Mr. Gardiner,"""Lambton friends"""
1747.0,1757.0,Undirected,1,248,,Miss Darcy,Mrs. Gardiner
1756.0,1757.0,Undirected,1,249,,Mr. Gardiner,Mrs. Gardiner
899.0,1756.0,Undirected,1,249,,Mr. Bingley,Mr. Gardiner
903.0,1712.0,Undirected,1,249,,Elizabeth Bennet,Mr. Darcy
903.0,1756.0,Undirected,1,249,,Elizabeth Bennet,Mr. Gardiner
899.0,1747.0,Undirected,1,249,,Mr. Bingley,Miss Darcy
1712.0,1756.0,Undirected,1,249,,Mr. Darcy,Mr. Gardiner
1712.0,1747.0,Undirected,1,249,,Mr. Darcy,Miss Darcy
1747.0,1756.0,Undirected,1,249,,Miss Darcy,Mr. Gardiner
903.0,1757.0,Undirected,1,249,,Elizabeth Bennet,Mrs. Gardiner
899.0,903.0,Undirected,1,249,,Mr. Bingley,Elizabeth Bennet
903.0,1747.0,Undirected,1,249,,Elizabeth Bennet,Miss Darcy
899.0,1757.0,Undirected,1,249,,Mr. Bingley,Mrs. Gardiner
899.0,1712.0,Undirected,1,249,,Mr. Bingley,Mr. Darcy
1747.0,1757.0,Undirected,1,249,,Miss Darcy,Mrs. Gardiner
1712.0,1757.0,Undirected,1,249,,Mr. Darcy,Mrs. Gardiner
899.0,1747.0,Undirected,1,250,,Mr. Bingley,Miss Darcy
905.0,906.0,Undirected,1,250,,Lydia Bennet,Mary Bennet
906.0,907.0,Undirected,1,250,,Mary Bennet,Kitty Bennet
904.0,1712.0,Undirected,1,250,,Jane Bennet,Mr. Darcy
906.0,1712.0,Undirected,1,250,,Mary Bennet,Mr. Darcy
899.0,905.0,Undirected,1,250,,Mr. Bingley,Lydia Bennet
903.0,1747.0,Undirected,1,250,,Elizabeth Bennet,Miss Darcy
906.0,1747.0,Undirected,1,250,,Mary Bennet,Miss Darcy
907.0,1712.0,Undirected,1,250,,Kitty Bennet,Mr. Darcy
904.0,905.0,Undirected,1,250,,Jane Bennet,Lydia Bennet
905.0,1712.0,Undirected,1,250,,Lydia Bennet,Mr. Darcy
905.0,1747.0,Undirected,1,250,,Lydia Bennet,Miss Darcy
903.0,907.0,Undirected,1,250,,Elizabeth Bennet,Kitty Bennet
905.0,907.0,Undirected,1,250,,Lydia Bennet,Kitty Bennet
903.0,904.0,Undirected,1,250,,Elizabeth Bennet,Jane Bennet
903.0,906.0,Undirected,1,250,,Elizabeth Bennet,Mary Bennet
904.0,1747.0,Undirected,1,250,,Jane Bennet,Miss Darcy
907.0,1747.0,Undirected,1,250,,Kitty Bennet,Miss Darcy
903.0,1712.0,Undirected,1,250,,Elizabeth Bennet,Mr. Darcy
1712.0,1747.0,Undirected,1,250,,Mr. Darcy,Miss Darcy
899.0,903.0,Undirected,1,250,,Mr. Bingley,Elizabeth Bennet
904.0,907.0,Undirected,1,250,,Jane Bennet,Kitty Bennet
899.0,904.0,Undirected,1,250,,Mr. Bingley,Jane Bennet
904.0,906.0,Undirected,1,250,,Jane Bennet,Mary Bennet
899.0,907.0,Undirected,1,250,,Mr. Bingley,Kitty Bennet
899.0,906.0,Undirected,1,250,,Mr. Bingley,Mary Bennet
903.0,905.0,Undirected,1,250,,Elizabeth Bennet,Lydia Bennet
899.0,1712.0,Undirected,1,250,,Mr. Bingley,Mr. Darcy
903.0,904.0,Undirected,1,251,,Elizabeth Bennet,Jane Bennet
899.0,1747.0,Undirected,1,251,,Mr. Bingley,Miss Darcy
903.0,1756.0,Undirected,1,251,,Elizabeth Bennet,Mr. Gardiner
904.0,1757.0,Undirected,1,251,,Jane Bennet,Mrs. Gardiner
1747.0,1757.0,Undirected,1,251,,Miss Darcy,Mrs. Gardiner
1712.0,1747.0,Undirected,1,251,,Mr. Darcy,Miss Darcy
899.0,1712.0,Undirected,1,251,,Mr. Bingley,Mr. Darcy
899.0,904.0,Undirected,1,251,,Mr. Bingley,Jane Bennet
1756.0,1757.0,Undirected,1,251,,Mr. Gardiner,Mrs. Gardiner
903.0,1712.0,Undirected,1,251,,Elizabeth Bennet,Mr. Darcy
903.0,1747.0,Undirected,1,251,,Elizabeth Bennet,Miss Darcy
904.0,1756.0,Undirected,1,251,,Jane Bennet,Mr. Gardiner
903.0,1757.0,Undirected,1,251,,Elizabeth Bennet,Mrs. Gardiner
899.0,903.0,Undirected,1,251,,Mr. Bingley,Elizabeth Bennet
904.0,1712.0,Undirected,1,251,,Jane Bennet,Mr. Darcy
899.0,1757.0,Undirected,1,251,,Mr. Bingley,Mrs. Gardiner
1712.0,1756.0,Undirected,1,251,,Mr. Darcy,Mr. Gardiner
1747.0,1756.0,Undirected,1,251,,Miss Darcy,Mr. Gardiner
1712.0,1757.0,Undirected,1,251,,Mr. Darcy,Mrs. Gardiner
904.0,1747.0,Undirected,1,251,,Jane Bennet,Miss Darcy
899.0,1756.0,Undirected,1,251,,Mr. Bingley,Mr. Gardiner
29.0,62.0,Undirected,1,252,,Mr. Darcy's father,"""Lambton friends"""
1750.0,1756.0,Undirected,1,252,,Mr. Wickham,Mr. Gardiner
1756.0,63.0,Undirected,1,252,,Mr. Gardiner,Housekeeper (at Pemberley)
62.0,63.0,Undirected,1,252,,"""Lambton friends""",Housekeeper (at Pemberley)
1712.0,63.0,Undirected,1,252,,Mr. Darcy,Housekeeper (at Pemberley)
1712.0,1750.0,Undirected,1,252,,Mr. Darcy,Mr. Wickham
1712.0,62.0,Undirected,1,252,,Mr. Darcy,"""Lambton friends"""
899.0,62.0,Undirected,1,252,,Mr. Bingley,"""Lambton friends"""
1712.0,1756.0,Undirected,1,252,,Mr. Darcy,Mr. Gardiner
1750.0,62.0,Undirected,1,252,,Mr. Wickham,"""Lambton friends"""
29.0,1750.0,Undirected,1,252,,Mr. Darcy's father,Mr. Wickham
899.0,903.0,Undirected,1,252,,Mr. Bingley,Elizabeth Bennet
899.0,29.0,Undirected,1,252,,Mr. Bingley,Mr. Darcy's father
1757.0,63.0,Undirected,1,252,,Mrs. Gardiner,Housekeeper (at Pemberley)
899.0,63.0,Undirected,1,252,,Mr. Bingley,Housekeeper (at Pemberley)
1712.0,29.0,Undirected,1,252,,Mr. Darcy,Mr. Darcy's father
899.0,1757.0,Undirected,1,252,,Mr. Bingley,Mrs. Gardiner
899.0,1712.0,Undirected,1,252,,Mr. Bingley,Mr. Darcy
1756.0,1757.0,Undirected,1,252,,Mr. Gardiner,Mrs. Gardiner
903.0,1757.0,Undirected,1,252,,Elizabeth Bennet,Mrs. Gardiner
899.0,1756.0,Undirected,1,252,,Mr. Bingley,Mr. Gardiner
903.0,63.0,Undirected,1,252,,Elizabeth Bennet,Housekeeper (at Pemberley)
1750.0,63.0,Undirected,1,252,,Mr. Wickham,Housekeeper (at Pemberley)
29.0,1757.0,Undirected,1,252,,Mr. Darcy's father,Mrs. Gardiner
899.0,1750.0,Undirected,1,252,,Mr. Bingley,Mr. Wickham
903.0,29.0,Undirected,1,252,,Elizabeth Bennet,Mr. Darcy's father
29.0,63.0,Undirected,1,252,,Mr. Darcy's father,Housekeeper (at Pemberley)
903.0,1712.0,Undirected,1,252,,Elizabeth Bennet,Mr. Darcy
903.0,62.0,Undirected,1,252,,Elizabeth Bennet,"""Lambton friends"""
1757.0,62.0,Undirected,1,252,,Mrs. Gardiner,"""Lambton friends"""
1756.0,62.0,Undirected,1,252,,Mr. Gardiner,"""Lambton friends"""
29.0,1756.0,Undirected,1,252,,Mr. Darcy's father,Mr. Gardiner
1712.0,1757.0,Undirected,1,252,,Mr. Darcy,Mrs. Gardiner
1750.0,1757.0,Undirected,1,252,,Mr. Wickham,Mrs. Gardiner
903.0,1750.0,Undirected,1,252,,Elizabeth Bennet,Mr. Wickham
903.0,1756.0,Undirected,1,252,,Elizabeth Bennet,Mr. Gardiner
1712.0,1747.0,Undirected,1,253,,Mr. Darcy,Miss Darcy
1756.0,1757.0,Undirected,1,253,,Mr. Gardiner,Mrs. Gardiner
1747.0,1757.0,Undirected,1,253,,Miss Darcy,Mrs. Gardiner
903.0,1756.0,Undirected,1,253,,Elizabeth Bennet,Mr. Gardiner
903.0,1712.0,Undirected,1,253,,Elizabeth Bennet,Mr. Darcy
903.0,1747.0,Undirected,1,253,,Elizabeth Bennet,Miss Darcy
1747.0,1756.0,Undirected,1,253,,Miss Darcy,Mr. Gardiner
1712.0,1756.0,Undirected,1,253,,Mr. Darcy,Mr. Gardiner
903.0,1757.0,Undirected,1,253,,Elizabeth Bennet,Mrs. Gardiner
1712.0,1757.0,Undirected,1,253,,Mr. Darcy,Mrs. Gardiner
1757.0,903.0,Undirected,1,254,,Mrs. Gardiner,Elizabeth Bennet
64.0,1756.0,Undirected,1,254,,Gentlemen (at Pemberley),Mr. Gardiner
1756.0,903.0,Undirected,1,254,,Mr. Gardiner,Elizabeth Bennet
1756.0,1757.0,Undirected,1,254,,Mr. Gardiner,Mrs. Gardiner
64.0,903.0,Undirected,1,254,,Gentlemen (at Pemberley),Elizabeth Bennet
64.0,1757.0,Undirected,1,254,,Gentlemen (at Pemberley),Mrs. Gardiner
903.0,1711.0,Undirected,1,255,,Elizabeth Bennet,Mrs. Hurst
1713.0,1747.0,Undirected,1,255,,Miss Bingley,Miss Darcy
1770.0,1711.0,Undirected,1,255,,Mrs. Annesley,Mrs. Hurst
1770.0,1713.0,Undirected,1,255,,Mrs. Annesley,Miss Bingley
903.0,1757.0,Undirected,1,255,,Elizabeth Bennet,Mrs. Gardiner
1711.0,1747.0,Undirected,1,255,,Mrs. Hurst,Miss Darcy
1711.0,1757.0,Undirected,1,255,,Mrs. Hurst,Mrs. Gardiner
903.0,1770.0,Undirected,1,255,,Elizabeth Bennet,Mrs. Annesley
1747.0,1757.0,Undirected,1,255,,Miss Darcy,Mrs. Gardiner
1713.0,1757.0,Undirected,1,255,,Miss Bingley,Mrs. Gardiner
1711.0,1713.0,Undirected,1,255,,Mrs. Hurst,Miss Bingley
1770.0,1757.0,Undirected,1,255,,Mrs. Annesley,Mrs. Gardiner
903.0,1713.0,Undirected,1,255,,Elizabeth Bennet,Miss Bingley
1770.0,1747.0,Undirected,1,255,,Mrs. Annesley,Miss Darcy
903.0,1747.0,Undirected,1,255,,Elizabeth Bennet,Miss Darcy
903.0,1712.0,Undirected,1,256,,Elizabeth Bennet,Mr. Darcy
64.0,66.0,Undirected,1,256,,Gentlemen (at Pemberley),Servants (at Pemberley)
897.0,1756.0,Undirected,1,256,,Mrs. Bennet,Mr. Gardiner
903.0,1747.0,Undirected,1,256,,Elizabeth Bennet,Miss Darcy
904.0,907.0,Undirected,1,256,,Jane Bennet,Kitty Bennet
1711.0,1713.0,Undirected,1,256,,Mrs. Hurst,Miss Bingley
1713.0,1756.0,Undirected,1,256,,Miss Bingley,Mr. Gardiner
903.0,1756.0,Undirected,1,256,,Elizabeth Bennet,Mr. Gardiner
1711.0,1756.0,Undirected,1,256,,Mrs. Hurst,Mr. Gardiner
64.0,1711.0,Undirected,1,256,,Gentlemen (at Pemberley),Mrs. Hurst
64.0,1712.0,Undirected,1,256,,Gentlemen (at Pemberley),Mr. Darcy
905.0,906.0,Undirected,1,256,,Lydia Bennet,Mary Bennet
66.0,1712.0,Undirected,1,256,,Servants (at Pemberley),Mr. Darcy
1747.0,1756.0,Undirected,1,256,,Miss Darcy,Mr. Gardiner
903.0,906.0,Undirected,1,256,,Elizabeth Bennet,Mary Bennet
904.0,905.0,Undirected,1,256,,Jane Bennet,Lydia Bennet
1711.0,1747.0,Undirected,1,256,,Mrs. Hurst,Miss Darcy
905.0,1711.0,Undirected,1,256,,Lydia Bennet,Mrs. Hurst
64.0,903.0,Undirected,1,256,,Gentlemen (at Pemberley),Elizabeth Bennet
1712.0,1747.0,Undirected,1,256,,Mr. Darcy,Miss Darcy
1712.0,1756.0,Undirected,1,256,,Mr. Darcy,Mr. Gardiner
906.0,1747.0,Undirected,1,256,,Mary Bennet,Miss Darcy
906.0,1756.0,Undirected,1,256,,Mary Bennet,Mr. Gardiner
64.0,1770.0,Undirected,1,256,,Gentlemen (at Pemberley),Mrs. Annesley
66.0,903.0,Undirected,1,256,,Servants (at Pemberley),Elizabeth Bennet
897.0,904.0,Undirected,1,256,,Mrs. Bennet,Jane Bennet
905.0,1747.0,Undirected,1,256,,Lydia Bennet,Miss Darcy
903.0,1713.0,Undirected,1,256,,Elizabeth Bennet,Miss Bingley
906.0,1712.0,Undirected,1,256,,Mary Bennet,Mr. Darcy
897.0,66.0,Undirected,1,256,,Mrs. Bennet,Servants (at Pemberley)
896.0,906.0,Undirected,1,256,,Mr. Bennet,Mary Bennet
897.0,896.0,Undirected,1,256,,Mrs. Bennet,Mr. Bennet
897.0,905.0,Undirected,1,256,,Mrs. Bennet,Lydia Bennet
904.0,1712.0,Undirected,1,256,,Jane Bennet,Mr. Darcy
906.0,1713.0,Undirected,1,256,,Mary Bennet,Miss Bingley
66.0,906.0,Undirected,1,256,,Servants (at Pemberley),Mary Bennet
907.0,1711.0,Undirected,1,256,,Kitty Bennet,Mrs. Hurst
903.0,905.0,Undirected,1,256,,Elizabeth Bennet,Lydia Bennet
907.0,1756.0,Undirected,1,256,,Kitty Bennet,Mr. Gardiner
903.0,904.0,Undirected,1,256,,Elizabeth Bennet,Jane Bennet
896.0,1747.0,Undirected,1,256,,Mr. Bennet,Miss Darcy
903.0,907.0,Undirected,1,256,,Elizabeth Bennet,Kitty Bennet
64.0,1756.0,Undirected,1,256,,Gentlemen (at Pemberley),Mr. Gardiner
897.0,907.0,Undirected,1,256,,Mrs. Bennet,Kitty Bennet
897.0,1712.0,Undirected,1,256,,Mrs. Bennet,Mr. Darcy
64.0,1713.0,Undirected,1,256,,Gentlemen (at Pemberley),Miss Bingley
66.0,1747.0,Undirected,1,256,,Servants (at Pemberley),Miss Darcy
905.0,907.0,Undirected,1,256,,Lydia Bennet,Kitty Bennet
896.0,904.0,Undirected,1,256,,Mr. Bennet,Jane Bennet
897.0,903.0,Undirected,1,256,,Mrs. Bennet,Elizabeth Bennet
66.0,1713.0,Undirected,1,256,,Servants (at Pemberley),Miss Bingley
66.0,904.0,Undirected,1,256,,Servants (at Pemberley),Jane Bennet
905.0,1712.0,Undirected,1,256,,Lydia Bennet,Mr. Darcy
904.0,1747.0,Undirected,1,256,,Jane Bennet,Miss Darcy
903.0,1711.0,Undirected,1,256,,Elizabeth Bennet,Mrs. Hurst
904.0,1756.0,Undirected,1,256,,Jane Bennet,Mr. Gardiner
906.0,907.0,Undirected,1,256,,Mary Bennet,Kitty Bennet
896.0,66.0,Undirected,1,256,,Mr. Bennet,Servants (at Pemberley)
897.0,1713.0,Undirected,1,256,,Mrs. Bennet,Miss Bingley
897.0,1747.0,Undirected,1,256,,Mrs. Bennet,Miss Darcy
896.0,1756.0,Undirected,1,256,,Mr. Bennet,Mr. Gardiner
904.0,1770.0,Undirected,1,256,,Jane Bennet,Mrs. Annesley
64.0,1747.0,Undirected,1,256,,Gentlemen (at Pemberley),Miss Darcy
66.0,1711.0,Undirected,1,256,,Servants (at Pemberley),Mrs. Hurst
905.0,1756.0,Undirected,1,256,,Lydia Bennet,Mr. Gardiner
904.0,906.0,Undirected,1,256,,Jane Bennet,Mary Bennet
897.0,1711.0,Undirected,1,256,,Mrs. Bennet,Mrs. Hurst
897.0,906.0,Undirected,1,256,,Mrs. Bennet,Mary Bennet
1711.0,1712.0,Undirected,1,256,,Mrs. Hurst,Mr. Darcy
897.0,1770.0,Undirected,1,256,,Mrs. Bennet,Mrs. Annesley
64.0,905.0,Undirected,1,256,,Gentlemen (at Pemberley),Lydia Bennet
66.0,907.0,Undirected,1,256,,Servants (at Pemberley),Kitty Bennet
896.0,903.0,Undirected,1,256,,Mr. Bennet,Elizabeth Bennet
907.0,1712.0,Undirected,1,256,,Kitty Bennet,Mr. Darcy
907.0,1747.0,Undirected,1,256,,Kitty Bennet,Miss Darcy
64.0,906.0,Undirected,1,256,,Gentlemen (at Pemberley),Mary Bennet
896.0,905.0,Undirected,1,256,,Mr. Bennet,Lydia Bennet
64.0,897.0,Undirected,1,256,,Gentlemen (at Pemberley),Mrs. Bennet
904.0,1713.0,Undirected,1,256,,Jane Bennet,Miss Bingley
1712.0,1713.0,Undirected,1,256,,Mr. Darcy,Miss Bingley
905.0,1713.0,Undirected,1,256,,Lydia Bennet,Miss Bingley
66.0,905.0,Undirected,1,256,,Servants (at Pemberley),Lydia Bennet
64.0,907.0,Undirected,1,256,,Gentlemen (at Pemberley),Kitty Bennet
1770.0,1712.0,Undirected,1,256,,Mrs. Annesley,Mr. Darcy
905.0,1770.0,Undirected,1,256,,Lydia Bennet,Mrs. Annesley
896.0,1712.0,Undirected,1,256,,Mr. Bennet,Mr. Darcy
66.0,1770.0,Undirected,1,256,,Servants (at Pemberley),Mrs. Annesley
1713.0,1747.0,Undirected,1,256,,Miss Bingley,Miss Darcy
906.0,1770.0,Undirected,1,256,,Mary Bennet,Mrs. Annesley
1770.0,1756.0,Undirected,1,256,,Mrs. Annesley,Mr. Gardiner
1770.0,1747.0,Undirected,1,256,,Mrs. Annesley,Miss Darcy
66.0,1756.0,Undirected,1,256,,Servants (at Pemberley),Mr. Gardiner
1770.0,1713.0,Undirected,1,256,,Mrs. Annesley,Miss Bingley
896.0,1713.0,Undirected,1,256,,Mr. Bennet,Miss Bingley
907.0,1713.0,Undirected,1,256,,Kitty Bennet,Miss Bingley
896.0,1770.0,Undirected,1,256,,Mr. Bennet,Mrs. Annesley
1770.0,1711.0,Undirected,1,256,,Mrs. Annesley,Mrs. Hurst
896.0,1711.0,Undirected,1,256,,Mr. Bennet,Mrs. Hurst
1770.0,907.0,Undirected,1,256,,Mrs. Annesley,Kitty Bennet
904.0,1711.0,Undirected,1,256,,Jane Bennet,Mrs. Hurst
906.0,1711.0,Undirected,1,256,,Mary Bennet,Mrs. Hurst
903.0,1770.0,Undirected,1,256,,Elizabeth Bennet,Mrs. Annesley
64.0,896.0,Undirected,1,256,,Gentlemen (at Pemberley),Mr. Bennet
896.0,907.0,Undirected,1,256,,Mr. Bennet,Kitty Bennet
64.0,904.0,Undirected,1,256,,Gentlemen (at Pemberley),Jane Bennet
899.0,1750.0,Undirected,1,257,,Mr. Bingley,Mr. Wickham
899.0,905.0,Undirected,1,257,,Mr. Bingley,Lydia Bennet
1713.0,1747.0,Undirected,1,257,,Miss Bingley,Miss Darcy
899.0,1747.0,Undirected,1,257,,Mr. Bingley,Miss Darcy
906.0,1713.0,Undirected,1,257,,Mary Bennet,Miss Bingley
903.0,1750.0,Undirected,1,257,,Elizabeth Bennet,Mr. Wickham
903.0,905.0,Undirected,1,257,,Elizabeth Bennet,Lydia Bennet
904.0,907.0,Undirected,1,257,,Jane Bennet,Kitty Bennet
903.0,1747.0,Undirected,1,257,,Elizabeth Bennet,Miss Darcy
1713.0,1750.0,Undirected,1,257,,Miss Bingley,Mr. Wickham
897.0,906.0,Undirected,1,257,,Mrs. Bennet,Mary Bennet
899.0,906.0,Undirected,1,257,,Mr. Bingley,Mary Bennet
1712.0,1747.0,Undirected,1,257,,Mr. Darcy,Miss Darcy
897.0,1713.0,Undirected,1,257,,Mrs. Bennet,Miss Bingley
903.0,1713.0,Undirected,1,257,,Elizabeth Bennet,Miss Bingley
904.0,906.0,Undirected,1,257,,Jane Bennet,Mary Bennet
896.0,899.0,Undirected,1,257,,Mr. Bennet,Mr. Bingley
904.0,1712.0,Undirected,1,257,,Jane Bennet,Mr. Darcy
899.0,1713.0,Undirected,1,257,,Mr. Bingley,Miss Bingley
906.0,907.0,Undirected,1,257,,Mary Bennet,Kitty Bennet
1712.0,1750.0,Undirected,1,257,,Mr. Darcy,Mr. Wickham
907.0,1747.0,Undirected,1,257,,Kitty Bennet,Miss Darcy
899.0,903.0,Undirected,1,257,,Mr. Bingley,Elizabeth Bennet
904.0,1750.0,Undirected,1,257,,Jane Bennet,Mr. Wickham
905.0,1712.0,Undirected,1,257,,Lydia Bennet,Mr. Darcy
904.0,905.0,Undirected,1,257,,Jane Bennet,Lydia Bennet
906.0,1712.0,Undirected,1,257,,Mary Bennet,Mr. Darcy
903.0,1712.0,Undirected,1,257,,Elizabeth Bennet,Mr. Darcy
896.0,907.0,Undirected,1,257,,Mr. Bennet,Kitty Bennet
897.0,905.0,Undirected,1,257,,Mrs. Bennet,Lydia Bennet
896.0,903.0,Undirected,1,257,,Mr. Bennet,Elizabeth Bennet
899.0,907.0,Undirected,1,257,,Mr. Bingley,Kitty Bennet
907.0,1713.0,Undirected,1,257,,Kitty Bennet,Miss Bingley
899.0,1712.0,Undirected,1,257,,Mr. Bingley,Mr. Darcy
896.0,1713.0,Undirected,1,257,,Mr. Bennet,Miss Bingley
907.0,1750.0,Undirected,1,257,,Kitty Bennet,Mr. Wickham
905.0,907.0,Undirected,1,257,,Lydia Bennet,Kitty Bennet
896.0,904.0,Undirected,1,257,,Mr. Bennet,Jane Bennet
897.0,903.0,Undirected,1,257,,Mrs. Bennet,Elizabeth Bennet
903.0,907.0,Undirected,1,257,,Elizabeth Bennet,Kitty Bennet
897.0,904.0,Undirected,1,257,,Mrs. Bennet,Jane Bennet
897.0,899.0,Undirected,1,257,,Mrs. Bennet,Mr. Bingley
897.0,1712.0,Undirected,1,257,,Mrs. Bennet,Mr. Darcy
905.0,1747.0,Undirected,1,257,,Lydia Bennet,Miss Darcy
896.0,1750.0,Undirected,1,257,,Mr. Bennet,Mr. Wickham
903.0,906.0,Undirected,1,257,,Elizabeth Bennet,Mary Bennet
904.0,1747.0,Undirected,1,257,,Jane Bennet,Miss Darcy
897.0,1750.0,Undirected,1,257,,Mrs. Bennet,Mr. Wickham
905.0,906.0,Undirected,1,257,,Lydia Bennet,Mary Bennet
904.0,1713.0,Undirected,1,257,,Jane Bennet,Miss Bingley
896.0,906.0,Undirected,1,257,,Mr. Bennet,Mary Bennet
905.0,1750.0,Undirected,1,257,,Lydia Bennet,Mr. Wickham
896.0,1747.0,Undirected,1,257,,Mr. Bennet,Miss Darcy
897.0,907.0,Undirected,1,257,,Mrs. Bennet,Kitty Bennet
896.0,905.0,Undirected,1,257,,Mr. Bennet,Lydia Bennet
903.0,904.0,Undirected,1,257,,Elizabeth Bennet,Jane Bennet
896.0,897.0,Undirected,1,257,,Mr. Bennet,Mrs. Bennet
1712.0,1713.0,Undirected,1,257,,Mr. Darcy,Miss Bingley
906.0,1750.0,Undirected,1,257,,Mary Bennet,Mr. Wickham
907.0,1712.0,Undirected,1,257,,Kitty Bennet,Mr. Darcy
1747.0,1750.0,Undirected,1,257,,Miss Darcy,Mr. Wickham
906.0,1747.0,Undirected,1,257,,Mary Bennet,Miss Darcy
896.0,1712.0,Undirected,1,257,,Mr. Bennet,Mr. Darcy
897.0,1747.0,Undirected,1,257,,Mrs. Bennet,Miss Darcy
905.0,1713.0,Undirected,1,257,,Lydia Bennet,Miss Bingley
899.0,904.0,Undirected,1,257,,Mr. Bingley,Jane Bennet
1711.0,1747.0,Undirected,1,258,,Mrs. Hurst,Miss Darcy
899.0,1747.0,Undirected,1,258,,Mr. Bingley,Miss Darcy
903.0,1750.0,Undirected,1,258,,Elizabeth Bennet,Mr. Wickham
904.0,1750.0,Undirected,1,258,,Jane Bennet,Mr. Wickham
899.0,1711.0,Undirected,1,258,,Mr. Bingley,Mrs. Hurst
1712.0,1713.0,Undirected,1,258,,Mr. Darcy,Miss Bingley
1712.0,1750.0,Undirected,1,258,,Mr. Darcy,Mr. Wickham
899.0,903.0,Undirected,1,258,,Mr. Bingley,Elizabeth Bennet
904.0,1747.0,Undirected,1,258,,Jane Bennet,Miss Darcy
1747.0,1750.0,Undirected,1,258,,Miss Darcy,Mr. Wickham
1711.0,1750.0,Undirected,1,258,,Mrs. Hurst,Mr. Wickham
1712.0,1747.0,Undirected,1,258,,Mr. Darcy,Miss Darcy
903.0,904.0,Undirected,1,258,,Elizabeth Bennet,Jane Bennet
904.0,1712.0,Undirected,1,258,,Jane Bennet,Mr. Darcy
899.0,904.0,Undirected,1,258,,Mr. Bingley,Jane Bennet
899.0,1750.0,Undirected,1,258,,Mr. Bingley,Mr. Wickham
1713.0,1750.0,Undirected,1,258,,Miss Bingley,Mr. Wickham
903.0,1747.0,Undirected,1,258,,Elizabeth Bennet,Miss Darcy
1711.0,1712.0,Undirected,1,258,,Mrs. Hurst,Mr. Darcy
903.0,1713.0,Undirected,1,258,,Elizabeth Bennet,Miss Bingley
899.0,1712.0,Undirected,1,258,,Mr. Bingley,Mr. Darcy
903.0,1712.0,Undirected,1,258,,Elizabeth Bennet,Mr. Darcy
904.0,1711.0,Undirected,1,258,,Jane Bennet,Mrs. Hurst
899.0,1713.0,Undirected,1,258,,Mr. Bingley,Miss Bingley
904.0,1713.0,Undirected,1,258,,Jane Bennet,Miss Bingley
903.0,1711.0,Undirected,1,258,,Elizabeth Bennet,Mrs. Hurst
1713.0,1747.0,Undirected,1,258,,Miss Bingley,Miss Darcy
1711.0,1713.0,Undirected,1,258,,Mrs. Hurst,Miss Bingley
1713.0,1747.0,Undirected,1,259,,Miss Bingley,Miss Darcy
1712.0,1757.0,Undirected,1,259,,Mr. Darcy,Mrs. Gardiner
1747.0,1757.0,Undirected,1,259,,Miss Darcy,Mrs. Gardiner
1712.0,1713.0,Undirected,1,259,,Mr. Darcy,Miss Bingley
903.0,1747.0,Undirected,1,259,,Elizabeth Bennet,Miss Darcy
903.0,1757.0,Undirected,1,259,,Elizabeth Bennet,Mrs. Gardiner
903.0,1712.0,Undirected,1,259,,Elizabeth Bennet,Mr. Darcy
1713.0,1757.0,Undirected,1,259,,Miss Bingley,Mrs. Gardiner
1712.0,1747.0,Undirected,1,259,,Mr. Darcy,Miss Darcy
903.0,1713.0,Undirected,1,259,,Elizabeth Bennet,Miss Bingley
904.0,1750.0,Undirected,1,260,,Jane Bennet,Mr. Wickham
903.0,1748.0,Undirected,1,260,,Elizabeth Bennet,Colonel Forster
1748.0,1756.0,Undirected,1,260,,Colonel Forster,Mr. Gardiner
907.0,1750.0,Undirected,1,260,,Kitty Bennet,Mr. Wickham
905.0,1750.0,Undirected,1,260,,Lydia Bennet,Mr. Wickham
907.0,1757.0,Undirected,1,260,,Kitty Bennet,Mrs. Gardiner
1767.0,907.0,Undirected,1,260,,Colonel Fitzwilliam,Kitty Bennet
904.0,1767.0,Undirected,1,260,,Jane Bennet,Colonel Fitzwilliam
1767.0,1756.0,Undirected,1,260,,Colonel Fitzwilliam,Mr. Gardiner
903.0,1757.0,Undirected,1,260,,Elizabeth Bennet,Mrs. Gardiner
1748.0,1757.0,Undirected,1,260,,Colonel Forster,Mrs. Gardiner
905.0,1748.0,Undirected,1,260,,Lydia Bennet,Colonel Forster
903.0,1756.0,Undirected,1,260,,Elizabeth Bennet,Mr. Gardiner
905.0,907.0,Undirected,1,260,,Lydia Bennet,Kitty Bennet
903.0,907.0,Undirected,1,260,,Elizabeth Bennet,Kitty Bennet
903.0,904.0,Undirected,1,260,,Elizabeth Bennet,Jane Bennet
1750.0,1756.0,Undirected,1,260,,Mr. Wickham,Mr. Gardiner
903.0,1767.0,Undirected,1,260,,Elizabeth Bennet,Colonel Fitzwilliam
1767.0,1757.0,Undirected,1,260,,Colonel Fitzwilliam,Mrs. Gardiner
905.0,1756.0,Undirected,1,260,,Lydia Bennet,Mr. Gardiner
1756.0,1757.0,Undirected,1,260,,Mr. Gardiner,Mrs. Gardiner
903.0,1750.0,Undirected,1,260,,Elizabeth Bennet,Mr. Wickham
907.0,1756.0,Undirected,1,260,,Kitty Bennet,Mr. Gardiner
904.0,1748.0,Undirected,1,260,,Jane Bennet,Colonel Forster
904.0,1756.0,Undirected,1,260,,Jane Bennet,Mr. Gardiner
904.0,1757.0,Undirected,1,260,,Jane Bennet,Mrs. Gardiner
907.0,1748.0,Undirected,1,260,,Kitty Bennet,Colonel Forster
905.0,1757.0,Undirected,1,260,,Lydia Bennet,Mrs. Gardiner
904.0,907.0,Undirected,1,260,,Jane Bennet,Kitty Bennet
1767.0,1748.0,Undirected,1,260,,Colonel Fitzwilliam,Colonel Forster
1750.0,1757.0,Undirected,1,260,,Mr. Wickham,Mrs. Gardiner
905.0,1767.0,Undirected,1,260,,Lydia Bennet,Colonel Fitzwilliam
903.0,905.0,Undirected,1,260,,Elizabeth Bennet,Lydia Bennet
1748.0,1750.0,Undirected,1,260,,Colonel Forster,Mr. Wickham
1767.0,1750.0,Undirected,1,260,,Colonel Fitzwilliam,Mr. Wickham
904.0,905.0,Undirected,1,260,,Jane Bennet,Lydia Bennet
897.0,1750.0,Undirected,1,261,,Mrs. Bennet,Mr. Wickham
896.0,1748.0,Undirected,1,261,,Mr. Bennet,Colonel Forster
905.0,1750.0,Undirected,1,261,,Lydia Bennet,Mr. Wickham
896.0,897.0,Undirected,1,261,,Mr. Bennet,Mrs. Bennet
1749.0,1750.0,Undirected,1,261,,Mrs. Forster,Mr. Wickham
903.0,1748.0,Undirected,1,261,,Elizabeth Bennet,Colonel Forster
905.0,1749.0,Undirected,1,261,,Lydia Bennet,Mrs. Forster
903.0,1750.0,Undirected,1,261,,Elizabeth Bennet,Mr. Wickham
904.0,1749.0,Undirected,1,261,,Jane Bennet,Mrs. Forster
904.0,1748.0,Undirected,1,261,,Jane Bennet,Colonel Forster
897.0,1749.0,Undirected,1,261,,Mrs. Bennet,Mrs. Forster
903.0,1749.0,Undirected,1,261,,Elizabeth Bennet,Mrs. Forster
897.0,903.0,Undirected,1,261,,Mrs. Bennet,Elizabeth Bennet
896.0,905.0,Undirected,1,261,,Mr. Bennet,Lydia Bennet
896.0,1749.0,Undirected,1,261,,Mr. Bennet,Mrs. Forster
896.0,1750.0,Undirected,1,261,,Mr. Bennet,Mr. Wickham
897.0,904.0,Undirected,1,261,,Mrs. Bennet,Jane Bennet
905.0,1748.0,Undirected,1,261,,Lydia Bennet,Colonel Forster
897.0,905.0,Undirected,1,261,,Mrs. Bennet,Lydia Bennet
904.0,905.0,Undirected,1,261,,Jane Bennet,Lydia Bennet
1748.0,1749.0,Undirected,1,261,,Colonel Forster,Mrs. Forster
904.0,1750.0,Undirected,1,261,,Jane Bennet,Mr. Wickham
1748.0,1750.0,Undirected,1,261,,Colonel Forster,Mr. Wickham
896.0,903.0,Undirected,1,261,,Mr. Bennet,Elizabeth Bennet
896.0,904.0,Undirected,1,261,,Mr. Bennet,Jane Bennet
903.0,904.0,Undirected,1,261,,Elizabeth Bennet,Jane Bennet
903.0,905.0,Undirected,1,261,,Elizabeth Bennet,Lydia Bennet
897.0,1748.0,Undirected,1,261,,Mrs. Bennet,Colonel Forster
1749.0,1757.0,Undirected,1,262,,Mrs. Forster,Mrs. Gardiner
1750.0,1757.0,Undirected,1,262,,Mr. Wickham,Mrs. Gardiner
905.0,907.0,Undirected,1,262,,Lydia Bennet,Kitty Bennet
896.0,903.0,Undirected,1,262,,Mr. Bennet,Elizabeth Bennet
897.0,1750.0,Undirected,1,262,,Mrs. Bennet,Mr. Wickham
896.0,1748.0,Undirected,1,262,,Mr. Bennet,Colonel Forster
897.0,905.0,Undirected,1,262,,Mrs. Bennet,Lydia Bennet
896.0,897.0,Undirected,1,262,,Mr. Bennet,Mrs. Bennet
904.0,1749.0,Undirected,1,262,,Jane Bennet,Mrs. Forster
1749.0,1756.0,Undirected,1,262,,Mrs. Forster,Mr. Gardiner
904.0,1756.0,Undirected,1,262,,Jane Bennet,Mr. Gardiner
897.0,907.0,Undirected,1,262,,Mrs. Bennet,Kitty Bennet
896.0,905.0,Undirected,1,262,,Mr. Bennet,Lydia Bennet
1748.0,1756.0,Undirected,1,262,,Colonel Forster,Mr. Gardiner
905.0,1749.0,Undirected,1,262,,Lydia Bennet,Mrs. Forster
903.0,905.0,Undirected,1,262,,Elizabeth Bennet,Lydia Bennet
904.0,907.0,Undirected,1,262,,Jane Bennet,Kitty Bennet
897.0,1756.0,Undirected,1,262,,Mrs. Bennet,Mr. Gardiner
907.0,1750.0,Undirected,1,262,,Kitty Bennet,Mr. Wickham
1748.0,1757.0,Undirected,1,262,,Colonel Forster,Mrs. Gardiner
905.0,1756.0,Undirected,1,262,,Lydia Bennet,Mr. Gardiner
905.0,1748.0,Undirected,1,262,,Lydia Bennet,Colonel Forster
903.0,1757.0,Undirected,1,262,,Elizabeth Bennet,Mrs. Gardiner
903.0,1749.0,Undirected,1,262,,Elizabeth Bennet,Mrs. Forster
903.0,1748.0,Undirected,1,262,,Elizabeth Bennet,Colonel Forster
907.0,1756.0,Undirected,1,262,,Kitty Bennet,Mr. Gardiner
907.0,1757.0,Undirected,1,262,,Kitty Bennet,Mrs. Gardiner
896.0,1757.0,Undirected,1,262,,Mr. Bennet,Mrs. Gardiner
907.0,1748.0,Undirected,1,262,,Kitty Bennet,Colonel Forster
905.0,1757.0,Undirected,1,262,,Lydia Bennet,Mrs. Gardiner
903.0,904.0,Undirected,1,262,,Elizabeth Bennet,Jane Bennet
904.0,1748.0,Undirected,1,262,,Jane Bennet,Colonel Forster
1750.0,1756.0,Undirected,1,262,,Mr. Wickham,Mr. Gardiner
904.0,1757.0,Undirected,1,262,,Jane Bennet,Mrs. Gardiner
903.0,907.0,Undirected,1,262,,Elizabeth Bennet,Kitty Bennet
896.0,1756.0,Undirected,1,262,,Mr. Bennet,Mr. Gardiner
897.0,1749.0,Undirected,1,262,,Mrs. Bennet,Mrs. Forster
1749.0,1750.0,Undirected,1,262,,Mrs. Forster,Mr. Wickham
904.0,905.0,Undirected,1,262,,Jane Bennet,Lydia Bennet
897.0,1757.0,Undirected,1,262,,Mrs. Bennet,Mrs. Gardiner
907.0,1749.0,Undirected,1,262,,Kitty Bennet,Mrs. Forster
897.0,1748.0,Undirected,1,262,,Mrs. Bennet,Colonel Forster
896.0,1750.0,Undirected,1,262,,Mr. Bennet,Mr. Wickham
905.0,1750.0,Undirected,1,262,,Lydia Bennet,Mr. Wickham
897.0,904.0,Undirected,1,262,,Mrs. Bennet,Jane Bennet
1756.0,1757.0,Undirected,1,262,,Mr. Gardiner,Mrs. Gardiner
1748.0,1750.0,Undirected,1,262,,Colonel Forster,Mr. Wickham
903.0,1750.0,Undirected,1,262,,Elizabeth Bennet,Mr. Wickham
903.0,1756.0,Undirected,1,262,,Elizabeth Bennet,Mr. Gardiner
896.0,904.0,Undirected,1,262,,Mr. Bennet,Jane Bennet
896.0,907.0,Undirected,1,262,,Mr. Bennet,Kitty Bennet
897.0,903.0,Undirected,1,262,,Mrs. Bennet,Elizabeth Bennet
896.0,1749.0,Undirected,1,262,,Mr. Bennet,Mrs. Forster
904.0,1750.0,Undirected,1,262,,Jane Bennet,Mr. Wickham
1748.0,1749.0,Undirected,1,262,,Colonel Forster,Mrs. Forster
68.0,1750.0,Undirected,1,263,,Elizabeth's maid,Mr. Wickham
68.0,1756.0,Undirected,1,263,,Elizabeth's maid,Mr. Gardiner
1712.0,1750.0,Undirected,1,263,,Mr. Darcy,Mr. Wickham
2562.0,1756.0,Undirected,1,263,,John (servant to the Gardiners),Mr. Gardiner
2562.0,1712.0,Undirected,1,263,,John (servant to the Gardiners),Mr. Darcy
68.0,903.0,Undirected,1,263,,Elizabeth's maid,Elizabeth Bennet
68.0,1712.0,Undirected,1,263,,Elizabeth's maid,Mr. Darcy
905.0,1757.0,Undirected,1,263,,Lydia Bennet,Mrs. Gardiner
68.0,904.0,Undirected,1,263,,Elizabeth's maid,Jane Bennet
904.0,1756.0,Undirected,1,263,,Jane Bennet,Mr. Gardiner
905.0,1750.0,Undirected,1,263,,Lydia Bennet,Mr. Wickham
68.0,1757.0,Undirected,1,263,,Elizabeth's maid,Mrs. Gardiner
1756.0,1757.0,Undirected,1,263,,Mr. Gardiner,Mrs. Gardiner
2562.0,1750.0,Undirected,1,263,,John (servant to the Gardiners),Mr. Wickham
904.0,1712.0,Undirected,1,263,,Jane Bennet,Mr. Darcy
904.0,1750.0,Undirected,1,263,,Jane Bennet,Mr. Wickham
904.0,1757.0,Undirected,1,263,,Jane Bennet,Mrs. Gardiner
1750.0,1756.0,Undirected,1,263,,Mr. Wickham,Mr. Gardiner
903.0,1712.0,Undirected,1,263,,Elizabeth Bennet,Mr. Darcy
68.0,905.0,Undirected,1,263,,Elizabeth's maid,Lydia Bennet
2562.0,903.0,Undirected,1,263,,John (servant to the Gardiners),Elizabeth Bennet
1750.0,1757.0,Undirected,1,263,,Mr. Wickham,Mrs. Gardiner
2562.0,905.0,Undirected,1,263,,John (servant to the Gardiners),Lydia Bennet
903.0,1756.0,Undirected,1,263,,Elizabeth Bennet,Mr. Gardiner
1712.0,1756.0,Undirected,1,263,,Mr. Darcy,Mr. Gardiner
2562.0,904.0,Undirected,1,263,,John (servant to the Gardiners),Jane Bennet
903.0,904.0,Undirected,1,263,,Elizabeth Bennet,Jane Bennet
903.0,1757.0,Undirected,1,263,,Elizabeth Bennet,Mrs. Gardiner
905.0,1756.0,Undirected,1,263,,Lydia Bennet,Mr. Gardiner
1712.0,1757.0,Undirected,1,263,,Mr. Darcy,Mrs. Gardiner
904.0,905.0,Undirected,1,263,,Jane Bennet,Lydia Bennet
2562.0,68.0,Undirected,1,263,,John (servant to the Gardiners),Elizabeth's maid
2562.0,1757.0,Undirected,1,263,,John (servant to the Gardiners),Mrs. Gardiner
905.0,1712.0,Undirected,1,263,,Lydia Bennet,Mr. Darcy
903.0,1750.0,Undirected,1,263,,Elizabeth Bennet,Mr. Wickham
903.0,905.0,Undirected,1,263,,Elizabeth Bennet,Lydia Bennet
903.0,904.0,Undirected,1,264,,Elizabeth Bennet,Jane Bennet
904.0,1712.0,Undirected,1,264,,Jane Bennet,Mr. Darcy
896.0,1750.0,Undirected,1,264,,Mr. Bennet,Mr. Wickham
896.0,903.0,Undirected,1,264,,Mr. Bennet,Elizabeth Bennet
897.0,905.0,Undirected,1,264,,Mrs. Bennet,Lydia Bennet
897.0,1712.0,Undirected,1,264,,Mrs. Bennet,Mr. Darcy
897.0,904.0,Undirected,1,264,,Mrs. Bennet,Jane Bennet
905.0,1750.0,Undirected,1,264,,Lydia Bennet,Mr. Wickham
896.0,905.0,Undirected,1,264,,Mr. Bennet,Lydia Bennet
896.0,1756.0,Undirected,1,264,,Mr. Bennet,Mr. Gardiner
905.0,1756.0,Undirected,1,264,,Lydia Bennet,Mr. Gardiner
903.0,1712.0,Undirected,1,264,,Elizabeth Bennet,Mr. Darcy
903.0,1756.0,Undirected,1,264,,Elizabeth Bennet,Mr. Gardiner
897.0,1750.0,Undirected,1,264,,Mrs. Bennet,Mr. Wickham
903.0,905.0,Undirected,1,264,,Elizabeth Bennet,Lydia Bennet
897.0,1756.0,Undirected,1,264,,Mrs. Bennet,Mr. Gardiner
903.0,1750.0,Undirected,1,264,,Elizabeth Bennet,Mr. Wickham
904.0,905.0,Undirected,1,264,,Jane Bennet,Lydia Bennet
897.0,903.0,Undirected,1,264,,Mrs. Bennet,Elizabeth Bennet
905.0,1712.0,Undirected,1,264,,Lydia Bennet,Mr. Darcy
904.0,1756.0,Undirected,1,264,,Jane Bennet,Mr. Gardiner
1712.0,1756.0,Undirected,1,264,,Mr. Darcy,Mr. Gardiner
1750.0,1756.0,Undirected,1,264,,Mr. Wickham,Mr. Gardiner
896.0,904.0,Undirected,1,264,,Mr. Bennet,Jane Bennet
896.0,897.0,Undirected,1,264,,Mr. Bennet,Mrs. Bennet
904.0,1750.0,Undirected,1,264,,Jane Bennet,Mr. Wickham
896.0,1712.0,Undirected,1,264,,Mr. Bennet,Mr. Darcy
1712.0,1750.0,Undirected,1,264,,Mr. Darcy,Mr. Wickham
1750.0,903.0,Undirected,1,265,,Mr. Wickham,Elizabeth Bennet
1712.0,1747.0,Undirected,1,265,,Mr. Darcy,Miss Darcy
1712.0,903.0,Undirected,1,265,,Mr. Darcy,Elizabeth Bennet
1712.0,1750.0,Undirected,1,265,,Mr. Darcy,Mr. Wickham
1747.0,903.0,Undirected,1,265,,Miss Darcy,Elizabeth Bennet
1747.0,1750.0,Undirected,1,265,,Miss Darcy,Mr. Wickham
2562.0,1757.0,Undirected,1,266,,John (servant to the Gardiners),Mrs. Gardiner
897.0,2562.0,Undirected,1,266,,Mrs. Bennet,John (servant to the Gardiners)
2562.0,903.0,Undirected,1,266,,John (servant to the Gardiners),Elizabeth Bennet
897.0,1756.0,Undirected,1,266,,Mrs. Bennet,Mr. Gardiner
896.0,903.0,Undirected,1,266,,Mr. Bennet,Elizabeth Bennet
897.0,905.0,Undirected,1,266,,Mrs. Bennet,Lydia Bennet
897.0,1750.0,Undirected,1,266,,Mrs. Bennet,Mr. Wickham
896.0,1757.0,Undirected,1,266,,Mr. Bennet,Mrs. Gardiner
903.0,1757.0,Undirected,1,266,,Elizabeth Bennet,Mrs. Gardiner
896.0,897.0,Undirected,1,266,,Mr. Bennet,Mrs. Bennet
903.0,1750.0,Undirected,1,266,,Elizabeth Bennet,Mr. Wickham
1750.0,1757.0,Undirected,1,266,,Mr. Wickham,Mrs. Gardiner
903.0,904.0,Undirected,1,266,,Elizabeth Bennet,Jane Bennet
897.0,903.0,Undirected,1,266,,Mrs. Bennet,Elizabeth Bennet
2562.0,905.0,Undirected,1,266,,John (servant to the Gardiners),Lydia Bennet
2562.0,1750.0,Undirected,1,266,,John (servant to the Gardiners),Mr. Wickham
897.0,904.0,Undirected,1,266,,Mrs. Bennet,Jane Bennet
904.0,1756.0,Undirected,1,266,,Jane Bennet,Mr. Gardiner
896.0,905.0,Undirected,1,266,,Mr. Bennet,Lydia Bennet
905.0,1750.0,Undirected,1,266,,Lydia Bennet,Mr. Wickham
896.0,1756.0,Undirected,1,266,,Mr. Bennet,Mr. Gardiner
1756.0,1757.0,Undirected,1,266,,Mr. Gardiner,Mrs. Gardiner
896.0,2562.0,Undirected,1,266,,Mr. Bennet,John (servant to the Gardiners)
896.0,1750.0,Undirected,1,266,,Mr. Bennet,Mr. Wickham
903.0,905.0,Undirected,1,266,,Elizabeth Bennet,Lydia Bennet
904.0,905.0,Undirected,1,266,,Jane Bennet,Lydia Bennet
2562.0,904.0,Undirected,1,266,,John (servant to the Gardiners),Jane Bennet
904.0,1757.0,Undirected,1,266,,Jane Bennet,Mrs. Gardiner
2562.0,1756.0,Undirected,1,266,,John (servant to the Gardiners),Mr. Gardiner
1750.0,1756.0,Undirected,1,266,,Mr. Wickham,Mr. Gardiner
905.0,1757.0,Undirected,1,266,,Lydia Bennet,Mrs. Gardiner
897.0,1757.0,Undirected,1,266,,Mrs. Bennet,Mrs. Gardiner
905.0,1756.0,Undirected,1,266,,Lydia Bennet,Mr. Gardiner
903.0,1756.0,Undirected,1,266,,Elizabeth Bennet,Mr. Gardiner
904.0,1750.0,Undirected,1,266,,Jane Bennet,Mr. Wickham
896.0,904.0,Undirected,1,266,,Mr. Bennet,Jane Bennet
2562.0,1712.0,Undirected,1,267,,John (servant to the Gardiners),Mr. Darcy
1756.0,1757.0,Undirected,1,267,,Mr. Gardiner,Mrs. Gardiner
904.0,1712.0,Undirected,1,267,,Jane Bennet,Mr. Darcy
2562.0,905.0,Undirected,1,267,,John (servant to the Gardiners),Lydia Bennet
905.0,1757.0,Undirected,1,267,,Lydia Bennet,Mrs. Gardiner
904.0,1757.0,Undirected,1,267,,Jane Bennet,Mrs. Gardiner
2562.0,1757.0,Undirected,1,267,,John (servant to the Gardiners),Mrs. Gardiner
2562.0,1756.0,Undirected,1,267,,John (servant to the Gardiners),Mr. Gardiner
903.0,1756.0,Undirected,1,267,,Elizabeth Bennet,Mr. Gardiner
2562.0,903.0,Undirected,1,267,,John (servant to the Gardiners),Elizabeth Bennet
903.0,905.0,Undirected,1,267,,Elizabeth Bennet,Lydia Bennet
903.0,1757.0,Undirected,1,267,,Elizabeth Bennet,Mrs. Gardiner
905.0,1712.0,Undirected,1,267,,Lydia Bennet,Mr. Darcy
903.0,1712.0,Undirected,1,267,,Elizabeth Bennet,Mr. Darcy
2562.0,904.0,Undirected,1,267,,John (servant to the Gardiners),Jane Bennet
904.0,1756.0,Undirected,1,267,,Jane Bennet,Mr. Gardiner
903.0,904.0,Undirected,1,267,,Elizabeth Bennet,Jane Bennet
904.0,905.0,Undirected,1,267,,Jane Bennet,Lydia Bennet
1712.0,1756.0,Undirected,1,267,,Mr. Darcy,Mr. Gardiner
1712.0,1757.0,Undirected,1,267,,Mr. Darcy,Mrs. Gardiner
905.0,1756.0,Undirected,1,267,,Lydia Bennet,Mr. Gardiner
903.0,904.0,Undirected,1,268,,Elizabeth Bennet,Jane Bennet
904.0,1750.0,Undirected,1,268,,Jane Bennet,Mr. Wickham
905.0,1756.0,Undirected,1,268,,Lydia Bennet,Mr. Gardiner
903.0,1748.0,Undirected,1,268,,Elizabeth Bennet,Colonel Forster
69.0,1748.0,Undirected,1,268,,Lydia's friends,Colonel Forster
1748.0,1757.0,Undirected,1,268,,Colonel Forster,Mrs. Gardiner
904.0,1748.0,Undirected,1,268,,Jane Bennet,Colonel Forster
904.0,1756.0,Undirected,1,268,,Jane Bennet,Mr. Gardiner
905.0,1748.0,Undirected,1,268,,Lydia Bennet,Colonel Forster
905.0,1757.0,Undirected,1,268,,Lydia Bennet,Mrs. Gardiner
1756.0,1757.0,Undirected,1,268,,Mr. Gardiner,Mrs. Gardiner
903.0,1756.0,Undirected,1,268,,Elizabeth Bennet,Mr. Gardiner
1750.0,1757.0,Undirected,1,268,,Mr. Wickham,Mrs. Gardiner
1748.0,1756.0,Undirected,1,268,,Colonel Forster,Mr. Gardiner
905.0,1750.0,Undirected,1,268,,Lydia Bennet,Mr. Wickham
69.0,905.0,Undirected,1,268,,Lydia's friends,Lydia Bennet
1748.0,1750.0,Undirected,1,268,,Colonel Forster,Mr. Wickham
904.0,905.0,Undirected,1,268,,Jane Bennet,Lydia Bennet
903.0,905.0,Undirected,1,268,,Elizabeth Bennet,Lydia Bennet
69.0,1750.0,Undirected,1,268,,Lydia's friends,Mr. Wickham
69.0,1756.0,Undirected,1,268,,Lydia's friends,Mr. Gardiner
69.0,903.0,Undirected,1,268,,Lydia's friends,Elizabeth Bennet
903.0,1757.0,Undirected,1,268,,Elizabeth Bennet,Mrs. Gardiner
903.0,1750.0,Undirected,1,268,,Elizabeth Bennet,Mr. Wickham
69.0,1757.0,Undirected,1,268,,Lydia's friends,Mrs. Gardiner
1750.0,1756.0,Undirected,1,268,,Mr. Wickham,Mr. Gardiner
69.0,904.0,Undirected,1,268,,Lydia's friends,Jane Bennet
904.0,1757.0,Undirected,1,268,,Jane Bennet,Mrs. Gardiner
903.0,904.0,Undirected,1,269,,Elizabeth Bennet,Jane Bennet
903.0,905.0,Undirected,1,269,,Elizabeth Bennet,Lydia Bennet
904.0,1750.0,Undirected,1,269,,Jane Bennet,Mr. Wickham
904.0,905.0,Undirected,1,269,,Jane Bennet,Lydia Bennet
1756.0,1757.0,Undirected,1,269,,Mr. Gardiner,Mrs. Gardiner
896.0,903.0,Undirected,1,269,,Mr. Bennet,Elizabeth Bennet
904.0,1756.0,Undirected,1,269,,Jane Bennet,Mr. Gardiner
896.0,1757.0,Undirected,1,269,,Mr. Bennet,Mrs. Gardiner
896.0,905.0,Undirected,1,269,,Mr. Bennet,Lydia Bennet
896.0,1756.0,Undirected,1,269,,Mr. Bennet,Mr. Gardiner
903.0,1757.0,Undirected,1,269,,Elizabeth Bennet,Mrs. Gardiner
904.0,1757.0,Undirected,1,269,,Jane Bennet,Mrs. Gardiner
896.0,904.0,Undirected,1,269,,Mr. Bennet,Jane Bennet
1750.0,1756.0,Undirected,1,269,,Mr. Wickham,Mr. Gardiner
905.0,1757.0,Undirected,1,269,,Lydia Bennet,Mrs. Gardiner
1750.0,1757.0,Undirected,1,269,,Mr. Wickham,Mrs. Gardiner
903.0,1756.0,Undirected,1,269,,Elizabeth Bennet,Mr. Gardiner
903.0,1750.0,Undirected,1,269,,Elizabeth Bennet,Mr. Wickham
896.0,1750.0,Undirected,1,269,,Mr. Bennet,Mr. Wickham
905.0,1750.0,Undirected,1,269,,Lydia Bennet,Mr. Wickham
905.0,1756.0,Undirected,1,269,,Lydia Bennet,Mr. Gardiner
904.0,1757.0,Undirected,1,270,,Jane Bennet,Mrs. Gardiner
904.0,1750.0,Undirected,1,270,,Jane Bennet,Mr. Wickham
1747.0,1750.0,Undirected,1,270,,Miss Darcy,Mr. Wickham
905.0,1712.0,Undirected,1,270,,Lydia Bennet,Mr. Darcy
904.0,1749.0,Undirected,1,270,,Jane Bennet,Mrs. Forster
1750.0,1757.0,Undirected,1,270,,Mr. Wickham,Mrs. Gardiner
904.0,1747.0,Undirected,1,270,,Jane Bennet,Miss Darcy
903.0,905.0,Undirected,1,270,,Elizabeth Bennet,Lydia Bennet
1767.0,1749.0,Undirected,1,270,,Colonel Fitzwilliam,Mrs. Forster
905.0,904.0,Undirected,1,270,,Lydia Bennet,Jane Bennet
905.0,1749.0,Undirected,1,270,,Lydia Bennet,Mrs. Forster
903.0,1712.0,Undirected,1,270,,Elizabeth Bennet,Mr. Darcy
1747.0,1757.0,Undirected,1,270,,Miss Darcy,Mrs. Gardiner
1749.0,1757.0,Undirected,1,270,,Mrs. Forster,Mrs. Gardiner
903.0,1747.0,Undirected,1,270,,Elizabeth Bennet,Miss Darcy
903.0,1757.0,Undirected,1,270,,Elizabeth Bennet,Mrs. Gardiner
1749.0,1750.0,Undirected,1,270,,Mrs. Forster,Mr. Wickham
1767.0,904.0,Undirected,1,270,,Colonel Fitzwilliam,Jane Bennet
903.0,1750.0,Undirected,1,270,,Elizabeth Bennet,Mr. Wickham
1747.0,1749.0,Undirected,1,270,,Miss Darcy,Mrs. Forster
1767.0,1747.0,Undirected,1,270,,Colonel Fitzwilliam,Miss Darcy
1712.0,1757.0,Undirected,1,270,,Mr. Darcy,Mrs. Gardiner
903.0,1749.0,Undirected,1,270,,Elizabeth Bennet,Mrs. Forster
903.0,904.0,Undirected,1,270,,Elizabeth Bennet,Jane Bennet
905.0,1750.0,Undirected,1,270,,Lydia Bennet,Mr. Wickham
1767.0,903.0,Undirected,1,270,,Colonel Fitzwilliam,Elizabeth Bennet
904.0,1712.0,Undirected,1,270,,Jane Bennet,Mr. Darcy
905.0,1747.0,Undirected,1,270,,Lydia Bennet,Miss Darcy
905.0,1757.0,Undirected,1,270,,Lydia Bennet,Mrs. Gardiner
1712.0,1749.0,Undirected,1,270,,Mr. Darcy,Mrs. Forster
1767.0,1712.0,Undirected,1,270,,Colonel Fitzwilliam,Mr. Darcy
1767.0,905.0,Undirected,1,270,,Colonel Fitzwilliam,Lydia Bennet
1712.0,1747.0,Undirected,1,270,,Mr. Darcy,Miss Darcy
1767.0,1750.0,Undirected,1,270,,Colonel Fitzwilliam,Mr. Wickham
1712.0,1750.0,Undirected,1,270,,Mr. Darcy,Mr. Wickham
1767.0,1757.0,Undirected,1,270,,Colonel Fitzwilliam,Mrs. Gardiner
905.0,1757.0,Undirected,1,271,,Lydia Bennet,Mrs. Gardiner
32.0,1757.0,Undirected,1,271,,Gardiner children,Mrs. Gardiner
897.0,904.0,Undirected,1,271,,Mrs. Bennet,Jane Bennet
897.0,903.0,Undirected,1,271,,Mrs. Bennet,Elizabeth Bennet
32.0,903.0,Undirected,1,271,,Gardiner children,Elizabeth Bennet
903.0,904.0,Undirected,1,271,,Elizabeth Bennet,Jane Bennet
903.0,1750.0,Undirected,1,271,,Elizabeth Bennet,Mr. Wickham
905.0,1750.0,Undirected,1,271,,Lydia Bennet,Mr. Wickham
1750.0,1757.0,Undirected,1,271,,Mr. Wickham,Mrs. Gardiner
904.0,1757.0,Undirected,1,271,,Jane Bennet,Mrs. Gardiner
32.0,905.0,Undirected,1,271,,Gardiner children,Lydia Bennet
897.0,1757.0,Undirected,1,271,,Mrs. Bennet,Mrs. Gardiner
904.0,905.0,Undirected,1,271,,Jane Bennet,Lydia Bennet
903.0,1757.0,Undirected,1,271,,Elizabeth Bennet,Mrs. Gardiner
904.0,1750.0,Undirected,1,271,,Jane Bennet,Mr. Wickham
32.0,904.0,Undirected,1,271,,Gardiner children,Jane Bennet
32.0,1750.0,Undirected,1,271,,Gardiner children,Mr. Wickham
903.0,905.0,Undirected,1,271,,Elizabeth Bennet,Lydia Bennet
32.0,897.0,Undirected,1,271,,Gardiner children,Mrs. Bennet
897.0,905.0,Undirected,1,271,,Mrs. Bennet,Lydia Bennet
897.0,1750.0,Undirected,1,271,,Mrs. Bennet,Mr. Wickham
904.0,905.0,Undirected,1,272,,Jane Bennet,Lydia Bennet
903.0,1756.0,Undirected,1,272,,Elizabeth Bennet,Mr. Gardiner
907.0,1756.0,Undirected,1,272,,Kitty Bennet,Mr. Gardiner
903.0,1750.0,Undirected,1,272,,Elizabeth Bennet,Mr. Wickham
897.0,1750.0,Undirected,1,272,,Mrs. Bennet,Mr. Wickham
896.0,1750.0,Undirected,1,272,,Mr. Bennet,Mr. Wickham
904.0,1756.0,Undirected,1,272,,Jane Bennet,Mr. Gardiner
896.0,1756.0,Undirected,1,272,,Mr. Bennet,Mr. Gardiner
896.0,907.0,Undirected,1,272,,Mr. Bennet,Kitty Bennet
904.0,906.0,Undirected,1,272,,Jane Bennet,Mary Bennet
905.0,1750.0,Undirected,1,272,,Lydia Bennet,Mr. Wickham
897.0,907.0,Undirected,1,272,,Mrs. Bennet,Kitty Bennet
896.0,905.0,Undirected,1,272,,Mr. Bennet,Lydia Bennet
897.0,904.0,Undirected,1,272,,Mrs. Bennet,Jane Bennet
897.0,905.0,Undirected,1,272,,Mrs. Bennet,Lydia Bennet
906.0,1750.0,Undirected,1,272,,Mary Bennet,Mr. Wickham
896.0,903.0,Undirected,1,272,,Mr. Bennet,Elizabeth Bennet
904.0,907.0,Undirected,1,272,,Jane Bennet,Kitty Bennet
896.0,897.0,Undirected,1,272,,Mr. Bennet,Mrs. Bennet
903.0,905.0,Undirected,1,272,,Elizabeth Bennet,Lydia Bennet
906.0,1756.0,Undirected,1,272,,Mary Bennet,Mr. Gardiner
905.0,907.0,Undirected,1,272,,Lydia Bennet,Kitty Bennet
905.0,906.0,Undirected,1,272,,Lydia Bennet,Mary Bennet
907.0,1750.0,Undirected,1,272,,Kitty Bennet,Mr. Wickham
1750.0,1756.0,Undirected,1,272,,Mr. Wickham,Mr. Gardiner
897.0,906.0,Undirected,1,272,,Mrs. Bennet,Mary Bennet
903.0,906.0,Undirected,1,272,,Elizabeth Bennet,Mary Bennet
897.0,1756.0,Undirected,1,272,,Mrs. Bennet,Mr. Gardiner
903.0,907.0,Undirected,1,272,,Elizabeth Bennet,Kitty Bennet
903.0,904.0,Undirected,1,272,,Elizabeth Bennet,Jane Bennet
897.0,903.0,Undirected,1,272,,Mrs. Bennet,Elizabeth Bennet
896.0,906.0,Undirected,1,272,,Mr. Bennet,Mary Bennet
904.0,1750.0,Undirected,1,272,,Jane Bennet,Mr. Wickham
906.0,907.0,Undirected,1,272,,Mary Bennet,Kitty Bennet
905.0,1756.0,Undirected,1,272,,Lydia Bennet,Mr. Gardiner
896.0,904.0,Undirected,1,272,,Mr. Bennet,Jane Bennet
896.0,1749.0,Undirected,1,273,,Mr. Bennet,Mrs. Forster
903.0,1751.0,Undirected,1,273,,Elizabeth Bennet,Mr. Collins
897.0,1748.0,Undirected,1,273,,Mrs. Bennet,Colonel Forster
903.0,1756.0,Undirected,1,273,,Elizabeth Bennet,Mr. Gardiner
903.0,905.0,Undirected,1,273,,Elizabeth Bennet,Lydia Bennet
1748.0,1750.0,Undirected,1,273,,Colonel Forster,Mr. Wickham
1750.0,1751.0,Undirected,1,273,,Mr. Wickham,Mr. Collins
896.0,1751.0,Undirected,1,273,,Mr. Bennet,Mr. Collins
1748.0,1749.0,Undirected,1,273,,Colonel Forster,Mrs. Forster
896.0,1750.0,Undirected,1,273,,Mr. Bennet,Mr. Wickham
897.0,903.0,Undirected,1,273,,Mrs. Bennet,Elizabeth Bennet
896.0,905.0,Undirected,1,273,,Mr. Bennet,Lydia Bennet
1748.0,1756.0,Undirected,1,273,,Colonel Forster,Mr. Gardiner
903.0,1749.0,Undirected,1,273,,Elizabeth Bennet,Mrs. Forster
896.0,1756.0,Undirected,1,273,,Mr. Bennet,Mr. Gardiner
897.0,1749.0,Undirected,1,273,,Mrs. Bennet,Mrs. Forster
905.0,1756.0,Undirected,1,273,,Lydia Bennet,Mr. Gardiner
896.0,1748.0,Undirected,1,273,,Mr. Bennet,Colonel Forster
1748.0,1751.0,Undirected,1,273,,Colonel Forster,Mr. Collins
905.0,1750.0,Undirected,1,273,,Lydia Bennet,Mr. Wickham
897.0,905.0,Undirected,1,273,,Mrs. Bennet,Lydia Bennet
903.0,1748.0,Undirected,1,273,,Elizabeth Bennet,Colonel Forster
1749.0,1750.0,Undirected,1,273,,Mrs. Forster,Mr. Wickham
897.0,1751.0,Undirected,1,273,,Mrs. Bennet,Mr. Collins
905.0,1748.0,Undirected,1,273,,Lydia Bennet,Colonel Forster
1749.0,1756.0,Undirected,1,273,,Mrs. Forster,Mr. Gardiner
897.0,1750.0,Undirected,1,273,,Mrs. Bennet,Mr. Wickham
1751.0,1756.0,Undirected,1,273,,Mr. Collins,Mr. Gardiner
896.0,897.0,Undirected,1,273,,Mr. Bennet,Mrs. Bennet
903.0,1750.0,Undirected,1,273,,Elizabeth Bennet,Mr. Wickham
1749.0,1751.0,Undirected,1,273,,Mrs. Forster,Mr. Collins
897.0,1756.0,Undirected,1,273,,Mrs. Bennet,Mr. Gardiner
896.0,903.0,Undirected,1,273,,Mr. Bennet,Elizabeth Bennet
905.0,1751.0,Undirected,1,273,,Lydia Bennet,Mr. Collins
905.0,1749.0,Undirected,1,273,,Lydia Bennet,Mrs. Forster
1750.0,1756.0,Undirected,1,273,,Mr. Wickham,Mr. Gardiner
903.0,1757.0,Undirected,1,274,,Elizabeth Bennet,Mrs. Gardiner
897.0,1771.0,Undirected,1,274,,Mrs. Bennet,Mrs. Hill
897.0,1750.0,Undirected,1,274,,Mrs. Bennet,Mr. Wickham
906.0,1757.0,Undirected,1,274,,Mary Bennet,Mrs. Gardiner
897.0,1756.0,Undirected,1,274,,Mrs. Bennet,Mr. Gardiner
1771.0,1756.0,Undirected,1,274,,Mrs. Hill,Mr. Gardiner
905.0,907.0,Undirected,1,274,,Lydia Bennet,Kitty Bennet
1771.0,1757.0,Undirected,1,274,,Mrs. Hill,Mrs. Gardiner
905.0,1756.0,Undirected,1,274,,Lydia Bennet,Mr. Gardiner
906.0,1771.0,Undirected,1,274,,Mary Bennet,Mrs. Hill
907.0,1750.0,Undirected,1,274,,Kitty Bennet,Mr. Wickham
907.0,1756.0,Undirected,1,274,,Kitty Bennet,Mr. Gardiner
897.0,905.0,Undirected,1,274,,Mrs. Bennet,Lydia Bennet
1771.0,1750.0,Undirected,1,274,,Mrs. Hill,Mr. Wickham
906.0,1750.0,Undirected,1,274,,Mary Bennet,Mr. Wickham
1756.0,1757.0,Undirected,1,274,,Mr. Gardiner,Mrs. Gardiner
1771.0,907.0,Undirected,1,274,,Mrs. Hill,Kitty Bennet
1750.0,1756.0,Undirected,1,274,,Mr. Wickham,Mr. Gardiner
903.0,907.0,Undirected,1,274,,Elizabeth Bennet,Kitty Bennet
905.0,1757.0,Undirected,1,274,,Lydia Bennet,Mrs. Gardiner
903.0,1756.0,Undirected,1,274,,Elizabeth Bennet,Mr. Gardiner
907.0,1757.0,Undirected,1,274,,Kitty Bennet,Mrs. Gardiner
897.0,1757.0,Undirected,1,274,,Mrs. Bennet,Mrs. Gardiner
1750.0,1757.0,Undirected,1,274,,Mr. Wickham,Mrs. Gardiner
906.0,907.0,Undirected,1,274,,Mary Bennet,Kitty Bennet
905.0,1771.0,Undirected,1,274,,Lydia Bennet,Mrs. Hill
903.0,905.0,Undirected,1,274,,Elizabeth Bennet,Lydia Bennet
903.0,1750.0,Undirected,1,274,,Elizabeth Bennet,Mr. Wickham
903.0,1771.0,Undirected,1,274,,Elizabeth Bennet,Mrs. Hill
903.0,906.0,Undirected,1,274,,Elizabeth Bennet,Mary Bennet
905.0,1750.0,Undirected,1,274,,Lydia Bennet,Mr. Wickham
905.0,906.0,Undirected,1,274,,Lydia Bennet,Mary Bennet
897.0,906.0,Undirected,1,274,,Mrs. Bennet,Mary Bennet
906.0,1756.0,Undirected,1,274,,Mary Bennet,Mr. Gardiner
897.0,903.0,Undirected,1,274,,Mrs. Bennet,Elizabeth Bennet
897.0,907.0,Undirected,1,274,,Mrs. Bennet,Kitty Bennet
903.0,1748.0,Undirected,1,275,,Elizabeth Bennet,Colonel Forster
2561.0,905.0,Undirected,1,275,,Denny,Lydia Bennet
1748.0,1750.0,Undirected,1,275,,Colonel Forster,Mr. Wickham
904.0,1750.0,Undirected,1,275,,Jane Bennet,Mr. Wickham
2561.0,906.0,Undirected,1,275,,Denny,Mary Bennet
905.0,1750.0,Undirected,1,275,,Lydia Bennet,Mr. Wickham
903.0,1750.0,Undirected,1,275,,Elizabeth Bennet,Mr. Wickham
903.0,905.0,Undirected,1,275,,Elizabeth Bennet,Lydia Bennet
905.0,906.0,Undirected,1,275,,Lydia Bennet,Mary Bennet
906.0,1750.0,Undirected,1,275,,Mary Bennet,Mr. Wickham
2561.0,1750.0,Undirected,1,275,,Denny,Mr. Wickham
904.0,1748.0,Undirected,1,275,,Jane Bennet,Colonel Forster
2561.0,903.0,Undirected,1,275,,Denny,Elizabeth Bennet
906.0,1748.0,Undirected,1,275,,Mary Bennet,Colonel Forster
903.0,906.0,Undirected,1,275,,Elizabeth Bennet,Mary Bennet
2561.0,1748.0,Undirected,1,275,,Denny,Colonel Forster
2561.0,904.0,Undirected,1,275,,Denny,Jane Bennet
903.0,904.0,Undirected,1,275,,Elizabeth Bennet,Jane Bennet
904.0,906.0,Undirected,1,275,,Jane Bennet,Mary Bennet
905.0,1748.0,Undirected,1,275,,Lydia Bennet,Colonel Forster
904.0,905.0,Undirected,1,275,,Jane Bennet,Lydia Bennet
897.0,1748.0,Undirected,1,276,,Mrs. Bennet,Colonel Forster
903.0,907.0,Undirected,1,276,,Elizabeth Bennet,Kitty Bennet
903.0,905.0,Undirected,1,276,,Elizabeth Bennet,Lydia Bennet
907.0,1748.0,Undirected,1,276,,Kitty Bennet,Colonel Forster
904.0,907.0,Undirected,1,276,,Jane Bennet,Kitty Bennet
904.0,905.0,Undirected,1,276,,Jane Bennet,Lydia Bennet
896.0,1748.0,Undirected,1,276,,Mr. Bennet,Colonel Forster
896.0,1750.0,Undirected,1,276,,Mr. Bennet,Mr. Wickham
896.0,905.0,Undirected,1,276,,Mr. Bennet,Lydia Bennet
897.0,907.0,Undirected,1,276,,Mrs. Bennet,Kitty Bennet
897.0,1750.0,Undirected,1,276,,Mrs. Bennet,Mr. Wickham
905.0,1750.0,Undirected,1,276,,Lydia Bennet,Mr. Wickham
905.0,52.0,Undirected,1,276,,Lydia Bennet,Harriet Harrington
905.0,1748.0,Undirected,1,276,,Lydia Bennet,Colonel Forster
904.0,52.0,Undirected,1,276,,Jane Bennet,Harriet Harrington
904.0,1748.0,Undirected,1,276,,Jane Bennet,Colonel Forster
903.0,1748.0,Undirected,1,276,,Elizabeth Bennet,Colonel Forster
897.0,903.0,Undirected,1,276,,Mrs. Bennet,Elizabeth Bennet
896.0,907.0,Undirected,1,276,,Mr. Bennet,Kitty Bennet
897.0,52.0,Undirected,1,276,,Mrs. Bennet,Harriet Harrington
1748.0,52.0,Undirected,1,276,,Colonel Forster,Harriet Harrington
904.0,1750.0,Undirected,1,276,,Jane Bennet,Mr. Wickham
896.0,903.0,Undirected,1,276,,Mr. Bennet,Elizabeth Bennet
897.0,905.0,Undirected,1,276,,Mrs. Bennet,Lydia Bennet
903.0,1750.0,Undirected,1,276,,Elizabeth Bennet,Mr. Wickham
1748.0,1750.0,Undirected,1,276,,Colonel Forster,Mr. Wickham
907.0,52.0,Undirected,1,276,,Kitty Bennet,Harriet Harrington
897.0,904.0,Undirected,1,276,,Mrs. Bennet,Jane Bennet
903.0,904.0,Undirected,1,276,,Elizabeth Bennet,Jane Bennet
905.0,907.0,Undirected,1,276,,Lydia Bennet,Kitty Bennet
896.0,904.0,Undirected,1,276,,Mr. Bennet,Jane Bennet
896.0,897.0,Undirected,1,276,,Mr. Bennet,Mrs. Bennet
896.0,52.0,Undirected,1,276,,Mr. Bennet,Harriet Harrington
52.0,1750.0,Undirected,1,276,,Harriet Harrington,Mr. Wickham
903.0,52.0,Undirected,1,276,,Elizabeth Bennet,Harriet Harrington
907.0,1750.0,Undirected,1,276,,Kitty Bennet,Mr. Wickham
902.0,903.0,Undirected,1,277,,Lady Lucas,Elizabeth Bennet
896.0,71.0,Undirected,1,277,,Mr. Bennet,Sally
52.0,1717.0,Undirected,1,277,,Harriet Harrington,Mrs. Philips
907.0,71.0,Undirected,1,277,,Kitty Bennet,Sally
896.0,903.0,Undirected,1,277,,Mr. Bennet,Elizabeth Bennet
897.0,905.0,Undirected,1,277,,Mrs. Bennet,Lydia Bennet
902.0,904.0,Undirected,1,277,,Lady Lucas,Jane Bennet
897.0,904.0,Undirected,1,277,,Mrs. Bennet,Jane Bennet
904.0,52.0,Undirected,1,277,,Jane Bennet,Harriet Harrington
905.0,1717.0,Undirected,1,277,,Lydia Bennet,Mrs. Philips
904.0,56.0,Undirected,1,277,,Jane Bennet,Pratt
906.0,907.0,Undirected,1,277,,Mary Bennet,Kitty Bennet
903.0,906.0,Undirected,1,277,,Elizabeth Bennet,Mary Bennet
896.0,905.0,Undirected,1,277,,Mr. Bennet,Lydia Bennet
905.0,56.0,Undirected,1,277,,Lydia Bennet,Pratt
896.0,1717.0,Undirected,1,277,,Mr. Bennet,Mrs. Philips
906.0,71.0,Undirected,1,277,,Mary Bennet,Sally
907.0,1717.0,Undirected,1,277,,Kitty Bennet,Mrs. Philips
1717.0,56.0,Undirected,1,277,,Mrs. Philips,Pratt
904.0,905.0,Undirected,1,277,,Jane Bennet,Lydia Bennet
902.0,71.0,Undirected,1,277,,Lady Lucas,Sally
897.0,902.0,Undirected,1,277,,Mrs. Bennet,Lady Lucas
905.0,906.0,Undirected,1,277,,Lydia Bennet,Mary Bennet
897.0,56.0,Undirected,1,277,,Mrs. Bennet,Pratt
904.0,907.0,Undirected,1,277,,Jane Bennet,Kitty Bennet
897.0,71.0,Undirected,1,277,,Mrs. Bennet,Sally
1748.0,56.0,Undirected,1,277,,Colonel Forster,Pratt
904.0,1748.0,Undirected,1,277,,Jane Bennet,Colonel Forster
905.0,1748.0,Undirected,1,277,,Lydia Bennet,Colonel Forster
902.0,1748.0,Undirected,1,277,,Lady Lucas,Colonel Forster
897.0,907.0,Undirected,1,277,,Mrs. Bennet,Kitty Bennet
906.0,52.0,Undirected,1,277,,Mary Bennet,Harriet Harrington
907.0,52.0,Undirected,1,277,,Kitty Bennet,Harriet Harrington
902.0,56.0,Undirected,1,277,,Lady Lucas,Pratt
896.0,52.0,Undirected,1,277,,Mr. Bennet,Harriet Harrington
897.0,1717.0,Undirected,1,277,,Mrs. Bennet,Mrs. Philips
906.0,1748.0,Undirected,1,277,,Mary Bennet,Colonel Forster
897.0,906.0,Undirected,1,277,,Mrs. Bennet,Mary Bennet
896.0,907.0,Undirected,1,277,,Mr. Bennet,Kitty Bennet
905.0,71.0,Undirected,1,277,,Lydia Bennet,Sally
902.0,906.0,Undirected,1,277,,Lady Lucas,Mary Bennet
903.0,904.0,Undirected,1,277,,Elizabeth Bennet,Jane Bennet
1717.0,1748.0,Undirected,1,277,,Mrs. Philips,Colonel Forster
52.0,56.0,Undirected,1,277,,Harriet Harrington,Pratt
896.0,897.0,Undirected,1,277,,Mr. Bennet,Mrs. Bennet
71.0,1748.0,Undirected,1,277,,Sally,Colonel Forster
905.0,52.0,Undirected,1,277,,Lydia Bennet,Harriet Harrington
896.0,906.0,Undirected,1,277,,Mr. Bennet,Mary Bennet
903.0,56.0,Undirected,1,277,,Elizabeth Bennet,Pratt
71.0,56.0,Undirected,1,277,,Sally,Pratt
71.0,52.0,Undirected,1,277,,Sally,Harriet Harrington
905.0,907.0,Undirected,1,277,,Lydia Bennet,Kitty Bennet
904.0,1717.0,Undirected,1,277,,Jane Bennet,Mrs. Philips
907.0,56.0,Undirected,1,277,,Kitty Bennet,Pratt
896.0,56.0,Undirected,1,277,,Mr. Bennet,Pratt
52.0,1748.0,Undirected,1,277,,Harriet Harrington,Colonel Forster
903.0,907.0,Undirected,1,277,,Elizabeth Bennet,Kitty Bennet
896.0,902.0,Undirected,1,277,,Mr. Bennet,Lady Lucas
904.0,71.0,Undirected,1,277,,Jane Bennet,Sally
904.0,906.0,Undirected,1,277,,Jane Bennet,Mary Bennet
897.0,52.0,Undirected,1,277,,Mrs. Bennet,Harriet Harrington
903.0,905.0,Undirected,1,277,,Elizabeth Bennet,Lydia Bennet
902.0,52.0,Undirected,1,277,,Lady Lucas,Harriet Harrington
903.0,1748.0,Undirected,1,277,,Elizabeth Bennet,Colonel Forster
903.0,52.0,Undirected,1,277,,Elizabeth Bennet,Harriet Harrington
902.0,1717.0,Undirected,1,277,,Lady Lucas,Mrs. Philips
906.0,56.0,Undirected,1,277,,Mary Bennet,Pratt
907.0,1748.0,Undirected,1,277,,Kitty Bennet,Colonel Forster
896.0,1748.0,Undirected,1,277,,Mr. Bennet,Colonel Forster
903.0,1717.0,Undirected,1,277,,Elizabeth Bennet,Mrs. Philips
902.0,905.0,Undirected,1,277,,Lady Lucas,Lydia Bennet
902.0,907.0,Undirected,1,277,,Lady Lucas,Kitty Bennet
71.0,1717.0,Undirected,1,277,,Sally,Mrs. Philips
903.0,71.0,Undirected,1,277,,Elizabeth Bennet,Sally
897.0,1748.0,Undirected,1,277,,Mrs. Bennet,Colonel Forster
906.0,1717.0,Undirected,1,277,,Mary Bennet,Mrs. Philips
896.0,904.0,Undirected,1,277,,Mr. Bennet,Jane Bennet
897.0,903.0,Undirected,1,277,,Mrs. Bennet,Elizabeth Bennet
904.0,903.0,Undirected,1,278,,Jane Bennet,Elizabeth Bennet
902.0,903.0,Undirected,1,278,,Lady Lucas,Elizabeth Bennet
896.0,904.0,Undirected,1,278,,Mr. Bennet,Jane Bennet
896.0,902.0,Undirected,1,278,,Mr. Bennet,Lady Lucas
896.0,903.0,Undirected,1,278,,Mr. Bennet,Elizabeth Bennet
904.0,902.0,Undirected,1,278,,Jane Bennet,Lady Lucas
897.0,1750.0,Undirected,1,279,,Mrs. Bennet,Mr. Wickham
896.0,903.0,Undirected,1,279,,Mr. Bennet,Elizabeth Bennet
905.0,1757.0,Undirected,1,279,,Lydia Bennet,Mrs. Gardiner
906.0,1757.0,Undirected,1,279,,Mary Bennet,Mrs. Gardiner
904.0,907.0,Undirected,1,279,,Jane Bennet,Kitty Bennet
897.0,905.0,Undirected,1,279,,Mrs. Bennet,Lydia Bennet
1756.0,1757.0,Undirected,1,279,,Mr. Gardiner,Mrs. Gardiner
896.0,1757.0,Undirected,1,279,,Mr. Bennet,Mrs. Gardiner
903.0,907.0,Undirected,1,279,,Elizabeth Bennet,Kitty Bennet
1717.0,1750.0,Undirected,1,279,,Mrs. Philips,Mr. Wickham
904.0,1757.0,Undirected,1,279,,Jane Bennet,Mrs. Gardiner
896.0,906.0,Undirected,1,279,,Mr. Bennet,Mary Bennet
903.0,1717.0,Undirected,1,279,,Elizabeth Bennet,Mrs. Philips
896.0,897.0,Undirected,1,279,,Mr. Bennet,Mrs. Bennet
32.0,1756.0,Undirected,1,279,,Gardiner children,Mr. Gardiner
32.0,1750.0,Undirected,1,279,,Gardiner children,Mr. Wickham
896.0,1750.0,Undirected,1,279,,Mr. Bennet,Mr. Wickham
897.0,907.0,Undirected,1,279,,Mrs. Bennet,Kitty Bennet
896.0,905.0,Undirected,1,279,,Mr. Bennet,Lydia Bennet
905.0,1750.0,Undirected,1,279,,Lydia Bennet,Mr. Wickham
897.0,904.0,Undirected,1,279,,Mrs. Bennet,Jane Bennet
1717.0,1757.0,Undirected,1,279,,Mrs. Philips,Mrs. Gardiner
897.0,1717.0,Undirected,1,279,,Mrs. Bennet,Mrs. Philips
32.0,907.0,Undirected,1,279,,Gardiner children,Kitty Bennet
1750.0,1757.0,Undirected,1,279,,Mr. Wickham,Mrs. Gardiner
907.0,1717.0,Undirected,1,279,,Kitty Bennet,Mrs. Philips
32.0,904.0,Undirected,1,279,,Gardiner children,Jane Bennet
905.0,906.0,Undirected,1,279,,Lydia Bennet,Mary Bennet
904.0,906.0,Undirected,1,279,,Jane Bennet,Mary Bennet
903.0,904.0,Undirected,1,279,,Elizabeth Bennet,Jane Bennet
32.0,905.0,Undirected,1,279,,Gardiner children,Lydia Bennet
905.0,1756.0,Undirected,1,279,,Lydia Bennet,Mr. Gardiner
897.0,1756.0,Undirected,1,279,,Mrs. Bennet,Mr. Gardiner
907.0,1757.0,Undirected,1,279,,Kitty Bennet,Mrs. Gardiner
906.0,1756.0,Undirected,1,279,,Mary Bennet,Mr. Gardiner
896.0,32.0,Undirected,1,279,,Mr. Bennet,Gardiner children
896.0,907.0,Undirected,1,279,,Mr. Bennet,Kitty Bennet
907.0,1756.0,Undirected,1,279,,Kitty Bennet,Mr. Gardiner
907.0,1750.0,Undirected,1,279,,Kitty Bennet,Mr. Wickham
1750.0,1756.0,Undirected,1,279,,Mr. Wickham,Mr. Gardiner
1717.0,1756.0,Undirected,1,279,,Mrs. Philips,Mr. Gardiner
32.0,906.0,Undirected,1,279,,Gardiner children,Mary Bennet
897.0,32.0,Undirected,1,279,,Mrs. Bennet,Gardiner children
906.0,1717.0,Undirected,1,279,,Mary Bennet,Mrs. Philips
896.0,904.0,Undirected,1,279,,Mr. Bennet,Jane Bennet
897.0,903.0,Undirected,1,279,,Mrs. Bennet,Elizabeth Bennet
903.0,1750.0,Undirected,1,279,,Elizabeth Bennet,Mr. Wickham
903.0,905.0,Undirected,1,279,,Elizabeth Bennet,Lydia Bennet
904.0,1750.0,Undirected,1,279,,Jane Bennet,Mr. Wickham
897.0,906.0,Undirected,1,279,,Mrs. Bennet,Mary Bennet
897.0,1757.0,Undirected,1,279,,Mrs. Bennet,Mrs. Gardiner
903.0,1757.0,Undirected,1,279,,Elizabeth Bennet,Mrs. Gardiner
903.0,906.0,Undirected,1,279,,Elizabeth Bennet,Mary Bennet
904.0,905.0,Undirected,1,279,,Jane Bennet,Lydia Bennet
32.0,1717.0,Undirected,1,279,,Gardiner children,Mrs. Philips
896.0,1717.0,Undirected,1,279,,Mr. Bennet,Mrs. Philips
904.0,1756.0,Undirected,1,279,,Jane Bennet,Mr. Gardiner
906.0,907.0,Undirected,1,279,,Mary Bennet,Kitty Bennet
903.0,1756.0,Undirected,1,279,,Elizabeth Bennet,Mr. Gardiner
905.0,1717.0,Undirected,1,279,,Lydia Bennet,Mrs. Philips
905.0,907.0,Undirected,1,279,,Lydia Bennet,Kitty Bennet
904.0,1717.0,Undirected,1,279,,Jane Bennet,Mrs. Philips
32.0,1757.0,Undirected,1,279,,Gardiner children,Mrs. Gardiner
906.0,1750.0,Undirected,1,279,,Mary Bennet,Mr. Wickham
32.0,903.0,Undirected,1,279,,Gardiner children,Elizabeth Bennet
896.0,1756.0,Undirected,1,279,,Mr. Bennet,Mr. Gardiner
903.0,905.0,Undirected,1,280,,Elizabeth Bennet,Lydia Bennet
896.0,1757.0,Undirected,1,280,,Mr. Bennet,Mrs. Gardiner
896.0,905.0,Undirected,1,280,,Mr. Bennet,Lydia Bennet
1748.0,1750.0,Undirected,1,280,,Colonel Forster,Mr. Wickham
896.0,1748.0,Undirected,1,280,,Mr. Bennet,Colonel Forster
903.0,1750.0,Undirected,1,280,,Elizabeth Bennet,Mr. Wickham
904.0,1748.0,Undirected,1,280,,Jane Bennet,Colonel Forster
904.0,1756.0,Undirected,1,280,,Jane Bennet,Mr. Gardiner
896.0,904.0,Undirected,1,280,,Mr. Bennet,Jane Bennet
896.0,903.0,Undirected,1,280,,Mr. Bennet,Elizabeth Bennet
904.0,1750.0,Undirected,1,280,,Jane Bennet,Mr. Wickham
1750.0,1756.0,Undirected,1,280,,Mr. Wickham,Mr. Gardiner
903.0,1748.0,Undirected,1,280,,Elizabeth Bennet,Colonel Forster
1750.0,1757.0,Undirected,1,280,,Mr. Wickham,Mrs. Gardiner
896.0,1750.0,Undirected,1,280,,Mr. Bennet,Mr. Wickham
1748.0,1756.0,Undirected,1,280,,Colonel Forster,Mr. Gardiner
905.0,1750.0,Undirected,1,280,,Lydia Bennet,Mr. Wickham
903.0,1756.0,Undirected,1,280,,Elizabeth Bennet,Mr. Gardiner
904.0,1757.0,Undirected,1,280,,Jane Bennet,Mrs. Gardiner
905.0,1757.0,Undirected,1,280,,Lydia Bennet,Mrs. Gardiner
1748.0,1757.0,Undirected,1,280,,Colonel Forster,Mrs. Gardiner
905.0,1748.0,Undirected,1,280,,Lydia Bennet,Colonel Forster
903.0,904.0,Undirected,1,280,,Elizabeth Bennet,Jane Bennet
905.0,1756.0,Undirected,1,280,,Lydia Bennet,Mr. Gardiner
904.0,905.0,Undirected,1,280,,Jane Bennet,Lydia Bennet
896.0,1756.0,Undirected,1,280,,Mr. Bennet,Mr. Gardiner
1756.0,1757.0,Undirected,1,280,,Mr. Gardiner,Mrs. Gardiner
903.0,1757.0,Undirected,1,280,,Elizabeth Bennet,Mrs. Gardiner
904.0,906.0,Undirected,1,281,,Jane Bennet,Mary Bennet
904.0,42.0,Undirected,1,281,,Jane Bennet,Mr. Wickham's father
42.0,907.0,Undirected,1,281,,Mr. Wickham's father,Kitty Bennet
903.0,907.0,Undirected,1,281,,Elizabeth Bennet,Kitty Bennet
903.0,1715.0,Undirected,1,281,,Elizabeth Bennet,Charlotte Lucas
43.0,1751.0,Undirected,1,281,,Mr. Wickham's mother,Mr. Collins
906.0,1715.0,Undirected,1,281,,Mary Bennet,Charlotte Lucas
907.0,1750.0,Undirected,1,281,,Kitty Bennet,Mr. Wickham
43.0,1715.0,Undirected,1,281,,Mr. Wickham's mother,Charlotte Lucas
903.0,42.0,Undirected,1,281,,Elizabeth Bennet,Mr. Wickham's father
43.0,906.0,Undirected,1,281,,Mr. Wickham's mother,Mary Bennet
903.0,43.0,Undirected,1,281,,Elizabeth Bennet,Mr. Wickham's mother
905.0,907.0,Undirected,1,281,,Lydia Bennet,Kitty Bennet
904.0,905.0,Undirected,1,281,,Jane Bennet,Lydia Bennet
896.0,907.0,Undirected,1,281,,Mr. Bennet,Kitty Bennet
907.0,43.0,Undirected,1,281,,Kitty Bennet,Mr. Wickham's mother
896.0,43.0,Undirected,1,281,,Mr. Bennet,Mr. Wickham's mother
906.0,1750.0,Undirected,1,281,,Mary Bennet,Mr. Wickham
907.0,1715.0,Undirected,1,281,,Kitty Bennet,Charlotte Lucas
896.0,42.0,Undirected,1,281,,Mr. Bennet,Mr. Wickham's father
903.0,1751.0,Undirected,1,281,,Elizabeth Bennet,Mr. Collins
896.0,1715.0,Undirected,1,281,,Mr. Bennet,Charlotte Lucas
897.0,42.0,Undirected,1,281,,Mrs. Bennet,Mr. Wickham's father
896.0,905.0,Undirected,1,281,,Mr. Bennet,Lydia Bennet
896.0,1750.0,Undirected,1,281,,Mr. Bennet,Mr. Wickham
903.0,904.0,Undirected,1,281,,Elizabeth Bennet,Jane Bennet
904.0,1750.0,Undirected,1,281,,Jane Bennet,Mr. Wickham
905.0,1715.0,Undirected,1,281,,Lydia Bennet,Charlotte Lucas
896.0,897.0,Undirected,1,281,,Mr. Bennet,Mrs. Bennet
905.0,906.0,Undirected,1,281,,Lydia Bennet,Mary Bennet
896.0,904.0,Undirected,1,281,,Mr. Bennet,Jane Bennet
897.0,903.0,Undirected,1,281,,Mrs. Bennet,Elizabeth Bennet
896.0,903.0,Undirected,1,281,,Mr. Bennet,Elizabeth Bennet
897.0,1750.0,Undirected,1,281,,Mrs. Bennet,Mr. Wickham
905.0,1751.0,Undirected,1,281,,Lydia Bennet,Mr. Collins
905.0,43.0,Undirected,1,281,,Lydia Bennet,Mr. Wickham's mother
904.0,1715.0,Undirected,1,281,,Jane Bennet,Charlotte Lucas
42.0,1751.0,Undirected,1,281,,Mr. Wickham's father,Mr. Collins
904.0,907.0,Undirected,1,281,,Jane Bennet,Kitty Bennet
905.0,42.0,Undirected,1,281,,Lydia Bennet,Mr. Wickham's father
897.0,43.0,Undirected,1,281,,Mrs. Bennet,Mr. Wickham's mother
906.0,1751.0,Undirected,1,281,,Mary Bennet,Mr. Collins
896.0,906.0,Undirected,1,281,,Mr. Bennet,Mary Bennet
42.0,1750.0,Undirected,1,281,,Mr. Wickham's father,Mr. Wickham
897.0,1715.0,Undirected,1,281,,Mrs. Bennet,Charlotte Lucas
904.0,1751.0,Undirected,1,281,,Jane Bennet,Mr. Collins
43.0,1750.0,Undirected,1,281,,Mr. Wickham's mother,Mr. Wickham
897.0,1751.0,Undirected,1,281,,Mrs. Bennet,Mr. Collins
1715.0,1751.0,Undirected,1,281,,Charlotte Lucas,Mr. Collins
896.0,1751.0,Undirected,1,281,,Mr. Bennet,Mr. Collins
903.0,906.0,Undirected,1,281,,Elizabeth Bennet,Mary Bennet
1750.0,1751.0,Undirected,1,281,,Mr. Wickham,Mr. Collins
905.0,1750.0,Undirected,1,281,,Lydia Bennet,Mr. Wickham
42.0,906.0,Undirected,1,281,,Mr. Wickham's father,Mary Bennet
903.0,1750.0,Undirected,1,281,,Elizabeth Bennet,Mr. Wickham
903.0,905.0,Undirected,1,281,,Elizabeth Bennet,Lydia Bennet
897.0,905.0,Undirected,1,281,,Mrs. Bennet,Lydia Bennet
907.0,906.0,Undirected,1,281,,Kitty Bennet,Mary Bennet
1715.0,1750.0,Undirected,1,281,,Charlotte Lucas,Mr. Wickham
897.0,904.0,Undirected,1,281,,Mrs. Bennet,Jane Bennet
897.0,907.0,Undirected,1,281,,Mrs. Bennet,Kitty Bennet
904.0,43.0,Undirected,1,281,,Jane Bennet,Mr. Wickham's mother
897.0,906.0,Undirected,1,281,,Mrs. Bennet,Mary Bennet
907.0,1751.0,Undirected,1,281,,Kitty Bennet,Mr. Collins
42.0,43.0,Undirected,1,281,,Mr. Wickham's father,Mr. Wickham's mother
42.0,1715.0,Undirected,1,281,,Mr. Wickham's father,Charlotte Lucas
904.0,907.0,Undirected,1,282,,Jane Bennet,Kitty Bennet
33.0,904.0,Undirected,1,282,,Miss de Bourgh,Jane Bennet
1715.0,1751.0,Undirected,1,282,,Charlotte Lucas,Mr. Collins
33.0,1752.0,Undirected,1,282,,Miss de Bourgh,Lady Catherine de Bourgh
907.0,1715.0,Undirected,1,282,,Kitty Bennet,Charlotte Lucas
1750.0,1752.0,Undirected,1,282,,Mr. Wickham,Lady Catherine de Bourgh
903.0,1715.0,Undirected,1,282,,Elizabeth Bennet,Charlotte Lucas
906.0,1750.0,Undirected,1,282,,Mary Bennet,Mr. Wickham
904.0,1748.0,Undirected,1,282,,Jane Bennet,Colonel Forster
906.0,1751.0,Undirected,1,282,,Mary Bennet,Mr. Collins
896.0,1750.0,Undirected,1,282,,Mr. Bennet,Mr. Wickham
904.0,1752.0,Undirected,1,282,,Jane Bennet,Lady Catherine de Bourgh
906.0,907.0,Undirected,1,282,,Mary Bennet,Kitty Bennet
896.0,907.0,Undirected,1,282,,Mr. Bennet,Kitty Bennet
903.0,1748.0,Undirected,1,282,,Elizabeth Bennet,Colonel Forster
906.0,1756.0,Undirected,1,282,,Mary Bennet,Mr. Gardiner
907.0,1751.0,Undirected,1,282,,Kitty Bennet,Mr. Collins
896.0,1751.0,Undirected,1,282,,Mr. Bennet,Mr. Collins
903.0,1752.0,Undirected,1,282,,Elizabeth Bennet,Lady Catherine de Bourgh
903.0,1751.0,Undirected,1,282,,Elizabeth Bennet,Mr. Collins
906.0,1752.0,Undirected,1,282,,Mary Bennet,Lady Catherine de Bourgh
903.0,905.0,Undirected,1,282,,Elizabeth Bennet,Lydia Bennet
896.0,1748.0,Undirected,1,282,,Mr. Bennet,Colonel Forster
907.0,1748.0,Undirected,1,282,,Kitty Bennet,Colonel Forster
1751.0,1752.0,Undirected,1,282,,Mr. Collins,Lady Catherine de Bourgh
33.0,903.0,Undirected,1,282,,Miss de Bourgh,Elizabeth Bennet
905.0,1715.0,Undirected,1,282,,Lydia Bennet,Charlotte Lucas
904.0,1750.0,Undirected,1,282,,Jane Bennet,Mr. Wickham
1748.0,1756.0,Undirected,1,282,,Colonel Forster,Mr. Gardiner
907.0,1752.0,Undirected,1,282,,Kitty Bennet,Lady Catherine de Bourgh
904.0,1715.0,Undirected,1,282,,Jane Bennet,Charlotte Lucas
33.0,1751.0,Undirected,1,282,,Miss de Bourgh,Mr. Collins
903.0,907.0,Undirected,1,282,,Elizabeth Bennet,Kitty Bennet
905.0,906.0,Undirected,1,282,,Lydia Bennet,Mary Bennet
1748.0,1750.0,Undirected,1,282,,Colonel Forster,Mr. Wickham
1715.0,1750.0,Undirected,1,282,,Charlotte Lucas,Mr. Wickham
1750.0,1756.0,Undirected,1,282,,Mr. Wickham,Mr. Gardiner
907.0,1750.0,Undirected,1,282,,Kitty Bennet,Mr. Wickham
33.0,1715.0,Undirected,1,282,,Miss de Bourgh,Charlotte Lucas
896.0,903.0,Undirected,1,282,,Mr. Bennet,Elizabeth Bennet
905.0,1756.0,Undirected,1,282,,Lydia Bennet,Mr. Gardiner
905.0,907.0,Undirected,1,282,,Lydia Bennet,Kitty Bennet
906.0,1748.0,Undirected,1,282,,Mary Bennet,Colonel Forster
896.0,906.0,Undirected,1,282,,Mr. Bennet,Mary Bennet
33.0,1756.0,Undirected,1,282,,Miss de Bourgh,Mr. Gardiner
906.0,1715.0,Undirected,1,282,,Mary Bennet,Charlotte Lucas
905.0,1750.0,Undirected,1,282,,Lydia Bennet,Mr. Wickham
33.0,1748.0,Undirected,1,282,,Miss de Bourgh,Colonel Forster
1750.0,1751.0,Undirected,1,282,,Mr. Wickham,Mr. Collins
904.0,906.0,Undirected,1,282,,Jane Bennet,Mary Bennet
904.0,1751.0,Undirected,1,282,,Jane Bennet,Mr. Collins
1752.0,1756.0,Undirected,1,282,,Lady Catherine de Bourgh,Mr. Gardiner
905.0,1752.0,Undirected,1,282,,Lydia Bennet,Lady Catherine de Bourgh
903.0,906.0,Undirected,1,282,,Elizabeth Bennet,Mary Bennet
905.0,1751.0,Undirected,1,282,,Lydia Bennet,Mr. Collins
1715.0,1748.0,Undirected,1,282,,Charlotte Lucas,Colonel Forster
903.0,1750.0,Undirected,1,282,,Elizabeth Bennet,Mr. Wickham
1748.0,1751.0,Undirected,1,282,,Colonel Forster,Mr. Collins
33.0,907.0,Undirected,1,282,,Miss de Bourgh,Kitty Bennet
896.0,904.0,Undirected,1,282,,Mr. Bennet,Jane Bennet
896.0,1752.0,Undirected,1,282,,Mr. Bennet,Lady Catherine de Bourgh
903.0,1756.0,Undirected,1,282,,Elizabeth Bennet,Mr. Gardiner
896.0,1715.0,Undirected,1,282,,Mr. Bennet,Charlotte Lucas
904.0,905.0,Undirected,1,282,,Jane Bennet,Lydia Bennet
896.0,1756.0,Undirected,1,282,,Mr. Bennet,Mr. Gardiner
903.0,904.0,Undirected,1,282,,Elizabeth Bennet,Jane Bennet
33.0,1750.0,Undirected,1,282,,Miss de Bourgh,Mr. Wickham
907.0,1756.0,Undirected,1,282,,Kitty Bennet,Mr. Gardiner
1748.0,1752.0,Undirected,1,282,,Colonel Forster,Lady Catherine de Bourgh
1715.0,1756.0,Undirected,1,282,,Charlotte Lucas,Mr. Gardiner
33.0,905.0,Undirected,1,282,,Miss de Bourgh,Lydia Bennet
896.0,905.0,Undirected,1,282,,Mr. Bennet,Lydia Bennet
33.0,906.0,Undirected,1,282,,Miss de Bourgh,Mary Bennet
1715.0,1752.0,Undirected,1,282,,Charlotte Lucas,Lady Catherine de Bourgh
896.0,33.0,Undirected,1,282,,Mr. Bennet,Miss de Bourgh
905.0,1748.0,Undirected,1,282,,Lydia Bennet,Colonel Forster
1751.0,1756.0,Undirected,1,282,,Mr. Collins,Mr. Gardiner
904.0,1756.0,Undirected,1,282,,Jane Bennet,Mr. Gardiner
906.0,907.0,Undirected,1,283,,Mary Bennet,Kitty Bennet
904.0,1750.0,Undirected,1,283,,Jane Bennet,Mr. Wickham
896.0,1756.0,Undirected,1,283,,Mr. Bennet,Mr. Gardiner
907.0,1756.0,Undirected,1,283,,Kitty Bennet,Mr. Gardiner
904.0,906.0,Undirected,1,283,,Jane Bennet,Mary Bennet
904.0,1757.0,Undirected,1,283,,Jane Bennet,Mrs. Gardiner
906.0,1757.0,Undirected,1,283,,Mary Bennet,Mrs. Gardiner
32.0,903.0,Undirected,1,283,,Gardiner children,Elizabeth Bennet
907.0,1751.0,Undirected,1,283,,Kitty Bennet,Mr. Collins
903.0,1712.0,Undirected,1,283,,Elizabeth Bennet,Mr. Darcy
896.0,1751.0,Undirected,1,283,,Mr. Bennet,Mr. Collins
1750.0,1757.0,Undirected,1,283,,Mr. Wickham,Mrs. Gardiner
897.0,1757.0,Undirected,1,283,,Mrs. Bennet,Mrs. Gardiner
904.0,1751.0,Undirected,1,283,,Jane Bennet,Mr. Collins
897.0,1750.0,Undirected,1,283,,Mrs. Bennet,Mr. Wickham
905.0,906.0,Undirected,1,283,,Lydia Bennet,Mary Bennet
896.0,907.0,Undirected,1,283,,Mr. Bennet,Kitty Bennet
903.0,906.0,Undirected,1,283,,Elizabeth Bennet,Mary Bennet
903.0,907.0,Undirected,1,283,,Elizabeth Bennet,Kitty Bennet
1751.0,1757.0,Undirected,1,283,,Mr. Collins,Mrs. Gardiner
32.0,1756.0,Undirected,1,283,,Gardiner children,Mr. Gardiner
1751.0,1756.0,Undirected,1,283,,Mr. Collins,Mr. Gardiner
905.0,1756.0,Undirected,1,283,,Lydia Bennet,Mr. Gardiner
896.0,905.0,Undirected,1,283,,Mr. Bennet,Lydia Bennet
32.0,907.0,Undirected,1,283,,Gardiner children,Kitty Bennet
896.0,1757.0,Undirected,1,283,,Mr. Bennet,Mrs. Gardiner
905.0,1751.0,Undirected,1,283,,Lydia Bennet,Mr. Collins
32.0,1750.0,Undirected,1,283,,Gardiner children,Mr. Wickham
907.0,1712.0,Undirected,1,283,,Kitty Bennet,Mr. Darcy
896.0,1712.0,Undirected,1,283,,Mr. Bennet,Mr. Darcy
32.0,897.0,Undirected,1,283,,Gardiner children,Mrs. Bennet
1712.0,1750.0,Undirected,1,283,,Mr. Darcy,Mr. Wickham
1712.0,1757.0,Undirected,1,283,,Mr. Darcy,Mrs. Gardiner
896.0,32.0,Undirected,1,283,,Mr. Bennet,Gardiner children
32.0,904.0,Undirected,1,283,,Gardiner children,Jane Bennet
907.0,1750.0,Undirected,1,283,,Kitty Bennet,Mr. Wickham
904.0,905.0,Undirected,1,283,,Jane Bennet,Lydia Bennet
906.0,1712.0,Undirected,1,283,,Mary Bennet,Mr. Darcy
897.0,904.0,Undirected,1,283,,Mrs. Bennet,Jane Bennet
32.0,1712.0,Undirected,1,283,,Gardiner children,Mr. Darcy
906.0,1751.0,Undirected,1,283,,Mary Bennet,Mr. Collins
903.0,1750.0,Undirected,1,283,,Elizabeth Bennet,Mr. Wickham
903.0,904.0,Undirected,1,283,,Elizabeth Bennet,Jane Bennet
906.0,1750.0,Undirected,1,283,,Mary Bennet,Mr. Wickham
903.0,1756.0,Undirected,1,283,,Elizabeth Bennet,Mr. Gardiner
904.0,907.0,Undirected,1,283,,Jane Bennet,Kitty Bennet
897.0,1712.0,Undirected,1,283,,Mrs. Bennet,Mr. Darcy
1756.0,1757.0,Undirected,1,283,,Mr. Gardiner,Mrs. Gardiner
907.0,1757.0,Undirected,1,283,,Kitty Bennet,Mrs. Gardiner
897.0,1756.0,Undirected,1,283,,Mrs. Bennet,Mr. Gardiner
903.0,905.0,Undirected,1,283,,Elizabeth Bennet,Lydia Bennet
896.0,1750.0,Undirected,1,283,,Mr. Bennet,Mr. Wickham
896.0,904.0,Undirected,1,283,,Mr. Bennet,Jane Bennet
32.0,906.0,Undirected,1,283,,Gardiner children,Mary Bennet
32.0,1757.0,Undirected,1,283,,Gardiner children,Mrs. Gardiner
905.0,1757.0,Undirected,1,283,,Lydia Bennet,Mrs. Gardiner
897.0,906.0,Undirected,1,283,,Mrs. Bennet,Mary Bennet
905.0,1712.0,Undirected,1,283,,Lydia Bennet,Mr. Darcy
897.0,907.0,Undirected,1,283,,Mrs. Bennet,Kitty Bennet
905.0,1750.0,Undirected,1,283,,Lydia Bennet,Mr. Wickham
896.0,903.0,Undirected,1,283,,Mr. Bennet,Elizabeth Bennet
32.0,905.0,Undirected,1,283,,Gardiner children,Lydia Bennet
896.0,897.0,Undirected,1,283,,Mr. Bennet,Mrs. Bennet
897.0,905.0,Undirected,1,283,,Mrs. Bennet,Lydia Bennet
1750.0,1756.0,Undirected,1,283,,Mr. Wickham,Mr. Gardiner
905.0,907.0,Undirected,1,283,,Lydia Bennet,Kitty Bennet
904.0,1756.0,Undirected,1,283,,Jane Bennet,Mr. Gardiner
1712.0,1756.0,Undirected,1,283,,Mr. Darcy,Mr. Gardiner
897.0,1751.0,Undirected,1,283,,Mrs. Bennet,Mr. Collins
903.0,1751.0,Undirected,1,283,,Elizabeth Bennet,Mr. Collins
1750.0,1751.0,Undirected,1,283,,Mr. Wickham,Mr. Collins
904.0,1712.0,Undirected,1,283,,Jane Bennet,Mr. Darcy
903.0,1757.0,Undirected,1,283,,Elizabeth Bennet,Mrs. Gardiner
906.0,1756.0,Undirected,1,283,,Mary Bennet,Mr. Gardiner
1712.0,1751.0,Undirected,1,283,,Mr. Darcy,Mr. Collins
896.0,906.0,Undirected,1,283,,Mr. Bennet,Mary Bennet
897.0,903.0,Undirected,1,283,,Mrs. Bennet,Elizabeth Bennet
32.0,1751.0,Undirected,1,283,,Gardiner children,Mr. Collins
896.0,907.0,Undirected,1,284,,Mr. Bennet,Kitty Bennet
896.0,1750.0,Undirected,1,284,,Mr. Bennet,Mr. Wickham
903.0,905.0,Undirected,1,284,,Elizabeth Bennet,Lydia Bennet
903.0,1750.0,Undirected,1,284,,Elizabeth Bennet,Mr. Wickham
896.0,905.0,Undirected,1,284,,Mr. Bennet,Lydia Bennet
907.0,1750.0,Undirected,1,284,,Kitty Bennet,Mr. Wickham
896.0,903.0,Undirected,1,284,,Mr. Bennet,Elizabeth Bennet
903.0,907.0,Undirected,1,284,,Elizabeth Bennet,Kitty Bennet
905.0,1750.0,Undirected,1,284,,Lydia Bennet,Mr. Wickham
905.0,907.0,Undirected,1,284,,Lydia Bennet,Kitty Bennet
904.0,73.0,Undirected,1,285,,Jane Bennet,Butler (at Longbourn)
896.0,73.0,Undirected,1,285,,Mr. Bennet,Butler (at Longbourn)
896.0,897.0,Undirected,1,285,,Mr. Bennet,Mrs. Bennet
896.0,1771.0,Undirected,1,285,,Mr. Bennet,Mrs. Hill
73.0,1771.0,Undirected,1,285,,Butler (at Longbourn),Mrs. Hill
903.0,1756.0,Undirected,1,285,,Elizabeth Bennet,Mr. Gardiner
897.0,903.0,Undirected,1,285,,Mrs. Bennet,Elizabeth Bennet
1771.0,1756.0,Undirected,1,285,,Mrs. Hill,Mr. Gardiner
903.0,73.0,Undirected,1,285,,Elizabeth Bennet,Butler (at Longbourn)
896.0,904.0,Undirected,1,285,,Mr. Bennet,Jane Bennet
897.0,904.0,Undirected,1,285,,Mrs. Bennet,Jane Bennet
73.0,1756.0,Undirected,1,285,,Butler (at Longbourn),Mr. Gardiner
897.0,73.0,Undirected,1,285,,Mrs. Bennet,Butler (at Longbourn)
903.0,1771.0,Undirected,1,285,,Elizabeth Bennet,Mrs. Hill
897.0,1756.0,Undirected,1,285,,Mrs. Bennet,Mr. Gardiner
897.0,1771.0,Undirected,1,285,,Mrs. Bennet,Mrs. Hill
904.0,1771.0,Undirected,1,285,,Jane Bennet,Mrs. Hill
896.0,903.0,Undirected,1,285,,Mr. Bennet,Elizabeth Bennet
896.0,1756.0,Undirected,1,285,,Mr. Bennet,Mr. Gardiner
904.0,1756.0,Undirected,1,285,,Jane Bennet,Mr. Gardiner
903.0,904.0,Undirected,1,285,,Elizabeth Bennet,Jane Bennet
1756.0,896.0,Undirected,1,286,,Mr. Gardiner,Mr. Bennet
904.0,1756.0,Undirected,1,286,,Jane Bennet,Mr. Gardiner
1756.0,903.0,Undirected,1,286,,Mr. Gardiner,Elizabeth Bennet
896.0,903.0,Undirected,1,286,,Mr. Bennet,Elizabeth Bennet
904.0,903.0,Undirected,1,286,,Jane Bennet,Elizabeth Bennet
904.0,896.0,Undirected,1,286,,Jane Bennet,Mr. Bennet
904.0,905.0,Undirected,1,287,,Jane Bennet,Lydia Bennet
903.0,905.0,Undirected,1,287,,Elizabeth Bennet,Lydia Bennet
896.0,903.0,Undirected,1,287,,Mr. Bennet,Elizabeth Bennet
896.0,904.0,Undirected,1,287,,Mr. Bennet,Jane Bennet
896.0,1750.0,Undirected,1,287,,Mr. Bennet,Mr. Wickham
1750.0,1756.0,Undirected,1,287,,Mr. Wickham,Mr. Gardiner
903.0,1756.0,Undirected,1,287,,Elizabeth Bennet,Mr. Gardiner
896.0,1756.0,Undirected,1,287,,Mr. Bennet,Mr. Gardiner
904.0,1750.0,Undirected,1,287,,Jane Bennet,Mr. Wickham
905.0,1756.0,Undirected,1,287,,Lydia Bennet,Mr. Gardiner
903.0,904.0,Undirected,1,287,,Elizabeth Bennet,Jane Bennet
904.0,1756.0,Undirected,1,287,,Jane Bennet,Mr. Gardiner
896.0,905.0,Undirected,1,287,,Mr. Bennet,Lydia Bennet
903.0,1750.0,Undirected,1,287,,Elizabeth Bennet,Mr. Wickham
905.0,1750.0,Undirected,1,287,,Lydia Bennet,Mr. Wickham
32.0,1756.0,Undirected,1,288,,Gardiner children,Mr. Gardiner
896.0,905.0,Undirected,1,288,,Mr. Bennet,Lydia Bennet
903.0,905.0,Undirected,1,288,,Elizabeth Bennet,Lydia Bennet
903.0,1750.0,Undirected,1,288,,Elizabeth Bennet,Mr. Wickham
905.0,1750.0,Undirected,1,288,,Lydia Bennet,Mr. Wickham
32.0,1757.0,Undirected,1,288,,Gardiner children,Mrs. Gardiner
904.0,1757.0,Undirected,1,288,,Jane Bennet,Mrs. Gardiner
903.0,904.0,Undirected,1,288,,Elizabeth Bennet,Jane Bennet
32.0,1750.0,Undirected,1,288,,Gardiner children,Mr. Wickham
905.0,1757.0,Undirected,1,288,,Lydia Bennet,Mrs. Gardiner
896.0,903.0,Undirected,1,288,,Mr. Bennet,Elizabeth Bennet
905.0,1756.0,Undirected,1,288,,Lydia Bennet,Mr. Gardiner
896.0,1757.0,Undirected,1,288,,Mr. Bennet,Mrs. Gardiner
896.0,32.0,Undirected,1,288,,Mr. Bennet,Gardiner children
903.0,1756.0,Undirected,1,288,,Elizabeth Bennet,Mr. Gardiner
1756.0,1757.0,Undirected,1,288,,Mr. Gardiner,Mrs. Gardiner
903.0,1757.0,Undirected,1,288,,Elizabeth Bennet,Mrs. Gardiner
896.0,904.0,Undirected,1,288,,Mr. Bennet,Jane Bennet
904.0,1750.0,Undirected,1,288,,Jane Bennet,Mr. Wickham
896.0,1750.0,Undirected,1,288,,Mr. Bennet,Mr. Wickham
1750.0,1757.0,Undirected,1,288,,Mr. Wickham,Mrs. Gardiner
32.0,904.0,Undirected,1,288,,Gardiner children,Jane Bennet
904.0,1756.0,Undirected,1,288,,Jane Bennet,Mr. Gardiner
32.0,905.0,Undirected,1,288,,Gardiner children,Lydia Bennet
1750.0,1756.0,Undirected,1,288,,Mr. Wickham,Mr. Gardiner
896.0,1756.0,Undirected,1,288,,Mr. Bennet,Mr. Gardiner
32.0,903.0,Undirected,1,288,,Gardiner children,Elizabeth Bennet
904.0,905.0,Undirected,1,288,,Jane Bennet,Lydia Bennet
904.0,905.0,Undirected,1,289,,Jane Bennet,Lydia Bennet
897.0,907.0,Undirected,1,289,,Mrs. Bennet,Kitty Bennet
907.0,1757.0,Undirected,1,289,,Kitty Bennet,Mrs. Gardiner
897.0,1756.0,Undirected,1,289,,Mrs. Bennet,Mr. Gardiner
896.0,1750.0,Undirected,1,289,,Mr. Bennet,Mr. Wickham
904.0,1750.0,Undirected,1,289,,Jane Bennet,Mr. Wickham
896.0,1757.0,Undirected,1,289,,Mr. Bennet,Mrs. Gardiner
907.0,1771.0,Undirected,1,289,,Kitty Bennet,Mrs. Hill
896.0,1771.0,Undirected,1,289,,Mr. Bennet,Mrs. Hill
903.0,907.0,Undirected,1,289,,Elizabeth Bennet,Kitty Bennet
897.0,904.0,Undirected,1,289,,Mrs. Bennet,Jane Bennet
1750.0,1757.0,Undirected,1,289,,Mr. Wickham,Mrs. Gardiner
903.0,1771.0,Undirected,1,289,,Elizabeth Bennet,Mrs. Hill
897.0,1771.0,Undirected,1,289,,Mrs. Bennet,Mrs. Hill
904.0,907.0,Undirected,1,289,,Jane Bennet,Kitty Bennet
903.0,905.0,Undirected,1,289,,Elizabeth Bennet,Lydia Bennet
903.0,1750.0,Undirected,1,289,,Elizabeth Bennet,Mr. Wickham
903.0,1756.0,Undirected,1,289,,Elizabeth Bennet,Mr. Gardiner
905.0,1750.0,Undirected,1,289,,Lydia Bennet,Mr. Wickham
896.0,905.0,Undirected,1,289,,Mr. Bennet,Lydia Bennet
906.0,907.0,Undirected,1,289,,Mary Bennet,Kitty Bennet
1750.0,1756.0,Undirected,1,289,,Mr. Wickham,Mr. Gardiner
905.0,1757.0,Undirected,1,289,,Lydia Bennet,Mrs. Gardiner
906.0,1756.0,Undirected,1,289,,Mary Bennet,Mr. Gardiner
906.0,1771.0,Undirected,1,289,,Mary Bennet,Mrs. Hill
1771.0,1750.0,Undirected,1,289,,Mrs. Hill,Mr. Wickham
907.0,1750.0,Undirected,1,289,,Kitty Bennet,Mr. Wickham
904.0,1757.0,Undirected,1,289,,Jane Bennet,Mrs. Gardiner
897.0,906.0,Undirected,1,289,,Mrs. Bennet,Mary Bennet
897.0,1757.0,Undirected,1,289,,Mrs. Bennet,Mrs. Gardiner
903.0,906.0,Undirected,1,289,,Elizabeth Bennet,Mary Bennet
897.0,905.0,Undirected,1,289,,Mrs. Bennet,Lydia Bennet
1771.0,1756.0,Undirected,1,289,,Mrs. Hill,Mr. Gardiner
906.0,1757.0,Undirected,1,289,,Mary Bennet,Mrs. Gardiner
897.0,903.0,Undirected,1,289,,Mrs. Bennet,Elizabeth Bennet
905.0,907.0,Undirected,1,289,,Lydia Bennet,Kitty Bennet
1756.0,1757.0,Undirected,1,289,,Mr. Gardiner,Mrs. Gardiner
896.0,904.0,Undirected,1,289,,Mr. Bennet,Jane Bennet
896.0,907.0,Undirected,1,289,,Mr. Bennet,Kitty Bennet
907.0,1756.0,Undirected,1,289,,Kitty Bennet,Mr. Gardiner
896.0,1756.0,Undirected,1,289,,Mr. Bennet,Mr. Gardiner
1771.0,1757.0,Undirected,1,289,,Mrs. Hill,Mrs. Gardiner
905.0,1771.0,Undirected,1,289,,Lydia Bennet,Mrs. Hill
904.0,906.0,Undirected,1,289,,Jane Bennet,Mary Bennet
905.0,1756.0,Undirected,1,289,,Lydia Bennet,Mr. Gardiner
904.0,1756.0,Undirected,1,289,,Jane Bennet,Mr. Gardiner
896.0,897.0,Undirected,1,289,,Mr. Bennet,Mrs. Bennet
904.0,1771.0,Undirected,1,289,,Jane Bennet,Mrs. Hill
905.0,906.0,Undirected,1,289,,Lydia Bennet,Mary Bennet
903.0,904.0,Undirected,1,289,,Elizabeth Bennet,Jane Bennet
896.0,906.0,Undirected,1,289,,Mr. Bennet,Mary Bennet
906.0,1750.0,Undirected,1,289,,Mary Bennet,Mr. Wickham
896.0,903.0,Undirected,1,289,,Mr. Bennet,Elizabeth Bennet
903.0,1757.0,Undirected,1,289,,Elizabeth Bennet,Mrs. Gardiner
897.0,1750.0,Undirected,1,289,,Mrs. Bennet,Mr. Wickham
903.0,1717.0,Undirected,1,290,,Elizabeth Bennet,Mrs. Philips
906.0,1771.0,Undirected,1,290,,Mary Bennet,Mrs. Hill
32.0,905.0,Undirected,1,290,,Gardiner children,Lydia Bennet
907.0,1756.0,Undirected,1,290,,Kitty Bennet,Mr. Gardiner
896.0,1756.0,Undirected,1,290,,Mr. Bennet,Mr. Gardiner
32.0,902.0,Undirected,1,290,,Gardiner children,Lady Lucas
898.0,907.0,Undirected,1,290,,Mrs. Long,Kitty Bennet
906.0,1750.0,Undirected,1,290,,Mary Bennet,Mr. Wickham
897.0,1717.0,Undirected,1,290,,Mrs. Bennet,Mrs. Philips
896.0,32.0,Undirected,1,290,,Mr. Bennet,Gardiner children
902.0,903.0,Undirected,1,290,,Lady Lucas,Elizabeth Bennet
902.0,1750.0,Undirected,1,290,,Lady Lucas,Mr. Wickham
898.0,32.0,Undirected,1,290,,Mrs. Long,Gardiner children
897.0,906.0,Undirected,1,290,,Mrs. Bennet,Mary Bennet
896.0,907.0,Undirected,1,290,,Mr. Bennet,Kitty Bennet
898.0,1771.0,Undirected,1,290,,Mrs. Long,Mrs. Hill
1750.0,1757.0,Undirected,1,290,,Mr. Wickham,Mrs. Gardiner
903.0,1756.0,Undirected,1,290,,Elizabeth Bennet,Mr. Gardiner
904.0,906.0,Undirected,1,290,,Jane Bennet,Mary Bennet
905.0,1756.0,Undirected,1,290,,Lydia Bennet,Mr. Gardiner
896.0,905.0,Undirected,1,290,,Mr. Bennet,Lydia Bennet
32.0,907.0,Undirected,1,290,,Gardiner children,Kitty Bennet
906.0,907.0,Undirected,1,290,,Mary Bennet,Kitty Bennet
905.0,1717.0,Undirected,1,290,,Lydia Bennet,Mrs. Philips
902.0,907.0,Undirected,1,290,,Lady Lucas,Kitty Bennet
32.0,1771.0,Undirected,1,290,,Gardiner children,Mrs. Hill
896.0,1717.0,Undirected,1,290,,Mr. Bennet,Mrs. Philips
896.0,903.0,Undirected,1,290,,Mr. Bennet,Elizabeth Bennet
898.0,1717.0,Undirected,1,290,,Mrs. Long,Mrs. Philips
897.0,904.0,Undirected,1,290,,Mrs. Bennet,Jane Bennet
898.0,906.0,Undirected,1,290,,Mrs. Long,Mary Bennet
907.0,1717.0,Undirected,1,290,,Kitty Bennet,Mrs. Philips
897.0,1756.0,Undirected,1,290,,Mrs. Bennet,Mr. Gardiner
907.0,1757.0,Undirected,1,290,,Kitty Bennet,Mrs. Gardiner
896.0,1757.0,Undirected,1,290,,Mr. Bennet,Mrs. Gardiner
902.0,1771.0,Undirected,1,290,,Lady Lucas,Mrs. Hill
904.0,1750.0,Undirected,1,290,,Jane Bennet,Mr. Wickham
902.0,905.0,Undirected,1,290,,Lady Lucas,Lydia Bennet
896.0,906.0,Undirected,1,290,,Mr. Bennet,Mary Bennet
896.0,897.0,Undirected,1,290,,Mr. Bennet,Mrs. Bennet
32.0,1756.0,Undirected,1,290,,Gardiner children,Mr. Gardiner
904.0,1756.0,Undirected,1,290,,Jane Bennet,Mr. Gardiner
1771.0,1717.0,Undirected,1,290,,Mrs. Hill,Mrs. Philips
903.0,1757.0,Undirected,1,290,,Elizabeth Bennet,Mrs. Gardiner
898.0,904.0,Undirected,1,290,,Mrs. Long,Jane Bennet
897.0,903.0,Undirected,1,290,,Mrs. Bennet,Elizabeth Bennet
896.0,904.0,Undirected,1,290,,Mr. Bennet,Jane Bennet
905.0,907.0,Undirected,1,290,,Lydia Bennet,Kitty Bennet
896.0,898.0,Undirected,1,290,,Mr. Bennet,Mrs. Long
32.0,1757.0,Undirected,1,290,,Gardiner children,Mrs. Gardiner
906.0,1757.0,Undirected,1,290,,Mary Bennet,Mrs. Gardiner
904.0,907.0,Undirected,1,290,,Jane Bennet,Kitty Bennet
897.0,1750.0,Undirected,1,290,,Mrs. Bennet,Mr. Wickham
897.0,902.0,Undirected,1,290,,Mrs. Bennet,Lady Lucas
903.0,907.0,Undirected,1,290,,Elizabeth Bennet,Kitty Bennet
905.0,1771.0,Undirected,1,290,,Lydia Bennet,Mrs. Hill
907.0,1750.0,Undirected,1,290,,Kitty Bennet,Mr. Wickham
896.0,1750.0,Undirected,1,290,,Mr. Bennet,Mr. Wickham
898.0,903.0,Undirected,1,290,,Mrs. Long,Elizabeth Bennet
903.0,1771.0,Undirected,1,290,,Elizabeth Bennet,Mrs. Hill
898.0,1757.0,Undirected,1,290,,Mrs. Long,Mrs. Gardiner
32.0,904.0,Undirected,1,290,,Gardiner children,Jane Bennet
1717.0,1757.0,Undirected,1,290,,Mrs. Philips,Mrs. Gardiner
903.0,905.0,Undirected,1,290,,Elizabeth Bennet,Lydia Bennet
898.0,902.0,Undirected,1,290,,Mrs. Long,Lady Lucas
1717.0,1750.0,Undirected,1,290,,Mrs. Philips,Mr. Wickham
904.0,905.0,Undirected,1,290,,Jane Bennet,Lydia Bennet
905.0,906.0,Undirected,1,290,,Lydia Bennet,Mary Bennet
1771.0,1750.0,Undirected,1,290,,Mrs. Hill,Mr. Wickham
896.0,902.0,Undirected,1,290,,Mr. Bennet,Lady Lucas
898.0,1750.0,Undirected,1,290,,Mrs. Long,Mr. Wickham
898.0,905.0,Undirected,1,290,,Mrs. Long,Lydia Bennet
896.0,1771.0,Undirected,1,290,,Mr. Bennet,Mrs. Hill
902.0,1757.0,Undirected,1,290,,Lady Lucas,Mrs. Gardiner
905.0,1750.0,Undirected,1,290,,Lydia Bennet,Mr. Wickham
897.0,907.0,Undirected,1,290,,Mrs. Bennet,Kitty Bennet
1771.0,907.0,Undirected,1,290,,Mrs. Hill,Kitty Bennet
897.0,898.0,Undirected,1,290,,Mrs. Bennet,Mrs. Long
1750.0,1756.0,Undirected,1,290,,Mr. Wickham,Mr. Gardiner
904.0,1717.0,Undirected,1,290,,Jane Bennet,Mrs. Philips
32.0,1717.0,Undirected,1,290,,Gardiner children,Mrs. Philips
903.0,906.0,Undirected,1,290,,Elizabeth Bennet,Mary Bennet
904.0,1771.0,Undirected,1,290,,Jane Bennet,Mrs. Hill
906.0,1756.0,Undirected,1,290,,Mary Bennet,Mr. Gardiner
902.0,904.0,Undirected,1,290,,Lady Lucas,Jane Bennet
903.0,1750.0,Undirected,1,290,,Elizabeth Bennet,Mr. Wickham
32.0,1750.0,Undirected,1,290,,Gardiner children,Mr. Wickham
1771.0,1756.0,Undirected,1,290,,Mrs. Hill,Mr. Gardiner
897.0,1771.0,Undirected,1,290,,Mrs. Bennet,Mrs. Hill
905.0,1757.0,Undirected,1,290,,Lydia Bennet,Mrs. Gardiner
897.0,905.0,Undirected,1,290,,Mrs. Bennet,Lydia Bennet
32.0,906.0,Undirected,1,290,,Gardiner children,Mary Bennet
1756.0,1757.0,Undirected,1,290,,Mr. Gardiner,Mrs. Gardiner
897.0,32.0,Undirected,1,290,,Mrs. Bennet,Gardiner children
1717.0,1756.0,Undirected,1,290,,Mrs. Philips,Mr. Gardiner
904.0,1757.0,Undirected,1,290,,Jane Bennet,Mrs. Gardiner
32.0,903.0,Undirected,1,290,,Gardiner children,Elizabeth Bennet
898.0,1756.0,Undirected,1,290,,Mrs. Long,Mr. Gardiner
903.0,904.0,Undirected,1,290,,Elizabeth Bennet,Jane Bennet
902.0,906.0,Undirected,1,290,,Lady Lucas,Mary Bennet
902.0,1717.0,Undirected,1,290,,Lady Lucas,Mrs. Philips
897.0,1757.0,Undirected,1,290,,Mrs. Bennet,Mrs. Gardiner
1771.0,1757.0,Undirected,1,290,,Mrs. Hill,Mrs. Gardiner
906.0,1717.0,Undirected,1,290,,Mary Bennet,Mrs. Philips
902.0,1756.0,Undirected,1,290,,Lady Lucas,Mr. Gardiner
905.0,903.0,Undirected,1,291,,Lydia Bennet,Elizabeth Bennet
904.0,1756.0,Undirected,1,292,,Jane Bennet,Mr. Gardiner
896.0,905.0,Undirected,1,292,,Mr. Bennet,Lydia Bennet
896.0,1750.0,Undirected,1,292,,Mr. Bennet,Mr. Wickham
896.0,1756.0,Undirected,1,292,,Mr. Bennet,Mr. Gardiner
897.0,907.0,Undirected,1,292,,Mrs. Bennet,Kitty Bennet
896.0,906.0,Undirected,1,292,,Mr. Bennet,Mary Bennet
904.0,906.0,Undirected,1,292,,Jane Bennet,Mary Bennet
903.0,906.0,Undirected,1,292,,Elizabeth Bennet,Mary Bennet
905.0,907.0,Undirected,1,292,,Lydia Bennet,Kitty Bennet
896.0,904.0,Undirected,1,292,,Mr. Bennet,Jane Bennet
905.0,1756.0,Undirected,1,292,,Lydia Bennet,Mr. Gardiner
903.0,1756.0,Undirected,1,292,,Elizabeth Bennet,Mr. Gardiner
906.0,1750.0,Undirected,1,292,,Mary Bennet,Mr. Wickham
896.0,907.0,Undirected,1,292,,Mr. Bennet,Kitty Bennet
897.0,903.0,Undirected,1,292,,Mrs. Bennet,Elizabeth Bennet
897.0,1750.0,Undirected,1,292,,Mrs. Bennet,Mr. Wickham
904.0,905.0,Undirected,1,292,,Jane Bennet,Lydia Bennet
904.0,907.0,Undirected,1,292,,Jane Bennet,Kitty Bennet
903.0,1750.0,Undirected,1,292,,Elizabeth Bennet,Mr. Wickham
905.0,1750.0,Undirected,1,292,,Lydia Bennet,Mr. Wickham
897.0,1756.0,Undirected,1,292,,Mrs. Bennet,Mr. Gardiner
904.0,1750.0,Undirected,1,292,,Jane Bennet,Mr. Wickham
903.0,904.0,Undirected,1,292,,Elizabeth Bennet,Jane Bennet
896.0,897.0,Undirected,1,292,,Mr. Bennet,Mrs. Bennet
907.0,1756.0,Undirected,1,292,,Kitty Bennet,Mr. Gardiner
907.0,1750.0,Undirected,1,292,,Kitty Bennet,Mr. Wickham
897.0,905.0,Undirected,1,292,,Mrs. Bennet,Lydia Bennet
897.0,906.0,Undirected,1,292,,Mrs. Bennet,Mary Bennet
906.0,1756.0,Undirected,1,292,,Mary Bennet,Mr. Gardiner
905.0,906.0,Undirected,1,292,,Lydia Bennet,Mary Bennet
903.0,907.0,Undirected,1,292,,Elizabeth Bennet,Kitty Bennet
896.0,903.0,Undirected,1,292,,Mr. Bennet,Elizabeth Bennet
1750.0,1756.0,Undirected,1,292,,Mr. Wickham,Mr. Gardiner
906.0,907.0,Undirected,1,292,,Mary Bennet,Kitty Bennet
897.0,904.0,Undirected,1,292,,Mrs. Bennet,Jane Bennet
903.0,905.0,Undirected,1,292,,Elizabeth Bennet,Lydia Bennet
896.0,905.0,Undirected,1,293,,Mr. Bennet,Lydia Bennet
897.0,1756.0,Undirected,1,293,,Mrs. Bennet,Mr. Gardiner
1750.0,1756.0,Undirected,1,293,,Mr. Wickham,Mr. Gardiner
897.0,1750.0,Undirected,1,293,,Mrs. Bennet,Mr. Wickham
905.0,1750.0,Undirected,1,293,,Lydia Bennet,Mr. Wickham
896.0,1750.0,Undirected,1,293,,Mr. Bennet,Mr. Wickham
896.0,897.0,Undirected,1,293,,Mr. Bennet,Mrs. Bennet
897.0,905.0,Undirected,1,293,,Mrs. Bennet,Lydia Bennet
905.0,1756.0,Undirected,1,293,,Lydia Bennet,Mr. Gardiner
896.0,1756.0,Undirected,1,293,,Mr. Bennet,Mr. Gardiner
905.0,1750.0,Undirected,1,294,,Lydia Bennet,Mr. Wickham
1712.0,1750.0,Undirected,1,294,,Mr. Darcy,Mr. Wickham
905.0,1712.0,Undirected,1,294,,Lydia Bennet,Mr. Darcy
896.0,1750.0,Undirected,1,294,,Mr. Bennet,Mr. Wickham
897.0,1712.0,Undirected,1,294,,Mrs. Bennet,Mr. Darcy
904.0,905.0,Undirected,1,294,,Jane Bennet,Lydia Bennet
897.0,904.0,Undirected,1,294,,Mrs. Bennet,Jane Bennet
896.0,905.0,Undirected,1,294,,Mr. Bennet,Lydia Bennet
75.0,1750.0,Undirected,1,294,,Mr. Goulding,Mr. Wickham
903.0,1712.0,Undirected,1,294,,Elizabeth Bennet,Mr. Darcy
903.0,905.0,Undirected,1,294,,Elizabeth Bennet,Lydia Bennet
897.0,1750.0,Undirected,1,294,,Mrs. Bennet,Mr. Wickham
896.0,903.0,Undirected,1,294,,Mr. Bennet,Elizabeth Bennet
897.0,905.0,Undirected,1,294,,Mrs. Bennet,Lydia Bennet
897.0,903.0,Undirected,1,294,,Mrs. Bennet,Elizabeth Bennet
896.0,904.0,Undirected,1,294,,Mr. Bennet,Jane Bennet
896.0,1712.0,Undirected,1,294,,Mr. Bennet,Mr. Darcy
897.0,75.0,Undirected,1,294,,Mrs. Bennet,Mr. Goulding
904.0,75.0,Undirected,1,294,,Jane Bennet,Mr. Goulding
903.0,904.0,Undirected,1,294,,Elizabeth Bennet,Jane Bennet
896.0,897.0,Undirected,1,294,,Mr. Bennet,Mrs. Bennet
75.0,1712.0,Undirected,1,294,,Mr. Goulding,Mr. Darcy
904.0,1750.0,Undirected,1,294,,Jane Bennet,Mr. Wickham
896.0,75.0,Undirected,1,294,,Mr. Bennet,Mr. Goulding
903.0,75.0,Undirected,1,294,,Elizabeth Bennet,Mr. Goulding
904.0,1712.0,Undirected,1,294,,Jane Bennet,Mr. Darcy
903.0,1750.0,Undirected,1,294,,Elizabeth Bennet,Mr. Wickham
905.0,75.0,Undirected,1,294,,Lydia Bennet,Mr. Goulding
1712.0,905.0,Undirected,1,295,,Mr. Darcy,Lydia Bennet
1712.0,903.0,Undirected,1,295,,Mr. Darcy,Elizabeth Bennet
905.0,903.0,Undirected,1,295,,Lydia Bennet,Elizabeth Bennet
896.0,903.0,Undirected,1,296,,Mr. Bennet,Elizabeth Bennet
77.0,1712.0,Undirected,1,296,,Mr. Wickham's creditors,Mr. Darcy
76.0,1750.0,Undirected,1,296,,General ---,Mr. Wickham
77.0,1756.0,Undirected,1,296,,Mr. Wickham's creditors,Mr. Gardiner
77.0,1750.0,Undirected,1,296,,Mr. Wickham's creditors,Mr. Wickham
896.0,1712.0,Undirected,1,296,,Mr. Bennet,Mr. Darcy
76.0,77.0,Undirected,1,296,,General ---,Mr. Wickham's creditors
896.0,905.0,Undirected,1,296,,Mr. Bennet,Lydia Bennet
903.0,76.0,Undirected,1,296,,Elizabeth Bennet,General ---
903.0,77.0,Undirected,1,296,,Elizabeth Bennet,Mr. Wickham's creditors
77.0,1748.0,Undirected,1,296,,Mr. Wickham's creditors,Colonel Forster
905.0,1750.0,Undirected,1,296,,Lydia Bennet,Mr. Wickham
1748.0,1750.0,Undirected,1,296,,Colonel Forster,Mr. Wickham
905.0,76.0,Undirected,1,296,,Lydia Bennet,General ---
903.0,1748.0,Undirected,1,296,,Elizabeth Bennet,Colonel Forster
896.0,77.0,Undirected,1,296,,Mr. Bennet,Mr. Wickham's creditors
1712.0,1750.0,Undirected,1,296,,Mr. Darcy,Mr. Wickham
905.0,1712.0,Undirected,1,296,,Lydia Bennet,Mr. Darcy
1712.0,1756.0,Undirected,1,296,,Mr. Darcy,Mr. Gardiner
896.0,1756.0,Undirected,1,296,,Mr. Bennet,Mr. Gardiner
903.0,905.0,Undirected,1,296,,Elizabeth Bennet,Lydia Bennet
896.0,1750.0,Undirected,1,296,,Mr. Bennet,Mr. Wickham
1750.0,1756.0,Undirected,1,296,,Mr. Wickham,Mr. Gardiner
76.0,1712.0,Undirected,1,296,,General ---,Mr. Darcy
1748.0,1756.0,Undirected,1,296,,Colonel Forster,Mr. Gardiner
903.0,1750.0,Undirected,1,296,,Elizabeth Bennet,Mr. Wickham
905.0,1756.0,Undirected,1,296,,Lydia Bennet,Mr. Gardiner
1712.0,1748.0,Undirected,1,296,,Mr. Darcy,Colonel Forster
905.0,1748.0,Undirected,1,296,,Lydia Bennet,Colonel Forster
76.0,1756.0,Undirected,1,296,,General ---,Mr. Gardiner
896.0,1748.0,Undirected,1,296,,Mr. Bennet,Colonel Forster
903.0,1712.0,Undirected,1,296,,Elizabeth Bennet,Mr. Darcy
76.0,1748.0,Undirected,1,296,,General ---,Colonel Forster
905.0,77.0,Undirected,1,296,,Lydia Bennet,Mr. Wickham's creditors
896.0,76.0,Undirected,1,296,,Mr. Bennet,General ---
903.0,1756.0,Undirected,1,296,,Elizabeth Bennet,Mr. Gardiner
906.0,1750.0,Undirected,1,297,,Mary Bennet,Mr. Wickham
904.0,1756.0,Undirected,1,297,,Jane Bennet,Mr. Gardiner
903.0,76.0,Undirected,1,297,,Elizabeth Bennet,General ---
897.0,1750.0,Undirected,1,297,,Mrs. Bennet,Mr. Wickham
897.0,905.0,Undirected,1,297,,Mrs. Bennet,Lydia Bennet
896.0,906.0,Undirected,1,297,,Mr. Bennet,Mary Bennet
903.0,1749.0,Undirected,1,297,,Elizabeth Bennet,Mrs. Forster
905.0,906.0,Undirected,1,297,,Lydia Bennet,Mary Bennet
904.0,906.0,Undirected,1,297,,Jane Bennet,Mary Bennet
903.0,904.0,Undirected,1,297,,Elizabeth Bennet,Jane Bennet
76.0,1757.0,Undirected,1,297,,General ---,Mrs. Gardiner
905.0,1756.0,Undirected,1,297,,Lydia Bennet,Mr. Gardiner
897.0,1749.0,Undirected,1,297,,Mrs. Bennet,Mrs. Forster
896.0,1756.0,Undirected,1,297,,Mr. Bennet,Mr. Gardiner
906.0,907.0,Undirected,1,297,,Mary Bennet,Kitty Bennet
906.0,1749.0,Undirected,1,297,,Mary Bennet,Mrs. Forster
897.0,1757.0,Undirected,1,297,,Mrs. Bennet,Mrs. Gardiner
897.0,76.0,Undirected,1,297,,Mrs. Bennet,General ---
907.0,1757.0,Undirected,1,297,,Kitty Bennet,Mrs. Gardiner
897.0,906.0,Undirected,1,297,,Mrs. Bennet,Mary Bennet
896.0,905.0,Undirected,1,297,,Mr. Bennet,Lydia Bennet
896.0,1750.0,Undirected,1,297,,Mr. Bennet,Mr. Wickham
903.0,906.0,Undirected,1,297,,Elizabeth Bennet,Mary Bennet
904.0,905.0,Undirected,1,297,,Jane Bennet,Lydia Bennet
897.0,907.0,Undirected,1,297,,Mrs. Bennet,Kitty Bennet
905.0,1750.0,Undirected,1,297,,Lydia Bennet,Mr. Wickham
1749.0,1750.0,Undirected,1,297,,Mrs. Forster,Mr. Wickham
904.0,1750.0,Undirected,1,297,,Jane Bennet,Mr. Wickham
903.0,1750.0,Undirected,1,297,,Elizabeth Bennet,Mr. Wickham
896.0,897.0,Undirected,1,297,,Mr. Bennet,Mrs. Bennet
896.0,904.0,Undirected,1,297,,Mr. Bennet,Jane Bennet
904.0,907.0,Undirected,1,297,,Jane Bennet,Kitty Bennet
1749.0,1756.0,Undirected,1,297,,Mrs. Forster,Mr. Gardiner
1750.0,1756.0,Undirected,1,297,,Mr. Wickham,Mr. Gardiner
1749.0,1757.0,Undirected,1,297,,Mrs. Forster,Mrs. Gardiner
903.0,1757.0,Undirected,1,297,,Elizabeth Bennet,Mrs. Gardiner
905.0,1749.0,Undirected,1,297,,Lydia Bennet,Mrs. Forster
896.0,1749.0,Undirected,1,297,,Mr. Bennet,Mrs. Forster
76.0,1749.0,Undirected,1,297,,General ---,Mrs. Forster
1750.0,1757.0,Undirected,1,297,,Mr. Wickham,Mrs. Gardiner
76.0,1756.0,Undirected,1,297,,General ---,Mr. Gardiner
76.0,1750.0,Undirected,1,297,,General ---,Mr. Wickham
903.0,1756.0,Undirected,1,297,,Elizabeth Bennet,Mr. Gardiner
903.0,905.0,Undirected,1,297,,Elizabeth Bennet,Lydia Bennet
907.0,1756.0,Undirected,1,297,,Kitty Bennet,Mr. Gardiner
907.0,1750.0,Undirected,1,297,,Kitty Bennet,Mr. Wickham
897.0,1756.0,Undirected,1,297,,Mrs. Bennet,Mr. Gardiner
896.0,76.0,Undirected,1,297,,Mr. Bennet,General ---
897.0,904.0,Undirected,1,297,,Mrs. Bennet,Jane Bennet
1756.0,1757.0,Undirected,1,297,,Mr. Gardiner,Mrs. Gardiner
896.0,903.0,Undirected,1,297,,Mr. Bennet,Elizabeth Bennet
905.0,1757.0,Undirected,1,297,,Lydia Bennet,Mrs. Gardiner
905.0,76.0,Undirected,1,297,,Lydia Bennet,General ---
906.0,1757.0,Undirected,1,297,,Mary Bennet,Mrs. Gardiner
906.0,76.0,Undirected,1,297,,Mary Bennet,General ---
896.0,1757.0,Undirected,1,297,,Mr. Bennet,Mrs. Gardiner
903.0,907.0,Undirected,1,297,,Elizabeth Bennet,Kitty Bennet
904.0,1757.0,Undirected,1,297,,Jane Bennet,Mrs. Gardiner
904.0,76.0,Undirected,1,297,,Jane Bennet,General ---
907.0,76.0,Undirected,1,297,,Kitty Bennet,General ---
907.0,1749.0,Undirected,1,297,,Kitty Bennet,Mrs. Forster
904.0,1749.0,Undirected,1,297,,Jane Bennet,Mrs. Forster
897.0,903.0,Undirected,1,297,,Mrs. Bennet,Elizabeth Bennet
896.0,907.0,Undirected,1,297,,Mr. Bennet,Kitty Bennet
906.0,1756.0,Undirected,1,297,,Mary Bennet,Mr. Gardiner
905.0,907.0,Undirected,1,297,,Lydia Bennet,Kitty Bennet
904.0,1750.0,Undirected,1,298,,Jane Bennet,Mr. Wickham
904.0,905.0,Undirected,1,298,,Jane Bennet,Lydia Bennet
896.0,903.0,Undirected,1,298,,Mr. Bennet,Elizabeth Bennet
897.0,905.0,Undirected,1,298,,Mrs. Bennet,Lydia Bennet
907.0,1750.0,Undirected,1,298,,Kitty Bennet,Mr. Wickham
903.0,907.0,Undirected,1,298,,Elizabeth Bennet,Kitty Bennet
905.0,907.0,Undirected,1,298,,Lydia Bennet,Kitty Bennet
904.0,907.0,Undirected,1,298,,Jane Bennet,Kitty Bennet
896.0,904.0,Undirected,1,298,,Mr. Bennet,Jane Bennet
897.0,903.0,Undirected,1,298,,Mrs. Bennet,Elizabeth Bennet
896.0,907.0,Undirected,1,298,,Mr. Bennet,Kitty Bennet
903.0,1750.0,Undirected,1,298,,Elizabeth Bennet,Mr. Wickham
906.0,907.0,Undirected,1,298,,Mary Bennet,Kitty Bennet
897.0,904.0,Undirected,1,298,,Mrs. Bennet,Jane Bennet
896.0,906.0,Undirected,1,298,,Mr. Bennet,Mary Bennet
905.0,906.0,Undirected,1,298,,Lydia Bennet,Mary Bennet
904.0,906.0,Undirected,1,298,,Jane Bennet,Mary Bennet
903.0,904.0,Undirected,1,298,,Elizabeth Bennet,Jane Bennet
896.0,897.0,Undirected,1,298,,Mr. Bennet,Mrs. Bennet
906.0,1750.0,Undirected,1,298,,Mary Bennet,Mr. Wickham
897.0,1750.0,Undirected,1,298,,Mrs. Bennet,Mr. Wickham
903.0,905.0,Undirected,1,298,,Elizabeth Bennet,Lydia Bennet
896.0,1750.0,Undirected,1,298,,Mr. Bennet,Mr. Wickham
896.0,905.0,Undirected,1,298,,Mr. Bennet,Lydia Bennet
897.0,906.0,Undirected,1,298,,Mrs. Bennet,Mary Bennet
903.0,906.0,Undirected,1,298,,Elizabeth Bennet,Mary Bennet
905.0,1750.0,Undirected,1,298,,Lydia Bennet,Mr. Wickham
897.0,907.0,Undirected,1,298,,Mrs. Bennet,Kitty Bennet
897.0,906.0,Undirected,1,299,,Mrs. Bennet,Mary Bennet
897.0,75.0,Undirected,1,299,,Mrs. Bennet,Mr. Goulding
904.0,75.0,Undirected,1,299,,Jane Bennet,Mr. Goulding
904.0,1750.0,Undirected,1,299,,Jane Bennet,Mr. Wickham
897.0,903.0,Undirected,1,299,,Mrs. Bennet,Elizabeth Bennet
896.0,907.0,Undirected,1,299,,Mr. Bennet,Kitty Bennet
897.0,904.0,Undirected,1,299,,Mrs. Bennet,Jane Bennet
906.0,907.0,Undirected,1,299,,Mary Bennet,Kitty Bennet
903.0,1750.0,Undirected,1,299,,Elizabeth Bennet,Mr. Wickham
903.0,75.0,Undirected,1,299,,Elizabeth Bennet,Mr. Goulding
896.0,905.0,Undirected,1,299,,Mr. Bennet,Lydia Bennet
896.0,1750.0,Undirected,1,299,,Mr. Bennet,Mr. Wickham
903.0,907.0,Undirected,1,299,,Elizabeth Bennet,Kitty Bennet
903.0,904.0,Undirected,1,299,,Elizabeth Bennet,Jane Bennet
904.0,906.0,Undirected,1,299,,Jane Bennet,Mary Bennet
896.0,75.0,Undirected,1,299,,Mr. Bennet,Mr. Goulding
75.0,1750.0,Undirected,1,299,,Mr. Goulding,Mr. Wickham
907.0,1750.0,Undirected,1,299,,Kitty Bennet,Mr. Wickham
905.0,75.0,Undirected,1,299,,Lydia Bennet,Mr. Goulding
905.0,907.0,Undirected,1,299,,Lydia Bennet,Kitty Bennet
896.0,903.0,Undirected,1,299,,Mr. Bennet,Elizabeth Bennet
896.0,904.0,Undirected,1,299,,Mr. Bennet,Jane Bennet
904.0,905.0,Undirected,1,299,,Jane Bennet,Lydia Bennet
903.0,906.0,Undirected,1,299,,Elizabeth Bennet,Mary Bennet
897.0,1750.0,Undirected,1,299,,Mrs. Bennet,Mr. Wickham
897.0,905.0,Undirected,1,299,,Mrs. Bennet,Lydia Bennet
897.0,907.0,Undirected,1,299,,Mrs. Bennet,Kitty Bennet
905.0,1750.0,Undirected,1,299,,Lydia Bennet,Mr. Wickham
905.0,906.0,Undirected,1,299,,Lydia Bennet,Mary Bennet
896.0,906.0,Undirected,1,299,,Mr. Bennet,Mary Bennet
906.0,75.0,Undirected,1,299,,Mary Bennet,Mr. Goulding
896.0,897.0,Undirected,1,299,,Mr. Bennet,Mrs. Bennet
906.0,1750.0,Undirected,1,299,,Mary Bennet,Mr. Wickham
75.0,907.0,Undirected,1,299,,Mr. Goulding,Kitty Bennet
903.0,905.0,Undirected,1,299,,Elizabeth Bennet,Lydia Bennet
904.0,907.0,Undirected,1,299,,Jane Bennet,Kitty Bennet
904.0,906.0,Undirected,1,300,,Jane Bennet,Mary Bennet
903.0,904.0,Undirected,1,300,,Elizabeth Bennet,Jane Bennet
906.0,1717.0,Undirected,1,300,,Mary Bennet,Mrs. Philips
897.0,903.0,Undirected,1,300,,Mrs. Bennet,Elizabeth Bennet
903.0,906.0,Undirected,1,300,,Elizabeth Bennet,Mary Bennet
897.0,1750.0,Undirected,1,300,,Mrs. Bennet,Mr. Wickham
896.0,903.0,Undirected,1,300,,Mr. Bennet,Elizabeth Bennet
897.0,905.0,Undirected,1,300,,Mrs. Bennet,Lydia Bennet
904.0,1771.0,Undirected,1,300,,Jane Bennet,Mrs. Hill
907.0,1715.0,Undirected,1,300,,Kitty Bennet,Charlotte Lucas
906.0,1750.0,Undirected,1,300,,Mary Bennet,Mr. Wickham
896.0,1715.0,Undirected,1,300,,Mr. Bennet,Charlotte Lucas
897.0,1717.0,Undirected,1,300,,Mrs. Bennet,Mrs. Philips
905.0,1715.0,Undirected,1,300,,Lydia Bennet,Charlotte Lucas
904.0,1717.0,Undirected,1,300,,Jane Bennet,Mrs. Philips
903.0,1715.0,Undirected,1,300,,Elizabeth Bennet,Charlotte Lucas
896.0,1717.0,Undirected,1,300,,Mr. Bennet,Mrs. Philips
896.0,1771.0,Undirected,1,300,,Mr. Bennet,Mrs. Hill
907.0,1771.0,Undirected,1,300,,Kitty Bennet,Mrs. Hill
1717.0,1750.0,Undirected,1,300,,Mrs. Philips,Mr. Wickham
904.0,1715.0,Undirected,1,300,,Jane Bennet,Charlotte Lucas
903.0,1771.0,Undirected,1,300,,Elizabeth Bennet,Mrs. Hill
907.0,1717.0,Undirected,1,300,,Kitty Bennet,Mrs. Philips
897.0,904.0,Undirected,1,300,,Mrs. Bennet,Jane Bennet
896.0,907.0,Undirected,1,300,,Mr. Bennet,Kitty Bennet
897.0,906.0,Undirected,1,300,,Mrs. Bennet,Mary Bennet
1771.0,1750.0,Undirected,1,300,,Mrs. Hill,Mr. Wickham
896.0,906.0,Undirected,1,300,,Mr. Bennet,Mary Bennet
897.0,1715.0,Undirected,1,300,,Mrs. Bennet,Charlotte Lucas
907.0,1750.0,Undirected,1,300,,Kitty Bennet,Mr. Wickham
905.0,906.0,Undirected,1,300,,Lydia Bennet,Mary Bennet
896.0,897.0,Undirected,1,300,,Mr. Bennet,Mrs. Bennet
906.0,1771.0,Undirected,1,300,,Mary Bennet,Mrs. Hill
903.0,1717.0,Undirected,1,300,,Elizabeth Bennet,Mrs. Philips
896.0,904.0,Undirected,1,300,,Mr. Bennet,Jane Bennet
905.0,907.0,Undirected,1,300,,Lydia Bennet,Kitty Bennet
896.0,905.0,Undirected,1,300,,Mr. Bennet,Lydia Bennet
896.0,1750.0,Undirected,1,300,,Mr. Bennet,Mr. Wickham
906.0,907.0,Undirected,1,300,,Mary Bennet,Kitty Bennet
905.0,1717.0,Undirected,1,300,,Lydia Bennet,Mrs. Philips
1715.0,1717.0,Undirected,1,300,,Charlotte Lucas,Mrs. Philips
903.0,907.0,Undirected,1,300,,Elizabeth Bennet,Kitty Bennet
904.0,907.0,Undirected,1,300,,Jane Bennet,Kitty Bennet
897.0,1771.0,Undirected,1,300,,Mrs. Bennet,Mrs. Hill
903.0,1750.0,Undirected,1,300,,Elizabeth Bennet,Mr. Wickham
903.0,905.0,Undirected,1,300,,Elizabeth Bennet,Lydia Bennet
905.0,1750.0,Undirected,1,300,,Lydia Bennet,Mr. Wickham
897.0,907.0,Undirected,1,300,,Mrs. Bennet,Kitty Bennet
906.0,1715.0,Undirected,1,300,,Mary Bennet,Charlotte Lucas
1771.0,1717.0,Undirected,1,300,,Mrs. Hill,Mrs. Philips
1771.0,1715.0,Undirected,1,300,,Mrs. Hill,Charlotte Lucas
905.0,1771.0,Undirected,1,300,,Lydia Bennet,Mrs. Hill
1715.0,1750.0,Undirected,1,300,,Charlotte Lucas,Mr. Wickham
904.0,1750.0,Undirected,1,300,,Jane Bennet,Mr. Wickham
904.0,905.0,Undirected,1,300,,Jane Bennet,Lydia Bennet
897.0,905.0,Undirected,1,301,,Mrs. Bennet,Lydia Bennet
905.0,1757.0,Undirected,1,301,,Lydia Bennet,Mrs. Gardiner
903.0,1750.0,Undirected,1,301,,Elizabeth Bennet,Mr. Wickham
897.0,904.0,Undirected,1,301,,Mrs. Bennet,Jane Bennet
903.0,1756.0,Undirected,1,301,,Elizabeth Bennet,Mr. Gardiner
1750.0,1757.0,Undirected,1,301,,Mr. Wickham,Mrs. Gardiner
1756.0,1757.0,Undirected,1,301,,Mr. Gardiner,Mrs. Gardiner
897.0,1756.0,Undirected,1,301,,Mrs. Bennet,Mr. Gardiner
897.0,903.0,Undirected,1,301,,Mrs. Bennet,Elizabeth Bennet
1750.0,1756.0,Undirected,1,301,,Mr. Wickham,Mr. Gardiner
904.0,1757.0,Undirected,1,301,,Jane Bennet,Mrs. Gardiner
903.0,904.0,Undirected,1,301,,Elizabeth Bennet,Jane Bennet
904.0,1756.0,Undirected,1,301,,Jane Bennet,Mr. Gardiner
905.0,1750.0,Undirected,1,301,,Lydia Bennet,Mr. Wickham
903.0,905.0,Undirected,1,301,,Elizabeth Bennet,Lydia Bennet
904.0,905.0,Undirected,1,301,,Jane Bennet,Lydia Bennet
897.0,1757.0,Undirected,1,301,,Mrs. Bennet,Mrs. Gardiner
903.0,1757.0,Undirected,1,301,,Elizabeth Bennet,Mrs. Gardiner
904.0,1750.0,Undirected,1,301,,Jane Bennet,Mr. Wickham
897.0,1750.0,Undirected,1,301,,Mrs. Bennet,Mr. Wickham
905.0,1756.0,Undirected,1,301,,Lydia Bennet,Mr. Gardiner
1750.0,1757.0,Undirected,1,302,,Mr. Wickham,Mrs. Gardiner
903.0,78.0,Undirected,1,302,,Elizabeth Bennet,Mr. Stone
1712.0,1756.0,Undirected,1,302,,Mr. Darcy,Mr. Gardiner
903.0,1757.0,Undirected,1,302,,Elizabeth Bennet,Mrs. Gardiner
78.0,1757.0,Undirected,1,302,,Mr. Stone,Mrs. Gardiner
904.0,1712.0,Undirected,1,302,,Jane Bennet,Mr. Darcy
905.0,1750.0,Undirected,1,302,,Lydia Bennet,Mr. Wickham
904.0,78.0,Undirected,1,302,,Jane Bennet,Mr. Stone
903.0,905.0,Undirected,1,302,,Elizabeth Bennet,Lydia Bennet
905.0,78.0,Undirected,1,302,,Lydia Bennet,Mr. Stone
78.0,1756.0,Undirected,1,302,,Mr. Stone,Mr. Gardiner
905.0,1757.0,Undirected,1,302,,Lydia Bennet,Mrs. Gardiner
78.0,1750.0,Undirected,1,302,,Mr. Stone,Mr. Wickham
904.0,1757.0,Undirected,1,302,,Jane Bennet,Mrs. Gardiner
903.0,904.0,Undirected,1,302,,Elizabeth Bennet,Jane Bennet
1756.0,1757.0,Undirected,1,302,,Mr. Gardiner,Mrs. Gardiner
904.0,1756.0,Undirected,1,302,,Jane Bennet,Mr. Gardiner
1712.0,1757.0,Undirected,1,302,,Mr. Darcy,Mrs. Gardiner
904.0,905.0,Undirected,1,302,,Jane Bennet,Lydia Bennet
905.0,1712.0,Undirected,1,302,,Lydia Bennet,Mr. Darcy
904.0,1750.0,Undirected,1,302,,Jane Bennet,Mr. Wickham
78.0,1712.0,Undirected,1,302,,Mr. Stone,Mr. Darcy
903.0,1712.0,Undirected,1,302,,Elizabeth Bennet,Mr. Darcy
1712.0,1750.0,Undirected,1,302,,Mr. Darcy,Mr. Wickham
1750.0,1756.0,Undirected,1,302,,Mr. Wickham,Mr. Gardiner
903.0,1756.0,Undirected,1,302,,Elizabeth Bennet,Mr. Gardiner
905.0,1756.0,Undirected,1,302,,Lydia Bennet,Mr. Gardiner
903.0,1750.0,Undirected,1,302,,Elizabeth Bennet,Mr. Wickham
903.0,904.0,Undirected,1,303,,Elizabeth Bennet,Jane Bennet
903.0,905.0,Undirected,1,303,,Elizabeth Bennet,Lydia Bennet
905.0,1757.0,Undirected,1,303,,Lydia Bennet,Mrs. Gardiner
904.0,905.0,Undirected,1,303,,Jane Bennet,Lydia Bennet
904.0,1757.0,Undirected,1,303,,Jane Bennet,Mrs. Gardiner
905.0,1712.0,Undirected,1,303,,Lydia Bennet,Mr. Darcy
903.0,1712.0,Undirected,1,303,,Elizabeth Bennet,Mr. Darcy
903.0,1757.0,Undirected,1,303,,Elizabeth Bennet,Mrs. Gardiner
1712.0,1757.0,Undirected,1,303,,Mr. Darcy,Mrs. Gardiner
904.0,1712.0,Undirected,1,303,,Jane Bennet,Mr. Darcy
905.0,1750.0,Undirected,1,304,,Lydia Bennet,Mr. Wickham
1750.0,1756.0,Undirected,1,304,,Mr. Wickham,Mr. Gardiner
905.0,1757.0,Undirected,1,304,,Lydia Bennet,Mrs. Gardiner
1712.0,1757.0,Undirected,1,304,,Mr. Darcy,Mrs. Gardiner
905.0,1756.0,Undirected,1,304,,Lydia Bennet,Mr. Gardiner
905.0,1712.0,Undirected,1,304,,Lydia Bennet,Mr. Darcy
903.0,1756.0,Undirected,1,304,,Elizabeth Bennet,Mr. Gardiner
1756.0,1757.0,Undirected,1,304,,Mr. Gardiner,Mrs. Gardiner
1712.0,1756.0,Undirected,1,304,,Mr. Darcy,Mr. Gardiner
903.0,1750.0,Undirected,1,304,,Elizabeth Bennet,Mr. Wickham
1712.0,1750.0,Undirected,1,304,,Mr. Darcy,Mr. Wickham
903.0,1712.0,Undirected,1,304,,Elizabeth Bennet,Mr. Darcy
903.0,905.0,Undirected,1,304,,Elizabeth Bennet,Lydia Bennet
1750.0,1757.0,Undirected,1,304,,Mr. Wickham,Mrs. Gardiner
903.0,1757.0,Undirected,1,304,,Elizabeth Bennet,Mrs. Gardiner
905.0,1747.0,Undirected,1,305,,Lydia Bennet,Miss Darcy
1750.0,1756.0,Undirected,1,305,,Mr. Wickham,Mr. Gardiner
1768.0,1712.0,Undirected,1,305,,Mrs. Younge,Mr. Darcy
1756.0,1757.0,Undirected,1,305,,Mr. Gardiner,Mrs. Gardiner
1712.0,1757.0,Undirected,1,305,,Mr. Darcy,Mrs. Gardiner
905.0,1712.0,Undirected,1,305,,Lydia Bennet,Mr. Darcy
1747.0,1750.0,Undirected,1,305,,Miss Darcy,Mr. Wickham
1712.0,1756.0,Undirected,1,305,,Mr. Darcy,Mr. Gardiner
69.0,903.0,Undirected,1,305,,Lydia's friends,Elizabeth Bennet
1712.0,1750.0,Undirected,1,305,,Mr. Darcy,Mr. Wickham
1712.0,1747.0,Undirected,1,305,,Mr. Darcy,Miss Darcy
903.0,905.0,Undirected,1,305,,Elizabeth Bennet,Lydia Bennet
69.0,905.0,Undirected,1,305,,Lydia's friends,Lydia Bennet
1768.0,905.0,Undirected,1,305,,Mrs. Younge,Lydia Bennet
69.0,1747.0,Undirected,1,305,,Lydia's friends,Miss Darcy
1768.0,1756.0,Undirected,1,305,,Mrs. Younge,Mr. Gardiner
1747.0,1756.0,Undirected,1,305,,Miss Darcy,Mr. Gardiner
903.0,1768.0,Undirected,1,305,,Elizabeth Bennet,Mrs. Younge
903.0,1712.0,Undirected,1,305,,Elizabeth Bennet,Mr. Darcy
1768.0,1757.0,Undirected,1,305,,Mrs. Younge,Mrs. Gardiner
69.0,1712.0,Undirected,1,305,,Lydia's friends,Mr. Darcy
1768.0,1750.0,Undirected,1,305,,Mrs. Younge,Mr. Wickham
69.0,1756.0,Undirected,1,305,,Lydia's friends,Mr. Gardiner
69.0,1750.0,Undirected,1,305,,Lydia's friends,Mr. Wickham
903.0,1750.0,Undirected,1,305,,Elizabeth Bennet,Mr. Wickham
905.0,1757.0,Undirected,1,305,,Lydia Bennet,Mrs. Gardiner
903.0,1757.0,Undirected,1,305,,Elizabeth Bennet,Mrs. Gardiner
69.0,1757.0,Undirected,1,305,,Lydia's friends,Mrs. Gardiner
1768.0,1747.0,Undirected,1,305,,Mrs. Younge,Miss Darcy
903.0,1756.0,Undirected,1,305,,Elizabeth Bennet,Mr. Gardiner
1747.0,1757.0,Undirected,1,305,,Miss Darcy,Mrs. Gardiner
69.0,1768.0,Undirected,1,305,,Lydia's friends,Mrs. Younge
1750.0,1757.0,Undirected,1,305,,Mr. Wickham,Mrs. Gardiner
905.0,1750.0,Undirected,1,305,,Lydia Bennet,Mr. Wickham
903.0,1747.0,Undirected,1,305,,Elizabeth Bennet,Miss Darcy
905.0,1756.0,Undirected,1,305,,Lydia Bennet,Mr. Gardiner
896.0,903.0,Undirected,1,306,,Mr. Bennet,Elizabeth Bennet
1712.0,1756.0,Undirected,1,306,,Mr. Darcy,Mr. Gardiner
905.0,1712.0,Undirected,1,306,,Lydia Bennet,Mr. Darcy
896.0,1757.0,Undirected,1,306,,Mr. Bennet,Mrs. Gardiner
903.0,1757.0,Undirected,1,306,,Elizabeth Bennet,Mrs. Gardiner
1712.0,1750.0,Undirected,1,306,,Mr. Darcy,Mr. Wickham
903.0,1712.0,Undirected,1,306,,Elizabeth Bennet,Mr. Darcy
1750.0,1756.0,Undirected,1,306,,Mr. Wickham,Mr. Gardiner
1712.0,1757.0,Undirected,1,306,,Mr. Darcy,Mrs. Gardiner
905.0,1757.0,Undirected,1,306,,Lydia Bennet,Mrs. Gardiner
896.0,1712.0,Undirected,1,306,,Mr. Bennet,Mr. Darcy
1756.0,1757.0,Undirected,1,306,,Mr. Gardiner,Mrs. Gardiner
903.0,905.0,Undirected,1,306,,Elizabeth Bennet,Lydia Bennet
905.0,1750.0,Undirected,1,306,,Lydia Bennet,Mr. Wickham
896.0,1750.0,Undirected,1,306,,Mr. Bennet,Mr. Wickham
905.0,1756.0,Undirected,1,306,,Lydia Bennet,Mr. Gardiner
896.0,905.0,Undirected,1,306,,Mr. Bennet,Lydia Bennet
903.0,1750.0,Undirected,1,306,,Elizabeth Bennet,Mr. Wickham
896.0,1756.0,Undirected,1,306,,Mr. Bennet,Mr. Gardiner
903.0,1756.0,Undirected,1,306,,Elizabeth Bennet,Mr. Gardiner
1750.0,1757.0,Undirected,1,306,,Mr. Wickham,Mrs. Gardiner
903.0,79.0,Undirected,1,307,,Elizabeth Bennet,Mr. Gardiner's friends
903.0,1757.0,Undirected,1,307,,Elizabeth Bennet,Mrs. Gardiner
904.0,1750.0,Undirected,1,307,,Jane Bennet,Mr. Wickham
1712.0,1756.0,Undirected,1,307,,Mr. Darcy,Mr. Gardiner
905.0,1756.0,Undirected,1,307,,Lydia Bennet,Mr. Gardiner
1712.0,1757.0,Undirected,1,307,,Mr. Darcy,Mrs. Gardiner
905.0,1750.0,Undirected,1,307,,Lydia Bennet,Mr. Wickham
1756.0,1757.0,Undirected,1,307,,Mr. Gardiner,Mrs. Gardiner
904.0,1712.0,Undirected,1,307,,Jane Bennet,Mr. Darcy
1750.0,1757.0,Undirected,1,307,,Mr. Wickham,Mrs. Gardiner
903.0,905.0,Undirected,1,307,,Elizabeth Bennet,Lydia Bennet
79.0,1712.0,Undirected,1,307,,Mr. Gardiner's friends,Mr. Darcy
904.0,1756.0,Undirected,1,307,,Jane Bennet,Mr. Gardiner
79.0,1757.0,Undirected,1,307,,Mr. Gardiner's friends,Mrs. Gardiner
905.0,79.0,Undirected,1,307,,Lydia Bennet,Mr. Gardiner's friends
905.0,1757.0,Undirected,1,307,,Lydia Bennet,Mrs. Gardiner
904.0,79.0,Undirected,1,307,,Jane Bennet,Mr. Gardiner's friends
1750.0,1756.0,Undirected,1,307,,Mr. Wickham,Mr. Gardiner
903.0,1712.0,Undirected,1,307,,Elizabeth Bennet,Mr. Darcy
79.0,1750.0,Undirected,1,307,,Mr. Gardiner's friends,Mr. Wickham
79.0,1756.0,Undirected,1,307,,Mr. Gardiner's friends,Mr. Gardiner
1712.0,1750.0,Undirected,1,307,,Mr. Darcy,Mr. Wickham
903.0,904.0,Undirected,1,307,,Elizabeth Bennet,Jane Bennet
904.0,1757.0,Undirected,1,307,,Jane Bennet,Mrs. Gardiner
903.0,1750.0,Undirected,1,307,,Elizabeth Bennet,Mr. Wickham
903.0,1756.0,Undirected,1,307,,Elizabeth Bennet,Mr. Gardiner
904.0,905.0,Undirected,1,307,,Jane Bennet,Lydia Bennet
905.0,1712.0,Undirected,1,307,,Lydia Bennet,Mr. Darcy
1712.0,1750.0,Undirected,1,308,,Mr. Darcy,Mr. Wickham
32.0,1712.0,Undirected,1,308,,Gardiner children,Mr. Darcy
905.0,1712.0,Undirected,1,308,,Lydia Bennet,Mr. Darcy
903.0,1757.0,Undirected,1,308,,Elizabeth Bennet,Mrs. Gardiner
1712.0,1757.0,Undirected,1,308,,Mr. Darcy,Mrs. Gardiner
1750.0,1757.0,Undirected,1,308,,Mr. Wickham,Mrs. Gardiner
903.0,1750.0,Undirected,1,308,,Elizabeth Bennet,Mr. Wickham
32.0,1750.0,Undirected,1,308,,Gardiner children,Mr. Wickham
905.0,1757.0,Undirected,1,308,,Lydia Bennet,Mrs. Gardiner
32.0,903.0,Undirected,1,308,,Gardiner children,Elizabeth Bennet
903.0,1712.0,Undirected,1,308,,Elizabeth Bennet,Mr. Darcy
905.0,1750.0,Undirected,1,308,,Lydia Bennet,Mr. Wickham
32.0,1757.0,Undirected,1,308,,Gardiner children,Mrs. Gardiner
32.0,905.0,Undirected,1,308,,Gardiner children,Lydia Bennet
903.0,905.0,Undirected,1,308,,Elizabeth Bennet,Lydia Bennet
1712.0,63.0,Undirected,1,309,,Mr. Darcy,Housekeeper (at Pemberley)
897.0,903.0,Undirected,1,309,,Mrs. Bennet,Elizabeth Bennet
903.0,1712.0,Undirected,1,309,,Elizabeth Bennet,Mr. Darcy
1712.0,1756.0,Undirected,1,309,,Mr. Darcy,Mr. Gardiner
1712.0,1750.0,Undirected,1,309,,Mr. Darcy,Mr. Wickham
1756.0,63.0,Undirected,1,309,,Mr. Gardiner,Housekeeper (at Pemberley)
1750.0,1756.0,Undirected,1,309,,Mr. Wickham,Mr. Gardiner
1750.0,63.0,Undirected,1,309,,Mr. Wickham,Housekeeper (at Pemberley)
897.0,1712.0,Undirected,1,309,,Mrs. Bennet,Mr. Darcy
905.0,1712.0,Undirected,1,309,,Lydia Bennet,Mr. Darcy
897.0,1757.0,Undirected,1,309,,Mrs. Bennet,Mrs. Gardiner
1712.0,1757.0,Undirected,1,309,,Mr. Darcy,Mrs. Gardiner
903.0,1757.0,Undirected,1,309,,Elizabeth Bennet,Mrs. Gardiner
897.0,905.0,Undirected,1,309,,Mrs. Bennet,Lydia Bennet
903.0,905.0,Undirected,1,309,,Elizabeth Bennet,Lydia Bennet
903.0,1750.0,Undirected,1,309,,Elizabeth Bennet,Mr. Wickham
897.0,63.0,Undirected,1,309,,Mrs. Bennet,Housekeeper (at Pemberley)
905.0,63.0,Undirected,1,309,,Lydia Bennet,Housekeeper (at Pemberley)
905.0,1750.0,Undirected,1,309,,Lydia Bennet,Mr. Wickham
1756.0,1757.0,Undirected,1,309,,Mr. Gardiner,Mrs. Gardiner
1750.0,1757.0,Undirected,1,309,,Mr. Wickham,Mrs. Gardiner
897.0,1756.0,Undirected,1,309,,Mrs. Bennet,Mr. Gardiner
1757.0,63.0,Undirected,1,309,,Mrs. Gardiner,Housekeeper (at Pemberley)
903.0,63.0,Undirected,1,309,,Elizabeth Bennet,Housekeeper (at Pemberley)
903.0,1756.0,Undirected,1,309,,Elizabeth Bennet,Mr. Gardiner
897.0,1750.0,Undirected,1,309,,Mrs. Bennet,Mr. Wickham
905.0,1757.0,Undirected,1,309,,Lydia Bennet,Mrs. Gardiner
905.0,1756.0,Undirected,1,309,,Lydia Bennet,Mr. Gardiner
33.0,1747.0,Undirected,1,310,,Miss de Bourgh,Miss Darcy
1747.0,1757.0,Undirected,1,310,,Miss Darcy,Mrs. Gardiner
905.0,1756.0,Undirected,1,310,,Lydia Bennet,Mr. Gardiner
33.0,905.0,Undirected,1,310,,Miss de Bourgh,Lydia Bennet
1756.0,63.0,Undirected,1,310,,Mr. Gardiner,Housekeeper (at Pemberley)
33.0,1756.0,Undirected,1,310,,Miss de Bourgh,Mr. Gardiner
1747.0,63.0,Undirected,1,310,,Miss Darcy,Housekeeper (at Pemberley)
33.0,1750.0,Undirected,1,310,,Miss de Bourgh,Mr. Wickham
903.0,1712.0,Undirected,1,310,,Elizabeth Bennet,Mr. Darcy
1712.0,63.0,Undirected,1,310,,Mr. Darcy,Housekeeper (at Pemberley)
1712.0,1750.0,Undirected,1,310,,Mr. Darcy,Mr. Wickham
1712.0,1747.0,Undirected,1,310,,Mr. Darcy,Miss Darcy
1747.0,1750.0,Undirected,1,310,,Miss Darcy,Mr. Wickham
1712.0,1756.0,Undirected,1,310,,Mr. Darcy,Mr. Gardiner
905.0,1712.0,Undirected,1,310,,Lydia Bennet,Mr. Darcy
33.0,63.0,Undirected,1,310,,Miss de Bourgh,Housekeeper (at Pemberley)
1750.0,63.0,Undirected,1,310,,Mr. Wickham,Housekeeper (at Pemberley)
33.0,1757.0,Undirected,1,310,,Miss de Bourgh,Mrs. Gardiner
905.0,1750.0,Undirected,1,310,,Lydia Bennet,Mr. Wickham
905.0,63.0,Undirected,1,310,,Lydia Bennet,Housekeeper (at Pemberley)
903.0,1756.0,Undirected,1,310,,Elizabeth Bennet,Mr. Gardiner
903.0,1750.0,Undirected,1,310,,Elizabeth Bennet,Mr. Wickham
903.0,905.0,Undirected,1,310,,Elizabeth Bennet,Lydia Bennet
903.0,1747.0,Undirected,1,310,,Elizabeth Bennet,Miss Darcy
903.0,63.0,Undirected,1,310,,Elizabeth Bennet,Housekeeper (at Pemberley)
905.0,1757.0,Undirected,1,310,,Lydia Bennet,Mrs. Gardiner
33.0,1712.0,Undirected,1,310,,Miss de Bourgh,Mr. Darcy
903.0,1757.0,Undirected,1,310,,Elizabeth Bennet,Mrs. Gardiner
1747.0,1756.0,Undirected,1,310,,Miss Darcy,Mr. Gardiner
1756.0,1757.0,Undirected,1,310,,Mr. Gardiner,Mrs. Gardiner
905.0,1747.0,Undirected,1,310,,Lydia Bennet,Miss Darcy
1712.0,1757.0,Undirected,1,310,,Mr. Darcy,Mrs. Gardiner
1750.0,1756.0,Undirected,1,310,,Mr. Wickham,Mr. Gardiner
33.0,903.0,Undirected,1,310,,Miss de Bourgh,Elizabeth Bennet
1757.0,63.0,Undirected,1,310,,Mrs. Gardiner,Housekeeper (at Pemberley)
1750.0,1757.0,Undirected,1,310,,Mr. Wickham,Mrs. Gardiner
1750.0,903.0,Undirected,1,311,,Mr. Wickham,Elizabeth Bennet
905.0,903.0,Undirected,1,311,,Lydia Bennet,Elizabeth Bennet
905.0,1750.0,Undirected,1,311,,Lydia Bennet,Mr. Wickham
906.0,1750.0,Undirected,1,312,,Mary Bennet,Mr. Wickham
19.0,1750.0,Undirected,1,312,,Sir William Lucas,Mr. Wickham
896.0,903.0,Undirected,1,312,,Mr. Bennet,Elizabeth Bennet
896.0,897.0,Undirected,1,312,,Mr. Bennet,Mrs. Bennet
897.0,905.0,Undirected,1,312,,Mrs. Bennet,Lydia Bennet
896.0,906.0,Undirected,1,312,,Mr. Bennet,Mary Bennet
903.0,1750.0,Undirected,1,312,,Elizabeth Bennet,Mr. Wickham
897.0,1750.0,Undirected,1,312,,Mrs. Bennet,Mr. Wickham
904.0,1750.0,Undirected,1,312,,Jane Bennet,Mr. Wickham
905.0,906.0,Undirected,1,312,,Lydia Bennet,Mary Bennet
903.0,904.0,Undirected,1,312,,Elizabeth Bennet,Jane Bennet
904.0,906.0,Undirected,1,312,,Jane Bennet,Mary Bennet
905.0,907.0,Undirected,1,312,,Lydia Bennet,Kitty Bennet
896.0,904.0,Undirected,1,312,,Mr. Bennet,Jane Bennet
906.0,19.0,Undirected,1,312,,Mary Bennet,Sir William Lucas
897.0,904.0,Undirected,1,312,,Mrs. Bennet,Jane Bennet
904.0,19.0,Undirected,1,312,,Jane Bennet,Sir William Lucas
906.0,907.0,Undirected,1,312,,Mary Bennet,Kitty Bennet
907.0,19.0,Undirected,1,312,,Kitty Bennet,Sir William Lucas
896.0,19.0,Undirected,1,312,,Mr. Bennet,Sir William Lucas
904.0,905.0,Undirected,1,312,,Jane Bennet,Lydia Bennet
903.0,906.0,Undirected,1,312,,Elizabeth Bennet,Mary Bennet
896.0,1750.0,Undirected,1,312,,Mr. Bennet,Mr. Wickham
896.0,905.0,Undirected,1,312,,Mr. Bennet,Lydia Bennet
904.0,907.0,Undirected,1,312,,Jane Bennet,Kitty Bennet
903.0,905.0,Undirected,1,312,,Elizabeth Bennet,Lydia Bennet
905.0,19.0,Undirected,1,312,,Lydia Bennet,Sir William Lucas
897.0,19.0,Undirected,1,312,,Mrs. Bennet,Sir William Lucas
903.0,19.0,Undirected,1,312,,Elizabeth Bennet,Sir William Lucas
907.0,1750.0,Undirected,1,312,,Kitty Bennet,Mr. Wickham
897.0,903.0,Undirected,1,312,,Mrs. Bennet,Elizabeth Bennet
896.0,907.0,Undirected,1,312,,Mr. Bennet,Kitty Bennet
897.0,906.0,Undirected,1,312,,Mrs. Bennet,Mary Bennet
903.0,907.0,Undirected,1,312,,Elizabeth Bennet,Kitty Bennet
897.0,907.0,Undirected,1,312,,Mrs. Bennet,Kitty Bennet
905.0,1750.0,Undirected,1,312,,Lydia Bennet,Mr. Wickham
899.0,1717.0,Undirected,1,313,,Mr. Bingley,Mrs. Philips
904.0,81.0,Undirected,1,313,,Jane Bennet,Mrs. Nicholls
904.0,1717.0,Undirected,1,313,,Jane Bennet,Mrs. Philips
81.0,1750.0,Undirected,1,313,,Mrs. Nicholls,Mr. Wickham
897.0,903.0,Undirected,1,313,,Mrs. Bennet,Elizabeth Bennet
899.0,905.0,Undirected,1,313,,Mr. Bingley,Lydia Bennet
905.0,82.0,Undirected,1,313,,Lydia Bennet,Butcher
899.0,1750.0,Undirected,1,313,,Mr. Bingley,Mr. Wickham
897.0,81.0,Undirected,1,313,,Mrs. Bennet,Mrs. Nicholls
903.0,905.0,Undirected,1,313,,Elizabeth Bennet,Lydia Bennet
905.0,80.0,Undirected,1,313,,Lydia Bennet,Housekeeper (at Netherfield)
897.0,82.0,Undirected,1,313,,Mrs. Bennet,Butcher
899.0,82.0,Undirected,1,313,,Mr. Bingley,Butcher
904.0,905.0,Undirected,1,313,,Jane Bennet,Lydia Bennet
903.0,82.0,Undirected,1,313,,Elizabeth Bennet,Butcher
80.0,82.0,Undirected,1,313,,Housekeeper (at Netherfield),Butcher
897.0,1717.0,Undirected,1,313,,Mrs. Bennet,Mrs. Philips
897.0,80.0,Undirected,1,313,,Mrs. Bennet,Housekeeper (at Netherfield)
897.0,899.0,Undirected,1,313,,Mrs. Bennet,Mr. Bingley
81.0,82.0,Undirected,1,313,,Mrs. Nicholls,Butcher
897.0,905.0,Undirected,1,313,,Mrs. Bennet,Lydia Bennet
903.0,81.0,Undirected,1,313,,Elizabeth Bennet,Mrs. Nicholls
903.0,1717.0,Undirected,1,313,,Elizabeth Bennet,Mrs. Philips
897.0,1750.0,Undirected,1,313,,Mrs. Bennet,Mr. Wickham
82.0,1750.0,Undirected,1,313,,Butcher,Mr. Wickham
897.0,904.0,Undirected,1,313,,Mrs. Bennet,Jane Bennet
82.0,1717.0,Undirected,1,313,,Butcher,Mrs. Philips
905.0,1750.0,Undirected,1,313,,Lydia Bennet,Mr. Wickham
904.0,80.0,Undirected,1,313,,Jane Bennet,Housekeeper (at Netherfield)
899.0,81.0,Undirected,1,313,,Mr. Bingley,Mrs. Nicholls
903.0,80.0,Undirected,1,313,,Elizabeth Bennet,Housekeeper (at Netherfield)
80.0,81.0,Undirected,1,313,,Housekeeper (at Netherfield),Mrs. Nicholls
903.0,1750.0,Undirected,1,313,,Elizabeth Bennet,Mr. Wickham
905.0,1717.0,Undirected,1,313,,Lydia Bennet,Mrs. Philips
80.0,1750.0,Undirected,1,313,,Housekeeper (at Netherfield),Mr. Wickham
899.0,904.0,Undirected,1,313,,Mr. Bingley,Jane Bennet
899.0,903.0,Undirected,1,313,,Mr. Bingley,Elizabeth Bennet
904.0,82.0,Undirected,1,313,,Jane Bennet,Butcher
1717.0,1750.0,Undirected,1,313,,Mrs. Philips,Mr. Wickham
80.0,1717.0,Undirected,1,313,,Housekeeper (at Netherfield),Mrs. Philips
904.0,1750.0,Undirected,1,313,,Jane Bennet,Mr. Wickham
899.0,80.0,Undirected,1,313,,Mr. Bingley,Housekeeper (at Netherfield)
903.0,904.0,Undirected,1,313,,Elizabeth Bennet,Jane Bennet
905.0,81.0,Undirected,1,313,,Lydia Bennet,Mrs. Nicholls
81.0,1717.0,Undirected,1,313,,Mrs. Nicholls,Mrs. Philips
899.0,904.0,Undirected,1,314,,Mr. Bingley,Jane Bennet
899.0,907.0,Undirected,1,314,,Mr. Bingley,Kitty Bennet
896.0,75.0,Undirected,1,314,,Mr. Bennet,Mr. Goulding
898.0,899.0,Undirected,1,314,,Mrs. Long,Mr. Bingley
903.0,904.0,Undirected,1,314,,Elizabeth Bennet,Jane Bennet
897.0,898.0,Undirected,1,314,,Mrs. Bennet,Mrs. Long
907.0,75.0,Undirected,1,314,,Kitty Bennet,Mr. Goulding
897.0,904.0,Undirected,1,314,,Mrs. Bennet,Jane Bennet
905.0,907.0,Undirected,1,314,,Lydia Bennet,Kitty Bennet
896.0,905.0,Undirected,1,314,,Mr. Bennet,Lydia Bennet
899.0,75.0,Undirected,1,314,,Mr. Bingley,Mr. Goulding
897.0,75.0,Undirected,1,314,,Mrs. Bennet,Mr. Goulding
899.0,905.0,Undirected,1,314,,Mr. Bingley,Lydia Bennet
899.0,903.0,Undirected,1,314,,Mr. Bingley,Elizabeth Bennet
898.0,75.0,Undirected,1,314,,Mrs. Long,Mr. Goulding
905.0,75.0,Undirected,1,314,,Lydia Bennet,Mr. Goulding
896.0,898.0,Undirected,1,314,,Mr. Bennet,Mrs. Long
898.0,905.0,Undirected,1,314,,Mrs. Long,Lydia Bennet
903.0,907.0,Undirected,1,314,,Elizabeth Bennet,Kitty Bennet
898.0,904.0,Undirected,1,314,,Mrs. Long,Jane Bennet
898.0,907.0,Undirected,1,314,,Mrs. Long,Kitty Bennet
904.0,75.0,Undirected,1,314,,Jane Bennet,Mr. Goulding
896.0,899.0,Undirected,1,314,,Mr. Bennet,Mr. Bingley
897.0,905.0,Undirected,1,314,,Mrs. Bennet,Lydia Bennet
904.0,905.0,Undirected,1,314,,Jane Bennet,Lydia Bennet
896.0,897.0,Undirected,1,314,,Mr. Bennet,Mrs. Bennet
897.0,899.0,Undirected,1,314,,Mrs. Bennet,Mr. Bingley
896.0,907.0,Undirected,1,314,,Mr. Bennet,Kitty Bennet
896.0,904.0,Undirected,1,314,,Mr. Bennet,Jane Bennet
904.0,907.0,Undirected,1,314,,Jane Bennet,Kitty Bennet
897.0,903.0,Undirected,1,314,,Mrs. Bennet,Elizabeth Bennet
898.0,903.0,Undirected,1,314,,Mrs. Long,Elizabeth Bennet
896.0,903.0,Undirected,1,314,,Mr. Bennet,Elizabeth Bennet
903.0,905.0,Undirected,1,314,,Elizabeth Bennet,Lydia Bennet
903.0,75.0,Undirected,1,314,,Elizabeth Bennet,Mr. Goulding
897.0,907.0,Undirected,1,314,,Mrs. Bennet,Kitty Bennet
899.0,1712.0,Undirected,1,315,,Mr. Bingley,Mr. Darcy
899.0,904.0,Undirected,1,315,,Mr. Bingley,Jane Bennet
903.0,1712.0,Undirected,1,315,,Elizabeth Bennet,Mr. Darcy
904.0,907.0,Undirected,1,315,,Jane Bennet,Kitty Bennet
896.0,897.0,Undirected,1,315,,Mr. Bennet,Mrs. Bennet
904.0,1712.0,Undirected,1,315,,Jane Bennet,Mr. Darcy
899.0,907.0,Undirected,1,315,,Mr. Bingley,Kitty Bennet
903.0,904.0,Undirected,1,315,,Elizabeth Bennet,Jane Bennet
903.0,907.0,Undirected,1,315,,Elizabeth Bennet,Kitty Bennet
904.0,906.0,Undirected,1,315,,Jane Bennet,Mary Bennet
896.0,899.0,Undirected,1,315,,Mr. Bennet,Mr. Bingley
899.0,906.0,Undirected,1,315,,Mr. Bingley,Mary Bennet
896.0,907.0,Undirected,1,315,,Mr. Bennet,Kitty Bennet
897.0,906.0,Undirected,1,315,,Mrs. Bennet,Mary Bennet
897.0,1712.0,Undirected,1,315,,Mrs. Bennet,Mr. Darcy
906.0,1712.0,Undirected,1,315,,Mary Bennet,Mr. Darcy
897.0,904.0,Undirected,1,315,,Mrs. Bennet,Jane Bennet
896.0,904.0,Undirected,1,315,,Mr. Bennet,Jane Bennet
897.0,903.0,Undirected,1,315,,Mrs. Bennet,Elizabeth Bennet
896.0,1712.0,Undirected,1,315,,Mr. Bennet,Mr. Darcy
897.0,907.0,Undirected,1,315,,Mrs. Bennet,Kitty Bennet
899.0,903.0,Undirected,1,315,,Mr. Bingley,Elizabeth Bennet
906.0,907.0,Undirected,1,315,,Mary Bennet,Kitty Bennet
897.0,899.0,Undirected,1,315,,Mrs. Bennet,Mr. Bingley
896.0,903.0,Undirected,1,315,,Mr. Bennet,Elizabeth Bennet
907.0,1712.0,Undirected,1,315,,Kitty Bennet,Mr. Darcy
896.0,906.0,Undirected,1,315,,Mr. Bennet,Mary Bennet
903.0,906.0,Undirected,1,315,,Elizabeth Bennet,Mary Bennet
897.0,83.0,Undirected,1,316,,Mrs. Bennet,Servant (at Longbourn)
903.0,904.0,Undirected,1,316,,Elizabeth Bennet,Jane Bennet
1712.0,1757.0,Undirected,1,316,,Mr. Darcy,Mrs. Gardiner
904.0,1712.0,Undirected,1,316,,Jane Bennet,Mr. Darcy
897.0,904.0,Undirected,1,316,,Mrs. Bennet,Jane Bennet
897.0,1757.0,Undirected,1,316,,Mrs. Bennet,Mrs. Gardiner
897.0,1712.0,Undirected,1,316,,Mrs. Bennet,Mr. Darcy
899.0,1757.0,Undirected,1,316,,Mr. Bingley,Mrs. Gardiner
1712.0,83.0,Undirected,1,316,,Mr. Darcy,Servant (at Longbourn)
897.0,899.0,Undirected,1,316,,Mrs. Bennet,Mr. Bingley
899.0,83.0,Undirected,1,316,,Mr. Bingley,Servant (at Longbourn)
899.0,1712.0,Undirected,1,316,,Mr. Bingley,Mr. Darcy
897.0,903.0,Undirected,1,316,,Mrs. Bennet,Elizabeth Bennet
899.0,903.0,Undirected,1,316,,Mr. Bingley,Elizabeth Bennet
904.0,1757.0,Undirected,1,316,,Jane Bennet,Mrs. Gardiner
903.0,83.0,Undirected,1,316,,Elizabeth Bennet,Servant (at Longbourn)
899.0,904.0,Undirected,1,316,,Mr. Bingley,Jane Bennet
83.0,1757.0,Undirected,1,316,,Servant (at Longbourn),Mrs. Gardiner
903.0,1712.0,Undirected,1,316,,Elizabeth Bennet,Mr. Darcy
903.0,1757.0,Undirected,1,316,,Elizabeth Bennet,Mrs. Gardiner
904.0,83.0,Undirected,1,316,,Jane Bennet,Servant (at Longbourn)
1715.0,1756.0,Undirected,1,317,,Charlotte Lucas,Mr. Gardiner
904.0,905.0,Undirected,1,317,,Jane Bennet,Lydia Bennet
903.0,904.0,Undirected,1,317,,Elizabeth Bennet,Jane Bennet
1756.0,1757.0,Undirected,1,317,,Mr. Gardiner,Mrs. Gardiner
1712.0,1757.0,Undirected,1,317,,Mr. Darcy,Mrs. Gardiner
899.0,905.0,Undirected,1,317,,Mr. Bingley,Lydia Bennet
899.0,1712.0,Undirected,1,317,,Mr. Bingley,Mr. Darcy
897.0,1715.0,Undirected,1,317,,Mrs. Bennet,Charlotte Lucas
905.0,1756.0,Undirected,1,317,,Lydia Bennet,Mr. Gardiner
897.0,1712.0,Undirected,1,317,,Mrs. Bennet,Mr. Darcy
899.0,1715.0,Undirected,1,317,,Mr. Bingley,Charlotte Lucas
899.0,904.0,Undirected,1,317,,Mr. Bingley,Jane Bennet
903.0,1715.0,Undirected,1,317,,Elizabeth Bennet,Charlotte Lucas
897.0,904.0,Undirected,1,317,,Mrs. Bennet,Jane Bennet
897.0,899.0,Undirected,1,317,,Mrs. Bennet,Mr. Bingley
1715.0,1757.0,Undirected,1,317,,Charlotte Lucas,Mrs. Gardiner
905.0,1757.0,Undirected,1,317,,Lydia Bennet,Mrs. Gardiner
897.0,905.0,Undirected,1,317,,Mrs. Bennet,Lydia Bennet
904.0,1712.0,Undirected,1,317,,Jane Bennet,Mr. Darcy
903.0,905.0,Undirected,1,317,,Elizabeth Bennet,Lydia Bennet
903.0,1756.0,Undirected,1,317,,Elizabeth Bennet,Mr. Gardiner
904.0,1757.0,Undirected,1,317,,Jane Bennet,Mrs. Gardiner
899.0,903.0,Undirected,1,317,,Mr. Bingley,Elizabeth Bennet
899.0,1757.0,Undirected,1,317,,Mr. Bingley,Mrs. Gardiner
903.0,1712.0,Undirected,1,317,,Elizabeth Bennet,Mr. Darcy
897.0,903.0,Undirected,1,317,,Mrs. Bennet,Elizabeth Bennet
897.0,1757.0,Undirected,1,317,,Mrs. Bennet,Mrs. Gardiner
897.0,1756.0,Undirected,1,317,,Mrs. Bennet,Mr. Gardiner
905.0,1712.0,Undirected,1,317,,Lydia Bennet,Mr. Darcy
899.0,1756.0,Undirected,1,317,,Mr. Bingley,Mr. Gardiner
903.0,1757.0,Undirected,1,317,,Elizabeth Bennet,Mrs. Gardiner
904.0,1715.0,Undirected,1,317,,Jane Bennet,Charlotte Lucas
904.0,1756.0,Undirected,1,317,,Jane Bennet,Mr. Gardiner
1712.0,1756.0,Undirected,1,317,,Mr. Darcy,Mr. Gardiner
905.0,1715.0,Undirected,1,317,,Lydia Bennet,Charlotte Lucas
1712.0,1715.0,Undirected,1,317,,Mr. Darcy,Charlotte Lucas
896.0,899.0,Undirected,1,318,,Mr. Bennet,Mr. Bingley
904.0,1712.0,Undirected,1,318,,Jane Bennet,Mr. Darcy
897.0,905.0,Undirected,1,318,,Mrs. Bennet,Lydia Bennet
905.0,1712.0,Undirected,1,318,,Lydia Bennet,Mr. Darcy
899.0,904.0,Undirected,1,318,,Mr. Bingley,Jane Bennet
903.0,905.0,Undirected,1,318,,Elizabeth Bennet,Lydia Bennet
899.0,1756.0,Undirected,1,318,,Mr. Bingley,Mr. Gardiner
903.0,1712.0,Undirected,1,318,,Elizabeth Bennet,Mr. Darcy
896.0,904.0,Undirected,1,318,,Mr. Bennet,Jane Bennet
897.0,903.0,Undirected,1,318,,Mrs. Bennet,Elizabeth Bennet
899.0,903.0,Undirected,1,318,,Mr. Bingley,Elizabeth Bennet
1712.0,1750.0,Undirected,1,318,,Mr. Darcy,Mr. Wickham
896.0,897.0,Undirected,1,318,,Mr. Bennet,Mrs. Bennet
897.0,899.0,Undirected,1,318,,Mrs. Bennet,Mr. Bingley
897.0,904.0,Undirected,1,318,,Mrs. Bennet,Jane Bennet
905.0,1750.0,Undirected,1,318,,Lydia Bennet,Mr. Wickham
903.0,904.0,Undirected,1,318,,Elizabeth Bennet,Jane Bennet
904.0,1756.0,Undirected,1,318,,Jane Bennet,Mr. Gardiner
896.0,905.0,Undirected,1,318,,Mr. Bennet,Lydia Bennet
904.0,1750.0,Undirected,1,318,,Jane Bennet,Mr. Wickham
896.0,1712.0,Undirected,1,318,,Mr. Bennet,Mr. Darcy
899.0,1712.0,Undirected,1,318,,Mr. Bingley,Mr. Darcy
1750.0,1756.0,Undirected,1,318,,Mr. Wickham,Mr. Gardiner
896.0,903.0,Undirected,1,318,,Mr. Bennet,Elizabeth Bennet
903.0,1750.0,Undirected,1,318,,Elizabeth Bennet,Mr. Wickham
903.0,1756.0,Undirected,1,318,,Elizabeth Bennet,Mr. Gardiner
897.0,1756.0,Undirected,1,318,,Mrs. Bennet,Mr. Gardiner
896.0,1750.0,Undirected,1,318,,Mr. Bennet,Mr. Wickham
899.0,905.0,Undirected,1,318,,Mr. Bingley,Lydia Bennet
897.0,1750.0,Undirected,1,318,,Mrs. Bennet,Mr. Wickham
904.0,905.0,Undirected,1,318,,Jane Bennet,Lydia Bennet
1712.0,1756.0,Undirected,1,318,,Mr. Darcy,Mr. Gardiner
896.0,1756.0,Undirected,1,318,,Mr. Bennet,Mr. Gardiner
905.0,1756.0,Undirected,1,318,,Lydia Bennet,Mr. Gardiner
897.0,1712.0,Undirected,1,318,,Mrs. Bennet,Mr. Darcy
899.0,1750.0,Undirected,1,318,,Mr. Bingley,Mr. Wickham
899.0,1712.0,Undirected,1,319,,Mr. Bingley,Mr. Darcy
897.0,904.0,Undirected,1,319,,Mrs. Bennet,Jane Bennet
903.0,904.0,Undirected,1,319,,Elizabeth Bennet,Jane Bennet
897.0,903.0,Undirected,1,319,,Mrs. Bennet,Elizabeth Bennet
899.0,904.0,Undirected,1,319,,Mr. Bingley,Jane Bennet
903.0,1712.0,Undirected,1,319,,Elizabeth Bennet,Mr. Darcy
897.0,899.0,Undirected,1,319,,Mrs. Bennet,Mr. Bingley
904.0,1712.0,Undirected,1,319,,Jane Bennet,Mr. Darcy
899.0,903.0,Undirected,1,319,,Mr. Bingley,Elizabeth Bennet
897.0,1712.0,Undirected,1,319,,Mrs. Bennet,Mr. Darcy
1712.0,903.0,Undirected,1,320,,Mr. Darcy,Elizabeth Bennet
899.0,1712.0,Undirected,1,320,,Mr. Bingley,Mr. Darcy
904.0,1712.0,Undirected,1,320,,Jane Bennet,Mr. Darcy
904.0,903.0,Undirected,1,320,,Jane Bennet,Elizabeth Bennet
904.0,899.0,Undirected,1,320,,Jane Bennet,Mr. Bingley
899.0,903.0,Undirected,1,320,,Mr. Bingley,Elizabeth Bennet
897.0,904.0,Undirected,1,321,,Mrs. Bennet,Jane Bennet
897.0,1712.0,Undirected,1,321,,Mrs. Bennet,Mr. Darcy
897.0,899.0,Undirected,1,321,,Mrs. Bennet,Mr. Bingley
904.0,1712.0,Undirected,1,321,,Jane Bennet,Mr. Darcy
899.0,903.0,Undirected,1,321,,Mr. Bingley,Elizabeth Bennet
903.0,904.0,Undirected,1,321,,Elizabeth Bennet,Jane Bennet
897.0,903.0,Undirected,1,321,,Mrs. Bennet,Elizabeth Bennet
903.0,1712.0,Undirected,1,321,,Elizabeth Bennet,Mr. Darcy
899.0,904.0,Undirected,1,321,,Mr. Bingley,Jane Bennet
899.0,1712.0,Undirected,1,321,,Mr. Bingley,Mr. Darcy
905.0,1712.0,Undirected,1,322,,Lydia Bennet,Mr. Darcy
899.0,905.0,Undirected,1,322,,Mr. Bingley,Lydia Bennet
899.0,1712.0,Undirected,1,322,,Mr. Bingley,Mr. Darcy
906.0,907.0,Undirected,1,322,,Mary Bennet,Kitty Bennet
905.0,906.0,Undirected,1,322,,Lydia Bennet,Mary Bennet
69.0,903.0,Undirected,1,322,,Lydia's friends,Elizabeth Bennet
905.0,907.0,Undirected,1,322,,Lydia Bennet,Kitty Bennet
899.0,906.0,Undirected,1,322,,Mr. Bingley,Mary Bennet
899.0,903.0,Undirected,1,322,,Mr. Bingley,Elizabeth Bennet
1770.0,1712.0,Undirected,1,322,,Mrs. Annesley,Mr. Darcy
899.0,69.0,Undirected,1,322,,Mr. Bingley,Lydia's friends
69.0,905.0,Undirected,1,322,,Lydia's friends,Lydia Bennet
905.0,1770.0,Undirected,1,322,,Lydia Bennet,Mrs. Annesley
903.0,905.0,Undirected,1,322,,Elizabeth Bennet,Lydia Bennet
907.0,1712.0,Undirected,1,322,,Kitty Bennet,Mr. Darcy
69.0,907.0,Undirected,1,322,,Lydia's friends,Kitty Bennet
903.0,906.0,Undirected,1,322,,Elizabeth Bennet,Mary Bennet
69.0,906.0,Undirected,1,322,,Lydia's friends,Mary Bennet
1770.0,907.0,Undirected,1,322,,Mrs. Annesley,Kitty Bennet
69.0,1770.0,Undirected,1,322,,Lydia's friends,Mrs. Annesley
899.0,1770.0,Undirected,1,322,,Mr. Bingley,Mrs. Annesley
903.0,1770.0,Undirected,1,322,,Elizabeth Bennet,Mrs. Annesley
899.0,907.0,Undirected,1,322,,Mr. Bingley,Kitty Bennet
906.0,1770.0,Undirected,1,322,,Mary Bennet,Mrs. Annesley
906.0,1712.0,Undirected,1,322,,Mary Bennet,Mr. Darcy
69.0,1712.0,Undirected,1,322,,Lydia's friends,Mr. Darcy
903.0,1712.0,Undirected,1,322,,Elizabeth Bennet,Mr. Darcy
903.0,907.0,Undirected,1,322,,Elizabeth Bennet,Kitty Bennet
903.0,906.0,Undirected,1,323,,Elizabeth Bennet,Mary Bennet
899.0,903.0,Undirected,1,323,,Mr. Bingley,Elizabeth Bennet
907.0,19.0,Undirected,1,323,,Kitty Bennet,Sir William Lucas
898.0,84.0,Undirected,1,323,,Mrs. Long,Mrs. Long's nieces
897.0,903.0,Undirected,1,323,,Mrs. Bennet,Elizabeth Bennet
906.0,1712.0,Undirected,1,323,,Mary Bennet,Mr. Darcy
904.0,1712.0,Undirected,1,323,,Jane Bennet,Mr. Darcy
907.0,1712.0,Undirected,1,323,,Kitty Bennet,Mr. Darcy
897.0,906.0,Undirected,1,323,,Mrs. Bennet,Mary Bennet
899.0,906.0,Undirected,1,323,,Mr. Bingley,Mary Bennet
907.0,84.0,Undirected,1,323,,Kitty Bennet,Mrs. Long's nieces
899.0,19.0,Undirected,1,323,,Mr. Bingley,Sir William Lucas
1712.0,84.0,Undirected,1,323,,Mr. Darcy,Mrs. Long's nieces
898.0,907.0,Undirected,1,323,,Mrs. Long,Kitty Bennet
902.0,84.0,Undirected,1,323,,Lady Lucas,Mrs. Long's nieces
906.0,84.0,Undirected,1,323,,Mary Bennet,Mrs. Long's nieces
904.0,84.0,Undirected,1,323,,Jane Bennet,Mrs. Long's nieces
898.0,19.0,Undirected,1,323,,Mrs. Long,Sir William Lucas
903.0,19.0,Undirected,1,323,,Elizabeth Bennet,Sir William Lucas
899.0,1712.0,Undirected,1,323,,Mr. Bingley,Mr. Darcy
898.0,902.0,Undirected,1,323,,Mrs. Long,Lady Lucas
903.0,907.0,Undirected,1,323,,Elizabeth Bennet,Kitty Bennet
897.0,1712.0,Undirected,1,323,,Mrs. Bennet,Mr. Darcy
898.0,899.0,Undirected,1,323,,Mrs. Long,Mr. Bingley
904.0,907.0,Undirected,1,323,,Jane Bennet,Kitty Bennet
1712.0,19.0,Undirected,1,323,,Mr. Darcy,Sir William Lucas
897.0,907.0,Undirected,1,323,,Mrs. Bennet,Kitty Bennet
897.0,904.0,Undirected,1,323,,Mrs. Bennet,Jane Bennet
903.0,84.0,Undirected,1,323,,Elizabeth Bennet,Mrs. Long's nieces
898.0,906.0,Undirected,1,323,,Mrs. Long,Mary Bennet
904.0,19.0,Undirected,1,323,,Jane Bennet,Sir William Lucas
902.0,1712.0,Undirected,1,323,,Lady Lucas,Mr. Darcy
906.0,19.0,Undirected,1,323,,Mary Bennet,Sir William Lucas
903.0,1712.0,Undirected,1,323,,Elizabeth Bennet,Mr. Darcy
902.0,907.0,Undirected,1,323,,Lady Lucas,Kitty Bennet
902.0,904.0,Undirected,1,323,,Lady Lucas,Jane Bennet
899.0,902.0,Undirected,1,323,,Mr. Bingley,Lady Lucas
898.0,1712.0,Undirected,1,323,,Mrs. Long,Mr. Darcy
897.0,19.0,Undirected,1,323,,Mrs. Bennet,Sir William Lucas
899.0,907.0,Undirected,1,323,,Mr. Bingley,Kitty Bennet
903.0,904.0,Undirected,1,323,,Elizabeth Bennet,Jane Bennet
902.0,906.0,Undirected,1,323,,Lady Lucas,Mary Bennet
897.0,902.0,Undirected,1,323,,Mrs. Bennet,Lady Lucas
897.0,899.0,Undirected,1,323,,Mrs. Bennet,Mr. Bingley
19.0,84.0,Undirected,1,323,,Sir William Lucas,Mrs. Long's nieces
902.0,19.0,Undirected,1,323,,Lady Lucas,Sir William Lucas
906.0,907.0,Undirected,1,323,,Mary Bennet,Kitty Bennet
899.0,84.0,Undirected,1,323,,Mr. Bingley,Mrs. Long's nieces
898.0,903.0,Undirected,1,323,,Mrs. Long,Elizabeth Bennet
897.0,84.0,Undirected,1,323,,Mrs. Bennet,Mrs. Long's nieces
899.0,904.0,Undirected,1,323,,Mr. Bingley,Jane Bennet
897.0,898.0,Undirected,1,323,,Mrs. Bennet,Mrs. Long
904.0,906.0,Undirected,1,323,,Jane Bennet,Mary Bennet
898.0,904.0,Undirected,1,323,,Mrs. Long,Jane Bennet
902.0,903.0,Undirected,1,323,,Lady Lucas,Elizabeth Bennet
899.0,903.0,Undirected,1,324,,Mr. Bingley,Elizabeth Bennet
903.0,1712.0,Undirected,1,324,,Elizabeth Bennet,Mr. Darcy
897.0,904.0,Undirected,1,324,,Mrs. Bennet,Jane Bennet
899.0,1712.0,Undirected,1,324,,Mr. Bingley,Mr. Darcy
897.0,1712.0,Undirected,1,324,,Mrs. Bennet,Mr. Darcy
903.0,904.0,Undirected,1,324,,Elizabeth Bennet,Jane Bennet
899.0,904.0,Undirected,1,324,,Mr. Bingley,Jane Bennet
897.0,903.0,Undirected,1,324,,Mrs. Bennet,Elizabeth Bennet
904.0,1712.0,Undirected,1,324,,Jane Bennet,Mr. Darcy
897.0,899.0,Undirected,1,324,,Mrs. Bennet,Mr. Bingley
904.0,1712.0,Undirected,1,325,,Jane Bennet,Mr. Darcy
899.0,907.0,Undirected,1,325,,Mr. Bingley,Kitty Bennet
899.0,903.0,Undirected,1,325,,Mr. Bingley,Elizabeth Bennet
899.0,85.0,Undirected,1,325,,Mr. Bingley,Sarah
897.0,85.0,Undirected,1,325,,Mrs. Bennet,Sarah
903.0,904.0,Undirected,1,325,,Elizabeth Bennet,Jane Bennet
904.0,85.0,Undirected,1,325,,Jane Bennet,Sarah
903.0,907.0,Undirected,1,325,,Elizabeth Bennet,Kitty Bennet
899.0,1712.0,Undirected,1,325,,Mr. Bingley,Mr. Darcy
897.0,899.0,Undirected,1,325,,Mrs. Bennet,Mr. Bingley
904.0,907.0,Undirected,1,325,,Jane Bennet,Kitty Bennet
903.0,85.0,Undirected,1,325,,Elizabeth Bennet,Sarah
903.0,1712.0,Undirected,1,325,,Elizabeth Bennet,Mr. Darcy
897.0,907.0,Undirected,1,325,,Mrs. Bennet,Kitty Bennet
907.0,85.0,Undirected,1,325,,Kitty Bennet,Sarah
897.0,1712.0,Undirected,1,325,,Mrs. Bennet,Mr. Darcy
897.0,903.0,Undirected,1,325,,Mrs. Bennet,Elizabeth Bennet
899.0,904.0,Undirected,1,325,,Mr. Bingley,Jane Bennet
897.0,904.0,Undirected,1,325,,Mrs. Bennet,Jane Bennet
907.0,1712.0,Undirected,1,325,,Kitty Bennet,Mr. Darcy
1712.0,85.0,Undirected,1,325,,Mr. Darcy,Sarah
899.0,903.0,Undirected,1,326,,Mr. Bingley,Elizabeth Bennet
896.0,903.0,Undirected,1,326,,Mr. Bennet,Elizabeth Bennet
899.0,904.0,Undirected,1,326,,Mr. Bingley,Jane Bennet
904.0,906.0,Undirected,1,326,,Jane Bennet,Mary Bennet
906.0,907.0,Undirected,1,326,,Mary Bennet,Kitty Bennet
896.0,899.0,Undirected,1,326,,Mr. Bennet,Mr. Bingley
896.0,906.0,Undirected,1,326,,Mr. Bennet,Mary Bennet
897.0,907.0,Undirected,1,326,,Mrs. Bennet,Kitty Bennet
899.0,907.0,Undirected,1,326,,Mr. Bingley,Kitty Bennet
897.0,899.0,Undirected,1,326,,Mrs. Bennet,Mr. Bingley
896.0,897.0,Undirected,1,326,,Mr. Bennet,Mrs. Bennet
903.0,906.0,Undirected,1,326,,Elizabeth Bennet,Mary Bennet
897.0,903.0,Undirected,1,326,,Mrs. Bennet,Elizabeth Bennet
896.0,904.0,Undirected,1,326,,Mr. Bennet,Jane Bennet
903.0,907.0,Undirected,1,326,,Elizabeth Bennet,Kitty Bennet
903.0,904.0,Undirected,1,326,,Elizabeth Bennet,Jane Bennet
897.0,904.0,Undirected,1,326,,Mrs. Bennet,Jane Bennet
897.0,906.0,Undirected,1,326,,Mrs. Bennet,Mary Bennet
899.0,906.0,Undirected,1,326,,Mr. Bingley,Mary Bennet
896.0,907.0,Undirected,1,326,,Mr. Bennet,Kitty Bennet
904.0,907.0,Undirected,1,326,,Jane Bennet,Kitty Bennet
896.0,1712.0,Undirected,1,327,,Mr. Bennet,Mr. Darcy
896.0,897.0,Undirected,1,327,,Mr. Bennet,Mrs. Bennet
907.0,1712.0,Undirected,1,327,,Kitty Bennet,Mr. Darcy
899.0,907.0,Undirected,1,327,,Mr. Bingley,Kitty Bennet
899.0,904.0,Undirected,1,327,,Mr. Bingley,Jane Bennet
904.0,907.0,Undirected,1,327,,Jane Bennet,Kitty Bennet
899.0,903.0,Undirected,1,327,,Mr. Bingley,Elizabeth Bennet
896.0,903.0,Undirected,1,327,,Mr. Bennet,Elizabeth Bennet
904.0,1712.0,Undirected,1,327,,Jane Bennet,Mr. Darcy
896.0,904.0,Undirected,1,327,,Mr. Bennet,Jane Bennet
903.0,904.0,Undirected,1,327,,Elizabeth Bennet,Jane Bennet
897.0,904.0,Undirected,1,327,,Mrs. Bennet,Jane Bennet
896.0,907.0,Undirected,1,327,,Mr. Bennet,Kitty Bennet
903.0,1712.0,Undirected,1,327,,Elizabeth Bennet,Mr. Darcy
897.0,899.0,Undirected,1,327,,Mrs. Bennet,Mr. Bingley
903.0,907.0,Undirected,1,327,,Elizabeth Bennet,Kitty Bennet
897.0,1712.0,Undirected,1,327,,Mrs. Bennet,Mr. Darcy
899.0,1712.0,Undirected,1,327,,Mr. Bingley,Mr. Darcy
896.0,899.0,Undirected,1,327,,Mr. Bennet,Mr. Bingley
897.0,903.0,Undirected,1,327,,Mrs. Bennet,Elizabeth Bennet
897.0,907.0,Undirected,1,327,,Mrs. Bennet,Kitty Bennet
899.0,904.0,Undirected,1,328,,Mr. Bingley,Jane Bennet
903.0,1713.0,Undirected,1,328,,Elizabeth Bennet,Miss Bingley
903.0,904.0,Undirected,1,328,,Elizabeth Bennet,Jane Bennet
899.0,907.0,Undirected,1,328,,Mr. Bingley,Kitty Bennet
897.0,904.0,Undirected,1,328,,Mrs. Bennet,Jane Bennet
897.0,899.0,Undirected,1,328,,Mrs. Bennet,Mr. Bingley
897.0,907.0,Undirected,1,328,,Mrs. Bennet,Kitty Bennet
896.0,904.0,Undirected,1,328,,Mr. Bennet,Jane Bennet
896.0,1713.0,Undirected,1,328,,Mr. Bennet,Miss Bingley
899.0,1712.0,Undirected,1,328,,Mr. Bingley,Mr. Darcy
907.0,1712.0,Undirected,1,328,,Kitty Bennet,Mr. Darcy
896.0,907.0,Undirected,1,328,,Mr. Bennet,Kitty Bennet
899.0,903.0,Undirected,1,328,,Mr. Bingley,Elizabeth Bennet
1712.0,1713.0,Undirected,1,328,,Mr. Darcy,Miss Bingley
896.0,897.0,Undirected,1,328,,Mr. Bennet,Mrs. Bennet
904.0,907.0,Undirected,1,328,,Jane Bennet,Kitty Bennet
897.0,1713.0,Undirected,1,328,,Mrs. Bennet,Miss Bingley
899.0,1713.0,Undirected,1,328,,Mr. Bingley,Miss Bingley
904.0,1712.0,Undirected,1,328,,Jane Bennet,Mr. Darcy
896.0,899.0,Undirected,1,328,,Mr. Bennet,Mr. Bingley
903.0,907.0,Undirected,1,328,,Elizabeth Bennet,Kitty Bennet
904.0,1713.0,Undirected,1,328,,Jane Bennet,Miss Bingley
897.0,903.0,Undirected,1,328,,Mrs. Bennet,Elizabeth Bennet
896.0,1712.0,Undirected,1,328,,Mr. Bennet,Mr. Darcy
907.0,1713.0,Undirected,1,328,,Kitty Bennet,Miss Bingley
897.0,1712.0,Undirected,1,328,,Mrs. Bennet,Mr. Darcy
903.0,1712.0,Undirected,1,328,,Elizabeth Bennet,Mr. Darcy
896.0,903.0,Undirected,1,328,,Mr. Bennet,Elizabeth Bennet
896.0,906.0,Undirected,1,329,,Mr. Bennet,Mary Bennet
896.0,907.0,Undirected,1,329,,Mr. Bennet,Kitty Bennet
896.0,897.0,Undirected,1,329,,Mr. Bennet,Mrs. Bennet
899.0,904.0,Undirected,1,329,,Mr. Bingley,Jane Bennet
899.0,906.0,Undirected,1,329,,Mr. Bingley,Mary Bennet
897.0,904.0,Undirected,1,329,,Mrs. Bennet,Jane Bennet
906.0,907.0,Undirected,1,329,,Mary Bennet,Kitty Bennet
904.0,906.0,Undirected,1,329,,Jane Bennet,Mary Bennet
896.0,899.0,Undirected,1,329,,Mr. Bennet,Mr. Bingley
904.0,907.0,Undirected,1,329,,Jane Bennet,Kitty Bennet
896.0,904.0,Undirected,1,329,,Mr. Bennet,Jane Bennet
897.0,899.0,Undirected,1,329,,Mrs. Bennet,Mr. Bingley
897.0,906.0,Undirected,1,329,,Mrs. Bennet,Mary Bennet
899.0,907.0,Undirected,1,329,,Mr. Bingley,Kitty Bennet
897.0,907.0,Undirected,1,329,,Mrs. Bennet,Kitty Bennet
1712.0,1713.0,Undirected,1,330,,Mr. Darcy,Miss Bingley
899.0,1713.0,Undirected,1,330,,Mr. Bingley,Miss Bingley
903.0,1712.0,Undirected,1,330,,Elizabeth Bennet,Mr. Darcy
904.0,1712.0,Undirected,1,330,,Jane Bennet,Mr. Darcy
903.0,1713.0,Undirected,1,330,,Elizabeth Bennet,Miss Bingley
903.0,904.0,Undirected,1,330,,Elizabeth Bennet,Jane Bennet
899.0,904.0,Undirected,1,330,,Mr. Bingley,Jane Bennet
899.0,1712.0,Undirected,1,330,,Mr. Bingley,Mr. Darcy
904.0,1713.0,Undirected,1,330,,Jane Bennet,Miss Bingley
899.0,903.0,Undirected,1,330,,Mr. Bingley,Elizabeth Bennet
907.0,88.0,Undirected,1,331,,Kitty Bennet,Neighbours (in Meryton)
896.0,88.0,Undirected,1,331,,Mr. Bennet,Neighbours (in Meryton)
896.0,903.0,Undirected,1,331,,Mr. Bennet,Elizabeth Bennet
903.0,904.0,Undirected,1,331,,Elizabeth Bennet,Jane Bennet
904.0,906.0,Undirected,1,331,,Jane Bennet,Mary Bennet
897.0,903.0,Undirected,1,331,,Mrs. Bennet,Elizabeth Bennet
896.0,904.0,Undirected,1,331,,Mr. Bennet,Jane Bennet
1751.0,88.0,Undirected,1,331,,Mr. Collins,Neighbours (in Meryton)
906.0,88.0,Undirected,1,331,,Mary Bennet,Neighbours (in Meryton)
904.0,1717.0,Undirected,1,331,,Jane Bennet,Mrs. Philips
896.0,897.0,Undirected,1,331,,Mr. Bennet,Mrs. Bennet
906.0,1717.0,Undirected,1,331,,Mary Bennet,Mrs. Philips
1717.0,1751.0,Undirected,1,331,,Mrs. Philips,Mr. Collins
903.0,1751.0,Undirected,1,331,,Elizabeth Bennet,Mr. Collins
897.0,1717.0,Undirected,1,331,,Mrs. Bennet,Mrs. Philips
897.0,88.0,Undirected,1,331,,Mrs. Bennet,Neighbours (in Meryton)
903.0,906.0,Undirected,1,331,,Elizabeth Bennet,Mary Bennet
897.0,1751.0,Undirected,1,331,,Mrs. Bennet,Mr. Collins
897.0,907.0,Undirected,1,331,,Mrs. Bennet,Kitty Bennet
906.0,907.0,Undirected,1,331,,Mary Bennet,Kitty Bennet
896.0,1751.0,Undirected,1,331,,Mr. Bennet,Mr. Collins
903.0,1717.0,Undirected,1,331,,Elizabeth Bennet,Mrs. Philips
896.0,1717.0,Undirected,1,331,,Mr. Bennet,Mrs. Philips
896.0,907.0,Undirected,1,331,,Mr. Bennet,Kitty Bennet
907.0,1751.0,Undirected,1,331,,Kitty Bennet,Mr. Collins
897.0,904.0,Undirected,1,331,,Mrs. Bennet,Jane Bennet
904.0,1751.0,Undirected,1,331,,Jane Bennet,Mr. Collins
907.0,1717.0,Undirected,1,331,,Kitty Bennet,Mrs. Philips
1717.0,88.0,Undirected,1,331,,Mrs. Philips,Neighbours (in Meryton)
906.0,1751.0,Undirected,1,331,,Mary Bennet,Mr. Collins
904.0,907.0,Undirected,1,331,,Jane Bennet,Kitty Bennet
896.0,906.0,Undirected,1,331,,Mr. Bennet,Mary Bennet
904.0,88.0,Undirected,1,331,,Jane Bennet,Neighbours (in Meryton)
903.0,88.0,Undirected,1,331,,Elizabeth Bennet,Neighbours (in Meryton)
897.0,906.0,Undirected,1,331,,Mrs. Bennet,Mary Bennet
903.0,907.0,Undirected,1,331,,Elizabeth Bennet,Kitty Bennet
897.0,906.0,Undirected,1,332,,Mrs. Bennet,Mary Bennet
904.0,907.0,Undirected,1,332,,Jane Bennet,Kitty Bennet
897.0,899.0,Undirected,1,332,,Mrs. Bennet,Mr. Bingley
897.0,1752.0,Undirected,1,332,,Mrs. Bennet,Lady Catherine de Bourgh
899.0,904.0,Undirected,1,332,,Mr. Bingley,Jane Bennet
897.0,907.0,Undirected,1,332,,Mrs. Bennet,Kitty Bennet
906.0,907.0,Undirected,1,332,,Mary Bennet,Kitty Bennet
897.0,903.0,Undirected,1,332,,Mrs. Bennet,Elizabeth Bennet
906.0,1752.0,Undirected,1,332,,Mary Bennet,Lady Catherine de Bourgh
903.0,1752.0,Undirected,1,332,,Elizabeth Bennet,Lady Catherine de Bourgh
904.0,906.0,Undirected,1,332,,Jane Bennet,Mary Bennet
903.0,904.0,Undirected,1,332,,Elizabeth Bennet,Jane Bennet
899.0,1752.0,Undirected,1,332,,Mr. Bingley,Lady Catherine de Bourgh
899.0,903.0,Undirected,1,332,,Mr. Bingley,Elizabeth Bennet
904.0,1752.0,Undirected,1,332,,Jane Bennet,Lady Catherine de Bourgh
907.0,1752.0,Undirected,1,332,,Kitty Bennet,Lady Catherine de Bourgh
899.0,906.0,Undirected,1,332,,Mr. Bingley,Mary Bennet
897.0,904.0,Undirected,1,332,,Mrs. Bennet,Jane Bennet
903.0,907.0,Undirected,1,332,,Elizabeth Bennet,Kitty Bennet
899.0,907.0,Undirected,1,332,,Mr. Bingley,Kitty Bennet
903.0,906.0,Undirected,1,332,,Elizabeth Bennet,Mary Bennet
1715.0,1751.0,Undirected,1,333,,Charlotte Lucas,Mr. Collins
897.0,1751.0,Undirected,1,333,,Mrs. Bennet,Mr. Collins
897.0,907.0,Undirected,1,333,,Mrs. Bennet,Kitty Bennet
904.0,19.0,Undirected,1,333,,Jane Bennet,Sir William Lucas
899.0,19.0,Undirected,1,333,,Mr. Bingley,Sir William Lucas
907.0,19.0,Undirected,1,333,,Kitty Bennet,Sir William Lucas
899.0,1751.0,Undirected,1,333,,Mr. Bingley,Mr. Collins
1715.0,19.0,Undirected,1,333,,Charlotte Lucas,Sir William Lucas
1751.0,1752.0,Undirected,1,333,,Mr. Collins,Lady Catherine de Bourgh
899.0,907.0,Undirected,1,333,,Mr. Bingley,Kitty Bennet
904.0,1715.0,Undirected,1,333,,Jane Bennet,Charlotte Lucas
899.0,1715.0,Undirected,1,333,,Mr. Bingley,Charlotte Lucas
897.0,903.0,Undirected,1,333,,Mrs. Bennet,Elizabeth Bennet
903.0,1715.0,Undirected,1,333,,Elizabeth Bennet,Charlotte Lucas
1715.0,1752.0,Undirected,1,333,,Charlotte Lucas,Lady Catherine de Bourgh
904.0,1751.0,Undirected,1,333,,Jane Bennet,Mr. Collins
19.0,1751.0,Undirected,1,333,,Sir William Lucas,Mr. Collins
897.0,1752.0,Undirected,1,333,,Mrs. Bennet,Lady Catherine de Bourgh
903.0,904.0,Undirected,1,333,,Elizabeth Bennet,Jane Bennet
899.0,1752.0,Undirected,1,333,,Mr. Bingley,Lady Catherine de Bourgh
903.0,907.0,Undirected,1,333,,Elizabeth Bennet,Kitty Bennet
899.0,904.0,Undirected,1,333,,Mr. Bingley,Jane Bennet
907.0,1752.0,Undirected,1,333,,Kitty Bennet,Lady Catherine de Bourgh
907.0,1715.0,Undirected,1,333,,Kitty Bennet,Charlotte Lucas
897.0,899.0,Undirected,1,333,,Mrs. Bennet,Mr. Bingley
904.0,907.0,Undirected,1,333,,Jane Bennet,Kitty Bennet
899.0,903.0,Undirected,1,333,,Mr. Bingley,Elizabeth Bennet
907.0,1751.0,Undirected,1,333,,Kitty Bennet,Mr. Collins
903.0,19.0,Undirected,1,333,,Elizabeth Bennet,Sir William Lucas
897.0,1715.0,Undirected,1,333,,Mrs. Bennet,Charlotte Lucas
897.0,19.0,Undirected,1,333,,Mrs. Bennet,Sir William Lucas
903.0,1751.0,Undirected,1,333,,Elizabeth Bennet,Mr. Collins
903.0,1752.0,Undirected,1,333,,Elizabeth Bennet,Lady Catherine de Bourgh
904.0,1752.0,Undirected,1,333,,Jane Bennet,Lady Catherine de Bourgh
897.0,904.0,Undirected,1,333,,Mrs. Bennet,Jane Bennet
19.0,1752.0,Undirected,1,333,,Sir William Lucas,Lady Catherine de Bourgh
86.0,1752.0,Undirected,1,334,,Lady Catherine de Bourgh's waiting-woman,Lady Catherine de Bourgh
904.0,1752.0,Undirected,1,334,,Jane Bennet,Lady Catherine de Bourgh
903.0,904.0,Undirected,1,334,,Elizabeth Bennet,Jane Bennet
904.0,86.0,Undirected,1,334,,Jane Bennet,Lady Catherine de Bourgh's waiting-woman
1712.0,1752.0,Undirected,1,334,,Mr. Darcy,Lady Catherine de Bourgh
904.0,1712.0,Undirected,1,334,,Jane Bennet,Mr. Darcy
903.0,86.0,Undirected,1,334,,Elizabeth Bennet,Lady Catherine de Bourgh's waiting-woman
903.0,1752.0,Undirected,1,334,,Elizabeth Bennet,Lady Catherine de Bourgh
1712.0,86.0,Undirected,1,334,,Mr. Darcy,Lady Catherine de Bourgh's waiting-woman
903.0,1712.0,Undirected,1,334,,Elizabeth Bennet,Mr. Darcy
897.0,906.0,Undirected,1,335,,Mrs. Bennet,Mary Bennet
903.0,1712.0,Undirected,1,335,,Elizabeth Bennet,Mr. Darcy
904.0,906.0,Undirected,1,335,,Jane Bennet,Mary Bennet
33.0,906.0,Undirected,1,335,,Miss de Bourgh,Mary Bennet
906.0,1752.0,Undirected,1,335,,Mary Bennet,Lady Catherine de Bourgh
906.0,907.0,Undirected,1,335,,Mary Bennet,Kitty Bennet
907.0,1712.0,Undirected,1,335,,Kitty Bennet,Mr. Darcy
903.0,906.0,Undirected,1,335,,Elizabeth Bennet,Mary Bennet
897.0,903.0,Undirected,1,335,,Mrs. Bennet,Elizabeth Bennet
33.0,907.0,Undirected,1,335,,Miss de Bourgh,Kitty Bennet
897.0,1712.0,Undirected,1,335,,Mrs. Bennet,Mr. Darcy
903.0,1752.0,Undirected,1,335,,Elizabeth Bennet,Lady Catherine de Bourgh
903.0,904.0,Undirected,1,335,,Elizabeth Bennet,Jane Bennet
897.0,904.0,Undirected,1,335,,Mrs. Bennet,Jane Bennet
906.0,1712.0,Undirected,1,335,,Mary Bennet,Mr. Darcy
897.0,907.0,Undirected,1,335,,Mrs. Bennet,Kitty Bennet
903.0,907.0,Undirected,1,335,,Elizabeth Bennet,Kitty Bennet
33.0,897.0,Undirected,1,335,,Miss de Bourgh,Mrs. Bennet
33.0,903.0,Undirected,1,335,,Miss de Bourgh,Elizabeth Bennet
904.0,907.0,Undirected,1,335,,Jane Bennet,Kitty Bennet
1712.0,1752.0,Undirected,1,335,,Mr. Darcy,Lady Catherine de Bourgh
33.0,1712.0,Undirected,1,335,,Miss de Bourgh,Mr. Darcy
907.0,1752.0,Undirected,1,335,,Kitty Bennet,Lady Catherine de Bourgh
33.0,904.0,Undirected,1,335,,Miss de Bourgh,Jane Bennet
897.0,1752.0,Undirected,1,335,,Mrs. Bennet,Lady Catherine de Bourgh
904.0,1712.0,Undirected,1,335,,Jane Bennet,Mr. Darcy
33.0,1752.0,Undirected,1,335,,Miss de Bourgh,Lady Catherine de Bourgh
904.0,1752.0,Undirected,1,335,,Jane Bennet,Lady Catherine de Bourgh
903.0,1712.0,Undirected,1,336,,Elizabeth Bennet,Mr. Darcy
87.0,1752.0,Undirected,1,336,,Mr. Darcy's friends,Lady Catherine de Bourgh
44.0,87.0,Undirected,1,336,,Mr. Darcy's mother,Mr. Darcy's friends
33.0,87.0,Undirected,1,336,,Miss de Bourgh,Mr. Darcy's friends
1712.0,1752.0,Undirected,1,336,,Mr. Darcy,Lady Catherine de Bourgh
44.0,1712.0,Undirected,1,336,,Mr. Darcy's mother,Mr. Darcy
33.0,1712.0,Undirected,1,336,,Miss de Bourgh,Mr. Darcy
33.0,1752.0,Undirected,1,336,,Miss de Bourgh,Lady Catherine de Bourgh
903.0,87.0,Undirected,1,336,,Elizabeth Bennet,Mr. Darcy's friends
903.0,44.0,Undirected,1,336,,Elizabeth Bennet,Mr. Darcy's mother
903.0,1752.0,Undirected,1,336,,Elizabeth Bennet,Lady Catherine de Bourgh
44.0,1752.0,Undirected,1,336,,Mr. Darcy's mother,Lady Catherine de Bourgh
1712.0,87.0,Undirected,1,336,,Mr. Darcy,Mr. Darcy's friends
33.0,903.0,Undirected,1,336,,Miss de Bourgh,Elizabeth Bennet
33.0,44.0,Undirected,1,336,,Miss de Bourgh,Mr. Darcy's mother
1712.0,1752.0,Undirected,1,337,,Mr. Darcy,Lady Catherine de Bourgh
897.0,1712.0,Undirected,1,337,,Mrs. Bennet,Mr. Darcy
903.0,1752.0,Undirected,1,337,,Elizabeth Bennet,Lady Catherine de Bourgh
896.0,29.0,Undirected,1,337,,Mr. Bennet,Mr. Darcy's father
29.0,1757.0,Undirected,1,337,,Mr. Darcy's father,Mrs. Gardiner
896.0,897.0,Undirected,1,337,,Mr. Bennet,Mrs. Bennet
896.0,903.0,Undirected,1,337,,Mr. Bennet,Elizabeth Bennet
896.0,1756.0,Undirected,1,337,,Mr. Bennet,Mr. Gardiner
903.0,1757.0,Undirected,1,337,,Elizabeth Bennet,Mrs. Gardiner
897.0,1752.0,Undirected,1,337,,Mrs. Bennet,Lady Catherine de Bourgh
903.0,44.0,Undirected,1,337,,Elizabeth Bennet,Mr. Darcy's mother
1756.0,1757.0,Undirected,1,337,,Mr. Gardiner,Mrs. Gardiner
29.0,1756.0,Undirected,1,337,,Mr. Darcy's father,Mr. Gardiner
44.0,1757.0,Undirected,1,337,,Mr. Darcy's mother,Mrs. Gardiner
896.0,1757.0,Undirected,1,337,,Mr. Bennet,Mrs. Gardiner
1712.0,29.0,Undirected,1,337,,Mr. Darcy,Mr. Darcy's father
897.0,1756.0,Undirected,1,337,,Mrs. Bennet,Mr. Gardiner
896.0,44.0,Undirected,1,337,,Mr. Bennet,Mr. Darcy's mother
44.0,1752.0,Undirected,1,337,,Mr. Darcy's mother,Lady Catherine de Bourgh
1712.0,1757.0,Undirected,1,337,,Mr. Darcy,Mrs. Gardiner
903.0,29.0,Undirected,1,337,,Elizabeth Bennet,Mr. Darcy's father
1712.0,1756.0,Undirected,1,337,,Mr. Darcy,Mr. Gardiner
33.0,1756.0,Undirected,1,337,,Miss de Bourgh,Mr. Gardiner
903.0,1712.0,Undirected,1,337,,Elizabeth Bennet,Mr. Darcy
1752.0,1756.0,Undirected,1,337,,Lady Catherine de Bourgh,Mr. Gardiner
33.0,1752.0,Undirected,1,337,,Miss de Bourgh,Lady Catherine de Bourgh
44.0,1756.0,Undirected,1,337,,Mr. Darcy's mother,Mr. Gardiner
1752.0,1757.0,Undirected,1,337,,Lady Catherine de Bourgh,Mrs. Gardiner
33.0,903.0,Undirected,1,337,,Miss de Bourgh,Elizabeth Bennet
897.0,44.0,Undirected,1,337,,Mrs. Bennet,Mr. Darcy's mother
33.0,1757.0,Undirected,1,337,,Miss de Bourgh,Mrs. Gardiner
897.0,1757.0,Undirected,1,337,,Mrs. Bennet,Mrs. Gardiner
896.0,33.0,Undirected,1,337,,Mr. Bennet,Miss de Bourgh
33.0,29.0,Undirected,1,337,,Miss de Bourgh,Mr. Darcy's father
897.0,903.0,Undirected,1,337,,Mrs. Bennet,Elizabeth Bennet
896.0,1712.0,Undirected,1,337,,Mr. Bennet,Mr. Darcy
29.0,1752.0,Undirected,1,337,,Mr. Darcy's father,Lady Catherine de Bourgh
897.0,29.0,Undirected,1,337,,Mrs. Bennet,Mr. Darcy's father
896.0,1752.0,Undirected,1,337,,Mr. Bennet,Lady Catherine de Bourgh
44.0,29.0,Undirected,1,337,,Mr. Darcy's mother,Mr. Darcy's father
33.0,44.0,Undirected,1,337,,Miss de Bourgh,Mr. Darcy's mother
903.0,1756.0,Undirected,1,337,,Elizabeth Bennet,Mr. Gardiner
33.0,897.0,Undirected,1,337,,Miss de Bourgh,Mrs. Bennet
33.0,1712.0,Undirected,1,337,,Miss de Bourgh,Mr. Darcy
44.0,1712.0,Undirected,1,337,,Mr. Darcy's mother,Mr. Darcy
905.0,1756.0,Undirected,1,338,,Lydia Bennet,Mr. Gardiner
905.0,29.0,Undirected,1,338,,Lydia Bennet,Mr. Darcy's father
1752.0,1756.0,Undirected,1,338,,Lady Catherine de Bourgh,Mr. Gardiner
1750.0,87.0,Undirected,1,338,,Mr. Wickham,Mr. Darcy's friends
1757.0,42.0,Undirected,1,338,,Mrs. Gardiner,Mr. Wickham's father
896.0,1757.0,Undirected,1,338,,Mr. Bennet,Mrs. Gardiner
42.0,1712.0,Undirected,1,338,,Mr. Wickham's father,Mr. Darcy
903.0,42.0,Undirected,1,338,,Elizabeth Bennet,Mr. Wickham's father
1757.0,1750.0,Undirected,1,338,,Mrs. Gardiner,Mr. Wickham
87.0,29.0,Undirected,1,338,,Mr. Darcy's friends,Mr. Darcy's father
1757.0,905.0,Undirected,1,338,,Mrs. Gardiner,Lydia Bennet
1750.0,1752.0,Undirected,1,338,,Mr. Wickham,Lady Catherine de Bourgh
905.0,1712.0,Undirected,1,338,,Lydia Bennet,Mr. Darcy
896.0,1756.0,Undirected,1,338,,Mr. Bennet,Mr. Gardiner
1757.0,29.0,Undirected,1,338,,Mrs. Gardiner,Mr. Darcy's father
1712.0,1756.0,Undirected,1,338,,Mr. Darcy,Mr. Gardiner
905.0,87.0,Undirected,1,338,,Lydia Bennet,Mr. Darcy's friends
896.0,87.0,Undirected,1,338,,Mr. Bennet,Mr. Darcy's friends
896.0,1712.0,Undirected,1,338,,Mr. Bennet,Mr. Darcy
1712.0,87.0,Undirected,1,338,,Mr. Darcy,Mr. Darcy's friends
896.0,903.0,Undirected,1,338,,Mr. Bennet,Elizabeth Bennet
903.0,1757.0,Undirected,1,338,,Elizabeth Bennet,Mrs. Gardiner
1712.0,29.0,Undirected,1,338,,Mr. Darcy,Mr. Darcy's father
42.0,1752.0,Undirected,1,338,,Mr. Wickham's father,Lady Catherine de Bourgh
1750.0,29.0,Undirected,1,338,,Mr. Wickham,Mr. Darcy's father
42.0,87.0,Undirected,1,338,,Mr. Wickham's father,Mr. Darcy's friends
42.0,1756.0,Undirected,1,338,,Mr. Wickham's father,Mr. Gardiner
903.0,1712.0,Undirected,1,338,,Elizabeth Bennet,Mr. Darcy
1757.0,1752.0,Undirected,1,338,,Mrs. Gardiner,Lady Catherine de Bourgh
903.0,1756.0,Undirected,1,338,,Elizabeth Bennet,Mr. Gardiner
905.0,42.0,Undirected,1,338,,Lydia Bennet,Mr. Wickham's father
903.0,1750.0,Undirected,1,338,,Elizabeth Bennet,Mr. Wickham
42.0,1750.0,Undirected,1,338,,Mr. Wickham's father,Mr. Wickham
896.0,29.0,Undirected,1,338,,Mr. Bennet,Mr. Darcy's father
903.0,1752.0,Undirected,1,338,,Elizabeth Bennet,Lady Catherine de Bourgh
1712.0,1752.0,Undirected,1,338,,Mr. Darcy,Lady Catherine de Bourgh
896.0,1750.0,Undirected,1,338,,Mr. Bennet,Mr. Wickham
903.0,905.0,Undirected,1,338,,Elizabeth Bennet,Lydia Bennet
87.0,1756.0,Undirected,1,338,,Mr. Darcy's friends,Mr. Gardiner
1752.0,29.0,Undirected,1,338,,Lady Catherine de Bourgh,Mr. Darcy's father
903.0,87.0,Undirected,1,338,,Elizabeth Bennet,Mr. Darcy's friends
1756.0,29.0,Undirected,1,338,,Mr. Gardiner,Mr. Darcy's father
1712.0,1750.0,Undirected,1,338,,Mr. Darcy,Mr. Wickham
896.0,42.0,Undirected,1,338,,Mr. Bennet,Mr. Wickham's father
1757.0,1712.0,Undirected,1,338,,Mrs. Gardiner,Mr. Darcy
905.0,1750.0,Undirected,1,338,,Lydia Bennet,Mr. Wickham
905.0,1752.0,Undirected,1,338,,Lydia Bennet,Lady Catherine de Bourgh
896.0,1752.0,Undirected,1,338,,Mr. Bennet,Lady Catherine de Bourgh
896.0,905.0,Undirected,1,338,,Mr. Bennet,Lydia Bennet
1750.0,1756.0,Undirected,1,338,,Mr. Wickham,Mr. Gardiner
87.0,1752.0,Undirected,1,338,,Mr. Darcy's friends,Lady Catherine de Bourgh
42.0,29.0,Undirected,1,338,,Mr. Wickham's father,Mr. Darcy's father
1757.0,87.0,Undirected,1,338,,Mrs. Gardiner,Mr. Darcy's friends
903.0,29.0,Undirected,1,338,,Elizabeth Bennet,Mr. Darcy's father
1757.0,1756.0,Undirected,1,338,,Mrs. Gardiner,Mr. Gardiner
1715.0,1751.0,Undirected,1,339,,Charlotte Lucas,Mr. Collins
903.0,1752.0,Undirected,1,339,,Elizabeth Bennet,Lady Catherine de Bourgh
903.0,1751.0,Undirected,1,339,,Elizabeth Bennet,Mr. Collins
897.0,1715.0,Undirected,1,339,,Mrs. Bennet,Charlotte Lucas
897.0,903.0,Undirected,1,339,,Mrs. Bennet,Elizabeth Bennet
1715.0,1752.0,Undirected,1,339,,Charlotte Lucas,Lady Catherine de Bourgh
903.0,1712.0,Undirected,1,339,,Elizabeth Bennet,Mr. Darcy
1712.0,1751.0,Undirected,1,339,,Mr. Darcy,Mr. Collins
897.0,1752.0,Undirected,1,339,,Mrs. Bennet,Lady Catherine de Bourgh
897.0,1712.0,Undirected,1,339,,Mrs. Bennet,Mr. Darcy
897.0,1751.0,Undirected,1,339,,Mrs. Bennet,Mr. Collins
1751.0,1752.0,Undirected,1,339,,Mr. Collins,Lady Catherine de Bourgh
903.0,1715.0,Undirected,1,339,,Elizabeth Bennet,Charlotte Lucas
1712.0,1715.0,Undirected,1,339,,Mr. Darcy,Charlotte Lucas
1712.0,1752.0,Undirected,1,339,,Mr. Darcy,Lady Catherine de Bourgh
1715.0,1752.0,Undirected,1,340,,Charlotte Lucas,Lady Catherine de Bourgh
903.0,1712.0,Undirected,1,340,,Elizabeth Bennet,Mr. Darcy
903.0,1751.0,Undirected,1,340,,Elizabeth Bennet,Mr. Collins
899.0,1752.0,Undirected,1,340,,Mr. Bingley,Lady Catherine de Bourgh
1712.0,1751.0,Undirected,1,340,,Mr. Darcy,Mr. Collins
1712.0,1752.0,Undirected,1,340,,Mr. Darcy,Lady Catherine de Bourgh
899.0,1715.0,Undirected,1,340,,Mr. Bingley,Charlotte Lucas
904.0,1715.0,Undirected,1,340,,Jane Bennet,Charlotte Lucas
899.0,903.0,Undirected,1,340,,Mr. Bingley,Elizabeth Bennet
903.0,904.0,Undirected,1,340,,Elizabeth Bennet,Jane Bennet
899.0,1751.0,Undirected,1,340,,Mr. Bingley,Mr. Collins
899.0,904.0,Undirected,1,340,,Mr. Bingley,Jane Bennet
904.0,1752.0,Undirected,1,340,,Jane Bennet,Lady Catherine de Bourgh
1751.0,1752.0,Undirected,1,340,,Mr. Collins,Lady Catherine de Bourgh
1715.0,1751.0,Undirected,1,340,,Charlotte Lucas,Mr. Collins
903.0,1752.0,Undirected,1,340,,Elizabeth Bennet,Lady Catherine de Bourgh
899.0,1712.0,Undirected,1,340,,Mr. Bingley,Mr. Darcy
904.0,1751.0,Undirected,1,340,,Jane Bennet,Mr. Collins
904.0,1712.0,Undirected,1,340,,Jane Bennet,Mr. Darcy
1712.0,1715.0,Undirected,1,340,,Mr. Darcy,Charlotte Lucas
903.0,1715.0,Undirected,1,340,,Elizabeth Bennet,Charlotte Lucas
903.0,1752.0,Undirected,1,341,,Elizabeth Bennet,Lady Catherine de Bourgh
897.0,1712.0,Undirected,1,341,,Mrs. Bennet,Mr. Darcy
903.0,907.0,Undirected,1,341,,Elizabeth Bennet,Kitty Bennet
899.0,903.0,Undirected,1,341,,Mr. Bingley,Elizabeth Bennet
907.0,1752.0,Undirected,1,341,,Kitty Bennet,Lady Catherine de Bourgh
897.0,906.0,Undirected,1,341,,Mrs. Bennet,Mary Bennet
899.0,907.0,Undirected,1,341,,Mr. Bingley,Kitty Bennet
903.0,1712.0,Undirected,1,341,,Elizabeth Bennet,Mr. Darcy
1712.0,1752.0,Undirected,1,341,,Mr. Darcy,Lady Catherine de Bourgh
906.0,907.0,Undirected,1,341,,Mary Bennet,Kitty Bennet
904.0,1752.0,Undirected,1,341,,Jane Bennet,Lady Catherine de Bourgh
904.0,907.0,Undirected,1,341,,Jane Bennet,Kitty Bennet
896.0,903.0,Undirected,1,341,,Mr. Bennet,Elizabeth Bennet
903.0,906.0,Undirected,1,341,,Elizabeth Bennet,Mary Bennet
897.0,899.0,Undirected,1,341,,Mrs. Bennet,Mr. Bingley
896.0,906.0,Undirected,1,341,,Mr. Bennet,Mary Bennet
896.0,897.0,Undirected,1,341,,Mr. Bennet,Mrs. Bennet
903.0,904.0,Undirected,1,341,,Elizabeth Bennet,Jane Bennet
899.0,1752.0,Undirected,1,341,,Mr. Bingley,Lady Catherine de Bourgh
906.0,1752.0,Undirected,1,341,,Mary Bennet,Lady Catherine de Bourgh
897.0,1752.0,Undirected,1,341,,Mrs. Bennet,Lady Catherine de Bourgh
904.0,1712.0,Undirected,1,341,,Jane Bennet,Mr. Darcy
899.0,904.0,Undirected,1,341,,Mr. Bingley,Jane Bennet
897.0,904.0,Undirected,1,341,,Mrs. Bennet,Jane Bennet
899.0,906.0,Undirected,1,341,,Mr. Bingley,Mary Bennet
896.0,899.0,Undirected,1,341,,Mr. Bennet,Mr. Bingley
906.0,1712.0,Undirected,1,341,,Mary Bennet,Mr. Darcy
896.0,1752.0,Undirected,1,341,,Mr. Bennet,Lady Catherine de Bourgh
897.0,907.0,Undirected,1,341,,Mrs. Bennet,Kitty Bennet
904.0,906.0,Undirected,1,341,,Jane Bennet,Mary Bennet
896.0,904.0,Undirected,1,341,,Mr. Bennet,Jane Bennet
899.0,1712.0,Undirected,1,341,,Mr. Bingley,Mr. Darcy
897.0,903.0,Undirected,1,341,,Mrs. Bennet,Elizabeth Bennet
896.0,1712.0,Undirected,1,341,,Mr. Bennet,Mr. Darcy
907.0,1712.0,Undirected,1,341,,Kitty Bennet,Mr. Darcy
896.0,907.0,Undirected,1,341,,Mr. Bennet,Kitty Bennet
896.0,903.0,Undirected,1,342,,Mr. Bennet,Elizabeth Bennet
896.0,904.0,Undirected,1,342,,Mr. Bennet,Jane Bennet
904.0,1751.0,Undirected,1,342,,Jane Bennet,Mr. Collins
904.0,1715.0,Undirected,1,342,,Jane Bennet,Charlotte Lucas
1712.0,1751.0,Undirected,1,342,,Mr. Darcy,Mr. Collins
903.0,1712.0,Undirected,1,342,,Elizabeth Bennet,Mr. Darcy
903.0,904.0,Undirected,1,342,,Elizabeth Bennet,Jane Bennet
1712.0,1715.0,Undirected,1,342,,Mr. Darcy,Charlotte Lucas
896.0,1752.0,Undirected,1,342,,Mr. Bennet,Lady Catherine de Bourgh
1715.0,1751.0,Undirected,1,342,,Charlotte Lucas,Mr. Collins
896.0,1715.0,Undirected,1,342,,Mr. Bennet,Charlotte Lucas
896.0,1712.0,Undirected,1,342,,Mr. Bennet,Mr. Darcy
904.0,1752.0,Undirected,1,342,,Jane Bennet,Lady Catherine de Bourgh
1712.0,1752.0,Undirected,1,342,,Mr. Darcy,Lady Catherine de Bourgh
896.0,1751.0,Undirected,1,342,,Mr. Bennet,Mr. Collins
903.0,1751.0,Undirected,1,342,,Elizabeth Bennet,Mr. Collins
1715.0,1752.0,Undirected,1,342,,Charlotte Lucas,Lady Catherine de Bourgh
1751.0,1752.0,Undirected,1,342,,Mr. Collins,Lady Catherine de Bourgh
903.0,1752.0,Undirected,1,342,,Elizabeth Bennet,Lady Catherine de Bourgh
903.0,1715.0,Undirected,1,342,,Elizabeth Bennet,Charlotte Lucas
904.0,1712.0,Undirected,1,342,,Jane Bennet,Mr. Darcy
903.0,1751.0,Undirected,1,343,,Elizabeth Bennet,Mr. Collins
1750.0,1752.0,Undirected,1,343,,Mr. Wickham,Lady Catherine de Bourgh
896.0,903.0,Undirected,1,343,,Mr. Bennet,Elizabeth Bennet
1712.0,1715.0,Undirected,1,343,,Mr. Darcy,Charlotte Lucas
903.0,1752.0,Undirected,1,343,,Elizabeth Bennet,Lady Catherine de Bourgh
1750.0,1751.0,Undirected,1,343,,Mr. Wickham,Mr. Collins
903.0,1750.0,Undirected,1,343,,Elizabeth Bennet,Mr. Wickham
903.0,1715.0,Undirected,1,343,,Elizabeth Bennet,Charlotte Lucas
905.0,1752.0,Undirected,1,343,,Lydia Bennet,Lady Catherine de Bourgh
896.0,1752.0,Undirected,1,343,,Mr. Bennet,Lady Catherine de Bourgh
1712.0,1750.0,Undirected,1,343,,Mr. Darcy,Mr. Wickham
905.0,1715.0,Undirected,1,343,,Lydia Bennet,Charlotte Lucas
896.0,1712.0,Undirected,1,343,,Mr. Bennet,Mr. Darcy
905.0,1751.0,Undirected,1,343,,Lydia Bennet,Mr. Collins
1715.0,1751.0,Undirected,1,343,,Charlotte Lucas,Mr. Collins
905.0,1712.0,Undirected,1,343,,Lydia Bennet,Mr. Darcy
896.0,1750.0,Undirected,1,343,,Mr. Bennet,Mr. Wickham
896.0,1751.0,Undirected,1,343,,Mr. Bennet,Mr. Collins
1715.0,1752.0,Undirected,1,343,,Charlotte Lucas,Lady Catherine de Bourgh
896.0,1715.0,Undirected,1,343,,Mr. Bennet,Charlotte Lucas
1751.0,1752.0,Undirected,1,343,,Mr. Collins,Lady Catherine de Bourgh
903.0,1712.0,Undirected,1,343,,Elizabeth Bennet,Mr. Darcy
1712.0,1751.0,Undirected,1,343,,Mr. Darcy,Mr. Collins
1712.0,1752.0,Undirected,1,343,,Mr. Darcy,Lady Catherine de Bourgh
903.0,905.0,Undirected,1,343,,Elizabeth Bennet,Lydia Bennet
905.0,1750.0,Undirected,1,343,,Lydia Bennet,Mr. Wickham
1715.0,1750.0,Undirected,1,343,,Charlotte Lucas,Mr. Wickham
896.0,905.0,Undirected,1,343,,Mr. Bennet,Lydia Bennet
903.0,1752.0,Undirected,1,344,,Elizabeth Bennet,Lady Catherine de Bourgh
896.0,903.0,Undirected,1,344,,Mr. Bennet,Elizabeth Bennet
896.0,1752.0,Undirected,1,344,,Mr. Bennet,Lady Catherine de Bourgh
1712.0,1750.0,Undirected,1,344,,Mr. Darcy,Mr. Wickham
1750.0,1751.0,Undirected,1,344,,Mr. Wickham,Mr. Collins
1712.0,1751.0,Undirected,1,344,,Mr. Darcy,Mr. Collins
896.0,1750.0,Undirected,1,344,,Mr. Bennet,Mr. Wickham
1750.0,1752.0,Undirected,1,344,,Mr. Wickham,Lady Catherine de Bourgh
903.0,1712.0,Undirected,1,344,,Elizabeth Bennet,Mr. Darcy
896.0,1751.0,Undirected,1,344,,Mr. Bennet,Mr. Collins
896.0,1712.0,Undirected,1,344,,Mr. Bennet,Mr. Darcy
1712.0,1752.0,Undirected,1,344,,Mr. Darcy,Lady Catherine de Bourgh
903.0,1750.0,Undirected,1,344,,Elizabeth Bennet,Mr. Wickham
903.0,1751.0,Undirected,1,344,,Elizabeth Bennet,Mr. Collins
1751.0,1752.0,Undirected,1,344,,Mr. Collins,Lady Catherine de Bourgh
896.0,899.0,Undirected,1,345,,Mr. Bennet,Mr. Bingley
906.0,1712.0,Undirected,1,345,,Mary Bennet,Mr. Darcy
904.0,1712.0,Undirected,1,345,,Jane Bennet,Mr. Darcy
1712.0,1759.0,Undirected,1,345,,Mr. Darcy,Maria Lucas
896.0,1712.0,Undirected,1,345,,Mr. Bennet,Mr. Darcy
897.0,904.0,Undirected,1,345,,Mrs. Bennet,Jane Bennet
904.0,905.0,Undirected,1,345,,Jane Bennet,Lydia Bennet
905.0,1712.0,Undirected,1,345,,Lydia Bennet,Mr. Darcy
896.0,1752.0,Undirected,1,345,,Mr. Bennet,Lady Catherine de Bourgh
906.0,1759.0,Undirected,1,345,,Mary Bennet,Maria Lucas
896.0,1759.0,Undirected,1,345,,Mr. Bennet,Maria Lucas
896.0,903.0,Undirected,1,345,,Mr. Bennet,Elizabeth Bennet
907.0,1752.0,Undirected,1,345,,Kitty Bennet,Lady Catherine de Bourgh
903.0,906.0,Undirected,1,345,,Elizabeth Bennet,Mary Bennet
896.0,905.0,Undirected,1,345,,Mr. Bennet,Lydia Bennet
899.0,903.0,Undirected,1,345,,Mr. Bingley,Elizabeth Bennet
904.0,1759.0,Undirected,1,345,,Jane Bennet,Maria Lucas
903.0,1712.0,Undirected,1,345,,Elizabeth Bennet,Mr. Darcy
905.0,907.0,Undirected,1,345,,Lydia Bennet,Kitty Bennet
896.0,904.0,Undirected,1,345,,Mr. Bennet,Jane Bennet
896.0,906.0,Undirected,1,345,,Mr. Bennet,Mary Bennet
896.0,897.0,Undirected,1,345,,Mr. Bennet,Mrs. Bennet
905.0,906.0,Undirected,1,345,,Lydia Bennet,Mary Bennet
899.0,904.0,Undirected,1,345,,Mr. Bingley,Jane Bennet
906.0,1752.0,Undirected,1,345,,Mary Bennet,Lady Catherine de Bourgh
899.0,906.0,Undirected,1,345,,Mr. Bingley,Mary Bennet
897.0,899.0,Undirected,1,345,,Mrs. Bennet,Mr. Bingley
897.0,905.0,Undirected,1,345,,Mrs. Bennet,Lydia Bennet
903.0,1759.0,Undirected,1,345,,Elizabeth Bennet,Maria Lucas
906.0,907.0,Undirected,1,345,,Mary Bennet,Kitty Bennet
1752.0,1759.0,Undirected,1,345,,Lady Catherine de Bourgh,Maria Lucas
897.0,1752.0,Undirected,1,345,,Mrs. Bennet,Lady Catherine de Bourgh
897.0,907.0,Undirected,1,345,,Mrs. Bennet,Kitty Bennet
905.0,1759.0,Undirected,1,345,,Lydia Bennet,Maria Lucas
899.0,1752.0,Undirected,1,345,,Mr. Bingley,Lady Catherine de Bourgh
899.0,1712.0,Undirected,1,345,,Mr. Bingley,Mr. Darcy
903.0,1752.0,Undirected,1,345,,Elizabeth Bennet,Lady Catherine de Bourgh
897.0,1712.0,Undirected,1,345,,Mrs. Bennet,Mr. Darcy
903.0,907.0,Undirected,1,345,,Elizabeth Bennet,Kitty Bennet
903.0,904.0,Undirected,1,345,,Elizabeth Bennet,Jane Bennet
904.0,906.0,Undirected,1,345,,Jane Bennet,Mary Bennet
907.0,1759.0,Undirected,1,345,,Kitty Bennet,Maria Lucas
899.0,907.0,Undirected,1,345,,Mr. Bingley,Kitty Bennet
897.0,906.0,Undirected,1,345,,Mrs. Bennet,Mary Bennet
896.0,907.0,Undirected,1,345,,Mr. Bennet,Kitty Bennet
897.0,903.0,Undirected,1,345,,Mrs. Bennet,Elizabeth Bennet
905.0,1752.0,Undirected,1,345,,Lydia Bennet,Lady Catherine de Bourgh
904.0,1752.0,Undirected,1,345,,Jane Bennet,Lady Catherine de Bourgh
903.0,905.0,Undirected,1,345,,Elizabeth Bennet,Lydia Bennet
904.0,907.0,Undirected,1,345,,Jane Bennet,Kitty Bennet
1712.0,1752.0,Undirected,1,345,,Mr. Darcy,Lady Catherine de Bourgh
899.0,1759.0,Undirected,1,345,,Mr. Bingley,Maria Lucas
897.0,1759.0,Undirected,1,345,,Mrs. Bennet,Maria Lucas
899.0,905.0,Undirected,1,345,,Mr. Bingley,Lydia Bennet
907.0,1712.0,Undirected,1,345,,Kitty Bennet,Mr. Darcy
896.0,1757.0,Undirected,1,346,,Mr. Bennet,Mrs. Gardiner
905.0,1757.0,Undirected,1,346,,Lydia Bennet,Mrs. Gardiner
904.0,1712.0,Undirected,1,346,,Jane Bennet,Mr. Darcy
897.0,904.0,Undirected,1,346,,Mrs. Bennet,Jane Bennet
897.0,907.0,Undirected,1,346,,Mrs. Bennet,Kitty Bennet
896.0,906.0,Undirected,1,346,,Mr. Bennet,Mary Bennet
904.0,906.0,Undirected,1,346,,Jane Bennet,Mary Bennet
903.0,904.0,Undirected,1,346,,Elizabeth Bennet,Jane Bennet
903.0,1757.0,Undirected,1,346,,Elizabeth Bennet,Mrs. Gardiner
905.0,907.0,Undirected,1,346,,Lydia Bennet,Kitty Bennet
897.0,903.0,Undirected,1,346,,Mrs. Bennet,Elizabeth Bennet
896.0,904.0,Undirected,1,346,,Mr. Bennet,Jane Bennet
897.0,1757.0,Undirected,1,346,,Mrs. Bennet,Mrs. Gardiner
896.0,903.0,Undirected,1,346,,Mr. Bennet,Elizabeth Bennet
897.0,1712.0,Undirected,1,346,,Mrs. Bennet,Mr. Darcy
896.0,897.0,Undirected,1,346,,Mr. Bennet,Mrs. Bennet
906.0,1757.0,Undirected,1,346,,Mary Bennet,Mrs. Gardiner
904.0,1757.0,Undirected,1,346,,Jane Bennet,Mrs. Gardiner
904.0,905.0,Undirected,1,346,,Jane Bennet,Lydia Bennet
896.0,1712.0,Undirected,1,346,,Mr. Bennet,Mr. Darcy
907.0,1712.0,Undirected,1,346,,Kitty Bennet,Mr. Darcy
907.0,1757.0,Undirected,1,346,,Kitty Bennet,Mrs. Gardiner
897.0,905.0,Undirected,1,346,,Mrs. Bennet,Lydia Bennet
903.0,1712.0,Undirected,1,346,,Elizabeth Bennet,Mr. Darcy
896.0,905.0,Undirected,1,346,,Mr. Bennet,Lydia Bennet
906.0,1712.0,Undirected,1,346,,Mary Bennet,Mr. Darcy
905.0,1712.0,Undirected,1,346,,Lydia Bennet,Mr. Darcy
906.0,907.0,Undirected,1,346,,Mary Bennet,Kitty Bennet
903.0,905.0,Undirected,1,346,,Elizabeth Bennet,Lydia Bennet
904.0,907.0,Undirected,1,346,,Jane Bennet,Kitty Bennet
903.0,907.0,Undirected,1,346,,Elizabeth Bennet,Kitty Bennet
1712.0,1757.0,Undirected,1,346,,Mr. Darcy,Mrs. Gardiner
897.0,906.0,Undirected,1,346,,Mrs. Bennet,Mary Bennet
896.0,907.0,Undirected,1,346,,Mr. Bennet,Kitty Bennet
903.0,906.0,Undirected,1,346,,Elizabeth Bennet,Mary Bennet
905.0,906.0,Undirected,1,346,,Lydia Bennet,Mary Bennet
1752.0,903.0,Undirected,1,347,,Lady Catherine de Bourgh,Elizabeth Bennet
1712.0,903.0,Undirected,1,347,,Mr. Darcy,Elizabeth Bennet
1752.0,1712.0,Undirected,1,347,,Lady Catherine de Bourgh,Mr. Darcy
1712.0,903.0,Undirected,1,348,,Mr. Darcy,Elizabeth Bennet
1712.0,29.0,Undirected,1,349,,Mr. Darcy,Mr. Darcy's father
44.0,29.0,Undirected,1,349,,Mr. Darcy's mother,Mr. Darcy's father
1712.0,903.0,Undirected,1,349,,Mr. Darcy,Elizabeth Bennet
44.0,903.0,Undirected,1,349,,Mr. Darcy's mother,Elizabeth Bennet
29.0,903.0,Undirected,1,349,,Mr. Darcy's father,Elizabeth Bennet
1712.0,44.0,Undirected,1,349,,Mr. Darcy,Mr. Darcy's mother
903.0,905.0,Undirected,1,350,,Elizabeth Bennet,Lydia Bennet
905.0,1712.0,Undirected,1,350,,Lydia Bennet,Mr. Darcy
899.0,903.0,Undirected,1,350,,Mr. Bingley,Elizabeth Bennet
904.0,1712.0,Undirected,1,350,,Jane Bennet,Mr. Darcy
905.0,1747.0,Undirected,1,350,,Lydia Bennet,Miss Darcy
899.0,1747.0,Undirected,1,350,,Mr. Bingley,Miss Darcy
903.0,1747.0,Undirected,1,350,,Elizabeth Bennet,Miss Darcy
903.0,1712.0,Undirected,1,350,,Elizabeth Bennet,Mr. Darcy
899.0,905.0,Undirected,1,350,,Mr. Bingley,Lydia Bennet
899.0,904.0,Undirected,1,350,,Mr. Bingley,Jane Bennet
904.0,905.0,Undirected,1,350,,Jane Bennet,Lydia Bennet
1712.0,1747.0,Undirected,1,350,,Mr. Darcy,Miss Darcy
904.0,1747.0,Undirected,1,350,,Jane Bennet,Miss Darcy
899.0,1712.0,Undirected,1,350,,Mr. Bingley,Mr. Darcy
903.0,904.0,Undirected,1,350,,Elizabeth Bennet,Jane Bennet
904.0,1712.0,Undirected,1,351,,Jane Bennet,Mr. Darcy
904.0,903.0,Undirected,1,351,,Jane Bennet,Elizabeth Bennet
1712.0,903.0,Undirected,1,351,,Mr. Darcy,Elizabeth Bennet
899.0,1712.0,Undirected,1,351,,Mr. Bingley,Mr. Darcy
899.0,903.0,Undirected,1,351,,Mr. Bingley,Elizabeth Bennet
904.0,899.0,Undirected,1,351,,Jane Bennet,Mr. Bingley
897.0,904.0,Undirected,1,352,,Mrs. Bennet,Jane Bennet
897.0,906.0,Undirected,1,352,,Mrs. Bennet,Mary Bennet
896.0,907.0,Undirected,1,352,,Mr. Bennet,Kitty Bennet
899.0,903.0,Undirected,1,352,,Mr. Bingley,Elizabeth Bennet
899.0,906.0,Undirected,1,352,,Mr. Bingley,Mary Bennet
897.0,899.0,Undirected,1,352,,Mrs. Bennet,Mr. Bingley
906.0,1712.0,Undirected,1,352,,Mary Bennet,Mr. Darcy
897.0,907.0,Undirected,1,352,,Mrs. Bennet,Kitty Bennet
897.0,903.0,Undirected,1,352,,Mrs. Bennet,Elizabeth Bennet
904.0,1712.0,Undirected,1,352,,Jane Bennet,Mr. Darcy
896.0,903.0,Undirected,1,352,,Mr. Bennet,Elizabeth Bennet
906.0,907.0,Undirected,1,352,,Mary Bennet,Kitty Bennet
904.0,907.0,Undirected,1,352,,Jane Bennet,Kitty Bennet
899.0,1712.0,Undirected,1,352,,Mr. Bingley,Mr. Darcy
899.0,907.0,Undirected,1,352,,Mr. Bingley,Kitty Bennet
896.0,904.0,Undirected,1,352,,Mr. Bennet,Jane Bennet
904.0,906.0,Undirected,1,352,,Jane Bennet,Mary Bennet
896.0,899.0,Undirected,1,352,,Mr. Bennet,Mr. Bingley
903.0,904.0,Undirected,1,352,,Elizabeth Bennet,Jane Bennet
897.0,1712.0,Undirected,1,352,,Mrs. Bennet,Mr. Darcy
903.0,907.0,Undirected,1,352,,Elizabeth Bennet,Kitty Bennet
903.0,1712.0,Undirected,1,352,,Elizabeth Bennet,Mr. Darcy
903.0,906.0,Undirected,1,352,,Elizabeth Bennet,Mary Bennet
899.0,904.0,Undirected,1,352,,Mr. Bingley,Jane Bennet
896.0,1712.0,Undirected,1,352,,Mr. Bennet,Mr. Darcy
896.0,906.0,Undirected,1,352,,Mr. Bennet,Mary Bennet
907.0,1712.0,Undirected,1,352,,Kitty Bennet,Mr. Darcy
896.0,897.0,Undirected,1,352,,Mr. Bennet,Mrs. Bennet
1712.0,904.0,Undirected,1,353,,Mr. Darcy,Jane Bennet
1712.0,903.0,Undirected,1,353,,Mr. Darcy,Elizabeth Bennet
904.0,903.0,Undirected,1,353,,Jane Bennet,Elizabeth Bennet
899.0,904.0,Undirected,1,353,,Mr. Bingley,Jane Bennet
1712.0,899.0,Undirected,1,353,,Mr. Darcy,Mr. Bingley
899.0,903.0,Undirected,1,353,,Mr. Bingley,Elizabeth Bennet
896.0,897.0,Undirected,1,354,,Mr. Bennet,Mrs. Bennet
904.0,1712.0,Undirected,1,354,,Jane Bennet,Mr. Darcy
897.0,899.0,Undirected,1,354,,Mrs. Bennet,Mr. Bingley
897.0,904.0,Undirected,1,354,,Mrs. Bennet,Jane Bennet
896.0,903.0,Undirected,1,354,,Mr. Bennet,Elizabeth Bennet
899.0,907.0,Undirected,1,354,,Mr. Bingley,Kitty Bennet
899.0,904.0,Undirected,1,354,,Mr. Bingley,Jane Bennet
899.0,1712.0,Undirected,1,354,,Mr. Bingley,Mr. Darcy
897.0,1712.0,Undirected,1,354,,Mrs. Bennet,Mr. Darcy
903.0,1712.0,Undirected,1,354,,Elizabeth Bennet,Mr. Darcy
896.0,907.0,Undirected,1,354,,Mr. Bennet,Kitty Bennet
903.0,907.0,Undirected,1,354,,Elizabeth Bennet,Kitty Bennet
903.0,904.0,Undirected,1,354,,Elizabeth Bennet,Jane Bennet
904.0,907.0,Undirected,1,354,,Jane Bennet,Kitty Bennet
897.0,907.0,Undirected,1,354,,Mrs. Bennet,Kitty Bennet
896.0,899.0,Undirected,1,354,,Mr. Bennet,Mr. Bingley
896.0,1712.0,Undirected,1,354,,Mr. Bennet,Mr. Darcy
907.0,1712.0,Undirected,1,354,,Kitty Bennet,Mr. Darcy
896.0,904.0,Undirected,1,354,,Mr. Bennet,Jane Bennet
897.0,903.0,Undirected,1,354,,Mrs. Bennet,Elizabeth Bennet
899.0,903.0,Undirected,1,354,,Mr. Bingley,Elizabeth Bennet
907.0,1712.0,Undirected,1,355,,Kitty Bennet,Mr. Darcy
903.0,904.0,Undirected,1,355,,Elizabeth Bennet,Jane Bennet
896.0,903.0,Undirected,1,355,,Mr. Bennet,Elizabeth Bennet
897.0,903.0,Undirected,1,355,,Mrs. Bennet,Elizabeth Bennet
904.0,1712.0,Undirected,1,355,,Jane Bennet,Mr. Darcy
897.0,1712.0,Undirected,1,355,,Mrs. Bennet,Mr. Darcy
896.0,897.0,Undirected,1,355,,Mr. Bennet,Mrs. Bennet
896.0,904.0,Undirected,1,355,,Mr. Bennet,Jane Bennet
896.0,1712.0,Undirected,1,355,,Mr. Bennet,Mr. Darcy
903.0,1712.0,Undirected,1,355,,Elizabeth Bennet,Mr. Darcy
904.0,907.0,Undirected,1,355,,Jane Bennet,Kitty Bennet
897.0,904.0,Undirected,1,355,,Mrs. Bennet,Jane Bennet
903.0,907.0,Undirected,1,355,,Elizabeth Bennet,Kitty Bennet
896.0,907.0,Undirected,1,355,,Mr. Bennet,Kitty Bennet
897.0,907.0,Undirected,1,355,,Mrs. Bennet,Kitty Bennet
896.0,904.0,Undirected,1,356,,Mr. Bennet,Jane Bennet
903.0,905.0,Undirected,1,356,,Elizabeth Bennet,Lydia Bennet
904.0,1712.0,Undirected,1,356,,Jane Bennet,Mr. Darcy
903.0,904.0,Undirected,1,356,,Elizabeth Bennet,Jane Bennet
896.0,903.0,Undirected,1,356,,Mr. Bennet,Elizabeth Bennet
896.0,905.0,Undirected,1,356,,Mr. Bennet,Lydia Bennet
904.0,905.0,Undirected,1,356,,Jane Bennet,Lydia Bennet
903.0,1712.0,Undirected,1,356,,Elizabeth Bennet,Mr. Darcy
905.0,1712.0,Undirected,1,356,,Lydia Bennet,Mr. Darcy
896.0,1712.0,Undirected,1,356,,Mr. Bennet,Mr. Darcy
905.0,1751.0,Undirected,1,357,,Lydia Bennet,Mr. Collins
897.0,905.0,Undirected,1,357,,Mrs. Bennet,Lydia Bennet
896.0,903.0,Undirected,1,357,,Mr. Bennet,Elizabeth Bennet
896.0,906.0,Undirected,1,357,,Mr. Bennet,Mary Bennet
904.0,905.0,Undirected,1,357,,Jane Bennet,Lydia Bennet
1750.0,1756.0,Undirected,1,357,,Mr. Wickham,Mr. Gardiner
897.0,903.0,Undirected,1,357,,Mrs. Bennet,Elizabeth Bennet
897.0,906.0,Undirected,1,357,,Mrs. Bennet,Mary Bennet
907.0,1751.0,Undirected,1,357,,Kitty Bennet,Mr. Collins
903.0,1750.0,Undirected,1,357,,Elizabeth Bennet,Mr. Wickham
896.0,907.0,Undirected,1,357,,Mr. Bennet,Kitty Bennet
905.0,906.0,Undirected,1,357,,Lydia Bennet,Mary Bennet
906.0,907.0,Undirected,1,357,,Mary Bennet,Kitty Bennet
906.0,1712.0,Undirected,1,357,,Mary Bennet,Mr. Darcy
907.0,1750.0,Undirected,1,357,,Kitty Bennet,Mr. Wickham
903.0,1712.0,Undirected,1,357,,Elizabeth Bennet,Mr. Darcy
903.0,907.0,Undirected,1,357,,Elizabeth Bennet,Kitty Bennet
897.0,1712.0,Undirected,1,357,,Mrs. Bennet,Mr. Darcy
904.0,1712.0,Undirected,1,357,,Jane Bennet,Mr. Darcy
897.0,904.0,Undirected,1,357,,Mrs. Bennet,Jane Bennet
897.0,907.0,Undirected,1,357,,Mrs. Bennet,Kitty Bennet
896.0,905.0,Undirected,1,357,,Mr. Bennet,Lydia Bennet
905.0,907.0,Undirected,1,357,,Lydia Bennet,Kitty Bennet
1750.0,1751.0,Undirected,1,357,,Mr. Wickham,Mr. Collins
896.0,904.0,Undirected,1,357,,Mr. Bennet,Jane Bennet
905.0,1712.0,Undirected,1,357,,Lydia Bennet,Mr. Darcy
903.0,906.0,Undirected,1,357,,Elizabeth Bennet,Mary Bennet
1712.0,1750.0,Undirected,1,357,,Mr. Darcy,Mr. Wickham
897.0,1751.0,Undirected,1,357,,Mrs. Bennet,Mr. Collins
897.0,1750.0,Undirected,1,357,,Mrs. Bennet,Mr. Wickham
904.0,1751.0,Undirected,1,357,,Jane Bennet,Mr. Collins
896.0,1751.0,Undirected,1,357,,Mr. Bennet,Mr. Collins
906.0,1750.0,Undirected,1,357,,Mary Bennet,Mr. Wickham
1712.0,1756.0,Undirected,1,357,,Mr. Darcy,Mr. Gardiner
903.0,1751.0,Undirected,1,357,,Elizabeth Bennet,Mr. Collins
903.0,904.0,Undirected,1,357,,Elizabeth Bennet,Jane Bennet
904.0,906.0,Undirected,1,357,,Jane Bennet,Mary Bennet
904.0,907.0,Undirected,1,357,,Jane Bennet,Kitty Bennet
896.0,1756.0,Undirected,1,357,,Mr. Bennet,Mr. Gardiner
906.0,1751.0,Undirected,1,357,,Mary Bennet,Mr. Collins
896.0,1712.0,Undirected,1,357,,Mr. Bennet,Mr. Darcy
905.0,1756.0,Undirected,1,357,,Lydia Bennet,Mr. Gardiner
1712.0,1751.0,Undirected,1,357,,Mr. Darcy,Mr. Collins
907.0,1712.0,Undirected,1,357,,Kitty Bennet,Mr. Darcy
907.0,1756.0,Undirected,1,357,,Kitty Bennet,Mr. Gardiner
1751.0,1756.0,Undirected,1,357,,Mr. Collins,Mr. Gardiner
904.0,1756.0,Undirected,1,357,,Jane Bennet,Mr. Gardiner
896.0,897.0,Undirected,1,357,,Mr. Bennet,Mrs. Bennet
896.0,1750.0,Undirected,1,357,,Mr. Bennet,Mr. Wickham
903.0,1756.0,Undirected,1,357,,Elizabeth Bennet,Mr. Gardiner
897.0,1756.0,Undirected,1,357,,Mrs. Bennet,Mr. Gardiner
903.0,905.0,Undirected,1,357,,Elizabeth Bennet,Lydia Bennet
906.0,1756.0,Undirected,1,357,,Mary Bennet,Mr. Gardiner
904.0,1750.0,Undirected,1,357,,Jane Bennet,Mr. Wickham
905.0,1750.0,Undirected,1,357,,Lydia Bennet,Mr. Wickham
896.0,897.0,Undirected,1,358,,Mr. Bennet,Mrs. Bennet
896.0,904.0,Undirected,1,358,,Mr. Bennet,Jane Bennet
904.0,1750.0,Undirected,1,358,,Jane Bennet,Mr. Wickham
1712.0,1750.0,Undirected,1,358,,Mr. Darcy,Mr. Wickham
896.0,1712.0,Undirected,1,358,,Mr. Bennet,Mr. Darcy
899.0,903.0,Undirected,1,358,,Mr. Bingley,Elizabeth Bennet
897.0,899.0,Undirected,1,358,,Mrs. Bennet,Mr. Bingley
897.0,903.0,Undirected,1,358,,Mrs. Bennet,Elizabeth Bennet
899.0,1712.0,Undirected,1,358,,Mr. Bingley,Mr. Darcy
903.0,904.0,Undirected,1,358,,Elizabeth Bennet,Jane Bennet
896.0,903.0,Undirected,1,358,,Mr. Bennet,Elizabeth Bennet
899.0,904.0,Undirected,1,358,,Mr. Bingley,Jane Bennet
896.0,1750.0,Undirected,1,358,,Mr. Bennet,Mr. Wickham
897.0,904.0,Undirected,1,358,,Mrs. Bennet,Jane Bennet
903.0,1750.0,Undirected,1,358,,Elizabeth Bennet,Mr. Wickham
897.0,1712.0,Undirected,1,358,,Mrs. Bennet,Mr. Darcy
904.0,1712.0,Undirected,1,358,,Jane Bennet,Mr. Darcy
896.0,899.0,Undirected,1,358,,Mr. Bennet,Mr. Bingley
897.0,1750.0,Undirected,1,358,,Mrs. Bennet,Mr. Wickham
899.0,1750.0,Undirected,1,358,,Mr. Bingley,Mr. Wickham
903.0,1712.0,Undirected,1,358,,Elizabeth Bennet,Mr. Darcy
1712.0,903.0,Undirected,1,359,,Mr. Darcy,Elizabeth Bennet
905.0,1712.0,Undirected,1,360,,Lydia Bennet,Mr. Darcy
904.0,1752.0,Undirected,1,360,,Jane Bennet,Lady Catherine de Bourgh
903.0,1712.0,Undirected,1,360,,Elizabeth Bennet,Mr. Darcy
903.0,905.0,Undirected,1,360,,Elizabeth Bennet,Lydia Bennet
904.0,905.0,Undirected,1,360,,Jane Bennet,Lydia Bennet
1712.0,1752.0,Undirected,1,360,,Mr. Darcy,Lady Catherine de Bourgh
903.0,1752.0,Undirected,1,360,,Elizabeth Bennet,Lady Catherine de Bourgh
904.0,1712.0,Undirected,1,360,,Jane Bennet,Mr. Darcy
905.0,1752.0,Undirected,1,360,,Lydia Bennet,Lady Catherine de Bourgh
903.0,904.0,Undirected,1,360,,Elizabeth Bennet,Jane Bennet
1712.0,1752.0,Undirected,1,361,,Mr. Darcy,Lady Catherine de Bourgh
904.0,1712.0,Undirected,1,361,,Jane Bennet,Mr. Darcy
1756.0,1757.0,Undirected,1,361,,Mr. Gardiner,Mrs. Gardiner
903.0,904.0,Undirected,1,361,,Elizabeth Bennet,Jane Bennet
1752.0,1757.0,Undirected,1,361,,Lady Catherine de Bourgh,Mrs. Gardiner
1712.0,1757.0,Undirected,1,361,,Mr. Darcy,Mrs. Gardiner
899.0,1757.0,Undirected,1,361,,Mr. Bingley,Mrs. Gardiner
899.0,903.0,Undirected,1,361,,Mr. Bingley,Elizabeth Bennet
903.0,1712.0,Undirected,1,361,,Elizabeth Bennet,Mr. Darcy
899.0,1752.0,Undirected,1,361,,Mr. Bingley,Lady Catherine de Bourgh
1752.0,1756.0,Undirected,1,361,,Lady Catherine de Bourgh,Mr. Gardiner
903.0,1752.0,Undirected,1,361,,Elizabeth Bennet,Lady Catherine de Bourgh
903.0,1756.0,Undirected,1,361,,Elizabeth Bennet,Mr. Gardiner
904.0,1752.0,Undirected,1,361,,Jane Bennet,Lady Catherine de Bourgh
903.0,1757.0,Undirected,1,361,,Elizabeth Bennet,Mrs. Gardiner
904.0,1756.0,Undirected,1,361,,Jane Bennet,Mr. Gardiner
899.0,904.0,Undirected,1,361,,Mr. Bingley,Jane Bennet
899.0,1712.0,Undirected,1,361,,Mr. Bingley,Mr. Darcy
904.0,1757.0,Undirected,1,361,,Jane Bennet,Mrs. Gardiner
899.0,1756.0,Undirected,1,361,,Mr. Bingley,Mr. Gardiner
1712.0,1756.0,Undirected,1,361,,Mr. Darcy,Mr. Gardiner
1751.0,1752.0,Undirected,1,362,,Mr. Collins,Lady Catherine de Bourgh
896.0,1752.0,Undirected,1,362,,Mr. Bennet,Lady Catherine de Bourgh
907.0,1752.0,Undirected,1,362,,Kitty Bennet,Lady Catherine de Bourgh
1712.0,1747.0,Undirected,1,362,,Mr. Darcy,Miss Darcy
899.0,1757.0,Undirected,1,362,,Mr. Bingley,Mrs. Gardiner
897.0,1751.0,Undirected,1,362,,Mrs. Bennet,Mr. Collins
897.0,907.0,Undirected,1,362,,Mrs. Bennet,Kitty Bennet
906.0,1715.0,Undirected,1,362,,Mary Bennet,Charlotte Lucas
896.0,899.0,Undirected,1,362,,Mr. Bennet,Mr. Bingley
903.0,1752.0,Undirected,1,362,,Elizabeth Bennet,Lady Catherine de Bourgh
903.0,904.0,Undirected,1,362,,Elizabeth Bennet,Jane Bennet
904.0,1751.0,Undirected,1,362,,Jane Bennet,Mr. Collins
907.0,1751.0,Undirected,1,362,,Kitty Bennet,Mr. Collins
899.0,904.0,Undirected,1,362,,Mr. Bingley,Jane Bennet
19.0,1751.0,Undirected,1,362,,Sir William Lucas,Mr. Collins
1715.0,19.0,Undirected,1,362,,Charlotte Lucas,Sir William Lucas
1713.0,1715.0,Undirected,1,362,,Miss Bingley,Charlotte Lucas
896.0,1751.0,Undirected,1,362,,Mr. Bennet,Mr. Collins
896.0,903.0,Undirected,1,362,,Mr. Bennet,Elizabeth Bennet
907.0,1713.0,Undirected,1,362,,Kitty Bennet,Miss Bingley
896.0,1713.0,Undirected,1,362,,Mr. Bennet,Miss Bingley
1712.0,1757.0,Undirected,1,362,,Mr. Darcy,Mrs. Gardiner
1747.0,1751.0,Undirected,1,362,,Miss Darcy,Mr. Collins
904.0,1757.0,Undirected,1,362,,Jane Bennet,Mrs. Gardiner
1713.0,1757.0,Undirected,1,362,,Miss Bingley,Mrs. Gardiner
903.0,1715.0,Undirected,1,362,,Elizabeth Bennet,Charlotte Lucas
899.0,1715.0,Undirected,1,362,,Mr. Bingley,Charlotte Lucas
906.0,1751.0,Undirected,1,362,,Mary Bennet,Mr. Collins
19.0,1757.0,Undirected,1,362,,Sir William Lucas,Mrs. Gardiner
896.0,1712.0,Undirected,1,362,,Mr. Bennet,Mr. Darcy
1713.0,1751.0,Undirected,1,362,,Miss Bingley,Mr. Collins
1713.0,19.0,Undirected,1,362,,Miss Bingley,Sir William Lucas
903.0,1757.0,Undirected,1,362,,Elizabeth Bennet,Mrs. Gardiner
907.0,1712.0,Undirected,1,362,,Kitty Bennet,Mr. Darcy
896.0,1757.0,Undirected,1,362,,Mr. Bennet,Mrs. Gardiner
897.0,899.0,Undirected,1,362,,Mrs. Bennet,Mr. Bingley
1715.0,1757.0,Undirected,1,362,,Charlotte Lucas,Mrs. Gardiner
904.0,1713.0,Undirected,1,362,,Jane Bennet,Miss Bingley
1712.0,1713.0,Undirected,1,362,,Mr. Darcy,Miss Bingley
903.0,1751.0,Undirected,1,362,,Elizabeth Bennet,Mr. Collins
906.0,1713.0,Undirected,1,362,,Mary Bennet,Miss Bingley
904.0,1747.0,Undirected,1,362,,Jane Bennet,Miss Darcy
899.0,1751.0,Undirected,1,362,,Mr. Bingley,Mr. Collins
907.0,19.0,Undirected,1,362,,Kitty Bennet,Sir William Lucas
906.0,1747.0,Undirected,1,362,,Mary Bennet,Miss Darcy
897.0,1752.0,Undirected,1,362,,Mrs. Bennet,Lady Catherine de Bourgh
897.0,904.0,Undirected,1,362,,Mrs. Bennet,Jane Bennet
1712.0,1751.0,Undirected,1,362,,Mr. Darcy,Mr. Collins
899.0,1752.0,Undirected,1,362,,Mr. Bingley,Lady Catherine de Bourgh
903.0,19.0,Undirected,1,362,,Elizabeth Bennet,Sir William Lucas
904.0,907.0,Undirected,1,362,,Jane Bennet,Kitty Bennet
903.0,1747.0,Undirected,1,362,,Elizabeth Bennet,Miss Darcy
899.0,1747.0,Undirected,1,362,,Mr. Bingley,Miss Darcy
907.0,1715.0,Undirected,1,362,,Kitty Bennet,Charlotte Lucas
896.0,1715.0,Undirected,1,362,,Mr. Bennet,Charlotte Lucas
903.0,906.0,Undirected,1,362,,Elizabeth Bennet,Mary Bennet
896.0,1747.0,Undirected,1,362,,Mr. Bennet,Miss Darcy
896.0,19.0,Undirected,1,362,,Mr. Bennet,Sir William Lucas
897.0,1757.0,Undirected,1,362,,Mrs. Bennet,Mrs. Gardiner
899.0,906.0,Undirected,1,362,,Mr. Bingley,Mary Bennet
1712.0,1715.0,Undirected,1,362,,Mr. Darcy,Charlotte Lucas
904.0,1715.0,Undirected,1,362,,Jane Bennet,Charlotte Lucas
1713.0,1752.0,Undirected,1,362,,Miss Bingley,Lady Catherine de Bourgh
897.0,1747.0,Undirected,1,362,,Mrs. Bennet,Miss Darcy
1715.0,1751.0,Undirected,1,362,,Charlotte Lucas,Mr. Collins
899.0,1713.0,Undirected,1,362,,Mr. Bingley,Miss Bingley
899.0,1712.0,Undirected,1,362,,Mr. Bingley,Mr. Darcy
897.0,1715.0,Undirected,1,362,,Mrs. Bennet,Charlotte Lucas
1747.0,1757.0,Undirected,1,362,,Miss Darcy,Mrs. Gardiner
904.0,906.0,Undirected,1,362,,Jane Bennet,Mary Bennet
897.0,19.0,Undirected,1,362,,Mrs. Bennet,Sir William Lucas
19.0,1752.0,Undirected,1,362,,Sir William Lucas,Lady Catherine de Bourgh
899.0,907.0,Undirected,1,362,,Mr. Bingley,Kitty Bennet
906.0,907.0,Undirected,1,362,,Mary Bennet,Kitty Bennet
897.0,1713.0,Undirected,1,362,,Mrs. Bennet,Miss Bingley
904.0,1752.0,Undirected,1,362,,Jane Bennet,Lady Catherine de Bourgh
897.0,1712.0,Undirected,1,362,,Mrs. Bennet,Mr. Darcy
896.0,906.0,Undirected,1,362,,Mr. Bennet,Mary Bennet
896.0,897.0,Undirected,1,362,,Mr. Bennet,Mrs. Bennet
906.0,1712.0,Undirected,1,362,,Mary Bennet,Mr. Darcy
903.0,1713.0,Undirected,1,362,,Elizabeth Bennet,Miss Bingley
903.0,907.0,Undirected,1,362,,Elizabeth Bennet,Kitty Bennet
1713.0,1747.0,Undirected,1,362,,Miss Bingley,Miss Darcy
906.0,19.0,Undirected,1,362,,Mary Bennet,Sir William Lucas
1752.0,1757.0,Undirected,1,362,,Lady Catherine de Bourgh,Mrs. Gardiner
1747.0,19.0,Undirected,1,362,,Miss Darcy,Sir William Lucas
899.0,19.0,Undirected,1,362,,Mr. Bingley,Sir William Lucas
899.0,903.0,Undirected,1,362,,Mr. Bingley,Elizabeth Bennet
897.0,906.0,Undirected,1,362,,Mrs. Bennet,Mary Bennet
896.0,907.0,Undirected,1,362,,Mr. Bennet,Kitty Bennet
907.0,1747.0,Undirected,1,362,,Kitty Bennet,Miss Darcy
903.0,1712.0,Undirected,1,362,,Elizabeth Bennet,Mr. Darcy
1751.0,1757.0,Undirected,1,362,,Mr. Collins,Mrs. Gardiner
906.0,1757.0,Undirected,1,362,,Mary Bennet,Mrs. Gardiner
897.0,903.0,Undirected,1,362,,Mrs. Bennet,Elizabeth Bennet
896.0,904.0,Undirected,1,362,,Mr. Bennet,Jane Bennet
1715.0,1752.0,Undirected,1,362,,Charlotte Lucas,Lady Catherine de Bourgh
907.0,1757.0,Undirected,1,362,,Kitty Bennet,Mrs. Gardiner
1747.0,1752.0,Undirected,1,362,,Miss Darcy,Lady Catherine de Bourgh
1712.0,19.0,Undirected,1,362,,Mr. Darcy,Sir William Lucas
1712.0,1752.0,Undirected,1,362,,Mr. Darcy,Lady Catherine de Bourgh
906.0,1752.0,Undirected,1,362,,Mary Bennet,Lady Catherine de Bourgh
904.0,19.0,Undirected,1,362,,Jane Bennet,Sir William Lucas
904.0,1712.0,Undirected,1,362,,Jane Bennet,Mr. Darcy
1715.0,1747.0,Undirected,1,362,,Charlotte Lucas,Miss Darcy
899.0,19.0,Undirected,1,363,,Mr. Bingley,Sir William Lucas
903.0,1712.0,Undirected,1,363,,Elizabeth Bennet,Mr. Darcy
903.0,19.0,Undirected,1,363,,Elizabeth Bennet,Sir William Lucas
1712.0,19.0,Undirected,1,363,,Mr. Darcy,Sir William Lucas
897.0,1717.0,Undirected,1,363,,Mrs. Bennet,Mrs. Philips
899.0,1717.0,Undirected,1,363,,Mr. Bingley,Mrs. Philips
899.0,903.0,Undirected,1,363,,Mr. Bingley,Elizabeth Bennet
897.0,903.0,Undirected,1,363,,Mrs. Bennet,Elizabeth Bennet
897.0,899.0,Undirected,1,363,,Mrs. Bennet,Mr. Bingley
897.0,1712.0,Undirected,1,363,,Mrs. Bennet,Mr. Darcy
19.0,1717.0,Undirected,1,363,,Sir William Lucas,Mrs. Philips
899.0,1712.0,Undirected,1,363,,Mr. Bingley,Mr. Darcy
1712.0,1717.0,Undirected,1,363,,Mr. Darcy,Mrs. Philips
903.0,1717.0,Undirected,1,363,,Elizabeth Bennet,Mrs. Philips
897.0,19.0,Undirected,1,363,,Mrs. Bennet,Sir William Lucas
903.0,907.0,Undirected,1,364,,Elizabeth Bennet,Kitty Bennet
899.0,907.0,Undirected,1,364,,Mr. Bingley,Kitty Bennet
904.0,906.0,Undirected,1,364,,Jane Bennet,Mary Bennet
899.0,1712.0,Undirected,1,364,,Mr. Bingley,Mr. Darcy
905.0,1712.0,Undirected,1,364,,Lydia Bennet,Mr. Darcy
897.0,1712.0,Undirected,1,364,,Mrs. Bennet,Mr. Darcy
899.0,903.0,Undirected,1,364,,Mr. Bingley,Elizabeth Bennet
904.0,905.0,Undirected,1,364,,Jane Bennet,Lydia Bennet
896.0,903.0,Undirected,1,364,,Mr. Bennet,Elizabeth Bennet
899.0,905.0,Undirected,1,364,,Mr. Bingley,Lydia Bennet
904.0,907.0,Undirected,1,364,,Jane Bennet,Kitty Bennet
903.0,905.0,Undirected,1,364,,Elizabeth Bennet,Lydia Bennet
903.0,904.0,Undirected,1,364,,Elizabeth Bennet,Jane Bennet
896.0,905.0,Undirected,1,364,,Mr. Bennet,Lydia Bennet
896.0,1712.0,Undirected,1,364,,Mr. Bennet,Mr. Darcy
897.0,905.0,Undirected,1,364,,Mrs. Bennet,Lydia Bennet
896.0,906.0,Undirected,1,364,,Mr. Bennet,Mary Bennet
897.0,906.0,Undirected,1,364,,Mrs. Bennet,Mary Bennet
896.0,897.0,Undirected,1,364,,Mr. Bennet,Mrs. Bennet
905.0,906.0,Undirected,1,364,,Lydia Bennet,Mary Bennet
897.0,899.0,Undirected,1,364,,Mrs. Bennet,Mr. Bingley
899.0,906.0,Undirected,1,364,,Mr. Bingley,Mary Bennet
905.0,907.0,Undirected,1,364,,Lydia Bennet,Kitty Bennet
896.0,907.0,Undirected,1,364,,Mr. Bennet,Kitty Bennet
897.0,903.0,Undirected,1,364,,Mrs. Bennet,Elizabeth Bennet
896.0,904.0,Undirected,1,364,,Mr. Bennet,Jane Bennet
906.0,907.0,Undirected,1,364,,Mary Bennet,Kitty Bennet
906.0,1712.0,Undirected,1,364,,Mary Bennet,Mr. Darcy
899.0,904.0,Undirected,1,364,,Mr. Bingley,Jane Bennet
897.0,907.0,Undirected,1,364,,Mrs. Bennet,Kitty Bennet
897.0,904.0,Undirected,1,364,,Mrs. Bennet,Jane Bennet
903.0,906.0,Undirected,1,364,,Elizabeth Bennet,Mary Bennet
896.0,899.0,Undirected,1,364,,Mr. Bennet,Mr. Bingley
904.0,1712.0,Undirected,1,364,,Jane Bennet,Mr. Darcy
907.0,1712.0,Undirected,1,364,,Kitty Bennet,Mr. Darcy
903.0,1712.0,Undirected,1,364,,Elizabeth Bennet,Mr. Darcy
906.0,907.0,Undirected,1,365,,Mary Bennet,Kitty Bennet
903.0,1750.0,Undirected,1,365,,Elizabeth Bennet,Mr. Wickham
899.0,903.0,Undirected,1,365,,Mr. Bingley,Elizabeth Bennet
897.0,904.0,Undirected,1,365,,Mrs. Bennet,Jane Bennet
905.0,907.0,Undirected,1,365,,Lydia Bennet,Kitty Bennet
897.0,906.0,Undirected,1,365,,Mrs. Bennet,Mary Bennet
896.0,1750.0,Undirected,1,365,,Mr. Bennet,Mr. Wickham
899.0,906.0,Undirected,1,365,,Mr. Bingley,Mary Bennet
896.0,907.0,Undirected,1,365,,Mr. Bennet,Kitty Bennet
899.0,904.0,Undirected,1,365,,Mr. Bingley,Jane Bennet
1712.0,1750.0,Undirected,1,365,,Mr. Darcy,Mr. Wickham
897.0,907.0,Undirected,1,365,,Mrs. Bennet,Kitty Bennet
897.0,905.0,Undirected,1,365,,Mrs. Bennet,Lydia Bennet
899.0,905.0,Undirected,1,365,,Mr. Bingley,Lydia Bennet
904.0,1712.0,Undirected,1,365,,Jane Bennet,Mr. Darcy
896.0,899.0,Undirected,1,365,,Mr. Bennet,Mr. Bingley
906.0,1712.0,Undirected,1,365,,Mary Bennet,Mr. Darcy
903.0,906.0,Undirected,1,365,,Elizabeth Bennet,Mary Bennet
904.0,907.0,Undirected,1,365,,Jane Bennet,Kitty Bennet
899.0,1750.0,Undirected,1,365,,Mr. Bingley,Mr. Wickham
896.0,904.0,Undirected,1,365,,Mr. Bennet,Jane Bennet
897.0,903.0,Undirected,1,365,,Mrs. Bennet,Elizabeth Bennet
905.0,1750.0,Undirected,1,365,,Lydia Bennet,Mr. Wickham
905.0,906.0,Undirected,1,365,,Lydia Bennet,Mary Bennet
896.0,903.0,Undirected,1,365,,Mr. Bennet,Elizabeth Bennet
897.0,1750.0,Undirected,1,365,,Mrs. Bennet,Mr. Wickham
897.0,899.0,Undirected,1,365,,Mrs. Bennet,Mr. Bingley
896.0,906.0,Undirected,1,365,,Mr. Bennet,Mary Bennet
903.0,907.0,Undirected,1,365,,Elizabeth Bennet,Kitty Bennet
897.0,1712.0,Undirected,1,365,,Mrs. Bennet,Mr. Darcy
907.0,1750.0,Undirected,1,365,,Kitty Bennet,Mr. Wickham
899.0,1712.0,Undirected,1,365,,Mr. Bingley,Mr. Darcy
906.0,1750.0,Undirected,1,365,,Mary Bennet,Mr. Wickham
907.0,1712.0,Undirected,1,365,,Kitty Bennet,Mr. Darcy
896.0,905.0,Undirected,1,365,,Mr. Bennet,Lydia Bennet
896.0,897.0,Undirected,1,365,,Mr. Bennet,Mrs. Bennet
905.0,1712.0,Undirected,1,365,,Lydia Bennet,Mr. Darcy
904.0,1750.0,Undirected,1,365,,Jane Bennet,Mr. Wickham
903.0,904.0,Undirected,1,365,,Elizabeth Bennet,Jane Bennet
903.0,1712.0,Undirected,1,365,,Elizabeth Bennet,Mr. Darcy
899.0,907.0,Undirected,1,365,,Mr. Bingley,Kitty Bennet
904.0,906.0,Undirected,1,365,,Jane Bennet,Mary Bennet
903.0,905.0,Undirected,1,365,,Elizabeth Bennet,Lydia Bennet
904.0,905.0,Undirected,1,365,,Jane Bennet,Lydia Bennet
896.0,1712.0,Undirected,1,365,,Mr. Bennet,Mr. Darcy
905.0,1750.0,Undirected,1,366,,Lydia Bennet,Mr. Wickham
899.0,904.0,Undirected,1,366,,Mr. Bingley,Jane Bennet
899.0,1712.0,Undirected,1,366,,Mr. Bingley,Mr. Darcy
904.0,1747.0,Undirected,1,366,,Jane Bennet,Miss Darcy
905.0,1713.0,Undirected,1,366,,Lydia Bennet,Miss Bingley
899.0,1750.0,Undirected,1,366,,Mr. Bingley,Mr. Wickham
1713.0,1747.0,Undirected,1,366,,Miss Bingley,Miss Darcy
1712.0,1750.0,Undirected,1,366,,Mr. Darcy,Mr. Wickham
899.0,1713.0,Undirected,1,366,,Mr. Bingley,Miss Bingley
903.0,905.0,Undirected,1,366,,Elizabeth Bennet,Lydia Bennet
904.0,1712.0,Undirected,1,366,,Jane Bennet,Mr. Darcy
905.0,1712.0,Undirected,1,366,,Lydia Bennet,Mr. Darcy
904.0,905.0,Undirected,1,366,,Jane Bennet,Lydia Bennet
1747.0,1750.0,Undirected,1,366,,Miss Darcy,Mr. Wickham
904.0,1750.0,Undirected,1,366,,Jane Bennet,Mr. Wickham
903.0,1713.0,Undirected,1,366,,Elizabeth Bennet,Miss Bingley
904.0,1713.0,Undirected,1,366,,Jane Bennet,Miss Bingley
1712.0,1713.0,Undirected,1,366,,Mr. Darcy,Miss Bingley
899.0,1747.0,Undirected,1,366,,Mr. Bingley,Miss Darcy
899.0,905.0,Undirected,1,366,,Mr. Bingley,Lydia Bennet
903.0,1747.0,Undirected,1,366,,Elizabeth Bennet,Miss Darcy
903.0,904.0,Undirected,1,366,,Elizabeth Bennet,Jane Bennet
905.0,1747.0,Undirected,1,366,,Lydia Bennet,Miss Darcy
903.0,1750.0,Undirected,1,366,,Elizabeth Bennet,Mr. Wickham
903.0,1712.0,Undirected,1,366,,Elizabeth Bennet,Mr. Darcy
899.0,903.0,Undirected,1,366,,Mr. Bingley,Elizabeth Bennet
1713.0,1750.0,Undirected,1,366,,Miss Bingley,Mr. Wickham
1712.0,1747.0,Undirected,1,366,,Mr. Darcy,Miss Darcy
903.0,1757.0,Undirected,1,367,,Elizabeth Bennet,Mrs. Gardiner
1752.0,1757.0,Undirected,1,367,,Lady Catherine de Bourgh,Mrs. Gardiner
903.0,1752.0,Undirected,1,367,,Elizabeth Bennet,Lady Catherine de Bourgh
903.0,1756.0,Undirected,1,367,,Elizabeth Bennet,Mr. Gardiner
1756.0,1757.0,Undirected,1,367,,Mr. Gardiner,Mrs. Gardiner
1752.0,1756.0,Undirected,1,367,,Lady Catherine de Bourgh,Mr. Gardiner
903.0,1712.0,Undirected,1,367,,Elizabeth Bennet,Mr. Darcy
1712.0,1757.0,Undirected,1,367,,Mr. Darcy,Mrs. Gardiner
1712.0,1756.0,Undirected,1,367,,Mr. Darcy,Mr. Gardiner
1712.0,1752.0,Undirected,1,367,,Mr. Darcy,Lady Catherine de Bourgh
