source,target,Character 1,Character 2,type,weight,startPage,category,Narrator
1,20,Bobby Mahon,Frank Mahon,Directed,1,9,Exchange,Bobby Mahon
1,46,Bobby Mahon,Bobby's Grandad,Directed,1,9,Knows,Bobby Mahon
20,1,Frank Mahon,Bobby Mahon,Directed,1,9,Exchange,Bobby Mahon
46,20,Bobby's Grandad,Frank Mahon,Directed,1,9,Knows,Bobby Mahon
20,46,Frank Mahon,Bobby's Grandad,Directed,1,9,Knows,Bobby Mahon
147,2,The parish,Josie Burke,Directed,1,10,Exchange,Bobby Mahon
48,47,Eileen Burke,"""the Pope"" (Seán Pól)",Directed,1,10,Knows of,Bobby Mahon
1,147,Bobby Mahon,The parish,Directed,1,10,Knows,Bobby Mahon
48,49,Eileen Burke,Eamonn Burke,Directed,1,10,Knows,Bobby Mahon
2,147,Josie Burke,The parish,Directed,1,10,Exchange,Bobby Mahon
20,1,Frank Mahon,Bobby Mahon,Directed,1,10,Knows,Bobby Mahon
48,2,Eileen Burke,Josie Burke,Directed,1,10,Knows,Bobby Mahon
22,49,Pokey Burke,Eamonn Burke,Directed,1,10,Exchange,Bobby Mahon
147,1,The parish,Bobby Mahon,Directed,1,10,Knows,Bobby Mahon
22,48,Pokey Burke,Eileen Burke,Directed,1,10,Knows,Bobby Mahon
22,1,Pokey Burke,Bobby Mahon,Directed,1,10,Knows,Bobby Mahon
22,20,Pokey Burke,Frank Mahon,Directed,1,10,Knows,Bobby Mahon
22,2,Pokey Burke,Josie Burke,Directed,1,10,Knows,Bobby Mahon
22,147,Pokey Burke,The parish,Directed,1,10,Knows,Bobby Mahon
48,22,Eileen Burke,Pokey Burke,Directed,1,10,Knows,Bobby Mahon
147,22,The parish,Pokey Burke,Directed,1,10,Knows,Bobby Mahon
52,50,"""the boys"" (who worked for Pokey)",Mickey Briars,Directed,1,10,Exchange,Bobby Mahon
1,2,Bobby Mahon,Josie Burke,Directed,1,10,Knows,Bobby Mahon
2,22,Josie Burke,Pokey Burke,Directed,1,10,Knows,Bobby Mahon
22,47,Pokey Burke,"""the Pope"" (Seán Pól)",Directed,1,10,Knows of,Bobby Mahon
20,22,Frank Mahon,Pokey Burke,Directed,1,10,Knows,Bobby Mahon
1,50,Bobby Mahon,Mickey Briars,Directed,1,10,Exchange,Bobby Mahon
50,1,Mickey Briars,Bobby Mahon,Directed,1,10,Exchange,Bobby Mahon
1,22,Bobby Mahon,Pokey Burke,Directed,1,10,Knows,Bobby Mahon
50,52,Mickey Briars,"""the boys"" (who worked for Pokey)",Directed,1,10,Exchange,Bobby Mahon
2,47,Josie Burke,"""the Pope"" (Seán Pól)",Directed,1,10,Knows of,Bobby Mahon
1,47,Bobby Mahon,"""the Pope"" (Seán Pól)",Directed,1,10,Knows of,Bobby Mahon
2,1,Josie Burke,Bobby Mahon,Directed,1,10,Knows,Bobby Mahon
1,20,Bobby Mahon,Frank Mahon,Directed,1,10,Knows,Bobby Mahon
49,48,Eamonn Burke,Eileen Burke,Directed,1,10,Knows,Bobby Mahon
49,22,Eamonn Burke,Pokey Burke,Directed,1,10,Exchange,Bobby Mahon
1,49,Bobby Mahon,Eamonn Burke,Directed,1,10,Knows of,Bobby Mahon
1,52,Bobby Mahon,"""the boys"" (who worked for Pokey)",Directed,1,10,Knows of,Bobby Mahon
2,49,Josie Burke,Eamonn Burke,Directed,1,10,Knows,Bobby Mahon
2,48,Josie Burke,Eileen Burke,Directed,1,10,Knows,Bobby Mahon
49,2,Eamonn Burke,Josie Burke,Directed,1,10,Knows,Bobby Mahon
1,48,Bobby Mahon,Eileen Burke,Directed,1,10,Knows,Bobby Mahon
12,1,Seanie Shaper (Sean Shanahan),Bobby Mahon,Directed,1,11,Knows,Bobby Mahon
12,50,Seanie Shaper (Sean Shanahan),Mickey Briars,Directed,1,11,Knows,Bobby Mahon
1,12,Bobby Mahon,Seanie Shaper (Sean Shanahan),Directed,1,11,Knows,Bobby Mahon
1,50,Bobby Mahon,Mickey Briars,Directed,1,11,Exchange,Bobby Mahon
52,50,"""the boys"" (who worked for Pokey)",Mickey Briars,Directed,1,11,Exchange,Bobby Mahon
1,22,Bobby Mahon,Pokey Burke,Directed,1,11,Exchange,Bobby Mahon
1,6,Bobby Mahon,Timmy Hanrahan,Directed,1,11,Exchange,Bobby Mahon
6,52,Timmy Hanrahan,"""the boys"" (who worked for Pokey)",Directed,1,11,Exchange,Bobby Mahon
50,6,Mickey Briars,Timmy Hanrahan,Directed,1,11,Exchange,Bobby Mahon
6,1,Timmy Hanrahan,Bobby Mahon,Directed,1,11,Exchange,Bobby Mahon
52,6,"""the boys"" (who worked for Pokey)",Timmy Hanrahan,Directed,1,11,Exchange,Bobby Mahon
1,72,Bobby Mahon,Ciss Brien,Directed,1,11,Knows,Bobby Mahon
1,52,Bobby Mahon,"""the boys"" (who worked for Pokey)",Directed,1,11,Knows of,Bobby Mahon
6,50,Timmy Hanrahan,Mickey Briars,Directed,1,11,Exchange,Bobby Mahon
50,12,Mickey Briars,Seanie Shaper (Sean Shanahan),Directed,1,11,Knows,Bobby Mahon
22,50,Pokey Burke,Mickey Briars,Directed,1,11,Exchange,Bobby Mahon
50,1,Mickey Briars,Bobby Mahon,Directed,1,11,Exchange,Bobby Mahon
50,22,Mickey Briars,Pokey Burke,Directed,1,11,Exchange,Bobby Mahon
22,1,Pokey Burke,Bobby Mahon,Directed,1,11,Exchange,Bobby Mahon
50,52,Mickey Briars,"""the boys"" (who worked for Pokey)",Directed,1,11,Exchange,Bobby Mahon
51,52,"""little blonde girl""","""the boys"" (who worked for Pokey)",Directed,1,12,Knows of,Bobby Mahon
51,1,"""little blonde girl""",Bobby Mahon,Directed,1,12,Exchange,Bobby Mahon
6,51,Timmy Hanrahan,"""little blonde girl""",Directed,1,12,Knows of,Bobby Mahon
22,21,Pokey Burke,Triona Cahill/Mahon,Directed,1,12,Knows,Bobby Mahon
1,22,Bobby Mahon,Pokey Burke,Directed,1,12,Knows,Bobby Mahon
52,51,"""the boys"" (who worked for Pokey)","""little blonde girl""",Directed,1,12,Knows of,Bobby Mahon
6,1,Timmy Hanrahan,Bobby Mahon,Directed,1,12,Knows,Bobby Mahon
1,6,Bobby Mahon,Timmy Hanrahan,Directed,1,12,Knows,Bobby Mahon
1,15,Bobby Mahon,Rory Slattery,Directed,1,12,Knows,Bobby Mahon
52,1,"""the boys"" (who worked for Pokey)",Bobby Mahon,Directed,1,12,Knows,Bobby Mahon
21,1,Triona Cahill/Mahon,Bobby Mahon,Directed,1,12,Exchange,Bobby Mahon
21,22,Triona Cahill/Mahon,Pokey Burke,Directed,1,12,Knows,Bobby Mahon
22,1,Pokey Burke,Bobby Mahon,Directed,1,12,Knows,Bobby Mahon
51,15,"""little blonde girl""",Rory Slattery,Directed,1,12,Knows of,Bobby Mahon
1,12,Bobby Mahon,Seanie Shaper (Sean Shanahan),Directed,1,12,Knows,Bobby Mahon
51,12,"""little blonde girl""",Seanie Shaper (Sean Shanahan),Directed,1,12,Knows of,Bobby Mahon
1,51,Bobby Mahon,"""little blonde girl""",Directed,1,12,Exchange,Bobby Mahon
15,1,Rory Slattery,Bobby Mahon,Directed,1,12,Knows,Bobby Mahon
15,51,Rory Slattery,"""little blonde girl""",Directed,1,12,Knows of,Bobby Mahon
12,51,Seanie Shaper (Sean Shanahan),"""little blonde girl""",Directed,1,12,Knows of,Bobby Mahon
1,53,Bobby Mahon,"""smart boys""",Directed,1,12,Knows of,Bobby Mahon
12,1,Seanie Shaper (Sean Shanahan),Bobby Mahon,Directed,1,12,Knows,Bobby Mahon
1,52,Bobby Mahon,"""the boys"" (who worked for Pokey)",Directed,1,12,Knows,Bobby Mahon
51,6,"""little blonde girl""",Timmy Hanrahan,Directed,1,12,Knows of,Bobby Mahon
51,22,"""little blonde girl""",Pokey Burke,Directed,1,12,Knows of,Bobby Mahon
1,21,Bobby Mahon,Triona Cahill/Mahon,Directed,1,12,Exchange,Bobby Mahon
54,20,Bobby's Mother,Frank Mahon,Directed,1,13,Knows,Bobby Mahon
33,56,Eugene Penrose,the Penroses,Directed,1,13,Knows,Bobby Mahon
1,53,Bobby Mahon,"""smart boys""",Directed,1,13,Knows of,Bobby Mahon
54,1,Bobby's Mother,Bobby Mahon,Directed,1,13,Knows,Bobby Mahon
1,57,Bobby Mahon,the Cunliffes,Directed,1,13,Knows of,Bobby Mahon
1,54,Bobby Mahon,Bobby's Mother,Directed,1,13,Knows,Bobby Mahon
20,54,Frank Mahon,Bobby's Mother,Directed,1,13,Knows,Bobby Mahon
22,52,Pokey Burke,"""the boys"" (who worked for Pokey)",Directed,1,13,Knows,Bobby Mahon
52,22,"""the boys"" (who worked for Pokey)",Pokey Burke,Directed,1,13,Knows,Bobby Mahon
1,52,Bobby Mahon,"""the boys"" (who worked for Pokey)",Directed,1,13,Knows of,Bobby Mahon
1,56,Bobby Mahon,the Penroses,Directed,1,13,Knows of,Bobby Mahon
1,58,Bobby Mahon,the Cunliffes' son's aunt,Directed,1,13,Knows of,Bobby Mahon
57,55,the Cunliffes,the Cunliffes' son,Directed,1,13,Knows,Bobby Mahon
33,55,Eugene Penrose,the Cunliffes' son,Directed,1,13,Exchange,Bobby Mahon
1,55,Bobby Mahon,the Cunliffes' son,Directed,1,13,Knows of,Bobby Mahon
1,20,Bobby Mahon,Frank Mahon,Directed,1,13,Exchange,Bobby Mahon
1,22,Bobby Mahon,Pokey Burke,Directed,1,13,Knows,Bobby Mahon
58,55,the Cunliffes' son's aunt,the Cunliffes' son,Directed,1,13,Knows,Bobby Mahon
21,1,Triona Cahill/Mahon,Bobby Mahon,Directed,1,13,Exchange,Bobby Mahon
56,33,the Penroses,Eugene Penrose,Directed,1,13,Knows,Bobby Mahon
55,58,the Cunliffes' son,the Cunliffes' son's aunt,Directed,1,13,Knows,Bobby Mahon
21,20,Triona Cahill/Mahon,Frank Mahon,Directed,1,13,Knows,Bobby Mahon
55,57,the Cunliffes' son,the Cunliffes,Directed,1,13,Knows,Bobby Mahon
21,53,Triona Cahill/Mahon,"""smart boys""",Directed,1,13,Exchange,Bobby Mahon
53,21,"""smart boys""",Triona Cahill/Mahon,Directed,1,13,Exchange,Bobby Mahon
1,33,Bobby Mahon,Eugene Penrose,Directed,1,13,Knows of,Bobby Mahon
20,21,Frank Mahon,Triona Cahill/Mahon,Directed,1,13,Knows,Bobby Mahon
20,1,Frank Mahon,Bobby Mahon,Directed,1,13,Exchange,Bobby Mahon
22,1,Pokey Burke,Bobby Mahon,Directed,1,13,Knows,Bobby Mahon
1,21,Bobby Mahon,Triona Cahill/Mahon,Directed,1,13,Exchange,Bobby Mahon
1,22,Bobby Mahon,Pokey Burke,Directed,1,14,Knows,Bobby Mahon
60,1,Pawsy Rogers,Bobby Mahon,Directed,1,14,Knows,Bobby Mahon
64,61,Cordelia,King Lear,Directed,1,14,Knows,Bobby Mahon
1,61,Bobby Mahon,King Lear,Directed,1,14,Knows of,Bobby Mahon
1,53,Bobby Mahon,"""smart boys""",Directed,1,14,Knows of,Bobby Mahon
1,2,Bobby Mahon,Josie Burke,Directed,1,14,Exchange,Bobby Mahon
1,62,Bobby Mahon,Goneril,Directed,1,14,Knows of,Bobby Mahon
60,59,Pawsy Rogers,"""a lad from the village""",Directed,1,14,Exchange,Bobby Mahon
63,61,Regan,King Lear,Directed,1,14,Knows,Bobby Mahon
1,60,Bobby Mahon,Pawsy Rogers,Directed,1,14,Knows,Bobby Mahon
1,55,Bobby Mahon,the Cunliffes' son,Directed,1,14,Knows of,Bobby Mahon
61,63,King Lear,Regan,Directed,1,14,Knows,Bobby Mahon
22,1,Pokey Burke,Bobby Mahon,Directed,1,14,Knows,Bobby Mahon
61,64,King Lear,Cordelia,Directed,1,14,Knows,Bobby Mahon
61,62,King Lear,Goneril,Directed,1,14,Knows,Bobby Mahon
2,22,Josie Burke,Pokey Burke,Directed,1,14,Knows,Bobby Mahon
1,59,Bobby Mahon,"""a lad from the village""",Directed,1,14,Knows of,Bobby Mahon
21,1,Triona Cahill/Mahon,Bobby Mahon,Directed,1,14,Exchange,Bobby Mahon
62,61,Goneril,King Lear,Directed,1,14,Knows,Bobby Mahon
1,63,Bobby Mahon,Regan,Directed,1,14,Knows of,Bobby Mahon
22,2,Pokey Burke,Josie Burke,Directed,1,14,Knows,Bobby Mahon
1,64,Bobby Mahon,Cordelia,Directed,1,14,Knows,Bobby Mahon
2,1,Josie Burke,Bobby Mahon,Directed,1,14,Exchange,Bobby Mahon
59,60,"""a lad from the village""",Pawsy Rogers,Directed,1,14,Exchange,Bobby Mahon
1,21,Bobby Mahon,Triona Cahill/Mahon,Directed,1,14,Exchange,Bobby Mahon
2,21,Josie Burke,Triona Cahill/Mahon,Directed,1,15,Knows,Bobby Mahon
1,12,Bobby Mahon,Seanie Shaper (Sean Shanahan),Directed,1,15,Knows,Bobby Mahon
22,1,Pokey Burke,Bobby Mahon,Directed,1,15,Knows,Bobby Mahon
15,1,Rory Slattery,Bobby Mahon,Directed,1,15,Knows,Bobby Mahon
21,12,Triona Cahill/Mahon,Seanie Shaper (Sean Shanahan),Directed,1,15,Knows,Bobby Mahon
1,52,Bobby Mahon,"""the boys"" (who worked for Pokey)",Directed,1,15,Knows of,Bobby Mahon
1,15,Bobby Mahon,Rory Slattery,Directed,1,15,Knows,Bobby Mahon
2,1,Josie Burke,Bobby Mahon,Directed,1,15,Exchange,Bobby Mahon
21,15,Triona Cahill/Mahon,Rory Slattery,Directed,1,15,Knows,Bobby Mahon
21,22,Triona Cahill/Mahon,Pokey Burke,Directed,1,15,Knows,Bobby Mahon
1,48,Bobby Mahon,Eileen Burke,Directed,1,15,Knows of,Bobby Mahon
21,2,Triona Cahill/Mahon,Josie Burke,Directed,1,15,Knows,Bobby Mahon
1,20,Bobby Mahon,Frank Mahon,Directed,1,15,Knows,Bobby Mahon
21,48,Triona Cahill/Mahon,Eileen Burke,Directed,1,15,Knows,Bobby Mahon
21,1,Triona Cahill/Mahon,Bobby Mahon,Directed,1,15,Exchange,Bobby Mahon
1,22,Bobby Mahon,Pokey Burke,Directed,1,15,Knows,Bobby Mahon
1,67,Bobby Mahon,God,Directed,1,15,Knows,Bobby Mahon
1,2,Bobby Mahon,Josie Burke,Directed,1,15,Exchange,Bobby Mahon
22,52,Pokey Burke,"""the boys"" (who worked for Pokey)",Directed,1,15,Knows,Bobby Mahon
1,21,Bobby Mahon,Triona Cahill/Mahon,Directed,1,15,Exchange,Bobby Mahon
1,66,Bobby Mahon,welfare inspectors,Directed,1,15,Knows of,Bobby Mahon
15,21,Rory Slattery,Triona Cahill/Mahon,Directed,1,15,Knows,Bobby Mahon
12,21,Seanie Shaper (Sean Shanahan),Triona Cahill/Mahon,Directed,1,15,Knows,Bobby Mahon
20,1,Frank Mahon,Bobby Mahon,Directed,1,15,Knows,Bobby Mahon
52,22,"""the boys"" (who worked for Pokey)",Pokey Burke,Directed,1,15,Knows,Bobby Mahon
22,21,Pokey Burke,Triona Cahill/Mahon,Directed,1,15,Knows,Bobby Mahon
48,21,Eileen Burke,Triona Cahill/Mahon,Directed,1,15,Knows,Bobby Mahon
1,65,Bobby Mahon,taxman,Directed,1,15,Knows of,Bobby Mahon
12,1,Seanie Shaper (Sean Shanahan),Bobby Mahon,Directed,1,15,Knows,Bobby Mahon
69,68,Seanie's Mother,Seanie's Father,Directed,1,16,Exchange,Bobby Mahon
12,71,Seanie Shaper (Sean Shanahan),Seanie's sister,Directed,1,16,Exchange,Bobby Mahon
70,71,Seanie's brothers,Seanie's sister,Directed,1,16,Exchange,Bobby Mahon
68,12,Seanie's Father,Seanie Shaper (Sean Shanahan),Directed,1,16,Exchange,Bobby Mahon
68,69,Seanie's Father,Seanie's Mother,Directed,1,16,Exchange,Bobby Mahon
68,70,Seanie's Father,Seanie's brothers,Directed,1,16,Exchange,Bobby Mahon
69,71,Seanie's Mother,Seanie's sister,Directed,1,16,Exchange,Bobby Mahon
70,1,Seanie's brothers,Bobby Mahon,Directed,1,16,Knows,Bobby Mahon
70,12,Seanie's brothers,Seanie Shaper (Sean Shanahan),Directed,1,16,Exchange,Bobby Mahon
1,20,Bobby Mahon,Frank Mahon,Directed,1,16,Knows,Bobby Mahon
12,70,Seanie Shaper (Sean Shanahan),Seanie's brothers,Directed,1,16,Exchange,Bobby Mahon
70,68,Seanie's brothers,Seanie's Father,Directed,1,16,Exchange,Bobby Mahon
70,69,Seanie's brothers,Seanie's Mother,Directed,1,16,Exchange,Bobby Mahon
71,70,Seanie's sister,Seanie's brothers,Directed,1,16,Exchange,Bobby Mahon
69,1,Seanie's Mother,Bobby Mahon,Directed,1,16,Knows,Bobby Mahon
71,69,Seanie's sister,Seanie's Mother,Directed,1,16,Exchange,Bobby Mahon
71,68,Seanie's sister,Seanie's Father,Directed,1,16,Exchange,Bobby Mahon
71,12,Seanie's sister,Seanie Shaper (Sean Shanahan),Directed,1,16,Exchange,Bobby Mahon
68,71,Seanie's Father,Seanie's sister,Directed,1,16,Exchange,Bobby Mahon
12,69,Seanie Shaper (Sean Shanahan),Seanie's Mother,Directed,1,16,Exchange,Bobby Mahon
68,1,Seanie's Father,Bobby Mahon,Directed,1,16,Knows,Bobby Mahon
12,68,Seanie Shaper (Sean Shanahan),Seanie's Father,Directed,1,16,Exchange,Bobby Mahon
69,12,Seanie's Mother,Seanie Shaper (Sean Shanahan),Directed,1,16,Exchange,Bobby Mahon
20,1,Frank Mahon,Bobby Mahon,Directed,1,16,Knows,Bobby Mahon
69,70,Seanie's Mother,Seanie's brothers,Directed,1,16,Exchange,Bobby Mahon
1,71,Bobby Mahon,Seanie's sister,Directed,1,16,Knows,Bobby Mahon
1,70,Bobby Mahon,Seanie's brothers,Directed,1,16,Knows,Bobby Mahon
1,69,Bobby Mahon,Seanie's Mother,Directed,1,16,Knows,Bobby Mahon
1,68,Bobby Mahon,Seanie's Father,Directed,1,16,Knows,Bobby Mahon
1,12,Bobby Mahon,Seanie Shaper (Sean Shanahan),Directed,1,16,Knows,Bobby Mahon
71,1,Seanie's sister,Bobby Mahon,Directed,1,16,Knows,Bobby Mahon
12,1,Seanie Shaper (Sean Shanahan),Bobby Mahon,Directed,1,16,Knows,Bobby Mahon
20,76,Frank Mahon,"""common whores""",Directed,1,17,Exchange,Bobby Mahon
1,20,Bobby Mahon,Frank Mahon,Directed,1,17,Knows,Bobby Mahon
1,75,Bobby Mahon,Men (Frank didn't like),Directed,1,17,Knows of,Bobby Mahon
1,73,Bobby Mahon,Paulie Jackman,Directed,1,17,Knows of,Bobby Mahon
1,74,Bobby Mahon,"""old guard in front of Ciss's front bar""",Directed,1,17,Knows of,Bobby Mahon
20,1,Frank Mahon,Bobby Mahon,Directed,1,17,Knows,Bobby Mahon
73,46,Paulie Jackman,Bobby's Grandad,Directed,1,17,Knows of,Bobby Mahon
75,20,Men (Frank didn't like),Frank Mahon,Directed,1,17,Exchange,Bobby Mahon
20,74,Frank Mahon,"""old guard in front of Ciss's front bar""",Directed,1,17,Knows,Bobby Mahon
20,73,Frank Mahon,Paulie Jackman,Directed,1,17,Exchange,Bobby Mahon
20,46,Frank Mahon,Bobby's Grandad,Directed,1,17,Exchange,Bobby Mahon
1,72,Bobby Mahon,Ciss Brien,Directed,1,17,Knows of,Bobby Mahon
1,76,Bobby Mahon,"""common whores""",Directed,1,17,Knows of,Bobby Mahon
20,72,Frank Mahon,Ciss Brien,Directed,1,17,Exchange,Bobby Mahon
73,20,Paulie Jackman,Frank Mahon,Directed,1,17,Exchange,Bobby Mahon
74,20,"""old guard in front of Ciss's front bar""",Frank Mahon,Directed,1,17,Knows,Bobby Mahon
20,75,Frank Mahon,Men (Frank didn't like),Directed,1,17,Exchange,Bobby Mahon
72,20,Ciss Brien,Frank Mahon,Directed,1,17,Exchange,Bobby Mahon
1,46,Bobby Mahon,Bobby's Grandad,Directed,1,17,Exchange,Bobby Mahon
46,20,Bobby's Grandad,Frank Mahon,Directed,1,17,Exchange,Bobby Mahon
46,1,Bobby's Grandad,Bobby Mahon,Directed,1,17,Exchange,Bobby Mahon
76,20,"""common whores""",Frank Mahon,Directed,1,17,Exchange,Bobby Mahon
46,73,Bobby's Grandad,Paulie Jackman,Directed,1,17,Knows of,Bobby Mahon
20,1,Frank Mahon,Bobby Mahon,Directed,1,18,Knows,Bobby Mahon
46,1,Bobby's Grandad,Bobby Mahon,Directed,1,18,Exchange,Bobby Mahon
20,54,Frank Mahon,Bobby's Mother,Directed,1,18,Knows,Bobby Mahon
1,20,Bobby Mahon,Frank Mahon,Directed,1,18,Knows,Bobby Mahon
54,20,Bobby's Mother,Frank Mahon,Directed,1,18,Knows,Bobby Mahon
1,54,Bobby Mahon,Bobby's Mother,Directed,1,18,Knows,Bobby Mahon
46,20,Bobby's Grandad,Frank Mahon,Directed,1,18,Exchange,Bobby Mahon
1,46,Bobby Mahon,Bobby's Grandad,Directed,1,18,Exchange,Bobby Mahon
20,46,Frank Mahon,Bobby's Grandad,Directed,1,18,Exchange,Bobby Mahon
54,1,Bobby's Mother,Bobby Mahon,Directed,1,18,Knows,Bobby Mahon
21,54,Triona Cahill/Mahon,Bobby's Mother,Directed,1,19,Knows of,Bobby Mahon
1,20,Bobby Mahon,Frank Mahon,Directed,1,19,Knows,Bobby Mahon
21,1,Triona Cahill/Mahon,Bobby Mahon,Directed,1,19,Exchange,Bobby Mahon
77,54,Triona's friend,Bobby's Mother,Directed,1,19,Knows of,Bobby Mahon
22,21,Pokey Burke,Triona Cahill/Mahon,Directed,1,19,Exchange,Bobby Mahon
21,22,Triona Cahill/Mahon,Pokey Burke,Directed,1,19,Exchange,Bobby Mahon
21,77,Triona Cahill/Mahon,Triona's friend,Directed,1,19,Exchange,Bobby Mahon
77,1,Triona's friend,Bobby Mahon,Directed,1,19,Knows,Bobby Mahon
1,21,Bobby Mahon,Triona Cahill/Mahon,Directed,1,19,Exchange,Bobby Mahon
77,20,Triona's friend,Frank Mahon,Directed,1,19,Knows of,Bobby Mahon
77,21,Triona's friend,Triona Cahill/Mahon,Directed,1,19,Exchange,Bobby Mahon
54,1,Bobby's Mother,Bobby Mahon,Directed,1,19,Knows,Bobby Mahon
1,22,Bobby Mahon,Pokey Burke,Directed,1,19,Exchange,Bobby Mahon
1,77,Bobby Mahon,Triona's friend,Directed,1,19,Knows,Bobby Mahon
22,1,Pokey Burke,Bobby Mahon,Directed,1,19,Exchange,Bobby Mahon
20,1,Frank Mahon,Bobby Mahon,Directed,1,19,Knows,Bobby Mahon
21,20,Triona Cahill/Mahon,Frank Mahon,Directed,1,19,Knows of,Bobby Mahon
1,54,Bobby Mahon,Bobby's Mother,Directed,1,19,Knows,Bobby Mahon
1,22,Bobby Mahon,Pokey Burke,Directed,1,20,Knows,Bobby Mahon
1,67,Bobby Mahon,God,Directed,1,20,Knows,Bobby Mahon
1,21,Bobby Mahon,Triona Cahill/Mahon,Directed,1,20,Exchange,Bobby Mahon
78,1,Actor (playing the husband),Bobby Mahon,Directed,1,20,Exchange,Bobby Mahon
79,1,Actress (playing the wife),Bobby Mahon,Directed,1,20,Exchange,Bobby Mahon
78,21,Actor (playing the husband),Triona Cahill/Mahon,Directed,1,20,Exchange,Bobby Mahon
21,1,Triona Cahill/Mahon,Bobby Mahon,Directed,1,20,Exchange,Bobby Mahon
78,368,Actor (playing the husband),Audience,Directed,1,20,Exchange,Bobby Mahon
78,79,Actor (playing the husband),Actress (playing the wife),Directed,1,20,Exchange,Bobby Mahon
79,21,Actress (playing the wife),Triona Cahill/Mahon,Directed,1,20,Exchange,Bobby Mahon
1,78,Bobby Mahon,Actor (playing the husband),Directed,1,20,Exchange,Bobby Mahon
79,368,Actress (playing the wife),Audience,Directed,1,20,Knows,Bobby Mahon
1,79,Bobby Mahon,Actress (playing the wife),Directed,1,20,Exchange,Bobby Mahon
22,1,Pokey Burke,Bobby Mahon,Directed,1,20,Knows,Bobby Mahon
1,368,Bobby Mahon,Audience,Directed,1,20,Knows of,Bobby Mahon
368,78,Audience,Actor (playing the husband),Directed,1,20,Exchange,Bobby Mahon
368,79,Audience,Actress (playing the wife),Directed,1,20,Knows,Bobby Mahon
79,78,Actress (playing the wife),Actor (playing the husband),Directed,1,20,Exchange,Bobby Mahon
48,49,Eileen Burke,Eamonn Burke,Directed,1,21,Exchange,Josie Burke
1,2,Bobby Mahon,Josie Burke,Directed,1,21,Exchange,Josie Burke
22,1,Pokey Burke,Bobby Mahon,Directed,1,21,Knows,Josie Burke
49,48,Eamonn Burke,Eileen Burke,Directed,1,21,Exchange,Josie Burke
22,49,Pokey Burke,Eamonn Burke,Directed,1,21,Knows,Josie Burke
48,2,Eileen Burke,Josie Burke,Directed,1,21,Exchange,Josie Burke
2,48,Josie Burke,Eileen Burke,Directed,1,21,Exchange,Josie Burke
2,49,Josie Burke,Eamonn Burke,Directed,1,21,Knows,Josie Burke
2,1,Josie Burke,Bobby Mahon,Directed,1,21,Exchange,Josie Burke
1,22,Bobby Mahon,Pokey Burke,Directed,1,21,Knows,Josie Burke
22,2,Pokey Burke,Josie Burke,Directed,1,21,Knows,Josie Burke
49,2,Eamonn Burke,Josie Burke,Directed,1,21,Knows,Josie Burke
49,22,Eamonn Burke,Pokey Burke,Directed,1,21,Knows,Josie Burke
2,22,Josie Burke,Pokey Burke,Directed,1,21,Knows,Josie Burke
2,1,Josie Burke,Bobby Mahon,Directed,1,22,Exchange,Josie Burke
22,48,Pokey Burke,Eileen Burke,Directed,1,22,Knows,Josie Burke
2,22,Josie Burke,Pokey Burke,Directed,1,22,Knows,Josie Burke
48,2,Eileen Burke,Josie Burke,Directed,1,22,Exchange,Josie Burke
2,67,Josie Burke,God,Directed,1,22,Knows,Josie Burke
1,2,Bobby Mahon,Josie Burke,Directed,1,22,Exchange,Josie Burke
1,22,Bobby Mahon,Pokey Burke,Directed,1,22,Knows,Josie Burke
22,2,Pokey Burke,Josie Burke,Directed,1,22,Knows,Josie Burke
2,48,Josie Burke,Eileen Burke,Directed,1,22,Exchange,Josie Burke
48,22,Eileen Burke,Pokey Burke,Directed,1,22,Knows,Josie Burke
22,1,Pokey Burke,Bobby Mahon,Directed,1,22,Knows,Josie Burke
2,82,Josie Burke,"""four or five boys"" (Josie brought with him)",Directed,1,23,Knows,Josie Burke
82,2,"""four or five boys"" (Josie brought with him)",Josie Burke,Directed,1,23,Knows,Josie Burke
2,81,Josie Burke,"""great big fat fella"" (Josie worked for)",Directed,1,23,Knows,Josie Burke
2,18,Josie Burke,Mags Burke,Directed,1,23,Exchange,Josie Burke
2,48,Josie Burke,Eileen Burke,Directed,1,23,Exchange,Josie Burke
18,80,Mags Burke,Tibetan Monks,Directed,1,23,Knows of,Josie Burke
2,80,Josie Burke,Tibetan Monks,Directed,1,23,Knows of,Josie Burke
18,2,Mags Burke,Josie Burke,Directed,1,23,Exchange,Josie Burke
81,2,"""great big fat fella"" (Josie worked for)",Josie Burke,Directed,1,23,Knows,Josie Burke
48,2,Eileen Burke,Josie Burke,Directed,1,23,Exchange,Josie Burke
3,2,Lily,Josie Burke,Directed,1,24,Exchange,Josie Burke
2,52,Josie Burke,"""the boys"" (who worked for Pokey)",Directed,1,24,Knows of,Josie Burke
22,2,Pokey Burke,Josie Burke,Directed,1,24,Knows,Josie Burke
52,22,"""the boys"" (who worked for Pokey)",Pokey Burke,Directed,1,24,Knows,Josie Burke
2,48,Josie Burke,Eileen Burke,Directed,1,24,Exchange,Josie Burke
48,2,Eileen Burke,Josie Burke,Directed,1,24,Exchange,Josie Burke
84,2,Josie Burke Sr.,Josie Burke,Directed,1,24,Exchange,Josie Burke
2,3,Josie Burke,Lily,Directed,1,24,Exchange,Josie Burke
2,84,Josie Burke,Josie Burke Sr.,Directed,1,24,Exchange,Josie Burke
2,220,Josie Burke,Satan,Directed,1,24,Knows of,Josie Burke
2,22,Josie Burke,Pokey Burke,Directed,1,24,Knows,Josie Burke
84,220,Josie Burke Sr.,Satan,Directed,1,24,Knows,Josie Burke
22,52,Pokey Burke,"""the boys"" (who worked for Pokey)",Directed,1,24,Knows,Josie Burke
2,49,Josie Burke,Eamonn Burke,Directed,1,25,Exchange,Josie Burke
22,2,Pokey Burke,Josie Burke,Directed,1,25,Knows,Josie Burke
49,22,Eamonn Burke,Pokey Burke,Directed,1,25,Knows,Josie Burke
48,22,Eileen Burke,Pokey Burke,Directed,1,25,Knows,Josie Burke
22,49,Pokey Burke,Eamonn Burke,Directed,1,25,Knows,Josie Burke
49,48,Eamonn Burke,Eileen Burke,Directed,1,25,Knows,Josie Burke
2,48,Josie Burke,Eileen Burke,Directed,1,25,Knows of,Josie Burke
2,369,Josie Burke,Franciscan lads in Moyross,Directed,1,25,Knows of,Josie Burke
2,22,Josie Burke,Pokey Burke,Directed,1,25,Knows,Josie Burke
2,67,Josie Burke,God,Directed,1,25,Exchange,Josie Burke
2,85,Josie Burke,John Cotter,Directed,1,25,Knows,Josie Burke
22,48,Pokey Burke,Eileen Burke,Directed,1,25,Knows,Josie Burke
48,49,Eileen Burke,Eamonn Burke,Directed,1,25,Knows,Josie Burke
49,2,Eamonn Burke,Josie Burke,Directed,1,25,Exchange,Josie Burke
369,67,Franciscan lads in Moyross,God,Directed,1,25,Knows,Josie Burke
85,2,John Cotter,Josie Burke,Directed,1,25,Knows,Josie Burke
57,55,the Cunliffes,the Cunliffes' son,Directed,1,26,Knows,Josie Burke
86,49,"""other teachers""",Eamonn Burke,Directed,1,26,Knows,Josie Burke
87,49,"""young lads""",Eamonn Burke,Directed,1,26,Knows,Josie Burke
49,87,Eamonn Burke,"""young lads""",Directed,1,26,Knows,Josie Burke
2,88,Josie Burke,Yvonne Burke,Directed,1,26,Knows of,Josie Burke
2,67,Josie Burke,God,Directed,1,26,Knows,Josie Burke
2,90,Josie Burke,Jesus,Directed,1,26,Knows,Josie Burke
55,57,the Cunliffes' son,the Cunliffes,Directed,1,26,Knows,Josie Burke
49,22,Eamonn Burke,Pokey Burke,Directed,1,26,Knows,Josie Burke
22,49,Pokey Burke,Eamonn Burke,Directed,1,26,Knows,Josie Burke
92,55,Armed Response Guards,the Cunliffes' son,Directed,1,26,Exchange,Josie Burke
58,55,the Cunliffes' son's aunt,the Cunliffes' son,Directed,1,26,Knows,Josie Burke
2,58,Josie Burke,the Cunliffes' son's aunt,Directed,1,26,Knows of,Josie Burke
1,2,Bobby Mahon,Josie Burke,Directed,1,26,Knows,Josie Burke
55,58,the Cunliffes' son,the Cunliffes' son's aunt,Directed,1,26,Knows,Josie Burke
88,89,Yvonne Burke,Yvonne's family,Directed,1,26,Knows,Josie Burke
88,91,Yvonne Burke,Eamonn's daughter,Directed,1,26,Knows,Josie Burke
89,49,Yvonne's family,Eamonn Burke,Directed,1,26,Knows,Josie Burke
2,22,Josie Burke,Pokey Burke,Directed,1,26,Exchange,Josie Burke
89,88,Yvonne's family,Yvonne Burke,Directed,1,26,Knows,Josie Burke
91,88,Eamonn's daughter,Yvonne Burke,Directed,1,26,Knows,Josie Burke
55,92,the Cunliffes' son,Armed Response Guards,Directed,1,26,Exchange,Josie Burke
49,314,Eamonn Burke,Eamonn's son,Directed,1,26,Knows,Josie Burke
49,86,Eamonn Burke,"""other teachers""",Directed,1,26,Knows,Josie Burke
2,89,Josie Burke,Yvonne's family,Directed,1,26,Knows of,Josie Burke
2,87,Josie Burke,"""young lads""",Directed,1,26,Knows of,Josie Burke
314,49,Eamonn's son,Eamonn Burke,Directed,1,26,Knows,Josie Burke
88,314,Yvonne Burke,Eamonn's son,Directed,1,26,Knows,Josie Burke
2,49,Josie Burke,Eamonn Burke,Directed,1,26,Exchange,Josie Burke
22,2,Pokey Burke,Josie Burke,Directed,1,26,Exchange,Josie Burke
2,1,Josie Burke,Bobby Mahon,Directed,1,26,Knows,Josie Burke
49,89,Eamonn Burke,Yvonne's family,Directed,1,26,Knows,Josie Burke
2,91,Josie Burke,Eamonn's daughter,Directed,1,26,Knows of,Josie Burke
2,92,Josie Burke,Armed Response Guards,Directed,1,26,Knows of,Josie Burke
2,314,Josie Burke,Eamonn's son,Directed,1,26,Knows of,Josie Burke
314,88,Eamonn's son,Yvonne Burke,Directed,1,26,Knows,Josie Burke
49,88,Eamonn Burke,Yvonne Burke,Directed,1,26,Knows,Josie Burke
2,55,Josie Burke,the Cunliffes' son,Directed,1,26,Knows,Josie Burke
49,2,Eamonn Burke,Josie Burke,Directed,1,26,Exchange,Josie Burke
49,91,Eamonn Burke,Eamonn's daughter,Directed,1,26,Knows,Josie Burke
91,49,Eamonn's daughter,Eamonn Burke,Directed,1,26,Knows,Josie Burke
2,86,Josie Burke,"""other teachers""",Directed,1,26,Knows of,Josie Burke
2,57,Josie Burke,the Cunliffes,Directed,1,26,Knows,Josie Burke
88,49,Yvonne Burke,Eamonn Burke,Directed,1,26,Knows,Josie Burke
37,3,George McSweeney,Lily,Directed,1,27,Knows,Lily
3,102,Lily,Hughie,Directed,1,27,Knows,Lily
95,3,Bernie McDermott,Lily,Directed,1,27,Exchange,Lily
3,94,Lily,midwife,Directed,1,27,Exchange,Lily
3,100,Lily,John-John,Directed,1,27,Knows,Lily
94,95,midwife,Bernie McDermott,Directed,1,27,Knows of,Lily
94,3,midwife,Lily,Directed,1,27,Exchange,Lily
3,101,Lily,Lily's children,Directed,1,27,Knows,Lily
3,95,Lily,Bernie McDermott,Directed,1,27,Exchange,Lily
3,37,Lily,George McSweeney,Directed,1,27,Knows,Lily
19,3,Jim Gildea,Lily,Directed,1,27,Exchange,Lily
101,3,Lily's children,Lily,Directed,1,27,Knows,Lily
95,37,Bernie McDermott,George McSweeney,Directed,1,27,Knows of,Lily
3,19,Lily,Jim Gildea,Directed,1,27,Exchange,Lily
102,3,Hughie,Lily,Directed,1,27,Knows,Lily
100,3,John-John,Lily,Directed,1,27,Knows,Lily
3,96,Lily,Men (who come see Lily),Directed,1,28,Exchange,Lily
3,97,Lily,"""old farmers""",Directed,1,28,Exchange,Lily
3,99,Lily,"""young fella""",Directed,1,28,Exchange,Lily
3,98,Lily,"fella ""with a toughie English accent""",Directed,1,28,Exchange,Lily
97,3,"""old farmers""",Lily,Directed,1,28,Exchange,Lily
96,3,Men (who come see Lily),Lily,Directed,1,28,Exchange,Lily
19,3,Jim Gildea,Lily,Directed,1,28,Exchange,Lily
3,19,Lily,Jim Gildea,Directed,1,28,Exchange,Lily
99,3,"""young fella""",Lily,Directed,1,28,Exchange,Lily
98,3,"fella ""with a toughie English accent""",Lily,Directed,1,28,Exchange,Lily
3,97,Lily,"""old farmers""",Directed,1,29,Knows,Lily
3,2,Lily,Josie Burke,Directed,1,29,Exchange,Lily
3,96,Lily,Men (who come see Lily),Directed,1,29,Exchange,Lily
101,3,Lily's children,Lily,Directed,1,29,Knows,Lily
99,3,"""young fella""",Lily,Directed,1,29,Exchange,Lily
99,100,"""young fella""",John-John,Directed,1,29,Knows,Lily
99,90,"""young fella""",Jesus,Directed,1,29,Knows of,Lily
3,99,Lily,"""young fella""",Directed,1,29,Exchange,Lily
96,3,Men (who come see Lily),Lily,Directed,1,29,Exchange,Lily
100,370,John-John,John-John's father,Directed,1,29,Knows,Lily
370,100,John-John's father,John-John,Directed,1,29,Knows,Lily
3,370,Lily,John-John's father,Directed,1,29,Knows,Lily
97,3,"""old farmers""",Lily,Directed,1,29,Knows,Lily
3,101,Lily,Lily's children,Directed,1,29,Knows,Lily
2,3,Josie Burke,Lily,Directed,1,29,Exchange,Lily
100,3,John-John,Lily,Directed,1,29,Knows,Lily
370,3,John-John's father,Lily,Directed,1,29,Knows,Lily
3,90,Lily,Jesus,Directed,1,29,Knows,Lily
3,100,Lily,John-John,Directed,1,29,Knows,Lily
100,99,John-John,"""young fella""",Directed,1,29,Knows,Lily
16,102,Millicent,Hughie,Directed,1,30,Knows,Lily
3,96,Lily,Men (who come see Lily),Directed,1,30,Knows,Lily
48,18,Eileen Burke,Mags Burke,Directed,1,30,Knows,Lily
22,2,Pokey Burke,Josie Burke,Directed,1,30,Knows,Lily
3,103,Lily,Hughie's wife,Directed,1,30,Knows of,Lily
18,48,Mags Burke,Eileen Burke,Directed,1,30,Knows,Lily
3,49,Lily,Eamonn Burke,Directed,1,30,Knows of,Lily
16,103,Millicent,Hughie's wife,Directed,1,30,Knows,Lily
48,22,Eileen Burke,Pokey Burke,Directed,1,30,Knows,Lily
48,2,Eileen Burke,Josie Burke,Directed,1,30,Knows,Lily
3,102,Lily,Hughie,Directed,1,30,Knows,Lily
100,3,John-John,Lily,Directed,1,30,Exchange,Lily
3,37,Lily,George McSweeney,Directed,1,30,Knows,Lily
22,49,Pokey Burke,Eamonn Burke,Directed,1,30,Knows,Lily
22,48,Pokey Burke,Eileen Burke,Directed,1,30,Knows,Lily
3,48,Lily,Eileen Burke,Directed,1,30,Knows of,Lily
18,49,Mags Burke,Eamonn Burke,Directed,1,30,Knows,Lily
49,18,Eamonn Burke,Mags Burke,Directed,1,30,Knows,Lily
3,16,Lily,Millicent,Directed,1,30,Knows of,Lily
3,100,Lily,John-John,Directed,1,30,Exchange,Lily
22,18,Pokey Burke,Mags Burke,Directed,1,30,Knows,Lily
18,2,Mags Burke,Josie Burke,Directed,1,30,Knows,Lily
37,3,George McSweeney,Lily,Directed,1,30,Knows,Lily
101,3,Lily's children,Lily,Directed,1,30,Knows,Lily
2,22,Josie Burke,Pokey Burke,Directed,1,30,Knows,Lily
49,2,Eamonn Burke,Josie Burke,Directed,1,30,Knows,Lily
96,3,Men (who come see Lily),Lily,Directed,1,30,Knows,Lily
48,49,Eileen Burke,Eamonn Burke,Directed,1,30,Knows,Lily
102,103,Hughie,Hughie's wife,Directed,1,30,Knows,Lily
2,18,Josie Burke,Mags Burke,Directed,1,30,Knows,Lily
102,3,Hughie,Lily,Directed,1,30,Knows,Lily
49,48,Eamonn Burke,Eileen Burke,Directed,1,30,Knows,Lily
2,3,Josie Burke,Lily,Directed,1,30,Exchange,Lily
3,2,Lily,Josie Burke,Directed,1,30,Exchange,Lily
103,16,Hughie's wife,Millicent,Directed,1,30,Knows,Lily
102,16,Hughie,Millicent,Directed,1,30,Knows,Lily
103,102,Hughie's wife,Hughie,Directed,1,30,Knows,Lily
3,22,Lily,Pokey Burke,Directed,1,30,Knows of,Lily
3,101,Lily,Lily's children,Directed,1,30,Knows,Lily
2,48,Josie Burke,Eileen Burke,Directed,1,30,Knows,Lily
3,18,Lily,Mags Burke,Directed,1,30,Knows of,Lily
2,49,Josie Burke,Eamonn Burke,Directed,1,30,Knows,Lily
49,22,Eamonn Burke,Pokey Burke,Directed,1,30,Knows,Lily
18,22,Mags Burke,Pokey Burke,Directed,1,30,Knows,Lily
3,100,Lily,John-John,Directed,1,31,Exchange,Lily
1,54,Bobby Mahon,Bobby's Mother,Directed,1,31,Knows,Lily
3,1,Lily,Bobby Mahon,Directed,1,31,Exchange,Lily
3,20,Lily,Frank Mahon,Directed,1,31,Knows of,Lily
100,3,John-John,Lily,Directed,1,31,Exchange,Lily
20,1,Frank Mahon,Bobby Mahon,Directed,1,31,Knows,Lily
54,1,Bobby's Mother,Bobby Mahon,Directed,1,31,Knows,Lily
1,3,Bobby Mahon,Lily,Directed,1,31,Exchange,Lily
1,20,Bobby Mahon,Frank Mahon,Directed,1,31,Knows,Lily
3,54,Lily,Bobby's Mother,Directed,1,31,Knows of,Lily
3,21,Lily,Triona Cahill/Mahon,Directed,1,32,Knows of,Lily
3,95,Lily,Bernie McDermott,Directed,1,32,Exchange,Lily
100,95,John-John,Bernie McDermott,Directed,1,32,Exchange,Lily
101,3,Lily's children,Lily,Directed,1,32,Knows,Lily
100,3,John-John,Lily,Directed,1,32,Knows,Lily
1,3,Bobby Mahon,Lily,Directed,1,32,Exchange,Lily
3,101,Lily,Lily's children,Directed,1,32,Knows,Lily
105,3,Lily's Mother,Lily,Directed,1,32,Knows,Lily
101,100,Lily's children,John-John,Directed,1,32,Exchange,Lily
3,102,Lily,Hughie,Directed,1,32,Knows,Lily
3,1,Lily,Bobby Mahon,Directed,1,32,Exchange,Lily
102,3,Hughie,Lily,Directed,1,32,Knows,Lily
95,3,Bernie McDermott,Lily,Directed,1,32,Exchange,Lily
95,100,Bernie McDermott,John-John,Directed,1,32,Exchange,Lily
100,101,John-John,Lily's children,Directed,1,32,Exchange,Lily
37,3,George McSweeney,Lily,Directed,1,32,Exchange,Lily
1,21,Bobby Mahon,Triona Cahill/Mahon,Directed,1,32,Exchange,Lily
3,105,Lily,Lily's Mother,Directed,1,32,Knows,Lily
21,1,Triona Cahill/Mahon,Bobby Mahon,Directed,1,32,Exchange,Lily
3,100,Lily,John-John,Directed,1,32,Knows,Lily
3,37,Lily,George McSweeney,Directed,1,32,Exchange,Lily
107,37,George McSweeney's girlfriend,George McSweeney,Directed,1,33,Exchange,Lily
3,106,Lily,The McDermotts,Directed,1,33,Knows of,Lily
3,100,Lily,John-John,Directed,1,33,Knows,Lily
101,3,Lily's children,Lily,Directed,1,33,Knows,Lily
3,96,Lily,Men (who come see Lily),Directed,1,33,Knows,Lily
3,101,Lily,Lily's children,Directed,1,33,Knows,Lily
72,100,Ciss Brien,John-John,Directed,1,33,Knows,Lily
100,72,John-John,Ciss Brien,Directed,1,33,Knows,Lily
102,3,Hughie,Lily,Directed,1,33,Knows,Lily
3,95,Lily,Bernie McDermott,Directed,1,33,Exchange,Lily
3,72,Lily,Ciss Brien,Directed,1,33,Knows of,Lily
95,37,Bernie McDermott,George McSweeney,Directed,1,33,Knows,Lily
37,108,George McSweeney,George McSweeney's girlfriend's mother,Directed,1,33,Exchange,Lily
96,3,Men (who come see Lily),Lily,Directed,1,33,Knows,Lily
3,37,Lily,George McSweeney,Directed,1,33,Knows of,Lily
3,107,Lily,George McSweeney's girlfriend,Directed,1,33,Knows of,Lily
3,108,Lily,George McSweeney's girlfriend's mother,Directed,1,33,Knows of,Lily
108,37,George McSweeney's girlfriend's mother,George McSweeney,Directed,1,33,Exchange,Lily
37,107,George McSweeney,George McSweeney's girlfriend,Directed,1,33,Exchange,Lily
100,3,John-John,Lily,Directed,1,33,Knows,Lily
37,95,George McSweeney,Bernie McDermott,Directed,1,33,Knows,Lily
95,3,Bernie McDermott,Lily,Directed,1,33,Exchange,Lily
108,107,George McSweeney's girlfriend's mother,George McSweeney's girlfriend,Directed,1,33,Knows,Lily
107,108,George McSweeney's girlfriend,George McSweeney's girlfriend's mother,Directed,1,33,Knows,Lily
3,102,Lily,Hughie,Directed,1,33,Knows,Lily
95,106,Bernie McDermott,The McDermotts,Directed,1,33,Knows,Lily
106,95,The McDermotts,Bernie McDermott,Directed,1,33,Knows,Lily
3,72,Lily,Ciss Brien,Directed,1,34,Knows of,Lily
100,72,John-John,Ciss Brien,Directed,1,34,Knows,Lily
3,100,Lily,John-John,Directed,1,34,Knows,Lily
72,100,Ciss Brien,John-John,Directed,1,34,Knows,Lily
100,3,John-John,Lily,Directed,1,34,Knows,Lily
112,113,Vasya's Mother,Vasya's grandmother,Directed,1,35,Knows,Vasya Afanasiev
113,4,Vasya's grandmother,Vasya Afanasiev,Directed,1,35,Exchange,Vasya Afanasiev
4,112,Vasya Afanasiev,Vasya's Mother,Directed,1,35,Knows,Vasya Afanasiev
1,4,Bobby Mahon,Vasya Afanasiev,Directed,1,35,Exchange,Vasya Afanasiev
4,109,Vasya Afanasiev,Man (Vasya worked with),Directed,1,35,Exchange,Vasya Afanasiev
4,111,Vasya Afanasiev,Child (of the man Vasya worked with),Directed,1,35,Exchange,Vasya Afanasiev
4,1,Vasya Afanasiev,Bobby Mahon,Directed,1,35,Exchange,Vasya Afanasiev
4,110,Vasya Afanasiev,Wife (of the man Vasya worked with),Directed,1,35,Exchange,Vasya Afanasiev
109,4,Man (Vasya worked with),Vasya Afanasiev,Directed,1,35,Exchange,Vasya Afanasiev
109,110,Man (Vasya worked with),Wife (of the man Vasya worked with),Directed,1,35,Exchange,Vasya Afanasiev
111,109,Child (of the man Vasya worked with),Man (Vasya worked with),Directed,1,35,Exchange,Vasya Afanasiev
111,4,Child (of the man Vasya worked with),Vasya Afanasiev,Directed,1,35,Exchange,Vasya Afanasiev
111,110,Child (of the man Vasya worked with),Wife (of the man Vasya worked with),Directed,1,35,Knows,Vasya Afanasiev
112,4,Vasya's Mother,Vasya Afanasiev,Directed,1,35,Knows,Vasya Afanasiev
110,4,Wife (of the man Vasya worked with),Vasya Afanasiev,Directed,1,35,Exchange,Vasya Afanasiev
110,109,Wife (of the man Vasya worked with),Man (Vasya worked with),Directed,1,35,Exchange,Vasya Afanasiev
109,111,Man (Vasya worked with),Child (of the man Vasya worked with),Directed,1,35,Exchange,Vasya Afanasiev
113,112,Vasya's grandmother,Vasya's Mother,Directed,1,35,Knows,Vasya Afanasiev
110,111,Wife (of the man Vasya worked with),Child (of the man Vasya worked with),Directed,1,35,Knows,Vasya Afanasiev
4,113,Vasya Afanasiev,Vasya's grandmother,Directed,1,35,Exchange,Vasya Afanasiev
118,120,Russian men,"""foreigners"" (in Khakassia)",Directed,1,36,Exchange,Vasya Afanasiev
4,1,Vasya Afanasiev,Bobby Mahon,Directed,1,36,Exchange,Vasya Afanasiev
113,4,Vasya's grandmother,Vasya Afanasiev,Directed,1,36,Exchange,Vasya Afanasiev
113,112,Vasya's grandmother,Vasya's Mother,Directed,1,36,Knows,Vasya Afanasiev
4,52,Vasya Afanasiev,"""the boys"" (who worked for Pokey)",Directed,1,36,Exchange,Vasya Afanasiev
4,120,Vasya Afanasiev,"""foreigners"" (in Khakassia)",Directed,1,36,Knows of,Vasya Afanasiev
116,113,Vasya's grandfather,Vasya's grandmother,Directed,1,36,Knows,Vasya Afanasiev
114,113,Vasya's family,Vasya's grandmother,Directed,1,36,Exchange,Vasya Afanasiev
120,118,"""foreigners"" (in Khakassia)",Russian men,Directed,1,36,Exchange,Vasya Afanasiev
113,114,Vasya's grandmother,Vasya's family,Directed,1,36,Exchange,Vasya Afanasiev
4,113,Vasya Afanasiev,Vasya's grandmother,Directed,1,36,Exchange,Vasya Afanasiev
115,112,Vasya's Father,Vasya's Mother,Directed,1,36,Knows,Vasya Afanasiev
117,120,The Latvians,"""foreigners"" (in Khakassia)",Directed,1,36,Knows,Vasya Afanasiev
4,116,Vasya Afanasiev,Vasya's grandfather,Directed,1,36,Knows of,Vasya Afanasiev
115,114,Vasya's Father,Vasya's family,Directed,1,36,Exchange,Vasya Afanasiev
115,113,Vasya's Father,Vasya's grandmother,Directed,1,36,Knows,Vasya Afanasiev
112,4,Vasya's Mother,Vasya Afanasiev,Directed,1,36,Knows,Vasya Afanasiev
112,115,Vasya's Mother,Vasya's Father,Directed,1,36,Knows,Vasya Afanasiev
4,114,Vasya Afanasiev,Vasya's family,Directed,1,36,Exchange,Vasya Afanasiev
119,120,Polish men,"""foreigners"" (in Khakassia)",Directed,1,36,Exchange,Vasya Afanasiev
52,4,"""the boys"" (who worked for Pokey)",Vasya Afanasiev,Directed,1,36,Exchange,Vasya Afanasiev
114,115,Vasya's family,Vasya's Father,Directed,1,36,Exchange,Vasya Afanasiev
12,4,Seanie Shaper (Sean Shanahan),Vasya Afanasiev,Directed,1,36,Exchange,Vasya Afanasiev
4,112,Vasya Afanasiev,Vasya's Mother,Directed,1,36,Knows,Vasya Afanasiev
113,115,Vasya's grandmother,Vasya's Father,Directed,1,36,Knows,Vasya Afanasiev
4,117,Vasya Afanasiev,The Latvians,Directed,1,36,Knows of,Vasya Afanasiev
4,12,Vasya Afanasiev,Seanie Shaper (Sean Shanahan),Directed,1,36,Exchange,Vasya Afanasiev
114,4,Vasya's family,Vasya Afanasiev,Directed,1,36,Exchange,Vasya Afanasiev
112,113,Vasya's Mother,Vasya's grandmother,Directed,1,36,Knows,Vasya Afanasiev
4,118,Vasya Afanasiev,Russian men,Directed,1,36,Knows of,Vasya Afanasiev
4,119,Vasya Afanasiev,Polish men,Directed,1,36,Knows of,Vasya Afanasiev
113,116,Vasya's grandmother,Vasya's grandfather,Directed,1,36,Knows,Vasya Afanasiev
120,119,"""foreigners"" (in Khakassia)",Polish men,Directed,1,36,Exchange,Vasya Afanasiev
4,115,Vasya Afanasiev,Vasya's Father,Directed,1,36,Exchange,Vasya Afanasiev
1,4,Bobby Mahon,Vasya Afanasiev,Directed,1,36,Exchange,Vasya Afanasiev
120,117,"""foreigners"" (in Khakassia)",The Latvians,Directed,1,36,Knows,Vasya Afanasiev
115,4,Vasya's Father,Vasya Afanasiev,Directed,1,36,Exchange,Vasya Afanasiev
121,124,Viktor Afanasiev,Vasya's boss,Directed,1,37,Exchange,Vasya Afanasiev
51,4,"""little blonde girl""",Vasya Afanasiev,Directed,1,37,Exchange,Vasya Afanasiev
22,4,Pokey Burke,Vasya Afanasiev,Directed,1,37,Knows,Vasya Afanasiev
123,4,Men (who worked with Vasya and her brother),Vasya Afanasiev,Directed,1,37,Exchange,Vasya Afanasiev
121,123,Viktor Afanasiev,Men (who worked with Vasya and her brother),Directed,1,37,Exchange,Vasya Afanasiev
121,4,Viktor Afanasiev,Vasya Afanasiev,Directed,1,37,Exchange,Vasya Afanasiev
51,22,"""little blonde girl""",Pokey Burke,Directed,1,37,Knows,Vasya Afanasiev
123,121,Men (who worked with Vasya and her brother),Viktor Afanasiev,Directed,1,37,Exchange,Vasya Afanasiev
122,4,"""men and women...who have no work""",Vasya Afanasiev,Directed,1,37,Exchange,Vasya Afanasiev
124,121,Vasya's boss,Viktor Afanasiev,Directed,1,37,Exchange,Vasya Afanasiev
12,122,Seanie Shaper (Sean Shanahan),"""men and women...who have no work""",Directed,1,37,Exchange,Vasya Afanasiev
4,115,Vasya Afanasiev,Vasya's Father,Directed,1,37,Knows,Vasya Afanasiev
124,4,Vasya's boss,Vasya Afanasiev,Directed,1,37,Exchange,Vasya Afanasiev
122,12,"""men and women...who have no work""",Seanie Shaper (Sean Shanahan),Directed,1,37,Exchange,Vasya Afanasiev
12,4,Seanie Shaper (Sean Shanahan),Vasya Afanasiev,Directed,1,37,Exchange,Vasya Afanasiev
4,52,Vasya Afanasiev,"""the boys"" (who worked for Pokey)",Directed,1,37,Exchange,Vasya Afanasiev
4,122,Vasya Afanasiev,"""men and women...who have no work""",Directed,1,37,Exchange,Vasya Afanasiev
115,4,Vasya's Father,Vasya Afanasiev,Directed,1,37,Knows,Vasya Afanasiev
4,51,Vasya Afanasiev,"""little blonde girl""",Directed,1,37,Exchange,Vasya Afanasiev
4,22,Vasya Afanasiev,Pokey Burke,Directed,1,37,Knows,Vasya Afanasiev
4,123,Vasya Afanasiev,Men (who worked with Vasya and her brother),Directed,1,37,Exchange,Vasya Afanasiev
4,124,Vasya Afanasiev,Vasya's boss,Directed,1,37,Exchange,Vasya Afanasiev
4,121,Vasya Afanasiev,Viktor Afanasiev,Directed,1,37,Exchange,Vasya Afanasiev
52,4,"""the boys"" (who worked for Pokey)",Vasya Afanasiev,Directed,1,37,Exchange,Vasya Afanasiev
4,12,Vasya Afanasiev,Seanie Shaper (Sean Shanahan),Directed,1,37,Exchange,Vasya Afanasiev
121,124,Viktor Afanasiev,Vasya's boss,Directed,1,38,Exchange,Vasya Afanasiev
127,4,Men (who planned to travel to Western Europe),Vasya Afanasiev,Directed,1,38,Exchange,Vasya Afanasiev
125,121,local militiaman,Viktor Afanasiev,Directed,1,38,Knows,Vasya Afanasiev
124,121,Vasya's boss,Viktor Afanasiev,Directed,1,38,Exchange,Vasya Afanasiev
123,4,Men (who worked with Vasya and her brother),Vasya Afanasiev,Directed,1,38,Exchange,Vasya Afanasiev
4,127,Vasya Afanasiev,Men (who planned to travel to Western Europe),Directed,1,38,Exchange,Vasya Afanasiev
125,126,local militiaman,Policeman (who talks to Vasya),Directed,1,38,Exchange,Vasya Afanasiev
4,124,Vasya Afanasiev,Vasya's boss,Directed,1,38,Knows of,Vasya Afanasiev
121,123,Viktor Afanasiev,Men (who worked with Vasya and her brother),Directed,1,38,Exchange,Vasya Afanasiev
121,126,Viktor Afanasiev,Policeman (who talks to Vasya),Directed,1,38,Knows,Vasya Afanasiev
4,123,Vasya Afanasiev,Men (who worked with Vasya and her brother),Directed,1,38,Exchange,Vasya Afanasiev
4,126,Vasya Afanasiev,Policeman (who talks to Vasya),Directed,1,38,Exchange,Vasya Afanasiev
123,121,Men (who worked with Vasya and her brother),Viktor Afanasiev,Directed,1,38,Exchange,Vasya Afanasiev
126,125,Policeman (who talks to Vasya),local militiaman,Directed,1,38,Exchange,Vasya Afanasiev
125,4,local militiaman,Vasya Afanasiev,Directed,1,38,Exchange,Vasya Afanasiev
126,4,Policeman (who talks to Vasya),Vasya Afanasiev,Directed,1,38,Exchange,Vasya Afanasiev
121,4,Viktor Afanasiev,Vasya Afanasiev,Directed,1,38,Exchange,Vasya Afanasiev
4,121,Vasya Afanasiev,Viktor Afanasiev,Directed,1,38,Exchange,Vasya Afanasiev
4,125,Vasya Afanasiev,local militiaman,Directed,1,38,Exchange,Vasya Afanasiev
121,125,Viktor Afanasiev,local militiaman,Directed,1,38,Knows,Vasya Afanasiev
126,121,Policeman (who talks to Vasya),Viktor Afanasiev,Directed,1,38,Knows,Vasya Afanasiev
1,4,Bobby Mahon,Vasya Afanasiev,Directed,1,39,Exchange,Vasya Afanasiev
4,22,Vasya Afanasiev,Pokey Burke,Directed,1,39,Knows,Vasya Afanasiev
22,4,Pokey Burke,Vasya Afanasiev,Directed,1,39,Knows,Vasya Afanasiev
4,146,Vasya Afanasiev,"""C2 boys""",Directed,1,39,Knows of,Vasya Afanasiev
146,1,"""C2 boys""",Bobby Mahon,Directed,1,39,Knows,Vasya Afanasiev
4,1,Vasya Afanasiev,Bobby Mahon,Directed,1,39,Exchange,Vasya Afanasiev
1,146,Bobby Mahon,"""C2 boys""",Directed,1,39,Knows,Vasya Afanasiev
115,112,Vasya's Father,Vasya's Mother,Directed,1,40,Knows,Vasya Afanasiev
129,128,Neighbour,Men (Vasya lives with),Directed,1,40,Exchange,Vasya Afanasiev
129,168,Neighbour,Noreen's baby,Directed,1,40,Knows,Vasya Afanasiev
129,4,Neighbour,Vasya Afanasiev,Directed,1,40,Exchange,Vasya Afanasiev
4,114,Vasya Afanasiev,Vasya's family,Directed,1,40,Knows,Vasya Afanasiev
115,4,Vasya's Father,Vasya Afanasiev,Directed,1,40,Knows,Vasya Afanasiev
168,129,Noreen's baby,Neighbour,Directed,1,40,Knows,Vasya Afanasiev
4,168,Vasya Afanasiev,Noreen's baby,Directed,1,40,Knows of,Vasya Afanasiev
128,4,Men (Vasya lives with),Vasya Afanasiev,Directed,1,40,Exchange,Vasya Afanasiev
4,129,Vasya Afanasiev,Neighbour,Directed,1,40,Exchange,Vasya Afanasiev
128,129,Men (Vasya lives with),Neighbour,Directed,1,40,Exchange,Vasya Afanasiev
128,168,Men (Vasya lives with),Noreen's baby,Directed,1,40,Knows of,Vasya Afanasiev
112,115,Vasya's Mother,Vasya's Father,Directed,1,40,Knows,Vasya Afanasiev
114,4,Vasya's family,Vasya Afanasiev,Directed,1,40,Knows,Vasya Afanasiev
4,115,Vasya Afanasiev,Vasya's Father,Directed,1,40,Knows,Vasya Afanasiev
4,112,Vasya Afanasiev,Vasya's Mother,Directed,1,40,Knows of,Vasya Afanasiev
4,128,Vasya Afanasiev,Men (Vasya lives with),Directed,1,40,Exchange,Vasya Afanasiev
131,132,Man (inside The Miner's Rest),Others (inside The Miner's Rest),Directed,1,41,Exchange,Vasya Afanasiev
4,132,Vasya Afanasiev,Others (inside The Miner's Rest),Directed,1,41,Exchange,Vasya Afanasiev
4,22,Vasya Afanasiev,Pokey Burke,Directed,1,41,Exchange,Vasya Afanasiev
22,4,Pokey Burke,Vasya Afanasiev,Directed,1,41,Exchange,Vasya Afanasiev
4,131,Vasya Afanasiev,Man (inside The Miner's Rest),Directed,1,41,Exchange,Vasya Afanasiev
131,4,Man (inside The Miner's Rest),Vasya Afanasiev,Directed,1,41,Exchange,Vasya Afanasiev
132,131,Others (inside The Miner's Rest),Man (inside The Miner's Rest),Directed,1,41,Exchange,Vasya Afanasiev
132,4,Others (inside The Miner's Rest),Vasya Afanasiev,Directed,1,41,Exchange,Vasya Afanasiev
201,5,Dorothy,Réaltín,Directed,1,42,Knows,Réaltín
133,39,Auctioneer,Tom (Réaltín's father),Directed,1,42,Exchange,Réaltín
39,133,Tom (Réaltín's father),Auctioneer,Directed,1,42,Exchange,Réaltín
5,39,Réaltín,Tom (Réaltín's father),Directed,1,42,Knows,Réaltín
5,201,Réaltín,Dorothy,Directed,1,42,Knows,Réaltín
5,133,Réaltín,Auctioneer,Directed,1,42,Exchange,Réaltín
133,5,Auctioneer,Réaltín,Directed,1,42,Exchange,Réaltín
39,5,Tom (Réaltín's father),Réaltín,Directed,1,42,Knows,Réaltín
201,22,Dorothy,Pokey Burke,Directed,1,43,Knows,Réaltín
39,40,Tom (Réaltín's father),Bridget,Directed,1,43,Knows,Réaltín
38,5,Dylan (Réaltín's son),Réaltín,Directed,1,43,Exchange,Réaltín
5,22,Réaltín,Pokey Burke,Directed,1,43,Knows,Réaltín
38,39,Dylan (Réaltín's son),Tom (Réaltín's father),Directed,1,43,Exchange,Réaltín
201,5,Dorothy,Réaltín,Directed,1,43,Knows,Réaltín
134,39,Réaltín's mother,Tom (Réaltín's father),Directed,1,43,Knows,Réaltín
5,134,Réaltín,Réaltín's mother,Directed,1,43,Knows of,Réaltín
22,5,Pokey Burke,Réaltín,Directed,1,43,Knows,Réaltín
22,39,Pokey Burke,Tom (Réaltín's father),Directed,1,43,Knows,Réaltín
40,39,Bridget,Tom (Réaltín's father),Directed,1,43,Knows,Réaltín
5,38,Réaltín,Dylan (Réaltín's son),Directed,1,43,Exchange,Réaltín
5,201,Réaltín,Dorothy,Directed,1,43,Knows,Réaltín
39,22,Tom (Réaltín's father),Pokey Burke,Directed,1,43,Knows,Réaltín
5,39,Réaltín,Tom (Réaltín's father),Directed,1,43,Exchange,Réaltín
39,134,Tom (Réaltín's father),Réaltín's mother,Directed,1,43,Knows,Réaltín
5,40,Réaltín,Bridget,Directed,1,43,Knows of,Réaltín
39,5,Tom (Réaltín's father),Réaltín,Directed,1,43,Exchange,Réaltín
5,67,Réaltín,God,Directed,1,43,Knows,Réaltín
22,201,Pokey Burke,Dorothy,Directed,1,43,Knows,Réaltín
2,48,Josie Burke,Eileen Burke,Directed,1,44,Knows,Réaltín
39,12,Tom (Réaltín's father),Seanie Shaper (Sean Shanahan),Directed,1,44,Exchange,Réaltín
135,39,camera crew,Tom (Réaltín's father),Directed,1,44,Exchange,Réaltín
22,48,Pokey Burke,Eileen Burke,Directed,1,44,Knows,Réaltín
38,39,Dylan (Réaltín's son),Tom (Réaltín's father),Directed,1,44,Knows,Réaltín
5,2,Réaltín,Josie Burke,Directed,1,44,Knows of,Réaltín
5,22,Réaltín,Pokey Burke,Directed,1,44,Knows,Réaltín
5,134,Réaltín,Réaltín's mother,Directed,1,44,Knows of,Réaltín
5,12,Réaltín,Seanie Shaper (Sean Shanahan),Directed,1,44,Exchange,Réaltín
39,40,Tom (Réaltín's father),Bridget,Directed,1,44,Knows,Réaltín
39,38,Tom (Réaltín's father),Dylan (Réaltín's son),Directed,1,44,Knows,Réaltín
5,48,Réaltín,Eileen Burke,Directed,1,44,Knows of,Réaltín
39,2,Tom (Réaltín's father),Josie Burke,Directed,1,44,Exchange,Réaltín
5,136,Réaltín,Seanie's friends,Directed,1,44,Knows of,Réaltín
5,38,Réaltín,Dylan (Réaltín's son),Directed,1,44,Knows of,Réaltín
5,40,Réaltín,Bridget,Directed,1,44,Exchange,Réaltín
5,39,Réaltín,Tom (Réaltín's father),Directed,1,44,Exchange,Réaltín
39,22,Tom (Réaltín's father),Pokey Burke,Directed,1,44,Knows,Réaltín
5,90,Réaltín,Jesus,Directed,1,44,Knows,Réaltín
5,135,Réaltín,camera crew,Directed,1,44,Knows of,Réaltín
38,12,Dylan (Réaltín's son),Seanie Shaper (Sean Shanahan),Directed,1,44,Exchange,Réaltín
12,38,Seanie Shaper (Sean Shanahan),Dylan (Réaltín's son),Directed,1,44,Exchange,Réaltín
48,22,Eileen Burke,Pokey Burke,Directed,1,44,Knows,Réaltín
136,12,Seanie's friends,Seanie Shaper (Sean Shanahan),Directed,1,44,Exchange,Réaltín
22,5,Pokey Burke,Réaltín,Directed,1,44,Knows,Réaltín
22,39,Pokey Burke,Tom (Réaltín's father),Directed,1,44,Knows,Réaltín
48,2,Eileen Burke,Josie Burke,Directed,1,44,Knows,Réaltín
40,5,Bridget,Réaltín,Directed,1,44,Exchange,Réaltín
40,134,Bridget,Réaltín's mother,Directed,1,44,Knows of,Réaltín
40,39,Bridget,Tom (Réaltín's father),Directed,1,44,Knows,Réaltín
12,39,Seanie Shaper (Sean Shanahan),Tom (Réaltín's father),Directed,1,44,Exchange,Réaltín
12,136,Seanie Shaper (Sean Shanahan),Seanie's friends,Directed,1,44,Exchange,Réaltín
39,5,Tom (Réaltín's father),Réaltín,Directed,1,44,Exchange,Réaltín
12,5,Seanie Shaper (Sean Shanahan),Réaltín,Directed,1,44,Exchange,Réaltín
39,135,Tom (Réaltín's father),camera crew,Directed,1,44,Exchange,Réaltín
38,12,Dylan (Réaltín's son),Seanie Shaper (Sean Shanahan),Directed,1,45,Knows,Réaltín
39,5,Tom (Réaltín's father),Réaltín,Directed,1,45,Exchange,Réaltín
138,5,George McSweeney's Secretaries,Réaltín,Directed,1,45,Knows,Réaltín
39,12,Tom (Réaltín's father),Seanie Shaper (Sean Shanahan),Directed,1,45,Knows,Réaltín
5,11,Réaltín,Hillary,Directed,1,45,Exchange,Réaltín
37,140,George McSweeney,"""the cute arses""",Directed,1,45,Exchange,Réaltín
5,67,Réaltín,God,Directed,1,45,Knows,Réaltín
5,139,Réaltín,George McSweeney's apprentices,Directed,1,45,Knows,Réaltín
5,138,Réaltín,George McSweeney's Secretaries,Directed,1,45,Knows,Réaltín
5,12,Réaltín,Seanie Shaper (Sean Shanahan),Directed,1,45,Knows of,Réaltín
5,37,Réaltín,George McSweeney,Directed,1,45,Exchange,Réaltín
5,38,Réaltín,Dylan (Réaltín's son),Directed,1,45,Knows of,Réaltín
5,39,Réaltín,Tom (Réaltín's father),Directed,1,45,Exchange,Réaltín
5,140,Réaltín,"""the cute arses""",Directed,1,45,Exchange,Réaltín
5,137,Réaltín,"""floozies""",Directed,1,45,Knows of,Réaltín
12,137,Seanie Shaper (Sean Shanahan),"""floozies""",Directed,1,45,Exchange,Réaltín
12,38,Seanie Shaper (Sean Shanahan),Dylan (Réaltín's son),Directed,1,45,Knows,Réaltín
12,39,Seanie Shaper (Sean Shanahan),Tom (Réaltín's father),Directed,1,45,Knows,Réaltín
11,37,Hillary,George McSweeney,Directed,1,45,Knows,Réaltín
139,5,George McSweeney's apprentices,Réaltín,Directed,1,45,Knows,Réaltín
140,5,"""the cute arses""",Réaltín,Directed,1,45,Exchange,Réaltín
37,11,George McSweeney,Hillary,Directed,1,45,Knows,Réaltín
11,5,Hillary,Réaltín,Directed,1,45,Exchange,Réaltín
37,5,George McSweeney,Réaltín,Directed,1,45,Exchange,Réaltín
137,12,"""floozies""",Seanie Shaper (Sean Shanahan),Directed,1,45,Exchange,Réaltín
140,37,"""the cute arses""",George McSweeney,Directed,1,45,Exchange,Réaltín
142,141,Builders,Man (who calls George's firm),Directed,1,46,Exchange,Réaltín
5,141,Réaltín,Man (who calls George's firm),Directed,1,46,Exchange,Réaltín
5,143,Réaltín,Girlfriend (of the man who calls George's firm),Directed,1,46,Knows of,Réaltín
5,134,Réaltín,Réaltín's mother,Directed,1,46,Knows,Réaltín
5,37,Réaltín,George McSweeney,Directed,1,46,Exchange,Réaltín
143,141,Girlfriend (of the man who calls George's firm),Man (who calls George's firm),Directed,1,46,Knows,Réaltín
5,12,Réaltín,Seanie Shaper (Sean Shanahan),Directed,1,46,Knows,Réaltín
144,5,"""scumbags""",Réaltín,Directed,1,46,Exchange,Réaltín
5,142,Réaltín,Builders,Directed,1,46,Knows of,Réaltín
141,142,Man (who calls George's firm),Builders,Directed,1,46,Exchange,Réaltín
5,144,Réaltín,"""scumbags""",Directed,1,46,Exchange,Réaltín
141,143,Man (who calls George's firm),Girlfriend (of the man who calls George's firm),Directed,1,46,Knows,Réaltín
5,39,Réaltín,Tom (Réaltín's father),Directed,1,46,Knows,Réaltín
37,144,George McSweeney,"""scumbags""",Directed,1,46,Exchange,Réaltín
141,5,Man (who calls George's firm),Réaltín,Directed,1,46,Exchange,Réaltín
39,5,Tom (Réaltín's father),Réaltín,Directed,1,46,Knows,Réaltín
12,5,Seanie Shaper (Sean Shanahan),Réaltín,Directed,1,46,Knows,Réaltín
37,5,George McSweeney,Réaltín,Directed,1,46,Exchange,Réaltín
144,37,"""scumbags""",George McSweeney,Directed,1,46,Exchange,Réaltín
134,5,Réaltín's mother,Réaltín,Directed,1,46,Knows,Réaltín
38,5,Dylan (Réaltín's son),Réaltín,Directed,1,47,Knows,Réaltín
37,5,George McSweeney,Réaltín,Directed,1,47,Exchange,Réaltín
40,39,Bridget,Tom (Réaltín's father),Directed,1,47,Knows,Réaltín
1,6,Bobby Mahon,Timmy Hanrahan,Directed,1,47,Knows,Réaltín
134,5,Réaltín's mother,Réaltín,Directed,1,47,Knows,Réaltín
5,4,Réaltín,Vasya Afanasiev,Directed,1,47,Knows of,Réaltín
5,39,Réaltín,Tom (Réaltín's father),Directed,1,47,Knows,Réaltín
5,6,Réaltín,Timmy Hanrahan,Directed,1,47,Knows of,Réaltín
5,15,Réaltín,Rory Slattery,Directed,1,47,Knows of,Réaltín
5,90,Réaltín,Jesus,Directed,1,47,Knows of,Réaltín
1,15,Bobby Mahon,Rory Slattery,Directed,1,47,Knows,Réaltín
1,90,Bobby Mahon,Jesus,Directed,1,47,Knows,Réaltín
5,67,Réaltín,God,Directed,1,47,Knows,Réaltín
1,5,Bobby Mahon,Réaltín,Directed,1,47,Exchange,Réaltín
5,38,Réaltín,Dylan (Réaltín's son),Directed,1,47,Knows,Réaltín
5,40,Réaltín,Bridget,Directed,1,47,Knows of,Réaltín
5,1,Réaltín,Bobby Mahon,Directed,1,47,Exchange,Réaltín
5,146,Réaltín,"""C2 boys""",Directed,1,47,Knows of,Réaltín
15,1,Rory Slattery,Bobby Mahon,Directed,1,47,Knows,Réaltín
1,4,Bobby Mahon,Vasya Afanasiev,Directed,1,47,Knows,Réaltín
5,37,Réaltín,George McSweeney,Directed,1,47,Exchange,Réaltín
39,40,Tom (Réaltín's father),Bridget,Directed,1,47,Knows,Réaltín
5,134,Réaltín,Réaltín's mother,Directed,1,47,Knows,Réaltín
134,39,Réaltín's mother,Tom (Réaltín's father),Directed,1,47,Knows,Réaltín
146,1,"""C2 boys""",Bobby Mahon,Directed,1,47,Knows,Réaltín
39,134,Tom (Réaltín's father),Réaltín's mother,Directed,1,47,Knows,Réaltín
6,1,Timmy Hanrahan,Bobby Mahon,Directed,1,47,Knows,Réaltín
39,5,Tom (Réaltín's father),Réaltín,Directed,1,47,Knows,Réaltín
4,1,Vasya Afanasiev,Bobby Mahon,Directed,1,47,Knows,Réaltín
1,146,Bobby Mahon,"""C2 boys""",Directed,1,47,Knows,Réaltín
1,39,Bobby Mahon,Tom (Réaltín's father),Directed,1,48,Knows,Réaltín
146,1,"""C2 boys""",Bobby Mahon,Directed,1,48,Knows,Réaltín
15,1,Rory Slattery,Bobby Mahon,Directed,1,48,Knows,Réaltín
1,4,Bobby Mahon,Vasya Afanasiev,Directed,1,48,Knows,Réaltín
5,146,Réaltín,"""C2 boys""",Directed,1,48,Knows of,Réaltín
6,1,Timmy Hanrahan,Bobby Mahon,Directed,1,48,Knows,Réaltín
5,1,Réaltín,Bobby Mahon,Directed,1,48,Exchange,Réaltín
5,38,Réaltín,Dylan (Réaltín's son),Directed,1,48,Knows of,Réaltín
1,5,Bobby Mahon,Réaltín,Directed,1,48,Exchange,Réaltín
4,1,Vasya Afanasiev,Bobby Mahon,Directed,1,48,Knows,Réaltín
1,6,Bobby Mahon,Timmy Hanrahan,Directed,1,48,Knows,Réaltín
1,146,Bobby Mahon,"""C2 boys""",Directed,1,48,Knows,Réaltín
1,38,Bobby Mahon,Dylan (Réaltín's son),Directed,1,48,Knows,Réaltín
39,1,Tom (Réaltín's father),Bobby Mahon,Directed,1,48,Knows,Réaltín
5,15,Réaltín,Rory Slattery,Directed,1,48,Knows of,Réaltín
5,4,Réaltín,Vasya Afanasiev,Directed,1,48,Knows of,Réaltín
38,1,Dylan (Réaltín's son),Bobby Mahon,Directed,1,48,Knows,Réaltín
5,6,Réaltín,Timmy Hanrahan,Directed,1,48,Knows of,Réaltín
1,15,Bobby Mahon,Rory Slattery,Directed,1,48,Knows,Réaltín
39,5,Tom (Réaltín's father),Réaltín,Directed,1,48,Exchange,Réaltín
5,39,Réaltín,Tom (Réaltín's father),Directed,1,48,Exchange,Réaltín
12,1,Seanie Shaper (Sean Shanahan),Bobby Mahon,Directed,1,49,Knows,Timmy Hanrahan
148,1,Robert Mahon,Bobby Mahon,Directed,1,49,Knows,Timmy Hanrahan
148,6,Robert Mahon,Timmy Hanrahan,Directed,1,49,Exchange,Timmy Hanrahan
6,2,Timmy Hanrahan,Josie Burke,Directed,1,49,Knows of,Timmy Hanrahan
15,12,Rory Slattery,Seanie Shaper (Sean Shanahan),Directed,1,49,Knows,Timmy Hanrahan
1,6,Bobby Mahon,Timmy Hanrahan,Directed,1,49,Knows,Timmy Hanrahan
12,6,Seanie Shaper (Sean Shanahan),Timmy Hanrahan,Directed,1,49,Exchange,Timmy Hanrahan
12,15,Seanie Shaper (Sean Shanahan),Rory Slattery,Directed,1,49,Knows,Timmy Hanrahan
6,48,Timmy Hanrahan,Eileen Burke,Directed,1,49,Knows of,Timmy Hanrahan
48,1,Eileen Burke,Bobby Mahon,Directed,1,49,Knows,Timmy Hanrahan
15,1,Rory Slattery,Bobby Mahon,Directed,1,49,Exchange,Timmy Hanrahan
15,6,Rory Slattery,Timmy Hanrahan,Directed,1,49,Knows,Timmy Hanrahan
6,1,Timmy Hanrahan,Bobby Mahon,Directed,1,49,Knows,Timmy Hanrahan
2,1,Josie Burke,Bobby Mahon,Directed,1,49,Knows,Timmy Hanrahan
1,148,Bobby Mahon,Robert Mahon,Directed,1,49,Knows,Timmy Hanrahan
6,12,Timmy Hanrahan,Seanie Shaper (Sean Shanahan),Directed,1,49,Exchange,Timmy Hanrahan
1,22,Bobby Mahon,Pokey Burke,Directed,1,49,Knows,Timmy Hanrahan
1,2,Bobby Mahon,Josie Burke,Directed,1,49,Knows,Timmy Hanrahan
1,15,Bobby Mahon,Rory Slattery,Directed,1,49,Exchange,Timmy Hanrahan
6,148,Timmy Hanrahan,Robert Mahon,Directed,1,49,Exchange,Timmy Hanrahan
1,48,Bobby Mahon,Eileen Burke,Directed,1,49,Knows,Timmy Hanrahan
6,15,Timmy Hanrahan,Rory Slattery,Directed,1,49,Knows,Timmy Hanrahan
6,22,Timmy Hanrahan,Pokey Burke,Directed,1,49,Knows of,Timmy Hanrahan
22,1,Pokey Burke,Bobby Mahon,Directed,1,49,Knows,Timmy Hanrahan
1,12,Bobby Mahon,Seanie Shaper (Sean Shanahan),Directed,1,49,Knows,Timmy Hanrahan
6,154,Timmy Hanrahan,Irish people,Directed,1,50,Knows of,Timmy Hanrahan
151,155,Timmy's Nana,"""starving babbies""",Directed,1,50,Knows of,Timmy Hanrahan
6,155,Timmy Hanrahan,"""starving babbies""",Directed,1,50,Knows of,Timmy Hanrahan
151,152,Timmy's Nana,Doctors,Directed,1,50,Knows,Timmy Hanrahan
151,154,Timmy's Nana,Irish people,Directed,1,50,Knows,Timmy Hanrahan
153,154,"""auld black doctors""",Irish people,Directed,1,50,Knows,Timmy Hanrahan
151,157,Timmy's Nana,"People ""aren't happy"" living in their birth place",Directed,1,50,Knows of,Timmy Hanrahan
151,6,Timmy's Nana,Timmy Hanrahan,Directed,1,50,Exchange,Timmy Hanrahan
6,1,Timmy Hanrahan,Bobby Mahon,Directed,1,50,Knows of,Timmy Hanrahan
85,6,John Cotter,Timmy Hanrahan,Directed,1,50,Exchange,Timmy Hanrahan
154,151,Irish people,Timmy's Nana,Directed,1,50,Knows,Timmy Hanrahan
6,85,Timmy Hanrahan,John Cotter,Directed,1,50,Exchange,Timmy Hanrahan
6,152,Timmy Hanrahan,Doctors,Directed,1,50,Knows of,Timmy Hanrahan
154,153,Irish people,"""auld black doctors""",Directed,1,50,Knows,Timmy Hanrahan
151,156,Timmy's Nana,"People ""falling away dead of the Aids""",Directed,1,50,Knows of,Timmy Hanrahan
151,153,Timmy's Nana,"""auld black doctors""",Directed,1,50,Knows of,Timmy Hanrahan
6,153,Timmy Hanrahan,"""auld black doctors""",Directed,1,50,Knows of,Timmy Hanrahan
1,15,Bobby Mahon,Rory Slattery,Directed,1,50,Exchange,Timmy Hanrahan
6,157,Timmy Hanrahan,"People ""aren't happy"" living in their birth place",Directed,1,50,Knows of,Timmy Hanrahan
6,149,Timmy Hanrahan,Padjoe Ryan,Directed,1,50,Knows,Timmy Hanrahan
6,156,Timmy Hanrahan,"People ""falling away dead of the Aids""",Directed,1,50,Knows of,Timmy Hanrahan
148,6,Robert Mahon,Timmy Hanrahan,Directed,1,50,Exchange,Timmy Hanrahan
6,148,Timmy Hanrahan,Robert Mahon,Directed,1,50,Exchange,Timmy Hanrahan
6,150,Timmy Hanrahan,"Mary (""Our  Lady"")",Directed,1,50,Knows,Timmy Hanrahan
15,1,Rory Slattery,Bobby Mahon,Directed,1,50,Exchange,Timmy Hanrahan
6,15,Timmy Hanrahan,Rory Slattery,Directed,1,50,Knows of,Timmy Hanrahan
6,151,Timmy Hanrahan,Timmy's Nana,Directed,1,50,Exchange,Timmy Hanrahan
149,6,Padjoe Ryan,Timmy Hanrahan,Directed,1,50,Knows,Timmy Hanrahan
151,6,Timmy's Nana,Timmy Hanrahan,Directed,1,51,Exchange,Timmy Hanrahan
6,151,Timmy Hanrahan,Timmy's Nana,Directed,1,51,Exchange,Timmy Hanrahan
6,52,Timmy Hanrahan,"""the boys"" (who worked for Pokey)",Directed,1,51,Knows of,Timmy Hanrahan
52,50,"""the boys"" (who worked for Pokey)",Mickey Briars,Directed,1,51,Exchange,Timmy Hanrahan
6,12,Timmy Hanrahan,Seanie Shaper (Sean Shanahan),Directed,1,51,Exchange,Timmy Hanrahan
6,1,Timmy Hanrahan,Bobby Mahon,Directed,1,51,Knows,Timmy Hanrahan
6,118,Timmy Hanrahan,Russian men,Directed,1,51,Exchange,Timmy Hanrahan
52,119,"""the boys"" (who worked for Pokey)",Polish men,Directed,1,51,Exchange,Timmy Hanrahan
6,22,Timmy Hanrahan,Pokey Burke,Directed,1,51,Exchange,Timmy Hanrahan
6,119,Timmy Hanrahan,Polish men,Directed,1,51,Exchange,Timmy Hanrahan
6,159,Timmy Hanrahan,"""naked women"" in a magazine",Directed,1,51,Knows of,Timmy Hanrahan
6,3,Timmy Hanrahan,Lily,Directed,1,51,Knows of,Timmy Hanrahan
6,50,Timmy Hanrahan,Mickey Briars,Directed,1,51,Exchange,Timmy Hanrahan
6,158,Timmy Hanrahan,Man in Chadwicks,Directed,1,51,Exchange,Timmy Hanrahan
52,118,"""the boys"" (who worked for Pokey)",Russian men,Directed,1,51,Exchange,Timmy Hanrahan
1,6,Bobby Mahon,Timmy Hanrahan,Directed,1,51,Knows,Timmy Hanrahan
50,6,Mickey Briars,Timmy Hanrahan,Directed,1,51,Exchange,Timmy Hanrahan
158,6,Man in Chadwicks,Timmy Hanrahan,Directed,1,51,Exchange,Timmy Hanrahan
118,6,Russian men,Timmy Hanrahan,Directed,1,51,Exchange,Timmy Hanrahan
50,52,Mickey Briars,"""the boys"" (who worked for Pokey)",Directed,1,51,Exchange,Timmy Hanrahan
3,118,Lily,Russian men,Directed,1,51,Knows,Timmy Hanrahan
12,159,Seanie Shaper (Sean Shanahan),"""naked women"" in a magazine",Directed,1,51,Knows of,Timmy Hanrahan
118,52,Russian men,"""the boys"" (who worked for Pokey)",Directed,1,51,Exchange,Timmy Hanrahan
12,6,Seanie Shaper (Sean Shanahan),Timmy Hanrahan,Directed,1,51,Exchange,Timmy Hanrahan
118,3,Russian men,Lily,Directed,1,51,Knows,Timmy Hanrahan
50,158,Mickey Briars,Man in Chadwicks,Directed,1,51,Knows of,Timmy Hanrahan
119,6,Polish men,Timmy Hanrahan,Directed,1,51,Exchange,Timmy Hanrahan
22,6,Pokey Burke,Timmy Hanrahan,Directed,1,51,Exchange,Timmy Hanrahan
119,52,Polish men,"""the boys"" (who worked for Pokey)",Directed,1,51,Exchange,Timmy Hanrahan
119,3,Polish men,Lily,Directed,1,51,Knows,Timmy Hanrahan
12,50,Seanie Shaper (Sean Shanahan),Mickey Briars,Directed,1,52,Knows,Timmy Hanrahan
12,1,Seanie Shaper (Sean Shanahan),Bobby Mahon,Directed,1,52,Exchange,Timmy Hanrahan
160,162,Timmy's sibilings,Timmy's father,Directed,1,52,Knows,Timmy Hanrahan
72,162,Ciss Brien,Timmy's father,Directed,1,52,Knows,Timmy Hanrahan
151,163,Timmy's Nana,Uncle Noely,Directed,1,52,Knows,Timmy Hanrahan
6,72,Timmy Hanrahan,Ciss Brien,Directed,1,52,Knows of,Timmy Hanrahan
161,160,Timmy's mother,Timmy's sibilings,Directed,1,52,Knows,Timmy Hanrahan
6,151,Timmy Hanrahan,Timmy's Nana,Directed,1,52,Knows of,Timmy Hanrahan
160,6,Timmy's sibilings,Timmy Hanrahan,Directed,1,52,Knows,Timmy Hanrahan
160,161,Timmy's sibilings,Timmy's mother,Directed,1,52,Knows,Timmy Hanrahan
15,50,Rory Slattery,Mickey Briars,Directed,1,52,Knows,Timmy Hanrahan
119,6,Polish men,Timmy Hanrahan,Directed,1,52,Exchange,Timmy Hanrahan
160,163,Timmy's sibilings,Uncle Noely,Directed,1,52,Exchange,Timmy Hanrahan
6,12,Timmy Hanrahan,Seanie Shaper (Sean Shanahan),Directed,1,52,Knows of,Timmy Hanrahan
6,15,Timmy Hanrahan,Rory Slattery,Directed,1,52,Knows of,Timmy Hanrahan
6,119,Timmy Hanrahan,Polish men,Directed,1,52,Exchange,Timmy Hanrahan
1,12,Bobby Mahon,Seanie Shaper (Sean Shanahan),Directed,1,52,Exchange,Timmy Hanrahan
161,162,Timmy's mother,Timmy's father,Directed,1,52,Knows,Timmy Hanrahan
6,50,Timmy Hanrahan,Mickey Briars,Directed,1,52,Exchange,Timmy Hanrahan
6,1,Timmy Hanrahan,Bobby Mahon,Directed,1,52,Exchange,Timmy Hanrahan
1,50,Bobby Mahon,Mickey Briars,Directed,1,52,Exchange,Timmy Hanrahan
162,72,Timmy's father,Ciss Brien,Directed,1,52,Knows,Timmy Hanrahan
50,6,Mickey Briars,Timmy Hanrahan,Directed,1,52,Exchange,Timmy Hanrahan
50,15,Mickey Briars,Rory Slattery,Directed,1,52,Knows,Timmy Hanrahan
52,50,"""the boys"" (who worked for Pokey)",Mickey Briars,Directed,1,52,Exchange,Timmy Hanrahan
50,1,Mickey Briars,Bobby Mahon,Directed,1,52,Exchange,Timmy Hanrahan
161,6,Timmy's mother,Timmy Hanrahan,Directed,1,52,Knows,Timmy Hanrahan
162,160,Timmy's father,Timmy's sibilings,Directed,1,52,Knows,Timmy Hanrahan
162,161,Timmy's father,Timmy's mother,Directed,1,52,Knows,Timmy Hanrahan
6,162,Timmy Hanrahan,Timmy's father,Directed,1,52,Knows,Timmy Hanrahan
50,52,Mickey Briars,"""the boys"" (who worked for Pokey)",Directed,1,52,Exchange,Timmy Hanrahan
163,165,Uncle Noely,Uncle JJ,Directed,1,52,Knows,Timmy Hanrahan
163,160,Uncle Noely,Timmy's sibilings,Directed,1,52,Exchange,Timmy Hanrahan
164,163,Auntie Mary,Uncle Noely,Directed,1,52,Knows,Timmy Hanrahan
6,163,Timmy Hanrahan,Uncle Noely,Directed,1,52,Exchange,Timmy Hanrahan
50,12,Mickey Briars,Seanie Shaper (Sean Shanahan),Directed,1,52,Knows,Timmy Hanrahan
6,161,Timmy Hanrahan,Timmy's mother,Directed,1,52,Knows,Timmy Hanrahan
165,163,Uncle JJ,Uncle Noely,Directed,1,52,Knows,Timmy Hanrahan
163,164,Uncle Noely,Auntie Mary,Directed,1,52,Knows,Timmy Hanrahan
163,151,Uncle Noely,Timmy's Nana,Directed,1,52,Knows,Timmy Hanrahan
6,164,Timmy Hanrahan,Auntie Mary,Directed,1,52,Knows of,Timmy Hanrahan
1,6,Bobby Mahon,Timmy Hanrahan,Directed,1,52,Exchange,Timmy Hanrahan
6,160,Timmy Hanrahan,Timmy's sibilings,Directed,1,52,Knows,Timmy Hanrahan
6,165,Timmy Hanrahan,Uncle JJ,Directed,1,52,Knows of,Timmy Hanrahan
6,52,Timmy Hanrahan,"""the boys"" (who worked for Pokey)",Directed,1,52,Knows of,Timmy Hanrahan
163,6,Uncle Noely,Timmy Hanrahan,Directed,1,52,Exchange,Timmy Hanrahan
162,6,Timmy's father,Timmy Hanrahan,Directed,1,52,Knows,Timmy Hanrahan
168,373,Noreen's baby,Noreen's doctor,Directed,1,53,Knows,Timmy Hanrahan
169,6,PJ,Timmy Hanrahan,Directed,1,53,Exchange,Timmy Hanrahan
166,163,Noreen,Uncle Noely,Directed,1,53,Knows,Timmy Hanrahan
167,6,Peadar,Timmy Hanrahan,Directed,1,53,Exchange,Timmy Hanrahan
151,166,Timmy's Nana,Noreen,Directed,1,53,Exchange,Timmy Hanrahan
6,163,Timmy Hanrahan,Uncle Noely,Directed,1,53,Exchange,Timmy Hanrahan
374,168,Noreen's nurses,Noreen's baby,Directed,1,53,Knows,Timmy Hanrahan
6,151,Timmy Hanrahan,Timmy's Nana,Directed,1,53,Exchange,Timmy Hanrahan
166,151,Noreen,Timmy's Nana,Directed,1,53,Exchange,Timmy Hanrahan
373,168,Noreen's doctor,Noreen's baby,Directed,1,53,Knows,Timmy Hanrahan
168,166,Noreen's baby,Noreen,Directed,1,53,Exchange,Timmy Hanrahan
6,373,Timmy Hanrahan,Noreen's doctor,Directed,1,53,Knows of,Timmy Hanrahan
373,166,Noreen's doctor,Noreen,Directed,1,53,Exchange,Timmy Hanrahan
166,168,Noreen,Noreen's baby,Directed,1,53,Exchange,Timmy Hanrahan
166,373,Noreen,Noreen's doctor,Directed,1,53,Exchange,Timmy Hanrahan
163,6,Uncle Noely,Timmy Hanrahan,Directed,1,53,Exchange,Timmy Hanrahan
163,166,Uncle Noely,Noreen,Directed,1,53,Knows,Timmy Hanrahan
166,374,Noreen,Noreen's nurses,Directed,1,53,Exchange,Timmy Hanrahan
6,166,Timmy Hanrahan,Noreen,Directed,1,53,Knows of,Timmy Hanrahan
151,6,Timmy's Nana,Timmy Hanrahan,Directed,1,53,Exchange,Timmy Hanrahan
374,166,Noreen's nurses,Noreen,Directed,1,53,Exchange,Timmy Hanrahan
168,374,Noreen's baby,Noreen's nurses,Directed,1,53,Knows,Timmy Hanrahan
6,374,Timmy Hanrahan,Noreen's nurses,Directed,1,53,Knows of,Timmy Hanrahan
6,168,Timmy Hanrahan,Noreen's baby,Directed,1,53,Knows of,Timmy Hanrahan
6,167,Timmy Hanrahan,Peadar,Directed,1,53,Exchange,Timmy Hanrahan
6,169,Timmy Hanrahan,PJ,Directed,1,53,Exchange,Timmy Hanrahan
167,171,Peadar,Peadar's children,Directed,1,54,Knows,Timmy Hanrahan
166,6,Noreen,Timmy Hanrahan,Directed,1,54,Exchange,Timmy Hanrahan
161,6,Timmy's mother,Timmy Hanrahan,Directed,1,54,Knows,Timmy Hanrahan
166,168,Noreen,Noreen's baby,Directed,1,54,Exchange,Timmy Hanrahan
133,167,Auctioneer,Peadar,Directed,1,54,Knows,Timmy Hanrahan
169,6,PJ,Timmy Hanrahan,Directed,1,54,Exchange,Timmy Hanrahan
6,167,Timmy Hanrahan,Peadar,Directed,1,54,Exchange,Timmy Hanrahan
6,171,Timmy Hanrahan,Peadar's children,Directed,1,54,Knows of,Timmy Hanrahan
6,133,Timmy Hanrahan,Auctioneer,Directed,1,54,Knows of,Timmy Hanrahan
6,161,Timmy Hanrahan,Timmy's mother,Directed,1,54,Knows,Timmy Hanrahan
166,170,Noreen,Noreen's husband,Directed,1,54,Knows,Timmy Hanrahan
171,167,Peadar's children,Peadar,Directed,1,54,Knows,Timmy Hanrahan
151,167,Timmy's Nana,Peadar,Directed,1,54,Knows,Timmy Hanrahan
6,1,Timmy Hanrahan,Bobby Mahon,Directed,1,54,Knows,Timmy Hanrahan
6,151,Timmy Hanrahan,Timmy's Nana,Directed,1,54,Knows of,Timmy Hanrahan
167,151,Peadar,Timmy's Nana,Directed,1,54,Knows,Timmy Hanrahan
6,166,Timmy Hanrahan,Noreen,Directed,1,54,Exchange,Timmy Hanrahan
1,6,Bobby Mahon,Timmy Hanrahan,Directed,1,54,Knows,Timmy Hanrahan
6,168,Timmy Hanrahan,Noreen's baby,Directed,1,54,Knows of,Timmy Hanrahan
6,169,Timmy Hanrahan,PJ,Directed,1,54,Exchange,Timmy Hanrahan
168,166,Noreen's baby,Noreen,Directed,1,54,Exchange,Timmy Hanrahan
170,166,Noreen's husband,Noreen,Directed,1,54,Knows,Timmy Hanrahan
6,170,Timmy Hanrahan,Noreen's husband,Directed,1,54,Exchange,Timmy Hanrahan
167,6,Peadar,Timmy Hanrahan,Directed,1,54,Exchange,Timmy Hanrahan
167,133,Peadar,Auctioneer,Directed,1,54,Knows,Timmy Hanrahan
6,90,Timmy Hanrahan,Jesus,Directed,1,54,Knows,Timmy Hanrahan
170,6,Noreen's husband,Timmy Hanrahan,Directed,1,54,Exchange,Timmy Hanrahan
151,6,Timmy's Nana,Timmy Hanrahan,Directed,1,55,Knows,Timmy Hanrahan
170,166,Noreen's husband,Noreen,Directed,1,55,Knows,Timmy Hanrahan
170,168,Noreen's husband,Noreen's baby,Directed,1,55,Knows,Timmy Hanrahan
1,6,Bobby Mahon,Timmy Hanrahan,Directed,1,55,Knows,Timmy Hanrahan
172,1,Man (from the new hotel),Bobby Mahon,Directed,1,55,Knows of,Timmy Hanrahan
173,6,"""foreign fella""",Timmy Hanrahan,Directed,1,55,Exchange,Timmy Hanrahan
133,6,Auctioneer,Timmy Hanrahan,Directed,1,55,Exchange,Timmy Hanrahan
6,173,Timmy Hanrahan,"""foreign fella""",Directed,1,55,Exchange,Timmy Hanrahan
166,168,Noreen,Noreen's baby,Directed,1,55,Knows,Timmy Hanrahan
6,133,Timmy Hanrahan,Auctioneer,Directed,1,55,Exchange,Timmy Hanrahan
166,170,Noreen,Noreen's husband,Directed,1,55,Knows,Timmy Hanrahan
6,1,Timmy Hanrahan,Bobby Mahon,Directed,1,55,Knows,Timmy Hanrahan
6,172,Timmy Hanrahan,Man (from the new hotel),Directed,1,55,Exchange,Timmy Hanrahan
6,166,Timmy Hanrahan,Noreen,Directed,1,55,Exchange,Timmy Hanrahan
6,168,Timmy Hanrahan,Noreen's baby,Directed,1,55,Knows of,Timmy Hanrahan
6,170,Timmy Hanrahan,Noreen's husband,Directed,1,55,Knows of,Timmy Hanrahan
6,167,Timmy Hanrahan,Peadar,Directed,1,55,Exchange,Timmy Hanrahan
166,6,Noreen,Timmy Hanrahan,Directed,1,55,Exchange,Timmy Hanrahan
167,6,Peadar,Timmy Hanrahan,Directed,1,55,Exchange,Timmy Hanrahan
168,166,Noreen's baby,Noreen,Directed,1,55,Knows,Timmy Hanrahan
6,151,Timmy Hanrahan,Timmy's Nana,Directed,1,55,Knows,Timmy Hanrahan
168,170,Noreen's baby,Noreen's husband,Directed,1,55,Knows,Timmy Hanrahan
172,6,Man (from the new hotel),Timmy Hanrahan,Directed,1,55,Exchange,Timmy Hanrahan
7,177,Brian,the two Walshes,Directed,1,56,Knows of,Brian
175,176,Paddy (Brian's father),Matty Cummins,Directed,1,56,Knows of,Brian
174,177,Brian's mother,the two Walshes,Directed,1,56,Knows of,Brian
7,90,Brian,Jesus,Directed,1,56,Knows,Brian
7,174,Brian,Brian's mother,Directed,1,56,Exchange,Brian
174,176,Brian's mother,Matty Cummins,Directed,1,56,Knows of,Brian
175,178,Paddy (Brian's father),Anselm Grogan,Directed,1,56,Knows of,Brian
7,178,Brian,Anselm Grogan,Directed,1,56,Knows of,Brian
174,178,Brian's mother,Anselm Grogan,Directed,1,56,Knows of,Brian
174,175,Brian's mother,Paddy (Brian's father),Directed,1,56,Exchange,Brian
7,179,Brian,Marilyn Manson,Directed,1,56,Knows of,Brian
7,176,Brian,Matty Cummins,Directed,1,56,Knows of,Brian
174,7,Brian's mother,Brian,Directed,1,56,Exchange,Brian
7,180,Brian,Donal Óg,Directed,1,56,Knows of,Brian
60,7,Pawsy Rogers,Brian,Directed,1,56,Exchange,Brian
175,177,Paddy (Brian's father),the two Walshes,Directed,1,56,Knows of,Brian
7,60,Brian,Pawsy Rogers,Directed,1,56,Exchange,Brian
175,179,Paddy (Brian's father),Marilyn Manson,Directed,1,56,Knows of,Brian
175,180,Paddy (Brian's father),Donal Óg,Directed,1,56,Knows of,Brian
175,174,Paddy (Brian's father),Brian's mother,Directed,1,56,Exchange,Brian
7,175,Brian,Paddy (Brian's father),Directed,1,56,Exchange,Brian
7,176,Brian,Matty Cummins,Directed,1,57,Knows of,Brian
7,175,Brian,Paddy (Brian's father),Directed,1,57,Exchange,Brian
183,174,"the ""ICA crowd""",Brian's mother,Directed,1,57,Exchange,Brian
7,192,Brian,Kenny Farrell,Directed,1,57,Knows of,Brian
7,184,Brian,The Taliban,Directed,1,57,Knows of,Brian
7,183,Brian,"the ""ICA crowd""",Directed,1,57,Knows of,Brian
7,90,Brian,Jesus,Directed,1,57,Knows,Brian
175,7,Paddy (Brian's father),Brian,Directed,1,57,Exchange,Brian
7,178,Brian,Anselm Grogan,Directed,1,57,Knows of,Brian
7,174,Brian,Brian's mother,Directed,1,57,Knows of,Brian
7,181,Brian,"""poor tenant farmer""",Directed,1,57,Knows of,Brian
7,182,Brian,"""Gombeen man""",Directed,1,57,Knows of,Brian
174,175,Brian's mother,Paddy (Brian's father),Directed,1,57,Exchange,Brian
174,183,Brian's mother,"the ""ICA crowd""",Directed,1,57,Exchange,Brian
7,177,Brian,the two Walshes,Directed,1,57,Knows of,Brian
175,174,Paddy (Brian's father),Brian's mother,Directed,1,57,Exchange,Brian
174,192,Brian's mother,Kenny Farrell,Directed,1,57,Knows,Brian
192,174,Kenny Farrell,Brian's mother,Directed,1,57,Knows,Brian
188,7,Lorna,Brian,Directed,1,58,Exchange,Brian
188,90,Lorna,Jesus,Directed,1,58,Knows,Brian
154,174,Irish people,Brian's mother,Directed,1,58,Knows,Brian
189,7,Lorna's father,Brian,Directed,1,58,Exchange,Brian
175,174,Paddy (Brian's father),Brian's mother,Directed,1,58,Exchange,Brian
186,187,"""Aussies""","""crathur""",Directed,1,58,Exchange,Brian
7,175,Brian,Paddy (Brian's father),Directed,1,58,Knows of,Brian
187,186,"""crathur""","""Aussies""",Directed,1,58,Exchange,Brian
7,187,Brian,"""crathur""",Directed,1,58,Knows of,Brian
7,174,Brian,Brian's mother,Directed,1,58,Knows of,Brian
7,154,Brian,Irish people,Directed,1,58,Knows of,Brian
7,90,Brian,Jesus,Directed,1,58,Knows of,Brian
7,190,Brian,Joseph Stalin,Directed,1,58,Knows of,Brian
7,189,Brian,Lorna's father,Directed,1,58,Exchange,Brian
7,188,Brian,Lorna,Directed,1,58,Exchange,Brian
174,186,Brian's mother,"""Aussies""",Directed,1,58,Knows of,Brian
174,154,Brian's mother,Irish people,Directed,1,58,Knows,Brian
174,175,Brian's mother,Paddy (Brian's father),Directed,1,58,Exchange,Brian
7,186,Brian,"""Aussies""",Directed,1,58,Knows of,Brian
7,60,Brian,Pawsy Rogers,Directed,1,59,Exchange,Brian
7,188,Brian,Lorna,Directed,1,59,Knows,Brian
7,191,Brian,"""blondie wan""",Directed,1,59,Knows of,Brian
193,192,The Farrells (Kenny's parents),Kenny Farrell,Directed,1,59,Knows,Brian
7,193,Brian,The Farrells (Kenny's parents),Directed,1,59,Knows of,Brian
7,90,Brian,Jesus,Directed,1,59,Knows,Brian
7,174,Brian,Brian's mother,Directed,1,59,Knows of,Brian
174,192,Brian's mother,Kenny Farrell,Directed,1,59,Knows,Brian
188,7,Lorna,Brian,Directed,1,59,Knows,Brian
174,175,Brian's mother,Paddy (Brian's father),Directed,1,59,Exchange,Brian
7,175,Brian,Paddy (Brian's father),Directed,1,59,Knows of,Brian
7,192,Brian,Kenny Farrell,Directed,1,59,Exchange,Brian
60,7,Pawsy Rogers,Brian,Directed,1,59,Exchange,Brian
192,7,Kenny Farrell,Brian,Directed,1,59,Exchange,Brian
175,174,Paddy (Brian's father),Brian's mother,Directed,1,59,Exchange,Brian
192,193,Kenny Farrell,The Farrells (Kenny's parents),Directed,1,59,Knows,Brian
192,175,Kenny Farrell,Paddy (Brian's father),Directed,1,59,Knows,Brian
192,174,Kenny Farrell,Brian's mother,Directed,1,59,Knows,Brian
175,192,Paddy (Brian's father),Kenny Farrell,Directed,1,59,Knows,Brian
7,195,Brian,Paul Newman,Directed,1,60,Knows of,Brian
7,175,Brian,Paddy (Brian's father),Directed,1,60,Exchange,Brian
197,1,McDonaghs' boys,Bobby Mahon,Directed,1,60,Exchange,Brian
192,1,Kenny Farrell,Bobby Mahon,Directed,1,60,Knows,Brian
7,197,Brian,McDonaghs' boys,Directed,1,60,Knows of,Brian
192,194,Kenny Farrell,"""airhostess""",Directed,1,60,Exchange,Brian
7,192,Brian,Kenny Farrell,Directed,1,60,Exchange,Brian
7,194,Brian,"""airhostess""",Directed,1,60,Knows of,Brian
1,197,Bobby Mahon,McDonaghs' boys,Directed,1,60,Exchange,Brian
5,12,Réaltín,Seanie Shaper (Sean Shanahan),Directed,1,60,Knows,Brian
194,192,"""airhostess""",Kenny Farrell,Directed,1,60,Exchange,Brian
375,1,"""the McDonaghs' full forward""",Bobby Mahon,Directed,1,60,Exchange,Brian
198,1,"""twelve other bollockses""",Bobby Mahon,Directed,1,60,Exchange,Brian
1,375,Bobby Mahon,"""the McDonaghs' full forward""",Directed,1,60,Exchange,Brian
1,198,Bobby Mahon,"""twelve other bollockses""",Directed,1,60,Exchange,Brian
1,192,Bobby Mahon,Kenny Farrell,Directed,1,60,Knows,Brian
7,19,Brian,Jim Gildea,Directed,1,60,Knows of,Brian
7,5,Brian,Réaltín,Directed,1,60,Knows of,Brian
7,22,Brian,Pokey Burke,Directed,1,60,Knows of,Brian
5,1,Réaltín,Bobby Mahon,Directed,1,60,Exchange,Brian
175,7,Paddy (Brian's father),Brian,Directed,1,60,Exchange,Brian
1,19,Bobby Mahon,Jim Gildea,Directed,1,60,Exchange,Brian
192,195,Kenny Farrell,Paul Newman,Directed,1,60,Knows of,Brian
7,375,Brian,"""the McDonaghs' full forward""",Directed,1,60,Knows of,Brian
22,5,Pokey Burke,Réaltín,Directed,1,60,Knows,Brian
12,5,Seanie Shaper (Sean Shanahan),Réaltín,Directed,1,60,Knows,Brian
7,198,Brian,"""twelve other bollockses""",Directed,1,60,Knows of,Brian
7,90,Brian,Jesus,Directed,1,60,Knows,Brian
7,1,Brian,Bobby Mahon,Directed,1,60,Knows,Brian
7,21,Brian,Triona Cahill/Mahon,Directed,1,60,Knows of,Brian
1,21,Bobby Mahon,Triona Cahill/Mahon,Directed,1,60,Knows,Brian
192,7,Kenny Farrell,Brian,Directed,1,60,Exchange,Brian
5,22,Réaltín,Pokey Burke,Directed,1,60,Knows,Brian
7,12,Brian,Seanie Shaper (Sean Shanahan),Directed,1,60,Knows of,Brian
1,5,Bobby Mahon,Réaltín,Directed,1,60,Exchange,Brian
1,7,Bobby Mahon,Brian,Directed,1,60,Knows,Brian
19,1,Jim Gildea,Bobby Mahon,Directed,1,60,Exchange,Brian
21,1,Triona Cahill/Mahon,Bobby Mahon,Directed,1,60,Knows,Brian
7,197,Brian,McDonaghs' boys,Directed,1,61,Knows of,Brian
197,1,McDonaghs' boys,Bobby Mahon,Directed,1,61,Exchange,Brian
1,197,Bobby Mahon,McDonaghs' boys,Directed,1,61,Exchange,Brian
7,1,Brian,Bobby Mahon,Directed,1,61,Knows of,Brian
8,200,Trevor,Girls (in Eyre Square),Directed,1,62,Knows,Trevor
8,199,Trevor,Trevor's mother,Directed,1,62,Exchange,Trevor
199,8,Trevor's mother,Trevor,Directed,1,62,Exchange,Trevor
199,201,Trevor's mother,Dorothy,Directed,1,63,Knows,Trevor
5,38,Réaltín,Dylan (Réaltín's son),Directed,1,63,Exchange,Trevor
8,201,Trevor,Dorothy,Directed,1,63,Exchange,Trevor
8,5,Trevor,Réaltín,Directed,1,63,Knows,Trevor
8,199,Trevor,Trevor's mother,Directed,1,63,Exchange,Trevor
38,5,Dylan (Réaltín's son),Réaltín,Directed,1,63,Exchange,Trevor
8,38,Trevor,Dylan (Réaltín's son),Directed,1,63,Knows,Trevor
201,199,Dorothy,Trevor's mother,Directed,1,63,Knows,Trevor
199,8,Trevor's mother,Trevor,Directed,1,63,Exchange,Trevor
201,8,Dorothy,Trevor,Directed,1,63,Exchange,Trevor
8,5,Trevor,Réaltín,Directed,1,64,Exchange,Trevor
201,199,Dorothy,Trevor's mother,Directed,1,64,Knows,Trevor
5,8,Réaltín,Trevor,Directed,1,64,Exchange,Trevor
8,202,Trevor,Dorothy's son,Directed,1,64,Knows of,Trevor
202,201,Dorothy's son,Dorothy,Directed,1,64,Knows,Trevor
199,8,Trevor's mother,Trevor,Directed,1,64,Exchange,Trevor
201,8,Dorothy,Trevor,Directed,1,64,Exchange,Trevor
201,202,Dorothy,Dorothy's son,Directed,1,64,Knows,Trevor
8,199,Trevor,Trevor's mother,Directed,1,64,Exchange,Trevor
8,201,Trevor,Dorothy,Directed,1,64,Exchange,Trevor
199,202,Trevor's mother,Dorothy's son,Directed,1,64,Knows of,Trevor
199,201,Trevor's mother,Dorothy,Directed,1,64,Knows,Trevor
8,201,Trevor,Dorothy,Directed,1,65,Knows,Trevor
14,8,Lloyd,Trevor,Directed,1,65,Knows,Trevor
38,8,Dylan (Réaltín's son),Trevor,Directed,1,65,Exchange,Trevor
201,8,Dorothy,Trevor,Directed,1,65,Knows,Trevor
14,38,Lloyd,Dylan (Réaltín's son),Directed,1,65,Exchange,Trevor
8,203,Trevor,Judge Judy,Directed,1,65,Knows of,Trevor
8,14,Trevor,Lloyd,Directed,1,65,Knows,Trevor
8,199,Trevor,Trevor's mother,Directed,1,65,Exchange,Trevor
38,14,Dylan (Réaltín's son),Lloyd,Directed,1,65,Exchange,Trevor
199,8,Trevor's mother,Trevor,Directed,1,65,Exchange,Trevor
8,38,Trevor,Dylan (Réaltín's son),Directed,1,65,Exchange,Trevor
8,5,Trevor,Réaltín,Directed,1,65,Knows,Trevor
38,5,Dylan (Réaltín's son),Réaltín,Directed,1,65,Knows,Trevor
5,38,Réaltín,Dylan (Réaltín's son),Directed,1,65,Knows,Trevor
204,199,Doctor Lonergan,Trevor's mother,Directed,1,66,Knows,Trevor
39,5,Tom (Réaltín's father),Réaltín,Directed,1,66,Exchange,Trevor
5,39,Réaltín,Tom (Réaltín's father),Directed,1,66,Exchange,Trevor
199,8,Trevor's mother,Trevor,Directed,1,66,Exchange,Trevor
201,5,Dorothy,Réaltín,Directed,1,66,Knows,Trevor
5,38,Réaltín,Dylan (Réaltín's son),Directed,1,66,Knows,Trevor
8,204,Trevor,Doctor Lonergan,Directed,1,66,Knows of,Trevor
206,201,The City Council,Dorothy,Directed,1,66,Knows,Trevor
8,201,Trevor,Dorothy,Directed,1,66,Exchange,Trevor
12,5,Seanie Shaper (Sean Shanahan),Réaltín,Directed,1,66,Exchange,Trevor
201,12,Dorothy,Seanie Shaper (Sean Shanahan),Directed,1,66,Knows of,Trevor
5,1,Réaltín,Bobby Mahon,Directed,1,66,Exchange,Trevor
8,38,Trevor,Dylan (Réaltín's son),Directed,1,66,Knows of,Trevor
199,205,Trevor's mother,Trevor's father,Directed,1,66,Knows,Trevor
12,38,Seanie Shaper (Sean Shanahan),Dylan (Réaltín's son),Directed,1,66,Exchange,Trevor
201,39,Dorothy,Tom (Réaltín's father),Directed,1,66,Knows of,Trevor
38,5,Dylan (Réaltín's son),Réaltín,Directed,1,66,Knows,Trevor
8,1,Trevor,Bobby Mahon,Directed,1,66,Knows of,Trevor
199,204,Trevor's mother,Doctor Lonergan,Directed,1,66,Knows,Trevor
201,206,Dorothy,The City Council,Directed,1,66,Knows,Trevor
8,5,Trevor,Réaltín,Directed,1,66,Knows,Trevor
8,12,Trevor,Seanie Shaper (Sean Shanahan),Directed,1,66,Knows of,Trevor
8,206,Trevor,The City Council,Directed,1,66,Knows of,Trevor
201,8,Dorothy,Trevor,Directed,1,66,Exchange,Trevor
8,39,Trevor,Tom (Réaltín's father),Directed,1,66,Knows of,Trevor
5,12,Réaltín,Seanie Shaper (Sean Shanahan),Directed,1,66,Exchange,Trevor
5,201,Réaltín,Dorothy,Directed,1,66,Knows,Trevor
1,5,Bobby Mahon,Réaltín,Directed,1,66,Exchange,Trevor
8,199,Trevor,Trevor's mother,Directed,1,66,Exchange,Trevor
38,12,Dylan (Réaltín's son),Seanie Shaper (Sean Shanahan),Directed,1,66,Exchange,Trevor
205,199,Trevor's father,Trevor's mother,Directed,1,66,Knows,Trevor
8,205,Trevor,Trevor's father,Directed,1,66,Knows of,Trevor
1,5,Bobby Mahon,Réaltín,Directed,1,67,Exchange,Trevor
5,1,Réaltín,Bobby Mahon,Directed,1,67,Exchange,Trevor
8,5,Trevor,Réaltín,Directed,1,67,Exchange,Trevor
201,8,Dorothy,Trevor,Directed,1,67,Exchange,Trevor
5,8,Réaltín,Trevor,Directed,1,67,Exchange,Trevor
8,201,Trevor,Dorothy,Directed,1,67,Exchange,Trevor
8,1,Trevor,Bobby Mahon,Directed,1,67,Exchange,Trevor
1,8,Bobby Mahon,Trevor,Directed,1,67,Exchange,Trevor
19,209,Jim Gildea,Bridie's other children,Directed,1,68,Knows,Bridie Connors
9,209,Bridie Connors,Bridie's other children,Directed,1,68,Knows of,Bridie Connors
207,209,Peter Connors,Bridie's other children,Directed,1,68,Exchange,Bridie Connors
9,207,Bridie Connors,Peter Connors,Directed,1,68,Knows of,Bridie Connors
207,19,Peter Connors,Jim Gildea,Directed,1,68,Exchange,Bridie Connors
209,19,Bridie's other children,Jim Gildea,Directed,1,68,Knows,Bridie Connors
9,19,Bridie Connors,Jim Gildea,Directed,1,68,Knows of,Bridie Connors
209,207,Bridie's other children,Peter Connors,Directed,1,68,Exchange,Bridie Connors
19,207,Jim Gildea,Peter Connors,Directed,1,68,Exchange,Bridie Connors
210,9,John English,Bridie Connors,Directed,1,69,Exchange,Bridie Connors
210,211,John English,Michael Connors,Directed,1,69,Exchange,Bridie Connors
9,210,Bridie Connors,John English,Directed,1,69,Exchange,Bridie Connors
9,211,Bridie Connors,Michael Connors,Directed,1,69,Knows of,Bridie Connors
211,207,Michael Connors,Peter Connors,Directed,1,69,Knows,Bridie Connors
19,9,Jim Gildea,Bridie Connors,Directed,1,69,Knows,Bridie Connors
9,207,Bridie Connors,Peter Connors,Directed,1,69,Exchange,Bridie Connors
211,210,Michael Connors,John English,Directed,1,69,Exchange,Bridie Connors
207,9,Peter Connors,Bridie Connors,Directed,1,69,Exchange,Bridie Connors
67,90,God,Jesus,Directed,1,69,Knows,Bridie Connors
213,9,Search party (for Bridie),Bridie Connors,Directed,1,69,Exchange,Bridie Connors
212,9,Search party (for Peter),Bridie Connors,Directed,1,69,Exchange,Bridie Connors
9,90,Bridie Connors,Jesus,Directed,1,69,Knows,Bridie Connors
9,213,Bridie Connors,Search party (for Bridie),Directed,1,69,Exchange,Bridie Connors
212,207,Search party (for Peter),Peter Connors,Directed,1,69,Knows,Bridie Connors
9,67,Bridie Connors,God,Directed,1,69,Exchange,Bridie Connors
9,19,Bridie Connors,Jim Gildea,Directed,1,69,Knows,Bridie Connors
207,211,Peter Connors,Michael Connors,Directed,1,69,Knows,Bridie Connors
90,67,Jesus,God,Directed,1,69,Knows,Bridie Connors
9,212,Bridie Connors,Search party (for Peter),Directed,1,69,Exchange,Bridie Connors
216,9,"""little madam in a short skirt""",Bridie Connors,Directed,1,70,Exchange,Bridie Connors
9,211,Bridie Connors,Michael Connors,Directed,1,70,Exchange,Bridie Connors
9,207,Bridie Connors,Peter Connors,Directed,1,70,Exchange,Bridie Connors
211,9,Michael Connors,Bridie Connors,Directed,1,70,Exchange,Bridie Connors
9,209,Bridie Connors,Bridie's other children,Directed,1,70,Knows of,Bridie Connors
207,9,Peter Connors,Bridie Connors,Directed,1,70,Exchange,Bridie Connors
9,19,Bridie Connors,Jim Gildea,Directed,1,70,Knows,Bridie Connors
9,214,Bridie Connors,Mary Wills,Directed,1,70,Exchange,Bridie Connors
211,209,Michael Connors,Bridie's other children,Directed,1,70,Exchange,Bridie Connors
211,207,Michael Connors,Peter Connors,Directed,1,70,Knows,Bridie Connors
214,215,Mary Wills,Girl (who got Bridie's job),Directed,1,70,Exchange,Bridie Connors
214,9,Mary Wills,Bridie Connors,Directed,1,70,Exchange,Bridie Connors
211,19,Michael Connors,Jim Gildea,Directed,1,70,Knows,Bridie Connors
9,215,Bridie Connors,Girl (who got Bridie's job),Directed,1,70,Knows,Bridie Connors
209,211,Bridie's other children,Michael Connors,Directed,1,70,Exchange,Bridie Connors
207,211,Peter Connors,Michael Connors,Directed,1,70,Knows,Bridie Connors
215,214,Girl (who got Bridie's job),Mary Wills,Directed,1,70,Exchange,Bridie Connors
19,211,Jim Gildea,Michael Connors,Directed,1,70,Knows,Bridie Connors
19,9,Jim Gildea,Bridie Connors,Directed,1,70,Knows,Bridie Connors
9,216,Bridie Connors,"""little madam in a short skirt""",Directed,1,70,Exchange,Bridie Connors
217,218,Eugene Connors,Eugene's girlfriend,Directed,1,71,Exchange,Bridie Connors
218,217,Eugene's girlfriend,Eugene Connors,Directed,1,71,Exchange,Bridie Connors
9,207,Bridie Connors,Peter Connors,Directed,1,71,Knows,Bridie Connors
218,219,Eugene's girlfriend,Doctor (Eugene's girlfriend's father),Directed,1,71,Knows,Bridie Connors
218,9,Eugene's girlfriend,Bridie Connors,Directed,1,71,Exchange,Bridie Connors
207,9,Peter Connors,Bridie Connors,Directed,1,71,Knows,Bridie Connors
219,218,Doctor (Eugene's girlfriend's father),Eugene's girlfriend,Directed,1,71,Knows,Bridie Connors
9,219,Bridie Connors,Doctor (Eugene's girlfriend's father),Directed,1,71,Knows of,Bridie Connors
216,9,"""little madam in a short skirt""",Bridie Connors,Directed,1,71,Exchange,Bridie Connors
217,9,Eugene Connors,Bridie Connors,Directed,1,71,Exchange,Bridie Connors
9,217,Bridie Connors,Eugene Connors,Directed,1,71,Exchange,Bridie Connors
9,218,Bridie Connors,Eugene's girlfriend,Directed,1,71,Exchange,Bridie Connors
9,67,Bridie Connors,God,Directed,1,71,Knows,Bridie Connors
9,216,Bridie Connors,"""little madam in a short skirt""",Directed,1,71,Exchange,Bridie Connors
9,217,Bridie Connors,Eugene Connors,Directed,1,72,Exchange,Bridie Connors
9,209,Bridie Connors,Bridie's other children,Directed,1,72,Exchange,Bridie Connors
209,217,Bridie's other children,Eugene Connors,Directed,1,72,Exchange,Bridie Connors
209,209,Bridie's other children,Bridie's other children,Directed,1,72,Exchange,Bridie Connors
211,85,Michael Connors,John Cotter,Directed,1,72,Exchange,Bridie Connors
19,9,Jim Gildea,Bridie Connors,Directed,1,72,Knows,Bridie Connors
209,9,Bridie's other children,Bridie Connors,Directed,1,72,Exchange,Bridie Connors
9,220,Bridie Connors,Satan,Directed,1,72,Knows,Bridie Connors
217,209,Eugene Connors,Bridie's other children,Directed,1,72,Exchange,Bridie Connors
9,67,Bridie Connors,God,Directed,1,72,Knows,Bridie Connors
9,19,Bridie Connors,Jim Gildea,Directed,1,72,Knows,Bridie Connors
85,211,John Cotter,Michael Connors,Directed,1,72,Exchange,Bridie Connors
85,9,John Cotter,Bridie Connors,Directed,1,72,Exchange,Bridie Connors
9,85,Bridie Connors,John Cotter,Directed,1,72,Exchange,Bridie Connors
9,211,Bridie Connors,Michael Connors,Directed,1,72,Exchange,Bridie Connors
211,9,Michael Connors,Bridie Connors,Directed,1,72,Exchange,Bridie Connors
217,9,Eugene Connors,Bridie Connors,Directed,1,72,Exchange,Bridie Connors
21,1,Triona Cahill/Mahon,Bobby Mahon,Directed,1,73,Knows,Bridie Connors
9,21,Bridie Connors,Triona Cahill/Mahon,Directed,1,73,Knows of,Bridie Connors
148,21,Robert Mahon,Triona Cahill/Mahon,Directed,1,73,Knows,Bridie Connors
9,366,Bridie Connors,Teapot Taliban,Directed,1,73,Knows of,Bridie Connors
9,1,Bridie Connors,Bobby Mahon,Directed,1,73,Knows of,Bridie Connors
5,1,Réaltín,Bobby Mahon,Directed,1,73,Exchange,Bridie Connors
148,1,Robert Mahon,Bobby Mahon,Directed,1,73,Knows,Bridie Connors
1,148,Bobby Mahon,Robert Mahon,Directed,1,73,Knows,Bridie Connors
9,67,Bridie Connors,God,Directed,1,73,Knows,Bridie Connors
9,54,Bridie Connors,Bobby's Mother,Directed,1,73,Knows of,Bridie Connors
9,148,Bridie Connors,Robert Mahon,Directed,1,73,Knows of,Bridie Connors
1,54,Bobby Mahon,Bobby's Mother,Directed,1,73,Knows,Bridie Connors
211,9,Michael Connors,Bridie Connors,Directed,1,73,Exchange,Bridie Connors
9,211,Bridie Connors,Michael Connors,Directed,1,73,Exchange,Bridie Connors
1,5,Bobby Mahon,Réaltín,Directed,1,73,Exchange,Bridie Connors
54,1,Bobby's Mother,Bobby Mahon,Directed,1,73,Knows,Bridie Connors
9,5,Bridie Connors,Réaltín,Directed,1,73,Knows of,Bridie Connors
366,21,Teapot Taliban,Triona Cahill/Mahon,Directed,1,73,Knows,Bridie Connors
366,366,Teapot Taliban,Teapot Taliban,Directed,1,73,Exchange,Bridie Connors
21,148,Triona Cahill/Mahon,Robert Mahon,Directed,1,73,Knows,Bridie Connors
1,21,Bobby Mahon,Triona Cahill/Mahon,Directed,1,73,Knows,Bridie Connors
211,9,Michael Connors,Bridie Connors,Directed,1,74,Exchange,Bridie Connors
211,20,Michael Connors,Frank Mahon,Directed,1,74,Knows,Bridie Connors
225,1,Other boy (working the lorry with Bobby),Bobby Mahon,Directed,1,74,Knows,Bridie Connors
211,1,Michael Connors,Bobby Mahon,Directed,1,74,Knows,Bridie Connors
9,211,Bridie Connors,Michael Connors,Directed,1,74,Exchange,Bridie Connors
9,225,Bridie Connors,Other boy (working the lorry with Bobby),Directed,1,74,Knows of,Bridie Connors
20,1,Frank Mahon,Bobby Mahon,Directed,1,74,Exchange,Bridie Connors
1,20,Bobby Mahon,Frank Mahon,Directed,1,74,Exchange,Bridie Connors
20,211,Frank Mahon,Michael Connors,Directed,1,74,Knows,Bridie Connors
9,20,Bridie Connors,Frank Mahon,Directed,1,74,Knows of,Bridie Connors
9,1,Bridie Connors,Bobby Mahon,Directed,1,74,Knows of,Bridie Connors
1,225,Bobby Mahon,Other boy (working the lorry with Bobby),Directed,1,74,Knows,Bridie Connors
1,211,Bobby Mahon,Michael Connors,Directed,1,74,Knows,Bridie Connors
20,1,Frank Mahon,Bobby Mahon,Directed,1,75,Exchange,Bridie Connors
211,1,Michael Connors,Bobby Mahon,Directed,1,75,Knows,Bridie Connors
20,211,Frank Mahon,Michael Connors,Directed,1,75,Exchange,Bridie Connors
211,20,Michael Connors,Frank Mahon,Directed,1,75,Exchange,Bridie Connors
1,20,Bobby Mahon,Frank Mahon,Directed,1,75,Exchange,Bridie Connors
1,211,Bobby Mahon,Michael Connors,Directed,1,75,Knows,Bridie Connors
211,67,Michael Connors,God,Directed,1,75,Exchange,Bridie Connors
9,1,Bridie Connors,Bobby Mahon,Directed,1,75,Knows of,Bridie Connors
9,20,Bridie Connors,Frank Mahon,Directed,1,75,Knows of,Bridie Connors
9,67,Bridie Connors,God,Directed,1,75,Knows of,Bridie Connors
20,54,Frank Mahon,Bobby's Mother,Directed,1,75,Knows,Bridie Connors
211,9,Michael Connors,Bridie Connors,Directed,1,75,Exchange,Bridie Connors
207,9,Peter Connors,Bridie Connors,Directed,1,75,Knows,Bridie Connors
9,54,Bridie Connors,Bobby's Mother,Directed,1,75,Exchange,Bridie Connors
9,211,Bridie Connors,Michael Connors,Directed,1,75,Exchange,Bridie Connors
9,207,Bridie Connors,Peter Connors,Directed,1,75,Knows,Bridie Connors
54,9,Bobby's Mother,Bridie Connors,Directed,1,75,Exchange,Bridie Connors
54,20,Bobby's Mother,Frank Mahon,Directed,1,75,Knows,Bridie Connors
10,20,Jason,Frank Mahon,Directed,1,76,Knows of,Jason
20,1,Frank Mahon,Bobby Mahon,Directed,1,76,Knows,Jason
10,23,Jason,"""big fat cop""",Directed,1,76,Knows of,Jason
1,20,Bobby Mahon,Frank Mahon,Directed,1,76,Knows,Jason
23,10,"""big fat cop""",Jason,Directed,1,76,Knows of,Jason
23,1,"""big fat cop""",Bobby Mahon,Directed,1,76,Exchange,Jason
20,17,Frank Mahon,Denis,Directed,1,76,Knows,Jason
17,20,Denis,Frank Mahon,Directed,1,76,Knows,Jason
10,24,Jason,Cops (general),Directed,1,76,Knows,Jason
10,17,Jason,Denis,Directed,1,76,Knows of,Jason
1,23,Bobby Mahon,"""big fat cop""",Directed,1,76,Exchange,Jason
24,10,Cops (general),Jason,Directed,1,76,Knows,Jason
10,1,Jason,Bobby Mahon,Directed,1,76,Knows of,Jason
29,28,Jason's father,Jason's mother,Directed,1,77,Knows,Jason
10,29,Jason,Jason's father,Directed,1,77,Knows of,Jason
20,1,Frank Mahon,Bobby Mahon,Directed,1,77,Knows,Jason
10,25,Jason,Jason's ex-girlfriend,Directed,1,77,Exchange,Jason
10,28,Jason,Jason's mother,Directed,1,77,Knows of,Jason
10,20,Jason,Frank Mahon,Directed,1,77,Knows of,Jason
10,27,Jason,Jason's son,Directed,1,77,Knows of,Jason
10,24,Jason,Cops (general),Directed,1,77,Knows,Jason
10,1,Jason,Bobby Mahon,Directed,1,77,Knows of,Jason
28,29,Jason's mother,Jason's father,Directed,1,77,Knows,Jason
27,25,Jason's son,Jason's ex-girlfriend,Directed,1,77,Knows,Jason
1,20,Bobby Mahon,Frank Mahon,Directed,1,77,Knows,Jason
25,26,Jason's ex-girlfriend,"""next prick""",Directed,1,77,Knows,Jason
25,10,Jason's ex-girlfriend,Jason,Directed,1,77,Exchange,Jason
30,10,"""fat nonce""",Jason,Directed,1,77,Exchange,Jason
26,25,"""next prick""",Jason's ex-girlfriend,Directed,1,77,Knows,Jason
25,27,Jason's ex-girlfriend,Jason's son,Directed,1,77,Knows,Jason
24,10,Cops (general),Jason,Directed,1,77,Knows,Jason
10,26,Jason,"""next prick""",Directed,1,77,Knows of,Jason
10,30,Jason,"""fat nonce""",Directed,1,77,Exchange,Jason
33,32,Eugene Penrose,mad auld culchie,Directed,1,78,Exchange,Jason
33,34,Eugene Penrose,some farmer lad,Directed,1,78,Exchange,Jason
10,33,Jason,Eugene Penrose,Directed,1,78,Knows of,Jason
32,33,mad auld culchie,Eugene Penrose,Directed,1,78,Exchange,Jason
34,10,some farmer lad,Jason,Directed,1,78,Exchange,Jason
10,32,Jason,mad auld culchie,Directed,1,78,Knows of,Jason
10,31,Jason,shitbags in the welfare office,Directed,1,78,Exchange,Jason
31,10,shitbags in the welfare office,Jason,Directed,1,78,Exchange,Jason
34,33,some farmer lad,Eugene Penrose,Directed,1,78,Exchange,Jason
10,34,Jason,some farmer lad,Directed,1,78,Exchange,Jason
10,31,Jason,shitbags in the welfare office,Directed,1,79,Knows of,Jason
27,25,Jason's son,Jason's ex-girlfriend,Directed,1,79,Knows,Jason
36,35,Tattoo shop girl,Tattoo artist,Directed,1,79,Knows,Jason
35,36,Tattoo artist,Tattoo shop girl,Directed,1,79,Knows,Jason
25,24,Jason's ex-girlfriend,Cops (general),Directed,1,79,Knows,Jason
31,25,shitbags in the welfare office,Jason's ex-girlfriend,Directed,1,79,Knows,Jason
24,25,Cops (general),Jason's ex-girlfriend,Directed,1,79,Knows,Jason
25,10,Jason's ex-girlfriend,Jason,Directed,1,79,Exchange,Jason
25,27,Jason's ex-girlfriend,Jason's son,Directed,1,79,Knows,Jason
10,36,Jason,Tattoo shop girl,Directed,1,79,Knows of,Jason
10,35,Jason,Tattoo artist,Directed,1,79,Knows of,Jason
25,31,Jason's ex-girlfriend,shitbags in the welfare office,Directed,1,79,Knows,Jason
10,24,Jason,Cops (general),Directed,1,79,Knows of,Jason
10,27,Jason,Jason's son,Directed,1,79,Knows of,Jason
10,25,Jason,Jason's ex-girlfriend,Directed,1,79,Exchange,Jason
10,29,Jason,Jason's father,Directed,1,80,Knows,Jason
20,1,Frank Mahon,Bobby Mahon,Directed,1,80,Knows,Jason
29,10,Jason's father,Jason,Directed,1,80,Knows,Jason
31,10,shitbags in the welfare office,Jason,Directed,1,80,Knows,Jason
1,20,Bobby Mahon,Frank Mahon,Directed,1,80,Knows,Jason
1,10,Bobby Mahon,Jason,Directed,1,80,Exchange,Jason
1,29,Bobby Mahon,Jason's father,Directed,1,80,Knows,Jason
10,31,Jason,shitbags in the welfare office,Directed,1,80,Knows,Jason
29,1,Jason's father,Bobby Mahon,Directed,1,80,Knows,Jason
10,1,Jason,Bobby Mahon,Directed,1,80,Exchange,Jason
10,20,Jason,Frank Mahon,Directed,1,80,Knows of,Jason
29,1,Jason's father,Bobby Mahon,Directed,1,81,Knows,Jason
10,29,Jason,Jason's father,Directed,1,81,Knows of,Jason
1,10,Bobby Mahon,Jason,Directed,1,81,Exchange,Jason
10,1,Jason,Bobby Mahon,Directed,1,81,Exchange,Jason
1,29,Bobby Mahon,Jason's father,Directed,1,81,Knows,Jason
11,5,Hillary,Réaltín,Directed,1,82,Knows,Hillary
5,11,Réaltín,Hillary,Directed,1,82,Knows,Hillary
11,37,Hillary,George McSweeney,Directed,1,82,Knows of,Hillary
37,5,George McSweeney,Réaltín,Directed,1,82,Exchange,Hillary
5,37,Réaltín,George McSweeney,Directed,1,82,Exchange,Hillary
5,1,Réaltín,Bobby Mahon,Directed,1,83,Knows,Hillary
39,5,Tom (Réaltín's father),Réaltín,Directed,1,83,Knows,Hillary
1,21,Bobby Mahon,Triona Cahill/Mahon,Directed,1,83,Knows,Hillary
11,20,Hillary,Frank Mahon,Directed,1,83,Knows of,Hillary
11,40,Hillary,Bridget,Directed,1,83,Knows of,Hillary
11,39,Hillary,Tom (Réaltín's father),Directed,1,83,Knows of,Hillary
5,40,Réaltín,Bridget,Directed,1,83,Knows,Hillary
11,38,Hillary,Dylan (Réaltín's son),Directed,1,83,Knows of,Hillary
39,40,Tom (Réaltín's father),Bridget,Directed,1,83,Knows,Hillary
38,1,Dylan (Réaltín's son),Bobby Mahon,Directed,1,83,Knows,Hillary
38,5,Dylan (Réaltín's son),Réaltín,Directed,1,83,Knows,Hillary
41,1,people at the bridge festival,Bobby Mahon,Directed,1,83,Knows of,Hillary
1,38,Bobby Mahon,Dylan (Réaltín's son),Directed,1,83,Knows,Hillary
40,41,Bridget,people at the bridge festival,Directed,1,83,Exchange,Hillary
5,21,Réaltín,Triona Cahill/Mahon,Directed,1,83,Knows,Hillary
21,5,Triona Cahill/Mahon,Réaltín,Directed,1,83,Knows,Hillary
11,1,Hillary,Bobby Mahon,Directed,1,83,Knows of,Hillary
11,41,Hillary,people at the bridge festival,Directed,1,83,Knows of,Hillary
40,1,Bridget,Bobby Mahon,Directed,1,83,Knows of,Hillary
40,5,Bridget,Réaltín,Directed,1,83,Knows,Hillary
5,41,Réaltín,people at the bridge festival,Directed,1,83,Knows of,Hillary
40,39,Bridget,Tom (Réaltín's father),Directed,1,83,Knows,Hillary
11,21,Hillary,Triona Cahill/Mahon,Directed,1,83,Knows of,Hillary
20,1,Frank Mahon,Bobby Mahon,Directed,1,83,Knows,Hillary
5,38,Réaltín,Dylan (Réaltín's son),Directed,1,83,Knows,Hillary
1,20,Bobby Mahon,Frank Mahon,Directed,1,83,Knows,Hillary
21,1,Triona Cahill/Mahon,Bobby Mahon,Directed,1,83,Knows,Hillary
11,5,Hillary,Réaltín,Directed,1,83,Exchange,Hillary
5,39,Réaltín,Tom (Réaltín's father),Directed,1,83,Knows,Hillary
41,40,people at the bridge festival,Bridget,Directed,1,83,Exchange,Hillary
1,5,Bobby Mahon,Réaltín,Directed,1,83,Knows,Hillary
5,11,Réaltín,Hillary,Directed,1,83,Exchange,Hillary
39,5,Tom (Réaltín's father),Réaltín,Directed,1,84,Knows,Hillary
39,1,Tom (Réaltín's father),Bobby Mahon,Directed,1,84,Knows of,Hillary
1,5,Bobby Mahon,Réaltín,Directed,1,84,Knows,Hillary
20,1,Frank Mahon,Bobby Mahon,Directed,1,84,Knows,Hillary
11,221,Hillary,"""mad looking cop""",Directed,1,84,Knows of,Hillary
38,5,Dylan (Réaltín's son),Réaltín,Directed,1,84,Knows,Hillary
39,11,Tom (Réaltín's father),Hillary,Directed,1,84,Exchange,Hillary
41,40,people at the bridge festival,Bridget,Directed,1,84,Exchange,Hillary
11,222,Hillary,"""detective from town""",Directed,1,84,Knows of,Hillary
41,21,people at the bridge festival,Triona Cahill/Mahon,Directed,1,84,Knows of,Hillary
39,38,Tom (Réaltín's father),Dylan (Réaltín's son),Directed,1,84,Knows,Hillary
5,38,Réaltín,Dylan (Réaltín's son),Directed,1,84,Knows,Hillary
41,1,people at the bridge festival,Bobby Mahon,Directed,1,84,Knows of,Hillary
45,44,Hillary's grandmother,Hillary's father,Directed,1,84,Knows,Hillary
222,221,"""detective from town""","""mad looking cop""",Directed,1,84,Knows,Hillary
5,41,Réaltín,people at the bridge festival,Directed,1,84,Knows of,Hillary
221,1,"""mad looking cop""",Bobby Mahon,Directed,1,84,Knows of,Hillary
40,41,Bridget,people at the bridge festival,Directed,1,84,Exchange,Hillary
1,38,Bobby Mahon,Dylan (Réaltín's son),Directed,1,84,Knows,Hillary
222,1,"""detective from town""",Bobby Mahon,Directed,1,84,Knows of,Hillary
5,44,Réaltín,Hillary's father,Directed,1,84,Exchange,Hillary
222,5,"""detective from town""",Réaltín,Directed,1,84,Exchange,Hillary
11,21,Hillary,Triona Cahill/Mahon,Directed,1,84,Knows of,Hillary
1,20,Bobby Mahon,Frank Mahon,Directed,1,84,Knows,Hillary
5,39,Réaltín,Tom (Réaltín's father),Directed,1,84,Knows,Hillary
38,1,Dylan (Réaltín's son),Bobby Mahon,Directed,1,84,Knows,Hillary
11,44,Hillary,Hillary's father,Directed,1,84,Knows of,Hillary
11,39,Hillary,Tom (Réaltín's father),Directed,1,84,Exchange,Hillary
11,45,Hillary,Hillary's grandmother,Directed,1,84,Knows of,Hillary
11,223,Hillary,Sergeant Dick O'Toole,Directed,1,84,Knows of,Hillary
11,1,Hillary,Bobby Mahon,Directed,1,84,Knows of,Hillary
221,5,"""mad looking cop""",Réaltín,Directed,1,84,Exchange,Hillary
11,5,Hillary,Réaltín,Directed,1,84,Knows of,Hillary
5,45,Réaltín,Hillary's grandmother,Directed,1,84,Knows,Hillary
11,43,Hillary,George Clooney,Directed,1,84,Knows of,Hillary
221,222,"""mad looking cop""","""detective from town""",Directed,1,84,Knows,Hillary
5,221,Réaltín,"""mad looking cop""",Directed,1,84,Exchange,Hillary
45,5,Hillary's grandmother,Réaltín,Directed,1,84,Knows,Hillary
11,41,Hillary,people at the bridge festival,Directed,1,84,Knows of,Hillary
44,45,Hillary's father,Hillary's grandmother,Directed,1,84,Knows,Hillary
11,42,Hillary,Colin Firth,Directed,1,84,Knows of,Hillary
11,20,Hillary,Frank Mahon,Directed,1,84,Knows of,Hillary
5,1,Réaltín,Bobby Mahon,Directed,1,84,Knows,Hillary
5,222,Réaltín,"""detective from town""",Directed,1,84,Exchange,Hillary
11,40,Hillary,Bridget,Directed,1,84,Knows of,Hillary
38,39,Dylan (Réaltín's son),Tom (Réaltín's father),Directed,1,84,Knows,Hillary
11,38,Hillary,Dylan (Réaltín's son),Directed,1,84,Knows of,Hillary
44,5,Hillary's father,Réaltín,Directed,1,84,Exchange,Hillary
5,226,Réaltín,Braveheart,Directed,1,85,Knows,Hillary
38,5,Dylan (Réaltín's son),Réaltín,Directed,1,85,Knows,Hillary
11,12,Hillary,Seanie Shaper (Sean Shanahan),Directed,1,85,Knows of,Hillary
39,1,Tom (Réaltín's father),Bobby Mahon,Directed,1,85,Knows of,Hillary
11,5,Hillary,Réaltín,Directed,1,85,Exchange,Hillary
5,38,Réaltín,Dylan (Réaltín's son),Directed,1,85,Knows,Hillary
5,37,Réaltín,George McSweeney,Directed,1,85,Knows,Hillary
1,5,Bobby Mahon,Réaltín,Directed,1,85,Knows,Hillary
1,12,Bobby Mahon,Seanie Shaper (Sean Shanahan),Directed,1,85,Knows,Hillary
39,5,Tom (Réaltín's father),Réaltín,Directed,1,85,Knows,Hillary
222,38,"""detective from town""",Dylan (Réaltín's son),Directed,1,85,Knows,Hillary
222,1,"""detective from town""",Bobby Mahon,Directed,1,85,Knows of,Hillary
5,1,Réaltín,Bobby Mahon,Directed,1,85,Knows,Hillary
12,1,Seanie Shaper (Sean Shanahan),Bobby Mahon,Directed,1,85,Knows,Hillary
5,11,Réaltín,Hillary,Directed,1,85,Exchange,Hillary
11,39,Hillary,Tom (Réaltín's father),Directed,1,85,Knows of,Hillary
11,1,Hillary,Bobby Mahon,Directed,1,85,Knows of,Hillary
5,39,Réaltín,Tom (Réaltín's father),Directed,1,85,Knows,Hillary
5,12,Réaltín,Seanie Shaper (Sean Shanahan),Directed,1,85,Knows,Hillary
221,1,"""mad looking cop""",Bobby Mahon,Directed,1,85,Knows of,Hillary
38,222,Dylan (Réaltín's son),"""detective from town""",Directed,1,85,Knows,Hillary
11,221,Hillary,"""mad looking cop""",Directed,1,85,Knows of,Hillary
221,38,"""mad looking cop""",Dylan (Réaltín's son),Directed,1,85,Knows,Hillary
11,38,Hillary,Dylan (Réaltín's son),Directed,1,85,Knows of,Hillary
11,222,Hillary,"""detective from town""",Directed,1,85,Knows of,Hillary
11,226,Hillary,Braveheart,Directed,1,85,Knows of,Hillary
38,221,Dylan (Réaltín's son),"""mad looking cop""",Directed,1,85,Knows,Hillary
37,5,George McSweeney,Réaltín,Directed,1,85,Knows,Hillary
11,37,Hillary,George McSweeney,Directed,1,85,Knows of,Hillary
12,5,Seanie Shaper (Sean Shanahan),Réaltín,Directed,1,85,Knows,Hillary
20,1,Frank Mahon,Bobby Mahon,Directed,1,86,Knows,Hillary
229,5,Darren (Hillary's boyfriend),Réaltín,Directed,1,86,Knows,Hillary
5,11,Réaltín,Hillary,Directed,1,86,Exchange,Hillary
5,67,Réaltín,God,Directed,1,86,Knows,Hillary
11,227,Hillary,Seanie's friend,Directed,1,86,Knows of,Hillary
1,20,Bobby Mahon,Frank Mahon,Directed,1,86,Knows,Hillary
5,44,Réaltín,Hillary's father,Directed,1,86,Knows,Hillary
11,20,Hillary,Frank Mahon,Directed,1,86,Knows of,Hillary
12,5,Seanie Shaper (Sean Shanahan),Réaltín,Directed,1,86,Exchange,Hillary
39,5,Tom (Réaltín's father),Réaltín,Directed,1,86,Knows,Hillary
5,1,Réaltín,Bobby Mahon,Directed,1,86,Knows,Hillary
11,229,Hillary,Darren (Hillary's boyfriend),Directed,1,86,Knows of,Hillary
12,227,Seanie Shaper (Sean Shanahan),Seanie's friend,Directed,1,86,Knows,Hillary
20,5,Frank Mahon,Réaltín,Directed,1,86,Knows,Hillary
5,39,Réaltín,Tom (Réaltín's father),Directed,1,86,Knows,Hillary
11,67,Hillary,God,Directed,1,86,Knows,Hillary
227,12,Seanie's friend,Seanie Shaper (Sean Shanahan),Directed,1,86,Knows,Hillary
227,5,Seanie's friend,Réaltín,Directed,1,86,Knows,Hillary
11,5,Hillary,Réaltín,Directed,1,86,Exchange,Hillary
228,44,Hillary's mother,Hillary's father,Directed,1,86,Knows,Hillary
228,5,Hillary's mother,Réaltín,Directed,1,86,Knows,Hillary
11,1,Hillary,Bobby Mahon,Directed,1,86,Knows of,Hillary
11,228,Hillary,Hillary's mother,Directed,1,86,Knows of,Hillary
11,12,Hillary,Seanie Shaper (Sean Shanahan),Directed,1,86,Knows of,Hillary
5,12,Réaltín,Seanie Shaper (Sean Shanahan),Directed,1,86,Exchange,Hillary
5,20,Réaltín,Frank Mahon,Directed,1,86,Knows,Hillary
11,44,Hillary,Hillary's father,Directed,1,86,Knows of,Hillary
5,227,Réaltín,Seanie's friend,Directed,1,86,Knows,Hillary
5,229,Réaltín,Darren (Hillary's boyfriend),Directed,1,86,Knows,Hillary
1,5,Bobby Mahon,Réaltín,Directed,1,86,Knows,Hillary
11,39,Hillary,Tom (Réaltín's father),Directed,1,86,Knows of,Hillary
5,228,Réaltín,Hillary's mother,Directed,1,86,Knows,Hillary
44,5,Hillary's father,Réaltín,Directed,1,86,Knows,Hillary
44,228,Hillary's father,Hillary's mother,Directed,1,86,Knows,Hillary
5,229,Réaltín,Darren (Hillary's boyfriend),Directed,1,87,Knows,Hillary
11,229,Hillary,Darren (Hillary's boyfriend),Directed,1,87,Knows of,Hillary
11,1,Hillary,Bobby Mahon,Directed,1,87,Knows of,Hillary
5,38,Réaltín,Dylan (Réaltín's son),Directed,1,87,Knows,Hillary
228,5,Hillary's mother,Réaltín,Directed,1,87,Knows,Hillary
5,37,Réaltín,George McSweeney,Directed,1,87,Knows,Hillary
38,5,Dylan (Réaltín's son),Réaltín,Directed,1,87,Knows,Hillary
229,5,Darren (Hillary's boyfriend),Réaltín,Directed,1,87,Knows,Hillary
11,228,Hillary,Hillary's mother,Directed,1,87,Knows of,Hillary
5,1,Réaltín,Bobby Mahon,Directed,1,87,Knows,Hillary
11,38,Hillary,Dylan (Réaltín's son),Directed,1,87,Knows of,Hillary
11,5,Hillary,Réaltín,Directed,1,87,Exchange,Hillary
5,134,Réaltín,Réaltín's mother,Directed,1,87,Knows,Hillary
134,5,Réaltín's mother,Réaltín,Directed,1,87,Knows,Hillary
5,11,Réaltín,Hillary,Directed,1,87,Exchange,Hillary
37,5,George McSweeney,Réaltín,Directed,1,87,Knows,Hillary
11,134,Hillary,Réaltín's mother,Directed,1,87,Knows of,Hillary
11,37,Hillary,George McSweeney,Directed,1,87,Knows of,Hillary
1,5,Bobby Mahon,Réaltín,Directed,1,87,Knows,Hillary
5,228,Réaltín,Hillary's mother,Directed,1,87,Knows,Hillary
11,230,Hillary,"""the cleaner""",Directed,1,88,Knows of,Hillary
11,5,Hillary,Réaltín,Directed,1,88,Exchange,Hillary
230,37,"""the cleaner""",George McSweeney,Directed,1,88,Exchange,Hillary
11,37,Hillary,George McSweeney,Directed,1,88,Exchange,Hillary
37,11,George McSweeney,Hillary,Directed,1,88,Exchange,Hillary
5,11,Réaltín,Hillary,Directed,1,88,Exchange,Hillary
5,38,Réaltín,Dylan (Réaltín's son),Directed,1,88,Knows,Hillary
38,5,Dylan (Réaltín's son),Réaltín,Directed,1,88,Knows,Hillary
37,230,George McSweeney,"""the cleaner""",Directed,1,88,Exchange,Hillary
11,38,Hillary,Dylan (Réaltín's son),Directed,1,88,Knows of,Hillary
37,5,George McSweeney,Réaltín,Directed,1,88,Exchange,Hillary
5,37,Réaltín,George McSweeney,Directed,1,88,Exchange,Hillary
138,11,George McSweeney's Secretaries,Hillary,Directed,1,89,Knows,Hillary
228,11,Hillary's mother,Hillary,Directed,1,89,Knows,Hillary
11,234,Hillary,"""junior solicitors""",Directed,1,89,Knows of,Hillary
11,37,Hillary,George McSweeney,Directed,1,89,Exchange,Hillary
37,139,George McSweeney,George McSweeney's apprentices,Directed,1,89,Knows,Hillary
37,138,George McSweeney,George McSweeney's Secretaries,Directed,1,89,Knows,Hillary
139,37,George McSweeney's apprentices,George McSweeney,Directed,1,89,Knows,Hillary
37,234,George McSweeney,"""junior solicitors""",Directed,1,89,Knows,Hillary
11,138,Hillary,George McSweeney's Secretaries,Directed,1,89,Knows,Hillary
234,37,"""junior solicitors""",George McSweeney,Directed,1,89,Knows,Hillary
11,139,Hillary,George McSweeney's apprentices,Directed,1,89,Knows of,Hillary
11,228,Hillary,Hillary's mother,Directed,1,89,Knows,Hillary
138,37,George McSweeney's Secretaries,George McSweeney,Directed,1,89,Knows,Hillary
37,11,George McSweeney,Hillary,Directed,1,89,Exchange,Hillary
239,12,Wankyballs,Seanie Shaper (Sean Shanahan),Directed,1,90,Knows,Seanie Shaper (Sean Shanahan)
12,242,Seanie Shaper (Sean Shanahan),First Year girl,Directed,1,90,Knows of,Seanie Shaper (Sean Shanahan)
235,12,Vomity Donnell,Seanie Shaper (Sean Shanahan),Directed,1,90,Knows,Seanie Shaper (Sean Shanahan)
12,240,Seanie Shaper (Sean Shanahan),Fishfingers,Directed,1,90,Knows of,Seanie Shaper (Sean Shanahan)
12,136,Seanie Shaper (Sean Shanahan),Seanie's friends,Directed,1,90,Knows,Seanie Shaper (Sean Shanahan)
12,241,Seanie Shaper (Sean Shanahan),"""wans from the convent""",Directed,1,90,Knows of,Seanie Shaper (Sean Shanahan)
242,238,First Year girl,Kiddyfiddler,Directed,1,90,Knows,Seanie Shaper (Sean Shanahan)
12,236,Seanie Shaper (Sean Shanahan),Johnny Incest,Directed,1,90,Knows of,Seanie Shaper (Sean Shanahan)
136,12,Seanie's friends,Seanie Shaper (Sean Shanahan),Directed,1,90,Knows,Seanie Shaper (Sean Shanahan)
12,237,Seanie Shaper (Sean Shanahan),Johnny Incest's parents,Directed,1,90,Knows of,Seanie Shaper (Sean Shanahan)
12,239,Seanie Shaper (Sean Shanahan),Wankyballs,Directed,1,90,Knows,Seanie Shaper (Sean Shanahan)
12,235,Seanie Shaper (Sean Shanahan),Vomity Donnell,Directed,1,90,Knows,Seanie Shaper (Sean Shanahan)
12,238,Seanie Shaper (Sean Shanahan),Kiddyfiddler,Directed,1,90,Knows of,Seanie Shaper (Sean Shanahan)
12,243,Seanie Shaper (Sean Shanahan),Mongo (15 lads),Directed,1,90,Knows,Seanie Shaper (Sean Shanahan)
241,240,"""wans from the convent""",Fishfingers,Directed,1,90,Knows,Seanie Shaper (Sean Shanahan)
237,236,Johnny Incest's parents,Johnny Incest,Directed,1,90,Knows,Seanie Shaper (Sean Shanahan)
236,237,Johnny Incest,Johnny Incest's parents,Directed,1,90,Knows,Seanie Shaper (Sean Shanahan)
238,242,Kiddyfiddler,First Year girl,Directed,1,90,Knows,Seanie Shaper (Sean Shanahan)
240,241,Fishfingers,"""wans from the convent""",Directed,1,90,Knows,Seanie Shaper (Sean Shanahan)
243,12,Mongo (15 lads),Seanie Shaper (Sean Shanahan),Directed,1,90,Knows,Seanie Shaper (Sean Shanahan)
12,250,Seanie Shaper (Sean Shanahan),"""smelly wans""",Directed,1,91,Exchange,Seanie Shaper (Sean Shanahan)
12,244,Seanie Shaper (Sean Shanahan),Townie Boys,Directed,1,91,Knows of,Seanie Shaper (Sean Shanahan)
245,12,"""girls around the estate",Seanie Shaper (Sean Shanahan),Directed,1,91,Exchange,Seanie Shaper (Sean Shanahan)
251,12,"""lesbians""",Seanie Shaper (Sean Shanahan),Directed,1,91,Exchange,Seanie Shaper (Sean Shanahan)
136,244,Seanie's friends,Townie Boys,Directed,1,91,Knows,Seanie Shaper (Sean Shanahan)
12,245,Seanie Shaper (Sean Shanahan),"""girls around the estate",Directed,1,91,Exchange,Seanie Shaper (Sean Shanahan)
250,12,"""smelly wans""",Seanie Shaper (Sean Shanahan),Directed,1,91,Exchange,Seanie Shaper (Sean Shanahan)
244,136,Townie Boys,Seanie's friends,Directed,1,91,Knows,Seanie Shaper (Sean Shanahan)
246,247,Girl from Dublin,Girl from Dublin's cousins,Directed,1,91,Knows,Seanie Shaper (Sean Shanahan)
249,12,"""lispers""",Seanie Shaper (Sean Shanahan),Directed,1,91,Exchange,Seanie Shaper (Sean Shanahan)
247,246,Girl from Dublin's cousins,Girl from Dublin,Directed,1,91,Knows,Seanie Shaper (Sean Shanahan)
246,12,Girl from Dublin,Seanie Shaper (Sean Shanahan),Directed,1,91,Exchange,Seanie Shaper (Sean Shanahan)
12,248,Seanie Shaper (Sean Shanahan),"""hunchbacks""",Directed,1,91,Exchange,Seanie Shaper (Sean Shanahan)
12,251,Seanie Shaper (Sean Shanahan),"""lesbians""",Directed,1,91,Exchange,Seanie Shaper (Sean Shanahan)
12,249,Seanie Shaper (Sean Shanahan),"""lispers""",Directed,1,91,Exchange,Seanie Shaper (Sean Shanahan)
12,246,Seanie Shaper (Sean Shanahan),Girl from Dublin,Directed,1,91,Exchange,Seanie Shaper (Sean Shanahan)
12,247,Seanie Shaper (Sean Shanahan),Girl from Dublin's cousins,Directed,1,91,Exchange,Seanie Shaper (Sean Shanahan)
248,12,"""hunchbacks""",Seanie Shaper (Sean Shanahan),Directed,1,91,Exchange,Seanie Shaper (Sean Shanahan)
247,12,Girl from Dublin's cousins,Seanie Shaper (Sean Shanahan),Directed,1,91,Exchange,Seanie Shaper (Sean Shanahan)
12,136,Seanie Shaper (Sean Shanahan),Seanie's friends,Directed,1,91,Knows of,Seanie Shaper (Sean Shanahan)
136,12,Seanie's friends,Seanie Shaper (Sean Shanahan),Directed,1,92,Exchange,Seanie Shaper (Sean Shanahan)
5,12,Réaltín,Seanie Shaper (Sean Shanahan),Directed,1,92,Exchange,Seanie Shaper (Sean Shanahan)
5,11,Réaltín,Hillary,Directed,1,92,Exchange,Seanie Shaper (Sean Shanahan)
12,136,Seanie Shaper (Sean Shanahan),Seanie's friends,Directed,1,92,Exchange,Seanie Shaper (Sean Shanahan)
12,5,Seanie Shaper (Sean Shanahan),Réaltín,Directed,1,92,Exchange,Seanie Shaper (Sean Shanahan)
67,12,God,Seanie Shaper (Sean Shanahan),Directed,1,92,Knows,Seanie Shaper (Sean Shanahan)
12,252,Seanie Shaper (Sean Shanahan),Girl with hearing aid,Directed,1,92,Exchange,Seanie Shaper (Sean Shanahan)
252,12,Girl with hearing aid,Seanie Shaper (Sean Shanahan),Directed,1,92,Exchange,Seanie Shaper (Sean Shanahan)
12,67,Seanie Shaper (Sean Shanahan),God,Directed,1,92,Knows,Seanie Shaper (Sean Shanahan)
11,5,Hillary,Réaltín,Directed,1,92,Exchange,Seanie Shaper (Sean Shanahan)
12,11,Seanie Shaper (Sean Shanahan),Hillary,Directed,1,92,Knows of,Seanie Shaper (Sean Shanahan)
70,69,Seanie's brothers,Seanie's Mother,Directed,1,93,Knows,Seanie Shaper (Sean Shanahan)
69,71,Seanie's Mother,Seanie's sister,Directed,1,93,Knows,Seanie Shaper (Sean Shanahan)
254,2,"""NAMA crowd""",Josie Burke,Directed,1,93,Exchange,Seanie Shaper (Sean Shanahan)
22,2,Pokey Burke,Josie Burke,Directed,1,93,Knows,Seanie Shaper (Sean Shanahan)
70,12,Seanie's brothers,Seanie Shaper (Sean Shanahan),Directed,1,93,Knows,Seanie Shaper (Sean Shanahan)
253,12,"""right-looking wanker""",Seanie Shaper (Sean Shanahan),Directed,1,93,Exchange,Seanie Shaper (Sean Shanahan)
5,1,Réaltín,Bobby Mahon,Directed,1,93,Knows,Seanie Shaper (Sean Shanahan)
253,5,"""right-looking wanker""",Réaltín,Directed,1,93,Exchange,Seanie Shaper (Sean Shanahan)
70,68,Seanie's brothers,Seanie's Father,Directed,1,93,Knows,Seanie Shaper (Sean Shanahan)
71,69,Seanie's sister,Seanie's Mother,Directed,1,93,Knows,Seanie Shaper (Sean Shanahan)
5,253,Réaltín,"""right-looking wanker""",Directed,1,93,Exchange,Seanie Shaper (Sean Shanahan)
69,70,Seanie's Mother,Seanie's brothers,Directed,1,93,Knows,Seanie Shaper (Sean Shanahan)
12,69,Seanie Shaper (Sean Shanahan),Seanie's Mother,Directed,1,93,Knows,Seanie Shaper (Sean Shanahan)
12,38,Seanie Shaper (Sean Shanahan),Dylan (Réaltín's son),Directed,1,93,Knows of,Seanie Shaper (Sean Shanahan)
12,68,Seanie Shaper (Sean Shanahan),Seanie's Father,Directed,1,93,Knows,Seanie Shaper (Sean Shanahan)
2,22,Josie Burke,Pokey Burke,Directed,1,93,Knows,Seanie Shaper (Sean Shanahan)
71,12,Seanie's sister,Seanie Shaper (Sean Shanahan),Directed,1,93,Knows,Seanie Shaper (Sean Shanahan)
12,253,Seanie Shaper (Sean Shanahan),"""right-looking wanker""",Directed,1,93,Exchange,Seanie Shaper (Sean Shanahan)
71,68,Seanie's sister,Seanie's Father,Directed,1,93,Knows,Seanie Shaper (Sean Shanahan)
38,5,Dylan (Réaltín's son),Réaltín,Directed,1,93,Knows,Seanie Shaper (Sean Shanahan)
5,22,Réaltín,Pokey Burke,Directed,1,93,Knows,Seanie Shaper (Sean Shanahan)
1,22,Bobby Mahon,Pokey Burke,Directed,1,93,Knows,Seanie Shaper (Sean Shanahan)
69,68,Seanie's Mother,Seanie's Father,Directed,1,93,Knows,Seanie Shaper (Sean Shanahan)
12,71,Seanie Shaper (Sean Shanahan),Seanie's sister,Directed,1,93,Knows,Seanie Shaper (Sean Shanahan)
146,1,"""C2 boys""",Bobby Mahon,Directed,1,93,Knows,Seanie Shaper (Sean Shanahan)
2,254,Josie Burke,"""NAMA crowd""",Directed,1,93,Exchange,Seanie Shaper (Sean Shanahan)
12,146,Seanie Shaper (Sean Shanahan),"""C2 boys""",Directed,1,93,Knows of,Seanie Shaper (Sean Shanahan)
1,12,Bobby Mahon,Seanie Shaper (Sean Shanahan),Directed,1,93,Exchange,Seanie Shaper (Sean Shanahan)
12,70,Seanie Shaper (Sean Shanahan),Seanie's brothers,Directed,1,93,Knows,Seanie Shaper (Sean Shanahan)
12,22,Seanie Shaper (Sean Shanahan),Pokey Burke,Directed,1,93,Knows,Seanie Shaper (Sean Shanahan)
1,5,Bobby Mahon,Réaltín,Directed,1,93,Knows,Seanie Shaper (Sean Shanahan)
12,2,Seanie Shaper (Sean Shanahan),Josie Burke,Directed,1,93,Knows of,Seanie Shaper (Sean Shanahan)
68,12,Seanie's Father,Seanie Shaper (Sean Shanahan),Directed,1,93,Knows,Seanie Shaper (Sean Shanahan)
12,5,Seanie Shaper (Sean Shanahan),Réaltín,Directed,1,93,Knows of,Seanie Shaper (Sean Shanahan)
5,38,Réaltín,Dylan (Réaltín's son),Directed,1,93,Knows,Seanie Shaper (Sean Shanahan)
68,69,Seanie's Father,Seanie's Mother,Directed,1,93,Knows,Seanie Shaper (Sean Shanahan)
22,5,Pokey Burke,Réaltín,Directed,1,93,Knows,Seanie Shaper (Sean Shanahan)
12,1,Seanie Shaper (Sean Shanahan),Bobby Mahon,Directed,1,93,Exchange,Seanie Shaper (Sean Shanahan)
68,70,Seanie's Father,Seanie's brothers,Directed,1,93,Knows,Seanie Shaper (Sean Shanahan)
1,254,Bobby Mahon,"""NAMA crowd""",Directed,1,93,Knows,Seanie Shaper (Sean Shanahan)
22,12,Pokey Burke,Seanie Shaper (Sean Shanahan),Directed,1,93,Knows,Seanie Shaper (Sean Shanahan)
68,71,Seanie's Father,Seanie's sister,Directed,1,93,Knows,Seanie Shaper (Sean Shanahan)
1,146,Bobby Mahon,"""C2 boys""",Directed,1,93,Knows,Seanie Shaper (Sean Shanahan)
12,254,Seanie Shaper (Sean Shanahan),"""NAMA crowd""",Directed,1,93,Knows of,Seanie Shaper (Sean Shanahan)
22,1,Pokey Burke,Bobby Mahon,Directed,1,93,Knows,Seanie Shaper (Sean Shanahan)
69,12,Seanie's Mother,Seanie Shaper (Sean Shanahan),Directed,1,93,Knows,Seanie Shaper (Sean Shanahan)
71,68,Seanie's sister,Seanie's Father,Directed,1,94,Knows,Seanie Shaper (Sean Shanahan)
5,38,Réaltín,Dylan (Réaltín's son),Directed,1,94,Knows,Seanie Shaper (Sean Shanahan)
71,69,Seanie's sister,Seanie's Mother,Directed,1,94,Knows,Seanie Shaper (Sean Shanahan)
5,39,Réaltín,Tom (Réaltín's father),Directed,1,94,Knows,Seanie Shaper (Sean Shanahan)
38,5,Dylan (Réaltín's son),Réaltín,Directed,1,94,Knows,Seanie Shaper (Sean Shanahan)
52,22,"""the boys"" (who worked for Pokey)",Pokey Burke,Directed,1,94,Knows,Seanie Shaper (Sean Shanahan)
52,255,"""the boys"" (who worked for Pokey)",Polish subcontractors,Directed,1,94,Knows,Seanie Shaper (Sean Shanahan)
255,22,Polish subcontractors,Pokey Burke,Directed,1,94,Exchange,Seanie Shaper (Sean Shanahan)
71,12,Seanie's sister,Seanie Shaper (Sean Shanahan),Directed,1,94,Knows,Seanie Shaper (Sean Shanahan)
12,71,Seanie Shaper (Sean Shanahan),Seanie's sister,Directed,1,94,Knows,Seanie Shaper (Sean Shanahan)
255,52,Polish subcontractors,"""the boys"" (who worked for Pokey)",Directed,1,94,Knows,Seanie Shaper (Sean Shanahan)
12,39,Seanie Shaper (Sean Shanahan),Tom (Réaltín's father),Directed,1,94,Exchange,Seanie Shaper (Sean Shanahan)
12,70,Seanie Shaper (Sean Shanahan),Seanie's brothers,Directed,1,94,Knows,Seanie Shaper (Sean Shanahan)
68,69,Seanie's Father,Seanie's Mother,Directed,1,94,Knows,Seanie Shaper (Sean Shanahan)
22,12,Pokey Burke,Seanie Shaper (Sean Shanahan),Directed,1,94,Knows,Seanie Shaper (Sean Shanahan)
68,70,Seanie's Father,Seanie's brothers,Directed,1,94,Knows,Seanie Shaper (Sean Shanahan)
68,71,Seanie's Father,Seanie's sister,Directed,1,94,Knows,Seanie Shaper (Sean Shanahan)
22,255,Pokey Burke,Polish subcontractors,Directed,1,94,Exchange,Seanie Shaper (Sean Shanahan)
69,12,Seanie's Mother,Seanie Shaper (Sean Shanahan),Directed,1,94,Knows,Seanie Shaper (Sean Shanahan)
69,68,Seanie's Mother,Seanie's Father,Directed,1,94,Knows,Seanie Shaper (Sean Shanahan)
69,70,Seanie's Mother,Seanie's brothers,Directed,1,94,Knows,Seanie Shaper (Sean Shanahan)
22,2,Pokey Burke,Josie Burke,Directed,1,94,Knows,Seanie Shaper (Sean Shanahan)
69,71,Seanie's Mother,Seanie's sister,Directed,1,94,Knows,Seanie Shaper (Sean Shanahan)
70,12,Seanie's brothers,Seanie Shaper (Sean Shanahan),Directed,1,94,Knows,Seanie Shaper (Sean Shanahan)
5,1,Réaltín,Bobby Mahon,Directed,1,94,Knows,Seanie Shaper (Sean Shanahan)
70,68,Seanie's brothers,Seanie's Father,Directed,1,94,Knows,Seanie Shaper (Sean Shanahan)
38,39,Dylan (Réaltín's son),Tom (Réaltín's father),Directed,1,94,Knows,Seanie Shaper (Sean Shanahan)
70,69,Seanie's brothers,Seanie's Mother,Directed,1,94,Knows,Seanie Shaper (Sean Shanahan)
12,69,Seanie Shaper (Sean Shanahan),Seanie's Mother,Directed,1,94,Knows,Seanie Shaper (Sean Shanahan)
12,68,Seanie Shaper (Sean Shanahan),Seanie's Father,Directed,1,94,Knows,Seanie Shaper (Sean Shanahan)
67,12,God,Seanie Shaper (Sean Shanahan),Directed,1,94,Knows,Seanie Shaper (Sean Shanahan)
68,12,Seanie's Father,Seanie Shaper (Sean Shanahan),Directed,1,94,Knows,Seanie Shaper (Sean Shanahan)
12,5,Seanie Shaper (Sean Shanahan),Réaltín,Directed,1,94,Knows of,Seanie Shaper (Sean Shanahan)
1,20,Bobby Mahon,Frank Mahon,Directed,1,94,Knows,Seanie Shaper (Sean Shanahan)
12,52,Seanie Shaper (Sean Shanahan),"""the boys"" (who worked for Pokey)",Directed,1,94,Knows of,Seanie Shaper (Sean Shanahan)
22,52,Pokey Burke,"""the boys"" (who worked for Pokey)",Directed,1,94,Knows,Seanie Shaper (Sean Shanahan)
12,255,Seanie Shaper (Sean Shanahan),Polish subcontractors,Directed,1,94,Knows of,Seanie Shaper (Sean Shanahan)
12,22,Seanie Shaper (Sean Shanahan),Pokey Burke,Directed,1,94,Knows,Seanie Shaper (Sean Shanahan)
2,22,Josie Burke,Pokey Burke,Directed,1,94,Knows,Seanie Shaper (Sean Shanahan)
12,2,Seanie Shaper (Sean Shanahan),Josie Burke,Directed,1,94,Knows of,Seanie Shaper (Sean Shanahan)
1,5,Bobby Mahon,Réaltín,Directed,1,94,Knows,Seanie Shaper (Sean Shanahan)
20,1,Frank Mahon,Bobby Mahon,Directed,1,94,Knows,Seanie Shaper (Sean Shanahan)
39,5,Tom (Réaltín's father),Réaltín,Directed,1,94,Knows,Seanie Shaper (Sean Shanahan)
12,20,Seanie Shaper (Sean Shanahan),Frank Mahon,Directed,1,94,Knows of,Seanie Shaper (Sean Shanahan)
12,1,Seanie Shaper (Sean Shanahan),Bobby Mahon,Directed,1,94,Knows of,Seanie Shaper (Sean Shanahan)
12,38,Seanie Shaper (Sean Shanahan),Dylan (Réaltín's son),Directed,1,94,Knows of,Seanie Shaper (Sean Shanahan)
39,12,Tom (Réaltín's father),Seanie Shaper (Sean Shanahan),Directed,1,94,Exchange,Seanie Shaper (Sean Shanahan)
12,67,Seanie Shaper (Sean Shanahan),God,Directed,1,94,Knows,Seanie Shaper (Sean Shanahan)
39,38,Tom (Réaltín's father),Dylan (Réaltín's son),Directed,1,94,Knows,Seanie Shaper (Sean Shanahan)
70,12,Seanie's brothers,Seanie Shaper (Sean Shanahan),Directed,1,95,Knows,Seanie Shaper (Sean Shanahan)
69,68,Seanie's Mother,Seanie's Father,Directed,1,95,Knows,Seanie Shaper (Sean Shanahan)
69,12,Seanie's Mother,Seanie Shaper (Sean Shanahan),Directed,1,95,Knows,Seanie Shaper (Sean Shanahan)
69,5,Seanie's Mother,Réaltín,Directed,1,95,Knows,Seanie Shaper (Sean Shanahan)
69,38,Seanie's Mother,Dylan (Réaltín's son),Directed,1,95,Knows,Seanie Shaper (Sean Shanahan)
12,68,Seanie Shaper (Sean Shanahan),Seanie's Father,Directed,1,95,Knows,Seanie Shaper (Sean Shanahan)
68,5,Seanie's Father,Réaltín,Directed,1,95,Knows,Seanie Shaper (Sean Shanahan)
68,38,Seanie's Father,Dylan (Réaltín's son),Directed,1,95,Knows,Seanie Shaper (Sean Shanahan)
12,70,Seanie Shaper (Sean Shanahan),Seanie's brothers,Directed,1,95,Knows,Seanie Shaper (Sean Shanahan)
12,38,Seanie Shaper (Sean Shanahan),Dylan (Réaltín's son),Directed,1,95,Knows of,Seanie Shaper (Sean Shanahan)
12,69,Seanie Shaper (Sean Shanahan),Seanie's Mother,Directed,1,95,Knows,Seanie Shaper (Sean Shanahan)
68,69,Seanie's Father,Seanie's Mother,Directed,1,95,Knows,Seanie Shaper (Sean Shanahan)
12,71,Seanie Shaper (Sean Shanahan),Seanie's sister,Directed,1,95,Knows,Seanie Shaper (Sean Shanahan)
68,12,Seanie's Father,Seanie Shaper (Sean Shanahan),Directed,1,95,Knows,Seanie Shaper (Sean Shanahan)
5,68,Réaltín,Seanie's Father,Directed,1,95,Knows,Seanie Shaper (Sean Shanahan)
71,12,Seanie's sister,Seanie Shaper (Sean Shanahan),Directed,1,95,Knows,Seanie Shaper (Sean Shanahan)
5,69,Réaltín,Seanie's Mother,Directed,1,95,Knows,Seanie Shaper (Sean Shanahan)
12,5,Seanie Shaper (Sean Shanahan),Réaltín,Directed,1,95,Knows of,Seanie Shaper (Sean Shanahan)
20,1,Frank Mahon,Bobby Mahon,Directed,1,96,Knows,Seanie Shaper (Sean Shanahan)
12,38,Seanie Shaper (Sean Shanahan),Dylan (Réaltín's son),Directed,1,96,Exchange,Seanie Shaper (Sean Shanahan)
258,256,Group of women's children,"""group of women""",Directed,1,96,Knows,Seanie Shaper (Sean Shanahan)
258,257,Group of women's children,Group of women's husbands,Directed,1,96,Knows,Seanie Shaper (Sean Shanahan)
257,256,Group of women's husbands,"""group of women""",Directed,1,96,Knows,Seanie Shaper (Sean Shanahan)
257,258,Group of women's husbands,Group of women's children,Directed,1,96,Knows,Seanie Shaper (Sean Shanahan)
12,1,Seanie Shaper (Sean Shanahan),Bobby Mahon,Directed,1,96,Knows of,Seanie Shaper (Sean Shanahan)
12,20,Seanie Shaper (Sean Shanahan),Frank Mahon,Directed,1,96,Knows of,Seanie Shaper (Sean Shanahan)
5,12,Réaltín,Seanie Shaper (Sean Shanahan),Directed,1,96,Exchange,Seanie Shaper (Sean Shanahan)
12,258,Seanie Shaper (Sean Shanahan),Group of women's children,Directed,1,96,Knows of,Seanie Shaper (Sean Shanahan)
12,39,Seanie Shaper (Sean Shanahan),Tom (Réaltín's father),Directed,1,96,Exchange,Seanie Shaper (Sean Shanahan)
12,257,Seanie Shaper (Sean Shanahan),Group of women's husbands,Directed,1,96,Knows of,Seanie Shaper (Sean Shanahan)
12,256,Seanie Shaper (Sean Shanahan),"""group of women""",Directed,1,96,Exchange,Seanie Shaper (Sean Shanahan)
38,12,Dylan (Réaltín's son),Seanie Shaper (Sean Shanahan),Directed,1,96,Exchange,Seanie Shaper (Sean Shanahan)
1,5,Bobby Mahon,Réaltín,Directed,1,96,Knows,Seanie Shaper (Sean Shanahan)
12,5,Seanie Shaper (Sean Shanahan),Réaltín,Directed,1,96,Exchange,Seanie Shaper (Sean Shanahan)
1,20,Bobby Mahon,Frank Mahon,Directed,1,96,Knows,Seanie Shaper (Sean Shanahan)
5,1,Réaltín,Bobby Mahon,Directed,1,96,Knows,Seanie Shaper (Sean Shanahan)
256,258,"""group of women""",Group of women's children,Directed,1,96,Knows,Seanie Shaper (Sean Shanahan)
256,257,"""group of women""",Group of women's husbands,Directed,1,96,Knows,Seanie Shaper (Sean Shanahan)
256,12,"""group of women""",Seanie Shaper (Sean Shanahan),Directed,1,96,Exchange,Seanie Shaper (Sean Shanahan)
39,12,Tom (Réaltín's father),Seanie Shaper (Sean Shanahan),Directed,1,96,Exchange,Seanie Shaper (Sean Shanahan)
13,259,Kate,Kate's father,Directed,1,97,Exchange,Kate
259,13,Kate's father,Kate,Directed,1,97,Exchange,Kate
13,264,Kate,Kate's mother,Directed,1,98,Knows of,Kate
13,263,Kate,Kate's sister,Directed,1,98,Knows of,Kate
264,263,Kate's mother,Kate's sister,Directed,1,98,Knows,Kate
259,13,Kate's father,Kate,Directed,1,98,Exchange,Kate
13,261,Kate,Kate's workers,Directed,1,98,Exchange,Kate
13,262,Kate,Nuala,Directed,1,98,Exchange,Kate
262,261,Nuala,Kate's workers,Directed,1,98,Knows,Kate
13,260,Kate,Parents at Kate's crèche,Directed,1,98,Knows,Kate
262,263,Nuala,Kate's sister,Directed,1,98,Knows of,Kate
262,264,Nuala,Kate's mother,Directed,1,98,Knows of,Kate
13,8,Kate,Trevor,Directed,1,98,Exchange,Kate
13,259,Kate,Kate's father,Directed,1,98,Exchange,Kate
260,13,Parents at Kate's crèche,Kate,Directed,1,98,Knows,Kate
263,264,Kate's sister,Kate's mother,Directed,1,98,Knows,Kate
261,262,Kate's workers,Nuala,Directed,1,98,Knows,Kate
261,13,Kate's workers,Kate,Directed,1,98,Exchange,Kate
13,67,Kate,God,Directed,1,98,Knows,Kate
262,13,Nuala,Kate,Directed,1,98,Exchange,Kate
8,13,Trevor,Kate,Directed,1,98,Exchange,Kate
5,13,Réaltín,Kate,Directed,1,99,Exchange,Kate
17,13,Denis,Kate,Directed,1,99,Exchange,Kate
13,17,Kate,Denis,Directed,1,99,Exchange,Kate
38,5,Dylan (Réaltín's son),Réaltín,Directed,1,99,Knows,Kate
13,205,Kate,Trevor's father,Directed,1,99,Knows of,Kate
13,38,Kate,Dylan (Réaltín's son),Directed,1,99,Knows of,Kate
5,38,Réaltín,Dylan (Réaltín's son),Directed,1,99,Knows,Kate
8,13,Trevor,Kate,Directed,1,99,Exchange,Kate
17,205,Denis,Trevor's father,Directed,1,99,Knows,Kate
13,8,Kate,Trevor,Directed,1,99,Exchange,Kate
13,5,Kate,Réaltín,Directed,1,99,Exchange,Kate
205,17,Trevor's father,Denis,Directed,1,99,Knows,Kate
17,8,Denis,Trevor,Directed,1,99,Knows of,Kate
262,261,Nuala,Kate's workers,Directed,1,100,Knows,Kate
262,265,Nuala,"""a child""",Directed,1,100,Exchange,Kate
13,265,Kate,"""a child""",Directed,1,100,Knows of,Kate
13,262,Kate,Nuala,Directed,1,100,Exchange,Kate
13,266,Kate,Liz (Kate's Friend),Directed,1,100,Knows of,Kate
266,262,Liz (Kate's Friend),Nuala,Directed,1,100,Knows,Kate
17,13,Denis,Kate,Directed,1,100,Exchange,Kate
13,17,Kate,Denis,Directed,1,100,Exchange,Kate
265,262,"""a child""",Nuala,Directed,1,100,Exchange,Kate
261,13,Kate's workers,Kate,Directed,1,100,Knows,Kate
262,266,Nuala,Liz (Kate's Friend),Directed,1,100,Knows,Kate
13,261,Kate,Kate's workers,Directed,1,100,Knows,Kate
13,90,Kate,Jesus,Directed,1,100,Knows,Kate
262,13,Nuala,Kate,Directed,1,100,Exchange,Kate
13,67,Kate,God,Directed,1,100,Knows,Kate
261,262,Kate's workers,Nuala,Directed,1,100,Knows,Kate
17,13,Denis,Kate,Directed,1,101,Exchange,Kate
13,260,Kate,Parents at Kate's crèche,Directed,1,101,Knows,Kate
267,17,Denis's father,Denis,Directed,1,101,Knows,Kate
13,17,Kate,Denis,Directed,1,101,Exchange,Kate
261,13,Kate's workers,Kate,Directed,1,101,Knows,Kate
13,267,Kate,Denis's father,Directed,1,101,Knows of,Kate
262,13,Nuala,Kate,Directed,1,101,Exchange,Kate
262,17,Nuala,Denis,Directed,1,101,Knows,Kate
17,267,Denis,Denis's father,Directed,1,101,Knows,Kate
13,262,Kate,Nuala,Directed,1,101,Exchange,Kate
17,262,Denis,Nuala,Directed,1,101,Knows,Kate
262,261,Nuala,Kate's workers,Directed,1,101,Knows,Kate
13,261,Kate,Kate's workers,Directed,1,101,Knows,Kate
261,262,Kate's workers,Nuala,Directed,1,101,Knows,Kate
260,13,Parents at Kate's crèche,Kate,Directed,1,101,Knows,Kate
13,90,Kate,Jesus,Directed,1,101,Knows,Kate
17,13,Denis,Kate,Directed,1,102,Exchange,Kate
13,268,Kate,Tony Soprano,Directed,1,102,Knows of,Kate
13,262,Kate,Nuala,Directed,1,102,Knows of,Kate
13,17,Kate,Denis,Directed,1,102,Exchange,Kate
262,17,Nuala,Denis,Directed,1,102,Knows,Kate
17,268,Denis,Tony Soprano,Directed,1,102,Knows of,Kate
13,90,Kate,Jesus,Directed,1,102,Knows,Kate
17,262,Denis,Nuala,Directed,1,102,Knows,Kate
14,272,Lloyd,Ming's boys,Directed,1,103,Knows of,Lloyd
14,269,Lloyd,The Dryffids,Directed,1,103,Knows of,Lloyd
14,8,Lloyd,Trevor,Directed,1,103,Exchange,Lloyd
8,269,Trevor,The Dryffids,Directed,1,103,Knows,Lloyd
272,271,Ming's boys,Ming,Directed,1,103,Knows,Lloyd
269,8,The Dryffids,Trevor,Directed,1,103,Knows,Lloyd
269,270,The Dryffids,Dryffid's girls,Directed,1,103,Knows,Lloyd
270,8,Dryffid's girls,Trevor,Directed,1,103,Knows,Lloyd
270,269,Dryffid's girls,The Dryffids,Directed,1,103,Knows,Lloyd
272,8,Ming's boys,Trevor,Directed,1,103,Knows,Lloyd
8,270,Trevor,Dryffid's girls,Directed,1,103,Knows,Lloyd
8,38,Trevor,Dylan (Réaltín's son),Directed,1,103,Knows,Lloyd
8,272,Trevor,Ming's boys,Directed,1,103,Knows,Lloyd
8,14,Trevor,Lloyd,Directed,1,103,Exchange,Lloyd
14,67,Lloyd,God,Directed,1,103,Knows,Lloyd
8,271,Trevor,Ming,Directed,1,103,Knows,Lloyd
14,38,Lloyd,Dylan (Réaltín's son),Directed,1,103,Knows of,Lloyd
38,8,Dylan (Réaltín's son),Trevor,Directed,1,103,Knows,Lloyd
14,270,Lloyd,Dryffid's girls,Directed,1,103,Knows of,Lloyd
271,272,Ming,Ming's boys,Directed,1,103,Knows,Lloyd
14,271,Lloyd,Ming,Directed,1,103,Knows of,Lloyd
271,8,Ming,Trevor,Directed,1,103,Knows,Lloyd
14,274,Lloyd,Lloyd's father,Directed,1,104,Exchange,Lloyd
273,14,Lloyd's mother,Lloyd,Directed,1,104,Exchange,Lloyd
274,273,Lloyd's father,Lloyd's mother,Directed,1,104,Exchange,Lloyd
274,14,Lloyd's father,Lloyd,Directed,1,104,Exchange,Lloyd
273,274,Lloyd's mother,Lloyd's father,Directed,1,104,Exchange,Lloyd
14,273,Lloyd,Lloyd's mother,Directed,1,104,Exchange,Lloyd
38,14,Dylan (Réaltín's son),Lloyd,Directed,1,105,Exchange,Lloyd
276,274,Lloyd's half-brother,Lloyd's father,Directed,1,105,Knows,Lloyd
275,274,"""mental-case friend""",Lloyd's father,Directed,1,105,Knows,Lloyd
14,274,Lloyd,Lloyd's father,Directed,1,105,Knows of,Lloyd
14,276,Lloyd,Lloyd's half-brother,Directed,1,105,Knows of,Lloyd
14,38,Lloyd,Dylan (Réaltín's son),Directed,1,105,Exchange,Lloyd
14,275,Lloyd,"""mental-case friend""",Directed,1,105,Knows of,Lloyd
14,273,Lloyd,Lloyd's mother,Directed,1,105,Knows of,Lloyd
274,276,Lloyd's father,Lloyd's half-brother,Directed,1,105,Knows,Lloyd
277,274,Lloyd's father's mistress,Lloyd's father,Directed,1,105,Knows,Lloyd
277,276,Lloyd's father's mistress,Lloyd's half-brother,Directed,1,105,Knows,Lloyd
276,277,Lloyd's half-brother,Lloyd's father's mistress,Directed,1,105,Knows,Lloyd
273,275,Lloyd's mother,"""mental-case friend""",Directed,1,105,Exchange,Lloyd
274,277,Lloyd's father,Lloyd's father's mistress,Directed,1,105,Knows,Lloyd
14,277,Lloyd,Lloyd's father's mistress,Directed,1,105,Knows of,Lloyd
275,273,"""mental-case friend""",Lloyd's mother,Directed,1,105,Exchange,Lloyd
273,277,Lloyd's mother,Lloyd's father's mistress,Directed,1,105,Knows,Lloyd
275,276,"""mental-case friend""",Lloyd's half-brother,Directed,1,105,Knows of,Lloyd
275,277,"""mental-case friend""",Lloyd's father's mistress,Directed,1,105,Knows of,Lloyd
273,276,Lloyd's mother,Lloyd's half-brother,Directed,1,105,Knows of,Lloyd
14,38,Lloyd,Dylan (Réaltín's son),Directed,1,106,Knows,Lloyd
14,273,Lloyd,Lloyd's mother,Directed,1,106,Knows,Lloyd
38,8,Dylan (Réaltín's son),Trevor,Directed,1,106,Knows,Lloyd
14,8,Lloyd,Trevor,Directed,1,106,Exchange,Lloyd
273,14,Lloyd's mother,Lloyd,Directed,1,106,Knows,Lloyd
8,14,Trevor,Lloyd,Directed,1,106,Exchange,Lloyd
38,14,Dylan (Réaltín's son),Lloyd,Directed,1,106,Knows,Lloyd
8,38,Trevor,Dylan (Réaltín's son),Directed,1,106,Knows,Lloyd
14,38,Lloyd,Dylan (Réaltín's son),Directed,1,107,Exchange,Lloyd
38,14,Dylan (Réaltín's son),Lloyd,Directed,1,107,Exchange,Lloyd
278,279,Rory's Mother,Rory's Father,Directed,1,108,Exchange,Rory Slattery
279,67,Rory's Father,God,Directed,1,108,Knows,Rory Slattery
279,15,Rory's Father,Rory Slattery,Directed,1,108,Exchange,Rory Slattery
278,15,Rory's Mother,Rory Slattery,Directed,1,108,Exchange,Rory Slattery
15,278,Rory Slattery,Rory's Mother,Directed,1,108,Exchange,Rory Slattery
15,279,Rory Slattery,Rory's Father,Directed,1,108,Exchange,Rory Slattery
1,278,Bobby Mahon,Rory's Mother,Directed,1,108,Knows,Rory Slattery
1,279,Bobby Mahon,Rory's Father,Directed,1,108,Knows,Rory Slattery
1,15,Bobby Mahon,Rory Slattery,Directed,1,108,Exchange,Rory Slattery
67,278,God,Rory's Mother,Directed,1,108,Knows,Rory Slattery
279,1,Rory's Father,Bobby Mahon,Directed,1,108,Knows,Rory Slattery
278,1,Rory's Mother,Bobby Mahon,Directed,1,108,Knows,Rory Slattery
15,1,Rory Slattery,Bobby Mahon,Directed,1,108,Exchange,Rory Slattery
279,278,Rory's Father,Rory's Mother,Directed,1,108,Exchange,Rory Slattery
278,67,Rory's Mother,God,Directed,1,108,Knows,Rory Slattery
15,67,Rory Slattery,God,Directed,1,108,Knows,Rory Slattery
201,5,Dorothy,Réaltín,Directed,1,109,Knows,Rory Slattery
15,279,Rory Slattery,Rory's Father,Directed,1,109,Exchange,Rory Slattery
201,12,Dorothy,Seanie Shaper (Sean Shanahan),Directed,1,109,Knows,Rory Slattery
1,5,Bobby Mahon,Réaltín,Directed,1,109,Knows,Rory Slattery
1,12,Bobby Mahon,Seanie Shaper (Sean Shanahan),Directed,1,109,Knows,Rory Slattery
1,201,Bobby Mahon,Dorothy,Directed,1,109,Knows,Rory Slattery
5,21,Réaltín,Triona Cahill/Mahon,Directed,1,109,Knows of,Rory Slattery
21,5,Triona Cahill/Mahon,Réaltín,Directed,1,109,Knows of,Rory Slattery
20,19,Frank Mahon,Jim Gildea,Directed,1,109,Knows,Rory Slattery
201,1,Dorothy,Bobby Mahon,Directed,1,109,Knows,Rory Slattery
19,20,Jim Gildea,Frank Mahon,Directed,1,109,Knows,Rory Slattery
21,201,Triona Cahill/Mahon,Dorothy,Directed,1,109,Knows,Rory Slattery
19,1,Jim Gildea,Bobby Mahon,Directed,1,109,Exchange,Rory Slattery
21,1,Triona Cahill/Mahon,Bobby Mahon,Directed,1,109,Knows,Rory Slattery
1,20,Bobby Mahon,Frank Mahon,Directed,1,109,Knows,Rory Slattery
1,21,Bobby Mahon,Triona Cahill/Mahon,Directed,1,109,Knows,Rory Slattery
20,1,Frank Mahon,Bobby Mahon,Directed,1,109,Knows,Rory Slattery
15,1,Rory Slattery,Bobby Mahon,Directed,1,109,Knows of,Rory Slattery
12,1,Seanie Shaper (Sean Shanahan),Bobby Mahon,Directed,1,109,Knows,Rory Slattery
12,201,Seanie Shaper (Sean Shanahan),Dorothy,Directed,1,109,Knows,Rory Slattery
15,201,Rory Slattery,Dorothy,Directed,1,109,Knows,Rory Slattery
15,20,Rory Slattery,Frank Mahon,Directed,1,109,Knows of,Rory Slattery
1,19,Bobby Mahon,Jim Gildea,Directed,1,109,Exchange,Rory Slattery
15,67,Rory Slattery,God,Directed,1,109,Knows,Rory Slattery
1,279,Bobby Mahon,Rory's Father,Directed,1,109,Knows,Rory Slattery
1,278,Bobby Mahon,Rory's Mother,Directed,1,109,Knows,Rory Slattery
15,19,Rory Slattery,Jim Gildea,Directed,1,109,Knows of,Rory Slattery
15,280,Rory Slattery,Angelina Jolie,Directed,1,109,Knows of,Rory Slattery
15,278,Rory Slattery,Rory's Mother,Directed,1,109,Exchange,Rory Slattery
201,15,Dorothy,Rory Slattery,Directed,1,109,Knows,Rory Slattery
278,15,Rory's Mother,Rory Slattery,Directed,1,109,Exchange,Rory Slattery
279,278,Rory's Father,Rory's Mother,Directed,1,109,Exchange,Rory Slattery
5,1,Réaltín,Bobby Mahon,Directed,1,109,Knows,Rory Slattery
279,15,Rory's Father,Rory Slattery,Directed,1,109,Exchange,Rory Slattery
279,67,Rory's Father,God,Directed,1,109,Knows,Rory Slattery
279,1,Rory's Father,Bobby Mahon,Directed,1,109,Knows,Rory Slattery
201,21,Dorothy,Triona Cahill/Mahon,Directed,1,109,Knows,Rory Slattery
278,67,Rory's Mother,God,Directed,1,109,Knows,Rory Slattery
278,279,Rory's Mother,Rory's Father,Directed,1,109,Exchange,Rory Slattery
15,21,Rory Slattery,Triona Cahill/Mahon,Directed,1,109,Knows of,Rory Slattery
67,278,God,Rory's Mother,Directed,1,109,Knows,Rory Slattery
15,12,Rory Slattery,Seanie Shaper (Sean Shanahan),Directed,1,109,Knows of,Rory Slattery
5,201,Réaltín,Dorothy,Directed,1,109,Knows,Rory Slattery
15,5,Rory Slattery,Réaltín,Directed,1,109,Knows of,Rory Slattery
278,1,Rory's Mother,Bobby Mahon,Directed,1,109,Knows,Rory Slattery
1,22,Bobby Mahon,Pokey Burke,Directed,1,110,Knows,Rory Slattery
15,52,Rory Slattery,"""the boys"" (who worked for Pokey)",Directed,1,110,Knows of,Rory Slattery
1,52,Bobby Mahon,"""the boys"" (who worked for Pokey)",Directed,1,110,Exchange,Rory Slattery
278,15,Rory's Mother,Rory Slattery,Directed,1,110,Exchange,Rory Slattery
15,90,Rory Slattery,Jesus,Directed,1,110,Knows,Rory Slattery
15,22,Rory Slattery,Pokey Burke,Directed,1,110,Knows of,Rory Slattery
15,278,Rory Slattery,Rory's Mother,Directed,1,110,Exchange,Rory Slattery
15,279,Rory Slattery,Rory's Father,Directed,1,110,Exchange,Rory Slattery
52,1,"""the boys"" (who worked for Pokey)",Bobby Mahon,Directed,1,110,Exchange,Rory Slattery
279,15,Rory's Father,Rory Slattery,Directed,1,110,Exchange,Rory Slattery
22,1,Pokey Burke,Bobby Mahon,Directed,1,110,Knows,Rory Slattery
15,1,Rory Slattery,Bobby Mahon,Directed,1,110,Knows of,Rory Slattery
15,281,Rory Slattery,Holly,Directed,1,111,Exchange,Rory Slattery
281,15,Holly,Rory Slattery,Directed,1,111,Exchange,Rory Slattery
15,67,Rory Slattery,God,Directed,1,111,Knows,Rory Slattery
15,1,Rory Slattery,Bobby Mahon,Directed,1,111,Knows of,Rory Slattery
15,90,Rory Slattery,Jesus,Directed,1,111,Knows of,Rory Slattery
2,22,Josie Burke,Pokey Burke,Directed,1,111,Knows,Rory Slattery
22,1,Pokey Burke,Bobby Mahon,Directed,1,111,Knows,Rory Slattery
281,90,Holly,Jesus,Directed,1,111,Knows,Rory Slattery
1,22,Bobby Mahon,Pokey Burke,Directed,1,111,Knows,Rory Slattery
15,22,Rory Slattery,Pokey Burke,Directed,1,111,Knows of,Rory Slattery
15,20,Rory Slattery,Frank Mahon,Directed,1,111,Knows of,Rory Slattery
22,2,Pokey Burke,Josie Burke,Directed,1,111,Knows,Rory Slattery
281,282,Holly,The Pixies,Directed,1,111,Knows,Rory Slattery
15,2,Rory Slattery,Josie Burke,Directed,1,111,Knows of,Rory Slattery
281,283,Holly,Black Francis,Directed,1,111,Knows,Rory Slattery
15,282,Rory Slattery,The Pixies,Directed,1,111,Knows of,Rory Slattery
15,283,Rory Slattery,Black Francis,Directed,1,111,Knows of,Rory Slattery
1,20,Bobby Mahon,Frank Mahon,Directed,1,111,Knows,Rory Slattery
20,1,Frank Mahon,Bobby Mahon,Directed,1,111,Knows,Rory Slattery
1,15,Bobby Mahon,Rory Slattery,Directed,1,112,Knows,Rory Slattery
285,281,Holly's hypothetical friends,Holly,Directed,1,112,Knows,Rory Slattery
284,15,Rory's friends,Rory Slattery,Directed,1,112,Knows,Rory Slattery
15,281,Rory Slattery,Holly,Directed,1,112,Exchange,Rory Slattery
281,15,Holly,Rory Slattery,Directed,1,112,Exchange,Rory Slattery
15,285,Rory Slattery,Holly's hypothetical friends,Directed,1,112,Knows of,Rory Slattery
15,90,Rory Slattery,Jesus,Directed,1,112,Knows of,Rory Slattery
90,85,Jesus,John Cotter,Directed,1,112,Knows,Rory Slattery
22,15,Pokey Burke,Rory Slattery,Directed,1,112,Knows,Rory Slattery
15,85,Rory Slattery,John Cotter,Directed,1,112,Exchange,Rory Slattery
281,285,Holly,Holly's hypothetical friends,Directed,1,112,Knows,Rory Slattery
85,15,John Cotter,Rory Slattery,Directed,1,112,Exchange,Rory Slattery
85,90,John Cotter,Jesus,Directed,1,112,Knows,Rory Slattery
279,15,Rory's Father,Rory Slattery,Directed,1,112,Knows,Rory Slattery
15,22,Rory Slattery,Pokey Burke,Directed,1,112,Knows,Rory Slattery
15,279,Rory Slattery,Rory's Father,Directed,1,112,Knows,Rory Slattery
15,284,Rory Slattery,Rory's friends,Directed,1,112,Knows,Rory Slattery
15,1,Rory Slattery,Bobby Mahon,Directed,1,112,Knows,Rory Slattery
281,15,Holly,Rory Slattery,Directed,1,113,Knows,Rory Slattery
281,282,Holly,The Pixies,Directed,1,113,Knows,Rory Slattery
15,286,Rory Slattery,Pearl Jam,Directed,1,113,Knows,Rory Slattery
15,281,Rory Slattery,Holly,Directed,1,113,Knows,Rory Slattery
279,278,Rory's Father,Rory's Mother,Directed,1,113,Knows,Rory Slattery
15,278,Rory Slattery,Rory's Mother,Directed,1,113,Knows,Rory Slattery
279,15,Rory's Father,Rory Slattery,Directed,1,113,Knows,Rory Slattery
278,279,Rory's Mother,Rory's Father,Directed,1,113,Knows,Rory Slattery
15,282,Rory Slattery,The Pixies,Directed,1,113,Knows of,Rory Slattery
15,279,Rory Slattery,Rory's Father,Directed,1,113,Knows,Rory Slattery
278,15,Rory's Mother,Rory Slattery,Directed,1,113,Knows,Rory Slattery
16,102,Millicent,Hughie,Directed,1,114,Exchange,Millicent
102,16,Hughie,Millicent,Directed,1,114,Exchange,Millicent
102,103,Hughie,Hughie's wife,Directed,1,114,Exchange,Millicent
103,16,Hughie's wife,Millicent,Directed,1,114,Exchange,Millicent
103,102,Hughie's wife,Hughie,Directed,1,114,Exchange,Millicent
16,103,Millicent,Hughie's wife,Directed,1,114,Exchange,Millicent
20,103,Frank Mahon,Hughie's wife,Directed,1,115,Knows,Millicent
20,102,Frank Mahon,Hughie,Directed,1,115,Exchange,Millicent
289,102,"""People who give out the dole""",Hughie,Directed,1,115,Knows,Millicent
103,16,Hughie's wife,Millicent,Directed,1,115,Exchange,Millicent
16,289,Millicent,"""People who give out the dole""",Directed,1,115,Knows of,Millicent
102,289,Hughie,"""People who give out the dole""",Directed,1,115,Knows,Millicent
102,16,Hughie,Millicent,Directed,1,115,Exchange,Millicent
103,102,Hughie's wife,Hughie,Directed,1,115,Exchange,Millicent
103,20,Hughie's wife,Frank Mahon,Directed,1,115,Knows,Millicent
102,20,Hughie,Frank Mahon,Directed,1,115,Exchange,Millicent
16,103,Millicent,Hughie's wife,Directed,1,115,Exchange,Millicent
16,102,Millicent,Hughie,Directed,1,115,Exchange,Millicent
16,20,Millicent,Frank Mahon,Directed,1,115,Knows of,Millicent
102,103,Hughie,Hughie's wife,Directed,1,115,Exchange,Millicent
292,103,"""Little bitches at work""",Hughie's wife,Directed,1,116,Knows,Millicent
16,292,Millicent,"""Little bitches at work""",Directed,1,116,Knows of,Millicent
290,102,Assumpta Gill,Hughie,Directed,1,116,Knows,Millicent
16,291,Millicent,"""other fellas driving their cars""",Directed,1,116,Exchange,Millicent
292,290,"""Little bitches at work""",Assumpta Gill,Directed,1,116,Knows,Millicent
291,16,"""other fellas driving their cars""",Millicent,Directed,1,116,Exchange,Millicent
16,290,Millicent,Assumpta Gill,Directed,1,116,Knows of,Millicent
290,292,Assumpta Gill,"""Little bitches at work""",Directed,1,116,Knows,Millicent
290,103,Assumpta Gill,Hughie's wife,Directed,1,116,Exchange,Millicent
103,102,Hughie's wife,Hughie,Directed,1,116,Exchange,Millicent
16,102,Millicent,Hughie,Directed,1,116,Exchange,Millicent
102,103,Hughie,Hughie's wife,Directed,1,116,Exchange,Millicent
102,290,Hughie,Assumpta Gill,Directed,1,116,Knows,Millicent
103,16,Hughie's wife,Millicent,Directed,1,116,Exchange,Millicent
103,292,Hughie's wife,"""Little bitches at work""",Directed,1,116,Knows,Millicent
103,290,Hughie's wife,Assumpta Gill,Directed,1,116,Exchange,Millicent
102,16,Hughie,Millicent,Directed,1,116,Exchange,Millicent
16,103,Millicent,Hughie's wife,Directed,1,116,Exchange,Millicent
290,38,Assumpta Gill,Dylan (Réaltín's son),Directed,1,117,Knows,Millicent
293,103,Hughie's Wife's Friend,Hughie's wife,Directed,1,117,Exchange,Millicent
103,290,Hughie's wife,Assumpta Gill,Directed,1,117,Exchange,Millicent
102,14,Hughie,Lloyd,Directed,1,117,Knows of,Millicent
103,102,Hughie's wife,Hughie,Directed,1,117,Exchange,Millicent
103,293,Hughie's wife,Hughie's Wife's Friend,Directed,1,117,Exchange,Millicent
38,5,Dylan (Réaltín's son),Réaltín,Directed,1,117,Knows,Millicent
103,90,Hughie's wife,Jesus,Directed,1,117,Knows,Millicent
103,14,Hughie's wife,Lloyd,Directed,1,117,Knows of,Millicent
90,103,Jesus,Hughie's wife,Directed,1,117,Knows,Millicent
102,103,Hughie,Hughie's wife,Directed,1,117,Exchange,Millicent
103,38,Hughie's wife,Dylan (Réaltín's son),Directed,1,117,Knows of,Millicent
103,16,Hughie's wife,Millicent,Directed,1,117,Exchange,Millicent
5,38,Réaltín,Dylan (Réaltín's son),Directed,1,117,Knows,Millicent
16,290,Millicent,Assumpta Gill,Directed,1,117,Knows of,Millicent
16,38,Millicent,Dylan (Réaltín's son),Directed,1,117,Knows of,Millicent
14,38,Lloyd,Dylan (Réaltín's son),Directed,1,117,Knows,Millicent
16,102,Millicent,Hughie,Directed,1,117,Knows of,Millicent
38,103,Dylan (Réaltín's son),Hughie's wife,Directed,1,117,Knows of,Millicent
16,103,Millicent,Hughie's wife,Directed,1,117,Exchange,Millicent
16,14,Millicent,Lloyd,Directed,1,117,Knows of,Millicent
16,5,Millicent,Réaltín,Directed,1,117,Knows of,Millicent
290,14,Assumpta Gill,Lloyd,Directed,1,117,Knows of,Millicent
16,90,Millicent,Jesus,Directed,1,117,Knows of,Millicent
16,293,Millicent,Hughie's Wife's Friend,Directed,1,117,Knows of,Millicent
290,103,Assumpta Gill,Hughie's wife,Directed,1,117,Exchange,Millicent
38,290,Dylan (Réaltín's son),Assumpta Gill,Directed,1,117,Knows,Millicent
38,14,Dylan (Réaltín's son),Lloyd,Directed,1,117,Knows,Millicent
102,103,Hughie,Hughie's wife,Directed,1,118,Exchange,Millicent
102,294,Hughie,"""pricks, bollockses, and stupid fuckers""",Directed,1,118,Exchange,Millicent
102,14,Hughie,Lloyd,Directed,1,118,Knows of,Millicent
16,67,Millicent,God,Directed,1,118,Knows of,Millicent
16,38,Millicent,Dylan (Réaltín's son),Directed,1,118,Knows of,Millicent
103,14,Hughie's wife,Lloyd,Directed,1,118,Knows of,Millicent
16,290,Millicent,Assumpta Gill,Directed,1,118,Knows of,Millicent
16,102,Millicent,Hughie,Directed,1,118,Exchange,Millicent
16,14,Millicent,Lloyd,Directed,1,118,Knows of,Millicent
294,102,"""pricks, bollockses, and stupid fuckers""",Hughie,Directed,1,118,Exchange,Millicent
290,67,Assumpta Gill,God,Directed,1,118,Knows,Millicent
290,38,Assumpta Gill,Dylan (Réaltín's son),Directed,1,118,Knows,Millicent
38,290,Dylan (Réaltín's son),Assumpta Gill,Directed,1,118,Knows,Millicent
67,290,God,Assumpta Gill,Directed,1,118,Knows,Millicent
290,14,Assumpta Gill,Lloyd,Directed,1,118,Knows of,Millicent
103,38,Hughie's wife,Dylan (Réaltín's son),Directed,1,118,Knows of,Millicent
38,103,Dylan (Réaltín's son),Hughie's wife,Directed,1,118,Knows of,Millicent
16,103,Millicent,Hughie's wife,Directed,1,118,Knows of,Millicent
102,16,Hughie,Millicent,Directed,1,118,Exchange,Millicent
16,294,Millicent,"""pricks, bollockses, and stupid fuckers""",Directed,1,118,Knows of,Millicent
103,102,Hughie's wife,Hughie,Directed,1,118,Exchange,Millicent
102,14,Hughie,Lloyd,Directed,1,119,Knows of,Millicent
16,297,Millicent,Millicent's other Nana (her mom's mom),Directed,1,119,Knows,Millicent
103,14,Hughie's wife,Lloyd,Directed,1,119,Knows of,Millicent
16,14,Millicent,Lloyd,Directed,1,119,Knows of,Millicent
103,290,Hughie's wife,Assumpta Gill,Directed,1,119,Knows,Millicent
297,16,Millicent's other Nana (her mom's mom),Millicent,Directed,1,119,Knows,Millicent
16,103,Millicent,Hughie's wife,Directed,1,119,Knows of,Millicent
102,296,Hughie,Hughie's Mother,Directed,1,119,Knows,Millicent
103,102,Hughie's wife,Hughie,Directed,1,119,Exchange,Millicent
296,103,Hughie's Mother,Hughie's wife,Directed,1,119,Knows,Millicent
296,102,Hughie's Mother,Hughie,Directed,1,119,Knows,Millicent
103,296,Hughie's wife,Hughie's Mother,Directed,1,119,Knows,Millicent
102,103,Hughie,Hughie's wife,Directed,1,119,Exchange,Millicent
294,102,"""pricks, bollockses, and stupid fuckers""",Hughie,Directed,1,119,Exchange,Millicent
102,290,Hughie,Assumpta Gill,Directed,1,119,Knows of,Millicent
16,294,Millicent,"""pricks, bollockses, and stupid fuckers""",Directed,1,119,Knows of,Millicent
67,16,God,Millicent,Directed,1,119,Exchange,Millicent
16,67,Millicent,God,Directed,1,119,Exchange,Millicent
16,102,Millicent,Hughie,Directed,1,119,Knows of,Millicent
16,290,Millicent,Assumpta Gill,Directed,1,119,Knows of,Millicent
102,294,Hughie,"""pricks, bollockses, and stupid fuckers""",Directed,1,119,Exchange,Millicent
290,103,Assumpta Gill,Hughie's wife,Directed,1,119,Knows,Millicent
16,296,Millicent,Hughie's Mother,Directed,1,119,Knows of,Millicent
13,299,Kate,the sheriff,Directed,1,120,Knows,Denis
17,299,Denis,the sheriff,Directed,1,120,Knows of,Denis
17,38,Denis,Dylan (Réaltín's son),Directed,1,120,Knows of,Denis
17,298,Denis,"""lads in films""",Directed,1,120,Knows of,Denis
17,67,Denis,God,Directed,1,120,Knows of,Denis
17,90,Denis,Jesus,Directed,1,120,Knows of,Denis
13,17,Kate,Denis,Directed,1,120,Exchange,Denis
13,67,Kate,God,Directed,1,120,Knows,Denis
13,90,Kate,Jesus,Directed,1,120,Knows,Denis
17,13,Denis,Kate,Directed,1,120,Exchange,Denis
22,17,Pokey Burke,Denis,Directed,1,121,Knows,Denis
65,17,taxman,Denis,Directed,1,121,Exchange,Denis
17,306,Denis,Fat arsehole in Galway,Directed,1,121,Knows of,Denis
306,17,Fat arsehole in Galway,Denis,Directed,1,121,Knows of,Denis
17,300,Denis,Conleth Barry,Directed,1,121,Knows,Denis
17,20,Denis,Frank Mahon,Directed,1,121,Exchange,Denis
307,306,"""little blondie wan""",Fat arsehole in Galway,Directed,1,121,Knows,Denis
306,307,Fat arsehole in Galway,"""little blondie wan""",Directed,1,121,Knows,Denis
17,304,Denis,fella from Limerick's wife,Directed,1,121,Knows of,Denis
307,17,"""little blondie wan""",Denis,Directed,1,121,Exchange,Denis
17,303,Denis,fella from Limerick,Directed,1,121,Knows of,Denis
304,303,fella from Limerick's wife,fella from Limerick,Directed,1,121,Knows,Denis
302,17,the lads,Denis,Directed,1,121,Exchange,Denis
17,305,Denis,"""gimpy lad in Lackagh""",Directed,1,121,Exchange,Denis
20,17,Frank Mahon,Denis,Directed,1,121,Exchange,Denis
17,302,Denis,the lads,Directed,1,121,Exchange,Denis
17,307,Denis,"""little blondie wan""",Directed,1,121,Exchange,Denis
303,304,fella from Limerick,fella from Limerick's wife,Directed,1,121,Knows,Denis
17,301,Denis,"""four or five more bollockses""",Directed,1,121,Knows,Denis
301,17,"""four or five more bollockses""",Denis,Directed,1,121,Knows,Denis
305,17,"""gimpy lad in Lackagh""",Denis,Directed,1,121,Exchange,Denis
300,17,Conleth Barry,Denis,Directed,1,121,Knows,Denis
17,22,Denis,Pokey Burke,Directed,1,121,Knows,Denis
17,65,Denis,taxman,Directed,1,121,Exchange,Denis
15,1,Rory Slattery,Bobby Mahon,Directed,1,122,Knows,Denis
22,17,Pokey Burke,Denis,Directed,1,122,Knows,Denis
17,309,Denis,Whingers on Joe Duffy,Directed,1,122,Knows of,Denis
17,306,Denis,Fat arsehole in Galway,Directed,1,122,Knows of,Denis
6,1,Timmy Hanrahan,Bobby Mahon,Directed,1,122,Knows,Denis
1,4,Bobby Mahon,Vasya Afanasiev,Directed,1,122,Knows,Denis
17,13,Denis,Kate,Directed,1,122,Exchange,Denis
1,15,Bobby Mahon,Rory Slattery,Directed,1,122,Knows,Denis
309,308,Whingers on Joe Duffy,Joe Duffy,Directed,1,122,Exchange,Denis
17,4,Denis,Vasya Afanasiev,Directed,1,122,Knows of,Denis
4,1,Vasya Afanasiev,Bobby Mahon,Directed,1,122,Knows,Denis
17,6,Denis,Timmy Hanrahan,Directed,1,122,Knows of,Denis
308,309,Joe Duffy,Whingers on Joe Duffy,Directed,1,122,Exchange,Denis
17,308,Denis,Joe Duffy,Directed,1,122,Knows of,Denis
17,15,Denis,Rory Slattery,Directed,1,122,Knows of,Denis
1,17,Bobby Mahon,Denis,Directed,1,122,Knows,Denis
17,22,Denis,Pokey Burke,Directed,1,122,Knows,Denis
1,6,Bobby Mahon,Timmy Hanrahan,Directed,1,122,Knows,Denis
17,1,Denis,Bobby Mahon,Directed,1,122,Knows,Denis
13,17,Kate,Denis,Directed,1,122,Exchange,Denis
306,17,Fat arsehole in Galway,Denis,Directed,1,122,Knows of,Denis
22,1,Pokey Burke,Bobby Mahon,Directed,1,123,Knows,Denis
38,1,Dylan (Réaltín's son),Bobby Mahon,Directed,1,123,Knows,Denis
17,1,Denis,Bobby Mahon,Directed,1,123,Knows,Denis
17,311,Denis,Andy (Denis's Friend),Directed,1,123,Exchange,Denis
17,310,Denis,"""one of Denis' lads""",Directed,1,123,Exchange,Denis
5,1,Réaltín,Bobby Mahon,Directed,1,123,Knows,Denis
5,38,Réaltín,Dylan (Réaltín's son),Directed,1,123,Knows,Denis
17,38,Denis,Dylan (Réaltín's son),Directed,1,123,Knows of,Denis
1,5,Bobby Mahon,Réaltín,Directed,1,123,Knows,Denis
1,22,Bobby Mahon,Pokey Burke,Directed,1,123,Knows,Denis
38,5,Dylan (Réaltín's son),Réaltín,Directed,1,123,Knows,Denis
20,1,Frank Mahon,Bobby Mahon,Directed,1,123,Knows,Denis
17,22,Denis,Pokey Burke,Directed,1,123,Knows of,Denis
17,5,Denis,Réaltín,Directed,1,123,Knows of,Denis
1,20,Bobby Mahon,Frank Mahon,Directed,1,123,Knows,Denis
1,38,Bobby Mahon,Dylan (Réaltín's son),Directed,1,123,Knows,Denis
1,17,Bobby Mahon,Denis,Directed,1,123,Knows,Denis
1,311,Bobby Mahon,Andy (Denis's Friend),Directed,1,123,Knows,Denis
17,20,Denis,Frank Mahon,Directed,1,123,Knows of,Denis
311,1,Andy (Denis's Friend),Bobby Mahon,Directed,1,123,Knows,Denis
311,17,Andy (Denis's Friend),Denis,Directed,1,123,Exchange,Denis
310,17,"""one of Denis' lads""",Denis,Directed,1,123,Exchange,Denis
311,20,Andy (Denis's Friend),Frank Mahon,Directed,1,123,Knows,Denis
17,267,Denis,Denis's father,Directed,1,124,Knows,Denis
17,1,Denis,Bobby Mahon,Directed,1,124,Knows of,Denis
17,312,Denis,Roscrea (football team),Directed,1,124,Knows of,Denis
20,17,Frank Mahon,Denis,Directed,1,124,Exchange,Denis
17,20,Denis,Frank Mahon,Directed,1,124,Exchange,Denis
20,1,Frank Mahon,Bobby Mahon,Directed,1,124,Knows,Denis
1,20,Bobby Mahon,Frank Mahon,Directed,1,124,Knows,Denis
267,17,Denis's father,Denis,Directed,1,124,Knows,Denis
267,312,Denis's father,Roscrea (football team),Directed,1,124,Knows,Denis
267,17,Denis's father,Denis,Directed,1,125,Knows,Denis
17,267,Denis,Denis's father,Directed,1,125,Knows,Denis
17,20,Denis,Frank Mahon,Directed,1,125,Exchange,Denis
20,17,Frank Mahon,Denis,Directed,1,125,Exchange,Denis
18,2,Mags Burke,Josie Burke,Directed,1,126,Exchange,Mags Burke
2,18,Josie Burke,Mags Burke,Directed,1,126,Exchange,Mags Burke
2,91,Josie Burke,Eamonn's daughter,Directed,1,127,Exchange,Mags Burke
38,5,Dylan (Réaltín's son),Réaltín,Directed,1,127,Knows,Mags Burke
2,314,Josie Burke,Eamonn's son,Directed,1,127,Exchange,Mags Burke
2,48,Josie Burke,Eileen Burke,Directed,1,127,Knows,Mags Burke
317,316,"""four or five qualified childminders""",children from the Montessori school,Directed,1,127,Knows,Mags Burke
315,18,the guards,Mags Burke,Directed,1,127,Knows,Mags Burke
2,313,Josie Burke,Henrietta (the chicken),Directed,1,127,Knows,Mags Burke
22,48,Pokey Burke,Eileen Burke,Directed,1,127,Knows,Mags Burke
8,38,Trevor,Dylan (Réaltín's son),Directed,1,127,Knows,Mags Burke
48,20,Eileen Burke,Frank Mahon,Directed,1,127,Knows,Mags Burke
8,316,Trevor,children from the Montessori school,Directed,1,127,Knows,Mags Burke
5,38,Réaltín,Dylan (Réaltín's son),Directed,1,127,Knows,Mags Burke
313,2,Henrietta (the chicken),Josie Burke,Directed,1,127,Knows,Mags Burke
2,49,Josie Burke,Eamonn Burke,Directed,1,127,Exchange,Mags Burke
2,38,Josie Burke,Dylan (Réaltín's son),Directed,1,127,Knows,Mags Burke
90,18,Jesus,Mags Burke,Directed,1,127,Knows,Mags Burke
316,8,children from the Montessori school,Trevor,Directed,1,127,Knows,Mags Burke
316,38,children from the Montessori school,Dylan (Réaltín's son),Directed,1,127,Knows,Mags Burke
318,18,Ger,Mags Burke,Directed,1,127,Knows,Mags Burke
20,48,Frank Mahon,Eileen Burke,Directed,1,127,Knows,Mags Burke
317,38,"""four or five qualified childminders""",Dylan (Réaltín's son),Directed,1,127,Knows,Mags Burke
317,8,"""four or five qualified childminders""",Trevor,Directed,1,127,Knows,Mags Burke
5,22,Réaltín,Pokey Burke,Directed,1,127,Knows of,Mags Burke
22,2,Pokey Burke,Josie Burke,Directed,1,127,Knows,Mags Burke
1,48,Bobby Mahon,Eileen Burke,Directed,1,127,Knows,Mags Burke
38,14,Dylan (Réaltín's son),Lloyd,Directed,1,127,Knows,Mags Burke
316,317,children from the Montessori school,"""four or five qualified childminders""",Directed,1,127,Knows,Mags Burke
48,38,Eileen Burke,Dylan (Réaltín's son),Directed,1,127,Knows,Mags Burke
38,316,Dylan (Réaltín's son),children from the Montessori school,Directed,1,127,Knows,Mags Burke
18,313,Mags Burke,Henrietta (the chicken),Directed,1,127,Knows of,Mags Burke
18,318,Mags Burke,Ger,Directed,1,127,Knows,Mags Burke
18,20,Mags Burke,Frank Mahon,Directed,1,127,Knows of,Mags Burke
18,48,Mags Burke,Eileen Burke,Directed,1,127,Exchange,Mags Burke
18,314,Mags Burke,Eamonn's son,Directed,1,127,Knows of,Mags Burke
18,91,Mags Burke,Eamonn's daughter,Directed,1,127,Knows of,Mags Burke
18,49,Mags Burke,Eamonn Burke,Directed,1,127,Knows of,Mags Burke
18,38,Mags Burke,Dylan (Réaltín's son),Directed,1,127,Knows of,Mags Burke
18,1,Mags Burke,Bobby Mahon,Directed,1,127,Knows of,Mags Burke
18,317,Mags Burke,"""four or five qualified childminders""",Directed,1,127,Knows of,Mags Burke
1,20,Bobby Mahon,Frank Mahon,Directed,1,127,Knows,Mags Burke
14,38,Lloyd,Dylan (Réaltín's son),Directed,1,127,Knows,Mags Burke
48,5,Eileen Burke,Réaltín,Directed,1,127,Knows,Mags Burke
48,22,Eileen Burke,Pokey Burke,Directed,1,127,Knows,Mags Burke
48,18,Eileen Burke,Mags Burke,Directed,1,127,Exchange,Mags Burke
48,2,Eileen Burke,Josie Burke,Directed,1,127,Knows,Mags Burke
91,2,Eamonn's daughter,Josie Burke,Directed,1,127,Exchange,Mags Burke
314,2,Eamonn's son,Josie Burke,Directed,1,127,Exchange,Mags Burke
48,1,Eileen Burke,Bobby Mahon,Directed,1,127,Knows,Mags Burke
38,8,Dylan (Réaltín's son),Trevor,Directed,1,127,Knows,Mags Burke
18,90,Mags Burke,Jesus,Directed,1,127,Knows,Mags Burke
20,1,Frank Mahon,Bobby Mahon,Directed,1,127,Knows,Mags Burke
49,2,Eamonn Burke,Josie Burke,Directed,1,127,Exchange,Mags Burke
18,315,Mags Burke,the guards,Directed,1,127,Knows,Mags Burke
18,316,Mags Burke,children from the Montessori school,Directed,1,127,Knows of,Mags Burke
18,8,Mags Burke,Trevor,Directed,1,127,Knows of,Mags Burke
18,5,Mags Burke,Réaltín,Directed,1,127,Knows of,Mags Burke
18,22,Mags Burke,Pokey Burke,Directed,1,127,Knows of,Mags Burke
18,2,Mags Burke,Josie Burke,Directed,1,127,Knows of,Mags Burke
2,22,Josie Burke,Pokey Burke,Directed,1,127,Knows,Mags Burke
38,317,Dylan (Réaltín's son),"""four or five qualified childminders""",Directed,1,127,Knows,Mags Burke
2,5,Josie Burke,Réaltín,Directed,1,127,Knows,Mags Burke
18,14,Mags Burke,Lloyd,Directed,1,127,Knows of,Mags Burke
8,317,Trevor,"""four or five qualified childminders""",Directed,1,127,Knows,Mags Burke
88,320,Yvonne Burke,Doctor Roche,Directed,1,128,Exchange,Mags Burke
323,48,The Crawfords,Eileen Burke,Directed,1,128,Exchange,Mags Burke
323,322,The Crawfords,Pat Hourigan,Directed,1,128,Exchange,Mags Burke
323,201,The Crawfords,Dorothy,Directed,1,128,Exchange,Mags Burke
323,49,The Crawfords,Eamonn Burke,Directed,1,128,Exchange,Mags Burke
323,320,The Crawfords,Doctor Roche,Directed,1,128,Exchange,Mags Burke
88,49,Yvonne Burke,Eamonn Burke,Directed,1,128,Exchange,Mags Burke
323,2,The Crawfords,Josie Burke,Directed,1,128,Exchange,Mags Burke
88,323,Yvonne Burke,The Crawfords,Directed,1,128,Exchange,Mags Burke
88,22,Yvonne Burke,Pokey Burke,Directed,1,128,Exchange,Mags Burke
88,322,Yvonne Burke,Pat Hourigan,Directed,1,128,Exchange,Mags Burke
88,325,Yvonne Burke,Mags' Uncle Dicky,Directed,1,128,Exchange,Mags Burke
88,326,Yvonne Burke,Mags' Cousin Richard,Directed,1,128,Exchange,Mags Burke
323,325,The Crawfords,Mags' Uncle Dicky,Directed,1,128,Exchange,Mags Burke
88,201,Yvonne Burke,Dorothy,Directed,1,128,Exchange,Mags Burke
88,321,Yvonne Burke,Kathleen Roche,Directed,1,128,Exchange,Mags Burke
323,22,The Crawfords,Pokey Burke,Directed,1,128,Exchange,Mags Burke
323,88,The Crawfords,Yvonne Burke,Directed,1,128,Exchange,Mags Burke
88,48,Yvonne Burke,Eileen Burke,Directed,1,128,Exchange,Mags Burke
323,326,The Crawfords,Mags' Cousin Richard,Directed,1,128,Exchange,Mags Burke
323,324,The Crawfords,Mags' Auntie Pam,Directed,1,128,Exchange,Mags Burke
323,321,The Crawfords,Kathleen Roche,Directed,1,128,Exchange,Mags Burke
88,2,Yvonne Burke,Josie Burke,Directed,1,128,Exchange,Mags Burke
88,324,Yvonne Burke,Mags' Auntie Pam,Directed,1,128,Exchange,Mags Burke
22,48,Pokey Burke,Eileen Burke,Directed,1,128,Knows,Mags Burke
326,48,Mags' Cousin Richard,Eileen Burke,Directed,1,128,Exchange,Mags Burke
324,2,Mags' Auntie Pam,Josie Burke,Directed,1,128,Exchange,Mags Burke
49,88,Eamonn Burke,Yvonne Burke,Directed,1,128,Exchange,Mags Burke
325,88,Mags' Uncle Dicky,Yvonne Burke,Directed,1,128,Exchange,Mags Burke
49,323,Eamonn Burke,The Crawfords,Directed,1,128,Exchange,Mags Burke
49,22,Eamonn Burke,Pokey Burke,Directed,1,128,Exchange,Mags Burke
324,48,Mags' Auntie Pam,Eileen Burke,Directed,1,128,Exchange,Mags Burke
49,322,Eamonn Burke,Pat Hourigan,Directed,1,128,Exchange,Mags Burke
49,201,Eamonn Burke,Dorothy,Directed,1,128,Exchange,Mags Burke
49,325,Eamonn Burke,Mags' Uncle Dicky,Directed,1,128,Exchange,Mags Burke
49,326,Eamonn Burke,Mags' Cousin Richard,Directed,1,128,Exchange,Mags Burke
49,320,Eamonn Burke,Doctor Roche,Directed,1,128,Exchange,Mags Burke
49,324,Eamonn Burke,Mags' Auntie Pam,Directed,1,128,Exchange,Mags Burke
201,49,Dorothy,Eamonn Burke,Directed,1,128,Exchange,Mags Burke
326,2,Mags' Cousin Richard,Josie Burke,Directed,1,128,Exchange,Mags Burke
201,48,Dorothy,Eileen Burke,Directed,1,128,Exchange,Mags Burke
48,320,Eileen Burke,Doctor Roche,Directed,1,128,Exchange,Mags Burke
48,201,Eileen Burke,Dorothy,Directed,1,128,Exchange,Mags Burke
325,323,Mags' Uncle Dicky,The Crawfords,Directed,1,128,Exchange,Mags Burke
48,49,Eileen Burke,Eamonn Burke,Directed,1,128,Exchange,Mags Burke
320,22,Doctor Roche,Pokey Burke,Directed,1,128,Exchange,Mags Burke
48,22,Eileen Burke,Pokey Burke,Directed,1,128,Knows,Mags Burke
325,326,Mags' Uncle Dicky,Mags' Cousin Richard,Directed,1,128,Exchange,Mags Burke
320,323,Doctor Roche,The Crawfords,Directed,1,128,Exchange,Mags Burke
48,322,Eileen Burke,Pat Hourigan,Directed,1,128,Exchange,Mags Burke
48,325,Eileen Burke,Mags' Uncle Dicky,Directed,1,128,Exchange,Mags Burke
201,320,Dorothy,Doctor Roche,Directed,1,128,Exchange,Mags Burke
49,321,Eamonn Burke,Kathleen Roche,Directed,1,128,Exchange,Mags Burke
48,326,Eileen Burke,Mags' Cousin Richard,Directed,1,128,Exchange,Mags Burke
48,324,Eileen Burke,Mags' Auntie Pam,Directed,1,128,Exchange,Mags Burke
325,322,Mags' Uncle Dicky,Pat Hourigan,Directed,1,128,Exchange,Mags Burke
48,321,Eileen Burke,Kathleen Roche,Directed,1,128,Exchange,Mags Burke
48,2,Eileen Burke,Josie Burke,Directed,1,128,Knows,Mags Burke
325,22,Mags' Uncle Dicky,Pokey Burke,Directed,1,128,Exchange,Mags Burke
48,318,Eileen Burke,Ger,Directed,1,128,Exchange,Mags Burke
324,321,Mags' Auntie Pam,Kathleen Roche,Directed,1,128,Exchange,Mags Burke
324,326,Mags' Auntie Pam,Mags' Cousin Richard,Directed,1,128,Exchange,Mags Burke
201,2,Dorothy,Josie Burke,Directed,1,128,Exchange,Mags Burke
18,320,Mags Burke,Doctor Roche,Directed,1,128,Knows of,Mags Burke
201,321,Dorothy,Kathleen Roche,Directed,1,128,Exchange,Mags Burke
18,323,Mags Burke,The Crawfords,Directed,1,128,Knows of,Mags Burke
322,49,Pat Hourigan,Eamonn Burke,Directed,1,128,Exchange,Mags Burke
18,2,Mags Burke,Josie Burke,Directed,1,128,Exchange,Mags Burke
322,201,Pat Hourigan,Dorothy,Directed,1,128,Exchange,Mags Burke
18,22,Mags Burke,Pokey Burke,Directed,1,128,Knows of,Mags Burke
322,320,Pat Hourigan,Doctor Roche,Directed,1,128,Exchange,Mags Burke
49,48,Eamonn Burke,Eileen Burke,Directed,1,128,Exchange,Mags Burke
322,48,Pat Hourigan,Eileen Burke,Directed,1,128,Exchange,Mags Burke
201,325,Dorothy,Mags' Uncle Dicky,Directed,1,128,Exchange,Mags Burke
201,322,Dorothy,Pat Hourigan,Directed,1,128,Exchange,Mags Burke
18,321,Mags Burke,Kathleen Roche,Directed,1,128,Knows of,Mags Burke
201,22,Dorothy,Pokey Burke,Directed,1,128,Exchange,Mags Burke
18,325,Mags Burke,Mags' Uncle Dicky,Directed,1,128,Knows of,Mags Burke
201,323,Dorothy,The Crawfords,Directed,1,128,Exchange,Mags Burke
18,326,Mags Burke,Mags' Cousin Richard,Directed,1,128,Knows of,Mags Burke
18,324,Mags Burke,Mags' Auntie Pam,Directed,1,128,Knows of,Mags Burke
18,322,Mags Burke,Pat Hourigan,Directed,1,128,Knows of,Mags Burke
324,325,Mags' Auntie Pam,Mags' Uncle Dicky,Directed,1,128,Exchange,Mags Burke
322,2,Pat Hourigan,Josie Burke,Directed,1,128,Exchange,Mags Burke
18,88,Mags Burke,Yvonne Burke,Directed,1,128,Knows of,Mags Burke
324,49,Mags' Auntie Pam,Eamonn Burke,Directed,1,128,Exchange,Mags Burke
201,324,Dorothy,Mags' Auntie Pam,Directed,1,128,Exchange,Mags Burke
18,201,Mags Burke,Dorothy,Directed,1,128,Knows of,Mags Burke
201,326,Dorothy,Mags' Cousin Richard,Directed,1,128,Exchange,Mags Burke
322,88,Pat Hourigan,Yvonne Burke,Directed,1,128,Exchange,Mags Burke
324,201,Mags' Auntie Pam,Dorothy,Directed,1,128,Exchange,Mags Burke
322,323,Pat Hourigan,The Crawfords,Directed,1,128,Exchange,Mags Burke
322,321,Pat Hourigan,Kathleen Roche,Directed,1,128,Exchange,Mags Burke
18,49,Mags Burke,Eamonn Burke,Directed,1,128,Knows of,Mags Burke
49,2,Eamonn Burke,Josie Burke,Directed,1,128,Exchange,Mags Burke
18,48,Mags Burke,Eileen Burke,Directed,1,128,Knows of,Mags Burke
324,320,Mags' Auntie Pam,Doctor Roche,Directed,1,128,Exchange,Mags Burke
322,325,Pat Hourigan,Mags' Uncle Dicky,Directed,1,128,Exchange,Mags Burke
18,318,Mags Burke,Ger,Directed,1,128,Exchange,Mags Burke
322,326,Pat Hourigan,Mags' Cousin Richard,Directed,1,128,Exchange,Mags Burke
322,324,Pat Hourigan,Mags' Auntie Pam,Directed,1,128,Exchange,Mags Burke
322,22,Pat Hourigan,Pokey Burke,Directed,1,128,Exchange,Mags Burke
320,322,Doctor Roche,Pat Hourigan,Directed,1,128,Exchange,Mags Burke
320,88,Doctor Roche,Yvonne Burke,Directed,1,128,Exchange,Mags Burke
320,325,Doctor Roche,Mags' Uncle Dicky,Directed,1,128,Exchange,Mags Burke
326,320,Mags' Cousin Richard,Doctor Roche,Directed,1,128,Exchange,Mags Burke
321,49,Kathleen Roche,Eamonn Burke,Directed,1,128,Exchange,Mags Burke
326,323,Mags' Cousin Richard,The Crawfords,Directed,1,128,Exchange,Mags Burke
22,88,Pokey Burke,Yvonne Burke,Directed,1,128,Exchange,Mags Burke
321,48,Kathleen Roche,Eileen Burke,Directed,1,128,Exchange,Mags Burke
22,323,Pokey Burke,The Crawfords,Directed,1,128,Exchange,Mags Burke
321,2,Kathleen Roche,Josie Burke,Directed,1,128,Exchange,Mags Burke
321,201,Kathleen Roche,Dorothy,Directed,1,128,Exchange,Mags Burke
326,88,Mags' Cousin Richard,Yvonne Burke,Directed,1,128,Exchange,Mags Burke
321,324,Kathleen Roche,Mags' Auntie Pam,Directed,1,128,Exchange,Mags Burke
22,325,Pokey Burke,Mags' Uncle Dicky,Directed,1,128,Exchange,Mags Burke
324,88,Mags' Auntie Pam,Yvonne Burke,Directed,1,128,Exchange,Mags Burke
48,323,Eileen Burke,The Crawfords,Directed,1,128,Exchange,Mags Burke
325,320,Mags' Uncle Dicky,Doctor Roche,Directed,1,128,Exchange,Mags Burke
22,326,Pokey Burke,Mags' Cousin Richard,Directed,1,128,Exchange,Mags Burke
321,325,Kathleen Roche,Mags' Uncle Dicky,Directed,1,128,Exchange,Mags Burke
22,322,Pokey Burke,Pat Hourigan,Directed,1,128,Exchange,Mags Burke
22,324,Pokey Burke,Mags' Auntie Pam,Directed,1,128,Exchange,Mags Burke
326,22,Mags' Cousin Richard,Pokey Burke,Directed,1,128,Exchange,Mags Burke
326,322,Mags' Cousin Richard,Pat Hourigan,Directed,1,128,Exchange,Mags Burke
2,324,Josie Burke,Mags' Auntie Pam,Directed,1,128,Exchange,Mags Burke
318,48,Ger,Eileen Burke,Directed,1,128,Exchange,Mags Burke
2,326,Josie Burke,Mags' Cousin Richard,Directed,1,128,Exchange,Mags Burke
326,321,Mags' Cousin Richard,Kathleen Roche,Directed,1,128,Exchange,Mags Burke
2,325,Josie Burke,Mags' Uncle Dicky,Directed,1,128,Exchange,Mags Burke
326,49,Mags' Cousin Richard,Eamonn Burke,Directed,1,128,Exchange,Mags Burke
318,2,Ger,Josie Burke,Directed,1,128,Knows,Mags Burke
321,320,Kathleen Roche,Doctor Roche,Directed,1,128,Exchange,Mags Burke
326,324,Mags' Cousin Richard,Mags' Auntie Pam,Directed,1,128,Exchange,Mags Burke
2,322,Josie Burke,Pat Hourigan,Directed,1,128,Exchange,Mags Burke
318,18,Ger,Mags Burke,Directed,1,128,Exchange,Mags Burke
2,22,Josie Burke,Pokey Burke,Directed,1,128,Knows,Mags Burke
326,325,Mags' Cousin Richard,Mags' Uncle Dicky,Directed,1,128,Exchange,Mags Burke
2,323,Josie Burke,The Crawfords,Directed,1,128,Exchange,Mags Burke
326,201,Mags' Cousin Richard,Dorothy,Directed,1,128,Exchange,Mags Burke
2,88,Josie Burke,Yvonne Burke,Directed,1,128,Exchange,Mags Burke
2,18,Josie Burke,Mags Burke,Directed,1,128,Exchange,Mags Burke
22,321,Pokey Burke,Kathleen Roche,Directed,1,128,Exchange,Mags Burke
321,326,Kathleen Roche,Mags' Cousin Richard,Directed,1,128,Exchange,Mags Burke
2,321,Josie Burke,Kathleen Roche,Directed,1,128,Exchange,Mags Burke
325,48,Mags' Uncle Dicky,Eileen Burke,Directed,1,128,Exchange,Mags Burke
321,323,Kathleen Roche,The Crawfords,Directed,1,128,Exchange,Mags Burke
324,22,Mags' Auntie Pam,Pokey Burke,Directed,1,128,Exchange,Mags Burke
321,322,Kathleen Roche,Pat Hourigan,Directed,1,128,Exchange,Mags Burke
320,321,Doctor Roche,Kathleen Roche,Directed,1,128,Exchange,Mags Burke
321,88,Kathleen Roche,Yvonne Burke,Directed,1,128,Exchange,Mags Burke
320,324,Doctor Roche,Mags' Auntie Pam,Directed,1,128,Exchange,Mags Burke
325,2,Mags' Uncle Dicky,Josie Burke,Directed,1,128,Exchange,Mags Burke
22,201,Pokey Burke,Dorothy,Directed,1,128,Exchange,Mags Burke
325,321,Mags' Uncle Dicky,Kathleen Roche,Directed,1,128,Exchange,Mags Burke
2,201,Josie Burke,Dorothy,Directed,1,128,Exchange,Mags Burke
22,320,Pokey Burke,Doctor Roche,Directed,1,128,Exchange,Mags Burke
324,322,Mags' Auntie Pam,Pat Hourigan,Directed,1,128,Exchange,Mags Burke
2,320,Josie Burke,Doctor Roche,Directed,1,128,Exchange,Mags Burke
48,88,Eileen Burke,Yvonne Burke,Directed,1,128,Exchange,Mags Burke
320,326,Doctor Roche,Mags' Cousin Richard,Directed,1,128,Exchange,Mags Burke
325,324,Mags' Uncle Dicky,Mags' Auntie Pam,Directed,1,128,Exchange,Mags Burke
320,2,Doctor Roche,Josie Burke,Directed,1,128,Exchange,Mags Burke
22,49,Pokey Burke,Eamonn Burke,Directed,1,128,Exchange,Mags Burke
201,88,Dorothy,Yvonne Burke,Directed,1,128,Exchange,Mags Burke
320,201,Doctor Roche,Dorothy,Directed,1,128,Exchange,Mags Burke
321,22,Kathleen Roche,Pokey Burke,Directed,1,128,Exchange,Mags Burke
325,49,Mags' Uncle Dicky,Eamonn Burke,Directed,1,128,Exchange,Mags Burke
2,318,Josie Burke,Ger,Directed,1,128,Knows,Mags Burke
320,49,Doctor Roche,Eamonn Burke,Directed,1,128,Exchange,Mags Burke
2,48,Josie Burke,Eileen Burke,Directed,1,128,Knows,Mags Burke
325,201,Mags' Uncle Dicky,Dorothy,Directed,1,128,Exchange,Mags Burke
324,323,Mags' Auntie Pam,The Crawfords,Directed,1,128,Exchange,Mags Burke
2,49,Josie Burke,Eamonn Burke,Directed,1,128,Exchange,Mags Burke
320,48,Doctor Roche,Eileen Burke,Directed,1,128,Exchange,Mags Burke
22,2,Pokey Burke,Josie Burke,Directed,1,128,Knows,Mags Burke
326,49,Mags' Cousin Richard,Eamonn Burke,Directed,1,129,Exchange,Mags Burke
18,326,Mags Burke,Mags' Cousin Richard,Directed,1,129,Knows of,Mags Burke
18,325,Mags Burke,Mags' Uncle Dicky,Directed,1,129,Knows of,Mags Burke
323,320,The Crawfords,Doctor Roche,Directed,1,129,Exchange,Mags Burke
18,322,Mags Burke,Pat Hourigan,Directed,1,129,Knows of,Mags Burke
324,323,Mags' Auntie Pam,The Crawfords,Directed,1,129,Exchange,Mags Burke
324,49,Mags' Auntie Pam,Eamonn Burke,Directed,1,129,Exchange,Mags Burke
324,2,Mags' Auntie Pam,Josie Burke,Directed,1,129,Exchange,Mags Burke
326,201,Mags' Cousin Richard,Dorothy,Directed,1,129,Exchange,Mags Burke
324,48,Mags' Auntie Pam,Eileen Burke,Directed,1,129,Exchange,Mags Burke
324,322,Mags' Auntie Pam,Pat Hourigan,Directed,1,129,Exchange,Mags Burke
18,22,Mags Burke,Pokey Burke,Directed,1,129,Knows of,Mags Burke
324,201,Mags' Auntie Pam,Dorothy,Directed,1,129,Exchange,Mags Burke
18,323,Mags Burke,The Crawfords,Directed,1,129,Knows of,Mags Burke
324,321,Mags' Auntie Pam,Kathleen Roche,Directed,1,129,Exchange,Mags Burke
49,201,Eamonn Burke,Dorothy,Directed,1,129,Exchange,Mags Burke
324,88,Mags' Auntie Pam,Yvonne Burke,Directed,1,129,Exchange,Mags Burke
18,88,Mags Burke,Yvonne Burke,Directed,1,129,Knows of,Mags Burke
324,22,Mags' Auntie Pam,Pokey Burke,Directed,1,129,Exchange,Mags Burke
324,320,Mags' Auntie Pam,Doctor Roche,Directed,1,129,Exchange,Mags Burke
324,326,Mags' Auntie Pam,Mags' Cousin Richard,Directed,1,129,Exchange,Mags Burke
326,320,Mags' Cousin Richard,Doctor Roche,Directed,1,129,Exchange,Mags Burke
48,325,Eileen Burke,Mags' Uncle Dicky,Directed,1,129,Exchange,Mags Burke
323,201,The Crawfords,Dorothy,Directed,1,129,Exchange,Mags Burke
48,322,Eileen Burke,Pat Hourigan,Directed,1,129,Exchange,Mags Burke
48,22,Eileen Burke,Pokey Burke,Directed,1,129,Knows,Mags Burke
48,323,Eileen Burke,The Crawfords,Directed,1,129,Exchange,Mags Burke
2,320,Josie Burke,Doctor Roche,Directed,1,129,Exchange,Mags Burke
48,88,Eileen Burke,Yvonne Burke,Directed,1,129,Exchange,Mags Burke
2,201,Josie Burke,Dorothy,Directed,1,129,Exchange,Mags Burke
321,88,Kathleen Roche,Yvonne Burke,Directed,1,129,Exchange,Mags Burke
321,323,Kathleen Roche,The Crawfords,Directed,1,129,Exchange,Mags Burke
321,22,Kathleen Roche,Pokey Burke,Directed,1,129,Exchange,Mags Burke
321,322,Kathleen Roche,Pat Hourigan,Directed,1,129,Exchange,Mags Burke
2,49,Josie Burke,Eamonn Burke,Directed,1,129,Exchange,Mags Burke
2,48,Josie Burke,Eileen Burke,Directed,1,129,Knows,Mags Burke
2,318,Josie Burke,Ger,Directed,1,129,Knows,Mags Burke
321,325,Kathleen Roche,Mags' Uncle Dicky,Directed,1,129,Exchange,Mags Burke
48,326,Eileen Burke,Mags' Cousin Richard,Directed,1,129,Exchange,Mags Burke
321,326,Kathleen Roche,Mags' Cousin Richard,Directed,1,129,Exchange,Mags Burke
321,2,Kathleen Roche,Josie Burke,Directed,1,129,Exchange,Mags Burke
321,48,Kathleen Roche,Eileen Burke,Directed,1,129,Exchange,Mags Burke
321,49,Kathleen Roche,Eamonn Burke,Directed,1,129,Exchange,Mags Burke
321,201,Kathleen Roche,Dorothy,Directed,1,129,Exchange,Mags Burke
321,320,Kathleen Roche,Doctor Roche,Directed,1,129,Exchange,Mags Burke
2,321,Josie Burke,Kathleen Roche,Directed,1,129,Exchange,Mags Burke
2,88,Josie Burke,Yvonne Burke,Directed,1,129,Exchange,Mags Burke
2,323,Josie Burke,The Crawfords,Directed,1,129,Exchange,Mags Burke
2,22,Josie Burke,Pokey Burke,Directed,1,129,Knows,Mags Burke
2,322,Josie Burke,Pat Hourigan,Directed,1,129,Exchange,Mags Burke
2,325,Josie Burke,Mags' Uncle Dicky,Directed,1,129,Exchange,Mags Burke
2,18,Josie Burke,Mags Burke,Directed,1,129,Exchange,Mags Burke
2,326,Josie Burke,Mags' Cousin Richard,Directed,1,129,Exchange,Mags Burke
2,324,Josie Burke,Mags' Auntie Pam,Directed,1,129,Exchange,Mags Burke
321,324,Kathleen Roche,Mags' Auntie Pam,Directed,1,129,Exchange,Mags Burke
18,324,Mags Burke,Mags' Auntie Pam,Directed,1,129,Knows of,Mags Burke
48,324,Eileen Burke,Mags' Auntie Pam,Directed,1,129,Exchange,Mags Burke
48,2,Eileen Burke,Josie Burke,Directed,1,129,Knows,Mags Burke
323,49,The Crawfords,Eamonn Burke,Directed,1,129,Exchange,Mags Burke
18,321,Mags Burke,Kathleen Roche,Directed,1,129,Knows of,Mags Burke
323,48,The Crawfords,Eileen Burke,Directed,1,129,Exchange,Mags Burke
323,2,The Crawfords,Josie Burke,Directed,1,129,Exchange,Mags Burke
323,321,The Crawfords,Kathleen Roche,Directed,1,129,Exchange,Mags Burke
323,324,The Crawfords,Mags' Auntie Pam,Directed,1,129,Exchange,Mags Burke
18,2,Mags Burke,Josie Burke,Directed,1,129,Exchange,Mags Burke
323,326,The Crawfords,Mags' Cousin Richard,Directed,1,129,Exchange,Mags Burke
323,325,The Crawfords,Mags' Uncle Dicky,Directed,1,129,Exchange,Mags Burke
49,48,Eamonn Burke,Eileen Burke,Directed,1,129,Exchange,Mags Burke
323,322,The Crawfords,Pat Hourigan,Directed,1,129,Exchange,Mags Burke
323,22,The Crawfords,Pokey Burke,Directed,1,129,Exchange,Mags Burke
323,88,The Crawfords,Yvonne Burke,Directed,1,129,Exchange,Mags Burke
18,318,Mags Burke,Ger,Directed,1,129,Exchange,Mags Burke
48,321,Eileen Burke,Kathleen Roche,Directed,1,129,Exchange,Mags Burke
18,48,Mags Burke,Eileen Burke,Directed,1,129,Knows of,Mags Burke
49,2,Eamonn Burke,Josie Burke,Directed,1,129,Exchange,Mags Burke
18,201,Mags Burke,Dorothy,Directed,1,129,Knows of,Mags Burke
18,320,Mags Burke,Doctor Roche,Directed,1,129,Knows of,Mags Burke
49,324,Eamonn Burke,Mags' Auntie Pam,Directed,1,129,Exchange,Mags Burke
49,326,Eamonn Burke,Mags' Cousin Richard,Directed,1,129,Exchange,Mags Burke
49,325,Eamonn Burke,Mags' Uncle Dicky,Directed,1,129,Exchange,Mags Burke
49,322,Eamonn Burke,Pat Hourigan,Directed,1,129,Exchange,Mags Burke
49,22,Eamonn Burke,Pokey Burke,Directed,1,129,Exchange,Mags Burke
49,323,Eamonn Burke,The Crawfords,Directed,1,129,Exchange,Mags Burke
49,88,Eamonn Burke,Yvonne Burke,Directed,1,129,Exchange,Mags Burke
48,320,Eileen Burke,Doctor Roche,Directed,1,129,Exchange,Mags Burke
48,201,Eileen Burke,Dorothy,Directed,1,129,Exchange,Mags Burke
48,49,Eileen Burke,Eamonn Burke,Directed,1,129,Exchange,Mags Burke
48,318,Eileen Burke,Ger,Directed,1,129,Knows,Mags Burke
18,49,Mags Burke,Eamonn Burke,Directed,1,129,Knows of,Mags Burke
49,321,Eamonn Burke,Kathleen Roche,Directed,1,129,Exchange,Mags Burke
324,325,Mags' Auntie Pam,Mags' Uncle Dicky,Directed,1,129,Exchange,Mags Burke
326,2,Mags' Cousin Richard,Josie Burke,Directed,1,129,Exchange,Mags Burke
322,325,Pat Hourigan,Mags' Uncle Dicky,Directed,1,129,Exchange,Mags Burke
322,326,Pat Hourigan,Mags' Cousin Richard,Directed,1,129,Exchange,Mags Burke
322,324,Pat Hourigan,Mags' Auntie Pam,Directed,1,129,Exchange,Mags Burke
322,321,Pat Hourigan,Kathleen Roche,Directed,1,129,Exchange,Mags Burke
322,2,Pat Hourigan,Josie Burke,Directed,1,129,Exchange,Mags Burke
322,48,Pat Hourigan,Eileen Burke,Directed,1,129,Exchange,Mags Burke
320,324,Doctor Roche,Mags' Auntie Pam,Directed,1,129,Exchange,Mags Burke
322,49,Pat Hourigan,Eamonn Burke,Directed,1,129,Exchange,Mags Burke
322,201,Pat Hourigan,Dorothy,Directed,1,129,Exchange,Mags Burke
322,320,Pat Hourigan,Doctor Roche,Directed,1,129,Exchange,Mags Burke
201,326,Dorothy,Mags' Cousin Richard,Directed,1,129,Exchange,Mags Burke
88,201,Yvonne Burke,Dorothy,Directed,1,129,Exchange,Mags Burke
22,201,Pokey Burke,Dorothy,Directed,1,129,Exchange,Mags Burke
201,325,Dorothy,Mags' Uncle Dicky,Directed,1,129,Exchange,Mags Burke
326,48,Mags' Cousin Richard,Eileen Burke,Directed,1,129,Exchange,Mags Burke
201,22,Dorothy,Pokey Burke,Directed,1,129,Exchange,Mags Burke
320,321,Doctor Roche,Kathleen Roche,Directed,1,129,Exchange,Mags Burke
88,320,Yvonne Burke,Doctor Roche,Directed,1,129,Exchange,Mags Burke
201,323,Dorothy,The Crawfords,Directed,1,129,Exchange,Mags Burke
201,88,Dorothy,Yvonne Burke,Directed,1,129,Exchange,Mags Burke
320,2,Doctor Roche,Josie Burke,Directed,1,129,Exchange,Mags Burke
88,49,Yvonne Burke,Eamonn Burke,Directed,1,129,Exchange,Mags Burke
22,320,Pokey Burke,Doctor Roche,Directed,1,129,Exchange,Mags Burke
322,22,Pat Hourigan,Pokey Burke,Directed,1,129,Exchange,Mags Burke
322,323,Pat Hourigan,The Crawfords,Directed,1,129,Exchange,Mags Burke
88,48,Yvonne Burke,Eileen Burke,Directed,1,129,Exchange,Mags Burke
88,2,Yvonne Burke,Josie Burke,Directed,1,129,Exchange,Mags Burke
88,321,Yvonne Burke,Kathleen Roche,Directed,1,129,Exchange,Mags Burke
88,324,Yvonne Burke,Mags' Auntie Pam,Directed,1,129,Exchange,Mags Burke
88,326,Yvonne Burke,Mags' Cousin Richard,Directed,1,129,Exchange,Mags Burke
88,325,Yvonne Burke,Mags' Uncle Dicky,Directed,1,129,Exchange,Mags Burke
88,322,Yvonne Burke,Pat Hourigan,Directed,1,129,Exchange,Mags Burke
201,320,Dorothy,Doctor Roche,Directed,1,129,Exchange,Mags Burke
320,88,Doctor Roche,Yvonne Burke,Directed,1,129,Exchange,Mags Burke
320,323,Doctor Roche,The Crawfords,Directed,1,129,Exchange,Mags Burke
22,49,Pokey Burke,Eamonn Burke,Directed,1,129,Exchange,Mags Burke
320,22,Doctor Roche,Pokey Burke,Directed,1,129,Exchange,Mags Burke
320,325,Doctor Roche,Mags' Uncle Dicky,Directed,1,129,Exchange,Mags Burke
320,326,Doctor Roche,Mags' Cousin Richard,Directed,1,129,Exchange,Mags Burke
88,22,Yvonne Burke,Pokey Burke,Directed,1,129,Exchange,Mags Burke
88,323,Yvonne Burke,The Crawfords,Directed,1,129,Exchange,Mags Burke
201,49,Dorothy,Eamonn Burke,Directed,1,129,Exchange,Mags Burke
201,48,Dorothy,Eileen Burke,Directed,1,129,Exchange,Mags Burke
201,2,Dorothy,Josie Burke,Directed,1,129,Exchange,Mags Burke
201,321,Dorothy,Kathleen Roche,Directed,1,129,Exchange,Mags Burke
201,324,Dorothy,Mags' Auntie Pam,Directed,1,129,Exchange,Mags Burke
322,88,Pat Hourigan,Yvonne Burke,Directed,1,129,Exchange,Mags Burke
320,322,Doctor Roche,Pat Hourigan,Directed,1,129,Exchange,Mags Burke
320,48,Doctor Roche,Eileen Burke,Directed,1,129,Exchange,Mags Burke
201,322,Dorothy,Pat Hourigan,Directed,1,129,Exchange,Mags Burke
318,48,Ger,Eileen Burke,Directed,1,129,Knows,Mags Burke
326,322,Mags' Cousin Richard,Pat Hourigan,Directed,1,129,Exchange,Mags Burke
22,88,Pokey Burke,Yvonne Burke,Directed,1,129,Exchange,Mags Burke
326,22,Mags' Cousin Richard,Pokey Burke,Directed,1,129,Exchange,Mags Burke
326,323,Mags' Cousin Richard,The Crawfords,Directed,1,129,Exchange,Mags Burke
325,326,Mags' Uncle Dicky,Mags' Cousin Richard,Directed,1,129,Exchange,Mags Burke
325,322,Mags' Uncle Dicky,Pat Hourigan,Directed,1,129,Exchange,Mags Burke
22,323,Pokey Burke,The Crawfords,Directed,1,129,Exchange,Mags Burke
325,49,Mags' Uncle Dicky,Eamonn Burke,Directed,1,129,Exchange,Mags Burke
325,323,Mags' Uncle Dicky,The Crawfords,Directed,1,129,Exchange,Mags Burke
318,18,Ger,Mags Burke,Directed,1,129,Exchange,Mags Burke
320,49,Doctor Roche,Eamonn Burke,Directed,1,129,Exchange,Mags Burke
325,88,Mags' Uncle Dicky,Yvonne Burke,Directed,1,129,Exchange,Mags Burke
326,88,Mags' Cousin Richard,Yvonne Burke,Directed,1,129,Exchange,Mags Burke
318,2,Ger,Josie Burke,Directed,1,129,Knows,Mags Burke
325,22,Mags' Uncle Dicky,Pokey Burke,Directed,1,129,Exchange,Mags Burke
325,320,Mags' Uncle Dicky,Doctor Roche,Directed,1,129,Exchange,Mags Burke
49,320,Eamonn Burke,Doctor Roche,Directed,1,129,Exchange,Mags Burke
325,324,Mags' Uncle Dicky,Mags' Auntie Pam,Directed,1,129,Exchange,Mags Burke
326,321,Mags' Cousin Richard,Kathleen Roche,Directed,1,129,Exchange,Mags Burke
326,324,Mags' Cousin Richard,Mags' Auntie Pam,Directed,1,129,Exchange,Mags Burke
326,325,Mags' Cousin Richard,Mags' Uncle Dicky,Directed,1,129,Exchange,Mags Burke
320,201,Doctor Roche,Dorothy,Directed,1,129,Exchange,Mags Burke
22,48,Pokey Burke,Eileen Burke,Directed,1,129,Knows,Mags Burke
325,48,Mags' Uncle Dicky,Eileen Burke,Directed,1,129,Exchange,Mags Burke
22,322,Pokey Burke,Pat Hourigan,Directed,1,129,Exchange,Mags Burke
325,2,Mags' Uncle Dicky,Josie Burke,Directed,1,129,Exchange,Mags Burke
325,201,Mags' Uncle Dicky,Dorothy,Directed,1,129,Exchange,Mags Burke
22,321,Pokey Burke,Kathleen Roche,Directed,1,129,Exchange,Mags Burke
22,324,Pokey Burke,Mags' Auntie Pam,Directed,1,129,Exchange,Mags Burke
22,326,Pokey Burke,Mags' Cousin Richard,Directed,1,129,Exchange,Mags Burke
325,321,Mags' Uncle Dicky,Kathleen Roche,Directed,1,129,Exchange,Mags Burke
22,325,Pokey Burke,Mags' Uncle Dicky,Directed,1,129,Exchange,Mags Burke
22,2,Pokey Burke,Josie Burke,Directed,1,129,Knows,Mags Burke
318,48,Ger,Eileen Burke,Directed,1,130,Knows,Mags Burke
18,318,Mags Burke,Ger,Directed,1,130,Exchange,Mags Burke
318,2,Ger,Josie Burke,Directed,1,130,Knows,Mags Burke
18,48,Mags Burke,Eileen Burke,Directed,1,130,Knows of,Mags Burke
318,18,Ger,Mags Burke,Directed,1,130,Exchange,Mags Burke
48,318,Eileen Burke,Ger,Directed,1,130,Knows,Mags Burke
18,2,Mags Burke,Josie Burke,Directed,1,130,Knows of,Mags Burke
18,327,Mags Burke,Mags' old lecturer,Directed,1,130,Exchange,Mags Burke
2,318,Josie Burke,Ger,Directed,1,130,Knows,Mags Burke
327,18,Mags' old lecturer,Mags Burke,Directed,1,130,Exchange,Mags Burke
318,18,Ger,Mags Burke,Directed,1,131,Knows,Mags Burke
18,318,Mags Burke,Ger,Directed,1,131,Knows,Mags Burke
2,18,Josie Burke,Mags Burke,Directed,1,131,Knows,Mags Burke
18,2,Mags Burke,Josie Burke,Directed,1,131,Knows,Mags Burke
19,329,Jim Gildea,fella of the Murphys,Directed,1,132,Knows of,Jim Gildea
19,38,Jim Gildea,Dylan (Réaltín's son),Directed,1,132,Knows of,Jim Gildea
328,329,"""mad old biddy""",fella of the Murphys,Directed,1,132,Knows of,Jim Gildea
19,330,Jim Gildea,Women of Ireland (132),Directed,1,132,Knows of,Jim Gildea
328,14,"""mad old biddy""",Lloyd,Directed,1,132,Knows of,Jim Gildea
328,67,"""mad old biddy""",God,Directed,1,132,Knows,Jim Gildea
328,19,"""mad old biddy""",Jim Gildea,Directed,1,132,Exchange,Jim Gildea
19,14,Jim Gildea,Lloyd,Directed,1,132,Knows of,Jim Gildea
19,67,Jim Gildea,God,Directed,1,132,Knows of,Jim Gildea
1,19,Bobby Mahon,Jim Gildea,Directed,1,132,Knows,Jim Gildea
328,38,"""mad old biddy""",Dylan (Réaltín's son),Directed,1,132,Knows of,Jim Gildea
67,328,God,"""mad old biddy""",Directed,1,132,Knows,Jim Gildea
19,1,Jim Gildea,Bobby Mahon,Directed,1,132,Knows,Jim Gildea
328,330,"""mad old biddy""",Women of Ireland (132),Directed,1,132,Knows,Jim Gildea
19,328,Jim Gildea,"""mad old biddy""",Directed,1,132,Exchange,Jim Gildea
19,38,Jim Gildea,Dylan (Réaltín's son),Directed,1,133,Knows,Jim Gildea
19,328,Jim Gildea,"""mad old biddy""",Directed,1,133,Exchange,Jim Gildea
19,329,Jim Gildea,fella of the Murphys,Directed,1,133,Knows of,Jim Gildea
207,9,Peter Connors,Bridie Connors,Directed,1,133,Knows,Jim Gildea
207,19,Peter Connors,Jim Gildea,Directed,1,133,Knows,Jim Gildea
67,328,God,"""mad old biddy""",Directed,1,133,Knows,Jim Gildea
9,19,Bridie Connors,Jim Gildea,Directed,1,133,Knows,Jim Gildea
19,332,Jim Gildea,hitchhiker on Esker Line,Directed,1,133,Knows of,Jim Gildea
19,331,Jim Gildea,missing girls,Directed,1,133,Knows of,Jim Gildea
19,9,Jim Gildea,Bridie Connors,Directed,1,133,Knows,Jim Gildea
67,19,God,Jim Gildea,Directed,1,133,Knows,Jim Gildea
9,207,Bridie Connors,Peter Connors,Directed,1,133,Knows,Jim Gildea
19,333,Jim Gildea,bigmouths (on the radio & tv),Directed,1,133,Knows of,Jim Gildea
328,332,"""mad old biddy""",hitchhiker on Esker Line,Directed,1,133,Knows,Jim Gildea
328,331,"""mad old biddy""",missing girls,Directed,1,133,Knows of,Jim Gildea
19,207,Jim Gildea,Peter Connors,Directed,1,133,Knows,Jim Gildea
328,20,"""mad old biddy""",Frank Mahon,Directed,1,133,Knows,Jim Gildea
19,67,Jim Gildea,God,Directed,1,133,Knows,Jim Gildea
328,329,"""mad old biddy""",fella of the Murphys,Directed,1,133,Knows of,Jim Gildea
19,20,Jim Gildea,Frank Mahon,Directed,1,133,Knows of,Jim Gildea
328,19,"""mad old biddy""",Jim Gildea,Directed,1,133,Exchange,Jim Gildea
328,67,"""mad old biddy""",God,Directed,1,133,Knows,Jim Gildea
19,9,Jim Gildea,Bridie Connors,Directed,1,134,Knows,Jim Gildea
337,12,Philly,Seanie Shaper (Sean Shanahan),Directed,1,134,Exchange,Jim Gildea
19,337,Jim Gildea,Philly,Directed,1,134,Exchange,Jim Gildea
9,19,Bridie Connors,Jim Gildea,Directed,1,134,Knows,Jim Gildea
19,207,Jim Gildea,Peter Connors,Directed,1,134,Knows,Jim Gildea
5,39,Réaltín,Tom (Réaltín's father),Directed,1,134,Knows,Jim Gildea
12,38,Seanie Shaper (Sean Shanahan),Dylan (Réaltín's son),Directed,1,134,Knows,Jim Gildea
335,336,Forensics lads,Search party (for Dylan),Directed,1,134,Exchange,Jim Gildea
335,19,Forensics lads,Jim Gildea,Directed,1,134,Exchange,Jim Gildea
19,5,Jim Gildea,Réaltín,Directed,1,134,Knows of,Jim Gildea
12,337,Seanie Shaper (Sean Shanahan),Philly,Directed,1,134,Exchange,Jim Gildea
5,12,Réaltín,Seanie Shaper (Sean Shanahan),Directed,1,134,Exchange,Jim Gildea
12,5,Seanie Shaper (Sean Shanahan),Réaltín,Directed,1,134,Exchange,Jim Gildea
9,207,Bridie Connors,Peter Connors,Directed,1,134,Knows,Jim Gildea
67,19,God,Jim Gildea,Directed,1,134,Knows,Jim Gildea
38,12,Dylan (Réaltín's son),Seanie Shaper (Sean Shanahan),Directed,1,134,Knows,Jim Gildea
19,67,Jim Gildea,God,Directed,1,134,Knows,Jim Gildea
38,5,Dylan (Réaltín's son),Réaltín,Directed,1,134,Knows,Jim Gildea
39,5,Tom (Réaltín's father),Réaltín,Directed,1,134,Knows,Jim Gildea
19,335,Jim Gildea,Forensics lads,Directed,1,134,Exchange,Jim Gildea
337,19,Philly,Jim Gildea,Directed,1,134,Exchange,Jim Gildea
336,335,Search party (for Dylan),Forensics lads,Directed,1,134,Exchange,Jim Gildea
19,12,Jim Gildea,Seanie Shaper (Sean Shanahan),Directed,1,134,Knows of,Jim Gildea
19,39,Jim Gildea,Tom (Réaltín's father),Directed,1,134,Knows of,Jim Gildea
207,9,Peter Connors,Bridie Connors,Directed,1,134,Knows,Jim Gildea
5,38,Réaltín,Dylan (Réaltín's son),Directed,1,134,Knows,Jim Gildea
207,19,Peter Connors,Jim Gildea,Directed,1,134,Knows,Jim Gildea
19,336,Jim Gildea,Search party (for Dylan),Directed,1,134,Knows of,Jim Gildea
19,38,Jim Gildea,Dylan (Réaltín's son),Directed,1,134,Knows,Jim Gildea
6,19,Timmy Hanrahan,Jim Gildea,Directed,1,135,Knows,Jim Gildea
2,1,Josie Burke,Bobby Mahon,Directed,1,135,Knows,Jim Gildea
19,12,Jim Gildea,Seanie Shaper (Sean Shanahan),Directed,1,135,Knows,Jim Gildea
214,1,Mary Wills,Bobby Mahon,Directed,1,135,Knows,Jim Gildea
1,214,Bobby Mahon,Mary Wills,Directed,1,135,Knows,Jim Gildea
1,2,Bobby Mahon,Josie Burke,Directed,1,135,Knows,Jim Gildea
1,19,Bobby Mahon,Jim Gildea,Directed,1,135,Exchange,Jim Gildea
19,1,Jim Gildea,Bobby Mahon,Directed,1,135,Exchange,Jim Gildea
21,1,Triona Cahill/Mahon,Bobby Mahon,Directed,1,135,Knows,Jim Gildea
19,6,Jim Gildea,Timmy Hanrahan,Directed,1,135,Knows,Jim Gildea
19,20,Jim Gildea,Frank Mahon,Directed,1,135,Knows of,Jim Gildea
1,21,Bobby Mahon,Triona Cahill/Mahon,Directed,1,135,Knows,Jim Gildea
19,214,Jim Gildea,Mary Wills,Directed,1,135,Knows of,Jim Gildea
19,21,Jim Gildea,Triona Cahill/Mahon,Directed,1,135,Knows of,Jim Gildea
19,367,Jim Gildea,Mary Gildea,Directed,1,135,Exchange,Jim Gildea
19,328,Jim Gildea,"""mad old biddy""",Directed,1,135,Knows,Jim Gildea
1,20,Bobby Mahon,Frank Mahon,Directed,1,135,Knows,Jim Gildea
12,19,Seanie Shaper (Sean Shanahan),Jim Gildea,Directed,1,135,Knows,Jim Gildea
20,214,Frank Mahon,Mary Wills,Directed,1,135,Knows,Jim Gildea
214,20,Mary Wills,Frank Mahon,Directed,1,135,Knows,Jim Gildea
5,1,Réaltín,Bobby Mahon,Directed,1,135,Knows,Jim Gildea
19,5,Jim Gildea,Réaltín,Directed,1,135,Knows of,Jim Gildea
20,1,Frank Mahon,Bobby Mahon,Directed,1,135,Knows,Jim Gildea
338,19,Civil Defence Boys,Jim Gildea,Directed,1,135,Exchange,Jim Gildea
1,5,Bobby Mahon,Réaltín,Directed,1,135,Knows,Jim Gildea
367,19,Mary Gildea,Jim Gildea,Directed,1,135,Exchange,Jim Gildea
328,19,"""mad old biddy""",Jim Gildea,Directed,1,135,Knows,Jim Gildea
19,2,Jim Gildea,Josie Burke,Directed,1,135,Knows of,Jim Gildea
19,338,Jim Gildea,Civil Defence Boys,Directed,1,135,Exchange,Jim Gildea
6,19,Timmy Hanrahan,Jim Gildea,Directed,1,136,Exchange,Jim Gildea
336,6,Search party (for Dylan),Timmy Hanrahan,Directed,1,136,Knows,Jim Gildea
6,336,Timmy Hanrahan,Search party (for Dylan),Directed,1,136,Knows,Jim Gildea
19,20,Jim Gildea,Frank Mahon,Directed,1,136,Knows of,Jim Gildea
14,38,Lloyd,Dylan (Réaltín's son),Directed,1,136,Knows,Jim Gildea
19,6,Jim Gildea,Timmy Hanrahan,Directed,1,136,Exchange,Jim Gildea
8,13,Trevor,Kate,Directed,1,136,Knows,Jim Gildea
38,8,Dylan (Réaltín's son),Trevor,Directed,1,136,Knows,Jim Gildea
8,38,Trevor,Dylan (Réaltín's son),Directed,1,136,Knows,Jim Gildea
19,14,Jim Gildea,Lloyd,Directed,1,136,Knows of,Jim Gildea
1,20,Bobby Mahon,Frank Mahon,Directed,1,136,Knows,Jim Gildea
38,14,Dylan (Réaltín's son),Lloyd,Directed,1,136,Knows,Jim Gildea
19,8,Jim Gildea,Trevor,Directed,1,136,Knows of,Jim Gildea
8,14,Trevor,Lloyd,Directed,1,136,Exchange,Jim Gildea
316,19,children from the Montessori school,Jim Gildea,Directed,1,136,Exchange,Jim Gildea
19,38,Jim Gildea,Dylan (Réaltín's son),Directed,1,136,Knows of,Jim Gildea
19,1,Jim Gildea,Bobby Mahon,Directed,1,136,Knows of,Jim Gildea
19,339,Jim Gildea,Crowd at Henry St,Directed,1,136,Knows of,Jim Gildea
19,316,Jim Gildea,children from the Montessori school,Directed,1,136,Exchange,Jim Gildea
335,14,Forensics lads,Lloyd,Directed,1,136,Exchange,Jim Gildea
19,336,Jim Gildea,Search party (for Dylan),Directed,1,136,Knows of,Jim Gildea
336,14,Search party (for Dylan),Lloyd,Directed,1,136,Knows,Jim Gildea
339,8,Crowd at Henry St,Trevor,Directed,1,136,Knows,Jim Gildea
14,335,Lloyd,Forensics lads,Directed,1,136,Exchange,Jim Gildea
8,339,Trevor,Crowd at Henry St,Directed,1,136,Knows,Jim Gildea
14,336,Lloyd,Search party (for Dylan),Directed,1,136,Knows,Jim Gildea
20,1,Frank Mahon,Bobby Mahon,Directed,1,136,Knows,Jim Gildea
19,335,Jim Gildea,Forensics lads,Directed,1,136,Knows of,Jim Gildea
14,6,Lloyd,Timmy Hanrahan,Directed,1,136,Exchange,Jim Gildea
14,8,Lloyd,Trevor,Directed,1,136,Exchange,Jim Gildea
13,8,Kate,Trevor,Directed,1,136,Knows,Jim Gildea
19,13,Jim Gildea,Kate,Directed,1,136,Knows of,Jim Gildea
8,337,Trevor,Philly,Directed,1,137,Exchange,Jim Gildea
19,67,Jim Gildea,God,Directed,1,137,Knows,Jim Gildea
8,38,Trevor,Dylan (Réaltín's son),Directed,1,137,Knows,Jim Gildea
67,19,God,Jim Gildea,Directed,1,137,Knows,Jim Gildea
12,8,Seanie Shaper (Sean Shanahan),Trevor,Directed,1,137,Knows of,Jim Gildea
55,92,the Cunliffes' son,Armed Response Guards,Directed,1,137,Exchange,Jim Gildea
55,337,the Cunliffes' son,Philly,Directed,1,137,Knows,Jim Gildea
38,8,Dylan (Réaltín's son),Trevor,Directed,1,137,Knows,Jim Gildea
57,337,the Cunliffes,Philly,Directed,1,137,Knows,Jim Gildea
19,161,Jim Gildea,Timmy's mother,Directed,1,137,Knows of,Jim Gildea
19,92,Jim Gildea,Armed Response Guards,Directed,1,137,Knows of,Jim Gildea
14,38,Lloyd,Dylan (Réaltín's son),Directed,1,137,Knows,Jim Gildea
19,8,Jim Gildea,Trevor,Directed,1,137,Knows of,Jim Gildea
19,6,Jim Gildea,Timmy Hanrahan,Directed,1,137,Exchange,Jim Gildea
92,55,Armed Response Guards,the Cunliffes' son,Directed,1,137,Exchange,Jim Gildea
19,38,Jim Gildea,Dylan (Réaltín's son),Directed,1,137,Knows of,Jim Gildea
19,12,Jim Gildea,Seanie Shaper (Sean Shanahan),Directed,1,137,Knows of,Jim Gildea
6,19,Timmy Hanrahan,Jim Gildea,Directed,1,137,Exchange,Jim Gildea
337,19,Philly,Jim Gildea,Directed,1,137,Exchange,Jim Gildea
19,337,Jim Gildea,Philly,Directed,1,137,Exchange,Jim Gildea
337,8,Philly,Trevor,Directed,1,137,Exchange,Jim Gildea
6,162,Timmy Hanrahan,Timmy's father,Directed,1,137,Knows,Jim Gildea
6,161,Timmy Hanrahan,Timmy's mother,Directed,1,137,Knows,Jim Gildea
38,14,Dylan (Réaltín's son),Lloyd,Directed,1,137,Knows,Jim Gildea
337,55,Philly,the Cunliffes' son,Directed,1,137,Knows,Jim Gildea
337,57,Philly,the Cunliffes,Directed,1,137,Knows,Jim Gildea
19,55,Jim Gildea,the Cunliffes' son,Directed,1,137,Knows of,Jim Gildea
8,12,Trevor,Seanie Shaper (Sean Shanahan),Directed,1,137,Knows of,Jim Gildea
19,14,Jim Gildea,Lloyd,Directed,1,137,Knows of,Jim Gildea
19,57,Jim Gildea,the Cunliffes,Directed,1,137,Knows of,Jim Gildea
19,162,Jim Gildea,Timmy's father,Directed,1,137,Knows of,Jim Gildea
161,6,Timmy's mother,Timmy Hanrahan,Directed,1,137,Knows,Jim Gildea
8,14,Trevor,Lloyd,Directed,1,137,Exchange,Jim Gildea
162,6,Timmy's father,Timmy Hanrahan,Directed,1,137,Knows,Jim Gildea
14,6,Lloyd,Timmy Hanrahan,Directed,1,137,Exchange,Jim Gildea
14,8,Lloyd,Trevor,Directed,1,137,Exchange,Jim Gildea
19,38,Jim Gildea,Dylan (Réaltín's son),Directed,1,138,Knows,Jim Gildea
19,67,Jim Gildea,God,Directed,1,138,Knows,Jim Gildea
343,341,children (abstract),the Tans,Directed,1,138,Exchange,Jim Gildea
341,343,the Tans,children (abstract),Directed,1,138,Exchange,Jim Gildea
19,342,Jim Gildea,women (abstract),Directed,1,138,Knows of,Jim Gildea
341,342,the Tans,women (abstract),Directed,1,138,Exchange,Jim Gildea
67,19,God,Jim Gildea,Directed,1,138,Knows,Jim Gildea
19,341,Jim Gildea,the Tans,Directed,1,138,Knows of,Jim Gildea
19,343,Jim Gildea,children (abstract),Directed,1,138,Knows of,Jim Gildea
342,341,women (abstract),the Tans,Directed,1,138,Exchange,Jim Gildea
20,17,Frank Mahon,Denis,Directed,1,139,Exchange,Frank Mahon
20,1,Frank Mahon,Bobby Mahon,Directed,1,139,Knows,Frank Mahon
20,344,Frank Mahon,"""Paki doctors""",Directed,1,139,Knows of,Frank Mahon
1,20,Bobby Mahon,Frank Mahon,Directed,1,139,Knows,Frank Mahon
17,20,Denis,Frank Mahon,Directed,1,139,Exchange,Frank Mahon
20,19,Frank Mahon,Jim Gildea,Directed,1,140,Knows of,Frank Mahon
220,20,Satan,Frank Mahon,Directed,1,140,Knows,Frank Mahon
20,17,Frank Mahon,Denis,Directed,1,140,Knows,Frank Mahon
22,1,Pokey Burke,Bobby Mahon,Directed,1,140,Knows,Frank Mahon
19,1,Jim Gildea,Bobby Mahon,Directed,1,140,Exchange,Frank Mahon
1,19,Bobby Mahon,Jim Gildea,Directed,1,140,Exchange,Frank Mahon
54,20,Bobby's Mother,Frank Mahon,Directed,1,140,Knows,Frank Mahon
54,1,Bobby's Mother,Bobby Mahon,Directed,1,140,Knows,Frank Mahon
20,67,Frank Mahon,God,Directed,1,140,Knows,Frank Mahon
1,22,Bobby Mahon,Pokey Burke,Directed,1,140,Knows,Frank Mahon
17,20,Denis,Frank Mahon,Directed,1,140,Knows,Frank Mahon
20,54,Frank Mahon,Bobby's Mother,Directed,1,140,Knows,Frank Mahon
1,54,Bobby Mahon,Bobby's Mother,Directed,1,140,Knows,Frank Mahon
20,22,Frank Mahon,Pokey Burke,Directed,1,140,Knows of,Frank Mahon
20,1,Frank Mahon,Bobby Mahon,Directed,1,140,Knows of,Frank Mahon
20,220,Frank Mahon,Satan,Directed,1,140,Knows,Frank Mahon
20,220,Frank Mahon,Satan,Directed,1,141,Knows,Frank Mahon
220,20,Satan,Frank Mahon,Directed,1,141,Knows,Frank Mahon
19,1,Jim Gildea,Bobby Mahon,Directed,1,141,Exchange,Frank Mahon
20,1,Frank Mahon,Bobby Mahon,Directed,1,141,Knows of,Frank Mahon
1,19,Bobby Mahon,Jim Gildea,Directed,1,141,Exchange,Frank Mahon
345,20,blondie lady of the Cassidys,Frank Mahon,Directed,1,141,Exchange,Frank Mahon
20,345,Frank Mahon,blondie lady of the Cassidys,Directed,1,141,Exchange,Frank Mahon
46,20,Bobby's Grandad,Frank Mahon,Directed,1,141,Knows,Frank Mahon
20,19,Frank Mahon,Jim Gildea,Directed,1,141,Knows of,Frank Mahon
20,46,Frank Mahon,Bobby's Grandad,Directed,1,141,Knows,Frank Mahon
54,20,Bobby's Mother,Frank Mahon,Directed,1,142,Exchange,Frank Mahon
1,54,Bobby Mahon,Bobby's Mother,Directed,1,142,Exchange,Frank Mahon
20,52,Frank Mahon,"""the boys"" (who worked for Pokey)",Directed,1,142,Knows,Frank Mahon
20,1,Frank Mahon,Bobby Mahon,Directed,1,142,Exchange,Frank Mahon
20,54,Frank Mahon,Bobby's Mother,Directed,1,142,Exchange,Frank Mahon
1,20,Bobby Mahon,Frank Mahon,Directed,1,142,Exchange,Frank Mahon
1,21,Bobby Mahon,Triona Cahill/Mahon,Directed,1,142,Knows,Frank Mahon
22,20,Pokey Burke,Frank Mahon,Directed,1,142,Knows,Frank Mahon
54,1,Bobby's Mother,Bobby Mahon,Directed,1,142,Exchange,Frank Mahon
20,22,Frank Mahon,Pokey Burke,Directed,1,142,Knows,Frank Mahon
22,52,Pokey Burke,"""the boys"" (who worked for Pokey)",Directed,1,142,Knows,Frank Mahon
21,1,Triona Cahill/Mahon,Bobby Mahon,Directed,1,142,Knows,Frank Mahon
220,20,Satan,Frank Mahon,Directed,1,142,Knows,Frank Mahon
52,20,"""the boys"" (who worked for Pokey)",Frank Mahon,Directed,1,142,Knows,Frank Mahon
52,22,"""the boys"" (who worked for Pokey)",Pokey Burke,Directed,1,142,Knows,Frank Mahon
20,21,Frank Mahon,Triona Cahill/Mahon,Directed,1,142,Knows of,Frank Mahon
20,220,Frank Mahon,Satan,Directed,1,142,Knows,Frank Mahon
21,148,Triona Cahill/Mahon,Robert Mahon,Directed,1,143,Knows,Frank Mahon
20,67,Frank Mahon,God,Directed,1,143,Knows,Frank Mahon
20,348,Frank Mahon,Frank's teacher,Directed,1,143,Exchange,Frank Mahon
46,348,Bobby's Grandad,Frank's teacher,Directed,1,143,Knows of,Frank Mahon
20,148,Frank Mahon,Robert Mahon,Directed,1,143,Knows of,Frank Mahon
46,347,Bobby's Grandad,"""Godless fuckin Proddie""",Directed,1,143,Knows,Frank Mahon
46,349,Bobby's Grandad,Cigire (inspector),Directed,1,143,Knows of,Frank Mahon
1,148,Bobby Mahon,Robert Mahon,Directed,1,143,Knows,Frank Mahon
46,20,Bobby's Grandad,Frank Mahon,Directed,1,143,Exchange,Frank Mahon
54,20,Bobby's Mother,Frank Mahon,Directed,1,143,Exchange,Frank Mahon
20,347,Frank Mahon,"""Godless fuckin Proddie""",Directed,1,143,Knows of,Frank Mahon
349,348,Cigire (inspector),Frank's teacher,Directed,1,143,Exchange,Frank Mahon
20,21,Frank Mahon,Triona Cahill/Mahon,Directed,1,143,Knows of,Frank Mahon
148,1,Robert Mahon,Bobby Mahon,Directed,1,143,Knows,Frank Mahon
20,46,Frank Mahon,Bobby's Grandad,Directed,1,143,Exchange,Frank Mahon
347,46,"""Godless fuckin Proddie""",Bobby's Grandad,Directed,1,143,Knows,Frank Mahon
20,1,Frank Mahon,Bobby Mahon,Directed,1,143,Knows of,Frank Mahon
20,54,Frank Mahon,Bobby's Mother,Directed,1,143,Exchange,Frank Mahon
148,21,Robert Mahon,Triona Cahill/Mahon,Directed,1,143,Knows,Frank Mahon
348,349,Frank's teacher,Cigire (inspector),Directed,1,143,Exchange,Frank Mahon
348,46,Frank's teacher,Bobby's Grandad,Directed,1,143,Knows of,Frank Mahon
348,20,Frank's teacher,Frank Mahon,Directed,1,143,Exchange,Frank Mahon
20,349,Frank Mahon,Cigire (inspector),Directed,1,143,Knows of,Frank Mahon
1,20,Bobby Mahon,Frank Mahon,Directed,1,144,Knows,Frank Mahon
17,20,Denis,Frank Mahon,Directed,1,144,Knows,Frank Mahon
20,17,Frank Mahon,Denis,Directed,1,144,Knows,Frank Mahon
46,90,Bobby's Grandad,Jesus,Directed,1,144,Knows,Frank Mahon
20,1,Frank Mahon,Bobby Mahon,Directed,1,144,Knows,Frank Mahon
20,46,Frank Mahon,Bobby's Grandad,Directed,1,144,Exchange,Frank Mahon
350,46,Frank's Mother,Bobby's Grandad,Directed,1,144,Exchange,Frank Mahon
46,350,Bobby's Grandad,Frank's Mother,Directed,1,144,Exchange,Frank Mahon
46,20,Bobby's Grandad,Frank Mahon,Directed,1,144,Exchange,Frank Mahon
20,350,Frank Mahon,Frank's Mother,Directed,1,144,Knows of,Frank Mahon
20,90,Frank Mahon,Jesus,Directed,1,144,Knows of,Frank Mahon
351,20,"""every fat Publican in five parishes""",Frank Mahon,Directed,1,145,Exchange,Frank Mahon
20,351,Frank Mahon,"""every fat Publican in five parishes""",Directed,1,145,Exchange,Frank Mahon
46,20,Bobby's Grandad,Frank Mahon,Directed,1,145,Knows,Frank Mahon
20,67,Frank Mahon,God,Directed,1,145,Knows,Frank Mahon
67,20,God,Frank Mahon,Directed,1,145,Knows,Frank Mahon
20,46,Frank Mahon,Bobby's Grandad,Directed,1,145,Knows,Frank Mahon
353,21,Cousin Coley,Triona Cahill/Mahon,Directed,1,146,Exchange,Triona Cahill/Mahon
353,90,Cousin Coley,Jesus,Directed,1,146,Knows,Triona Cahill/Mahon
21,90,Triona Cahill/Mahon,Jesus,Directed,1,146,Knows of,Triona Cahill/Mahon
352,353,Auntie Bernadette,Cousin Coley,Directed,1,146,Exchange,Triona Cahill/Mahon
21,352,Triona Cahill/Mahon,Auntie Bernadette,Directed,1,146,Knows of,Triona Cahill/Mahon
352,90,Auntie Bernadette,Jesus,Directed,1,146,Knows,Triona Cahill/Mahon
90,352,Jesus,Auntie Bernadette,Directed,1,146,Knows,Triona Cahill/Mahon
21,353,Triona Cahill/Mahon,Cousin Coley,Directed,1,146,Exchange,Triona Cahill/Mahon
353,352,Cousin Coley,Auntie Bernadette,Directed,1,146,Exchange,Triona Cahill/Mahon
21,356,Triona Cahill/Mahon,Triona's Father,Directed,1,147,Knows of,Triona Cahill/Mahon
22,21,Pokey Burke,Triona Cahill/Mahon,Directed,1,147,Exchange,Triona Cahill/Mahon
21,355,Triona Cahill/Mahon,Triona's Mother,Directed,1,147,Exchange,Triona Cahill/Mahon
356,352,Triona's Father,Auntie Bernadette,Directed,1,147,Knows,Triona Cahill/Mahon
356,355,Triona's Father,Triona's Mother,Directed,1,147,Knows,Triona Cahill/Mahon
355,352,Triona's Mother,Auntie Bernadette,Directed,1,147,Knows,Triona Cahill/Mahon
355,21,Triona's Mother,Triona Cahill/Mahon,Directed,1,147,Exchange,Triona Cahill/Mahon
352,355,Auntie Bernadette,Triona's Mother,Directed,1,147,Knows,Triona Cahill/Mahon
354,1,"""the other lads""",Bobby Mahon,Directed,1,147,Knows,Triona Cahill/Mahon
354,90,"""the other lads""",Jesus,Directed,1,147,Knows,Triona Cahill/Mahon
354,21,"""the other lads""",Triona Cahill/Mahon,Directed,1,147,Exchange,Triona Cahill/Mahon
1,21,Bobby Mahon,Triona Cahill/Mahon,Directed,1,147,Knows,Triona Cahill/Mahon
353,21,Cousin Coley,Triona Cahill/Mahon,Directed,1,147,Knows,Triona Cahill/Mahon
352,357,Auntie Bernadette,Bible bashers,Directed,1,147,Knows,Triona Cahill/Mahon
352,353,Auntie Bernadette,Cousin Coley,Directed,1,147,Knows,Triona Cahill/Mahon
352,356,Auntie Bernadette,Triona's Father,Directed,1,147,Knows,Triona Cahill/Mahon
357,352,Bible bashers,Auntie Bernadette,Directed,1,147,Knows,Triona Cahill/Mahon
355,356,Triona's Mother,Triona's Father,Directed,1,147,Knows,Triona Cahill/Mahon
1,354,Bobby Mahon,"""the other lads""",Directed,1,147,Knows,Triona Cahill/Mahon
353,352,Cousin Coley,Auntie Bernadette,Directed,1,147,Knows,Triona Cahill/Mahon
21,1,Triona Cahill/Mahon,Bobby Mahon,Directed,1,147,Knows,Triona Cahill/Mahon
21,90,Triona Cahill/Mahon,Jesus,Directed,1,147,Knows of,Triona Cahill/Mahon
21,354,Triona Cahill/Mahon,"""the other lads""",Directed,1,147,Exchange,Triona Cahill/Mahon
20,1,Frank Mahon,Bobby Mahon,Directed,1,147,Knows,Triona Cahill/Mahon
21,352,Triona Cahill/Mahon,Auntie Bernadette,Directed,1,147,Knows of,Triona Cahill/Mahon
1,20,Bobby Mahon,Frank Mahon,Directed,1,147,Knows,Triona Cahill/Mahon
21,357,Triona Cahill/Mahon,Bible bashers,Directed,1,147,Knows of,Triona Cahill/Mahon
21,22,Triona Cahill/Mahon,Pokey Burke,Directed,1,147,Exchange,Triona Cahill/Mahon
21,353,Triona Cahill/Mahon,Cousin Coley,Directed,1,147,Knows,Triona Cahill/Mahon
21,20,Triona Cahill/Mahon,Frank Mahon,Directed,1,147,Knows of,Triona Cahill/Mahon
21,22,Triona Cahill/Mahon,Pokey Burke,Directed,1,148,Knows of,Triona Cahill/Mahon
21,353,Triona Cahill/Mahon,Cousin Coley,Directed,1,148,Knows of,Triona Cahill/Mahon
22,1,Pokey Burke,Bobby Mahon,Directed,1,148,Knows,Triona Cahill/Mahon
21,20,Triona Cahill/Mahon,Frank Mahon,Directed,1,148,Knows of,Triona Cahill/Mahon
1,21,Bobby Mahon,Triona Cahill/Mahon,Directed,1,148,Exchange,Triona Cahill/Mahon
5,22,Réaltín,Pokey Burke,Directed,1,148,Knows,Triona Cahill/Mahon
22,5,Pokey Burke,Réaltín,Directed,1,148,Knows,Triona Cahill/Mahon
20,54,Frank Mahon,Bobby's Mother,Directed,1,148,Knows,Triona Cahill/Mahon
1,5,Bobby Mahon,Réaltín,Directed,1,148,Knows,Triona Cahill/Mahon
21,352,Triona Cahill/Mahon,Auntie Bernadette,Directed,1,148,Knows of,Triona Cahill/Mahon
1,22,Bobby Mahon,Pokey Burke,Directed,1,148,Knows,Triona Cahill/Mahon
1,54,Bobby Mahon,Bobby's Mother,Directed,1,148,Knows,Triona Cahill/Mahon
21,1,Triona Cahill/Mahon,Bobby Mahon,Directed,1,148,Exchange,Triona Cahill/Mahon
352,353,Auntie Bernadette,Cousin Coley,Directed,1,148,Knows,Triona Cahill/Mahon
5,1,Réaltín,Bobby Mahon,Directed,1,148,Knows,Triona Cahill/Mahon
21,54,Triona Cahill/Mahon,Bobby's Mother,Directed,1,148,Knows of,Triona Cahill/Mahon
1,20,Bobby Mahon,Frank Mahon,Directed,1,148,Knows,Triona Cahill/Mahon
54,1,Bobby's Mother,Bobby Mahon,Directed,1,148,Knows,Triona Cahill/Mahon
21,5,Triona Cahill/Mahon,Réaltín,Directed,1,148,Knows of,Triona Cahill/Mahon
353,352,Cousin Coley,Auntie Bernadette,Directed,1,148,Knows,Triona Cahill/Mahon
54,20,Bobby's Mother,Frank Mahon,Directed,1,148,Knows,Triona Cahill/Mahon
20,1,Frank Mahon,Bobby Mahon,Directed,1,148,Knows,Triona Cahill/Mahon
1,54,Bobby Mahon,Bobby's Mother,Directed,1,149,Knows,Triona Cahill/Mahon
21,1,Triona Cahill/Mahon,Bobby Mahon,Directed,1,149,Knows of,Triona Cahill/Mahon
20,1,Frank Mahon,Bobby Mahon,Directed,1,149,Knows,Triona Cahill/Mahon
1,20,Bobby Mahon,Frank Mahon,Directed,1,149,Knows,Triona Cahill/Mahon
20,54,Frank Mahon,Bobby's Mother,Directed,1,149,Knows,Triona Cahill/Mahon
54,1,Bobby's Mother,Bobby Mahon,Directed,1,149,Knows,Triona Cahill/Mahon
21,54,Triona Cahill/Mahon,Bobby's Mother,Directed,1,149,Knows of,Triona Cahill/Mahon
54,20,Bobby's Mother,Frank Mahon,Directed,1,149,Knows,Triona Cahill/Mahon
21,20,Triona Cahill/Mahon,Frank Mahon,Directed,1,149,Knows of,Triona Cahill/Mahon
21,20,Triona Cahill/Mahon,Frank Mahon,Directed,1,150,Knows of,Triona Cahill/Mahon
358,359,Old boy from Ciss Brien's bar,Bobby's football club,Directed,1,150,Knows,Triona Cahill/Mahon
358,1,Old boy from Ciss Brien's bar,Bobby Mahon,Directed,1,150,Exchange,Triona Cahill/Mahon
20,1,Frank Mahon,Bobby Mahon,Directed,1,150,Knows,Triona Cahill/Mahon
72,358,Ciss Brien,Old boy from Ciss Brien's bar,Directed,1,150,Knows,Triona Cahill/Mahon
21,359,Triona Cahill/Mahon,Bobby's football club,Directed,1,150,Knows of,Triona Cahill/Mahon
358,72,Old boy from Ciss Brien's bar,Ciss Brien,Directed,1,150,Knows,Triona Cahill/Mahon
21,358,Triona Cahill/Mahon,Old boy from Ciss Brien's bar,Directed,1,150,Knows of,Triona Cahill/Mahon
359,358,Bobby's football club,Old boy from Ciss Brien's bar,Directed,1,150,Knows,Triona Cahill/Mahon
1,359,Bobby Mahon,Bobby's football club,Directed,1,150,Exchange,Triona Cahill/Mahon
1,20,Bobby Mahon,Frank Mahon,Directed,1,150,Knows,Triona Cahill/Mahon
1,72,Bobby Mahon,Ciss Brien,Directed,1,150,Knows,Triona Cahill/Mahon
359,1,Bobby's football club,Bobby Mahon,Directed,1,150,Exchange,Triona Cahill/Mahon
1,358,Bobby Mahon,Old boy from Ciss Brien's bar,Directed,1,150,Exchange,Triona Cahill/Mahon
21,72,Triona Cahill/Mahon,Ciss Brien,Directed,1,150,Knows of,Triona Cahill/Mahon
72,1,Ciss Brien,Bobby Mahon,Directed,1,150,Knows,Triona Cahill/Mahon
21,1,Triona Cahill/Mahon,Bobby Mahon,Directed,1,150,Knows of,Triona Cahill/Mahon
1,356,Bobby Mahon,Triona's Father,Directed,1,151,Knows,Triona Cahill/Mahon
21,20,Triona Cahill/Mahon,Frank Mahon,Directed,1,151,Knows of,Triona Cahill/Mahon
21,67,Triona Cahill/Mahon,God,Directed,1,151,Knows,Triona Cahill/Mahon
21,1,Triona Cahill/Mahon,Bobby Mahon,Directed,1,151,Knows of,Triona Cahill/Mahon
356,355,Triona's Father,Triona's Mother,Directed,1,151,Knows,Triona Cahill/Mahon
21,148,Triona Cahill/Mahon,Robert Mahon,Directed,1,151,Knows of,Triona Cahill/Mahon
21,356,Triona Cahill/Mahon,Triona's Father,Directed,1,151,Exchange,Triona Cahill/Mahon
21,355,Triona Cahill/Mahon,Triona's Mother,Directed,1,151,Knows of,Triona Cahill/Mahon
356,1,Triona's Father,Bobby Mahon,Directed,1,151,Knows,Triona Cahill/Mahon
356,360,Triona's Father,Joe Brien,Directed,1,151,Knows,Triona Cahill/Mahon
356,21,Triona's Father,Triona Cahill/Mahon,Directed,1,151,Exchange,Triona Cahill/Mahon
355,360,Triona's Mother,Joe Brien,Directed,1,151,Knows,Triona Cahill/Mahon
20,1,Frank Mahon,Bobby Mahon,Directed,1,151,Knows,Triona Cahill/Mahon
355,356,Triona's Mother,Triona's Father,Directed,1,151,Knows,Triona Cahill/Mahon
148,20,Robert Mahon,Frank Mahon,Directed,1,151,Knows,Triona Cahill/Mahon
20,148,Frank Mahon,Robert Mahon,Directed,1,151,Knows,Triona Cahill/Mahon
67,21,God,Triona Cahill/Mahon,Directed,1,151,Knows,Triona Cahill/Mahon
1,20,Bobby Mahon,Frank Mahon,Directed,1,151,Knows,Triona Cahill/Mahon
21,360,Triona Cahill/Mahon,Joe Brien,Directed,1,151,Knows of,Triona Cahill/Mahon
360,356,Joe Brien,Triona's Father,Directed,1,151,Knows,Triona Cahill/Mahon
360,355,Joe Brien,Triona's Mother,Directed,1,151,Knows,Triona Cahill/Mahon
362,356,Regional Hospital Doctors,Triona's Father,Directed,1,152,Exchange,Triona Cahill/Mahon
21,356,Triona Cahill/Mahon,Triona's Father,Directed,1,152,Exchange,Triona Cahill/Mahon
21,361,Triona Cahill/Mahon,Triona's Father's GP,Directed,1,152,Knows of,Triona Cahill/Mahon
21,362,Triona Cahill/Mahon,Regional Hospital Doctors,Directed,1,152,Knows of,Triona Cahill/Mahon
21,1,Triona Cahill/Mahon,Bobby Mahon,Directed,1,152,Knows of,Triona Cahill/Mahon
356,1,Triona's Father,Bobby Mahon,Directed,1,152,Knows,Triona Cahill/Mahon
356,362,Triona's Father,Regional Hospital Doctors,Directed,1,152,Exchange,Triona Cahill/Mahon
356,21,Triona's Father,Triona Cahill/Mahon,Directed,1,152,Exchange,Triona Cahill/Mahon
356,361,Triona's Father,Triona's Father's GP,Directed,1,152,Exchange,Triona Cahill/Mahon
20,21,Frank Mahon,Triona Cahill/Mahon,Directed,1,152,Exchange,Triona Cahill/Mahon
361,356,Triona's Father's GP,Triona's Father,Directed,1,152,Exchange,Triona Cahill/Mahon
21,20,Triona Cahill/Mahon,Frank Mahon,Directed,1,152,Exchange,Triona Cahill/Mahon
1,356,Bobby Mahon,Triona's Father,Directed,1,152,Knows,Triona Cahill/Mahon
1,365,Bobby Mahon,People (abstract),Directed,1,153,Knows,Triona Cahill/Mahon
38,12,Dylan (Réaltín's son),Seanie Shaper (Sean Shanahan),Directed,1,153,Knows,Triona Cahill/Mahon
38,5,Dylan (Réaltín's son),Réaltín,Directed,1,153,Knows,Triona Cahill/Mahon
12,5,Seanie Shaper (Sean Shanahan),Réaltín,Directed,1,153,Knows,Triona Cahill/Mahon
38,1,Dylan (Réaltín's son),Bobby Mahon,Directed,1,153,Knows,Triona Cahill/Mahon
5,38,Réaltín,Dylan (Réaltín's son),Directed,1,153,Knows,Triona Cahill/Mahon
5,1,Réaltín,Bobby Mahon,Directed,1,153,Knows,Triona Cahill/Mahon
364,1,one of the Teapot Taliban,Bobby Mahon,Directed,1,153,Knows,Triona Cahill/Mahon
364,148,one of the Teapot Taliban,Robert Mahon,Directed,1,153,Knows of,Triona Cahill/Mahon
5,365,Réaltín,People (abstract),Directed,1,153,Knows,Triona Cahill/Mahon
20,1,Frank Mahon,Bobby Mahon,Directed,1,153,Knows,Triona Cahill/Mahon
1,20,Bobby Mahon,Frank Mahon,Directed,1,153,Knows,Triona Cahill/Mahon
12,365,Seanie Shaper (Sean Shanahan),People (abstract),Directed,1,153,Knows,Triona Cahill/Mahon
364,21,one of the Teapot Taliban,Triona Cahill/Mahon,Directed,1,153,Exchange,Triona Cahill/Mahon
12,38,Seanie Shaper (Sean Shanahan),Dylan (Réaltín's son),Directed,1,153,Knows,Triona Cahill/Mahon
365,1,People (abstract),Bobby Mahon,Directed,1,153,Knows,Triona Cahill/Mahon
21,87,Triona Cahill/Mahon,"""young lads""",Directed,1,153,Knows of,Triona Cahill/Mahon
142,1,Builders,Bobby Mahon,Directed,1,153,Knows,Triona Cahill/Mahon
365,38,People (abstract),Dylan (Réaltín's son),Directed,1,153,Knows,Triona Cahill/Mahon
365,20,People (abstract),Frank Mahon,Directed,1,153,Knows,Triona Cahill/Mahon
365,5,People (abstract),Réaltín,Directed,1,153,Knows,Triona Cahill/Mahon
365,12,People (abstract),Seanie Shaper (Sean Shanahan),Directed,1,153,Knows,Triona Cahill/Mahon
67,21,God,Triona Cahill/Mahon,Directed,1,153,Knows,Triona Cahill/Mahon
148,21,Robert Mahon,Triona Cahill/Mahon,Directed,1,153,Knows,Triona Cahill/Mahon
364,366,one of the Teapot Taliban,Teapot Taliban,Directed,1,153,Knows,Triona Cahill/Mahon
20,21,Frank Mahon,Triona Cahill/Mahon,Directed,1,153,Knows,Triona Cahill/Mahon
5,12,Réaltín,Seanie Shaper (Sean Shanahan),Directed,1,153,Knows,Triona Cahill/Mahon
148,364,Robert Mahon,one of the Teapot Taliban,Directed,1,153,Knows of,Triona Cahill/Mahon
364,5,one of the Teapot Taliban,Réaltín,Directed,1,153,Knows,Triona Cahill/Mahon
5,364,Réaltín,one of the Teapot Taliban,Directed,1,153,Knows,Triona Cahill/Mahon
21,363,Triona Cahill/Mahon,"""old codgers""",Directed,1,153,Knows of,Triona Cahill/Mahon
21,148,Triona Cahill/Mahon,Robert Mahon,Directed,1,153,Knows,Triona Cahill/Mahon
1,38,Bobby Mahon,Dylan (Réaltín's son),Directed,1,153,Knows,Triona Cahill/Mahon
21,142,Triona Cahill/Mahon,Builders,Directed,1,153,Knows of,Triona Cahill/Mahon
1,87,Bobby Mahon,"""young lads""",Directed,1,153,Knows,Triona Cahill/Mahon
363,1,"""old codgers""",Bobby Mahon,Directed,1,153,Exchange,Triona Cahill/Mahon
21,364,Triona Cahill/Mahon,one of the Teapot Taliban,Directed,1,153,Exchange,Triona Cahill/Mahon
1,364,Bobby Mahon,one of the Teapot Taliban,Directed,1,153,Knows,Triona Cahill/Mahon
87,1,"""young lads""",Bobby Mahon,Directed,1,153,Knows,Triona Cahill/Mahon
1,142,Bobby Mahon,Builders,Directed,1,153,Knows,Triona Cahill/Mahon
21,1,Triona Cahill/Mahon,Bobby Mahon,Directed,1,153,Knows of,Triona Cahill/Mahon
21,366,Triona Cahill/Mahon,Teapot Taliban,Directed,1,153,Knows of,Triona Cahill/Mahon
21,12,Triona Cahill/Mahon,Seanie Shaper (Sean Shanahan),Directed,1,153,Knows of,Triona Cahill/Mahon
366,364,Teapot Taliban,one of the Teapot Taliban,Directed,1,153,Knows,Triona Cahill/Mahon
1,5,Bobby Mahon,Réaltín,Directed,1,153,Knows,Triona Cahill/Mahon
21,38,Triona Cahill/Mahon,Dylan (Réaltín's son),Directed,1,153,Knows of,Triona Cahill/Mahon
20,365,Frank Mahon,People (abstract),Directed,1,153,Knows,Triona Cahill/Mahon
21,20,Triona Cahill/Mahon,Frank Mahon,Directed,1,153,Knows,Triona Cahill/Mahon
1,363,Bobby Mahon,"""old codgers""",Directed,1,153,Exchange,Triona Cahill/Mahon
21,67,Triona Cahill/Mahon,God,Directed,1,153,Knows,Triona Cahill/Mahon
21,5,Triona Cahill/Mahon,Réaltín,Directed,1,153,Knows of,Triona Cahill/Mahon
21,365,Triona Cahill/Mahon,People (abstract),Directed,1,153,Knows of,Triona Cahill/Mahon
67,365,God,People (abstract),Directed,1,154,Knows,Triona Cahill/Mahon
20,366,Frank Mahon,Teapot Taliban,Directed,1,154,Knows,Triona Cahill/Mahon
21,48,Triona Cahill/Mahon,Eileen Burke,Directed,1,154,Knows of,Triona Cahill/Mahon
1,2,Bobby Mahon,Josie Burke,Directed,1,154,Knows,Triona Cahill/Mahon
22,1,Pokey Burke,Bobby Mahon,Directed,1,154,Knows,Triona Cahill/Mahon
5,366,Réaltín,Teapot Taliban,Directed,1,154,Knows,Triona Cahill/Mahon
90,366,Jesus,Teapot Taliban,Directed,1,154,Knows,Triona Cahill/Mahon
1,48,Bobby Mahon,Eileen Burke,Directed,1,154,Knows,Triona Cahill/Mahon
21,365,Triona Cahill/Mahon,People (abstract),Directed,1,154,Knows of,Triona Cahill/Mahon
5,365,Réaltín,People (abstract),Directed,1,154,Knows,Triona Cahill/Mahon
21,20,Triona Cahill/Mahon,Frank Mahon,Directed,1,154,Knows of,Triona Cahill/Mahon
1,366,Bobby Mahon,Teapot Taliban,Directed,1,154,Knows,Triona Cahill/Mahon
2,1,Josie Burke,Bobby Mahon,Directed,1,154,Knows,Triona Cahill/Mahon
48,1,Eileen Burke,Bobby Mahon,Directed,1,154,Knows,Triona Cahill/Mahon
1,22,Bobby Mahon,Pokey Burke,Directed,1,154,Knows,Triona Cahill/Mahon
21,90,Triona Cahill/Mahon,Jesus,Directed,1,154,Knows of,Triona Cahill/Mahon
21,67,Triona Cahill/Mahon,God,Directed,1,154,Knows of,Triona Cahill/Mahon
366,1,Teapot Taliban,Bobby Mahon,Directed,1,154,Knows,Triona Cahill/Mahon
21,12,Triona Cahill/Mahon,Seanie Shaper (Sean Shanahan),Directed,1,154,Knows of,Triona Cahill/Mahon
12,366,Seanie Shaper (Sean Shanahan),Teapot Taliban,Directed,1,154,Knows,Triona Cahill/Mahon
1,365,Bobby Mahon,People (abstract),Directed,1,154,Knows,Triona Cahill/Mahon
366,38,Teapot Taliban,Dylan (Réaltín's son),Directed,1,154,Knows,Triona Cahill/Mahon
21,5,Triona Cahill/Mahon,Réaltín,Directed,1,154,Knows of,Triona Cahill/Mahon
38,12,Dylan (Réaltín's son),Seanie Shaper (Sean Shanahan),Directed,1,154,Knows,Triona Cahill/Mahon
366,20,Teapot Taliban,Frank Mahon,Directed,1,154,Knows,Triona Cahill/Mahon
366,90,Teapot Taliban,Jesus,Directed,1,154,Knows,Triona Cahill/Mahon
366,5,Teapot Taliban,Réaltín,Directed,1,154,Knows,Triona Cahill/Mahon
38,1,Dylan (Réaltín's son),Bobby Mahon,Directed,1,154,Knows,Triona Cahill/Mahon
366,12,Teapot Taliban,Seanie Shaper (Sean Shanahan),Directed,1,154,Knows,Triona Cahill/Mahon
21,38,Triona Cahill/Mahon,Dylan (Réaltín's son),Directed,1,154,Knows of,Triona Cahill/Mahon
12,38,Seanie Shaper (Sean Shanahan),Dylan (Réaltín's son),Directed,1,154,Knows,Triona Cahill/Mahon
21,2,Triona Cahill/Mahon,Josie Burke,Directed,1,154,Knows of,Triona Cahill/Mahon
365,1,People (abstract),Bobby Mahon,Directed,1,154,Knows,Triona Cahill/Mahon
21,1,Triona Cahill/Mahon,Bobby Mahon,Directed,1,154,Knows of,Triona Cahill/Mahon
365,38,People (abstract),Dylan (Réaltín's son),Directed,1,154,Knows,Triona Cahill/Mahon
365,20,People (abstract),Frank Mahon,Directed,1,154,Knows,Triona Cahill/Mahon
365,67,People (abstract),God,Directed,1,154,Knows,Triona Cahill/Mahon
20,365,Frank Mahon,People (abstract),Directed,1,154,Knows,Triona Cahill/Mahon
365,5,People (abstract),Réaltín,Directed,1,154,Knows,Triona Cahill/Mahon
21,22,Triona Cahill/Mahon,Pokey Burke,Directed,1,154,Knows of,Triona Cahill/Mahon
1,38,Bobby Mahon,Dylan (Réaltín's son),Directed,1,154,Knows,Triona Cahill/Mahon
21,366,Triona Cahill/Mahon,Teapot Taliban,Directed,1,154,Knows of,Triona Cahill/Mahon
21,6,Triona Cahill/Mahon,Timmy Hanrahan,Directed,1,155,Knows of,Triona Cahill/Mahon
21,8,Triona Cahill/Mahon,Trevor,Directed,1,155,Knows of,Triona Cahill/Mahon
21,367,Triona Cahill/Mahon,Mary Gildea,Directed,1,155,Knows of,Triona Cahill/Mahon
8,38,Trevor,Dylan (Réaltín's son),Directed,1,155,Knows,Triona Cahill/Mahon
21,14,Triona Cahill/Mahon,Lloyd,Directed,1,155,Knows of,Triona Cahill/Mahon
21,365,Triona Cahill/Mahon,People (abstract),Directed,1,155,Knows,Triona Cahill/Mahon
19,8,Jim Gildea,Trevor,Directed,1,155,Knows,Triona Cahill/Mahon
8,14,Trevor,Lloyd,Directed,1,155,Knows,Triona Cahill/Mahon
38,8,Dylan (Réaltín's son),Trevor,Directed,1,155,Knows,Triona Cahill/Mahon
19,367,Jim Gildea,Mary Gildea,Directed,1,155,Knows,Triona Cahill/Mahon
367,19,Mary Gildea,Jim Gildea,Directed,1,155,Knows,Triona Cahill/Mahon
367,365,Mary Gildea,People (abstract),Directed,1,155,Exchange,Triona Cahill/Mahon
38,19,Dylan (Réaltín's son),Jim Gildea,Directed,1,155,Knows,Triona Cahill/Mahon
14,8,Lloyd,Trevor,Directed,1,155,Knows,Triona Cahill/Mahon
14,6,Lloyd,Timmy Hanrahan,Directed,1,155,Knows,Triona Cahill/Mahon
19,38,Jim Gildea,Dylan (Réaltín's son),Directed,1,155,Knows,Triona Cahill/Mahon
14,19,Lloyd,Jim Gildea,Directed,1,155,Knows,Triona Cahill/Mahon
67,21,God,Triona Cahill/Mahon,Directed,1,155,Knows,Triona Cahill/Mahon
365,367,People (abstract),Mary Gildea,Directed,1,155,Exchange,Triona Cahill/Mahon
365,21,People (abstract),Triona Cahill/Mahon,Directed,1,155,Knows,Triona Cahill/Mahon
6,14,Timmy Hanrahan,Lloyd,Directed,1,155,Knows,Triona Cahill/Mahon
19,6,Jim Gildea,Timmy Hanrahan,Directed,1,155,Knows,Triona Cahill/Mahon
21,38,Triona Cahill/Mahon,Dylan (Réaltín's son),Directed,1,155,Knows,Triona Cahill/Mahon
19,14,Jim Gildea,Lloyd,Directed,1,155,Knows,Triona Cahill/Mahon
21,67,Triona Cahill/Mahon,God,Directed,1,155,Knows,Triona Cahill/Mahon
21,19,Triona Cahill/Mahon,Jim Gildea,Directed,1,155,Knows of,Triona Cahill/Mahon
6,19,Timmy Hanrahan,Jim Gildea,Directed,1,155,Knows,Triona Cahill/Mahon
8,19,Trevor,Jim Gildea,Directed,1,155,Knows,Triona Cahill/Mahon
21,1,Triona Cahill/Mahon,Bobby Mahon,Directed,1,156,Exchange,Triona Cahill/Mahon
21,148,Triona Cahill/Mahon,Robert Mahon,Directed,1,156,Knows of,Triona Cahill/Mahon
1,21,Bobby Mahon,Triona Cahill/Mahon,Directed,1,156,Exchange,Triona Cahill/Mahon
1,148,Bobby Mahon,Robert Mahon,Directed,1,156,Knows,Triona Cahill/Mahon
148,1,Robert Mahon,Bobby Mahon,Directed,1,156,Knows,Triona Cahill/Mahon
