id,Type of Relationship,Character 1,Character 2,Is Reciprocal?,Narrative Container,Start Page,End Page
7,"Exchange","Alyona Golosovsky","Sophia Golosovsky","1","August","3","16"
8,"Knows","Alyona Golosovsky","Marina Alexandrovna","1","August","4","4"
9,"Knows of","Alyona Golosovsky","Yegor Gusakov","1","August","5","5"
10,"Knows","Alyona Golosovsky","Marina Alexandrovna","1","August","9","9"
11,"Exchange","Alyona Golosovsky","Yegor Gusakov","1","August","9","15"
13,"Exchange","Sophia Golosovsky","Yegor Gusakov","1","August","10","13"
14,"Exchange","Alyona Golosovsky","Sophia Golosovsky","1","August","14","16"
15,"Exchange","Yegor Gusakov","Sophia Golosovsky","1","August","15","15"
16,"Exchange","Olya/Olga","Diana","1","September","17","17"
17,"Knows","Olya/Olga","Valentina Nikolaevna","1","September","17","17"
18,"Knows","Olya/Olga","Olya's mother","1","September","17","21"
19,"Knows of","Olya/Olga","Sophia Golosovsky","0","September","17","17"
20,"Knows of","Olya/Olga","Alyona Golosovsky","0","September","17","17"
21,"Knows","Olya/Olga","Diana","1","September","18","18"
22,"Exchange","Olya/Olga","Diana","0","September","19","20"
23,"Knows","Olya/Olga","history teacher","1","September","18","18"
24,"Knows of","Olya/Olga","""someone's girlfriend""","0","September","18","18"
25,"Knows","Olya/Olga","Classmate 1 (in photo)","1","September","18","18"
26,"Knows","Olya/Olga","A ""girl they knew"" (in photo)","1","September","18","19"
27,"Knows","Olya/Olga","Classmate 2 (in photo)","1","September","19","19"
28,"Knows","Diana","A ""girl they knew"" (in photo)","1","September","18","19"
29,"Knows","Diana","Classmate 1 (in photo)","1","September","18","18"
30,"Knows","Diana","Classmate 2 (in photo)","1","September","19","19"
31,"Knows","Olya/Olga","""the kid who sat behind [Olya]""","1","September","20","21"
32,"Exchange","Olya/Olga","""the nurse giving [Olya] an injection""","1","September","20","20"
33,"Exchange","Olya/Olga","grocery-store cashier","1","September","20","20"
34,"Exchange","Diana","Olya/Olga","1","September","21","21"
35,"Knows","Olya/Olga","Diana","1","September","21","26"
36,"Exchange","Valentina Nikolaevna","Olya/Olga","1","September","22","25"
37,"Knows of","Diana","""a couple""","1","September","22","22"
38,"Knows","Diana","Classmate 1 (in photo)","1","September","23","23"
39,"Knows","Valentina Nikolaevna","Diana","1","September","22","23"
40,"Knows of","Valentina Nikolaevna","Olya's mother","1","September","23","23"
41,"Knows","Olya/Olga","Olya's mother","1","September","24","26"
43,"Exchange","Valentina Nikolaevna","Diana","1","September","24","24"
44,"Knows of","Valentina Nikolaevna","Alyona Golosovsky","0","September","24","24"
45,"Knows of","Valentina Nikolaevna","Sophia Golosovsky","0","September","24","24"
46,"Knows of","Diana","Alyona Golosovsky","0","September","24","24"
47,"Knows of","Diana","Sophia Golosovsky","0","September","24","24"
49,"Knows of","Olya/Olga","Alyona Golosovsky","0","September","24","24"
50,"Knows of","Olya/Olga","Sophia Golosovsky","0","September","24","24"
51,"Knows of","Valentina Nikolaevna","migrants (generally)","0","September","24","24"
52,"Knows of","Valentina Nikolaevna","Native peoples of Kamchatka","0","September","24","24"
53,"Knows of","Diana","migrants (generally)","0","September","24","24"
54,"Knows of","Diana","Native peoples of Kamchatka","0","September","24","24"
55,"Knows of","Olya/Olga","migrants (generally)","0","September","24","24"
56,"Knows of","Olya/Olga","Native peoples of Kamchatka","0","September","24","24"
57,"Knows of","Olya/Olga","Marina Alexandrovna","0","September","24","25"
58,"Knows of","Valentina Nikolaevna","Marina Alexandrovna","0","September","24","25"
59,"Knows of","Diana","Marina Alexandrovna","0","September","24","25"
60,"Exchange","Olya's mother","Diana","1","September","25","25"
62,"Knows of","Diana","Alyona Golosovsky","0","September","26","26"
63,"Knows of","Diana","Sophia Golosovsky","0","September","26","26"
64,"Exchange","Diana","Valentina Nikolaevna","1","September","26","26"
65,"Exchange","Olya/Olga","Diana","1","September","26","26"
66,"Knows","Olya/Olga","Valentina Nikolaevna","1","September","26","26"
67,"Knows of","Olya/Olga","Alyona Golosovsky","0","September","26","27"
68,"Knows of","Olya/Olga","Sophia Golosovsky","0","September","26","27"
69,"Knows of","Valentina Nikolaevna","Olya's mother","1","September","26","26"
70,"Knows of","Olya/Olga","""an old lady""","1","September","27","27"
71,"Knows of","Olya/Olga","Lenin","0","September","27","28"
72,"Exchange","Olya/Olga","a vendor","1","September","27","28"
73,"Knows of","Olya/Olga","""high school boys on their bikes""","0","September","27","28"
74,"Knows of","Olya/Olga","crane operators","0","September","28","28"
75,"Knows","Olya/Olga","Diana","1","September","28","31"
76,"Knows","Olya/Olga","Valentina Nikolaevna","1","September","28","29"
77,"Knows","Olya/Olga","Olya's mother","1","September","29","31"
78,"Knows of","Olya's mother","the kidnapper","0","September","20","20"
79,"Knows of","Olya/Olga","the kidnapper","0","September","20","20"
80,"Knows of","Olya/Olga","the kidnapping","0","September","17","17"
81,"Knows of","Valentina Nikolaevna","the kidnapping","0","September","24","24"
82,"Knows of","Diana","the kidnapping","0","September","24","24"
84,"Knows of","Diana","the kidnapping","0","September","26","26"
85,"Knows of","Olya/Olga","the kidnapping","0","September","24","31"
86,"Exchange","Kolya/Nikolai Danilovich / Lieutenant Ryakhovsky","Olya/Olga","1","September","29","30"
88,"Knows of","Olya/Olga","Alyona Golosovsky","0","September","29","29"
89,"Knows of","Olya/Olga","Sophia Golosovsky","0","September","29","29"
90,"Knows","Olya/Olga","Valentina Nikolaevna","1","September","28","29"
91,"Knows","Sophia Golosovsky","Marina Alexandrovna","1","August","4","4"
92,"Knows of","Sophia Golosovsky","Yegor Gusakov","1","August","5","5"
93,"Knows of","Alyona Golosovsky","""the townspeople"" of past Zavoyko","0","August","5","8"
94,"Knows of","Sophia Golosovsky","""the townspeople"" of past Zavoyko","0","August","5","8"
95,"Knows of","Alyona Golosovsky","Lenin","0","August","9","9"
96,"Knows of","Sophia Golosovsky","Lenin","0","August","9","9"
97,"Knows","Sophia Golosovsky","Marina Alexandrovna","1","August","9","9"
98,"Knows of","Alyona Golosovsky","""an older boy in a fitted cap""","0","August","11","12"
99,"Knows of","Sophia Golosovsky","""an older boy in a fitted cap""","0","August","11","11"
100,"Knows of","Alyona Golosovsky","Oksana","1","August","12","12"
101,"Knows of","Alyona Golosovsky","cruise-ship tourists","0","August","12","12"
102,"Knows of","Sophia Golosovsky","cruise-ship tourists","0","August","12","12"
103,"Knows of","Alyona Golosovsky","""a short haired woman""","0","August","12","12"
104,"Knows of","Sophia Golosovsky","""a short haired woman""","0","August","12","12"
105,"Knows of","Sophia Golosovsky","Oksana","1","August","12","12"
106,"Knows","Alyona Golosovsky","Malysh (Oksana's dog)","0","August","12","12"
107,"Knows of","Sophia Golosovsky","Malysh (Oksana's dog)","0","August","12","12"
108,"Knows","Alyona Golosovsky","Marina Alexandrovna","1","August","13","16"
109,"Knows","Sophia Golosovsky","Marina Alexandrovna","1","August","13","16"
110,"Knows of","Yegor Gusakov","Marina Alexandrovna","0","August","14","14"
111,"Knows of","Diana","the kidnapping","0","September","17","17"
112,"Knows","Olya/Olga","Valentina Nikolaevna","1","September","17","17"
113,"Knows of","Diana","Alyona Golosovsky","0","September","17","17"
114,"Knows of","Diana","Sophia Golosovsky","0","September","17","17"
115,"Knows of","Olya/Olga","tourists (generally)","0","September","18","18"
116,"Knows of","Olya's mother","tourists (generally)","0","September","18","18"
118,"Knows of","Kolya/Nikolai Danilovich / Lieutenant Ryakhovsky","Alyona Golosovsky","0","September","29","30"
119,"Knows of","Kolya/Nikolai Danilovich / Lieutenant Ryakhovsky","Sophia Golosovsky","0","September","29","30"
120,"Knows of","Kolya/Nikolai Danilovich / Lieutenant Ryakhovsky","the kidnapping","0","September","29","30"
121,"Knows of","Kolya/Nikolai Danilovich / Lieutenant Ryakhovsky","the kidnapper","0","September","29","30"
123,"Knows of","Kolya/Nikolai Danilovich / Lieutenant Ryakhovsky","Olya's mother","0","September","30","30"
124,"Knows","Olya/Olga","Valentina Nikolaevna","1","September","31","31"
125,"Exchange","Katya/Ekaterina","Max/Maxim","1","October","32","33"
126,"Knows of","Katya/Ekaterina","the kidnapping","0","October","33","33"
127,"Knows of","Katya/Ekaterina","Alyona Golosovsky","0","October","33","33"
128,"Knows of","Katya/Ekaterina","Sophia Golosovsky","0","October","33","33"
129,"Knows","Katya/Ekaterina","Max/Maxim","1","October","34","34"
130,"Exchange","Oksana","Katya/Ekaterina","1","October","34","37"
132,"Exchange","Katya's ""girlfriends""","Katya/Ekaterina","1","October","34","34"
133,"Exchange","Katya/Ekaterina","Max/Maxim","1","October","35","36"
134,"Knows","Oksana","Max/Maxim","1","October","34","34"
135,"Knows of","Katya's ""girlfriends""","Max/Maxim","1","October","34","34"
136,"Knows","Oksana","Anton","1","October","35","35"
137,"Knows","Oksana","Malysh (Oksana's dog)","1","October","35","36"
138,"Knows of","Olya/Olga","Kamchatka police","0","September","24","24"
139,"Knows of","Valentina Nikolaevna","Kamchatka police","0","November","24","24"
140,"Knows of","Diana","Kamchatka police","0","September","24","24"
141,"Knows of","Valentina Nikolaevna","""news reporter""","0","September","24","24"
142,"Knows of","Diana","""news reporter""","0","September","24","24"
143,"Knows of","Olya/Olga","""news reporter""","0","September","24","24"
145,"Knows","Oksana","Kamchatka police","1","October","35","35"
146,"Knows of","Oksana","the kidnapping","0","October","35","38"
147,"Knows of","Oksana","Alyona Golosovsky","0","October","35","35"
148,"Knows of","Oksana","Sophia Golosovsky","0","October","35","35"
149,"Knows of","Oksana","the kidnapper","0","October","35","38"
150,"Knows of","Katya/Ekaterina","the kidnapping","0","October","35","38"
151,"Knows of","Kamchatka police","the kidnapper","0","October","35","35"
152,"Knows of","Kamchatka police","the kidnapping","0","October","35","35"
153,"Knows of","""news reporter""","Alyona Golosovsky","0","September","24","24"
154,"Knows of","""news reporter""","Sophia Golosovsky","0","September","24","24"
155,"Knows of","""news reporter""","the kidnapping","0","September","24","24"
156,"Knows","Katya/Ekaterina","Katya's ""girlfriends""","1","October","36","36"
157,"Knows","Katya/Ekaterina","customs officers","1","October","36","36"
158,"Knows of","Katya/Ekaterina","""tresspassers""","0","October","36","36"
159,"Knows of","Katya/Ekaterina","""poachers""","0","October","36","36"
160,"Knows of","Katya/Ekaterina","migrants (generally)","0","October","36","36"
161,"Knows","Katya/Ekaterina","Malysh (Oksana's dog)","0","October","35","36"
162,"Knows","Oksana","boring colleague/supervisor (36/37)","1","October","36","36"
163,"Knows","Oksana","pregnant colleague","1","October","36","36"
164,"Knows of","Katya/Ekaterina","boring colleague/supervisor (36/37)","0","October","36","36"
165,"Knows of","Katya/Ekaterina","pregnant colleague","0","October","36","36"
166,"Knows","Oksana","Max/Maxim","1","October","36","36"
167,"Exchange","Oksana","Max/Maxim","1","October","37","37"
168,"Knows of","Max/Maxim","the kidnapper","0","October","37","38"
169,"Knows of","Max/Maxim","the kidnapping","0","October","37","38"
170,"Knows of","Max/Maxim","Alyona Golosovsky","0","October","37","38"
171,"Knows of","Max/Maxim","Sophia Golosovsky","0","October","37","38"
172,"Knows of","boring colleague/supervisor (36/37)","the kidnapper","0","October","38","38"
173,"Knows of","boring colleague/supervisor (36/37)","the kidnapping","0","October","38","38"
174,"Knows of","boring colleague/supervisor (36/37)","Alyona Golosovsky","0","October","38","38"
175,"Knows of","boring colleague/supervisor (36/37)","Sophia Golosovsky","0","October","38","38"
176,"Knows of","boring colleague/supervisor (36/37)","Native peoples of Kamchatka","0","October","38","38"
177,"Knows of","boring colleague/supervisor (36/37)","Tajik ethnic group","0","October","38","38"
178,"Knows of","pregnant colleague","the kidnapper","0","October","38","38"
179,"Knows of","pregnant colleague","the kidnapping","0","October","38","38"
180,"Knows of","pregnant colleague","Alyona Golosovsky","0","October","38","38"
181,"Knows of","pregnant colleague","Sophia Golosovsky","0","October","38","38"
182,"Knows of","Oksana","Alyona Golosovsky","0","October","37","38"
183,"Knows of","Oksana","Sophia Golosovsky","0","October","37","38"
184,"Knows of","Katya/Ekaterina","the kidnapper","0","October","35","38"
185,"Knows of","Katya/Ekaterina","Alyona Golosovsky","0","October","36","38"
186,"Knows of","Katya/Ekaterina","Sophia Golosovsky","0","October","36","38"
187,"Knows","Katya/Ekaterina","boring colleague/supervisor (36/37)","1","October","38","38"
188,"Knows","Katya/Ekaterina","pregnant colleague","1","October","38","38"
189,"Exchange","Max/Maxim","Oksana","1","October","37","37"
190,"Exchange","boring colleague/supervisor (36/37)","Max/Maxim","1","October","38","38"
191,"Exchange","Oksana","boring colleague/supervisor (36/37)","1","October","38","38"
192,"Knows of","the Nalychevo group","the kidnapping","0","October","37","38"
193,"Knows of","the Nalychevo group","the kidnapper","0","October","37","38"
194,"Knows of","the Nalychevo group","Alyona Golosovsky","0","October","37","38"
195,"Knows of","the Nalychevo group","Sophia Golosovsky","0","October","37","38"
196,"Exchange","Max/Maxim","the Nalychevo group","1","October","37","38"
197,"Knows","the Nalychevo group","Oksana","1","October","37","38"
198,"Knows","Katya/Ekaterina","the Nalychevo group","1","October","37","38"
199,"Knows","Katya/Ekaterina","Katya's father","1","October","39","39"
200,"Knows","Katya/Ekaterina","Katya's mother","1","October","39","39"
201,"Knows","Katya/Ekaterina","Katya's brothers","1","October","39","39"
202,"Knows of","Max/Maxim","Kamchatka police","0","October","38","38"
203,"Knows of","Katya/Ekaterina","Kamchatka police","0","October","35","35"
204,"Knows of","Katya/Ekaterina","Kamchatka police","0","October","38","38"
205,"Knows","Katya/Ekaterina","""male coleagues""","1","October","37","37"
206,"Knows of","Katya/Ekaterina","""female colleagues""","1","October","37","37"
208,"Knows of","Olya/Olga","Kamchatka police","0","September","29","31"
210,"Knows of","Oksana","Koreans","0","October","38","38"
211,"Knows of","Oksana","Chukchi Indigenous peoples","0","October","38","38"
212,"Knows of","Katya/Ekaterina","Putin","0","October","39","39"
213,"Knows","Katya/Ekaterina","Native peoples of Kamchatka","0","October","39","39"
214,"Knows of","Katya/Ekaterina","Communists","0","October","39","39"
215,"Knows","Oksana","Anton","1","October","39","40"
216,"Knows","Katya/Ekaterina","Anton","1","October","39","40"
217,"Knows","Max/Maxim","Anton","1","October","39","40"
218,"Knows of","Katya/Ekaterina","""yet another woman"" (Oksana's husband's lover)","0","October","39","40"
219,"Knows of","Oksana","""yet another woman"" (Oksana's husband's lover)","0","October","39","40"
220,"Knows","Anton","""yet another woman"" (Oksana's husband's lover)","1","October","39","40"
221,"Knows","Anton","""yet another woman"" (Oksana's husband's lover)","1","October","39","40"
222,"Knows of","Katya/Ekaterina","""people at a neighbouring campsite""","0","October","40","40"
223,"Knows of","Max/Maxim","""people at a neighbouring campsite""","0","October","40","40"
224,"Knows","Max/Maxim","civilian search party","1","October","38","38"
225,"Knows of","Katya/Ekaterina","civilian search party","1","October","38","38"
226,"Knows of","Katya/Ekaterina","civilian search party","0","October","40","41"
227,"Knows","Max/Maxim","civilian search party","1","October","40","41"
228,"Knows","Max/Maxim","Kolya/Nikolai Danilovich / Lieutenant Ryakhovsky","1","October","40","40"
229,"Knows of","Katya/Ekaterina","Kolya/Nikolai Danilovich / Lieutenant Ryakhovsky","0","October","40","41"
230,"Knows","Katya/Ekaterina","""female colleagues""","1","October","40","40"
231,"Knows","Katya/Ekaterina","""male coleagues""","1","October","40","40"
232,"Knows","Katya/Ekaterina","Max/Maxim","1","October","37","38"
233,"Exchange","Katya/Ekaterina","Max/Maxim","1","October","39","45"
234,"Knows","Kolya/Nikolai Danilovich / Lieutenant Ryakhovsky","civilian search party","1","October","40","40"
235,"Knows of","Katya/Ekaterina","Alyona Golosovsky","0","October","40","41"
236,"Knows of","Katya/Ekaterina","Sophia Golosovsky","0","October","40","41"
237,"Knows of","Max/Maxim","Alyona Golosovsky","0","October","40","41"
238,"Knows of","Max/Maxim","Sophia Golosovsky","0","October","40","41"
239,"Knows of","Max/Maxim","the kidnapping","0","October","40","41"
240,"Knows of","Max/Maxim","the kidnapper","0","October","40","41"
241,"Knows of","Katya/Ekaterina","the kidnapper","0","October","40","41"
242,"Knows of","Katya/Ekaterina","the kidnapping","0","October","40","41"
243,"Knows","Katya/Ekaterina","Kamchatka police","0","October","41","41"
244,"Knows","Max/Maxim","Kamchatka police","0","October","41","41"
245,"Knows","Katya/Ekaterina","Oksana","1","October","41","41"
246,"Knows","Max/Maxim","Oksana","1","October","41","41"
247,"Knows of","Oksana","the kidnapper","0","October","40","41"
248,"Knows of","Katya/Ekaterina","the kidnapper","0","October","44","44"
249,"Knows","Valentina Nikolaevna","Valentina's Husband (name?)","1","November","46","53"
250,"Knows","Valentina Nikolaevna","Diana","1","November","46","47"
251,"Knows of","Valentina Nikolaevna","Alyona Golosovsky","0","November","46","46"
252,"Knows of","Valentina Nikolaevna","Sophia Golosovsky","0","November","46","46"
253,"Knows of","Valentina Nikolaevna","the kidnapping","0","November","46","46"
254,"Knows","Valentina's Husband (name?)","Diana","1","November","46","47"
255,"Knows","Valentina Nikolaevna","""the women in the school office""","1","November","47","47"
256,"Exchange","Dr. Popkov","Valentina Nikolaevna","1","November","47","48"
257,"Exchange","Natasha/Natalia","Denis","1","January","107","113"
258,"Knows of","Natasha/Natalia","Travis Walton","0","January","107","107"
259,"Knows of","Denis","Travis Walton","0","January","107","107"
260,"Knows of","Natasha/Natalia","Aliens","0","January","107","110"
261,"Knows of","Denis","Aliens","0","January","107","110"
262,"Exchange","Natasha/Natalia","Alla Innokentevna","1","January","108","111"
263,"Knows","Alla Innokentevna","Denis","1","January","108","108"
264,"Knows of","Denis","Minister of Defense","0","January","108","108"
265,"Knows of","Minister of Defense","Aliens","0","January","108","108"
266,"Exchange","Alla Innokentevna","Lev","1","January","108","109"
267,"Exchange","Alla Innokentevna","Yulka/Yulia","1","January","108","109"
268,"Exchange","Lev","Yulka/Yulia","1","January","108","110"
269,"Knows","Natasha/Natalia","Lev","1","January","107","117"
270,"Knows","Natasha/Natalia","Yulka/Yulia","1","January","107","115"
271,"Knows of","Yulka/Yulia","Jack London","0","January","108","108"
272,"Knows of","Alla Innokentevna","Jack London","0","January","108","108"
273,"Knows of","Natasha/Natalia","Jack London","0","January","108","108"
274,"Knows of","Lev","Jack London","0","January","108","108"
275,"Knows of","Natasha/Natalia","Minister of Defense","0","January","108","108"
276,"Exchange","Lev","Denis","1","January","108","111"
277,"Knows","Denis","Yulka/Yulia","1","January","108","111"
278,"Knows","Denis","Lilia Solodikova","1","January","109","109"
279,"Knows","Natasha/Natalia","Lilia Solodikova","1","January","109","109"
281,"Knows of","Oksana","Native peoples of Kamchatka","0","October","41","41"
282,"Knows of","Max/Maxim","Native peoples of Kamchatka","0","October","41","41"
283,"Knows of","Katya/Ekaterina","""tabloid reporter""","0","October","41","41"
284,"Exchange","Katya/Ekaterina","a bear","1","October","44","45"
285,"Exchange","Max/Maxim","a bear","1","October","44","45"
286,"Knows of","Valentina Nikolaevna","""parents neglecting their duties""","0","November","46","46"
287,"Knows of","Valentina Nikolaevna","""children wandering""","0","November","46","46"
288,"Knows","Valentina Nikolaevna","""the girl at the desk""","1","November","48","48"
289,"Exchange","Valentina Nikolaevna","Valentina's ""colleague"" (48)","1","November","48","49"
290,"Knows","Valentina's ""colleague"" (48)","Kolya/Nikolai Danilovich / Lieutenant Ryakhovsky","1","November","48","49"
291,"Knows","Valentina Nikolaevna","Kolya/Nikolai Danilovich / Lieutenant Ryakhovsky","1","November","48","49"
292,"Knows of","Valentina's ""colleague"" (48)","Alyona Golosovsky","0","November","48","48"
293,"Knows of","Valentina's ""colleague"" (48)","Sophia Golosovsky","0","November","48","48"
294,"Knows of","Valentina Nikolaevna","Alyona Golosovsky","0","November","48","48"
295,"Knows of","Valentina Nikolaevna","Sophia Golosovsky","0","November","48","48"
296,"Knows of","Valentina Nikolaevna","Golosovskaya girls' father","0","November","48","48"
297,"Knows of","Valentina's ""colleague"" (48)","Golosovskaya girls' father","0","November","48","48"
299,"Knows","Valentina Nikolaevna","""the principal""","1","November","49","49"
300,"Knows","Valentina Nikolaevna","Diana","1","November","49","52"
301,"Knows","Valentina Nikolaevna","Dr. Popkov","1","November","49","51"
302,"Knows of","Alyona Golosovsky","""people ... in Hawaii""","0","August","7","7"
303,"Knows of","Alyona Golosovsky","""people ... in Australia""","0","August","7","7"
304,"Knows of","Sophia Golosovsky","""people ... in Hawaii""","0","August","7","7"
305,"Knows of","Sophia Golosovsky","""people ... in Australia""","0","August","7","7"
306,"Knows of","Alyona Golosovsky","""drivers""","0","August","13","13"
307,"Knows of","Olya/Olga","""[apartment] owners who once had money""","0","September","19","19"
308,"Knows of","Olya/Olga","""[apartment] owners who had money now""","0","September","19","19"
309,"Knows of","Olya/Olga","""Russian [bus] riders""","0","September","21","21"
310,"Knows of","Olya/Olga","""old women""","1","September","21","21"
311,"Knows of","Olya/Olga","Valentina's Husband (name?)","1","September","25","25"
312,"Knows of","Olya/Olga","""tourist group from Tokyo""","0","September","18","18"
313,"Knows","Olya's mother","""tourist group from Tokyo""","1","September","18","18"
314,"Knows of","Olya/Olga","Kamchatka police","0","September","24","24"
315,"Knows of","Olya/Olga","civilian search party","0","September","24","24"
316,"Knows","Valentina Nikolaevna","the Golosovsky girls' teachers","1","September","25","25"
317,"Knows of","Olya/Olga","the Golosovsky girls' teachers","0","September","25","25"
318,"Knows of","Diana","the Golosovsky girls' teachers","0","September","25","25"
319,"Knows","Diana","Olya's mother","1","September","26","26"
320,"Knows of","Olya/Olga","""late communters""","0","September","27","27"
321,"Knows of","Olya/Olga","the kidnapper","0","September","30","30"
322,"Knows of","Olya/Olga","Alyona Golosovsky","0","September","31","31"
323,"Knows of","Olya/Olga","Sophia Golosovsky","0","September","31","31"
324,"Knows","Valentina Nikolaevna","""the women in the school office""","1","November","49","49"
325,"Knows","Valentina Nikolaevna","Valentina's grandmother (49)","1","November","49","49"
326,"Knows","Valentina Nikolaevna","Valentina's mother (49)","1","November","49","49"
327,"Knows","Valentina Nikolaevna","""the whole family"" (Valentina's extended family)","1","November","49","49"
328,"Knows","Valentina's mother (49)","Valentina's grandmother (49)","1","November","49","49"
329,"Knows","""the whole family"" (Valentina's extended family)","Valentina's grandmother (49)","1","November","49","49"
331,"Knows","Valentina's Husband (name?)","Diana","1","November","50","50"
332,"Knows of","Valentina Nikolaevna","""old men""","1","November","50","50"
333,"Knows of","Valentina Nikolaevna","""a mother"" (at the hospital)","1","November","50","50"
334,"Knows of","Valentina Nikolaevna","""her daughter"" (in hospital)","1","November","50","50"
336,"Knows","Valentina Nikolaevna","Valentina's ""peers""","1","November","49","49"
337,"Exchange","Valentina Nikolaevna","""the admitting  nurse""","1","November","50","50"
338,"Knows of","""the admitting  nurse""","Dr. Popkov","0","November","50","50"
339,"Knows of","Valentina Nikolaevna","""the sick people""","1","November","50","50"
340,"Knows of","""the admitting  nurse""","""the sick people""","1","November","50","50"
341,"Knows of","Valentina Nikolaevna","Native peoples of Kamchatka","0","November","50","50"
342,"Knows","Valentina Nikolaevna","""the girl at the desk""","1","November","51","51"
343,"Knows of","Valentina Nikolaevna","the kidnapping","0","November","51","55"
344,"Knows of","Valentina Nikolaevna","Alyona Golosovsky","0","November","51","55"
345,"Knows of","Valentina Nikolaevna","Sophia Golosovsky","0","November","51","55"
346,"Knows of","Valentina's Husband (name?)","the kidnapping","0","November","51","52"
347,"Knows","Valentina's Husband (name?)","Oksana","1","November","52","52"
348,"Knows of","Valentina Nikolaevna","Oksana","0","November","52","53"
349,"Knows of","Kamchatka police","Oksana","1","November","52","52"
350,"Knows of","Valentina Nikolaevna","the kidnapper","0","November","52","52"
351,"Knows of","Oksana","the kidnapper","0","November","52","52"
352,"Knows of","Valentina Nikolaevna","Malysh (Oksana's dog)","0","November","52","52"
353,"Exchange","Valentina Nikolaevna","Kolya/Nikolai Danilovich / Lieutenant Ryakhovsky","1","November","52","55"
354,"Knows","Kolya/Nikolai Danilovich / Lieutenant Ryakhovsky","the Golosovsky girls' teachers","1","November","52","52"
355,"Knows","Alyona Golosovsky","the Golosovsky girls' teachers","1","September","25","25"
356,"Knows","Sophia Golosovsky","the Golosovsky girls' teachers","1","September","25","25"
357,"Knows of","Marina Alexandrovna","the Golosovsky girls' teachers","1","September","25","25"
358,"Knows of","Valentina Nikolaevna","civilian search party","0","November","52","52"
359,"Knows of","Kolya/Nikolai Danilovich / Lieutenant Ryakhovsky","Alyona Golosovsky","0","November","52","55"
360,"Knows of","Kolya/Nikolai Danilovich / Lieutenant Ryakhovsky","Sophia Golosovsky","0","November","52","55"
361,"Knows","Valentina Nikolaevna","Valentina's father (53)","1","November","52","52"
362,"Knows","Valentina Nikolaevna","Valentina's mother (49)","1","November","52","52"
363,"Knows","Valentina's mother (49)","Valentina's father (53)","1","November","52","52"
364,"Knows of","Valentina Nikolaevna","""a foreigner""","0","November","52","52"
365,"Knows of","Valentina Nikolaevna","""vagrants""","0","November","52","52"
366,"Knows of","Valentina Nikolaevna","""salmon poachers""","0","November","52","52"
367,"Knows of","Valentina Nikolaevna","Russians (generally??)","0","November","52","52"
368,"Knows of","Valentina Nikolaevna","""all the children"" (of Russia)","1","November","52","52"
369,"Knows of","Valentina Nikolaevna","""Soviet military""","0","November","52","52"
370,"Knows of","Valentina's Husband (name?)","""Uzbek"" ethnic group","0","November","52","52"
371,"Knows of","Valentina's Husband (name?)","Tajik ethnic group","0","November","52","52"
372,"Knows of","Valentina Nikolaevna","Tajik ethnic group","0","November","52","52"
373,"Knows of","Valentina Nikolaevna","""Uzbek"" ethnic group","0","November","52","52"
374,"Knows of","Kolya/Nikolai Danilovich / Lieutenant Ryakhovsky","Tajik ethnic group","0","November","52","53"
375,"Knows of","Kolya/Nikolai Danilovich / Lieutenant Ryakhovsky","""Uzbek"" ethnic group","0","November","52","52"
377,"Knows","Kolya/Nikolai Danilovich / Lieutenant Ryakhovsky","Oksana","1","November","52","53"
378,"Knows","Kolya/Nikolai Danilovich / Lieutenant Ryakhovsky","""a foreigner""","0","November","53","53"
379,"Knows","Kolya/Nikolai Danilovich / Lieutenant Ryakhovsky","Lieutenant Ryakhovsky's supervisors","1","November","53","53"
380,"Knows of","Lieutenant Ryakhovsky's supervisors","the kidnapping","0","November","52","52"
381,"Knows of","Lieutenant Ryakhovsky's supervisors","Alyona Golosovsky","0","November","52","52"
382,"Knows of","Lieutenant Ryakhovsky's supervisors","Sophia Golosovsky","0","November","53","53"
383,"Knows of","Kolya/Nikolai Danilovich / Lieutenant Ryakhovsky","the kidnapper","0","November","53","53"
384,"Knows of","Valentina Nikolaevna","migrants (generally)","0","November","53","53"
385,"Knows of","Valentina Nikolaevna","Marina Alexandrovna","0","November","53","53"
386,"Knows","Kolya/Nikolai Danilovich / Lieutenant Ryakhovsky","Marina Alexandrovna","1","November","53","53"
388,"Knows of","Valentina Nikolaevna","""the public"" (53) ?","0","November","53","53"
392,"Knows of","Valentina Nikolaevna","Golosovskaya girls' father","0","November","53","55"
393,"Knows","Kolya/Nikolai Danilovich / Lieutenant Ryakhovsky","Golosovskaya girls' father","1","November","54","54"
394,"Knows","Kolya/Nikolai Danilovich / Lieutenant Ryakhovsky","Golosovskaya girls' father","1","November","55","55"
395,"Knows","Golosovskaya girls' father","Alyona Golosovsky","1","November","48","48"
396,"Knows of","Golosovskaya girls' father","Sophia Golosovsky","1","November","48","48"
397,"Knows of","Golosovskaya girls' father","the kidnapping","0","November","53","54"
398,"Knows","Golosovskaya girls' father","Alyona Golosovsky","1","November","53","54"
399,"Knows of","Kolya/Nikolai Danilovich / Lieutenant Ryakhovsky","Golosovskaya girls' father","1","November","53","53"
400,"Knows","Kolya/Nikolai Danilovich / Lieutenant Ryakhovsky","Yevgeny Pavlovich Kulik (the major general)","1","November","54","54"
401,"Knows","Kolya/Nikolai Danilovich / Lieutenant Ryakhovsky","Yevgeny Pavlovich Kulik (the major general)","1","November","54","54"
402,"Knows of","Yevgeny Pavlovich Kulik (the major general)","the kidnapping","0","November","54","54"
403,"Knows","Golosovskaya girls' father","""the [Golosovsky girls'] father's friends""","1","November","54","54"
404,"Knows of","Kolya/Nikolai Danilovich / Lieutenant Ryakhovsky","""the [Golosovsky girls'] father's friends""","0","November","54","55"
405,"Knows of","Valentina Nikolaevna","""the [Golosovsky girls'] father's friends""","0","November","54","55"
406,"Knows of","Yevgeny Pavlovich Kulik (the major general)","Alyona Golosovsky","0","November","54","54"
407,"Knows of","Yevgeny Pavlovich Kulik (the major general)","Sophia Golosovsky","0","November","54","54"
408,"Knows","Valentina Nikolaevna","Valentina's Husband (name?)","1","November","55","56"
410,"Knows of","Valentina Nikolaevna","the Golosovsky girls' teachers","0","November","52","52"
411,"Knows","Kolya/Nikolai Danilovich / Lieutenant Ryakhovsky","the Golosovsky girls' classmates (52)","1","November","52","52"
412,"Exchange","Valentina Nikolaevna","The doctor","1","November","55","58"
413,"Knows","Valentina Nikolaevna","Dr. Popkov","1","November","56","56"
414,"Knows","Valentina Nikolaevna","Dr. Popkov","1","November","56","56"
415,"Knows of","The doctor","Dr. Popkov","0","November","56","56"
416,"Knows","Valentina Nikolaevna","""the admitting  nurse""","1","November","56","56"
417,"Knows of","Valentina Nikolaevna","Native peoples of Kamchatka","0","November","56","56"
418,"Knows of","Valentina Nikolaevna","""old men""","1","November","56","57"
419,"Knows","Valentina Nikolaevna","Valentina's grandmother (49)","1","November","57","57"
420,"Knows","Valentina Nikolaevna","""everyone else ... [who] had enetered surgery""","1","November","57","57"
421,"Knows","Valentina Nikolaevna","Valentina's mother (49)","1","November","57","57"
422,"Knows","Valentina Nikolaevna","Diana","1","November","58","58"
423,"Knows of","Valentina Nikolaevna","""a team of strangers"" (surgeons)","1","November","58","58"
424,"Knows","Valentina Nikolaevna","Valentina's Husband (name?)","1","November","58","58"
425,"Knows","Valentina Nikolaevna","Valentina's colleagues","1","November","55","55"
426,"Knows","Valentina Nikolaevna","Valentina's colleagues","1","November","58","58"
427,"Knows","Ksyusha/Ksenia Adukanov","Alisa","1","December","59","59"
428,"Exchange","Ksyusha/Ksenia Adukanov","Ruslan","1","December","59","60"
429,"Knows","Ksyusha/Ksenia Adukanov","Esso's dance troupes","1","December","59","59"
430,"Knows","Alisa","Alisa's mother","1","December","59","59"
431,"Knows","Ksyusha/Ksenia Adukanov","Alisa's mother","1","December","59","59"
432,"Knows","Ksyusha/Ksenia Adukanov","Chegga & Ksyusha's mother","1","December","59","59"
433,"Knows of","Ksyusha/Ksenia Adukanov","the kidnapping","0","December","59","59"
434,"Knows of","Alisa","the kidnapping","1","December","59","59"
435,"Knows of","Lilia Solodikova","Aliens","0","January","109","109"
436,"Exchange","Natasha/Natalia","Yuri","1","January","110","110"
437,"Knows","Denis","Alla Innokentevna","1","January","111","111"
438,"Knows","Lev","Lev's classmates (111)","1","January","111","111"
439,"Knows","Yulka/Yulia","Alla Innokentevna","1","January","111","111"
440,"Knows","Natasha/Natalia","Lilia Solodikova","1","January","111","115"
441,"Exchange","Natasha/Natalia","Yuri","1","January","112","114"
442,"Knows","Yuri","""the guys"" (Yuri's friends)","1","January","112","112"
443,"Knows","Natasha/Natalia","""the guys"" (Yuri's friends)","1","January","112","112"
444,"Knows","Yuri","Yulka/Yulia","1","January","112","112"
445,"Knows","Yuri","Lev","1","January","112","112"
446,"Knows","Yuri","Alla Innokentevna","1","January","112","112"
447,"Knows","Natasha/Natalia","Alla Innokentevna","1","January","112","114"
448,"Knows","Ksyusha/Ksenia Adukanov","Alisa","1","December","59","60"
449,"Knows of","Ruslan","Alyona Golosovsky","0","December","59","60"
450,"Knows of","Ruslan","Sophia Golosovsky","0","December","59","60"
451,"Knows of","Ksyusha/Ksenia Adukanov","Alyona Golosovsky","0","December","59","60"
452,"Knows of","Ksyusha/Ksenia Adukanov","Sophia Golosovsky","0","December","59","60"
453,"Knows","Ruslan","Alisa","1","December","60","60"
454,"Knows of","Ksyusha/Ksenia Adukanov","Alisa's friends","0","December","60","60"
455,"Knows","Alisa","Alisa's friends","1","December","60","60"
456,"Knows of","Ruslan","Alisa's friends","0","December","60","60"
457,"Exchange","Alisa","Ksyusha/Ksenia Adukanov","1","December","61","63"
458,"Knows","Ksyusha/Ksenia Adukanov","Ksyusha, Alisa & Chegga's grandmother","1","December","61","61"
459,"Knows","Alisa","Ksyusha, Alisa & Chegga's grandmother","1","December","61","61"
460,"Knows","Ksyusha/Ksenia Adukanov","Native peoples of Kamchatka","0","December","61","61"
461,"Knows","Ksyusha/Ksenia Adukanov","Esso's dance troupes","0","December","59","59"
462,"Knows","Ksyusha/Ksenia Adukanov","Esso's dance troupes","0","December","61","61"
463,"Knows","Alisa","Esso's dance troupes","0","December","61","61"
464,"Knows","""professional [dance] ensembles""","Native peoples of Kamchatka","0","December","60","61"
465,"Knows","Ksyusha/Ksenia Adukanov","Chegga/Sergei Adukanov","1","December","62","63"
466,"Knows","Ruslan","Chegga/Sergei Adukanov","1","December","62","63"
467,"Exchange","Alisa","Ruslan","1","December","62","63"
468,"Knows","Chegga & Ksyusha's mother","Ruslan","1","December","63","63"
469,"Knows","Chegga & Ksyusha's father","Ruslan","1","December","63","63"
470,"Knows","Alisa","""white kids""","0","December","63","63"
471,"Exchange","Ruslan","Ksyusha/Ksenia Adukanov","1","December","63","64"
472,"Knows","Ruslan","Chegga & Ksyusha's father","1","December","64","64"
473,"Knows of","Ksyusha/Ksenia Adukanov","Koryak indigenous peoples","0","December","64","64"
474,"Knows of","Ksyusha/Ksenia Adukanov","Itelmen indigenous peoples","0","December","64","64"
475,"Knows of","Ksyusha/Ksenia Adukanov","Chukchi Indigenous peoples","0","December","64","64"
476,"Knows of","Ruslan","""guys in [the dance] group""","0","December","64","64"
477,"Exchange","""one [student]""","Ksyusha/Ksenia Adukanov","1","December","64","64"
478,"Exchange","""someone else"" (a student)","Ksyusha/Ksenia Adukanov","1","December","64","64"
479,"Knows of","""one [student]""","Native peoples of Kamchatka","0","December","64","64"
480,"Knows","Ksyusha/Ksenia Adukanov","Chegga & Ksyusha's mother","1","December","65","65"
481,"Knows","Ksyusha/Ksenia Adukanov","Chegga & Ksyusha's father","1","December","65","66"
482,"Knows","Ksyusha/Ksenia Adukanov","Ksyusha, Alisa & Chegga's grandmother","1","December","65","65"
483,"Knows","Ksyusha/Ksenia Adukanov","Chegga/Sergei Adukanov","1","December","65","65"
484,"Knows","Chegga & Ksyusha's mother","Chegga/Sergei Adukanov","1","December","65","65"
485,"Knows","Ksyusha/Ksenia Adukanov","Ruslan","1","December","65","65"
486,"Knows","Alla Innokentevna","Lilia Solodikova","1","January","113","114"
487,"Knows","Alla Innokentevna","Esso Police/Village Officers","1","January","113","113"
488,"Knows","Natasha/Natalia","Esso Police/Village Officers","1","January","113","113"
489,"Knows of","Esso Police/Village Officers","Lilia Solodikova","0","January","113","113"
490,"Knows of","Esso Police/Village Officers","Lilia's Kidnapping/Disappearance","0","January","113","113"
491,"Knows of","Alla Innokentevna","Lilia's Kidnapping/Disappearance","1","January","113","113"
492,"Knows of","Natasha/Natalia","Lilia's Kidnapping/Disappearance","0","January","113","115"
493,"Knows of","Denis","Lilia's Kidnapping/Disappearance","0","January","113","114"
494,"Knows of","Yuri","Lilia's Kidnapping/Disappearance","0","January","113","113"
495,"Knows","Lilia Solodikova","Lev","1","January","113","113"
496,"Knows","Lilia Solodikova","Yulka/Yulia","1","January","113","113"
497,"Knows","Natasha/Natalia","Airport Security","1","January","113","113"
498,"Knows of","Airport Security","Lilia's Kidnapping/Disappearance","0","January","113","113"
499,"Knows","Chegga & Ksyusha's father","Ksyusha, Alisa & Chegga's grandmother","1","December","65","65"
500,"Knows","""city kids""","Ksyusha/Ksenia Adukanov","1","December","64","65"
501,"Knows","Ksyusha/Ksenia Adukanov","""white kids in the village"" (Esso)","1","December","65","65"
502,"Knows","Ksyusha/Ksenia Adukanov","""the men"" (in Kysusha's family)","1","December","65","65"
503,"Knows","Ksyusha/Ksenia Adukanov","""other students""","1","December","65","65"
504,"Exchange","Margarita Anatolyevna","The dance troupe","1","December","66","67"
505,"Knows","Ksyusha/Ksenia Adukanov","Chegga & Ksyusha's Uncles","1","December","66","66"
506,"Knows","Ksyusha/Ksenia Adukanov","Chegga & Ksyusha's grandfather","1","December","66","66"
507,"Knows","Chegga & Ksyusha's father","Chegga & Ksyusha's Uncles","1","December","66","66"
508,"Knows","Chegga & Ksyusha's Uncles","Chegga & Ksyusha's grandfather","1","December","66","66"
509,"Knows","Chegga & Ksyusha's father","Chegga & Ksyusha's grandfather","1","December","66","66"
510,"Knows of","Chegga & Ksyusha's father","""city people""","0","December","66","66"
511,"Knows","Ksyusha/Ksenia Adukanov","""city people""","1","December","66","66"
512,"Knows","Ksyusha/Ksenia Adukanov","Alisa","1","December","64","64"
513,"Knows","Ksyusha/Ksenia Adukanov","Alisa","1","December","66","69"
514,"Knows","Ksyusha/Ksenia Adukanov","Chander","1","December","66","67"
515,"Knows","Ksyusha/Ksenia Adukanov","""girls from settlements near Esso""","1","December","66","66"
516,"Knows","Ksyusha/Ksenia Adukanov","a boy from Achavayam","1","December","66","66"
517,"Knows","Chegga/Sergei Adukanov","Nadia/Nadezhda","1","December","66","66"
518,"Knows","Ksyusha/Ksenia Adukanov","Nadia/Nadezhda","1","December","66","66"
519,"Knows","Ksyusha/Ksenia Adukanov","Chegga/Sergei Adukanov","1","December","66","66"
520,"Knows","Ksyusha/Ksenia Adukanov","""one boy...in year ten of highschool""","1","December","64","64"
521,"Knows","Ksyusha/Ksenia Adukanov","The dance troupe","1","December","66","69"
522,"Knows of","Ruslan","""one boy...in year ten of highschool""","1","December","66","66"
523,"Knows","Ksyusha/Ksenia Adukanov","Ruslan","1","December","66","66"
524,"Knows of","Ruslan","The dance troupe","0","December","66","66"
525,"Knows","Alisa","The dance troupe","1","December","60","64"
526,"Knows of","Ksyusha/Ksenia Adukanov","The dance troupe","0","December","61","63"
527,"Knows","Ksyusha/Ksenia Adukanov","The dance troupe","1","December","64","64"
528,"Knows of","Ruslan","The dance troupe","0","December","61","64"
529,"Knows","Ksyusha/Ksenia Adukanov","Margarita Anatolyevna","1","December","66","71"
530,"Exchange","Ruslan","Ksyusha/Ksenia Adukanov","0","December","67","67"
531,"Knows","Alisa","Margarita Anatolyevna","1","December","66","67"
532,"Exchange","Chander","Ksyusha/Ksenia Adukanov","1","December","68","75"
534,"Exchange","a boy from Achavayam","Alisa","1","December","68","68"
535,"Exchange","Ruslan","Ksyusha/Ksenia Adukanov","1","December","68","68"
536,"Exchange","Margarita Anatolyevna","Alisa","1","December","69","69"
537,"Knows of","Ksyusha/Ksenia Adukanov","the kidnapping","0","December","69","69"
538,"Knows of","Ksyusha/Ksenia Adukanov","the kidnapper","0","December","69","69"
539,"Knows of","Ksyusha/Ksenia Adukanov","civilian search party","0","December","69","69"
540,"Knows of","Ksyusha/Ksenia Adukanov","Kamchatka police","1","December","69","69"
541,"Knows of","Ruslan","the kidnapping","0","December","69","69"
542,"Knows of","Chegga/Sergei Adukanov","the kidnapping","0","December","69","69"
543,"Knows of","Chegga & Ksyusha's father","the kidnapping","0","December","69","69"
544,"Knows of","Chegga & Ksyusha's mother","the kidnapping","0","December","69","69"
545,"Knows","Ksyusha/Ksenia Adukanov","Chegga/Sergei Adukanov","1","December","69","70"
546,"Knows of","Ksyusha/Ksenia Adukanov","Chegga & Ksyusha's mother","1","December","69","69"
547,"Knows","Ksyusha/Ksenia Adukanov","Chegga & Ksyusha's father","1","December","69","69"
548,"Knows of","Kamchatka police","the kidnapper","0","December","69","69"
549,"Knows of","Ksyusha/Ksenia Adukanov","""other students""","1","December","70","70"
550,"Knows of","Ksyusha/Ksenia Adukanov","Chander's family","0","December","69","70"
551,"Knows","Chander","Chander's family","1","December","70","70"
552,"Knows","Chander","The dance troupe","1","December","68","70"
553,"Exchange","Margarita Anatolyevna","Chander","1","December","70","70"
554,"Knows","Ksyusha/Ksenia Adukanov","Ksyusha, Alisa & Chegga's grandmother","1","December","70","70"
555,"Knows","Ksyusha/Ksenia Adukanov","Chegga & Ksyusha's grandfather","1","December","70","70"
556,"Knows of","Chander","Chegga & Ksyusha's mother","0","December","71","71"
557,"Knows of","Chander","Ruslan","0","December","71","71"
558,"Knows","Chander","Chander's ex girlfriend","1","December","71","73"
559,"Knows of","Ksyusha/Ksenia Adukanov","Chander's ex girlfriend","0","December","71","73"
560,"Knows","Ksyusha/Ksenia Adukanov","Ksyusha, Alisa & Chegga's grandmother","1","December","72","72"
561,"Knows","Ksyusha/Ksenia Adukanov","Chegga & Ksyusha's grandfather","1","December","72","72"
562,"Knows of","Chander","Chegga & Ksyusha's grandfather","0","December","72","72"
563,"Knows of","Chander","Ksyusha, Alisa & Chegga's grandmother","1","December","72","72"
564,"Knows","Chander","Chander's father","1","December","72","72"
565,"Knows","Ksyusha/Ksenia Adukanov","Ruslan","1","December","69","69"
566,"Knows","Ksyusha/Ksenia Adukanov","Ruslan","1","December","71","76"
567,"Exchange","Chander's ex-girlfirend's friends","Chander","1","December","72","72"
568,"Knows","Ksyusha/Ksenia Adukanov","Chegga & Ksyusha's father","1","December","72","72"
569,"Knows","Ksyusha/Ksenia Adukanov","Chegga & Ksyusha's mother","1","December","71","72"
570,"Knows","Ksyusha/Ksenia Adukanov","Russians (generally??)","0","December","73","73"
571,"Knows","Chander","Russians (generally??)","0","December","73","73"
572,"Knows of","Chander","Alyona Golosovsky","0","December","73","73"
573,"Knows of","Chander","Sophia Golosovsky","0","December","73","73"
574,"Knows of","Chander","Kamchatka police","0","December","73","73"
575,"Knows of","Chander","Marina Alexandrovna","0","December","73","73"
576,"Knows","Chander","""city people""","0","December","73","73"
577,"Knows of","Chander","the kidnapping","0","December","73","75"
578,"Knows of","Ksyusha/Ksenia Adukanov","the kidnapping","0","December","73","75"
579,"Knows of","Ksyusha/Ksenia Adukanov","Alyona Golosovsky","0","December","73","73"
580,"Knows of","Ksyusha/Ksenia Adukanov","Sophia Golosovsky","0","December","73","73"
581,"Knows of","Ksyusha/Ksenia Adukanov","Kamchatka police","0","December","73","73"
582,"Knows of","Ksyusha/Ksenia Adukanov","Marina Alexandrovna","0","December","73","73"
583,"Knows of","Ksyusha/Ksenia Adukanov","Alyona Golosovsky","0","December","69","69"
584,"Knows of","Ksyusha/Ksenia Adukanov","Sophia Golosovsky","0","December","69","69"
585,"Knows","Chander","Chander's ""neighbours"" (73)","1","December","73","73"
586,"Knows of","Chander","Lilia's Kidnapping/Disappearance","0","December","73","75"
587,"Knows of","Ksyusha/Ksenia Adukanov","Lilia's Kidnapping/Disappearance","0","December","73","75"
588,"Knows of","Ksyusha/Ksenia Adukanov","Lilia Solodikova","0","December","73","75"
589,"Knows of","Chander","Lilia Solodikova","0","December","74","74"
590,"Knows","Chegga/Sergei Adukanov","Lilia Solodikova","1","December","74","74"
591,"Knows","Lilia's ""classmates"" (74)","Lilia Solodikova","1","December","74","74"
592,"Knows","Ksyusha/Ksenia Adukanov","Chegga/Sergei Adukanov","1","December","74","74"
593,"Knows of","Ksyusha/Ksenia Adukanov","Lilia's ""classmates"" (74)","0","December","74","74"
594,"Knows","""the boys in Esso""","Lilia Solodikova","1","December","74","74"
595,"Exchange","Alla Innokentevna","Natasha/Natalia","1","January","114","116"
596,"Knows of","Ksyusha/Ksenia Adukanov","""the boys in Esso""","0","December","74","74"
597,"Knows","Denis","Lilia Solodikova","1","December","74","74"
598,"Knows","Natasha/Natalia","Yuri","1","January","115","116"
599,"Knows","Alla Innokentevna","Yuri","1","January","115","115"
600,"Knows","Denis","Chegga & Ksyusha's grandfather","1","December","74","74"
601,"Knows","Alla Innokentevna","Esso Police/Village Officers","1","January","115","115"
602,"Knows","Natasha/Natalia","Esso Police/Village Officers","1","January","115","115"
603,"Knows","Denis","Esso Police/Village Officers","1","January","115","115"
604,"Knows","Denis","Ksyusha, Alisa & Chegga's grandmother","1","December","74","74"
605,"Knows","Ksyusha/Ksenia Adukanov","Denis","1","December","74","74"
606,"Knows of","Ruslan","Lilia Solodikova","0","December","74","74"
607,"Knows of","Ruslan","Lilia's Kidnapping/Disappearance","0","December","74","75"
608,"Knows of","Chegga/Sergei Adukanov","Lilia's Kidnapping/Disappearance","0","December","74","74"
609,"Knows","Ksyusha/Ksenia Adukanov","Chegga & Ksyusha's mother","1","December","74","74"
610,"Knows","Ksyusha/Ksenia Adukanov","Chegga & Ksyusha's mother","1","December","74","74"
611,"Knows","Natasha/Natalia","Lilia Solodikova","1","December","74","74"
612,"Knows of","Ksyusha/Ksenia Adukanov","Natasha/Natalia","0","December","74","74"
613,"Knows of","Ksyusha/Ksenia Adukanov","Alla Innokentevna","0","December","74","74"
614,"Knows of","Chander","Alla Innokentevna","1","December","74","74"
615,"Knows of","Chander","Denis","1","December","74","74"
616,"Knows","Alla Innokentevna","Natasha/Natalia","1","December","74","74"
617,"Knows","Alla Innokentevna","Lilia Solodikova","1","December","74","74"
618,"Knows","Lilia's father","Lilia Solodikova","1","December","74","74"
619,"Knows of","Ksyusha/Ksenia Adukanov","Lilia's father","0","December","74","74"
620,"Knows of","Chander","Lilia's father","0","December","74","74"
621,"Knows of","Chander","Esso Police/Village Officers","0","December","75","75"
622,"Knows of","Esso Police/Village Officers","Lilia Solodikova","0","December","75","75"
623,"Knows of","Chander","the kidnapper","0","December","75","75"
624,"Knows of","Chander","Alyona Golosovsky","0","December","75","75"
625,"Knows of","Chander","Sophia Golosovsky","0","December","75","75"
626,"Knows of","Ksyusha/Ksenia Adukanov","Alyona Golosovsky","0","December","75","75"
627,"Knows of","Ksyusha/Ksenia Adukanov","Sophia Golosovsky","0","December","75","75"
628,"Knows of","Ksyusha/Ksenia Adukanov","News reporters","0","December","75","75"
629,"Knows of","News reporters","the kidnapping","0","December","75","75"
630,"Knows of","News reporters","Alyona Golosovsky","0","December","75","75"
631,"Knows of","News reporters","Sophia Golosovsky","0","December","75","75"
632,"Knows of","Ksyusha/Ksenia Adukanov","Chander's ex girlfriend","0","December","74","74"
633,"Knows of","Ksyusha/Ksenia Adukanov","Native peoples of Kamchatka","0","December","75","75"
634,"Knows of","Chander","civilian search party","0","December","75","75"
635,"Knows of","Chander","Native peoples of Kamchatka","0","December","74","74"
636,"Knows of","Ksyusha/Ksenia Adukanov","Koryak indigenous peoples","0","December","76","76"
637,"Exchange","Alisa","Ksyusha/Ksenia Adukanov","1","December","76","76"
638,"Knows","Alisa","Alisa's friends","1","December","76","76"
639,"Knows of","Ksyusha/Ksenia Adukanov","Alisa's friends","0","December","76","76"
640,"Knows","Ksyusha/Ksenia Adukanov","Chander","1","December","76","76"
641,"Knows","Ksyusha/Ksenia Adukanov","""the neighbours they knew"" (Kysusha & Ruslan)","1","December","76","76"
642,"Knows","Ruslan","""the neighbours they knew"" (Kysusha & Ruslan)","1","December","76","76"
644,"Exchange","Chander","Ksyusha/Ksenia Adukanov","1","December","77","81"
645,"Exchange","Ruslan","Ksyusha/Ksenia Adukanov","1","December","77","77"
646,"Knows","Chander","Alisa","1","December","77","78"
647,"Knows","Ksyusha/Ksenia Adukanov","Alisa","1","December","77","77"
648,"Knows","Chander","Margarita Anatolyevna","1","December","77","78"
649,"Knows","Ksyusha/Ksenia Adukanov","Margarita Anatolyevna","1","December","77","78"
650,"Exchange","Alisa","Ksyusha/Ksenia Adukanov","1","December","78","78"
651,"Exchange","Margarita Anatolyevna","The dance troupe","1","December","77","77"
652,"Knows","Ksyusha/Ksenia Adukanov","Ruslan","1","December","78","81"
653,"Knows of","Chander","Ruslan","0","December","78","78"
654,"Knows","Ksyusha/Ksenia Adukanov","Chegga/Sergei Adukanov","1","December","79","79"
655,"Knows","Ruslan","Chegga/Sergei Adukanov","1","December","79","79"
656,"Knows","Ksyusha/Ksenia Adukanov","Chegga & Ksyusha's mother","1","December","79","79"
657,"Knows","Ksyusha/Ksenia Adukanov","Chegga & Ksyusha's father","1","December","79","79"
658,"Knows of","Ksyusha/Ksenia Adukanov","Lilia Solodikova","0","December","80","80"
659,"Knows of","Ksyusha/Ksenia Adukanov","Lilia's Kidnapping/Disappearance","0","December","80","80"
660,"Knows of","Chander","Ruslan","1","December","80","80"
661,"Knows","Ksyusha/Ksenia Adukanov","Chegga & Ksyusha's father","1","December","81","83"
662,"Knows of","Natasha/Natalia","the kidnapping","0","January","115","115"
663,"Knows","Ksyusha/Ksenia Adukanov","Chegga & Ksyusha's mother","1","December","81","83"
664,"Knows","Ksyusha/Ksenia Adukanov","Chegga/Sergei Adukanov","1","December","81","83"
665,"Knows of","Natasha/Natalia","Alyona Golosovsky","0","January","115","115"
666,"Knows of","Natasha/Natalia","Sophia Golosovsky","0","January","115","115"
667,"Knows of","Ksyusha/Ksenia Adukanov","""the politicians who were killing the herding indu","0","December","82","82"
668,"Knows","Chegga & Ksyusha's mother","Chegga & Ksyusha's father","1","December","81","82"
669,"Knows of","Alla Innokentevna","the kidnapping","0","January","115","115"
670,"Knows","Chegga & Ksyusha's father","Chegga/Sergei Adukanov","1","December","82","82"
671,"Knows of","Alla Innokentevna","Sophia Golosovsky","0","January","115","115"
672,"Knows","Chegga & Ksyusha's mother","Chegga/Sergei Adukanov","1","December","82","82"
673,"Knows of","Alla Innokentevna","Alyona Golosovsky","0","January","115","115"
674,"Knows of","Chegga & Ksyusha's father","""the politicians who were killing the herding indu","0","December","82","82"
675,"Knows of","Chegga & Ksyusha's mother","""the politicians who were killing the herding indu","0","December","82","82"
676,"Knows","Ksyusha/Ksenia Adukanov","Chegga & Ksyusha's grandfather","1","December","82","83"
677,"Knows","Ksyusha/Ksenia Adukanov","Ksyusha, Alisa & Chegga's grandmother","1","December","82","83"
678,"Knows","Chegga & Ksyusha's mother","Ksyusha, Alisa & Chegga's grandmother","1","December","82","82"
679,"Knows","Chegga & Ksyusha's mother","Chegga & Ksyusha's grandfather","1","December","82","82"
680,"Knows","Chegga & Ksyusha's father","Ksyusha, Alisa & Chegga's grandmother","1","December","82","82"
681,"Knows","Chegga & Ksyusha's father","Chegga & Ksyusha's grandfather","1","December","82","82"
682,"Knows","Ksyusha/Ksenia Adukanov","Reindeer herders","1","December","81","83"
683,"Knows","Ksyusha/Ksenia Adukanov","Reindeer herders","1","December","74","74"
684,"Knows","Denis","Reindeer herders","1","December","74","74"
685,"Knows of","Chander","Reindeer herders","0","December","74","74"
686,"Knows","Chegga & Ksyusha's grandfather","Reindeer herders","1","December","74","74"
687,"Knows","Ksyusha, Alisa & Chegga's grandmother","Reindeer herders","1","December","74","74"
688,"Knows","Natasha/Natalia","Denis","1","December","74","74"
689,"Knows","Katya's father","Reindeer herders","1","December","81","82"
690,"Knows","Chegga/Sergei Adukanov","Reindeer herders","1","December","82","83"
691,"Knows","Chegga & Ksyusha's mother","Reindeer herders","1","December","81","82"
692,"Knows","Ksyusha/Ksenia Adukanov","""kitchen crew""","1","December","82","82"
693,"Knows","Ksyusha, Alisa & Chegga's grandmother","""kitchen crew""","1","December","82","82"
694,"Knows","Ksyusha/Ksenia Adukanov","""the women"" (of the reindeer herd)","1","December","82","82"
695,"Knows","Ksyusha/Ksenia Adukanov","""the men"" (of the reindeer herd)","1","December","82","83"
696,"Knows","Chegga/Sergei Adukanov","""the men"" (of the reindeer herd)","1","December","82","82"
697,"Knows","Natasha/Natalia","Lilia Solodikova","0","January","115","115"
698,"Knows","Alla Innokentevna","Lilia Solodikova","0","January","115","115"
699,"Knows","Alla Innokentevna","Lev","1","January","115","116"
700,"Knows","Alla Innokentevna","Yulka/Yulia","1","January","115","115"
701,"Exchange","Natasha/Natalia","Denis","1","January","116","117"
702,"Exchange","Natasha/Natalia","Anfisa","1","January","116","119"
703,"Knows","Natasha/Natalia","Misha (Anfisa's son)","1","January","116","117"
704,"Knows","Misha (Anfisa's son)","Lev","1","January","116","117"
705,"Knows","Natasha/Natalia","Lev's classmates (111)","1","January","116","116"
706,"Knows","Lev","Lev's classmates (111)","1","January","116","116"
707,"Knows","Misha (Anfisa's son)","Lev's classmates (111)","1","January","116","116"
708,"Knows","Yulka/Yulia","Lev","1","January","116","116"
709,"Knows","Yulka/Yulia","Lev's classmates (111)","1","January","116","116"
710,"Knows","Yulka/Yulia","Misha (Anfisa's son)","1","January","116","116"
711,"Knows","Anfisa","Yuri","1","January","116","116"
712,"Exchange","Anfisa","Alla Innokentevna","1","January","116","116"
713,"Knows","Anfisa","Misha (Anfisa's son)","1","January","116","118"
714,"Exchange","Denis","Anfisa","1","January","116","117"
715,"Knows","Anfisa","Lev","1","January","117","117"
716,"Knows","Ksyusha, Alisa & Chegga's grandmother","Chegga/Sergei Adukanov","1","December","82","83"
717,"Knows","Ksyusha/Ksenia Adukanov","Nadia/Nadezhda","1","December","83","83"
718,"Knows","Ksyusha/Ksenia Adukanov","Ruslan","1","December","83","84"
719,"Knows","Ksyusha/Ksenia Adukanov","Chander","1","December","83","83"
720,"Knows","Ksyusha/Ksenia Adukanov","Native peoples of Kamchatka","1","December","83","83"
721,"Exchange","Alisa","Ksyusha/Ksenia Adukanov","1","December","84","84"
722,"Knows","Ksyusha/Ksenia Adukanov","Alisa","1","December","85","86"
723,"Knows","Alisa","Ruslan","1","December","84","85"
724,"Knows of","Ksyusha/Ksenia Adukanov","Alyona Golosovsky","0","December","84","84"
725,"Knows of","Ksyusha/Ksenia Adukanov","Sophia Golosovsky","0","December","84","84"
726,"Knows of","Ksyusha/Ksenia Adukanov","the kidnapping","0","December","84","84"
727,"Knows of","Alisa","the kidnapping","0","December","84","84"
728,"Knows of","Alisa","Alyona Golosovsky","0","December","84","84"
729,"Knows of","Alisa","Sophia Golosovsky","0","December","84","84"
730,"Knows","Ksyusha/Ksenia Adukanov","Chander","1","December","85","86"
731,"Knows","Ksyusha/Ksenia Adukanov","The dance troupe","1","December","83","83"
732,"Exchange","Margarita Anatolyevna","The dance troupe","1","December","85","85"
733,"Exchange","Margarita Anatolyevna","Chander","1","December","85","85"
734,"Exchange","Chander","The dance troupe","1","December","85","85"
735,"Knows","Ksyusha/Ksenia Adukanov","Margarita Anatolyevna","1","December","85","85"
736,"Knows","Ksyusha/Ksenia Adukanov","The dance troupe","1","December","85","88"
737,"Exchange","Alisa","The dance troupe","1","December","85","85"
738,"Exchange","Chander","Ksyusha/Ksenia Adukanov","1","December","85","85"
739,"Knows of","Chander","""other ensembles""","0","December","85","85"
740,"Knows of","Ksyusha/Ksenia Adukanov","""other ensembles""","0","December","85","85"
741,"Knows","Margarita Anatolyevna","""the university""","1","December","85","85"
742,"Knows of","Chander","""the university""","0","December","85","85"
743,"Knows","""the university""","The dance troupe","1","December","85","85"
744,"Exchange","Ksyusha/Ksenia Adukanov","Ruslan","1","December","85","86"
745,"Knows","Ruslan","Alisa","1","December","86","87"
746,"Knows of","Ruslan","The dance troupe","0","December","86","86"
747,"Knows","Ksyusha/Ksenia Adukanov","""anyone else in their families""","1","December","86","86"
748,"Exchange","Chander","Ksyusha/Ksenia Adukanov","1","December","87","87"
749,"Knows","Chander","The dance troupe","1","December","87","87"
750,"Exchange","Margarita Anatolyevna","The dance troupe","1","December","87","87"
751,"Exchange","Alisa","Ksyusha/Ksenia Adukanov","1","December","87","87"
752,"Knows","Ksyusha/Ksenia Adukanov","Ruslan","1","December","87","88"
753,"Knows","Ksyusha/Ksenia Adukanov","Chander","1","December","88","88"
755,"Exchange","Ksyusha/Ksenia Adukanov","Chander","1","December","89","89"
756,"Knows of","Chander","Ruslan","0","December","89","89"
757,"Exchange","Ksyusha/Ksenia Adukanov","Ruslan","1","December","89","90"
758,"Exchange","Alisa","Ksyusha/Ksenia Adukanov","1","December","89","89"
759,"Exchange","Alisa","Ruslan","1","December","89","89"
760,"Exchange","Margarita Anatolyevna","The dance troupe","1","December","90","90"
761,"Knows","Ksyusha/Ksenia Adukanov","Chander","1","December","90","92"
762,"Exchange","a boy from Achavayam","Margarita Anatolyevna","1","December","90","90"
763,"Knows","a boy from Achavayam","Alisa","1","December","90","90"
764,"Knows","Ksyusha/Ksenia Adukanov","a boy from Achavayam","1","December","90","91"
765,"Exchange","""a girl"" (at dance practice)","Margarita Anatolyevna","1","December","90","90"
766,"Knows","""a girl"" (at dance practice)","Alisa","1","December","90","90"
767,"Exchange","Margarita Anatolyevna","The dance troupe","1","December","90","90"
768,"Exchange","Margarita Anatolyevna","Ksyusha/Ksenia Adukanov","1","December","90","90"
769,"Knows","Ksyusha/Ksenia Adukanov","Alisa","1","December","90","90"
770,"Knows","Ksyusha/Ksenia Adukanov","""the boys"" (of the dance troupe)","1","December","90","92"
771,"Knows","Ksyusha/Ksenia Adukanov","""the other girls"" (of the dance troupe)","1","December","90","91"
772,"Knows","""the boys"" (of the dance troupe)","Alisa","1","December","90","91"
773,"Knows","""the other girls"" (of the dance troupe)","Alisa","1","December","90","91"
774,"Knows","Ksyusha/Ksenia Adukanov","Chegga & Ksyusha's mother","1","December","90","90"
775,"Knows","Ksyusha/Ksenia Adukanov","Alisa's mother","1","December","90","90"
776,"Knows of","Valentina Nikolaevna","tourists (generally)","0","November","24","24"
777,"Knows of","Diana","tourists (generally)","0","November","24","24"
778,"Knows of","Olya/Olga","tourists (generally)","0","November","24","24"
779,"Knows","""the other girls"" (of the dance troupe)","""the boys"" (of the dance troupe)","1","December","90","91"
780,"Knows","Alisa","Ruslan","1","December","91","92"
781,"Exchange","Alisa","Ksyusha/Ksenia Adukanov","1","December","91","91"
782,"Knows","Ksyusha/Ksenia Adukanov","Alisa","1","December","92","92"
783,"Knows","Margarita Anatolyevna","Alisa","1","December","90","91"
784,"Knows","Ksyusha/Ksenia Adukanov","Margarita Anatolyevna","1","December","91","91"
785,"Knows","Ksyusha/Ksenia Adukanov","Chegga & Ksyusha's mother","1","December","92","92"
786,"Knows","Ksyusha/Ksenia Adukanov","Chegga & Ksyusha's father","1","December","92","92"
787,"Knows","Ksyusha/Ksenia Adukanov","Chegga/Sergei Adukanov","1","December","92","92"
788,"Knows","Ksyusha/Ksenia Adukanov","The dance troupe","1","December","90","92"
789,"Knows","Ruslan","Chegga/Sergei Adukanov","1","December","92","92"
790,"Exchange","Kristina","Lada","1","New Year's","93","95"
791,"Exchange","Yegor Gusakov","Lada","1","New Year's","93","94"
792,"Exchange","""a guy at the end of the table""","Kristina","1","New Year's","93","93"
793,"Knows","Kristina","Masha/Mashenka Zakotnova","1","New Year's","93","95"
794,"Knows","Lada","Masha/Mashenka Zakotnova","1","New Year's","93","97"
795,"Knows of","Lada","""someone"" (at NYE party)","1","New Year's","94","94"
796,"Knows","Masha/Mashenka Zakotnova","Masha's parents","1","New Year's","94","94"
797,"Knows","Kristina","Masha's parents","1","New Year's","94","94"
798,"Knows","Lada","Masha's parents","1","New Year's","94","94"
799,"Knows","Kristina","""someone"" (at NYE party)","1","New Year's","94","94"
800,"Exchange","Kristina's cousin","Kristina","1","New Year's","94","94"
802,"Knows","Lada","Kristina's cousin","1","New Year's","94","94"
803,"Knows of","Kristina","Masha's girlfriend/""roommate""","0","New Year's","95","95"
804,"Knows of","Lada","Masha's girlfriend/""roommate""","0","New Year's","95","95"
805,"Knows","Lada","Lada's mother","1","New Year's","95","96"
806,"Knows","Lada","Kristina's mother","1","New Year's","95","95"
807,"Knows","Kristina","Kristina's mother","1","New Year's","95","95"
808,"Exchange","Lada","Yegor Gusakov","1","New Year's","96","97"
809,"Exchange","Natasha/Natalia","Lev","1","January","117","117"
810,"Knows","Natasha/Natalia","Yulka/Yulia","1","January","117","117"
812,"Exchange","Anfisa","Yulka/Yulia","1","January","117","118"
813,"Knows","Anfisa","Denis","1","January","118","119"
814,"Knows","Anfisa","Alla Innokentevna","1","January","118","118"
815,"Knows","Anfisa","Lev","1","January","118","118"
816,"Exchange","Lev","Denis","1","January","119","119"
817,"Knows of","Natasha/Natalia","Anfisa's Parents","0","January","118","118"
818,"Knows","Anfisa's Parents","Misha (Anfisa's son)","1","January","118","118"
819,"Knows","Natasha/Natalia","Denis","1","January","119","120"
820,"Knows","Natasha/Natalia","Lilia Solodikova","1","January","119","119"
821,"Knows","Natasha/Natalia","Lev","1","January","120","121"
822,"Knows","Natasha/Natalia","Yulka/Yulia","1","January","120","121"
823,"Knows","Lev","Yulka/Yulia","1","January","120","120"
824,"Knows","Natasha/Natalia","Yuri","1","January","120","120"
825,"Exchange","Lev","Alla Innokentevna","1","January","120","120"
826,"Exchange","Yulka/Yulia","Alla Innokentevna","1","January","120","120"
827,"Knows of","Alla Innokentevna","Misha (Anfisa's son)","0","January","120","120"
828,"Knows","Natasha/Natalia","Anfisa","1","January","120","120"
829,"Exchange","Natasha/Natalia","Alla Innokentevna","1","January","120","120"
830,"Knows","Natasha/Natalia","Misha (Anfisa's son)","1","January","120","120"
831,"Exchange","Natasha/Natalia","Anfisa","1","January","120","124"
832,"Knows","Anfisa","Yuri","1","January","120","121"
833,"Knows","Anfisa","Misha's father","1","January","120","121"
834,"Knows of","Natasha/Natalia","Misha's father","0","January","120","121"
835,"Knows","Anfisa","Anfisa's Parents","1","January","121","121"
836,"Knows of","Natasha/Natalia","Anfisa's Parents","1","January","121","121"
837,"Knows","Anfisa","Alla Innokentevna","1","January","121","121"
838,"Knows","Anfisa","Yuri","1","January","121","121"
839,"Knows","Natasha/Natalia","Yuri","1","January","121","121"
840,"Knows","Anfisa","Lev","1","January","121","121"
841,"Knows","Anfisa","Yulka/Yulia","1","January","121","121"
842,"Knows","Natasha/Natalia","Oceanographic Researchers","1","January","121","121"
843,"Knows of","Anfisa","Oceanographic Researchers","0","January","121","121"
844,"Knows of","Anfisa","Sophia Golosovsky","0","January","121","123"
845,"Knows of","Anfisa","Alyona Golosovsky","0","January","121","123"
846,"Knows of","Anfisa","the kidnapping","0","January","121","123"
847,"Knows of","Natasha/Natalia","Sophia Golosovsky","0","January","121","123"
848,"Knows of","Natasha/Natalia","Alyona Golosovsky","0","January","121","123"
849,"Knows of","Natasha/Natalia","the kidnapping","1","January","121","123"
850,"Knows of","Anfisa","""a few old drunks""","0","January","121","121"
851,"Knows of","Anfisa","""[the old drunks'] wives""","0","January","121","121"
852,"Knows of","Natasha/Natalia","""a few old drunks""","1","January","121","121"
853,"Knows of","Natasha/Natalia","""[the old drunks'] wives""","0","January","121","121"
854,"Knows","Anfisa","Petropavlovsk Police / Detectives","1","January","121","122"
855,"Knows of","Natasha/Natalia","Petropavlovsk Police / Detectives","0","January","121","122"
856,"Knows of","Petropavlovsk Police / Detectives","the kidnapping","0","January","121","122"
857,"Knows of","Petropavlovsk Police / Detectives","Alyona Golosovsky","0","January","121","122"
858,"Knows of","Petropavlovsk Police / Detectives","Sophia Golosovsky","0","January","121","122"
859,"Knows","Petropavlovsk Police / Detectives","Golosovskaya girls' father","1","January","122","122"
860,"Knows of","Anfisa","Golosovskaya girls' father","0","January","122","122"
861,"Knows of","Natasha/Natalia","Golosovskaya girls' father","0","January","122","122"
862,"Knows","Golosovskaya girls' father","Alyona Golosovsky","1","January","122","122"
863,"Knows","Golosovskaya girls' father","Sophia Golosovsky","1","January","122","122"
864,"Knows of","Golosovskaya girls' father","the kidnapping","0","January","122","122"
865,"Knows","Natasha/Natalia","Lilia Solodikova","1","January","122","122"
866,"Knows","Lilia Solodikova","Alla Innokentevna","1","January","122","122"
867,"Knows","Marina Alexandrovna","Alyona Golosovsky","1","January","122","122"
868,"Knows","Marina Alexandrovna","Sophia Golosovsky","1","January","122","122"
869,"Knows of","Marina Alexandrovna","the kidnapping","0","January","122","122"
870,"Knows","Marina Alexandrovna","Petropavlovsk Police / Detectives","1","January","122","122"
871,"Knows of","Anfisa","Marina Alexandrovna","0","January","122","123"
872,"Knows of","Natasha/Natalia","Marina Alexandrovna","0","January","122","123"
873,"Knows","Natasha/Natalia","Alla Innokentevna","1","January","123","123"
874,"Exchange","Yulka/Yulia","Natasha/Natalia","1","January","123","126"
875,"Knows","Natasha/Natalia","Yuri","1","January","123","126"
876,"Knows","Lilia Solodikova","Lilia's father","1","January","123","123"
877,"Knows","Natasha/Natalia","Lilia's father","1","January","123","123"
878,"Exchange","Natasha/Natalia","Lilia Solodikova","1","January","123","123"
879,"Knows","Yulka/Yulia","Lev","1","January","124","124"
880,"Knows","Yulka/Yulia","Misha (Anfisa's son)","1","January","124","124"
881,"Knows","Lev","Misha (Anfisa's son)","1","January","124","124"
882,"Exchange","Natasha/Natalia","Lev","1","January","124","126"
883,"Knows","Natasha/Natalia","Misha (Anfisa's son)","1","January","124","124"
884,"Knows","Natasha/Natalia","Anfisa","1","January","125","125"
885,"Exchange","Natasha/Natalia","Denis","1","January","125","126"
886,"Knows of","Yulka/Yulia","""a redheaded soap-opera star""","0","January","125","125"
887,"Exchange","Denis","Alla Innokentevna","1","January","125","125"
888,"Exchange","Natasha/Natalia","Alla Innokentevna","1","January","125","126"
889,"Exchange","Lev","Denis","1","January","125","126"
890,"Knows of","Denis","Travis Walton","0","January","125","126"
891,"Knows of","Lev","Travis Walton","0","January","125","126"
892,"Knows of","Denis","Travis Walton's Friends","0","January","125","125"
893,"Knows of","Lev","Travis Walton's Friends","0","January","125","125"
894,"Knows","Travis Walton","Travis Walton's Friends","1","January","125","125"
895,"Knows of","Denis","Aliens","0","January","125","128"
896,"Knows of","Lev","Aliens","0","January","125","125"
897,"Knows","Travis Walton","Aliens","1","January","125","125"
898,"Knows","Travis Walton","""investigators""","1","January","125","125"
899,"Knows of","Denis","""investigators""","0","January","125","125"
900,"Knows of","Lev","""investigators""","0","January","125","125"
901,"Knows of","Natasha/Natalia","Travis Walton","0","January","126","126"
902,"Knows of","Natasha/Natalia","Aliens","0","January","126","127"
903,"Knows","Denis","Lilia Solodikova","1","January","126","126"
904,"Knows","Natasha/Natalia","Lilia Solodikova","1","January","126","126"
905,"Knows of","Lev","Lilia Solodikova","1","January","126","126"
906,"Knows","Natasha/Natalia","Misha (Anfisa's son)","1","January","126","126"
907,"Knows","Lev","Misha (Anfisa's son)","1","January","126","126"
908,"Exchange","Natasha/Natalia","Anfisa","1","January","126","130"
909,"Knows","Anfisa","Denis","1","January","126","130"
910,"Knows","Anfisa","Lev","1","January","126","126"
911,"Knows","Denis","Alla Innokentevna","1","January","127","127"
912,"Knows","Natasha/Natalia","Denis","1","January","126","132"
913,"Exchange","Natasha/Natalia","Lilia Solodikova","1","January","127","127"
914,"Knows","Natasha/Natalia","Lev","1","January","127","127"
915,"Knows of","Anfisa","Aliens","0","January","127","127"
916,"Knows of","Lilia Solodikova","Aliens","1","January","127","127"
917,"Knows","Denis","Lilia Solodikova","1","January","127","127"
918,"Knows","Denis","Lilia Solodikova","1","January","128","128"
919,"Knows of","Anfisa","Lilia Solodikova","0","January","128","130"
920,"Knows of","Natasha/Natalia","Sophia Golosovsky","0","January","128","128"
921,"Knows of","Natasha/Natalia","Alyona Golosovsky","0","January","128","128"
922,"Knows of","Natasha/Natalia","the kidnapping","0","January","128","128"
923,"Knows of","Anfisa","Sophia Golosovsky","0","January","128","128"
924,"Knows of","Anfisa","Alyona Golosovsky","0","January","128","128"
925,"Knows of","Anfisa","the kidnapping","0","January","128","128"
926,"Knows of","Alla Innokentevna","Sophia Golosovsky","0","January","128","128"
927,"Knows of","Alla Innokentevna","Alyona Golosovsky","0","January","128","128"
928,"Knows of","Alla Innokentevna","the kidnapping","0","January","128","128"
929,"Knows","Lilia Solodikova","people that Lilia dated","1","January","128","128"
930,"Knows of","Natasha/Natalia","people that Lilia dated","0","January","128","128"
931,"Knows of","Anfisa","people that Lilia dated","0","January","128","128"
932,"Knows","Natasha/Natalia","Yuri","1","January","128","128"
933,"Knows","Yuri","Lilia Solodikova","1","January","128","128"
934,"Knows of","Denis","Sophia Golosovsky","0","January","128","128"
935,"Knows of","Denis","Alyona Golosovsky","0","January","128","128"
936,"Knows of","Denis","the kidnapping","0","January","128","128"
937,"Knows","Natasha/Natalia","""village women"" (of Esso)","1","January","129","129"
938,"Knows of","""village women"" (of Esso)","Lilia Solodikova","1","January","129","129"
939,"Knows","Natasha/Natalia","Lev","1","January","130","130"
940,"Knows","Natasha/Natalia","Yulka/Yulia","1","January","130","130"
941,"Knows","Natasha/Natalia","Alla Innokentevna","1","January","130","131"
942,"Knows","Natasha/Natalia","Yuri","1","January","130","130"
943,"Exchange","Natasha/Natalia","Yulka/Yulia","1","January","131","132"
944,"Exchange","Natasha/Natalia","Lev","1","January","131","132"
945,"Knows of","Denis","Aliens","0","January","131","132"
946,"Knows of","Natasha/Natalia","Aliens","1","January","131","132"
947,"Knows of","Lev","Aliens","0","January","131","132"
948,"Knows of","Yulka/Yulia","Aliens","0","January","131","132"
949,"Exchange","Yulka/Yulia","Denis","1","January","131","132"
950,"Exchange","Lev","Yulka/Yulia","1","January","132","132"
951,"Exchange","Revmira","Artyom","1","February","133","138"
952,"Knows","Revmira","Gleb","1","February","133","133"
953,"Knows","Revmira","Gleb","1","February","136","141"
954,"Knows","Artyom","Kolya/Nikolai Danilovich / Lieutenant Ryakhovsky","1","February","134","136"
955,"Knows","Revmira","Kolya/Nikolai Danilovich / Lieutenant Ryakhovsky","1","February","134","136"
956,"Exchange","Revmira","Alla Innokentevna","1","February","134","136"
957,"Knows","Artyom","Alla Innokentevna","1","February","134","136"
958,"Knows","Revmira","Lilia Solodikova","1","February","134","136"
959,"Knows","Artyom","Lilia Solodikova","1","February","134","136"
960,"Knows of","Kolya/Nikolai Danilovich / Lieutenant Ryakhovsky","Lilia Solodikova","0","February","134","136"
961,"Knows of","Revmira","Petropavlovsk Police / Detectives","0","February","134","134"
962,"Knows of","Petropavlovsk Police / Detectives","Alyona Golosovsky","0","February","134","134"
963,"Knows of","Petropavlovsk Police / Detectives","Sophia Golosovsky","0","February","134","134"
964,"Knows of","Petropavlovsk Police / Detectives","the kidnapping","1","February","134","134"
965,"Knows of","Revmira","Alyona Golosovsky","0","February","134","136"
966,"Knows of","Revmira","Sophia Golosovsky","0","February","134","136"
967,"Knows of","Revmira","the kidnapping","0","February","134","136"
968,"Knows of","Artyom","Alyona Golosovsky","0","February","134","134"
969,"Knows of","Artyom","Sophia Golosovsky","0","February","134","134"
970,"Knows of","Artyom","the kidnapping","0","February","134","134"
971,"Knows","Artyom","civilians of Petropavlosk","1","February","134","134"
972,"Knows of","civilians of Petropavlosk","Alyona Golosovsky","0","February","134","134"
973,"Knows of","civilians of Petropavlosk","Sophia Golosovsky","0","February","134","134"
974,"Knows of","civilians of Petropavlosk","Sophia Golosovsky","0","February","134","134"
975,"Knows of","civilians of Petropavlosk","the kidnapping","0","February","134","134"
976,"Knows of","Petropavlovsk Police / Detectives","""drunk drivers and petty arsonists"" (134)","0","February","134","135"
977,"Knows","Alla Innokentevna","Lilia Solodikova","1","February","134","136"
978,"Knows","Revmira","Revmira's Father","1","February","135","135"
979,"Knows","Alla Innokentevna","Revmira's Father","1","February","135","135"
980,"Knows of","Revmira","Esso Police/Village Officers","0","February","135","135"
981,"Knows of","Alla Innokentevna","Esso Police/Village Officers","0","February","135","135"
982,"Knows of","Esso Police/Village Officers","Alyona Golosovsky","0","February","135","135"
983,"Knows of","Esso Police/Village Officers","Sophia Golosovsky","0","February","135","135"
984,"Knows of","Esso Police/Village Officers","the kidnapping","0","February","135","135"
985,"Knows of","Esso Police/Village Officers","Lilia Solodikova","0","February","135","135"
986,"Knows","Alla Innokentevna","Natasha/Natalia","1","February","135","135"
987,"Knows","Revmira","Natasha/Natalia","1","February","135","135"
988,"Knows of","Natasha/Natalia","the kidnapper","0","February","135","135"
989,"Knows of","Alla Innokentevna","the kidnapper","0","February","135","135"
990,"Knows of","Revmira","the kidnapper","0","February","135","135"
991,"Knows of","Esso Police/Village Officers","people that Lilia dated","0","February","135","135"
992,"Knows","Alla Innokentevna","Denis","1","February","135","135"
993,"Knows","Kolya/Nikolai Danilovich / Lieutenant Ryakhovsky","civilians of Petropavlosk","1","February","136","136"
994,"Knows","Kolya/Nikolai Danilovich / Lieutenant Ryakhovsky","Yevgeny Pavlovich Kulik (the major general)","1","February","136","136"
995,"Knows","Artyom","Yevgeny Pavlovich Kulik (the major general)","1","February","136","136"
996,"Knows","Revmira","Yevgeny Pavlovich Kulik (the major general)","0","February","136","136"
997,"Knows","Revmira","Revmira's Father","1","February","137","137"
998,"Knows","Revmira","Revmira and Gleb's Friends","1","February","137","137"
999,"Knows","Gleb","Revmira and Gleb's Friends","1","February","137","137"
1000,"Knows","Gleb","Vera Vasilievna (Gleb's Mother)","1","February","137","139"
1001,"Exchange","Revmira","Vera Vasilievna (Gleb's Mother)","1","February","137","139"
1002,"Knows","Revmira","Revmira's Grandfather","1","February","138","138"
1003,"Knows","Revmira","Revmira's Father","1","February","138","141"
1004,"Knows","Revmira","Revmira's Friend (139)","1","February","139","139"
1005,"Knows of","Revmira","Gorbachev","0","February","139","139"
1006,"Exchange","Revmira","""the other nurse""","1","February","139","139"
1007,"Knows of","""the other nurse""","Gleb","0","February","139","139"
1008,"Exchange","Revmira","two men (139)","1","February","139","139"
1009,"Knows","Revmira","Valentina Nikolaevna","1","February","139","139"
1010,"Knows","Revmira","teenager whose appendix burst (139)","1","February","139","139"
1011,"Knows","Revmira","injured snowboarder","1","February","139","139"
1012,"Knows","Revmira","man with crossbow injury","1","February","140","140"
1013,"Knows","Revmira","Doctors","1","February","140","140"
1014,"Knows","Revmira","Artyom","1","February","140","146"
1015,"Knows","Revmira","Alla Innokentevna","1","February","140","140"
1016,"Knows","Revmira","Lilia Solodikova","1","February","140","140"
1017,"Knows","Alla Innokentevna","Lilia Solodikova","1","February","140","140"
1018,"Knows","Revmira","a hundred patients","1","February","141","141"
1019,"Knows","Revmira","Vera Vasilievna (Gleb's Mother)","1","February","141","141"
1020,"Exchange","Revmira","Inna (Artyom's Teammate's Wife)","1","February","141","144"
1021,"Knows","Inna (Artyom's Teammate's Wife)","Artyom","1","February","142","144"
1022,"Knows","Revmira","Artyom's Team Medic","0","February","142","142"
1023,"Knows","Inna (Artyom's Teammate's Wife)","Artyom's Team Medic","0","February","142","142"
1024,"Knows","Artyom","Artyom's Team Medic","1","February","142","142"
1025,"Knows of","Inna (Artyom's Teammate's Wife)","a lost skier","0","February","142","142"
1026,"Knows of","Revmira","a lost skier","0","February","142","142"
1027,"Knows of","Artyom","a lost skier","0","February","142","142"
1028,"Knows","Artyom","Artyom's Rescue Teammates","1","February","142","142"
1029,"Knows of","Artyom's Rescue Teammates","a lost skier","0","February","142","142"
1030,"Knows","Revmira","a trainee (142)","1","February","142","142"
1031,"Knows of","Revmira","Alyona Golosovsky","0","February","143","143"
1032,"Knows of","Revmira","Sophia Golosovsky","0","February","143","143"
1033,"Knows of","Revmira","the kidnapping","0","February","143","143"
1034,"Knows of","Artyom","Alyona Golosovsky","0","February","143","143"
1035,"Knows of","Artyom","Sophia Golosovsky","0","February","143","143"
1036,"Knows of","Artyom","the kidnapping","0","February","143","143"
1037,"Knows of","Revmira","the kidnapper","0","February","143","143"
1038,"Knows of","Artyom","the kidnapper","0","February","143","143"
1039,"Exchange","Revmira","Artyom's Sister","1","February","144","144"
1040,"Knows","Artyom's Sister","Artyom","1","February","144","144"
1041,"Knows","Revmira","a bus driver","0","February","145","145"
1042,"Knows","Artyom","a bus driver","0","February","145","145"
1043,"Knows","Revmira","Gleb","1","February","145","146"
1044,"Exchange","Revmira","Inna (Artyom's Teammate's Wife)","1","February","146","146"
1045,"Exchange","Nadia/Nadezhda","Mila/Ludmila","1","March","147","155"
1046,"Knows","Nadia/Nadezhda","a pilot","1","March","147","147"
1047,"Knows of","a pilot","Mila/Ludmila","0","March","147","147"
1048,"Exchange","Nadia/Nadezhda","Chegga/Sergei Adukanov","1","March","147","147"
1049,"Knows","Nadia's father","Mila/Ludmila","1","March","148","148"
1050,"Knows","Mila/Ludmila","Baba / Nadia's Mother","1","March","148","148"
1051,"Knows","Nadia/Nadezhda","Nadia's father","1","March","148","148"
1052,"Exchange","Nadia/Nadezhda","Baba / Nadia's Mother","1","March","148","149"
1053,"Knows","Mila/Ludmila","Chegga/Sergei Adukanov","1","March","148","150"
1054,"Knows","Nadia/Nadezhda","Chegga/Sergei Adukanov","1","March","148","150"
1055,"Exchange","Nadia/Nadezhda","Baba / Nadia's Mother","1","March","148","150"
1056,"Knows of","Nadia/Nadezhda","Rihanna","0","March","148","148"
1057,"Knows of","Mila/Ludmila","Rihanna","0","March","148","148"
1058,"Knows","Baba / Nadia's Mother","Chegga/Sergei Adukanov","1","March","148","150"
1059,"Exchange","Mila/Ludmila","Nadia's father","1","March","149","149"
1060,"Knows","Baba / Nadia's Mother","""other passengers""","0","March","148","149"
1061,"Knows","Nadia/Nadezhda","Ksyusha/Ksenia Adukanov","1","March","149","149"
1062,"Knows","Nadia's father","Chegga/Sergei Adukanov","1","March","149","150"
1063,"Knows","Chegga & Ksyusha's father","Chegga/Sergei Adukanov","1","March","151","151"
1064,"Knows","Nadia/Nadezhda","Chegga & Ksyusha's father","1","March","151","151"
1065,"Knows","Chegga/Sergei Adukanov","Ksyusha/Ksenia Adukanov","1","March","151","151"
1066,"Exchange","Nadia/Nadezhda","Chegga & Ksyusha's mother","1","March","151","151"
1067,"Knows","Chegga & Ksyusha's mother","Chegga/Sergei Adukanov","1","March","151","151"
1068,"Knows","Mila/Ludmila","Ksyusha/Ksenia Adukanov","1","March","151","151"
1069,"Knows","Mila/Ludmila","Ruslan","0","March","151","151"
1070,"Knows","Nadia/Nadezhda","Ksyusha/Ksenia Adukanov","1","March","151","151"
1071,"Exchange","Nadia/Nadezhda","Ruslan","1","March","151","151"
1072,"Exchange","Chegga/Sergei Adukanov","Ruslan","1","March","151","152"
1073,"Knows","Ksyusha/Ksenia Adukanov","Ruslan","1","March","151","151"
1074,"Knows","Chegga/Sergei Adukanov","""other villagers"" (in Esso)","0","March","151","151"
1075,"Knows","Ruslan","""other villagers"" (in Esso)","0","March","151","151"
1076,"Exchange","Nadia/Nadezhda","Chegga/Sergei Adukanov","1","March","151","152"
1077,"Knows","Ruslan","Yegor Gusakov","1","March","151","152"
1078,"Knows","Chegga/Sergei Adukanov","Yegor Gusakov","1","March","151","152"
1079,"Knows of","Nadia/Nadezhda","Yegor Gusakov","0","March","151","152"
1080,"Knows","Ksyusha/Ksenia Adukanov","Yegor Gusakov","1","March","152","152"
1081,"Knows","Chegga/Sergei Adukanov","Lilia Solodikova","1","March","152","152"
1082,"Knows","Ruslan","Lilia Solodikova","1","March","152","152"
1083,"Knows","Ksyusha/Ksenia Adukanov","Lilia Solodikova","1","March","152","152"
1084,"Knows","Yegor Gusakov","Lilia Solodikova","1","March","152","152"
1085,"Exchange","Chegga/Sergei Adukanov","Nadia/Nadezhda","1","March","152","152"
1086,"Exchange","Ruslan","Ksyusha/Ksenia Adukanov","1","March","152","152"
1087,"Knows","Nadia/Nadezhda","Baba / Nadia's Mother","1","March","152","152"
1088,"Knows","Nadia/Nadezhda","Nadia's father","1","March","152","152"
1089,"Exchange","Mila/Ludmila","Baba / Nadia's Mother","1","March","153","153"
1090,"Exchange","Nadia/Nadezhda","Baba / Nadia's Mother","1","March","153","153"
1091,"Exchange","Nadia/Nadezhda","Nadia's father","1","March","153","153"
1092,"Knows","Baba / Nadia's Mother","Nadia's father","1","March","153","153"
1093,"Knows","Nadia/Nadezhda","Chegga/Sergei Adukanov","1","March","153","156"
1094,"Knows","Mila/Ludmila","Chegga/Sergei Adukanov","1","March","153","156"
1095,"Knows","Nadia/Nadezhda","Baba / Nadia's Mother","1","March","154","154"
1096,"Knows","Nadia/Nadezhda","Nadia's father","1","March","154","154"
1097,"Knows","Mila/Ludmila","Baba / Nadia's Mother","1","March","154","154"
1098,"Knows","Nadia's father","Mila/Ludmila","1","March","154","154"
1099,"Knows","Nadia/Nadezhda","School Attendant (154-155)","1","March","154","155"
1100,"Knows","Nadia's father","School Attendant (154-155)","1","March","154","155"
1101,"Exchange","Nadia/Nadezhda","Slava Bychkov","1","March","156","160"
1102,"Exchange","Nadia/Nadezhda","Baba / Nadia's Mother","1","March","156","157"
1103,"Knows","Slava Bychkov","Slava Bychkov's Aunt","1","March","156","156"
1104,"Knows","Nadia/Nadezhda","Slava Bychkov's Aunt","1","March","156","156"
1105,"Knows","Nadia/Nadezhda","Mila/Ludmila","1","March","158","159"
1106,"Knows of","Slava Bychkov","Mila/Ludmila","0","March","156","156"
1107,"Knows","Nadia/Nadezhda","Nadia's father","1","March","156","157"
1108,"Knows","Slava Bychkov","Baba / Nadia's Mother","1","March","156","156"
1109,"Knows","Slava Bychkov","Nadia's father","1","March","156","156"
1110,"Knows","Nadia's father","Mila/Ludmila","1","March","156","157"
1111,"Knows","Nadia/Nadezhda","Sberbank Manager (156-57)","1","March","156","157"
1112,"Knows of","Nadia/Nadezhda","Stalin","0","March","157","157"
1113,"Knows of","Baba / Nadia's Mother","Stalin","0","March","157","157"
1114,"Knows of","Nadia's father","Stalin","1","March","157","157"
1115,"Knows","Mila/Ludmila","Baba / Nadia's Mother","1","March","157","157"
1116,"Knows","Nadia/Nadezhda","Chegga/Sergei Adukanov","1","March","158","161"
1117,"Exchange","Slava Bychkov","waiter (158)","1","March","158","159"
1118,"Exchange","Nadia/Nadezhda","waiter (158)","1","March","158","159"
1119,"Knows","Slava Bychkov","Baba / Nadia's Mother","1","March","158","159"
1120,"Knows","Slava Bychkov","Slava's (ex) wife","1","March","158","158"
1121,"Knows of","Nadia/Nadezhda","Slava's (ex) wife","1","March","158","158"
1122,"Knows of","Slava Bychkov","Chegga/Sergei Adukanov","1","March","159","159"
1123,"Knows","Nadia/Nadezhda","Baba / Nadia's Mother","1","March","158","161"
1124,"Knows","Nadia/Nadezhda","Lilia Solodikova","1","March","159","159"
1125,"Knows","Slava Bychkov","Mila/Ludmila","0","March","159","159"
1126,"Knows","Nadia/Nadezhda","Slava Bychkov's Brothers","1","March","159","159"
1127,"Knows","Nadia/Nadezhda","Slava Bychkov's Parents","1","March","159","159"
1128,"Knows","Slava Bychkov","Slava Bychkov's Brothers","1","March","159","159"
1129,"Knows","Slava Bychkov","Slava Bychkov's Parents","1","March","159","159"
1131,"Exchange","Nadia/Nadezhda","Nadia's father","1","March","160","161"
1132,"Knows","Mila/Ludmila","Nadia's father","1","March","160","161"
1133,"Knows","Mila/Ludmila","Baba / Nadia's Mother","1","March","160","161"
1134,"Exchange","a Ukrainian commuter (161)","a reporter (161)","1","March","161","161"
1135,"Knows","Baba / Nadia's Mother","a Ukrainian commuter (161)","0","March","161","161"
1136,"Knows of","Nadia's father","a Ukrainian commuter (161)","0","March","161","161"
1137,"Knows","Baba / Nadia's Mother","a reporter (161)","1","March","161","161"
1138,"Knows of","Nadia's father","a reporter (161)","0","March","161","161"
1139,"Exchange","Nadia/Nadezhda","Mila/Ludmila","1","March","160","162"
1140,"Exchange","Nadia/Nadezhda","Chegga/Sergei Adukanov","1","March","161","163"
1141,"Knows","Chegga/Sergei Adukanov","Nadia's father","1","March","162","162"
1142,"Knows","Chegga/Sergei Adukanov","Baba / Nadia's Mother","1","March","162","162"
1143,"Knows","Nadia/Nadezhda","Baba / Nadia's Mother","1","March","162","162"
1144,"Knows","Nadia/Nadezhda","Nadia's father","1","March","162","162"
1145,"Knows","Nadia/Nadezhda","Chegga & Ksyusha's mother","1","March","162","162"
1146,"Knows","Chegga/Sergei Adukanov","Chegga & Ksyusha's mother","1","March","162","162"
1147,"Knows","Chegga/Sergei Adukanov","Mila/Ludmila","1","March","162","162"
1148,"Knows","Chegga/Sergei Adukanov","Lilia Solodikova","1","March","163","164"
1149,"Knows","Nadia/Nadezhda","Lilia Solodikova","1","March","163","164"
1150,"Exchange","Nadia/Nadezhda","Ksyusha/Ksenia Adukanov","1","March","163","164"
1151,"Knows","Ksyusha/Ksenia Adukanov","Chegga/Sergei Adukanov","1","March","163","164"
1152,"Knows","Nadia/Nadezhda","Chegga/Sergei Adukanov","1","March","163","165"
1153,"Knows","Ksyusha/Ksenia Adukanov","Ruslan","1","March","163","163"
1154,"Knows","Nadia/Nadezhda","Ruslan","1","March","163","163"
1155,"Knows","Ksyusha/Ksenia Adukanov","Lilia Solodikova","1","March","163","163"
1156,"Knows of","Nadia/Nadezhda","Yegor Gusakov","0","March","163","163"
1157,"Exchange","Nadia/Nadezhda","Chegga/Sergei Adukanov","1","March","164","164"
1158,"Knows","Nadia/Nadezhda","Mila/Ludmila","1","March","164","166"
1159,"Knows","Chegga/Sergei Adukanov","Mila/Ludmila","1","March","164","164"
1160,"Exchange","Nadia/Nadezhda","Slava Bychkov","1","March","164","165"
1161,"Knows of","Slava Bychkov","Mila/Ludmila","0","March","164","165"
1162,"Knows","Nadia/Nadezhda","Mila's biological father","1","March","164","164"
1163,"Knows of","Slava Bychkov","Mila's biological father","1","March","164","164"
1164,"Exchange","Nadia/Nadezhda","Baba / Nadia's Mother","1","March","165","171"
1165,"Knows","Baba / Nadia's Mother","""the nurses""","1","March","166","166"
1166,"Knows","Baba / Nadia's Mother","""the neighbors""","1","March","166","166"
1167,"Exchange","Nadia/Nadezhda","Mila/Ludmila","1","March","166","171"
1168,"Exchange","Nadia/Nadezhda","Nadia's father","1","March","167","171"
1169,"Knows","Mila/Ludmila","Nadia's father","1","March","167","170"
1170,"Knows","Nadia/Nadezhda","Slava Bychkov","1","March","167","168"
1171,"Knows","Mila/Ludmila","Chegga/Sergei Adukanov","1","March","167","167"
1172,"Knows","Nadia/Nadezhda","Chegga/Sergei Adukanov","1","March","167","168"
1173,"Knows","Mila/Ludmila","Baba / Nadia's Mother","1","March","168","170"
1174,"Knows","Nadia/Nadezhda","Chegga & Ksyusha's father","1","March","168","168"
1175,"Exchange","Nadia/Nadezhda","Slava Bychkov","1","March","169","170"
1176,"Exchange","Baba / Nadia's Mother","Slava Bychkov","1","March","169","169"
1177,"Knows","Baba / Nadia's Mother","Slava Bychkov's Brothers","1","March","169","169"
1178,"Knows","Slava Bychkov","Mila/Ludmila","0","March","169","169"
1179,"Knows","Mila/Ludmila","Chegga/Sergei Adukanov","1","March","170","171"
1180,"Knows","Nadia/Nadezhda","Chegga/Sergei Adukanov","1","March","170","171"
1181,"Knows","Zoya","Working men (172)","1","April","172","175"
1182,"Exchange","Zoya","Kolya/Nikolai Danilovich / Lieutenant Ryakhovsky","1","April","172","173"
1183,"Knows","Zoya","Sasha/Alexandra","1","April","172","176"
1184,"Knows","Kolya/Nikolai Danilovich / Lieutenant Ryakhovsky","Sasha/Alexandra","1","April","172","173"
1185,"Knows of","Zoya","Alyona Golosovsky","0","April","174","174"
1186,"Knows of","Zoya","Sophia Golosovsky","0","April","174","174"
1187,"Knows of","Zoya","the kidnapping","0","April","174","174"
1188,"Knows of","Kolya/Nikolai Danilovich / Lieutenant Ryakhovsky","Alyona Golosovsky","0","April","174","174"
1189,"Knows of","Kolya/Nikolai Danilovich / Lieutenant Ryakhovsky","Sophia Golosovsky","0","April","174","174"
1190,"Knows of","Kolya/Nikolai Danilovich / Lieutenant Ryakhovsky","the kidnapping","0","April","174","174"
1191,"Knows","Zoya","Zoya's Coworkers (174)","1","April","174","174"
1192,"Knows","Zoya's Coworkers (174)","Kolya/Nikolai Danilovich / Lieutenant Ryakhovsky","1","April","174","174"
1193,"Knows of","Zoya's Coworkers (174)","Alyona Golosovsky","0","April","174","174"
1194,"Knows of","Zoya's Coworkers (174)","Sophia Golosovsky","0","April","174","174"
1195,"Knows of","Zoya's Coworkers (174)","the kidnapping","1","April","174","174"
1196,"Exchange","Zoya","Sasha/Alexandra","1","April","174","174"
1197,"Knows","Zoya","Kolya/Nikolai Danilovich / Lieutenant Ryakhovsky","1","April","175","175"
1198,"Exchange","Zoya","Tatyana Yurievna","1","April","175","175"
1199,"Exchange","Tatyana Yurievna","Sasha/Alexandra","1","April","175","175"
1200,"Knows","Zoya","Masha/Mashenka Zakotnova","1","April","176","176"
1201,"Knows","Kolya/Nikolai Danilovich / Lieutenant Ryakhovsky","Masha/Mashenka Zakotnova","1","April","176","176"
1202,"Exchange","Zoya","Kolya/Nikolai Danilovich / Lieutenant Ryakhovsky","1","April","176","176"
1203,"Knows","Zoya","Zoya's Coworkers (174)","1","April","176","176"
1204,"Knows","Zoya's Coworkers (174)","Sasha/Alexandra","1","April","176","176"
1205,"Knows","Zoya","Tatyana Yurievna","1","April","177","177"
1206,"Knows","Zoya","Kolya/Nikolai Danilovich / Lieutenant Ryakhovsky","1","April","177","177"
1207,"Exchange","Zoya","Working men (172)","1","April","177","177"
1208,"Exchange","Zoya","Tatyana Yurievna","1","April","178","179"
1209,"Knows","Tatyana Yurievna","Working men (172)","0","April","178","179"
1210,"Knows of","Zoya","Alyona Golosovsky","0","April","178","178"
1211,"Knows of","Zoya","Sophia Golosovsky","0","April","178","178"
1212,"Knows of","Tatyana Yurievna","Alyona Golosovsky","0","April","178","178"
1213,"Knows of","Tatyana Yurievna","Sophia Golosovsky","0","April","178","178"
1214,"Knows of","Zoya","the kidnapping","0","April","178","178"
1215,"Knows of","Tatyana Yurievna","the kidnapping","0","April","178","178"
1216,"Knows","Tatyana Yurievna","Sasha/Alexandra","1","April","178","180"
1217,"Knows","Zoya","Working men (172)","1","April","178","180"
1218,"Knows","Tatyana Yurievna","Kolya/Nikolai Danilovich / Lieutenant Ryakhovsky","1","April","178","179"
1219,"Knows","Zoya","Kolya/Nikolai Danilovich / Lieutenant Ryakhovsky","1","April","178","180"
1220,"Knows","Zoya","Sasha/Alexandra","1","April","178","182"
1221,"Exchange","Zoya","Kolya/Nikolai Danilovich / Lieutenant Ryakhovsky","1","April","181","189"
1222,"Exchange","Kolya/Nikolai Danilovich / Lieutenant Ryakhovsky","Fedya","1","April","181","183"
1223,"Exchange","Kolya/Nikolai Danilovich / Lieutenant Ryakhovsky","Fedya","1","April","185","186"
1224,"Exchange","Kolya/Nikolai Danilovich / Lieutenant Ryakhovsky","Dima","1","April","181","183"
1225,"Exchange","Kolya/Nikolai Danilovich / Lieutenant Ryakhovsky","Dima","1","April","185","186"
1226,"Exchange","Fedya","Dima","1","April","181","183"
1227,"Exchange","Fedya","Dima","1","April","185","186"
1228,"Exchange","Anfisa","Kolya/Nikolai Danilovich / Lieutenant Ryakhovsky","1","April","181","183"
1229,"Exchange","Anfisa","Kolya/Nikolai Danilovich / Lieutenant Ryakhovsky","1","April","185","186"
1230,"Exchange","Anfisa","Dima","1","April","181","183"
1231,"Exchange","Anfisa","Dima","1","April","185","186"
1232,"Exchange","Anfisa","Fedya","1","April","181","183"
1233,"Exchange","Anfisa","Fedya","1","April","185","186"
1234,"Exchange","Zoya","Fedya","1","April","181","183"
1235,"Exchange","Zoya","Fedya","1","April","185","186"
1236,"Exchange","Zoya","Dima","1","April","181","183"
1237,"Knows","Zoya","Dima","1","April","185","186"
1238,"Exchange","Zoya","Anfisa","1","April","181","183"
1239,"Knows","Zoya","Anfisa","1","April","185","186"
1240,"Knows","Kolya/Nikolai Danilovich / Lieutenant Ryakhovsky","Sasha/Alexandra","1","April","181","181"
1241,"Knows","Fedya","Sasha/Alexandra","1","April","181","181"
1242,"Knows","Dima","Sasha/Alexandra","1","April","181","181"
1243,"Knows","Anfisa","Sasha/Alexandra","1","April","181","181"
1244,"Knows of","Kolya/Nikolai Danilovich / Lieutenant Ryakhovsky","Alyona Golosovsky","0","April","181","183"
1245,"Knows of","Kolya/Nikolai Danilovich / Lieutenant Ryakhovsky","Sophia Golosovsky","0","April","181","183"
1246,"Knows of","Kolya/Nikolai Danilovich / Lieutenant Ryakhovsky","the kidnapping","0","April","181","183"
1247,"Knows of","Fedya","Alyona Golosovsky","0","April","181","183"
1248,"Knows","Fedya","Sophia Golosovsky","0","April","181","183"
1249,"Knows of","Fedya","the kidnapping","1","April","181","183"
1250,"Knows of","Dima","Alyona Golosovsky","0","April","181","183"
1251,"Knows of","Dima","Sophia Golosovsky","0","April","181","183"
1252,"Knows of","Dima","the kidnapping","0","April","181","183"
1253,"Knows of","Anfisa","Alyona Golosovsky","0","April","181","183"
1254,"Knows of","Anfisa","Sophia Golosovsky","0","April","181","183"
1255,"Knows of","Anfisa","the kidnapping","0","April","181","183"
1256,"Knows of","Zoya","Alyona Golosovsky","0","April","181","184"
1257,"Knows of","Zoya","Sophia Golosovsky","0","April","181","184"
1258,"Knows of","Zoya","the kidnapping","0","April","181","184"
1259,"Knows","Yevgeny Pavlovich Kulik (the major general)","Kolya/Nikolai Danilovich / Lieutenant Ryakhovsky","0","April","181","182"
1260,"Knows","Yevgeny Pavlovich Kulik (the major general)","Fedya","1","April","181","182"
1261,"Knows","Yevgeny Pavlovich Kulik (the major general)","Dima","1","April","181","182"
1262,"Knows","Yevgeny Pavlovich Kulik (the major general)","Anfisa","1","April","181","182"
1263,"Knows of","Yevgeny Pavlovich Kulik (the major general)","Alyona Golosovsky","0","April","181","181"
1264,"Knows of","Yevgeny Pavlovich Kulik (the major general)","Sophia Golosovsky","0","April","181","181"
1265,"Knows of","Yevgeny Pavlovich Kulik (the major general)","the kidnapping","0","April","181","181"
1266,"Knows","Kolya/Nikolai Danilovich / Lieutenant Ryakhovsky","Oksana","1","April","182","182"
1267,"Knows","Fedya","Oksana","1","April","182","182"
1268,"Knows of","Dima","Oksana","0","April","182","182"
1269,"Knows of","Anfisa","Oksana","0","April","182","182"
1270,"Knows of","Zoya","Oksana","0","April","182","182"
1271,"Knows of","Oksana","Alyona Golosovsky","0","April","182","182"
1272,"Knows of","Oksana","Sophia Golosovsky","0","April","182","182"
1273,"Knows of","Oksana","the kidnapping","0","April","182","182"
1274,"Knows of","Kolya/Nikolai Danilovich / Lieutenant Ryakhovsky","Vandals","0","April","185","186"
1275,"Knows","Fedya","Vandals","0","April","185","186"
1276,"Knows of","Dima","Vandals","0","April","185","186"
1277,"Knows of","Anfisa","Vandals","0","April","185","186"
1278,"Knows of","Zoya","Vandals","0","April","185","186"
1279,"Knows","Zoya","Working men (172)","0","April","186","188"
1280,"Knows of","Kolya/Nikolai Danilovich / Lieutenant Ryakhovsky","Alyona Golosovsky","0","April","187","187"
1281,"Knows of","Kolya/Nikolai Danilovich / Lieutenant Ryakhovsky","Sophia Golosovsky","0","April","187","187"
1282,"Knows of","Kolya/Nikolai Danilovich / Lieutenant Ryakhovsky","the kidnapping","0","April","187","187"
1283,"Knows of","Zoya","Alyona Golosovsky","0","April","187","187"
1284,"Knows of","Zoya","Sophia Golosovsky","0","April","187","187"
1285,"Knows of","Zoya","the kidnapping","0","April","187","187"
1286,"Knows","Zoya","Sasha/Alexandra","1","April","187","187"
1287,"Knows","Zoya","Tatyana Yurievna","1","April","187","187"
1288,"Knows","Zoya","Fedya","1","April","188","188"
1289,"Knows of","Zoya","Vandals","0","April","188","188"
1290,"Knows","Yegor Gusakov","Tolik","1","New Year's","96","96"
1291,"Knows","Lada","Tolik","0","New Year's","96","96"
1292,"Knows","Yegor Gusakov","Yegor's uncle","1","New Year's","96","96"
1293,"Knows","Tolik","Yegor's uncle","1","New Year's","96","96"
1294,"Knows of","Lada","Yegor's uncle","0","New Year's","96","96"
1295,"Knows of","Yegor Gusakov","Lada's mother","0","New Year's","96","96"
1296,"Knows","Lada","Kristina","1","New Year's","97","101"
1297,"Knows","Lada","a girl ""from Lada and Kristina's graduating class""","1","New Year's","97","97"
1298,"Knows","Kristina","a girl ""from Lada and Kristina's graduating class""","1","New Year's","97","97"
1299,"Knows","Lada","Kristina's cousin","1","New Year's","97","97"
1300,"Knows","Lada","Kristina's boyfriend","1","New Year's","97","97"
1301,"Knows","Kristina","Kristina's boyfriend","1","New Year's","97","97"
1302,"Knows","Lada","Zoya","1","New Year's","97","97"
1303,"Knows","Kristina","Zoya","1","New Year's","97","97"
1304,"Knows","Zoya","Kolya/Nikolai Danilovich / Lieutenant Ryakhovsky","1","New Year's","97","97"
1305,"Knows of","Lada","Kolya/Nikolai Danilovich / Lieutenant Ryakhovsky","1","New Year's","97","97"
1306,"Knows of","Lada","""another five [people in the sauna]""","1","New Year's","97","97"
1307,"Knows of","Lada","Alyona Golosovsky","0","New Year's","97","97"
1308,"Knows of","Lada","Sophia Golosovsky","0","New Year's","97","97"
1309,"Knows of","Lada","the kidnapping","0","New Year's","97","97"
1310,"Knows","Lada","Masha's mother","1","New Year's","97","97"
1311,"Knows","Masha/Mashenka Zakotnova","Masha's mother","1","New Year's","97","97"
1312,"Exchange","Kristina","""the group"" (friends at NYE party)","1","New Year's","97","98"
1313,"Knows","Kristina","Zoya","1","New Year's","98","98"
1314,"Exchange","Kristina","Masha/Mashenka Zakotnova","1","New Year's","98","98"
1315,"Knows","Kristina","Kolya/Nikolai Danilovich / Lieutenant Ryakhovsky","1","New Year's","98","98"
1316,"Knows","Kristina","Tolik","1","New Year's","98","98"
1317,"Knows","Kristina","Volodya","1","New Year's","98","98"
1318,"Knows","Kristina","Ira","1","New Year's","98","98"
1319,"Knows","Kristina","Andryukha","1","New Year's","98","98"
1320,"Knows","Kristina","Yegor Gusakov","1","New Year's","98","98"
1321,"Exchange","Masha/Mashenka Zakotnova","Lada","1","New Year's","98","101"
1322,"Knows","Lada","Zoya","1","New Year's","98","98"
1323,"Knows","Lada","Kolya/Nikolai Danilovich / Lieutenant Ryakhovsky","1","New Year's","98","98"
1324,"Knows","Lada","Tolik","1","New Year's","98","98"
1325,"Knows","Lada","Volodya","1","New Year's","98","98"
1326,"Knows","Lada","Ira","1","New Year's","98","98"
1327,"Knows","Lada","Andryukha","1","New Year's","98","98"
1328,"Knows","Lada's mother","Masha/Mashenka Zakotnova","1","New Year's","98","98"
1329,"Exchange","""someone"" (also at NYE party)","Masha/Mashenka Zakotnova","1","New Year's","98","98"
1330,"Exchange","Kristina","""someone"" (also at NYE party)","1","New Year's","98","98"
1331,"Exchange","""one of the girls"" (at NYE party)","Masha/Mashenka Zakotnova","1","New Year's","98","98"
1332,"Exchange","Kolya/Nikolai Danilovich / Lieutenant Ryakhovsky","Masha/Mashenka Zakotnova","1","New Year's","98","98"
1333,"Knows of","Lada","""somebody in [the sauna]""","1","New Year's","98","98"
1334,"Knows","Lada","Yegor Gusakov","1","New Year's","98","99"
1335,"Exchange","Kristina","""the group"" (friends at NYE party)","1","New Year's","98","98"
1336,"Knows of","Lada","""a boy on the dance floor""","0","New Year's","98","98"
1337,"Knows","Kristina","""a boy on the dance floor""","1","New Year's","98","98"
1338,"Exchange","Yegor Gusakov","Masha/Mashenka Zakotnova","1","New Year's","99","99"
1339,"Knows of","Lada","""another five [people in the sauna]""","1","New Year's","99","99"
1340,"Knows","Lada","Kristina's boyfriend","1","New Year's","99","99"
1341,"Knows","Lada","Kristina's cousin","1","New Year's","99","99"
1342,"Exchange","Kristina","Kristina's cousin","1","New Year's","99","99"
1343,"Knows","Kristina","Kristina's boyfriend","1","New Year's","99","99"
1344,"Knows of","Lada","""a girl Lada didn't know""","1","New Year's","99","99"
1345,"Exchange","Masha/Mashenka Zakotnova","Kristina's boyfriend","1","New Year's","99","99"
1346,"Knows","Kristina's boyfriend","Kostya","1","New Year's","99","99"
1347,"Knows of","Masha/Mashenka Zakotnova","Kostya","0","New Year's","99","99"
1348,"Knows","Lada","Kostya","1","New Year's","99","99"
1349,"Exchange","Kristina","Yegor Gusakov","1","New Year's","99","100"
1350,"Exchange","Kristina's cousin","Yegor Gusakov","1","New Year's","99","100"
1351,"Exchange","""a girl Lada didn't know""","Lada","1","New Year's","99","99"
1352,"Exchange","Yegor Gusakov","Lada","1","New Year's","100","100"
1353,"Exchange","Oksana","Malysh (Oksana's dog)","0","May","190","195"
1354,"Exchange","Oksana","Max/Maxim","1","May","191","194"
1355,"Knows","Oksana","Anton","1","May","192","195"
1356,"Exchange","Max/Maxim","Anton","1","May","192","192"
1357,"Knows","Max/Maxim","Romanovich","1","May","192","192"
1358,"Knows","Anton","Romanovich","1","May","192","192"
1359,"Knows","Oksana","Romanovich","1","May","192","192"
1360,"Exchange","Oksana","Katya/Ekaterina","1","May","192","194"
1361,"Knows","Max/Maxim","Katya/Ekaterina","1","May","192","194"
1362,"Exchange","Oksana","""two elderly women""","1","May","192","192"
1363,"Knows of","""two elderly women""","Malysh (Oksana's dog)","0","May","192","192"
1364,"Knows","Max/Maxim","Malysh (Oksana's dog)","1","May","193","197"
1365,"Knows","Katya/Ekaterina","Malysh (Oksana's dog)","1","May","193","194"
1366,"Knows","Anton","Malysh (Oksana's dog)","1","May","193","195"
1367,"Knows","Oksana","Oksana's Coworker","1","May","194","194"
1368,"Knows","Oksana's Coworker","Malysh (Oksana's dog)","1","May","194","194"
1369,"Knows of","Oksana","Alyona Golosovsky","0","May","195","198"
1370,"Knows of","Oksana","Sophia Golosovsky","0","May","195","198"
1371,"Knows of","Oksana","the kidnapping","0","May","195","198"
1372,"Knows of","Anton","Alyona Golosovsky","0","May","196","196"
1373,"Knows of","Anton","Sophia Golosovsky","0","May","196","196"
1374,"Knows of","Anton","the kidnapping","0","May","196","196"
1375,"Knows of","Oksana","the kidnapper","0","May","196","197"
1376,"Knows","Oksana","Oksana's colleagues","1","May","196","196"
1377,"Knows","Oksana","Oksana's friends","1","May","196","196"
1378,"Knows of","Oksana's colleagues","Alyona Golosovsky","0","May","196","196"
1379,"Knows of","Oksana's colleagues","Sophia Golosovsky","0","May","196","196"
1380,"Knows of","Oksana's colleagues","the kidnapping","0","May","196","196"
1381,"Knows of","Oksana's friends","Alyona Golosovsky","0","May","196","196"
1382,"Knows of","Oksana's friends","Sophia Golosovsky","0","May","196","196"
1383,"Knows of","Oksana's friends","the kidnapping","0","May","196","196"
1384,"Exchange","Oksana","Kolya/Nikolai Danilovich / Lieutenant Ryakhovsky","1","May","196","197"
1385,"Knows of","Kolya/Nikolai Danilovich / Lieutenant Ryakhovsky","Alyona Golosovsky","0","May","196","197"
1386,"Knows of","Kolya/Nikolai Danilovich / Lieutenant Ryakhovsky","Sophia Golosovsky","0","May","196","197"
1387,"Knows of","Kolya/Nikolai Danilovich / Lieutenant Ryakhovsky","the kidnapping","0","May","196","197"
1388,"Exchange","Oksana","Katya/Ekaterina","1","May","196","198"
1389,"Knows","Katya/Ekaterina","Malysh (Oksana's dog)","1","March","196","197"
1390,"Exchange","Oksana","Max/Maxim","1","May","197","198"
1391,"Knows","Max/Maxim","Romanovich","1","May","197","197"
1392,"Knows","Oksana","Romanovich","1","May","197","197"
1393,"Exchange","Oksana","Anton","1","May","198","201"
1394,"Knows","Oksana","Oksana's colleagues","1","May","198","198"
1395,"Knows","Anton","Malysh (Oksana's dog)","1","May","198","200"
1396,"Knows","Oksana","Oksana's classmates","1","May","199","199"
1397,"Knows","Oksana","Oksana's father","1","May","199","200"
1398,"Knows","Oksana","Oksana's mother","1","May","199","200"
1399,"Knows","Oksana's father","Oksana's mother","1","May","199","200"
1400,"Exchange","Oksana","Katya/Ekaterina","1","May","200","202"
1401,"Exchange","Oksana","Max/Maxim","1","May","200","202"
1402,"Exchange","Max/Maxim","Katya/Ekaterina","1","May","200","202"
1403,"Knows","Oksana","Kolya/Nikolai Danilovich / Lieutenant Ryakhovsky","1","May","200","201"
1404,"Knows","Oksana","Marina Alexandrovna","1","May","203","203"
1405,"Knows","Marina Alexandrovna","Alyona Golosovsky","1","May","203","203"
1406,"Knows","Marina Alexandrovna","Sophia Golosovsky","1","May","203","203"
1407,"Knows of","Marina Alexandrovna","the kidnapping","0","May","203","203"
1408,"Knows of","Oksana","Alyona Golosovsky","0","May","203","203"
1409,"Knows of","Oksana","Sophia Golosovsky","0","May","203","203"
1410,"Knows of","Oksana","the kidnapping","0","May","203","203"
1411,"Exchange","Marina Alexandrovna","Eva","1","June","204","208"
1412,"Exchange","Marina Alexandrovna","Petya","1","June","204","209"
1413,"Exchange","Eva","Petya","1","June","204","209"
1414,"Knows","Marina Alexandrovna","Alyona Golosovsky","1","June","205","207"
1415,"Knows","Marina Alexandrovna","Sophia Golosovsky","1","June","205","207"
1416,"Knows of","Marina Alexandrovna","the kidnapping","0","June","205","207"
1417,"Knows","Marina Alexandrovna","Marina's doctor (205)","1","June","205","205"
1418,"Knows of","Marina's doctor (205)","Alyona Golosovsky","0","June","205","205"
1419,"Knows of","Marina's doctor (205)","Sophia Golosovsky","1","June","205","205"
1420,"Knows of","Marina's doctor (205)","the kidnapping","0","June","205","205"
1421,"Knows","Marina Alexandrovna","Marina's grandfather","1","June","205","206"
1422,"Knows","Marina Alexandrovna","Marina's grandmother","1","June","205","206"
1423,"Exchange","Marina's editor (205)","Marina Alexandrovna","1","June","205","205"
1424,"Knows of","Marina's editor (205)","Eva","1","June","205","205"
1425,"Knows of","Marina's editor (205)","Petya","1","June","205","205"
1426,"Exchange","Kristina's cousin","Masha/Mashenka Zakotnova","1","New Year's","100","103"
1427,"Exchange","Kristina","Masha/Mashenka Zakotnova","1","New Year's","101","103"
1428,"Exchange","Lada","Masha/Mashenka Zakotnova","1","New Year's","103","106"
1429,"Knows","Kristina","Masha's family","1","New Year's","101","101"
1430,"Knows","Masha/Mashenka Zakotnova","Masha's family","1","New Year's","101","101"
1431,"Knows","Lada","Masha's parents","1","New Year's","101","101"
1432,"Knows","Lada","Vanya","1","New Year's","101","101"
1433,"Knows","Masha/Mashenka Zakotnova","Vanya","1","New Year's","101","102"
1434,"Knows","Kristina","Vanya","1","New Year's","101","102"
1435,"Knows of","Kristina's cousin","Vanya","1","New Year's","101","101"
1436,"Knows","Vanya","Masha's parents","1","New Year's","101","101"
1437,"Knows of","Kristina's cousin","""Kamchatka men""","0","New Year's","102","102"
1438,"Knows of","Masha/Mashenka Zakotnova","""Kamchatka men""","0","New Year's","102","102"
1439,"Knows of","Lada","""Kamchatka men""","0","New Year's","102","102"
1440,"Exchange","Yegor Gusakov","Lada","1","New Year's","102","103"
1441,"Knows of","Lada","Sherlock Holmes","0","New Year's","103","103"
1442,"Knows of","Kristina's cousin","lesbians","0","New Year's","103","103"
1443,"Knows of","Kristina","lesbians","0","New Year's","103","103"
1444,"Knows of","Masha/Mashenka Zakotnova","lesbians","0","New Year's","103","103"
1445,"Knows of","Lada","lesbians","0","New Year's","103","103"
1446,"Exchange","Kristina","Kristina's cousin","1","New Year's","102","103"
1447,"Exchange","Kristina's cousin","Lada","1","New Year's","103","103"
1448,"Exchange","Kristina","Lada","1","New Year's","102","103"
1449,"Exchange","Kristina","Kristina's boyfriend","1","New Year's","102","102"
1450,"Exchange","Kristina","Yegor Gusakov","1","New Year's","102","102"
1451,"Knows","Lada","Kristina's cousin","1","New Year's","104","104"
1452,"Knows","Masha/Mashenka Zakotnova","Kristina's cousin","1","New Year's","104","104"
1453,"Knows","Masha/Mashenka Zakotnova","Masha's parents","1","New Year's","104","104"
1454,"Knows","Lada","Masha's parents","1","New Year's","104","104"
1455,"Knows","Masha/Mashenka Zakotnova","Kristina","1","New Year's","104","104"
1456,"Knows","Lada","Kristina","1","New Year's","104","104"
1457,"Knows","Masha/Mashenka Zakotnova","Masha's girlfriend/""roommate""","1","New Year's","104","104"
1458,"Knows of","Lada","Masha's girlfriend/""roommate""","0","New Year's","104","104"
1459,"Knows","Masha/Mashenka Zakotnova","Masha's girlfriend/""roommate""","1","New Year's","95","95"
1460,"Knows","Lada","Kolya/Nikolai Danilovich / Lieutenant Ryakhovsky","1","New Year's","104","104"
1461,"Knows","Lada","""big familiar men""","1","New Year's","104","104"
1462,"Knows of","Lada","""one person up the Okhotsk coast""","0","New Year's","105","105"
1463,"Knows of","Lada","the kidnapping","0","New Year's","105","105"
1464,"Knows of","Lada","Alyona Golosovsky","0","New Year's","105","105"
1465,"Knows of","Lada","Sophia Golosovsky","0","New Year's","105","105"
1466,"Knows","Lada","Kristina's cousin","1","New Year's","106","106"
1467,"Knows","Lada","""the group"" (friends at NYE party)","1","New Year's","105","105"
1468,"Exchange","Marina Alexandrovna","Yevgeny Pavlovich Kulik (the major general)","1","June","207","207"
1469,"Knows of","Yevgeny Pavlovich Kulik (the major general)","Alyona Golosovsky","0","June","207","207"
1470,"Knows of","Yevgeny Pavlovich Kulik (the major general)","Sophia Golosovsky","0","June","207","207"
1471,"Knows of","Yevgeny Pavlovich Kulik (the major general)","the kidnapping","0","June","207","207"
1472,"Knows of","Marina's editor (205)","Nurgenek Festival organizers","0","June","205","205"
1473,"Knows of","Marina Alexandrovna","Nurgenek Festival organizers","0","June","205","205"
1474,"Knows","Marina Alexandrovna","Marina's Father","1","June","207","207"
1475,"Knows","Marina Alexandrovna","Marina's Mother","1","June","207","207"
1476,"Knows","Lada","Yegor Gusakov","1","New Year's","106","106"
1477,"Knows of","Marina Alexandrovna","men convicted of sex crimes (207)","0","June","207","207"
1478,"Exchange","Marina Alexandrovna","Alla Innokentevna","1","June","208","210"
1479,"Exchange","Eva","Alla Innokentevna","1","June","208","210"
1480,"Knows","Marina Alexandrovna","Petya","1","June","208","209"
1481,"Knows of","Alla Innokentevna","""salmon poachers""","0","June","209","210"
1482,"Knows of","Marina Alexandrovna","""salmon poachers""","0","June","209","210"
1483,"Knows","Marina Alexandrovna","Alyona Golosovsky","1","June","210","211"
1484,"Knows","Marina Alexandrovna","Sophia Golosovsky","1","June","210","211"
1485,"Knows","Marina Alexandrovna","Golosovskaya girls' father","1","June","210","210"
1486,"Knows","Alyona Golosovsky","Golosovskaya girls' father","1","June","210","210"
1487,"Knows","Sophia Golosovsky","Golosovskaya girls' father","1","June","210","210"
1488,"Exchange","Marina Alexandrovna","dishwashing teenagers","1","June","210","211"
1489,"Knows","Marina Alexandrovna","Eva","1","June","210","211"
1491,"Knows of","Marina Alexandrovna","Lilia Solodikova","0","June","210","211"
1492,"Knows of","Alla Innokentevna","Alyona Golosovsky","0","June","210","210"
1493,"Knows of","Alla Innokentevna","Sophia Golosovsky","0","June","210","210"
1494,"Knows of","Alla Innokentevna","the kidnapping","0","June","210","210"
1495,"Knows of","Eva","Lilia Solodikova","0","June","210","210"
1496,"Knows","Alla Innokentevna","Lilia Solodikova","1","June","210","210"
1497,"Knows","Marina Alexandrovna","Yevgeny Pavlovich Kulik (the major general)","1","June","211","211"
1498,"Knows","Marina Alexandrovna","Petya","1","June","211","211"
1499,"Knows","Marina Alexandrovna","Marina's Father","1","June","211","212"
1500,"Knows","Marina Alexandrovna","Marina's grandfather","1","June","212","212"
1501,"Knows","Marina Alexandrovna","Marina's grandmother","1","June","212","212"
1502,"Knows","Marina's Father","Marina's grandfather","1","June","211","212"
1503,"Knows","Marina's Father","Marina's grandmother","1","June","211","212"
1504,"Exchange","Marina Alexandrovna","Eva","1","June","212","213"
1505,"Exchange","Marina Alexandrovna","Petya","1","June","212","212"
1506,"Exchange","Eva","Petya","1","June","212","212"
1507,"Exchange","Marina Alexandrovna","Alla Innokentevna","1","June","212","213"
1508,"Knows","Alla Innokentevna","two other woman (212)","1","June","212","212"
1509,"Knows","Marina Alexandrovna","two other woman (212)","1","June","212","212"
1510,"Exchange","Marina Alexandrovna","the cook","1","June","212","213"
1511,"Knows","Alla Innokentevna","the cook","1","June","212","213"
1512,"Knows of","Marina Alexandrovna","Natasha/Natalia","0","June","213","213"
1513,"Knows of","Marina Alexandrovna","Denis","0","June","213","213"
1514,"Knows","Alla Innokentevna","Natasha/Natalia","1","June","213","213"
1515,"Knows","Alla Innokentevna","Denis","1","June","213","213"
1516,"Exchange","Alla Innokentevna","Eva","1","June","213","213"
1517,"Knows","Marina Alexandrovna","Petya","1","June","213","213"
1518,"Knows","Petya","Eva","1","June","213","213"
1520,"Knows","Eva","the cook","1","June","213","213"
1521,"Knows","Marina Alexandrovna","Alyona Golosovsky","1","June","214","217"
1522,"Knows","Marina Alexandrovna","Sophia Golosovsky","1","June","214","217"
1523,"Knows of","Marina Alexandrovna","Oksana","1","June","214","215"
1524,"Knows of","Oksana","Alyona Golosovsky","0","June","214","215"
1525,"Knows of","Oksana","Sophia Golosovsky","0","June","214","215"
1526,"Knows","Marina Alexandrovna","Marina's neighbours","1","June","214","214"
1527,"Knows of","Marina's neighbours","Alyona Golosovsky","0","June","214","214"
1528,"Knows of","Marina's neighbours","Sophia Golosovsky","0","June","214","214"
1529,"Knows of","Marina's neighbours","the kidnapping","0","June","214","214"
1530,"Knows","Marina Alexandrovna","librarians (214)","1","June","214","214"
1531,"Knows of","librarians (214)","Alyona Golosovsky","0","June","214","214"
1532,"Knows of","librarians (214)","Sophia Golosovsky","0","June","214","214"
1533,"Knows of","librarians (214)","the kidnapping","0","June","214","214"
1534,"Knows","Marina Alexandrovna","staff at the Ministry of Internal Affairs (214)","1","June","214","214"
1535,"Knows of","staff at the Ministry of Internal Affairs (214)","Alyona Golosovsky","0","June","214","214"
1536,"Knows of","staff at the Ministry of Internal Affairs (214)","Sophia Golosovsky","0","June","214","214"
1537,"Knows of","staff at the Ministry of Internal Affairs (214)","the kidnapping","0","June","214","214"
1538,"Knows of","Marina Alexandrovna","Malysh (Oksana's dog)","0","June","214","215"
1539,"Knows","Marina Alexandrovna","Petropavlovsk Police / Detectives","1","June","214","215"
1540,"Knows","Golosovskaya girls' father","Petropavlovsk Police / Detectives","1","June","214","215"
1541,"Knows","Marina Alexandrovna","Golosovskaya girls' father","1","June","214","215"
1542,"Knows","Golosovskaya girls' father","Alyona Golosovsky","1","June","214","216"
1543,"Knows","Golosovskaya girls' father","Sophia Golosovsky","1","June","214","216"
1544,"Knows of","Golosovskaya girls' father","the kidnapping","0","June","214","215"
1545,"Exchange","Yevgeny Pavlovich Kulik (the major general)","Marina Alexandrovna","1","June","214","215"
1546,"Knows of","Yevgeny Pavlovich Kulik (the major general)","Alyona Golosovsky","0","June","214","215"
1547,"Knows of","Yevgeny Pavlovich Kulik (the major general)","Sophia Golosovsky","0","June","214","215"
1548,"Knows of","Yevgeny Pavlovich Kulik (the major general)","the kidnapping","0","June","214","215"
1549,"Knows","Yevgeny Pavlovich Kulik (the major general)","Oksana","1","June","215","215"
1550,"Knows of","Marina Alexandrovna","Yegor Gusakov","0","June","215","215"
1551,"Knows of","Oksana","Yegor Gusakov","0","June","215","215"
1552,"Exchange","Marina Alexandrovna","Golosovskaya girls' father","1","June","216","216"
1553,"Knows","Marina Alexandrovna","Marina's Father","1","June","216","216"
1554,"Knows","Marina Alexandrovna","Marina's Mother","1","June","216","216"
1555,"Knows","Marina's Father","Alyona Golosovsky","1","June","216","217"
1556,"Knows","Marina's Father","Sophia Golosovsky","1","June","216","217"
1557,"Knows","Marina's Mother","Alyona Golosovsky","1","June","216","217"
1558,"Knows","Marina's Mother","Sophia Golosovsky","1","June","216","217"
1559,"Knows","Marina Alexandrovna","Marina's Friends","1","June","217","217"
1560,"Knows","Marina Alexandrovna","Alla Innokentevna","1","June","217","217"
1561,"Exchange","Marina Alexandrovna","Petya","1","June","217","218"
1562,"Knows","Petya","Eva","1","June","217","218"
1563,"Knows","Marina Alexandrovna","Eva","1","June","217","218"
1564,"Exchange","Alla Innokentevna","teenagers (218)","1","June","218","218"
1565,"Exchange","Alla Innokentevna","""narrow-eyed villagers""","1","June","218","218"
1566,"Exchange","Alla Innokentevna","Russians (generally??)","1","June","218","218"
1567,"Exchange","Marina Alexandrovna","Eva","1","June","219","220"
1568,"Exchange","Marina Alexandrovna","the cook","1","June","219","219"
1569,"Exchange","Marina Alexandrovna","a vendor (219)","1","June","219","219"
1570,"Exchange","Marina Alexandrovna","Chegga/Sergei Adukanov","1","June","219","220"
1571,"Knows","Marina Alexandrovna","Petya","1","June","220","220"
1572,"Exchange","Marina Alexandrovna","Eva","1","June","220","220"
1573,"Knows","Marina Alexandrovna","Alyona Golosovsky","1","June","220","221"
1574,"Knows","Marina Alexandrovna","Sophia Golosovsky","1","June","220","221"
1575,"Knows","Marina Alexandrovna","Marina's Friends","1","June","220","220"
1576,"Knows","Marina Alexandrovna","Marina's colleagues","1","June","221","221"
1577,"Knows of","Marina's colleagues","Alyona Golosovsky","0","June","221","221"
1578,"Knows of","Marina's colleagues","Sophia Golosovsky","0","June","221","221"
1579,"Knows of","Marina's colleagues","the kidnapping","1","June","221","221"
1580,"Knows","Marina Alexandrovna","Marina's Father","1","June","221","221"
1581,"Knows","Marina Alexandrovna","Marina's Mother","1","June","221","221"
1582,"Knows","artisan (221)","boy (221)","1","June","221","221"
1583,"Knows","Marina Alexandrovna","artisan (221)","1","June","221","221"
1584,"Knows","Marina Alexandrovna","boy (221)","1","June","221","221"
1585,"Knows","Marina Alexandrovna","Chegga/Sergei Adukanov","1","June","221","221"
1586,"Knows","Marina Alexandrovna","Marina's editor (205)","1","June","221","221"
1587,"Knows","Marina Alexandrovna","Eva","1","June","221","221"
1588,"Knows","Alla Innokentevna","Russians (generally??)","1","June","221","221"
1589,"Exchange","Marina Alexandrovna","Alla Innokentevna","1","June","222","224"
1590,"Exchange","Alla Innokentevna","Eva","1","June","222","222"
1591,"Knows","Eva","Petya","1","June","222","222"
1592,"Knows","Alla Innokentevna","Petya","1","June","222","222"
1593,"Knows","Marina Alexandrovna","Petya","1","June","222","222"
1594,"Knows","Marina Alexandrovna","Marina's grandfather","1","June","222","222"
1595,"Knows","Marina Alexandrovna","Marina's grandmother","1","June","222","222"
1596,"Knows","Alla Innokentevna","Natasha/Natalia","1","June","223","223"
1597,"Knows of","Marina Alexandrovna","Natasha/Natalia","0","June","223","223"
1598,"Knows of","Alla Innokentevna","Alyona Golosovsky","0","June","223","225"
1599,"Knows of","Alla Innokentevna","Sophia Golosovsky","0","June","223","225"
1600,"Knows of","Alla Innokentevna","the kidnapping","0","June","223","225"
1601,"Knows","Alla Innokentevna","Lilia Solodikova","1","June","223","224"
1602,"Knows of","Marina Alexandrovna","Lilia Solodikova","0","June","223","224"
1603,"Knows of","Eva","Lilia Solodikova","0","June","223","223"
1604,"Knows","Alla Innokentevna","Esso Police/Village Officers","1","June","223","223"
1605,"Knows of","Esso Police/Village Officers","Lilia Solodikova","0","June","223","223"
1606,"Knows of","Alla Innokentevna","Petropavlovsk Police / Detectives","0","June","223","224"
1607,"Knows","Marina Alexandrovna","Petropavlovsk Police / Detectives","1","June","223","224"
1608,"Knows of","Petropavlovsk Police / Detectives","Alyona Golosovsky","0","June","223","224"
1609,"Knows of","Petropavlovsk Police / Detectives","Sophia Golosovsky","1","June","223","224"
1610,"Knows of","Petropavlovsk Police / Detectives","the kidnapping","0","June","223","224"
1611,"Knows","Alla Innokentevna","Eva","1","June","224","224"
1612,"Knows","Marina Alexandrovna","Eva","1","June","224","224"
1613,"Knows","Marina Alexandrovna","Marina's editor (205)","1","June","225","225"
1614,"Knows","Marina Alexandrovna","Petya","1","June","225","226"
1615,"Knows","Alla Innokentevna","Petya","1","June","225","225"
1616,"Knows","Marina Alexandrovna","Alyona Golosovsky","1","June","225","231"
1617,"Knows","Marina Alexandrovna","Sophia Golosovsky","1","June","225","231"
1618,"Exchange","Marina Alexandrovna","Eva","1","June","225","227"
1619,"Knows","Eva","Petya","1","June","226","226"
1620,"Exchange","Marina Alexandrovna","the cook","1","June","227","227"
1621,"Knows","Chegga/Sergei Adukanov","Eva","1","June","227","227"
1622,"Knows of","Chegga/Sergei Adukanov","Alyona Golosovsky","0","June","227","230"
1623,"Exchange","Marina Alexandrovna","Chegga/Sergei Adukanov","1","June","227","230"
1624,"Knows of","Marina Alexandrovna","Yegor Gusakov","0","June","228","229"
1625,"Knows of","Chegga/Sergei Adukanov","Yegor Gusakov","0","June","228","229"
1626,"Knows","Chegga/Sergei Adukanov","Alla Innokentevna","1","June","229","229"
1627,"Knows","Marina Alexandrovna","Alla Innokentevna","1","June","229","229"
1628,"Knows of","Chegga/Sergei Adukanov","Lilia Solodikova","0","June","229","229"
1629,"Knows of","Marina Alexandrovna","Lilia Solodikova","0","June","229","229"
1630,"Knows of","Marina Alexandrovna","the kidnapping","0","June","225","231"
1631,"Knows of","Chegga/Sergei Adukanov","the kidnapping","0","June","225","230"
1632,"Exchange","Marina Alexandrovna","Petya","1","June","231","232"
1633,"Knows","Marina Alexandrovna","Eva","1","June","231","231"
1634,"Knows","Petya","Eva","1","June","231","231"
1635,"Knows","Chegga/Sergei Adukanov","Yegor Gusakov","1","June","232","238"
1636,"Knows of","Marina Alexandrovna","Yegor Gusakov","1","June","232","242"
1637,"Knows","Yegor Gusakov","Alla Innokentevna","1","June","232","232"
1638,"Knows","Chegga/Sergei Adukanov","Alla Innokentevna","1","June","232","232"
1639,"Knows","Marina Alexandrovna","Alla Innokentevna","1","June","232","232"
1640,"Knows","Alla Innokentevna","Lilia Solodikova","1","June","232","232"
1641,"Knows of","Marina Alexandrovna","Lilia Solodikova","0","June","232","234"
1642,"Knows","Chegga/Sergei Adukanov","Lilia Solodikova","1","June","232","234"
1643,"Knows","Marina Alexandrovna","Alyona Golosovsky","1","June","233","247"
1644,"Knows","Marina Alexandrovna","Sophia Golosovsky","1","June","233","247"
1645,"Knows of","Chegga/Sergei Adukanov","Alyona Golosovsky","0","June","233","245"
1646,"Knows of","Chegga/Sergei Adukanov","Sophia Golosovsky","0","June","233","245"
1647,"Knows of","Marina Alexandrovna","the kidnapping","0","June","233","247"
1648,"Knows of","Chegga/Sergei Adukanov","the kidnapping","0","June","233","245"
1649,"Knows","Marina Alexandrovna","Yevgeny Pavlovich Kulik (the major general)","1","June","233","234"
1650,"Knows","Marina Alexandrovna","Oksana","1","June","233","233"
1651,"Exchange","Marina Alexandrovna","Petya","1","June","234","235"
1652,"Knows","Petya","Chegga/Sergei Adukanov","1","June","234","235"
1653,"Knows","Eva","Chegga/Sergei Adukanov","1","June","234","235"
1654,"Knows","Marina Alexandrovna","Eva","1","June","234","235"
1655,"Knows","Petya","Eva","1","June","234","235"
1656,"Knows","Petya","Alyona Golosovsky","1","June","234","235"
1657,"Knows","Petya","Sophia Golosovsky","1","June","234","235"
1658,"Knows","Petya","Alla Innokentevna","1","June","234","235"
1659,"Knows of","Petya","Lilia Solodikova","0","June","234","234"
1660,"Exchange","Marina Alexandrovna","Alla Innokentevna","1","June","235","238"
1662,"Knows of","Marina Alexandrovna","Yegor Gusakov","0","June","235","235"
1663,"Knows","Alla Innokentevna","Eva","1","June","236","236"
1664,"Knows of","Marina Alexandrovna","Lilia Solodikova","1","June","236","240"
1665,"Exchange","Alla Innokentevna","Natasha/Natalia","1","June","236","238"
1666,"Knows","Natasha/Natalia","Lilia Solodikova","1","June","236","237"
1667,"Knows","Chegga/Sergei Adukanov","Natasha/Natalia","1","June","236","236"
1668,"Exchange","Marina Alexandrovna","Natasha/Natalia","1","June","236","236"
1669,"Knows of","Natasha/Natalia","Alyona Golosovsky","0","June","236","236"
1670,"Knows of","Natasha/Natalia","Sophia Golosovsky","0","June","236","236"
1671,"Knows of","Natasha/Natalia","the kidnapping","0","June","236","236"
1672,"Knows","Alla Innokentevna","Yegor Gusakov","1","June","236","238"
1674,"Knows","Chegga/Sergei Adukanov","Denis","1","June","236","237"
1675,"Knows","Alla Innokentevna","Denis","1","June","236","237"
1676,"Knows","Alla Innokentevna","Chegga & Ksyusha's mother","1","June","236","236"
1677,"Knows","Chegga & Ksyusha's mother","Chegga/Sergei Adukanov","1","June","236","236"
1678,"Knows","Chegga/Sergei Adukanov","Lilia Solodikova","1","June","237","240"
1679,"Knows","Alla Innokentevna","Lilia Solodikova","1","June","235","238"
1680,"Knows of","Alla Innokentevna","Alyona Golosovsky","0","June","238","238"
1681,"Knows of","Alla Innokentevna","Sophia Golosovsky","0","June","238","238"
1682,"Knows","Marina Alexandrovna","Eva","1","June","238","238"
1683,"Exchange","Marina Alexandrovna","Natasha/Natalia","1","June","238","238"
1684,"Exchange","Chegga/Sergei Adukanov","Natasha/Natalia","1","June","239","241"
1685,"Knows","Chegga/Sergei Adukanov","Yegor Gusakov","1","June","239","240"
1686,"Knows of","Natasha/Natalia","Yegor Gusakov","1","June","239","240"
1687,"Exchange","Petya","Natasha/Natalia","1","June","239","239"
1688,"Exchange","Eva","Natasha/Natalia","1","June","239","239"
1689,"Exchange","Eva","Petya","1","June","239","239"
1690,"Knows","Natasha/Natalia","Lilia Solodikova","1","June","239","240"
1691,"Knows of","Petya","Lilia Solodikova","0","June","239","240"
1692,"Knows","Eva","Esso Police/Village Officers","1","June","239","239"
1693,"Knows","Natasha/Natalia","Esso Police/Village Officers","1","June","239","239"
1694,"Knows","Marina Alexandrovna","Esso Police/Village Officers","1","June","239","239"
1695,"Exchange","Petya","Marina Alexandrovna","1","June","239","240"
1696,"Exchange","Marina Alexandrovna","Natasha/Natalia","1","June","240","241"
1697,"Knows","Marina Alexandrovna","Alla Innokentevna","1","June","240","240"
1698,"Knows","Natasha/Natalia","Alla Innokentevna","1","June","240","241"
1699,"Knows","Petya","Eva","1","June","240","243"
1701,"Knows","Marina Alexandrovna","Alyona Golosovsky","1","June","240","240"
1702,"Knows","Marina Alexandrovna","Sophia Golosovsky","1","June","240","240"
1703,"Knows of","Natasha/Natalia","Alyona Golosovsky","0","June","240","240"
1704,"Knows of","Natasha/Natalia","the kidnapping","1","June","240","240"
1705,"Knows","Marina Alexandrovna","the kidnapping","0","June","240","240"
1706,"Knows of","Natasha/Natalia","the kidnapping","1","June","240","240"
1707,"Knows","Natasha/Natalia","Lev","1","June","240","240"
1708,"Knows","Natasha/Natalia","Yulka/Yulia","1","June","240","240"
1709,"Knows of","Marina Alexandrovna","Lev","1","June","240","240"
1710,"Knows of","Marina Alexandrovna","Yulka/Yulia","0","June","240","240"
1711,"Exchange","Marina Alexandrovna","Eva","1","June","240","242"
1712,"Exchange","Chegga/Sergei Adukanov","Petya","1","June","241","243"
1713,"Exchange","Eva","Chegga/Sergei Adukanov","1","June","241","241"
1714,"Exchange","Marina Alexandrovna","Chegga/Sergei Adukanov","1","June","241","245"
1715,"Exchange","Chegga/Sergei Adukanov","Marina Alexandrovna","1","June","241","241"
1716,"Knows","Chegga/Sergei Adukanov","Yegor Gusakov","1","June","241","241"
1717,"Knows of","Natasha/Natalia","Yegor Gusakov","0","June","241","241"
1719,"Exchange","Petya","Natasha/Natalia","1","June","242","243"
1720,"Exchange","Petya","Marina Alexandrovna","1","June","242","242"
1721,"Exchange","Chegga/Sergei Adukanov","Petya","1","June","242","242"
1722,"Knows of","Marina Alexandrovna","Virgin Mary","0","June","242","242"
1723,"Knows of","Yegor Gusakov","Virgin Mary","0","June","242","242"
1724,"Knows","Petya","Alyona Golosovsky","0","June","243","243"
1725,"Exchange","Chegga/Sergei Adukanov","Natasha/Natalia","1","June","244","244"
1726,"Knows","Natasha/Natalia","Lilia Solodikova","1","June","244","244"
1727,"Knows","Chegga/Sergei Adukanov","Lilia Solodikova","1","June","244","245"
1728,"Knows","Alyona Golosovsky","Sophia Golosovsky","1","June","244","244"
1729,"Exchange","Marina Alexandrovna","Petya","1","June","244","245"
1730,"Exchange","Marina Alexandrovna","Chegga/Sergei Adukanov","1","June","244","244"
1731,"Exchange","Marina Alexandrovna","Natasha/Natalia","1","June","244","244"
1732,"Knows of","Marina Alexandrovna","Yegor Gusakov","0","June","244","247"
1733,"Exchange","Marina Alexandrovna","Kolya/Nikolai Danilovich / Lieutenant Ryakhovsky","1","June","245","247"
1734,"Knows","Marina Alexandrovna","Yevgeny Pavlovich Kulik (the major general)","1","June","245","247"
1735,"Knows","Kolya/Nikolai Danilovich / Lieutenant Ryakhovsky","Yevgeny Pavlovich Kulik (the major general)","1","June","245","247"
1736,"Knows of","Kolya/Nikolai Danilovich / Lieutenant Ryakhovsky","Yegor Gusakov","0","June","245","246"
1737,"Knows of","Kolya/Nikolai Danilovich / Lieutenant Ryakhovsky","Alyona Golosovsky","1","June","245","246"
1738,"Knows of","Kolya/Nikolai Danilovich / Lieutenant Ryakhovsky","Sophia Golosovsky","1","June","245","246"
1739,"Knows of","Kolya/Nikolai Danilovich / Lieutenant Ryakhovsky","the kidnapping","1","June","245","246"
1740,"Knows of","Yevgeny Pavlovich Kulik (the major general)","Alyona Golosovsky","0","June","245","246"
1741,"Knows of","Yevgeny Pavlovich Kulik (the major general)","Sophia Golosovsky","0","June","245","246"
1742,"Knows of","Yevgeny Pavlovich Kulik (the major general)","the kidnapping","0","June","245","246"
1743,"Knows of","Marina Alexandrovna","Lilia Solodikova","0","June","245","246"
1744,"Exchange","Marina Alexandrovna","Natasha/Natalia","1","June","246","249"
1745,"Knows","Natasha/Natalia","Lilia Solodikova","1","June","246","246"
1746,"Knows of","Kolya/Nikolai Danilovich / Lieutenant Ryakhovsky","Eva","1","June","246","247"
1747,"Knows of","Kolya/Nikolai Danilovich / Lieutenant Ryakhovsky","Petya","1","June","246","247"
1748,"Knows of","Kolya/Nikolai Danilovich / Lieutenant Ryakhovsky","Chegga/Sergei Adukanov","1","June","246","247"
1749,"Knows of","Kolya/Nikolai Danilovich / Lieutenant Ryakhovsky","Natasha/Natalia","1","June","246","247"
1750,"Exchange","Natasha/Natalia","Chegga/Sergei Adukanov","1","June","247","247"
1751,"Knows","Natasha/Natalia","Chegga/Sergei Adukanov","1","June","248","248"
1752,"Exchange","Petya","Chegga/Sergei Adukanov","1","June","247","247"
1753,"Exchange","Eva","Natasha/Natalia","1","June","247","247"
1754,"Exchange","Marina Alexandrovna","Eva","1","June","247","248"
1755,"Knows","Eva","Alla Innokentevna","1","June","247","247"
1756,"Knows","Natasha/Natalia","Alla Innokentevna","1","June","247","248"
1757,"Knows","Marina Alexandrovna","Chegga/Sergei Adukanov","1","June","248","248"
1758,"Exchange","Marina Alexandrovna","Petya","1","June","248","248"
1759,"Knows","Marina Alexandrovna","Alyona Golosovsky","1","June","248","252"
1760,"Knows","Marina Alexandrovna","Sophia Golosovsky","1","June","248","252"
1761,"Knows of","Marina Alexandrovna","Yegor Gusakov","0","June","248","250"
1762,"Knows","Natasha/Natalia","Lilia Solodikova","1","June","248","249"
1763,"Knows of","Marina Alexandrovna","Lilia Solodikova","1","June","248","249"
1764,"Knows","Alla Innokentevna","Lilia Solodikova","1","June","248","248"
1765,"Knows","Natasha/Natalia","Yegor Gusakov","1","June","248","248"
1766,"Knows","Lilia Solodikova","Yegor Gusakov","1","June","248","248"
1767,"Knows","Marina Alexandrovna","Kolya/Nikolai Danilovich / Lieutenant Ryakhovsky","1","June","249","249"
1768,"Knows of","Kolya/Nikolai Danilovich / Lieutenant Ryakhovsky","Yegor Gusakov","0","June","249","249"
1769,"Knows","Marina Alexandrovna","Alla Innokentevna","1","June","249","249"
1770,"Exchange","Alla Innokentevna","Marina Alexandrovna","1","June","249","251"
1771,"Exchange","Alla Innokentevna","Natasha/Natalia","1","June","249","251"
1772,"Exchange","Marina Alexandrovna","a teenager (251)","1","June","251","251"
1773,"Knows","Marina Alexandrovna","Natasha/Natalia","1","June","251","251"
1774,"Knows","Marina Alexandrovna","Chegga/Sergei Adukanov","1","June","251","251"
1775,"Knows of","Marina Alexandrovna","Lilia Solodikova","0","June","251","251"
1776,"Knows","Marina Alexandrovna","Kolya/Nikolai Danilovich / Lieutenant Ryakhovsky","1","June","252","252"
1777,"Knows of","Marina Alexandrovna","Yegor Gusakov","0","June","252","252"
1778,"Knows of","Kolya/Nikolai Danilovich / Lieutenant Ryakhovsky","Alyona Golosovsky","0","June","252","252"
1779,"Knows of","Kolya/Nikolai Danilovich / Lieutenant Ryakhovsky","Sophia Golosovsky","0","June","252","252"
1780,"Knows of","Kolya/Nikolai Danilovich / Lieutenant Ryakhovsky","the kidnapping","0","June","252","252"
1781,"Knows","Eva","Petya","1","June","252","252"
1782,"Knows","Marina Alexandrovna","Eva","1","June","252","252"
1783,"Knows","Marina Alexandrovna","Petya","1","June","252","252"
1784,"Knows","Marina Alexandrovna","Natasha/Natalia","1","June","252","252"
1785,"Knows","Marina Alexandrovna","Alla Innokentevna","1","June","252","252"
1786,"Exchange","Marina Alexandrovna","a teenager (251)","1","June","252","252"
1787,"Exchange","Alyona Golosovsky","Sophia Golosovsky","1","July","253","255"
1788,"Knows","Alyona Golosovsky","Lilia Solodikova","1","July","253","256"
1789,"Knows","Sophia Golosovsky","Lilia Solodikova","1","July","253","256"
1790,"Knows","Alyona Golosovsky","Yegor Gusakov","1","July","253","256"
1791,"Knows","Sophia Golosovsky","Yegor Gusakov","1","July","253","256"
1792,"Knows of","Alyona Golosovsky","girl with the golden slipper","0","July","253","253"
1793,"Knows of","Sophia Golosovsky","girl with the golden slipper","0","July","253","253"
1794,"Knows of","Alyona Golosovsky","orphan girl raised by wolves","0","July","253","253"
1795,"Knows of","Sophia Golosovsky","orphan girl raised by wolves","0","July","253","253"
1796,"Knows of","Alyona Golosovsky","""the townspeople"" of past Zavoyko","0","July","253","255"
1797,"Knows of","Sophia Golosovsky","""the townspeople"" of past Zavoyko","0","July","253","255"
1798,"Knows of","Alyona Golosovsky","Yegor's Friends","0","July","255","255"
1799,"Knows of","Sophia Golosovsky","Yegor's Friends","0","July","255","255"
1800,"Knows","Alyona Golosovsky","Marina Alexandrovna","1","July","256","256"
1801,"Knows","Sophia Golosovsky","Marina Alexandrovna","1","July","256","256"
1802,"Knows of","Natasha/Natalia","Oksana","0","January","122","123"
1803,"Knows of","Anfisa","Oksana","0","January","122","123"
1804,"Knows","Natasha/Natalia","Natasha's Cousin","1","January","120","120"
1805,"Knows","Esso Police/Village Officers","Lilia's Kidnapping/Disappearance","0","February","135","135"
1806,"Knows of","Revmira","Kamchatka police","0","February","135","135"
1807,"Knows of","Alla Innokentevna","Kamchatka police","0","February","135","135"
1808,"Knows","Artyom","Kamchatka police","1","February","135","135"
1809,"Knows","Oksana","Kamchatka police","1","May","196","196"
1810,"Knows","Marina Alexandrovna","Kamchatka police","1","June","207","207"
1811,"Knows","Yevgeny Pavlovich Kulik (the major general)","Kamchatka police","1","July","207","207"
1812,"Knows","Marina Alexandrovna","Kamchatka police","1","June","213","213"
1813,"Knows","Marina Alexandrovna","Petropavlovsk Police / Detectives","1","June","214","215"
1814,"Knows","Golosovskaya girls' father","Petropavlovsk Police / Detectives","1","June","214","215"
1815,"Knows","Marina Alexandrovna","Kamchatka police","1","June","217","217"
1816,"Knows of","Marina Alexandrovna","Esso Police/Village Officers","0","June","223","223"
1817,"Knows of","Alla Innokentevna","Kamchatka police","0","June","223","223"
1818,"Knows of","Alla Innokentevna","Kamchatka police","0","July","223","223"
1819,"Knows","Ksyusha/Ksenia Adukanov","two cousins","1","December","64","64"
1820,"Knows","a boy from Achavayam","The dance troupe","1","December","90","90"
1821,"Knows","Diana","A ""girl they knew"" (in photo)","1","September","18","19"
1824,"Knows","Lada","""a few people""","1","New Year's","93","93"
1825,"Exchange","""a guy at the end of the table""","""a few people""","1","New Year's","93","93"
1826,"Knows","Ksyusha/Ksenia Adukanov","Nadia/Nadezhda","1","December","70","70"
1827,"Knows","Lada","Lada's father","1","New Year's","95","96"
1828,"Knows of","Yegor Gusakov","Lada's father","0","New Year's","96","96"
1829,"Knows","Lada","Kristina's father","1","New Year's","95","95"
1830,"Knows","Kristina","Kristina's father","1","New Year's","95","95"
1832,"Knows","Lilia Solodikova","Lilia's father","1","December","74","74"
1834,"Knows of","Chander","Natasha/Natalia","0","December","74","74"
1835,"Knows","Alla Innokentevna","Denis","1","December","74","74"
1836,"Knows","""a mother"" (at the hospital)","""her daughter"" (in hospital)","1","November","50","50"
1837,"Knows of","Ksyusha/Ksenia Adukanov","Lilia's Kidnapping/Disappearance","0","December","73","75"
1840,"Knows of","Alla Innokentevna","Lilia's Kidnapping/Disappearance","0","December","74","74"
1841,"Knows of","Natasha/Natalia","Lilia's Kidnapping/Disappearance","0","December","74","74"
1842,"Knows of","Denis","Lilia's Kidnapping/Disappearance","0","December","74","74"
1844,"Knows of","Esso Police/Village Officers","Lilia's Kidnapping/Disappearance","0","December","75","75"
1845,"Knows of","Natasha/Natalia","Lilia's Kidnapping/Disappearance","0","January","109","109"
1846,"Knows","Denis","Lilia's Kidnapping/Disappearance","0","January","109","109"
1847,"Knows of","Natasha/Natalia","Lilia's Kidnapping/Disappearance","0","January","115","115"
1848,"Knows of","Alla Innokentevna","Lilia's Kidnapping/Disappearance","0","January","115","115"
1849,"Knows","Natasha/Natalia","Lilia Solodikova","1","January","124","124"
1850,"Knows of","Natasha/Natalia","Lilia's Kidnapping/Disappearance","0","January","122","124"
1851,"Knows of","Denis","Lilia's Kidnapping/Disappearance","0","January","126","126"
1852,"Knows","Natasha/Natalia","Lilia Solodikova","1","January","128","131"
1853,"Knows of","Natasha/Natalia","Lilia's Kidnapping/Disappearance","1","January","127","131"
1854,"Knows of","Anfisa","Lilia's Kidnapping/Disappearance","1","January","128","130"
1855,"Knows of","Yuri","Lilia's Kidnapping/Disappearance","0","January","128","128"
1856,"Knows of","Alla Innokentevna","Lilia's Kidnapping/Disappearance","0","February","134","136"
1857,"Knows","Artyom","Lilia's Kidnapping/Disappearance","0","February","134","136"
1858,"Knows of","Revmira","Lilia's Kidnapping/Disappearance","0","February","134","136"
1859,"Knows of","Kolya/Nikolai Danilovich / Lieutenant Ryakhovsky","Lilia's Kidnapping/Disappearance","0","February","134","136"
1860,"Knows of","Esso Police/Village Officers","Lilia's Kidnapping/Disappearance","0","February","135","135"
1861,"Knows of","Revmira","Lilia's Kidnapping/Disappearance","0","February","140","140"
1862,"Knows of","Chegga/Sergei Adukanov","Lilia's Kidnapping/Disappearance","0","March","152","152"
1863,"Knows of","Ruslan","Lilia's Kidnapping/Disappearance","0","March","152","152"
1864,"Knows of","Ksyusha/Ksenia Adukanov","Lilia's Kidnapping/Disappearance","0","March","152","152"
1865,"Knows of","Nadia/Nadezhda","Lilia Solodikova","0","March","152","152"
1866,"Knows of","Nadia/Nadezhda","Lilia's Kidnapping/Disappearance","0","March","152","152"
1867,"Knows of","Ksyusha/Ksenia Adukanov","Lilia's Kidnapping/Disappearance","0","March","163","163"
1868,"Knows of","Chegga/Sergei Adukanov","Lilia's Kidnapping/Disappearance","0","March","163","164"
1869,"Knows of","Nadia/Nadezhda","Lilia's Kidnapping/Disappearance","0","March","163","164"
1870,"Knows of","Alla Innokentevna","Lilia's Kidnapping/Disappearance","0","June","210","210"
1871,"Knows of","Marina Alexandrovna","Lilia's Kidnapping/Disappearance","0","June","210","211"
1872,"Knows of","Eva","Lilia's Kidnapping/Disappearance","0","June","210","210"
1873,"Knows of","Eva","Lilia's Kidnapping/Disappearance","0","June","223","223"
1874,"Knows of","Esso Police/Village Officers","Lilia's Kidnapping/Disappearance","0","June","223","223"
1875,"Knows of","Marina Alexandrovna","Lilia's Kidnapping/Disappearance","0","June","223","224"
1876,"Knows of","Alla Innokentevna","Lilia's Kidnapping/Disappearance","0","June","223","224"
1877,"Knows of","Chegga/Sergei Adukanov","Lilia's Kidnapping/Disappearance","0","June","229","229"
1878,"Knows of","Marina Alexandrovna","Lilia's Kidnapping/Disappearance","0","June","229","229"
1879,"Knows of","Chegga/Sergei Adukanov","Lilia's Kidnapping/Disappearance","0","June","232","234"
1880,"Knows of","Marina Alexandrovna","Lilia's Kidnapping/Disappearance","0","June","232","234"
1881,"Knows of","Alla Innokentevna","Lilia's Kidnapping/Disappearance","0","June","232","232"
1882,"Knows of","Petya","Lilia's Kidnapping/Disappearance","0","June","234","234"
1883,"Knows of","Alla Innokentevna","Lilia's Kidnapping/Disappearance","0","June","235","238"
1884,"Knows of","Natasha/Natalia","Lilia's Kidnapping/Disappearance","0","June","267","268"
1885,"Knows of","Marina Alexandrovna","Lilia's Kidnapping/Disappearance","0","June","236","240"
1886,"Knows of","Chegga/Sergei Adukanov","Lilia's Kidnapping/Disappearance","0","June","237","240"
1887,"Knows of","Natasha/Natalia","Lilia's Kidnapping/Disappearance","0","June","239","240"
1888,"Knows of","Petya","Lilia's Kidnapping/Disappearance","0","June","239","240"
1889,"Knows of","Chegga/Sergei Adukanov","Lilia's Kidnapping/Disappearance","0","June","244","245"
1890,"Knows of","Natasha/Natalia","Lilia's Kidnapping/Disappearance","0","June","244","244"
1891,"Knows of","Marina Alexandrovna","Lilia's Kidnapping/Disappearance","0","June","245","246"
1892,"Knows of","Natasha/Natalia","Lilia's Kidnapping/Disappearance","0","June","246","246"
1893,"Knows of","Alla Innokentevna","Lilia's Kidnapping/Disappearance","0","June","248","248"
1894,"Knows of","Natasha/Natalia","Lilia's Kidnapping/Disappearance","0","June","248","249"
1895,"Knows of","Marina Alexandrovna","Lilia's Kidnapping/Disappearance","0","June","248","249"
1896,"Knows of","Marina Alexandrovna","Lilia's Kidnapping/Disappearance","0","June","251","251"
1897,"Knows","Alla Innokentevna","Revmira","1","January","131","131"
1898,"Knows","Natasha/Natalia","Revmira","1","January","131","131"
1899,"Knows of","Yulka/Yulia","Revmira","1","January","131","131"
1900,"Knows","Lev","Revmira","1","January","131","131"
1901,"Knows","Denis","Revmira","1","January","131","131"
1902,"Knows","Alla Innokentevna","Nurgenek Festival Attendees","1","June","208","208"
1903,"Knows","Eva","Nurgenek Festival Attendees","1","June","208","208"
1904,"Knows","Marina Alexandrovna","Nurgenek Festival Attendees","1","June","208","208"
1905,"Knows","Alla Innokentevna","Nurgenek Festival organizers","1","June","209","209"
1906,"Knows","Nurgenek Festival organizers","Eva","1","June","209","209"
1907,"Knows","Marina Alexandrovna","Nurgenek Festival organizers","1","June","209","209"
1908,"Knows","Petya","Nurgenek Festival organizers","1","June","209","209"
1909,"Exchange","Alla Innokentevna","Petya","1","June","208","208"
1910,"Knows","Denis","Reindeer herders","1","January","127","127"
1911,"Knows of","Natasha/Natalia","Reindeer herders","0","January","127","127"
1912,"Exchange","Nadia/Nadezhda","Mila/Ludmila","1","March","157","157"
1913,"Knows","Nadia/Nadezhda","Mila/Ludmila","1","March","156","156"
1914,"Knows","Marina Alexandrovna","The dance troupe","0","June","211","211"
1915,"Knows","Ksyusha/Ksenia Adukanov","Chander","1","June","211","211"
1916,"Knows","Ksyusha/Ksenia Adukanov","Alisa","1","June","211","211"
1917,"Knows","Chander","Alisa","1","June","211","211"
1918,"Knows","Ksyusha/Ksenia Adukanov","The dance troupe","1","June","211","211"
1919,"Knows","Alisa","The dance troupe","1","June","211","211"
1920,"Knows","Chander","The dance troupe","1","June","211","211"
1921,"Exchange","Alla Innokentevna","tour guides","1","June","218","218"
1922,"Exchange","Alla Innokentevna","Nurgenek Festival Attendees","1","June","218","218"
1923,"Knows","Alla Innokentevna","dancers (218)","1","June","218","219"
1924,"Knows","Russians (generally??)","dancers (218)","1","June","218","219"
1925,"Knows","""narrow-eyed villagers""","dancers (218)","1","June","218","219"
1926,"Knows","teenagers (218)","dancers (218)","1","June","218","219"
1927,"Knows","Marina Alexandrovna","dancers (218)","1","June","218","219"
1928,"Knows","Eva","dancers (218)","1","June","218","219"
1929,"Knows","Nurgenek Festival Attendees","dancers (218)","1","June","218","219"
1930,"Knows","Marina Alexandrovna","a native craftsman","1","June","219","220"
1931,"Knows","Nurgenek Festival Attendees","a native craftsman","1","June","219","220"
1932,"Knows","a native craftsman","boy (221)","1","June","221","221"
1933,"Knows","boy (221)","artisan (221)","1","June","221","221"
1934,"Knows","Nurgenek Festival Attendees","a native craftsman","1","June","220","221"
1935,"Knows","Nurgenek Festival Attendees","artisan (221)","1","June","220","221"
1936,"Knows","Nurgenek Festival Attendees","boy (221)","1","June","220","221"
1937,"Knows","volunteer (221)","Alla Innokentevna","1","June","221","221"
1938,"Knows","Nurgenek Festival Attendees","volunteer (221)","1","June","221","221"
1939,"Knows","Nurgenek Festival Attendees","dancers (218)","1","June","221","222"
1940,"Knows","volunteer (221)","dancers (218)","1","June","221","222"
1941,"Knows","Alla Innokentevna","dancers (218)","1","June","221","221"
1942,"Knows","Marina Alexandrovna","volunteer (221)","1","June","221","222"
1943,"Knows","Marina Alexandrovna","dancers (218)","1","June","222","222"
1944,"Knows","Alla Innokentevna","dancers (218)","1","June","222","222"
1945,"Knows","Eva","dancers (218)","1","June","222","222"
1946,"Knows of","Olya/Olga","""official guide""","0","September","18","18"
1947,"Knows of","Olya/Olga","""rich visitors""","0","September","18","18"
1948,"Knows","Olya's mother","""official guide""","1","September","18","18"
1949,"Knows","Oksana's mother","""rich visitors""","1","September","18","18"
1950,"Knows of","Olya/Olga","""news reporter""","0","September","17","17"
1951,"Knows of","Valentina Nikolaevna","the kidnapping","0","September","17","17"
1952,"Knows","Diana","Valentina Nikolaevna","1","September","17","17"
1953,"Knows of","Valentina Nikolaevna","Sophia Golosovsky","0","September","17","17"
1954,"Knows of","Valentina Nikolaevna","Alyona Golosovsky","0","September","17","17"
1955,"Knows","Valentina's Husband (name?)","the kidnapping","0","September","17","17"
1956,"Knows of","Valentina's Husband (name?)","Alyona Golosovsky","0","September","17","17"
1957,"Knows of","Valentina's Husband (name?)","Sophia Golosovsky","0","September","17","17"
1958,"Knows of","Olya/Olga","Valentina's Husband (name?)","0","September","17","17"
1959,"Knows","Natasha/Natalia","Alla Innokentevna","1","January","107","107"
1960,"Knows","Revmira","Revmira's Mother","1","February","137","137"
1961,"Knows","Revmira","Revmira's Mother","1","February","135","135"
1962,"Knows","Alla Innokentevna","Revmira's Mother","1","February","135","135"
1963,"Knows","Revmira","Revmira's Mother","1","February","138","141"
1964,"Knows","Eva","Alla Innokentevna","1","June","207","207"
1965,"Knows of","Marina Alexandrovna","Alla Innokentevna","1","June","207","207"
1966,"Knows","Marina Alexandrovna","Eva","1","June","209","209"
1967,"Knows","Marina Alexandrovna","""men who carry weapons""","1","June","210","210"
1968,"Knows of","Yevgeny Pavlovich Kulik (the major general)","Alyona Golosovsky","0","June","211","211"
1969,"Knows of","Yevgeny Pavlovich Kulik (the major general)","Sophia Golosovsky","0","June","211","211"
1970,"Knows of","Yevgeny Pavlovich Kulik (the major general)","the kidnapping","0","June","211","211"
1971,"Knows","Eva","Petya","1","June","211","211"
1972,"Knows","Alla Innokentevna","Petya","1","June","213","213"
1973,"Knows of","Olya's mother","Sophia Golosovsky","0","September","17","18"
1974,"Knows of","Olya's mother","Alyona Golosovsky","0","September","17","18"
1975,"Knows","Diana","history teacher","1","September","18","18"
1978,"Knows","Nadia/Nadezhda","a landlord","1","March","147","147"
1979,"Knows","Chegga/Sergei Adukanov","a landlord","1","March","147","147"
1980,"Knows","Olya/Olga","Olya's Classmates","1","September","20","20"
1981,"Knows","Zoya","Zoya's Mother's Partner","1","April","177","177"
1982,"Knows","Zoya","Zoya's Mother","1","April","177","177"
1983,"Knows","Zoya's Mother","Zoya's Mother's Partner","1","April","177","177"
1984,"Knows","Olya/Olga","Olya's Classmates","1","September","26","26"
1985,"Knows","Olya/Olga","Olya's teachers","1","September","26","26"
1986,"Knows","Olya's teachers","Olya's Classmates","1","September","26","26"
1987,"Knows","Zoya","Zoya's first boyfriend","1","April","187","187"
1988,"Knows","Zoya","""other men"" (who wanted Zoya)","1","April","187","187"
1989,"Knows","Zoya","migrants (generally)","1","April","187","187"
1990,"Exchange","Max/Maxim","boring colleague/supervisor (36/37)","1","October","37","37"
1991,"Knows","Oksana","Malysh (Oksana's dog)","1","May","196","198"
1992,"Exchange","Oksana","Malysh (Oksana's dog)","1","May","199","199"
1993,"Exchange","Max/Maxim","pregnant colleague","1","October","37","37"
1994,"Knows","Oksana","Malysh (Oksana's dog)","1","May","200","203"
1995,"Knows of","Katya/Ekaterina","""arsonists""","0","October","36","36"
1996,"Knows of","Katya/Ekaterina","""people freezing to death over the winter""","0","October","36","36"
1997,"Knows","Sophia Golosovsky","Marina Alexandrovna","1","August","4","4"
1998,"Knows of","Lada","Sherlock Holmes","0","New Year's","95","96"
1999,"Knows of","Masha/Mashenka Zakotnova","Sherlock Holmes","0","New Year's","95","96"
2000,"Knows of","Lada","Watson","0","New Year's","96","96"
2001,"Knows of","Masha/Mashenka Zakotnova","Watson","0","New Year's","96","96"