source,target,Character 1,Character 2,type,weight,startPage,category
60,58,collage photos,Pole of Sagaween,Directed,1,30,Knows
60,2,collage photos,Sagaween (Laxsgiik),Directed,1,30,Knows
1,60,speaker Abel,collage photos,Directed,1,30,Knows
60,1,collage photos,speaker Abel,Directed,1,30,Knows
60,58,collage photos,Pole of Sagaween,Directed,1,31,Knows
60,2,collage photos,Sagaween (Laxsgiik),Directed,1,31,Knows
60,1,collage photos,speaker Abel,Directed,1,31,Knows
1,60,speaker Abel,collage photos,Directed,1,31,Knows
60,1,collage photos,speaker Abel,Directed,1,32,Knows
60,58,collage photos,Pole of Sagaween,Directed,1,32,Knows
1,60,speaker Abel,collage photos,Directed,1,32,Knows
60,2,collage photos,Sagaween (Laxsgiik),Directed,1,32,Knows
60,1,collage photos,speaker Abel,Directed,1,33,Knows
1,60,speaker Abel,collage photos,Directed,1,33,Knows
60,58,collage photos,Pole of Sagaween,Directed,1,33,Knows
60,2,collage photos,Sagaween (Laxsgiik),Directed,1,33,Knows
1,2,speaker Abel,Sagaween (Laxsgiik),Directed,1,34,Knows
53,58,blank (missing null option here),Pole of Sagaween,Directed,1,34,Knows of
58,1,Pole of Sagaween,speaker Abel,Directed,1,34,Knows
53,2,blank (missing null option here),Sagaween (Laxsgiik),Directed,1,34,Knows of
53,1,blank (missing null option here),speaker Abel,Directed,1,34,Knows of
1,58,speaker Abel,Pole of Sagaween,Directed,1,34,Knows
1,2,speaker Abel,Sagaween (Laxsgiik),Directed,1,35,Knows
58,1,Pole of Sagaween,speaker Abel,Directed,1,35,Knows
53,2,blank (missing null option here),Sagaween (Laxsgiik),Directed,1,35,Knows of
1,58,speaker Abel,Pole of Sagaween,Directed,1,35,Knows
53,1,blank (missing null option here),speaker Abel,Directed,1,35,Knows of
53,58,blank (missing null option here),Pole of Sagaween,Directed,1,35,Knows of
53,58,blank (missing null option here),Pole of Sagaween,Directed,1,36,Knows of
53,1,blank (missing null option here),speaker Abel,Directed,1,36,Knows of
58,1,Pole of Sagaween,speaker Abel,Directed,1,36,Knows
1,2,speaker Abel,Sagaween (Laxsgiik),Directed,1,36,Knows
1,58,speaker Abel,Pole of Sagaween,Directed,1,36,Knows
53,2,blank (missing null option here),Sagaween (Laxsgiik),Directed,1,36,Knows of
1,58,speaker Abel,Pole of Sagaween,Directed,1,37,Knows
53,58,blank (missing null option here),Pole of Sagaween,Directed,1,37,Knows of
53,2,blank (missing null option here),Sagaween (Laxsgiik),Directed,1,37,Knows of
58,1,Pole of Sagaween,speaker Abel,Directed,1,37,Knows
53,1,blank (missing null option here),speaker Abel,Directed,1,37,Knows of
1,2,speaker Abel,Sagaween (Laxsgiik),Directed,1,37,Knows
53,58,blank (missing null option here),Pole of Sagaween,Directed,1,38,Knows of
53,2,blank (missing null option here),Sagaween (Laxsgiik),Directed,1,38,Knows of
53,1,blank (missing null option here),speaker Abel,Directed,1,38,Knows of
1,2,speaker Abel,Sagaween (Laxsgiik),Directed,1,38,Knows
58,1,Pole of Sagaween,speaker Abel,Directed,1,38,Knows
1,58,speaker Abel,Pole of Sagaween,Directed,1,38,Knows
1,2,speaker Abel,Sagaween (Laxsgiik),Directed,1,39,Knows
58,1,Pole of Sagaween,speaker Abel,Directed,1,39,Knows
1,58,speaker Abel,Pole of Sagaween,Directed,1,39,Knows
53,58,blank (missing null option here),Pole of Sagaween,Directed,1,39,Knows of
53,1,blank (missing null option here),speaker Abel,Directed,1,39,Knows of
53,2,blank (missing null option here),Sagaween (Laxsgiik),Directed,1,39,Knows of
55,3,"""ancestors of Wolves""","""Eagle-Raven clan""",Directed,1,50,Knows of
6,7,"""Hladerh"" (Laxgibuu)","Oyee (""Oyai"")",Directed,1,50,Knows of
6,4,"""Hladerh"" (Laxgibuu)","Gisk'aast (""Killer Whale Clan"")",Directed,1,50,Knows
6,5,"""Hladerh"" (Laxgibuu)","""Sispagut"" (Gisk'aast)",Directed,1,50,Knows
54,20,"""ancestors of Eagles""","Laxgibuu (""Wolf clan"")",Directed,1,50,Knows of
54,55,"""ancestors of Eagles""","""ancestors of Wolves""",Directed,1,50,Knows
6,3,"""Hladerh"" (Laxgibuu)","""Eagle-Raven clan""",Directed,1,50,Knows
4,14,"Gisk'aast (""Killer Whale Clan"")",real Barbeau,Directed,1,50,Knows
54,3,"""ancestors of Eagles""","""Eagle-Raven clan""",Directed,1,50,Knows
14,5,real Barbeau,"""Sispagut"" (Gisk'aast)",Directed,1,50,Knows of
2,54,Sagaween (Laxsgiik),"""ancestors of Eagles""",Directed,1,50,Knows of
56,14,Caxton Printers,real Barbeau,Directed,1,50,Knows
4,3,"Gisk'aast (""Killer Whale Clan"")","""Eagle-Raven clan""",Directed,1,50,Knows
2,3,Sagaween (Laxsgiik),"""Eagle-Raven clan""",Directed,1,50,Knows
2,5,Sagaween (Laxsgiik),"""Sispagut"" (Gisk'aast)",Directed,1,50,Knows
14,6,real Barbeau,"""Hladerh"" (Laxgibuu)",Directed,1,50,Knows of
14,3,real Barbeau,"""Eagle-Raven clan""",Directed,1,50,Knows
4,2,"Gisk'aast (""Killer Whale Clan"")",Sagaween (Laxsgiik),Directed,1,50,Knows
7,6,"Oyee (""Oyai"")","""Hladerh"" (Laxgibuu)",Directed,1,50,Knows of
7,5,"Oyee (""Oyai"")","""Sispagut"" (Gisk'aast)",Directed,1,50,Knows
4,7,"Gisk'aast (""Killer Whale Clan"")","Oyee (""Oyai"")",Directed,1,50,Knows
7,4,"Oyee (""Oyai"")","Gisk'aast (""Killer Whale Clan"")",Directed,1,50,Knows
2,6,Sagaween (Laxsgiik),"""Hladerh"" (Laxgibuu)",Directed,1,50,Exchange
4,5,"Gisk'aast (""Killer Whale Clan"")","""Sispagut"" (Gisk'aast)",Directed,1,50,Knows
7,2,"Oyee (""Oyai"")",Sagaween (Laxsgiik),Directed,1,50,Knows of
5,2,"""Sispagut"" (Gisk'aast)",Sagaween (Laxsgiik),Directed,1,50,Knows
6,2,"""Hladerh"" (Laxgibuu)",Sagaween (Laxsgiik),Directed,1,50,Exchange
2,55,Sagaween (Laxsgiik),"""ancestors of Wolves""",Directed,1,50,Knows
55,54,"""ancestors of Wolves""","""ancestors of Eagles""",Directed,1,50,Knows
2,14,Sagaween (Laxsgiik),real Barbeau,Directed,1,50,Knows
14,54,real Barbeau,"""ancestors of Eagles""",Directed,1,50,Knows of
2,20,Sagaween (Laxsgiik),"Laxgibuu (""Wolf clan"")",Directed,1,50,Knows
14,55,real Barbeau,"""ancestors of Wolves""",Directed,1,50,Knows of
3,4,"""Eagle-Raven clan""","Gisk'aast (""Killer Whale Clan"")",Directed,1,50,Knows
14,56,real Barbeau,Caxton Printers,Directed,1,50,Knows
20,54,"Laxgibuu (""Wolf clan"")","""ancestors of Eagles""",Directed,1,50,Knows of
14,4,real Barbeau,"Gisk'aast (""Killer Whale Clan"")",Directed,1,50,Knows
3,2,"""Eagle-Raven clan""",Sagaween (Laxsgiik),Directed,1,50,Knows
57,14,Macmillan Company of Canada,real Barbeau,Directed,1,50,Knows
20,2,"Laxgibuu (""Wolf clan"")",Sagaween (Laxsgiik),Directed,1,50,Knows
14,20,real Barbeau,"Laxgibuu (""Wolf clan"")",Directed,1,50,Knows of
3,54,"""Eagle-Raven clan""","""ancestors of Eagles""",Directed,1,50,Knows
20,55,"Laxgibuu (""Wolf clan"")","""ancestors of Wolves""",Directed,1,50,Knows
3,5,"""Eagle-Raven clan""","""Sispagut"" (Gisk'aast)",Directed,1,50,Knows
14,57,real Barbeau,Macmillan Company of Canada,Directed,1,50,Knows
14,7,real Barbeau,"Oyee (""Oyai"")",Directed,1,50,Knows of
3,6,"""Eagle-Raven clan""","""Hladerh"" (Laxgibuu)",Directed,1,50,Knows
3,55,"""Eagle-Raven clan""","""ancestors of Wolves""",Directed,1,50,Knows of
2,4,Sagaween (Laxsgiik),"Gisk'aast (""Killer Whale Clan"")",Directed,1,50,Knows
2,7,Sagaween (Laxsgiik),"Oyee (""Oyai"")",Directed,1,50,Knows of
4,6,"Gisk'aast (""Killer Whale Clan"")","""Hladerh"" (Laxgibuu)",Directed,1,50,Knows
14,2,real Barbeau,Sagaween (Laxsgiik),Directed,1,50,Knows
5,4,"""Sispagut"" (Gisk'aast)","Gisk'aast (""Killer Whale Clan"")",Directed,1,50,Knows
55,20,"""ancestors of Wolves""","Laxgibuu (""Wolf clan"")",Directed,1,50,Knows
5,6,"""Sispagut"" (Gisk'aast)","""Hladerh"" (Laxgibuu)",Directed,1,50,Knows
5,3,"""Sispagut"" (Gisk'aast)","""Eagle-Raven clan""",Directed,1,50,Knows
5,7,"""Sispagut"" (Gisk'aast)","Oyee (""Oyai"")",Directed,1,50,Knows
55,2,"""ancestors of Wolves""",Sagaween (Laxsgiik),Directed,1,50,Knows
6,7,"""Hladerh"" (Laxgibuu)","Oyee (""Oyai"")",Directed,1,51,Knows of
7,2,"Oyee (""Oyai"")",Sagaween (Laxsgiik),Directed,1,51,Knows of
14,6,real Barbeau,"""Hladerh"" (Laxgibuu)",Directed,1,51,Knows of
5,2,"""Sispagut"" (Gisk'aast)",Sagaween (Laxsgiik),Directed,1,51,Knows
14,20,real Barbeau,"Laxgibuu (""Wolf clan"")",Directed,1,51,Knows of
4,2,"Gisk'aast (""Killer Whale Clan"")",Sagaween (Laxsgiik),Directed,1,51,Knows
20,55,"Laxgibuu (""Wolf clan"")","""ancestors of Wolves""",Directed,1,51,Knows
7,4,"Oyee (""Oyai"")","Gisk'aast (""Killer Whale Clan"")",Directed,1,51,Knows
6,4,"""Hladerh"" (Laxgibuu)","Gisk'aast (""Killer Whale Clan"")",Directed,1,51,Knows
20,54,"Laxgibuu (""Wolf clan"")","""ancestors of Eagles""",Directed,1,51,Knows of
4,7,"Gisk'aast (""Killer Whale Clan"")","Oyee (""Oyai"")",Directed,1,51,Knows
4,6,"Gisk'aast (""Killer Whale Clan"")","""Hladerh"" (Laxgibuu)",Directed,1,51,Knows
7,5,"Oyee (""Oyai"")","""Sispagut"" (Gisk'aast)",Directed,1,51,Knows
5,7,"""Sispagut"" (Gisk'aast)","Oyee (""Oyai"")",Directed,1,51,Knows
14,57,real Barbeau,Macmillan Company of Canada,Directed,1,51,Knows
4,5,"Gisk'aast (""Killer Whale Clan"")","""Sispagut"" (Gisk'aast)",Directed,1,51,Knows
14,7,real Barbeau,"Oyee (""Oyai"")",Directed,1,51,Knows of
2,5,Sagaween (Laxsgiik),"""Sispagut"" (Gisk'aast)",Directed,1,51,Knows
2,55,Sagaween (Laxsgiik),"""ancestors of Wolves""",Directed,1,51,Knows
5,4,"""Sispagut"" (Gisk'aast)","Gisk'aast (""Killer Whale Clan"")",Directed,1,51,Knows
2,14,Sagaween (Laxsgiik),real Barbeau,Directed,1,51,Knows
2,54,Sagaween (Laxsgiik),"""ancestors of Eagles""",Directed,1,51,Knows of
2,4,Sagaween (Laxsgiik),"Gisk'aast (""Killer Whale Clan"")",Directed,1,51,Knows
14,2,real Barbeau,Sagaween (Laxsgiik),Directed,1,51,Knows
4,14,"Gisk'aast (""Killer Whale Clan"")",real Barbeau,Directed,1,51,Knows
14,54,real Barbeau,"""ancestors of Eagles""",Directed,1,51,Knows of
2,20,Sagaween (Laxsgiik),"Laxgibuu (""Wolf clan"")",Directed,1,51,Knows
5,3,"""Sispagut"" (Gisk'aast)","""Eagle-Raven clan""",Directed,1,51,Knows
6,3,"""Hladerh"" (Laxgibuu)","""Eagle-Raven clan""",Directed,1,51,Knows
6,2,"""Hladerh"" (Laxgibuu)",Sagaween (Laxsgiik),Directed,1,51,Exchange
2,7,Sagaween (Laxsgiik),"Oyee (""Oyai"")",Directed,1,51,Knows of
14,55,real Barbeau,"""ancestors of Wolves""",Directed,1,51,Knows of
14,56,real Barbeau,Caxton Printers,Directed,1,51,Knows
5,6,"""Sispagut"" (Gisk'aast)","""Hladerh"" (Laxgibuu)",Directed,1,51,Knows
6,5,"""Hladerh"" (Laxgibuu)","""Sispagut"" (Gisk'aast)",Directed,1,51,Knows
57,14,Macmillan Company of Canada,real Barbeau,Directed,1,51,Knows
14,4,real Barbeau,"Gisk'aast (""Killer Whale Clan"")",Directed,1,51,Knows
14,5,real Barbeau,"""Sispagut"" (Gisk'aast)",Directed,1,51,Knows of
20,2,"Laxgibuu (""Wolf clan"")",Sagaween (Laxsgiik),Directed,1,51,Knows
7,6,"Oyee (""Oyai"")","""Hladerh"" (Laxgibuu)",Directed,1,51,Knows of
54,3,"""ancestors of Eagles""","""Eagle-Raven clan""",Directed,1,51,Knows
55,54,"""ancestors of Wolves""","""ancestors of Eagles""",Directed,1,51,Knows
2,3,Sagaween (Laxsgiik),"""Eagle-Raven clan""",Directed,1,51,Knows
3,4,"""Eagle-Raven clan""","Gisk'aast (""Killer Whale Clan"")",Directed,1,51,Knows
4,3,"Gisk'aast (""Killer Whale Clan"")","""Eagle-Raven clan""",Directed,1,51,Knows
14,3,real Barbeau,"""Eagle-Raven clan""",Directed,1,51,Knows
54,55,"""ancestors of Eagles""","""ancestors of Wolves""",Directed,1,51,Knows
3,55,"""Eagle-Raven clan""","""ancestors of Wolves""",Directed,1,51,Knows of
55,2,"""ancestors of Wolves""",Sagaween (Laxsgiik),Directed,1,51,Knows
3,2,"""Eagle-Raven clan""",Sagaween (Laxsgiik),Directed,1,51,Knows
3,54,"""Eagle-Raven clan""","""ancestors of Eagles""",Directed,1,51,Knows
54,20,"""ancestors of Eagles""","Laxgibuu (""Wolf clan"")",Directed,1,51,Knows of
2,6,Sagaween (Laxsgiik),"""Hladerh"" (Laxgibuu)",Directed,1,51,Exchange
56,14,Caxton Printers,real Barbeau,Directed,1,51,Knows
55,3,"""ancestors of Wolves""","""Eagle-Raven clan""",Directed,1,51,Knows of
3,6,"""Eagle-Raven clan""","""Hladerh"" (Laxgibuu)",Directed,1,51,Knows
55,20,"""ancestors of Wolves""","Laxgibuu (""Wolf clan"")",Directed,1,51,Knows
3,5,"""Eagle-Raven clan""","""Sispagut"" (Gisk'aast)",Directed,1,51,Knows
6,3,"""Hladerh"" (Laxgibuu)","""Eagle-Raven clan""",Directed,1,52,Knows
5,2,"""Sispagut"" (Gisk'aast)",Sagaween (Laxsgiik),Directed,1,52,Knows
55,3,"""ancestors of Wolves""","""Eagle-Raven clan""",Directed,1,52,Knows of
5,4,"""Sispagut"" (Gisk'aast)","Gisk'aast (""Killer Whale Clan"")",Directed,1,52,Knows
14,54,real Barbeau,"""ancestors of Eagles""",Directed,1,52,Knows of
55,20,"""ancestors of Wolves""","Laxgibuu (""Wolf clan"")",Directed,1,52,Knows
2,20,Sagaween (Laxsgiik),"Laxgibuu (""Wolf clan"")",Directed,1,52,Knows
2,7,Sagaween (Laxsgiik),"Oyee (""Oyai"")",Directed,1,52,Knows of
2,54,Sagaween (Laxsgiik),"""ancestors of Eagles""",Directed,1,52,Knows of
54,3,"""ancestors of Eagles""","""Eagle-Raven clan""",Directed,1,52,Knows
6,2,"""Hladerh"" (Laxgibuu)",Sagaween (Laxsgiik),Directed,1,52,Exchange
14,55,real Barbeau,"""ancestors of Wolves""",Directed,1,52,Knows of
55,54,"""ancestors of Wolves""","""ancestors of Eagles""",Directed,1,52,Knows
3,4,"""Eagle-Raven clan""","Gisk'aast (""Killer Whale Clan"")",Directed,1,52,Knows
4,14,"Gisk'aast (""Killer Whale Clan"")",real Barbeau,Directed,1,52,Knows
5,3,"""Sispagut"" (Gisk'aast)","""Eagle-Raven clan""",Directed,1,52,Knows
55,2,"""ancestors of Wolves""",Sagaween (Laxsgiik),Directed,1,52,Knows
54,55,"""ancestors of Eagles""","""ancestors of Wolves""",Directed,1,52,Knows
2,4,Sagaween (Laxsgiik),"Gisk'aast (""Killer Whale Clan"")",Directed,1,52,Knows
6,5,"""Hladerh"" (Laxgibuu)","""Sispagut"" (Gisk'aast)",Directed,1,52,Knows
6,7,"""Hladerh"" (Laxgibuu)","Oyee (""Oyai"")",Directed,1,52,Knows of
56,14,Caxton Printers,real Barbeau,Directed,1,52,Knows
54,20,"""ancestors of Eagles""","Laxgibuu (""Wolf clan"")",Directed,1,52,Knows of
14,5,real Barbeau,"""Sispagut"" (Gisk'aast)",Directed,1,52,Knows of
2,14,Sagaween (Laxsgiik),real Barbeau,Directed,1,52,Knows
6,4,"""Hladerh"" (Laxgibuu)","Gisk'aast (""Killer Whale Clan"")",Directed,1,52,Knows
2,55,Sagaween (Laxsgiik),"""ancestors of Wolves""",Directed,1,52,Knows
14,2,real Barbeau,Sagaween (Laxsgiik),Directed,1,52,Knows
5,6,"""Sispagut"" (Gisk'aast)","""Hladerh"" (Laxgibuu)",Directed,1,52,Knows
3,2,"""Eagle-Raven clan""",Sagaween (Laxsgiik),Directed,1,52,Knows
4,6,"Gisk'aast (""Killer Whale Clan"")","""Hladerh"" (Laxgibuu)",Directed,1,52,Knows
14,20,real Barbeau,"Laxgibuu (""Wolf clan"")",Directed,1,52,Knows of
3,54,"""Eagle-Raven clan""","""ancestors of Eagles""",Directed,1,52,Knows
7,5,"Oyee (""Oyai"")","""Sispagut"" (Gisk'aast)",Directed,1,52,Knows
14,56,real Barbeau,Caxton Printers,Directed,1,52,Knows
4,3,"Gisk'aast (""Killer Whale Clan"")","""Eagle-Raven clan""",Directed,1,52,Knows
20,55,"Laxgibuu (""Wolf clan"")","""ancestors of Wolves""",Directed,1,52,Knows
4,5,"Gisk'aast (""Killer Whale Clan"")","""Sispagut"" (Gisk'aast)",Directed,1,52,Knows
20,2,"Laxgibuu (""Wolf clan"")",Sagaween (Laxsgiik),Directed,1,52,Knows
7,4,"Oyee (""Oyai"")","Gisk'aast (""Killer Whale Clan"")",Directed,1,52,Knows
2,6,Sagaween (Laxsgiik),"""Hladerh"" (Laxgibuu)",Directed,1,52,Exchange
14,57,real Barbeau,Macmillan Company of Canada,Directed,1,52,Knows
20,54,"Laxgibuu (""Wolf clan"")","""ancestors of Eagles""",Directed,1,52,Knows of
3,6,"""Eagle-Raven clan""","""Hladerh"" (Laxgibuu)",Directed,1,52,Knows
7,2,"Oyee (""Oyai"")",Sagaween (Laxsgiik),Directed,1,52,Knows of
14,7,real Barbeau,"Oyee (""Oyai"")",Directed,1,52,Knows of
3,5,"""Eagle-Raven clan""","""Sispagut"" (Gisk'aast)",Directed,1,52,Knows
4,7,"Gisk'aast (""Killer Whale Clan"")","Oyee (""Oyai"")",Directed,1,52,Knows
5,7,"""Sispagut"" (Gisk'aast)","Oyee (""Oyai"")",Directed,1,52,Knows
2,5,Sagaween (Laxsgiik),"""Sispagut"" (Gisk'aast)",Directed,1,52,Knows
14,6,real Barbeau,"""Hladerh"" (Laxgibuu)",Directed,1,52,Knows of
14,4,real Barbeau,"Gisk'aast (""Killer Whale Clan"")",Directed,1,52,Knows
3,55,"""Eagle-Raven clan""","""ancestors of Wolves""",Directed,1,52,Knows of
4,2,"Gisk'aast (""Killer Whale Clan"")",Sagaween (Laxsgiik),Directed,1,52,Knows
7,6,"Oyee (""Oyai"")","""Hladerh"" (Laxgibuu)",Directed,1,52,Knows of
57,14,Macmillan Company of Canada,real Barbeau,Directed,1,52,Knows
14,3,real Barbeau,"""Eagle-Raven clan""",Directed,1,52,Knows
2,3,Sagaween (Laxsgiik),"""Eagle-Raven clan""",Directed,1,52,Knows
2,7,Sagaween (Laxsgiik),"Oyee (""Oyai"")",Directed,1,53,Knows of
3,6,"""Eagle-Raven clan""","""Hladerh"" (Laxgibuu)",Directed,1,53,Knows
14,57,real Barbeau,Macmillan Company of Canada,Directed,1,53,Knows
20,54,"Laxgibuu (""Wolf clan"")","""ancestors of Eagles""",Directed,1,53,Knows of
55,2,"""ancestors of Wolves""",Sagaween (Laxsgiik),Directed,1,53,Knows
3,55,"""Eagle-Raven clan""","""ancestors of Wolves""",Directed,1,53,Knows of
55,54,"""ancestors of Wolves""","""ancestors of Eagles""",Directed,1,53,Knows
5,4,"""Sispagut"" (Gisk'aast)","Gisk'aast (""Killer Whale Clan"")",Directed,1,53,Knows
56,14,Caxton Printers,real Barbeau,Directed,1,53,Knows
14,56,real Barbeau,Caxton Printers,Directed,1,53,Knows
5,6,"""Sispagut"" (Gisk'aast)","""Hladerh"" (Laxgibuu)",Directed,1,53,Knows
5,3,"""Sispagut"" (Gisk'aast)","""Eagle-Raven clan""",Directed,1,53,Knows
3,5,"""Eagle-Raven clan""","""Sispagut"" (Gisk'aast)",Directed,1,53,Knows
55,20,"""ancestors of Wolves""","Laxgibuu (""Wolf clan"")",Directed,1,53,Knows
14,2,real Barbeau,Sagaween (Laxsgiik),Directed,1,53,Knows
3,4,"""Eagle-Raven clan""","Gisk'aast (""Killer Whale Clan"")",Directed,1,53,Knows
3,2,"""Eagle-Raven clan""",Sagaween (Laxsgiik),Directed,1,53,Knows
14,54,real Barbeau,"""ancestors of Eagles""",Directed,1,53,Knows of
2,55,Sagaween (Laxsgiik),"""ancestors of Wolves""",Directed,1,53,Knows
2,14,Sagaween (Laxsgiik),real Barbeau,Directed,1,53,Knows
20,55,"Laxgibuu (""Wolf clan"")","""ancestors of Wolves""",Directed,1,53,Knows
14,20,real Barbeau,"Laxgibuu (""Wolf clan"")",Directed,1,53,Knows of
2,20,Sagaween (Laxsgiik),"Laxgibuu (""Wolf clan"")",Directed,1,53,Knows
3,54,"""Eagle-Raven clan""","""ancestors of Eagles""",Directed,1,53,Knows
2,4,Sagaween (Laxsgiik),"Gisk'aast (""Killer Whale Clan"")",Directed,1,53,Knows
20,2,"Laxgibuu (""Wolf clan"")",Sagaween (Laxsgiik),Directed,1,53,Knows
14,4,real Barbeau,"Gisk'aast (""Killer Whale Clan"")",Directed,1,53,Knows
57,14,Macmillan Company of Canada,real Barbeau,Directed,1,53,Knows
14,55,real Barbeau,"""ancestors of Wolves""",Directed,1,53,Knows of
14,7,real Barbeau,"Oyee (""Oyai"")",Directed,1,53,Knows of
7,4,"Oyee (""Oyai"")","Gisk'aast (""Killer Whale Clan"")",Directed,1,53,Knows
54,20,"""ancestors of Eagles""","Laxgibuu (""Wolf clan"")",Directed,1,53,Knows of
14,5,real Barbeau,"""Sispagut"" (Gisk'aast)",Directed,1,53,Knows of
6,5,"""Hladerh"" (Laxgibuu)","""Sispagut"" (Gisk'aast)",Directed,1,53,Knows
54,55,"""ancestors of Eagles""","""ancestors of Wolves""",Directed,1,53,Knows
4,14,"Gisk'aast (""Killer Whale Clan"")",real Barbeau,Directed,1,53,Knows
6,3,"""Hladerh"" (Laxgibuu)","""Eagle-Raven clan""",Directed,1,53,Knows
4,3,"Gisk'aast (""Killer Whale Clan"")","""Eagle-Raven clan""",Directed,1,53,Knows
54,3,"""ancestors of Eagles""","""Eagle-Raven clan""",Directed,1,53,Knows
2,6,Sagaween (Laxsgiik),"""Hladerh"" (Laxgibuu)",Directed,1,53,Exchange
4,5,"Gisk'aast (""Killer Whale Clan"")","""Sispagut"" (Gisk'aast)",Directed,1,53,Knows
2,54,Sagaween (Laxsgiik),"""ancestors of Eagles""",Directed,1,53,Knows of
4,2,"Gisk'aast (""Killer Whale Clan"")",Sagaween (Laxsgiik),Directed,1,53,Knows
14,6,real Barbeau,"""Hladerh"" (Laxgibuu)",Directed,1,53,Knows of
2,5,Sagaween (Laxsgiik),"""Sispagut"" (Gisk'aast)",Directed,1,53,Knows
2,3,Sagaween (Laxsgiik),"""Eagle-Raven clan""",Directed,1,53,Knows
7,6,"Oyee (""Oyai"")","""Hladerh"" (Laxgibuu)",Directed,1,53,Knows of
4,7,"Gisk'aast (""Killer Whale Clan"")","Oyee (""Oyai"")",Directed,1,53,Knows
14,3,real Barbeau,"""Eagle-Raven clan""",Directed,1,53,Knows
5,7,"""Sispagut"" (Gisk'aast)","Oyee (""Oyai"")",Directed,1,53,Knows
6,4,"""Hladerh"" (Laxgibuu)","Gisk'aast (""Killer Whale Clan"")",Directed,1,53,Knows
7,5,"Oyee (""Oyai"")","""Sispagut"" (Gisk'aast)",Directed,1,53,Knows
6,2,"""Hladerh"" (Laxgibuu)",Sagaween (Laxsgiik),Directed,1,53,Exchange
4,6,"Gisk'aast (""Killer Whale Clan"")","""Hladerh"" (Laxgibuu)",Directed,1,53,Knows
55,3,"""ancestors of Wolves""","""Eagle-Raven clan""",Directed,1,53,Knows of
5,2,"""Sispagut"" (Gisk'aast)",Sagaween (Laxsgiik),Directed,1,53,Knows
7,2,"Oyee (""Oyai"")",Sagaween (Laxsgiik),Directed,1,53,Knows of
6,7,"""Hladerh"" (Laxgibuu)","Oyee (""Oyai"")",Directed,1,53,Knows of
14,2,real Barbeau,Sagaween (Laxsgiik),Directed,1,54,Knows
5,7,"""Sispagut"" (Gisk'aast)","Oyee (""Oyai"")",Directed,1,54,Knows
14,6,real Barbeau,"""Hladerh"" (Laxgibuu)",Directed,1,54,Knows of
14,20,real Barbeau,"Laxgibuu (""Wolf clan"")",Directed,1,54,Knows of
14,55,real Barbeau,"""ancestors of Wolves""",Directed,1,54,Knows of
20,55,"Laxgibuu (""Wolf clan"")","""ancestors of Wolves""",Directed,1,54,Knows
4,3,"Gisk'aast (""Killer Whale Clan"")","""Eagle-Raven clan""",Directed,1,54,Knows
4,2,"Gisk'aast (""Killer Whale Clan"")",Sagaween (Laxsgiik),Directed,1,54,Knows
2,7,Sagaween (Laxsgiik),"Oyee (""Oyai"")",Directed,1,54,Knows of
55,54,"""ancestors of Wolves""","""ancestors of Eagles""",Directed,1,54,Knows
2,5,Sagaween (Laxsgiik),"""Sispagut"" (Gisk'aast)",Directed,1,54,Knows
55,3,"""ancestors of Wolves""","""Eagle-Raven clan""",Directed,1,54,Knows of
5,4,"""Sispagut"" (Gisk'aast)","Gisk'aast (""Killer Whale Clan"")",Directed,1,54,Knows
3,55,"""Eagle-Raven clan""","""ancestors of Wolves""",Directed,1,54,Knows of
2,54,Sagaween (Laxsgiik),"""ancestors of Eagles""",Directed,1,54,Knows of
57,14,Macmillan Company of Canada,real Barbeau,Directed,1,54,Knows
2,3,Sagaween (Laxsgiik),"""Eagle-Raven clan""",Directed,1,54,Knows
14,7,real Barbeau,"Oyee (""Oyai"")",Directed,1,54,Knows of
7,6,"Oyee (""Oyai"")","""Hladerh"" (Laxgibuu)",Directed,1,54,Knows of
3,54,"""Eagle-Raven clan""","""ancestors of Eagles""",Directed,1,54,Knows
7,5,"Oyee (""Oyai"")","""Sispagut"" (Gisk'aast)",Directed,1,54,Knows
4,7,"Gisk'aast (""Killer Whale Clan"")","Oyee (""Oyai"")",Directed,1,54,Knows
14,4,real Barbeau,"Gisk'aast (""Killer Whale Clan"")",Directed,1,54,Knows
3,5,"""Eagle-Raven clan""","""Sispagut"" (Gisk'aast)",Directed,1,54,Knows
20,2,"Laxgibuu (""Wolf clan"")",Sagaween (Laxsgiik),Directed,1,54,Knows
7,2,"Oyee (""Oyai"")",Sagaween (Laxsgiik),Directed,1,54,Knows of
14,56,real Barbeau,Caxton Printers,Directed,1,54,Knows
56,14,Caxton Printers,real Barbeau,Directed,1,54,Knows
4,5,"Gisk'aast (""Killer Whale Clan"")","""Sispagut"" (Gisk'aast)",Directed,1,54,Knows
55,20,"""ancestors of Wolves""","Laxgibuu (""Wolf clan"")",Directed,1,54,Knows
4,6,"Gisk'aast (""Killer Whale Clan"")","""Hladerh"" (Laxgibuu)",Directed,1,54,Knows
14,5,real Barbeau,"""Sispagut"" (Gisk'aast)",Directed,1,54,Knows of
3,2,"""Eagle-Raven clan""",Sagaween (Laxsgiik),Directed,1,54,Knows
6,4,"""Hladerh"" (Laxgibuu)","Gisk'aast (""Killer Whale Clan"")",Directed,1,54,Knows
20,54,"Laxgibuu (""Wolf clan"")","""ancestors of Eagles""",Directed,1,54,Knows of
54,20,"""ancestors of Eagles""","Laxgibuu (""Wolf clan"")",Directed,1,54,Knows of
2,55,Sagaween (Laxsgiik),"""ancestors of Wolves""",Directed,1,54,Knows
5,2,"""Sispagut"" (Gisk'aast)",Sagaween (Laxsgiik),Directed,1,54,Knows
2,14,Sagaween (Laxsgiik),real Barbeau,Directed,1,54,Knows
5,3,"""Sispagut"" (Gisk'aast)","""Eagle-Raven clan""",Directed,1,54,Knows
3,6,"""Eagle-Raven clan""","""Hladerh"" (Laxgibuu)",Directed,1,54,Knows
6,5,"""Hladerh"" (Laxgibuu)","""Sispagut"" (Gisk'aast)",Directed,1,54,Knows
54,55,"""ancestors of Eagles""","""ancestors of Wolves""",Directed,1,54,Knows
2,6,Sagaween (Laxsgiik),"""Hladerh"" (Laxgibuu)",Directed,1,54,Exchange
6,7,"""Hladerh"" (Laxgibuu)","Oyee (""Oyai"")",Directed,1,54,Knows of
14,57,real Barbeau,Macmillan Company of Canada,Directed,1,54,Knows
14,54,real Barbeau,"""ancestors of Eagles""",Directed,1,54,Knows of
5,6,"""Sispagut"" (Gisk'aast)","""Hladerh"" (Laxgibuu)",Directed,1,54,Knows
54,3,"""ancestors of Eagles""","""Eagle-Raven clan""",Directed,1,54,Knows
2,20,Sagaween (Laxsgiik),"Laxgibuu (""Wolf clan"")",Directed,1,54,Knows
6,3,"""Hladerh"" (Laxgibuu)","""Eagle-Raven clan""",Directed,1,54,Knows
6,2,"""Hladerh"" (Laxgibuu)",Sagaween (Laxsgiik),Directed,1,54,Exchange
14,3,real Barbeau,"""Eagle-Raven clan""",Directed,1,54,Knows
55,2,"""ancestors of Wolves""",Sagaween (Laxsgiik),Directed,1,54,Knows
4,14,"Gisk'aast (""Killer Whale Clan"")",real Barbeau,Directed,1,54,Knows
7,4,"Oyee (""Oyai"")","Gisk'aast (""Killer Whale Clan"")",Directed,1,54,Knows
2,4,Sagaween (Laxsgiik),"Gisk'aast (""Killer Whale Clan"")",Directed,1,54,Knows
3,4,"""Eagle-Raven clan""","Gisk'aast (""Killer Whale Clan"")",Directed,1,54,Knows
4,5,"Gisk'aast (""Killer Whale Clan"")","""Sispagut"" (Gisk'aast)",Directed,1,55,Knows
4,6,"Gisk'aast (""Killer Whale Clan"")","""Hladerh"" (Laxgibuu)",Directed,1,55,Knows
14,57,real Barbeau,Macmillan Company of Canada,Directed,1,55,Knows
56,14,Caxton Printers,real Barbeau,Directed,1,55,Knows
14,4,real Barbeau,"Gisk'aast (""Killer Whale Clan"")",Directed,1,55,Knows
55,3,"""ancestors of Wolves""","""Eagle-Raven clan""",Directed,1,55,Knows of
4,3,"Gisk'aast (""Killer Whale Clan"")","""Eagle-Raven clan""",Directed,1,55,Knows
5,7,"""Sispagut"" (Gisk'aast)","Oyee (""Oyai"")",Directed,1,55,Knows
55,54,"""ancestors of Wolves""","""ancestors of Eagles""",Directed,1,55,Knows
5,6,"""Sispagut"" (Gisk'aast)","""Hladerh"" (Laxgibuu)",Directed,1,55,Knows
54,20,"""ancestors of Eagles""","Laxgibuu (""Wolf clan"")",Directed,1,55,Knows of
5,3,"""Sispagut"" (Gisk'aast)","""Eagle-Raven clan""",Directed,1,55,Knows
5,2,"""Sispagut"" (Gisk'aast)",Sagaween (Laxsgiik),Directed,1,55,Knows
14,5,real Barbeau,"""Sispagut"" (Gisk'aast)",Directed,1,55,Knows of
55,20,"""ancestors of Wolves""","Laxgibuu (""Wolf clan"")",Directed,1,55,Knows
2,14,Sagaween (Laxsgiik),real Barbeau,Directed,1,55,Knows
54,55,"""ancestors of Eagles""","""ancestors of Wolves""",Directed,1,55,Knows
4,14,"Gisk'aast (""Killer Whale Clan"")",real Barbeau,Directed,1,55,Knows
55,2,"""ancestors of Wolves""",Sagaween (Laxsgiik),Directed,1,55,Knows
54,3,"""ancestors of Eagles""","""Eagle-Raven clan""",Directed,1,55,Knows
14,54,real Barbeau,"""ancestors of Eagles""",Directed,1,55,Knows of
4,2,"Gisk'aast (""Killer Whale Clan"")",Sagaween (Laxsgiik),Directed,1,55,Knows
14,6,real Barbeau,"""Hladerh"" (Laxgibuu)",Directed,1,55,Knows of
14,55,real Barbeau,"""ancestors of Wolves""",Directed,1,55,Knows of
14,56,real Barbeau,Caxton Printers,Directed,1,55,Knows
4,7,"Gisk'aast (""Killer Whale Clan"")","Oyee (""Oyai"")",Directed,1,55,Knows
14,3,real Barbeau,"""Eagle-Raven clan""",Directed,1,55,Knows
5,4,"""Sispagut"" (Gisk'aast)","Gisk'aast (""Killer Whale Clan"")",Directed,1,55,Knows
14,20,real Barbeau,"Laxgibuu (""Wolf clan"")",Directed,1,55,Knows of
14,2,real Barbeau,Sagaween (Laxsgiik),Directed,1,55,Knows
57,14,Macmillan Company of Canada,real Barbeau,Directed,1,55,Knows
20,55,"Laxgibuu (""Wolf clan"")","""ancestors of Wolves""",Directed,1,55,Knows
14,7,real Barbeau,"Oyee (""Oyai"")",Directed,1,55,Knows of
2,6,Sagaween (Laxsgiik),"""Hladerh"" (Laxgibuu)",Directed,1,55,Exchange
2,55,Sagaween (Laxsgiik),"""ancestors of Wolves""",Directed,1,55,Knows
7,5,"Oyee (""Oyai"")","""Sispagut"" (Gisk'aast)",Directed,1,55,Knows
2,5,Sagaween (Laxsgiik),"""Sispagut"" (Gisk'aast)",Directed,1,55,Knows
2,4,Sagaween (Laxsgiik),"Gisk'aast (""Killer Whale Clan"")",Directed,1,55,Knows
3,4,"""Eagle-Raven clan""","Gisk'aast (""Killer Whale Clan"")",Directed,1,55,Knows
6,2,"""Hladerh"" (Laxgibuu)",Sagaween (Laxsgiik),Directed,1,55,Exchange
3,55,"""Eagle-Raven clan""","""ancestors of Wolves""",Directed,1,55,Knows of
2,20,Sagaween (Laxsgiik),"Laxgibuu (""Wolf clan"")",Directed,1,55,Knows
7,2,"Oyee (""Oyai"")",Sagaween (Laxsgiik),Directed,1,55,Knows of
7,6,"Oyee (""Oyai"")","""Hladerh"" (Laxgibuu)",Directed,1,55,Knows of
3,54,"""Eagle-Raven clan""","""ancestors of Eagles""",Directed,1,55,Knows
2,54,Sagaween (Laxsgiik),"""ancestors of Eagles""",Directed,1,55,Knows of
20,2,"Laxgibuu (""Wolf clan"")",Sagaween (Laxsgiik),Directed,1,55,Knows
3,5,"""Eagle-Raven clan""","""Sispagut"" (Gisk'aast)",Directed,1,55,Knows
3,2,"""Eagle-Raven clan""",Sagaween (Laxsgiik),Directed,1,55,Knows
2,3,Sagaween (Laxsgiik),"""Eagle-Raven clan""",Directed,1,55,Knows
20,54,"Laxgibuu (""Wolf clan"")","""ancestors of Eagles""",Directed,1,55,Knows of
6,4,"""Hladerh"" (Laxgibuu)","Gisk'aast (""Killer Whale Clan"")",Directed,1,55,Knows
7,4,"Oyee (""Oyai"")","Gisk'aast (""Killer Whale Clan"")",Directed,1,55,Knows
2,7,Sagaween (Laxsgiik),"Oyee (""Oyai"")",Directed,1,55,Knows of
6,3,"""Hladerh"" (Laxgibuu)","""Eagle-Raven clan""",Directed,1,55,Knows
3,6,"""Eagle-Raven clan""","""Hladerh"" (Laxgibuu)",Directed,1,55,Knows
6,5,"""Hladerh"" (Laxgibuu)","""Sispagut"" (Gisk'aast)",Directed,1,55,Knows
6,7,"""Hladerh"" (Laxgibuu)","Oyee (""Oyai"")",Directed,1,55,Knows of
7,2,"Oyee (""Oyai"")",Sagaween (Laxsgiik),Directed,1,56,Knows of
4,6,"Gisk'aast (""Killer Whale Clan"")","""Hladerh"" (Laxgibuu)",Directed,1,56,Knows
4,3,"Gisk'aast (""Killer Whale Clan"")","""Eagle-Raven clan""",Directed,1,56,Knows
14,7,real Barbeau,"Oyee (""Oyai"")",Directed,1,56,Knows of
2,55,Sagaween (Laxsgiik),"""ancestors of Wolves""",Directed,1,56,Knows
14,5,real Barbeau,"""Sispagut"" (Gisk'aast)",Directed,1,56,Knows of
14,3,real Barbeau,"""Eagle-Raven clan""",Directed,1,56,Knows
2,20,Sagaween (Laxsgiik),"Laxgibuu (""Wolf clan"")",Directed,1,56,Knows
2,3,Sagaween (Laxsgiik),"""Eagle-Raven clan""",Directed,1,56,Knows
14,54,real Barbeau,"""ancestors of Eagles""",Directed,1,56,Knows of
54,3,"""ancestors of Eagles""","""Eagle-Raven clan""",Directed,1,56,Knows
2,7,Sagaween (Laxsgiik),"Oyee (""Oyai"")",Directed,1,56,Knows of
2,14,Sagaween (Laxsgiik),real Barbeau,Directed,1,56,Knows
4,14,"Gisk'aast (""Killer Whale Clan"")",real Barbeau,Directed,1,56,Knows
5,6,"""Sispagut"" (Gisk'aast)","""Hladerh"" (Laxgibuu)",Directed,1,56,Knows
7,4,"Oyee (""Oyai"")","Gisk'aast (""Killer Whale Clan"")",Directed,1,56,Knows
6,3,"""Hladerh"" (Laxgibuu)","""Eagle-Raven clan""",Directed,1,56,Knows
6,5,"""Hladerh"" (Laxgibuu)","""Sispagut"" (Gisk'aast)",Directed,1,56,Knows
2,54,Sagaween (Laxsgiik),"""ancestors of Eagles""",Directed,1,56,Knows of
6,4,"""Hladerh"" (Laxgibuu)","Gisk'aast (""Killer Whale Clan"")",Directed,1,56,Knows
4,2,"Gisk'aast (""Killer Whale Clan"")",Sagaween (Laxsgiik),Directed,1,56,Knows
5,2,"""Sispagut"" (Gisk'aast)",Sagaween (Laxsgiik),Directed,1,56,Knows
6,7,"""Hladerh"" (Laxgibuu)","Oyee (""Oyai"")",Directed,1,56,Knows of
5,7,"""Sispagut"" (Gisk'aast)","Oyee (""Oyai"")",Directed,1,56,Knows
14,6,real Barbeau,"""Hladerh"" (Laxgibuu)",Directed,1,56,Knows of
6,2,"""Hladerh"" (Laxgibuu)",Sagaween (Laxsgiik),Directed,1,56,Exchange
2,5,Sagaween (Laxsgiik),"""Sispagut"" (Gisk'aast)",Directed,1,56,Knows
5,4,"""Sispagut"" (Gisk'aast)","Gisk'aast (""Killer Whale Clan"")",Directed,1,56,Knows
2,6,Sagaween (Laxsgiik),"""Hladerh"" (Laxgibuu)",Directed,1,56,Exchange
4,7,"Gisk'aast (""Killer Whale Clan"")","Oyee (""Oyai"")",Directed,1,56,Knows
7,6,"Oyee (""Oyai"")","""Hladerh"" (Laxgibuu)",Directed,1,56,Knows of
54,55,"""ancestors of Eagles""","""ancestors of Wolves""",Directed,1,56,Knows
4,5,"Gisk'aast (""Killer Whale Clan"")","""Sispagut"" (Gisk'aast)",Directed,1,56,Knows
7,5,"Oyee (""Oyai"")","""Sispagut"" (Gisk'aast)",Directed,1,56,Knows
5,3,"""Sispagut"" (Gisk'aast)","""Eagle-Raven clan""",Directed,1,56,Knows
14,2,real Barbeau,Sagaween (Laxsgiik),Directed,1,56,Knows
14,55,real Barbeau,"""ancestors of Wolves""",Directed,1,56,Knows of
2,4,Sagaween (Laxsgiik),"Gisk'aast (""Killer Whale Clan"")",Directed,1,56,Knows
3,4,"""Eagle-Raven clan""","Gisk'aast (""Killer Whale Clan"")",Directed,1,56,Knows
3,55,"""Eagle-Raven clan""","""ancestors of Wolves""",Directed,1,56,Knows of
57,14,Macmillan Company of Canada,real Barbeau,Directed,1,56,Knows
20,2,"Laxgibuu (""Wolf clan"")",Sagaween (Laxsgiik),Directed,1,56,Knows
14,20,real Barbeau,"Laxgibuu (""Wolf clan"")",Directed,1,56,Knows of
3,54,"""Eagle-Raven clan""","""ancestors of Eagles""",Directed,1,56,Knows
14,4,real Barbeau,"Gisk'aast (""Killer Whale Clan"")",Directed,1,56,Knows
3,5,"""Eagle-Raven clan""","""Sispagut"" (Gisk'aast)",Directed,1,56,Knows
14,56,real Barbeau,Caxton Printers,Directed,1,56,Knows
20,55,"Laxgibuu (""Wolf clan"")","""ancestors of Wolves""",Directed,1,56,Knows
55,54,"""ancestors of Wolves""","""ancestors of Eagles""",Directed,1,56,Knows
56,14,Caxton Printers,real Barbeau,Directed,1,56,Knows
3,2,"""Eagle-Raven clan""",Sagaween (Laxsgiik),Directed,1,56,Knows
55,20,"""ancestors of Wolves""","Laxgibuu (""Wolf clan"")",Directed,1,56,Knows
55,3,"""ancestors of Wolves""","""Eagle-Raven clan""",Directed,1,56,Knows of
14,57,real Barbeau,Macmillan Company of Canada,Directed,1,56,Knows
55,2,"""ancestors of Wolves""",Sagaween (Laxsgiik),Directed,1,56,Knows
20,54,"Laxgibuu (""Wolf clan"")","""ancestors of Eagles""",Directed,1,56,Knows of
54,20,"""ancestors of Eagles""","Laxgibuu (""Wolf clan"")",Directed,1,56,Knows of
3,6,"""Eagle-Raven clan""","""Hladerh"" (Laxgibuu)",Directed,1,56,Knows
5,6,"""Sispagut"" (Gisk'aast)","""Hladerh"" (Laxgibuu)",Directed,1,57,Knows
4,5,"Gisk'aast (""Killer Whale Clan"")","""Sispagut"" (Gisk'aast)",Directed,1,57,Knows
56,14,Caxton Printers,real Barbeau,Directed,1,57,Knows
2,6,Sagaween (Laxsgiik),"""Hladerh"" (Laxgibuu)",Directed,1,57,Exchange
7,6,"Oyee (""Oyai"")","""Hladerh"" (Laxgibuu)",Directed,1,57,Knows of
55,2,"""ancestors of Wolves""",Sagaween (Laxsgiik),Directed,1,57,Knows
4,7,"Gisk'aast (""Killer Whale Clan"")","Oyee (""Oyai"")",Directed,1,57,Knows
5,4,"""Sispagut"" (Gisk'aast)","Gisk'aast (""Killer Whale Clan"")",Directed,1,57,Knows
14,20,real Barbeau,"Laxgibuu (""Wolf clan"")",Directed,1,57,Knows of
20,55,"Laxgibuu (""Wolf clan"")","""ancestors of Wolves""",Directed,1,57,Knows
3,54,"""Eagle-Raven clan""","""ancestors of Eagles""",Directed,1,57,Knows
3,55,"""Eagle-Raven clan""","""ancestors of Wolves""",Directed,1,57,Knows of
14,7,real Barbeau,"Oyee (""Oyai"")",Directed,1,57,Knows of
6,3,"""Hladerh"" (Laxgibuu)","""Eagle-Raven clan""",Directed,1,57,Knows
14,57,real Barbeau,Macmillan Company of Canada,Directed,1,57,Knows
2,54,Sagaween (Laxsgiik),"""ancestors of Eagles""",Directed,1,57,Knows of
6,5,"""Hladerh"" (Laxgibuu)","""Sispagut"" (Gisk'aast)",Directed,1,57,Knows
3,6,"""Eagle-Raven clan""","""Hladerh"" (Laxgibuu)",Directed,1,57,Knows
4,2,"Gisk'aast (""Killer Whale Clan"")",Sagaween (Laxsgiik),Directed,1,57,Knows
6,2,"""Hladerh"" (Laxgibuu)",Sagaween (Laxsgiik),Directed,1,57,Exchange
20,54,"Laxgibuu (""Wolf clan"")","""ancestors of Eagles""",Directed,1,57,Knows of
6,4,"""Hladerh"" (Laxgibuu)","Gisk'aast (""Killer Whale Clan"")",Directed,1,57,Knows
3,5,"""Eagle-Raven clan""","""Sispagut"" (Gisk'aast)",Directed,1,57,Knows
6,7,"""Hladerh"" (Laxgibuu)","Oyee (""Oyai"")",Directed,1,57,Knows of
14,6,real Barbeau,"""Hladerh"" (Laxgibuu)",Directed,1,57,Knows of
5,7,"""Sispagut"" (Gisk'aast)","Oyee (""Oyai"")",Directed,1,57,Knows
14,55,real Barbeau,"""ancestors of Wolves""",Directed,1,57,Knows of
2,5,Sagaween (Laxsgiik),"""Sispagut"" (Gisk'aast)",Directed,1,57,Knows
5,2,"""Sispagut"" (Gisk'aast)",Sagaween (Laxsgiik),Directed,1,57,Knows
3,4,"""Eagle-Raven clan""","Gisk'aast (""Killer Whale Clan"")",Directed,1,57,Knows
54,55,"""ancestors of Eagles""","""ancestors of Wolves""",Directed,1,57,Knows
5,3,"""Sispagut"" (Gisk'aast)","""Eagle-Raven clan""",Directed,1,57,Knows
2,14,Sagaween (Laxsgiik),real Barbeau,Directed,1,57,Knows
7,5,"Oyee (""Oyai"")","""Sispagut"" (Gisk'aast)",Directed,1,57,Knows
2,55,Sagaween (Laxsgiik),"""ancestors of Wolves""",Directed,1,57,Knows
55,54,"""ancestors of Wolves""","""ancestors of Eagles""",Directed,1,57,Knows
14,56,real Barbeau,Caxton Printers,Directed,1,57,Knows
2,4,Sagaween (Laxsgiik),"Gisk'aast (""Killer Whale Clan"")",Directed,1,57,Knows
14,3,real Barbeau,"""Eagle-Raven clan""",Directed,1,57,Knows
2,3,Sagaween (Laxsgiik),"""Eagle-Raven clan""",Directed,1,57,Knows
57,14,Macmillan Company of Canada,real Barbeau,Directed,1,57,Knows
2,20,Sagaween (Laxsgiik),"Laxgibuu (""Wolf clan"")",Directed,1,57,Knows
55,3,"""ancestors of Wolves""","""Eagle-Raven clan""",Directed,1,57,Knows of
14,54,real Barbeau,"""ancestors of Eagles""",Directed,1,57,Knows of
54,3,"""ancestors of Eagles""","""Eagle-Raven clan""",Directed,1,57,Knows
54,20,"""ancestors of Eagles""","Laxgibuu (""Wolf clan"")",Directed,1,57,Knows of
2,7,Sagaween (Laxsgiik),"Oyee (""Oyai"")",Directed,1,57,Knows of
3,2,"""Eagle-Raven clan""",Sagaween (Laxsgiik),Directed,1,57,Knows
4,3,"Gisk'aast (""Killer Whale Clan"")","""Eagle-Raven clan""",Directed,1,57,Knows
4,14,"Gisk'aast (""Killer Whale Clan"")",real Barbeau,Directed,1,57,Knows
14,5,real Barbeau,"""Sispagut"" (Gisk'aast)",Directed,1,57,Knows of
55,20,"""ancestors of Wolves""","Laxgibuu (""Wolf clan"")",Directed,1,57,Knows
4,6,"Gisk'aast (""Killer Whale Clan"")","""Hladerh"" (Laxgibuu)",Directed,1,57,Knows
14,2,real Barbeau,Sagaween (Laxsgiik),Directed,1,57,Knows
7,4,"Oyee (""Oyai"")","Gisk'aast (""Killer Whale Clan"")",Directed,1,57,Knows
14,4,real Barbeau,"Gisk'aast (""Killer Whale Clan"")",Directed,1,57,Knows
20,2,"Laxgibuu (""Wolf clan"")",Sagaween (Laxsgiik),Directed,1,57,Knows
7,2,"Oyee (""Oyai"")",Sagaween (Laxsgiik),Directed,1,57,Knows of
3,4,"""Eagle-Raven clan""","Gisk'aast (""Killer Whale Clan"")",Directed,1,58,Knows
7,5,"Oyee (""Oyai"")","""Sispagut"" (Gisk'aast)",Directed,1,58,Knows
54,55,"""ancestors of Eagles""","""ancestors of Wolves""",Directed,1,58,Knows
54,20,"""ancestors of Eagles""","Laxgibuu (""Wolf clan"")",Directed,1,58,Knows of
55,20,"""ancestors of Wolves""","Laxgibuu (""Wolf clan"")",Directed,1,58,Knows
7,6,"Oyee (""Oyai"")","""Hladerh"" (Laxgibuu)",Directed,1,58,Knows of
6,3,"""Hladerh"" (Laxgibuu)","""Eagle-Raven clan""",Directed,1,58,Knows
4,2,"Gisk'aast (""Killer Whale Clan"")",Sagaween (Laxsgiik),Directed,1,58,Knows
3,6,"""Eagle-Raven clan""","""Hladerh"" (Laxgibuu)",Directed,1,58,Knows
55,3,"""ancestors of Wolves""","""Eagle-Raven clan""",Directed,1,58,Knows of
54,3,"""ancestors of Eagles""","""Eagle-Raven clan""",Directed,1,58,Knows
4,5,"Gisk'aast (""Killer Whale Clan"")","""Sispagut"" (Gisk'aast)",Directed,1,58,Knows
2,6,Sagaween (Laxsgiik),"""Hladerh"" (Laxgibuu)",Directed,1,58,Exchange
4,3,"Gisk'aast (""Killer Whale Clan"")","""Eagle-Raven clan""",Directed,1,58,Knows
4,6,"Gisk'aast (""Killer Whale Clan"")","""Hladerh"" (Laxgibuu)",Directed,1,58,Knows
2,5,Sagaween (Laxsgiik),"""Sispagut"" (Gisk'aast)",Directed,1,58,Knows
3,5,"""Eagle-Raven clan""","""Sispagut"" (Gisk'aast)",Directed,1,58,Knows
14,3,real Barbeau,"""Eagle-Raven clan""",Directed,1,58,Knows
14,6,real Barbeau,"""Hladerh"" (Laxgibuu)",Directed,1,58,Knows of
2,3,Sagaween (Laxsgiik),"""Eagle-Raven clan""",Directed,1,58,Knows
56,14,Caxton Printers,real Barbeau,Directed,1,58,Knows
3,54,"""Eagle-Raven clan""","""ancestors of Eagles""",Directed,1,58,Knows
3,2,"""Eagle-Raven clan""",Sagaween (Laxsgiik),Directed,1,58,Knows
7,4,"Oyee (""Oyai"")","Gisk'aast (""Killer Whale Clan"")",Directed,1,58,Knows
7,2,"Oyee (""Oyai"")",Sagaween (Laxsgiik),Directed,1,58,Knows of
3,55,"""Eagle-Raven clan""","""ancestors of Wolves""",Directed,1,58,Knows of
55,2,"""ancestors of Wolves""",Sagaween (Laxsgiik),Directed,1,58,Knows
55,54,"""ancestors of Wolves""","""ancestors of Eagles""",Directed,1,58,Knows
4,7,"Gisk'aast (""Killer Whale Clan"")","Oyee (""Oyai"")",Directed,1,58,Knows
4,14,"Gisk'aast (""Killer Whale Clan"")",real Barbeau,Directed,1,58,Knows
5,4,"""Sispagut"" (Gisk'aast)","Gisk'aast (""Killer Whale Clan"")",Directed,1,58,Knows
14,54,real Barbeau,"""ancestors of Eagles""",Directed,1,58,Knows of
14,7,real Barbeau,"Oyee (""Oyai"")",Directed,1,58,Knows of
2,20,Sagaween (Laxsgiik),"Laxgibuu (""Wolf clan"")",Directed,1,58,Knows
20,54,"Laxgibuu (""Wolf clan"")","""ancestors of Eagles""",Directed,1,58,Knows of
2,4,Sagaween (Laxsgiik),"Gisk'aast (""Killer Whale Clan"")",Directed,1,58,Knows
20,2,"Laxgibuu (""Wolf clan"")",Sagaween (Laxsgiik),Directed,1,58,Knows
2,54,Sagaween (Laxsgiik),"""ancestors of Eagles""",Directed,1,58,Knows of
2,55,Sagaween (Laxsgiik),"""ancestors of Wolves""",Directed,1,58,Knows
14,20,real Barbeau,"Laxgibuu (""Wolf clan"")",Directed,1,58,Knows of
14,4,real Barbeau,"Gisk'aast (""Killer Whale Clan"")",Directed,1,58,Knows
5,6,"""Sispagut"" (Gisk'aast)","""Hladerh"" (Laxgibuu)",Directed,1,58,Knows
20,55,"Laxgibuu (""Wolf clan"")","""ancestors of Wolves""",Directed,1,58,Knows
14,5,real Barbeau,"""Sispagut"" (Gisk'aast)",Directed,1,58,Knows of
5,3,"""Sispagut"" (Gisk'aast)","""Eagle-Raven clan""",Directed,1,58,Knows
14,56,real Barbeau,Caxton Printers,Directed,1,58,Knows
6,2,"""Hladerh"" (Laxgibuu)",Sagaween (Laxsgiik),Directed,1,58,Exchange
14,57,real Barbeau,Macmillan Company of Canada,Directed,1,58,Knows
6,7,"""Hladerh"" (Laxgibuu)","Oyee (""Oyai"")",Directed,1,58,Knows of
2,14,Sagaween (Laxsgiik),real Barbeau,Directed,1,58,Knows
2,7,Sagaween (Laxsgiik),"Oyee (""Oyai"")",Directed,1,58,Knows of
6,5,"""Hladerh"" (Laxgibuu)","""Sispagut"" (Gisk'aast)",Directed,1,58,Knows
57,14,Macmillan Company of Canada,real Barbeau,Directed,1,58,Knows
14,55,real Barbeau,"""ancestors of Wolves""",Directed,1,58,Knows of
5,2,"""Sispagut"" (Gisk'aast)",Sagaween (Laxsgiik),Directed,1,58,Knows
6,4,"""Hladerh"" (Laxgibuu)","Gisk'aast (""Killer Whale Clan"")",Directed,1,58,Knows
14,2,real Barbeau,Sagaween (Laxsgiik),Directed,1,58,Knows
5,7,"""Sispagut"" (Gisk'aast)","Oyee (""Oyai"")",Directed,1,58,Knows
54,20,"""ancestors of Eagles""","Laxgibuu (""Wolf clan"")",Directed,1,59,Knows of
14,54,real Barbeau,"""ancestors of Eagles""",Directed,1,59,Knows of
2,20,Sagaween (Laxsgiik),"Laxgibuu (""Wolf clan"")",Directed,1,59,Knows
14,5,real Barbeau,"""Sispagut"" (Gisk'aast)",Directed,1,59,Knows of
7,4,"Oyee (""Oyai"")","Gisk'aast (""Killer Whale Clan"")",Directed,1,59,Knows
20,55,"Laxgibuu (""Wolf clan"")","""ancestors of Wolves""",Directed,1,59,Knows
4,3,"Gisk'aast (""Killer Whale Clan"")","""Eagle-Raven clan""",Directed,1,59,Knows
3,4,"""Eagle-Raven clan""","Gisk'aast (""Killer Whale Clan"")",Directed,1,59,Knows
55,20,"""ancestors of Wolves""","Laxgibuu (""Wolf clan"")",Directed,1,59,Knows
14,4,real Barbeau,"Gisk'aast (""Killer Whale Clan"")",Directed,1,59,Knows
14,56,real Barbeau,Caxton Printers,Directed,1,59,Knows
4,6,"Gisk'aast (""Killer Whale Clan"")","""Hladerh"" (Laxgibuu)",Directed,1,59,Knows
54,3,"""ancestors of Eagles""","""Eagle-Raven clan""",Directed,1,59,Knows
7,2,"Oyee (""Oyai"")",Sagaween (Laxsgiik),Directed,1,59,Knows of
2,3,Sagaween (Laxsgiik),"""Eagle-Raven clan""",Directed,1,59,Knows
2,7,Sagaween (Laxsgiik),"Oyee (""Oyai"")",Directed,1,59,Knows of
55,3,"""ancestors of Wolves""","""Eagle-Raven clan""",Directed,1,59,Knows of
3,2,"""Eagle-Raven clan""",Sagaween (Laxsgiik),Directed,1,59,Knows
2,55,Sagaween (Laxsgiik),"""ancestors of Wolves""",Directed,1,59,Knows
14,55,real Barbeau,"""ancestors of Wolves""",Directed,1,59,Knows of
20,2,"Laxgibuu (""Wolf clan"")",Sagaween (Laxsgiik),Directed,1,59,Knows
57,14,Macmillan Company of Canada,real Barbeau,Directed,1,59,Knows
2,4,Sagaween (Laxsgiik),"Gisk'aast (""Killer Whale Clan"")",Directed,1,59,Knows
54,55,"""ancestors of Eagles""","""ancestors of Wolves""",Directed,1,59,Knows
55,54,"""ancestors of Wolves""","""ancestors of Eagles""",Directed,1,59,Knows
14,3,real Barbeau,"""Eagle-Raven clan""",Directed,1,59,Knows
4,14,"Gisk'aast (""Killer Whale Clan"")",real Barbeau,Directed,1,59,Knows
7,5,"Oyee (""Oyai"")","""Sispagut"" (Gisk'aast)",Directed,1,59,Knows
20,54,"Laxgibuu (""Wolf clan"")","""ancestors of Eagles""",Directed,1,59,Knows of
3,6,"""Eagle-Raven clan""","""Hladerh"" (Laxgibuu)",Directed,1,59,Knows
14,7,real Barbeau,"Oyee (""Oyai"")",Directed,1,59,Knows of
14,57,real Barbeau,Macmillan Company of Canada,Directed,1,59,Knows
2,6,Sagaween (Laxsgiik),"""Hladerh"" (Laxgibuu)",Directed,1,59,Exchange
5,4,"""Sispagut"" (Gisk'aast)","Gisk'aast (""Killer Whale Clan"")",Directed,1,59,Knows
6,7,"""Hladerh"" (Laxgibuu)","Oyee (""Oyai"")",Directed,1,59,Knows of
3,5,"""Eagle-Raven clan""","""Sispagut"" (Gisk'aast)",Directed,1,59,Knows
5,7,"""Sispagut"" (Gisk'aast)","Oyee (""Oyai"")",Directed,1,59,Knows
6,4,"""Hladerh"" (Laxgibuu)","Gisk'aast (""Killer Whale Clan"")",Directed,1,59,Knows
2,5,Sagaween (Laxsgiik),"""Sispagut"" (Gisk'aast)",Directed,1,59,Knows
5,2,"""Sispagut"" (Gisk'aast)",Sagaween (Laxsgiik),Directed,1,59,Knows
6,5,"""Hladerh"" (Laxgibuu)","""Sispagut"" (Gisk'aast)",Directed,1,59,Knows
4,2,"Gisk'aast (""Killer Whale Clan"")",Sagaween (Laxsgiik),Directed,1,59,Knows
2,14,Sagaween (Laxsgiik),real Barbeau,Directed,1,59,Knows
6,3,"""Hladerh"" (Laxgibuu)","""Eagle-Raven clan""",Directed,1,59,Knows
14,6,real Barbeau,"""Hladerh"" (Laxgibuu)",Directed,1,59,Knows of
3,54,"""Eagle-Raven clan""","""ancestors of Eagles""",Directed,1,59,Knows
6,2,"""Hladerh"" (Laxgibuu)",Sagaween (Laxsgiik),Directed,1,59,Exchange
4,7,"Gisk'aast (""Killer Whale Clan"")","Oyee (""Oyai"")",Directed,1,59,Knows
5,3,"""Sispagut"" (Gisk'aast)","""Eagle-Raven clan""",Directed,1,59,Knows
2,54,Sagaween (Laxsgiik),"""ancestors of Eagles""",Directed,1,59,Knows of
4,5,"Gisk'aast (""Killer Whale Clan"")","""Sispagut"" (Gisk'aast)",Directed,1,59,Knows
55,2,"""ancestors of Wolves""",Sagaween (Laxsgiik),Directed,1,59,Knows
7,6,"Oyee (""Oyai"")","""Hladerh"" (Laxgibuu)",Directed,1,59,Knows of
14,2,real Barbeau,Sagaween (Laxsgiik),Directed,1,59,Knows
56,14,Caxton Printers,real Barbeau,Directed,1,59,Knows
5,6,"""Sispagut"" (Gisk'aast)","""Hladerh"" (Laxgibuu)",Directed,1,59,Knows
3,55,"""Eagle-Raven clan""","""ancestors of Wolves""",Directed,1,59,Knows of
14,20,real Barbeau,"Laxgibuu (""Wolf clan"")",Directed,1,59,Knows of
1,14,speaker Abel,real Barbeau,Directed,1,70,Knows
14,1,real Barbeau,speaker Abel,Directed,1,70,Knows of
14,2,real Barbeau,Sagaween (Laxsgiik),Directed,1,70,Knows of
14,5,real Barbeau,"""Sispagut"" (Gisk'aast)",Directed,1,70,Knows of
1,5,speaker Abel,"""Sispagut"" (Gisk'aast)",Directed,1,70,Knows
1,2,speaker Abel,Sagaween (Laxsgiik),Directed,1,70,Knows
1,2,speaker Abel,Sagaween (Laxsgiik),Directed,1,71,Knows
1,14,speaker Abel,real Barbeau,Directed,1,71,Knows
1,5,speaker Abel,"""Sispagut"" (Gisk'aast)",Directed,1,71,Knows
14,2,real Barbeau,Sagaween (Laxsgiik),Directed,1,71,Knows of
14,1,real Barbeau,speaker Abel,Directed,1,71,Knows of
14,5,real Barbeau,"""Sispagut"" (Gisk'aast)",Directed,1,71,Knows of
14,1,real Barbeau,speaker Abel,Directed,1,72,Knows of
14,5,real Barbeau,"""Sispagut"" (Gisk'aast)",Directed,1,72,Knows of
14,2,real Barbeau,Sagaween (Laxsgiik),Directed,1,72,Knows of
1,5,speaker Abel,"""Sispagut"" (Gisk'aast)",Directed,1,72,Knows
1,14,speaker Abel,real Barbeau,Directed,1,72,Knows
1,2,speaker Abel,Sagaween (Laxsgiik),Directed,1,72,Knows
14,1,real Barbeau,speaker Abel,Directed,1,73,Knows of
1,2,speaker Abel,Sagaween (Laxsgiik),Directed,1,73,Knows
14,5,real Barbeau,"""Sispagut"" (Gisk'aast)",Directed,1,73,Knows of
14,2,real Barbeau,Sagaween (Laxsgiik),Directed,1,73,Knows of
1,5,speaker Abel,"""Sispagut"" (Gisk'aast)",Directed,1,73,Knows
1,14,speaker Abel,real Barbeau,Directed,1,73,Knows
1,5,speaker Abel,"""Sispagut"" (Gisk'aast)",Directed,1,74,Knows
14,5,real Barbeau,"""Sispagut"" (Gisk'aast)",Directed,1,74,Knows of
1,2,speaker Abel,Sagaween (Laxsgiik),Directed,1,74,Knows
1,14,speaker Abel,real Barbeau,Directed,1,74,Knows
14,1,real Barbeau,speaker Abel,Directed,1,74,Knows of
14,2,real Barbeau,Sagaween (Laxsgiik),Directed,1,74,Knows of
1,2,speaker Abel,Sagaween (Laxsgiik),Directed,1,75,Knows
14,5,real Barbeau,"""Sispagut"" (Gisk'aast)",Directed,1,75,Knows of
14,2,real Barbeau,Sagaween (Laxsgiik),Directed,1,75,Knows of
1,14,speaker Abel,real Barbeau,Directed,1,75,Knows
14,1,real Barbeau,speaker Abel,Directed,1,75,Knows of
1,5,speaker Abel,"""Sispagut"" (Gisk'aast)",Directed,1,75,Knows
1,14,speaker Abel,real Barbeau,Directed,1,76,Knows
14,1,real Barbeau,speaker Abel,Directed,1,76,Knows of
1,2,speaker Abel,Sagaween (Laxsgiik),Directed,1,76,Knows
14,2,real Barbeau,Sagaween (Laxsgiik),Directed,1,76,Knows of
1,5,speaker Abel,"""Sispagut"" (Gisk'aast)",Directed,1,76,Knows
14,5,real Barbeau,"""Sispagut"" (Gisk'aast)",Directed,1,76,Knows of
14,5,real Barbeau,"""Sispagut"" (Gisk'aast)",Directed,1,77,Knows of
14,2,real Barbeau,Sagaween (Laxsgiik),Directed,1,77,Knows of
1,2,speaker Abel,Sagaween (Laxsgiik),Directed,1,77,Knows
1,5,speaker Abel,"""Sispagut"" (Gisk'aast)",Directed,1,77,Knows
1,14,speaker Abel,real Barbeau,Directed,1,77,Knows
14,1,real Barbeau,speaker Abel,Directed,1,77,Knows of
1,5,speaker Abel,"""Sispagut"" (Gisk'aast)",Directed,1,78,Knows
14,2,real Barbeau,Sagaween (Laxsgiik),Directed,1,78,Knows of
1,2,speaker Abel,Sagaween (Laxsgiik),Directed,1,78,Knows
14,5,real Barbeau,"""Sispagut"" (Gisk'aast)",Directed,1,78,Knows of
1,14,speaker Abel,real Barbeau,Directed,1,78,Knows
14,1,real Barbeau,speaker Abel,Directed,1,78,Knows of
14,5,real Barbeau,"""Sispagut"" (Gisk'aast)",Directed,1,79,Knows of
1,2,speaker Abel,Sagaween (Laxsgiik),Directed,1,79,Knows
14,1,real Barbeau,speaker Abel,Directed,1,79,Knows of
14,2,real Barbeau,Sagaween (Laxsgiik),Directed,1,79,Knows of
1,5,speaker Abel,"""Sispagut"" (Gisk'aast)",Directed,1,79,Knows
1,14,speaker Abel,real Barbeau,Directed,1,79,Knows
1,20,speaker Abel,"Laxgibuu (""Wolf clan"")",Directed,1,90,Knows
14,3,real Barbeau,"""Eagle-Raven clan""",Directed,1,90,Knows
1,14,speaker Abel,real Barbeau,Directed,1,90,Knows
14,20,real Barbeau,"Laxgibuu (""Wolf clan"")",Directed,1,90,Knows
1,3,speaker Abel,"""Eagle-Raven clan""",Directed,1,90,Knows
1,3,speaker Abel,"""Eagle-Raven clan""",Directed,1,91,Knows
14,3,real Barbeau,"""Eagle-Raven clan""",Directed,1,91,Knows
1,14,speaker Abel,real Barbeau,Directed,1,91,Knows
1,20,speaker Abel,"Laxgibuu (""Wolf clan"")",Directed,1,91,Knows
14,20,real Barbeau,"Laxgibuu (""Wolf clan"")",Directed,1,91,Knows
1,20,speaker Abel,"Laxgibuu (""Wolf clan"")",Directed,1,92,Knows
14,3,real Barbeau,"""Eagle-Raven clan""",Directed,1,92,Knows
1,14,speaker Abel,real Barbeau,Directed,1,92,Knows
14,20,real Barbeau,"Laxgibuu (""Wolf clan"")",Directed,1,92,Knows
1,3,speaker Abel,"""Eagle-Raven clan""",Directed,1,92,Knows
1,3,speaker Abel,"""Eagle-Raven clan""",Directed,1,93,Knows
1,20,speaker Abel,"Laxgibuu (""Wolf clan"")",Directed,1,93,Knows
1,14,speaker Abel,real Barbeau,Directed,1,93,Knows
14,20,real Barbeau,"Laxgibuu (""Wolf clan"")",Directed,1,93,Knows
14,3,real Barbeau,"""Eagle-Raven clan""",Directed,1,93,Knows
1,3,speaker Abel,"""Eagle-Raven clan""",Directed,1,94,Knows
1,14,speaker Abel,real Barbeau,Directed,1,94,Knows
14,3,real Barbeau,"""Eagle-Raven clan""",Directed,1,94,Knows
1,20,speaker Abel,"Laxgibuu (""Wolf clan"")",Directed,1,94,Knows
14,20,real Barbeau,"Laxgibuu (""Wolf clan"")",Directed,1,94,Knows
14,20,real Barbeau,"Laxgibuu (""Wolf clan"")",Directed,1,95,Knows
1,14,speaker Abel,real Barbeau,Directed,1,95,Knows
14,3,real Barbeau,"""Eagle-Raven clan""",Directed,1,95,Knows
1,20,speaker Abel,"Laxgibuu (""Wolf clan"")",Directed,1,95,Knows
1,3,speaker Abel,"""Eagle-Raven clan""",Directed,1,95,Knows
1,3,speaker Abel,"""Eagle-Raven clan""",Directed,1,96,Knows
14,3,real Barbeau,"""Eagle-Raven clan""",Directed,1,96,Knows
1,20,speaker Abel,"Laxgibuu (""Wolf clan"")",Directed,1,96,Knows
14,20,real Barbeau,"Laxgibuu (""Wolf clan"")",Directed,1,96,Knows
1,14,speaker Abel,real Barbeau,Directed,1,96,Knows
1,3,speaker Abel,"""Eagle-Raven clan""",Directed,1,97,Knows
14,20,real Barbeau,"Laxgibuu (""Wolf clan"")",Directed,1,97,Knows
14,3,real Barbeau,"""Eagle-Raven clan""",Directed,1,97,Knows
1,14,speaker Abel,real Barbeau,Directed,1,97,Knows
1,20,speaker Abel,"Laxgibuu (""Wolf clan"")",Directed,1,97,Knows
14,20,real Barbeau,"Laxgibuu (""Wolf clan"")",Directed,1,98,Knows
14,3,real Barbeau,"""Eagle-Raven clan""",Directed,1,98,Knows
1,20,speaker Abel,"Laxgibuu (""Wolf clan"")",Directed,1,98,Knows
1,3,speaker Abel,"""Eagle-Raven clan""",Directed,1,98,Knows
1,14,speaker Abel,real Barbeau,Directed,1,98,Knows
1,20,speaker Abel,"Laxgibuu (""Wolf clan"")",Directed,1,99,Knows
14,3,real Barbeau,"""Eagle-Raven clan""",Directed,1,99,Knows
1,14,speaker Abel,real Barbeau,Directed,1,99,Knows
14,20,real Barbeau,"Laxgibuu (""Wolf clan"")",Directed,1,99,Knows
1,3,speaker Abel,"""Eagle-Raven clan""",Directed,1,99,Knows
1,14,speaker Abel,real Barbeau,Directed,1,110,Knows
1,14,speaker Abel,real Barbeau,Directed,1,111,Knows
1,14,speaker Abel,real Barbeau,Directed,1,112,Knows
1,14,speaker Abel,real Barbeau,Directed,1,113,Knows
1,14,speaker Abel,real Barbeau,Directed,1,114,Knows
1,14,speaker Abel,real Barbeau,Directed,1,115,Knows
1,14,speaker Abel,real Barbeau,Directed,1,116,Knows
1,14,speaker Abel,real Barbeau,Directed,1,117,Knows
1,14,speaker Abel,real Barbeau,Directed,1,118,Knows
1,14,speaker Abel,real Barbeau,Directed,1,119,Knows
1,14,speaker Abel,real Barbeau,Directed,1,130,Knows
1,14,speaker Abel,real Barbeau,Directed,1,131,Knows
1,14,speaker Abel,real Barbeau,Directed,1,132,Knows
1,14,speaker Abel,real Barbeau,Directed,1,133,Knows
1,14,speaker Abel,real Barbeau,Directed,1,134,Knows
1,14,speaker Abel,real Barbeau,Directed,1,135,Knows
1,14,speaker Abel,real Barbeau,Directed,1,136,Knows
1,14,speaker Abel,real Barbeau,Directed,1,137,Knows
1,14,speaker Abel,real Barbeau,Directed,1,138,Knows
1,14,speaker Abel,real Barbeau,Directed,1,139,Knows
1,14,speaker Abel,real Barbeau,Directed,1,150,Knows
1,14,speaker Abel,real Barbeau,Directed,1,151,Knows
1,14,speaker Abel,real Barbeau,Directed,1,152,Knows
1,14,speaker Abel,real Barbeau,Directed,1,153,Knows
1,14,speaker Abel,real Barbeau,Directed,1,154,Knows
1,14,speaker Abel,real Barbeau,Directed,1,155,Knows
1,14,speaker Abel,real Barbeau,Directed,1,156,Knows
1,14,speaker Abel,real Barbeau,Directed,1,157,Knows
1,14,speaker Abel,real Barbeau,Directed,1,158,Knows
1,14,speaker Abel,real Barbeau,Directed,1,159,Knows
60,2,collage photos,Sagaween (Laxsgiik),Directed,1,170,Knows
60,1,collage photos,speaker Abel,Directed,1,170,Knows
58,2,Pole of Sagaween,Sagaween (Laxsgiik),Directed,1,170,Knows
60,58,collage photos,Pole of Sagaween,Directed,1,170,Knows
1,60,speaker Abel,collage photos,Directed,1,170,Knows
2,58,Sagaween (Laxsgiik),Pole of Sagaween,Directed,1,170,Knows
58,2,Pole of Sagaween,Sagaween (Laxsgiik),Directed,1,171,Knows
1,60,speaker Abel,collage photos,Directed,1,171,Knows
60,2,collage photos,Sagaween (Laxsgiik),Directed,1,171,Knows
60,1,collage photos,speaker Abel,Directed,1,171,Knows
60,58,collage photos,Pole of Sagaween,Directed,1,171,Knows
2,58,Sagaween (Laxsgiik),Pole of Sagaween,Directed,1,171,Knows
60,1,collage photos,speaker Abel,Directed,1,172,Knows
58,2,Pole of Sagaween,Sagaween (Laxsgiik),Directed,1,172,Knows
1,60,speaker Abel,collage photos,Directed,1,172,Knows
60,2,collage photos,Sagaween (Laxsgiik),Directed,1,172,Knows
60,58,collage photos,Pole of Sagaween,Directed,1,172,Knows
2,58,Sagaween (Laxsgiik),Pole of Sagaween,Directed,1,172,Knows
53,58,blank (missing null option here),Pole of Sagaween,Directed,1,173,Knows of
53,1,blank (missing null option here),speaker Abel,Directed,1,173,Knows of
58,1,Pole of Sagaween,speaker Abel,Directed,1,173,Knows
1,2,speaker Abel,Sagaween (Laxsgiik),Directed,1,173,Knows
53,2,blank (missing null option here),Sagaween (Laxsgiik),Directed,1,173,Knows of
1,58,speaker Abel,Pole of Sagaween,Directed,1,173,Knows
58,2,Pole of Sagaween,Sagaween (Laxsgiik),Directed,1,173,Knows
2,58,Sagaween (Laxsgiik),Pole of Sagaween,Directed,1,173,Knows
53,58,blank (missing null option here),Pole of Sagaween,Directed,1,174,Knows of
58,2,Pole of Sagaween,Sagaween (Laxsgiik),Directed,1,174,Knows
58,1,Pole of Sagaween,speaker Abel,Directed,1,174,Knows
1,2,speaker Abel,Sagaween (Laxsgiik),Directed,1,174,Knows
53,1,blank (missing null option here),speaker Abel,Directed,1,174,Knows of
53,2,blank (missing null option here),Sagaween (Laxsgiik),Directed,1,174,Knows of
1,58,speaker Abel,Pole of Sagaween,Directed,1,174,Knows
2,58,Sagaween (Laxsgiik),Pole of Sagaween,Directed,1,174,Knows
58,2,Pole of Sagaween,Sagaween (Laxsgiik),Directed,1,175,Knows
1,2,speaker Abel,Sagaween (Laxsgiik),Directed,1,175,Knows
58,1,Pole of Sagaween,speaker Abel,Directed,1,175,Knows
53,2,blank (missing null option here),Sagaween (Laxsgiik),Directed,1,175,Knows of
53,58,blank (missing null option here),Pole of Sagaween,Directed,1,175,Knows of
2,58,Sagaween (Laxsgiik),Pole of Sagaween,Directed,1,175,Knows
1,58,speaker Abel,Pole of Sagaween,Directed,1,175,Knows
53,1,blank (missing null option here),speaker Abel,Directed,1,175,Knows of
53,2,blank (missing null option here),Sagaween (Laxsgiik),Directed,1,176,Knows of
53,58,blank (missing null option here),Pole of Sagaween,Directed,1,176,Knows of
58,2,Pole of Sagaween,Sagaween (Laxsgiik),Directed,1,176,Knows
1,58,speaker Abel,Pole of Sagaween,Directed,1,176,Knows
1,2,speaker Abel,Sagaween (Laxsgiik),Directed,1,176,Knows
53,1,blank (missing null option here),speaker Abel,Directed,1,176,Knows of
2,58,Sagaween (Laxsgiik),Pole of Sagaween,Directed,1,176,Knows
58,1,Pole of Sagaween,speaker Abel,Directed,1,176,Knows
53,2,blank (missing null option here),Sagaween (Laxsgiik),Directed,1,177,Knows of
1,58,speaker Abel,Pole of Sagaween,Directed,1,177,Knows
53,1,blank (missing null option here),speaker Abel,Directed,1,177,Knows of
53,58,blank (missing null option here),Pole of Sagaween,Directed,1,177,Knows of
2,58,Sagaween (Laxsgiik),Pole of Sagaween,Directed,1,177,Knows
58,2,Pole of Sagaween,Sagaween (Laxsgiik),Directed,1,177,Knows
58,1,Pole of Sagaween,speaker Abel,Directed,1,177,Knows
1,2,speaker Abel,Sagaween (Laxsgiik),Directed,1,177,Knows
53,58,blank (missing null option here),Pole of Sagaween,Directed,1,178,Knows of
53,2,blank (missing null option here),Sagaween (Laxsgiik),Directed,1,178,Knows of
53,1,blank (missing null option here),speaker Abel,Directed,1,178,Knows of
58,2,Pole of Sagaween,Sagaween (Laxsgiik),Directed,1,178,Knows
1,2,speaker Abel,Sagaween (Laxsgiik),Directed,1,178,Knows
58,1,Pole of Sagaween,speaker Abel,Directed,1,178,Knows
2,58,Sagaween (Laxsgiik),Pole of Sagaween,Directed,1,178,Knows
1,58,speaker Abel,Pole of Sagaween,Directed,1,178,Knows
53,58,blank (missing null option here),Pole of Sagaween,Directed,1,179,Knows of
53,1,blank (missing null option here),speaker Abel,Directed,1,179,Knows of
1,2,speaker Abel,Sagaween (Laxsgiik),Directed,1,179,Knows
58,1,Pole of Sagaween,speaker Abel,Directed,1,179,Knows
53,2,blank (missing null option here),Sagaween (Laxsgiik),Directed,1,179,Knows of
2,58,Sagaween (Laxsgiik),Pole of Sagaween,Directed,1,179,Knows
1,58,speaker Abel,Pole of Sagaween,Directed,1,179,Knows
58,2,Pole of Sagaween,Sagaween (Laxsgiik),Directed,1,179,Knows
58,2,Pole of Sagaween,Sagaween (Laxsgiik),Directed,1,190,Knows
10,58,men walking on Pole of Sagaween,Pole of Sagaween,Directed,1,190,Knows
8,59,railway engineer,"""Three Persons Along"" & ""Shaking Pole of Kw’axsuu""",Directed,1,190,Knows
58,9,Pole of Sagaween,crew of Indians,Directed,1,190,Knows
8,9,railway engineer,crew of Indians,Directed,1,190,Knows
14,59,real Barbeau,"""Three Persons Along"" & ""Shaking Pole of Kw’axsuu""",Directed,1,190,Knows
2,14,Sagaween (Laxsgiik),real Barbeau,Directed,1,190,Knows
14,58,real Barbeau,Pole of Sagaween,Directed,1,190,Knows
58,14,Pole of Sagaween,real Barbeau,Directed,1,190,Knows
2,58,Sagaween (Laxsgiik),Pole of Sagaween,Directed,1,190,Knows
14,2,real Barbeau,Sagaween (Laxsgiik),Directed,1,190,Knows
8,58,railway engineer,Pole of Sagaween,Directed,1,190,Knows
14,9,real Barbeau,crew of Indians,Directed,1,190,Knows
59,9,"""Three Persons Along"" & ""Shaking Pole of Kw’axsuu""",crew of Indians,Directed,1,190,Knows
59,8,"""Three Persons Along"" & ""Shaking Pole of Kw’axsuu""",railway engineer,Directed,1,190,Knows
59,14,"""Three Persons Along"" & ""Shaking Pole of Kw’axsuu""",real Barbeau,Directed,1,190,Knows
8,14,railway engineer,real Barbeau,Directed,1,190,Knows
14,10,real Barbeau,men walking on Pole of Sagaween,Directed,1,190,Knows of
58,59,Pole of Sagaween,"""Three Persons Along"" & ""Shaking Pole of Kw’axsuu""",Directed,1,190,Knows
59,58,"""Three Persons Along"" & ""Shaking Pole of Kw’axsuu""",Pole of Sagaween,Directed,1,190,Knows
58,8,Pole of Sagaween,railway engineer,Directed,1,190,Knows
14,8,real Barbeau,railway engineer,Directed,1,190,Knows
9,8,crew of Indians,railway engineer,Directed,1,190,Knows
9,14,crew of Indians,real Barbeau,Directed,1,190,Knows
9,2,crew of Indians,Sagaween (Laxsgiik),Directed,1,190,Knows of
58,10,Pole of Sagaween,men walking on Pole of Sagaween,Directed,1,190,Knows
9,58,crew of Indians,Pole of Sagaween,Directed,1,190,Knows
9,59,crew of Indians,"""Three Persons Along"" & ""Shaking Pole of Kw’axsuu""",Directed,1,190,Knows
14,2,real Barbeau,Sagaween (Laxsgiik),Directed,1,191,Knows
8,59,railway engineer,"""Three Persons Along"" & ""Shaking Pole of Kw’axsuu""",Directed,1,191,Knows
14,8,real Barbeau,railway engineer,Directed,1,191,Knows
58,59,Pole of Sagaween,"""Three Persons Along"" & ""Shaking Pole of Kw’axsuu""",Directed,1,191,Knows
59,9,"""Three Persons Along"" & ""Shaking Pole of Kw’axsuu""",crew of Indians,Directed,1,191,Knows
14,58,real Barbeau,Pole of Sagaween,Directed,1,191,Knows
9,2,crew of Indians,Sagaween (Laxsgiik),Directed,1,191,Knows of
59,8,"""Three Persons Along"" & ""Shaking Pole of Kw’axsuu""",railway engineer,Directed,1,191,Knows
58,14,Pole of Sagaween,real Barbeau,Directed,1,191,Knows
8,9,railway engineer,crew of Indians,Directed,1,191,Knows
9,8,crew of Indians,railway engineer,Directed,1,191,Knows
8,58,railway engineer,Pole of Sagaween,Directed,1,191,Knows
9,59,crew of Indians,"""Three Persons Along"" & ""Shaking Pole of Kw’axsuu""",Directed,1,191,Knows
2,14,Sagaween (Laxsgiik),real Barbeau,Directed,1,191,Knows
9,58,crew of Indians,Pole of Sagaween,Directed,1,191,Knows
14,59,real Barbeau,"""Three Persons Along"" & ""Shaking Pole of Kw’axsuu""",Directed,1,191,Knows
58,9,Pole of Sagaween,crew of Indians,Directed,1,191,Knows
2,58,Sagaween (Laxsgiik),Pole of Sagaween,Directed,1,191,Knows
9,14,crew of Indians,real Barbeau,Directed,1,191,Knows
58,10,Pole of Sagaween,men walking on Pole of Sagaween,Directed,1,191,Knows
58,8,Pole of Sagaween,railway engineer,Directed,1,191,Knows
14,10,real Barbeau,men walking on Pole of Sagaween,Directed,1,191,Knows of
58,2,Pole of Sagaween,Sagaween (Laxsgiik),Directed,1,191,Knows
8,14,railway engineer,real Barbeau,Directed,1,191,Knows
14,9,real Barbeau,crew of Indians,Directed,1,191,Knows
59,14,"""Three Persons Along"" & ""Shaking Pole of Kw’axsuu""",real Barbeau,Directed,1,191,Knows
59,58,"""Three Persons Along"" & ""Shaking Pole of Kw’axsuu""",Pole of Sagaween,Directed,1,191,Knows
10,58,men walking on Pole of Sagaween,Pole of Sagaween,Directed,1,191,Knows
2,58,Sagaween (Laxsgiik),Pole of Sagaween,Directed,1,192,Knows
8,59,railway engineer,"""Three Persons Along"" & ""Shaking Pole of Kw’axsuu""",Directed,1,192,Knows
9,2,crew of Indians,Sagaween (Laxsgiik),Directed,1,192,Knows of
58,2,Pole of Sagaween,Sagaween (Laxsgiik),Directed,1,192,Knows
59,9,"""Three Persons Along"" & ""Shaking Pole of Kw’axsuu""",crew of Indians,Directed,1,192,Knows
58,14,Pole of Sagaween,real Barbeau,Directed,1,192,Knows
59,58,"""Three Persons Along"" & ""Shaking Pole of Kw’axsuu""",Pole of Sagaween,Directed,1,192,Knows
9,58,crew of Indians,Pole of Sagaween,Directed,1,192,Knows
10,58,men walking on Pole of Sagaween,Pole of Sagaween,Directed,1,192,Knows
58,9,Pole of Sagaween,crew of Indians,Directed,1,192,Knows
14,9,real Barbeau,crew of Indians,Directed,1,192,Knows
58,10,Pole of Sagaween,men walking on Pole of Sagaween,Directed,1,192,Knows
8,58,railway engineer,Pole of Sagaween,Directed,1,192,Knows
9,14,crew of Indians,real Barbeau,Directed,1,192,Knows
58,8,Pole of Sagaween,railway engineer,Directed,1,192,Knows
8,14,railway engineer,real Barbeau,Directed,1,192,Knows
59,14,"""Three Persons Along"" & ""Shaking Pole of Kw’axsuu""",real Barbeau,Directed,1,192,Knows
8,9,railway engineer,crew of Indians,Directed,1,192,Knows
14,59,real Barbeau,"""Three Persons Along"" & ""Shaking Pole of Kw’axsuu""",Directed,1,192,Knows
2,14,Sagaween (Laxsgiik),real Barbeau,Directed,1,192,Knows
14,10,real Barbeau,men walking on Pole of Sagaween,Directed,1,192,Knows of
9,59,crew of Indians,"""Three Persons Along"" & ""Shaking Pole of Kw’axsuu""",Directed,1,192,Knows
14,8,real Barbeau,railway engineer,Directed,1,192,Knows
9,8,crew of Indians,railway engineer,Directed,1,192,Knows
58,59,Pole of Sagaween,"""Three Persons Along"" & ""Shaking Pole of Kw’axsuu""",Directed,1,192,Knows
59,8,"""Three Persons Along"" & ""Shaking Pole of Kw’axsuu""",railway engineer,Directed,1,192,Knows
14,58,real Barbeau,Pole of Sagaween,Directed,1,192,Knows
14,2,real Barbeau,Sagaween (Laxsgiik),Directed,1,192,Knows
59,14,"""Three Persons Along"" & ""Shaking Pole of Kw’axsuu""",real Barbeau,Directed,1,193,Knows
9,14,crew of Indians,real Barbeau,Directed,1,193,Knows
8,58,railway engineer,Pole of Sagaween,Directed,1,193,Knows
14,2,real Barbeau,Sagaween (Laxsgiik),Directed,1,193,Knows
8,14,railway engineer,real Barbeau,Directed,1,193,Knows
9,8,crew of Indians,railway engineer,Directed,1,193,Knows
8,9,railway engineer,crew of Indians,Directed,1,193,Knows
8,59,railway engineer,"""Three Persons Along"" & ""Shaking Pole of Kw’axsuu""",Directed,1,193,Knows
14,8,real Barbeau,railway engineer,Directed,1,193,Knows
9,2,crew of Indians,Sagaween (Laxsgiik),Directed,1,193,Knows of
59,58,"""Three Persons Along"" & ""Shaking Pole of Kw’axsuu""",Pole of Sagaween,Directed,1,193,Knows
58,59,Pole of Sagaween,"""Three Persons Along"" & ""Shaking Pole of Kw’axsuu""",Directed,1,193,Knows
9,58,crew of Indians,Pole of Sagaween,Directed,1,193,Knows
59,8,"""Three Persons Along"" & ""Shaking Pole of Kw’axsuu""",railway engineer,Directed,1,193,Knows
59,9,"""Three Persons Along"" & ""Shaking Pole of Kw’axsuu""",crew of Indians,Directed,1,193,Knows
14,10,real Barbeau,men walking on Pole of Sagaween,Directed,1,193,Knows of
14,9,real Barbeau,crew of Indians,Directed,1,193,Knows
58,9,Pole of Sagaween,crew of Indians,Directed,1,193,Knows
10,58,men walking on Pole of Sagaween,Pole of Sagaween,Directed,1,193,Knows
2,58,Sagaween (Laxsgiik),Pole of Sagaween,Directed,1,193,Knows
9,59,crew of Indians,"""Three Persons Along"" & ""Shaking Pole of Kw’axsuu""",Directed,1,193,Knows
14,59,real Barbeau,"""Three Persons Along"" & ""Shaking Pole of Kw’axsuu""",Directed,1,193,Knows
58,14,Pole of Sagaween,real Barbeau,Directed,1,193,Knows
2,14,Sagaween (Laxsgiik),real Barbeau,Directed,1,193,Knows
58,2,Pole of Sagaween,Sagaween (Laxsgiik),Directed,1,193,Knows
58,8,Pole of Sagaween,railway engineer,Directed,1,193,Knows
14,58,real Barbeau,Pole of Sagaween,Directed,1,193,Knows
58,10,Pole of Sagaween,men walking on Pole of Sagaween,Directed,1,193,Knows
2,14,Sagaween (Laxsgiik),real Barbeau,Directed,1,194,Knows
8,59,railway engineer,"""Three Persons Along"" & ""Shaking Pole of Kw’axsuu""",Directed,1,194,Knows
14,58,real Barbeau,Pole of Sagaween,Directed,1,194,Knows
14,8,real Barbeau,railway engineer,Directed,1,194,Knows
58,59,Pole of Sagaween,"""Three Persons Along"" & ""Shaking Pole of Kw’axsuu""",Directed,1,194,Knows
8,9,railway engineer,crew of Indians,Directed,1,194,Knows
14,59,real Barbeau,"""Three Persons Along"" & ""Shaking Pole of Kw’axsuu""",Directed,1,194,Knows
59,8,"""Three Persons Along"" & ""Shaking Pole of Kw’axsuu""",railway engineer,Directed,1,194,Knows
9,2,crew of Indians,Sagaween (Laxsgiik),Directed,1,194,Knows of
58,9,Pole of Sagaween,crew of Indians,Directed,1,194,Knows
58,14,Pole of Sagaween,real Barbeau,Directed,1,194,Knows
8,58,railway engineer,Pole of Sagaween,Directed,1,194,Knows
10,58,men walking on Pole of Sagaween,Pole of Sagaween,Directed,1,194,Knows
59,9,"""Three Persons Along"" & ""Shaking Pole of Kw’axsuu""",crew of Indians,Directed,1,194,Knows
9,8,crew of Indians,railway engineer,Directed,1,194,Knows
14,10,real Barbeau,men walking on Pole of Sagaween,Directed,1,194,Knows of
14,9,real Barbeau,crew of Indians,Directed,1,194,Knows
2,58,Sagaween (Laxsgiik),Pole of Sagaween,Directed,1,194,Knows
58,8,Pole of Sagaween,railway engineer,Directed,1,194,Knows
9,58,crew of Indians,Pole of Sagaween,Directed,1,194,Knows
14,2,real Barbeau,Sagaween (Laxsgiik),Directed,1,194,Knows
58,2,Pole of Sagaween,Sagaween (Laxsgiik),Directed,1,194,Knows
9,14,crew of Indians,real Barbeau,Directed,1,194,Knows
59,58,"""Three Persons Along"" & ""Shaking Pole of Kw’axsuu""",Pole of Sagaween,Directed,1,194,Knows
59,14,"""Three Persons Along"" & ""Shaking Pole of Kw’axsuu""",real Barbeau,Directed,1,194,Knows
8,14,railway engineer,real Barbeau,Directed,1,194,Knows
9,59,crew of Indians,"""Three Persons Along"" & ""Shaking Pole of Kw’axsuu""",Directed,1,194,Knows
58,10,Pole of Sagaween,men walking on Pole of Sagaween,Directed,1,194,Knows
8,58,railway engineer,Pole of Sagaween,Directed,1,195,Knows
58,9,Pole of Sagaween,crew of Indians,Directed,1,195,Knows
14,10,real Barbeau,men walking on Pole of Sagaween,Directed,1,195,Knows of
14,58,real Barbeau,Pole of Sagaween,Directed,1,195,Knows
9,58,crew of Indians,Pole of Sagaween,Directed,1,195,Knows
9,8,crew of Indians,railway engineer,Directed,1,195,Knows
59,14,"""Three Persons Along"" & ""Shaking Pole of Kw’axsuu""",real Barbeau,Directed,1,195,Knows
58,8,Pole of Sagaween,railway engineer,Directed,1,195,Knows
2,14,Sagaween (Laxsgiik),real Barbeau,Directed,1,195,Knows
14,8,real Barbeau,railway engineer,Directed,1,195,Knows
14,2,real Barbeau,Sagaween (Laxsgiik),Directed,1,195,Knows
9,14,crew of Indians,real Barbeau,Directed,1,195,Knows
59,8,"""Three Persons Along"" & ""Shaking Pole of Kw’axsuu""",railway engineer,Directed,1,195,Knows
59,9,"""Three Persons Along"" & ""Shaking Pole of Kw’axsuu""",crew of Indians,Directed,1,195,Knows
14,9,real Barbeau,crew of Indians,Directed,1,195,Knows
10,58,men walking on Pole of Sagaween,Pole of Sagaween,Directed,1,195,Knows
8,59,railway engineer,"""Three Persons Along"" & ""Shaking Pole of Kw’axsuu""",Directed,1,195,Knows
14,59,real Barbeau,"""Three Persons Along"" & ""Shaking Pole of Kw’axsuu""",Directed,1,195,Knows
8,9,railway engineer,crew of Indians,Directed,1,195,Knows
2,58,Sagaween (Laxsgiik),Pole of Sagaween,Directed,1,195,Knows
58,2,Pole of Sagaween,Sagaween (Laxsgiik),Directed,1,195,Knows
59,58,"""Three Persons Along"" & ""Shaking Pole of Kw’axsuu""",Pole of Sagaween,Directed,1,195,Knows
8,14,railway engineer,real Barbeau,Directed,1,195,Knows
58,59,Pole of Sagaween,"""Three Persons Along"" & ""Shaking Pole of Kw’axsuu""",Directed,1,195,Knows
58,14,Pole of Sagaween,real Barbeau,Directed,1,195,Knows
58,10,Pole of Sagaween,men walking on Pole of Sagaween,Directed,1,195,Knows
9,59,crew of Indians,"""Three Persons Along"" & ""Shaking Pole of Kw’axsuu""",Directed,1,195,Knows
9,2,crew of Indians,Sagaween (Laxsgiik),Directed,1,195,Knows of
58,9,Pole of Sagaween,crew of Indians,Directed,1,196,Knows
2,14,Sagaween (Laxsgiik),real Barbeau,Directed,1,196,Knows
59,14,"""Three Persons Along"" & ""Shaking Pole of Kw’axsuu""",real Barbeau,Directed,1,196,Knows
14,59,real Barbeau,"""Three Persons Along"" & ""Shaking Pole of Kw’axsuu""",Directed,1,196,Knows
14,9,real Barbeau,crew of Indians,Directed,1,196,Knows
14,10,real Barbeau,men walking on Pole of Sagaween,Directed,1,196,Knows of
8,9,railway engineer,crew of Indians,Directed,1,196,Knows
59,8,"""Three Persons Along"" & ""Shaking Pole of Kw’axsuu""",railway engineer,Directed,1,196,Knows
8,14,railway engineer,real Barbeau,Directed,1,196,Knows
58,10,Pole of Sagaween,men walking on Pole of Sagaween,Directed,1,196,Knows
9,14,crew of Indians,real Barbeau,Directed,1,196,Knows
58,8,Pole of Sagaween,railway engineer,Directed,1,196,Knows
9,58,crew of Indians,Pole of Sagaween,Directed,1,196,Knows
2,58,Sagaween (Laxsgiik),Pole of Sagaween,Directed,1,196,Knows
9,2,crew of Indians,Sagaween (Laxsgiik),Directed,1,196,Knows of
58,14,Pole of Sagaween,real Barbeau,Directed,1,196,Knows
8,59,railway engineer,"""Three Persons Along"" & ""Shaking Pole of Kw’axsuu""",Directed,1,196,Knows
58,2,Pole of Sagaween,Sagaween (Laxsgiik),Directed,1,196,Knows
8,58,railway engineer,Pole of Sagaween,Directed,1,196,Knows
10,58,men walking on Pole of Sagaween,Pole of Sagaween,Directed,1,196,Knows
59,9,"""Three Persons Along"" & ""Shaking Pole of Kw’axsuu""",crew of Indians,Directed,1,196,Knows
14,58,real Barbeau,Pole of Sagaween,Directed,1,196,Knows
59,58,"""Three Persons Along"" & ""Shaking Pole of Kw’axsuu""",Pole of Sagaween,Directed,1,196,Knows
58,59,Pole of Sagaween,"""Three Persons Along"" & ""Shaking Pole of Kw’axsuu""",Directed,1,196,Knows
9,59,crew of Indians,"""Three Persons Along"" & ""Shaking Pole of Kw’axsuu""",Directed,1,196,Knows
14,8,real Barbeau,railway engineer,Directed,1,196,Knows
14,2,real Barbeau,Sagaween (Laxsgiik),Directed,1,196,Knows
9,8,crew of Indians,railway engineer,Directed,1,196,Knows
8,9,railway engineer,crew of Indians,Directed,1,197,Knows
59,14,"""Three Persons Along"" & ""Shaking Pole of Kw’axsuu""",real Barbeau,Directed,1,197,Knows
8,59,railway engineer,"""Three Persons Along"" & ""Shaking Pole of Kw’axsuu""",Directed,1,197,Knows
10,58,men walking on Pole of Sagaween,Pole of Sagaween,Directed,1,197,Knows
14,2,real Barbeau,Sagaween (Laxsgiik),Directed,1,197,Knows
9,58,crew of Indians,Pole of Sagaween,Directed,1,197,Knows
14,59,real Barbeau,"""Three Persons Along"" & ""Shaking Pole of Kw’axsuu""",Directed,1,197,Knows
9,59,crew of Indians,"""Three Persons Along"" & ""Shaking Pole of Kw’axsuu""",Directed,1,197,Knows
59,58,"""Three Persons Along"" & ""Shaking Pole of Kw’axsuu""",Pole of Sagaween,Directed,1,197,Knows
58,2,Pole of Sagaween,Sagaween (Laxsgiik),Directed,1,197,Knows
58,10,Pole of Sagaween,men walking on Pole of Sagaween,Directed,1,197,Knows
58,8,Pole of Sagaween,railway engineer,Directed,1,197,Knows
8,14,railway engineer,real Barbeau,Directed,1,197,Knows
58,59,Pole of Sagaween,"""Three Persons Along"" & ""Shaking Pole of Kw’axsuu""",Directed,1,197,Knows
2,14,Sagaween (Laxsgiik),real Barbeau,Directed,1,197,Knows
9,14,crew of Indians,real Barbeau,Directed,1,197,Knows
14,10,real Barbeau,men walking on Pole of Sagaween,Directed,1,197,Knows of
14,58,real Barbeau,Pole of Sagaween,Directed,1,197,Knows
2,58,Sagaween (Laxsgiik),Pole of Sagaween,Directed,1,197,Knows
59,9,"""Three Persons Along"" & ""Shaking Pole of Kw’axsuu""",crew of Indians,Directed,1,197,Knows
14,8,real Barbeau,railway engineer,Directed,1,197,Knows
58,14,Pole of Sagaween,real Barbeau,Directed,1,197,Knows
9,8,crew of Indians,railway engineer,Directed,1,197,Knows
59,8,"""Three Persons Along"" & ""Shaking Pole of Kw’axsuu""",railway engineer,Directed,1,197,Knows
14,9,real Barbeau,crew of Indians,Directed,1,197,Knows
9,2,crew of Indians,Sagaween (Laxsgiik),Directed,1,197,Knows of
58,9,Pole of Sagaween,crew of Indians,Directed,1,197,Knows
8,58,railway engineer,Pole of Sagaween,Directed,1,197,Knows
14,2,real Barbeau,Sagaween (Laxsgiik),Directed,1,198,Knows
58,8,Pole of Sagaween,railway engineer,Directed,1,198,Knows
2,14,Sagaween (Laxsgiik),real Barbeau,Directed,1,198,Knows
9,14,crew of Indians,real Barbeau,Directed,1,198,Knows
14,59,real Barbeau,"""Three Persons Along"" & ""Shaking Pole of Kw’axsuu""",Directed,1,198,Knows
59,58,"""Three Persons Along"" & ""Shaking Pole of Kw’axsuu""",Pole of Sagaween,Directed,1,198,Knows
58,14,Pole of Sagaween,real Barbeau,Directed,1,198,Knows
59,14,"""Three Persons Along"" & ""Shaking Pole of Kw’axsuu""",real Barbeau,Directed,1,198,Knows
59,8,"""Three Persons Along"" & ""Shaking Pole of Kw’axsuu""",railway engineer,Directed,1,198,Knows
2,58,Sagaween (Laxsgiik),Pole of Sagaween,Directed,1,198,Knows
14,58,real Barbeau,Pole of Sagaween,Directed,1,198,Knows
59,9,"""Three Persons Along"" & ""Shaking Pole of Kw’axsuu""",crew of Indians,Directed,1,198,Knows
8,14,railway engineer,real Barbeau,Directed,1,198,Knows
58,2,Pole of Sagaween,Sagaween (Laxsgiik),Directed,1,198,Knows
14,8,real Barbeau,railway engineer,Directed,1,198,Knows
9,2,crew of Indians,Sagaween (Laxsgiik),Directed,1,198,Knows of
58,59,Pole of Sagaween,"""Three Persons Along"" & ""Shaking Pole of Kw’axsuu""",Directed,1,198,Knows
8,59,railway engineer,"""Three Persons Along"" & ""Shaking Pole of Kw’axsuu""",Directed,1,198,Knows
14,10,real Barbeau,men walking on Pole of Sagaween,Directed,1,198,Knows of
9,8,crew of Indians,railway engineer,Directed,1,198,Knows
14,9,real Barbeau,crew of Indians,Directed,1,198,Knows
9,58,crew of Indians,Pole of Sagaween,Directed,1,198,Knows
8,9,railway engineer,crew of Indians,Directed,1,198,Knows
9,59,crew of Indians,"""Three Persons Along"" & ""Shaking Pole of Kw’axsuu""",Directed,1,198,Knows
10,58,men walking on Pole of Sagaween,Pole of Sagaween,Directed,1,198,Knows
8,58,railway engineer,Pole of Sagaween,Directed,1,198,Knows
58,9,Pole of Sagaween,crew of Indians,Directed,1,198,Knows
58,10,Pole of Sagaween,men walking on Pole of Sagaween,Directed,1,198,Knows
9,2,crew of Indians,Sagaween (Laxsgiik),Directed,1,199,Knows of
9,59,crew of Indians,"""Three Persons Along"" & ""Shaking Pole of Kw’axsuu""",Directed,1,199,Knows
9,14,crew of Indians,real Barbeau,Directed,1,199,Knows
2,14,Sagaween (Laxsgiik),real Barbeau,Directed,1,199,Knows
9,58,crew of Indians,Pole of Sagaween,Directed,1,199,Knows
10,58,men walking on Pole of Sagaween,Pole of Sagaween,Directed,1,199,Knows
14,58,real Barbeau,Pole of Sagaween,Directed,1,199,Knows
58,2,Pole of Sagaween,Sagaween (Laxsgiik),Directed,1,199,Knows
8,59,railway engineer,"""Three Persons Along"" & ""Shaking Pole of Kw’axsuu""",Directed,1,199,Knows
58,8,Pole of Sagaween,railway engineer,Directed,1,199,Knows
58,10,Pole of Sagaween,men walking on Pole of Sagaween,Directed,1,199,Knows
14,59,real Barbeau,"""Three Persons Along"" & ""Shaking Pole of Kw’axsuu""",Directed,1,199,Knows
58,9,Pole of Sagaween,crew of Indians,Directed,1,199,Knows
59,58,"""Three Persons Along"" & ""Shaking Pole of Kw’axsuu""",Pole of Sagaween,Directed,1,199,Knows
14,2,real Barbeau,Sagaween (Laxsgiik),Directed,1,199,Knows
14,8,real Barbeau,railway engineer,Directed,1,199,Knows
8,14,railway engineer,real Barbeau,Directed,1,199,Knows
9,8,crew of Indians,railway engineer,Directed,1,199,Knows
8,58,railway engineer,Pole of Sagaween,Directed,1,199,Knows
8,9,railway engineer,crew of Indians,Directed,1,199,Knows
58,14,Pole of Sagaween,real Barbeau,Directed,1,199,Knows
59,14,"""Three Persons Along"" & ""Shaking Pole of Kw’axsuu""",real Barbeau,Directed,1,199,Knows
14,9,real Barbeau,crew of Indians,Directed,1,199,Knows
14,10,real Barbeau,men walking on Pole of Sagaween,Directed,1,199,Knows of
2,58,Sagaween (Laxsgiik),Pole of Sagaween,Directed,1,199,Knows
58,59,Pole of Sagaween,"""Three Persons Along"" & ""Shaking Pole of Kw’axsuu""",Directed,1,199,Knows
59,9,"""Three Persons Along"" & ""Shaking Pole of Kw’axsuu""",crew of Indians,Directed,1,199,Knows
59,8,"""Three Persons Along"" & ""Shaking Pole of Kw’axsuu""",railway engineer,Directed,1,199,Knows
1,2,speaker Abel,Sagaween (Laxsgiik),Directed,1,210,Knows
1,58,speaker Abel,Pole of Sagaween,Directed,1,210,Knows
58,2,Pole of Sagaween,Sagaween (Laxsgiik),Directed,1,210,Knows
2,58,Sagaween (Laxsgiik),Pole of Sagaween,Directed,1,210,Knows
58,1,Pole of Sagaween,speaker Abel,Directed,1,210,Knows
1,58,speaker Abel,Pole of Sagaween,Directed,1,211,Knows
58,2,Pole of Sagaween,Sagaween (Laxsgiik),Directed,1,211,Knows
2,58,Sagaween (Laxsgiik),Pole of Sagaween,Directed,1,211,Knows
58,1,Pole of Sagaween,speaker Abel,Directed,1,211,Knows
1,2,speaker Abel,Sagaween (Laxsgiik),Directed,1,211,Knows
58,1,Pole of Sagaween,speaker Abel,Directed,1,212,Knows
1,58,speaker Abel,Pole of Sagaween,Directed,1,212,Knows
2,58,Sagaween (Laxsgiik),Pole of Sagaween,Directed,1,212,Knows
58,2,Pole of Sagaween,Sagaween (Laxsgiik),Directed,1,212,Knows
1,2,speaker Abel,Sagaween (Laxsgiik),Directed,1,212,Knows
58,1,Pole of Sagaween,speaker Abel,Directed,1,213,Knows
58,2,Pole of Sagaween,Sagaween (Laxsgiik),Directed,1,213,Knows
2,58,Sagaween (Laxsgiik),Pole of Sagaween,Directed,1,213,Knows
1,2,speaker Abel,Sagaween (Laxsgiik),Directed,1,213,Knows
1,58,speaker Abel,Pole of Sagaween,Directed,1,213,Knows
1,58,speaker Abel,Pole of Sagaween,Directed,1,214,Knows
2,58,Sagaween (Laxsgiik),Pole of Sagaween,Directed,1,214,Knows
1,2,speaker Abel,Sagaween (Laxsgiik),Directed,1,214,Knows
58,2,Pole of Sagaween,Sagaween (Laxsgiik),Directed,1,214,Knows
58,1,Pole of Sagaween,speaker Abel,Directed,1,214,Knows
58,2,Pole of Sagaween,Sagaween (Laxsgiik),Directed,1,215,Knows
58,1,Pole of Sagaween,speaker Abel,Directed,1,215,Knows
1,2,speaker Abel,Sagaween (Laxsgiik),Directed,1,215,Knows
2,58,Sagaween (Laxsgiik),Pole of Sagaween,Directed,1,215,Knows
1,58,speaker Abel,Pole of Sagaween,Directed,1,215,Knows
1,58,speaker Abel,Pole of Sagaween,Directed,1,216,Knows
2,58,Sagaween (Laxsgiik),Pole of Sagaween,Directed,1,216,Knows
58,1,Pole of Sagaween,speaker Abel,Directed,1,216,Knows
1,2,speaker Abel,Sagaween (Laxsgiik),Directed,1,216,Knows
58,2,Pole of Sagaween,Sagaween (Laxsgiik),Directed,1,216,Knows
2,58,Sagaween (Laxsgiik),Pole of Sagaween,Directed,1,217,Knows
58,2,Pole of Sagaween,Sagaween (Laxsgiik),Directed,1,217,Knows
1,58,speaker Abel,Pole of Sagaween,Directed,1,217,Knows
1,2,speaker Abel,Sagaween (Laxsgiik),Directed,1,217,Knows
58,1,Pole of Sagaween,speaker Abel,Directed,1,217,Knows
2,58,Sagaween (Laxsgiik),Pole of Sagaween,Directed,1,218,Knows
58,2,Pole of Sagaween,Sagaween (Laxsgiik),Directed,1,218,Knows
58,1,Pole of Sagaween,speaker Abel,Directed,1,218,Knows
1,58,speaker Abel,Pole of Sagaween,Directed,1,218,Knows
1,2,speaker Abel,Sagaween (Laxsgiik),Directed,1,218,Knows
1,58,speaker Abel,Pole of Sagaween,Directed,1,219,Knows
1,2,speaker Abel,Sagaween (Laxsgiik),Directed,1,219,Knows
58,1,Pole of Sagaween,speaker Abel,Directed,1,219,Knows
2,58,Sagaween (Laxsgiik),Pole of Sagaween,Directed,1,219,Knows
58,2,Pole of Sagaween,Sagaween (Laxsgiik),Directed,1,219,Knows
1,2,speaker Abel,Sagaween (Laxsgiik),Directed,1,230,Knows
1,58,speaker Abel,Pole of Sagaween,Directed,1,230,Knows of
58,2,Pole of Sagaween,Sagaween (Laxsgiik),Directed,1,230,Knows
1,11,speaker Abel,"""Indians"" (abstract)",Directed,1,230,Knows
2,58,Sagaween (Laxsgiik),Pole of Sagaween,Directed,1,230,Knows
58,14,Pole of Sagaween,real Barbeau,Directed,1,230,Knows
14,2,real Barbeau,Sagaween (Laxsgiik),Directed,1,230,Knows
14,11,real Barbeau,"""Indians"" (abstract)",Directed,1,230,Knows
1,14,speaker Abel,real Barbeau,Directed,1,230,Knows
11,14,"""Indians"" (abstract)",real Barbeau,Directed,1,230,Knows
14,58,real Barbeau,Pole of Sagaween,Directed,1,230,Knows
58,2,Pole of Sagaween,Sagaween (Laxsgiik),Directed,1,231,Knows
2,58,Sagaween (Laxsgiik),Pole of Sagaween,Directed,1,231,Knows
14,58,real Barbeau,Pole of Sagaween,Directed,1,231,Knows
11,14,"""Indians"" (abstract)",real Barbeau,Directed,1,231,Knows
1,14,speaker Abel,real Barbeau,Directed,1,231,Knows
14,11,real Barbeau,"""Indians"" (abstract)",Directed,1,231,Knows
58,14,Pole of Sagaween,real Barbeau,Directed,1,231,Knows
1,58,speaker Abel,Pole of Sagaween,Directed,1,231,Knows of
1,11,speaker Abel,"""Indians"" (abstract)",Directed,1,231,Knows
14,2,real Barbeau,Sagaween (Laxsgiik),Directed,1,231,Knows
1,2,speaker Abel,Sagaween (Laxsgiik),Directed,1,231,Knows
14,58,real Barbeau,Pole of Sagaween,Directed,1,232,Knows
58,14,Pole of Sagaween,real Barbeau,Directed,1,232,Knows
1,11,speaker Abel,"""Indians"" (abstract)",Directed,1,232,Knows
1,2,speaker Abel,Sagaween (Laxsgiik),Directed,1,232,Knows
58,2,Pole of Sagaween,Sagaween (Laxsgiik),Directed,1,232,Knows
14,11,real Barbeau,"""Indians"" (abstract)",Directed,1,232,Knows
1,14,speaker Abel,real Barbeau,Directed,1,232,Knows
14,2,real Barbeau,Sagaween (Laxsgiik),Directed,1,232,Knows
2,58,Sagaween (Laxsgiik),Pole of Sagaween,Directed,1,232,Knows
11,14,"""Indians"" (abstract)",real Barbeau,Directed,1,232,Knows
1,58,speaker Abel,Pole of Sagaween,Directed,1,232,Knows of
58,2,Pole of Sagaween,Sagaween (Laxsgiik),Directed,1,233,Knows
11,14,"""Indians"" (abstract)",real Barbeau,Directed,1,233,Knows
1,58,speaker Abel,Pole of Sagaween,Directed,1,233,Knows of
1,2,speaker Abel,Sagaween (Laxsgiik),Directed,1,233,Knows
1,14,speaker Abel,real Barbeau,Directed,1,233,Knows
2,58,Sagaween (Laxsgiik),Pole of Sagaween,Directed,1,233,Knows
1,11,speaker Abel,"""Indians"" (abstract)",Directed,1,233,Knows
14,2,real Barbeau,Sagaween (Laxsgiik),Directed,1,233,Knows
14,11,real Barbeau,"""Indians"" (abstract)",Directed,1,233,Knows
14,58,real Barbeau,Pole of Sagaween,Directed,1,233,Knows
58,14,Pole of Sagaween,real Barbeau,Directed,1,233,Knows
58,14,Pole of Sagaween,real Barbeau,Directed,1,234,Knows
1,58,speaker Abel,Pole of Sagaween,Directed,1,234,Knows of
14,11,real Barbeau,"""Indians"" (abstract)",Directed,1,234,Knows
14,58,real Barbeau,Pole of Sagaween,Directed,1,234,Knows
14,2,real Barbeau,Sagaween (Laxsgiik),Directed,1,234,Knows
58,2,Pole of Sagaween,Sagaween (Laxsgiik),Directed,1,234,Knows
1,11,speaker Abel,"""Indians"" (abstract)",Directed,1,234,Knows
11,14,"""Indians"" (abstract)",real Barbeau,Directed,1,234,Knows
1,2,speaker Abel,Sagaween (Laxsgiik),Directed,1,234,Knows
1,14,speaker Abel,real Barbeau,Directed,1,234,Knows
2,58,Sagaween (Laxsgiik),Pole of Sagaween,Directed,1,234,Knows
1,14,speaker Abel,real Barbeau,Directed,1,235,Knows
58,14,Pole of Sagaween,real Barbeau,Directed,1,235,Knows
2,58,Sagaween (Laxsgiik),Pole of Sagaween,Directed,1,235,Knows
11,14,"""Indians"" (abstract)",real Barbeau,Directed,1,235,Knows
58,2,Pole of Sagaween,Sagaween (Laxsgiik),Directed,1,235,Knows
14,11,real Barbeau,"""Indians"" (abstract)",Directed,1,235,Knows
14,58,real Barbeau,Pole of Sagaween,Directed,1,235,Knows
1,2,speaker Abel,Sagaween (Laxsgiik),Directed,1,235,Knows
1,58,speaker Abel,Pole of Sagaween,Directed,1,235,Knows of
14,2,real Barbeau,Sagaween (Laxsgiik),Directed,1,235,Knows
1,11,speaker Abel,"""Indians"" (abstract)",Directed,1,235,Knows
58,14,Pole of Sagaween,real Barbeau,Directed,1,236,Knows
1,14,speaker Abel,real Barbeau,Directed,1,236,Knows
14,11,real Barbeau,"""Indians"" (abstract)",Directed,1,236,Knows
1,58,speaker Abel,Pole of Sagaween,Directed,1,236,Knows of
14,2,real Barbeau,Sagaween (Laxsgiik),Directed,1,236,Knows
58,2,Pole of Sagaween,Sagaween (Laxsgiik),Directed,1,236,Knows
11,14,"""Indians"" (abstract)",real Barbeau,Directed,1,236,Knows
1,2,speaker Abel,Sagaween (Laxsgiik),Directed,1,236,Knows
2,58,Sagaween (Laxsgiik),Pole of Sagaween,Directed,1,236,Knows
1,11,speaker Abel,"""Indians"" (abstract)",Directed,1,236,Knows
14,58,real Barbeau,Pole of Sagaween,Directed,1,236,Knows
58,2,Pole of Sagaween,Sagaween (Laxsgiik),Directed,1,237,Knows
1,14,speaker Abel,real Barbeau,Directed,1,237,Knows
11,14,"""Indians"" (abstract)",real Barbeau,Directed,1,237,Knows
2,58,Sagaween (Laxsgiik),Pole of Sagaween,Directed,1,237,Knows
1,2,speaker Abel,Sagaween (Laxsgiik),Directed,1,237,Knows
14,2,real Barbeau,Sagaween (Laxsgiik),Directed,1,237,Knows
1,58,speaker Abel,Pole of Sagaween,Directed,1,237,Knows of
14,11,real Barbeau,"""Indians"" (abstract)",Directed,1,237,Knows
1,11,speaker Abel,"""Indians"" (abstract)",Directed,1,237,Knows
14,58,real Barbeau,Pole of Sagaween,Directed,1,237,Knows
58,14,Pole of Sagaween,real Barbeau,Directed,1,237,Knows
14,58,real Barbeau,Pole of Sagaween,Directed,1,238,Knows
11,14,"""Indians"" (abstract)",real Barbeau,Directed,1,238,Knows
2,58,Sagaween (Laxsgiik),Pole of Sagaween,Directed,1,238,Knows
58,2,Pole of Sagaween,Sagaween (Laxsgiik),Directed,1,238,Knows
1,14,speaker Abel,real Barbeau,Directed,1,238,Knows
14,2,real Barbeau,Sagaween (Laxsgiik),Directed,1,238,Knows
58,14,Pole of Sagaween,real Barbeau,Directed,1,238,Knows
14,11,real Barbeau,"""Indians"" (abstract)",Directed,1,238,Knows
1,2,speaker Abel,Sagaween (Laxsgiik),Directed,1,238,Knows
1,11,speaker Abel,"""Indians"" (abstract)",Directed,1,238,Knows
1,58,speaker Abel,Pole of Sagaween,Directed,1,238,Knows of
58,2,Pole of Sagaween,Sagaween (Laxsgiik),Directed,1,239,Knows
14,58,real Barbeau,Pole of Sagaween,Directed,1,239,Knows
11,14,"""Indians"" (abstract)",real Barbeau,Directed,1,239,Knows
1,11,speaker Abel,"""Indians"" (abstract)",Directed,1,239,Knows
1,2,speaker Abel,Sagaween (Laxsgiik),Directed,1,239,Knows
58,14,Pole of Sagaween,real Barbeau,Directed,1,239,Knows
14,2,real Barbeau,Sagaween (Laxsgiik),Directed,1,239,Knows
14,11,real Barbeau,"""Indians"" (abstract)",Directed,1,239,Knows
2,58,Sagaween (Laxsgiik),Pole of Sagaween,Directed,1,239,Knows
1,58,speaker Abel,Pole of Sagaween,Directed,1,239,Knows of
1,14,speaker Abel,real Barbeau,Directed,1,239,Knows
1,11,speaker Abel,"""Indians"" (abstract)",Directed,1,250,Knows
1,11,speaker Abel,"""Indians"" (abstract)",Directed,1,251,Knows
1,11,speaker Abel,"""Indians"" (abstract)",Directed,1,252,Knows
1,11,speaker Abel,"""Indians"" (abstract)",Directed,1,253,Knows
1,11,speaker Abel,"""Indians"" (abstract)",Directed,1,254,Knows
1,11,speaker Abel,"""Indians"" (abstract)",Directed,1,255,Knows
1,11,speaker Abel,"""Indians"" (abstract)",Directed,1,256,Knows
1,11,speaker Abel,"""Indians"" (abstract)",Directed,1,257,Knows
1,11,speaker Abel,"""Indians"" (abstract)",Directed,1,258,Knows
1,11,speaker Abel,"""Indians"" (abstract)",Directed,1,259,Knows
60,1,collage photos,speaker Abel,Directed,1,290,Knows
60,2,collage photos,Sagaween (Laxsgiik),Directed,1,290,Knows
2,58,Sagaween (Laxsgiik),Pole of Sagaween,Directed,1,290,Knows
60,58,collage photos,Pole of Sagaween,Directed,1,290,Knows
1,60,speaker Abel,collage photos,Directed,1,290,Knows
58,2,Pole of Sagaween,Sagaween (Laxsgiik),Directed,1,290,Knows
1,60,speaker Abel,collage photos,Directed,1,291,Knows
60,58,collage photos,Pole of Sagaween,Directed,1,291,Knows
60,1,collage photos,speaker Abel,Directed,1,291,Knows
58,2,Pole of Sagaween,Sagaween (Laxsgiik),Directed,1,291,Knows
2,58,Sagaween (Laxsgiik),Pole of Sagaween,Directed,1,291,Knows
60,2,collage photos,Sagaween (Laxsgiik),Directed,1,291,Knows
60,1,collage photos,speaker Abel,Directed,1,292,Knows
60,2,collage photos,Sagaween (Laxsgiik),Directed,1,292,Knows
2,58,Sagaween (Laxsgiik),Pole of Sagaween,Directed,1,292,Knows
58,2,Pole of Sagaween,Sagaween (Laxsgiik),Directed,1,292,Knows
1,60,speaker Abel,collage photos,Directed,1,292,Knows
60,58,collage photos,Pole of Sagaween,Directed,1,292,Knows
58,2,Pole of Sagaween,Sagaween (Laxsgiik),Directed,1,293,Knows
1,58,speaker Abel,Pole of Sagaween,Directed,1,293,Knows
1,2,speaker Abel,Sagaween (Laxsgiik),Directed,1,293,Knows
2,58,Sagaween (Laxsgiik),Pole of Sagaween,Directed,1,293,Knows
58,1,Pole of Sagaween,speaker Abel,Directed,1,293,Knows
58,1,Pole of Sagaween,speaker Abel,Directed,1,294,Knows
1,58,speaker Abel,Pole of Sagaween,Directed,1,294,Knows
1,2,speaker Abel,Sagaween (Laxsgiik),Directed,1,294,Knows
58,2,Pole of Sagaween,Sagaween (Laxsgiik),Directed,1,294,Knows
2,58,Sagaween (Laxsgiik),Pole of Sagaween,Directed,1,294,Knows
58,2,Pole of Sagaween,Sagaween (Laxsgiik),Directed,1,295,Knows
58,1,Pole of Sagaween,speaker Abel,Directed,1,295,Knows
1,58,speaker Abel,Pole of Sagaween,Directed,1,295,Knows
1,2,speaker Abel,Sagaween (Laxsgiik),Directed,1,295,Knows
2,58,Sagaween (Laxsgiik),Pole of Sagaween,Directed,1,295,Knows
58,1,Pole of Sagaween,speaker Abel,Directed,1,296,Knows
1,2,speaker Abel,Sagaween (Laxsgiik),Directed,1,296,Knows
2,58,Sagaween (Laxsgiik),Pole of Sagaween,Directed,1,296,Knows
58,2,Pole of Sagaween,Sagaween (Laxsgiik),Directed,1,296,Knows
1,58,speaker Abel,Pole of Sagaween,Directed,1,296,Knows
58,1,Pole of Sagaween,speaker Abel,Directed,1,297,Knows
1,58,speaker Abel,Pole of Sagaween,Directed,1,297,Knows
2,58,Sagaween (Laxsgiik),Pole of Sagaween,Directed,1,297,Knows
1,2,speaker Abel,Sagaween (Laxsgiik),Directed,1,297,Knows
58,2,Pole of Sagaween,Sagaween (Laxsgiik),Directed,1,297,Knows
58,2,Pole of Sagaween,Sagaween (Laxsgiik),Directed,1,298,Knows
1,2,speaker Abel,Sagaween (Laxsgiik),Directed,1,298,Knows
58,1,Pole of Sagaween,speaker Abel,Directed,1,298,Knows
2,58,Sagaween (Laxsgiik),Pole of Sagaween,Directed,1,298,Knows
1,58,speaker Abel,Pole of Sagaween,Directed,1,298,Knows
58,1,Pole of Sagaween,speaker Abel,Directed,1,299,Knows
2,58,Sagaween (Laxsgiik),Pole of Sagaween,Directed,1,299,Knows
1,2,speaker Abel,Sagaween (Laxsgiik),Directed,1,299,Knows
58,2,Pole of Sagaween,Sagaween (Laxsgiik),Directed,1,299,Knows
1,58,speaker Abel,Pole of Sagaween,Directed,1,299,Knows
14,12,real Barbeau,residents of Git'iks,Directed,1,310,Knows
11,58,"""Indians"" (abstract)",Pole of Sagaween,Directed,1,310,Knows
11,14,"""Indians"" (abstract)",real Barbeau,Directed,1,310,Knows
12,2,residents of Git'iks,Sagaween (Laxsgiik),Directed,1,310,Knows
14,2,real Barbeau,Sagaween (Laxsgiik),Directed,1,310,Knows
39,12,Thunderbird,residents of Git'iks,Directed,1,310,Knows
2,12,Sagaween (Laxsgiik),residents of Git'iks,Directed,1,310,Knows
58,12,Pole of Sagaween,residents of Git'iks,Directed,1,310,Knows
14,39,real Barbeau,Thunderbird,Directed,1,310,Knows
14,11,real Barbeau,"""Indians"" (abstract)",Directed,1,310,Knows
58,11,Pole of Sagaween,"""Indians"" (abstract)",Directed,1,310,Knows
12,39,residents of Git'iks,Thunderbird,Directed,1,310,Knows
11,39,"""Indians"" (abstract)",Thunderbird,Directed,1,310,Knows
11,2,"""Indians"" (abstract)",Sagaween (Laxsgiik),Directed,1,310,Knows
2,11,Sagaween (Laxsgiik),"""Indians"" (abstract)",Directed,1,310,Knows
58,39,Pole of Sagaween,Thunderbird,Directed,1,310,Knows
12,58,residents of Git'iks,Pole of Sagaween,Directed,1,310,Knows
2,58,Sagaween (Laxsgiik),Pole of Sagaween,Directed,1,310,Knows
58,14,Pole of Sagaween,real Barbeau,Directed,1,310,Knows
39,58,Thunderbird,Pole of Sagaween,Directed,1,310,Knows
14,58,real Barbeau,Pole of Sagaween,Directed,1,310,Knows
58,2,Pole of Sagaween,Sagaween (Laxsgiik),Directed,1,310,Knows
11,39,"""Indians"" (abstract)",Thunderbird,Directed,1,311,Knows
58,14,Pole of Sagaween,real Barbeau,Directed,1,311,Knows
14,12,real Barbeau,residents of Git'iks,Directed,1,311,Knows
39,58,Thunderbird,Pole of Sagaween,Directed,1,311,Knows
39,12,Thunderbird,residents of Git'iks,Directed,1,311,Knows
58,2,Pole of Sagaween,Sagaween (Laxsgiik),Directed,1,311,Knows
14,11,real Barbeau,"""Indians"" (abstract)",Directed,1,311,Knows
2,11,Sagaween (Laxsgiik),"""Indians"" (abstract)",Directed,1,311,Knows
58,12,Pole of Sagaween,residents of Git'iks,Directed,1,311,Knows
2,12,Sagaween (Laxsgiik),residents of Git'iks,Directed,1,311,Knows
11,2,"""Indians"" (abstract)",Sagaween (Laxsgiik),Directed,1,311,Knows
14,58,real Barbeau,Pole of Sagaween,Directed,1,311,Knows
58,11,Pole of Sagaween,"""Indians"" (abstract)",Directed,1,311,Knows
12,39,residents of Git'iks,Thunderbird,Directed,1,311,Knows
14,39,real Barbeau,Thunderbird,Directed,1,311,Knows
12,58,residents of Git'iks,Pole of Sagaween,Directed,1,311,Knows
12,2,residents of Git'iks,Sagaween (Laxsgiik),Directed,1,311,Knows
11,14,"""Indians"" (abstract)",real Barbeau,Directed,1,311,Knows
14,2,real Barbeau,Sagaween (Laxsgiik),Directed,1,311,Knows
58,39,Pole of Sagaween,Thunderbird,Directed,1,311,Knows
2,58,Sagaween (Laxsgiik),Pole of Sagaween,Directed,1,311,Knows
11,58,"""Indians"" (abstract)",Pole of Sagaween,Directed,1,311,Knows
12,39,residents of Git'iks,Thunderbird,Directed,1,312,Knows
58,2,Pole of Sagaween,Sagaween (Laxsgiik),Directed,1,312,Knows
2,58,Sagaween (Laxsgiik),Pole of Sagaween,Directed,1,312,Knows
58,11,Pole of Sagaween,"""Indians"" (abstract)",Directed,1,312,Knows
39,58,Thunderbird,Pole of Sagaween,Directed,1,312,Knows
11,39,"""Indians"" (abstract)",Thunderbird,Directed,1,312,Knows
11,14,"""Indians"" (abstract)",real Barbeau,Directed,1,312,Knows
58,14,Pole of Sagaween,real Barbeau,Directed,1,312,Knows
14,11,real Barbeau,"""Indians"" (abstract)",Directed,1,312,Knows
14,12,real Barbeau,residents of Git'iks,Directed,1,312,Knows
39,12,Thunderbird,residents of Git'iks,Directed,1,312,Knows
14,2,real Barbeau,Sagaween (Laxsgiik),Directed,1,312,Knows
14,58,real Barbeau,Pole of Sagaween,Directed,1,312,Knows
58,39,Pole of Sagaween,Thunderbird,Directed,1,312,Knows
11,2,"""Indians"" (abstract)",Sagaween (Laxsgiik),Directed,1,312,Knows
2,12,Sagaween (Laxsgiik),residents of Git'iks,Directed,1,312,Knows
14,39,real Barbeau,Thunderbird,Directed,1,312,Knows
11,58,"""Indians"" (abstract)",Pole of Sagaween,Directed,1,312,Knows
12,58,residents of Git'iks,Pole of Sagaween,Directed,1,312,Knows
2,11,Sagaween (Laxsgiik),"""Indians"" (abstract)",Directed,1,312,Knows
12,2,residents of Git'iks,Sagaween (Laxsgiik),Directed,1,312,Knows
58,12,Pole of Sagaween,residents of Git'iks,Directed,1,312,Knows
12,39,residents of Git'iks,Thunderbird,Directed,1,313,Knows
11,39,"""Indians"" (abstract)",Thunderbird,Directed,1,313,Knows
58,14,Pole of Sagaween,real Barbeau,Directed,1,313,Knows
2,11,Sagaween (Laxsgiik),"""Indians"" (abstract)",Directed,1,313,Knows
11,2,"""Indians"" (abstract)",Sagaween (Laxsgiik),Directed,1,313,Knows
11,58,"""Indians"" (abstract)",Pole of Sagaween,Directed,1,313,Knows
14,2,real Barbeau,Sagaween (Laxsgiik),Directed,1,313,Knows
14,58,real Barbeau,Pole of Sagaween,Directed,1,313,Knows
14,11,real Barbeau,"""Indians"" (abstract)",Directed,1,313,Knows
11,14,"""Indians"" (abstract)",real Barbeau,Directed,1,313,Knows
58,39,Pole of Sagaween,Thunderbird,Directed,1,313,Knows
12,2,residents of Git'iks,Sagaween (Laxsgiik),Directed,1,313,Knows
39,12,Thunderbird,residents of Git'iks,Directed,1,313,Knows
2,12,Sagaween (Laxsgiik),residents of Git'iks,Directed,1,313,Knows
12,58,residents of Git'iks,Pole of Sagaween,Directed,1,313,Knows
58,12,Pole of Sagaween,residents of Git'iks,Directed,1,313,Knows
14,39,real Barbeau,Thunderbird,Directed,1,313,Knows
14,12,real Barbeau,residents of Git'iks,Directed,1,313,Knows
2,58,Sagaween (Laxsgiik),Pole of Sagaween,Directed,1,313,Knows
39,58,Thunderbird,Pole of Sagaween,Directed,1,313,Knows
58,11,Pole of Sagaween,"""Indians"" (abstract)",Directed,1,313,Knows
58,2,Pole of Sagaween,Sagaween (Laxsgiik),Directed,1,313,Knows
14,11,real Barbeau,"""Indians"" (abstract)",Directed,1,314,Knows
2,58,Sagaween (Laxsgiik),Pole of Sagaween,Directed,1,314,Knows
14,58,real Barbeau,Pole of Sagaween,Directed,1,314,Knows
39,58,Thunderbird,Pole of Sagaween,Directed,1,314,Knows
58,2,Pole of Sagaween,Sagaween (Laxsgiik),Directed,1,314,Knows
12,58,residents of Git'iks,Pole of Sagaween,Directed,1,314,Knows
11,14,"""Indians"" (abstract)",real Barbeau,Directed,1,314,Knows
58,14,Pole of Sagaween,real Barbeau,Directed,1,314,Knows
11,58,"""Indians"" (abstract)",Pole of Sagaween,Directed,1,314,Knows
12,39,residents of Git'iks,Thunderbird,Directed,1,314,Knows
12,2,residents of Git'iks,Sagaween (Laxsgiik),Directed,1,314,Knows
14,39,real Barbeau,Thunderbird,Directed,1,314,Knows
14,12,real Barbeau,residents of Git'iks,Directed,1,314,Knows
2,11,Sagaween (Laxsgiik),"""Indians"" (abstract)",Directed,1,314,Knows
39,12,Thunderbird,residents of Git'iks,Directed,1,314,Knows
2,12,Sagaween (Laxsgiik),residents of Git'iks,Directed,1,314,Knows
11,2,"""Indians"" (abstract)",Sagaween (Laxsgiik),Directed,1,314,Knows
58,12,Pole of Sagaween,residents of Git'iks,Directed,1,314,Knows
58,39,Pole of Sagaween,Thunderbird,Directed,1,314,Knows
14,2,real Barbeau,Sagaween (Laxsgiik),Directed,1,314,Knows
11,39,"""Indians"" (abstract)",Thunderbird,Directed,1,314,Knows
58,11,Pole of Sagaween,"""Indians"" (abstract)",Directed,1,314,Knows
14,2,real Barbeau,Sagaween (Laxsgiik),Directed,1,315,Knows
14,39,real Barbeau,Thunderbird,Directed,1,315,Knows
2,11,Sagaween (Laxsgiik),"""Indians"" (abstract)",Directed,1,315,Knows
58,11,Pole of Sagaween,"""Indians"" (abstract)",Directed,1,315,Knows
14,11,real Barbeau,"""Indians"" (abstract)",Directed,1,315,Knows
12,2,residents of Git'iks,Sagaween (Laxsgiik),Directed,1,315,Knows
58,39,Pole of Sagaween,Thunderbird,Directed,1,315,Knows
12,58,residents of Git'iks,Pole of Sagaween,Directed,1,315,Knows
58,2,Pole of Sagaween,Sagaween (Laxsgiik),Directed,1,315,Knows
14,12,real Barbeau,residents of Git'iks,Directed,1,315,Knows
58,14,Pole of Sagaween,real Barbeau,Directed,1,315,Knows
2,58,Sagaween (Laxsgiik),Pole of Sagaween,Directed,1,315,Knows
58,12,Pole of Sagaween,residents of Git'iks,Directed,1,315,Knows
39,58,Thunderbird,Pole of Sagaween,Directed,1,315,Knows
11,14,"""Indians"" (abstract)",real Barbeau,Directed,1,315,Knows
2,12,Sagaween (Laxsgiik),residents of Git'iks,Directed,1,315,Knows
11,39,"""Indians"" (abstract)",Thunderbird,Directed,1,315,Knows
11,2,"""Indians"" (abstract)",Sagaween (Laxsgiik),Directed,1,315,Knows
11,58,"""Indians"" (abstract)",Pole of Sagaween,Directed,1,315,Knows
14,58,real Barbeau,Pole of Sagaween,Directed,1,315,Knows
39,12,Thunderbird,residents of Git'iks,Directed,1,315,Knows
12,39,residents of Git'iks,Thunderbird,Directed,1,315,Knows
58,14,Pole of Sagaween,real Barbeau,Directed,1,316,Knows
39,58,Thunderbird,Pole of Sagaween,Directed,1,316,Knows
58,39,Pole of Sagaween,Thunderbird,Directed,1,316,Knows
39,12,Thunderbird,residents of Git'iks,Directed,1,316,Knows
2,12,Sagaween (Laxsgiik),residents of Git'iks,Directed,1,316,Knows
14,2,real Barbeau,Sagaween (Laxsgiik),Directed,1,316,Knows
58,12,Pole of Sagaween,residents of Git'iks,Directed,1,316,Knows
11,39,"""Indians"" (abstract)",Thunderbird,Directed,1,316,Knows
14,11,real Barbeau,"""Indians"" (abstract)",Directed,1,316,Knows
14,58,real Barbeau,Pole of Sagaween,Directed,1,316,Knows
12,2,residents of Git'iks,Sagaween (Laxsgiik),Directed,1,316,Knows
14,12,real Barbeau,residents of Git'iks,Directed,1,316,Knows
11,2,"""Indians"" (abstract)",Sagaween (Laxsgiik),Directed,1,316,Knows
14,39,real Barbeau,Thunderbird,Directed,1,316,Knows
2,58,Sagaween (Laxsgiik),Pole of Sagaween,Directed,1,316,Knows
12,58,residents of Git'iks,Pole of Sagaween,Directed,1,316,Knows
2,11,Sagaween (Laxsgiik),"""Indians"" (abstract)",Directed,1,316,Knows
58,11,Pole of Sagaween,"""Indians"" (abstract)",Directed,1,316,Knows
11,14,"""Indians"" (abstract)",real Barbeau,Directed,1,316,Knows
11,58,"""Indians"" (abstract)",Pole of Sagaween,Directed,1,316,Knows
58,2,Pole of Sagaween,Sagaween (Laxsgiik),Directed,1,316,Knows
12,39,residents of Git'iks,Thunderbird,Directed,1,316,Knows
11,14,"""Indians"" (abstract)",real Barbeau,Directed,1,317,Knows
12,2,residents of Git'iks,Sagaween (Laxsgiik),Directed,1,317,Knows
14,58,real Barbeau,Pole of Sagaween,Directed,1,317,Knows
58,39,Pole of Sagaween,Thunderbird,Directed,1,317,Knows
14,11,real Barbeau,"""Indians"" (abstract)",Directed,1,317,Knows
58,2,Pole of Sagaween,Sagaween (Laxsgiik),Directed,1,317,Knows
12,58,residents of Git'iks,Pole of Sagaween,Directed,1,317,Knows
58,11,Pole of Sagaween,"""Indians"" (abstract)",Directed,1,317,Knows
14,12,real Barbeau,residents of Git'iks,Directed,1,317,Knows
2,58,Sagaween (Laxsgiik),Pole of Sagaween,Directed,1,317,Knows
2,12,Sagaween (Laxsgiik),residents of Git'iks,Directed,1,317,Knows
58,12,Pole of Sagaween,residents of Git'iks,Directed,1,317,Knows
11,2,"""Indians"" (abstract)",Sagaween (Laxsgiik),Directed,1,317,Knows
11,58,"""Indians"" (abstract)",Pole of Sagaween,Directed,1,317,Knows
14,39,real Barbeau,Thunderbird,Directed,1,317,Knows
11,39,"""Indians"" (abstract)",Thunderbird,Directed,1,317,Knows
12,39,residents of Git'iks,Thunderbird,Directed,1,317,Knows
39,12,Thunderbird,residents of Git'iks,Directed,1,317,Knows
2,11,Sagaween (Laxsgiik),"""Indians"" (abstract)",Directed,1,317,Knows
58,14,Pole of Sagaween,real Barbeau,Directed,1,317,Knows
39,58,Thunderbird,Pole of Sagaween,Directed,1,317,Knows
14,2,real Barbeau,Sagaween (Laxsgiik),Directed,1,317,Knows
14,58,real Barbeau,Pole of Sagaween,Directed,1,318,Knows
58,2,Pole of Sagaween,Sagaween (Laxsgiik),Directed,1,318,Knows
12,58,residents of Git'iks,Pole of Sagaween,Directed,1,318,Knows
14,39,real Barbeau,Thunderbird,Directed,1,318,Knows
14,11,real Barbeau,"""Indians"" (abstract)",Directed,1,318,Knows
2,11,Sagaween (Laxsgiik),"""Indians"" (abstract)",Directed,1,318,Knows
58,11,Pole of Sagaween,"""Indians"" (abstract)",Directed,1,318,Knows
14,12,real Barbeau,residents of Git'iks,Directed,1,318,Knows
11,58,"""Indians"" (abstract)",Pole of Sagaween,Directed,1,318,Knows
58,14,Pole of Sagaween,real Barbeau,Directed,1,318,Knows
11,14,"""Indians"" (abstract)",real Barbeau,Directed,1,318,Knows
39,58,Thunderbird,Pole of Sagaween,Directed,1,318,Knows
2,12,Sagaween (Laxsgiik),residents of Git'iks,Directed,1,318,Knows
2,58,Sagaween (Laxsgiik),Pole of Sagaween,Directed,1,318,Knows
14,2,real Barbeau,Sagaween (Laxsgiik),Directed,1,318,Knows
12,39,residents of Git'iks,Thunderbird,Directed,1,318,Knows
11,39,"""Indians"" (abstract)",Thunderbird,Directed,1,318,Knows
58,39,Pole of Sagaween,Thunderbird,Directed,1,318,Knows
39,12,Thunderbird,residents of Git'iks,Directed,1,318,Knows
12,2,residents of Git'iks,Sagaween (Laxsgiik),Directed,1,318,Knows
58,12,Pole of Sagaween,residents of Git'iks,Directed,1,318,Knows
11,2,"""Indians"" (abstract)",Sagaween (Laxsgiik),Directed,1,318,Knows
58,2,Pole of Sagaween,Sagaween (Laxsgiik),Directed,1,319,Knows
39,58,Thunderbird,Pole of Sagaween,Directed,1,319,Knows
12,39,residents of Git'iks,Thunderbird,Directed,1,319,Knows
39,12,Thunderbird,residents of Git'iks,Directed,1,319,Knows
2,58,Sagaween (Laxsgiik),Pole of Sagaween,Directed,1,319,Knows
14,11,real Barbeau,"""Indians"" (abstract)",Directed,1,319,Knows
14,58,real Barbeau,Pole of Sagaween,Directed,1,319,Knows
11,39,"""Indians"" (abstract)",Thunderbird,Directed,1,319,Knows
14,39,real Barbeau,Thunderbird,Directed,1,319,Knows
12,2,residents of Git'iks,Sagaween (Laxsgiik),Directed,1,319,Knows
58,12,Pole of Sagaween,residents of Git'iks,Directed,1,319,Knows
58,39,Pole of Sagaween,Thunderbird,Directed,1,319,Knows
2,12,Sagaween (Laxsgiik),residents of Git'iks,Directed,1,319,Knows
14,2,real Barbeau,Sagaween (Laxsgiik),Directed,1,319,Knows
11,2,"""Indians"" (abstract)",Sagaween (Laxsgiik),Directed,1,319,Knows
58,14,Pole of Sagaween,real Barbeau,Directed,1,319,Knows
11,58,"""Indians"" (abstract)",Pole of Sagaween,Directed,1,319,Knows
12,58,residents of Git'iks,Pole of Sagaween,Directed,1,319,Knows
2,11,Sagaween (Laxsgiik),"""Indians"" (abstract)",Directed,1,319,Knows
11,14,"""Indians"" (abstract)",real Barbeau,Directed,1,319,Knows
14,12,real Barbeau,residents of Git'iks,Directed,1,319,Knows
58,11,Pole of Sagaween,"""Indians"" (abstract)",Directed,1,319,Knows
2,12,Sagaween (Laxsgiik),residents of Git'iks,Directed,1,330,Knows
1,12,speaker Abel,residents of Git'iks,Directed,1,330,Knows
12,58,residents of Git'iks,Pole of Sagaween,Directed,1,330,Knows
2,58,Sagaween (Laxsgiik),Pole of Sagaween,Directed,1,330,Knows
58,1,Pole of Sagaween,speaker Abel,Directed,1,330,Knows
58,2,Pole of Sagaween,Sagaween (Laxsgiik),Directed,1,330,Knows
58,12,Pole of Sagaween,residents of Git'iks,Directed,1,330,Knows
12,2,residents of Git'iks,Sagaween (Laxsgiik),Directed,1,330,Knows
1,58,speaker Abel,Pole of Sagaween,Directed,1,330,Knows
1,2,speaker Abel,Sagaween (Laxsgiik),Directed,1,330,Knows
58,1,Pole of Sagaween,speaker Abel,Directed,1,331,Knows
2,58,Sagaween (Laxsgiik),Pole of Sagaween,Directed,1,331,Knows
2,12,Sagaween (Laxsgiik),residents of Git'iks,Directed,1,331,Knows
12,58,residents of Git'iks,Pole of Sagaween,Directed,1,331,Knows
58,2,Pole of Sagaween,Sagaween (Laxsgiik),Directed,1,331,Knows
12,2,residents of Git'iks,Sagaween (Laxsgiik),Directed,1,331,Knows
1,12,speaker Abel,residents of Git'iks,Directed,1,331,Knows
1,2,speaker Abel,Sagaween (Laxsgiik),Directed,1,331,Knows
1,58,speaker Abel,Pole of Sagaween,Directed,1,331,Knows
58,12,Pole of Sagaween,residents of Git'iks,Directed,1,331,Knows
12,2,residents of Git'iks,Sagaween (Laxsgiik),Directed,1,332,Knows
58,1,Pole of Sagaween,speaker Abel,Directed,1,332,Knows
58,12,Pole of Sagaween,residents of Git'iks,Directed,1,332,Knows
1,12,speaker Abel,residents of Git'iks,Directed,1,332,Knows
2,58,Sagaween (Laxsgiik),Pole of Sagaween,Directed,1,332,Knows
1,58,speaker Abel,Pole of Sagaween,Directed,1,332,Knows
58,2,Pole of Sagaween,Sagaween (Laxsgiik),Directed,1,332,Knows
12,58,residents of Git'iks,Pole of Sagaween,Directed,1,332,Knows
2,12,Sagaween (Laxsgiik),residents of Git'iks,Directed,1,332,Knows
1,2,speaker Abel,Sagaween (Laxsgiik),Directed,1,332,Knows
12,2,residents of Git'iks,Sagaween (Laxsgiik),Directed,1,333,Knows
58,2,Pole of Sagaween,Sagaween (Laxsgiik),Directed,1,333,Knows
1,12,speaker Abel,residents of Git'iks,Directed,1,333,Knows
12,58,residents of Git'iks,Pole of Sagaween,Directed,1,333,Knows
2,12,Sagaween (Laxsgiik),residents of Git'iks,Directed,1,333,Knows
1,58,speaker Abel,Pole of Sagaween,Directed,1,333,Knows
58,1,Pole of Sagaween,speaker Abel,Directed,1,333,Knows
58,12,Pole of Sagaween,residents of Git'iks,Directed,1,333,Knows
2,58,Sagaween (Laxsgiik),Pole of Sagaween,Directed,1,333,Knows
1,2,speaker Abel,Sagaween (Laxsgiik),Directed,1,333,Knows
1,58,speaker Abel,Pole of Sagaween,Directed,1,334,Knows
1,12,speaker Abel,residents of Git'iks,Directed,1,334,Knows
2,58,Sagaween (Laxsgiik),Pole of Sagaween,Directed,1,334,Knows
1,2,speaker Abel,Sagaween (Laxsgiik),Directed,1,334,Knows
2,12,Sagaween (Laxsgiik),residents of Git'iks,Directed,1,334,Knows
58,12,Pole of Sagaween,residents of Git'iks,Directed,1,334,Knows
58,2,Pole of Sagaween,Sagaween (Laxsgiik),Directed,1,334,Knows
58,1,Pole of Sagaween,speaker Abel,Directed,1,334,Knows
12,58,residents of Git'iks,Pole of Sagaween,Directed,1,334,Knows
12,2,residents of Git'iks,Sagaween (Laxsgiik),Directed,1,334,Knows
1,58,speaker Abel,Pole of Sagaween,Directed,1,335,Knows
2,12,Sagaween (Laxsgiik),residents of Git'iks,Directed,1,335,Knows
1,12,speaker Abel,residents of Git'iks,Directed,1,335,Knows
12,58,residents of Git'iks,Pole of Sagaween,Directed,1,335,Knows
58,12,Pole of Sagaween,residents of Git'iks,Directed,1,335,Knows
58,2,Pole of Sagaween,Sagaween (Laxsgiik),Directed,1,335,Knows
1,2,speaker Abel,Sagaween (Laxsgiik),Directed,1,335,Knows
2,58,Sagaween (Laxsgiik),Pole of Sagaween,Directed,1,335,Knows
58,1,Pole of Sagaween,speaker Abel,Directed,1,335,Knows
12,2,residents of Git'iks,Sagaween (Laxsgiik),Directed,1,335,Knows
1,58,speaker Abel,Pole of Sagaween,Directed,1,336,Knows
58,2,Pole of Sagaween,Sagaween (Laxsgiik),Directed,1,336,Knows
1,12,speaker Abel,residents of Git'iks,Directed,1,336,Knows
12,58,residents of Git'iks,Pole of Sagaween,Directed,1,336,Knows
12,2,residents of Git'iks,Sagaween (Laxsgiik),Directed,1,336,Knows
58,1,Pole of Sagaween,speaker Abel,Directed,1,336,Knows
2,12,Sagaween (Laxsgiik),residents of Git'iks,Directed,1,336,Knows
58,12,Pole of Sagaween,residents of Git'iks,Directed,1,336,Knows
1,2,speaker Abel,Sagaween (Laxsgiik),Directed,1,336,Knows
2,58,Sagaween (Laxsgiik),Pole of Sagaween,Directed,1,336,Knows
1,12,speaker Abel,residents of Git'iks,Directed,1,337,Knows
2,58,Sagaween (Laxsgiik),Pole of Sagaween,Directed,1,337,Knows
2,12,Sagaween (Laxsgiik),residents of Git'iks,Directed,1,337,Knows
58,12,Pole of Sagaween,residents of Git'iks,Directed,1,337,Knows
1,2,speaker Abel,Sagaween (Laxsgiik),Directed,1,337,Knows
12,2,residents of Git'iks,Sagaween (Laxsgiik),Directed,1,337,Knows
58,1,Pole of Sagaween,speaker Abel,Directed,1,337,Knows
1,58,speaker Abel,Pole of Sagaween,Directed,1,337,Knows
58,2,Pole of Sagaween,Sagaween (Laxsgiik),Directed,1,337,Knows
12,58,residents of Git'iks,Pole of Sagaween,Directed,1,337,Knows
58,1,Pole of Sagaween,speaker Abel,Directed,1,338,Knows
1,58,speaker Abel,Pole of Sagaween,Directed,1,338,Knows
58,12,Pole of Sagaween,residents of Git'iks,Directed,1,338,Knows
1,12,speaker Abel,residents of Git'iks,Directed,1,338,Knows
58,2,Pole of Sagaween,Sagaween (Laxsgiik),Directed,1,338,Knows
2,12,Sagaween (Laxsgiik),residents of Git'iks,Directed,1,338,Knows
12,2,residents of Git'iks,Sagaween (Laxsgiik),Directed,1,338,Knows
2,58,Sagaween (Laxsgiik),Pole of Sagaween,Directed,1,338,Knows
1,2,speaker Abel,Sagaween (Laxsgiik),Directed,1,338,Knows
12,58,residents of Git'iks,Pole of Sagaween,Directed,1,338,Knows
12,58,residents of Git'iks,Pole of Sagaween,Directed,1,339,Knows
58,12,Pole of Sagaween,residents of Git'iks,Directed,1,339,Knows
58,1,Pole of Sagaween,speaker Abel,Directed,1,339,Knows
12,2,residents of Git'iks,Sagaween (Laxsgiik),Directed,1,339,Knows
2,58,Sagaween (Laxsgiik),Pole of Sagaween,Directed,1,339,Knows
1,2,speaker Abel,Sagaween (Laxsgiik),Directed,1,339,Knows
1,58,speaker Abel,Pole of Sagaween,Directed,1,339,Knows
58,2,Pole of Sagaween,Sagaween (Laxsgiik),Directed,1,339,Knows
1,12,speaker Abel,residents of Git'iks,Directed,1,339,Knows
2,12,Sagaween (Laxsgiik),residents of Git'iks,Directed,1,339,Knows
2,58,Sagaween (Laxsgiik),Pole of Sagaween,Directed,1,390,Knows
1,58,speaker Abel,Pole of Sagaween,Directed,1,390,Knows
58,2,Pole of Sagaween,Sagaween (Laxsgiik),Directed,1,390,Knows
58,1,Pole of Sagaween,speaker Abel,Directed,1,390,Knows
1,2,speaker Abel,Sagaween (Laxsgiik),Directed,1,390,Knows
1,2,speaker Abel,Sagaween (Laxsgiik),Directed,1,391,Knows
58,1,Pole of Sagaween,speaker Abel,Directed,1,391,Knows
1,58,speaker Abel,Pole of Sagaween,Directed,1,391,Knows
2,58,Sagaween (Laxsgiik),Pole of Sagaween,Directed,1,391,Knows
58,2,Pole of Sagaween,Sagaween (Laxsgiik),Directed,1,391,Knows
1,2,speaker Abel,Sagaween (Laxsgiik),Directed,1,392,Knows
58,2,Pole of Sagaween,Sagaween (Laxsgiik),Directed,1,392,Knows
2,58,Sagaween (Laxsgiik),Pole of Sagaween,Directed,1,392,Knows
58,1,Pole of Sagaween,speaker Abel,Directed,1,392,Knows
1,58,speaker Abel,Pole of Sagaween,Directed,1,392,Knows
1,58,speaker Abel,Pole of Sagaween,Directed,1,393,Knows
58,2,Pole of Sagaween,Sagaween (Laxsgiik),Directed,1,393,Knows
2,58,Sagaween (Laxsgiik),Pole of Sagaween,Directed,1,393,Knows
58,1,Pole of Sagaween,speaker Abel,Directed,1,393,Knows
1,2,speaker Abel,Sagaween (Laxsgiik),Directed,1,393,Knows
58,2,Pole of Sagaween,Sagaween (Laxsgiik),Directed,1,394,Knows
2,58,Sagaween (Laxsgiik),Pole of Sagaween,Directed,1,394,Knows
58,1,Pole of Sagaween,speaker Abel,Directed,1,394,Knows
1,58,speaker Abel,Pole of Sagaween,Directed,1,394,Knows
1,2,speaker Abel,Sagaween (Laxsgiik),Directed,1,394,Knows
58,2,Pole of Sagaween,Sagaween (Laxsgiik),Directed,1,395,Knows
2,58,Sagaween (Laxsgiik),Pole of Sagaween,Directed,1,395,Knows
58,1,Pole of Sagaween,speaker Abel,Directed,1,395,Knows
1,2,speaker Abel,Sagaween (Laxsgiik),Directed,1,395,Knows
1,58,speaker Abel,Pole of Sagaween,Directed,1,395,Knows
1,58,speaker Abel,Pole of Sagaween,Directed,1,396,Knows
58,1,Pole of Sagaween,speaker Abel,Directed,1,396,Knows
58,2,Pole of Sagaween,Sagaween (Laxsgiik),Directed,1,396,Knows
1,2,speaker Abel,Sagaween (Laxsgiik),Directed,1,396,Knows
2,58,Sagaween (Laxsgiik),Pole of Sagaween,Directed,1,396,Knows
58,1,Pole of Sagaween,speaker Abel,Directed,1,397,Knows
1,2,speaker Abel,Sagaween (Laxsgiik),Directed,1,397,Knows
2,58,Sagaween (Laxsgiik),Pole of Sagaween,Directed,1,397,Knows
58,2,Pole of Sagaween,Sagaween (Laxsgiik),Directed,1,397,Knows
1,58,speaker Abel,Pole of Sagaween,Directed,1,397,Knows
1,2,speaker Abel,Sagaween (Laxsgiik),Directed,1,398,Knows
58,2,Pole of Sagaween,Sagaween (Laxsgiik),Directed,1,398,Knows
2,58,Sagaween (Laxsgiik),Pole of Sagaween,Directed,1,398,Knows
58,1,Pole of Sagaween,speaker Abel,Directed,1,398,Knows
1,58,speaker Abel,Pole of Sagaween,Directed,1,398,Knows
58,1,Pole of Sagaween,speaker Abel,Directed,1,399,Knows
2,58,Sagaween (Laxsgiik),Pole of Sagaween,Directed,1,399,Knows
1,58,speaker Abel,Pole of Sagaween,Directed,1,399,Knows
58,2,Pole of Sagaween,Sagaween (Laxsgiik),Directed,1,399,Knows
1,2,speaker Abel,Sagaween (Laxsgiik),Directed,1,399,Knows
1,58,speaker Abel,Pole of Sagaween,Directed,1,410,Knows
1,2,speaker Abel,Sagaween (Laxsgiik),Directed,1,410,Knows
2,58,Sagaween (Laxsgiik),Pole of Sagaween,Directed,1,410,Knows
58,1,Pole of Sagaween,speaker Abel,Directed,1,410,Knows
58,2,Pole of Sagaween,Sagaween (Laxsgiik),Directed,1,410,Knows
2,58,Sagaween (Laxsgiik),Pole of Sagaween,Directed,1,411,Knows
58,1,Pole of Sagaween,speaker Abel,Directed,1,411,Knows
1,2,speaker Abel,Sagaween (Laxsgiik),Directed,1,411,Knows
1,58,speaker Abel,Pole of Sagaween,Directed,1,411,Knows
58,2,Pole of Sagaween,Sagaween (Laxsgiik),Directed,1,411,Knows
58,2,Pole of Sagaween,Sagaween (Laxsgiik),Directed,1,412,Knows
2,58,Sagaween (Laxsgiik),Pole of Sagaween,Directed,1,412,Knows
1,2,speaker Abel,Sagaween (Laxsgiik),Directed,1,412,Knows
1,58,speaker Abel,Pole of Sagaween,Directed,1,412,Knows
58,1,Pole of Sagaween,speaker Abel,Directed,1,412,Knows
58,1,Pole of Sagaween,speaker Abel,Directed,1,413,Knows
1,2,speaker Abel,Sagaween (Laxsgiik),Directed,1,413,Knows
58,2,Pole of Sagaween,Sagaween (Laxsgiik),Directed,1,413,Knows
1,58,speaker Abel,Pole of Sagaween,Directed,1,413,Knows
2,58,Sagaween (Laxsgiik),Pole of Sagaween,Directed,1,413,Knows
2,58,Sagaween (Laxsgiik),Pole of Sagaween,Directed,1,414,Knows
58,2,Pole of Sagaween,Sagaween (Laxsgiik),Directed,1,414,Knows
1,2,speaker Abel,Sagaween (Laxsgiik),Directed,1,414,Knows
58,1,Pole of Sagaween,speaker Abel,Directed,1,414,Knows
1,58,speaker Abel,Pole of Sagaween,Directed,1,414,Knows
58,2,Pole of Sagaween,Sagaween (Laxsgiik),Directed,1,415,Knows
2,58,Sagaween (Laxsgiik),Pole of Sagaween,Directed,1,415,Knows
1,2,speaker Abel,Sagaween (Laxsgiik),Directed,1,415,Knows
58,1,Pole of Sagaween,speaker Abel,Directed,1,415,Knows
1,58,speaker Abel,Pole of Sagaween,Directed,1,415,Knows
1,2,speaker Abel,Sagaween (Laxsgiik),Directed,1,416,Knows
58,1,Pole of Sagaween,speaker Abel,Directed,1,416,Knows
1,58,speaker Abel,Pole of Sagaween,Directed,1,416,Knows
2,58,Sagaween (Laxsgiik),Pole of Sagaween,Directed,1,416,Knows
58,2,Pole of Sagaween,Sagaween (Laxsgiik),Directed,1,416,Knows
1,58,speaker Abel,Pole of Sagaween,Directed,1,417,Knows
1,2,speaker Abel,Sagaween (Laxsgiik),Directed,1,417,Knows
58,1,Pole of Sagaween,speaker Abel,Directed,1,417,Knows
58,2,Pole of Sagaween,Sagaween (Laxsgiik),Directed,1,417,Knows
2,58,Sagaween (Laxsgiik),Pole of Sagaween,Directed,1,417,Knows
58,1,Pole of Sagaween,speaker Abel,Directed,1,418,Knows
1,58,speaker Abel,Pole of Sagaween,Directed,1,418,Knows
58,2,Pole of Sagaween,Sagaween (Laxsgiik),Directed,1,418,Knows
1,2,speaker Abel,Sagaween (Laxsgiik),Directed,1,418,Knows
2,58,Sagaween (Laxsgiik),Pole of Sagaween,Directed,1,418,Knows
58,1,Pole of Sagaween,speaker Abel,Directed,1,419,Knows
1,2,speaker Abel,Sagaween (Laxsgiik),Directed,1,419,Knows
2,58,Sagaween (Laxsgiik),Pole of Sagaween,Directed,1,419,Knows
58,2,Pole of Sagaween,Sagaween (Laxsgiik),Directed,1,419,Knows
1,58,speaker Abel,Pole of Sagaween,Directed,1,419,Knows
58,2,Pole of Sagaween,Sagaween (Laxsgiik),Directed,1,430,Knows
2,58,Sagaween (Laxsgiik),Pole of Sagaween,Directed,1,430,Knows
15,2,fictional Barbeau,Sagaween (Laxsgiik),Directed,1,430,Knows
15,13,fictional Barbeau,Barton (Laxgibuu),Directed,1,430,Knows
15,58,fictional Barbeau,Pole of Sagaween,Directed,1,430,Knows
13,15,Barton (Laxgibuu),fictional Barbeau,Directed,1,430,Knows
58,15,Pole of Sagaween,fictional Barbeau,Directed,1,430,Knows
15,58,fictional Barbeau,Pole of Sagaween,Directed,1,431,Knows
13,15,Barton (Laxgibuu),fictional Barbeau,Directed,1,431,Knows
15,13,fictional Barbeau,Barton (Laxgibuu),Directed,1,431,Knows
58,15,Pole of Sagaween,fictional Barbeau,Directed,1,431,Knows
58,2,Pole of Sagaween,Sagaween (Laxsgiik),Directed,1,431,Knows
15,2,fictional Barbeau,Sagaween (Laxsgiik),Directed,1,431,Knows
2,58,Sagaween (Laxsgiik),Pole of Sagaween,Directed,1,431,Knows
15,13,fictional Barbeau,Barton (Laxgibuu),Directed,1,432,Knows
58,15,Pole of Sagaween,fictional Barbeau,Directed,1,432,Knows
2,58,Sagaween (Laxsgiik),Pole of Sagaween,Directed,1,432,Knows
15,58,fictional Barbeau,Pole of Sagaween,Directed,1,432,Knows
58,2,Pole of Sagaween,Sagaween (Laxsgiik),Directed,1,432,Knows
15,2,fictional Barbeau,Sagaween (Laxsgiik),Directed,1,432,Knows
13,15,Barton (Laxgibuu),fictional Barbeau,Directed,1,432,Knows
15,58,fictional Barbeau,Pole of Sagaween,Directed,1,433,Knows
13,15,Barton (Laxgibuu),fictional Barbeau,Directed,1,433,Knows
15,13,fictional Barbeau,Barton (Laxgibuu),Directed,1,433,Knows
15,2,fictional Barbeau,Sagaween (Laxsgiik),Directed,1,433,Knows
58,15,Pole of Sagaween,fictional Barbeau,Directed,1,433,Knows
2,58,Sagaween (Laxsgiik),Pole of Sagaween,Directed,1,433,Knows
58,2,Pole of Sagaween,Sagaween (Laxsgiik),Directed,1,433,Knows
2,58,Sagaween (Laxsgiik),Pole of Sagaween,Directed,1,434,Knows
58,2,Pole of Sagaween,Sagaween (Laxsgiik),Directed,1,434,Knows
15,58,fictional Barbeau,Pole of Sagaween,Directed,1,434,Knows
15,2,fictional Barbeau,Sagaween (Laxsgiik),Directed,1,434,Knows
13,15,Barton (Laxgibuu),fictional Barbeau,Directed,1,434,Knows
58,15,Pole of Sagaween,fictional Barbeau,Directed,1,434,Knows
15,13,fictional Barbeau,Barton (Laxgibuu),Directed,1,434,Knows
58,2,Pole of Sagaween,Sagaween (Laxsgiik),Directed,1,435,Knows
13,15,Barton (Laxgibuu),fictional Barbeau,Directed,1,435,Knows
15,58,fictional Barbeau,Pole of Sagaween,Directed,1,435,Knows
15,13,fictional Barbeau,Barton (Laxgibuu),Directed,1,435,Knows
2,58,Sagaween (Laxsgiik),Pole of Sagaween,Directed,1,435,Knows
58,15,Pole of Sagaween,fictional Barbeau,Directed,1,435,Knows
15,2,fictional Barbeau,Sagaween (Laxsgiik),Directed,1,435,Knows
13,15,Barton (Laxgibuu),fictional Barbeau,Directed,1,436,Knows
15,58,fictional Barbeau,Pole of Sagaween,Directed,1,436,Knows
15,2,fictional Barbeau,Sagaween (Laxsgiik),Directed,1,436,Knows
58,2,Pole of Sagaween,Sagaween (Laxsgiik),Directed,1,436,Knows
58,15,Pole of Sagaween,fictional Barbeau,Directed,1,436,Knows
15,13,fictional Barbeau,Barton (Laxgibuu),Directed,1,436,Knows
2,58,Sagaween (Laxsgiik),Pole of Sagaween,Directed,1,436,Knows
58,15,Pole of Sagaween,fictional Barbeau,Directed,1,437,Knows
58,2,Pole of Sagaween,Sagaween (Laxsgiik),Directed,1,437,Knows
13,15,Barton (Laxgibuu),fictional Barbeau,Directed,1,437,Knows
15,2,fictional Barbeau,Sagaween (Laxsgiik),Directed,1,437,Knows
15,58,fictional Barbeau,Pole of Sagaween,Directed,1,437,Knows
15,13,fictional Barbeau,Barton (Laxgibuu),Directed,1,437,Knows
2,58,Sagaween (Laxsgiik),Pole of Sagaween,Directed,1,437,Knows
58,2,Pole of Sagaween,Sagaween (Laxsgiik),Directed,1,438,Knows
13,15,Barton (Laxgibuu),fictional Barbeau,Directed,1,438,Knows
15,13,fictional Barbeau,Barton (Laxgibuu),Directed,1,438,Knows
15,58,fictional Barbeau,Pole of Sagaween,Directed,1,438,Knows
15,2,fictional Barbeau,Sagaween (Laxsgiik),Directed,1,438,Knows
58,15,Pole of Sagaween,fictional Barbeau,Directed,1,438,Knows
2,58,Sagaween (Laxsgiik),Pole of Sagaween,Directed,1,438,Knows
15,13,fictional Barbeau,Barton (Laxgibuu),Directed,1,439,Knows
58,15,Pole of Sagaween,fictional Barbeau,Directed,1,439,Knows
58,2,Pole of Sagaween,Sagaween (Laxsgiik),Directed,1,439,Knows
2,58,Sagaween (Laxsgiik),Pole of Sagaween,Directed,1,439,Knows
13,15,Barton (Laxgibuu),fictional Barbeau,Directed,1,439,Knows
15,2,fictional Barbeau,Sagaween (Laxsgiik),Directed,1,439,Knows
15,58,fictional Barbeau,Pole of Sagaween,Directed,1,439,Knows
1,60,speaker Abel,collage photos,Directed,1,450,Knows
60,2,collage photos,Sagaween (Laxsgiik),Directed,1,450,Knows
58,2,Pole of Sagaween,Sagaween (Laxsgiik),Directed,1,450,Knows
60,58,collage photos,Pole of Sagaween,Directed,1,450,Knows
60,1,collage photos,speaker Abel,Directed,1,450,Knows
2,58,Sagaween (Laxsgiik),Pole of Sagaween,Directed,1,450,Knows
2,58,Sagaween (Laxsgiik),Pole of Sagaween,Directed,1,451,Knows
58,2,Pole of Sagaween,Sagaween (Laxsgiik),Directed,1,451,Knows
60,58,collage photos,Pole of Sagaween,Directed,1,451,Knows
60,2,collage photos,Sagaween (Laxsgiik),Directed,1,451,Knows
1,60,speaker Abel,collage photos,Directed,1,451,Knows
60,1,collage photos,speaker Abel,Directed,1,451,Knows
58,2,Pole of Sagaween,Sagaween (Laxsgiik),Directed,1,452,Knows
60,1,collage photos,speaker Abel,Directed,1,452,Knows
2,58,Sagaween (Laxsgiik),Pole of Sagaween,Directed,1,452,Knows
60,58,collage photos,Pole of Sagaween,Directed,1,452,Knows
60,2,collage photos,Sagaween (Laxsgiik),Directed,1,452,Knows
1,60,speaker Abel,collage photos,Directed,1,452,Knows
60,58,collage photos,Pole of Sagaween,Directed,1,453,Knows
1,60,speaker Abel,collage photos,Directed,1,453,Knows
60,2,collage photos,Sagaween (Laxsgiik),Directed,1,453,Knows
60,1,collage photos,speaker Abel,Directed,1,453,Knows
2,58,Sagaween (Laxsgiik),Pole of Sagaween,Directed,1,453,Knows
58,2,Pole of Sagaween,Sagaween (Laxsgiik),Directed,1,453,Knows
58,2,Pole of Sagaween,Sagaween (Laxsgiik),Directed,1,454,Knows
60,2,collage photos,Sagaween (Laxsgiik),Directed,1,454,Knows
60,58,collage photos,Pole of Sagaween,Directed,1,454,Knows
1,60,speaker Abel,collage photos,Directed,1,454,Knows
1,58,speaker Abel,Pole of Sagaween,Directed,1,454,Knows of
1,2,speaker Abel,Sagaween (Laxsgiik),Directed,1,454,Knows of
2,58,Sagaween (Laxsgiik),Pole of Sagaween,Directed,1,454,Knows
60,1,collage photos,speaker Abel,Directed,1,454,Knows
1,58,speaker Abel,Pole of Sagaween,Directed,1,455,Knows
58,2,Pole of Sagaween,Sagaween (Laxsgiik),Directed,1,455,Knows
1,2,speaker Abel,Sagaween (Laxsgiik),Directed,1,455,Knows
58,1,Pole of Sagaween,speaker Abel,Directed,1,455,Knows
2,58,Sagaween (Laxsgiik),Pole of Sagaween,Directed,1,455,Knows
58,2,Pole of Sagaween,Sagaween (Laxsgiik),Directed,1,456,Knows
1,58,speaker Abel,Pole of Sagaween,Directed,1,456,Knows
1,2,speaker Abel,Sagaween (Laxsgiik),Directed,1,456,Knows
58,1,Pole of Sagaween,speaker Abel,Directed,1,456,Knows
2,58,Sagaween (Laxsgiik),Pole of Sagaween,Directed,1,456,Knows
58,2,Pole of Sagaween,Sagaween (Laxsgiik),Directed,1,457,Knows
58,1,Pole of Sagaween,speaker Abel,Directed,1,457,Knows
1,2,speaker Abel,Sagaween (Laxsgiik),Directed,1,457,Knows
2,58,Sagaween (Laxsgiik),Pole of Sagaween,Directed,1,457,Knows
1,58,speaker Abel,Pole of Sagaween,Directed,1,457,Knows
1,2,speaker Abel,Sagaween (Laxsgiik),Directed,1,458,Knows
58,2,Pole of Sagaween,Sagaween (Laxsgiik),Directed,1,458,Knows
2,58,Sagaween (Laxsgiik),Pole of Sagaween,Directed,1,458,Knows
1,58,speaker Abel,Pole of Sagaween,Directed,1,458,Knows
58,1,Pole of Sagaween,speaker Abel,Directed,1,458,Knows
58,2,Pole of Sagaween,Sagaween (Laxsgiik),Directed,1,459,Knows
1,2,speaker Abel,Sagaween (Laxsgiik),Directed,1,459,Knows
58,1,Pole of Sagaween,speaker Abel,Directed,1,459,Knows
1,58,speaker Abel,Pole of Sagaween,Directed,1,459,Knows
2,58,Sagaween (Laxsgiik),Pole of Sagaween,Directed,1,459,Knows
22,61,"son of ""Paraet'Naerhl""","""Sperm Whale (hlpoon)""",Directed,1,470,Knows
22,18,"son of ""Paraet'Naerhl""","second ""'Neesyoq"" (Laxgibuu)",Directed,1,470,Knows
14,20,real Barbeau,"Laxgibuu (""Wolf clan"")",Directed,1,470,Knows
22,17,"son of ""Paraet'Naerhl""","first ""'Neesyoq"" (Laxgibuu)",Directed,1,470,Knows of
14,17,real Barbeau,"first ""'Neesyoq"" (Laxgibuu)",Directed,1,470,Knows of
22,62,"son of ""Paraet'Naerhl""","""person with ... garment (gyet)""",Directed,1,470,Knows
14,23,real Barbeau,Dennis Wood,Directed,1,470,Knows
14,62,real Barbeau,"""person with ... garment (gyet)""",Directed,1,470,Knows of
14,21,real Barbeau,"""Paraet'Naerhl""",Directed,1,470,Knows of
14,61,real Barbeau,"""Sperm Whale (hlpoon)""",Directed,1,470,Knows of
17,18,"first ""'Neesyoq"" (Laxgibuu)","second ""'Neesyoq"" (Laxgibuu)",Directed,1,470,Knows
14,22,real Barbeau,"son of ""Paraet'Naerhl""",Directed,1,470,Knows of
14,63,real Barbeau,"""Gyaibelk"" (carved)",Directed,1,470,Knows of
14,19,real Barbeau,"""'Neeskyinwaet"" (Laxgibuu)",Directed,1,470,Knows of
18,21,"second ""'Neesyoq"" (Laxgibuu)","""Paraet'Naerhl""",Directed,1,470,Knows
18,17,"second ""'Neesyoq"" (Laxgibuu)","first ""'Neesyoq"" (Laxgibuu)",Directed,1,470,Knows
18,22,"second ""'Neesyoq"" (Laxgibuu)","son of ""Paraet'Naerhl""",Directed,1,470,Knows
22,63,"son of ""Paraet'Naerhl""","""Gyaibelk"" (carved)",Directed,1,470,Knows
22,21,"son of ""Paraet'Naerhl""","""Paraet'Naerhl""",Directed,1,470,Knows
14,24,real Barbeau,"""man with sea cockle (kal'own)""",Directed,1,470,Knows of
14,18,real Barbeau,"second ""'Neesyoq"" (Laxgibuu)",Directed,1,470,Knows of
22,24,"son of ""Paraet'Naerhl""","""man with sea cockle (kal'own)""",Directed,1,470,Knows
63,24,"""Gyaibelk"" (carved)","""man with sea cockle (kal'own)""",Directed,1,470,Knows
21,62,"""Paraet'Naerhl""","""person with ... garment (gyet)""",Directed,1,470,Knows
24,63,"""man with sea cockle (kal'own)""","""Gyaibelk"" (carved)",Directed,1,470,Knows
21,24,"""Paraet'Naerhl""","""man with sea cockle (kal'own)""",Directed,1,470,Knows
24,22,"""man with sea cockle (kal'own)""","son of ""Paraet'Naerhl""",Directed,1,470,Knows
62,24,"""person with ... garment (gyet)""","""man with sea cockle (kal'own)""",Directed,1,470,Knows
21,61,"""Paraet'Naerhl""","""Sperm Whale (hlpoon)""",Directed,1,470,Knows
21,63,"""Paraet'Naerhl""","""Gyaibelk"" (carved)",Directed,1,470,Knows
62,61,"""person with ... garment (gyet)""","""Sperm Whale (hlpoon)""",Directed,1,470,Knows
24,21,"""man with sea cockle (kal'own)""","""Paraet'Naerhl""",Directed,1,470,Knows
23,18,Dennis Wood,"second ""'Neesyoq"" (Laxgibuu)",Directed,1,470,Knows of
62,21,"""person with ... garment (gyet)""","""Paraet'Naerhl""",Directed,1,470,Knows
61,24,"""Sperm Whale (hlpoon)""","""man with sea cockle (kal'own)""",Directed,1,470,Knows
24,61,"""man with sea cockle (kal'own)""","""Sperm Whale (hlpoon)""",Directed,1,470,Knows
61,62,"""Sperm Whale (hlpoon)""","""person with ... garment (gyet)""",Directed,1,470,Knows
63,22,"""Gyaibelk"" (carved)","son of ""Paraet'Naerhl""",Directed,1,470,Knows
23,14,Dennis Wood,real Barbeau,Directed,1,470,Knows
63,62,"""Gyaibelk"" (carved)","""person with ... garment (gyet)""",Directed,1,470,Knows
23,62,Dennis Wood,"""person with ... garment (gyet)""",Directed,1,470,Knows of
61,22,"""Sperm Whale (hlpoon)""","son of ""Paraet'Naerhl""",Directed,1,470,Knows
23,22,Dennis Wood,"son of ""Paraet'Naerhl""",Directed,1,470,Knows of
61,21,"""Sperm Whale (hlpoon)""","""Paraet'Naerhl""",Directed,1,470,Knows
63,61,"""Gyaibelk"" (carved)","""Sperm Whale (hlpoon)""",Directed,1,470,Knows
61,63,"""Sperm Whale (hlpoon)""","""Gyaibelk"" (carved)",Directed,1,470,Knows
23,21,Dennis Wood,"""Paraet'Naerhl""",Directed,1,470,Knows of
63,21,"""Gyaibelk"" (carved)","""Paraet'Naerhl""",Directed,1,470,Knows
23,24,Dennis Wood,"""man with sea cockle (kal'own)""",Directed,1,470,Knows of
21,22,"""Paraet'Naerhl""","son of ""Paraet'Naerhl""",Directed,1,470,Knows
24,62,"""man with sea cockle (kal'own)""","""person with ... garment (gyet)""",Directed,1,470,Knows
20,14,"Laxgibuu (""Wolf clan"")",real Barbeau,Directed,1,470,Knows
21,17,"""Paraet'Naerhl""","first ""'Neesyoq"" (Laxgibuu)",Directed,1,470,Knows of
23,63,Dennis Wood,"""Gyaibelk"" (carved)",Directed,1,470,Knows of
21,18,"""Paraet'Naerhl""","second ""'Neesyoq"" (Laxgibuu)",Directed,1,470,Knows
23,17,Dennis Wood,"first ""'Neesyoq"" (Laxgibuu)",Directed,1,470,Knows of
62,63,"""person with ... garment (gyet)""","""Gyaibelk"" (carved)",Directed,1,470,Knows
23,61,Dennis Wood,"""Sperm Whale (hlpoon)""",Directed,1,470,Knows of
62,22,"""person with ... garment (gyet)""","son of ""Paraet'Naerhl""",Directed,1,470,Knows
20,14,"Laxgibuu (""Wolf clan"")",real Barbeau,Directed,1,471,Knows
21,17,"""Paraet'Naerhl""","first ""'Neesyoq"" (Laxgibuu)",Directed,1,471,Knows of
61,21,"""Sperm Whale (hlpoon)""","""Paraet'Naerhl""",Directed,1,471,Knows
61,22,"""Sperm Whale (hlpoon)""","son of ""Paraet'Naerhl""",Directed,1,471,Knows
14,24,real Barbeau,"""man with sea cockle (kal'own)""",Directed,1,471,Knows of
23,14,Dennis Wood,real Barbeau,Directed,1,471,Knows
18,22,"second ""'Neesyoq"" (Laxgibuu)","son of ""Paraet'Naerhl""",Directed,1,471,Knows
24,63,"""man with sea cockle (kal'own)""","""Gyaibelk"" (carved)",Directed,1,471,Knows
63,22,"""Gyaibelk"" (carved)","son of ""Paraet'Naerhl""",Directed,1,471,Knows
22,63,"son of ""Paraet'Naerhl""","""Gyaibelk"" (carved)",Directed,1,471,Knows
23,61,Dennis Wood,"""Sperm Whale (hlpoon)""",Directed,1,471,Knows of
24,61,"""man with sea cockle (kal'own)""","""Sperm Whale (hlpoon)""",Directed,1,471,Knows
63,62,"""Gyaibelk"" (carved)","""person with ... garment (gyet)""",Directed,1,471,Knows
22,18,"son of ""Paraet'Naerhl""","second ""'Neesyoq"" (Laxgibuu)",Directed,1,471,Knows
61,62,"""Sperm Whale (hlpoon)""","""person with ... garment (gyet)""",Directed,1,471,Knows
23,22,Dennis Wood,"son of ""Paraet'Naerhl""",Directed,1,471,Knows of
14,22,real Barbeau,"son of ""Paraet'Naerhl""",Directed,1,471,Knows of
22,62,"son of ""Paraet'Naerhl""","""person with ... garment (gyet)""",Directed,1,471,Knows
23,21,Dennis Wood,"""Paraet'Naerhl""",Directed,1,471,Knows of
61,63,"""Sperm Whale (hlpoon)""","""Gyaibelk"" (carved)",Directed,1,471,Knows
14,17,real Barbeau,"first ""'Neesyoq"" (Laxgibuu)",Directed,1,471,Knows of
63,21,"""Gyaibelk"" (carved)","""Paraet'Naerhl""",Directed,1,471,Knows
23,17,Dennis Wood,"first ""'Neesyoq"" (Laxgibuu)",Directed,1,471,Knows of
14,62,real Barbeau,"""person with ... garment (gyet)""",Directed,1,471,Knows of
14,61,real Barbeau,"""Sperm Whale (hlpoon)""",Directed,1,471,Knows of
63,61,"""Gyaibelk"" (carved)","""Sperm Whale (hlpoon)""",Directed,1,471,Knows
22,24,"son of ""Paraet'Naerhl""","""man with sea cockle (kal'own)""",Directed,1,471,Knows
18,21,"second ""'Neesyoq"" (Laxgibuu)","""Paraet'Naerhl""",Directed,1,471,Knows
63,24,"""Gyaibelk"" (carved)","""man with sea cockle (kal'own)""",Directed,1,471,Knows
22,17,"son of ""Paraet'Naerhl""","first ""'Neesyoq"" (Laxgibuu)",Directed,1,471,Knows of
14,21,real Barbeau,"""Paraet'Naerhl""",Directed,1,471,Knows of
18,17,"second ""'Neesyoq"" (Laxgibuu)","first ""'Neesyoq"" (Laxgibuu)",Directed,1,471,Knows
61,24,"""Sperm Whale (hlpoon)""","""man with sea cockle (kal'own)""",Directed,1,471,Knows
21,18,"""Paraet'Naerhl""","second ""'Neesyoq"" (Laxgibuu)",Directed,1,471,Knows
23,62,Dennis Wood,"""person with ... garment (gyet)""",Directed,1,471,Knows of
14,20,real Barbeau,"Laxgibuu (""Wolf clan"")",Directed,1,471,Knows
14,63,real Barbeau,"""Gyaibelk"" (carved)",Directed,1,471,Knows of
21,63,"""Paraet'Naerhl""","""Gyaibelk"" (carved)",Directed,1,471,Knows
62,21,"""person with ... garment (gyet)""","""Paraet'Naerhl""",Directed,1,471,Knows
21,61,"""Paraet'Naerhl""","""Sperm Whale (hlpoon)""",Directed,1,471,Knows
14,19,real Barbeau,"""'Neeskyinwaet"" (Laxgibuu)",Directed,1,471,Knows of
23,63,Dennis Wood,"""Gyaibelk"" (carved)",Directed,1,471,Knows of
62,24,"""person with ... garment (gyet)""","""man with sea cockle (kal'own)""",Directed,1,471,Knows
62,22,"""person with ... garment (gyet)""","son of ""Paraet'Naerhl""",Directed,1,471,Knows
21,24,"""Paraet'Naerhl""","""man with sea cockle (kal'own)""",Directed,1,471,Knows
17,18,"first ""'Neesyoq"" (Laxgibuu)","second ""'Neesyoq"" (Laxgibuu)",Directed,1,471,Knows
24,22,"""man with sea cockle (kal'own)""","son of ""Paraet'Naerhl""",Directed,1,471,Knows
22,61,"son of ""Paraet'Naerhl""","""Sperm Whale (hlpoon)""",Directed,1,471,Knows
21,62,"""Paraet'Naerhl""","""person with ... garment (gyet)""",Directed,1,471,Knows
21,22,"""Paraet'Naerhl""","son of ""Paraet'Naerhl""",Directed,1,471,Knows
62,61,"""person with ... garment (gyet)""","""Sperm Whale (hlpoon)""",Directed,1,471,Knows
62,63,"""person with ... garment (gyet)""","""Gyaibelk"" (carved)",Directed,1,471,Knows
23,24,Dennis Wood,"""man with sea cockle (kal'own)""",Directed,1,471,Knows of
22,21,"son of ""Paraet'Naerhl""","""Paraet'Naerhl""",Directed,1,471,Knows
23,18,Dennis Wood,"second ""'Neesyoq"" (Laxgibuu)",Directed,1,471,Knows of
24,62,"""man with sea cockle (kal'own)""","""person with ... garment (gyet)""",Directed,1,471,Knows
14,18,real Barbeau,"second ""'Neesyoq"" (Laxgibuu)",Directed,1,471,Knows of
24,21,"""man with sea cockle (kal'own)""","""Paraet'Naerhl""",Directed,1,471,Knows
14,23,real Barbeau,Dennis Wood,Directed,1,471,Knows
23,14,Dennis Wood,real Barbeau,Directed,1,472,Knows
21,17,"""Paraet'Naerhl""","first ""'Neesyoq"" (Laxgibuu)",Directed,1,472,Knows of
14,61,real Barbeau,"""Sperm Whale (hlpoon)""",Directed,1,472,Knows of
23,24,Dennis Wood,"""man with sea cockle (kal'own)""",Directed,1,472,Knows of
21,24,"""Paraet'Naerhl""","""man with sea cockle (kal'own)""",Directed,1,472,Knows
63,21,"""Gyaibelk"" (carved)","""Paraet'Naerhl""",Directed,1,472,Knows
62,63,"""person with ... garment (gyet)""","""Gyaibelk"" (carved)",Directed,1,472,Knows
14,17,real Barbeau,"first ""'Neesyoq"" (Laxgibuu)",Directed,1,472,Knows of
24,61,"""man with sea cockle (kal'own)""","""Sperm Whale (hlpoon)""",Directed,1,472,Knows
61,63,"""Sperm Whale (hlpoon)""","""Gyaibelk"" (carved)",Directed,1,472,Knows
21,22,"""Paraet'Naerhl""","son of ""Paraet'Naerhl""",Directed,1,472,Knows
22,62,"son of ""Paraet'Naerhl""","""person with ... garment (gyet)""",Directed,1,472,Knows
14,23,real Barbeau,Dennis Wood,Directed,1,472,Knows
63,22,"""Gyaibelk"" (carved)","son of ""Paraet'Naerhl""",Directed,1,472,Knows
14,63,real Barbeau,"""Gyaibelk"" (carved)",Directed,1,472,Knows of
20,14,"Laxgibuu (""Wolf clan"")",real Barbeau,Directed,1,472,Knows
63,61,"""Gyaibelk"" (carved)","""Sperm Whale (hlpoon)""",Directed,1,472,Knows
14,24,real Barbeau,"""man with sea cockle (kal'own)""",Directed,1,472,Knows of
14,20,real Barbeau,"Laxgibuu (""Wolf clan"")",Directed,1,472,Knows
63,62,"""Gyaibelk"" (carved)","""person with ... garment (gyet)""",Directed,1,472,Knows
21,62,"""Paraet'Naerhl""","""person with ... garment (gyet)""",Directed,1,472,Knows
61,22,"""Sperm Whale (hlpoon)""","son of ""Paraet'Naerhl""",Directed,1,472,Knows
23,63,Dennis Wood,"""Gyaibelk"" (carved)",Directed,1,472,Knows of
22,18,"son of ""Paraet'Naerhl""","second ""'Neesyoq"" (Laxgibuu)",Directed,1,472,Knows
21,63,"""Paraet'Naerhl""","""Gyaibelk"" (carved)",Directed,1,472,Knows
24,22,"""man with sea cockle (kal'own)""","son of ""Paraet'Naerhl""",Directed,1,472,Knows
23,61,Dennis Wood,"""Sperm Whale (hlpoon)""",Directed,1,472,Knows of
24,62,"""man with sea cockle (kal'own)""","""person with ... garment (gyet)""",Directed,1,472,Knows
24,63,"""man with sea cockle (kal'own)""","""Gyaibelk"" (carved)",Directed,1,472,Knows
63,24,"""Gyaibelk"" (carved)","""man with sea cockle (kal'own)""",Directed,1,472,Knows
22,17,"son of ""Paraet'Naerhl""","first ""'Neesyoq"" (Laxgibuu)",Directed,1,472,Knows of
21,18,"""Paraet'Naerhl""","second ""'Neesyoq"" (Laxgibuu)",Directed,1,472,Knows
21,61,"""Paraet'Naerhl""","""Sperm Whale (hlpoon)""",Directed,1,472,Knows
14,18,real Barbeau,"second ""'Neesyoq"" (Laxgibuu)",Directed,1,472,Knows of
14,62,real Barbeau,"""person with ... garment (gyet)""",Directed,1,472,Knows of
14,21,real Barbeau,"""Paraet'Naerhl""",Directed,1,472,Knows of
18,17,"second ""'Neesyoq"" (Laxgibuu)","first ""'Neesyoq"" (Laxgibuu)",Directed,1,472,Knows
61,21,"""Sperm Whale (hlpoon)""","""Paraet'Naerhl""",Directed,1,472,Knows
62,22,"""person with ... garment (gyet)""","son of ""Paraet'Naerhl""",Directed,1,472,Knows
22,61,"son of ""Paraet'Naerhl""","""Sperm Whale (hlpoon)""",Directed,1,472,Knows
14,19,real Barbeau,"""'Neeskyinwaet"" (Laxgibuu)",Directed,1,472,Knows of
18,21,"second ""'Neesyoq"" (Laxgibuu)","""Paraet'Naerhl""",Directed,1,472,Knows
22,24,"son of ""Paraet'Naerhl""","""man with sea cockle (kal'own)""",Directed,1,472,Knows
23,21,Dennis Wood,"""Paraet'Naerhl""",Directed,1,472,Knows of
23,62,Dennis Wood,"""person with ... garment (gyet)""",Directed,1,472,Knows of
18,22,"second ""'Neesyoq"" (Laxgibuu)","son of ""Paraet'Naerhl""",Directed,1,472,Knows
62,21,"""person with ... garment (gyet)""","""Paraet'Naerhl""",Directed,1,472,Knows
23,22,Dennis Wood,"son of ""Paraet'Naerhl""",Directed,1,472,Knows of
61,62,"""Sperm Whale (hlpoon)""","""person with ... garment (gyet)""",Directed,1,472,Knows
22,63,"son of ""Paraet'Naerhl""","""Gyaibelk"" (carved)",Directed,1,472,Knows
62,24,"""person with ... garment (gyet)""","""man with sea cockle (kal'own)""",Directed,1,472,Knows
23,18,Dennis Wood,"second ""'Neesyoq"" (Laxgibuu)",Directed,1,472,Knows of
61,24,"""Sperm Whale (hlpoon)""","""man with sea cockle (kal'own)""",Directed,1,472,Knows
22,21,"son of ""Paraet'Naerhl""","""Paraet'Naerhl""",Directed,1,472,Knows
24,21,"""man with sea cockle (kal'own)""","""Paraet'Naerhl""",Directed,1,472,Knows
17,18,"first ""'Neesyoq"" (Laxgibuu)","second ""'Neesyoq"" (Laxgibuu)",Directed,1,472,Knows
23,17,Dennis Wood,"first ""'Neesyoq"" (Laxgibuu)",Directed,1,472,Knows of
14,22,real Barbeau,"son of ""Paraet'Naerhl""",Directed,1,472,Knows of
62,61,"""person with ... garment (gyet)""","""Sperm Whale (hlpoon)""",Directed,1,472,Knows
21,22,"""Paraet'Naerhl""","son of ""Paraet'Naerhl""",Directed,1,473,Knows
61,22,"""Sperm Whale (hlpoon)""","son of ""Paraet'Naerhl""",Directed,1,473,Knows
62,24,"""person with ... garment (gyet)""","""man with sea cockle (kal'own)""",Directed,1,473,Knows
14,23,real Barbeau,Dennis Wood,Directed,1,473,Knows
14,63,real Barbeau,"""Gyaibelk"" (carved)",Directed,1,473,Knows of
61,21,"""Sperm Whale (hlpoon)""","""Paraet'Naerhl""",Directed,1,473,Knows
22,61,"son of ""Paraet'Naerhl""","""Sperm Whale (hlpoon)""",Directed,1,473,Knows
63,24,"""Gyaibelk"" (carved)","""man with sea cockle (kal'own)""",Directed,1,473,Knows
18,17,"second ""'Neesyoq"" (Laxgibuu)","first ""'Neesyoq"" (Laxgibuu)",Directed,1,473,Knows
23,24,Dennis Wood,"""man with sea cockle (kal'own)""",Directed,1,473,Knows of
62,21,"""person with ... garment (gyet)""","""Paraet'Naerhl""",Directed,1,473,Knows
23,14,Dennis Wood,real Barbeau,Directed,1,473,Knows
21,63,"""Paraet'Naerhl""","""Gyaibelk"" (carved)",Directed,1,473,Knows
21,24,"""Paraet'Naerhl""","""man with sea cockle (kal'own)""",Directed,1,473,Knows
14,20,real Barbeau,"Laxgibuu (""Wolf clan"")",Directed,1,473,Knows
24,61,"""man with sea cockle (kal'own)""","""Sperm Whale (hlpoon)""",Directed,1,473,Knows
63,62,"""Gyaibelk"" (carved)","""person with ... garment (gyet)""",Directed,1,473,Knows
22,21,"son of ""Paraet'Naerhl""","""Paraet'Naerhl""",Directed,1,473,Knows
18,22,"second ""'Neesyoq"" (Laxgibuu)","son of ""Paraet'Naerhl""",Directed,1,473,Knows
21,61,"""Paraet'Naerhl""","""Sperm Whale (hlpoon)""",Directed,1,473,Knows
23,18,Dennis Wood,"second ""'Neesyoq"" (Laxgibuu)",Directed,1,473,Knows of
24,21,"""man with sea cockle (kal'own)""","""Paraet'Naerhl""",Directed,1,473,Knows
62,61,"""person with ... garment (gyet)""","""Sperm Whale (hlpoon)""",Directed,1,473,Knows
63,22,"""Gyaibelk"" (carved)","son of ""Paraet'Naerhl""",Directed,1,473,Knows
24,62,"""man with sea cockle (kal'own)""","""person with ... garment (gyet)""",Directed,1,473,Knows
61,24,"""Sperm Whale (hlpoon)""","""man with sea cockle (kal'own)""",Directed,1,473,Knows
22,63,"son of ""Paraet'Naerhl""","""Gyaibelk"" (carved)",Directed,1,473,Knows
22,18,"son of ""Paraet'Naerhl""","second ""'Neesyoq"" (Laxgibuu)",Directed,1,473,Knows
23,63,Dennis Wood,"""Gyaibelk"" (carved)",Directed,1,473,Knows of
62,63,"""person with ... garment (gyet)""","""Gyaibelk"" (carved)",Directed,1,473,Knows
63,21,"""Gyaibelk"" (carved)","""Paraet'Naerhl""",Directed,1,473,Knows
24,22,"""man with sea cockle (kal'own)""","son of ""Paraet'Naerhl""",Directed,1,473,Knows
14,17,real Barbeau,"first ""'Neesyoq"" (Laxgibuu)",Directed,1,473,Knows of
61,63,"""Sperm Whale (hlpoon)""","""Gyaibelk"" (carved)",Directed,1,473,Knows
23,22,Dennis Wood,"son of ""Paraet'Naerhl""",Directed,1,473,Knows of
17,18,"first ""'Neesyoq"" (Laxgibuu)","second ""'Neesyoq"" (Laxgibuu)",Directed,1,473,Knows
23,21,Dennis Wood,"""Paraet'Naerhl""",Directed,1,473,Knows of
14,24,real Barbeau,"""man with sea cockle (kal'own)""",Directed,1,473,Knows of
21,62,"""Paraet'Naerhl""","""person with ... garment (gyet)""",Directed,1,473,Knows
14,21,real Barbeau,"""Paraet'Naerhl""",Directed,1,473,Knows of
23,62,Dennis Wood,"""person with ... garment (gyet)""",Directed,1,473,Knows of
22,24,"son of ""Paraet'Naerhl""","""man with sea cockle (kal'own)""",Directed,1,473,Knows
63,61,"""Gyaibelk"" (carved)","""Sperm Whale (hlpoon)""",Directed,1,473,Knows
22,62,"son of ""Paraet'Naerhl""","""person with ... garment (gyet)""",Directed,1,473,Knows
62,22,"""person with ... garment (gyet)""","son of ""Paraet'Naerhl""",Directed,1,473,Knows
24,63,"""man with sea cockle (kal'own)""","""Gyaibelk"" (carved)",Directed,1,473,Knows
23,61,Dennis Wood,"""Sperm Whale (hlpoon)""",Directed,1,473,Knows of
20,14,"Laxgibuu (""Wolf clan"")",real Barbeau,Directed,1,473,Knows
14,18,real Barbeau,"second ""'Neesyoq"" (Laxgibuu)",Directed,1,473,Knows of
22,17,"son of ""Paraet'Naerhl""","first ""'Neesyoq"" (Laxgibuu)",Directed,1,473,Knows of
21,17,"""Paraet'Naerhl""","first ""'Neesyoq"" (Laxgibuu)",Directed,1,473,Knows of
14,61,real Barbeau,"""Sperm Whale (hlpoon)""",Directed,1,473,Knows of
21,18,"""Paraet'Naerhl""","second ""'Neesyoq"" (Laxgibuu)",Directed,1,473,Knows
14,19,real Barbeau,"""'Neeskyinwaet"" (Laxgibuu)",Directed,1,473,Knows of
61,62,"""Sperm Whale (hlpoon)""","""person with ... garment (gyet)""",Directed,1,473,Knows
14,62,real Barbeau,"""person with ... garment (gyet)""",Directed,1,473,Knows of
23,17,Dennis Wood,"first ""'Neesyoq"" (Laxgibuu)",Directed,1,473,Knows of
14,22,real Barbeau,"son of ""Paraet'Naerhl""",Directed,1,473,Knows of
18,21,"second ""'Neesyoq"" (Laxgibuu)","""Paraet'Naerhl""",Directed,1,473,Knows
14,24,real Barbeau,"""man with sea cockle (kal'own)""",Directed,1,474,Knows of
23,17,Dennis Wood,"first ""'Neesyoq"" (Laxgibuu)",Directed,1,474,Knows of
62,61,"""person with ... garment (gyet)""","""Sperm Whale (hlpoon)""",Directed,1,474,Knows
62,21,"""person with ... garment (gyet)""","""Paraet'Naerhl""",Directed,1,474,Knows
21,63,"""Paraet'Naerhl""","""Gyaibelk"" (carved)",Directed,1,474,Knows
21,17,"""Paraet'Naerhl""","first ""'Neesyoq"" (Laxgibuu)",Directed,1,474,Knows of
14,62,real Barbeau,"""person with ... garment (gyet)""",Directed,1,474,Knows of
14,20,real Barbeau,"Laxgibuu (""Wolf clan"")",Directed,1,474,Knows
24,63,"""man with sea cockle (kal'own)""","""Gyaibelk"" (carved)",Directed,1,474,Knows
20,14,"Laxgibuu (""Wolf clan"")",real Barbeau,Directed,1,474,Knows
24,22,"""man with sea cockle (kal'own)""","son of ""Paraet'Naerhl""",Directed,1,474,Knows
23,62,Dennis Wood,"""person with ... garment (gyet)""",Directed,1,474,Knows of
21,18,"""Paraet'Naerhl""","second ""'Neesyoq"" (Laxgibuu)",Directed,1,474,Knows
62,24,"""person with ... garment (gyet)""","""man with sea cockle (kal'own)""",Directed,1,474,Knows
14,23,real Barbeau,Dennis Wood,Directed,1,474,Knows
23,61,Dennis Wood,"""Sperm Whale (hlpoon)""",Directed,1,474,Knows of
22,61,"son of ""Paraet'Naerhl""","""Sperm Whale (hlpoon)""",Directed,1,474,Knows
21,22,"""Paraet'Naerhl""","son of ""Paraet'Naerhl""",Directed,1,474,Knows
17,18,"first ""'Neesyoq"" (Laxgibuu)","second ""'Neesyoq"" (Laxgibuu)",Directed,1,474,Knows
62,22,"""person with ... garment (gyet)""","son of ""Paraet'Naerhl""",Directed,1,474,Knows
22,21,"son of ""Paraet'Naerhl""","""Paraet'Naerhl""",Directed,1,474,Knows
21,62,"""Paraet'Naerhl""","""person with ... garment (gyet)""",Directed,1,474,Knows
14,19,real Barbeau,"""'Neeskyinwaet"" (Laxgibuu)",Directed,1,474,Knows of
21,61,"""Paraet'Naerhl""","""Sperm Whale (hlpoon)""",Directed,1,474,Knows
23,21,Dennis Wood,"""Paraet'Naerhl""",Directed,1,474,Knows of
23,18,Dennis Wood,"second ""'Neesyoq"" (Laxgibuu)",Directed,1,474,Knows of
24,62,"""man with sea cockle (kal'own)""","""person with ... garment (gyet)""",Directed,1,474,Knows
21,24,"""Paraet'Naerhl""","""man with sea cockle (kal'own)""",Directed,1,474,Knows
62,63,"""person with ... garment (gyet)""","""Gyaibelk"" (carved)",Directed,1,474,Knows
61,24,"""Sperm Whale (hlpoon)""","""man with sea cockle (kal'own)""",Directed,1,474,Knows
24,21,"""man with sea cockle (kal'own)""","""Paraet'Naerhl""",Directed,1,474,Knows
23,14,Dennis Wood,real Barbeau,Directed,1,474,Knows
61,21,"""Sperm Whale (hlpoon)""","""Paraet'Naerhl""",Directed,1,474,Knows
63,24,"""Gyaibelk"" (carved)","""man with sea cockle (kal'own)""",Directed,1,474,Knows
14,21,real Barbeau,"""Paraet'Naerhl""",Directed,1,474,Knows of
14,17,real Barbeau,"first ""'Neesyoq"" (Laxgibuu)",Directed,1,474,Knows of
63,62,"""Gyaibelk"" (carved)","""person with ... garment (gyet)""",Directed,1,474,Knows
22,24,"son of ""Paraet'Naerhl""","""man with sea cockle (kal'own)""",Directed,1,474,Knows
61,22,"""Sperm Whale (hlpoon)""","son of ""Paraet'Naerhl""",Directed,1,474,Knows
63,61,"""Gyaibelk"" (carved)","""Sperm Whale (hlpoon)""",Directed,1,474,Knows
61,63,"""Sperm Whale (hlpoon)""","""Gyaibelk"" (carved)",Directed,1,474,Knows
18,22,"second ""'Neesyoq"" (Laxgibuu)","son of ""Paraet'Naerhl""",Directed,1,474,Knows
18,17,"second ""'Neesyoq"" (Laxgibuu)","first ""'Neesyoq"" (Laxgibuu)",Directed,1,474,Knows
14,22,real Barbeau,"son of ""Paraet'Naerhl""",Directed,1,474,Knows of
63,22,"""Gyaibelk"" (carved)","son of ""Paraet'Naerhl""",Directed,1,474,Knows
14,61,real Barbeau,"""Sperm Whale (hlpoon)""",Directed,1,474,Knows of
23,63,Dennis Wood,"""Gyaibelk"" (carved)",Directed,1,474,Knows of
22,17,"son of ""Paraet'Naerhl""","first ""'Neesyoq"" (Laxgibuu)",Directed,1,474,Knows of
14,18,real Barbeau,"second ""'Neesyoq"" (Laxgibuu)",Directed,1,474,Knows of
18,21,"second ""'Neesyoq"" (Laxgibuu)","""Paraet'Naerhl""",Directed,1,474,Knows
23,24,Dennis Wood,"""man with sea cockle (kal'own)""",Directed,1,474,Knows of
24,61,"""man with sea cockle (kal'own)""","""Sperm Whale (hlpoon)""",Directed,1,474,Knows
23,22,Dennis Wood,"son of ""Paraet'Naerhl""",Directed,1,474,Knows of
61,62,"""Sperm Whale (hlpoon)""","""person with ... garment (gyet)""",Directed,1,474,Knows
22,62,"son of ""Paraet'Naerhl""","""person with ... garment (gyet)""",Directed,1,474,Knows
22,63,"son of ""Paraet'Naerhl""","""Gyaibelk"" (carved)",Directed,1,474,Knows
14,63,real Barbeau,"""Gyaibelk"" (carved)",Directed,1,474,Knows of
22,18,"son of ""Paraet'Naerhl""","second ""'Neesyoq"" (Laxgibuu)",Directed,1,474,Knows
63,21,"""Gyaibelk"" (carved)","""Paraet'Naerhl""",Directed,1,474,Knows
23,61,Dennis Wood,"""Sperm Whale (hlpoon)""",Directed,1,475,Knows of
62,22,"""person with ... garment (gyet)""","son of ""Paraet'Naerhl""",Directed,1,475,Knows
14,61,real Barbeau,"""Sperm Whale (hlpoon)""",Directed,1,475,Knows of
22,24,"son of ""Paraet'Naerhl""","""man with sea cockle (kal'own)""",Directed,1,475,Knows
63,61,"""Gyaibelk"" (carved)","""Sperm Whale (hlpoon)""",Directed,1,475,Knows
21,62,"""Paraet'Naerhl""","""person with ... garment (gyet)""",Directed,1,475,Knows
18,21,"second ""'Neesyoq"" (Laxgibuu)","""Paraet'Naerhl""",Directed,1,475,Knows
63,21,"""Gyaibelk"" (carved)","""Paraet'Naerhl""",Directed,1,475,Knows
62,63,"""person with ... garment (gyet)""","""Gyaibelk"" (carved)",Directed,1,475,Knows
17,18,"first ""'Neesyoq"" (Laxgibuu)","second ""'Neesyoq"" (Laxgibuu)",Directed,1,475,Knows
14,18,real Barbeau,"second ""'Neesyoq"" (Laxgibuu)",Directed,1,475,Knows of
14,62,real Barbeau,"""person with ... garment (gyet)""",Directed,1,475,Knows of
23,21,Dennis Wood,"""Paraet'Naerhl""",Directed,1,475,Knows of
61,24,"""Sperm Whale (hlpoon)""","""man with sea cockle (kal'own)""",Directed,1,475,Knows
14,24,real Barbeau,"""man with sea cockle (kal'own)""",Directed,1,475,Knows of
22,62,"son of ""Paraet'Naerhl""","""person with ... garment (gyet)""",Directed,1,475,Knows
24,63,"""man with sea cockle (kal'own)""","""Gyaibelk"" (carved)",Directed,1,475,Knows
14,19,real Barbeau,"""'Neeskyinwaet"" (Laxgibuu)",Directed,1,475,Knows of
61,63,"""Sperm Whale (hlpoon)""","""Gyaibelk"" (carved)",Directed,1,475,Knows
14,22,real Barbeau,"son of ""Paraet'Naerhl""",Directed,1,475,Knows of
21,17,"""Paraet'Naerhl""","first ""'Neesyoq"" (Laxgibuu)",Directed,1,475,Knows of
23,17,Dennis Wood,"first ""'Neesyoq"" (Laxgibuu)",Directed,1,475,Knows of
14,17,real Barbeau,"first ""'Neesyoq"" (Laxgibuu)",Directed,1,475,Knows of
22,17,"son of ""Paraet'Naerhl""","first ""'Neesyoq"" (Laxgibuu)",Directed,1,475,Knows of
24,22,"""man with sea cockle (kal'own)""","son of ""Paraet'Naerhl""",Directed,1,475,Knows
14,21,real Barbeau,"""Paraet'Naerhl""",Directed,1,475,Knows of
23,22,Dennis Wood,"son of ""Paraet'Naerhl""",Directed,1,475,Knows of
23,62,Dennis Wood,"""person with ... garment (gyet)""",Directed,1,475,Knows of
20,14,"Laxgibuu (""Wolf clan"")",real Barbeau,Directed,1,475,Knows
23,14,Dennis Wood,real Barbeau,Directed,1,475,Knows
61,21,"""Sperm Whale (hlpoon)""","""Paraet'Naerhl""",Directed,1,475,Knows
18,22,"second ""'Neesyoq"" (Laxgibuu)","son of ""Paraet'Naerhl""",Directed,1,475,Knows
23,18,Dennis Wood,"second ""'Neesyoq"" (Laxgibuu)",Directed,1,475,Knows of
14,63,real Barbeau,"""Gyaibelk"" (carved)",Directed,1,475,Knows of
63,62,"""Gyaibelk"" (carved)","""person with ... garment (gyet)""",Directed,1,475,Knows
21,61,"""Paraet'Naerhl""","""Sperm Whale (hlpoon)""",Directed,1,475,Knows
24,62,"""man with sea cockle (kal'own)""","""person with ... garment (gyet)""",Directed,1,475,Knows
62,61,"""person with ... garment (gyet)""","""Sperm Whale (hlpoon)""",Directed,1,475,Knows
22,21,"son of ""Paraet'Naerhl""","""Paraet'Naerhl""",Directed,1,475,Knows
24,21,"""man with sea cockle (kal'own)""","""Paraet'Naerhl""",Directed,1,475,Knows
23,24,Dennis Wood,"""man with sea cockle (kal'own)""",Directed,1,475,Knows of
21,24,"""Paraet'Naerhl""","""man with sea cockle (kal'own)""",Directed,1,475,Knows
22,18,"son of ""Paraet'Naerhl""","second ""'Neesyoq"" (Laxgibuu)",Directed,1,475,Knows
21,63,"""Paraet'Naerhl""","""Gyaibelk"" (carved)",Directed,1,475,Knows
22,63,"son of ""Paraet'Naerhl""","""Gyaibelk"" (carved)",Directed,1,475,Knows
63,22,"""Gyaibelk"" (carved)","son of ""Paraet'Naerhl""",Directed,1,475,Knows
63,24,"""Gyaibelk"" (carved)","""man with sea cockle (kal'own)""",Directed,1,475,Knows
23,63,Dennis Wood,"""Gyaibelk"" (carved)",Directed,1,475,Knows of
61,62,"""Sperm Whale (hlpoon)""","""person with ... garment (gyet)""",Directed,1,475,Knows
21,18,"""Paraet'Naerhl""","second ""'Neesyoq"" (Laxgibuu)",Directed,1,475,Knows
24,61,"""man with sea cockle (kal'own)""","""Sperm Whale (hlpoon)""",Directed,1,475,Knows
62,24,"""person with ... garment (gyet)""","""man with sea cockle (kal'own)""",Directed,1,475,Knows
21,22,"""Paraet'Naerhl""","son of ""Paraet'Naerhl""",Directed,1,475,Knows
62,21,"""person with ... garment (gyet)""","""Paraet'Naerhl""",Directed,1,475,Knows
14,23,real Barbeau,Dennis Wood,Directed,1,475,Knows
22,61,"son of ""Paraet'Naerhl""","""Sperm Whale (hlpoon)""",Directed,1,475,Knows
18,17,"second ""'Neesyoq"" (Laxgibuu)","first ""'Neesyoq"" (Laxgibuu)",Directed,1,475,Knows
14,20,real Barbeau,"Laxgibuu (""Wolf clan"")",Directed,1,475,Knows
61,22,"""Sperm Whale (hlpoon)""","son of ""Paraet'Naerhl""",Directed,1,475,Knows
14,24,real Barbeau,"""man with sea cockle (kal'own)""",Directed,1,476,Knows of
61,24,"""Sperm Whale (hlpoon)""","""man with sea cockle (kal'own)""",Directed,1,476,Knows
24,61,"""man with sea cockle (kal'own)""","""Sperm Whale (hlpoon)""",Directed,1,476,Knows
23,21,Dennis Wood,"""Paraet'Naerhl""",Directed,1,476,Knows of
23,63,Dennis Wood,"""Gyaibelk"" (carved)",Directed,1,476,Knows of
24,62,"""man with sea cockle (kal'own)""","""person with ... garment (gyet)""",Directed,1,476,Knows
61,63,"""Sperm Whale (hlpoon)""","""Gyaibelk"" (carved)",Directed,1,476,Knows
21,17,"""Paraet'Naerhl""","first ""'Neesyoq"" (Laxgibuu)",Directed,1,476,Knows of
23,62,Dennis Wood,"""person with ... garment (gyet)""",Directed,1,476,Knows of
14,21,real Barbeau,"""Paraet'Naerhl""",Directed,1,476,Knows of
23,18,Dennis Wood,"second ""'Neesyoq"" (Laxgibuu)",Directed,1,476,Knows of
17,18,"first ""'Neesyoq"" (Laxgibuu)","second ""'Neesyoq"" (Laxgibuu)",Directed,1,476,Knows
21,22,"""Paraet'Naerhl""","son of ""Paraet'Naerhl""",Directed,1,476,Knows
23,14,Dennis Wood,real Barbeau,Directed,1,476,Knows
24,21,"""man with sea cockle (kal'own)""","""Paraet'Naerhl""",Directed,1,476,Knows
14,63,real Barbeau,"""Gyaibelk"" (carved)",Directed,1,476,Knows of
21,18,"""Paraet'Naerhl""","second ""'Neesyoq"" (Laxgibuu)",Directed,1,476,Knows
14,61,real Barbeau,"""Sperm Whale (hlpoon)""",Directed,1,476,Knows of
61,21,"""Sperm Whale (hlpoon)""","""Paraet'Naerhl""",Directed,1,476,Knows
61,62,"""Sperm Whale (hlpoon)""","""person with ... garment (gyet)""",Directed,1,476,Knows
21,63,"""Paraet'Naerhl""","""Gyaibelk"" (carved)",Directed,1,476,Knows
22,21,"son of ""Paraet'Naerhl""","""Paraet'Naerhl""",Directed,1,476,Knows
14,18,real Barbeau,"second ""'Neesyoq"" (Laxgibuu)",Directed,1,476,Knows of
62,24,"""person with ... garment (gyet)""","""man with sea cockle (kal'own)""",Directed,1,476,Knows
21,24,"""Paraet'Naerhl""","""man with sea cockle (kal'own)""",Directed,1,476,Knows
21,61,"""Paraet'Naerhl""","""Sperm Whale (hlpoon)""",Directed,1,476,Knows
14,20,real Barbeau,"Laxgibuu (""Wolf clan"")",Directed,1,476,Knows
62,63,"""person with ... garment (gyet)""","""Gyaibelk"" (carved)",Directed,1,476,Knows
62,61,"""person with ... garment (gyet)""","""Sperm Whale (hlpoon)""",Directed,1,476,Knows
22,18,"son of ""Paraet'Naerhl""","second ""'Neesyoq"" (Laxgibuu)",Directed,1,476,Knows
63,22,"""Gyaibelk"" (carved)","son of ""Paraet'Naerhl""",Directed,1,476,Knows
62,21,"""person with ... garment (gyet)""","""Paraet'Naerhl""",Directed,1,476,Knows
23,24,Dennis Wood,"""man with sea cockle (kal'own)""",Directed,1,476,Knows of
22,62,"son of ""Paraet'Naerhl""","""person with ... garment (gyet)""",Directed,1,476,Knows
63,62,"""Gyaibelk"" (carved)","""person with ... garment (gyet)""",Directed,1,476,Knows
63,24,"""Gyaibelk"" (carved)","""man with sea cockle (kal'own)""",Directed,1,476,Knows
22,63,"son of ""Paraet'Naerhl""","""Gyaibelk"" (carved)",Directed,1,476,Knows
61,22,"""Sperm Whale (hlpoon)""","son of ""Paraet'Naerhl""",Directed,1,476,Knows
22,17,"son of ""Paraet'Naerhl""","first ""'Neesyoq"" (Laxgibuu)",Directed,1,476,Knows of
14,62,real Barbeau,"""person with ... garment (gyet)""",Directed,1,476,Knows of
18,22,"second ""'Neesyoq"" (Laxgibuu)","son of ""Paraet'Naerhl""",Directed,1,476,Knows
63,61,"""Gyaibelk"" (carved)","""Sperm Whale (hlpoon)""",Directed,1,476,Knows
18,17,"second ""'Neesyoq"" (Laxgibuu)","first ""'Neesyoq"" (Laxgibuu)",Directed,1,476,Knows
63,21,"""Gyaibelk"" (carved)","""Paraet'Naerhl""",Directed,1,476,Knows
14,17,real Barbeau,"first ""'Neesyoq"" (Laxgibuu)",Directed,1,476,Knows of
14,23,real Barbeau,Dennis Wood,Directed,1,476,Knows
62,22,"""person with ... garment (gyet)""","son of ""Paraet'Naerhl""",Directed,1,476,Knows
23,22,Dennis Wood,"son of ""Paraet'Naerhl""",Directed,1,476,Knows of
14,19,real Barbeau,"""'Neeskyinwaet"" (Laxgibuu)",Directed,1,476,Knows of
14,22,real Barbeau,"son of ""Paraet'Naerhl""",Directed,1,476,Knows of
24,63,"""man with sea cockle (kal'own)""","""Gyaibelk"" (carved)",Directed,1,476,Knows
20,14,"Laxgibuu (""Wolf clan"")",real Barbeau,Directed,1,476,Knows
18,21,"second ""'Neesyoq"" (Laxgibuu)","""Paraet'Naerhl""",Directed,1,476,Knows
22,24,"son of ""Paraet'Naerhl""","""man with sea cockle (kal'own)""",Directed,1,476,Knows
23,61,Dennis Wood,"""Sperm Whale (hlpoon)""",Directed,1,476,Knows of
23,17,Dennis Wood,"first ""'Neesyoq"" (Laxgibuu)",Directed,1,476,Knows of
24,22,"""man with sea cockle (kal'own)""","son of ""Paraet'Naerhl""",Directed,1,476,Knows
21,62,"""Paraet'Naerhl""","""person with ... garment (gyet)""",Directed,1,476,Knows
22,61,"son of ""Paraet'Naerhl""","""Sperm Whale (hlpoon)""",Directed,1,476,Knows
61,63,"""Sperm Whale (hlpoon)""","""Gyaibelk"" (carved)",Directed,1,477,Knows
61,22,"""Sperm Whale (hlpoon)""","son of ""Paraet'Naerhl""",Directed,1,477,Knows
14,19,real Barbeau,"""'Neeskyinwaet"" (Laxgibuu)",Directed,1,477,Knows of
63,24,"""Gyaibelk"" (carved)","""man with sea cockle (kal'own)""",Directed,1,477,Knows
21,62,"""Paraet'Naerhl""","""person with ... garment (gyet)""",Directed,1,477,Knows
22,63,"son of ""Paraet'Naerhl""","""Gyaibelk"" (carved)",Directed,1,477,Knows
23,24,Dennis Wood,"""man with sea cockle (kal'own)""",Directed,1,477,Knows of
24,63,"""man with sea cockle (kal'own)""","""Gyaibelk"" (carved)",Directed,1,477,Knows
63,62,"""Gyaibelk"" (carved)","""person with ... garment (gyet)""",Directed,1,477,Knows
23,14,Dennis Wood,real Barbeau,Directed,1,477,Knows
61,21,"""Sperm Whale (hlpoon)""","""Paraet'Naerhl""",Directed,1,477,Knows
21,18,"""Paraet'Naerhl""","second ""'Neesyoq"" (Laxgibuu)",Directed,1,477,Knows
14,24,real Barbeau,"""man with sea cockle (kal'own)""",Directed,1,477,Knows of
14,22,real Barbeau,"son of ""Paraet'Naerhl""",Directed,1,477,Knows of
14,63,real Barbeau,"""Gyaibelk"" (carved)",Directed,1,477,Knows of
18,22,"second ""'Neesyoq"" (Laxgibuu)","son of ""Paraet'Naerhl""",Directed,1,477,Knows
14,61,real Barbeau,"""Sperm Whale (hlpoon)""",Directed,1,477,Knows of
22,62,"son of ""Paraet'Naerhl""","""person with ... garment (gyet)""",Directed,1,477,Knows
63,61,"""Gyaibelk"" (carved)","""Sperm Whale (hlpoon)""",Directed,1,477,Knows
23,21,Dennis Wood,"""Paraet'Naerhl""",Directed,1,477,Knows of
23,22,Dennis Wood,"son of ""Paraet'Naerhl""",Directed,1,477,Knows of
22,61,"son of ""Paraet'Naerhl""","""Sperm Whale (hlpoon)""",Directed,1,477,Knows
63,21,"""Gyaibelk"" (carved)","""Paraet'Naerhl""",Directed,1,477,Knows
14,62,real Barbeau,"""person with ... garment (gyet)""",Directed,1,477,Knows of
14,17,real Barbeau,"first ""'Neesyoq"" (Laxgibuu)",Directed,1,477,Knows of
22,17,"son of ""Paraet'Naerhl""","first ""'Neesyoq"" (Laxgibuu)",Directed,1,477,Knows of
23,63,Dennis Wood,"""Gyaibelk"" (carved)",Directed,1,477,Knows of
17,18,"first ""'Neesyoq"" (Laxgibuu)","second ""'Neesyoq"" (Laxgibuu)",Directed,1,477,Knows
20,14,"Laxgibuu (""Wolf clan"")",real Barbeau,Directed,1,477,Knows
14,18,real Barbeau,"second ""'Neesyoq"" (Laxgibuu)",Directed,1,477,Knows of
62,22,"""person with ... garment (gyet)""","son of ""Paraet'Naerhl""",Directed,1,477,Knows
14,23,real Barbeau,Dennis Wood,Directed,1,477,Knows
23,61,Dennis Wood,"""Sperm Whale (hlpoon)""",Directed,1,477,Knows of
62,24,"""person with ... garment (gyet)""","""man with sea cockle (kal'own)""",Directed,1,477,Knows
21,24,"""Paraet'Naerhl""","""man with sea cockle (kal'own)""",Directed,1,477,Knows
21,22,"""Paraet'Naerhl""","son of ""Paraet'Naerhl""",Directed,1,477,Knows
61,24,"""Sperm Whale (hlpoon)""","""man with sea cockle (kal'own)""",Directed,1,477,Knows
23,62,Dennis Wood,"""person with ... garment (gyet)""",Directed,1,477,Knows of
61,62,"""Sperm Whale (hlpoon)""","""person with ... garment (gyet)""",Directed,1,477,Knows
23,18,Dennis Wood,"second ""'Neesyoq"" (Laxgibuu)",Directed,1,477,Knows of
24,62,"""man with sea cockle (kal'own)""","""person with ... garment (gyet)""",Directed,1,477,Knows
21,61,"""Paraet'Naerhl""","""Sperm Whale (hlpoon)""",Directed,1,477,Knows
24,22,"""man with sea cockle (kal'own)""","son of ""Paraet'Naerhl""",Directed,1,477,Knows
24,21,"""man with sea cockle (kal'own)""","""Paraet'Naerhl""",Directed,1,477,Knows
22,21,"son of ""Paraet'Naerhl""","""Paraet'Naerhl""",Directed,1,477,Knows
14,20,real Barbeau,"Laxgibuu (""Wolf clan"")",Directed,1,477,Knows
18,17,"second ""'Neesyoq"" (Laxgibuu)","first ""'Neesyoq"" (Laxgibuu)",Directed,1,477,Knows
18,21,"second ""'Neesyoq"" (Laxgibuu)","""Paraet'Naerhl""",Directed,1,477,Knows
24,61,"""man with sea cockle (kal'own)""","""Sperm Whale (hlpoon)""",Directed,1,477,Knows
62,63,"""person with ... garment (gyet)""","""Gyaibelk"" (carved)",Directed,1,477,Knows
62,61,"""person with ... garment (gyet)""","""Sperm Whale (hlpoon)""",Directed,1,477,Knows
21,17,"""Paraet'Naerhl""","first ""'Neesyoq"" (Laxgibuu)",Directed,1,477,Knows of
22,18,"son of ""Paraet'Naerhl""","second ""'Neesyoq"" (Laxgibuu)",Directed,1,477,Knows
14,21,real Barbeau,"""Paraet'Naerhl""",Directed,1,477,Knows of
62,21,"""person with ... garment (gyet)""","""Paraet'Naerhl""",Directed,1,477,Knows
63,22,"""Gyaibelk"" (carved)","son of ""Paraet'Naerhl""",Directed,1,477,Knows
23,17,Dennis Wood,"first ""'Neesyoq"" (Laxgibuu)",Directed,1,477,Knows of
21,63,"""Paraet'Naerhl""","""Gyaibelk"" (carved)",Directed,1,477,Knows
22,24,"son of ""Paraet'Naerhl""","""man with sea cockle (kal'own)""",Directed,1,477,Knows
18,21,"second ""'Neesyoq"" (Laxgibuu)","""Paraet'Naerhl""",Directed,1,478,Knows
61,63,"""Sperm Whale (hlpoon)""","""Gyaibelk"" (carved)",Directed,1,478,Knows
24,63,"""man with sea cockle (kal'own)""","""Gyaibelk"" (carved)",Directed,1,478,Knows
23,18,Dennis Wood,"second ""'Neesyoq"" (Laxgibuu)",Directed,1,478,Knows of
61,21,"""Sperm Whale (hlpoon)""","""Paraet'Naerhl""",Directed,1,478,Knows
18,22,"second ""'Neesyoq"" (Laxgibuu)","son of ""Paraet'Naerhl""",Directed,1,478,Knows
22,63,"son of ""Paraet'Naerhl""","""Gyaibelk"" (carved)",Directed,1,478,Knows
23,14,Dennis Wood,real Barbeau,Directed,1,478,Knows
62,61,"""person with ... garment (gyet)""","""Sperm Whale (hlpoon)""",Directed,1,478,Knows
22,21,"son of ""Paraet'Naerhl""","""Paraet'Naerhl""",Directed,1,478,Knows
62,24,"""person with ... garment (gyet)""","""man with sea cockle (kal'own)""",Directed,1,478,Knows
62,22,"""person with ... garment (gyet)""","son of ""Paraet'Naerhl""",Directed,1,478,Knows
61,24,"""Sperm Whale (hlpoon)""","""man with sea cockle (kal'own)""",Directed,1,478,Knows
17,18,"first ""'Neesyoq"" (Laxgibuu)","second ""'Neesyoq"" (Laxgibuu)",Directed,1,478,Knows
14,19,real Barbeau,"""'Neeskyinwaet"" (Laxgibuu)",Directed,1,478,Knows of
22,61,"son of ""Paraet'Naerhl""","""Sperm Whale (hlpoon)""",Directed,1,478,Knows
18,17,"second ""'Neesyoq"" (Laxgibuu)","first ""'Neesyoq"" (Laxgibuu)",Directed,1,478,Knows
62,21,"""person with ... garment (gyet)""","""Paraet'Naerhl""",Directed,1,478,Knows
23,63,Dennis Wood,"""Gyaibelk"" (carved)",Directed,1,478,Knows of
14,22,real Barbeau,"son of ""Paraet'Naerhl""",Directed,1,478,Knows of
22,24,"son of ""Paraet'Naerhl""","""man with sea cockle (kal'own)""",Directed,1,478,Knows
24,61,"""man with sea cockle (kal'own)""","""Sperm Whale (hlpoon)""",Directed,1,478,Knows
14,20,real Barbeau,"Laxgibuu (""Wolf clan"")",Directed,1,478,Knows
21,63,"""Paraet'Naerhl""","""Gyaibelk"" (carved)",Directed,1,478,Knows
24,62,"""man with sea cockle (kal'own)""","""person with ... garment (gyet)""",Directed,1,478,Knows
21,61,"""Paraet'Naerhl""","""Sperm Whale (hlpoon)""",Directed,1,478,Knows
23,22,Dennis Wood,"son of ""Paraet'Naerhl""",Directed,1,478,Knows of
21,24,"""Paraet'Naerhl""","""man with sea cockle (kal'own)""",Directed,1,478,Knows
14,23,real Barbeau,Dennis Wood,Directed,1,478,Knows
22,18,"son of ""Paraet'Naerhl""","second ""'Neesyoq"" (Laxgibuu)",Directed,1,478,Knows
20,14,"Laxgibuu (""Wolf clan"")",real Barbeau,Directed,1,478,Knows
23,61,Dennis Wood,"""Sperm Whale (hlpoon)""",Directed,1,478,Knows of
24,22,"""man with sea cockle (kal'own)""","son of ""Paraet'Naerhl""",Directed,1,478,Knows
21,17,"""Paraet'Naerhl""","first ""'Neesyoq"" (Laxgibuu)",Directed,1,478,Knows of
23,17,Dennis Wood,"first ""'Neesyoq"" (Laxgibuu)",Directed,1,478,Knows of
21,62,"""Paraet'Naerhl""","""person with ... garment (gyet)""",Directed,1,478,Knows
14,24,real Barbeau,"""man with sea cockle (kal'own)""",Directed,1,478,Knows of
23,21,Dennis Wood,"""Paraet'Naerhl""",Directed,1,478,Knows of
23,62,Dennis Wood,"""person with ... garment (gyet)""",Directed,1,478,Knows of
14,62,real Barbeau,"""person with ... garment (gyet)""",Directed,1,478,Knows of
21,18,"""Paraet'Naerhl""","second ""'Neesyoq"" (Laxgibuu)",Directed,1,478,Knows
21,22,"""Paraet'Naerhl""","son of ""Paraet'Naerhl""",Directed,1,478,Knows
62,63,"""person with ... garment (gyet)""","""Gyaibelk"" (carved)",Directed,1,478,Knows
24,21,"""man with sea cockle (kal'own)""","""Paraet'Naerhl""",Directed,1,478,Knows
14,21,real Barbeau,"""Paraet'Naerhl""",Directed,1,478,Knows of
14,18,real Barbeau,"second ""'Neesyoq"" (Laxgibuu)",Directed,1,478,Knows of
61,62,"""Sperm Whale (hlpoon)""","""person with ... garment (gyet)""",Directed,1,478,Knows
14,63,real Barbeau,"""Gyaibelk"" (carved)",Directed,1,478,Knows of
22,62,"son of ""Paraet'Naerhl""","""person with ... garment (gyet)""",Directed,1,478,Knows
14,17,real Barbeau,"first ""'Neesyoq"" (Laxgibuu)",Directed,1,478,Knows of
63,21,"""Gyaibelk"" (carved)","""Paraet'Naerhl""",Directed,1,478,Knows
63,22,"""Gyaibelk"" (carved)","son of ""Paraet'Naerhl""",Directed,1,478,Knows
14,61,real Barbeau,"""Sperm Whale (hlpoon)""",Directed,1,478,Knows of
63,61,"""Gyaibelk"" (carved)","""Sperm Whale (hlpoon)""",Directed,1,478,Knows
22,17,"son of ""Paraet'Naerhl""","first ""'Neesyoq"" (Laxgibuu)",Directed,1,478,Knows of
61,22,"""Sperm Whale (hlpoon)""","son of ""Paraet'Naerhl""",Directed,1,478,Knows
63,24,"""Gyaibelk"" (carved)","""man with sea cockle (kal'own)""",Directed,1,478,Knows
23,24,Dennis Wood,"""man with sea cockle (kal'own)""",Directed,1,478,Knows of
63,62,"""Gyaibelk"" (carved)","""person with ... garment (gyet)""",Directed,1,478,Knows
23,61,Dennis Wood,"""Sperm Whale (hlpoon)""",Directed,1,479,Knows of
61,22,"""Sperm Whale (hlpoon)""","son of ""Paraet'Naerhl""",Directed,1,479,Knows
23,18,Dennis Wood,"second ""'Neesyoq"" (Laxgibuu)",Directed,1,479,Knows of
61,62,"""Sperm Whale (hlpoon)""","""person with ... garment (gyet)""",Directed,1,479,Knows
23,24,Dennis Wood,"""man with sea cockle (kal'own)""",Directed,1,479,Knows of
23,21,Dennis Wood,"""Paraet'Naerhl""",Directed,1,479,Knows of
14,63,real Barbeau,"""Gyaibelk"" (carved)",Directed,1,479,Knows of
14,19,real Barbeau,"""'Neeskyinwaet"" (Laxgibuu)",Directed,1,479,Knows of
61,24,"""Sperm Whale (hlpoon)""","""man with sea cockle (kal'own)""",Directed,1,479,Knows
23,22,Dennis Wood,"son of ""Paraet'Naerhl""",Directed,1,479,Knows of
14,24,real Barbeau,"""man with sea cockle (kal'own)""",Directed,1,479,Knows of
24,63,"""man with sea cockle (kal'own)""","""Gyaibelk"" (carved)",Directed,1,479,Knows
62,63,"""person with ... garment (gyet)""","""Gyaibelk"" (carved)",Directed,1,479,Knows
21,62,"""Paraet'Naerhl""","""person with ... garment (gyet)""",Directed,1,479,Knows
22,21,"son of ""Paraet'Naerhl""","""Paraet'Naerhl""",Directed,1,479,Knows
23,17,Dennis Wood,"first ""'Neesyoq"" (Laxgibuu)",Directed,1,479,Knows of
24,22,"""man with sea cockle (kal'own)""","son of ""Paraet'Naerhl""",Directed,1,479,Knows
63,61,"""Gyaibelk"" (carved)","""Sperm Whale (hlpoon)""",Directed,1,479,Knows
22,17,"son of ""Paraet'Naerhl""","first ""'Neesyoq"" (Laxgibuu)",Directed,1,479,Knows of
18,17,"second ""'Neesyoq"" (Laxgibuu)","first ""'Neesyoq"" (Laxgibuu)",Directed,1,479,Knows
18,22,"second ""'Neesyoq"" (Laxgibuu)","son of ""Paraet'Naerhl""",Directed,1,479,Knows
62,61,"""person with ... garment (gyet)""","""Sperm Whale (hlpoon)""",Directed,1,479,Knows
62,21,"""person with ... garment (gyet)""","""Paraet'Naerhl""",Directed,1,479,Knows
20,14,"Laxgibuu (""Wolf clan"")",real Barbeau,Directed,1,479,Knows
14,23,real Barbeau,Dennis Wood,Directed,1,479,Knows
21,24,"""Paraet'Naerhl""","""man with sea cockle (kal'own)""",Directed,1,479,Knows
21,61,"""Paraet'Naerhl""","""Sperm Whale (hlpoon)""",Directed,1,479,Knows
21,63,"""Paraet'Naerhl""","""Gyaibelk"" (carved)",Directed,1,479,Knows
14,20,real Barbeau,"Laxgibuu (""Wolf clan"")",Directed,1,479,Knows
22,18,"son of ""Paraet'Naerhl""","second ""'Neesyoq"" (Laxgibuu)",Directed,1,479,Knows
63,22,"""Gyaibelk"" (carved)","son of ""Paraet'Naerhl""",Directed,1,479,Knows
63,62,"""Gyaibelk"" (carved)","""person with ... garment (gyet)""",Directed,1,479,Knows
22,61,"son of ""Paraet'Naerhl""","""Sperm Whale (hlpoon)""",Directed,1,479,Knows
63,24,"""Gyaibelk"" (carved)","""man with sea cockle (kal'own)""",Directed,1,479,Knows
22,63,"son of ""Paraet'Naerhl""","""Gyaibelk"" (carved)",Directed,1,479,Knows
62,24,"""person with ... garment (gyet)""","""man with sea cockle (kal'own)""",Directed,1,479,Knows
14,62,real Barbeau,"""person with ... garment (gyet)""",Directed,1,479,Knows of
21,17,"""Paraet'Naerhl""","first ""'Neesyoq"" (Laxgibuu)",Directed,1,479,Knows of
17,18,"first ""'Neesyoq"" (Laxgibuu)","second ""'Neesyoq"" (Laxgibuu)",Directed,1,479,Knows
18,21,"second ""'Neesyoq"" (Laxgibuu)","""Paraet'Naerhl""",Directed,1,479,Knows
23,14,Dennis Wood,real Barbeau,Directed,1,479,Knows
61,21,"""Sperm Whale (hlpoon)""","""Paraet'Naerhl""",Directed,1,479,Knows
61,63,"""Sperm Whale (hlpoon)""","""Gyaibelk"" (carved)",Directed,1,479,Knows
14,21,real Barbeau,"""Paraet'Naerhl""",Directed,1,479,Knows of
22,24,"son of ""Paraet'Naerhl""","""man with sea cockle (kal'own)""",Directed,1,479,Knows
62,22,"""person with ... garment (gyet)""","son of ""Paraet'Naerhl""",Directed,1,479,Knows
14,22,real Barbeau,"son of ""Paraet'Naerhl""",Directed,1,479,Knows of
14,18,real Barbeau,"second ""'Neesyoq"" (Laxgibuu)",Directed,1,479,Knows of
23,62,Dennis Wood,"""person with ... garment (gyet)""",Directed,1,479,Knows of
22,62,"son of ""Paraet'Naerhl""","""person with ... garment (gyet)""",Directed,1,479,Knows
63,21,"""Gyaibelk"" (carved)","""Paraet'Naerhl""",Directed,1,479,Knows
23,63,Dennis Wood,"""Gyaibelk"" (carved)",Directed,1,479,Knows of
14,61,real Barbeau,"""Sperm Whale (hlpoon)""",Directed,1,479,Knows of
21,22,"""Paraet'Naerhl""","son of ""Paraet'Naerhl""",Directed,1,479,Knows
24,21,"""man with sea cockle (kal'own)""","""Paraet'Naerhl""",Directed,1,479,Knows
24,61,"""man with sea cockle (kal'own)""","""Sperm Whale (hlpoon)""",Directed,1,479,Knows
24,62,"""man with sea cockle (kal'own)""","""person with ... garment (gyet)""",Directed,1,479,Knows
21,18,"""Paraet'Naerhl""","second ""'Neesyoq"" (Laxgibuu)",Directed,1,479,Knows
14,17,real Barbeau,"first ""'Neesyoq"" (Laxgibuu)",Directed,1,479,Knows of
1,62,speaker Abel,"""person with ... garment (gyet)""",Directed,1,490,Knows
1,63,speaker Abel,"""Gyaibelk"" (carved)",Directed,1,490,Knows
1,61,speaker Abel,"""Sperm Whale (hlpoon)""",Directed,1,490,Knows
1,24,speaker Abel,"""man with sea cockle (kal'own)""",Directed,1,490,Knows
1,24,speaker Abel,"""man with sea cockle (kal'own)""",Directed,1,491,Knows
1,62,speaker Abel,"""person with ... garment (gyet)""",Directed,1,491,Knows
1,63,speaker Abel,"""Gyaibelk"" (carved)",Directed,1,491,Knows
1,61,speaker Abel,"""Sperm Whale (hlpoon)""",Directed,1,491,Knows
1,62,speaker Abel,"""person with ... garment (gyet)""",Directed,1,492,Knows
1,63,speaker Abel,"""Gyaibelk"" (carved)",Directed,1,492,Knows
1,61,speaker Abel,"""Sperm Whale (hlpoon)""",Directed,1,492,Knows
1,24,speaker Abel,"""man with sea cockle (kal'own)""",Directed,1,492,Knows
1,62,speaker Abel,"""person with ... garment (gyet)""",Directed,1,493,Knows
1,63,speaker Abel,"""Gyaibelk"" (carved)",Directed,1,493,Knows
1,24,speaker Abel,"""man with sea cockle (kal'own)""",Directed,1,493,Knows
1,61,speaker Abel,"""Sperm Whale (hlpoon)""",Directed,1,493,Knows
1,61,speaker Abel,"""Sperm Whale (hlpoon)""",Directed,1,494,Knows
1,62,speaker Abel,"""person with ... garment (gyet)""",Directed,1,494,Knows
1,24,speaker Abel,"""man with sea cockle (kal'own)""",Directed,1,494,Knows
1,63,speaker Abel,"""Gyaibelk"" (carved)",Directed,1,494,Knows
1,24,speaker Abel,"""man with sea cockle (kal'own)""",Directed,1,495,Knows
1,63,speaker Abel,"""Gyaibelk"" (carved)",Directed,1,495,Knows
1,62,speaker Abel,"""person with ... garment (gyet)""",Directed,1,495,Knows
1,61,speaker Abel,"""Sperm Whale (hlpoon)""",Directed,1,495,Knows
1,62,speaker Abel,"""person with ... garment (gyet)""",Directed,1,496,Knows
1,61,speaker Abel,"""Sperm Whale (hlpoon)""",Directed,1,496,Knows
1,24,speaker Abel,"""man with sea cockle (kal'own)""",Directed,1,496,Knows
1,63,speaker Abel,"""Gyaibelk"" (carved)",Directed,1,496,Knows
1,24,speaker Abel,"""man with sea cockle (kal'own)""",Directed,1,497,Knows
1,61,speaker Abel,"""Sperm Whale (hlpoon)""",Directed,1,497,Knows
1,62,speaker Abel,"""person with ... garment (gyet)""",Directed,1,497,Knows
1,63,speaker Abel,"""Gyaibelk"" (carved)",Directed,1,497,Knows
1,24,speaker Abel,"""man with sea cockle (kal'own)""",Directed,1,498,Knows
1,63,speaker Abel,"""Gyaibelk"" (carved)",Directed,1,498,Knows
1,61,speaker Abel,"""Sperm Whale (hlpoon)""",Directed,1,498,Knows
1,62,speaker Abel,"""person with ... garment (gyet)""",Directed,1,498,Knows
1,62,speaker Abel,"""person with ... garment (gyet)""",Directed,1,499,Knows
1,63,speaker Abel,"""Gyaibelk"" (carved)",Directed,1,499,Knows
1,24,speaker Abel,"""man with sea cockle (kal'own)""",Directed,1,499,Knows
1,61,speaker Abel,"""Sperm Whale (hlpoon)""",Directed,1,499,Knows
23,64,Dennis Wood,man on a Nass River pole,Directed,1,550,Knows
64,65,man on a Nass River pole,a Nass River pole,Directed,1,550,Knows
23,65,Dennis Wood,a Nass River pole,Directed,1,550,Knows
23,15,Dennis Wood,fictional Barbeau,Directed,1,550,Exchange
65,64,a Nass River pole,man on a Nass River pole,Directed,1,550,Knows
65,15,a Nass River pole,fictional Barbeau,Directed,1,550,Knows
65,23,a Nass River pole,Dennis Wood,Directed,1,550,Knows
15,23,fictional Barbeau,Dennis Wood,Directed,1,550,Exchange
15,65,fictional Barbeau,a Nass River pole,Directed,1,550,Knows
15,64,fictional Barbeau,man on a Nass River pole,Directed,1,550,Knows
64,65,man on a Nass River pole,a Nass River pole,Directed,1,551,Knows
15,65,fictional Barbeau,a Nass River pole,Directed,1,551,Knows
23,15,Dennis Wood,fictional Barbeau,Directed,1,551,Exchange
65,23,a Nass River pole,Dennis Wood,Directed,1,551,Knows
65,15,a Nass River pole,fictional Barbeau,Directed,1,551,Knows
15,64,fictional Barbeau,man on a Nass River pole,Directed,1,551,Knows
15,23,fictional Barbeau,Dennis Wood,Directed,1,551,Exchange
23,65,Dennis Wood,a Nass River pole,Directed,1,551,Knows
65,64,a Nass River pole,man on a Nass River pole,Directed,1,551,Knows
23,64,Dennis Wood,man on a Nass River pole,Directed,1,551,Knows
23,65,Dennis Wood,a Nass River pole,Directed,1,552,Knows
23,15,Dennis Wood,fictional Barbeau,Directed,1,552,Exchange
64,65,man on a Nass River pole,a Nass River pole,Directed,1,552,Knows
65,23,a Nass River pole,Dennis Wood,Directed,1,552,Knows
65,64,a Nass River pole,man on a Nass River pole,Directed,1,552,Knows
65,15,a Nass River pole,fictional Barbeau,Directed,1,552,Knows
15,65,fictional Barbeau,a Nass River pole,Directed,1,552,Knows
23,64,Dennis Wood,man on a Nass River pole,Directed,1,552,Knows
15,64,fictional Barbeau,man on a Nass River pole,Directed,1,552,Knows
15,23,fictional Barbeau,Dennis Wood,Directed,1,552,Exchange
23,64,Dennis Wood,man on a Nass River pole,Directed,1,553,Knows
65,23,a Nass River pole,Dennis Wood,Directed,1,553,Knows
15,23,fictional Barbeau,Dennis Wood,Directed,1,553,Exchange
23,15,Dennis Wood,fictional Barbeau,Directed,1,553,Exchange
15,65,fictional Barbeau,a Nass River pole,Directed,1,553,Knows
23,65,Dennis Wood,a Nass River pole,Directed,1,553,Knows
15,64,fictional Barbeau,man on a Nass River pole,Directed,1,553,Knows
65,15,a Nass River pole,fictional Barbeau,Directed,1,553,Knows
64,65,man on a Nass River pole,a Nass River pole,Directed,1,553,Knows
65,64,a Nass River pole,man on a Nass River pole,Directed,1,553,Knows
65,15,a Nass River pole,fictional Barbeau,Directed,1,554,Knows
23,65,Dennis Wood,a Nass River pole,Directed,1,554,Knows
15,23,fictional Barbeau,Dennis Wood,Directed,1,554,Exchange
64,65,man on a Nass River pole,a Nass River pole,Directed,1,554,Knows
15,64,fictional Barbeau,man on a Nass River pole,Directed,1,554,Knows
65,64,a Nass River pole,man on a Nass River pole,Directed,1,554,Knows
15,65,fictional Barbeau,a Nass River pole,Directed,1,554,Knows
23,64,Dennis Wood,man on a Nass River pole,Directed,1,554,Knows
23,15,Dennis Wood,fictional Barbeau,Directed,1,554,Exchange
65,23,a Nass River pole,Dennis Wood,Directed,1,554,Knows
65,15,a Nass River pole,fictional Barbeau,Directed,1,555,Knows
15,65,fictional Barbeau,a Nass River pole,Directed,1,555,Knows
23,65,Dennis Wood,a Nass River pole,Directed,1,555,Knows
15,64,fictional Barbeau,man on a Nass River pole,Directed,1,555,Knows
23,15,Dennis Wood,fictional Barbeau,Directed,1,555,Exchange
15,23,fictional Barbeau,Dennis Wood,Directed,1,555,Exchange
23,64,Dennis Wood,man on a Nass River pole,Directed,1,555,Knows
64,65,man on a Nass River pole,a Nass River pole,Directed,1,555,Knows
65,64,a Nass River pole,man on a Nass River pole,Directed,1,555,Knows
65,23,a Nass River pole,Dennis Wood,Directed,1,555,Knows
15,64,fictional Barbeau,man on a Nass River pole,Directed,1,556,Knows
15,65,fictional Barbeau,a Nass River pole,Directed,1,556,Knows
15,23,fictional Barbeau,Dennis Wood,Directed,1,556,Exchange
65,23,a Nass River pole,Dennis Wood,Directed,1,556,Knows
64,65,man on a Nass River pole,a Nass River pole,Directed,1,556,Knows
23,64,Dennis Wood,man on a Nass River pole,Directed,1,556,Knows
65,64,a Nass River pole,man on a Nass River pole,Directed,1,556,Knows
65,15,a Nass River pole,fictional Barbeau,Directed,1,556,Knows
23,15,Dennis Wood,fictional Barbeau,Directed,1,556,Exchange
23,65,Dennis Wood,a Nass River pole,Directed,1,556,Knows
23,65,Dennis Wood,a Nass River pole,Directed,1,557,Knows
65,64,a Nass River pole,man on a Nass River pole,Directed,1,557,Knows
23,15,Dennis Wood,fictional Barbeau,Directed,1,557,Exchange
64,65,man on a Nass River pole,a Nass River pole,Directed,1,557,Knows
23,64,Dennis Wood,man on a Nass River pole,Directed,1,557,Knows
65,15,a Nass River pole,fictional Barbeau,Directed,1,557,Knows
65,23,a Nass River pole,Dennis Wood,Directed,1,557,Knows
15,23,fictional Barbeau,Dennis Wood,Directed,1,557,Exchange
15,64,fictional Barbeau,man on a Nass River pole,Directed,1,557,Knows
15,65,fictional Barbeau,a Nass River pole,Directed,1,557,Knows
23,15,Dennis Wood,fictional Barbeau,Directed,1,558,Exchange
23,65,Dennis Wood,a Nass River pole,Directed,1,558,Knows
15,64,fictional Barbeau,man on a Nass River pole,Directed,1,558,Knows
65,23,a Nass River pole,Dennis Wood,Directed,1,558,Knows
65,64,a Nass River pole,man on a Nass River pole,Directed,1,558,Knows
64,65,man on a Nass River pole,a Nass River pole,Directed,1,558,Knows
65,15,a Nass River pole,fictional Barbeau,Directed,1,558,Knows
15,65,fictional Barbeau,a Nass River pole,Directed,1,558,Knows
23,64,Dennis Wood,man on a Nass River pole,Directed,1,558,Knows
15,23,fictional Barbeau,Dennis Wood,Directed,1,558,Exchange
65,64,a Nass River pole,man on a Nass River pole,Directed,1,559,Knows
65,15,a Nass River pole,fictional Barbeau,Directed,1,559,Knows
65,23,a Nass River pole,Dennis Wood,Directed,1,559,Knows
15,65,fictional Barbeau,a Nass River pole,Directed,1,559,Knows
23,64,Dennis Wood,man on a Nass River pole,Directed,1,559,Knows
15,64,fictional Barbeau,man on a Nass River pole,Directed,1,559,Knows
23,65,Dennis Wood,a Nass River pole,Directed,1,559,Knows
15,23,fictional Barbeau,Dennis Wood,Directed,1,559,Exchange
64,65,man on a Nass River pole,a Nass River pole,Directed,1,559,Knows
23,15,Dennis Wood,fictional Barbeau,Directed,1,559,Exchange
60,1,collage photos,speaker Abel,Directed,1,570,Knows
1,60,speaker Abel,collage photos,Directed,1,570,Knows
60,1,collage photos,speaker Abel,Directed,1,571,Knows
1,60,speaker Abel,collage photos,Directed,1,571,Knows
60,1,collage photos,speaker Abel,Directed,1,572,Knows
1,60,speaker Abel,collage photos,Directed,1,572,Knows
60,1,collage photos,speaker Abel,Directed,1,573,Knows
1,60,speaker Abel,collage photos,Directed,1,573,Knows
16,14,biographical Abel,real Barbeau,Directed,1,590,Knows
66,58,child Abel,Pole of Sagaween,Directed,1,590,Knows of
66,25,child Abel,Jordan Abel's mother,Directed,1,590,Knows
25,16,Jordan Abel's mother,biographical Abel,Directed,1,590,Knows
14,2,real Barbeau,Sagaween (Laxsgiik),Directed,1,590,Knows
58,2,Pole of Sagaween,Sagaween (Laxsgiik),Directed,1,590,Knows
16,58,biographical Abel,Pole of Sagaween,Directed,1,590,Knows
58,16,Pole of Sagaween,biographical Abel,Directed,1,590,Knows
16,25,biographical Abel,Jordan Abel's mother,Directed,1,590,Knows
58,66,Pole of Sagaween,child Abel,Directed,1,590,Knows of
16,2,biographical Abel,Sagaween (Laxsgiik),Directed,1,590,Knows
58,14,Pole of Sagaween,real Barbeau,Directed,1,590,Knows
25,66,Jordan Abel's mother,child Abel,Directed,1,590,Knows
2,58,Sagaween (Laxsgiik),Pole of Sagaween,Directed,1,590,Knows
14,58,real Barbeau,Pole of Sagaween,Directed,1,590,Knows
16,66,biographical Abel,child Abel,Directed,1,590,Knows
58,14,Pole of Sagaween,real Barbeau,Directed,1,591,Knows
58,16,Pole of Sagaween,biographical Abel,Directed,1,591,Knows
16,66,biographical Abel,child Abel,Directed,1,591,Knows
16,58,biographical Abel,Pole of Sagaween,Directed,1,591,Knows
25,16,Jordan Abel's mother,biographical Abel,Directed,1,591,Knows
16,14,biographical Abel,real Barbeau,Directed,1,591,Knows
66,58,child Abel,Pole of Sagaween,Directed,1,591,Knows of
16,2,biographical Abel,Sagaween (Laxsgiik),Directed,1,591,Knows
25,66,Jordan Abel's mother,child Abel,Directed,1,591,Knows
66,25,child Abel,Jordan Abel's mother,Directed,1,591,Knows
58,2,Pole of Sagaween,Sagaween (Laxsgiik),Directed,1,591,Knows
2,58,Sagaween (Laxsgiik),Pole of Sagaween,Directed,1,591,Knows
16,25,biographical Abel,Jordan Abel's mother,Directed,1,591,Knows
14,2,real Barbeau,Sagaween (Laxsgiik),Directed,1,591,Knows
58,66,Pole of Sagaween,child Abel,Directed,1,591,Knows of
14,58,real Barbeau,Pole of Sagaween,Directed,1,591,Knows
16,66,biographical Abel,child Abel,Directed,1,592,Knows
58,66,Pole of Sagaween,child Abel,Directed,1,592,Knows of
14,58,real Barbeau,Pole of Sagaween,Directed,1,592,Knows
16,25,biographical Abel,Jordan Abel's mother,Directed,1,592,Knows
58,16,Pole of Sagaween,biographical Abel,Directed,1,592,Knows
66,58,child Abel,Pole of Sagaween,Directed,1,592,Knows of
14,2,real Barbeau,Sagaween (Laxsgiik),Directed,1,592,Knows
16,58,biographical Abel,Pole of Sagaween,Directed,1,592,Knows
16,14,biographical Abel,real Barbeau,Directed,1,592,Knows
25,66,Jordan Abel's mother,child Abel,Directed,1,592,Knows
58,14,Pole of Sagaween,real Barbeau,Directed,1,592,Knows
58,2,Pole of Sagaween,Sagaween (Laxsgiik),Directed,1,592,Knows
2,58,Sagaween (Laxsgiik),Pole of Sagaween,Directed,1,592,Knows
66,25,child Abel,Jordan Abel's mother,Directed,1,592,Knows
16,2,biographical Abel,Sagaween (Laxsgiik),Directed,1,592,Knows
25,16,Jordan Abel's mother,biographical Abel,Directed,1,592,Knows
16,25,biographical Abel,Jordan Abel's mother,Directed,1,593,Knows
58,2,Pole of Sagaween,Sagaween (Laxsgiik),Directed,1,593,Knows
16,58,biographical Abel,Pole of Sagaween,Directed,1,593,Knows
66,25,child Abel,Jordan Abel's mother,Directed,1,593,Knows
58,66,Pole of Sagaween,child Abel,Directed,1,593,Knows of
16,66,biographical Abel,child Abel,Directed,1,593,Knows
14,58,real Barbeau,Pole of Sagaween,Directed,1,593,Knows
25,66,Jordan Abel's mother,child Abel,Directed,1,593,Knows
16,14,biographical Abel,real Barbeau,Directed,1,593,Knows
16,2,biographical Abel,Sagaween (Laxsgiik),Directed,1,593,Knows
58,14,Pole of Sagaween,real Barbeau,Directed,1,593,Knows
25,16,Jordan Abel's mother,biographical Abel,Directed,1,593,Knows
2,58,Sagaween (Laxsgiik),Pole of Sagaween,Directed,1,593,Knows
66,58,child Abel,Pole of Sagaween,Directed,1,593,Knows of
58,16,Pole of Sagaween,biographical Abel,Directed,1,593,Knows
14,2,real Barbeau,Sagaween (Laxsgiik),Directed,1,593,Knows
14,58,real Barbeau,Pole of Sagaween,Directed,1,594,Knows
25,66,Jordan Abel's mother,child Abel,Directed,1,594,Knows
16,25,biographical Abel,Jordan Abel's mother,Directed,1,594,Knows
25,16,Jordan Abel's mother,biographical Abel,Directed,1,594,Knows
2,58,Sagaween (Laxsgiik),Pole of Sagaween,Directed,1,594,Knows
16,58,biographical Abel,Pole of Sagaween,Directed,1,594,Knows
16,14,biographical Abel,real Barbeau,Directed,1,594,Knows
58,14,Pole of Sagaween,real Barbeau,Directed,1,594,Knows
58,66,Pole of Sagaween,child Abel,Directed,1,594,Knows of
66,58,child Abel,Pole of Sagaween,Directed,1,594,Knows of
16,2,biographical Abel,Sagaween (Laxsgiik),Directed,1,594,Knows
58,16,Pole of Sagaween,biographical Abel,Directed,1,594,Knows
14,2,real Barbeau,Sagaween (Laxsgiik),Directed,1,594,Knows
58,2,Pole of Sagaween,Sagaween (Laxsgiik),Directed,1,594,Knows
16,66,biographical Abel,child Abel,Directed,1,594,Knows
66,25,child Abel,Jordan Abel's mother,Directed,1,594,Knows
25,16,Jordan Abel's mother,biographical Abel,Directed,1,595,Knows
66,25,child Abel,Jordan Abel's mother,Directed,1,595,Knows
66,58,child Abel,Pole of Sagaween,Directed,1,595,Knows of
58,14,Pole of Sagaween,real Barbeau,Directed,1,595,Knows
16,2,biographical Abel,Sagaween (Laxsgiik),Directed,1,595,Knows
16,66,biographical Abel,child Abel,Directed,1,595,Knows
2,58,Sagaween (Laxsgiik),Pole of Sagaween,Directed,1,595,Knows
14,2,real Barbeau,Sagaween (Laxsgiik),Directed,1,595,Knows
25,66,Jordan Abel's mother,child Abel,Directed,1,595,Knows
16,25,biographical Abel,Jordan Abel's mother,Directed,1,595,Knows
58,66,Pole of Sagaween,child Abel,Directed,1,595,Knows of
58,2,Pole of Sagaween,Sagaween (Laxsgiik),Directed,1,595,Knows
16,58,biographical Abel,Pole of Sagaween,Directed,1,595,Knows
58,16,Pole of Sagaween,biographical Abel,Directed,1,595,Knows
14,58,real Barbeau,Pole of Sagaween,Directed,1,595,Knows
16,14,biographical Abel,real Barbeau,Directed,1,595,Knows
14,2,real Barbeau,Sagaween (Laxsgiik),Directed,1,596,Knows
66,25,child Abel,Jordan Abel's mother,Directed,1,596,Knows
58,2,Pole of Sagaween,Sagaween (Laxsgiik),Directed,1,596,Knows
14,58,real Barbeau,Pole of Sagaween,Directed,1,596,Knows
66,58,child Abel,Pole of Sagaween,Directed,1,596,Knows of
58,14,Pole of Sagaween,real Barbeau,Directed,1,596,Knows
58,16,Pole of Sagaween,biographical Abel,Directed,1,596,Knows
58,66,Pole of Sagaween,child Abel,Directed,1,596,Knows of
25,66,Jordan Abel's mother,child Abel,Directed,1,596,Knows
2,58,Sagaween (Laxsgiik),Pole of Sagaween,Directed,1,596,Knows
16,66,biographical Abel,child Abel,Directed,1,596,Knows
25,16,Jordan Abel's mother,biographical Abel,Directed,1,596,Knows
16,14,biographical Abel,real Barbeau,Directed,1,596,Knows
16,25,biographical Abel,Jordan Abel's mother,Directed,1,596,Knows
16,2,biographical Abel,Sagaween (Laxsgiik),Directed,1,596,Knows
16,58,biographical Abel,Pole of Sagaween,Directed,1,596,Knows
25,66,Jordan Abel's mother,child Abel,Directed,1,597,Knows
14,2,real Barbeau,Sagaween (Laxsgiik),Directed,1,597,Knows
16,58,biographical Abel,Pole of Sagaween,Directed,1,597,Knows
58,16,Pole of Sagaween,biographical Abel,Directed,1,597,Knows
25,16,Jordan Abel's mother,biographical Abel,Directed,1,597,Knows
16,66,biographical Abel,child Abel,Directed,1,597,Knows
58,66,Pole of Sagaween,child Abel,Directed,1,597,Knows of
66,25,child Abel,Jordan Abel's mother,Directed,1,597,Knows
16,25,biographical Abel,Jordan Abel's mother,Directed,1,597,Knows
58,2,Pole of Sagaween,Sagaween (Laxsgiik),Directed,1,597,Knows
2,58,Sagaween (Laxsgiik),Pole of Sagaween,Directed,1,597,Knows
16,2,biographical Abel,Sagaween (Laxsgiik),Directed,1,597,Knows
14,58,real Barbeau,Pole of Sagaween,Directed,1,597,Knows
66,58,child Abel,Pole of Sagaween,Directed,1,597,Knows of
58,14,Pole of Sagaween,real Barbeau,Directed,1,597,Knows
16,14,biographical Abel,real Barbeau,Directed,1,597,Knows
25,66,Jordan Abel's mother,child Abel,Directed,1,598,Knows
16,25,biographical Abel,Jordan Abel's mother,Directed,1,598,Knows
14,58,real Barbeau,Pole of Sagaween,Directed,1,598,Knows
58,16,Pole of Sagaween,biographical Abel,Directed,1,598,Knows
58,2,Pole of Sagaween,Sagaween (Laxsgiik),Directed,1,598,Knows
16,58,biographical Abel,Pole of Sagaween,Directed,1,598,Knows
16,14,biographical Abel,real Barbeau,Directed,1,598,Knows
58,66,Pole of Sagaween,child Abel,Directed,1,598,Knows of
16,2,biographical Abel,Sagaween (Laxsgiik),Directed,1,598,Knows
66,58,child Abel,Pole of Sagaween,Directed,1,598,Knows of
66,25,child Abel,Jordan Abel's mother,Directed,1,598,Knows
16,66,biographical Abel,child Abel,Directed,1,598,Knows
14,2,real Barbeau,Sagaween (Laxsgiik),Directed,1,598,Knows
2,58,Sagaween (Laxsgiik),Pole of Sagaween,Directed,1,598,Knows
58,14,Pole of Sagaween,real Barbeau,Directed,1,598,Knows
25,16,Jordan Abel's mother,biographical Abel,Directed,1,598,Knows
25,16,Jordan Abel's mother,biographical Abel,Directed,1,599,Knows
16,14,biographical Abel,real Barbeau,Directed,1,599,Knows
58,66,Pole of Sagaween,child Abel,Directed,1,599,Knows of
58,14,Pole of Sagaween,real Barbeau,Directed,1,599,Knows
14,2,real Barbeau,Sagaween (Laxsgiik),Directed,1,599,Knows
2,58,Sagaween (Laxsgiik),Pole of Sagaween,Directed,1,599,Knows
16,2,biographical Abel,Sagaween (Laxsgiik),Directed,1,599,Knows
16,58,biographical Abel,Pole of Sagaween,Directed,1,599,Knows
66,58,child Abel,Pole of Sagaween,Directed,1,599,Knows of
58,2,Pole of Sagaween,Sagaween (Laxsgiik),Directed,1,599,Knows
16,25,biographical Abel,Jordan Abel's mother,Directed,1,599,Knows
66,25,child Abel,Jordan Abel's mother,Directed,1,599,Knows
16,66,biographical Abel,child Abel,Directed,1,599,Knows
14,58,real Barbeau,Pole of Sagaween,Directed,1,599,Knows
58,16,Pole of Sagaween,biographical Abel,Directed,1,599,Knows
25,66,Jordan Abel's mother,child Abel,Directed,1,599,Knows
25,16,Jordan Abel's mother,biographical Abel,Directed,1,630,Exchange
26,16,Jordan Abel's family,biographical Abel,Directed,1,630,Exchange
58,2,Pole of Sagaween,Sagaween (Laxsgiik),Directed,1,630,Knows
25,26,Jordan Abel's mother,Jordan Abel's family,Directed,1,630,Knows
16,58,biographical Abel,Pole of Sagaween,Directed,1,630,Knows of
58,25,Pole of Sagaween,Jordan Abel's mother,Directed,1,630,Knows
25,2,Jordan Abel's mother,Sagaween (Laxsgiik),Directed,1,630,Knows of
2,58,Sagaween (Laxsgiik),Pole of Sagaween,Directed,1,630,Knows
16,26,biographical Abel,Jordan Abel's family,Directed,1,630,Exchange
16,2,biographical Abel,Sagaween (Laxsgiik),Directed,1,630,Knows of
25,58,Jordan Abel's mother,Pole of Sagaween,Directed,1,630,Knows
16,25,biographical Abel,Jordan Abel's mother,Directed,1,630,Exchange
26,25,Jordan Abel's family,Jordan Abel's mother,Directed,1,630,Knows
16,25,biographical Abel,Jordan Abel's mother,Directed,1,631,Exchange
16,26,biographical Abel,Jordan Abel's family,Directed,1,631,Exchange
58,25,Pole of Sagaween,Jordan Abel's mother,Directed,1,631,Knows
25,26,Jordan Abel's mother,Jordan Abel's family,Directed,1,631,Knows
58,2,Pole of Sagaween,Sagaween (Laxsgiik),Directed,1,631,Knows
16,58,biographical Abel,Pole of Sagaween,Directed,1,631,Knows of
26,16,Jordan Abel's family,biographical Abel,Directed,1,631,Exchange
25,2,Jordan Abel's mother,Sagaween (Laxsgiik),Directed,1,631,Knows of
2,58,Sagaween (Laxsgiik),Pole of Sagaween,Directed,1,631,Knows
25,58,Jordan Abel's mother,Pole of Sagaween,Directed,1,631,Knows
16,2,biographical Abel,Sagaween (Laxsgiik),Directed,1,631,Knows of
25,16,Jordan Abel's mother,biographical Abel,Directed,1,631,Exchange
26,25,Jordan Abel's family,Jordan Abel's mother,Directed,1,631,Knows
58,2,Pole of Sagaween,Sagaween (Laxsgiik),Directed,1,632,Knows
25,2,Jordan Abel's mother,Sagaween (Laxsgiik),Directed,1,632,Knows of
58,25,Pole of Sagaween,Jordan Abel's mother,Directed,1,632,Knows
25,58,Jordan Abel's mother,Pole of Sagaween,Directed,1,632,Knows
16,25,biographical Abel,Jordan Abel's mother,Directed,1,632,Exchange
16,2,biographical Abel,Sagaween (Laxsgiik),Directed,1,632,Knows of
16,58,biographical Abel,Pole of Sagaween,Directed,1,632,Knows of
25,26,Jordan Abel's mother,Jordan Abel's family,Directed,1,632,Knows
2,58,Sagaween (Laxsgiik),Pole of Sagaween,Directed,1,632,Knows
25,16,Jordan Abel's mother,biographical Abel,Directed,1,632,Exchange
26,16,Jordan Abel's family,biographical Abel,Directed,1,632,Exchange
26,25,Jordan Abel's family,Jordan Abel's mother,Directed,1,632,Knows
16,26,biographical Abel,Jordan Abel's family,Directed,1,632,Exchange
16,58,biographical Abel,Pole of Sagaween,Directed,1,633,Knows of
25,58,Jordan Abel's mother,Pole of Sagaween,Directed,1,633,Knows
2,58,Sagaween (Laxsgiik),Pole of Sagaween,Directed,1,633,Knows
26,16,Jordan Abel's family,biographical Abel,Directed,1,633,Exchange
16,2,biographical Abel,Sagaween (Laxsgiik),Directed,1,633,Knows of
25,2,Jordan Abel's mother,Sagaween (Laxsgiik),Directed,1,633,Knows of
26,25,Jordan Abel's family,Jordan Abel's mother,Directed,1,633,Knows
25,16,Jordan Abel's mother,biographical Abel,Directed,1,633,Exchange
16,25,biographical Abel,Jordan Abel's mother,Directed,1,633,Exchange
58,2,Pole of Sagaween,Sagaween (Laxsgiik),Directed,1,633,Knows
25,26,Jordan Abel's mother,Jordan Abel's family,Directed,1,633,Knows
16,26,biographical Abel,Jordan Abel's family,Directed,1,633,Exchange
58,25,Pole of Sagaween,Jordan Abel's mother,Directed,1,633,Knows
58,2,Pole of Sagaween,Sagaween (Laxsgiik),Directed,1,634,Knows
2,58,Sagaween (Laxsgiik),Pole of Sagaween,Directed,1,634,Knows
16,58,biographical Abel,Pole of Sagaween,Directed,1,634,Knows of
26,16,Jordan Abel's family,biographical Abel,Directed,1,634,Exchange
26,25,Jordan Abel's family,Jordan Abel's mother,Directed,1,634,Knows
25,2,Jordan Abel's mother,Sagaween (Laxsgiik),Directed,1,634,Knows of
58,25,Pole of Sagaween,Jordan Abel's mother,Directed,1,634,Knows
25,58,Jordan Abel's mother,Pole of Sagaween,Directed,1,634,Knows
25,16,Jordan Abel's mother,biographical Abel,Directed,1,634,Exchange
16,25,biographical Abel,Jordan Abel's mother,Directed,1,634,Exchange
25,26,Jordan Abel's mother,Jordan Abel's family,Directed,1,634,Knows
16,2,biographical Abel,Sagaween (Laxsgiik),Directed,1,634,Knows of
16,26,biographical Abel,Jordan Abel's family,Directed,1,634,Exchange
16,26,biographical Abel,Jordan Abel's family,Directed,1,635,Exchange
16,2,biographical Abel,Sagaween (Laxsgiik),Directed,1,635,Knows of
25,16,Jordan Abel's mother,biographical Abel,Directed,1,635,Exchange
25,26,Jordan Abel's mother,Jordan Abel's family,Directed,1,635,Knows
26,25,Jordan Abel's family,Jordan Abel's mother,Directed,1,635,Knows
58,2,Pole of Sagaween,Sagaween (Laxsgiik),Directed,1,635,Knows
2,58,Sagaween (Laxsgiik),Pole of Sagaween,Directed,1,635,Knows
26,16,Jordan Abel's family,biographical Abel,Directed,1,635,Exchange
25,2,Jordan Abel's mother,Sagaween (Laxsgiik),Directed,1,635,Knows of
25,58,Jordan Abel's mother,Pole of Sagaween,Directed,1,635,Knows
16,25,biographical Abel,Jordan Abel's mother,Directed,1,635,Exchange
58,25,Pole of Sagaween,Jordan Abel's mother,Directed,1,635,Knows
16,58,biographical Abel,Pole of Sagaween,Directed,1,635,Knows of
25,58,Jordan Abel's mother,Pole of Sagaween,Directed,1,636,Knows
26,16,Jordan Abel's family,biographical Abel,Directed,1,636,Exchange
25,16,Jordan Abel's mother,biographical Abel,Directed,1,636,Exchange
58,25,Pole of Sagaween,Jordan Abel's mother,Directed,1,636,Knows
16,26,biographical Abel,Jordan Abel's family,Directed,1,636,Exchange
26,25,Jordan Abel's family,Jordan Abel's mother,Directed,1,636,Knows
16,2,biographical Abel,Sagaween (Laxsgiik),Directed,1,636,Knows of
58,2,Pole of Sagaween,Sagaween (Laxsgiik),Directed,1,636,Knows
25,2,Jordan Abel's mother,Sagaween (Laxsgiik),Directed,1,636,Knows of
25,26,Jordan Abel's mother,Jordan Abel's family,Directed,1,636,Knows
16,25,biographical Abel,Jordan Abel's mother,Directed,1,636,Exchange
16,58,biographical Abel,Pole of Sagaween,Directed,1,636,Knows of
2,58,Sagaween (Laxsgiik),Pole of Sagaween,Directed,1,636,Knows
16,2,biographical Abel,Sagaween (Laxsgiik),Directed,1,637,Knows of
25,16,Jordan Abel's mother,biographical Abel,Directed,1,637,Exchange
25,26,Jordan Abel's mother,Jordan Abel's family,Directed,1,637,Knows
26,16,Jordan Abel's family,biographical Abel,Directed,1,637,Exchange
25,58,Jordan Abel's mother,Pole of Sagaween,Directed,1,637,Knows
16,26,biographical Abel,Jordan Abel's family,Directed,1,637,Exchange
16,58,biographical Abel,Pole of Sagaween,Directed,1,637,Knows of
25,2,Jordan Abel's mother,Sagaween (Laxsgiik),Directed,1,637,Knows of
58,25,Pole of Sagaween,Jordan Abel's mother,Directed,1,637,Knows
26,25,Jordan Abel's family,Jordan Abel's mother,Directed,1,637,Knows
2,58,Sagaween (Laxsgiik),Pole of Sagaween,Directed,1,637,Knows
58,2,Pole of Sagaween,Sagaween (Laxsgiik),Directed,1,637,Knows
16,25,biographical Abel,Jordan Abel's mother,Directed,1,637,Exchange
2,58,Sagaween (Laxsgiik),Pole of Sagaween,Directed,1,638,Knows
16,26,biographical Abel,Jordan Abel's family,Directed,1,638,Exchange
25,2,Jordan Abel's mother,Sagaween (Laxsgiik),Directed,1,638,Knows of
16,2,biographical Abel,Sagaween (Laxsgiik),Directed,1,638,Knows of
58,2,Pole of Sagaween,Sagaween (Laxsgiik),Directed,1,638,Knows
26,25,Jordan Abel's family,Jordan Abel's mother,Directed,1,638,Knows
26,16,Jordan Abel's family,biographical Abel,Directed,1,638,Exchange
16,58,biographical Abel,Pole of Sagaween,Directed,1,638,Knows of
25,26,Jordan Abel's mother,Jordan Abel's family,Directed,1,638,Knows
25,58,Jordan Abel's mother,Pole of Sagaween,Directed,1,638,Knows
25,16,Jordan Abel's mother,biographical Abel,Directed,1,638,Exchange
16,25,biographical Abel,Jordan Abel's mother,Directed,1,638,Exchange
58,25,Pole of Sagaween,Jordan Abel's mother,Directed,1,638,Knows
16,58,biographical Abel,Pole of Sagaween,Directed,1,639,Knows of
26,16,Jordan Abel's family,biographical Abel,Directed,1,639,Exchange
16,26,biographical Abel,Jordan Abel's family,Directed,1,639,Exchange
26,25,Jordan Abel's family,Jordan Abel's mother,Directed,1,639,Knows
25,16,Jordan Abel's mother,biographical Abel,Directed,1,639,Exchange
2,58,Sagaween (Laxsgiik),Pole of Sagaween,Directed,1,639,Knows
25,2,Jordan Abel's mother,Sagaween (Laxsgiik),Directed,1,639,Knows of
25,58,Jordan Abel's mother,Pole of Sagaween,Directed,1,639,Knows
25,26,Jordan Abel's mother,Jordan Abel's family,Directed,1,639,Knows
16,25,biographical Abel,Jordan Abel's mother,Directed,1,639,Exchange
58,25,Pole of Sagaween,Jordan Abel's mother,Directed,1,639,Knows
58,2,Pole of Sagaween,Sagaween (Laxsgiik),Directed,1,639,Knows
16,2,biographical Abel,Sagaween (Laxsgiik),Directed,1,639,Knows of
60,1,collage photos,speaker Abel,Directed,1,650,Knows
1,60,speaker Abel,collage photos,Directed,1,650,Knows
60,1,collage photos,speaker Abel,Directed,1,651,Knows
1,60,speaker Abel,collage photos,Directed,1,651,Knows
60,1,collage photos,speaker Abel,Directed,1,652,Knows
1,60,speaker Abel,collage photos,Directed,1,652,Knows
27,29,"""Yaw'l"" (Laxgibuu)","""Huge-Belly""",Directed,1,670,Exchange
29,28,"""Huge-Belly""","brothers of ""Yaw'l"" (Laxgibuu)",Directed,1,670,Exchange
48,30,Nisg̱a’a,"brother of ""Yaw'l"" who killed ""Huge-Belly""",Directed,1,670,Knows
31,27,"""Ksemkaigyet"" (""female being"")","""Yaw'l"" (Laxgibuu)",Directed,1,670,Exchange
14,27,real Barbeau,"""Yaw'l"" (Laxgibuu)",Directed,1,670,Knows of
31,48,"""Ksemkaigyet"" (""female being"")",Nisg̱a’a,Directed,1,670,Knows
14,31,real Barbeau,"""Ksemkaigyet"" (""female being"")",Directed,1,670,Knows of
48,27,Nisg̱a’a,"""Yaw'l"" (Laxgibuu)",Directed,1,670,Knows
14,48,real Barbeau,Nisg̱a’a,Directed,1,670,Knows
30,48,"brother of ""Yaw'l"" who killed ""Huge-Belly""",Nisg̱a’a,Directed,1,670,Knows
31,28,"""Ksemkaigyet"" (""female being"")","brothers of ""Yaw'l"" (Laxgibuu)",Directed,1,670,Exchange
14,30,real Barbeau,"brother of ""Yaw'l"" who killed ""Huge-Belly""",Directed,1,670,Knows of
48,28,Nisg̱a’a,"brothers of ""Yaw'l"" (Laxgibuu)",Directed,1,670,Knows
14,28,real Barbeau,"brothers of ""Yaw'l"" (Laxgibuu)",Directed,1,670,Knows of
31,30,"""Ksemkaigyet"" (""female being"")","brother of ""Yaw'l"" who killed ""Huge-Belly""",Directed,1,670,Exchange
30,28,"brother of ""Yaw'l"" who killed ""Huge-Belly""","brothers of ""Yaw'l"" (Laxgibuu)",Directed,1,670,Exchange
14,29,real Barbeau,"""Huge-Belly""",Directed,1,670,Knows of
29,27,"""Huge-Belly""","""Yaw'l"" (Laxgibuu)",Directed,1,670,Exchange
28,30,"brothers of ""Yaw'l"" (Laxgibuu)","brother of ""Yaw'l"" who killed ""Huge-Belly""",Directed,1,670,Exchange
48,14,Nisg̱a’a,real Barbeau,Directed,1,670,Knows
30,27,"brother of ""Yaw'l"" who killed ""Huge-Belly""","""Yaw'l"" (Laxgibuu)",Directed,1,670,Exchange
28,27,"brothers of ""Yaw'l"" (Laxgibuu)","""Yaw'l"" (Laxgibuu)",Directed,1,670,Exchange
27,28,"""Yaw'l"" (Laxgibuu)","brothers of ""Yaw'l"" (Laxgibuu)",Directed,1,670,Exchange
30,29,"brother of ""Yaw'l"" who killed ""Huge-Belly""","""Huge-Belly""",Directed,1,670,Exchange
48,31,Nisg̱a’a,"""Ksemkaigyet"" (""female being"")",Directed,1,670,Knows
28,29,"brothers of ""Yaw'l"" (Laxgibuu)","""Huge-Belly""",Directed,1,670,Exchange
27,31,"""Yaw'l"" (Laxgibuu)","""Ksemkaigyet"" (""female being"")",Directed,1,670,Exchange
29,30,"""Huge-Belly""","brother of ""Yaw'l"" who killed ""Huge-Belly""",Directed,1,670,Exchange
30,31,"brother of ""Yaw'l"" who killed ""Huge-Belly""","""Ksemkaigyet"" (""female being"")",Directed,1,670,Exchange
27,30,"""Yaw'l"" (Laxgibuu)","brother of ""Yaw'l"" who killed ""Huge-Belly""",Directed,1,670,Exchange
28,31,"brothers of ""Yaw'l"" (Laxgibuu)","""Ksemkaigyet"" (""female being"")",Directed,1,670,Exchange
28,48,"brothers of ""Yaw'l"" (Laxgibuu)",Nisg̱a’a,Directed,1,670,Knows
27,48,"""Yaw'l"" (Laxgibuu)",Nisg̱a’a,Directed,1,670,Knows
14,28,real Barbeau,"brothers of ""Yaw'l"" (Laxgibuu)",Directed,1,671,Knows of
31,30,"""Ksemkaigyet"" (""female being"")","brother of ""Yaw'l"" who killed ""Huge-Belly""",Directed,1,671,Exchange
28,27,"brothers of ""Yaw'l"" (Laxgibuu)","""Yaw'l"" (Laxgibuu)",Directed,1,671,Exchange
30,29,"brother of ""Yaw'l"" who killed ""Huge-Belly""","""Huge-Belly""",Directed,1,671,Exchange
30,27,"brother of ""Yaw'l"" who killed ""Huge-Belly""","""Yaw'l"" (Laxgibuu)",Directed,1,671,Exchange
29,27,"""Huge-Belly""","""Yaw'l"" (Laxgibuu)",Directed,1,671,Exchange
30,48,"brother of ""Yaw'l"" who killed ""Huge-Belly""",Nisg̱a’a,Directed,1,671,Knows
31,48,"""Ksemkaigyet"" (""female being"")",Nisg̱a’a,Directed,1,671,Knows
27,28,"""Yaw'l"" (Laxgibuu)","brothers of ""Yaw'l"" (Laxgibuu)",Directed,1,671,Exchange
48,27,Nisg̱a’a,"""Yaw'l"" (Laxgibuu)",Directed,1,671,Knows
48,28,Nisg̱a’a,"brothers of ""Yaw'l"" (Laxgibuu)",Directed,1,671,Knows
28,31,"brothers of ""Yaw'l"" (Laxgibuu)","""Ksemkaigyet"" (""female being"")",Directed,1,671,Exchange
14,31,real Barbeau,"""Ksemkaigyet"" (""female being"")",Directed,1,671,Knows of
31,27,"""Ksemkaigyet"" (""female being"")","""Yaw'l"" (Laxgibuu)",Directed,1,671,Exchange
29,30,"""Huge-Belly""","brother of ""Yaw'l"" who killed ""Huge-Belly""",Directed,1,671,Exchange
14,29,real Barbeau,"""Huge-Belly""",Directed,1,671,Knows of
30,28,"brother of ""Yaw'l"" who killed ""Huge-Belly""","brothers of ""Yaw'l"" (Laxgibuu)",Directed,1,671,Exchange
14,30,real Barbeau,"brother of ""Yaw'l"" who killed ""Huge-Belly""",Directed,1,671,Knows of
27,48,"""Yaw'l"" (Laxgibuu)",Nisg̱a’a,Directed,1,671,Knows
48,14,Nisg̱a’a,real Barbeau,Directed,1,671,Knows
27,30,"""Yaw'l"" (Laxgibuu)","brother of ""Yaw'l"" who killed ""Huge-Belly""",Directed,1,671,Exchange
28,30,"brothers of ""Yaw'l"" (Laxgibuu)","brother of ""Yaw'l"" who killed ""Huge-Belly""",Directed,1,671,Exchange
31,28,"""Ksemkaigyet"" (""female being"")","brothers of ""Yaw'l"" (Laxgibuu)",Directed,1,671,Exchange
29,28,"""Huge-Belly""","brothers of ""Yaw'l"" (Laxgibuu)",Directed,1,671,Exchange
28,48,"brothers of ""Yaw'l"" (Laxgibuu)",Nisg̱a’a,Directed,1,671,Knows
28,29,"brothers of ""Yaw'l"" (Laxgibuu)","""Huge-Belly""",Directed,1,671,Exchange
48,31,Nisg̱a’a,"""Ksemkaigyet"" (""female being"")",Directed,1,671,Knows
14,27,real Barbeau,"""Yaw'l"" (Laxgibuu)",Directed,1,671,Knows of
48,30,Nisg̱a’a,"brother of ""Yaw'l"" who killed ""Huge-Belly""",Directed,1,671,Knows
30,31,"brother of ""Yaw'l"" who killed ""Huge-Belly""","""Ksemkaigyet"" (""female being"")",Directed,1,671,Exchange
27,29,"""Yaw'l"" (Laxgibuu)","""Huge-Belly""",Directed,1,671,Exchange
14,48,real Barbeau,Nisg̱a’a,Directed,1,671,Knows
27,31,"""Yaw'l"" (Laxgibuu)","""Ksemkaigyet"" (""female being"")",Directed,1,671,Exchange
27,30,"""Yaw'l"" (Laxgibuu)","brother of ""Yaw'l"" who killed ""Huge-Belly""",Directed,1,672,Exchange
27,29,"""Yaw'l"" (Laxgibuu)","""Huge-Belly""",Directed,1,672,Exchange
30,27,"brother of ""Yaw'l"" who killed ""Huge-Belly""","""Yaw'l"" (Laxgibuu)",Directed,1,672,Exchange
48,14,Nisg̱a’a,real Barbeau,Directed,1,672,Knows
14,31,real Barbeau,"""Ksemkaigyet"" (""female being"")",Directed,1,672,Knows of
29,28,"""Huge-Belly""","brothers of ""Yaw'l"" (Laxgibuu)",Directed,1,672,Exchange
48,27,Nisg̱a’a,"""Yaw'l"" (Laxgibuu)",Directed,1,672,Knows
48,30,Nisg̱a’a,"brother of ""Yaw'l"" who killed ""Huge-Belly""",Directed,1,672,Knows
30,29,"brother of ""Yaw'l"" who killed ""Huge-Belly""","""Huge-Belly""",Directed,1,672,Exchange
30,28,"brother of ""Yaw'l"" who killed ""Huge-Belly""","brothers of ""Yaw'l"" (Laxgibuu)",Directed,1,672,Exchange
14,29,real Barbeau,"""Huge-Belly""",Directed,1,672,Knows of
30,31,"brother of ""Yaw'l"" who killed ""Huge-Belly""","""Ksemkaigyet"" (""female being"")",Directed,1,672,Exchange
14,28,real Barbeau,"brothers of ""Yaw'l"" (Laxgibuu)",Directed,1,672,Knows of
27,48,"""Yaw'l"" (Laxgibuu)",Nisg̱a’a,Directed,1,672,Knows
30,48,"brother of ""Yaw'l"" who killed ""Huge-Belly""",Nisg̱a’a,Directed,1,672,Knows
14,30,real Barbeau,"brother of ""Yaw'l"" who killed ""Huge-Belly""",Directed,1,672,Knows of
27,28,"""Yaw'l"" (Laxgibuu)","brothers of ""Yaw'l"" (Laxgibuu)",Directed,1,672,Exchange
27,31,"""Yaw'l"" (Laxgibuu)","""Ksemkaigyet"" (""female being"")",Directed,1,672,Exchange
29,30,"""Huge-Belly""","brother of ""Yaw'l"" who killed ""Huge-Belly""",Directed,1,672,Exchange
29,27,"""Huge-Belly""","""Yaw'l"" (Laxgibuu)",Directed,1,672,Exchange
31,30,"""Ksemkaigyet"" (""female being"")","brother of ""Yaw'l"" who killed ""Huge-Belly""",Directed,1,672,Exchange
31,48,"""Ksemkaigyet"" (""female being"")",Nisg̱a’a,Directed,1,672,Knows
28,48,"brothers of ""Yaw'l"" (Laxgibuu)",Nisg̱a’a,Directed,1,672,Knows
28,29,"brothers of ""Yaw'l"" (Laxgibuu)","""Huge-Belly""",Directed,1,672,Exchange
31,27,"""Ksemkaigyet"" (""female being"")","""Yaw'l"" (Laxgibuu)",Directed,1,672,Exchange
14,48,real Barbeau,Nisg̱a’a,Directed,1,672,Knows
48,28,Nisg̱a’a,"brothers of ""Yaw'l"" (Laxgibuu)",Directed,1,672,Knows
28,27,"brothers of ""Yaw'l"" (Laxgibuu)","""Yaw'l"" (Laxgibuu)",Directed,1,672,Exchange
48,31,Nisg̱a’a,"""Ksemkaigyet"" (""female being"")",Directed,1,672,Knows
14,27,real Barbeau,"""Yaw'l"" (Laxgibuu)",Directed,1,672,Knows of
28,31,"brothers of ""Yaw'l"" (Laxgibuu)","""Ksemkaigyet"" (""female being"")",Directed,1,672,Exchange
28,30,"brothers of ""Yaw'l"" (Laxgibuu)","brother of ""Yaw'l"" who killed ""Huge-Belly""",Directed,1,672,Exchange
31,28,"""Ksemkaigyet"" (""female being"")","brothers of ""Yaw'l"" (Laxgibuu)",Directed,1,672,Exchange
14,48,real Barbeau,Nisg̱a’a,Directed,1,673,Knows
29,27,"""Huge-Belly""","""Yaw'l"" (Laxgibuu)",Directed,1,673,Exchange
48,27,Nisg̱a’a,"""Yaw'l"" (Laxgibuu)",Directed,1,673,Knows
48,31,Nisg̱a’a,"""Ksemkaigyet"" (""female being"")",Directed,1,673,Knows
30,31,"brother of ""Yaw'l"" who killed ""Huge-Belly""","""Ksemkaigyet"" (""female being"")",Directed,1,673,Exchange
31,30,"""Ksemkaigyet"" (""female being"")","brother of ""Yaw'l"" who killed ""Huge-Belly""",Directed,1,673,Exchange
28,30,"brothers of ""Yaw'l"" (Laxgibuu)","brother of ""Yaw'l"" who killed ""Huge-Belly""",Directed,1,673,Exchange
30,48,"brother of ""Yaw'l"" who killed ""Huge-Belly""",Nisg̱a’a,Directed,1,673,Knows
28,48,"brothers of ""Yaw'l"" (Laxgibuu)",Nisg̱a’a,Directed,1,673,Knows
27,29,"""Yaw'l"" (Laxgibuu)","""Huge-Belly""",Directed,1,673,Exchange
14,30,real Barbeau,"brother of ""Yaw'l"" who killed ""Huge-Belly""",Directed,1,673,Knows of
30,27,"brother of ""Yaw'l"" who killed ""Huge-Belly""","""Yaw'l"" (Laxgibuu)",Directed,1,673,Exchange
14,27,real Barbeau,"""Yaw'l"" (Laxgibuu)",Directed,1,673,Knows of
29,30,"""Huge-Belly""","brother of ""Yaw'l"" who killed ""Huge-Belly""",Directed,1,673,Exchange
27,31,"""Yaw'l"" (Laxgibuu)","""Ksemkaigyet"" (""female being"")",Directed,1,673,Exchange
31,28,"""Ksemkaigyet"" (""female being"")","brothers of ""Yaw'l"" (Laxgibuu)",Directed,1,673,Exchange
48,30,Nisg̱a’a,"brother of ""Yaw'l"" who killed ""Huge-Belly""",Directed,1,673,Knows
28,27,"brothers of ""Yaw'l"" (Laxgibuu)","""Yaw'l"" (Laxgibuu)",Directed,1,673,Exchange
14,28,real Barbeau,"brothers of ""Yaw'l"" (Laxgibuu)",Directed,1,673,Knows of
27,28,"""Yaw'l"" (Laxgibuu)","brothers of ""Yaw'l"" (Laxgibuu)",Directed,1,673,Exchange
29,28,"""Huge-Belly""","brothers of ""Yaw'l"" (Laxgibuu)",Directed,1,673,Exchange
27,30,"""Yaw'l"" (Laxgibuu)","brother of ""Yaw'l"" who killed ""Huge-Belly""",Directed,1,673,Exchange
14,31,real Barbeau,"""Ksemkaigyet"" (""female being"")",Directed,1,673,Knows of
14,29,real Barbeau,"""Huge-Belly""",Directed,1,673,Knows of
28,31,"brothers of ""Yaw'l"" (Laxgibuu)","""Ksemkaigyet"" (""female being"")",Directed,1,673,Exchange
28,29,"brothers of ""Yaw'l"" (Laxgibuu)","""Huge-Belly""",Directed,1,673,Exchange
30,28,"brother of ""Yaw'l"" who killed ""Huge-Belly""","brothers of ""Yaw'l"" (Laxgibuu)",Directed,1,673,Exchange
48,28,Nisg̱a’a,"brothers of ""Yaw'l"" (Laxgibuu)",Directed,1,673,Knows
31,48,"""Ksemkaigyet"" (""female being"")",Nisg̱a’a,Directed,1,673,Knows
31,27,"""Ksemkaigyet"" (""female being"")","""Yaw'l"" (Laxgibuu)",Directed,1,673,Exchange
27,48,"""Yaw'l"" (Laxgibuu)",Nisg̱a’a,Directed,1,673,Knows
48,14,Nisg̱a’a,real Barbeau,Directed,1,673,Knows
30,29,"brother of ""Yaw'l"" who killed ""Huge-Belly""","""Huge-Belly""",Directed,1,673,Exchange
28,31,"brothers of ""Yaw'l"" (Laxgibuu)","""Ksemkaigyet"" (""female being"")",Directed,1,674,Exchange
14,48,real Barbeau,Nisg̱a’a,Directed,1,674,Knows
30,27,"brother of ""Yaw'l"" who killed ""Huge-Belly""","""Yaw'l"" (Laxgibuu)",Directed,1,674,Exchange
29,30,"""Huge-Belly""","brother of ""Yaw'l"" who killed ""Huge-Belly""",Directed,1,674,Exchange
27,28,"""Yaw'l"" (Laxgibuu)","brothers of ""Yaw'l"" (Laxgibuu)",Directed,1,674,Exchange
27,29,"""Yaw'l"" (Laxgibuu)","""Huge-Belly""",Directed,1,674,Exchange
31,28,"""Ksemkaigyet"" (""female being"")","brothers of ""Yaw'l"" (Laxgibuu)",Directed,1,674,Exchange
27,30,"""Yaw'l"" (Laxgibuu)","brother of ""Yaw'l"" who killed ""Huge-Belly""",Directed,1,674,Exchange
28,29,"brothers of ""Yaw'l"" (Laxgibuu)","""Huge-Belly""",Directed,1,674,Exchange
27,31,"""Yaw'l"" (Laxgibuu)","""Ksemkaigyet"" (""female being"")",Directed,1,674,Exchange
30,31,"brother of ""Yaw'l"" who killed ""Huge-Belly""","""Ksemkaigyet"" (""female being"")",Directed,1,674,Exchange
30,29,"brother of ""Yaw'l"" who killed ""Huge-Belly""","""Huge-Belly""",Directed,1,674,Exchange
48,31,Nisg̱a’a,"""Ksemkaigyet"" (""female being"")",Directed,1,674,Knows
27,48,"""Yaw'l"" (Laxgibuu)",Nisg̱a’a,Directed,1,674,Knows
28,27,"brothers of ""Yaw'l"" (Laxgibuu)","""Yaw'l"" (Laxgibuu)",Directed,1,674,Exchange
28,48,"brothers of ""Yaw'l"" (Laxgibuu)",Nisg̱a’a,Directed,1,674,Knows
14,31,real Barbeau,"""Ksemkaigyet"" (""female being"")",Directed,1,674,Knows of
48,27,Nisg̱a’a,"""Yaw'l"" (Laxgibuu)",Directed,1,674,Knows
30,28,"brother of ""Yaw'l"" who killed ""Huge-Belly""","brothers of ""Yaw'l"" (Laxgibuu)",Directed,1,674,Exchange
29,28,"""Huge-Belly""","brothers of ""Yaw'l"" (Laxgibuu)",Directed,1,674,Exchange
48,30,Nisg̱a’a,"brother of ""Yaw'l"" who killed ""Huge-Belly""",Directed,1,674,Knows
14,30,real Barbeau,"brother of ""Yaw'l"" who killed ""Huge-Belly""",Directed,1,674,Knows of
31,27,"""Ksemkaigyet"" (""female being"")","""Yaw'l"" (Laxgibuu)",Directed,1,674,Exchange
31,48,"""Ksemkaigyet"" (""female being"")",Nisg̱a’a,Directed,1,674,Knows
28,30,"brothers of ""Yaw'l"" (Laxgibuu)","brother of ""Yaw'l"" who killed ""Huge-Belly""",Directed,1,674,Exchange
14,27,real Barbeau,"""Yaw'l"" (Laxgibuu)",Directed,1,674,Knows of
14,29,real Barbeau,"""Huge-Belly""",Directed,1,674,Knows of
14,28,real Barbeau,"brothers of ""Yaw'l"" (Laxgibuu)",Directed,1,674,Knows of
31,30,"""Ksemkaigyet"" (""female being"")","brother of ""Yaw'l"" who killed ""Huge-Belly""",Directed,1,674,Exchange
29,27,"""Huge-Belly""","""Yaw'l"" (Laxgibuu)",Directed,1,674,Exchange
48,14,Nisg̱a’a,real Barbeau,Directed,1,674,Knows
48,28,Nisg̱a’a,"brothers of ""Yaw'l"" (Laxgibuu)",Directed,1,674,Knows
30,48,"brother of ""Yaw'l"" who killed ""Huge-Belly""",Nisg̱a’a,Directed,1,674,Knows
30,29,"brother of ""Yaw'l"" who killed ""Huge-Belly""","""Huge-Belly""",Directed,1,675,Exchange
31,48,"""Ksemkaigyet"" (""female being"")",Nisg̱a’a,Directed,1,675,Knows
27,48,"""Yaw'l"" (Laxgibuu)",Nisg̱a’a,Directed,1,675,Knows
14,29,real Barbeau,"""Huge-Belly""",Directed,1,675,Knows of
48,30,Nisg̱a’a,"brother of ""Yaw'l"" who killed ""Huge-Belly""",Directed,1,675,Knows
28,29,"brothers of ""Yaw'l"" (Laxgibuu)","""Huge-Belly""",Directed,1,675,Exchange
28,27,"brothers of ""Yaw'l"" (Laxgibuu)","""Yaw'l"" (Laxgibuu)",Directed,1,675,Exchange
29,28,"""Huge-Belly""","brothers of ""Yaw'l"" (Laxgibuu)",Directed,1,675,Exchange
14,31,real Barbeau,"""Ksemkaigyet"" (""female being"")",Directed,1,675,Knows of
30,28,"brother of ""Yaw'l"" who killed ""Huge-Belly""","brothers of ""Yaw'l"" (Laxgibuu)",Directed,1,675,Exchange
28,31,"brothers of ""Yaw'l"" (Laxgibuu)","""Ksemkaigyet"" (""female being"")",Directed,1,675,Exchange
48,14,Nisg̱a’a,real Barbeau,Directed,1,675,Knows
14,28,real Barbeau,"brothers of ""Yaw'l"" (Laxgibuu)",Directed,1,675,Knows of
27,28,"""Yaw'l"" (Laxgibuu)","brothers of ""Yaw'l"" (Laxgibuu)",Directed,1,675,Exchange
31,27,"""Ksemkaigyet"" (""female being"")","""Yaw'l"" (Laxgibuu)",Directed,1,675,Exchange
27,30,"""Yaw'l"" (Laxgibuu)","brother of ""Yaw'l"" who killed ""Huge-Belly""",Directed,1,675,Exchange
48,31,Nisg̱a’a,"""Ksemkaigyet"" (""female being"")",Directed,1,675,Knows
27,31,"""Yaw'l"" (Laxgibuu)","""Ksemkaigyet"" (""female being"")",Directed,1,675,Exchange
14,48,real Barbeau,Nisg̱a’a,Directed,1,675,Knows
28,48,"brothers of ""Yaw'l"" (Laxgibuu)",Nisg̱a’a,Directed,1,675,Knows
30,27,"brother of ""Yaw'l"" who killed ""Huge-Belly""","""Yaw'l"" (Laxgibuu)",Directed,1,675,Exchange
14,27,real Barbeau,"""Yaw'l"" (Laxgibuu)",Directed,1,675,Knows of
29,30,"""Huge-Belly""","brother of ""Yaw'l"" who killed ""Huge-Belly""",Directed,1,675,Exchange
28,30,"brothers of ""Yaw'l"" (Laxgibuu)","brother of ""Yaw'l"" who killed ""Huge-Belly""",Directed,1,675,Exchange
48,27,Nisg̱a’a,"""Yaw'l"" (Laxgibuu)",Directed,1,675,Knows
27,29,"""Yaw'l"" (Laxgibuu)","""Huge-Belly""",Directed,1,675,Exchange
29,27,"""Huge-Belly""","""Yaw'l"" (Laxgibuu)",Directed,1,675,Exchange
31,28,"""Ksemkaigyet"" (""female being"")","brothers of ""Yaw'l"" (Laxgibuu)",Directed,1,675,Exchange
14,30,real Barbeau,"brother of ""Yaw'l"" who killed ""Huge-Belly""",Directed,1,675,Knows of
48,28,Nisg̱a’a,"brothers of ""Yaw'l"" (Laxgibuu)",Directed,1,675,Knows
30,48,"brother of ""Yaw'l"" who killed ""Huge-Belly""",Nisg̱a’a,Directed,1,675,Knows
30,31,"brother of ""Yaw'l"" who killed ""Huge-Belly""","""Ksemkaigyet"" (""female being"")",Directed,1,675,Exchange
31,30,"""Ksemkaigyet"" (""female being"")","brother of ""Yaw'l"" who killed ""Huge-Belly""",Directed,1,675,Exchange
48,28,Nisg̱a’a,"brothers of ""Yaw'l"" (Laxgibuu)",Directed,1,676,Knows
30,48,"brother of ""Yaw'l"" who killed ""Huge-Belly""",Nisg̱a’a,Directed,1,676,Knows
30,27,"brother of ""Yaw'l"" who killed ""Huge-Belly""","""Yaw'l"" (Laxgibuu)",Directed,1,676,Exchange
28,48,"brothers of ""Yaw'l"" (Laxgibuu)",Nisg̱a’a,Directed,1,676,Knows
30,31,"brother of ""Yaw'l"" who killed ""Huge-Belly""","""Ksemkaigyet"" (""female being"")",Directed,1,676,Exchange
48,14,Nisg̱a’a,real Barbeau,Directed,1,676,Knows
30,29,"brother of ""Yaw'l"" who killed ""Huge-Belly""","""Huge-Belly""",Directed,1,676,Exchange
28,30,"brothers of ""Yaw'l"" (Laxgibuu)","brother of ""Yaw'l"" who killed ""Huge-Belly""",Directed,1,676,Exchange
29,27,"""Huge-Belly""","""Yaw'l"" (Laxgibuu)",Directed,1,676,Exchange
28,27,"brothers of ""Yaw'l"" (Laxgibuu)","""Yaw'l"" (Laxgibuu)",Directed,1,676,Exchange
48,30,Nisg̱a’a,"brother of ""Yaw'l"" who killed ""Huge-Belly""",Directed,1,676,Knows
28,31,"brothers of ""Yaw'l"" (Laxgibuu)","""Ksemkaigyet"" (""female being"")",Directed,1,676,Exchange
30,28,"brother of ""Yaw'l"" who killed ""Huge-Belly""","brothers of ""Yaw'l"" (Laxgibuu)",Directed,1,676,Exchange
28,29,"brothers of ""Yaw'l"" (Laxgibuu)","""Huge-Belly""",Directed,1,676,Exchange
14,31,real Barbeau,"""Ksemkaigyet"" (""female being"")",Directed,1,676,Knows of
31,30,"""Ksemkaigyet"" (""female being"")","brother of ""Yaw'l"" who killed ""Huge-Belly""",Directed,1,676,Exchange
31,48,"""Ksemkaigyet"" (""female being"")",Nisg̱a’a,Directed,1,676,Knows
14,27,real Barbeau,"""Yaw'l"" (Laxgibuu)",Directed,1,676,Knows of
27,29,"""Yaw'l"" (Laxgibuu)","""Huge-Belly""",Directed,1,676,Exchange
29,30,"""Huge-Belly""","brother of ""Yaw'l"" who killed ""Huge-Belly""",Directed,1,676,Exchange
14,48,real Barbeau,Nisg̱a’a,Directed,1,676,Knows
31,28,"""Ksemkaigyet"" (""female being"")","brothers of ""Yaw'l"" (Laxgibuu)",Directed,1,676,Exchange
31,27,"""Ksemkaigyet"" (""female being"")","""Yaw'l"" (Laxgibuu)",Directed,1,676,Exchange
27,48,"""Yaw'l"" (Laxgibuu)",Nisg̱a’a,Directed,1,676,Knows
29,28,"""Huge-Belly""","brothers of ""Yaw'l"" (Laxgibuu)",Directed,1,676,Exchange
14,30,real Barbeau,"brother of ""Yaw'l"" who killed ""Huge-Belly""",Directed,1,676,Knows of
27,31,"""Yaw'l"" (Laxgibuu)","""Ksemkaigyet"" (""female being"")",Directed,1,676,Exchange
48,27,Nisg̱a’a,"""Yaw'l"" (Laxgibuu)",Directed,1,676,Knows
14,28,real Barbeau,"brothers of ""Yaw'l"" (Laxgibuu)",Directed,1,676,Knows of
48,31,Nisg̱a’a,"""Ksemkaigyet"" (""female being"")",Directed,1,676,Knows
27,28,"""Yaw'l"" (Laxgibuu)","brothers of ""Yaw'l"" (Laxgibuu)",Directed,1,676,Exchange
27,30,"""Yaw'l"" (Laxgibuu)","brother of ""Yaw'l"" who killed ""Huge-Belly""",Directed,1,676,Exchange
14,29,real Barbeau,"""Huge-Belly""",Directed,1,676,Knows of
48,14,Nisg̱a’a,real Barbeau,Directed,1,677,Knows
30,31,"brother of ""Yaw'l"" who killed ""Huge-Belly""","""Ksemkaigyet"" (""female being"")",Directed,1,677,Exchange
31,48,"""Ksemkaigyet"" (""female being"")",Nisg̱a’a,Directed,1,677,Knows
27,29,"""Yaw'l"" (Laxgibuu)","""Huge-Belly""",Directed,1,677,Exchange
14,28,real Barbeau,"brothers of ""Yaw'l"" (Laxgibuu)",Directed,1,677,Knows of
14,29,real Barbeau,"""Huge-Belly""",Directed,1,677,Knows of
48,28,Nisg̱a’a,"brothers of ""Yaw'l"" (Laxgibuu)",Directed,1,677,Knows
30,48,"brother of ""Yaw'l"" who killed ""Huge-Belly""",Nisg̱a’a,Directed,1,677,Knows
30,27,"brother of ""Yaw'l"" who killed ""Huge-Belly""","""Yaw'l"" (Laxgibuu)",Directed,1,677,Exchange
31,27,"""Ksemkaigyet"" (""female being"")","""Yaw'l"" (Laxgibuu)",Directed,1,677,Exchange
28,29,"brothers of ""Yaw'l"" (Laxgibuu)","""Huge-Belly""",Directed,1,677,Exchange
14,30,real Barbeau,"brother of ""Yaw'l"" who killed ""Huge-Belly""",Directed,1,677,Knows of
48,27,Nisg̱a’a,"""Yaw'l"" (Laxgibuu)",Directed,1,677,Knows
29,28,"""Huge-Belly""","brothers of ""Yaw'l"" (Laxgibuu)",Directed,1,677,Exchange
29,30,"""Huge-Belly""","brother of ""Yaw'l"" who killed ""Huge-Belly""",Directed,1,677,Exchange
48,30,Nisg̱a’a,"brother of ""Yaw'l"" who killed ""Huge-Belly""",Directed,1,677,Knows
27,31,"""Yaw'l"" (Laxgibuu)","""Ksemkaigyet"" (""female being"")",Directed,1,677,Exchange
31,30,"""Ksemkaigyet"" (""female being"")","brother of ""Yaw'l"" who killed ""Huge-Belly""",Directed,1,677,Exchange
28,27,"brothers of ""Yaw'l"" (Laxgibuu)","""Yaw'l"" (Laxgibuu)",Directed,1,677,Exchange
14,31,real Barbeau,"""Ksemkaigyet"" (""female being"")",Directed,1,677,Knows of
30,29,"brother of ""Yaw'l"" who killed ""Huge-Belly""","""Huge-Belly""",Directed,1,677,Exchange
31,28,"""Ksemkaigyet"" (""female being"")","brothers of ""Yaw'l"" (Laxgibuu)",Directed,1,677,Exchange
27,48,"""Yaw'l"" (Laxgibuu)",Nisg̱a’a,Directed,1,677,Knows
14,48,real Barbeau,Nisg̱a’a,Directed,1,677,Knows
27,30,"""Yaw'l"" (Laxgibuu)","brother of ""Yaw'l"" who killed ""Huge-Belly""",Directed,1,677,Exchange
30,28,"brother of ""Yaw'l"" who killed ""Huge-Belly""","brothers of ""Yaw'l"" (Laxgibuu)",Directed,1,677,Exchange
28,48,"brothers of ""Yaw'l"" (Laxgibuu)",Nisg̱a’a,Directed,1,677,Knows
14,27,real Barbeau,"""Yaw'l"" (Laxgibuu)",Directed,1,677,Knows of
28,31,"brothers of ""Yaw'l"" (Laxgibuu)","""Ksemkaigyet"" (""female being"")",Directed,1,677,Exchange
28,30,"brothers of ""Yaw'l"" (Laxgibuu)","brother of ""Yaw'l"" who killed ""Huge-Belly""",Directed,1,677,Exchange
27,28,"""Yaw'l"" (Laxgibuu)","brothers of ""Yaw'l"" (Laxgibuu)",Directed,1,677,Exchange
29,27,"""Huge-Belly""","""Yaw'l"" (Laxgibuu)",Directed,1,677,Exchange
48,31,Nisg̱a’a,"""Ksemkaigyet"" (""female being"")",Directed,1,677,Knows
48,28,Nisg̱a’a,"brothers of ""Yaw'l"" (Laxgibuu)",Directed,1,678,Knows
30,28,"brother of ""Yaw'l"" who killed ""Huge-Belly""","brothers of ""Yaw'l"" (Laxgibuu)",Directed,1,678,Exchange
28,29,"brothers of ""Yaw'l"" (Laxgibuu)","""Huge-Belly""",Directed,1,678,Exchange
14,31,real Barbeau,"""Ksemkaigyet"" (""female being"")",Directed,1,678,Knows of
28,31,"brothers of ""Yaw'l"" (Laxgibuu)","""Ksemkaigyet"" (""female being"")",Directed,1,678,Exchange
28,27,"brothers of ""Yaw'l"" (Laxgibuu)","""Yaw'l"" (Laxgibuu)",Directed,1,678,Exchange
29,28,"""Huge-Belly""","brothers of ""Yaw'l"" (Laxgibuu)",Directed,1,678,Exchange
31,28,"""Ksemkaigyet"" (""female being"")","brothers of ""Yaw'l"" (Laxgibuu)",Directed,1,678,Exchange
48,30,Nisg̱a’a,"brother of ""Yaw'l"" who killed ""Huge-Belly""",Directed,1,678,Knows
14,48,real Barbeau,Nisg̱a’a,Directed,1,678,Knows
31,27,"""Ksemkaigyet"" (""female being"")","""Yaw'l"" (Laxgibuu)",Directed,1,678,Exchange
28,48,"brothers of ""Yaw'l"" (Laxgibuu)",Nisg̱a’a,Directed,1,678,Knows
14,27,real Barbeau,"""Yaw'l"" (Laxgibuu)",Directed,1,678,Knows of
31,30,"""Ksemkaigyet"" (""female being"")","brother of ""Yaw'l"" who killed ""Huge-Belly""",Directed,1,678,Exchange
31,48,"""Ksemkaigyet"" (""female being"")",Nisg̱a’a,Directed,1,678,Knows
28,30,"brothers of ""Yaw'l"" (Laxgibuu)","brother of ""Yaw'l"" who killed ""Huge-Belly""",Directed,1,678,Exchange
29,27,"""Huge-Belly""","""Yaw'l"" (Laxgibuu)",Directed,1,678,Exchange
48,31,Nisg̱a’a,"""Ksemkaigyet"" (""female being"")",Directed,1,678,Knows
27,28,"""Yaw'l"" (Laxgibuu)","brothers of ""Yaw'l"" (Laxgibuu)",Directed,1,678,Exchange
14,28,real Barbeau,"brothers of ""Yaw'l"" (Laxgibuu)",Directed,1,678,Knows of
30,29,"brother of ""Yaw'l"" who killed ""Huge-Belly""","""Huge-Belly""",Directed,1,678,Exchange
27,29,"""Yaw'l"" (Laxgibuu)","""Huge-Belly""",Directed,1,678,Exchange
27,48,"""Yaw'l"" (Laxgibuu)",Nisg̱a’a,Directed,1,678,Knows
48,27,Nisg̱a’a,"""Yaw'l"" (Laxgibuu)",Directed,1,678,Knows
14,30,real Barbeau,"brother of ""Yaw'l"" who killed ""Huge-Belly""",Directed,1,678,Knows of
30,31,"brother of ""Yaw'l"" who killed ""Huge-Belly""","""Ksemkaigyet"" (""female being"")",Directed,1,678,Exchange
30,27,"brother of ""Yaw'l"" who killed ""Huge-Belly""","""Yaw'l"" (Laxgibuu)",Directed,1,678,Exchange
29,30,"""Huge-Belly""","brother of ""Yaw'l"" who killed ""Huge-Belly""",Directed,1,678,Exchange
14,29,real Barbeau,"""Huge-Belly""",Directed,1,678,Knows of
27,30,"""Yaw'l"" (Laxgibuu)","brother of ""Yaw'l"" who killed ""Huge-Belly""",Directed,1,678,Exchange
27,31,"""Yaw'l"" (Laxgibuu)","""Ksemkaigyet"" (""female being"")",Directed,1,678,Exchange
48,14,Nisg̱a’a,real Barbeau,Directed,1,678,Knows
30,48,"brother of ""Yaw'l"" who killed ""Huge-Belly""",Nisg̱a’a,Directed,1,678,Knows
28,48,"brothers of ""Yaw'l"" (Laxgibuu)",Nisg̱a’a,Directed,1,679,Knows
31,28,"""Ksemkaigyet"" (""female being"")","brothers of ""Yaw'l"" (Laxgibuu)",Directed,1,679,Exchange
14,27,real Barbeau,"""Yaw'l"" (Laxgibuu)",Directed,1,679,Knows of
28,27,"brothers of ""Yaw'l"" (Laxgibuu)","""Yaw'l"" (Laxgibuu)",Directed,1,679,Exchange
48,31,Nisg̱a’a,"""Ksemkaigyet"" (""female being"")",Directed,1,679,Knows
14,29,real Barbeau,"""Huge-Belly""",Directed,1,679,Knows of
30,29,"brother of ""Yaw'l"" who killed ""Huge-Belly""","""Huge-Belly""",Directed,1,679,Exchange
14,48,real Barbeau,Nisg̱a’a,Directed,1,679,Knows
30,28,"brother of ""Yaw'l"" who killed ""Huge-Belly""","brothers of ""Yaw'l"" (Laxgibuu)",Directed,1,679,Exchange
27,48,"""Yaw'l"" (Laxgibuu)",Nisg̱a’a,Directed,1,679,Knows
28,31,"brothers of ""Yaw'l"" (Laxgibuu)","""Ksemkaigyet"" (""female being"")",Directed,1,679,Exchange
27,30,"""Yaw'l"" (Laxgibuu)","brother of ""Yaw'l"" who killed ""Huge-Belly""",Directed,1,679,Exchange
28,29,"brothers of ""Yaw'l"" (Laxgibuu)","""Huge-Belly""",Directed,1,679,Exchange
29,27,"""Huge-Belly""","""Yaw'l"" (Laxgibuu)",Directed,1,679,Exchange
27,31,"""Yaw'l"" (Laxgibuu)","""Ksemkaigyet"" (""female being"")",Directed,1,679,Exchange
31,30,"""Ksemkaigyet"" (""female being"")","brother of ""Yaw'l"" who killed ""Huge-Belly""",Directed,1,679,Exchange
30,48,"brother of ""Yaw'l"" who killed ""Huge-Belly""",Nisg̱a’a,Directed,1,679,Knows
29,28,"""Huge-Belly""","brothers of ""Yaw'l"" (Laxgibuu)",Directed,1,679,Exchange
30,27,"brother of ""Yaw'l"" who killed ""Huge-Belly""","""Yaw'l"" (Laxgibuu)",Directed,1,679,Exchange
48,27,Nisg̱a’a,"""Yaw'l"" (Laxgibuu)",Directed,1,679,Knows
31,27,"""Ksemkaigyet"" (""female being"")","""Yaw'l"" (Laxgibuu)",Directed,1,679,Exchange
30,31,"brother of ""Yaw'l"" who killed ""Huge-Belly""","""Ksemkaigyet"" (""female being"")",Directed,1,679,Exchange
14,30,real Barbeau,"brother of ""Yaw'l"" who killed ""Huge-Belly""",Directed,1,679,Knows of
29,30,"""Huge-Belly""","brother of ""Yaw'l"" who killed ""Huge-Belly""",Directed,1,679,Exchange
31,48,"""Ksemkaigyet"" (""female being"")",Nisg̱a’a,Directed,1,679,Knows
14,28,real Barbeau,"brothers of ""Yaw'l"" (Laxgibuu)",Directed,1,679,Knows of
48,30,Nisg̱a’a,"brother of ""Yaw'l"" who killed ""Huge-Belly""",Directed,1,679,Knows
48,28,Nisg̱a’a,"brothers of ""Yaw'l"" (Laxgibuu)",Directed,1,679,Knows
27,28,"""Yaw'l"" (Laxgibuu)","brothers of ""Yaw'l"" (Laxgibuu)",Directed,1,679,Exchange
48,14,Nisg̱a’a,real Barbeau,Directed,1,679,Knows
28,30,"brothers of ""Yaw'l"" (Laxgibuu)","brother of ""Yaw'l"" who killed ""Huge-Belly""",Directed,1,679,Exchange
14,31,real Barbeau,"""Ksemkaigyet"" (""female being"")",Directed,1,679,Knows of
27,29,"""Yaw'l"" (Laxgibuu)","""Huge-Belly""",Directed,1,679,Exchange
1,20,speaker Abel,"Laxgibuu (""Wolf clan"")",Directed,1,710,Knows
20,1,"Laxgibuu (""Wolf clan"")",speaker Abel,Directed,1,710,Knows
20,1,"Laxgibuu (""Wolf clan"")",speaker Abel,Directed,1,711,Knows
1,20,speaker Abel,"Laxgibuu (""Wolf clan"")",Directed,1,711,Knows
20,1,"Laxgibuu (""Wolf clan"")",speaker Abel,Directed,1,712,Knows
1,20,speaker Abel,"Laxgibuu (""Wolf clan"")",Directed,1,712,Knows
20,1,"Laxgibuu (""Wolf clan"")",speaker Abel,Directed,1,713,Knows
1,20,speaker Abel,"Laxgibuu (""Wolf clan"")",Directed,1,713,Knows
1,20,speaker Abel,"Laxgibuu (""Wolf clan"")",Directed,1,714,Knows
20,1,"Laxgibuu (""Wolf clan"")",speaker Abel,Directed,1,714,Knows
1,20,speaker Abel,"Laxgibuu (""Wolf clan"")",Directed,1,715,Knows
20,1,"Laxgibuu (""Wolf clan"")",speaker Abel,Directed,1,715,Knows
1,20,speaker Abel,"Laxgibuu (""Wolf clan"")",Directed,1,716,Knows
20,1,"Laxgibuu (""Wolf clan"")",speaker Abel,Directed,1,716,Knows
1,20,speaker Abel,"Laxgibuu (""Wolf clan"")",Directed,1,717,Knows
20,1,"Laxgibuu (""Wolf clan"")",speaker Abel,Directed,1,717,Knows
1,20,speaker Abel,"Laxgibuu (""Wolf clan"")",Directed,1,718,Knows
20,1,"Laxgibuu (""Wolf clan"")",speaker Abel,Directed,1,718,Knows
1,20,speaker Abel,"Laxgibuu (""Wolf clan"")",Directed,1,719,Knows
20,1,"Laxgibuu (""Wolf clan"")",speaker Abel,Directed,1,719,Knows
20,1,"Laxgibuu (""Wolf clan"")",speaker Abel,Directed,1,730,Knows
1,20,speaker Abel,"Laxgibuu (""Wolf clan"")",Directed,1,730,Knows
1,20,speaker Abel,"Laxgibuu (""Wolf clan"")",Directed,1,731,Knows
20,1,"Laxgibuu (""Wolf clan"")",speaker Abel,Directed,1,731,Knows
1,20,speaker Abel,"Laxgibuu (""Wolf clan"")",Directed,1,732,Knows
20,1,"Laxgibuu (""Wolf clan"")",speaker Abel,Directed,1,732,Knows
1,20,speaker Abel,"Laxgibuu (""Wolf clan"")",Directed,1,733,Knows
20,1,"Laxgibuu (""Wolf clan"")",speaker Abel,Directed,1,733,Knows
20,1,"Laxgibuu (""Wolf clan"")",speaker Abel,Directed,1,734,Knows
1,20,speaker Abel,"Laxgibuu (""Wolf clan"")",Directed,1,734,Knows
20,1,"Laxgibuu (""Wolf clan"")",speaker Abel,Directed,1,735,Knows
1,20,speaker Abel,"Laxgibuu (""Wolf clan"")",Directed,1,735,Knows
20,1,"Laxgibuu (""Wolf clan"")",speaker Abel,Directed,1,736,Knows
1,20,speaker Abel,"Laxgibuu (""Wolf clan"")",Directed,1,736,Knows
1,20,speaker Abel,"Laxgibuu (""Wolf clan"")",Directed,1,737,Knows
20,1,"Laxgibuu (""Wolf clan"")",speaker Abel,Directed,1,737,Knows
20,1,"Laxgibuu (""Wolf clan"")",speaker Abel,Directed,1,738,Knows
1,20,speaker Abel,"Laxgibuu (""Wolf clan"")",Directed,1,738,Knows
20,1,"Laxgibuu (""Wolf clan"")",speaker Abel,Directed,1,739,Knows
1,20,speaker Abel,"Laxgibuu (""Wolf clan"")",Directed,1,739,Knows
20,1,"Laxgibuu (""Wolf clan"")",speaker Abel,Directed,1,750,Knows
48,1,Nisg̱a’a,speaker Abel,Directed,1,750,Knows
1,48,speaker Abel,Nisg̱a’a,Directed,1,750,Knows
1,20,speaker Abel,"Laxgibuu (""Wolf clan"")",Directed,1,750,Knows
48,1,Nisg̱a’a,speaker Abel,Directed,1,751,Knows
1,48,speaker Abel,Nisg̱a’a,Directed,1,751,Knows
1,20,speaker Abel,"Laxgibuu (""Wolf clan"")",Directed,1,751,Knows
20,1,"Laxgibuu (""Wolf clan"")",speaker Abel,Directed,1,751,Knows
48,1,Nisg̱a’a,speaker Abel,Directed,1,752,Knows
20,1,"Laxgibuu (""Wolf clan"")",speaker Abel,Directed,1,752,Knows
1,20,speaker Abel,"Laxgibuu (""Wolf clan"")",Directed,1,752,Knows
1,48,speaker Abel,Nisg̱a’a,Directed,1,752,Knows
20,1,"Laxgibuu (""Wolf clan"")",speaker Abel,Directed,1,753,Knows
48,1,Nisg̱a’a,speaker Abel,Directed,1,753,Knows
1,48,speaker Abel,Nisg̱a’a,Directed,1,753,Knows
1,20,speaker Abel,"Laxgibuu (""Wolf clan"")",Directed,1,753,Knows
1,20,speaker Abel,"Laxgibuu (""Wolf clan"")",Directed,1,754,Knows
1,48,speaker Abel,Nisg̱a’a,Directed,1,754,Knows
48,1,Nisg̱a’a,speaker Abel,Directed,1,754,Knows
20,1,"Laxgibuu (""Wolf clan"")",speaker Abel,Directed,1,754,Knows
1,20,speaker Abel,"Laxgibuu (""Wolf clan"")",Directed,1,755,Knows
20,1,"Laxgibuu (""Wolf clan"")",speaker Abel,Directed,1,755,Knows
48,1,Nisg̱a’a,speaker Abel,Directed,1,755,Knows
1,48,speaker Abel,Nisg̱a’a,Directed,1,755,Knows
20,1,"Laxgibuu (""Wolf clan"")",speaker Abel,Directed,1,756,Knows
48,1,Nisg̱a’a,speaker Abel,Directed,1,756,Knows
1,48,speaker Abel,Nisg̱a’a,Directed,1,756,Knows
1,20,speaker Abel,"Laxgibuu (""Wolf clan"")",Directed,1,756,Knows
20,1,"Laxgibuu (""Wolf clan"")",speaker Abel,Directed,1,757,Knows
48,1,Nisg̱a’a,speaker Abel,Directed,1,757,Knows
1,48,speaker Abel,Nisg̱a’a,Directed,1,757,Knows
1,20,speaker Abel,"Laxgibuu (""Wolf clan"")",Directed,1,757,Knows
1,48,speaker Abel,Nisg̱a’a,Directed,1,758,Knows
20,1,"Laxgibuu (""Wolf clan"")",speaker Abel,Directed,1,758,Knows
48,1,Nisg̱a’a,speaker Abel,Directed,1,758,Knows
1,20,speaker Abel,"Laxgibuu (""Wolf clan"")",Directed,1,758,Knows
48,1,Nisg̱a’a,speaker Abel,Directed,1,759,Knows
1,48,speaker Abel,Nisg̱a’a,Directed,1,759,Knows
20,1,"Laxgibuu (""Wolf clan"")",speaker Abel,Directed,1,759,Knows
1,20,speaker Abel,"Laxgibuu (""Wolf clan"")",Directed,1,759,Knows
20,1,"Laxgibuu (""Wolf clan"")",speaker Abel,Directed,1,770,Knows
1,48,speaker Abel,Nisg̱a’a,Directed,1,770,Knows
1,20,speaker Abel,"Laxgibuu (""Wolf clan"")",Directed,1,770,Knows
48,1,Nisg̱a’a,speaker Abel,Directed,1,770,Knows
20,1,"Laxgibuu (""Wolf clan"")",speaker Abel,Directed,1,771,Knows
1,48,speaker Abel,Nisg̱a’a,Directed,1,771,Knows
48,1,Nisg̱a’a,speaker Abel,Directed,1,771,Knows
1,20,speaker Abel,"Laxgibuu (""Wolf clan"")",Directed,1,771,Knows
20,1,"Laxgibuu (""Wolf clan"")",speaker Abel,Directed,1,772,Knows
1,48,speaker Abel,Nisg̱a’a,Directed,1,772,Knows
48,1,Nisg̱a’a,speaker Abel,Directed,1,772,Knows
1,20,speaker Abel,"Laxgibuu (""Wolf clan"")",Directed,1,772,Knows
1,20,speaker Abel,"Laxgibuu (""Wolf clan"")",Directed,1,773,Knows
48,1,Nisg̱a’a,speaker Abel,Directed,1,773,Knows
1,48,speaker Abel,Nisg̱a’a,Directed,1,773,Knows
20,1,"Laxgibuu (""Wolf clan"")",speaker Abel,Directed,1,773,Knows
1,20,speaker Abel,"Laxgibuu (""Wolf clan"")",Directed,1,774,Knows
1,48,speaker Abel,Nisg̱a’a,Directed,1,774,Knows
20,1,"Laxgibuu (""Wolf clan"")",speaker Abel,Directed,1,774,Knows
48,1,Nisg̱a’a,speaker Abel,Directed,1,774,Knows
20,1,"Laxgibuu (""Wolf clan"")",speaker Abel,Directed,1,775,Knows
1,20,speaker Abel,"Laxgibuu (""Wolf clan"")",Directed,1,775,Knows
48,1,Nisg̱a’a,speaker Abel,Directed,1,775,Knows
1,48,speaker Abel,Nisg̱a’a,Directed,1,775,Knows
48,1,Nisg̱a’a,speaker Abel,Directed,1,776,Knows
1,48,speaker Abel,Nisg̱a’a,Directed,1,776,Knows
20,1,"Laxgibuu (""Wolf clan"")",speaker Abel,Directed,1,776,Knows
1,20,speaker Abel,"Laxgibuu (""Wolf clan"")",Directed,1,776,Knows
20,1,"Laxgibuu (""Wolf clan"")",speaker Abel,Directed,1,777,Knows
48,1,Nisg̱a’a,speaker Abel,Directed,1,777,Knows
1,20,speaker Abel,"Laxgibuu (""Wolf clan"")",Directed,1,777,Knows
1,48,speaker Abel,Nisg̱a’a,Directed,1,777,Knows
20,1,"Laxgibuu (""Wolf clan"")",speaker Abel,Directed,1,778,Knows
1,20,speaker Abel,"Laxgibuu (""Wolf clan"")",Directed,1,778,Knows
48,1,Nisg̱a’a,speaker Abel,Directed,1,778,Knows
1,48,speaker Abel,Nisg̱a’a,Directed,1,778,Knows
20,1,"Laxgibuu (""Wolf clan"")",speaker Abel,Directed,1,779,Knows
1,48,speaker Abel,Nisg̱a’a,Directed,1,779,Knows
48,1,Nisg̱a’a,speaker Abel,Directed,1,779,Knows
1,20,speaker Abel,"Laxgibuu (""Wolf clan"")",Directed,1,779,Knows
48,1,Nisg̱a’a,speaker Abel,Directed,1,790,Knows
1,48,speaker Abel,Nisg̱a’a,Directed,1,790,Knows
1,48,speaker Abel,Nisg̱a’a,Directed,1,791,Knows
48,1,Nisg̱a’a,speaker Abel,Directed,1,791,Knows
1,48,speaker Abel,Nisg̱a’a,Directed,1,792,Knows
48,1,Nisg̱a’a,speaker Abel,Directed,1,792,Knows
48,1,Nisg̱a’a,speaker Abel,Directed,1,793,Knows
1,48,speaker Abel,Nisg̱a’a,Directed,1,793,Knows
1,48,speaker Abel,Nisg̱a’a,Directed,1,794,Knows
48,1,Nisg̱a’a,speaker Abel,Directed,1,794,Knows
1,48,speaker Abel,Nisg̱a’a,Directed,1,795,Knows
48,1,Nisg̱a’a,speaker Abel,Directed,1,795,Knows
1,48,speaker Abel,Nisg̱a’a,Directed,1,796,Knows
48,1,Nisg̱a’a,speaker Abel,Directed,1,796,Knows
1,48,speaker Abel,Nisg̱a’a,Directed,1,797,Knows
48,1,Nisg̱a’a,speaker Abel,Directed,1,797,Knows
1,48,speaker Abel,Nisg̱a’a,Directed,1,798,Knows
48,1,Nisg̱a’a,speaker Abel,Directed,1,798,Knows
1,48,speaker Abel,Nisg̱a’a,Directed,1,799,Knows
48,1,Nisg̱a’a,speaker Abel,Directed,1,799,Knows
48,1,Nisg̱a’a,speaker Abel,Directed,1,810,Knows
1,48,speaker Abel,Nisg̱a’a,Directed,1,810,Knows
48,1,Nisg̱a’a,speaker Abel,Directed,1,811,Knows
1,48,speaker Abel,Nisg̱a’a,Directed,1,811,Knows
1,48,speaker Abel,Nisg̱a’a,Directed,1,812,Knows
48,1,Nisg̱a’a,speaker Abel,Directed,1,812,Knows
1,48,speaker Abel,Nisg̱a’a,Directed,1,813,Knows
48,1,Nisg̱a’a,speaker Abel,Directed,1,813,Knows
1,48,speaker Abel,Nisg̱a’a,Directed,1,814,Knows
48,1,Nisg̱a’a,speaker Abel,Directed,1,814,Knows
1,48,speaker Abel,Nisg̱a’a,Directed,1,815,Knows
48,1,Nisg̱a’a,speaker Abel,Directed,1,815,Knows
48,1,Nisg̱a’a,speaker Abel,Directed,1,816,Knows
1,48,speaker Abel,Nisg̱a’a,Directed,1,816,Knows
48,1,Nisg̱a’a,speaker Abel,Directed,1,817,Knows
1,48,speaker Abel,Nisg̱a’a,Directed,1,817,Knows
1,48,speaker Abel,Nisg̱a’a,Directed,1,818,Knows
48,1,Nisg̱a’a,speaker Abel,Directed,1,818,Knows
1,48,speaker Abel,Nisg̱a’a,Directed,1,819,Knows
48,1,Nisg̱a’a,speaker Abel,Directed,1,819,Knows
1,48,speaker Abel,Nisg̱a’a,Directed,1,830,Knows
48,1,Nisg̱a’a,speaker Abel,Directed,1,830,Knows
1,48,speaker Abel,Nisg̱a’a,Directed,1,831,Knows
48,1,Nisg̱a’a,speaker Abel,Directed,1,831,Knows
48,1,Nisg̱a’a,speaker Abel,Directed,1,832,Knows
1,48,speaker Abel,Nisg̱a’a,Directed,1,832,Knows
1,48,speaker Abel,Nisg̱a’a,Directed,1,833,Knows
48,1,Nisg̱a’a,speaker Abel,Directed,1,833,Knows
48,1,Nisg̱a’a,speaker Abel,Directed,1,834,Knows
1,48,speaker Abel,Nisg̱a’a,Directed,1,834,Knows
1,48,speaker Abel,Nisg̱a’a,Directed,1,835,Knows
48,1,Nisg̱a’a,speaker Abel,Directed,1,835,Knows
48,1,Nisg̱a’a,speaker Abel,Directed,1,836,Knows
1,48,speaker Abel,Nisg̱a’a,Directed,1,836,Knows
1,48,speaker Abel,Nisg̱a’a,Directed,1,837,Knows
48,1,Nisg̱a’a,speaker Abel,Directed,1,837,Knows
1,48,speaker Abel,Nisg̱a’a,Directed,1,838,Knows
48,1,Nisg̱a’a,speaker Abel,Directed,1,838,Knows
48,1,Nisg̱a’a,speaker Abel,Directed,1,839,Knows
1,48,speaker Abel,Nisg̱a’a,Directed,1,839,Knows
1,32,speaker Abel,"""Ksemkaigyet"" (old man)",Directed,1,850,Knows
1,32,speaker Abel,"""Ksemkaigyet"" (old man)",Directed,1,851,Knows
1,32,speaker Abel,"""Ksemkaigyet"" (old man)",Directed,1,852,Knows
1,32,speaker Abel,"""Ksemkaigyet"" (old man)",Directed,1,853,Knows
1,32,speaker Abel,"""Ksemkaigyet"" (old man)",Directed,1,854,Knows
1,32,speaker Abel,"""Ksemkaigyet"" (old man)",Directed,1,855,Knows
1,32,speaker Abel,"""Ksemkaigyet"" (old man)",Directed,1,856,Knows
1,32,speaker Abel,"""Ksemkaigyet"" (old man)",Directed,1,857,Knows
1,32,speaker Abel,"""Ksemkaigyet"" (old man)",Directed,1,858,Knows
1,32,speaker Abel,"""Ksemkaigyet"" (old man)",Directed,1,859,Knows
1,48,speaker Abel,Nisg̱a’a,Directed,1,870,Knows
1,32,speaker Abel,"""Ksemkaigyet"" (old man)",Directed,1,870,Knows
48,1,Nisg̱a’a,speaker Abel,Directed,1,870,Knows
1,48,speaker Abel,Nisg̱a’a,Directed,1,871,Knows
1,32,speaker Abel,"""Ksemkaigyet"" (old man)",Directed,1,871,Knows
48,1,Nisg̱a’a,speaker Abel,Directed,1,871,Knows
1,48,speaker Abel,Nisg̱a’a,Directed,1,872,Knows
1,32,speaker Abel,"""Ksemkaigyet"" (old man)",Directed,1,872,Knows
48,1,Nisg̱a’a,speaker Abel,Directed,1,872,Knows
1,48,speaker Abel,Nisg̱a’a,Directed,1,873,Knows
48,1,Nisg̱a’a,speaker Abel,Directed,1,873,Knows
1,32,speaker Abel,"""Ksemkaigyet"" (old man)",Directed,1,873,Knows
48,1,Nisg̱a’a,speaker Abel,Directed,1,874,Knows
1,48,speaker Abel,Nisg̱a’a,Directed,1,874,Knows
1,32,speaker Abel,"""Ksemkaigyet"" (old man)",Directed,1,874,Knows
48,1,Nisg̱a’a,speaker Abel,Directed,1,875,Knows
1,48,speaker Abel,Nisg̱a’a,Directed,1,875,Knows
1,32,speaker Abel,"""Ksemkaigyet"" (old man)",Directed,1,875,Knows
1,48,speaker Abel,Nisg̱a’a,Directed,1,876,Knows
48,1,Nisg̱a’a,speaker Abel,Directed,1,876,Knows
1,32,speaker Abel,"""Ksemkaigyet"" (old man)",Directed,1,876,Knows
1,48,speaker Abel,Nisg̱a’a,Directed,1,877,Knows
1,32,speaker Abel,"""Ksemkaigyet"" (old man)",Directed,1,877,Knows
48,1,Nisg̱a’a,speaker Abel,Directed,1,877,Knows
1,48,speaker Abel,Nisg̱a’a,Directed,1,878,Knows
1,32,speaker Abel,"""Ksemkaigyet"" (old man)",Directed,1,878,Knows
48,1,Nisg̱a’a,speaker Abel,Directed,1,878,Knows
1,32,speaker Abel,"""Ksemkaigyet"" (old man)",Directed,1,879,Knows
48,1,Nisg̱a’a,speaker Abel,Directed,1,879,Knows
1,48,speaker Abel,Nisg̱a’a,Directed,1,879,Knows
1,48,speaker Abel,Nisg̱a’a,Directed,1,890,Knows
48,1,Nisg̱a’a,speaker Abel,Directed,1,890,Knows
48,1,Nisg̱a’a,speaker Abel,Directed,1,891,Knows
1,48,speaker Abel,Nisg̱a’a,Directed,1,891,Knows
48,1,Nisg̱a’a,speaker Abel,Directed,1,892,Knows
1,48,speaker Abel,Nisg̱a’a,Directed,1,892,Knows
1,48,speaker Abel,Nisg̱a’a,Directed,1,893,Knows
48,1,Nisg̱a’a,speaker Abel,Directed,1,893,Knows
1,48,speaker Abel,Nisg̱a’a,Directed,1,894,Knows
48,1,Nisg̱a’a,speaker Abel,Directed,1,894,Knows
1,48,speaker Abel,Nisg̱a’a,Directed,1,895,Knows
48,1,Nisg̱a’a,speaker Abel,Directed,1,895,Knows
48,1,Nisg̱a’a,speaker Abel,Directed,1,896,Knows
1,48,speaker Abel,Nisg̱a’a,Directed,1,896,Knows
1,48,speaker Abel,Nisg̱a’a,Directed,1,897,Knows
48,1,Nisg̱a’a,speaker Abel,Directed,1,897,Knows
1,48,speaker Abel,Nisg̱a’a,Directed,1,898,Knows
48,1,Nisg̱a’a,speaker Abel,Directed,1,898,Knows
1,48,speaker Abel,Nisg̱a’a,Directed,1,899,Knows
48,1,Nisg̱a’a,speaker Abel,Directed,1,899,Knows
1,49,speaker Abel,"""glass-nosed spirit""",Directed,1,930,Knows of
49,32,"""glass-nosed spirit""","""Ksemkaigyet"" (old man)",Directed,1,930,Exchange
1,32,speaker Abel,"""Ksemkaigyet"" (old man)",Directed,1,930,Knows of
32,49,"""Ksemkaigyet"" (old man)","""glass-nosed spirit""",Directed,1,930,Exchange
32,49,"""Ksemkaigyet"" (old man)","""glass-nosed spirit""",Directed,1,931,Exchange
1,49,speaker Abel,"""glass-nosed spirit""",Directed,1,931,Knows of
49,32,"""glass-nosed spirit""","""Ksemkaigyet"" (old man)",Directed,1,931,Exchange
1,32,speaker Abel,"""Ksemkaigyet"" (old man)",Directed,1,931,Knows of
32,49,"""Ksemkaigyet"" (old man)","""glass-nosed spirit""",Directed,1,932,Exchange
49,32,"""glass-nosed spirit""","""Ksemkaigyet"" (old man)",Directed,1,932,Exchange
1,49,speaker Abel,"""glass-nosed spirit""",Directed,1,932,Knows of
1,32,speaker Abel,"""Ksemkaigyet"" (old man)",Directed,1,932,Knows of
32,49,"""Ksemkaigyet"" (old man)","""glass-nosed spirit""",Directed,1,933,Exchange
49,32,"""glass-nosed spirit""","""Ksemkaigyet"" (old man)",Directed,1,933,Exchange
1,49,speaker Abel,"""glass-nosed spirit""",Directed,1,933,Knows of
1,32,speaker Abel,"""Ksemkaigyet"" (old man)",Directed,1,933,Knows of
32,49,"""Ksemkaigyet"" (old man)","""glass-nosed spirit""",Directed,1,934,Exchange
1,49,speaker Abel,"""glass-nosed spirit""",Directed,1,934,Knows of
1,32,speaker Abel,"""Ksemkaigyet"" (old man)",Directed,1,934,Knows of
49,32,"""glass-nosed spirit""","""Ksemkaigyet"" (old man)",Directed,1,934,Exchange
49,32,"""glass-nosed spirit""","""Ksemkaigyet"" (old man)",Directed,1,935,Exchange
32,49,"""Ksemkaigyet"" (old man)","""glass-nosed spirit""",Directed,1,935,Exchange
1,49,speaker Abel,"""glass-nosed spirit""",Directed,1,935,Knows of
1,32,speaker Abel,"""Ksemkaigyet"" (old man)",Directed,1,935,Knows of
49,32,"""glass-nosed spirit""","""Ksemkaigyet"" (old man)",Directed,1,936,Exchange
1,49,speaker Abel,"""glass-nosed spirit""",Directed,1,936,Knows of
32,49,"""Ksemkaigyet"" (old man)","""glass-nosed spirit""",Directed,1,936,Exchange
1,32,speaker Abel,"""Ksemkaigyet"" (old man)",Directed,1,936,Knows of
49,32,"""glass-nosed spirit""","""Ksemkaigyet"" (old man)",Directed,1,937,Exchange
32,49,"""Ksemkaigyet"" (old man)","""glass-nosed spirit""",Directed,1,937,Exchange
1,49,speaker Abel,"""glass-nosed spirit""",Directed,1,937,Knows of
1,32,speaker Abel,"""Ksemkaigyet"" (old man)",Directed,1,937,Knows of
1,49,speaker Abel,"""glass-nosed spirit""",Directed,1,938,Knows of
49,32,"""glass-nosed spirit""","""Ksemkaigyet"" (old man)",Directed,1,938,Exchange
32,49,"""Ksemkaigyet"" (old man)","""glass-nosed spirit""",Directed,1,938,Exchange
1,32,speaker Abel,"""Ksemkaigyet"" (old man)",Directed,1,938,Knows of
49,32,"""glass-nosed spirit""","""Ksemkaigyet"" (old man)",Directed,1,939,Exchange
1,32,speaker Abel,"""Ksemkaigyet"" (old man)",Directed,1,939,Knows of
1,49,speaker Abel,"""glass-nosed spirit""",Directed,1,939,Knows of
32,49,"""Ksemkaigyet"" (old man)","""glass-nosed spirit""",Directed,1,939,Exchange
1,60,speaker Abel,collage photos,Directed,1,950,Knows
60,1,collage photos,speaker Abel,Directed,1,950,Knows
1,60,speaker Abel,collage photos,Directed,1,951,Knows
60,1,collage photos,speaker Abel,Directed,1,951,Knows
60,1,collage photos,speaker Abel,Directed,1,952,Knows
1,60,speaker Abel,collage photos,Directed,1,952,Knows
1,60,speaker Abel,collage photos,Directed,1,953,Knows
60,1,collage photos,speaker Abel,Directed,1,953,Knows
60,1,collage photos,speaker Abel,Directed,1,954,Knows
1,60,speaker Abel,collage photos,Directed,1,954,Knows
1,60,speaker Abel,collage photos,Directed,1,955,Knows
60,1,collage photos,speaker Abel,Directed,1,955,Knows
67,16,various totem poles in Vancouver,biographical Abel,Directed,1,970,Knows
25,16,Jordan Abel's mother,biographical Abel,Directed,1,970,Knows
16,33,biographical Abel,Jordan Abel's father,Directed,1,970,Knows
33,16,Jordan Abel's father,biographical Abel,Directed,1,970,Knows
34,16,friends of Abel's parents,biographical Abel,Directed,1,970,Exchange
16,25,biographical Abel,Jordan Abel's mother,Directed,1,970,Knows
16,67,biographical Abel,various totem poles in Vancouver,Directed,1,970,Knows
16,34,biographical Abel,friends of Abel's parents,Directed,1,970,Exchange
67,16,various totem poles in Vancouver,biographical Abel,Directed,1,971,Knows
16,33,biographical Abel,Jordan Abel's father,Directed,1,971,Knows
16,34,biographical Abel,friends of Abel's parents,Directed,1,971,Exchange
16,25,biographical Abel,Jordan Abel's mother,Directed,1,971,Knows
25,16,Jordan Abel's mother,biographical Abel,Directed,1,971,Knows
33,16,Jordan Abel's father,biographical Abel,Directed,1,971,Knows
16,67,biographical Abel,various totem poles in Vancouver,Directed,1,971,Knows
34,16,friends of Abel's parents,biographical Abel,Directed,1,971,Exchange
16,25,biographical Abel,Jordan Abel's mother,Directed,1,972,Knows
34,16,friends of Abel's parents,biographical Abel,Directed,1,972,Exchange
67,16,various totem poles in Vancouver,biographical Abel,Directed,1,972,Knows
33,16,Jordan Abel's father,biographical Abel,Directed,1,972,Knows
16,33,biographical Abel,Jordan Abel's father,Directed,1,972,Knows
16,34,biographical Abel,friends of Abel's parents,Directed,1,972,Exchange
25,16,Jordan Abel's mother,biographical Abel,Directed,1,972,Knows
16,67,biographical Abel,various totem poles in Vancouver,Directed,1,972,Knows
16,25,biographical Abel,Jordan Abel's mother,Directed,1,973,Knows
16,33,biographical Abel,Jordan Abel's father,Directed,1,973,Knows
34,16,friends of Abel's parents,biographical Abel,Directed,1,973,Exchange
67,16,various totem poles in Vancouver,biographical Abel,Directed,1,973,Knows
33,16,Jordan Abel's father,biographical Abel,Directed,1,973,Knows
16,67,biographical Abel,various totem poles in Vancouver,Directed,1,973,Knows
25,16,Jordan Abel's mother,biographical Abel,Directed,1,973,Knows
16,34,biographical Abel,friends of Abel's parents,Directed,1,973,Exchange
25,16,Jordan Abel's mother,biographical Abel,Directed,1,974,Knows
16,67,biographical Abel,various totem poles in Vancouver,Directed,1,974,Knows
33,16,Jordan Abel's father,biographical Abel,Directed,1,974,Knows
16,34,biographical Abel,friends of Abel's parents,Directed,1,974,Exchange
67,16,various totem poles in Vancouver,biographical Abel,Directed,1,974,Knows
16,33,biographical Abel,Jordan Abel's father,Directed,1,974,Knows
34,16,friends of Abel's parents,biographical Abel,Directed,1,974,Exchange
16,25,biographical Abel,Jordan Abel's mother,Directed,1,974,Knows
67,16,various totem poles in Vancouver,biographical Abel,Directed,1,975,Knows
16,34,biographical Abel,friends of Abel's parents,Directed,1,975,Exchange
34,16,friends of Abel's parents,biographical Abel,Directed,1,975,Exchange
16,67,biographical Abel,various totem poles in Vancouver,Directed,1,975,Knows
33,16,Jordan Abel's father,biographical Abel,Directed,1,975,Knows
16,33,biographical Abel,Jordan Abel's father,Directed,1,975,Knows
25,16,Jordan Abel's mother,biographical Abel,Directed,1,975,Knows
16,25,biographical Abel,Jordan Abel's mother,Directed,1,975,Knows
34,16,friends of Abel's parents,biographical Abel,Directed,1,976,Exchange
16,33,biographical Abel,Jordan Abel's father,Directed,1,976,Knows
25,16,Jordan Abel's mother,biographical Abel,Directed,1,976,Knows
16,67,biographical Abel,various totem poles in Vancouver,Directed,1,976,Knows
16,34,biographical Abel,friends of Abel's parents,Directed,1,976,Exchange
33,16,Jordan Abel's father,biographical Abel,Directed,1,976,Knows
67,16,various totem poles in Vancouver,biographical Abel,Directed,1,976,Knows
16,25,biographical Abel,Jordan Abel's mother,Directed,1,976,Knows
25,16,Jordan Abel's mother,biographical Abel,Directed,1,977,Knows
16,67,biographical Abel,various totem poles in Vancouver,Directed,1,977,Knows
34,16,friends of Abel's parents,biographical Abel,Directed,1,977,Exchange
33,16,Jordan Abel's father,biographical Abel,Directed,1,977,Knows
16,25,biographical Abel,Jordan Abel's mother,Directed,1,977,Knows
16,34,biographical Abel,friends of Abel's parents,Directed,1,977,Exchange
67,16,various totem poles in Vancouver,biographical Abel,Directed,1,977,Knows
16,33,biographical Abel,Jordan Abel's father,Directed,1,977,Knows
16,33,biographical Abel,Jordan Abel's father,Directed,1,978,Knows
25,16,Jordan Abel's mother,biographical Abel,Directed,1,978,Knows
34,16,friends of Abel's parents,biographical Abel,Directed,1,978,Exchange
16,34,biographical Abel,friends of Abel's parents,Directed,1,978,Exchange
33,16,Jordan Abel's father,biographical Abel,Directed,1,978,Knows
16,25,biographical Abel,Jordan Abel's mother,Directed,1,978,Knows
67,16,various totem poles in Vancouver,biographical Abel,Directed,1,978,Knows
16,67,biographical Abel,various totem poles in Vancouver,Directed,1,978,Knows
16,33,biographical Abel,Jordan Abel's father,Directed,1,979,Knows
16,25,biographical Abel,Jordan Abel's mother,Directed,1,979,Knows
67,16,various totem poles in Vancouver,biographical Abel,Directed,1,979,Knows
16,67,biographical Abel,various totem poles in Vancouver,Directed,1,979,Knows
16,34,biographical Abel,friends of Abel's parents,Directed,1,979,Exchange
34,16,friends of Abel's parents,biographical Abel,Directed,1,979,Exchange
33,16,Jordan Abel's father,biographical Abel,Directed,1,979,Knows
25,16,Jordan Abel's mother,biographical Abel,Directed,1,979,Knows
16,68,biographical Abel,totem pole in Vancouver mall,Directed,1,1050,Knows of
16,1,biographical Abel,speaker Abel,Directed,1,1050,Knows of
1,68,speaker Abel,totem pole in Vancouver mall,Directed,1,1050,Knows
68,1,totem pole in Vancouver mall,speaker Abel,Directed,1,1050,Knows
16,1,biographical Abel,speaker Abel,Directed,1,1051,Knows of
68,1,totem pole in Vancouver mall,speaker Abel,Directed,1,1051,Knows
16,68,biographical Abel,totem pole in Vancouver mall,Directed,1,1051,Knows of
1,68,speaker Abel,totem pole in Vancouver mall,Directed,1,1051,Knows
16,1,biographical Abel,speaker Abel,Directed,1,1052,Knows of
1,68,speaker Abel,totem pole in Vancouver mall,Directed,1,1052,Knows
16,68,biographical Abel,totem pole in Vancouver mall,Directed,1,1052,Knows of
68,1,totem pole in Vancouver mall,speaker Abel,Directed,1,1052,Knows
68,1,totem pole in Vancouver mall,speaker Abel,Directed,1,1053,Knows
16,1,biographical Abel,speaker Abel,Directed,1,1053,Knows of
1,68,speaker Abel,totem pole in Vancouver mall,Directed,1,1053,Knows
16,68,biographical Abel,totem pole in Vancouver mall,Directed,1,1053,Knows of
16,68,biographical Abel,totem pole in Vancouver mall,Directed,1,1054,Knows of
68,1,totem pole in Vancouver mall,speaker Abel,Directed,1,1054,Knows
1,68,speaker Abel,totem pole in Vancouver mall,Directed,1,1054,Knows
16,1,biographical Abel,speaker Abel,Directed,1,1054,Knows of
16,1,biographical Abel,speaker Abel,Directed,1,1055,Knows of
1,68,speaker Abel,totem pole in Vancouver mall,Directed,1,1055,Knows
68,1,totem pole in Vancouver mall,speaker Abel,Directed,1,1055,Knows
16,68,biographical Abel,totem pole in Vancouver mall,Directed,1,1055,Knows of
16,1,biographical Abel,speaker Abel,Directed,1,1056,Knows of
68,1,totem pole in Vancouver mall,speaker Abel,Directed,1,1056,Knows
1,68,speaker Abel,totem pole in Vancouver mall,Directed,1,1056,Knows
16,68,biographical Abel,totem pole in Vancouver mall,Directed,1,1056,Knows of
16,68,biographical Abel,totem pole in Vancouver mall,Directed,1,1057,Knows of
16,1,biographical Abel,speaker Abel,Directed,1,1057,Knows of
1,68,speaker Abel,totem pole in Vancouver mall,Directed,1,1057,Knows
68,1,totem pole in Vancouver mall,speaker Abel,Directed,1,1057,Knows
16,1,biographical Abel,speaker Abel,Directed,1,1058,Knows of
16,68,biographical Abel,totem pole in Vancouver mall,Directed,1,1058,Knows of
1,68,speaker Abel,totem pole in Vancouver mall,Directed,1,1058,Knows
68,1,totem pole in Vancouver mall,speaker Abel,Directed,1,1058,Knows
68,1,totem pole in Vancouver mall,speaker Abel,Directed,1,1059,Knows
1,68,speaker Abel,totem pole in Vancouver mall,Directed,1,1059,Knows
16,68,biographical Abel,totem pole in Vancouver mall,Directed,1,1059,Knows of
16,1,biographical Abel,speaker Abel,Directed,1,1059,Knows of
60,1,collage photos,speaker Abel,Directed,1,1070,Knows
1,60,speaker Abel,collage photos,Directed,1,1070,Knows
60,1,collage photos,speaker Abel,Directed,1,1071,Knows
1,60,speaker Abel,collage photos,Directed,1,1071,Knows
60,1,collage photos,speaker Abel,Directed,1,1072,Knows
1,60,speaker Abel,collage photos,Directed,1,1072,Knows
1,60,speaker Abel,collage photos,Directed,1,1073,Knows
60,1,collage photos,speaker Abel,Directed,1,1073,Knows
1,60,speaker Abel,collage photos,Directed,1,1074,Knows
60,1,collage photos,speaker Abel,Directed,1,1074,Knows
60,1,collage photos,speaker Abel,Directed,1,1075,Knows
1,60,speaker Abel,collage photos,Directed,1,1075,Knows
60,1,collage photos,speaker Abel,Directed,1,1076,Knows
1,60,speaker Abel,collage photos,Directed,1,1076,Knows
1,60,speaker Abel,collage photos,Directed,1,1077,Knows
60,1,collage photos,speaker Abel,Directed,1,1077,Knows
2,41,Sagaween (Laxsgiik),"""the Spirit Halibut""",Directed,1,1090,Knows
37,36,"""Gunas"" (Laxsgiik)","""Gitrhawn clan""",Directed,1,1090,Knows
69,36,"""the Eagle""","""Gitrhawn clan""",Directed,1,1090,Knows
14,41,real Barbeau,"""the Spirit Halibut""",Directed,1,1090,Knows of
41,37,"""the Spirit Halibut""","""Gunas"" (Laxsgiik)",Directed,1,1090,Exchange
41,36,"""the Spirit Halibut""","""Gitrhawn clan""",Directed,1,1090,Knows
38,36,"chief of ""Gitrhawn clan""","""Gitrhawn clan""",Directed,1,1090,Exchange
14,69,real Barbeau,"""the Eagle""",Directed,1,1090,Knows of
2,36,Sagaween (Laxsgiik),"""Gitrhawn clan""",Directed,1,1090,Knows
2,37,Sagaween (Laxsgiik),"""Gunas"" (Laxsgiik)",Directed,1,1090,Knows
38,41,"chief of ""Gitrhawn clan""","""the Spirit Halibut""",Directed,1,1090,Knows
14,37,real Barbeau,"""Gunas"" (Laxsgiik)",Directed,1,1090,Knows of
14,2,real Barbeau,Sagaween (Laxsgiik),Directed,1,1090,Knows of
69,38,"""the Eagle""","chief of ""Gitrhawn clan""",Directed,1,1090,Knows
14,36,real Barbeau,"""Gitrhawn clan""",Directed,1,1090,Knows of
69,37,"""the Eagle""","""Gunas"" (Laxsgiik)",Directed,1,1090,Knows
2,69,Sagaween (Laxsgiik),"""the Eagle""",Directed,1,1090,Knows
14,38,real Barbeau,"chief of ""Gitrhawn clan""",Directed,1,1090,Knows of
41,38,"""the Spirit Halibut""","chief of ""Gitrhawn clan""",Directed,1,1090,Knows
36,41,"""Gitrhawn clan""","""the Spirit Halibut""",Directed,1,1090,Knows
36,69,"""Gitrhawn clan""","""the Eagle""",Directed,1,1090,Knows
38,37,"chief of ""Gitrhawn clan""","""Gunas"" (Laxsgiik)",Directed,1,1090,Knows
36,38,"""Gitrhawn clan""","chief of ""Gitrhawn clan""",Directed,1,1090,Exchange
36,37,"""Gitrhawn clan""","""Gunas"" (Laxsgiik)",Directed,1,1090,Knows
38,69,"chief of ""Gitrhawn clan""","""the Eagle""",Directed,1,1090,Knows
37,38,"""Gunas"" (Laxsgiik)","chief of ""Gitrhawn clan""",Directed,1,1090,Knows
37,41,"""Gunas"" (Laxsgiik)","""the Spirit Halibut""",Directed,1,1090,Exchange
2,38,Sagaween (Laxsgiik),"chief of ""Gitrhawn clan""",Directed,1,1090,Knows
37,69,"""Gunas"" (Laxsgiik)","""the Eagle""",Directed,1,1090,Knows
36,2,"""Gitrhawn clan""",Sagaween (Laxsgiik),Directed,1,1090,Knows
36,41,"""Gitrhawn clan""","""the Spirit Halibut""",Directed,1,1091,Knows
38,37,"chief of ""Gitrhawn clan""","""Gunas"" (Laxsgiik)",Directed,1,1091,Knows
14,36,real Barbeau,"""Gitrhawn clan""",Directed,1,1091,Knows of
2,69,Sagaween (Laxsgiik),"""the Eagle""",Directed,1,1091,Knows
37,36,"""Gunas"" (Laxsgiik)","""Gitrhawn clan""",Directed,1,1091,Knows
14,2,real Barbeau,Sagaween (Laxsgiik),Directed,1,1091,Knows of
2,38,Sagaween (Laxsgiik),"chief of ""Gitrhawn clan""",Directed,1,1091,Knows
2,37,Sagaween (Laxsgiik),"""Gunas"" (Laxsgiik)",Directed,1,1091,Knows
38,41,"chief of ""Gitrhawn clan""","""the Spirit Halibut""",Directed,1,1091,Knows
2,36,Sagaween (Laxsgiik),"""Gitrhawn clan""",Directed,1,1091,Knows
36,38,"""Gitrhawn clan""","chief of ""Gitrhawn clan""",Directed,1,1091,Exchange
69,37,"""the Eagle""","""Gunas"" (Laxsgiik)",Directed,1,1091,Knows
69,36,"""the Eagle""","""Gitrhawn clan""",Directed,1,1091,Knows
38,36,"chief of ""Gitrhawn clan""","""Gitrhawn clan""",Directed,1,1091,Exchange
36,2,"""Gitrhawn clan""",Sagaween (Laxsgiik),Directed,1,1091,Knows
69,38,"""the Eagle""","chief of ""Gitrhawn clan""",Directed,1,1091,Knows
14,37,real Barbeau,"""Gunas"" (Laxsgiik)",Directed,1,1091,Knows of
37,69,"""Gunas"" (Laxsgiik)","""the Eagle""",Directed,1,1091,Knows
41,38,"""the Spirit Halibut""","chief of ""Gitrhawn clan""",Directed,1,1091,Knows
14,69,real Barbeau,"""the Eagle""",Directed,1,1091,Knows of
2,41,Sagaween (Laxsgiik),"""the Spirit Halibut""",Directed,1,1091,Knows
14,38,real Barbeau,"chief of ""Gitrhawn clan""",Directed,1,1091,Knows of
41,37,"""the Spirit Halibut""","""Gunas"" (Laxsgiik)",Directed,1,1091,Exchange
14,41,real Barbeau,"""the Spirit Halibut""",Directed,1,1091,Knows of
37,41,"""Gunas"" (Laxsgiik)","""the Spirit Halibut""",Directed,1,1091,Exchange
37,38,"""Gunas"" (Laxsgiik)","chief of ""Gitrhawn clan""",Directed,1,1091,Knows
41,36,"""the Spirit Halibut""","""Gitrhawn clan""",Directed,1,1091,Knows
36,69,"""Gitrhawn clan""","""the Eagle""",Directed,1,1091,Knows
36,37,"""Gitrhawn clan""","""Gunas"" (Laxsgiik)",Directed,1,1091,Knows
38,69,"chief of ""Gitrhawn clan""","""the Eagle""",Directed,1,1091,Knows
2,69,Sagaween (Laxsgiik),"""the Eagle""",Directed,1,1092,Knows
37,69,"""Gunas"" (Laxsgiik)","""the Eagle""",Directed,1,1092,Knows
36,38,"""Gitrhawn clan""","chief of ""Gitrhawn clan""",Directed,1,1092,Exchange
37,38,"""Gunas"" (Laxsgiik)","chief of ""Gitrhawn clan""",Directed,1,1092,Knows
36,37,"""Gitrhawn clan""","""Gunas"" (Laxsgiik)",Directed,1,1092,Knows
2,36,Sagaween (Laxsgiik),"""Gitrhawn clan""",Directed,1,1092,Knows
2,41,Sagaween (Laxsgiik),"""the Spirit Halibut""",Directed,1,1092,Knows
14,38,real Barbeau,"chief of ""Gitrhawn clan""",Directed,1,1092,Knows of
2,37,Sagaween (Laxsgiik),"""Gunas"" (Laxsgiik)",Directed,1,1092,Knows
37,36,"""Gunas"" (Laxsgiik)","""Gitrhawn clan""",Directed,1,1092,Knows
36,41,"""Gitrhawn clan""","""the Spirit Halibut""",Directed,1,1092,Knows
14,2,real Barbeau,Sagaween (Laxsgiik),Directed,1,1092,Knows of
37,41,"""Gunas"" (Laxsgiik)","""the Spirit Halibut""",Directed,1,1092,Exchange
36,2,"""Gitrhawn clan""",Sagaween (Laxsgiik),Directed,1,1092,Knows
36,69,"""Gitrhawn clan""","""the Eagle""",Directed,1,1092,Knows
38,69,"chief of ""Gitrhawn clan""","""the Eagle""",Directed,1,1092,Knows
14,36,real Barbeau,"""Gitrhawn clan""",Directed,1,1092,Knows of
41,36,"""the Spirit Halibut""","""Gitrhawn clan""",Directed,1,1092,Knows
2,38,Sagaween (Laxsgiik),"chief of ""Gitrhawn clan""",Directed,1,1092,Knows
38,36,"chief of ""Gitrhawn clan""","""Gitrhawn clan""",Directed,1,1092,Exchange
41,38,"""the Spirit Halibut""","chief of ""Gitrhawn clan""",Directed,1,1092,Knows
69,36,"""the Eagle""","""Gitrhawn clan""",Directed,1,1092,Knows
14,37,real Barbeau,"""Gunas"" (Laxsgiik)",Directed,1,1092,Knows of
14,69,real Barbeau,"""the Eagle""",Directed,1,1092,Knows of
14,41,real Barbeau,"""the Spirit Halibut""",Directed,1,1092,Knows of
69,37,"""the Eagle""","""Gunas"" (Laxsgiik)",Directed,1,1092,Knows
38,41,"chief of ""Gitrhawn clan""","""the Spirit Halibut""",Directed,1,1092,Knows
41,37,"""the Spirit Halibut""","""Gunas"" (Laxsgiik)",Directed,1,1092,Exchange
69,38,"""the Eagle""","chief of ""Gitrhawn clan""",Directed,1,1092,Knows
38,37,"chief of ""Gitrhawn clan""","""Gunas"" (Laxsgiik)",Directed,1,1092,Knows
38,37,"chief of ""Gitrhawn clan""","""Gunas"" (Laxsgiik)",Directed,1,1093,Knows
36,2,"""Gitrhawn clan""",Sagaween (Laxsgiik),Directed,1,1093,Knows
38,36,"chief of ""Gitrhawn clan""","""Gitrhawn clan""",Directed,1,1093,Exchange
36,69,"""Gitrhawn clan""","""the Eagle""",Directed,1,1093,Knows
36,38,"""Gitrhawn clan""","chief of ""Gitrhawn clan""",Directed,1,1093,Exchange
37,36,"""Gunas"" (Laxsgiik)","""Gitrhawn clan""",Directed,1,1093,Knows
2,38,Sagaween (Laxsgiik),"chief of ""Gitrhawn clan""",Directed,1,1093,Knows
36,41,"""Gitrhawn clan""","""the Spirit Halibut""",Directed,1,1093,Knows
14,37,real Barbeau,"""Gunas"" (Laxsgiik)",Directed,1,1093,Knows of
37,69,"""Gunas"" (Laxsgiik)","""the Eagle""",Directed,1,1093,Knows
37,41,"""Gunas"" (Laxsgiik)","""the Spirit Halibut""",Directed,1,1093,Exchange
41,38,"""the Spirit Halibut""","chief of ""Gitrhawn clan""",Directed,1,1093,Knows
37,38,"""Gunas"" (Laxsgiik)","chief of ""Gitrhawn clan""",Directed,1,1093,Knows
69,36,"""the Eagle""","""Gitrhawn clan""",Directed,1,1093,Knows
2,69,Sagaween (Laxsgiik),"""the Eagle""",Directed,1,1093,Knows
14,2,real Barbeau,Sagaween (Laxsgiik),Directed,1,1093,Knows of
2,41,Sagaween (Laxsgiik),"""the Spirit Halibut""",Directed,1,1093,Knows
69,37,"""the Eagle""","""Gunas"" (Laxsgiik)",Directed,1,1093,Knows
14,38,real Barbeau,"chief of ""Gitrhawn clan""",Directed,1,1093,Knows of
41,37,"""the Spirit Halibut""","""Gunas"" (Laxsgiik)",Directed,1,1093,Exchange
69,38,"""the Eagle""","chief of ""Gitrhawn clan""",Directed,1,1093,Knows
14,36,real Barbeau,"""Gitrhawn clan""",Directed,1,1093,Knows of
36,37,"""Gitrhawn clan""","""Gunas"" (Laxsgiik)",Directed,1,1093,Knows
41,36,"""the Spirit Halibut""","""Gitrhawn clan""",Directed,1,1093,Knows
2,36,Sagaween (Laxsgiik),"""Gitrhawn clan""",Directed,1,1093,Knows
14,41,real Barbeau,"""the Spirit Halibut""",Directed,1,1093,Knows of
2,37,Sagaween (Laxsgiik),"""Gunas"" (Laxsgiik)",Directed,1,1093,Knows
14,69,real Barbeau,"""the Eagle""",Directed,1,1093,Knows of
38,41,"chief of ""Gitrhawn clan""","""the Spirit Halibut""",Directed,1,1093,Knows
38,69,"chief of ""Gitrhawn clan""","""the Eagle""",Directed,1,1093,Knows
36,38,"""Gitrhawn clan""","chief of ""Gitrhawn clan""",Directed,1,1094,Exchange
38,36,"chief of ""Gitrhawn clan""","""Gitrhawn clan""",Directed,1,1094,Exchange
38,37,"chief of ""Gitrhawn clan""","""Gunas"" (Laxsgiik)",Directed,1,1094,Knows
36,69,"""Gitrhawn clan""","""the Eagle""",Directed,1,1094,Knows
2,41,Sagaween (Laxsgiik),"""the Spirit Halibut""",Directed,1,1094,Knows
37,69,"""Gunas"" (Laxsgiik)","""the Eagle""",Directed,1,1094,Knows
14,38,real Barbeau,"chief of ""Gitrhawn clan""",Directed,1,1094,Knows of
2,69,Sagaween (Laxsgiik),"""the Eagle""",Directed,1,1094,Knows
69,36,"""the Eagle""","""Gitrhawn clan""",Directed,1,1094,Knows
36,41,"""Gitrhawn clan""","""the Spirit Halibut""",Directed,1,1094,Knows
36,2,"""Gitrhawn clan""",Sagaween (Laxsgiik),Directed,1,1094,Knows
14,69,real Barbeau,"""the Eagle""",Directed,1,1094,Knows of
14,41,real Barbeau,"""the Spirit Halibut""",Directed,1,1094,Knows of
41,37,"""the Spirit Halibut""","""Gunas"" (Laxsgiik)",Directed,1,1094,Exchange
69,37,"""the Eagle""","""Gunas"" (Laxsgiik)",Directed,1,1094,Knows
14,36,real Barbeau,"""Gitrhawn clan""",Directed,1,1094,Knows of
14,2,real Barbeau,Sagaween (Laxsgiik),Directed,1,1094,Knows of
38,69,"chief of ""Gitrhawn clan""","""the Eagle""",Directed,1,1094,Knows
37,41,"""Gunas"" (Laxsgiik)","""the Spirit Halibut""",Directed,1,1094,Exchange
14,37,real Barbeau,"""Gunas"" (Laxsgiik)",Directed,1,1094,Knows of
2,38,Sagaween (Laxsgiik),"chief of ""Gitrhawn clan""",Directed,1,1094,Knows
2,37,Sagaween (Laxsgiik),"""Gunas"" (Laxsgiik)",Directed,1,1094,Knows
36,37,"""Gitrhawn clan""","""Gunas"" (Laxsgiik)",Directed,1,1094,Knows
41,38,"""the Spirit Halibut""","chief of ""Gitrhawn clan""",Directed,1,1094,Knows
38,41,"chief of ""Gitrhawn clan""","""the Spirit Halibut""",Directed,1,1094,Knows
37,36,"""Gunas"" (Laxsgiik)","""Gitrhawn clan""",Directed,1,1094,Knows
37,38,"""Gunas"" (Laxsgiik)","chief of ""Gitrhawn clan""",Directed,1,1094,Knows
41,36,"""the Spirit Halibut""","""Gitrhawn clan""",Directed,1,1094,Knows
2,36,Sagaween (Laxsgiik),"""Gitrhawn clan""",Directed,1,1094,Knows
69,38,"""the Eagle""","chief of ""Gitrhawn clan""",Directed,1,1094,Knows
14,36,real Barbeau,"""Gitrhawn clan""",Directed,1,1095,Knows of
37,36,"""Gunas"" (Laxsgiik)","""Gitrhawn clan""",Directed,1,1095,Knows
36,38,"""Gitrhawn clan""","chief of ""Gitrhawn clan""",Directed,1,1095,Exchange
69,36,"""the Eagle""","""Gitrhawn clan""",Directed,1,1095,Knows
2,36,Sagaween (Laxsgiik),"""Gitrhawn clan""",Directed,1,1095,Knows
2,41,Sagaween (Laxsgiik),"""the Spirit Halibut""",Directed,1,1095,Knows
14,2,real Barbeau,Sagaween (Laxsgiik),Directed,1,1095,Knows of
14,37,real Barbeau,"""Gunas"" (Laxsgiik)",Directed,1,1095,Knows of
38,36,"chief of ""Gitrhawn clan""","""Gitrhawn clan""",Directed,1,1095,Exchange
14,69,real Barbeau,"""the Eagle""",Directed,1,1095,Knows of
36,2,"""Gitrhawn clan""",Sagaween (Laxsgiik),Directed,1,1095,Knows
41,37,"""the Spirit Halibut""","""Gunas"" (Laxsgiik)",Directed,1,1095,Exchange
2,69,Sagaween (Laxsgiik),"""the Eagle""",Directed,1,1095,Knows
37,38,"""Gunas"" (Laxsgiik)","chief of ""Gitrhawn clan""",Directed,1,1095,Knows
37,41,"""Gunas"" (Laxsgiik)","""the Spirit Halibut""",Directed,1,1095,Exchange
38,69,"chief of ""Gitrhawn clan""","""the Eagle""",Directed,1,1095,Knows
36,37,"""Gitrhawn clan""","""Gunas"" (Laxsgiik)",Directed,1,1095,Knows
69,37,"""the Eagle""","""Gunas"" (Laxsgiik)",Directed,1,1095,Knows
41,36,"""the Spirit Halibut""","""Gitrhawn clan""",Directed,1,1095,Knows
69,38,"""the Eagle""","chief of ""Gitrhawn clan""",Directed,1,1095,Knows
38,41,"chief of ""Gitrhawn clan""","""the Spirit Halibut""",Directed,1,1095,Knows
38,37,"chief of ""Gitrhawn clan""","""Gunas"" (Laxsgiik)",Directed,1,1095,Knows
36,69,"""Gitrhawn clan""","""the Eagle""",Directed,1,1095,Knows
37,69,"""Gunas"" (Laxsgiik)","""the Eagle""",Directed,1,1095,Knows
41,38,"""the Spirit Halibut""","chief of ""Gitrhawn clan""",Directed,1,1095,Knows
14,38,real Barbeau,"chief of ""Gitrhawn clan""",Directed,1,1095,Knows of
36,41,"""Gitrhawn clan""","""the Spirit Halibut""",Directed,1,1095,Knows
14,41,real Barbeau,"""the Spirit Halibut""",Directed,1,1095,Knows of
2,38,Sagaween (Laxsgiik),"chief of ""Gitrhawn clan""",Directed,1,1095,Knows
2,37,Sagaween (Laxsgiik),"""Gunas"" (Laxsgiik)",Directed,1,1095,Knows
14,37,real Barbeau,"""Gunas"" (Laxsgiik)",Directed,1,1096,Knows of
14,36,real Barbeau,"""Gitrhawn clan""",Directed,1,1096,Knows of
2,37,Sagaween (Laxsgiik),"""Gunas"" (Laxsgiik)",Directed,1,1096,Knows
37,38,"""Gunas"" (Laxsgiik)","chief of ""Gitrhawn clan""",Directed,1,1096,Knows
37,69,"""Gunas"" (Laxsgiik)","""the Eagle""",Directed,1,1096,Knows
69,36,"""the Eagle""","""Gitrhawn clan""",Directed,1,1096,Knows
2,36,Sagaween (Laxsgiik),"""Gitrhawn clan""",Directed,1,1096,Knows
37,41,"""Gunas"" (Laxsgiik)","""the Spirit Halibut""",Directed,1,1096,Exchange
14,41,real Barbeau,"""the Spirit Halibut""",Directed,1,1096,Knows of
2,41,Sagaween (Laxsgiik),"""the Spirit Halibut""",Directed,1,1096,Knows
41,36,"""the Spirit Halibut""","""Gitrhawn clan""",Directed,1,1096,Knows
38,37,"chief of ""Gitrhawn clan""","""Gunas"" (Laxsgiik)",Directed,1,1096,Knows
36,69,"""Gitrhawn clan""","""the Eagle""",Directed,1,1096,Knows
38,69,"chief of ""Gitrhawn clan""","""the Eagle""",Directed,1,1096,Knows
14,38,real Barbeau,"chief of ""Gitrhawn clan""",Directed,1,1096,Knows of
2,69,Sagaween (Laxsgiik),"""the Eagle""",Directed,1,1096,Knows
2,38,Sagaween (Laxsgiik),"chief of ""Gitrhawn clan""",Directed,1,1096,Knows
36,41,"""Gitrhawn clan""","""the Spirit Halibut""",Directed,1,1096,Knows
69,37,"""the Eagle""","""Gunas"" (Laxsgiik)",Directed,1,1096,Knows
36,37,"""Gitrhawn clan""","""Gunas"" (Laxsgiik)",Directed,1,1096,Knows
41,37,"""the Spirit Halibut""","""Gunas"" (Laxsgiik)",Directed,1,1096,Exchange
38,36,"chief of ""Gitrhawn clan""","""Gitrhawn clan""",Directed,1,1096,Exchange
36,2,"""Gitrhawn clan""",Sagaween (Laxsgiik),Directed,1,1096,Knows
41,38,"""the Spirit Halibut""","chief of ""Gitrhawn clan""",Directed,1,1096,Knows
69,38,"""the Eagle""","chief of ""Gitrhawn clan""",Directed,1,1096,Knows
14,69,real Barbeau,"""the Eagle""",Directed,1,1096,Knows of
36,38,"""Gitrhawn clan""","chief of ""Gitrhawn clan""",Directed,1,1096,Exchange
14,2,real Barbeau,Sagaween (Laxsgiik),Directed,1,1096,Knows of
37,36,"""Gunas"" (Laxsgiik)","""Gitrhawn clan""",Directed,1,1096,Knows
38,41,"chief of ""Gitrhawn clan""","""the Spirit Halibut""",Directed,1,1096,Knows
41,36,"""the Spirit Halibut""","""Gitrhawn clan""",Directed,1,1097,Knows
69,38,"""the Eagle""","chief of ""Gitrhawn clan""",Directed,1,1097,Knows
2,69,Sagaween (Laxsgiik),"""the Eagle""",Directed,1,1097,Knows
2,36,Sagaween (Laxsgiik),"""Gitrhawn clan""",Directed,1,1097,Knows
37,38,"""Gunas"" (Laxsgiik)","chief of ""Gitrhawn clan""",Directed,1,1097,Knows
14,38,real Barbeau,"chief of ""Gitrhawn clan""",Directed,1,1097,Knows of
69,37,"""the Eagle""","""Gunas"" (Laxsgiik)",Directed,1,1097,Knows
38,69,"chief of ""Gitrhawn clan""","""the Eagle""",Directed,1,1097,Knows
2,41,Sagaween (Laxsgiik),"""the Spirit Halibut""",Directed,1,1097,Knows
69,36,"""the Eagle""","""Gitrhawn clan""",Directed,1,1097,Knows
14,2,real Barbeau,Sagaween (Laxsgiik),Directed,1,1097,Knows of
41,37,"""the Spirit Halibut""","""Gunas"" (Laxsgiik)",Directed,1,1097,Exchange
41,38,"""the Spirit Halibut""","chief of ""Gitrhawn clan""",Directed,1,1097,Knows
2,37,Sagaween (Laxsgiik),"""Gunas"" (Laxsgiik)",Directed,1,1097,Knows
38,41,"chief of ""Gitrhawn clan""","""the Spirit Halibut""",Directed,1,1097,Knows
37,36,"""Gunas"" (Laxsgiik)","""Gitrhawn clan""",Directed,1,1097,Knows
38,36,"chief of ""Gitrhawn clan""","""Gitrhawn clan""",Directed,1,1097,Exchange
14,37,real Barbeau,"""Gunas"" (Laxsgiik)",Directed,1,1097,Knows of
36,37,"""Gitrhawn clan""","""Gunas"" (Laxsgiik)",Directed,1,1097,Knows
14,36,real Barbeau,"""Gitrhawn clan""",Directed,1,1097,Knows of
36,38,"""Gitrhawn clan""","chief of ""Gitrhawn clan""",Directed,1,1097,Exchange
14,69,real Barbeau,"""the Eagle""",Directed,1,1097,Knows of
38,37,"chief of ""Gitrhawn clan""","""Gunas"" (Laxsgiik)",Directed,1,1097,Knows
2,38,Sagaween (Laxsgiik),"chief of ""Gitrhawn clan""",Directed,1,1097,Knows
36,41,"""Gitrhawn clan""","""the Spirit Halibut""",Directed,1,1097,Knows
36,2,"""Gitrhawn clan""",Sagaween (Laxsgiik),Directed,1,1097,Knows
14,41,real Barbeau,"""the Spirit Halibut""",Directed,1,1097,Knows of
37,41,"""Gunas"" (Laxsgiik)","""the Spirit Halibut""",Directed,1,1097,Exchange
36,69,"""Gitrhawn clan""","""the Eagle""",Directed,1,1097,Knows
37,69,"""Gunas"" (Laxsgiik)","""the Eagle""",Directed,1,1097,Knows
2,69,Sagaween (Laxsgiik),"""the Eagle""",Directed,1,1098,Knows
41,36,"""the Spirit Halibut""","""Gitrhawn clan""",Directed,1,1098,Knows
36,2,"""Gitrhawn clan""",Sagaween (Laxsgiik),Directed,1,1098,Knows
2,38,Sagaween (Laxsgiik),"chief of ""Gitrhawn clan""",Directed,1,1098,Knows
2,41,Sagaween (Laxsgiik),"""the Spirit Halibut""",Directed,1,1098,Knows
14,69,real Barbeau,"""the Eagle""",Directed,1,1098,Knows of
36,38,"""Gitrhawn clan""","chief of ""Gitrhawn clan""",Directed,1,1098,Exchange
41,37,"""the Spirit Halibut""","""Gunas"" (Laxsgiik)",Directed,1,1098,Exchange
14,2,real Barbeau,Sagaween (Laxsgiik),Directed,1,1098,Knows of
36,37,"""Gitrhawn clan""","""Gunas"" (Laxsgiik)",Directed,1,1098,Knows
41,38,"""the Spirit Halibut""","chief of ""Gitrhawn clan""",Directed,1,1098,Knows
69,37,"""the Eagle""","""Gunas"" (Laxsgiik)",Directed,1,1098,Knows
38,37,"chief of ""Gitrhawn clan""","""Gunas"" (Laxsgiik)",Directed,1,1098,Knows
36,41,"""Gitrhawn clan""","""the Spirit Halibut""",Directed,1,1098,Knows
37,41,"""Gunas"" (Laxsgiik)","""the Spirit Halibut""",Directed,1,1098,Exchange
14,41,real Barbeau,"""the Spirit Halibut""",Directed,1,1098,Knows of
69,38,"""the Eagle""","chief of ""Gitrhawn clan""",Directed,1,1098,Knows
2,36,Sagaween (Laxsgiik),"""Gitrhawn clan""",Directed,1,1098,Knows
37,69,"""Gunas"" (Laxsgiik)","""the Eagle""",Directed,1,1098,Knows
37,38,"""Gunas"" (Laxsgiik)","chief of ""Gitrhawn clan""",Directed,1,1098,Knows
2,37,Sagaween (Laxsgiik),"""Gunas"" (Laxsgiik)",Directed,1,1098,Knows
14,37,real Barbeau,"""Gunas"" (Laxsgiik)",Directed,1,1098,Knows of
36,69,"""Gitrhawn clan""","""the Eagle""",Directed,1,1098,Knows
38,41,"chief of ""Gitrhawn clan""","""the Spirit Halibut""",Directed,1,1098,Knows
14,36,real Barbeau,"""Gitrhawn clan""",Directed,1,1098,Knows of
14,38,real Barbeau,"chief of ""Gitrhawn clan""",Directed,1,1098,Knows of
69,36,"""the Eagle""","""Gitrhawn clan""",Directed,1,1098,Knows
38,36,"chief of ""Gitrhawn clan""","""Gitrhawn clan""",Directed,1,1098,Exchange
38,69,"chief of ""Gitrhawn clan""","""the Eagle""",Directed,1,1098,Knows
37,36,"""Gunas"" (Laxsgiik)","""Gitrhawn clan""",Directed,1,1098,Knows
36,69,"""Gitrhawn clan""","""the Eagle""",Directed,1,1099,Knows
38,69,"chief of ""Gitrhawn clan""","""the Eagle""",Directed,1,1099,Knows
2,36,Sagaween (Laxsgiik),"""Gitrhawn clan""",Directed,1,1099,Knows
41,38,"""the Spirit Halibut""","chief of ""Gitrhawn clan""",Directed,1,1099,Knows
2,38,Sagaween (Laxsgiik),"chief of ""Gitrhawn clan""",Directed,1,1099,Knows
69,37,"""the Eagle""","""Gunas"" (Laxsgiik)",Directed,1,1099,Knows
38,37,"chief of ""Gitrhawn clan""","""Gunas"" (Laxsgiik)",Directed,1,1099,Knows
2,41,Sagaween (Laxsgiik),"""the Spirit Halibut""",Directed,1,1099,Knows
38,41,"chief of ""Gitrhawn clan""","""the Spirit Halibut""",Directed,1,1099,Knows
2,37,Sagaween (Laxsgiik),"""Gunas"" (Laxsgiik)",Directed,1,1099,Knows
69,38,"""the Eagle""","chief of ""Gitrhawn clan""",Directed,1,1099,Knows
36,37,"""Gitrhawn clan""","""Gunas"" (Laxsgiik)",Directed,1,1099,Knows
41,36,"""the Spirit Halibut""","""Gitrhawn clan""",Directed,1,1099,Knows
36,2,"""Gitrhawn clan""",Sagaween (Laxsgiik),Directed,1,1099,Knows
36,41,"""Gitrhawn clan""","""the Spirit Halibut""",Directed,1,1099,Knows
37,41,"""Gunas"" (Laxsgiik)","""the Spirit Halibut""",Directed,1,1099,Exchange
14,41,real Barbeau,"""the Spirit Halibut""",Directed,1,1099,Knows of
37,38,"""Gunas"" (Laxsgiik)","chief of ""Gitrhawn clan""",Directed,1,1099,Knows
37,36,"""Gunas"" (Laxsgiik)","""Gitrhawn clan""",Directed,1,1099,Knows
14,36,real Barbeau,"""Gitrhawn clan""",Directed,1,1099,Knows of
69,36,"""the Eagle""","""Gitrhawn clan""",Directed,1,1099,Knows
14,69,real Barbeau,"""the Eagle""",Directed,1,1099,Knows of
14,37,real Barbeau,"""Gunas"" (Laxsgiik)",Directed,1,1099,Knows of
38,36,"chief of ""Gitrhawn clan""","""Gitrhawn clan""",Directed,1,1099,Exchange
37,69,"""Gunas"" (Laxsgiik)","""the Eagle""",Directed,1,1099,Knows
36,38,"""Gitrhawn clan""","chief of ""Gitrhawn clan""",Directed,1,1099,Exchange
14,2,real Barbeau,Sagaween (Laxsgiik),Directed,1,1099,Knows of
2,69,Sagaween (Laxsgiik),"""the Eagle""",Directed,1,1099,Knows
41,37,"""the Spirit Halibut""","""Gunas"" (Laxsgiik)",Directed,1,1099,Exchange
14,38,real Barbeau,"chief of ""Gitrhawn clan""",Directed,1,1099,Knows of
1,50,speaker Abel,"""the Spirit""",Directed,1,1130,Knows
1,50,speaker Abel,"""the Spirit""",Directed,1,1131,Knows
1,50,speaker Abel,"""the Spirit""",Directed,1,1132,Knows
1,50,speaker Abel,"""the Spirit""",Directed,1,1133,Knows
1,50,speaker Abel,"""the Spirit""",Directed,1,1134,Knows
1,50,speaker Abel,"""the Spirit""",Directed,1,1135,Knows
1,50,speaker Abel,"""the Spirit""",Directed,1,1136,Knows
1,50,speaker Abel,"""the Spirit""",Directed,1,1137,Knows
1,50,speaker Abel,"""the Spirit""",Directed,1,1138,Knows
1,50,speaker Abel,"""the Spirit""",Directed,1,1139,Knows
60,58,collage photos,Pole of Sagaween,Directed,1,1210,Knows
60,2,collage photos,Sagaween (Laxsgiik),Directed,1,1210,Knows
1,60,speaker Abel,collage photos,Directed,1,1210,Knows
58,2,Pole of Sagaween,Sagaween (Laxsgiik),Directed,1,1210,Knows
60,1,collage photos,speaker Abel,Directed,1,1210,Knows
2,58,Sagaween (Laxsgiik),Pole of Sagaween,Directed,1,1210,Knows
60,58,collage photos,Pole of Sagaween,Directed,1,1211,Knows
1,60,speaker Abel,collage photos,Directed,1,1211,Knows
60,1,collage photos,speaker Abel,Directed,1,1211,Knows
2,58,Sagaween (Laxsgiik),Pole of Sagaween,Directed,1,1211,Knows
58,2,Pole of Sagaween,Sagaween (Laxsgiik),Directed,1,1211,Knows
60,2,collage photos,Sagaween (Laxsgiik),Directed,1,1211,Knows
1,60,speaker Abel,collage photos,Directed,1,1212,Knows
60,58,collage photos,Pole of Sagaween,Directed,1,1212,Knows
60,2,collage photos,Sagaween (Laxsgiik),Directed,1,1212,Knows
58,2,Pole of Sagaween,Sagaween (Laxsgiik),Directed,1,1212,Knows
2,58,Sagaween (Laxsgiik),Pole of Sagaween,Directed,1,1212,Knows
60,1,collage photos,speaker Abel,Directed,1,1212,Knows
60,1,collage photos,speaker Abel,Directed,1,1213,Knows
60,58,collage photos,Pole of Sagaween,Directed,1,1213,Knows
60,2,collage photos,Sagaween (Laxsgiik),Directed,1,1213,Knows
1,60,speaker Abel,collage photos,Directed,1,1213,Knows
2,58,Sagaween (Laxsgiik),Pole of Sagaween,Directed,1,1213,Knows
58,2,Pole of Sagaween,Sagaween (Laxsgiik),Directed,1,1213,Knows
60,2,collage photos,Sagaween (Laxsgiik),Directed,1,1214,Knows
1,60,speaker Abel,collage photos,Directed,1,1214,Knows
60,1,collage photos,speaker Abel,Directed,1,1214,Knows
60,58,collage photos,Pole of Sagaween,Directed,1,1214,Knows
2,58,Sagaween (Laxsgiik),Pole of Sagaween,Directed,1,1214,Knows
58,2,Pole of Sagaween,Sagaween (Laxsgiik),Directed,1,1214,Knows
60,58,collage photos,Pole of Sagaween,Directed,1,1215,Knows
60,1,collage photos,speaker Abel,Directed,1,1215,Knows
2,58,Sagaween (Laxsgiik),Pole of Sagaween,Directed,1,1215,Knows
60,2,collage photos,Sagaween (Laxsgiik),Directed,1,1215,Knows
1,60,speaker Abel,collage photos,Directed,1,1215,Knows
58,2,Pole of Sagaween,Sagaween (Laxsgiik),Directed,1,1215,Knows
58,2,Pole of Sagaween,Sagaween (Laxsgiik),Directed,1,1216,Knows
1,60,speaker Abel,collage photos,Directed,1,1216,Knows
2,58,Sagaween (Laxsgiik),Pole of Sagaween,Directed,1,1216,Knows
60,58,collage photos,Pole of Sagaween,Directed,1,1216,Knows
60,1,collage photos,speaker Abel,Directed,1,1216,Knows
60,2,collage photos,Sagaween (Laxsgiik),Directed,1,1216,Knows
58,2,Pole of Sagaween,Sagaween (Laxsgiik),Directed,1,1217,Knows
1,2,speaker Abel,Sagaween (Laxsgiik),Directed,1,1217,Knows
2,58,Sagaween (Laxsgiik),Pole of Sagaween,Directed,1,1217,Knows
1,58,speaker Abel,Pole of Sagaween,Directed,1,1217,Knows
58,1,Pole of Sagaween,speaker Abel,Directed,1,1217,Knows
58,2,Pole of Sagaween,Sagaween (Laxsgiik),Directed,1,1218,Knows
2,58,Sagaween (Laxsgiik),Pole of Sagaween,Directed,1,1218,Knows
1,2,speaker Abel,Sagaween (Laxsgiik),Directed,1,1218,Knows
1,58,speaker Abel,Pole of Sagaween,Directed,1,1218,Knows
58,1,Pole of Sagaween,speaker Abel,Directed,1,1218,Knows
2,58,Sagaween (Laxsgiik),Pole of Sagaween,Directed,1,1219,Knows
58,1,Pole of Sagaween,speaker Abel,Directed,1,1219,Knows
1,58,speaker Abel,Pole of Sagaween,Directed,1,1219,Knows
1,2,speaker Abel,Sagaween (Laxsgiik),Directed,1,1219,Knows
58,2,Pole of Sagaween,Sagaween (Laxsgiik),Directed,1,1219,Knows
43,2,women singing,Sagaween (Laxsgiik),Directed,1,1230,Exchange
44,2,visitors at Sagaween's house,Sagaween (Laxsgiik),Directed,1,1230,Exchange
14,4,real Barbeau,"Gisk'aast (""Killer Whale Clan"")",Directed,1,1230,Knows of
43,71,women singing,cedar bark squid,Directed,1,1230,Exchange
71,42,cedar bark squid,Sagaween's father (Gisk'aast),Directed,1,1230,Knows
2,44,Sagaween (Laxsgiik),visitors at Sagaween's house,Directed,1,1230,Exchange
14,44,real Barbeau,visitors at Sagaween's house,Directed,1,1230,Knows of
71,2,cedar bark squid,Sagaween (Laxsgiik),Directed,1,1230,Knows
14,42,real Barbeau,Sagaween's father (Gisk'aast),Directed,1,1230,Knows of
44,42,visitors at Sagaween's house,Sagaween's father (Gisk'aast),Directed,1,1230,Knows
14,43,real Barbeau,women singing,Directed,1,1230,Knows of
44,71,visitors at Sagaween's house,cedar bark squid,Directed,1,1230,Exchange
71,43,cedar bark squid,women singing,Directed,1,1230,Exchange
44,43,visitors at Sagaween's house,women singing,Directed,1,1230,Exchange
14,71,real Barbeau,cedar bark squid,Directed,1,1230,Knows of
2,42,Sagaween (Laxsgiik),Sagaween's father (Gisk'aast),Directed,1,1230,Knows
2,43,Sagaween (Laxsgiik),women singing,Directed,1,1230,Exchange
43,44,women singing,visitors at Sagaween's house,Directed,1,1230,Exchange
14,2,real Barbeau,Sagaween (Laxsgiik),Directed,1,1230,Knows
2,71,Sagaween (Laxsgiik),cedar bark squid,Directed,1,1230,Knows
71,44,cedar bark squid,visitors at Sagaween's house,Directed,1,1230,Exchange
43,42,women singing,Sagaween's father (Gisk'aast),Directed,1,1230,Knows
43,2,women singing,Sagaween (Laxsgiik),Directed,1,1231,Exchange
14,71,real Barbeau,cedar bark squid,Directed,1,1231,Knows of
44,43,visitors at Sagaween's house,women singing,Directed,1,1231,Exchange
2,42,Sagaween (Laxsgiik),Sagaween's father (Gisk'aast),Directed,1,1231,Knows
2,71,Sagaween (Laxsgiik),cedar bark squid,Directed,1,1231,Knows
2,43,Sagaween (Laxsgiik),women singing,Directed,1,1231,Exchange
43,42,women singing,Sagaween's father (Gisk'aast),Directed,1,1231,Knows
71,2,cedar bark squid,Sagaween (Laxsgiik),Directed,1,1231,Knows
44,71,visitors at Sagaween's house,cedar bark squid,Directed,1,1231,Exchange
44,42,visitors at Sagaween's house,Sagaween's father (Gisk'aast),Directed,1,1231,Knows
2,44,Sagaween (Laxsgiik),visitors at Sagaween's house,Directed,1,1231,Exchange
14,42,real Barbeau,Sagaween's father (Gisk'aast),Directed,1,1231,Knows of
14,2,real Barbeau,Sagaween (Laxsgiik),Directed,1,1231,Knows
44,2,visitors at Sagaween's house,Sagaween (Laxsgiik),Directed,1,1231,Exchange
71,42,cedar bark squid,Sagaween's father (Gisk'aast),Directed,1,1231,Knows
43,44,women singing,visitors at Sagaween's house,Directed,1,1231,Exchange
14,44,real Barbeau,visitors at Sagaween's house,Directed,1,1231,Knows of
43,71,women singing,cedar bark squid,Directed,1,1231,Exchange
14,43,real Barbeau,women singing,Directed,1,1231,Knows of
14,4,real Barbeau,"Gisk'aast (""Killer Whale Clan"")",Directed,1,1231,Knows of
71,43,cedar bark squid,women singing,Directed,1,1231,Exchange
71,44,cedar bark squid,visitors at Sagaween's house,Directed,1,1231,Exchange
2,71,Sagaween (Laxsgiik),cedar bark squid,Directed,1,1232,Knows
14,42,real Barbeau,Sagaween's father (Gisk'aast),Directed,1,1232,Knows of
2,44,Sagaween (Laxsgiik),visitors at Sagaween's house,Directed,1,1232,Exchange
14,43,real Barbeau,women singing,Directed,1,1232,Knows of
2,43,Sagaween (Laxsgiik),women singing,Directed,1,1232,Exchange
14,2,real Barbeau,Sagaween (Laxsgiik),Directed,1,1232,Knows
2,42,Sagaween (Laxsgiik),Sagaween's father (Gisk'aast),Directed,1,1232,Knows
71,43,cedar bark squid,women singing,Directed,1,1232,Exchange
14,44,real Barbeau,visitors at Sagaween's house,Directed,1,1232,Knows of
44,42,visitors at Sagaween's house,Sagaween's father (Gisk'aast),Directed,1,1232,Knows
44,2,visitors at Sagaween's house,Sagaween (Laxsgiik),Directed,1,1232,Exchange
14,71,real Barbeau,cedar bark squid,Directed,1,1232,Knows of
43,2,women singing,Sagaween (Laxsgiik),Directed,1,1232,Exchange
71,42,cedar bark squid,Sagaween's father (Gisk'aast),Directed,1,1232,Knows
44,43,visitors at Sagaween's house,women singing,Directed,1,1232,Exchange
43,44,women singing,visitors at Sagaween's house,Directed,1,1232,Exchange
44,71,visitors at Sagaween's house,cedar bark squid,Directed,1,1232,Exchange
14,4,real Barbeau,"Gisk'aast (""Killer Whale Clan"")",Directed,1,1232,Knows of
71,44,cedar bark squid,visitors at Sagaween's house,Directed,1,1232,Exchange
43,71,women singing,cedar bark squid,Directed,1,1232,Exchange
71,2,cedar bark squid,Sagaween (Laxsgiik),Directed,1,1232,Knows
43,42,women singing,Sagaween's father (Gisk'aast),Directed,1,1232,Knows
2,71,Sagaween (Laxsgiik),cedar bark squid,Directed,1,1233,Knows
14,44,real Barbeau,visitors at Sagaween's house,Directed,1,1233,Knows of
14,43,real Barbeau,women singing,Directed,1,1233,Knows of
44,71,visitors at Sagaween's house,cedar bark squid,Directed,1,1233,Exchange
14,71,real Barbeau,cedar bark squid,Directed,1,1233,Knows of
71,44,cedar bark squid,visitors at Sagaween's house,Directed,1,1233,Exchange
71,43,cedar bark squid,women singing,Directed,1,1233,Exchange
14,42,real Barbeau,Sagaween's father (Gisk'aast),Directed,1,1233,Knows of
43,71,women singing,cedar bark squid,Directed,1,1233,Exchange
14,4,real Barbeau,"Gisk'aast (""Killer Whale Clan"")",Directed,1,1233,Knows of
44,2,visitors at Sagaween's house,Sagaween (Laxsgiik),Directed,1,1233,Exchange
71,42,cedar bark squid,Sagaween's father (Gisk'aast),Directed,1,1233,Knows
44,42,visitors at Sagaween's house,Sagaween's father (Gisk'aast),Directed,1,1233,Knows
43,2,women singing,Sagaween (Laxsgiik),Directed,1,1233,Exchange
43,42,women singing,Sagaween's father (Gisk'aast),Directed,1,1233,Knows
71,2,cedar bark squid,Sagaween (Laxsgiik),Directed,1,1233,Knows
44,43,visitors at Sagaween's house,women singing,Directed,1,1233,Exchange
2,42,Sagaween (Laxsgiik),Sagaween's father (Gisk'aast),Directed,1,1233,Knows
2,43,Sagaween (Laxsgiik),women singing,Directed,1,1233,Exchange
43,44,women singing,visitors at Sagaween's house,Directed,1,1233,Exchange
14,2,real Barbeau,Sagaween (Laxsgiik),Directed,1,1233,Knows
2,44,Sagaween (Laxsgiik),visitors at Sagaween's house,Directed,1,1233,Exchange
43,71,women singing,cedar bark squid,Directed,1,1234,Exchange
44,42,visitors at Sagaween's house,Sagaween's father (Gisk'aast),Directed,1,1234,Knows
2,71,Sagaween (Laxsgiik),cedar bark squid,Directed,1,1234,Knows
2,43,Sagaween (Laxsgiik),women singing,Directed,1,1234,Exchange
2,44,Sagaween (Laxsgiik),visitors at Sagaween's house,Directed,1,1234,Exchange
43,42,women singing,Sagaween's father (Gisk'aast),Directed,1,1234,Knows
44,71,visitors at Sagaween's house,cedar bark squid,Directed,1,1234,Exchange
14,43,real Barbeau,women singing,Directed,1,1234,Knows of
14,71,real Barbeau,cedar bark squid,Directed,1,1234,Knows of
14,42,real Barbeau,Sagaween's father (Gisk'aast),Directed,1,1234,Knows of
14,2,real Barbeau,Sagaween (Laxsgiik),Directed,1,1234,Knows
71,43,cedar bark squid,women singing,Directed,1,1234,Exchange
14,4,real Barbeau,"Gisk'aast (""Killer Whale Clan"")",Directed,1,1234,Knows of
71,44,cedar bark squid,visitors at Sagaween's house,Directed,1,1234,Exchange
71,42,cedar bark squid,Sagaween's father (Gisk'aast),Directed,1,1234,Knows
71,2,cedar bark squid,Sagaween (Laxsgiik),Directed,1,1234,Knows
44,43,visitors at Sagaween's house,women singing,Directed,1,1234,Exchange
2,42,Sagaween (Laxsgiik),Sagaween's father (Gisk'aast),Directed,1,1234,Knows
43,2,women singing,Sagaween (Laxsgiik),Directed,1,1234,Exchange
43,44,women singing,visitors at Sagaween's house,Directed,1,1234,Exchange
14,44,real Barbeau,visitors at Sagaween's house,Directed,1,1234,Knows of
44,2,visitors at Sagaween's house,Sagaween (Laxsgiik),Directed,1,1234,Exchange
71,44,cedar bark squid,visitors at Sagaween's house,Directed,1,1235,Exchange
14,42,real Barbeau,Sagaween's father (Gisk'aast),Directed,1,1235,Knows of
14,44,real Barbeau,visitors at Sagaween's house,Directed,1,1235,Knows of
14,2,real Barbeau,Sagaween (Laxsgiik),Directed,1,1235,Knows
2,44,Sagaween (Laxsgiik),visitors at Sagaween's house,Directed,1,1235,Exchange
71,43,cedar bark squid,women singing,Directed,1,1235,Exchange
44,42,visitors at Sagaween's house,Sagaween's father (Gisk'aast),Directed,1,1235,Knows
2,42,Sagaween (Laxsgiik),Sagaween's father (Gisk'aast),Directed,1,1235,Knows
2,43,Sagaween (Laxsgiik),women singing,Directed,1,1235,Exchange
14,4,real Barbeau,"Gisk'aast (""Killer Whale Clan"")",Directed,1,1235,Knows of
71,42,cedar bark squid,Sagaween's father (Gisk'aast),Directed,1,1235,Knows
44,2,visitors at Sagaween's house,Sagaween (Laxsgiik),Directed,1,1235,Exchange
43,2,women singing,Sagaween (Laxsgiik),Directed,1,1235,Exchange
14,43,real Barbeau,women singing,Directed,1,1235,Knows of
43,42,women singing,Sagaween's father (Gisk'aast),Directed,1,1235,Knows
71,2,cedar bark squid,Sagaween (Laxsgiik),Directed,1,1235,Knows
44,71,visitors at Sagaween's house,cedar bark squid,Directed,1,1235,Exchange
2,71,Sagaween (Laxsgiik),cedar bark squid,Directed,1,1235,Knows
43,44,women singing,visitors at Sagaween's house,Directed,1,1235,Exchange
44,43,visitors at Sagaween's house,women singing,Directed,1,1235,Exchange
14,71,real Barbeau,cedar bark squid,Directed,1,1235,Knows of
43,71,women singing,cedar bark squid,Directed,1,1235,Exchange
44,42,visitors at Sagaween's house,Sagaween's father (Gisk'aast),Directed,1,1236,Knows
43,44,women singing,visitors at Sagaween's house,Directed,1,1236,Exchange
2,42,Sagaween (Laxsgiik),Sagaween's father (Gisk'aast),Directed,1,1236,Knows
2,71,Sagaween (Laxsgiik),cedar bark squid,Directed,1,1236,Knows
14,4,real Barbeau,"Gisk'aast (""Killer Whale Clan"")",Directed,1,1236,Knows of
44,43,visitors at Sagaween's house,women singing,Directed,1,1236,Exchange
14,2,real Barbeau,Sagaween (Laxsgiik),Directed,1,1236,Knows
14,42,real Barbeau,Sagaween's father (Gisk'aast),Directed,1,1236,Knows of
14,44,real Barbeau,visitors at Sagaween's house,Directed,1,1236,Knows of
44,71,visitors at Sagaween's house,cedar bark squid,Directed,1,1236,Exchange
43,42,women singing,Sagaween's father (Gisk'aast),Directed,1,1236,Knows
71,44,cedar bark squid,visitors at Sagaween's house,Directed,1,1236,Exchange
2,43,Sagaween (Laxsgiik),women singing,Directed,1,1236,Exchange
14,43,real Barbeau,women singing,Directed,1,1236,Knows of
71,2,cedar bark squid,Sagaween (Laxsgiik),Directed,1,1236,Knows
2,44,Sagaween (Laxsgiik),visitors at Sagaween's house,Directed,1,1236,Exchange
71,43,cedar bark squid,women singing,Directed,1,1236,Exchange
43,71,women singing,cedar bark squid,Directed,1,1236,Exchange
43,2,women singing,Sagaween (Laxsgiik),Directed,1,1236,Exchange
71,42,cedar bark squid,Sagaween's father (Gisk'aast),Directed,1,1236,Knows
14,71,real Barbeau,cedar bark squid,Directed,1,1236,Knows of
44,2,visitors at Sagaween's house,Sagaween (Laxsgiik),Directed,1,1236,Exchange
44,71,visitors at Sagaween's house,cedar bark squid,Directed,1,1237,Exchange
2,71,Sagaween (Laxsgiik),cedar bark squid,Directed,1,1237,Knows
71,44,cedar bark squid,visitors at Sagaween's house,Directed,1,1237,Exchange
44,43,visitors at Sagaween's house,women singing,Directed,1,1237,Exchange
71,42,cedar bark squid,Sagaween's father (Gisk'aast),Directed,1,1237,Knows
71,2,cedar bark squid,Sagaween (Laxsgiik),Directed,1,1237,Knows
44,2,visitors at Sagaween's house,Sagaween (Laxsgiik),Directed,1,1237,Exchange
2,42,Sagaween (Laxsgiik),Sagaween's father (Gisk'aast),Directed,1,1237,Knows
43,2,women singing,Sagaween (Laxsgiik),Directed,1,1237,Exchange
14,44,real Barbeau,visitors at Sagaween's house,Directed,1,1237,Knows of
14,43,real Barbeau,women singing,Directed,1,1237,Knows of
43,44,women singing,visitors at Sagaween's house,Directed,1,1237,Exchange
2,43,Sagaween (Laxsgiik),women singing,Directed,1,1237,Exchange
14,42,real Barbeau,Sagaween's father (Gisk'aast),Directed,1,1237,Knows of
44,42,visitors at Sagaween's house,Sagaween's father (Gisk'aast),Directed,1,1237,Knows
71,43,cedar bark squid,women singing,Directed,1,1237,Exchange
43,71,women singing,cedar bark squid,Directed,1,1237,Exchange
2,44,Sagaween (Laxsgiik),visitors at Sagaween's house,Directed,1,1237,Exchange
14,2,real Barbeau,Sagaween (Laxsgiik),Directed,1,1237,Knows
14,71,real Barbeau,cedar bark squid,Directed,1,1237,Knows of
43,42,women singing,Sagaween's father (Gisk'aast),Directed,1,1237,Knows
14,4,real Barbeau,"Gisk'aast (""Killer Whale Clan"")",Directed,1,1237,Knows of
14,71,real Barbeau,cedar bark squid,Directed,1,1238,Knows of
14,42,real Barbeau,Sagaween's father (Gisk'aast),Directed,1,1238,Knows of
14,4,real Barbeau,"Gisk'aast (""Killer Whale Clan"")",Directed,1,1238,Knows of
71,44,cedar bark squid,visitors at Sagaween's house,Directed,1,1238,Exchange
71,42,cedar bark squid,Sagaween's father (Gisk'aast),Directed,1,1238,Knows
14,2,real Barbeau,Sagaween (Laxsgiik),Directed,1,1238,Knows
44,71,visitors at Sagaween's house,cedar bark squid,Directed,1,1238,Exchange
71,2,cedar bark squid,Sagaween (Laxsgiik),Directed,1,1238,Knows
43,71,women singing,cedar bark squid,Directed,1,1238,Exchange
43,42,women singing,Sagaween's father (Gisk'aast),Directed,1,1238,Knows
44,42,visitors at Sagaween's house,Sagaween's father (Gisk'aast),Directed,1,1238,Knows
2,44,Sagaween (Laxsgiik),visitors at Sagaween's house,Directed,1,1238,Exchange
2,43,Sagaween (Laxsgiik),women singing,Directed,1,1238,Exchange
43,2,women singing,Sagaween (Laxsgiik),Directed,1,1238,Exchange
14,44,real Barbeau,visitors at Sagaween's house,Directed,1,1238,Knows of
14,43,real Barbeau,women singing,Directed,1,1238,Knows of
44,2,visitors at Sagaween's house,Sagaween (Laxsgiik),Directed,1,1238,Exchange
2,71,Sagaween (Laxsgiik),cedar bark squid,Directed,1,1238,Knows
44,43,visitors at Sagaween's house,women singing,Directed,1,1238,Exchange
43,44,women singing,visitors at Sagaween's house,Directed,1,1238,Exchange
2,42,Sagaween (Laxsgiik),Sagaween's father (Gisk'aast),Directed,1,1238,Knows
71,43,cedar bark squid,women singing,Directed,1,1238,Exchange
44,2,visitors at Sagaween's house,Sagaween (Laxsgiik),Directed,1,1239,Exchange
44,71,visitors at Sagaween's house,cedar bark squid,Directed,1,1239,Exchange
44,42,visitors at Sagaween's house,Sagaween's father (Gisk'aast),Directed,1,1239,Knows
43,2,women singing,Sagaween (Laxsgiik),Directed,1,1239,Exchange
44,43,visitors at Sagaween's house,women singing,Directed,1,1239,Exchange
43,42,women singing,Sagaween's father (Gisk'aast),Directed,1,1239,Knows
43,71,women singing,cedar bark squid,Directed,1,1239,Exchange
43,44,women singing,visitors at Sagaween's house,Directed,1,1239,Exchange
14,43,real Barbeau,women singing,Directed,1,1239,Knows of
71,2,cedar bark squid,Sagaween (Laxsgiik),Directed,1,1239,Knows
2,43,Sagaween (Laxsgiik),women singing,Directed,1,1239,Exchange
2,44,Sagaween (Laxsgiik),visitors at Sagaween's house,Directed,1,1239,Exchange
2,71,Sagaween (Laxsgiik),cedar bark squid,Directed,1,1239,Knows
2,42,Sagaween (Laxsgiik),Sagaween's father (Gisk'aast),Directed,1,1239,Knows
14,44,real Barbeau,visitors at Sagaween's house,Directed,1,1239,Knows of
71,43,cedar bark squid,women singing,Directed,1,1239,Exchange
71,44,cedar bark squid,visitors at Sagaween's house,Directed,1,1239,Exchange
71,42,cedar bark squid,Sagaween's father (Gisk'aast),Directed,1,1239,Knows
14,4,real Barbeau,"Gisk'aast (""Killer Whale Clan"")",Directed,1,1239,Knows of
14,2,real Barbeau,Sagaween (Laxsgiik),Directed,1,1239,Knows
14,42,real Barbeau,Sagaween's father (Gisk'aast),Directed,1,1239,Knows of
14,71,real Barbeau,cedar bark squid,Directed,1,1239,Knows of
1,4,speaker Abel,"Gisk'aast (""Killer Whale Clan"")",Directed,1,1250,Knows
1,4,speaker Abel,"Gisk'aast (""Killer Whale Clan"")",Directed,1,1251,Knows
1,4,speaker Abel,"Gisk'aast (""Killer Whale Clan"")",Directed,1,1252,Knows
1,4,speaker Abel,"Gisk'aast (""Killer Whale Clan"")",Directed,1,1253,Knows
1,4,speaker Abel,"Gisk'aast (""Killer Whale Clan"")",Directed,1,1254,Knows
1,4,speaker Abel,"Gisk'aast (""Killer Whale Clan"")",Directed,1,1255,Knows
1,4,speaker Abel,"Gisk'aast (""Killer Whale Clan"")",Directed,1,1256,Knows
1,4,speaker Abel,"Gisk'aast (""Killer Whale Clan"")",Directed,1,1257,Knows
1,4,speaker Abel,"Gisk'aast (""Killer Whale Clan"")",Directed,1,1258,Knows
1,4,speaker Abel,"Gisk'aast (""Killer Whale Clan"")",Directed,1,1259,Knows
1,42,speaker Abel,Sagaween's father (Gisk'aast),Directed,1,1270,Knows
1,33,speaker Abel,Jordan Abel's father,Directed,1,1270,Knows
33,1,Jordan Abel's father,speaker Abel,Directed,1,1270,Knows
1,42,speaker Abel,Sagaween's father (Gisk'aast),Directed,1,1271,Knows
1,33,speaker Abel,Jordan Abel's father,Directed,1,1271,Knows
33,1,Jordan Abel's father,speaker Abel,Directed,1,1271,Knows
1,33,speaker Abel,Jordan Abel's father,Directed,1,1272,Knows
1,42,speaker Abel,Sagaween's father (Gisk'aast),Directed,1,1272,Knows
33,1,Jordan Abel's father,speaker Abel,Directed,1,1272,Knows
1,33,speaker Abel,Jordan Abel's father,Directed,1,1273,Knows
1,42,speaker Abel,Sagaween's father (Gisk'aast),Directed,1,1273,Knows
33,1,Jordan Abel's father,speaker Abel,Directed,1,1273,Knows
33,1,Jordan Abel's father,speaker Abel,Directed,1,1274,Knows
1,33,speaker Abel,Jordan Abel's father,Directed,1,1274,Knows
1,42,speaker Abel,Sagaween's father (Gisk'aast),Directed,1,1274,Knows
1,33,speaker Abel,Jordan Abel's father,Directed,1,1275,Knows
1,42,speaker Abel,Sagaween's father (Gisk'aast),Directed,1,1275,Knows
33,1,Jordan Abel's father,speaker Abel,Directed,1,1275,Knows
33,1,Jordan Abel's father,speaker Abel,Directed,1,1276,Knows
1,42,speaker Abel,Sagaween's father (Gisk'aast),Directed,1,1276,Knows
1,33,speaker Abel,Jordan Abel's father,Directed,1,1276,Knows
1,42,speaker Abel,Sagaween's father (Gisk'aast),Directed,1,1277,Knows
1,33,speaker Abel,Jordan Abel's father,Directed,1,1277,Knows
33,1,Jordan Abel's father,speaker Abel,Directed,1,1277,Knows
1,42,speaker Abel,Sagaween's father (Gisk'aast),Directed,1,1278,Knows
33,1,Jordan Abel's father,speaker Abel,Directed,1,1278,Knows
1,33,speaker Abel,Jordan Abel's father,Directed,1,1278,Knows
1,42,speaker Abel,Sagaween's father (Gisk'aast),Directed,1,1279,Knows
33,1,Jordan Abel's father,speaker Abel,Directed,1,1279,Knows
1,33,speaker Abel,Jordan Abel's father,Directed,1,1279,Knows
1,42,speaker Abel,Sagaween's father (Gisk'aast),Directed,1,1290,Knows
1,33,speaker Abel,Jordan Abel's father,Directed,1,1290,Knows
33,1,Jordan Abel's father,speaker Abel,Directed,1,1290,Knows
1,33,speaker Abel,Jordan Abel's father,Directed,1,1291,Knows
1,42,speaker Abel,Sagaween's father (Gisk'aast),Directed,1,1291,Knows
33,1,Jordan Abel's father,speaker Abel,Directed,1,1291,Knows
1,33,speaker Abel,Jordan Abel's father,Directed,1,1292,Knows
1,42,speaker Abel,Sagaween's father (Gisk'aast),Directed,1,1292,Knows
33,1,Jordan Abel's father,speaker Abel,Directed,1,1292,Knows
1,42,speaker Abel,Sagaween's father (Gisk'aast),Directed,1,1293,Knows
33,1,Jordan Abel's father,speaker Abel,Directed,1,1293,Knows
1,33,speaker Abel,Jordan Abel's father,Directed,1,1293,Knows
1,33,speaker Abel,Jordan Abel's father,Directed,1,1294,Knows
1,42,speaker Abel,Sagaween's father (Gisk'aast),Directed,1,1294,Knows
33,1,Jordan Abel's father,speaker Abel,Directed,1,1294,Knows
33,1,Jordan Abel's father,speaker Abel,Directed,1,1295,Knows
1,33,speaker Abel,Jordan Abel's father,Directed,1,1295,Knows
1,42,speaker Abel,Sagaween's father (Gisk'aast),Directed,1,1295,Knows
33,1,Jordan Abel's father,speaker Abel,Directed,1,1296,Knows
1,33,speaker Abel,Jordan Abel's father,Directed,1,1296,Knows
1,42,speaker Abel,Sagaween's father (Gisk'aast),Directed,1,1296,Knows
1,33,speaker Abel,Jordan Abel's father,Directed,1,1297,Knows
33,1,Jordan Abel's father,speaker Abel,Directed,1,1297,Knows
1,42,speaker Abel,Sagaween's father (Gisk'aast),Directed,1,1297,Knows
1,33,speaker Abel,Jordan Abel's father,Directed,1,1298,Knows
33,1,Jordan Abel's father,speaker Abel,Directed,1,1298,Knows
1,42,speaker Abel,Sagaween's father (Gisk'aast),Directed,1,1298,Knows
1,42,speaker Abel,Sagaween's father (Gisk'aast),Directed,1,1299,Knows
1,33,speaker Abel,Jordan Abel's father,Directed,1,1299,Knows
33,1,Jordan Abel's father,speaker Abel,Directed,1,1299,Knows
33,1,Jordan Abel's father,speaker Abel,Directed,1,1310,Knows
1,33,speaker Abel,Jordan Abel's father,Directed,1,1310,Knows
1,42,speaker Abel,Sagaween's father (Gisk'aast),Directed,1,1310,Knows
1,33,speaker Abel,Jordan Abel's father,Directed,1,1311,Knows
33,1,Jordan Abel's father,speaker Abel,Directed,1,1311,Knows
1,42,speaker Abel,Sagaween's father (Gisk'aast),Directed,1,1311,Knows
1,33,speaker Abel,Jordan Abel's father,Directed,1,1312,Knows
33,1,Jordan Abel's father,speaker Abel,Directed,1,1312,Knows
1,42,speaker Abel,Sagaween's father (Gisk'aast),Directed,1,1312,Knows
1,33,speaker Abel,Jordan Abel's father,Directed,1,1313,Knows
1,42,speaker Abel,Sagaween's father (Gisk'aast),Directed,1,1313,Knows
33,1,Jordan Abel's father,speaker Abel,Directed,1,1313,Knows
1,33,speaker Abel,Jordan Abel's father,Directed,1,1314,Knows
33,1,Jordan Abel's father,speaker Abel,Directed,1,1314,Knows
1,42,speaker Abel,Sagaween's father (Gisk'aast),Directed,1,1314,Knows
33,1,Jordan Abel's father,speaker Abel,Directed,1,1315,Knows
1,33,speaker Abel,Jordan Abel's father,Directed,1,1315,Knows
1,42,speaker Abel,Sagaween's father (Gisk'aast),Directed,1,1315,Knows
33,1,Jordan Abel's father,speaker Abel,Directed,1,1316,Knows
1,42,speaker Abel,Sagaween's father (Gisk'aast),Directed,1,1316,Knows
1,33,speaker Abel,Jordan Abel's father,Directed,1,1316,Knows
1,33,speaker Abel,Jordan Abel's father,Directed,1,1317,Knows
33,1,Jordan Abel's father,speaker Abel,Directed,1,1317,Knows
1,42,speaker Abel,Sagaween's father (Gisk'aast),Directed,1,1317,Knows
33,1,Jordan Abel's father,speaker Abel,Directed,1,1318,Knows
1,42,speaker Abel,Sagaween's father (Gisk'aast),Directed,1,1318,Knows
1,33,speaker Abel,Jordan Abel's father,Directed,1,1318,Knows
1,42,speaker Abel,Sagaween's father (Gisk'aast),Directed,1,1319,Knows
1,33,speaker Abel,Jordan Abel's father,Directed,1,1319,Knows
33,1,Jordan Abel's father,speaker Abel,Directed,1,1319,Knows
60,1,collage photos,speaker Abel,Directed,1,1370,Knows
1,60,speaker Abel,collage photos,Directed,1,1370,Knows
1,60,speaker Abel,collage photos,Directed,1,1371,Knows
60,1,collage photos,speaker Abel,Directed,1,1371,Knows
60,1,collage photos,speaker Abel,Directed,1,1372,Knows
1,60,speaker Abel,collage photos,Directed,1,1372,Knows
1,60,speaker Abel,collage photos,Directed,1,1373,Knows
60,1,collage photos,speaker Abel,Directed,1,1373,Knows
1,60,speaker Abel,collage photos,Directed,1,1374,Knows
60,1,collage photos,speaker Abel,Directed,1,1374,Knows
1,60,speaker Abel,collage photos,Directed,1,1375,Knows
60,1,collage photos,speaker Abel,Directed,1,1375,Knows
66,33,child Abel,Jordan Abel's father,Directed,1,1390,Knows
16,45,biographical Abel,Vancouver carvers,Directed,1,1390,Knows
16,66,biographical Abel,child Abel,Directed,1,1390,Knows
19,45,"""'Neeskyinwaet"" (Laxgibuu)",Vancouver carvers,Directed,1,1390,Knows
16,33,biographical Abel,Jordan Abel's father,Directed,1,1390,Knows
33,66,Jordan Abel's father,child Abel,Directed,1,1390,Knows
16,19,biographical Abel,"""'Neeskyinwaet"" (Laxgibuu)",Directed,1,1390,Knows of
45,19,Vancouver carvers,"""'Neeskyinwaet"" (Laxgibuu)",Directed,1,1390,Knows
19,45,"""'Neeskyinwaet"" (Laxgibuu)",Vancouver carvers,Directed,1,1391,Knows
66,33,child Abel,Jordan Abel's father,Directed,1,1391,Knows
16,19,biographical Abel,"""'Neeskyinwaet"" (Laxgibuu)",Directed,1,1391,Knows of
16,33,biographical Abel,Jordan Abel's father,Directed,1,1391,Knows
16,45,biographical Abel,Vancouver carvers,Directed,1,1391,Knows
33,66,Jordan Abel's father,child Abel,Directed,1,1391,Knows
45,19,Vancouver carvers,"""'Neeskyinwaet"" (Laxgibuu)",Directed,1,1391,Knows
16,66,biographical Abel,child Abel,Directed,1,1391,Knows
16,19,biographical Abel,"""'Neeskyinwaet"" (Laxgibuu)",Directed,1,1392,Knows of
66,33,child Abel,Jordan Abel's father,Directed,1,1392,Knows
16,33,biographical Abel,Jordan Abel's father,Directed,1,1392,Knows
45,19,Vancouver carvers,"""'Neeskyinwaet"" (Laxgibuu)",Directed,1,1392,Knows
16,66,biographical Abel,child Abel,Directed,1,1392,Knows
19,45,"""'Neeskyinwaet"" (Laxgibuu)",Vancouver carvers,Directed,1,1392,Knows
16,45,biographical Abel,Vancouver carvers,Directed,1,1392,Knows
33,66,Jordan Abel's father,child Abel,Directed,1,1392,Knows
16,33,biographical Abel,Jordan Abel's father,Directed,1,1393,Knows
66,33,child Abel,Jordan Abel's father,Directed,1,1393,Knows
19,45,"""'Neeskyinwaet"" (Laxgibuu)",Vancouver carvers,Directed,1,1393,Knows
16,19,biographical Abel,"""'Neeskyinwaet"" (Laxgibuu)",Directed,1,1393,Knows of
45,19,Vancouver carvers,"""'Neeskyinwaet"" (Laxgibuu)",Directed,1,1393,Knows
16,45,biographical Abel,Vancouver carvers,Directed,1,1393,Knows
33,66,Jordan Abel's father,child Abel,Directed,1,1393,Knows
16,66,biographical Abel,child Abel,Directed,1,1393,Knows
45,19,Vancouver carvers,"""'Neeskyinwaet"" (Laxgibuu)",Directed,1,1394,Knows
16,33,biographical Abel,Jordan Abel's father,Directed,1,1394,Knows
19,45,"""'Neeskyinwaet"" (Laxgibuu)",Vancouver carvers,Directed,1,1394,Knows
16,66,biographical Abel,child Abel,Directed,1,1394,Knows
16,19,biographical Abel,"""'Neeskyinwaet"" (Laxgibuu)",Directed,1,1394,Knows of
33,66,Jordan Abel's father,child Abel,Directed,1,1394,Knows
66,33,child Abel,Jordan Abel's father,Directed,1,1394,Knows
16,45,biographical Abel,Vancouver carvers,Directed,1,1394,Knows
33,66,Jordan Abel's father,child Abel,Directed,1,1395,Knows
19,45,"""'Neeskyinwaet"" (Laxgibuu)",Vancouver carvers,Directed,1,1395,Knows
16,19,biographical Abel,"""'Neeskyinwaet"" (Laxgibuu)",Directed,1,1395,Knows of
45,19,Vancouver carvers,"""'Neeskyinwaet"" (Laxgibuu)",Directed,1,1395,Knows
16,45,biographical Abel,Vancouver carvers,Directed,1,1395,Knows
66,33,child Abel,Jordan Abel's father,Directed,1,1395,Knows
16,33,biographical Abel,Jordan Abel's father,Directed,1,1395,Knows
16,66,biographical Abel,child Abel,Directed,1,1395,Knows
16,66,biographical Abel,child Abel,Directed,1,1396,Knows
33,66,Jordan Abel's father,child Abel,Directed,1,1396,Knows
16,45,biographical Abel,Vancouver carvers,Directed,1,1396,Knows
45,19,Vancouver carvers,"""'Neeskyinwaet"" (Laxgibuu)",Directed,1,1396,Knows
16,19,biographical Abel,"""'Neeskyinwaet"" (Laxgibuu)",Directed,1,1396,Knows of
19,45,"""'Neeskyinwaet"" (Laxgibuu)",Vancouver carvers,Directed,1,1396,Knows
66,33,child Abel,Jordan Abel's father,Directed,1,1396,Knows
16,33,biographical Abel,Jordan Abel's father,Directed,1,1396,Knows
19,45,"""'Neeskyinwaet"" (Laxgibuu)",Vancouver carvers,Directed,1,1397,Knows
16,45,biographical Abel,Vancouver carvers,Directed,1,1397,Knows
66,33,child Abel,Jordan Abel's father,Directed,1,1397,Knows
33,66,Jordan Abel's father,child Abel,Directed,1,1397,Knows
16,19,biographical Abel,"""'Neeskyinwaet"" (Laxgibuu)",Directed,1,1397,Knows of
16,33,biographical Abel,Jordan Abel's father,Directed,1,1397,Knows
16,66,biographical Abel,child Abel,Directed,1,1397,Knows
45,19,Vancouver carvers,"""'Neeskyinwaet"" (Laxgibuu)",Directed,1,1397,Knows
16,33,biographical Abel,Jordan Abel's father,Directed,1,1398,Knows
45,19,Vancouver carvers,"""'Neeskyinwaet"" (Laxgibuu)",Directed,1,1398,Knows
16,19,biographical Abel,"""'Neeskyinwaet"" (Laxgibuu)",Directed,1,1398,Knows of
19,45,"""'Neeskyinwaet"" (Laxgibuu)",Vancouver carvers,Directed,1,1398,Knows
33,66,Jordan Abel's father,child Abel,Directed,1,1398,Knows
66,33,child Abel,Jordan Abel's father,Directed,1,1398,Knows
16,45,biographical Abel,Vancouver carvers,Directed,1,1398,Knows
16,66,biographical Abel,child Abel,Directed,1,1398,Knows
33,66,Jordan Abel's father,child Abel,Directed,1,1399,Knows
19,45,"""'Neeskyinwaet"" (Laxgibuu)",Vancouver carvers,Directed,1,1399,Knows
16,19,biographical Abel,"""'Neeskyinwaet"" (Laxgibuu)",Directed,1,1399,Knows of
16,45,biographical Abel,Vancouver carvers,Directed,1,1399,Knows
45,19,Vancouver carvers,"""'Neeskyinwaet"" (Laxgibuu)",Directed,1,1399,Knows
66,33,child Abel,Jordan Abel's father,Directed,1,1399,Knows
16,33,biographical Abel,Jordan Abel's father,Directed,1,1399,Knows
16,66,biographical Abel,child Abel,Directed,1,1399,Knows
16,46,biographical Abel,ROM admissions staff member,Directed,1,1430,Exchange
16,14,biographical Abel,real Barbeau,Directed,1,1430,Knows
46,2,ROM admissions staff member,Sagaween (Laxsgiik),Directed,1,1430,Knows of
46,16,ROM admissions staff member,biographical Abel,Directed,1,1430,Exchange
2,58,Sagaween (Laxsgiik),Pole of Sagaween,Directed,1,1430,Knows
72,46,ROM admissions superiors,ROM admissions staff member,Directed,1,1430,Knows
58,2,Pole of Sagaween,Sagaween (Laxsgiik),Directed,1,1430,Knows
58,16,Pole of Sagaween,biographical Abel,Directed,1,1430,Exchange
46,58,ROM admissions staff member,Pole of Sagaween,Directed,1,1430,Knows of
46,72,ROM admissions staff member,ROM admissions superiors,Directed,1,1430,Knows
16,72,biographical Abel,ROM admissions superiors,Directed,1,1430,Knows of
16,2,biographical Abel,Sagaween (Laxsgiik),Directed,1,1430,Knows
16,58,biographical Abel,Pole of Sagaween,Directed,1,1430,Exchange
16,72,biographical Abel,ROM admissions superiors,Directed,1,1431,Knows of
58,2,Pole of Sagaween,Sagaween (Laxsgiik),Directed,1,1431,Knows
72,46,ROM admissions superiors,ROM admissions staff member,Directed,1,1431,Knows
46,16,ROM admissions staff member,biographical Abel,Directed,1,1431,Exchange
58,16,Pole of Sagaween,biographical Abel,Directed,1,1431,Exchange
46,2,ROM admissions staff member,Sagaween (Laxsgiik),Directed,1,1431,Knows of
16,14,biographical Abel,real Barbeau,Directed,1,1431,Knows
16,58,biographical Abel,Pole of Sagaween,Directed,1,1431,Exchange
46,72,ROM admissions staff member,ROM admissions superiors,Directed,1,1431,Knows
16,2,biographical Abel,Sagaween (Laxsgiik),Directed,1,1431,Knows
2,58,Sagaween (Laxsgiik),Pole of Sagaween,Directed,1,1431,Knows
16,46,biographical Abel,ROM admissions staff member,Directed,1,1431,Exchange
46,58,ROM admissions staff member,Pole of Sagaween,Directed,1,1431,Knows of
16,58,biographical Abel,Pole of Sagaween,Directed,1,1432,Exchange
16,46,biographical Abel,ROM admissions staff member,Directed,1,1432,Exchange
46,2,ROM admissions staff member,Sagaween (Laxsgiik),Directed,1,1432,Knows of
16,2,biographical Abel,Sagaween (Laxsgiik),Directed,1,1432,Knows
16,72,biographical Abel,ROM admissions superiors,Directed,1,1432,Knows of
58,2,Pole of Sagaween,Sagaween (Laxsgiik),Directed,1,1432,Knows
46,58,ROM admissions staff member,Pole of Sagaween,Directed,1,1432,Knows of
46,16,ROM admissions staff member,biographical Abel,Directed,1,1432,Exchange
58,16,Pole of Sagaween,biographical Abel,Directed,1,1432,Exchange
2,58,Sagaween (Laxsgiik),Pole of Sagaween,Directed,1,1432,Knows
46,72,ROM admissions staff member,ROM admissions superiors,Directed,1,1432,Knows
72,46,ROM admissions superiors,ROM admissions staff member,Directed,1,1432,Knows
16,14,biographical Abel,real Barbeau,Directed,1,1432,Knows
46,16,ROM admissions staff member,biographical Abel,Directed,1,1433,Exchange
16,72,biographical Abel,ROM admissions superiors,Directed,1,1433,Knows of
2,58,Sagaween (Laxsgiik),Pole of Sagaween,Directed,1,1433,Knows
16,46,biographical Abel,ROM admissions staff member,Directed,1,1433,Exchange
46,72,ROM admissions staff member,ROM admissions superiors,Directed,1,1433,Knows
16,2,biographical Abel,Sagaween (Laxsgiik),Directed,1,1433,Knows
16,58,biographical Abel,Pole of Sagaween,Directed,1,1433,Exchange
46,2,ROM admissions staff member,Sagaween (Laxsgiik),Directed,1,1433,Knows of
46,58,ROM admissions staff member,Pole of Sagaween,Directed,1,1433,Knows of
16,14,biographical Abel,real Barbeau,Directed,1,1433,Knows
58,2,Pole of Sagaween,Sagaween (Laxsgiik),Directed,1,1433,Knows
72,46,ROM admissions superiors,ROM admissions staff member,Directed,1,1433,Knows
58,16,Pole of Sagaween,biographical Abel,Directed,1,1433,Exchange
46,72,ROM admissions staff member,ROM admissions superiors,Directed,1,1434,Knows
46,58,ROM admissions staff member,Pole of Sagaween,Directed,1,1434,Knows of
46,16,ROM admissions staff member,biographical Abel,Directed,1,1434,Exchange
16,14,biographical Abel,real Barbeau,Directed,1,1434,Knows
16,72,biographical Abel,ROM admissions superiors,Directed,1,1434,Knows of
2,58,Sagaween (Laxsgiik),Pole of Sagaween,Directed,1,1434,Knows
16,46,biographical Abel,ROM admissions staff member,Directed,1,1434,Exchange
58,16,Pole of Sagaween,biographical Abel,Directed,1,1434,Exchange
58,2,Pole of Sagaween,Sagaween (Laxsgiik),Directed,1,1434,Knows
16,2,biographical Abel,Sagaween (Laxsgiik),Directed,1,1434,Knows
16,58,biographical Abel,Pole of Sagaween,Directed,1,1434,Exchange
72,46,ROM admissions superiors,ROM admissions staff member,Directed,1,1434,Knows
46,2,ROM admissions staff member,Sagaween (Laxsgiik),Directed,1,1434,Knows of
16,2,biographical Abel,Sagaween (Laxsgiik),Directed,1,1435,Knows
16,72,biographical Abel,ROM admissions superiors,Directed,1,1435,Knows of
46,2,ROM admissions staff member,Sagaween (Laxsgiik),Directed,1,1435,Knows of
58,2,Pole of Sagaween,Sagaween (Laxsgiik),Directed,1,1435,Knows
16,14,biographical Abel,real Barbeau,Directed,1,1435,Knows
46,72,ROM admissions staff member,ROM admissions superiors,Directed,1,1435,Knows
46,58,ROM admissions staff member,Pole of Sagaween,Directed,1,1435,Knows of
72,46,ROM admissions superiors,ROM admissions staff member,Directed,1,1435,Knows
2,58,Sagaween (Laxsgiik),Pole of Sagaween,Directed,1,1435,Knows
16,46,biographical Abel,ROM admissions staff member,Directed,1,1435,Exchange
46,16,ROM admissions staff member,biographical Abel,Directed,1,1435,Exchange
58,16,Pole of Sagaween,biographical Abel,Directed,1,1435,Exchange
16,58,biographical Abel,Pole of Sagaween,Directed,1,1435,Exchange
72,46,ROM admissions superiors,ROM admissions staff member,Directed,1,1436,Knows
46,72,ROM admissions staff member,ROM admissions superiors,Directed,1,1436,Knows
16,46,biographical Abel,ROM admissions staff member,Directed,1,1436,Exchange
16,14,biographical Abel,real Barbeau,Directed,1,1436,Knows
16,72,biographical Abel,ROM admissions superiors,Directed,1,1436,Knows of
58,16,Pole of Sagaween,biographical Abel,Directed,1,1436,Exchange
46,16,ROM admissions staff member,biographical Abel,Directed,1,1436,Exchange
46,58,ROM admissions staff member,Pole of Sagaween,Directed,1,1436,Knows of
2,58,Sagaween (Laxsgiik),Pole of Sagaween,Directed,1,1436,Knows
58,2,Pole of Sagaween,Sagaween (Laxsgiik),Directed,1,1436,Knows
46,2,ROM admissions staff member,Sagaween (Laxsgiik),Directed,1,1436,Knows of
16,58,biographical Abel,Pole of Sagaween,Directed,1,1436,Exchange
16,2,biographical Abel,Sagaween (Laxsgiik),Directed,1,1436,Knows
46,2,ROM admissions staff member,Sagaween (Laxsgiik),Directed,1,1437,Knows of
2,58,Sagaween (Laxsgiik),Pole of Sagaween,Directed,1,1437,Knows
72,46,ROM admissions superiors,ROM admissions staff member,Directed,1,1437,Knows
16,14,biographical Abel,real Barbeau,Directed,1,1437,Knows
46,58,ROM admissions staff member,Pole of Sagaween,Directed,1,1437,Knows of
58,16,Pole of Sagaween,biographical Abel,Directed,1,1437,Exchange
46,72,ROM admissions staff member,ROM admissions superiors,Directed,1,1437,Knows
16,2,biographical Abel,Sagaween (Laxsgiik),Directed,1,1437,Knows
16,46,biographical Abel,ROM admissions staff member,Directed,1,1437,Exchange
58,2,Pole of Sagaween,Sagaween (Laxsgiik),Directed,1,1437,Knows
46,16,ROM admissions staff member,biographical Abel,Directed,1,1437,Exchange
16,72,biographical Abel,ROM admissions superiors,Directed,1,1437,Knows of
16,58,biographical Abel,Pole of Sagaween,Directed,1,1437,Exchange
16,2,biographical Abel,Sagaween (Laxsgiik),Directed,1,1438,Knows
16,46,biographical Abel,ROM admissions staff member,Directed,1,1438,Exchange
46,58,ROM admissions staff member,Pole of Sagaween,Directed,1,1438,Knows of
72,46,ROM admissions superiors,ROM admissions staff member,Directed,1,1438,Knows
16,14,biographical Abel,real Barbeau,Directed,1,1438,Knows
16,72,biographical Abel,ROM admissions superiors,Directed,1,1438,Knows of
46,2,ROM admissions staff member,Sagaween (Laxsgiik),Directed,1,1438,Knows of
46,72,ROM admissions staff member,ROM admissions superiors,Directed,1,1438,Knows
46,16,ROM admissions staff member,biographical Abel,Directed,1,1438,Exchange
2,58,Sagaween (Laxsgiik),Pole of Sagaween,Directed,1,1438,Knows
58,16,Pole of Sagaween,biographical Abel,Directed,1,1438,Exchange
58,2,Pole of Sagaween,Sagaween (Laxsgiik),Directed,1,1438,Knows
16,58,biographical Abel,Pole of Sagaween,Directed,1,1438,Exchange
16,72,biographical Abel,ROM admissions superiors,Directed,1,1439,Knows of
2,58,Sagaween (Laxsgiik),Pole of Sagaween,Directed,1,1439,Knows
72,46,ROM admissions superiors,ROM admissions staff member,Directed,1,1439,Knows
58,2,Pole of Sagaween,Sagaween (Laxsgiik),Directed,1,1439,Knows
16,46,biographical Abel,ROM admissions staff member,Directed,1,1439,Exchange
16,14,biographical Abel,real Barbeau,Directed,1,1439,Knows
16,2,biographical Abel,Sagaween (Laxsgiik),Directed,1,1439,Knows
16,58,biographical Abel,Pole of Sagaween,Directed,1,1439,Exchange
58,16,Pole of Sagaween,biographical Abel,Directed,1,1439,Exchange
46,58,ROM admissions staff member,Pole of Sagaween,Directed,1,1439,Knows of
46,72,ROM admissions staff member,ROM admissions superiors,Directed,1,1439,Knows
46,2,ROM admissions staff member,Sagaween (Laxsgiik),Directed,1,1439,Knows of
46,16,ROM admissions staff member,biographical Abel,Directed,1,1439,Exchange
1,60,speaker Abel,collage photos,Directed,1,1530,Knows
60,1,collage photos,speaker Abel,Directed,1,1530,Knows
1,60,speaker Abel,collage photos,Directed,1,1531,Knows
60,1,collage photos,speaker Abel,Directed,1,1531,Knows
1,60,speaker Abel,collage photos,Directed,1,1532,Knows
60,1,collage photos,speaker Abel,Directed,1,1532,Knows
1,60,speaker Abel,collage photos,Directed,1,1533,Knows
60,1,collage photos,speaker Abel,Directed,1,1533,Knows
1,60,speaker Abel,collage photos,Directed,1,1534,Knows
60,1,collage photos,speaker Abel,Directed,1,1534,Knows
1,60,speaker Abel,collage photos,Directed,1,1535,Knows
60,1,collage photos,speaker Abel,Directed,1,1535,Knows
60,1,collage photos,speaker Abel,Directed,1,1536,Knows
1,60,speaker Abel,collage photos,Directed,1,1536,Knows
1,60,speaker Abel,collage photos,Directed,1,1537,Knows
60,1,collage photos,speaker Abel,Directed,1,1537,Knows
60,1,collage photos,speaker Abel,Directed,1,1538,Knows
1,60,speaker Abel,collage photos,Directed,1,1538,Knows
15,2,fictional Barbeau,Sagaween (Laxsgiik),Directed,1,1630,Knows
13,15,Barton (Laxgibuu),fictional Barbeau,Directed,1,1630,Exchange
13,2,Barton (Laxgibuu),Sagaween (Laxsgiik),Directed,1,1630,Knows
2,13,Sagaween (Laxsgiik),Barton (Laxgibuu),Directed,1,1630,Knows
13,73,Barton (Laxgibuu),"""His grandson""",Directed,1,1630,Knows
15,13,fictional Barbeau,Barton (Laxgibuu),Directed,1,1630,Exchange
15,73,fictional Barbeau,"""His grandson""",Directed,1,1630,Knows of
13,73,Barton (Laxgibuu),"""His grandson""",Directed,1,1631,Knows
15,13,fictional Barbeau,Barton (Laxgibuu),Directed,1,1631,Exchange
13,2,Barton (Laxgibuu),Sagaween (Laxsgiik),Directed,1,1631,Knows
15,73,fictional Barbeau,"""His grandson""",Directed,1,1631,Knows of
15,2,fictional Barbeau,Sagaween (Laxsgiik),Directed,1,1631,Knows
2,13,Sagaween (Laxsgiik),Barton (Laxgibuu),Directed,1,1631,Knows
13,15,Barton (Laxgibuu),fictional Barbeau,Directed,1,1631,Exchange
13,73,Barton (Laxgibuu),"""His grandson""",Directed,1,1632,Knows
15,13,fictional Barbeau,Barton (Laxgibuu),Directed,1,1632,Exchange
15,73,fictional Barbeau,"""His grandson""",Directed,1,1632,Knows of
15,2,fictional Barbeau,Sagaween (Laxsgiik),Directed,1,1632,Knows
13,15,Barton (Laxgibuu),fictional Barbeau,Directed,1,1632,Exchange
2,13,Sagaween (Laxsgiik),Barton (Laxgibuu),Directed,1,1632,Knows
13,2,Barton (Laxgibuu),Sagaween (Laxsgiik),Directed,1,1632,Knows
15,73,fictional Barbeau,"""His grandson""",Directed,1,1633,Knows of
13,2,Barton (Laxgibuu),Sagaween (Laxsgiik),Directed,1,1633,Knows
15,13,fictional Barbeau,Barton (Laxgibuu),Directed,1,1633,Exchange
13,73,Barton (Laxgibuu),"""His grandson""",Directed,1,1633,Knows
2,13,Sagaween (Laxsgiik),Barton (Laxgibuu),Directed,1,1633,Knows
13,15,Barton (Laxgibuu),fictional Barbeau,Directed,1,1633,Exchange
15,2,fictional Barbeau,Sagaween (Laxsgiik),Directed,1,1633,Knows
15,2,fictional Barbeau,Sagaween (Laxsgiik),Directed,1,1634,Knows
2,13,Sagaween (Laxsgiik),Barton (Laxgibuu),Directed,1,1634,Knows
15,73,fictional Barbeau,"""His grandson""",Directed,1,1634,Knows of
15,13,fictional Barbeau,Barton (Laxgibuu),Directed,1,1634,Exchange
13,2,Barton (Laxgibuu),Sagaween (Laxsgiik),Directed,1,1634,Knows
13,73,Barton (Laxgibuu),"""His grandson""",Directed,1,1634,Knows
13,15,Barton (Laxgibuu),fictional Barbeau,Directed,1,1634,Exchange
13,15,Barton (Laxgibuu),fictional Barbeau,Directed,1,1635,Exchange
15,13,fictional Barbeau,Barton (Laxgibuu),Directed,1,1635,Exchange
15,73,fictional Barbeau,"""His grandson""",Directed,1,1635,Knows of
2,13,Sagaween (Laxsgiik),Barton (Laxgibuu),Directed,1,1635,Knows
13,73,Barton (Laxgibuu),"""His grandson""",Directed,1,1635,Knows
13,2,Barton (Laxgibuu),Sagaween (Laxsgiik),Directed,1,1635,Knows
15,2,fictional Barbeau,Sagaween (Laxsgiik),Directed,1,1635,Knows
13,2,Barton (Laxgibuu),Sagaween (Laxsgiik),Directed,1,1636,Knows
2,13,Sagaween (Laxsgiik),Barton (Laxgibuu),Directed,1,1636,Knows
13,73,Barton (Laxgibuu),"""His grandson""",Directed,1,1636,Knows
15,2,fictional Barbeau,Sagaween (Laxsgiik),Directed,1,1636,Knows
13,15,Barton (Laxgibuu),fictional Barbeau,Directed,1,1636,Exchange
15,13,fictional Barbeau,Barton (Laxgibuu),Directed,1,1636,Exchange
15,73,fictional Barbeau,"""His grandson""",Directed,1,1636,Knows of
15,2,fictional Barbeau,Sagaween (Laxsgiik),Directed,1,1637,Knows
13,2,Barton (Laxgibuu),Sagaween (Laxsgiik),Directed,1,1637,Knows
13,15,Barton (Laxgibuu),fictional Barbeau,Directed,1,1637,Exchange
15,13,fictional Barbeau,Barton (Laxgibuu),Directed,1,1637,Exchange
2,13,Sagaween (Laxsgiik),Barton (Laxgibuu),Directed,1,1637,Knows
15,73,fictional Barbeau,"""His grandson""",Directed,1,1637,Knows of
13,73,Barton (Laxgibuu),"""His grandson""",Directed,1,1637,Knows
13,15,Barton (Laxgibuu),fictional Barbeau,Directed,1,1638,Exchange
2,13,Sagaween (Laxsgiik),Barton (Laxgibuu),Directed,1,1638,Knows
13,2,Barton (Laxgibuu),Sagaween (Laxsgiik),Directed,1,1638,Knows
15,2,fictional Barbeau,Sagaween (Laxsgiik),Directed,1,1638,Knows
15,13,fictional Barbeau,Barton (Laxgibuu),Directed,1,1638,Exchange
13,73,Barton (Laxgibuu),"""His grandson""",Directed,1,1638,Knows
15,73,fictional Barbeau,"""His grandson""",Directed,1,1638,Knows of
13,73,Barton (Laxgibuu),"""His grandson""",Directed,1,1639,Knows
15,13,fictional Barbeau,Barton (Laxgibuu),Directed,1,1639,Exchange
2,13,Sagaween (Laxsgiik),Barton (Laxgibuu),Directed,1,1639,Knows
15,2,fictional Barbeau,Sagaween (Laxsgiik),Directed,1,1639,Knows
13,2,Barton (Laxgibuu),Sagaween (Laxsgiik),Directed,1,1639,Knows
13,15,Barton (Laxgibuu),fictional Barbeau,Directed,1,1639,Exchange
15,73,fictional Barbeau,"""His grandson""",Directed,1,1639,Knows of
13,15,Barton (Laxgibuu),fictional Barbeau,Directed,1,1652,Exchange
15,13,fictional Barbeau,Barton (Laxgibuu),Directed,1,1652,Exchange
15,73,fictional Barbeau,"""His grandson""",Directed,1,1652,Knows of
13,15,Barton (Laxgibuu),fictional Barbeau,Directed,1,1653,Exchange
15,13,fictional Barbeau,Barton (Laxgibuu),Directed,1,1653,Exchange
15,73,fictional Barbeau,"""His grandson""",Directed,1,1653,Knows of
15,13,fictional Barbeau,Barton (Laxgibuu),Directed,1,1654,Exchange
15,73,fictional Barbeau,"""His grandson""",Directed,1,1654,Knows of
13,15,Barton (Laxgibuu),fictional Barbeau,Directed,1,1654,Exchange
15,73,fictional Barbeau,"""His grandson""",Directed,1,1655,Knows of
13,15,Barton (Laxgibuu),fictional Barbeau,Directed,1,1655,Exchange
15,13,fictional Barbeau,Barton (Laxgibuu),Directed,1,1655,Exchange
15,73,fictional Barbeau,"""His grandson""",Directed,1,1656,Knows of
13,15,Barton (Laxgibuu),fictional Barbeau,Directed,1,1656,Exchange
15,13,fictional Barbeau,Barton (Laxgibuu),Directed,1,1656,Exchange
15,13,fictional Barbeau,Barton (Laxgibuu),Directed,1,1657,Exchange
15,73,fictional Barbeau,"""His grandson""",Directed,1,1657,Knows of
13,15,Barton (Laxgibuu),fictional Barbeau,Directed,1,1657,Exchange
15,73,fictional Barbeau,"""His grandson""",Directed,1,1658,Knows of
13,15,Barton (Laxgibuu),fictional Barbeau,Directed,1,1658,Exchange
15,13,fictional Barbeau,Barton (Laxgibuu),Directed,1,1658,Exchange
15,73,fictional Barbeau,"""His grandson""",Directed,1,1659,Knows of
15,13,fictional Barbeau,Barton (Laxgibuu),Directed,1,1659,Exchange
13,15,Barton (Laxgibuu),fictional Barbeau,Directed,1,1659,Exchange
74,73,academic voice,"""His grandson""",Directed,1,1672,Knows of
74,15,academic voice,fictional Barbeau,Directed,1,1672,Knows of
15,13,fictional Barbeau,Barton (Laxgibuu),Directed,1,1672,Knows of
15,73,fictional Barbeau,"""His grandson""",Directed,1,1672,Knows of
74,15,academic voice,fictional Barbeau,Directed,1,1673,Knows of
74,73,academic voice,"""His grandson""",Directed,1,1673,Knows of
15,13,fictional Barbeau,Barton (Laxgibuu),Directed,1,1673,Knows of
15,73,fictional Barbeau,"""His grandson""",Directed,1,1673,Knows of
74,73,academic voice,"""His grandson""",Directed,1,1674,Knows of
15,13,fictional Barbeau,Barton (Laxgibuu),Directed,1,1674,Knows of
74,15,academic voice,fictional Barbeau,Directed,1,1674,Knows of
15,73,fictional Barbeau,"""His grandson""",Directed,1,1674,Knows of
15,13,fictional Barbeau,Barton (Laxgibuu),Directed,1,1675,Knows of
74,73,academic voice,"""His grandson""",Directed,1,1675,Knows of
15,73,fictional Barbeau,"""His grandson""",Directed,1,1675,Knows of
74,15,academic voice,fictional Barbeau,Directed,1,1675,Knows of
15,13,fictional Barbeau,Barton (Laxgibuu),Directed,1,1676,Knows of
74,73,academic voice,"""His grandson""",Directed,1,1676,Knows of
15,73,fictional Barbeau,"""His grandson""",Directed,1,1676,Knows of
74,15,academic voice,fictional Barbeau,Directed,1,1676,Knows of
74,15,academic voice,fictional Barbeau,Directed,1,1677,Knows of
15,13,fictional Barbeau,Barton (Laxgibuu),Directed,1,1677,Knows of
15,73,fictional Barbeau,"""His grandson""",Directed,1,1677,Knows of
74,73,academic voice,"""His grandson""",Directed,1,1677,Knows of
74,73,academic voice,"""His grandson""",Directed,1,1678,Knows of
15,73,fictional Barbeau,"""His grandson""",Directed,1,1678,Knows of
15,13,fictional Barbeau,Barton (Laxgibuu),Directed,1,1678,Knows of
74,15,academic voice,fictional Barbeau,Directed,1,1678,Knows of
15,13,fictional Barbeau,Barton (Laxgibuu),Directed,1,1679,Knows of
15,73,fictional Barbeau,"""His grandson""",Directed,1,1679,Knows of
74,15,academic voice,fictional Barbeau,Directed,1,1679,Knows of
74,73,academic voice,"""His grandson""",Directed,1,1679,Knows of
60,15,collage photos,fictional Barbeau,Directed,1,1690,Knows
60,74,collage photos,academic voice,Directed,1,1690,Knows
74,15,academic voice,fictional Barbeau,Directed,1,1690,Knows of
74,60,academic voice,collage photos,Directed,1,1690,Knows of
15,60,fictional Barbeau,collage photos,Directed,1,1690,Knows
74,60,academic voice,collage photos,Directed,1,1691,Knows of
60,74,collage photos,academic voice,Directed,1,1691,Knows
15,60,fictional Barbeau,collage photos,Directed,1,1691,Knows
74,15,academic voice,fictional Barbeau,Directed,1,1691,Knows of
60,15,collage photos,fictional Barbeau,Directed,1,1691,Knows
15,60,fictional Barbeau,collage photos,Directed,1,1692,Knows
60,15,collage photos,fictional Barbeau,Directed,1,1692,Knows
60,74,collage photos,academic voice,Directed,1,1692,Knows
74,15,academic voice,fictional Barbeau,Directed,1,1692,Knows of
74,60,academic voice,collage photos,Directed,1,1692,Knows of
15,60,fictional Barbeau,collage photos,Directed,1,1693,Knows
60,74,collage photos,academic voice,Directed,1,1693,Knows
74,60,academic voice,collage photos,Directed,1,1693,Knows of
60,15,collage photos,fictional Barbeau,Directed,1,1693,Knows
74,15,academic voice,fictional Barbeau,Directed,1,1693,Knows of
60,74,collage photos,academic voice,Directed,1,1694,Knows
60,15,collage photos,fictional Barbeau,Directed,1,1694,Knows
74,15,academic voice,fictional Barbeau,Directed,1,1694,Knows of
74,60,academic voice,collage photos,Directed,1,1694,Knows of
15,60,fictional Barbeau,collage photos,Directed,1,1694,Knows
60,15,collage photos,fictional Barbeau,Directed,1,1695,Knows
74,60,academic voice,collage photos,Directed,1,1695,Knows of
15,60,fictional Barbeau,collage photos,Directed,1,1695,Knows
60,74,collage photos,academic voice,Directed,1,1695,Knows
74,15,academic voice,fictional Barbeau,Directed,1,1695,Knows of
74,60,academic voice,collage photos,Directed,1,1696,Knows of
15,60,fictional Barbeau,collage photos,Directed,1,1696,Knows
60,74,collage photos,academic voice,Directed,1,1696,Knows
74,15,academic voice,fictional Barbeau,Directed,1,1696,Knows of
60,15,collage photos,fictional Barbeau,Directed,1,1696,Knows
15,13,fictional Barbeau,Barton (Laxgibuu),Directed,1,1712,Knows of
15,13,fictional Barbeau,Barton (Laxgibuu),Directed,1,1713,Knows of
15,13,fictional Barbeau,Barton (Laxgibuu),Directed,1,1714,Knows of
15,13,fictional Barbeau,Barton (Laxgibuu),Directed,1,1715,Knows of
15,13,fictional Barbeau,Barton (Laxgibuu),Directed,1,1716,Knows of
15,13,fictional Barbeau,Barton (Laxgibuu),Directed,1,1717,Knows of
15,13,fictional Barbeau,Barton (Laxgibuu),Directed,1,1718,Knows of
15,13,fictional Barbeau,Barton (Laxgibuu),Directed,1,1719,Knows of
15,13,fictional Barbeau,Barton (Laxgibuu),Directed,1,1730,Knows of
15,13,fictional Barbeau,Barton (Laxgibuu),Directed,1,1731,Knows of
15,13,fictional Barbeau,Barton (Laxgibuu),Directed,1,1732,Knows of
15,13,fictional Barbeau,Barton (Laxgibuu),Directed,1,1733,Knows of
15,13,fictional Barbeau,Barton (Laxgibuu),Directed,1,1734,Knows of
15,13,fictional Barbeau,Barton (Laxgibuu),Directed,1,1735,Knows of
15,13,fictional Barbeau,Barton (Laxgibuu),Directed,1,1736,Knows of
15,13,fictional Barbeau,Barton (Laxgibuu),Directed,1,1737,Knows of
15,13,fictional Barbeau,Barton (Laxgibuu),Directed,1,1738,Knows of
15,13,fictional Barbeau,Barton (Laxgibuu),Directed,1,1739,Knows of
60,1,collage photos,speaker Abel,Directed,1,1750,Knows
1,60,speaker Abel,collage photos,Directed,1,1750,Knows
1,60,speaker Abel,collage photos,Directed,1,1751,Knows
60,1,collage photos,speaker Abel,Directed,1,1751,Knows
60,1,collage photos,speaker Abel,Directed,1,1752,Knows
1,60,speaker Abel,collage photos,Directed,1,1752,Knows
1,60,speaker Abel,collage photos,Directed,1,1753,Knows
60,1,collage photos,speaker Abel,Directed,1,1753,Knows
60,76,collage photos,Queen Charlotte,Directed,1,1770,Knows of
60,75,collage photos,James Deans,Directed,1,1770,Knows of
60,14,collage photos,real Barbeau,Directed,1,1770,Knows
60,76,collage photos,Queen Charlotte,Directed,1,1771,Knows of
60,75,collage photos,James Deans,Directed,1,1771,Knows of
60,14,collage photos,real Barbeau,Directed,1,1771,Knows
60,76,collage photos,Queen Charlotte,Directed,1,1772,Knows of
60,75,collage photos,James Deans,Directed,1,1772,Knows of
60,14,collage photos,real Barbeau,Directed,1,1772,Knows
14,80,real Barbeau,"women related to the ""Coffin House""",Directed,1,1773,Knows of
14,76,real Barbeau,Queen Charlotte,Directed,1,1773,Knows of
14,75,real Barbeau,James Deans,Directed,1,1773,Knows of
14,76,real Barbeau,Queen Charlotte,Directed,1,1774,Knows of
14,75,real Barbeau,James Deans,Directed,1,1774,Knows of
14,80,real Barbeau,"women related to the ""Coffin House""",Directed,1,1774,Knows of
14,76,real Barbeau,Queen Charlotte,Directed,1,1775,Knows of
14,75,real Barbeau,James Deans,Directed,1,1775,Knows of
14,80,real Barbeau,"women related to the ""Coffin House""",Directed,1,1775,Knows of
14,75,real Barbeau,James Deans,Directed,1,1776,Knows of
14,80,real Barbeau,"women related to the ""Coffin House""",Directed,1,1776,Knows of
14,76,real Barbeau,Queen Charlotte,Directed,1,1776,Knows of
14,80,real Barbeau,"women related to the ""Coffin House""",Directed,1,1777,Knows of
14,75,real Barbeau,James Deans,Directed,1,1777,Knows of
14,76,real Barbeau,Queen Charlotte,Directed,1,1777,Knows of
14,76,real Barbeau,Queen Charlotte,Directed,1,1778,Knows of
14,75,real Barbeau,James Deans,Directed,1,1778,Knows of
14,80,real Barbeau,"women related to the ""Coffin House""",Directed,1,1778,Knows of
14,80,real Barbeau,"women related to the ""Coffin House""",Directed,1,1779,Knows of
14,76,real Barbeau,Queen Charlotte,Directed,1,1779,Knows of
14,75,real Barbeau,James Deans,Directed,1,1779,Knows of
60,74,collage photos,academic voice,Directed,1,1830,Knows
1,60,speaker Abel,collage photos,Directed,1,1830,Knows
60,1,collage photos,speaker Abel,Directed,1,1830,Knows
60,74,collage photos,academic voice,Directed,1,1831,Knows
1,60,speaker Abel,collage photos,Directed,1,1831,Knows
60,1,collage photos,speaker Abel,Directed,1,1831,Knows
1,60,speaker Abel,collage photos,Directed,1,1832,Knows
60,1,collage photos,speaker Abel,Directed,1,1832,Knows
60,74,collage photos,academic voice,Directed,1,1832,Knows
60,74,collage photos,academic voice,Directed,1,1833,Knows
60,1,collage photos,speaker Abel,Directed,1,1833,Knows
1,60,speaker Abel,collage photos,Directed,1,1833,Knows
60,1,collage photos,speaker Abel,Directed,1,1834,Knows
60,74,collage photos,academic voice,Directed,1,1834,Knows
1,60,speaker Abel,collage photos,Directed,1,1834,Knows
60,74,collage photos,academic voice,Directed,1,1835,Knows
1,60,speaker Abel,collage photos,Directed,1,1835,Knows
60,1,collage photos,speaker Abel,Directed,1,1835,Knows
60,1,collage photos,speaker Abel,Directed,1,1836,Knows
1,60,speaker Abel,collage photos,Directed,1,1836,Knows
60,74,collage photos,academic voice,Directed,1,1836,Knows
1,60,speaker Abel,collage photos,Directed,1,1890,Knows
60,2,collage photos,Sagaween (Laxsgiik),Directed,1,1890,Knows
60,1,collage photos,speaker Abel,Directed,1,1890,Knows
60,1,collage photos,speaker Abel,Directed,1,1891,Knows
60,2,collage photos,Sagaween (Laxsgiik),Directed,1,1891,Knows
1,60,speaker Abel,collage photos,Directed,1,1891,Knows
60,2,collage photos,Sagaween (Laxsgiik),Directed,1,1892,Knows
1,60,speaker Abel,collage photos,Directed,1,1892,Knows
60,1,collage photos,speaker Abel,Directed,1,1892,Knows
1,60,speaker Abel,collage photos,Directed,1,1893,Knows
60,2,collage photos,Sagaween (Laxsgiik),Directed,1,1893,Knows
60,1,collage photos,speaker Abel,Directed,1,1893,Knows
1,2,speaker Abel,Sagaween (Laxsgiik),Directed,1,1894,Knows
1,2,speaker Abel,Sagaween (Laxsgiik),Directed,1,1895,Knows
1,2,speaker Abel,Sagaween (Laxsgiik),Directed,1,1896,Knows
1,2,speaker Abel,Sagaween (Laxsgiik),Directed,1,1897,Knows
1,2,speaker Abel,Sagaween (Laxsgiik),Directed,1,1898,Knows
1,2,speaker Abel,Sagaween (Laxsgiik),Directed,1,1899,Knows
14,77,real Barbeau,"nephews of ""Samedeek""",Directed,1,1910,Knows of
51,77,"""Samedeek"" (Gisk'ansnaat)","nephews of ""Samedeek""",Directed,1,1910,Exchange
51,2,"""Samedeek"" (Gisk'ansnaat)",Sagaween (Laxsgiik),Directed,1,1910,Knows
14,2,real Barbeau,Sagaween (Laxsgiik),Directed,1,1910,Knows of
2,51,Sagaween (Laxsgiik),"""Samedeek"" (Gisk'ansnaat)",Directed,1,1910,Knows
77,51,"nephews of ""Samedeek""","""Samedeek"" (Gisk'ansnaat)",Directed,1,1910,Exchange
2,77,Sagaween (Laxsgiik),"nephews of ""Samedeek""",Directed,1,1910,Knows of
14,51,real Barbeau,"""Samedeek"" (Gisk'ansnaat)",Directed,1,1910,Knows of
51,2,"""Samedeek"" (Gisk'ansnaat)",Sagaween (Laxsgiik),Directed,1,1911,Knows
51,77,"""Samedeek"" (Gisk'ansnaat)","nephews of ""Samedeek""",Directed,1,1911,Exchange
2,51,Sagaween (Laxsgiik),"""Samedeek"" (Gisk'ansnaat)",Directed,1,1911,Knows
77,51,"nephews of ""Samedeek""","""Samedeek"" (Gisk'ansnaat)",Directed,1,1911,Exchange
14,51,real Barbeau,"""Samedeek"" (Gisk'ansnaat)",Directed,1,1911,Knows of
14,2,real Barbeau,Sagaween (Laxsgiik),Directed,1,1911,Knows of
2,77,Sagaween (Laxsgiik),"nephews of ""Samedeek""",Directed,1,1911,Knows of
14,77,real Barbeau,"nephews of ""Samedeek""",Directed,1,1911,Knows of
14,51,real Barbeau,"""Samedeek"" (Gisk'ansnaat)",Directed,1,1912,Knows of
2,77,Sagaween (Laxsgiik),"nephews of ""Samedeek""",Directed,1,1912,Knows of
14,77,real Barbeau,"nephews of ""Samedeek""",Directed,1,1912,Knows of
14,2,real Barbeau,Sagaween (Laxsgiik),Directed,1,1912,Knows of
77,51,"nephews of ""Samedeek""","""Samedeek"" (Gisk'ansnaat)",Directed,1,1912,Exchange
51,2,"""Samedeek"" (Gisk'ansnaat)",Sagaween (Laxsgiik),Directed,1,1912,Knows
2,51,Sagaween (Laxsgiik),"""Samedeek"" (Gisk'ansnaat)",Directed,1,1912,Knows
51,77,"""Samedeek"" (Gisk'ansnaat)","nephews of ""Samedeek""",Directed,1,1912,Exchange
51,2,"""Samedeek"" (Gisk'ansnaat)",Sagaween (Laxsgiik),Directed,1,1913,Knows
2,77,Sagaween (Laxsgiik),"nephews of ""Samedeek""",Directed,1,1913,Knows of
14,2,real Barbeau,Sagaween (Laxsgiik),Directed,1,1913,Knows of
14,51,real Barbeau,"""Samedeek"" (Gisk'ansnaat)",Directed,1,1913,Knows of
51,77,"""Samedeek"" (Gisk'ansnaat)","nephews of ""Samedeek""",Directed,1,1913,Exchange
2,51,Sagaween (Laxsgiik),"""Samedeek"" (Gisk'ansnaat)",Directed,1,1913,Knows
77,51,"nephews of ""Samedeek""","""Samedeek"" (Gisk'ansnaat)",Directed,1,1913,Exchange
14,77,real Barbeau,"nephews of ""Samedeek""",Directed,1,1913,Knows of
14,77,real Barbeau,"nephews of ""Samedeek""",Directed,1,1914,Knows of
51,2,"""Samedeek"" (Gisk'ansnaat)",Sagaween (Laxsgiik),Directed,1,1914,Knows
14,2,real Barbeau,Sagaween (Laxsgiik),Directed,1,1914,Knows of
14,51,real Barbeau,"""Samedeek"" (Gisk'ansnaat)",Directed,1,1914,Knows of
77,51,"nephews of ""Samedeek""","""Samedeek"" (Gisk'ansnaat)",Directed,1,1914,Exchange
51,77,"""Samedeek"" (Gisk'ansnaat)","nephews of ""Samedeek""",Directed,1,1914,Exchange
2,77,Sagaween (Laxsgiik),"nephews of ""Samedeek""",Directed,1,1914,Knows of
2,51,Sagaween (Laxsgiik),"""Samedeek"" (Gisk'ansnaat)",Directed,1,1914,Knows
14,2,real Barbeau,Sagaween (Laxsgiik),Directed,1,1915,Knows of
2,51,Sagaween (Laxsgiik),"""Samedeek"" (Gisk'ansnaat)",Directed,1,1915,Knows
51,77,"""Samedeek"" (Gisk'ansnaat)","nephews of ""Samedeek""",Directed,1,1915,Exchange
14,51,real Barbeau,"""Samedeek"" (Gisk'ansnaat)",Directed,1,1915,Knows of
51,2,"""Samedeek"" (Gisk'ansnaat)",Sagaween (Laxsgiik),Directed,1,1915,Knows
2,77,Sagaween (Laxsgiik),"nephews of ""Samedeek""",Directed,1,1915,Knows of
14,77,real Barbeau,"nephews of ""Samedeek""",Directed,1,1915,Knows of
77,51,"nephews of ""Samedeek""","""Samedeek"" (Gisk'ansnaat)",Directed,1,1915,Exchange
51,2,"""Samedeek"" (Gisk'ansnaat)",Sagaween (Laxsgiik),Directed,1,1916,Knows
51,77,"""Samedeek"" (Gisk'ansnaat)","nephews of ""Samedeek""",Directed,1,1916,Exchange
2,77,Sagaween (Laxsgiik),"nephews of ""Samedeek""",Directed,1,1916,Knows of
14,2,real Barbeau,Sagaween (Laxsgiik),Directed,1,1916,Knows of
14,77,real Barbeau,"nephews of ""Samedeek""",Directed,1,1916,Knows of
14,51,real Barbeau,"""Samedeek"" (Gisk'ansnaat)",Directed,1,1916,Knows of
77,51,"nephews of ""Samedeek""","""Samedeek"" (Gisk'ansnaat)",Directed,1,1916,Exchange
2,51,Sagaween (Laxsgiik),"""Samedeek"" (Gisk'ansnaat)",Directed,1,1916,Knows
14,2,real Barbeau,Sagaween (Laxsgiik),Directed,1,1917,Knows of
51,77,"""Samedeek"" (Gisk'ansnaat)","nephews of ""Samedeek""",Directed,1,1917,Exchange
14,51,real Barbeau,"""Samedeek"" (Gisk'ansnaat)",Directed,1,1917,Knows of
2,77,Sagaween (Laxsgiik),"nephews of ""Samedeek""",Directed,1,1917,Knows of
2,51,Sagaween (Laxsgiik),"""Samedeek"" (Gisk'ansnaat)",Directed,1,1917,Knows
51,2,"""Samedeek"" (Gisk'ansnaat)",Sagaween (Laxsgiik),Directed,1,1917,Knows
77,51,"nephews of ""Samedeek""","""Samedeek"" (Gisk'ansnaat)",Directed,1,1917,Exchange
14,77,real Barbeau,"nephews of ""Samedeek""",Directed,1,1917,Knows of
2,77,Sagaween (Laxsgiik),"nephews of ""Samedeek""",Directed,1,1918,Knows of
14,51,real Barbeau,"""Samedeek"" (Gisk'ansnaat)",Directed,1,1918,Knows of
14,2,real Barbeau,Sagaween (Laxsgiik),Directed,1,1918,Knows of
51,2,"""Samedeek"" (Gisk'ansnaat)",Sagaween (Laxsgiik),Directed,1,1918,Knows
51,77,"""Samedeek"" (Gisk'ansnaat)","nephews of ""Samedeek""",Directed,1,1918,Exchange
77,51,"nephews of ""Samedeek""","""Samedeek"" (Gisk'ansnaat)",Directed,1,1918,Exchange
14,77,real Barbeau,"nephews of ""Samedeek""",Directed,1,1918,Knows of
2,51,Sagaween (Laxsgiik),"""Samedeek"" (Gisk'ansnaat)",Directed,1,1918,Knows
51,2,"""Samedeek"" (Gisk'ansnaat)",Sagaween (Laxsgiik),Directed,1,1919,Knows
14,2,real Barbeau,Sagaween (Laxsgiik),Directed,1,1919,Knows of
51,77,"""Samedeek"" (Gisk'ansnaat)","nephews of ""Samedeek""",Directed,1,1919,Exchange
2,77,Sagaween (Laxsgiik),"nephews of ""Samedeek""",Directed,1,1919,Knows of
77,51,"nephews of ""Samedeek""","""Samedeek"" (Gisk'ansnaat)",Directed,1,1919,Exchange
2,51,Sagaween (Laxsgiik),"""Samedeek"" (Gisk'ansnaat)",Directed,1,1919,Knows
14,77,real Barbeau,"nephews of ""Samedeek""",Directed,1,1919,Knows of
14,51,real Barbeau,"""Samedeek"" (Gisk'ansnaat)",Directed,1,1919,Knows of
74,78,academic voice,Haida,Directed,1,1990,Knows
74,78,academic voice,Haida,Directed,1,1991,Knows
74,78,academic voice,Haida,Directed,1,1992,Knows
74,78,academic voice,Haida,Directed,1,1993,Knows
74,78,academic voice,Haida,Directed,1,1994,Knows
60,14,collage photos,real Barbeau,Directed,1,2010,Knows
60,74,collage photos,academic voice,Directed,1,2010,Knows
60,74,collage photos,academic voice,Directed,1,2011,Knows
60,14,collage photos,real Barbeau,Directed,1,2011,Knows
60,74,collage photos,academic voice,Directed,1,2012,Knows
60,14,collage photos,real Barbeau,Directed,1,2012,Knows
60,74,collage photos,academic voice,Directed,1,2013,Knows
60,14,collage photos,real Barbeau,Directed,1,2013,Knows
60,74,collage photos,academic voice,Directed,1,2014,Knows
60,14,collage photos,real Barbeau,Directed,1,2014,Knows
60,74,collage photos,academic voice,Directed,1,2015,Knows
60,14,collage photos,real Barbeau,Directed,1,2015,Knows
60,74,collage photos,academic voice,Directed,1,2016,Knows
60,14,collage photos,real Barbeau,Directed,1,2016,Knows
1,60,speaker Abel,collage photos,Directed,1,2370,Knows
60,1,collage photos,speaker Abel,Directed,1,2370,Knows
60,1,collage photos,speaker Abel,Directed,1,2371,Knows
1,60,speaker Abel,collage photos,Directed,1,2371,Knows
60,1,collage photos,speaker Abel,Directed,1,2372,Knows
1,60,speaker Abel,collage photos,Directed,1,2372,Knows
60,1,collage photos,speaker Abel,Directed,1,2373,Knows
1,60,speaker Abel,collage photos,Directed,1,2373,Knows
1,60,speaker Abel,collage photos,Directed,1,2374,Knows
60,1,collage photos,speaker Abel,Directed,1,2374,Knows
1,60,speaker Abel,collage photos,Directed,1,2375,Knows
60,1,collage photos,speaker Abel,Directed,1,2375,Knows
1,60,speaker Abel,collage photos,Directed,1,2376,Knows
60,1,collage photos,speaker Abel,Directed,1,2376,Knows
60,1,collage photos,speaker Abel,Directed,1,2377,Knows
1,60,speaker Abel,collage photos,Directed,1,2377,Knows
60,1,collage photos,speaker Abel,Directed,1,2378,Knows
1,60,speaker Abel,collage photos,Directed,1,2378,Knows
60,1,collage photos,speaker Abel,Directed,1,2390,Knows
1,60,speaker Abel,collage photos,Directed,1,2390,Knows
1,60,speaker Abel,collage photos,Directed,1,2391,Knows
60,1,collage photos,speaker Abel,Directed,1,2391,Knows
60,1,collage photos,speaker Abel,Directed,1,2392,Knows
1,60,speaker Abel,collage photos,Directed,1,2392,Knows
1,60,speaker Abel,collage photos,Directed,1,2393,Knows
60,1,collage photos,speaker Abel,Directed,1,2393,Knows
1,60,speaker Abel,collage photos,Directed,1,2394,Knows
60,1,collage photos,speaker Abel,Directed,1,2394,Knows
1,60,speaker Abel,collage photos,Directed,1,2395,Knows
60,1,collage photos,speaker Abel,Directed,1,2395,Knows
1,60,speaker Abel,collage photos,Directed,1,2396,Knows
60,1,collage photos,speaker Abel,Directed,1,2396,Knows
1,60,speaker Abel,collage photos,Directed,1,2397,Knows
60,1,collage photos,speaker Abel,Directed,1,2397,Knows
1,60,speaker Abel,collage photos,Directed,1,2398,Knows
60,1,collage photos,speaker Abel,Directed,1,2398,Knows
60,1,collage photos,speaker Abel,Directed,1,2410,Knows
1,60,speaker Abel,collage photos,Directed,1,2410,Knows
1,60,speaker Abel,collage photos,Directed,1,2411,Knows
60,1,collage photos,speaker Abel,Directed,1,2411,Knows
1,60,speaker Abel,collage photos,Directed,1,2412,Knows
60,1,collage photos,speaker Abel,Directed,1,2412,Knows
1,60,speaker Abel,collage photos,Directed,1,2413,Knows
60,1,collage photos,speaker Abel,Directed,1,2413,Knows
1,60,speaker Abel,collage photos,Directed,1,2414,Knows
60,1,collage photos,speaker Abel,Directed,1,2414,Knows
1,60,speaker Abel,collage photos,Directed,1,2415,Knows
60,1,collage photos,speaker Abel,Directed,1,2415,Knows
1,60,speaker Abel,collage photos,Directed,1,2416,Knows
60,1,collage photos,speaker Abel,Directed,1,2416,Knows
1,60,speaker Abel,collage photos,Directed,1,2417,Knows
60,1,collage photos,speaker Abel,Directed,1,2417,Knows
1,60,speaker Abel,collage photos,Directed,1,2430,Knows
60,1,collage photos,speaker Abel,Directed,1,2430,Knows
60,1,collage photos,speaker Abel,Directed,1,2431,Knows
1,60,speaker Abel,collage photos,Directed,1,2431,Knows
1,60,speaker Abel,collage photos,Directed,1,2432,Knows
60,1,collage photos,speaker Abel,Directed,1,2432,Knows
1,60,speaker Abel,collage photos,Directed,1,2433,Knows
60,1,collage photos,speaker Abel,Directed,1,2433,Knows
1,60,speaker Abel,collage photos,Directed,1,2434,Knows
60,1,collage photos,speaker Abel,Directed,1,2434,Knows
1,60,speaker Abel,collage photos,Directed,1,2435,Knows
60,1,collage photos,speaker Abel,Directed,1,2435,Knows
60,1,collage photos,speaker Abel,Directed,1,2436,Knows
1,60,speaker Abel,collage photos,Directed,1,2436,Knows
1,60,speaker Abel,collage photos,Directed,1,2450,Knows
60,1,collage photos,speaker Abel,Directed,1,2450,Knows
60,1,collage photos,speaker Abel,Directed,1,2451,Knows
1,60,speaker Abel,collage photos,Directed,1,2451,Knows
1,60,speaker Abel,collage photos,Directed,1,2452,Knows
60,1,collage photos,speaker Abel,Directed,1,2452,Knows
1,60,speaker Abel,collage photos,Directed,1,2453,Knows
60,1,collage photos,speaker Abel,Directed,1,2453,Knows
1,60,speaker Abel,collage photos,Directed,1,2454,Knows
60,1,collage photos,speaker Abel,Directed,1,2454,Knows
60,1,collage photos,speaker Abel,Directed,1,2455,Knows
1,60,speaker Abel,collage photos,Directed,1,2455,Knows
60,1,collage photos,speaker Abel,Directed,1,2456,Knows
1,60,speaker Abel,collage photos,Directed,1,2456,Knows
1,60,speaker Abel,collage photos,Directed,1,2457,Knows
60,1,collage photos,speaker Abel,Directed,1,2457,Knows
60,1,collage photos,speaker Abel,Directed,1,2458,Knows
1,60,speaker Abel,collage photos,Directed,1,2458,Knows
60,1,collage photos,speaker Abel,Directed,1,2470,Knows
1,60,speaker Abel,collage photos,Directed,1,2470,Knows
60,1,collage photos,speaker Abel,Directed,1,2471,Knows
1,60,speaker Abel,collage photos,Directed,1,2471,Knows
1,60,speaker Abel,collage photos,Directed,1,2472,Knows
60,1,collage photos,speaker Abel,Directed,1,2472,Knows
1,60,speaker Abel,collage photos,Directed,1,2473,Knows
60,1,collage photos,speaker Abel,Directed,1,2473,Knows
1,60,speaker Abel,collage photos,Directed,1,2474,Knows
60,1,collage photos,speaker Abel,Directed,1,2474,Knows
60,1,collage photos,speaker Abel,Directed,1,2475,Knows
1,60,speaker Abel,collage photos,Directed,1,2475,Knows
60,1,collage photos,speaker Abel,Directed,1,2476,Knows
1,60,speaker Abel,collage photos,Directed,1,2476,Knows
60,1,collage photos,speaker Abel,Directed,1,2490,Knows
1,60,speaker Abel,collage photos,Directed,1,2490,Knows
60,1,collage photos,speaker Abel,Directed,1,2491,Knows
1,60,speaker Abel,collage photos,Directed,1,2491,Knows
1,60,speaker Abel,collage photos,Directed,1,2492,Knows
60,1,collage photos,speaker Abel,Directed,1,2492,Knows
1,60,speaker Abel,collage photos,Directed,1,2493,Knows
60,1,collage photos,speaker Abel,Directed,1,2493,Knows
60,1,collage photos,speaker Abel,Directed,1,2510,Knows
1,60,speaker Abel,collage photos,Directed,1,2510,Knows
1,60,speaker Abel,collage photos,Directed,1,2511,Knows
60,1,collage photos,speaker Abel,Directed,1,2511,Knows
1,60,speaker Abel,collage photos,Directed,1,2512,Knows
60,1,collage photos,speaker Abel,Directed,1,2512,Knows
1,60,speaker Abel,collage photos,Directed,1,2513,Knows
60,1,collage photos,speaker Abel,Directed,1,2513,Knows
1,60,speaker Abel,collage photos,Directed,1,2514,Knows
60,1,collage photos,speaker Abel,Directed,1,2514,Knows
1,60,speaker Abel,collage photos,Directed,1,2515,Knows
60,1,collage photos,speaker Abel,Directed,1,2515,Knows
1,60,speaker Abel,collage photos,Directed,1,2530,Knows
60,1,collage photos,speaker Abel,Directed,1,2530,Knows
60,1,collage photos,speaker Abel,Directed,1,2531,Knows
1,60,speaker Abel,collage photos,Directed,1,2531,Knows
60,1,collage photos,speaker Abel,Directed,1,2532,Knows
1,60,speaker Abel,collage photos,Directed,1,2532,Knows
60,1,collage photos,speaker Abel,Directed,1,2533,Knows
1,60,speaker Abel,collage photos,Directed,1,2533,Knows
60,1,collage photos,speaker Abel,Directed,1,2534,Knows
1,60,speaker Abel,collage photos,Directed,1,2534,Knows
60,1,collage photos,speaker Abel,Directed,1,2535,Knows
1,60,speaker Abel,collage photos,Directed,1,2535,Knows
60,1,collage photos,speaker Abel,Directed,1,2536,Knows
1,60,speaker Abel,collage photos,Directed,1,2536,Knows
60,1,collage photos,speaker Abel,Directed,1,2537,Knows
1,60,speaker Abel,collage photos,Directed,1,2537,Knows
60,1,collage photos,speaker Abel,Directed,1,2538,Knows
1,60,speaker Abel,collage photos,Directed,1,2538,Knows
1,60,speaker Abel,collage photos,Directed,1,2550,Knows
60,1,collage photos,speaker Abel,Directed,1,2550,Knows
1,60,speaker Abel,collage photos,Directed,1,2551,Knows
60,1,collage photos,speaker Abel,Directed,1,2551,Knows
1,60,speaker Abel,collage photos,Directed,1,2552,Knows
60,1,collage photos,speaker Abel,Directed,1,2552,Knows
1,60,speaker Abel,collage photos,Directed,1,2553,Knows
60,1,collage photos,speaker Abel,Directed,1,2553,Knows
1,60,speaker Abel,collage photos,Directed,1,2554,Knows
60,1,collage photos,speaker Abel,Directed,1,2554,Knows
1,60,speaker Abel,collage photos,Directed,1,2555,Knows
60,1,collage photos,speaker Abel,Directed,1,2555,Knows
1,60,speaker Abel,collage photos,Directed,1,2556,Knows
60,1,collage photos,speaker Abel,Directed,1,2556,Knows
60,1,collage photos,speaker Abel,Directed,1,2557,Knows
1,60,speaker Abel,collage photos,Directed,1,2557,Knows
