id_x,Event Name,Novel_x,Start Date,End Date,Duration,Preceding Event,Evidence,id_y,Narrator,Container,Start Page,End Page,TT Description,id,Novel_y,Start Date TT,End Date TT,Preceding t-t
215,Aunt Jimmy passes away,The Bluest Eye,1903-00-00,1918-00-00,1,Cholly's Mother abandons him,*Story time dates approximated based on limited textual evidence for visualization purposes*“It was in the spring... that Aunt Jimmy died” (135) “he was fourteen” (154),579.0,3rd Person Narrator (The Bluest Eye),"""When Cholly was four days old, his mother wrapped him in two blankets and one newspaper...""",135.0,135.0,"Spring, 1941 (Third Person Narrator)",48.0,The Bluest Eye,1941-03-20,1941-06-21,_CHOOSE A TELLING TIME
215,Aunt Jimmy passes away,The Bluest Eye,1903-00-00,1918-00-00,1,Cholly's Mother abandons him,*Story time dates approximated based on limited textual evidence for visualization purposes*“It was in the spring... that Aunt Jimmy died” (135) “he was fourteen” (154),580.0,3rd Person Narrator (The Bluest Eye),"""When Cholly was four days old, his mother wrapped him in two blankets and one newspaper...""",139.0,139.0,"Spring, 1941 (Third Person Narrator)",48.0,The Bluest Eye,1941-03-20,1941-06-21,_CHOOSE A TELLING TIME
215,Aunt Jimmy passes away,The Bluest Eye,1903-00-00,1918-00-00,1,Cholly's Mother abandons him,*Story time dates approximated based on limited textual evidence for visualization purposes*“It was in the spring... that Aunt Jimmy died” (135) “he was fourteen” (154),581.0,3rd Person Narrator (The Bluest Eye),"""When Cholly was four days old, his mother wrapped him in two blankets and one newspaper...""",140.0,140.0,"Spring, 1941 (Third Person Narrator)",48.0,The Bluest Eye,1941-03-20,1941-06-21,_CHOOSE A TELLING TIME
215,Aunt Jimmy passes away,The Bluest Eye,1903-00-00,1918-00-00,1,Cholly's Mother abandons him,*Story time dates approximated based on limited textual evidence for visualization purposes*“It was in the spring... that Aunt Jimmy died” (135) “he was fourteen” (154),584.0,3rd Person Narrator (The Bluest Eye),"""When Cholly was four days old, his mother wrapped him in two blankets and one newspaper...""",141.0,141.0,"Spring, 1941 (Third Person Narrator)",48.0,The Bluest Eye,1941-03-20,1941-06-21,_CHOOSE A TELLING TIME
215,Aunt Jimmy passes away,The Bluest Eye,1903-00-00,1918-00-00,1,Cholly's Mother abandons him,*Story time dates approximated based on limited textual evidence for visualization purposes*“It was in the spring... that Aunt Jimmy died” (135) “he was fourteen” (154),582.0,3rd Person Narrator (The Bluest Eye),"""When Cholly was four days old, his mother wrapped him in two blankets and one newspaper...""",143.0,143.0,"Spring, 1941 (Third Person Narrator)",48.0,The Bluest Eye,1941-03-20,1941-06-21,_CHOOSE A TELLING TIME
215,Aunt Jimmy passes away,The Bluest Eye,1903-00-00,1918-00-00,1,Cholly's Mother abandons him,*Story time dates approximated based on limited textual evidence for visualization purposes*“It was in the spring... that Aunt Jimmy died” (135) “he was fourteen” (154),585.0,3rd Person Narrator (The Bluest Eye),"""When Cholly was four days old, his mother wrapped him in two blankets and one newspaper...""",146.0,146.0,"Spring, 1941 (Third Person Narrator)",48.0,The Bluest Eye,1941-03-20,1941-06-21,_CHOOSE A TELLING TIME
215,Aunt Jimmy passes away,The Bluest Eye,1903-00-00,1918-00-00,1,Cholly's Mother abandons him,*Story time dates approximated based on limited textual evidence for visualization purposes*“It was in the spring... that Aunt Jimmy died” (135) “he was fourteen” (154),583.0,3rd Person Narrator (The Bluest Eye),"""When Cholly was four days old, his mother wrapped him in two blankets and one newspaper...""",150.0,150.0,"Spring, 1941 (Third Person Narrator)",48.0,The Bluest Eye,1941-03-20,1941-06-21,_CHOOSE A TELLING TIME
195,Benjamin attacks a girl and is castrated,The Sound and the Fury,1910-00-00,1910-00-00,0,Quentin commits suicide,"Occurs after Caddy's wedding, Benjy is trying to talk to the school girls about how much he misses Caddy ""I tried to say, but they went on, and I went along the fence, trying to say, and they went faster.... How did he get out, Father said."" (52)",348.0,Benjamin Compson (narrator),"April Seventh, 1928",52.0,52.0,"Luster looks for a quarter (April seventh, 1928)",40.0,The Sound and the Fury,1928-04-07,1928-04-07,Jason goes home and Quentin speaks up about Jason following her in his car (April sixth 1928)
195,Benjamin attacks a girl and is castrated,The Sound and the Fury,1910-00-00,1910-00-00,0,Quentin commits suicide,"Occurs after Caddy's wedding, Benjy is trying to talk to the school girls about how much he misses Caddy ""I tried to say, but they went on, and I went along the fence, trying to say, and they went faster.... How did he get out, Father said."" (52)",349.0,Benjamin Compson (narrator),"April Seventh, 1928",53.0,53.0,"Luster looks for a quarter (April seventh, 1928)",40.0,The Sound and the Fury,1928-04-07,1928-04-07,Jason goes home and Quentin speaks up about Jason following her in his car (April sixth 1928)
195,Benjamin attacks a girl and is castrated,The Sound and the Fury,1910-00-00,1910-00-00,0,Quentin commits suicide,"Occurs after Caddy's wedding, Benjy is trying to talk to the school girls about how much he misses Caddy ""I tried to say, but they went on, and I went along the fence, trying to say, and they went faster.... How did he get out, Father said."" (52)",369.0,Jason Compson IV (narrator),"April Sixth, 1928.",253.0,253.0,Jason goes home and Quentin speaks up about Jason following her in his car (April sixth 1928),39.0,The Sound and the Fury,1928-04-06,1928-04-06,Jason loses money at the stock market (April sixth 1928)
195,Benjamin attacks a girl and is castrated,The Sound and the Fury,1910-00-00,1910-00-00,0,Quentin commits suicide,"Occurs after Caddy's wedding, Benjy is trying to talk to the school girls about how much he misses Caddy ""I tried to say, but they went on, and I went along the fence, trying to say, and they went faster.... How did he get out, Father said."" (52)",370.0,Jason Compson IV (narrator),"April Sixth, 1928.",263.0,263.0,Jason goes home and Quentin speaks up about Jason following her in his car (April sixth 1928),39.0,The Sound and the Fury,1928-04-06,1928-04-06,Jason loses money at the stock market (April sixth 1928)
183,Benjamin's pasture sold so Quentin can go to Harvard,The Sound and the Fury,1909-00-00,1909-00-00,0,Patterson Affair,Dates collected from Ross and Polk,341.0,Benjamin Compson (narrator),"April Seventh, 1928",19.0,19.0,"Luster looks for a quarter (April seventh, 1928)",40.0,The Sound and the Fury,1928-04-07,1928-04-07,Jason goes home and Quentin speaks up about Jason following her in his car (April sixth 1928)
183,Benjamin's pasture sold so Quentin can go to Harvard,The Sound and the Fury,1909-00-00,1909-00-00,0,Patterson Affair,Dates collected from Ross and Polk,447.0,Quentin Compson III (narrator),"June Second, 1910",94.0,94.0,Quentin sends his note to his father (June second 1910),23.0,The Sound and the Fury,1910-06-02,1910-06-02,Quentin writes notes to his father and Shreve (June second 1910)
183,Benjamin's pasture sold so Quentin can go to Harvard,The Sound and the Fury,1909-00-00,1909-00-00,0,Patterson Affair,Dates collected from Ross and Polk,448.0,Quentin Compson III (narrator),"June Second, 1910",102.0,102.0,Quentin gives Shreve's note to Deacon (June second 1910),24.0,The Sound and the Fury,1910-06-02,1910-06-02,Quentin sends his note to his father (June second 1910)
183,Benjamin's pasture sold so Quentin can go to Harvard,The Sound and the Fury,1909-00-00,1909-00-00,0,Patterson Affair,Dates collected from Ross and Polk,449.0,Quentin Compson III (narrator),"June Second, 1910",124.0,124.0,Quentin buys tire irons and hides them (June second 1910),25.0,The Sound and the Fury,1910-06-02,1910-06-02,Quentin gives Shreve's note to Deacon (June second 1910)
183,Benjamin's pasture sold so Quentin can go to Harvard,The Sound and the Fury,1909-00-00,1909-00-00,0,Patterson Affair,Dates collected from Ross and Polk,450.0,Quentin Compson III (narrator),"June Second, 1910",174.0,174.0,Quentin dresses up (June second 1910),29.0,The Sound and the Fury,1910-06-02,1910-06-02,Quentin fights Gerald (June second 1910)
183,Benjamin's pasture sold so Quentin can go to Harvard,The Sound and the Fury,1909-00-00,1909-00-00,0,Patterson Affair,Dates collected from Ross and Polk,354.0,Jason Compson IV (narrator),"April Sixth, 1928.",197.0,197.0,Jason recieves Caddy's letter (April sixth 1928),32.0,The Sound and the Fury,1928-04-06,1928-04-06,Jason drives Quentin Jr. to school (April sixth 1928)
183,Benjamin's pasture sold so Quentin can go to Harvard,The Sound and the Fury,1909-00-00,1909-00-00,0,Patterson Affair,Dates collected from Ross and Polk,355.0,Jason Compson IV (narrator),"April Sixth, 1928.",233.0,233.0,Jason sees Quentin with the band member wearing the red tie (April sixth 1928),36.0,The Sound and the Fury,1928-04-06,1928-04-06,Jason gives his mother the forged check to burn and a letter from Uncle Maury (April sixth 1928)
183,Benjamin's pasture sold so Quentin can go to Harvard,The Sound and the Fury,1909-00-00,1909-00-00,0,Patterson Affair,Dates collected from Ross and Polk,356.0,Jason Compson IV (narrator),"April Sixth, 1928.",262.0,262.0,Jason goes home and Quentin speaks up about Jason following her in his car (April sixth 1928),39.0,The Sound and the Fury,1928-04-06,1928-04-06,Jason loses money at the stock market (April sixth 1928)
184,Caddy and Charlie hook up,The Sound and the Fury,1909-00-00,1909-00-00,0,Benjamin's pasture sold so Quentin can go to Harvard,Dates collected from Ross and Polk,342.0,Benjamin Compson (narrator),"April Seventh, 1928",47.0,47.0,"Benjy sees Quentin Jr. with the band member wearing the red tie in the swing (April seventh, 1928)",41.0,The Sound and the Fury,1928-04-07,1928-04-07,"Luster looks for a quarter (April seventh, 1928)"
184,Caddy and Charlie hook up,The Sound and the Fury,1909-00-00,1909-00-00,0,Benjamin's pasture sold so Quentin can go to Harvard,Dates collected from Ross and Polk,343.0,Benjamin Compson (narrator),"April Seventh, 1928",48.0,48.0,"Benjy sees Quentin Jr. with the band member wearing the red tie in the swing (April seventh, 1928)",41.0,The Sound and the Fury,1928-04-07,1928-04-07,"Luster looks for a quarter (April seventh, 1928)"
184,Caddy and Charlie hook up,The Sound and the Fury,1909-00-00,1909-00-00,0,Benjamin's pasture sold so Quentin can go to Harvard,Dates collected from Ross and Polk,357.0,Jason Compson IV (narrator),"April Sixth, 1928.",229.0,229.0,Jason gives his mother the forged check to burn and a letter from Uncle Maury (April sixth 1928),35.0,The Sound and the Fury,1928-04-06,1928-04-06,Jason forges a check (April sixth 1928)
193,Caddy and Herbert's Wedding,The Sound and the Fury,1910-04-25,1910-04-25,0,The night before Caddy's wedding and Quentin confronts Herbert Head,"Dates collected from Ross and Polk, ""Mr. and Mrs. Jason Richmond Compson announce the marriage of their daughter Candace to Mr. Sydney Herbert Head on the twenty-fifth of April one thousand nine hundred and ten"" (93)",344.0,Benjamin Compson (narrator),"April Seventh, 1928",21.0,21.0,"Luster looks for a quarter (April seventh, 1928)",40.0,The Sound and the Fury,1928-04-07,1928-04-07,Jason goes home and Quentin speaks up about Jason following her in his car (April sixth 1928)
193,Caddy and Herbert's Wedding,The Sound and the Fury,1910-04-25,1910-04-25,0,The night before Caddy's wedding and Quentin confronts Herbert Head,"Dates collected from Ross and Polk, ""Mr. and Mrs. Jason Richmond Compson announce the marriage of their daughter Candace to Mr. Sydney Herbert Head on the twenty-fifth of April one thousand nine hundred and ten"" (93)",345.0,Benjamin Compson (narrator),"April Seventh, 1928",39.0,39.0,"Luster looks for a quarter (April seventh, 1928)",40.0,The Sound and the Fury,1928-04-07,1928-04-07,Jason goes home and Quentin speaks up about Jason following her in his car (April sixth 1928)
193,Caddy and Herbert's Wedding,The Sound and the Fury,1910-04-25,1910-04-25,0,The night before Caddy's wedding and Quentin confronts Herbert Head,"Dates collected from Ross and Polk, ""Mr. and Mrs. Jason Richmond Compson announce the marriage of their daughter Candace to Mr. Sydney Herbert Head on the twenty-fifth of April one thousand nine hundred and ten"" (93)",346.0,Benjamin Compson (narrator),"April Seventh, 1928",40.0,40.0,"Luster looks for a quarter (April seventh, 1928)",40.0,The Sound and the Fury,1928-04-07,1928-04-07,Jason goes home and Quentin speaks up about Jason following her in his car (April sixth 1928)
193,Caddy and Herbert's Wedding,The Sound and the Fury,1910-04-25,1910-04-25,0,The night before Caddy's wedding and Quentin confronts Herbert Head,"Dates collected from Ross and Polk, ""Mr. and Mrs. Jason Richmond Compson announce the marriage of their daughter Candace to Mr. Sydney Herbert Head on the twenty-fifth of April one thousand nine hundred and ten"" (93)",347.0,Benjamin Compson (narrator),"April Seventh, 1928",51.0,51.0,"Luster looks for a quarter (April seventh, 1928)",40.0,The Sound and the Fury,1928-04-07,1928-04-07,Jason goes home and Quentin speaks up about Jason following her in his car (April sixth 1928)
193,Caddy and Herbert's Wedding,The Sound and the Fury,1910-04-25,1910-04-25,0,The night before Caddy's wedding and Quentin confronts Herbert Head,"Dates collected from Ross and Polk, ""Mr. and Mrs. Jason Richmond Compson announce the marriage of their daughter Candace to Mr. Sydney Herbert Head on the twenty-fifth of April one thousand nine hundred and ten"" (93)",508.0,Quentin Compson III (narrator),"June Second, 1910",77.0,77.0,Quentin breaks his watch (June second 1910),21.0,The Sound and the Fury,1910-06-02,1910-06-02,_NO PRECEDING TELLING TIME
193,Caddy and Herbert's Wedding,The Sound and the Fury,1910-04-25,1910-04-25,0,The night before Caddy's wedding and Quentin confronts Herbert Head,"Dates collected from Ross and Polk, ""Mr. and Mrs. Jason Richmond Compson announce the marriage of their daughter Candace to Mr. Sydney Herbert Head on the twenty-fifth of April one thousand nine hundred and ten"" (93)",507.0,Quentin Compson III (narrator),"June Second, 1910",81.0,81.0,Quentin writes notes to his father and Shreve (June second 1910),22.0,The Sound and the Fury,1910-06-02,1910-06-02,Quentin breaks his watch (June second 1910)
193,Caddy and Herbert's Wedding,The Sound and the Fury,1910-04-25,1910-04-25,0,The night before Caddy's wedding and Quentin confronts Herbert Head,"Dates collected from Ross and Polk, ""Mr. and Mrs. Jason Richmond Compson announce the marriage of their daughter Candace to Mr. Sydney Herbert Head on the twenty-fifth of April one thousand nine hundred and ten"" (93)",509.0,Quentin Compson III (narrator),"June Second, 1910",93.0,93.0,Quentin sends his note to his father (June second 1910),23.0,The Sound and the Fury,1910-06-02,1910-06-02,Quentin writes notes to his father and Shreve (June second 1910)
193,Caddy and Herbert's Wedding,The Sound and the Fury,1910-04-25,1910-04-25,0,The night before Caddy's wedding and Quentin confronts Herbert Head,"Dates collected from Ross and Polk, ""Mr. and Mrs. Jason Richmond Compson announce the marriage of their daughter Candace to Mr. Sydney Herbert Head on the twenty-fifth of April one thousand nine hundred and ten"" (93)",510.0,Quentin Compson III (narrator),"June Second, 1910",100.0,100.0,Quentin gives Shreve's note to Deacon (June second 1910),24.0,The Sound and the Fury,1910-06-02,1910-06-02,Quentin sends his note to his father (June second 1910)
193,Caddy and Herbert's Wedding,The Sound and the Fury,1910-04-25,1910-04-25,0,The night before Caddy's wedding and Quentin confronts Herbert Head,"Dates collected from Ross and Polk, ""Mr. and Mrs. Jason Richmond Compson announce the marriage of their daughter Candace to Mr. Sydney Herbert Head on the twenty-fifth of April one thousand nine hundred and ten"" (93)",360.0,Jason Compson IV (narrator),"April Sixth, 1928.",221.0,221.0,Jason gives his mother the forged check to burn and a letter from Uncle Maury (April sixth 1928),35.0,The Sound and the Fury,1928-04-06,1928-04-06,Jason forges a check (April sixth 1928)
200,Caddy pays Jason to see Quentin Jr.,The Sound and the Fury,1912-00-00,1912-00-00,0,Jason Compson III's funeral,"Occurs at and after the funeral: ""I was pretty near there, standing there in a black cloak, looking at the flowers. I knew who it was right off, before she turned and looked at me and lifted up her veil."" (202)",387.0,Jason Compson IV (narrator),"April Sixth, 1928.",203.0,203.0,Jason recieves Caddy's letter (April sixth 1928),32.0,The Sound and the Fury,1928-04-06,1928-04-06,Jason drives Quentin Jr. to school (April sixth 1928)
200,Caddy pays Jason to see Quentin Jr.,The Sound and the Fury,1912-00-00,1912-00-00,0,Jason Compson III's funeral,"Occurs at and after the funeral: ""I was pretty near there, standing there in a black cloak, looking at the flowers. I knew who it was right off, before she turned and looked at me and lifted up her veil."" (202)",388.0,Jason Compson IV (narrator),"April Sixth, 1928.",204.0,204.0,Jason recieves Caddy's letter (April sixth 1928),32.0,The Sound and the Fury,1928-04-06,1928-04-06,Jason drives Quentin Jr. to school (April sixth 1928)
200,Caddy pays Jason to see Quentin Jr.,The Sound and the Fury,1912-00-00,1912-00-00,0,Jason Compson III's funeral,"Occurs at and after the funeral: ""I was pretty near there, standing there in a black cloak, looking at the flowers. I knew who it was right off, before she turned and looked at me and lifted up her veil."" (202)",389.0,Jason Compson IV (narrator),"April Sixth, 1928.",205.0,205.0,Jason recieves Caddy's letter (April sixth 1928),32.0,The Sound and the Fury,1928-04-06,1928-04-06,Jason drives Quentin Jr. to school (April sixth 1928)
203,Caddy visits Jason's office,The Sound and the Fury,1912-00-00,1913-00-00,0,Dilsey lets Caddy see Quentin Jr. and Jason finds out because Benjy bellows,"Occurs the day after the funeral: ""the next morning dam if she didn't walk right into the store, only she had sense enough to wear the veil and not speak to anybody. It was Saturday morning, because I was at the store, and she came right on back to the desk where I was, walking fast"" (205)",392.0,Jason Compson IV (narrator),"April Sixth, 1928.",205.0,205.0,Jason recieves Caddy's letter (April sixth 1928),32.0,The Sound and the Fury,1928-04-06,1928-04-06,Jason drives Quentin Jr. to school (April sixth 1928)
203,Caddy visits Jason's office,The Sound and the Fury,1912-00-00,1913-00-00,0,Dilsey lets Caddy see Quentin Jr. and Jason finds out because Benjy bellows,"Occurs the day after the funeral: ""the next morning dam if she didn't walk right into the store, only she had sense enough to wear the veil and not speak to anybody. It was Saturday morning, because I was at the store, and she came right on back to the desk where I was, walking fast"" (205)",393.0,Jason Compson IV (narrator),"April Sixth, 1928.",206.0,206.0,Jason recieves Caddy's letter (April sixth 1928),32.0,The Sound and the Fury,1928-04-06,1928-04-06,Jason drives Quentin Jr. to school (April sixth 1928)
181,"Caddy wears perfume, which upsets Benjamin",The Sound and the Fury,1906-00-00,1906-00-00,0,Changing Benjamin's name,Dates collected from Ross and Polk,336.0,Benjamin Compson (narrator),"April Seventh, 1928",42.0,42.0,"Luster looks for a quarter (April seventh, 1928)",40.0,The Sound and the Fury,1928-04-07,1928-04-07,Jason goes home and Quentin speaks up about Jason following her in his car (April sixth 1928)
181,"Caddy wears perfume, which upsets Benjamin",The Sound and the Fury,1906-00-00,1906-00-00,0,Changing Benjamin's name,Dates collected from Ross and Polk,337.0,Benjamin Compson (narrator),"April Seventh, 1928",43.0,43.0,"Luster looks for a quarter (April seventh, 1928)",40.0,The Sound and the Fury,1928-04-07,1928-04-07,Jason goes home and Quentin speaks up about Jason following her in his car (April sixth 1928)
181,"Caddy wears perfume, which upsets Benjamin",The Sound and the Fury,1906-00-00,1906-00-00,0,Changing Benjamin's name,Dates collected from Ross and Polk,445.0,Quentin Compson III (narrator),"June Second, 1910",176.0,176.0,Quentin dresses up (June second 1910),29.0,The Sound and the Fury,1910-06-02,1910-06-02,Quentin fights Gerald (June second 1910)
180,Changing Benjamin's name,The Sound and the Fury,1900-00-00,1900-00-00,0,Damuddy's death,"(includes the decision to change his name, Caddy explaining it to Benjamin, and Jason cutting up the paper dolls) Dates collected from Ross and Polk",328.0,Benjamin Compson (narrator),"April Seventh, 1928",56.0,56.0,"Luster and Benjy eat cake for Benjy's birthday (April seventh, 1928)",42.0,The Sound and the Fury,1928-04-07,1928-04-07,"Benjy sees Quentin Jr. with the band member wearing the red tie in the swing (April seventh, 1928)"
180,Changing Benjamin's name,The Sound and the Fury,1900-00-00,1900-00-00,0,Damuddy's death,"(includes the decision to change his name, Caddy explaining it to Benjamin, and Jason cutting up the paper dolls) Dates collected from Ross and Polk",329.0,Benjamin Compson (narrator),"April Seventh, 1928",58.0,58.0,"Luster and Benjy eat cake for Benjy's birthday (April seventh, 1928)",42.0,The Sound and the Fury,1928-04-07,1928-04-07,"Benjy sees Quentin Jr. with the band member wearing the red tie in the swing (April seventh, 1928)"
180,Changing Benjamin's name,The Sound and the Fury,1900-00-00,1900-00-00,0,Damuddy's death,"(includes the decision to change his name, Caddy explaining it to Benjamin, and Jason cutting up the paper dolls) Dates collected from Ross and Polk",330.0,Benjamin Compson (narrator),"April Seventh, 1928",61.0,61.0,"Luster and Benjy eat cake for Benjy's birthday (April seventh, 1928)",42.0,The Sound and the Fury,1928-04-07,1928-04-07,"Benjy sees Quentin Jr. with the band member wearing the red tie in the swing (April seventh, 1928)"
180,Changing Benjamin's name,The Sound and the Fury,1900-00-00,1900-00-00,0,Damuddy's death,"(includes the decision to change his name, Caddy explaining it to Benjamin, and Jason cutting up the paper dolls) Dates collected from Ross and Polk",331.0,Benjamin Compson (narrator),"April Seventh, 1928",64.0,64.0,"Luster and Benjy eat cake for Benjy's birthday (April seventh, 1928)",42.0,The Sound and the Fury,1928-04-07,1928-04-07,"Benjy sees Quentin Jr. with the band member wearing the red tie in the swing (April seventh, 1928)"
180,Changing Benjamin's name,The Sound and the Fury,1900-00-00,1900-00-00,0,Damuddy's death,"(includes the decision to change his name, Caddy explaining it to Benjamin, and Jason cutting up the paper dolls) Dates collected from Ross and Polk",332.0,Benjamin Compson (narrator),"April Seventh, 1928",65.0,65.0,"Luster and Benjy eat cake for Benjy's birthday (April seventh, 1928)",42.0,The Sound and the Fury,1928-04-07,1928-04-07,"Benjy sees Quentin Jr. with the band member wearing the red tie in the swing (April seventh, 1928)"
180,Changing Benjamin's name,The Sound and the Fury,1900-00-00,1900-00-00,0,Damuddy's death,"(includes the decision to change his name, Caddy explaining it to Benjamin, and Jason cutting up the paper dolls) Dates collected from Ross and Polk",333.0,Benjamin Compson (narrator),"April Seventh, 1928",66.0,66.0,"Luster and Benjy eat cake for Benjy's birthday (April seventh, 1928)",42.0,The Sound and the Fury,1928-04-07,1928-04-07,"Benjy sees Quentin Jr. with the band member wearing the red tie in the swing (April seventh, 1928)"
180,Changing Benjamin's name,The Sound and the Fury,1900-00-00,1900-00-00,0,Damuddy's death,"(includes the decision to change his name, Caddy explaining it to Benjamin, and Jason cutting up the paper dolls) Dates collected from Ross and Polk",334.0,Benjamin Compson (narrator),"April Seventh, 1928",69.0,69.0,"The Compsons have supper (April seventh, 1928)",43.0,The Sound and the Fury,1928-04-07,1928-04-07,"Luster and Benjy eat cake for Benjy's birthday (April seventh, 1928)"
180,Changing Benjamin's name,The Sound and the Fury,1900-00-00,1900-00-00,0,Damuddy's death,"(includes the decision to change his name, Caddy explaining it to Benjamin, and Jason cutting up the paper dolls) Dates collected from Ross and Polk",335.0,Benjamin Compson (narrator),"April Seventh, 1928",70.0,70.0,"The Compsons have supper (April seventh, 1928)",43.0,The Sound and the Fury,1928-04-07,1928-04-07,"Luster and Benjy eat cake for Benjy's birthday (April seventh, 1928)"
180,Changing Benjamin's name,The Sound and the Fury,1900-00-00,1900-00-00,0,Damuddy's death,"(includes the decision to change his name, Caddy explaining it to Benjamin, and Jason cutting up the paper dolls) Dates collected from Ross and Polk",442.0,Quentin Compson III (narrator),"June Second, 1910",88.0,88.0,Quentin sends his note to his father (June second 1910),23.0,The Sound and the Fury,1910-06-02,1910-06-02,Quentin writes notes to his father and Shreve (June second 1910)
180,Changing Benjamin's name,The Sound and the Fury,1900-00-00,1900-00-00,0,Damuddy's death,"(includes the decision to change his name, Caddy explaining it to Benjamin, and Jason cutting up the paper dolls) Dates collected from Ross and Polk",443.0,Quentin Compson III (narrator),"June Second, 1910",89.0,89.0,Quentin sends his note to his father (June second 1910),23.0,The Sound and the Fury,1910-06-02,1910-06-02,Quentin writes notes to his father and Shreve (June second 1910)
180,Changing Benjamin's name,The Sound and the Fury,1900-00-00,1900-00-00,0,Damuddy's death,"(includes the decision to change his name, Caddy explaining it to Benjamin, and Jason cutting up the paper dolls) Dates collected from Ross and Polk",444.0,Quentin Compson III (narrator),"June Second, 1910",170.0,170.0,Quentin fights Gerald (June second 1910),28.0,The Sound and the Fury,1910-06-02,1910-06-02,Quentin gets arrested for taking the little Italian girl (June second 1910)
226,Cholly burns down the Breedlove’s house,The Bluest Eye,1940-10-00,1940-12-22,1,Pecola prays for blue eyes (each night),"After the Breedloves fight about coal, but before ""Winter"" (59)",613.0,Claudia (narrator),"""Nuns go by quiet as lust, and drunken men and sober eyes sing in the lobby of the Greek hotel."" [Autumn 1]",17.0,17.0,Not before 1943 (Claudia),47.0,The Bluest Eye,1943-00-00,1993-00-00,_CHOOSE A TELLING TIME
217,"Cholly goes to find his Dad in Macon, and his Dad rejects him",The Bluest Eye,1903-00-00,1918-00-00,0,Cholly’s ‘rape’ by White men and the 'almost-rape’ of Darlene,*Story time dates approximated based on limited textual evidence for visualization purposes* “It was in the spring... that Aunt Jimmy died” (135) “he was fourteen” (154),591.0,3rd Person Narrator (The Bluest Eye),"""When Cholly was four days old, his mother wrapped him in two blankets and one newspaper...""",152.0,152.0,"Spring, 1941 (Third Person Narrator)",48.0,The Bluest Eye,1941-03-20,1941-06-21,_CHOOSE A TELLING TIME
217,"Cholly goes to find his Dad in Macon, and his Dad rejects him",The Bluest Eye,1903-00-00,1918-00-00,0,Cholly’s ‘rape’ by White men and the 'almost-rape’ of Darlene,*Story time dates approximated based on limited textual evidence for visualization purposes* “It was in the spring... that Aunt Jimmy died” (135) “he was fourteen” (154),592.0,3rd Person Narrator (The Bluest Eye),"""When Cholly was four days old, his mother wrapped him in two blankets and one newspaper...""",153.0,153.0,"Spring, 1941 (Third Person Narrator)",48.0,The Bluest Eye,1941-03-20,1941-06-21,_CHOOSE A TELLING TIME
217,"Cholly goes to find his Dad in Macon, and his Dad rejects him",The Bluest Eye,1903-00-00,1918-00-00,0,Cholly’s ‘rape’ by White men and the 'almost-rape’ of Darlene,*Story time dates approximated based on limited textual evidence for visualization purposes* “It was in the spring... that Aunt Jimmy died” (135) “he was fourteen” (154),593.0,3rd Person Narrator (The Bluest Eye),"""When Cholly was four days old, his mother wrapped him in two blankets and one newspaper...""",154.0,154.0,"Spring, 1941 (Third Person Narrator)",48.0,The Bluest Eye,1941-03-20,1941-06-21,_CHOOSE A TELLING TIME
217,"Cholly goes to find his Dad in Macon, and his Dad rejects him",The Bluest Eye,1903-00-00,1918-00-00,0,Cholly’s ‘rape’ by White men and the 'almost-rape’ of Darlene,*Story time dates approximated based on limited textual evidence for visualization purposes* “It was in the spring... that Aunt Jimmy died” (135) “he was fourteen” (154),594.0,3rd Person Narrator (The Bluest Eye),"""When Cholly was four days old, his mother wrapped him in two blankets and one newspaper...""",155.0,155.0,"Spring, 1941 (Third Person Narrator)",48.0,The Bluest Eye,1941-03-20,1941-06-21,_CHOOSE A TELLING TIME
236,Cholly passes away,The Bluest Eye,1941-06-22,1941-12-22,1,Pecola asks Soaphead Church for blue eyes,"""Cholly died in the workhouse"" (205), has to be after he impregnates Pecola",654.0,Claudia (narrator),"""Quiet as it's kept, there were no marigolds in the fall of 1941."" [Prologue]",6.0,6.0,Not before 1943 (Claudia),47.0,The Bluest Eye,1943-00-00,1993-00-00,_CHOOSE A TELLING TIME
236,Cholly passes away,The Bluest Eye,1941-06-22,1941-12-22,1,Pecola asks Soaphead Church for blue eyes,"""Cholly died in the workhouse"" (205), has to be after he impregnates Pecola",655.0,Pecola Breedlove,"""How many times a minute are you going to look inside that old thing?""",200.0,200.0,"September, 1941 (Pecola)",51.0,The Bluest Eye,1941-09-01,1941-09-22,_CHOOSE A TELLING TIME
236,Cholly passes away,The Bluest Eye,1941-06-22,1941-12-22,1,Pecola asks Soaphead Church for blue eyes,"""Cholly died in the workhouse"" (205), has to be after he impregnates Pecola",656.0,Claudia (narrator),"""So it was.""",205.0,205.0,Not before 1943 (Claudia),47.0,The Bluest Eye,1943-00-00,1993-00-00,_CHOOSE A TELLING TIME
234,Cholly rapes Pecola and impregnates her,The Bluest Eye,1941-03-20,1941-06-21,1,Pecola knocks over her Mother’s cobbler at the Fisher’s house,“in the thin light of spring” (161),638.0,Claudia (narrator),"""Quiet as it's kept, there were no marigolds in the fall of 1941."" [Prologue]",5.0,5.0,Not before 1943 (Claudia),47.0,The Bluest Eye,1943-00-00,1993-00-00,_CHOOSE A TELLING TIME
234,Cholly rapes Pecola and impregnates her,The Bluest Eye,1941-03-20,1941-06-21,1,Pecola knocks over her Mother’s cobbler at the Fisher’s house,“in the thin light of spring” (161),639.0,Claudia (narrator),"""Quiet as it's kept, there were no marigolds in the fall of 1941."" [Prologue]",6.0,6.0,Not before 1943 (Claudia),47.0,The Bluest Eye,1943-00-00,1993-00-00,_CHOOSE A TELLING TIME
234,Cholly rapes Pecola and impregnates her,The Bluest Eye,1941-03-20,1941-06-21,1,Pecola knocks over her Mother’s cobbler at the Fisher’s house,“in the thin light of spring” (161),640.0,3rd Person Narrator (The Bluest Eye),"""When Cholly was four days old, his mother wrapped him in two blankets and one newspaper...""",161.0,161.0,"Spring, 1941 (Third Person Narrator)",48.0,The Bluest Eye,1941-03-20,1941-06-21,_CHOOSE A TELLING TIME
234,Cholly rapes Pecola and impregnates her,The Bluest Eye,1941-03-20,1941-06-21,1,Pecola knocks over her Mother’s cobbler at the Fisher’s house,“in the thin light of spring” (161),641.0,3rd Person Narrator (The Bluest Eye),"""When Cholly was four days old, his mother wrapped him in two blankets and one newspaper...""",162.0,162.0,"Spring, 1941 (Third Person Narrator)",48.0,The Bluest Eye,1941-03-20,1941-06-21,_CHOOSE A TELLING TIME
234,Cholly rapes Pecola and impregnates her,The Bluest Eye,1941-03-20,1941-06-21,1,Pecola knocks over her Mother’s cobbler at the Fisher’s house,“in the thin light of spring” (161),642.0,3rd Person Narrator (The Bluest Eye),"""When Cholly was four days old, his mother wrapped him in two blankets and one newspaper...""",163.0,163.0,"Spring, 1941 (Third Person Narrator)",48.0,The Bluest Eye,1941-03-20,1941-06-21,_CHOOSE A TELLING TIME
234,Cholly rapes Pecola and impregnates her,The Bluest Eye,1941-03-20,1941-06-21,1,Pecola knocks over her Mother’s cobbler at the Fisher’s house,“in the thin light of spring” (161),647.0,Claudia (narrator),"""I have only to break into the tightness of a strawberry and I see summer-its dust and lowering skies.""",188.0,188.0,Not before 1943 (Claudia),47.0,The Bluest Eye,1943-00-00,1993-00-00,_CHOOSE A TELLING TIME
234,Cholly rapes Pecola and impregnates her,The Bluest Eye,1941-03-20,1941-06-21,1,Pecola knocks over her Mother’s cobbler at the Fisher’s house,“in the thin light of spring” (161),643.0,Claudia (narrator),"""I have only to break into the tightness of a strawberry and I see summer-its dust and lowering skies.""",189.0,189.0,Not before 1943 (Claudia),47.0,The Bluest Eye,1943-00-00,1993-00-00,_CHOOSE A TELLING TIME
234,Cholly rapes Pecola and impregnates her,The Bluest Eye,1941-03-20,1941-06-21,1,Pecola knocks over her Mother’s cobbler at the Fisher’s house,“in the thin light of spring” (161),648.0,Claudia (narrator),"""I have only to break into the tightness of a strawberry and I see summer-its dust and lowering skies.""",190.0,190.0,Not before 1943 (Claudia),47.0,The Bluest Eye,1943-00-00,1993-00-00,_CHOOSE A TELLING TIME
234,Cholly rapes Pecola and impregnates her,The Bluest Eye,1941-03-20,1941-06-21,1,Pecola knocks over her Mother’s cobbler at the Fisher’s house,“in the thin light of spring” (161),644.0,Pecola Breedlove,"""How many times a minute are you going to look inside that old thing?""",199.0,199.0,"September, 1941 (Pecola)",51.0,The Bluest Eye,1941-09-01,1941-09-22,_CHOOSE A TELLING TIME
234,Cholly rapes Pecola and impregnates her,The Bluest Eye,1941-03-20,1941-06-21,1,Pecola knocks over her Mother’s cobbler at the Fisher’s house,“in the thin light of spring” (161),645.0,Pecola Breedlove,"""How many times a minute are you going to look inside that old thing?""",201.0,201.0,"September, 1941 (Pecola)",51.0,The Bluest Eye,1941-09-01,1941-09-22,_CHOOSE A TELLING TIME
234,Cholly rapes Pecola and impregnates her,The Bluest Eye,1941-03-20,1941-06-21,1,Pecola knocks over her Mother’s cobbler at the Fisher’s house,“in the thin light of spring” (161),646.0,Claudia (narrator),"""So it was.""",206.0,206.0,Not before 1943 (Claudia),47.0,The Bluest Eye,1943-00-00,1993-00-00,_CHOOSE A TELLING TIME
214,Cholly's Mother abandons him,The Bluest Eye,1903-00-00,1904-00-00,1,_NO PRECEDING EVENT,"*Story time dates approximated based on limited textual evidence for visualization purposes* ""When Cholly was four days old, his mother wrapped him in two bankets and one newspaper and placed him on a junk heap by the railroad"" (132)",576.0,3rd Person Narrator (The Bluest Eye),"""When Cholly was four days old, his mother wrapped him in two blankets and one newspaper...""",132.0,132.0,"Spring, 1941 (Third Person Narrator)",48.0,The Bluest Eye,1941-03-20,1941-06-21,_CHOOSE A TELLING TIME
214,Cholly's Mother abandons him,The Bluest Eye,1903-00-00,1904-00-00,1,_NO PRECEDING EVENT,"*Story time dates approximated based on limited textual evidence for visualization purposes* ""When Cholly was four days old, his mother wrapped him in two bankets and one newspaper and placed him on a junk heap by the railroad"" (132)",578.0,3rd Person Narrator (The Bluest Eye),"""When Cholly was four days old, his mother wrapped him in two blankets and one newspaper...""",133.0,133.0,"Spring, 1941 (Third Person Narrator)",48.0,The Bluest Eye,1941-03-20,1941-06-21,_CHOOSE A TELLING TIME
214,Cholly's Mother abandons him,The Bluest Eye,1903-00-00,1904-00-00,1,_NO PRECEDING EVENT,"*Story time dates approximated based on limited textual evidence for visualization purposes* ""When Cholly was four days old, his mother wrapped him in two bankets and one newspaper and placed him on a junk heap by the railroad"" (132)",577.0,3rd Person Narrator (The Bluest Eye),"""When Cholly was four days old, his mother wrapped him in two blankets and one newspaper...""",142.0,142.0,"Spring, 1941 (Third Person Narrator)",48.0,The Bluest Eye,1941-03-20,1941-06-21,_CHOOSE A TELLING TIME
216,Cholly’s ‘rape’ by White men and the 'almost-rape’ of Darlene,The Bluest Eye,1903-00-00,1918-00-00,1,Aunt Jimmy passes away,*Story time dates approximated based on limited textual evidence for visualization purposes*“It was in the spring... that Aunt Jimmy died” (135) “he was fourteen” (154),586.0,3rd Person Narrator (The Bluest Eye),"""The Breedloves did not live in the storefront..."" [Autumn 3]",42.0,42.0,"Spring, 1941 (Third Person Narrator)",48.0,The Bluest Eye,1941-03-20,1941-06-21,_CHOOSE A TELLING TIME
216,Cholly’s ‘rape’ by White men and the 'almost-rape’ of Darlene,The Bluest Eye,1903-00-00,1918-00-00,1,Aunt Jimmy passes away,*Story time dates approximated based on limited textual evidence for visualization purposes*“It was in the spring... that Aunt Jimmy died” (135) “he was fourteen” (154),587.0,3rd Person Narrator (The Bluest Eye),"""When Cholly was four days old, his mother wrapped him in two blankets and one newspaper...""",147.0,147.0,"Spring, 1941 (Third Person Narrator)",48.0,The Bluest Eye,1941-03-20,1941-06-21,_CHOOSE A TELLING TIME
216,Cholly’s ‘rape’ by White men and the 'almost-rape’ of Darlene,The Bluest Eye,1903-00-00,1918-00-00,1,Aunt Jimmy passes away,*Story time dates approximated based on limited textual evidence for visualization purposes*“It was in the spring... that Aunt Jimmy died” (135) “he was fourteen” (154),588.0,3rd Person Narrator (The Bluest Eye),"""When Cholly was four days old, his mother wrapped him in two blankets and one newspaper...""",148.0,148.0,"Spring, 1941 (Third Person Narrator)",48.0,The Bluest Eye,1941-03-20,1941-06-21,_CHOOSE A TELLING TIME
216,Cholly’s ‘rape’ by White men and the 'almost-rape’ of Darlene,The Bluest Eye,1903-00-00,1918-00-00,1,Aunt Jimmy passes away,*Story time dates approximated based on limited textual evidence for visualization purposes*“It was in the spring... that Aunt Jimmy died” (135) “he was fourteen” (154),589.0,3rd Person Narrator (The Bluest Eye),"""When Cholly was four days old, his mother wrapped him in two blankets and one newspaper...""",149.0,149.0,"Spring, 1941 (Third Person Narrator)",48.0,The Bluest Eye,1941-03-20,1941-06-21,_CHOOSE A TELLING TIME
216,Cholly’s ‘rape’ by White men and the 'almost-rape’ of Darlene,The Bluest Eye,1903-00-00,1918-00-00,1,Aunt Jimmy passes away,*Story time dates approximated based on limited textual evidence for visualization purposes*“It was in the spring... that Aunt Jimmy died” (135) “he was fourteen” (154),595.0,3rd Person Narrator (The Bluest Eye),"""When Cholly was four days old, his mother wrapped him in two blankets and one newspaper...""",156.0,156.0,"Spring, 1941 (Third Person Narrator)",48.0,The Bluest Eye,1941-03-20,1941-06-21,_CHOOSE A TELLING TIME
216,Cholly’s ‘rape’ by White men and the 'almost-rape’ of Darlene,The Bluest Eye,1903-00-00,1918-00-00,1,Aunt Jimmy passes away,*Story time dates approximated based on limited textual evidence for visualization purposes*“It was in the spring... that Aunt Jimmy died” (135) “he was fourteen” (154),590.0,3rd Person Narrator (The Bluest Eye),"""When Cholly was four days old, his mother wrapped him in two blankets and one newspaper...""",160.0,160.0,"Spring, 1941 (Third Person Narrator)",48.0,The Bluest Eye,1941-03-20,1941-06-21,_CHOOSE A TELLING TIME
179,Damuddy's death,The Sound and the Fury,1900-00-00,1900-00-00,0,_NO PRECEDING EVENT,"(includes the children playing in the water, coming home, and looking in the house) Dates collected from Ross and Polk",311.0,Benjamin Compson (narrator),"April Seventh, 1928",17.0,17.0,"Luster looks for a quarter (April seventh, 1928)",40.0,The Sound and the Fury,1928-04-07,1928-04-07,Jason goes home and Quentin speaks up about Jason following her in his car (April sixth 1928)
179,Damuddy's death,The Sound and the Fury,1900-00-00,1900-00-00,0,_NO PRECEDING EVENT,"(includes the children playing in the water, coming home, and looking in the house) Dates collected from Ross and Polk",312.0,Benjamin Compson (narrator),"April Seventh, 1928",18.0,18.0,"Luster looks for a quarter (April seventh, 1928)",40.0,The Sound and the Fury,1928-04-07,1928-04-07,Jason goes home and Quentin speaks up about Jason following her in his car (April sixth 1928)
179,Damuddy's death,The Sound and the Fury,1900-00-00,1900-00-00,0,_NO PRECEDING EVENT,"(includes the children playing in the water, coming home, and looking in the house) Dates collected from Ross and Polk",313.0,Benjamin Compson (narrator),"April Seventh, 1928",19.0,19.0,"Luster looks for a quarter (April seventh, 1928)",40.0,The Sound and the Fury,1928-04-07,1928-04-07,Jason goes home and Quentin speaks up about Jason following her in his car (April sixth 1928)
179,Damuddy's death,The Sound and the Fury,1900-00-00,1900-00-00,0,_NO PRECEDING EVENT,"(includes the children playing in the water, coming home, and looking in the house) Dates collected from Ross and Polk",314.0,Benjamin Compson (narrator),"April Seventh, 1928",20.0,20.0,"Luster looks for a quarter (April seventh, 1928)",40.0,The Sound and the Fury,1928-04-07,1928-04-07,Jason goes home and Quentin speaks up about Jason following her in his car (April sixth 1928)
179,Damuddy's death,The Sound and the Fury,1900-00-00,1900-00-00,0,_NO PRECEDING EVENT,"(includes the children playing in the water, coming home, and looking in the house) Dates collected from Ross and Polk",315.0,Benjamin Compson (narrator),"April Seventh, 1928",22.0,22.0,"Luster looks for a quarter (April seventh, 1928)",40.0,The Sound and the Fury,1928-04-07,1928-04-07,Jason goes home and Quentin speaks up about Jason following her in his car (April sixth 1928)
179,Damuddy's death,The Sound and the Fury,1900-00-00,1900-00-00,0,_NO PRECEDING EVENT,"(includes the children playing in the water, coming home, and looking in the house) Dates collected from Ross and Polk",316.0,Benjamin Compson (narrator),"April Seventh, 1928",23.0,23.0,"Luster looks for a quarter (April seventh, 1928)",40.0,The Sound and the Fury,1928-04-07,1928-04-07,Jason goes home and Quentin speaks up about Jason following her in his car (April sixth 1928)
179,Damuddy's death,The Sound and the Fury,1900-00-00,1900-00-00,0,_NO PRECEDING EVENT,"(includes the children playing in the water, coming home, and looking in the house) Dates collected from Ross and Polk",317.0,Benjamin Compson (narrator),"April Seventh, 1928",24.0,24.0,"Luster looks for a quarter (April seventh, 1928)",40.0,The Sound and the Fury,1928-04-07,1928-04-07,Jason goes home and Quentin speaks up about Jason following her in his car (April sixth 1928)
179,Damuddy's death,The Sound and the Fury,1900-00-00,1900-00-00,0,_NO PRECEDING EVENT,"(includes the children playing in the water, coming home, and looking in the house) Dates collected from Ross and Polk",318.0,Benjamin Compson (narrator),"April Seventh, 1928",25.0,25.0,"Luster looks for a quarter (April seventh, 1928)",40.0,The Sound and the Fury,1928-04-07,1928-04-07,Jason goes home and Quentin speaks up about Jason following her in his car (April sixth 1928)
179,Damuddy's death,The Sound and the Fury,1900-00-00,1900-00-00,0,_NO PRECEDING EVENT,"(includes the children playing in the water, coming home, and looking in the house) Dates collected from Ross and Polk",319.0,Benjamin Compson (narrator),"April Seventh, 1928",26.0,26.0,"Luster looks for a quarter (April seventh, 1928)",40.0,The Sound and the Fury,1928-04-07,1928-04-07,Jason goes home and Quentin speaks up about Jason following her in his car (April sixth 1928)
179,Damuddy's death,The Sound and the Fury,1900-00-00,1900-00-00,0,_NO PRECEDING EVENT,"(includes the children playing in the water, coming home, and looking in the house) Dates collected from Ross and Polk",320.0,Benjamin Compson (narrator),"April Seventh, 1928",27.0,27.0,"Luster looks for a quarter (April seventh, 1928)",40.0,The Sound and the Fury,1928-04-07,1928-04-07,Jason goes home and Quentin speaks up about Jason following her in his car (April sixth 1928)
179,Damuddy's death,The Sound and the Fury,1900-00-00,1900-00-00,0,_NO PRECEDING EVENT,"(includes the children playing in the water, coming home, and looking in the house) Dates collected from Ross and Polk",321.0,Benjamin Compson (narrator),"April Seventh, 1928",32.0,32.0,"Luster looks for a quarter (April seventh, 1928)",40.0,The Sound and the Fury,1928-04-07,1928-04-07,Jason goes home and Quentin speaks up about Jason following her in his car (April sixth 1928)
179,Damuddy's death,The Sound and the Fury,1900-00-00,1900-00-00,0,_NO PRECEDING EVENT,"(includes the children playing in the water, coming home, and looking in the house) Dates collected from Ross and Polk",322.0,Benjamin Compson (narrator),"April Seventh, 1928",33.0,33.0,"Luster looks for a quarter (April seventh, 1928)",40.0,The Sound and the Fury,1928-04-07,1928-04-07,Jason goes home and Quentin speaks up about Jason following her in his car (April sixth 1928)
179,Damuddy's death,The Sound and the Fury,1900-00-00,1900-00-00,0,_NO PRECEDING EVENT,"(includes the children playing in the water, coming home, and looking in the house) Dates collected from Ross and Polk",323.0,Benjamin Compson (narrator),"April Seventh, 1928",35.0,35.0,"Luster looks for a quarter (April seventh, 1928)",40.0,The Sound and the Fury,1928-04-07,1928-04-07,Jason goes home and Quentin speaks up about Jason following her in his car (April sixth 1928)
179,Damuddy's death,The Sound and the Fury,1900-00-00,1900-00-00,0,_NO PRECEDING EVENT,"(includes the children playing in the water, coming home, and looking in the house) Dates collected from Ross and Polk",324.0,Benjamin Compson (narrator),"April Seventh, 1928",36.0,36.0,"Luster looks for a quarter (April seventh, 1928)",40.0,The Sound and the Fury,1928-04-07,1928-04-07,Jason goes home and Quentin speaks up about Jason following her in his car (April sixth 1928)
179,Damuddy's death,The Sound and the Fury,1900-00-00,1900-00-00,0,_NO PRECEDING EVENT,"(includes the children playing in the water, coming home, and looking in the house) Dates collected from Ross and Polk",325.0,Benjamin Compson (narrator),"April Seventh, 1928",39.0,39.0,"Luster looks for a quarter (April seventh, 1928)",40.0,The Sound and the Fury,1928-04-07,1928-04-07,Jason goes home and Quentin speaks up about Jason following her in his car (April sixth 1928)
179,Damuddy's death,The Sound and the Fury,1900-00-00,1900-00-00,0,_NO PRECEDING EVENT,"(includes the children playing in the water, coming home, and looking in the house) Dates collected from Ross and Polk",326.0,Benjamin Compson (narrator),"April Seventh, 1928",45.0,45.0,"Luster looks for a quarter (April seventh, 1928)",40.0,The Sound and the Fury,1928-04-07,1928-04-07,Jason goes home and Quentin speaks up about Jason following her in his car (April sixth 1928)
179,Damuddy's death,The Sound and the Fury,1900-00-00,1900-00-00,0,_NO PRECEDING EVENT,"(includes the children playing in the water, coming home, and looking in the house) Dates collected from Ross and Polk",327.0,Benjamin Compson (narrator),"April Seventh, 1928",46.0,46.0,"Luster looks for a quarter (April seventh, 1928)",40.0,The Sound and the Fury,1928-04-07,1928-04-07,Jason goes home and Quentin speaks up about Jason following her in his car (April sixth 1928)
179,Damuddy's death,The Sound and the Fury,1900-00-00,1900-00-00,0,_NO PRECEDING EVENT,"(includes the children playing in the water, coming home, and looking in the house) Dates collected from Ross and Polk",438.0,Quentin Compson III (narrator),"June Second, 1910",90.0,90.0,Quentin sends his note to his father (June second 1910),23.0,The Sound and the Fury,1910-06-02,1910-06-02,Quentin writes notes to his father and Shreve (June second 1910)
179,Damuddy's death,The Sound and the Fury,1900-00-00,1900-00-00,0,_NO PRECEDING EVENT,"(includes the children playing in the water, coming home, and looking in the house) Dates collected from Ross and Polk",439.0,Quentin Compson III (narrator),"June Second, 1910",101.0,101.0,Quentin gives Shreve's note to Deacon (June second 1910),24.0,The Sound and the Fury,1910-06-02,1910-06-02,Quentin sends his note to his father (June second 1910)
179,Damuddy's death,The Sound and the Fury,1900-00-00,1900-00-00,0,_NO PRECEDING EVENT,"(includes the children playing in the water, coming home, and looking in the house) Dates collected from Ross and Polk",440.0,Quentin Compson III (narrator),"June Second, 1910",151.0,151.0,Quentin gets arrested for taking the little Italian girl (June second 1910),27.0,The Sound and the Fury,1910-06-02,1910-06-02,Quentin finds the little Italian girl (June second 1910)
179,Damuddy's death,The Sound and the Fury,1900-00-00,1900-00-00,0,_NO PRECEDING EVENT,"(includes the children playing in the water, coming home, and looking in the house) Dates collected from Ross and Polk",441.0,Quentin Compson III (narrator),"June Second, 1910",152.0,152.0,Quentin gets arrested for taking the little Italian girl (June second 1910),27.0,The Sound and the Fury,1910-06-02,1910-06-02,Quentin finds the little Italian girl (June second 1910)
201,Dilsey lets Caddy see Quentin Jr. and Jason finds out because Benjy bellows,The Sound and the Fury,1912-00-00,1912-00-00,0,Caddy pays Jason to see Quentin Jr.,"Occurs within the same time as Caddy paying Jason and the funeral: "" I made Dilsey own up"" (207)",390.0,Jason Compson IV (narrator),"April Sixth, 1928.",207.0,207.0,Jason recieves Caddy's letter (April sixth 1928),32.0,The Sound and the Fury,1928-04-06,1928-04-06,Jason drives Quentin Jr. to school (April sixth 1928)
201,Dilsey lets Caddy see Quentin Jr. and Jason finds out because Benjy bellows,The Sound and the Fury,1912-00-00,1912-00-00,0,Caddy pays Jason to see Quentin Jr.,"Occurs within the same time as Caddy paying Jason and the funeral: "" I made Dilsey own up"" (207)",391.0,Jason Compson IV (narrator),"April Sixth, 1928.",208.0,208.0,Jason recieves Caddy's letter (April sixth 1928),32.0,The Sound and the Fury,1928-04-06,1928-04-06,Jason drives Quentin Jr. to school (April sixth 1928)
209,"Dilsey, Frony, and Luster take Benjy to church",The Sound and the Fury,1928-04-08,1928-04-09,0,The Compsons discover Quentin is missing and Jason discovers his money is missing,"Occurs in the section ""April Eighth, 1928.""",419.0,3rd Person Narrator (SaF),"April Eighth, 1928.",279.0,279.0,"April Eighth, 1928",45.0,The Sound and the Fury,1928-04-08,1928-04-08,"Benjy watches Quentin run away (April seventh, 1928)"
209,"Dilsey, Frony, and Luster take Benjy to church",The Sound and the Fury,1928-04-08,1928-04-09,0,The Compsons discover Quentin is missing and Jason discovers his money is missing,"Occurs in the section ""April Eighth, 1928.""",420.0,3rd Person Narrator (SaF),"April Eighth, 1928.",289.0,289.0,"April Eighth, 1928",45.0,The Sound and the Fury,1928-04-08,1928-04-08,"Benjy watches Quentin run away (April seventh, 1928)"
209,"Dilsey, Frony, and Luster take Benjy to church",The Sound and the Fury,1928-04-08,1928-04-09,0,The Compsons discover Quentin is missing and Jason discovers his money is missing,"Occurs in the section ""April Eighth, 1928.""",421.0,3rd Person Narrator (SaF),"April Eighth, 1928.",290.0,290.0,"April Eighth, 1928",45.0,The Sound and the Fury,1928-04-08,1928-04-08,"Benjy watches Quentin run away (April seventh, 1928)"
209,"Dilsey, Frony, and Luster take Benjy to church",The Sound and the Fury,1928-04-08,1928-04-09,0,The Compsons discover Quentin is missing and Jason discovers his money is missing,"Occurs in the section ""April Eighth, 1928.""",422.0,3rd Person Narrator (SaF),"April Eighth, 1928.",292.0,292.0,"April Eighth, 1928",45.0,The Sound and the Fury,1928-04-08,1928-04-08,"Benjy watches Quentin run away (April seventh, 1928)"
209,"Dilsey, Frony, and Luster take Benjy to church",The Sound and the Fury,1928-04-08,1928-04-09,0,The Compsons discover Quentin is missing and Jason discovers his money is missing,"Occurs in the section ""April Eighth, 1928.""",423.0,3rd Person Narrator (SaF),"April Eighth, 1928.",293.0,293.0,"April Eighth, 1928",45.0,The Sound and the Fury,1928-04-08,1928-04-08,"Benjy watches Quentin run away (April seventh, 1928)"
209,"Dilsey, Frony, and Luster take Benjy to church",The Sound and the Fury,1928-04-08,1928-04-09,0,The Compsons discover Quentin is missing and Jason discovers his money is missing,"Occurs in the section ""April Eighth, 1928.""",424.0,3rd Person Narrator (SaF),"April Eighth, 1928.",294.0,294.0,"April Eighth, 1928",45.0,The Sound and the Fury,1928-04-08,1928-04-08,"Benjy watches Quentin run away (April seventh, 1928)"
209,"Dilsey, Frony, and Luster take Benjy to church",The Sound and the Fury,1928-04-08,1928-04-09,0,The Compsons discover Quentin is missing and Jason discovers his money is missing,"Occurs in the section ""April Eighth, 1928.""",425.0,3rd Person Narrator (SaF),"April Eighth, 1928.",295.0,295.0,"April Eighth, 1928",45.0,The Sound and the Fury,1928-04-08,1928-04-08,"Benjy watches Quentin run away (April seventh, 1928)"
209,"Dilsey, Frony, and Luster take Benjy to church",The Sound and the Fury,1928-04-08,1928-04-09,0,The Compsons discover Quentin is missing and Jason discovers his money is missing,"Occurs in the section ""April Eighth, 1928.""",426.0,3rd Person Narrator (SaF),"April Eighth, 1928.",297.0,297.0,"April Eighth, 1928",45.0,The Sound and the Fury,1928-04-08,1928-04-08,"Benjy watches Quentin run away (April seventh, 1928)"
261,"Double wedding between Elizabeth and Mr. Darcy, Jane and Mr. Bingley",Pride and Prejudice,1794-12-01,1794-12-24,1,_CHOOSE AN EVENT,,723.0,3rd Person Narrator (PP),Volume 3,364.0,364.0,_CHOOSE A TELLING TIME,0.0,_CHOOSE A NOVEL,0000-00-00,0000-00-00,_CHOOSE A TELLING TIME
148,E Alma Mereminski dies,Emma's The History of Love,1995-00-00,1995-00-00,1,E David Singer dies,"Leo states that Alma ""died five years ago"" (85) narrated the same year that Isaac died which is 2000",258.0,E Leo (narrator),E A JOY FOREVER,85.0,85.0,E Not before December 2000,13.0,Emma's The History of Love,2000-12-00,0000-00-00,_CHOOSE A TELLING TIME
148,E Alma Mereminski dies,Emma's The History of Love,1995-00-00,1995-00-00,1,E David Singer dies,"Leo states that Alma ""died five years ago"" (85) narrated the same year that Isaac died which is 2000",259.0,E Leo (narrator),E DIE LAUGHING,163.0,163.0,E Not before December 2000,13.0,Emma's The History of Love,2000-12-00,0000-00-00,_CHOOSE A TELLING TIME
148,E Alma Mereminski dies,Emma's The History of Love,1995-00-00,1995-00-00,1,E David Singer dies,"Leo states that Alma ""died five years ago"" (85) narrated the same year that Isaac died which is 2000",260.0,E Leo (narrator),E DIE LAUGHING,168.0,168.0,E Not before December 2000,13.0,Emma's The History of Love,2000-12-00,0000-00-00,_CHOOSE A TELLING TIME
148,E Alma Mereminski dies,Emma's The History of Love,1995-00-00,1995-00-00,1,E David Singer dies,"Leo states that Alma ""died five years ago"" (85) narrated the same year that Isaac died which is 2000",556.0,E Alma (narrator),E 7. I'M SICK OF FAMOUS WRITERS,176.0,176.0,E Not before September 14 2000,14.0,Emma's The History of Love,2000-09-14,0000-00-00,_CHOOSE A TELLING TIME
88,E Alma Mereminski is born,Emma's The History of Love,1920-02-21,1920-02-21,1,_NO PRECEDING EVENT,"""I knew her birthday was twenty-first of February (making her older than me by five months and twenty-eight days)""(28)",175.0,E Leo (narrator),E UNTIL THE WRITING HAND HURTS,128.0,128.0,E Not before December 2000,13.0,Emma's The History of Love,2000-12-00,0000-00-00,_CHOOSE A TELLING TIME
146,E Alma Singer is born,Emma's The History of Love,1985-09-14,1985-09-28,1,E Leo and Bruno reconnect,"Isaac was born in 1940 and died at 60 in the narrative present, which would make the narrative present or telling time in the year 2000, therefore, if Alma is 15 in 2000, she would have been born in 1985. Alma's birthday is in late September: ""[t]he rain started near the end of September, a few days before my birthday""(193) and she writes ""The morning of my fifteenth birthday"" (194) before Bird's journal entry dated ""September 28"" (203).",249.0,E Alma (narrator),E 1. MY NAME IS ALMA SINGER,35.0,35.0,E Not before September 14 2000,14.0,Emma's The History of Love,2000-09-14,0000-00-00,_CHOOSE A TELLING TIME
146,E Alma Singer is born,Emma's The History of Love,1985-09-14,1985-09-28,1,E Leo and Bruno reconnect,"Isaac was born in 1940 and died at 60 in the narrative present, which would make the narrative present or telling time in the year 2000, therefore, if Alma is 15 in 2000, she would have been born in 1985. Alma's birthday is in late September: ""[t]he rain started near the end of September, a few days before my birthday""(193) and she writes ""The morning of my fifteenth birthday"" (194) before Bird's journal entry dated ""September 28"" (203).",250.0,E Alma (narrator),E 10. THEY MOVED TO NEW YORK AND HAD ME,41.0,41.0,E Not before September 14 2000,14.0,Emma's The History of Love,2000-09-14,0000-00-00,_CHOOSE A TELLING TIME
160,E Alma and Herman go to Isaac's house,Emma's The History of Love,2000-09-24,2000-09-25,1,E Leo sends Isaac 'WORDS FOR EVERYTHING',"""a week and a half later"" is ""October 5th"" (202)",285.0,E Alma (narrator),E 17. LOOK AT ME,199.0,199.0,E Not before October 5th 2000,15.0,Emma's The History of Love,2000-10-05,0000-00-00,E Not before September 14 2000
160,E Alma and Herman go to Isaac's house,Emma's The History of Love,2000-09-24,2000-09-25,1,E Leo sends Isaac 'WORDS FOR EVERYTHING',"""a week and a half later"" is ""October 5th"" (202)",286.0,E Alma (narrator),E 19. I JUST DO,200.0,200.0,E Not before October 5th 2000,15.0,Emma's The History of Love,2000-10-05,0000-00-00,E Not before September 14 2000
172,E Alma and Leo meet,Emma's The History of Love,2000-10-21,2000-10-21,1,E Leo receives Bird's letter,"""Please meet me at 4:00 on Saturday"" (212) the Saturday after October 17th 2000 is October 21st",304.0,E Alma (narrator),E A + L 1.23,241.0,241.0,E Not before October 21st 2000,16.0,Emma's The History of Love,2000-10-21,0000-00-00,E Not before October 5th 2000
172,E Alma and Leo meet,Emma's The History of Love,2000-10-21,2000-10-21,1,E Leo receives Bird's letter,"""Please meet me at 4:00 on Saturday"" (212) the Saturday after October 17th 2000 is October 21st",305.0,E Leo (narrator),E A + L 1.24,242.0,242.0,E Not before December 2000,13.0,Emma's The History of Love,2000-12-00,0000-00-00,_CHOOSE A TELLING TIME
153,E Alma and Misha kiss,Emma's The History of Love,2000-08-14,2000-09-01,1,E Alma begins searching for Alma Mereminski,"Alma states that ""IT WAS ALMOST THE END OF AUGUST"" (141) as well as ""Ill be fifteen next month""(148)",275.0,E Alma (narrator),E 10. THEN,141.0,141.0,E Not before September 14 2000,14.0,Emma's The History of Love,2000-09-14,0000-00-00,_CHOOSE A TELLING TIME
153,E Alma and Misha kiss,Emma's The History of Love,2000-08-14,2000-09-01,1,E Alma begins searching for Alma Mereminski,"Alma states that ""IT WAS ALMOST THE END OF AUGUST"" (141) as well as ""Ill be fifteen next month""(148)",276.0,E Alma (narrator),E 9. IF SHE'S REAL,141.0,141.0,E Not before September 14 2000,14.0,Emma's The History of Love,2000-09-14,0000-00-00,_CHOOSE A TELLING TIME
152,E Alma begins searching for Alma Mereminski,Emma's The History of Love,2000-07-14,2000-08-01,1,E Charlotte receives Isaac's first letter,"""It was already the end of July....The next day his letter came"" (102)",274.0,E Alma (narrator),E 14. THE BIRTH OF FEELING,109.0,109.0,E Not before September 14 2000,14.0,Emma's The History of Love,2000-09-14,0000-00-00,_CHOOSE A TELLING TIME
157,E Alma discovers Jacob Marcus is Isaac Moritz,Emma's The History of Love,2000-09-00,2000-11-00,1,E Alma discovers that Alma Mereminski has died,After she turns fifteen but before she and Herman go to Isaac's house,280.0,E Alma (narrator),E 9. HOLY COW,196.0,196.0,E Not before September 14 2000,14.0,Emma's The History of Love,2000-09-14,0000-00-00,_CHOOSE A TELLING TIME
156,E Alma discovers that Alma Mereminski has died,Emma's The History of Love,2000-08-14,2000-10-00,1,E Alma reads Bird's journal,After she reads Bird's journal but before she turns fifteen,279.0,E Alma (narrator),E 7. I'M SICK OF FAMOUS WRITERS,176.0,176.0,E Not before September 14 2000,14.0,Emma's The History of Love,2000-09-14,0000-00-00,_CHOOSE A TELLING TIME
163,E Alma learns of Isaac's death,Emma's The History of Love,2000-10-05,2000-10-05,1,E Leo finds out about Isaac's death,"""I remember the date- October 5th"" Charlotte tells Alma there is ""an obituary for [Isaac] in the paper"" (202)",291.0,E Alma (narrator),E 22. I DECIDED THERE WAS NOTHING LEFT TO LOSE,202.0,202.0,E Not before October 5th 2000,15.0,Emma's The History of Love,2000-10-05,0000-00-00,E Not before September 14 2000
127,E Alma leaves for America,Emma's The History of Love,1940-01-00,1940-05-00,0,E Zvi sees Leo and Alma kiss,"""the woman who had been a girl got on a boat to America and threw up the whole way, not because she was seasick but because she was pregnant""(12) Isaac was born after October 8 1940 and before November 1 1940, and as morning sickness occurs in the first trimester, Alma would have been getting sick between January and May of 1940",195.0,E Leo (narrator),E THE LAST WORDS ON EARTH 1.1,8.0,8.0,E Not before December 2000,13.0,Emma's The History of Love,2000-12-00,0000-00-00,_CHOOSE A TELLING TIME
127,E Alma leaves for America,Emma's The History of Love,1940-01-00,1940-05-00,0,E Zvi sees Leo and Alma kiss,"""the woman who had been a girl got on a boat to America and threw up the whole way, not because she was seasick but because she was pregnant""(12) Isaac was born after October 8 1940 and before November 1 1940, and as morning sickness occurs in the first trimester, Alma would have been getting sick between January and May of 1940",523.0,E Leo (narrator),E THE LAST WORDS ON EARTH 1.1,11.0,11.0,E Not before December 2000,13.0,Emma's The History of Love,2000-12-00,0000-00-00,_CHOOSE A TELLING TIME
127,E Alma leaves for America,Emma's The History of Love,1940-01-00,1940-05-00,0,E Zvi sees Leo and Alma kiss,"""the woman who had been a girl got on a boat to America and threw up the whole way, not because she was seasick but because she was pregnant""(12) Isaac was born after October 8 1940 and before November 1 1940, and as morning sickness occurs in the first trimester, Alma would have been getting sick between January and May of 1940",196.0,E Leo (narrator),E THE LAST WORDS ON EARTH 1.1,12.0,12.0,E Not before December 2000,13.0,Emma's The History of Love,2000-12-00,0000-00-00,_CHOOSE A TELLING TIME
127,E Alma leaves for America,Emma's The History of Love,1940-01-00,1940-05-00,0,E Zvi sees Leo and Alma kiss,"""the woman who had been a girl got on a boat to America and threw up the whole way, not because she was seasick but because she was pregnant""(12) Isaac was born after October 8 1940 and before November 1 1940, and as morning sickness occurs in the first trimester, Alma would have been getting sick between January and May of 1940",524.0,E Alma (narrator),E 9. IF SHE'S REAL,140.0,140.0,E Not before September 14 2000,14.0,Emma's The History of Love,2000-09-14,0000-00-00,_CHOOSE A TELLING TIME
127,E Alma leaves for America,Emma's The History of Love,1940-01-00,1940-05-00,0,E Zvi sees Leo and Alma kiss,"""the woman who had been a girl got on a boat to America and threw up the whole way, not because she was seasick but because she was pregnant""(12) Isaac was born after October 8 1940 and before November 1 1940, and as morning sickness occurs in the first trimester, Alma would have been getting sick between January and May of 1940",197.0,E Alma (narrator),E 2. MY MOTHER LOOKS RIGHT THROUGH ME,171.0,171.0,E Not before September 14 2000,14.0,Emma's The History of Love,2000-09-14,0000-00-00,_CHOOSE A TELLING TIME
127,E Alma leaves for America,Emma's The History of Love,1940-01-00,1940-05-00,0,E Zvi sees Leo and Alma kiss,"""the woman who had been a girl got on a boat to America and threw up the whole way, not because she was seasick but because she was pregnant""(12) Isaac was born after October 8 1940 and before November 1 1940, and as morning sickness occurs in the first trimester, Alma would have been getting sick between January and May of 1940",198.0,E Alma (narrator),E A + L 1.31,251.0,251.0,E Not before October 21st 2000,16.0,Emma's The History of Love,2000-10-21,0000-00-00,E Not before October 5th 2000
155,E Alma reads Bird's journal,Emma's The History of Love,2000-08-14,2000-10-00,1,E Alma realizes Alma Mereminski is married,After she realizes Alma is married but before she turns fifteen,278.0,E Alma (narrator),E 22. BEING NORMAL,149.0,149.0,E Not before September 14 2000,14.0,Emma's The History of Love,2000-09-14,0000-00-00,_CHOOSE A TELLING TIME
154,E Alma realizes Alma Mereminski is married,Emma's The History of Love,2000-08-14,2000-10-00,1,E Alma and Misha kiss,Happens after Alma and Misha kiss but before Alma's 15th birthday,277.0,E Alma (narrator),E 21. SHE MUST HAVE GOTTEN MARRIED!,149.0,149.0,E Not before September 14 2000,14.0,Emma's The History of Love,2000-09-14,0000-00-00,_CHOOSE A TELLING TIME
173,E Alma realizes that Leo wrote 'The History of Love',Emma's The History of Love,2000-10-21,2000-10-21,1,E Alma and Leo meet,"""And then I realized that I had been searching for the wrong person"" (251)",306.0,E Alma (narrator),E A + L 1.31,251.0,251.0,E Not before October 21st 2000,16.0,Emma's The History of Love,2000-10-21,0000-00-00,E Not before October 5th 2000
170,E Alma receives Bird's letter,Emma's The History of Love,2000-10-14,2000-10-18,1,E Leo goes to Isaac's house to retrieve 'Words for Everything',"A few days before she meets up with Leo: ""for a few days between the time that I received the letter and the time I went to meet whoever had sent it"" (233), the Saturday after October 17th 2000 is October 21st",300.0,E Alma (narrator),E A + L 1.1,219.0,219.0,E Not before October 21st 2000,16.0,Emma's The History of Love,2000-10-21,0000-00-00,E Not before October 5th 2000
170,E Alma receives Bird's letter,Emma's The History of Love,2000-10-14,2000-10-18,1,E Leo goes to Isaac's house to retrieve 'Words for Everything',"A few days before she meets up with Leo: ""for a few days between the time that I received the letter and the time I went to meet whoever had sent it"" (233), the Saturday after October 17th 2000 is October 21st",301.0,E Alma (narrator),E A + L 1.15,233.0,233.0,E Not before October 21st 2000,16.0,Emma's The History of Love,2000-10-21,0000-00-00,E Not before October 5th 2000
135,E Alma refuses Leo's proposal,Emma's The History of Love,1945-10-00,1946-08-18,1,E Leo leaves for America,"The novel states that  Leo ""was twenty-five years old"" (13) and Isaac was ""now five"" (13) therefore it is after Isaac turns 5 in October and before Leo's 26th birthday",226.0,E Leo (narrator),E THE LAST WORDS ON EARTH 1.1,13.0,13.0,E Not before December 2000,13.0,Emma's The History of Love,2000-12-00,0000-00-00,_CHOOSE A TELLING TIME
135,E Alma refuses Leo's proposal,Emma's The History of Love,1945-10-00,1946-08-18,1,E Leo leaves for America,"The novel states that  Leo ""was twenty-five years old"" (13) and Isaac was ""now five"" (13) therefore it is after Isaac turns 5 in October and before Leo's 26th birthday",227.0,E Leo (narrator),E A + L 1.8,226.0,226.0,E Not before December 2000,13.0,Emma's The History of Love,2000-12-00,0000-00-00,_CHOOSE A TELLING TIME
164,E Bernard calls for Alma (revealing Leo's identity to Bird),Emma's The History of Love,2000-10-06,2000-10-06,1,E Alma learns of Isaac's death,"In Bird's journal entry ""October 6"" (215) his phone call with Bernard is detailed (216)",292.0,E Bird (narrator),E October 6,216.0,216.0,E October 6th 2000,19.0,Emma's The History of Love,2000-10-06,2000-10-06,E October 3rd 2000
164,E Bernard calls for Alma (revealing Leo's identity to Bird),Emma's The History of Love,2000-10-06,2000-10-06,1,E Alma learns of Isaac's death,"In Bird's journal entry ""October 6"" (215) his phone call with Bernard is detailed (216)",564.0,E Bird (narrator),E WOULD A LAMED VOVNIK DO THIS?,217.0,217.0,E October 6th 2000,19.0,Emma's The History of Love,2000-10-06,2000-10-06,E October 3rd 2000
159,E Bird learns about Alma's search,Emma's The History of Love,2000-10-03,2000-10-03,1,E Alma and Herman go to Isaac's house,"In Bird's journal entry titled ""October 3"" (206) Bird answers a call from Misha who asks if Alma ""ever found the person she was looking for"" (207)",283.0,E Bird (narrator),E October 3,207.0,207.0,E October 3rd 2000,18.0,Emma's The History of Love,2000-10-03,2000-10-03,_CHOOSE A TELLING TIME
166,E Bird sends Alma and Leo letters,Emma's The History of Love,2000-10-07,2000-10-17,1,E Bird sends Leo 'The History of Love' and letters to Leo and Alma,"He sends the letters after finds out that Alma is searching for someone and sometime before Leo receives his letter on ""October 17th"" (211)",,,,,,,,,,,
165,E Bird sends Leo 'The History of Love' and letters to Leo and Alma,Emma's The History of Love,2000-10-07,2000-10-07,1,E Bernard calls for Alma (revealing Leo's identity to Bird),"Under his entry ""October 7"" Bird writes: ""I went to her study and printed out The History of Love. I put it in a brown envelope and on the front I wrote FOR LEOPOLD GURSKY....I hid the envelope with The History of Love under my jacket, and went out the door"" (218) and he sends the letters after finds out that Alma is searching for someone and sometime before Leo receives his letter on ""October 17th"" (211)",,,,,,,,,,,
175,E Bruno dies,Emma's The History of Love,1941-07-00,1941-07-00,1,E Nazis invade Slonim,""" He died on a July day in 1941"" (249)",217.0,E Leo (narrator),E A + L 1.30,249.0,249.0,E Not before December 2000,13.0,Emma's The History of Love,2000-12-00,0000-00-00,_CHOOSE A TELLING TIME
143,E Charlotte and David meet,Emma's The History of Love,1975-00-00,1979-00-00,1,E David Singer buys 'The History of Love',"They met ""the summer before she started Oxford"" (37-38)",242.0,E Alma (narrator),E 4. MY FATHER DIED WHEN I WAS SEVEN,37.0,37.0,E Not before September 14 2000,14.0,Emma's The History of Love,2000-09-14,0000-00-00,_CHOOSE A TELLING TIME
143,E Charlotte and David meet,Emma's The History of Love,1975-00-00,1979-00-00,1,E David Singer buys 'The History of Love',"They met ""the summer before she started Oxford"" (37-38)",243.0,E Alma (narrator),E 4. MY FATHER DIED WHEN I WAS SEVEN,38.0,38.0,E Not before September 14 2000,14.0,Emma's The History of Love,2000-09-14,0000-00-00,_CHOOSE A TELLING TIME
143,E Charlotte and David meet,Emma's The History of Love,1975-00-00,1979-00-00,1,E David Singer buys 'The History of Love',"They met ""the summer before she started Oxford"" (37-38)",547.0,E Alma (narrator),E 13. THE ETERNAL DISAPPOINTMENT OF LIFE AS IT IS,108.0,108.0,E Not before September 14 2000,14.0,Emma's The History of Love,2000-09-14,0000-00-00,_CHOOSE A TELLING TIME
151,E Charlotte receives Isaac's first letter,Emma's The History of Love,2000-02-00,2000-02-00,1,E Leo begins to write again,"""in the middle of last February a letter arrived"" (55)",271.0,E Alma (narrator),E 28. A HUNDRED THINGS CAN CHANGE YOUR LIFE; A LETTER IS ONE,55.0,55.0,E Not before September 14 2000,14.0,Emma's The History of Love,2000-09-14,0000-00-00,_CHOOSE A TELLING TIME
151,E Charlotte receives Isaac's first letter,Emma's The History of Love,2000-02-00,2000-02-00,1,E Leo begins to write again,"""in the middle of last February a letter arrived"" (55)",273.0,E Alma (narrator),E 8. Блядь,101.0,101.0,E Not before September 14 2000,14.0,Emma's The History of Love,2000-09-14,0000-00-00,_CHOOSE A TELLING TIME
151,E Charlotte receives Isaac's first letter,Emma's The History of Love,2000-02-00,2000-02-00,1,E Leo begins to write again,"""in the middle of last February a letter arrived"" (55)",272.0,E Alma (narrator),E 8. INTERGLACIAL,139.0,139.0,E Not before September 14 2000,14.0,Emma's The History of Love,2000-09-14,0000-00-00,_CHOOSE A TELLING TIME
142,E David Singer buys 'The History of Love',Emma's The History of Love,1971-00-00,1971-00-00,1,E Rosa destroys the manuscript,"""David Singer found The History of Love...when he was twenty-two"" (175-176). He is 10 years older than Charlotte ""he was ten years older than she was"" (38) and Charlotte is 41 when Alma is 15 ""even now at forty-one...fifteen"" (38) If Alma was born in 1985 then she is 15 and Charlotte is 41 in 2000, therefore Charlotte was born in 1959, and being ten years younger, David was born in 1949. So when David was 22 years old the year was 1971.",240.0,E Zvi's Narrator,E FORGIVE ME,74.0,74.0,E Unknown (Not before 1980),17.0,Emma's The History of Love,1980-00-00,0000-00-00,_CHOOSE A TELLING TIME
142,E David Singer buys 'The History of Love',Emma's The History of Love,1971-00-00,1971-00-00,1,E Rosa destroys the manuscript,"""David Singer found The History of Love...when he was twenty-two"" (175-176). He is 10 years older than Charlotte ""he was ten years older than she was"" (38) and Charlotte is 41 when Alma is 15 ""even now at forty-one...fifteen"" (38) If Alma was born in 1985 then she is 15 and Charlotte is 41 in 2000, therefore Charlotte was born in 1959, and being ten years younger, David was born in 1949. So when David was 22 years old the year was 1971.",241.0,E Alma (narrator),E 6. I KNOCK AND SHE ANSWERS,175.0,175.0,E Not before September 14 2000,14.0,Emma's The History of Love,2000-09-14,0000-00-00,_CHOOSE A TELLING TIME
147,E David Singer dies,Emma's The History of Love,1992-09-00,1993-09-00,1,E Alma Singer is born,"Alma states ""my father died when I was seven"" (37)",251.0,E Alma (narrator),E 4. MY FATHER DIED WHEN I WAS SEVEN,37.0,37.0,E Not before September 14 2000,14.0,Emma's The History of Love,2000-09-14,0000-00-00,_CHOOSE A TELLING TIME
147,E David Singer dies,Emma's The History of Love,1992-09-00,1993-09-00,1,E Alma Singer is born,"Alma states ""my father died when I was seven"" (37)",255.0,E Alma (narrator),"E 12. HE LIKED TO COOK AND LAUGH AND SING, COULD START A FIRE WITH HIS HANDS...",41.0,41.0,E Not before September 14 2000,14.0,Emma's The History of Love,2000-09-14,0000-00-00,_CHOOSE A TELLING TIME
147,E David Singer dies,Emma's The History of Love,1992-09-00,1993-09-00,1,E Alma Singer is born,"Alma states ""my father died when I was seven"" (37)",256.0,E Alma (narrator),E 14. AT THE END OF THE WORLD,42.0,42.0,E Not before September 14 2000,14.0,Emma's The History of Love,2000-09-14,0000-00-00,_CHOOSE A TELLING TIME
147,E David Singer dies,Emma's The History of Love,1992-09-00,1993-09-00,1,E Alma Singer is born,"Alma states ""my father died when I was seven"" (37)",266.0,E Alma (narrator),E 16. EVERYTHING IS REMADE AS REASON,43.0,43.0,E Not before September 14 2000,14.0,Emma's The History of Love,2000-09-14,0000-00-00,_CHOOSE A TELLING TIME
147,E David Singer dies,Emma's The History of Love,1992-09-00,1993-09-00,1,E Alma Singer is born,"Alma states ""my father died when I was seven"" (37)",252.0,E Alma (narrator),E 20. MY MOTHER HAS ONLY BEEN ON TWO DATES SINCE MY FATHER DIED,46.0,46.0,E Not before September 14 2000,14.0,Emma's The History of Love,2000-09-14,0000-00-00,_CHOOSE A TELLING TIME
147,E David Singer dies,Emma's The History of Love,1992-09-00,1993-09-00,1,E Alma Singer is born,"Alma states ""my father died when I was seven"" (37)",253.0,E Alma (narrator),E 3. THE MAN WHO COULDN'T ESCAPE GRAVITY,94.0,94.0,E Not before September 14 2000,14.0,Emma's The History of Love,2000-09-14,0000-00-00,_CHOOSE A TELLING TIME
147,E David Singer dies,Emma's The History of Love,1992-09-00,1993-09-00,1,E Alma Singer is born,"Alma states ""my father died when I was seven"" (37)",265.0,E Alma (narrator),E 8. Блядь,101.0,101.0,E Not before September 14 2000,14.0,Emma's The History of Love,2000-09-14,0000-00-00,_CHOOSE A TELLING TIME
147,E David Singer dies,Emma's The History of Love,1992-09-00,1993-09-00,1,E Alma Singer is born,"Alma states ""my father died when I was seven"" (37)",257.0,E Alma (narrator),E 12. I GAVE UP,181.0,181.0,E Not before September 14 2000,14.0,Emma's The History of Love,2000-09-14,0000-00-00,_CHOOSE A TELLING TIME
147,E David Singer dies,Emma's The History of Love,1992-09-00,1993-09-00,1,E Alma Singer is born,"Alma states ""my father died when I was seven"" (37)",264.0,E Bird (narrator),E October 3,206.0,206.0,E October 3rd 2000,18.0,Emma's The History of Love,2000-10-03,2000-10-03,_CHOOSE A TELLING TIME
147,E David Singer dies,Emma's The History of Love,1992-09-00,1993-09-00,1,E Alma Singer is born,"Alma states ""my father died when I was seven"" (37)",254.0,E Alma (narrator),E A + L 1.29,247.0,247.0,E Not before October 21st 2000,16.0,Emma's The History of Love,2000-10-21,0000-00-00,E Not before October 5th 2000
161,E Isaac dies,Emma's The History of Love,2000-10-03,2000-10-03,1,E Bird learns about Alma's search,"""Isaac Moritz...died Tuesday night"" (77) ""A memorial service will be held Saturday, October 7"" (80)",287.0,E Leo (narrator),E A JOY FOREVER,77.0,77.0,E Not before December 2000,13.0,Emma's The History of Love,2000-12-00,0000-00-00,_CHOOSE A TELLING TIME
161,E Isaac dies,Emma's The History of Love,2000-10-03,2000-10-03,1,E Bird learns about Alma's search,"""Isaac Moritz...died Tuesday night"" (77) ""A memorial service will be held Saturday, October 7"" (80)",562.0,E Leo (narrator),E DIE LAUGHING,161.0,161.0,E Not before December 2000,13.0,Emma's The History of Love,2000-12-00,0000-00-00,_CHOOSE A TELLING TIME
161,E Isaac dies,Emma's The History of Love,2000-10-03,2000-10-03,1,E Bird learns about Alma's search,"""Isaac Moritz...died Tuesday night"" (77) ""A memorial service will be held Saturday, October 7"" (80)",288.0,E Leo (narrator),E DIE LAUGHING,169.0,169.0,E Not before December 2000,13.0,Emma's The History of Love,2000-12-00,0000-00-00,_CHOOSE A TELLING TIME
161,E Isaac dies,Emma's The History of Love,2000-10-03,2000-10-03,1,E Bird learns about Alma's search,"""Isaac Moritz...died Tuesday night"" (77) ""A memorial service will be held Saturday, October 7"" (80)",289.0,E Leo (narrator),E THE LAST TIME I SAW YOU,209.0,209.0,E Not before December 2000,13.0,Emma's The History of Love,2000-12-00,0000-00-00,_CHOOSE A TELLING TIME
161,E Isaac dies,Emma's The History of Love,2000-10-03,2000-10-03,1,E Bird learns about Alma's search,"""Isaac Moritz...died Tuesday night"" (77) ""A memorial service will be held Saturday, October 7"" (80)",563.0,E Leo (narrator),E THE LAST TIME I SAW YOU,212.0,212.0,E Not before December 2000,13.0,Emma's The History of Love,2000-12-00,0000-00-00,_CHOOSE A TELLING TIME
128,E Isaac is born,Emma's The History of Love,1940-10-08,1940-11-01,1,E Alma leaves for America,"Isaac ""was 60"" when he died (77) which was October 7th 2000, and accounting for Leo and Alma's birthdays, he would have been born between October 8th and November",199.0,E Leo (narrator),E THE LAST WORDS ON EARTH 1.1,13.0,13.0,E Not before December 2000,13.0,Emma's The History of Love,2000-12-00,0000-00-00,_CHOOSE A TELLING TIME
128,E Isaac is born,Emma's The History of Love,1940-10-08,1940-11-01,1,E Alma leaves for America,"Isaac ""was 60"" when he died (77) which was October 7th 2000, and accounting for Leo and Alma's birthdays, he would have been born between October 8th and November",200.0,E Leo (narrator),E A JOY FOREVER,78.0,78.0,E Not before December 2000,13.0,Emma's The History of Love,2000-12-00,0000-00-00,_CHOOSE A TELLING TIME
128,E Isaac is born,Emma's The History of Love,1940-10-08,1940-11-01,1,E Alma leaves for America,"Isaac ""was 60"" when he died (77) which was October 7th 2000, and accounting for Leo and Alma's birthdays, he would have been born between October 8th and November",201.0,E Leo (narrator),E DIE LAUGHING,164.0,164.0,E Not before December 2000,13.0,Emma's The History of Love,2000-12-00,0000-00-00,_CHOOSE A TELLING TIME
90,E Leo and Alma fall in love,Emma's The History of Love,1930-00-00,1940-00-00,0,E Leo is born,"""When they were ten he asked her to marry him"" (11) Alma and Leo were born in 1920, therefore when they were 10 the year would have been 1930. ""After she left, everything fell apart"" (8) ""In the summer of 1941 the Einsatzgruppen drove deeper east"" (12) Alma leaves before Slonim is invaded, therefore before 1941 and has Isaac in 1940, so she would have have to have left sometime before 1940.",178.0,E Leo (narrator),E THE LAST WORDS ON EARTH 1.1,8.0,8.0,E Not before December 2000,13.0,Emma's The History of Love,2000-12-00,0000-00-00,_CHOOSE A TELLING TIME
90,E Leo and Alma fall in love,Emma's The History of Love,1930-00-00,1940-00-00,0,E Leo is born,"""When they were ten he asked her to marry him"" (11) Alma and Leo were born in 1920, therefore when they were 10 the year would have been 1930. ""After she left, everything fell apart"" (8) ""In the summer of 1941 the Einsatzgruppen drove deeper east"" (12) Alma leaves before Slonim is invaded, therefore before 1941 and has Isaac in 1940, so she would have have to have left sometime before 1940.",179.0,E Leo (narrator),E THE LAST WORDS ON EARTH 1.1,11.0,11.0,E Not before December 2000,13.0,Emma's The History of Love,2000-12-00,0000-00-00,_CHOOSE A TELLING TIME
90,E Leo and Alma fall in love,Emma's The History of Love,1930-00-00,1940-00-00,0,E Leo is born,"""When they were ten he asked her to marry him"" (11) Alma and Leo were born in 1920, therefore when they were 10 the year would have been 1930. ""After she left, everything fell apart"" (8) ""In the summer of 1941 the Einsatzgruppen drove deeper east"" (12) Alma leaves before Slonim is invaded, therefore before 1941 and has Isaac in 1940, so she would have have to have left sometime before 1940.",180.0,E Alma (narrator),E 29. MY MOTHER USED TO READ TO ME FROM THE HISTORY OF LOVE,57.0,57.0,E Not before September 14 2000,14.0,Emma's The History of Love,2000-09-14,0000-00-00,_CHOOSE A TELLING TIME
90,E Leo and Alma fall in love,Emma's The History of Love,1930-00-00,1940-00-00,0,E Leo is born,"""When they were ten he asked her to marry him"" (11) Alma and Leo were born in 1920, therefore when they were 10 the year would have been 1930. ""After she left, everything fell apart"" (8) ""In the summer of 1941 the Einsatzgruppen drove deeper east"" (12) Alma leaves before Slonim is invaded, therefore before 1941 and has Isaac in 1940, so she would have have to have left sometime before 1940.",181.0,E Alma (narrator),"E 33. THE HISTORY OF LOVE, CHAPTER 10",62.0,62.0,E Not before September 14 2000,14.0,Emma's The History of Love,2000-09-14,0000-00-00,_CHOOSE A TELLING TIME
90,E Leo and Alma fall in love,Emma's The History of Love,1930-00-00,1940-00-00,0,E Leo is born,"""When they were ten he asked her to marry him"" (11) Alma and Leo were born in 1920, therefore when they were 10 the year would have been 1930. ""After she left, everything fell apart"" (8) ""In the summer of 1941 the Einsatzgruppen drove deeper east"" (12) Alma leaves before Slonim is invaded, therefore before 1941 and has Isaac in 1940, so she would have have to have left sometime before 1940.",183.0,E Alma (narrator),"E 33. THE HISTORY OF LOVE, CHAPTER 10",63.0,63.0,E Not before September 14 2000,14.0,Emma's The History of Love,2000-09-14,0000-00-00,_CHOOSE A TELLING TIME
90,E Leo and Alma fall in love,Emma's The History of Love,1930-00-00,1940-00-00,0,E Leo is born,"""When they were ten he asked her to marry him"" (11) Alma and Leo were born in 1920, therefore when they were 10 the year would have been 1930. ""After she left, everything fell apart"" (8) ""In the summer of 1941 the Einsatzgruppen drove deeper east"" (12) Alma leaves before Slonim is invaded, therefore before 1941 and has Isaac in 1940, so she would have have to have left sometime before 1940.",185.0,E Leo (narrator),E A JOY FOREVER,80.0,80.0,E Not before December 2000,13.0,Emma's The History of Love,2000-12-00,0000-00-00,_CHOOSE A TELLING TIME
90,E Leo and Alma fall in love,Emma's The History of Love,1930-00-00,1940-00-00,0,E Leo is born,"""When they were ten he asked her to marry him"" (11) Alma and Leo were born in 1920, therefore when they were 10 the year would have been 1930. ""After she left, everything fell apart"" (8) ""In the summer of 1941 the Einsatzgruppen drove deeper east"" (12) Alma leaves before Slonim is invaded, therefore before 1941 and has Isaac in 1940, so she would have have to have left sometime before 1940.",186.0,E Leo (narrator),E A JOY FOREVER,85.0,85.0,E Not before December 2000,13.0,Emma's The History of Love,2000-12-00,0000-00-00,_CHOOSE A TELLING TIME
90,E Leo and Alma fall in love,Emma's The History of Love,1930-00-00,1940-00-00,0,E Leo is born,"""When they were ten he asked her to marry him"" (11) Alma and Leo were born in 1920, therefore when they were 10 the year would have been 1930. ""After she left, everything fell apart"" (8) ""In the summer of 1941 the Einsatzgruppen drove deeper east"" (12) Alma leaves before Slonim is invaded, therefore before 1941 and has Isaac in 1940, so she would have have to have left sometime before 1940.",187.0,E Leo (narrator),E A JOY FOREVER,90.0,90.0,E Not before December 2000,13.0,Emma's The History of Love,2000-12-00,0000-00-00,_CHOOSE A TELLING TIME
90,E Leo and Alma fall in love,Emma's The History of Love,1930-00-00,1940-00-00,0,E Leo is born,"""When they were ten he asked her to marry him"" (11) Alma and Leo were born in 1920, therefore when they were 10 the year would have been 1930. ""After she left, everything fell apart"" (8) ""In the summer of 1941 the Einsatzgruppen drove deeper east"" (12) Alma leaves before Slonim is invaded, therefore before 1941 and has Isaac in 1940, so she would have have to have left sometime before 1940.",188.0,E Leo (narrator),E UNTIL THE WRITING HAND HURTS,126.0,126.0,E Not before December 2000,13.0,Emma's The History of Love,2000-12-00,0000-00-00,_CHOOSE A TELLING TIME
90,E Leo and Alma fall in love,Emma's The History of Love,1930-00-00,1940-00-00,0,E Leo is born,"""When they were ten he asked her to marry him"" (11) Alma and Leo were born in 1920, therefore when they were 10 the year would have been 1930. ""After she left, everything fell apart"" (8) ""In the summer of 1941 the Einsatzgruppen drove deeper east"" (12) Alma leaves before Slonim is invaded, therefore before 1941 and has Isaac in 1940, so she would have have to have left sometime before 1940.",189.0,E Leo (narrator),E UNTIL THE WRITING HAND HURTS,127.0,127.0,E Not before December 2000,13.0,Emma's The History of Love,2000-12-00,0000-00-00,_CHOOSE A TELLING TIME
90,E Leo and Alma fall in love,Emma's The History of Love,1930-00-00,1940-00-00,0,E Leo is born,"""When they were ten he asked her to marry him"" (11) Alma and Leo were born in 1920, therefore when they were 10 the year would have been 1930. ""After she left, everything fell apart"" (8) ""In the summer of 1941 the Einsatzgruppen drove deeper east"" (12) Alma leaves before Slonim is invaded, therefore before 1941 and has Isaac in 1940, so she would have have to have left sometime before 1940.",190.0,E Leo (narrator),E UNTIL THE WRITING HAND HURTS,128.0,128.0,E Not before December 2000,13.0,Emma's The History of Love,2000-12-00,0000-00-00,_CHOOSE A TELLING TIME
90,E Leo and Alma fall in love,Emma's The History of Love,1930-00-00,1940-00-00,0,E Leo is born,"""When they were ten he asked her to marry him"" (11) Alma and Leo were born in 1920, therefore when they were 10 the year would have been 1930. ""After she left, everything fell apart"" (8) ""In the summer of 1941 the Einsatzgruppen drove deeper east"" (12) Alma leaves before Slonim is invaded, therefore before 1941 and has Isaac in 1940, so she would have have to have left sometime before 1940.",191.0,E Leo (narrator),E UNTIL THE WRITING HAND HURTS,129.0,129.0,E Not before December 2000,13.0,Emma's The History of Love,2000-12-00,0000-00-00,_CHOOSE A TELLING TIME
90,E Leo and Alma fall in love,Emma's The History of Love,1930-00-00,1940-00-00,0,E Leo is born,"""When they were ten he asked her to marry him"" (11) Alma and Leo were born in 1920, therefore when they were 10 the year would have been 1930. ""After she left, everything fell apart"" (8) ""In the summer of 1941 the Einsatzgruppen drove deeper east"" (12) Alma leaves before Slonim is invaded, therefore before 1941 and has Isaac in 1940, so she would have have to have left sometime before 1940.",521.0,E Leo (narrator),E UNTIL THE WRITING HAND HURTS,133.0,133.0,E Not before December 2000,13.0,Emma's The History of Love,2000-12-00,0000-00-00,_CHOOSE A TELLING TIME
90,E Leo and Alma fall in love,Emma's The History of Love,1930-00-00,1940-00-00,0,E Leo is born,"""When they were ten he asked her to marry him"" (11) Alma and Leo were born in 1920, therefore when they were 10 the year would have been 1930. ""After she left, everything fell apart"" (8) ""In the summer of 1941 the Einsatzgruppen drove deeper east"" (12) Alma leaves before Slonim is invaded, therefore before 1941 and has Isaac in 1940, so she would have have to have left sometime before 1940.",192.0,E Leo (narrator),E A + L 1.12,230.0,230.0,E Not before December 2000,13.0,Emma's The History of Love,2000-12-00,0000-00-00,_CHOOSE A TELLING TIME
90,E Leo and Alma fall in love,Emma's The History of Love,1930-00-00,1940-00-00,0,E Leo is born,"""When they were ten he asked her to marry him"" (11) Alma and Leo were born in 1920, therefore when they were 10 the year would have been 1930. ""After she left, everything fell apart"" (8) ""In the summer of 1941 the Einsatzgruppen drove deeper east"" (12) Alma leaves before Slonim is invaded, therefore before 1941 and has Isaac in 1940, so she would have have to have left sometime before 1940.",193.0,E Alma (narrator),E A + L 1.31,251.0,251.0,E Not before October 21st 2000,16.0,Emma's The History of Love,2000-10-21,0000-00-00,E Not before October 5th 2000
90,E Leo and Alma fall in love,Emma's The History of Love,1930-00-00,1940-00-00,0,E Leo is born,"""When they were ten he asked her to marry him"" (11) Alma and Leo were born in 1920, therefore when they were 10 the year would have been 1930. ""After she left, everything fell apart"" (8) ""In the summer of 1941 the Einsatzgruppen drove deeper east"" (12) Alma leaves before Slonim is invaded, therefore before 1941 and has Isaac in 1940, so she would have have to have left sometime before 1940.",177.0,E Leo (narrator),E THE DEATH OF LEOPOLD GURSKY,255.0,255.0,E Not before December 2000,13.0,Emma's The History of Love,2000-12-00,0000-00-00,_CHOOSE A TELLING TIME
145,E Leo and Bruno reconnect,Emma's The History of Love,1945-10-00,1998-00-00,1,E Zvi dies,"*The date would have been close to 1998 as Leo states that Bruno's ""hair was thin and white"" (6) indicating Bruno and Leo's old age* They meet after Leo sees Alma M. when Isaac is five (after October 1945) and they have already reconnected by the time of Leo's heart attack (1998)",246.0,E Leo (narrator),E THE LAST WORDS ON EARTH 1.1,5.0,5.0,E Not before December 2000,13.0,Emma's The History of Love,2000-12-00,0000-00-00,_CHOOSE A TELLING TIME
145,E Leo and Bruno reconnect,Emma's The History of Love,1945-10-00,1998-00-00,1,E Zvi dies,"*The date would have been close to 1998 as Leo states that Bruno's ""hair was thin and white"" (6) indicating Bruno and Leo's old age* They meet after Leo sees Alma M. when Isaac is five (after October 1945) and they have already reconnected by the time of Leo's heart attack (1998)",247.0,E Leo (narrator),E THE LAST WORDS ON EARTH 1.1,6.0,6.0,E Not before December 2000,13.0,Emma's The History of Love,2000-12-00,0000-00-00,_CHOOSE A TELLING TIME
145,E Leo and Bruno reconnect,Emma's The History of Love,1945-10-00,1998-00-00,1,E Zvi dies,"*The date would have been close to 1998 as Leo states that Bruno's ""hair was thin and white"" (6) indicating Bruno and Leo's old age* They meet after Leo sees Alma M. when Isaac is five (after October 1945) and they have already reconnected by the time of Leo's heart attack (1998)",248.0,E Leo (narrator),E THE LAST WORDS ON EARTH 1.2,18.0,18.0,E Not before December 2000,13.0,Emma's The History of Love,2000-12-00,0000-00-00,_CHOOSE A TELLING TIME
167,E Leo attends Isaac's funeral,Emma's The History of Love,2000-10-07,2000-10-07,1,E Bird sends Leo 'The History of Love' and letters to Leo and Alma,"""A memorial service will be held Saturday, October 7th"" (80)",294.0,E Leo (narrator),E A JOY FOREVER,84.0,84.0,E Not before December 2000,13.0,Emma's The History of Love,2000-12-00,0000-00-00,_CHOOSE A TELLING TIME
167,E Leo attends Isaac's funeral,Emma's The History of Love,2000-10-07,2000-10-07,1,E Bird sends Leo 'The History of Love' and letters to Leo and Alma,"""A memorial service will be held Saturday, October 7th"" (80)",295.0,E Leo (narrator),E A JOY FOREVER,85.0,85.0,E Not before December 2000,13.0,Emma's The History of Love,2000-12-00,0000-00-00,_CHOOSE A TELLING TIME
167,E Leo attends Isaac's funeral,Emma's The History of Love,2000-10-07,2000-10-07,1,E Bird sends Leo 'The History of Love' and letters to Leo and Alma,"""A memorial service will be held Saturday, October 7th"" (80)",570.0,E Leo (narrator),E A JOY FOREVER,86.0,86.0,E Not before December 2000,13.0,Emma's The History of Love,2000-12-00,0000-00-00,_CHOOSE A TELLING TIME
167,E Leo attends Isaac's funeral,Emma's The History of Love,2000-10-07,2000-10-07,1,E Bird sends Leo 'The History of Love' and letters to Leo and Alma,"""A memorial service will be held Saturday, October 7th"" (80)",571.0,E Leo (narrator),E A JOY FOREVER,87.0,87.0,E Not before December 2000,13.0,Emma's The History of Love,2000-12-00,0000-00-00,_CHOOSE A TELLING TIME
167,E Leo attends Isaac's funeral,Emma's The History of Love,2000-10-07,2000-10-07,1,E Bird sends Leo 'The History of Love' and letters to Leo and Alma,"""A memorial service will be held Saturday, October 7th"" (80)",572.0,E Leo (narrator),E A JOY FOREVER,88.0,88.0,E Not before December 2000,13.0,Emma's The History of Love,2000-12-00,0000-00-00,_CHOOSE A TELLING TIME
167,E Leo attends Isaac's funeral,Emma's The History of Love,2000-10-07,2000-10-07,1,E Bird sends Leo 'The History of Love' and letters to Leo and Alma,"""A memorial service will be held Saturday, October 7th"" (80)",573.0,E Leo (narrator),E A JOY FOREVER,89.0,89.0,E Not before December 2000,13.0,Emma's The History of Love,2000-12-00,0000-00-00,_CHOOSE A TELLING TIME
150,E Leo begins to write again,Emma's The History of Love,1998-00-00,1998-00-00,1,E Misha and Alma become penpals,"""A couple of months after my heart attack, fifty-seven years after I'd given it up, I started to write again""(9)",267.0,E Leo (narrator),E THE LAST WORDS ON EARTH 1.1,9.0,9.0,E Not before December 2000,13.0,Emma's The History of Love,2000-12-00,0000-00-00,_CHOOSE A TELLING TIME
150,E Leo begins to write again,Emma's The History of Love,1998-00-00,1998-00-00,1,E Misha and Alma become penpals,"""A couple of months after my heart attack, fifty-seven years after I'd given it up, I started to write again""(9)",268.0,E Leo (narrator),E UNTIL THE WRITING HAND HURTS,124.0,124.0,E Not before December 2000,13.0,Emma's The History of Love,2000-12-00,0000-00-00,_CHOOSE A TELLING TIME
150,E Leo begins to write again,Emma's The History of Love,1998-00-00,1998-00-00,1,E Misha and Alma become penpals,"""A couple of months after my heart attack, fifty-seven years after I'd given it up, I started to write again""(9)",269.0,E Leo (narrator),E DIE LAUGHING,167.0,167.0,E Not before December 2000,13.0,Emma's The History of Love,2000-12-00,0000-00-00,_CHOOSE A TELLING TIME
150,E Leo begins to write again,Emma's The History of Love,1998-00-00,1998-00-00,1,E Misha and Alma become penpals,"""A couple of months after my heart attack, fifty-seven years after I'd given it up, I started to write again""(9)",270.0,E Leo (narrator),E THE LAST TIME I SAW YOU,209.0,209.0,E Not before December 2000,13.0,Emma's The History of Love,2000-12-00,0000-00-00,_CHOOSE A TELLING TIME
130,E Leo completes 'The History of Love',Emma's The History of Love,1940-00-00,1941-07-00,1,E Zvi steals Leo's obituary,"""I read the pages of the book that I had written as a young man.... A twenty-year-old in love"" (121) which would make the year 1940 and Leo stops writing when Slonim is invaded in 1941",203.0,E Leo (narrator),E THE LAST WORDS ON EARTH 1.1,7.0,7.0,E Not before December 2000,13.0,Emma's The History of Love,2000-12-00,0000-00-00,_CHOOSE A TELLING TIME
130,E Leo completes 'The History of Love',Emma's The History of Love,1940-00-00,1941-07-00,1,E Zvi steals Leo's obituary,"""I read the pages of the book that I had written as a young man.... A twenty-year-old in love"" (121) which would make the year 1940 and Leo stops writing when Slonim is invaded in 1941",204.0,E Leo (narrator),E THE LAST WORDS ON EARTH 1.1,8.0,8.0,E Not before December 2000,13.0,Emma's The History of Love,2000-12-00,0000-00-00,_CHOOSE A TELLING TIME
130,E Leo completes 'The History of Love',Emma's The History of Love,1940-00-00,1941-07-00,1,E Zvi steals Leo's obituary,"""I read the pages of the book that I had written as a young man.... A twenty-year-old in love"" (121) which would make the year 1940 and Leo stops writing when Slonim is invaded in 1941",205.0,E Leo (narrator),E THE LAST WORDS ON EARTH 1.1,12.0,12.0,E Not before December 2000,13.0,Emma's The History of Love,2000-12-00,0000-00-00,_CHOOSE A TELLING TIME
130,E Leo completes 'The History of Love',Emma's The History of Love,1940-00-00,1941-07-00,1,E Zvi steals Leo's obituary,"""I read the pages of the book that I had written as a young man.... A twenty-year-old in love"" (121) which would make the year 1940 and Leo stops writing when Slonim is invaded in 1941",206.0,E Leo (narrator),E UNTIL THE WRITING HAND HURTS,121.0,121.0,E Not before December 2000,13.0,Emma's The History of Love,2000-12-00,0000-00-00,_CHOOSE A TELLING TIME
130,E Leo completes 'The History of Love',Emma's The History of Love,1940-00-00,1941-07-00,1,E Zvi steals Leo's obituary,"""I read the pages of the book that I had written as a young man.... A twenty-year-old in love"" (121) which would make the year 1940 and Leo stops writing when Slonim is invaded in 1941",527.0,E Leo (narrator),E A + L 1.26,244.0,244.0,E Not before December 2000,13.0,Emma's The History of Love,2000-12-00,0000-00-00,_CHOOSE A TELLING TIME
133,E Leo escapes the Nazis,Emma's The History of Love,1941-07-00,1945-02-00,0,E Bruno dies,"""having hidden for three and a half years"" (13): July 1941-January 1945 is 3.5 years, and when Leo arrives in America ""He was twenty-five years old"" (13) which would make the year 1945",534.0,E Leo (narrator),E THE LAST WORDS ON EARTH 1.1,8.0,8.0,E Not before December 2000,13.0,Emma's The History of Love,2000-12-00,0000-00-00,_CHOOSE A TELLING TIME
133,E Leo escapes the Nazis,Emma's The History of Love,1941-07-00,1945-02-00,0,E Bruno dies,"""having hidden for three and a half years"" (13): July 1941-January 1945 is 3.5 years, and when Leo arrives in America ""He was twenty-five years old"" (13) which would make the year 1945",218.0,E Leo (narrator),E THE LAST WORDS ON EARTH 1.1,12.0,12.0,E Not before December 2000,13.0,Emma's The History of Love,2000-12-00,0000-00-00,_CHOOSE A TELLING TIME
133,E Leo escapes the Nazis,Emma's The History of Love,1941-07-00,1945-02-00,0,E Bruno dies,"""having hidden for three and a half years"" (13): July 1941-January 1945 is 3.5 years, and when Leo arrives in America ""He was twenty-five years old"" (13) which would make the year 1945",219.0,E Leo (narrator),E UNTIL THE WRITING HAND HURTS,129.0,129.0,E Not before December 2000,13.0,Emma's The History of Love,2000-12-00,0000-00-00,_CHOOSE A TELLING TIME
133,E Leo escapes the Nazis,Emma's The History of Love,1941-07-00,1945-02-00,0,E Bruno dies,"""having hidden for three and a half years"" (13): July 1941-January 1945 is 3.5 years, and when Leo arrives in America ""He was twenty-five years old"" (13) which would make the year 1945",535.0,E Leo (narrator),E DIE LAUGHING,168.0,168.0,E Not before December 2000,13.0,Emma's The History of Love,2000-12-00,0000-00-00,_CHOOSE A TELLING TIME
133,E Leo escapes the Nazis,Emma's The History of Love,1941-07-00,1945-02-00,0,E Bruno dies,"""having hidden for three and a half years"" (13): July 1941-January 1945 is 3.5 years, and when Leo arrives in America ""He was twenty-five years old"" (13) which would make the year 1945",220.0,E Leo (narrator),E A + L 1.8,226.0,226.0,E Not before December 2000,13.0,Emma's The History of Love,2000-12-00,0000-00-00,_CHOOSE A TELLING TIME
133,E Leo escapes the Nazis,Emma's The History of Love,1941-07-00,1945-02-00,0,E Bruno dies,"""having hidden for three and a half years"" (13): July 1941-January 1945 is 3.5 years, and when Leo arrives in America ""He was twenty-five years old"" (13) which would make the year 1945",221.0,E Leo (narrator),E A + L 1.20,238.0,238.0,E Not before December 2000,13.0,Emma's The History of Love,2000-12-00,0000-00-00,_CHOOSE A TELLING TIME
133,E Leo escapes the Nazis,Emma's The History of Love,1941-07-00,1945-02-00,0,E Bruno dies,"""having hidden for three and a half years"" (13): July 1941-January 1945 is 3.5 years, and when Leo arrives in America ""He was twenty-five years old"" (13) which would make the year 1945",222.0,E Leo (narrator),E A + L 1.22,240.0,240.0,E Not before December 2000,13.0,Emma's The History of Love,2000-12-00,0000-00-00,_CHOOSE A TELLING TIME
162,E Leo finds out about Isaac's death,Emma's The History of Love,2000-10-05,2000-10-05,1,E Isaac dies,"The day after Leo reads the newspaper "" was Friday"" (80) and the funeral is held the next day, listed in the obituary as ""October 7"" (80)",290.0,E Leo (narrator),E A JOY FOREVER,77.0,77.0,E Not before December 2000,13.0,Emma's The History of Love,2000-12-00,0000-00-00,_CHOOSE A TELLING TIME
169,E Leo goes to Isaac's house to retrieve 'Words for Everything',Emma's The History of Love,2000-10-11,2000-10-11,1,E Leo recieves 'The History of Love',"""Five days after the brown envelope had arrived on my doorstep with the pages of the book I'd written half a century ago, I was on my way to get back the book I'd written half a century later. Or, to say it differently: a week after my son died, I was on my way to his house"" (161)",298.0,E Leo (narrator),E DIE LAUGHING,161.0,161.0,E Not before December 2000,13.0,Emma's The History of Love,2000-12-00,0000-00-00,_CHOOSE A TELLING TIME
169,E Leo goes to Isaac's house to retrieve 'Words for Everything',Emma's The History of Love,2000-10-11,2000-10-11,1,E Leo recieves 'The History of Love',"""Five days after the brown envelope had arrived on my doorstep with the pages of the book I'd written half a century ago, I was on my way to get back the book I'd written half a century later. Or, to say it differently: a week after my son died, I was on my way to his house"" (161)",566.0,E Leo (narrator),E DIE LAUGHING,162.0,162.0,E Not before December 2000,13.0,Emma's The History of Love,2000-12-00,0000-00-00,_CHOOSE A TELLING TIME
169,E Leo goes to Isaac's house to retrieve 'Words for Everything',Emma's The History of Love,2000-10-11,2000-10-11,1,E Leo recieves 'The History of Love',"""Five days after the brown envelope had arrived on my doorstep with the pages of the book I'd written half a century ago, I was on my way to get back the book I'd written half a century later. Or, to say it differently: a week after my son died, I was on my way to his house"" (161)",299.0,E Leo (narrator),E DIE LAUGHING,163.0,163.0,E Not before December 2000,13.0,Emma's The History of Love,2000-12-00,0000-00-00,_CHOOSE A TELLING TIME
89,E Leo is born,Emma's The History of Love,1920-08-18,1920-08-18,1,E Alma Mereminski is born,"""Leopold Gursky started dying on August 18, 1920"" (255)",176.0,E Leo (narrator),E THE DEATH OF LEOPOLD GURSKY,255.0,255.0,E Not before December 2000,13.0,Emma's The History of Love,2000-12-00,0000-00-00,_CHOOSE A TELLING TIME
176,E Leo learns that Isaac published 'Words for Everything',Emma's The History of Love,2000-10-17,2000-10-17,1,E Alma receives Bird's letter,"""October 17th"" (211)",302.0,E Leo (narrator),E THE LAST TIME I SAW YOU,209.0,209.0,E Not before December 2000,13.0,Emma's The History of Love,2000-12-00,0000-00-00,_CHOOSE A TELLING TIME
134,E Leo leaves for America,Emma's The History of Love,1945-01-00,1946-10-00,0,E Leo escapes the Nazis,Leo hides for 3.5 years and finds Alma in America when Isaac is 5 years old,537.0,E Leo (narrator),E THE LAST WORDS ON EARTH 1.1,4.0,4.0,E Not before December 2000,13.0,Emma's The History of Love,2000-12-00,0000-00-00,_CHOOSE A TELLING TIME
134,E Leo leaves for America,Emma's The History of Love,1945-01-00,1946-10-00,0,E Leo escapes the Nazis,Leo hides for 3.5 years and finds Alma in America when Isaac is 5 years old,225.0,E Leo (narrator),E THE LAST WORDS ON EARTH 1.1,12.0,12.0,E Not before December 2000,13.0,Emma's The History of Love,2000-12-00,0000-00-00,_CHOOSE A TELLING TIME
171,E Leo receives Bird's letter,Emma's The History of Love,2000-10-17,2000-10-17,1,E Leo learns that Isaac published 'Words for Everything',"""October 17th"" (211)",303.0,E Leo (narrator),E THE LAST TIME I SAW YOU,212.0,212.0,E Not before December 2000,13.0,Emma's The History of Love,2000-12-00,0000-00-00,_CHOOSE A TELLING TIME
168,E Leo recieves 'The History of Love',Emma's The History of Love,2000-10-07,2000-10-07,1,E Leo attends Isaac's funeral,"After Leo gets home from Isaac's funeral he finds ""a large brown envelope"" and realizes it is The History of Love (92)",296.0,E Leo (narrator),E A JOY FOREVER,92.0,92.0,E Not before December 2000,13.0,Emma's The History of Love,2000-12-00,0000-00-00,_CHOOSE A TELLING TIME
168,E Leo recieves 'The History of Love',Emma's The History of Love,2000-10-07,2000-10-07,1,E Leo attends Isaac's funeral,"After Leo gets home from Isaac's funeral he finds ""a large brown envelope"" and realizes it is The History of Love (92)",297.0,E Leo (narrator),E DIE LAUGHING,161.0,161.0,E Not before December 2000,13.0,Emma's The History of Love,2000-12-00,0000-00-00,_CHOOSE A TELLING TIME
158,E Leo sends Isaac 'WORDS FOR EVERYTHING',Emma's The History of Love,2000-09-20,2000-09-20,1,E Alma discovers Jacob Marcus is Isaac Moritz,"Leo models in the art class on ""September 19th"" (15) and delivers ""Words for Everything"" the next day ""at 8:45"" (34)",281.0,E Leo (narrator),E THE LAST WORDS ON EARTH 1.2,34.0,34.0,E Not before December 2000,13.0,Emma's The History of Love,2000-12-00,0000-00-00,_CHOOSE A TELLING TIME
158,E Leo sends Isaac 'WORDS FOR EVERYTHING',Emma's The History of Love,2000-09-20,2000-09-20,1,E Alma discovers Jacob Marcus is Isaac Moritz,"Leo models in the art class on ""September 19th"" (15) and delivers ""Words for Everything"" the next day ""at 8:45"" (34)",282.0,E Leo (narrator),E A JOY FOREVER,75.0,75.0,E Not before December 2000,13.0,Emma's The History of Love,2000-12-00,0000-00-00,_CHOOSE A TELLING TIME
149,E Misha and Alma become penpals,Emma's The History of Love,1997-09-00,1998-02-00,1,E Alma Mereminski dies,"When Alma receives ""Misha's first letter"" he is ""almost thirteen, five months older than [her]"" (98)",263.0,E Alma (narrator),E 4. I SEARCHED OUT OTHER FORMS OF LIFE,95.0,95.0,E Not before September 14 2000,14.0,Emma's The History of Love,2000-09-14,0000-00-00,_CHOOSE A TELLING TIME
149,E Misha and Alma become penpals,Emma's The History of Love,1997-09-00,1998-02-00,1,E Alma Mereminski dies,"When Alma receives ""Misha's first letter"" he is ""almost thirteen, five months older than [her]"" (98)",261.0,E Alma (narrator),E 6. IF I HAD A RUSSIAN ACCENT EVERYTHING WOULD BE DIFFERENT,98.0,98.0,E Not before September 14 2000,14.0,Emma's The History of Love,2000-09-14,0000-00-00,_CHOOSE A TELLING TIME
132,E Nazis invade Slonim,Emma's The History of Love,1941-07-00,1941-07-00,0,E Zvi leaves with 'The History of Love',"""In the summer of 1941....On a bright hot day in July they entered Slonim"" (12)",213.0,E Leo (narrator),E THE LAST WORDS ON EARTH 1.1,8.0,8.0,E Not before December 2000,13.0,Emma's The History of Love,2000-12-00,0000-00-00,_CHOOSE A TELLING TIME
132,E Nazis invade Slonim,Emma's The History of Love,1941-07-00,1941-07-00,0,E Zvi leaves with 'The History of Love',"""In the summer of 1941....On a bright hot day in July they entered Slonim"" (12)",214.0,E Leo (narrator),E THE LAST WORDS ON EARTH 1.1,12.0,12.0,E Not before December 2000,13.0,Emma's The History of Love,2000-12-00,0000-00-00,_CHOOSE A TELLING TIME
132,E Nazis invade Slonim,Emma's The History of Love,1941-07-00,1941-07-00,0,E Zvi leaves with 'The History of Love',"""In the summer of 1941....On a bright hot day in July they entered Slonim"" (12)",532.0,E Alma (narrator),E 9. IF SHE'S REAL,140.0,140.0,E Not before September 14 2000,14.0,Emma's The History of Love,2000-09-14,0000-00-00,_CHOOSE A TELLING TIME
132,E Nazis invade Slonim,Emma's The History of Love,1941-07-00,1941-07-00,0,E Zvi leaves with 'The History of Love',"""In the summer of 1941....On a bright hot day in July they entered Slonim"" (12)",215.0,E Zvi's Narrator,E HERE WE ARE TOGETHER,155.0,155.0,E Unknown (Not before 1980),17.0,Emma's The History of Love,1980-00-00,0000-00-00,_CHOOSE A TELLING TIME
132,E Nazis invade Slonim,Emma's The History of Love,1941-07-00,1941-07-00,0,E Zvi leaves with 'The History of Love',"""In the summer of 1941....On a bright hot day in July they entered Slonim"" (12)",216.0,E Leo (narrator),E DIE LAUGHING,168.0,168.0,E Not before December 2000,13.0,Emma's The History of Love,2000-12-00,0000-00-00,_CHOOSE A TELLING TIME
141,E Rosa destroys the manuscript,Emma's The History of Love,1954-00-00,1964-00-00,1,E Zvi publishes 'The History of Love',"Rosa receives ""the letter addressed to Litvinoff ...a few months after the publication of 'The History of Love''"" (189) and then destroys the manuscript ""[s]ome months later"" (189)",235.0,E Zvi's Narrator,E FORGIVE ME,66.0,66.0,E Unknown (Not before 1980),17.0,Emma's The History of Love,1980-00-00,0000-00-00,_CHOOSE A TELLING TIME
141,E Rosa destroys the manuscript,Emma's The History of Love,1954-00-00,1964-00-00,1,E Zvi publishes 'The History of Love',"Rosa receives ""the letter addressed to Litvinoff ...a few months after the publication of 'The History of Love''"" (189) and then destroys the manuscript ""[s]ome months later"" (189)",236.0,E Leo (narrator),E UNTIL THE WRITING HAND HURTS,121.0,121.0,E Not before December 2000,13.0,Emma's The History of Love,2000-12-00,0000-00-00,_CHOOSE A TELLING TIME
141,E Rosa destroys the manuscript,Emma's The History of Love,1954-00-00,1964-00-00,1,E Zvi publishes 'The History of Love',"Rosa receives ""the letter addressed to Litvinoff ...a few months after the publication of 'The History of Love''"" (189) and then destroys the manuscript ""[s]ome months later"" (189)",237.0,E Leo (narrator),E UNTIL THE WRITING HAND HURTS,122.0,122.0,E Not before December 2000,13.0,Emma's The History of Love,2000-12-00,0000-00-00,_CHOOSE A TELLING TIME
141,E Rosa destroys the manuscript,Emma's The History of Love,1954-00-00,1964-00-00,1,E Zvi publishes 'The History of Love',"Rosa receives ""the letter addressed to Litvinoff ...a few months after the publication of 'The History of Love''"" (189) and then destroys the manuscript ""[s]ome months later"" (189)",546.0,E Zvi's Narrator,E THE LAST PAGE,190.0,190.0,E Unknown (Not before 1980),17.0,Emma's The History of Love,1980-00-00,0000-00-00,_CHOOSE A TELLING TIME
141,E Rosa destroys the manuscript,Emma's The History of Love,1954-00-00,1964-00-00,1,E Zvi publishes 'The History of Love',"Rosa receives ""the letter addressed to Litvinoff ...a few months after the publication of 'The History of Love''"" (189) and then destroys the manuscript ""[s]ome months later"" (189)",238.0,E Zvi's Narrator,E THE LAST PAGE,191.0,191.0,E Unknown (Not before 1980),17.0,Emma's The History of Love,1980-00-00,0000-00-00,_CHOOSE A TELLING TIME
141,E Rosa destroys the manuscript,Emma's The History of Love,1954-00-00,1964-00-00,1,E Zvi publishes 'The History of Love',"Rosa receives ""the letter addressed to Litvinoff ...a few months after the publication of 'The History of Love''"" (189) and then destroys the manuscript ""[s]ome months later"" (189)",239.0,E Leo (narrator),E A + L 1.30,248.0,248.0,E Not before December 2000,13.0,Emma's The History of Love,2000-12-00,0000-00-00,_CHOOSE A TELLING TIME
139,E Zvi adds Leo's obituary to 'The History of Love',Emma's The History of Love,1954-00-00,1964-00-00,1,E Zvi and Rosa finish translating 'The History of Love',"Added after ""The History of Love"" was shown to publishers ""in the fall of 1954"" (68) and before it was published (before 1964) ""a postcard from 1964....By then the 'History' had been published"" (67)",309.0,E Zvi's Narrator,E THE LAST PAGE,189.0,189.0,E Unknown (Not before 1980),17.0,Emma's The History of Love,1980-00-00,0000-00-00,_CHOOSE A TELLING TIME
138,E Zvi and Rosa finish translating 'The History of Love',Emma's The History of Love,1952-00-00,1952-00-00,1,E Zvi and Rosa meet,"""In the summer of 1936...sixteen years later he watched as another chapter of the book written by Gursky reappeared in his own longhand"" (184-185) 1936 plus 16 years would make it 1952",231.0,E Zvi's Narrator,E FORGIVE ME,66.0,66.0,E Unknown (Not before 1980),17.0,Emma's The History of Love,1980-00-00,0000-00-00,_CHOOSE A TELLING TIME
137,E Zvi and Rosa meet,Emma's The History of Love,1951-08-00,1951-12-00,1,E Zvi learns about his family's death,"""I met Zvi in Valparaiso, in the fall of 1951"" (65)",229.0,E Zvi's Narrator,E FORGIVE ME,65.0,65.0,E Unknown (Not before 1980),17.0,Emma's The History of Love,1980-00-00,0000-00-00,_CHOOSE A TELLING TIME
137,E Zvi and Rosa meet,Emma's The History of Love,1951-08-00,1951-12-00,1,E Zvi learns about his family's death,"""I met Zvi in Valparaiso, in the fall of 1951"" (65)",230.0,E Zvi's Narrator,E HERE WE ARE TOGETHER,157.0,157.0,E Unknown (Not before 1980),17.0,Emma's The History of Love,1980-00-00,0000-00-00,_CHOOSE A TELLING TIME
144,E Zvi dies,Emma's The History of Love,1978-00-00,1978-00-00,1,E Charlotte and David meet,"""until his death in 1978"" (68)",549.0,E Zvi's Narrator,E FORGIVE ME,65.0,65.0,E Unknown (Not before 1980),17.0,Emma's The History of Love,1980-00-00,0000-00-00,_CHOOSE A TELLING TIME
144,E Zvi dies,Emma's The History of Love,1978-00-00,1978-00-00,1,E Charlotte and David meet,"""until his death in 1978"" (68)",244.0,E Zvi's Narrator,E FORGIVE ME,68.0,68.0,E Unknown (Not before 1980),17.0,Emma's The History of Love,1980-00-00,0000-00-00,_CHOOSE A TELLING TIME
144,E Zvi dies,Emma's The History of Love,1978-00-00,1978-00-00,1,E Charlotte and David meet,"""until his death in 1978"" (68)",551.0,E Zvi's Narrator,E FORGIVE ME,71.0,71.0,E Unknown (Not before 1980),17.0,Emma's The History of Love,1980-00-00,0000-00-00,_CHOOSE A TELLING TIME
144,E Zvi dies,Emma's The History of Love,1978-00-00,1978-00-00,1,E Charlotte and David meet,"""until his death in 1978"" (68)",245.0,E Zvi's Narrator,E THE LAST PAGE,187.0,187.0,E Not before September 14 2000,14.0,Emma's The History of Love,2000-09-14,0000-00-00,_CHOOSE A TELLING TIME
144,E Zvi dies,Emma's The History of Love,1978-00-00,1978-00-00,1,E Charlotte and David meet,"""until his death in 1978"" (68)",552.0,E Zvi's Narrator,E THE LAST PAGE,188.0,188.0,E Unknown (Not before 1980),17.0,Emma's The History of Love,1980-00-00,0000-00-00,_CHOOSE A TELLING TIME
136,E Zvi learns about his family's death,Emma's The History of Love,1945-09-02,1951-00-00,1,E Alma refuses Leo's proposal,"""The War ended"" (156) World War II ended on September 1st 1945 before Zvi ""learned what had happened"" (156) to his family and before he met Rosa ""in the fall of 1951"" (65)",539.0,E Zvi's Narrator,E FORGIVE ME,68.0,68.0,E Unknown (Not before 1980),17.0,Emma's The History of Love,1980-00-00,0000-00-00,_CHOOSE A TELLING TIME
136,E Zvi learns about his family's death,Emma's The History of Love,1945-09-02,1951-00-00,1,E Alma refuses Leo's proposal,"""The War ended"" (156) World War II ended on September 1st 1945 before Zvi ""learned what had happened"" (156) to his family and before he met Rosa ""in the fall of 1951"" (65)",228.0,E Zvi's Narrator,E HERE WE ARE TOGETHER,156.0,156.0,E Unknown (Not before 1980),17.0,Emma's The History of Love,1980-00-00,0000-00-00,_CHOOSE A TELLING TIME
131,E Zvi leaves with 'The History of Love',Emma's The History of Love,1941-01-00,1941-07-00,0,E Leo completes 'The History of Love',"Leo gives Zvi ""The History of Love"" ""the day [Zvi] left Poland"" (111) and ""Zvi...moved to Chile in 1941"" (74) before Slonim was invaded.",207.0,E Alma (narrator),E 28. A HUNDRED THINGS CAN CHANGE YOUR LIFE; A LETTER IS ONE,55.0,55.0,E Not before September 14 2000,14.0,Emma's The History of Love,2000-09-14,0000-00-00,_CHOOSE A TELLING TIME
131,E Zvi leaves with 'The History of Love',Emma's The History of Love,1941-01-00,1941-07-00,0,E Leo completes 'The History of Love',"Leo gives Zvi ""The History of Love"" ""the day [Zvi] left Poland"" (111) and ""Zvi...moved to Chile in 1941"" (74) before Slonim was invaded.",208.0,E Zvi's Narrator,E FORGIVE ME,74.0,74.0,E Unknown (Not before 1980),17.0,Emma's The History of Love,1980-00-00,0000-00-00,_CHOOSE A TELLING TIME
131,E Zvi leaves with 'The History of Love',Emma's The History of Love,1941-01-00,1941-07-00,0,E Leo completes 'The History of Love',"Leo gives Zvi ""The History of Love"" ""the day [Zvi] left Poland"" (111) and ""Zvi...moved to Chile in 1941"" (74) before Slonim was invaded.",209.0,E Zvi's Narrator,E THE TROUBLE WITH THINKING,110.0,110.0,E Unknown (Not before 1980),17.0,Emma's The History of Love,1980-00-00,0000-00-00,_CHOOSE A TELLING TIME
131,E Zvi leaves with 'The History of Love',Emma's The History of Love,1941-01-00,1941-07-00,0,E Leo completes 'The History of Love',"Leo gives Zvi ""The History of Love"" ""the day [Zvi] left Poland"" (111) and ""Zvi...moved to Chile in 1941"" (74) before Slonim was invaded.",210.0,E Zvi's Narrator,E THE TROUBLE WITH THINKING,112.0,112.0,E Unknown (Not before 1980),17.0,Emma's The History of Love,1980-00-00,0000-00-00,_CHOOSE A TELLING TIME
131,E Zvi leaves with 'The History of Love',Emma's The History of Love,1941-01-00,1941-07-00,0,E Leo completes 'The History of Love',"Leo gives Zvi ""The History of Love"" ""the day [Zvi] left Poland"" (111) and ""Zvi...moved to Chile in 1941"" (74) before Slonim was invaded.",531.0,E Alma (narrator),E 9. IF SHE'S REAL,141.0,141.0,E Not before September 14 2000,14.0,Emma's The History of Love,2000-09-14,0000-00-00,_CHOOSE A TELLING TIME
131,E Zvi leaves with 'The History of Love',Emma's The History of Love,1941-01-00,1941-07-00,0,E Leo completes 'The History of Love',"Leo gives Zvi ""The History of Love"" ""the day [Zvi] left Poland"" (111) and ""Zvi...moved to Chile in 1941"" (74) before Slonim was invaded.",575.0,E Alma (narrator),E 20. AWAKE IN THE DARK,148.0,148.0,E Not before September 14 2000,14.0,Emma's The History of Love,2000-09-14,0000-00-00,_CHOOSE A TELLING TIME
131,E Zvi leaves with 'The History of Love',Emma's The History of Love,1941-01-00,1941-07-00,0,E Leo completes 'The History of Love',"Leo gives Zvi ""The History of Love"" ""the day [Zvi] left Poland"" (111) and ""Zvi...moved to Chile in 1941"" (74) before Slonim was invaded.",211.0,E Zvi's Narrator,E HERE WE ARE TOGETHER,153.0,153.0,E Unknown (Not before 1980),17.0,Emma's The History of Love,1980-00-00,0000-00-00,_CHOOSE A TELLING TIME
131,E Zvi leaves with 'The History of Love',Emma's The History of Love,1941-01-00,1941-07-00,0,E Leo completes 'The History of Love',"Leo gives Zvi ""The History of Love"" ""the day [Zvi] left Poland"" (111) and ""Zvi...moved to Chile in 1941"" (74) before Slonim was invaded.",212.0,E Zvi's Narrator,E HERE WE ARE TOGETHER,154.0,154.0,E Unknown (Not before 1980),17.0,Emma's The History of Love,1980-00-00,0000-00-00,_CHOOSE A TELLING TIME
140,E Zvi publishes 'The History of Love',Emma's The History of Love,1954-00-00,1964-00-00,1,E Zvi adds Leo's obituary to 'The History of Love',"""The History of Love"" was shown to publishers ""in the fall of 1954"" (68) and published before 1964 ""a postcard from 1964....By then the 'History' had been published"" (67)",307.0,E Zvi's Narrator,E FORGIVE ME,67.0,67.0,E Unknown (Not before 1980),17.0,Emma's The History of Love,1980-00-00,0000-00-00,_CHOOSE A TELLING TIME
140,E Zvi publishes 'The History of Love',Emma's The History of Love,1954-00-00,1964-00-00,1,E Zvi adds Leo's obituary to 'The History of Love',"""The History of Love"" was shown to publishers ""in the fall of 1954"" (68) and published before 1964 ""a postcard from 1964....By then the 'History' had been published"" (67)",308.0,E Zvi's Narrator,E FORGIVE ME,70.0,70.0,E Unknown (Not before 1980),17.0,Emma's The History of Love,1980-00-00,0000-00-00,_CHOOSE A TELLING TIME
140,E Zvi publishes 'The History of Love',Emma's The History of Love,1954-00-00,1964-00-00,1,E Zvi adds Leo's obituary to 'The History of Love',"""The History of Love"" was shown to publishers ""in the fall of 1954"" (68) and published before 1964 ""a postcard from 1964....By then the 'History' had been published"" (67)",541.0,E Zvi's Narrator,E THE LAST PAGE,188.0,188.0,E Unknown (Not before 1980),17.0,Emma's The History of Love,1980-00-00,0000-00-00,_CHOOSE A TELLING TIME
140,E Zvi publishes 'The History of Love',Emma's The History of Love,1954-00-00,1964-00-00,1,E Zvi adds Leo's obituary to 'The History of Love',"""The History of Love"" was shown to publishers ""in the fall of 1954"" (68) and published before 1964 ""a postcard from 1964....By then the 'History' had been published"" (67)",542.0,E Zvi's Narrator,E THE LAST PAGE,189.0,189.0,E Unknown (Not before 1980),17.0,Emma's The History of Love,1980-00-00,0000-00-00,_CHOOSE A TELLING TIME
140,E Zvi publishes 'The History of Love',Emma's The History of Love,1954-00-00,1964-00-00,1,E Zvi adds Leo's obituary to 'The History of Love',"""The History of Love"" was shown to publishers ""in the fall of 1954"" (68) and published before 1964 ""a postcard from 1964....By then the 'History' had been published"" (67)",543.0,E Zvi's Narrator,E THE LAST PAGE,190.0,190.0,E Unknown (Not before 1980),17.0,Emma's The History of Love,1980-00-00,0000-00-00,_CHOOSE A TELLING TIME
126,E Zvi sees Leo and Alma kiss,Emma's The History of Love,1936-00-00,1936-00-00,1,E Leo and Alma fall in love,"""early in the summer of 1936"" (184)",194.0,E Zvi's Narrator,E THE LAST PAGE,184.0,184.0,E Unknown (Not before 1980),17.0,Emma's The History of Love,1980-00-00,0000-00-00,_CHOOSE A TELLING TIME
129,E Zvi steals Leo's obituary,Emma's The History of Love,1940-00-00,1941-07-00,1,E Isaac is born,""" they discussed the movements of Hitler's armies"" (113) ""Because Litvinoff didn't know many people there"" (112) indicates they are not in Slonim, therefore before Leo is laid off and returns home, and it is before Slonim's invasion.",202.0,E Zvi's Narrator,E THE TROUBLE WITH THINKING,118.0,118.0,E Unknown (Not before 1980),17.0,Emma's The History of Love,1980-00-00,0000-00-00,_CHOOSE A TELLING TIME
260,Elizabeth and Mr. Darcy get engaged,Pride and Prejudice,1794-12-01,1794-12-24,1,_CHOOSE AN EVENT,,718.0,3rd Person Narrator (PP),Volume 3,346.0,347.0,_CHOOSE A TELLING TIME,0.0,_CHOOSE A NOVEL,0000-00-00,0000-00-00,_CHOOSE A TELLING TIME
260,Elizabeth and Mr. Darcy get engaged,Pride and Prejudice,1794-12-01,1794-12-24,1,_CHOOSE AN EVENT,,719.0,3rd Person Narrator (PP),Volume 3,352.0,353.0,_CHOOSE A TELLING TIME,0.0,_CHOOSE A NOVEL,0000-00-00,0000-00-00,_CHOOSE A TELLING TIME
260,Elizabeth and Mr. Darcy get engaged,Pride and Prejudice,1794-12-01,1794-12-24,1,_CHOOSE AN EVENT,,720.0,3rd Person Narrator (PP),Volume 3,355.0,358.0,_CHOOSE A TELLING TIME,0.0,_CHOOSE A NOVEL,0000-00-00,0000-00-00,_CHOOSE A TELLING TIME
260,Elizabeth and Mr. Darcy get engaged,Pride and Prejudice,1794-12-01,1794-12-24,1,_CHOOSE AN EVENT,,722.0,3rd Person Narrator (PP),Volume 3,361.0,362.0,_CHOOSE A TELLING TIME,0.0,_CHOOSE A NOVEL,0000-00-00,0000-00-00,_CHOOSE A TELLING TIME
241,Elizabeth goes to Netherfield to care for Jane,Pride and Prejudice,1793-11-14,1793-11-17,4,_CHOOSE AN EVENT,,677.0,3rd Person Narrator (PP),Volume 1,34.0,58.0,_CHOOSE A TELLING TIME,0.0,_CHOOSE A NOVEL,0000-00-00,0000-00-00,_CHOOSE A TELLING TIME
241,Elizabeth goes to Netherfield to care for Jane,Pride and Prejudice,1793-11-14,1793-11-17,4,_CHOOSE AN EVENT,,678.0,3rd Person Narrator (PP),Volume 3,360.0,360.0,_CHOOSE A TELLING TIME,0.0,_CHOOSE A NOVEL,0000-00-00,0000-00-00,_CHOOSE A TELLING TIME
243,Elizabeth meets Mr. Wickham,Pride and Prejudice,1793-11-19,1793-11-19,1,_CHOOSE AN EVENT,,680.0,3rd Person Narrator (PP),Volume 1,71.0,71.0,_CHOOSE A TELLING TIME,0.0,_CHOOSE A NOVEL,0000-00-00,0000-00-00,_CHOOSE A TELLING TIME
255,Elizabeth visits Pemberley,Pride and Prejudice,1794-07-28,1794-08-04,3,_CHOOSE AN EVENT,,705.0,3rd Person Narrator (PP),Volume 3,237.0,247.0,_CHOOSE A TELLING TIME,0.0,_CHOOSE A NOVEL,0000-00-00,0000-00-00,_CHOOSE A TELLING TIME
255,Elizabeth visits Pemberley,Pride and Prejudice,1794-07-28,1794-08-04,3,_CHOOSE AN EVENT,,704.0,3rd Person Narrator (PP),Volume 3,349.0,350.0,_CHOOSE A TELLING TIME,0.0,_CHOOSE A NOVEL,0000-00-00,0000-00-00,_CHOOSE A TELLING TIME
250,Elizabeth visits the Collinses at Hunsford,Pride and Prejudice,1794-03-05,1794-05-10,66,_CHOOSE AN EVENT,,696.0,3rd Person Narrator (PP),Volume 2,151.0,210.0,_CHOOSE A TELLING TIME,0.0,_CHOOSE A NOVEL,0000-00-00,0000-00-00,_CHOOSE A TELLING TIME
196,Herbert Head divorces Caddy,The Sound and the Fury,1911-00-00,1911-00-00,0,Benjamin attacks a girl and is castrated,"As stated in Faulkner's appendix ""Divorced by him 1911.""",371.0,Jason Compson IV (narrator),"April Sixth, 1928.",198.0,198.0,Jason recieves Caddy's letter (April sixth 1928),32.0,The Sound and the Fury,1928-04-06,1928-04-06,Jason drives Quentin Jr. to school (April sixth 1928)
196,Herbert Head divorces Caddy,The Sound and the Fury,1911-00-00,1911-00-00,0,Benjamin attacks a girl and is castrated,"As stated in Faulkner's appendix ""Divorced by him 1911.""",372.0,Jason Compson IV (narrator),"April Sixth, 1928.",220.0,220.0,Jason gives his mother the forged check to burn and a letter from Uncle Maury (April sixth 1928),35.0,The Sound and the Fury,1928-04-06,1928-04-06,Jason forges a check (April sixth 1928)
196,Herbert Head divorces Caddy,The Sound and the Fury,1911-00-00,1911-00-00,0,Benjamin attacks a girl and is castrated,"As stated in Faulkner's appendix ""Divorced by him 1911.""",373.0,Jason Compson IV (narrator),"April Sixth, 1928.",233.0,233.0,Jason sees Quentin with the band member wearing the red tie (April sixth 1928),36.0,The Sound and the Fury,1928-04-06,1928-04-06,Jason gives his mother the forged check to burn and a letter from Uncle Maury (April sixth 1928)
189,Herbert Head promises Jason a bank job,The Sound and the Fury,1910-00-00,1910-04-23,0,Quentin tells his father he has committed incest,"Dates collected from Ross and Polk, this happens before Quentin meets Herbert: ""Quentin this is Herbert....has already promised Jason....""(93)",485.0,Quentin Compson III (narrator),"June Second, 1910",93.0,93.0,Quentin sends his note to his father (June second 1910),23.0,The Sound and the Fury,1910-06-02,1910-06-02,Quentin writes notes to his father and Shreve (June second 1910)
189,Herbert Head promises Jason a bank job,The Sound and the Fury,1910-00-00,1910-04-23,0,Quentin tells his father he has committed incest,"Dates collected from Ross and Polk, this happens before Quentin meets Herbert: ""Quentin this is Herbert....has already promised Jason....""(93)",486.0,Quentin Compson III (narrator),"June Second, 1910",94.0,94.0,Quentin sends his note to his father (June second 1910),23.0,The Sound and the Fury,1910-06-02,1910-06-02,Quentin writes notes to his father and Shreve (June second 1910)
189,Herbert Head promises Jason a bank job,The Sound and the Fury,1910-00-00,1910-04-23,0,Quentin tells his father he has committed incest,"Dates collected from Ross and Polk, this happens before Quentin meets Herbert: ""Quentin this is Herbert....has already promised Jason....""(93)",358.0,Jason Compson IV (narrator),"April Sixth, 1928.",221.0,221.0,Jason gives his mother the forged check to burn and a letter from Uncle Maury (April sixth 1928),35.0,The Sound and the Fury,1928-04-06,1928-04-06,Jason forges a check (April sixth 1928)
189,Herbert Head promises Jason a bank job,The Sound and the Fury,1910-00-00,1910-04-23,0,Quentin tells his father he has committed incest,"Dates collected from Ross and Polk, this happens before Quentin meets Herbert: ""Quentin this is Herbert....has already promised Jason....""(93)",359.0,Jason Compson IV (narrator),"April Sixth, 1928.",262.0,262.0,Jason goes home and Quentin speaks up about Jason following her in his car (April sixth 1928),39.0,The Sound and the Fury,1928-04-06,1928-04-06,Jason loses money at the stock market (April sixth 1928)
248,Jane goes to London with the Gardiners,Pride and Prejudice,1793-12-30,1793-05-11,133,_CHOOSE AN EVENT,,692.0,3rd Person Narrator (PP),Volume 2,143.0,148.0,_CHOOSE A TELLING TIME,0.0,_CHOOSE A NOVEL,0000-00-00,0000-00-00,_CHOOSE A TELLING TIME
248,Jane goes to London with the Gardiners,Pride and Prejudice,1793-12-30,1793-05-11,133,_CHOOSE AN EVENT,,693.0,3rd Person Narrator (PP),Volume 2,194.0,194.0,_CHOOSE A TELLING TIME,0.0,_CHOOSE A NOVEL,0000-00-00,0000-00-00,_CHOOSE A TELLING TIME
248,Jane goes to London with the Gardiners,Pride and Prejudice,1793-12-30,1793-05-11,133,_CHOOSE AN EVENT,,694.0,3rd Person Narrator (PP),Volume 3,330.0,330.0,_CHOOSE A TELLING TIME,0.0,_CHOOSE A NOVEL,0000-00-00,0000-00-00,_CHOOSE A TELLING TIME
242,Jane goes to Netherfield and gets sick,Pride and Prejudice,1793-11-12,1793-11-12,1,_CHOOSE AN EVENT,,679.0,3rd Person Narrator (PP),Volume 1,31.0,34.0,_CHOOSE A TELLING TIME,0.0,_CHOOSE A NOVEL,0000-00-00,0000-00-00,_CHOOSE A TELLING TIME
199,Jason Compson III's funeral,The Sound and the Fury,1912-00-00,1912-00-00,0,Quentin Jr. gets sent to live with the Compsons,Dates collected from Ross and Polk,383.0,Jason Compson IV (narrator),"April Sixth, 1928.",196.0,196.0,Jason recieves Caddy's letter (April sixth 1928),32.0,The Sound and the Fury,1928-04-06,1928-04-06,Jason drives Quentin Jr. to school (April sixth 1928)
199,Jason Compson III's funeral,The Sound and the Fury,1912-00-00,1912-00-00,0,Quentin Jr. gets sent to live with the Compsons,Dates collected from Ross and Polk,384.0,Jason Compson IV (narrator),"April Sixth, 1928.",197.0,197.0,Jason recieves Caddy's letter (April sixth 1928),32.0,The Sound and the Fury,1928-04-06,1928-04-06,Jason drives Quentin Jr. to school (April sixth 1928)
199,Jason Compson III's funeral,The Sound and the Fury,1912-00-00,1912-00-00,0,Quentin Jr. gets sent to live with the Compsons,Dates collected from Ross and Polk,385.0,Jason Compson IV (narrator),"April Sixth, 1928.",202.0,202.0,Jason recieves Caddy's letter (April sixth 1928),32.0,The Sound and the Fury,1928-04-06,1928-04-06,Jason drives Quentin Jr. to school (April sixth 1928)
199,Jason Compson III's funeral,The Sound and the Fury,1912-00-00,1912-00-00,0,Quentin Jr. gets sent to live with the Compsons,Dates collected from Ross and Polk,386.0,Jason Compson IV (narrator),"April Sixth, 1928.",203.0,203.0,Jason recieves Caddy's letter (April sixth 1928),32.0,The Sound and the Fury,1928-04-06,1928-04-06,Jason drives Quentin Jr. to school (April sixth 1928)
206,Jason chases Quentin and the band member with the red tie in his car,The Sound and the Fury,1928-04-06,1928-04-07,0,"Jason takes Caddy's money, forges a check, and gives it to his mother to burn","Occurs in the section ""April Sixth, 1928.""",402.0,Jason Compson IV (narrator),"April Sixth, 1928.",238.0,238.0,Jason chases Quentin and the band member in the red tie in his car (April sixth 1928),37.0,The Sound and the Fury,1928-04-06,1928-04-06,Jason sees Quentin with the band member wearing the red tie (April sixth 1928)
206,Jason chases Quentin and the band member with the red tie in his car,The Sound and the Fury,1928-04-06,1928-04-07,0,"Jason takes Caddy's money, forges a check, and gives it to his mother to burn","Occurs in the section ""April Sixth, 1928.""",403.0,Jason Compson IV (narrator),"April Sixth, 1928.",239.0,239.0,Jason chases Quentin and the band member in the red tie in his car (April sixth 1928),37.0,The Sound and the Fury,1928-04-06,1928-04-06,Jason sees Quentin with the band member wearing the red tie (April sixth 1928)
206,Jason chases Quentin and the band member with the red tie in his car,The Sound and the Fury,1928-04-06,1928-04-07,0,"Jason takes Caddy's money, forges a check, and gives it to his mother to burn","Occurs in the section ""April Sixth, 1928.""",404.0,Jason Compson IV (narrator),"April Sixth, 1928.",240.0,240.0,Jason chases Quentin and the band member in the red tie in his car (April sixth 1928),37.0,The Sound and the Fury,1928-04-06,1928-04-06,Jason sees Quentin with the band member wearing the red tie (April sixth 1928)
206,Jason chases Quentin and the band member with the red tie in his car,The Sound and the Fury,1928-04-06,1928-04-07,0,"Jason takes Caddy's money, forges a check, and gives it to his mother to burn","Occurs in the section ""April Sixth, 1928.""",405.0,Jason Compson IV (narrator),"April Sixth, 1928.",241.0,241.0,Jason chases Quentin and the band member in the red tie in his car (April sixth 1928),37.0,The Sound and the Fury,1928-04-06,1928-04-06,Jason sees Quentin with the band member wearing the red tie (April sixth 1928)
206,Jason chases Quentin and the band member with the red tie in his car,The Sound and the Fury,1928-04-06,1928-04-07,0,"Jason takes Caddy's money, forges a check, and gives it to his mother to burn","Occurs in the section ""April Sixth, 1928.""",406.0,Jason Compson IV (narrator),"April Sixth, 1928.",242.0,242.0,Jason chases Quentin and the band member in the red tie in his car (April sixth 1928),37.0,The Sound and the Fury,1928-04-06,1928-04-06,Jason sees Quentin with the band member wearing the red tie (April sixth 1928)
206,Jason chases Quentin and the band member with the red tie in his car,The Sound and the Fury,1928-04-06,1928-04-07,0,"Jason takes Caddy's money, forges a check, and gives it to his mother to burn","Occurs in the section ""April Sixth, 1928.""",407.0,Jason Compson IV (narrator),"April Sixth, 1928.",243.0,243.0,Jason chases Quentin and the band member in the red tie in his car (April sixth 1928),37.0,The Sound and the Fury,1928-04-06,1928-04-06,Jason sees Quentin with the band member wearing the red tie (April sixth 1928)
206,Jason chases Quentin and the band member with the red tie in his car,The Sound and the Fury,1928-04-06,1928-04-07,0,"Jason takes Caddy's money, forges a check, and gives it to his mother to burn","Occurs in the section ""April Sixth, 1928.""",408.0,3rd Person Narrator (SaF),"April Sixth, 1928.",258.0,258.0,Jason goes home and Quentin speaks up about Jason following her in his car (April sixth 1928),39.0,The Sound and the Fury,1928-04-06,1928-04-06,Jason loses money at the stock market (April sixth 1928)
206,Jason chases Quentin and the band member with the red tie in his car,The Sound and the Fury,1928-04-06,1928-04-07,0,"Jason takes Caddy's money, forges a check, and gives it to his mother to burn","Occurs in the section ""April Sixth, 1928.""",409.0,Jason Compson IV (narrator),"April Sixth, 1928.",260.0,260.0,Jason goes home and Quentin speaks up about Jason following her in his car (April sixth 1928),39.0,The Sound and the Fury,1928-04-06,1928-04-06,Jason loses money at the stock market (April sixth 1928)
211,Jason chases Quentin to Mottson and gets in a fight with the man wearing the dirty apron; he learns that Quentin is not there and goes home,The Sound and the Fury,1928-04-08,1928-04-09,0,The sheriff refuses to help Jason,"Occurs in the section ""April Eighth, 1928.""",429.0,3rd Person Narrator (SaF),"April Eighth, 1928.",305.0,305.0,"April Eighth, 1928",45.0,The Sound and the Fury,1928-04-08,1928-04-08,"Benjy watches Quentin run away (April seventh, 1928)"
211,Jason chases Quentin to Mottson and gets in a fight with the man wearing the dirty apron; he learns that Quentin is not there and goes home,The Sound and the Fury,1928-04-08,1928-04-09,0,The sheriff refuses to help Jason,"Occurs in the section ""April Eighth, 1928.""",430.0,3rd Person Narrator (SaF),"April Eighth, 1928.",307.0,307.0,"April Eighth, 1928",45.0,The Sound and the Fury,1928-04-08,1928-04-08,"Benjy watches Quentin run away (April seventh, 1928)"
211,Jason chases Quentin to Mottson and gets in a fight with the man wearing the dirty apron; he learns that Quentin is not there and goes home,The Sound and the Fury,1928-04-08,1928-04-09,0,The sheriff refuses to help Jason,"Occurs in the section ""April Eighth, 1928.""",431.0,3rd Person Narrator (SaF),"April Eighth, 1928.",308.0,308.0,"April Eighth, 1928",45.0,The Sound and the Fury,1928-04-08,1928-04-08,"Benjy watches Quentin run away (April seventh, 1928)"
211,Jason chases Quentin to Mottson and gets in a fight with the man wearing the dirty apron; he learns that Quentin is not there and goes home,The Sound and the Fury,1928-04-08,1928-04-09,0,The sheriff refuses to help Jason,"Occurs in the section ""April Eighth, 1928.""",432.0,3rd Person Narrator (SaF),"April Eighth, 1928.",309.0,309.0,"April Eighth, 1928",45.0,The Sound and the Fury,1928-04-08,1928-04-08,"Benjy watches Quentin run away (April seventh, 1928)"
211,Jason chases Quentin to Mottson and gets in a fight with the man wearing the dirty apron; he learns that Quentin is not there and goes home,The Sound and the Fury,1928-04-08,1928-04-09,0,The sheriff refuses to help Jason,"Occurs in the section ""April Eighth, 1928.""",433.0,3rd Person Narrator (SaF),"April Eighth, 1928.",310.0,310.0,"April Eighth, 1928",45.0,The Sound and the Fury,1928-04-08,1928-04-08,"Benjy watches Quentin run away (April seventh, 1928)"
211,Jason chases Quentin to Mottson and gets in a fight with the man wearing the dirty apron; he learns that Quentin is not there and goes home,The Sound and the Fury,1928-04-08,1928-04-09,0,The sheriff refuses to help Jason,"Occurs in the section ""April Eighth, 1928.""",434.0,3rd Person Narrator (SaF),"April Eighth, 1928.",311.0,311.0,"April Eighth, 1928",45.0,The Sound and the Fury,1928-04-08,1928-04-08,"Benjy watches Quentin run away (April seventh, 1928)"
211,Jason chases Quentin to Mottson and gets in a fight with the man wearing the dirty apron; he learns that Quentin is not there and goes home,The Sound and the Fury,1928-04-08,1928-04-09,0,The sheriff refuses to help Jason,"Occurs in the section ""April Eighth, 1928.""",435.0,3rd Person Narrator (SaF),"April Eighth, 1928.",312.0,312.0,"April Eighth, 1928",45.0,The Sound and the Fury,1928-04-08,1928-04-08,"Benjy watches Quentin run away (April seventh, 1928)"
211,Jason chases Quentin to Mottson and gets in a fight with the man wearing the dirty apron; he learns that Quentin is not there and goes home,The Sound and the Fury,1928-04-08,1928-04-09,0,The sheriff refuses to help Jason,"Occurs in the section ""April Eighth, 1928.""",436.0,3rd Person Narrator (SaF),"April Eighth, 1928.",313.0,313.0,"April Eighth, 1928",45.0,The Sound and the Fury,1928-04-08,1928-04-08,"Benjy watches Quentin run away (April seventh, 1928)"
197,Jason loses bank job,The Sound and the Fury,1911-00-00,1911-00-00,0,Herbert Head divorces Caddy,"Jason loses the bank job that Herbert promised because of the divorce: ""'Oh', she says, 'that job'. I'm sorry about that, Jason"" (202)",374.0,Jason Compson IV (narrator),"April Sixth, 1928.",202.0,202.0,Jason recieves Caddy's letter (April sixth 1928),32.0,The Sound and the Fury,1928-04-06,1928-04-06,Jason drives Quentin Jr. to school (April sixth 1928)
197,Jason loses bank job,The Sound and the Fury,1911-00-00,1911-00-00,0,Herbert Head divorces Caddy,"Jason loses the bank job that Herbert promised because of the divorce: ""'Oh', she says, 'that job'. I'm sorry about that, Jason"" (202)",375.0,Jason Compson IV (narrator),"April Sixth, 1928.",206.0,206.0,Jason recieves Caddy's letter (April sixth 1928),32.0,The Sound and the Fury,1928-04-06,1928-04-06,Jason drives Quentin Jr. to school (April sixth 1928)
197,Jason loses bank job,The Sound and the Fury,1911-00-00,1911-00-00,0,Herbert Head divorces Caddy,"Jason loses the bank job that Herbert promised because of the divorce: ""'Oh', she says, 'that job'. I'm sorry about that, Jason"" (202)",376.0,3rd Person Narrator (SaF),"April Eighth, 1928.",304.0,304.0,"April Eighth, 1928",45.0,The Sound and the Fury,1928-04-08,1928-04-08,"Benjy watches Quentin run away (April seventh, 1928)"
197,Jason loses bank job,The Sound and the Fury,1911-00-00,1911-00-00,0,Herbert Head divorces Caddy,"Jason loses the bank job that Herbert promised because of the divorce: ""'Oh', she says, 'that job'. I'm sorry about that, Jason"" (202)",377.0,3rd Person Narrator (SaF),"April Eighth, 1928.",306.0,306.0,"April Eighth, 1928",45.0,The Sound and the Fury,1928-04-08,1928-04-08,"Benjy watches Quentin run away (April seventh, 1928)"
197,Jason loses bank job,The Sound and the Fury,1911-00-00,1911-00-00,0,Herbert Head divorces Caddy,"Jason loses the bank job that Herbert promised because of the divorce: ""'Oh', she says, 'that job'. I'm sorry about that, Jason"" (202)",378.0,3rd Person Narrator (SaF),"April Eighth, 1928.",307.0,307.0,"April Eighth, 1928",45.0,The Sound and the Fury,1928-04-08,1928-04-08,"Benjy watches Quentin run away (April seventh, 1928)"
205,"Jason takes Caddy's money, forges a check, and gives it to his mother to burn",The Sound and the Fury,1928-04-06,1928-04-07,0,Roskus dies,"Occurs in the section ""April Sixth, 1928.""",395.0,Jason Compson IV (narrator),"April Sixth, 1928.",215.0,215.0,Quentin Jr. asks for money (April sixth 1928),33.0,The Sound and the Fury,1928-04-06,1928-04-06,Jason recieves Caddy's letter (April sixth 1928)
205,"Jason takes Caddy's money, forges a check, and gives it to his mother to burn",The Sound and the Fury,1928-04-06,1928-04-07,0,Roskus dies,"Occurs in the section ""April Sixth, 1928.""",396.0,Jason Compson IV (narrator),"April Sixth, 1928.",216.0,216.0,Jason forges a check (April sixth 1928),34.0,The Sound and the Fury,1928-04-06,1928-04-06,Quentin Jr. asks for money (April sixth 1928)
205,"Jason takes Caddy's money, forges a check, and gives it to his mother to burn",The Sound and the Fury,1928-04-06,1928-04-07,0,Roskus dies,"Occurs in the section ""April Sixth, 1928.""",397.0,Jason Compson IV (narrator),"April Sixth, 1928.",218.0,218.0,Jason forges a check (April sixth 1928),34.0,The Sound and the Fury,1928-04-06,1928-04-06,Quentin Jr. asks for money (April sixth 1928)
205,"Jason takes Caddy's money, forges a check, and gives it to his mother to burn",The Sound and the Fury,1928-04-06,1928-04-07,0,Roskus dies,"Occurs in the section ""April Sixth, 1928.""",398.0,Jason Compson IV (narrator),"April Sixth, 1928.",219.0,219.0,Jason gives his mother the forged check to burn and a letter from Uncle Maury (April sixth 1928),35.0,The Sound and the Fury,1928-04-06,1928-04-06,Jason forges a check (April sixth 1928)
205,"Jason takes Caddy's money, forges a check, and gives it to his mother to burn",The Sound and the Fury,1928-04-06,1928-04-07,0,Roskus dies,"Occurs in the section ""April Sixth, 1928.""",399.0,Jason Compson IV (narrator),"April Sixth, 1928.",220.0,220.0,Jason gives his mother the forged check to burn and a letter from Uncle Maury (April sixth 1928),35.0,The Sound and the Fury,1928-04-06,1928-04-06,Jason forges a check (April sixth 1928)
205,"Jason takes Caddy's money, forges a check, and gives it to his mother to burn",The Sound and the Fury,1928-04-06,1928-04-07,0,Roskus dies,"Occurs in the section ""April Sixth, 1928.""",400.0,Jason Compson IV (narrator),"April Sixth, 1928.",226.0,226.0,Jason gives his mother the forged check to burn and a letter from Uncle Maury (April sixth 1928),35.0,The Sound and the Fury,1928-04-06,1928-04-06,Jason forges a check (April sixth 1928)
205,"Jason takes Caddy's money, forges a check, and gives it to his mother to burn",The Sound and the Fury,1928-04-06,1928-04-07,0,Roskus dies,"Occurs in the section ""April Sixth, 1928.""",401.0,3rd Person Narrator (SaF),"April Eighth, 1928.",307.0,307.0,"April Eighth, 1928",45.0,The Sound and the Fury,1928-04-08,1928-04-08,"Benjy watches Quentin run away (April seventh, 1928)"
231,Junior tricks Pecola and blames her for killing the cat,The Bluest Eye,1941-03-00,1941-03-00,1,"Maureen Peal walks home with Claudia, Frieda, and Pecola","""Outside, the March wind blew into the rip in her dress"" (93)",629.0,3rd Person Narrator (The Bluest Eye),"""They come from Mobile."" [Winter 2]",89.0,89.0,"Spring, 1941 (Third Person Narrator)",48.0,The Bluest Eye,1941-03-20,1941-06-21,_CHOOSE A TELLING TIME
231,Junior tricks Pecola and blames her for killing the cat,The Bluest Eye,1941-03-00,1941-03-00,1,"Maureen Peal walks home with Claudia, Frieda, and Pecola","""Outside, the March wind blew into the rip in her dress"" (93)",630.0,3rd Person Narrator (The Bluest Eye),"""They come from Mobile."" [Winter 2]",90.0,90.0,"Spring, 1941 (Third Person Narrator)",48.0,The Bluest Eye,1941-03-20,1941-06-21,_CHOOSE A TELLING TIME
231,Junior tricks Pecola and blames her for killing the cat,The Bluest Eye,1941-03-00,1941-03-00,1,"Maureen Peal walks home with Claudia, Frieda, and Pecola","""Outside, the March wind blew into the rip in her dress"" (93)",631.0,3rd Person Narrator (The Bluest Eye),"""They come from Mobile."" [Winter 2]",91.0,91.0,"Spring, 1941 (Third Person Narrator)",48.0,The Bluest Eye,1941-03-20,1941-06-21,_CHOOSE A TELLING TIME
231,Junior tricks Pecola and blames her for killing the cat,The Bluest Eye,1941-03-00,1941-03-00,1,"Maureen Peal walks home with Claudia, Frieda, and Pecola","""Outside, the March wind blew into the rip in her dress"" (93)",632.0,3rd Person Narrator (The Bluest Eye),"""They come from Mobile."" [Winter 2]",94.0,94.0,"Spring, 1941 (Third Person Narrator)",48.0,The Bluest Eye,1941-03-20,1941-06-21,_CHOOSE A TELLING TIME
212,Luster drives Benjy an alternate route in the carriage and Jason attacks Luster,The Sound and the Fury,1928-04-08,1928-04-09,0,Jason chases Quentin to Mottson and gets in a fight with the man wearing the dirty apron; he learns that Quentin is not there and goes home,"Occurs in the section ""April Eighth, 1928.""",437.0,3rd Person Narrator (SaF),"April Eighth, 1928.",320.0,320.0,"April Eighth, 1928",45.0,The Sound and the Fury,1928-04-08,1928-04-08,"Benjy watches Quentin run away (April seventh, 1928)"
254,Lydia runs away with Mr. Wickham,Pride and Prejudice,1794-07-26,1794-07-27,1,_CHOOSE AN EVENT,,700.0,3rd Person Narrator (PP),Volume 3,260.0,266.0,_CHOOSE A TELLING TIME,0.0,_CHOOSE A NOVEL,0000-00-00,0000-00-00,_CHOOSE A TELLING TIME
254,Lydia runs away with Mr. Wickham,Pride and Prejudice,1794-07-26,1794-07-27,1,_CHOOSE AN EVENT,,701.0,3rd Person Narrator (PP),Volume 3,268.0,269.0,_CHOOSE A TELLING TIME,0.0,_CHOOSE A NOVEL,0000-00-00,0000-00-00,_CHOOSE A TELLING TIME
254,Lydia runs away with Mr. Wickham,Pride and Prejudice,1794-07-26,1794-07-27,1,_CHOOSE AN EVENT,,702.0,3rd Person Narrator (PP),Volume 3,274.0,274.0,_CHOOSE A TELLING TIME,0.0,_CHOOSE A NOVEL,0000-00-00,0000-00-00,_CHOOSE A TELLING TIME
254,Lydia runs away with Mr. Wickham,Pride and Prejudice,1794-07-26,1794-07-27,1,_CHOOSE AN EVENT,,703.0,3rd Person Narrator (PP),Volume 3,276.0,277.0,_CHOOSE A TELLING TIME,0.0,_CHOOSE A NOVEL,0000-00-00,0000-00-00,_CHOOSE A TELLING TIME
230,"Maureen Peal walks home with Claudia, Frieda, and Pecola",The Bluest Eye,1941-01-01,1941-03-20,1,Pecola starts mensturating,"""It was a false spring day, which...pierced the shell of a deadening winter""(64) and occurs in school, so assuming that the girls would've come back after holidays, making it the new year.",621.0,Claudia (narrator),"""My daddy's face is a study."" [Winter 1]",65.0,65.0,Not before 1943 (Claudia),47.0,The Bluest Eye,1943-00-00,1993-00-00,_CHOOSE A TELLING TIME
230,"Maureen Peal walks home with Claudia, Frieda, and Pecola",The Bluest Eye,1941-01-01,1941-03-20,1,Pecola starts mensturating,"""It was a false spring day, which...pierced the shell of a deadening winter""(64) and occurs in school, so assuming that the girls would've come back after holidays, making it the new year.",622.0,Claudia (narrator),"""My daddy's face is a study."" [Winter 1]",67.0,67.0,Not before 1943 (Claudia),47.0,The Bluest Eye,1943-00-00,1993-00-00,_CHOOSE A TELLING TIME
230,"Maureen Peal walks home with Claudia, Frieda, and Pecola",The Bluest Eye,1941-01-01,1941-03-20,1,Pecola starts mensturating,"""It was a false spring day, which...pierced the shell of a deadening winter""(64) and occurs in school, so assuming that the girls would've come back after holidays, making it the new year.",623.0,Claudia (narrator),"""My daddy's face is a study."" [Winter 1]",68.0,68.0,Not before 1943 (Claudia),47.0,The Bluest Eye,1943-00-00,1993-00-00,_CHOOSE A TELLING TIME
230,"Maureen Peal walks home with Claudia, Frieda, and Pecola",The Bluest Eye,1941-01-01,1941-03-20,1,Pecola starts mensturating,"""It was a false spring day, which...pierced the shell of a deadening winter""(64) and occurs in school, so assuming that the girls would've come back after holidays, making it the new year.",624.0,Claudia (narrator),"""My daddy's face is a study."" [Winter 1]",69.0,69.0,Not before 1943 (Claudia),47.0,The Bluest Eye,1943-00-00,1993-00-00,_CHOOSE A TELLING TIME
230,"Maureen Peal walks home with Claudia, Frieda, and Pecola",The Bluest Eye,1941-01-01,1941-03-20,1,Pecola starts mensturating,"""It was a false spring day, which...pierced the shell of a deadening winter""(64) and occurs in school, so assuming that the girls would've come back after holidays, making it the new year.",625.0,Claudia (narrator),"""My daddy's face is a study."" [Winter 1]",70.0,70.0,Not before 1943 (Claudia),47.0,The Bluest Eye,1943-00-00,1993-00-00,_CHOOSE A TELLING TIME
230,"Maureen Peal walks home with Claudia, Frieda, and Pecola",The Bluest Eye,1941-01-01,1941-03-20,1,Pecola starts mensturating,"""It was a false spring day, which...pierced the shell of a deadening winter""(64) and occurs in school, so assuming that the girls would've come back after holidays, making it the new year.",626.0,Claudia (narrator),"""My daddy's face is a study."" [Winter 1]",71.0,71.0,Not before 1943 (Claudia),47.0,The Bluest Eye,1943-00-00,1993-00-00,_CHOOSE A TELLING TIME
230,"Maureen Peal walks home with Claudia, Frieda, and Pecola",The Bluest Eye,1941-01-01,1941-03-20,1,Pecola starts mensturating,"""It was a false spring day, which...pierced the shell of a deadening winter""(64) and occurs in school, so assuming that the girls would've come back after holidays, making it the new year.",627.0,Claudia (narrator),"""My daddy's face is a study."" [Winter 1]",72.0,72.0,Not before 1943 (Claudia),47.0,The Bluest Eye,1943-00-00,1993-00-00,_CHOOSE A TELLING TIME
230,"Maureen Peal walks home with Claudia, Frieda, and Pecola",The Bluest Eye,1941-01-01,1941-03-20,1,Pecola starts mensturating,"""It was a false spring day, which...pierced the shell of a deadening winter""(64) and occurs in school, so assuming that the girls would've come back after holidays, making it the new year.",628.0,Claudia (narrator),"""My daddy's face is a study."" [Winter 1]",73.0,73.0,Not before 1943 (Claudia),47.0,The Bluest Eye,1943-00-00,1993-00-00,_CHOOSE A TELLING TIME
259,Mr. Bingley and Jane get engaged,Pride and Prejudice,1794-09-26,1794-09-26,1,_CHOOSE AN EVENT,,716.0,3rd Person Narrator (PP),Volume 3,327.0,332.0,_CHOOSE A TELLING TIME,0.0,_CHOOSE A NOVEL,0000-00-00,0000-00-00,_CHOOSE A TELLING TIME
259,Mr. Bingley and Jane get engaged,Pride and Prejudice,1794-09-26,1794-09-26,1,_CHOOSE AN EVENT,,717.0,3rd Person Narrator (PP),Volume 3,350.0,350.0,_CHOOSE A TELLING TIME,0.0,_CHOOSE A NOVEL,0000-00-00,0000-00-00,_CHOOSE A TELLING TIME
258,Mr. Bingley and Mr. Darcy return to Netherfield,Pride and Prejudice,1794-09-16,1794-12-24,98,_CHOOSE AN EVENT,,713.0,3rd Person Narrator (PP),Volume 3,313.0,313.0,_CHOOSE A TELLING TIME,0.0,_CHOOSE A NOVEL,0000-00-00,0000-00-00,_CHOOSE A TELLING TIME
258,Mr. Bingley and Mr. Darcy return to Netherfield,Pride and Prejudice,1794-09-16,1794-12-24,98,_CHOOSE AN EVENT,,714.0,3rd Person Narrator (PP),Volume 3,319.0,319.0,_CHOOSE A TELLING TIME,0.0,_CHOOSE A NOVEL,0000-00-00,0000-00-00,_CHOOSE A TELLING TIME
258,Mr. Bingley and Mr. Darcy return to Netherfield,Pride and Prejudice,1794-09-16,1794-12-24,98,_CHOOSE AN EVENT,,715.0,3rd Person Narrator (PP),Volume 3,360.0,360.0,_CHOOSE A TELLING TIME,0.0,_CHOOSE A NOVEL,0000-00-00,0000-00-00,_CHOOSE A TELLING TIME
239,Mr. Bingley comes to Netherfield,Pride and Prejudice,1793-09-29,1793-09-29,1,_CHOOSE AN EVENT,,673.0,3rd Person Narrator (PP),Volume 1,5.0,6.0,_CHOOSE A TELLING TIME,0.0,_CHOOSE A NOVEL,0000-00-00,0000-00-00,_CHOOSE A TELLING TIME
249,Mr. Collins and Charlotte Lucas get married,Pride and Prejudice,1794-01-09,1794-01-09,1,_CHOOSE AN EVENT,,695.0,3rd Person Narrator (PP),Volume 2,143.0,143.0,_CHOOSE A TELLING TIME,0.0,_CHOOSE A NOVEL,0000-00-00,0000-00-00,_CHOOSE A TELLING TIME
247,Mr. Collins gets engaged to Charlotte Lucas,Pride and Prejudice,1793-11-30,1793-11-30,1,_CHOOSE AN EVENT,,691.0,3rd Person Narrator (PP),Volume 1,120.0,120.0,_CHOOSE A TELLING TIME,0.0,_CHOOSE A NOVEL,0000-00-00,0000-00-00,_CHOOSE A TELLING TIME
245,Mr. Collins proposes to Elizabeth,Pride and Prejudice,1793-11-27,1793-11-27,1,_CHOOSE AN EVENT,,683.0,3rd Person Narrator (PP),Volume 1,102.0,113.0,_CHOOSE A TELLING TIME,0.0,_CHOOSE A NOVEL,0000-00-00,0000-00-00,_CHOOSE A TELLING TIME
245,Mr. Collins proposes to Elizabeth,Pride and Prejudice,1793-11-27,1793-11-27,1,_CHOOSE AN EVENT,,684.0,3rd Person Narrator (PP),Volume 1,119.0,199.0,_CHOOSE A TELLING TIME,0.0,_CHOOSE A NOVEL,0000-00-00,0000-00-00,_CHOOSE A TELLING TIME
251,Mr. Darcy and Colonel Fitzwilliam visit Rosings,Pride and Prejudice,1794-03-23,1794-05-03,40,_CHOOSE AN EVENT,,697.0,3rd Person Narrator (PP),Volume 2,166.0,204.0,_CHOOSE A TELLING TIME,0.0,_CHOOSE A NOVEL,0000-00-00,0000-00-00,_CHOOSE A TELLING TIME
253,Mr. Darcy explains everything in a letter,Pride and Prejudice,1794-04-10,1794-04-10,1,_CHOOSE AN EVENT,,699.0,3rd Person Narrator (PP),Volume 3,348.0,348.0,_CHOOSE A TELLING TIME,0.0,_CHOOSE A NOVEL,0000-00-00,0000-00-00,_CHOOSE A TELLING TIME
252,Mr. Darcy proposes to Elizabeth,Pride and Prejudice,1794-04-09,1794-05-01,1,_CHOOSE AN EVENT,,698.0,3rd Person Narrator (PP),Volume 2,191.0,197.0,_CHOOSE A TELLING TIME,0.0,_CHOOSE A NOVEL,0000-00-00,0000-00-00,_CHOOSE A TELLING TIME
256,Mr. Darcy settles things between Mr. Wickham and Lydia,Pride and Prejudice,1794-08-08,1794-08-16,3,_CHOOSE AN EVENT,,709.0,3rd Person Narrator (PP),Volume 3,286.0,288.0,_CHOOSE A TELLING TIME,0.0,_CHOOSE A NOVEL,0000-00-00,0000-00-00,_CHOOSE A TELLING TIME
256,Mr. Darcy settles things between Mr. Wickham and Lydia,Pride and Prejudice,1794-08-08,1794-08-16,3,_CHOOSE AN EVENT,,710.0,3rd Person Narrator (PP),Volume 3,304.0,309.0,_CHOOSE A TELLING TIME,0.0,_CHOOSE A NOVEL,0000-00-00,0000-00-00,_CHOOSE A TELLING TIME
256,Mr. Darcy settles things between Mr. Wickham and Lydia,Pride and Prejudice,1794-08-08,1794-08-16,3,_CHOOSE AN EVENT,,711.0,3rd Person Narrator (PP),Volume 3,345.0,346.0,_CHOOSE A TELLING TIME,0.0,_CHOOSE A NOVEL,0000-00-00,0000-00-00,_CHOOSE A TELLING TIME
256,Mr. Darcy settles things between Mr. Wickham and Lydia,Pride and Prejudice,1794-08-08,1794-08-16,3,_CHOOSE AN EVENT,,712.0,3rd Person Narrator (PP),Volume 3,360.0,360.0,_CHOOSE A TELLING TIME,0.0,_CHOOSE A NOVEL,0000-00-00,0000-00-00,_CHOOSE A TELLING TIME
240,Mr. Darcy snubs Elizabeth at the Meryton assembly,Pride and Prejudice,1793-10-21,1793-10-21,1,_CHOOSE AN EVENT,,675.0,3rd Person Narrator (PP),Volume 1,18.0,18.0,_CHOOSE A TELLING TIME,0.0,_CHOOSE A NOVEL,0000-00-00,0000-00-00,_CHOOSE A TELLING TIME
240,Mr. Darcy snubs Elizabeth at the Meryton assembly,Pride and Prejudice,1793-10-21,1793-10-21,1,_CHOOSE AN EVENT,,676.0,3rd Person Narrator (PP),Volume 1,20.0,21.0,_CHOOSE A TELLING TIME,0.0,_CHOOSE A NOVEL,0000-00-00,0000-00-00,_CHOOSE A TELLING TIME
240,Mr. Darcy snubs Elizabeth at the Meryton assembly,Pride and Prejudice,1793-10-21,1793-10-21,1,_CHOOSE AN EVENT,,674.0,3rd Person Narrator (PP),Volume 2,188.0,188.0,_CHOOSE A TELLING TIME,0.0,_CHOOSE A NOVEL,0000-00-00,0000-00-00,_CHOOSE A TELLING TIME
262,"Mr. Darcy's father dies and Mr. Wickham asks for an ""immediate pecuniary advantage, in leiu of the preferment.""",Pride and Prejudice,1789-00-00,1789-00-00,1,_CHOOSE AN EVENT,,724.0,3rd Person Narrator (PP),Volume 2,140.0,140.0,_CHOOSE A TELLING TIME,0.0,_CHOOSE A NOVEL,0000-00-00,0000-00-00,_CHOOSE A TELLING TIME
262,"Mr. Darcy's father dies and Mr. Wickham asks for an ""immediate pecuniary advantage, in leiu of the preferment.""",Pride and Prejudice,1789-00-00,1789-00-00,1,_CHOOSE AN EVENT,,725.0,3rd Person Narrator (PP),Volume 2,195.0,195.0,_CHOOSE A TELLING TIME,0.0,_CHOOSE A NOVEL,0000-00-00,0000-00-00,_CHOOSE A TELLING TIME
232,Mr. Henry assaults Frieda,The Bluest Eye,1941-03-20,1941-05-05,1,Junior tricks Pecola and blames her for killing the cat,“early spring” (106),634.0,Claudia (narrator),"""The first twigs are thin, green, and supple.""",98.0,98.0,Not before 1943 (Claudia),47.0,The Bluest Eye,1943-00-00,1993-00-00,_CHOOSE A TELLING TIME
232,Mr. Henry assaults Frieda,The Bluest Eye,1941-03-20,1941-05-05,1,Junior tricks Pecola and blames her for killing the cat,“early spring” (106),633.0,Claudia (narrator),"""The first twigs are thin, green, and supple.""",99.0,99.0,Not before 1943 (Claudia),47.0,The Bluest Eye,1943-00-00,1993-00-00,_CHOOSE A TELLING TIME
232,Mr. Henry assaults Frieda,The Bluest Eye,1941-03-20,1941-05-05,1,Junior tricks Pecola and blames her for killing the cat,“early spring” (106),635.0,Claudia (narrator),"""The first twigs are thin, green, and supple.""",100.0,100.0,Not before 1943 (Claudia),47.0,The Bluest Eye,1943-00-00,1993-00-00,_CHOOSE A TELLING TIME
227,Mr. Henry moves in with the Macteers,The Bluest Eye,1940-09-22,1940-12-22,1,Cholly burns down the Breedlove’s house,"""It was autumn too when Mr. Henry came"" (12)",614.0,Claudia (narrator),"""Nuns go by quiet as lust, and drunken men and sober eyes sing in the lobby of the Greek hotel."" [Autumn 1]",12.0,12.0,Not before 1943 (Claudia),47.0,The Bluest Eye,1943-00-00,1993-00-00,_CHOOSE A TELLING TIME
227,Mr. Henry moves in with the Macteers,The Bluest Eye,1940-09-22,1940-12-22,1,Cholly burns down the Breedlove’s house,"""It was autumn too when Mr. Henry came"" (12)",615.0,Claudia (narrator),"""Nuns go by quiet as lust, and drunken men and sober eyes sing in the lobby of the Greek hotel."" [Autumn 1]",13.0,13.0,Not before 1943 (Claudia),47.0,The Bluest Eye,1943-00-00,1993-00-00,_CHOOSE A TELLING TIME
227,Mr. Henry moves in with the Macteers,The Bluest Eye,1940-09-22,1940-12-22,1,Cholly burns down the Breedlove’s house,"""It was autumn too when Mr. Henry came"" (12)",616.0,Claudia (narrator),"""Nuns go by quiet as lust, and drunken men and sober eyes sing in the lobby of the Greek hotel."" [Autumn 1]",15.0,15.0,Not before 1943 (Claudia),47.0,The Bluest Eye,1943-00-00,1993-00-00,_CHOOSE A TELLING TIME
257,Mr. Wickham marries Lydia,Pride and Prejudice,1794-08-25,1794-08-31,1,_CHOOSE AN EVENT,,706.0,3rd Person Narrator (PP),Volume 3,286.0,288.0,_CHOOSE A TELLING TIME,0.0,_CHOOSE A NOVEL,0000-00-00,0000-00-00,_CHOOSE A TELLING TIME
257,Mr. Wickham marries Lydia,Pride and Prejudice,1794-08-25,1794-08-31,1,_CHOOSE AN EVENT,,707.0,3rd Person Narrator (PP),Volume 3,293.0,293.0,_CHOOSE A TELLING TIME,0.0,_CHOOSE A NOVEL,0000-00-00,0000-00-00,_CHOOSE A TELLING TIME
257,Mr. Wickham marries Lydia,Pride and Prejudice,1794-08-25,1794-08-31,1,_CHOOSE AN EVENT,,708.0,3rd Person Narrator (PP),Volume 3,298.0,302.0,_CHOOSE A TELLING TIME,0.0,_CHOOSE A NOVEL,0000-00-00,0000-00-00,_CHOOSE A TELLING TIME
263,Mr. Wickham returns and asks for the living,Pride and Prejudice,1792-00-00,1792-00-00,1,_CHOOSE AN EVENT,,726.0,3rd Person Narrator (PP),Volume 2,195.0,195.0,_CHOOSE A TELLING TIME,0.0,_CHOOSE A NOVEL,0000-00-00,0000-00-00,_CHOOSE A TELLING TIME
263,Mr. Wickham returns and asks for the living,Pride and Prejudice,1792-00-00,1792-00-00,1,_CHOOSE AN EVENT,,727.0,3rd Person Narrator (PP),Volume 3,270.0,270.0,_CHOOSE A TELLING TIME,0.0,_CHOOSE A NOVEL,0000-00-00,0000-00-00,_CHOOSE A TELLING TIME
264,Mr. Wickham seduces and attempts to elope with Mr. Darcy's sister,Pride and Prejudice,1793-06-21,1793-09-15,90,_CHOOSE AN EVENT,,728.0,3rd Person Narrator (PP),Volume 2,196.0,196.0,_CHOOSE A TELLING TIME,0.0,_CHOOSE A NOVEL,0000-00-00,0000-00-00,_CHOOSE A TELLING TIME
264,Mr. Wickham seduces and attempts to elope with Mr. Darcy's sister,Pride and Prejudice,1793-06-21,1793-09-15,90,_CHOOSE AN EVENT,,729.0,3rd Person Narrator (PP),Volume 3,270.0,270.0,_CHOOSE A TELLING TIME,0.0,_CHOOSE A NOVEL,0000-00-00,0000-00-00,_CHOOSE A TELLING TIME
182,Patterson Affair,The Sound and the Fury,1908-03-00,1909-00-00,287,"Caddy wears perfume, which upsets Benjamin","Benjy first delivers a letter to Mrs. Patterson when ""Mr Patterson was chopping in the green flowers"" and then with Caddy around Christmas time: ""'It's a Christmas present. Caddy said"" (13)",338.0,Benjamin Compson (narrator),"April Seventh, 1928",4.0,4.0,"Luster looks for a quarter (April seventh, 1928)",40.0,The Sound and the Fury,1928-04-07,1928-04-07,Jason goes home and Quentin speaks up about Jason following her in his car (April sixth 1928)
182,Patterson Affair,The Sound and the Fury,1908-03-00,1909-00-00,287,"Caddy wears perfume, which upsets Benjamin","Benjy first delivers a letter to Mrs. Patterson when ""Mr Patterson was chopping in the green flowers"" and then with Caddy around Christmas time: ""'It's a Christmas present. Caddy said"" (13)",339.0,Benjamin Compson (narrator),"April Seventh, 1928",13.0,13.0,"Luster looks for a quarter (April seventh, 1928)",40.0,The Sound and the Fury,1928-04-07,1928-04-07,Jason goes home and Quentin speaks up about Jason following her in his car (April sixth 1928)
182,Patterson Affair,The Sound and the Fury,1908-03-00,1909-00-00,287,"Caddy wears perfume, which upsets Benjamin","Benjy first delivers a letter to Mrs. Patterson when ""Mr Patterson was chopping in the green flowers"" and then with Caddy around Christmas time: ""'It's a Christmas present. Caddy said"" (13)",340.0,Benjamin Compson (narrator),"April Seventh, 1928",14.0,14.0,"Luster looks for a quarter (April seventh, 1928)",40.0,The Sound and the Fury,1928-04-07,1928-04-07,Jason goes home and Quentin speaks up about Jason following her in his car (April sixth 1928)
182,Patterson Affair,The Sound and the Fury,1908-03-00,1909-00-00,287,"Caddy wears perfume, which upsets Benjamin","Benjy first delivers a letter to Mrs. Patterson when ""Mr Patterson was chopping in the green flowers"" and then with Caddy around Christmas time: ""'It's a Christmas present. Caddy said"" (13)",446.0,Quentin Compson III (narrator),"June Second, 1910",175.0,175.0,Quentin dresses up (June second 1910),29.0,The Sound and the Fury,1910-06-02,1910-06-02,Quentin fights Gerald (June second 1910)
224,Pauline and Cholly fight (about coal),The Bluest Eye,1940-10-00,1940-10-00,1,Pauline starts working for the Fishers,"""on a Saturday morning in October"" (39)",607.0,3rd Person Narrator (The Bluest Eye),"""The Breedloves did not live in the storefront..."" [Autumn 3]",39.0,39.0,"Spring, 1941 (Third Person Narrator)",48.0,The Bluest Eye,1941-03-20,1941-06-21,_CHOOSE A TELLING TIME
224,Pauline and Cholly fight (about coal),The Bluest Eye,1940-10-00,1940-10-00,1,Pauline starts working for the Fishers,"""on a Saturday morning in October"" (39)",608.0,3rd Person Narrator (The Bluest Eye),"""The Breedloves did not live in the storefront..."" [Autumn 3]",40.0,40.0,"Spring, 1941 (Third Person Narrator)",48.0,The Bluest Eye,1941-03-20,1941-06-21,_CHOOSE A TELLING TIME
224,Pauline and Cholly fight (about coal),The Bluest Eye,1940-10-00,1940-10-00,1,Pauline starts working for the Fishers,"""on a Saturday morning in October"" (39)",609.0,3rd Person Narrator (The Bluest Eye),"""The Breedloves did not live in the storefront..."" [Autumn 3]",41.0,41.0,"Spring, 1941 (Third Person Narrator)",48.0,The Bluest Eye,1941-03-20,1941-06-21,_CHOOSE A TELLING TIME
224,Pauline and Cholly fight (about coal),The Bluest Eye,1940-10-00,1940-10-00,1,Pauline starts working for the Fishers,"""on a Saturday morning in October"" (39)",610.0,3rd Person Narrator (The Bluest Eye),"""The Breedloves did not live in the storefront..."" [Autumn 3]",43.0,43.0,"Spring, 1941 (Third Person Narrator)",48.0,The Bluest Eye,1941-03-20,1941-06-21,_CHOOSE A TELLING TIME
224,Pauline and Cholly fight (about coal),The Bluest Eye,1940-10-00,1940-10-00,1,Pauline starts working for the Fishers,"""on a Saturday morning in October"" (39)",611.0,3rd Person Narrator (The Bluest Eye),"""The Breedloves did not live in the storefront..."" [Autumn 3]",44.0,44.0,"Spring, 1941 (Third Person Narrator)",48.0,The Bluest Eye,1941-03-20,1941-06-21,_CHOOSE A TELLING TIME
219,"Pauline and Cholly get married and move to Lorain, Ohio",The Bluest Eye,1918-00-00,1926-00-00,1,Pauline and Cholly meet,"“when the war ended Pauline was fifteen” (113), WWI ended in 1918, and Sammy is born in 1926",599.0,3rd Person Narrator (The Bluest Eye),"""The easiest thing to do would be to build a case out of her foot.""",116.0,116.0,"Spring, 1941 (Third Person Narrator)",48.0,The Bluest Eye,1941-03-20,1941-06-21,_CHOOSE A TELLING TIME
219,"Pauline and Cholly get married and move to Lorain, Ohio",The Bluest Eye,1918-00-00,1926-00-00,1,Pauline and Cholly meet,"“when the war ended Pauline was fifteen” (113), WWI ended in 1918, and Sammy is born in 1926",600.0,3rd Person Narrator (The Bluest Eye),"""When Cholly was four days old, his mother wrapped him in two blankets and one newspaper...""",160.0,160.0,"Spring, 1941 (Third Person Narrator)",48.0,The Bluest Eye,1941-03-20,1941-06-21,_CHOOSE A TELLING TIME
218,Pauline and Cholly meet,The Bluest Eye,1918-00-00,1926-00-00,1,"Cholly goes to find his Dad in Macon, and his Dad rejects him","“when the war ended Pauline was fifteen” (113), WWI ended in 1918, and Sammy is born in 1926",596.0,3rd Person Narrator (The Bluest Eye),"""The easiest thing to do would be to build a case out of her foot.""",114.0,114.0,"Spring, 1941 (Third Person Narrator)",48.0,The Bluest Eye,1941-03-20,1941-06-21,_CHOOSE A TELLING TIME
218,Pauline and Cholly meet,The Bluest Eye,1918-00-00,1926-00-00,1,"Cholly goes to find his Dad in Macon, and his Dad rejects him","“when the war ended Pauline was fifteen” (113), WWI ended in 1918, and Sammy is born in 1926",597.0,3rd Person Narrator (The Bluest Eye),"""The easiest thing to do would be to build a case out of her foot.""",115.0,115.0,"Spring, 1941 (Third Person Narrator)",48.0,The Bluest Eye,1941-03-20,1941-06-21,_CHOOSE A TELLING TIME
218,Pauline and Cholly meet,The Bluest Eye,1918-00-00,1926-00-00,1,"Cholly goes to find his Dad in Macon, and his Dad rejects him","“when the war ended Pauline was fifteen” (113), WWI ended in 1918, and Sammy is born in 1926",598.0,3rd Person Narrator (The Bluest Eye),"""When Cholly was four days old, his mother wrapped him in two blankets and one newspaper...""",160.0,160.0,"Spring, 1941 (Third Person Narrator)",48.0,The Bluest Eye,1941-03-20,1941-06-21,_CHOOSE A TELLING TIME
220,Pauline is 'educated' by the movies,The Bluest Eye,1925-00-00,1926-00-00,0,"Pauline and Cholly get married and move to Lorain, Ohio","""There I was, five months pregnant, trying to look like Jean Harlow"" (123)",603.0,3rd Person Narrator (The Bluest Eye),"""The easiest thing to do would be to build a case out of her foot.""",122.0,122.0,"Spring, 1941 (Third Person Narrator)",48.0,The Bluest Eye,1941-03-20,1941-06-21,_CHOOSE A TELLING TIME
220,Pauline is 'educated' by the movies,The Bluest Eye,1925-00-00,1926-00-00,0,"Pauline and Cholly get married and move to Lorain, Ohio","""There I was, five months pregnant, trying to look like Jean Harlow"" (123)",604.0,Pauline Breedlove,"""The onliest time I happy seem like when I was in the picture show.""",123.0,123.0,Not before 1941 (Pauline),50.0,The Bluest Eye,1941-00-00,1943-00-00,_CHOOSE A TELLING TIME
223,Pauline starts working for the Fishers,The Bluest Eye,1929-00-00,1940-10-00,1,Pecola is born,"After Pecola is born and ""on a Saturday morning in October""(39) Claudia narrates about the Breedloves in the fall of 1940",605.0,3rd Person Narrator (The Bluest Eye),"""The easiest thing to do would be to build a case out of her foot.""",127.0,127.0,"Spring, 1941 (Third Person Narrator)",48.0,The Bluest Eye,1941-03-20,1941-06-21,_CHOOSE A TELLING TIME
223,Pauline starts working for the Fishers,The Bluest Eye,1929-00-00,1940-10-00,1,Pecola is born,"After Pecola is born and ""on a Saturday morning in October""(39) Claudia narrates about the Breedloves in the fall of 1940",606.0,3rd Person Narrator (The Bluest Eye),"""The easiest thing to do would be to build a case out of her foot.""",128.0,128.0,"Spring, 1941 (Third Person Narrator)",48.0,The Bluest Eye,1941-03-20,1941-06-21,_CHOOSE A TELLING TIME
235,Pecola asks Soaphead Church for blue eyes,The Bluest Eye,1941-03-20,1941-06-21,1,Cholly rapes Pecola and impregnates her,"Occurs in on""one late hot afternoon"" (173) the section ""Spring""",649.0,3rd Person Narrator (The Bluest Eye),"""Once there was an old man who loved things, for the slightest contact with people produced...""",173.0,173.0,"Spring, 1941 (Third Person Narrator)",48.0,The Bluest Eye,1941-03-20,1941-06-21,_CHOOSE A TELLING TIME
235,Pecola asks Soaphead Church for blue eyes,The Bluest Eye,1941-03-20,1941-06-21,1,Cholly rapes Pecola and impregnates her,"Occurs in on""one late hot afternoon"" (173) the section ""Spring""",650.0,3rd Person Narrator (The Bluest Eye),"""Once there was an old man who loved things, for the slightest contact with people produced...""",174.0,174.0,"Spring, 1941 (Third Person Narrator)",48.0,The Bluest Eye,1941-03-20,1941-06-21,_CHOOSE A TELLING TIME
235,Pecola asks Soaphead Church for blue eyes,The Bluest Eye,1941-03-20,1941-06-21,1,Cholly rapes Pecola and impregnates her,"Occurs in on""one late hot afternoon"" (173) the section ""Spring""",651.0,3rd Person Narrator (The Bluest Eye),"""Once there was an old man who loved things, for the slightest contact with people produced...""",175.0,175.0,"Spring, 1941 (Third Person Narrator)",48.0,The Bluest Eye,1941-03-20,1941-06-21,_CHOOSE A TELLING TIME
235,Pecola asks Soaphead Church for blue eyes,The Bluest Eye,1941-03-20,1941-06-21,1,Cholly rapes Pecola and impregnates her,"Occurs in on""one late hot afternoon"" (173) the section ""Spring""",652.0,3rd Person Narrator (The Bluest Eye),"""Once there was an old man who loved things, for the slightest contact with people produced...""",176.0,176.0,"Spring, 1941 (Third Person Narrator)",48.0,The Bluest Eye,1941-03-20,1941-06-21,_CHOOSE A TELLING TIME
235,Pecola asks Soaphead Church for blue eyes,The Bluest Eye,1941-03-20,1941-06-21,1,Cholly rapes Pecola and impregnates her,"Occurs in on""one late hot afternoon"" (173) the section ""Spring""",653.0,3rd Person Narrator (The Bluest Eye),"""Once there was an old man who loved things, for the slightest contact with people produced...""",182.0,182.0,"Spring, 1941 (Third Person Narrator)",48.0,The Bluest Eye,1941-03-20,1941-06-21,_CHOOSE A TELLING TIME
237,Pecola imagines herself a friend,The Bluest Eye,1941-09-01,1941-09-22,0,Cholly passes away,“After the first day of school” (197),657.0,Pecola Breedlove,"""How many times a minute are you going to look inside that old thing?""",193.0,193.0,"September, 1941 (Pecola)",51.0,The Bluest Eye,1941-09-01,1941-09-22,_CHOOSE A TELLING TIME
237,Pecola imagines herself a friend,The Bluest Eye,1941-09-01,1941-09-22,0,Cholly passes away,“After the first day of school” (197),658.0,Pecola Breedlove,"""How many times a minute are you going to look inside that old thing?""",194.0,194.0,"September, 1941 (Pecola)",51.0,The Bluest Eye,1941-09-01,1941-09-22,_CHOOSE A TELLING TIME
237,Pecola imagines herself a friend,The Bluest Eye,1941-09-01,1941-09-22,0,Cholly passes away,“After the first day of school” (197),659.0,Pecola Breedlove,"""How many times a minute are you going to look inside that old thing?""",195.0,195.0,"September, 1941 (Pecola)",51.0,The Bluest Eye,1941-09-01,1941-09-22,_CHOOSE A TELLING TIME
237,Pecola imagines herself a friend,The Bluest Eye,1941-09-01,1941-09-22,0,Cholly passes away,“After the first day of school” (197),660.0,Pecola Breedlove,"""How many times a minute are you going to look inside that old thing?""",196.0,196.0,"September, 1941 (Pecola)",51.0,The Bluest Eye,1941-09-01,1941-09-22,_CHOOSE A TELLING TIME
237,Pecola imagines herself a friend,The Bluest Eye,1941-09-01,1941-09-22,0,Cholly passes away,“After the first day of school” (197),661.0,Pecola Breedlove,"""How many times a minute are you going to look inside that old thing?""",197.0,197.0,"September, 1941 (Pecola)",51.0,The Bluest Eye,1941-09-01,1941-09-22,_CHOOSE A TELLING TIME
237,Pecola imagines herself a friend,The Bluest Eye,1941-09-01,1941-09-22,0,Cholly passes away,“After the first day of school” (197),662.0,Pecola Breedlove,"""How many times a minute are you going to look inside that old thing?""",198.0,198.0,"September, 1941 (Pecola)",51.0,The Bluest Eye,1941-09-01,1941-09-22,_CHOOSE A TELLING TIME
237,Pecola imagines herself a friend,The Bluest Eye,1941-09-01,1941-09-22,0,Cholly passes away,“After the first day of school” (197),663.0,Pecola Breedlove,"""How many times a minute are you going to look inside that old thing?""",199.0,199.0,"September, 1941 (Pecola)",51.0,The Bluest Eye,1941-09-01,1941-09-22,_CHOOSE A TELLING TIME
237,Pecola imagines herself a friend,The Bluest Eye,1941-09-01,1941-09-22,0,Cholly passes away,“After the first day of school” (197),664.0,Pecola Breedlove,"""How many times a minute are you going to look inside that old thing?""",200.0,200.0,"September, 1941 (Pecola)",51.0,The Bluest Eye,1941-09-01,1941-09-22,_CHOOSE A TELLING TIME
237,Pecola imagines herself a friend,The Bluest Eye,1941-09-01,1941-09-22,0,Cholly passes away,“After the first day of school” (197),665.0,Pecola Breedlove,"""How many times a minute are you going to look inside that old thing?""",201.0,201.0,"September, 1941 (Pecola)",51.0,The Bluest Eye,1941-09-01,1941-09-22,_CHOOSE A TELLING TIME
237,Pecola imagines herself a friend,The Bluest Eye,1941-09-01,1941-09-22,0,Cholly passes away,“After the first day of school” (197),666.0,Pecola Breedlove,"""How many times a minute are you going to look inside that old thing?""",202.0,202.0,"September, 1941 (Pecola)",51.0,The Bluest Eye,1941-09-01,1941-09-22,_CHOOSE A TELLING TIME
237,Pecola imagines herself a friend,The Bluest Eye,1941-09-01,1941-09-22,0,Cholly passes away,“After the first day of school” (197),667.0,Pecola Breedlove,"""How many times a minute are you going to look inside that old thing?""",203.0,203.0,"September, 1941 (Pecola)",51.0,The Bluest Eye,1941-09-01,1941-09-22,_CHOOSE A TELLING TIME
237,Pecola imagines herself a friend,The Bluest Eye,1941-09-01,1941-09-22,0,Cholly passes away,“After the first day of school” (197),668.0,3rd Person Narrator (The Bluest Eye),"""How many times a minute are you going to look inside that old thing?""",204.0,204.0,"September, 1941 (Pecola)",51.0,The Bluest Eye,1941-09-01,1941-09-22,_CHOOSE A TELLING TIME
237,Pecola imagines herself a friend,The Bluest Eye,1941-09-01,1941-09-22,0,Cholly passes away,“After the first day of school” (197),669.0,Claudia (narrator),"""So it was.""",205.0,205.0,Not before 1943 (Claudia),47.0,The Bluest Eye,1943-00-00,1993-00-00,_CHOOSE A TELLING TIME
222,Pecola is born,The Bluest Eye,1929-00-00,1929-00-00,1,Sammy is born,"""Pecola, [is] eleven years old""  (35) in 1940, as Claudia states ""there were no marigolds in the fall of 1941"" (5) and then picks up the narration from the previous ""Autumn""(7)",602.0,Pauline Breedlove,"""The onliest time I happy seem like when I was in the picture show.""",125.0,125.0,Not before 1941 (Pauline),50.0,The Bluest Eye,1941-00-00,1943-00-00,_CHOOSE A TELLING TIME
233,Pecola knocks over her Mother’s cobbler at the Fisher’s house,The Bluest Eye,1941-03-20,1941-05-05,1,Mr. Henry assaults Frieda,"""early spring"" (106)",636.0,Claudia (narrator),"""The first twigs are thin, green, and supple.""",108.0,108.0,Not before 1943 (Claudia),47.0,The Bluest Eye,1943-00-00,1993-00-00,_CHOOSE A TELLING TIME
233,Pecola knocks over her Mother’s cobbler at the Fisher’s house,The Bluest Eye,1941-03-20,1941-05-05,1,Mr. Henry assaults Frieda,"""early spring"" (106)",637.0,Claudia (narrator),"""The first twigs are thin, green, and supple.""",109.0,109.0,Not before 1943 (Claudia),47.0,The Bluest Eye,1943-00-00,1993-00-00,_CHOOSE A TELLING TIME
238,Pecola loses her baby,The Bluest Eye,1941-09-23,1941-12-22,1,Pecola imagines herself a friend,"""[T]here were no marigolds in the fall of 1941"" (5)",670.0,Claudia (narrator),"""Quiet as it's kept, there were no marigolds in the fall of 1941."" [Prologue]",5.0,5.0,Not before 1943 (Claudia),47.0,The Bluest Eye,1943-00-00,1993-00-00,_CHOOSE A TELLING TIME
238,Pecola loses her baby,The Bluest Eye,1941-09-23,1941-12-22,1,Pecola imagines herself a friend,"""[T]here were no marigolds in the fall of 1941"" (5)",671.0,Claudia (narrator),"""Quiet as it's kept, there were no marigolds in the fall of 1941."" [Prologue]",6.0,6.0,Not before 1943 (Claudia),47.0,The Bluest Eye,1943-00-00,1993-00-00,_CHOOSE A TELLING TIME
238,Pecola loses her baby,The Bluest Eye,1941-09-23,1941-12-22,1,Pecola imagines herself a friend,"""[T]here were no marigolds in the fall of 1941"" (5)",672.0,Claudia (narrator),"""So it was.""",204.0,204.0,Not before 1943 (Claudia),47.0,The Bluest Eye,1943-00-00,1993-00-00,_CHOOSE A TELLING TIME
228,Pecola moves in with the Macteers,The Bluest Eye,1940-10-00,1940-12-22,1,Mr. Henry moves in with the Macteers,"Pecola moves in around the same time as Mr. Henry: ""Mama had told us two days earlier that a 'case' was coming- a girl who had no place to go"" (16), and it must be after October as the Breedlove's house is still intact in October (39)",617.0,Claudia (narrator),"""Nuns go by quiet as lust, and drunken men and sober eyes sing in the lobby of the Greek hotel."" [Autumn 1]",16.0,16.0,Not before 1943 (Claudia),47.0,The Bluest Eye,1943-00-00,1993-00-00,_CHOOSE A TELLING TIME
225,Pecola prays for blue eyes (each night),The Bluest Eye,1940-10-00,1940-10-00,0,Pauline and Cholly fight (about coal),"""on a Saturday morning in October""(39)",612.0,3rd Person Narrator (The Bluest Eye),"""The Breedloves did not live in the storefront..."" [Autumn 3]",46.0,46.0,"Spring, 1941 (Third Person Narrator)",48.0,The Bluest Eye,1941-03-20,1941-06-21,_CHOOSE A TELLING TIME
229,Pecola starts mensturating,The Bluest Eye,1940-10-00,1940-12-22,1,Pecola moves in with the Macteers,"Occurs in the period of time Pecola lives with the Macteers and in the section ""Autumn""",618.0,Claudia (narrator),"""Nuns go by quiet as lust, and drunken men and sober eyes sing in the lobby of the Greek hotel."" [Autumn 1]",27.0,27.0,Not before 1943 (Claudia),47.0,The Bluest Eye,1943-00-00,1993-00-00,_CHOOSE A TELLING TIME
229,Pecola starts mensturating,The Bluest Eye,1940-10-00,1940-12-22,1,Pecola moves in with the Macteers,"Occurs in the period of time Pecola lives with the Macteers and in the section ""Autumn""",619.0,Claudia (narrator),"""Nuns go by quiet as lust, and drunken men and sober eyes sing in the lobby of the Greek hotel."" [Autumn 1]",31.0,31.0,Not before 1943 (Claudia),47.0,The Bluest Eye,1943-00-00,1993-00-00,_CHOOSE A TELLING TIME
229,Pecola starts mensturating,The Bluest Eye,1940-10-00,1940-12-22,1,Pecola moves in with the Macteers,"Occurs in the period of time Pecola lives with the Macteers and in the section ""Autumn""",620.0,Claudia (narrator),"""Nuns go by quiet as lust, and drunken men and sober eyes sing in the lobby of the Greek hotel."" [Autumn 1]",32.0,32.0,Not before 1943 (Claudia),47.0,The Bluest Eye,1943-00-00,1993-00-00,_CHOOSE A TELLING TIME
198,Quentin Jr. gets sent to live with the Compsons,The Sound and the Fury,1911-00-00,1912-00-00,0,Jason loses bank job,"Quentin is born in November 1911, as she is seventeen in 1928 when she runs away from the Compsons, and the appendix states that Caddy was ""two months pregnant with another man's child...when she married"" at the end of April in 1910. She is sent to the Compsons when she is still a baby: ""Dilsey get that old cradle out of the attic"" (198)",379.0,Jason Compson IV (narrator),"April Seventh, 1928",196.0,196.0,Jason recieves Caddy's letter (April sixth 1928),32.0,The Sound and the Fury,1928-04-06,1928-04-06,Jason drives Quentin Jr. to school (April sixth 1928)
198,Quentin Jr. gets sent to live with the Compsons,The Sound and the Fury,1911-00-00,1912-00-00,0,Jason loses bank job,"Quentin is born in November 1911, as she is seventeen in 1928 when she runs away from the Compsons, and the appendix states that Caddy was ""two months pregnant with another man's child...when she married"" at the end of April in 1910. She is sent to the Compsons when she is still a baby: ""Dilsey get that old cradle out of the attic"" (198)",380.0,Jason Compson IV (narrator),"April Sixth, 1928.",198.0,198.0,Jason recieves Caddy's letter (April sixth 1928),32.0,The Sound and the Fury,1928-04-06,1928-04-06,Jason drives Quentin Jr. to school (April sixth 1928)
198,Quentin Jr. gets sent to live with the Compsons,The Sound and the Fury,1911-00-00,1912-00-00,0,Jason loses bank job,"Quentin is born in November 1911, as she is seventeen in 1928 when she runs away from the Compsons, and the appendix states that Caddy was ""two months pregnant with another man's child...when she married"" at the end of April in 1910. She is sent to the Compsons when she is still a baby: ""Dilsey get that old cradle out of the attic"" (198)",381.0,Jason Compson IV (narrator),"April Sixth, 1928.",199.0,199.0,Jason recieves Caddy's letter (April sixth 1928),32.0,The Sound and the Fury,1928-04-06,1928-04-06,Jason drives Quentin Jr. to school (April sixth 1928)
198,Quentin Jr. gets sent to live with the Compsons,The Sound and the Fury,1911-00-00,1912-00-00,0,Jason loses bank job,"Quentin is born in November 1911, as she is seventeen in 1928 when she runs away from the Compsons, and the appendix states that Caddy was ""two months pregnant with another man's child...when she married"" at the end of April in 1910. She is sent to the Compsons when she is still a baby: ""Dilsey get that old cradle out of the attic"" (198)",382.0,Jason Compson IV (narrator),"April Sixth, 1928.",200.0,200.0,Jason recieves Caddy's letter (April sixth 1928),32.0,The Sound and the Fury,1928-04-06,1928-04-06,Jason drives Quentin Jr. to school (April sixth 1928)
207,Quentin Jr. runs away,The Sound and the Fury,1928-04-07,1928-04-08,0,Jason chases Quentin and the band member with the red tie in his car,"The family wakes up the morning of ""April Eighth, 1928."" to find Quentin missing.",410.0,Benjamin Compson (narrator),"April Seventh, 1928",74.0,74.0,"Benjy watches Quentin run away (April seventh, 1928)",44.0,The Sound and the Fury,1928-04-07,1928-04-07,"The Compsons have supper (April seventh, 1928)"
207,Quentin Jr. runs away,The Sound and the Fury,1928-04-07,1928-04-08,0,Jason chases Quentin and the band member with the red tie in his car,"The family wakes up the morning of ""April Eighth, 1928."" to find Quentin missing.",411.0,3rd Person Narrator (SaF),"April Eighth, 1928.",286.0,286.0,"April Eighth, 1928",45.0,The Sound and the Fury,1928-04-08,1928-04-08,"Benjy watches Quentin run away (April seventh, 1928)"
207,Quentin Jr. runs away,The Sound and the Fury,1928-04-07,1928-04-08,0,Jason chases Quentin and the band member with the red tie in his car,"The family wakes up the morning of ""April Eighth, 1928."" to find Quentin missing.",412.0,3rd Person Narrator (SaF),"April Eighth, 1928.",304.0,304.0,"April Eighth, 1928",45.0,The Sound and the Fury,1928-04-08,1928-04-08,"Benjy watches Quentin run away (April seventh, 1928)"
207,Quentin Jr. runs away,The Sound and the Fury,1928-04-07,1928-04-08,0,Jason chases Quentin and the band member with the red tie in his car,"The family wakes up the morning of ""April Eighth, 1928."" to find Quentin missing.",413.0,3rd Person Narrator (SaF),"April Eighth, 1928.",307.0,307.0,"April Eighth, 1928",45.0,The Sound and the Fury,1928-04-08,1928-04-08,"Benjy watches Quentin run away (April seventh, 1928)"
207,Quentin Jr. runs away,The Sound and the Fury,1928-04-07,1928-04-08,0,Jason chases Quentin and the band member with the red tie in his car,"The family wakes up the morning of ""April Eighth, 1928."" to find Quentin missing.",414.0,3rd Person Narrator (SaF),"April Eighth, 1928.",309.0,309.0,"April Eighth, 1928",45.0,The Sound and the Fury,1928-04-08,1928-04-08,"Benjy watches Quentin run away (April seventh, 1928)"
194,Quentin commits suicide,The Sound and the Fury,1910-06-02,1910-06-02,0,Caddy and Herbert's Wedding,"All the events leading up to Quentin's suicide occur in the section of the novel titled ""June Second, 1910.""",511.0,Quentin Compson III (narrator),"June Second, 1910",80.0,80.0,Quentin breaks his watch (June second 1910),21.0,The Sound and the Fury,1910-06-02,1910-06-02,_NO PRECEDING TELLING TIME
194,Quentin commits suicide,The Sound and the Fury,1910-06-02,1910-06-02,0,Caddy and Herbert's Wedding,"All the events leading up to Quentin's suicide occur in the section of the novel titled ""June Second, 1910.""",512.0,Quentin Compson III (narrator),"June Second, 1910",116.0,116.0,Quentin buys tire irons and hides them (June second 1910),25.0,The Sound and the Fury,1910-06-02,1910-06-02,Quentin gives Shreve's note to Deacon (June second 1910)
194,Quentin commits suicide,The Sound and the Fury,1910-06-02,1910-06-02,0,Caddy and Herbert's Wedding,"All the events leading up to Quentin's suicide occur in the section of the novel titled ""June Second, 1910.""",513.0,Quentin Compson III (narrator),"June Second, 1910",174.0,174.0,Quentin dresses up (June second 1910),29.0,The Sound and the Fury,1910-06-02,1910-06-02,Quentin fights Gerald (June second 1910)
194,Quentin commits suicide,The Sound and the Fury,1910-06-02,1910-06-02,0,Caddy and Herbert's Wedding,"All the events leading up to Quentin's suicide occur in the section of the novel titled ""June Second, 1910.""",361.0,Jason Compson IV (narrator),"April Sixth, 1928.",197.0,197.0,Jason recieves Caddy's letter (April sixth 1928),32.0,The Sound and the Fury,1928-04-06,1928-04-06,Jason drives Quentin Jr. to school (April sixth 1928)
194,Quentin commits suicide,The Sound and the Fury,1910-06-02,1910-06-02,0,Caddy and Herbert's Wedding,"All the events leading up to Quentin's suicide occur in the section of the novel titled ""June Second, 1910.""",362.0,Jason Compson IV (narrator),_CHOOSE CONTAINER,200.0,200.0,Jason recieves Caddy's letter (April sixth 1928),32.0,The Sound and the Fury,1928-04-06,1928-04-06,Jason drives Quentin Jr. to school (April sixth 1928)
194,Quentin commits suicide,The Sound and the Fury,1910-06-02,1910-06-02,0,Caddy and Herbert's Wedding,"All the events leading up to Quentin's suicide occur in the section of the novel titled ""June Second, 1910.""",363.0,Jason Compson IV (narrator),"April Sixth, 1928.",203.0,203.0,Jason recieves Caddy's letter (April sixth 1928),32.0,The Sound and the Fury,1928-04-06,1928-04-06,Jason drives Quentin Jr. to school (April sixth 1928)
194,Quentin commits suicide,The Sound and the Fury,1910-06-02,1910-06-02,0,Caddy and Herbert's Wedding,"All the events leading up to Quentin's suicide occur in the section of the novel titled ""June Second, 1910.""",364.0,Jason Compson IV (narrator),"April Sixth, 1928.",226.0,226.0,Jason gives his mother the forged check to burn and a letter from Uncle Maury (April sixth 1928),35.0,The Sound and the Fury,1928-04-06,1928-04-06,Jason forges a check (April sixth 1928)
194,Quentin commits suicide,The Sound and the Fury,1910-06-02,1910-06-02,0,Caddy and Herbert's Wedding,"All the events leading up to Quentin's suicide occur in the section of the novel titled ""June Second, 1910.""",365.0,Jason Compson IV (narrator),"April Sixth, 1928.",233.0,233.0,Jason sees Quentin with the band member wearing the red tie (April sixth 1928),36.0,The Sound and the Fury,1928-04-06,1928-04-06,Jason gives his mother the forged check to burn and a letter from Uncle Maury (April sixth 1928)
194,Quentin commits suicide,The Sound and the Fury,1910-06-02,1910-06-02,0,Caddy and Herbert's Wedding,"All the events leading up to Quentin's suicide occur in the section of the novel titled ""June Second, 1910.""",366.0,Jason Compson IV (narrator),"April Sixth, 1928.",261.0,261.0,Jason goes home and Quentin speaks up about Jason following her in his car (April sixth 1928),39.0,The Sound and the Fury,1928-04-06,1928-04-06,Jason loses money at the stock market (April sixth 1928)
194,Quentin commits suicide,The Sound and the Fury,1910-06-02,1910-06-02,0,Caddy and Herbert's Wedding,"All the events leading up to Quentin's suicide occur in the section of the novel titled ""June Second, 1910.""",367.0,3rd Person Narrator (SaF),"April Eighth, 1928.",283.0,283.0,"April Eighth, 1928",45.0,The Sound and the Fury,1928-04-08,1928-04-08,"Benjy watches Quentin run away (April seventh, 1928)"
194,Quentin commits suicide,The Sound and the Fury,1910-06-02,1910-06-02,0,Caddy and Herbert's Wedding,"All the events leading up to Quentin's suicide occur in the section of the novel titled ""June Second, 1910.""",368.0,3rd Person Narrator (SaF),"April Eighth, 1928.",299.0,299.0,"April Eighth, 1928",45.0,The Sound and the Fury,1928-04-08,1928-04-08,"Benjy watches Quentin run away (April seventh, 1928)"
186,Quentin confronts Caddy at the creek,The Sound and the Fury,1909-00-00,1909-00-00,0,Quentin sees Caddy and Dalton,Dates collected from Ross and Polk,460.0,Quentin Compson III (narrator),"June Second, 1910",147.0,147.0,Quentin gets arrested for taking the little Italian girl (June second 1910),27.0,The Sound and the Fury,1910-06-02,1910-06-02,Quentin finds the little Italian girl (June second 1910)
186,Quentin confronts Caddy at the creek,The Sound and the Fury,1909-00-00,1909-00-00,0,Quentin sees Caddy and Dalton,Dates collected from Ross and Polk,461.0,Quentin Compson III (narrator),"June Second, 1910",149.0,149.0,Quentin gets arrested for taking the little Italian girl (June second 1910),27.0,The Sound and the Fury,1910-06-02,1910-06-02,Quentin finds the little Italian girl (June second 1910)
186,Quentin confronts Caddy at the creek,The Sound and the Fury,1909-00-00,1909-00-00,0,Quentin sees Caddy and Dalton,Dates collected from Ross and Polk,462.0,Quentin Compson III (narrator),"June Second, 1910",150.0,150.0,Quentin gets arrested for taking the little Italian girl (June second 1910),27.0,The Sound and the Fury,1910-06-02,1910-06-02,Quentin finds the little Italian girl (June second 1910)
186,Quentin confronts Caddy at the creek,The Sound and the Fury,1909-00-00,1909-00-00,0,Quentin sees Caddy and Dalton,Dates collected from Ross and Polk,463.0,Quentin Compson III (narrator),"June Second, 1910",151.0,151.0,Quentin gets arrested for taking the little Italian girl (June second 1910),27.0,The Sound and the Fury,1910-06-02,1910-06-02,Quentin finds the little Italian girl (June second 1910)
186,Quentin confronts Caddy at the creek,The Sound and the Fury,1909-00-00,1909-00-00,0,Quentin sees Caddy and Dalton,Dates collected from Ross and Polk,464.0,Quentin Compson III (narrator),"June Second, 1910",152.0,152.0,Quentin gets arrested for taking the little Italian girl (June second 1910),27.0,The Sound and the Fury,1910-06-02,1910-06-02,Quentin finds the little Italian girl (June second 1910)
186,Quentin confronts Caddy at the creek,The Sound and the Fury,1909-00-00,1909-00-00,0,Quentin sees Caddy and Dalton,Dates collected from Ross and Polk,465.0,Quentin Compson III (narrator),"June Second, 1910",153.0,153.0,Quentin gets arrested for taking the little Italian girl (June second 1910),27.0,The Sound and the Fury,1910-06-02,1910-06-02,Quentin finds the little Italian girl (June second 1910)
186,Quentin confronts Caddy at the creek,The Sound and the Fury,1909-00-00,1909-00-00,0,Quentin sees Caddy and Dalton,Dates collected from Ross and Polk,466.0,Quentin Compson III (narrator),"June Second, 1910",154.0,154.0,Quentin gets arrested for taking the little Italian girl (June second 1910),27.0,The Sound and the Fury,1910-06-02,1910-06-02,Quentin finds the little Italian girl (June second 1910)
186,Quentin confronts Caddy at the creek,The Sound and the Fury,1909-00-00,1909-00-00,0,Quentin sees Caddy and Dalton,Dates collected from Ross and Polk,467.0,Quentin Compson III (narrator),"June Second, 1910",155.0,155.0,Quentin gets arrested for taking the little Italian girl (June second 1910),27.0,The Sound and the Fury,1910-06-02,1910-06-02,Quentin finds the little Italian girl (June second 1910)
186,Quentin confronts Caddy at the creek,The Sound and the Fury,1909-00-00,1909-00-00,0,Quentin sees Caddy and Dalton,Dates collected from Ross and Polk,468.0,Quentin Compson III (narrator),"June Second, 1910",156.0,156.0,Quentin gets arrested for taking the little Italian girl (June second 1910),27.0,The Sound and the Fury,1910-06-02,1910-06-02,Quentin finds the little Italian girl (June second 1910)
186,Quentin confronts Caddy at the creek,The Sound and the Fury,1909-00-00,1909-00-00,0,Quentin sees Caddy and Dalton,Dates collected from Ross and Polk,469.0,Quentin Compson III (narrator),"June Second, 1910",157.0,157.0,Quentin gets arrested for taking the little Italian girl (June second 1910),27.0,The Sound and the Fury,1910-06-02,1910-06-02,Quentin finds the little Italian girl (June second 1910)
186,Quentin confronts Caddy at the creek,The Sound and the Fury,1909-00-00,1909-00-00,0,Quentin sees Caddy and Dalton,Dates collected from Ross and Polk,470.0,Quentin Compson III (narrator),"June Second, 1910",158.0,158.0,Quentin gets arrested for taking the little Italian girl (June second 1910),27.0,The Sound and the Fury,1910-06-02,1910-06-02,Quentin finds the little Italian girl (June second 1910)
187,Quentin confronts Dalton,The Sound and the Fury,1909-08-00,1909-09-00,0,Quentin confronts Caddy at the creek,Dates collected from Ross and Polk,471.0,Quentin Compson III (narrator),"June Second, 1910",79.0,79.0,Quentin breaks his watch (June second 1910),21.0,The Sound and the Fury,1910-06-02,1910-06-02,_NO PRECEDING TELLING TIME
187,Quentin confronts Dalton,The Sound and the Fury,1909-08-00,1909-09-00,0,Quentin confronts Caddy at the creek,Dates collected from Ross and Polk,472.0,Quentin Compson III (narrator),"June Second, 1910",92.0,92.0,Quentin sends his note to his father (June second 1910),23.0,The Sound and the Fury,1910-06-02,1910-06-02,Quentin writes notes to his father and Shreve (June second 1910)
187,Quentin confronts Dalton,The Sound and the Fury,1909-08-00,1909-09-00,0,Quentin confronts Caddy at the creek,Dates collected from Ross and Polk,473.0,Quentin Compson III (narrator),"June Second, 1910",158.0,158.0,Quentin gets arrested for taking the little Italian girl (June second 1910),27.0,The Sound and the Fury,1910-06-02,1910-06-02,Quentin finds the little Italian girl (June second 1910)
187,Quentin confronts Dalton,The Sound and the Fury,1909-08-00,1909-09-00,0,Quentin confronts Caddy at the creek,Dates collected from Ross and Polk,474.0,Quentin Compson III (narrator),"June Second, 1910",159.0,159.0,Quentin gets arrested for taking the little Italian girl (June second 1910),27.0,The Sound and the Fury,1910-06-02,1910-06-02,Quentin finds the little Italian girl (June second 1910)
187,Quentin confronts Dalton,The Sound and the Fury,1909-08-00,1909-09-00,0,Quentin confronts Caddy at the creek,Dates collected from Ross and Polk,475.0,Quentin Compson III (narrator),"June Second, 1910",160.0,160.0,Quentin fights Gerald (June second 1910),28.0,The Sound and the Fury,1910-06-02,1910-06-02,Quentin gets arrested for taking the little Italian girl (June second 1910)
187,Quentin confronts Dalton,The Sound and the Fury,1909-08-00,1909-09-00,0,Quentin confronts Caddy at the creek,Dates collected from Ross and Polk,476.0,Quentin Compson III (narrator),"June Second, 1910",161.0,161.0,Quentin fights Gerald (June second 1910),28.0,The Sound and the Fury,1910-06-02,1910-06-02,Quentin gets arrested for taking the little Italian girl (June second 1910)
187,Quentin confronts Dalton,The Sound and the Fury,1909-08-00,1909-09-00,0,Quentin confronts Caddy at the creek,Dates collected from Ross and Polk,477.0,Quentin Compson III (narrator),"June Second, 1910",162.0,162.0,Quentin fights Gerald (June second 1910),28.0,The Sound and the Fury,1910-06-02,1910-06-02,Quentin gets arrested for taking the little Italian girl (June second 1910)
187,Quentin confronts Dalton,The Sound and the Fury,1909-08-00,1909-09-00,0,Quentin confronts Caddy at the creek,Dates collected from Ross and Polk,478.0,Quentin Compson III (narrator),"June Second, 1910",163.0,163.0,Quentin fights Gerald (June second 1910),28.0,The Sound and the Fury,1910-06-02,1910-06-02,Quentin gets arrested for taking the little Italian girl (June second 1910)
191,Quentin meets Herbert Head,The Sound and the Fury,1910-04-23,1910-04-23,0,Quentin recieves Caddy and Herbert's wedding announcement,Dates collected from Ross and Polk,491.0,Quentin Compson III (narrator),"June Second, 1910",93.0,93.0,Quentin sends his note to his father (June second 1910),23.0,The Sound and the Fury,1910-06-02,1910-06-02,Quentin writes notes to his father and Shreve (June second 1910)
191,Quentin meets Herbert Head,The Sound and the Fury,1910-04-23,1910-04-23,0,Quentin recieves Caddy and Herbert's wedding announcement,Dates collected from Ross and Polk,492.0,Quentin Compson III (narrator),"June Second, 1910",95.0,95.0,Quentin sends his note to his father (June second 1910),23.0,The Sound and the Fury,1910-06-02,1910-06-02,Quentin writes notes to his father and Shreve (June second 1910)
190,Quentin recieves Caddy and Herbert's wedding announcement,The Sound and the Fury,1910-00-00,1910-04-23,0,Herbert Head promises Jason a bank job,Dates collected from Ross and Polk,487.0,Quentin Compson III (narrator),"June Second, 1910",77.0,77.0,Quentin breaks his watch (June second 1910),21.0,The Sound and the Fury,1910-06-02,1910-06-02,_NO PRECEDING TELLING TIME
190,Quentin recieves Caddy and Herbert's wedding announcement,The Sound and the Fury,1910-00-00,1910-04-23,0,Herbert Head promises Jason a bank job,Dates collected from Ross and Polk,488.0,Quentin Compson III (narrator),"June Second, 1910",93.0,93.0,Quentin sends his note to his father (June second 1910),23.0,The Sound and the Fury,1910-06-02,1910-06-02,Quentin writes notes to his father and Shreve (June second 1910)
190,Quentin recieves Caddy and Herbert's wedding announcement,The Sound and the Fury,1910-00-00,1910-04-23,0,Herbert Head promises Jason a bank job,Dates collected from Ross and Polk,489.0,Quentin Compson III (narrator),"June Second, 1910",94.0,94.0,Quentin sends his note to his father (June second 1910),23.0,The Sound and the Fury,1910-06-02,1910-06-02,Quentin writes notes to his father and Shreve (June second 1910)
190,Quentin recieves Caddy and Herbert's wedding announcement,The Sound and the Fury,1910-00-00,1910-04-23,0,Herbert Head promises Jason a bank job,Dates collected from Ross and Polk,490.0,Quentin Compson III (narrator),"June Second, 1910",174.0,174.0,Quentin dresses up (June second 1910),29.0,The Sound and the Fury,1910-06-02,1910-06-02,Quentin fights Gerald (June second 1910)
185,Quentin sees Caddy and Dalton,The Sound and the Fury,1909-00-00,1909-00-00,0,Caddy and Charlie hook up,Dates collected from Ross and Polk,451.0,Quentin Compson III (narrator),"June Second, 1910",80.0,80.0,Quentin breaks his watch (June second 1910),21.0,The Sound and the Fury,1910-06-02,1910-06-02,_NO PRECEDING TELLING TIME
185,Quentin sees Caddy and Dalton,The Sound and the Fury,1909-00-00,1909-00-00,0,Caddy and Charlie hook up,Dates collected from Ross and Polk,452.0,Quentin Compson III (narrator),"June Second, 1910",88.0,88.0,Quentin sends his note to his father (June second 1910),23.0,The Sound and the Fury,1910-06-02,1910-06-02,Quentin writes notes to his father and Shreve (June second 1910)
185,Quentin sees Caddy and Dalton,The Sound and the Fury,1909-00-00,1909-00-00,0,Caddy and Charlie hook up,Dates collected from Ross and Polk,453.0,Quentin Compson III (narrator),"June Second, 1910",96.0,96.0,Quentin sends his note to his father (June second 1910),23.0,The Sound and the Fury,1910-06-02,1910-06-02,Quentin writes notes to his father and Shreve (June second 1910)
185,Quentin sees Caddy and Dalton,The Sound and the Fury,1909-00-00,1909-00-00,0,Caddy and Charlie hook up,Dates collected from Ross and Polk,454.0,Quentin Compson III (narrator),"June Second, 1910",111.0,111.0,Quentin gives Shreve's note to Deacon (June second 1910),24.0,The Sound and the Fury,1910-06-02,1910-06-02,Quentin sends his note to his father (June second 1910)
185,Quentin sees Caddy and Dalton,The Sound and the Fury,1909-00-00,1909-00-00,0,Caddy and Charlie hook up,Dates collected from Ross and Polk,455.0,Quentin Compson III (narrator),"June Second, 1910",124.0,124.0,Quentin buys tire irons and hides them (June second 1910),25.0,The Sound and the Fury,1910-06-02,1910-06-02,Quentin gives Shreve's note to Deacon (June second 1910)
185,Quentin sees Caddy and Dalton,The Sound and the Fury,1909-00-00,1909-00-00,0,Caddy and Charlie hook up,Dates collected from Ross and Polk,456.0,Quentin Compson III (narrator),"June Second, 1910",129.0,129.0,Quentin finds the little Italian girl (June second 1910),26.0,The Sound and the Fury,1910-06-02,1910-06-02,Quentin buys tire irons and hides them (June second 1910)
185,Quentin sees Caddy and Dalton,The Sound and the Fury,1909-00-00,1909-00-00,0,Caddy and Charlie hook up,Dates collected from Ross and Polk,457.0,Quentin Compson III (narrator),"June Second, 1910",149.0,149.0,Quentin gets arrested for taking the little Italian girl (June second 1910),27.0,The Sound and the Fury,1910-06-02,1910-06-02,Quentin finds the little Italian girl (June second 1910)
185,Quentin sees Caddy and Dalton,The Sound and the Fury,1909-00-00,1909-00-00,0,Caddy and Charlie hook up,Dates collected from Ross and Polk,458.0,Quentin Compson III (narrator),"June Second, 1910",174.0,174.0,Quentin dresses up (June second 1910),29.0,The Sound and the Fury,1910-06-02,1910-06-02,Quentin fights Gerald (June second 1910)
185,Quentin sees Caddy and Dalton,The Sound and the Fury,1909-00-00,1909-00-00,0,Caddy and Charlie hook up,Dates collected from Ross and Polk,459.0,Quentin Compson III (narrator),"June Second, 1910",175.0,175.0,Quentin dresses up (June second 1910),29.0,The Sound and the Fury,1910-06-02,1910-06-02,Quentin fights Gerald (June second 1910)
188,Quentin tells his father he has committed incest,The Sound and the Fury,1909-08-00,1909-09-00,0,Quentin confronts Dalton,Dates collected from Ross and Polk,479.0,Quentin Compson III (narrator),"June Second, 1910",77.0,77.0,Quentin breaks his watch (June second 1910),21.0,The Sound and the Fury,1910-06-02,1910-06-02,_NO PRECEDING TELLING TIME
188,Quentin tells his father he has committed incest,The Sound and the Fury,1909-08-00,1909-09-00,0,Quentin confronts Dalton,Dates collected from Ross and Polk,480.0,Quentin Compson III (narrator),"June Second, 1910",79.0,79.0,Quentin breaks his watch (June second 1910),21.0,The Sound and the Fury,1910-06-02,1910-06-02,_NO PRECEDING TELLING TIME
188,Quentin tells his father he has committed incest,The Sound and the Fury,1909-08-00,1909-09-00,0,Quentin confronts Dalton,Dates collected from Ross and Polk,481.0,Quentin Compson III (narrator),"June Second, 1910",95.0,95.0,Quentin sends his note to his father (June second 1910),23.0,The Sound and the Fury,1910-06-02,1910-06-02,Quentin writes notes to his father and Shreve (June second 1910)
188,Quentin tells his father he has committed incest,The Sound and the Fury,1909-08-00,1909-09-00,0,Quentin confronts Dalton,Dates collected from Ross and Polk,482.0,Quentin Compson III (narrator),"June Second, 1910",148.0,148.0,Quentin gets arrested for taking the little Italian girl (June second 1910),27.0,The Sound and the Fury,1910-06-02,1910-06-02,Quentin finds the little Italian girl (June second 1910)
188,Quentin tells his father he has committed incest,The Sound and the Fury,1909-08-00,1909-09-00,0,Quentin confronts Dalton,Dates collected from Ross and Polk,483.0,Quentin Compson III (narrator),"June Second, 1910",176.0,176.0,Quentin dresses up (June second 1910),29.0,The Sound and the Fury,1910-06-02,1910-06-02,Quentin fights Gerald (June second 1910)
188,Quentin tells his father he has committed incest,The Sound and the Fury,1909-08-00,1909-09-00,0,Quentin confronts Dalton,Dates collected from Ross and Polk,484.0,Quentin Compson III (narrator),"June Second, 1910",177.0,177.0,Quentin dresses up (June second 1910),29.0,The Sound and the Fury,1910-06-02,1910-06-02,Quentin fights Gerald (June second 1910)
98,R Alma Mereminski dies,Rowan's History of Love,1995-01-01,1995-12-31,1,R David Singer dies,"She ""died five years ago"" (85). Leo narrates from the year 2000.",130.0,R Leo (narrator),R A JOY FOREVER,85.0,0.0,R Not before 1 December 2000,11.0,Rowan's History of Love,2000-12-01,2001-01-31,_CHOOSE A TELLING TIME
98,R Alma Mereminski dies,Rowan's History of Love,1995-01-01,1995-12-31,1,R David Singer dies,"She ""died five years ago"" (85). Leo narrates from the year 2000.",159.0,R Leo (narrator),R DIE LAUGHING,163.0,0.0,R Not before 1 December 2000,11.0,Rowan's History of Love,2000-12-01,2001-01-31,_CHOOSE A TELLING TIME
98,R Alma Mereminski dies,Rowan's History of Love,1995-01-01,1995-12-31,1,R David Singer dies,"She ""died five years ago"" (85). Leo narrates from the year 2000.",555.0,R Leo (narrator),R DIE LAUGHING,168.0,0.0,R Not before 1 December 2000,11.0,Rowan's History of Love,2000-12-01,2001-01-31,_CHOOSE A TELLING TIME
98,R Alma Mereminski dies,Rowan's History of Love,1995-01-01,1995-12-31,1,R David Singer dies,"She ""died five years ago"" (85). Leo narrates from the year 2000.",165.0,R Alma (narrator),R 7. I'M SICK OF FAMOUS WRITERS,176.0,0.0,R Not before 14 September 2000,6.0,Rowan's History of Love,2000-09-14,0000-00-00,_CHOOSE A TELLING TIME
70,R Alma Mereminski is born,Rowan's History of Love,1920-02-21,0000-00-00,1,_NO PRECEDING EVENT,"""[Alma's] birthday was the twenty-first of February (making her older than me by five months and twenty-eight days)"" (128)",146.0,R Leo (narrator),R UNTIL THE WRITING HAND HURTS [1.1],128.0,0.0,R Not before 1 December 2000,11.0,Rowan's History of Love,2000-12-01,2001-01-31,_CHOOSE A TELLING TIME
74,R Alma Mereminski leaves for America,Rowan's History of Love,1940-02-01,1940-04-30,0,R Zvi sees Leo and Alma kiss,"Isaac was born after Oct 8 1940 and before Nov 1 1940. Alma ""threw up the whole way"" (12) to America. Morning sickness usually occurs within the first trimester. This date range encompasses the first trimester.",101.0,R Leo (narrator),R THE LAST WORDS ON EARTH [1.1],8.0,0.0,R Not before 1 December 2000,11.0,Rowan's History of Love,2000-12-01,2001-01-31,_CHOOSE A TELLING TIME
74,R Alma Mereminski leaves for America,Rowan's History of Love,1940-02-01,1940-04-30,0,R Zvi sees Leo and Alma kiss,"Isaac was born after Oct 8 1940 and before Nov 1 1940. Alma ""threw up the whole way"" (12) to America. Morning sickness usually occurs within the first trimester. This date range encompasses the first trimester.",105.0,R Leo (narrator),R THE LAST WORDS ON EARTH [1.1],11.0,0.0,R Not before 1 December 2000,11.0,Rowan's History of Love,2000-12-01,2001-01-31,_CHOOSE A TELLING TIME
74,R Alma Mereminski leaves for America,Rowan's History of Love,1940-02-01,1940-04-30,0,R Zvi sees Leo and Alma kiss,"Isaac was born after Oct 8 1940 and before Nov 1 1940. Alma ""threw up the whole way"" (12) to America. Morning sickness usually occurs within the first trimester. This date range encompasses the first trimester.",106.0,R Leo (narrator),R THE LAST WORDS ON EARTH [1.1],12.0,0.0,R Not before 1 December 2000,11.0,Rowan's History of Love,2000-12-01,2001-01-31,_CHOOSE A TELLING TIME
74,R Alma Mereminski leaves for America,Rowan's History of Love,1940-02-01,1940-04-30,0,R Zvi sees Leo and Alma kiss,"Isaac was born after Oct 8 1940 and before Nov 1 1940. Alma ""threw up the whole way"" (12) to America. Morning sickness usually occurs within the first trimester. This date range encompasses the first trimester.",150.0,R Alma (narrator),R 9. IF SHE'S REAL,140.0,0.0,R Not before 14 September 2000,6.0,Rowan's History of Love,2000-09-14,0000-00-00,_CHOOSE A TELLING TIME
74,R Alma Mereminski leaves for America,Rowan's History of Love,1940-02-01,1940-04-30,0,R Zvi sees Leo and Alma kiss,"Isaac was born after Oct 8 1940 and before Nov 1 1940. Alma ""threw up the whole way"" (12) to America. Morning sickness usually occurs within the first trimester. This date range encompasses the first trimester.",162.0,R Alma (narrator),R 2. MY MOTHER LOOKS RIGHT THROUGH ME,171.0,0.0,R Not before 14 September 2000,6.0,Rowan's History of Love,2000-09-14,0000-00-00,_CHOOSE A TELLING TIME
74,R Alma Mereminski leaves for America,Rowan's History of Love,1940-02-01,1940-04-30,0,R Zvi sees Leo and Alma kiss,"Isaac was born after Oct 8 1940 and before Nov 1 1940. Alma ""threw up the whole way"" (12) to America. Morning sickness usually occurs within the first trimester. This date range encompasses the first trimester.",94.0,R Alma (narrator),R A + L [4.4],251.0,0.0,R Not before 21 October 2000,12.0,Rowan's History of Love,2000-10-21,2001-09-14,_CHOOSE A TELLING TIME
96,R Alma Singer is born,Rowan's History of Love,1985-09-14,1985-09-28,1,R Leo and Bruno reunite,,116.0,R Alma (narrator),R 1. MY NAME IS ALMA SINGER,35.0,0.0,R Not before 14 September 2000,6.0,Rowan's History of Love,2000-09-14,0000-00-00,_CHOOSE A TELLING TIME
96,R Alma Singer is born,Rowan's History of Love,1985-09-14,1985-09-28,1,R Leo and Bruno reunite,,119.0,R Alma (narrator),R 10. THEY MOVED TO NEW YORK AND HAD ME,41.0,0.0,R Not before 14 September 2000,6.0,Rowan's History of Love,2000-09-14,0000-00-00,_CHOOSE A TELLING TIME
110,R Alma and Herman go to Isaac's house (Alma leaves her phone number there),Rowan's History of Love,2000-09-25,0000-00-00,1,R Leo sends WORDS FOR EVERYTHING to Isaac,"""A week and a half later"" is ""October 5th"" (202).",559.0,R Alma (narrator),R 17. LOOK AT ME,199.0,0.0,R Not before 5 October 2000,46.0,Rowan's History of Love,2000-10-05,0000-00-00,_CHOOSE A TELLING TIME
110,R Alma and Herman go to Isaac's house (Alma leaves her phone number there),Rowan's History of Love,2000-09-25,0000-00-00,1,R Leo sends WORDS FOR EVERYTHING to Isaac,"""A week and a half later"" is ""October 5th"" (202).",169.0,R Alma (narrator),R 19. I JUST DO,200.0,0.0,R Not before 5 October 2000,46.0,Rowan's History of Love,2000-10-05,0000-00-00,_CHOOSE A TELLING TIME
124,R Alma and Leo meet,Rowan's History of Love,2000-10-21,0000-00-00,1,R Leo finds Bird's letter,After 4:00PM (212).,96.0,R Alma (narrator),R A + L [3.5],241.0,0.0,R Not before 21 October 2000,12.0,Rowan's History of Love,2000-10-21,2001-09-14,_CHOOSE A TELLING TIME
124,R Alma and Leo meet,Rowan's History of Love,2000-10-21,0000-00-00,1,R Leo finds Bird's letter,After 4:00PM (212).,97.0,R Leo (narrator),R A + L [3.6],242.0,0.0,R Not before 1 December 2000,11.0,Rowan's History of Love,2000-12-01,2001-01-31,_CHOOSE A TELLING TIME
103,R Alma and Misha kiss (for the second time ??),Rowan's History of Love,2000-08-14,2000-09-01,1,R Alma begins searching for Alma Mereminski,"""TWO WEEKS PASSED, MISHA AND I STILL HADN'T TALKED"" (143). Note: ""...the summer before, when we were thirteen and stood on the roof of his building, the tar soft under our feet, our tongues in each other's mouths..."" (141).",153.0,R Alma (narrator),R 9. IF SHE'S REAL,141.0,0.0,R Not before 14 September 2000,6.0,Rowan's History of Love,2000-09-14,0000-00-00,_CHOOSE A TELLING TIME
103,R Alma and Misha kiss (for the second time ??),Rowan's History of Love,2000-08-14,2000-09-01,1,R Alma begins searching for Alma Mereminski,"""TWO WEEKS PASSED, MISHA AND I STILL HADN'T TALKED"" (143). Note: ""...the summer before, when we were thirteen and stood on the roof of his building, the tar soft under our feet, our tongues in each other's mouths..."" (141).",154.0,R Alma (narrator),R 10. THEN,141.0,0.0,R Not before 14 September 2000,6.0,Rowan's History of Love,2000-09-14,0000-00-00,_CHOOSE A TELLING TIME
99,R Alma becomes Misha's pen pal,Rowan's History of Love,1997-09-28,1998-02-28,1,R Alma Mereminski dies,"""He was almost thirteen, five months older than I"" (98).",138.0,R Alma (narrator),R 3. THE MAN WHO COULDN'T ESCAPE GRAVITY,95.0,0.0,R Not before 14 September 2000,6.0,Rowan's History of Love,2000-09-14,0000-00-00,_CHOOSE A TELLING TIME
99,R Alma becomes Misha's pen pal,Rowan's History of Love,1997-09-28,1998-02-28,1,R Alma Mereminski dies,"""He was almost thirteen, five months older than I"" (98).",139.0,R Alma (narrator),R 6. IF I HAD A RUSSIAN ACCENT EVERYTHING WOULD BE DIFFERENT,98.0,0.0,R Not before 14 September 2000,6.0,Rowan's History of Love,2000-09-14,0000-00-00,_CHOOSE A TELLING TIME
102,R Alma begins searching for Alma Mereminski,Rowan's History of Love,2000-07-14,2000-08-01,1,R Charlotte receives Isaac's first letter,"""It was already the end of July"" (102).",143.0,R Alma (narrator),R 14. THE BIRTH OF FEELING,109.0,0.0,R Not before 14 September 2000,6.0,Rowan's History of Love,2000-09-14,0000-00-00,_CHOOSE A TELLING TIME
113,R Alma learns of Isaac's death,Rowan's History of Love,2000-10-05,0000-00-00,1,R Leo learns of Isaac's death,"""...October 5th..."" (202)",170.0,R Alma (narrator),R 22. I DECIDED THERE WAS NOTHING LEFT TO LOSE,202.0,0.0,R Not before 5 October 2000,46.0,Rowan's History of Love,2000-10-05,0000-00-00,_CHOOSE A TELLING TIME
105,R Alma reads Bird's journal,Rowan's History of Love,2000-08-15,2000-09-28,1,R Alma realises Alma Mereminski had married,This event happened before Alma's fifteenth birthday.,163.0,R Alma (narrator),R 22. BEING NORMAL,149.0,0.0,R Not before 14 September 2000,6.0,Rowan's History of Love,2000-09-14,0000-00-00,_CHOOSE A TELLING TIME
104,R Alma realises Alma Mereminski had married,Rowan's History of Love,2000-08-14,2000-09-01,1,R Alma and Misha kiss (for the second time ??),"This event happened after Alma and Misha kissed, but before September: ""I'll be fifteen next month"" (148).",156.0,R Alma (narrator),R 21. SHE MUST HAVE GOTTEN MARRIED!,149.0,0.0,R Not before 14 September 2000,6.0,Rowan's History of Love,2000-09-14,0000-00-00,_CHOOSE A TELLING TIME
106,R Alma realises Alma Mereminski has died,Rowan's History of Love,2000-08-16,2000-09-28,1,R Alma reads Bird's journal,This event happened before Alma's fifteenth birthday.,166.0,R Alma (narrator),R 7. I'M SICK OF FAMOUS WRITERS,176.0,0.0,R Not before 14 September 2000,6.0,Rowan's History of Love,2000-09-14,0000-00-00,_CHOOSE A TELLING TIME
107,R Alma realises Jacob Marcus is Isaac Moritz,Rowan's History of Love,2000-09-14,2000-09-30,1,R Alma realises Alma Mereminski has died,"This event happened either on or after ""the morning of [Alma's] fifteenth birthday"" (194) but before she asked Herman to drive her to Isaac's house.",168.0,R Alma (narrator),R 9. HOLY COW,196.0,0.0,R Not before 14 September 2000,6.0,Rowan's History of Love,2000-09-14,0000-00-00,_CHOOSE A TELLING TIME
125,R Alma realises Leo wrote The History of Love,Rowan's History of Love,2000-10-21,0000-00-00,1,R Alma and Leo meet,,95.0,R Alma (narrator),R A + L [4.4],251.0,0.0,R Not before 21 October 2000,12.0,Rowan's History of Love,2000-10-21,2001-09-14,_CHOOSE A TELLING TIME
121,R Alma receives Bird's letter,Rowan's History of Love,2000-10-10,2000-10-17,1,R Leo leaves to retrieve WORDS FOR EVERYTHING,,568.0,R Alma (narrator),R A + L [1.1],219.0,0.0,R Not before 21 October 2000,12.0,Rowan's History of Love,2000-10-21,2001-09-14,_CHOOSE A TELLING TIME
121,R Alma receives Bird's letter,Rowan's History of Love,2000-10-10,2000-10-17,1,R Leo leaves to retrieve WORDS FOR EVERYTHING,,569.0,R Alma (narrator),R A + L [2.6],233.0,0.0,R Not before 21 October 2000,12.0,Rowan's History of Love,2000-10-21,2001-09-14,_CHOOSE A TELLING TIME
81,R Alma refuses Leo's proposal,Rowan's History of Love,1945-10-01,1946-08-18,1,R Leo leaves for America,Leo was 25 and Isaac was 5 (13); this event happened after Isaac's 5th birthday and before Leo's 26th.,110.0,R Leo (narrator),R THE LAST WORDS ON EARTH [1.1],13.0,0.0,R Not before 1 December 2000,11.0,Rowan's History of Love,2000-12-01,2001-01-31,_CHOOSE A TELLING TIME
81,R Alma refuses Leo's proposal,Rowan's History of Love,1945-10-01,1946-08-18,1,R Leo leaves for America,Leo was 25 and Isaac was 5 (13); this event happened after Isaac's 5th birthday and before Leo's 26th.,538.0,R Leo (narrator),R A + L [1.8],226.0,0.0,R Not before 1 December 2000,11.0,Rowan's History of Love,2000-12-01,2001-01-31,_CHOOSE A TELLING TIME
114,R Bernard calls for Alma (revealing Leo's identity to Bird),Rowan's History of Love,2000-10-06,0000-00-00,1,R Alma learns of Isaac's death,"""October 6"" (215).",86.0,R Bird (narrator),R WOULD A LAMED VOVNIK DO THIS?,216.0,0.0,R 6 October 2000,9.0,Rowan's History of Love,2000-10-06,0000-00-00,_CHOOSE A TELLING TIME
114,R Bernard calls for Alma (revealing Leo's identity to Bird),Rowan's History of Love,2000-10-06,0000-00-00,1,R Alma learns of Isaac's death,"""October 6"" (215).",87.0,R Bird (narrator),R WOULD A LAMED VOVNIK DO THIS?,217.0,0.0,R 6 October 2000,9.0,Rowan's History of Love,2000-10-06,0000-00-00,_CHOOSE A TELLING TIME
116,R Bird sends Leo and Alma letters [Obsolete],Rowan's History of Love,2000-10-07,2000-10-17,1,R Bird sends the letters and The History of Love,"This event happened before the day that Leo and Alma meet, which is October 17.",,,,,,,,,,,
115,R Bird sends the letters and The History of Love,Rowan's History of Love,2000-10-07,0000-00-00,1,R Bernard calls for Alma (revealing Leo's identity to Bird),"""October 7"" (218).",,,,,,,,,,,
174,R Bruno dies,Rowan's History of Love,1941-07-01,1941-07-01,1,R The Nazis invade Slonim,"""He died on a July dat in 1941"" (249).",92.0,R Leo (narrator),R A + L [4.3],249.0,0.0,R Not before 1 December 2000,11.0,Rowan's History of Love,2000-12-01,2001-01-31,_CHOOSE A TELLING TIME
93,R Charlotte and David meet,Rowan's History of Love,1975-01-01,1978-12-31,1,R David Singer buys The History of Love,"Charlotte met David ""the summer before she started Oxford' (37-8).",118.0,R Alma (narrator),R 4. MY FATHER DIED WHEN I WAS SEVEN,37.0,0.0,R Not before 14 September 2000,6.0,Rowan's History of Love,2000-09-14,0000-00-00,_CHOOSE A TELLING TIME
93,R Charlotte and David meet,Rowan's History of Love,1975-01-01,1978-12-31,1,R David Singer buys The History of Love,"Charlotte met David ""the summer before she started Oxford' (37-8).",548.0,R Alma (narrator),R 4. MY FATHER DIED WHEN I WAS SEVEN,38.0,0.0,R Not before 14 September 2000,6.0,Rowan's History of Love,2000-09-14,0000-00-00,_CHOOSE A TELLING TIME
93,R Charlotte and David meet,Rowan's History of Love,1975-01-01,1978-12-31,1,R David Singer buys The History of Love,"Charlotte met David ""the summer before she started Oxford' (37-8).",142.0,R Alma (narrator),R 13. THE ETERNAL DISAPPOINTMENT OF LIFE AS IT IS,108.0,0.0,R Not before 14 September 2000,6.0,Rowan's History of Love,2000-09-14,0000-00-00,_CHOOSE A TELLING TIME
101,R Charlotte receives Isaac's first letter,Rowan's History of Love,2000-02-01,2000-02-28,1,R Leo begins to write again,"""...in the middle of last February a letter arrived..."" (55).",124.0,R Alma (narrator),R 28. A HUNDRED THINGS CAN CHANGE YOUR LIFE; A LETTER IS ONE,55.0,0.0,R Not before 14 September 2000,6.0,Rowan's History of Love,2000-09-14,0000-00-00,_CHOOSE A TELLING TIME
101,R Charlotte receives Isaac's first letter,Rowan's History of Love,2000-02-01,2000-02-28,1,R Leo begins to write again,"""...in the middle of last February a letter arrived..."" (55).",141.0,R Alma (narrator),R 8. Блядь,101.0,0.0,R Not before 14 September 2000,6.0,Rowan's History of Love,2000-09-14,0000-00-00,_CHOOSE A TELLING TIME
101,R Charlotte receives Isaac's first letter,Rowan's History of Love,2000-02-01,2000-02-28,1,R Leo begins to write again,"""...in the middle of last February a letter arrived..."" (55).",558.0,R Alma (narrator),R 8. INTERGLACIAL,139.0,0.0,R Not before 14 September 2000,6.0,Rowan's History of Love,2000-09-14,0000-00-00,_CHOOSE A TELLING TIME
92,R David Singer buys The History of Love,Rowan's History of Love,1971-01-01,1971-12-31,1,R Rosa destroys the manuscript of The History of Love,"David was 22 when he bought it (176). He was 10 years older than Charlotte, and Charlotte is 41 when Alma is 15 (38).  Alma is born in 1985.",66.0,R Zvi's narrator,R FORGIVE ME,74.0,0.0,R Not Before 1980,7.0,Rowan's History of Love,1980-00-00,0000-00-00,_CHOOSE A TELLING TIME
92,R David Singer buys The History of Love,Rowan's History of Love,1971-01-01,1971-12-31,1,R Rosa destroys the manuscript of The History of Love,"David was 22 when he bought it (176). He was 10 years older than Charlotte, and Charlotte is 41 when Alma is 15 (38).  Alma is born in 1985.",164.0,R Alma (narrator),R 6. I KNOCK AND SHE ASNWERS,175.0,0.0,R Not before 14 September 2000,6.0,Rowan's History of Love,2000-09-14,0000-00-00,_CHOOSE A TELLING TIME
97,R David Singer dies,Rowan's History of Love,1992-09-14,1993-09-28,1,R Alma Singer is born,"""MY FATHER DIED WHEN I WAS SEVEN"" (37).",117.0,R Alma (narrator),R 4. MY FATHER DIED WHEN I WAS SEVEN,37.0,0.0,R Not before 14 September 2000,6.0,Rowan's History of Love,2000-09-14,0000-00-00,_CHOOSE A TELLING TIME
97,R David Singer dies,Rowan's History of Love,1992-09-14,1993-09-28,1,R Alma Singer is born,"""MY FATHER DIED WHEN I WAS SEVEN"" (37).",120.0,R Alma (narrator),R 12. HE LIKED TO COOK AND LAUGH AND SING...,41.0,0.0,R Not before 14 September 2000,6.0,Rowan's History of Love,2000-09-14,0000-00-00,_CHOOSE A TELLING TIME
97,R David Singer dies,Rowan's History of Love,1992-09-14,1993-09-28,1,R Alma Singer is born,"""MY FATHER DIED WHEN I WAS SEVEN"" (37).",121.0,R Alma (narrator),R 14. AT THE END OF THE WORLD,42.0,0.0,R Not before 14 September 2000,6.0,Rowan's History of Love,2000-09-14,0000-00-00,_CHOOSE A TELLING TIME
97,R David Singer dies,Rowan's History of Love,1992-09-14,1993-09-28,1,R Alma Singer is born,"""MY FATHER DIED WHEN I WAS SEVEN"" (37).",122.0,R Alma (narrator),R 16. EVERYTHING IS REMADE AS REASON,43.0,0.0,R Not before 14 September 2000,6.0,Rowan's History of Love,2000-09-14,0000-00-00,_CHOOSE A TELLING TIME
97,R David Singer dies,Rowan's History of Love,1992-09-14,1993-09-28,1,R Alma Singer is born,"""MY FATHER DIED WHEN I WAS SEVEN"" (37).",123.0,R Alma (narrator),R 20. MY MOTHER HAS ONLY BEEN ON TWO DATES SINCE MY FATHER DIED,46.0,0.0,R Not before 14 September 2000,6.0,Rowan's History of Love,2000-09-14,0000-00-00,_CHOOSE A TELLING TIME
97,R David Singer dies,Rowan's History of Love,1992-09-14,1993-09-28,1,R Alma Singer is born,"""MY FATHER DIED WHEN I WAS SEVEN"" (37).",137.0,R Alma (narrator),R 3. THE MAN WHO COULDN'T ESCAPE GRAVITY,94.0,0.0,R Not before 14 September 2000,6.0,Rowan's History of Love,2000-09-14,0000-00-00,_CHOOSE A TELLING TIME
97,R David Singer dies,Rowan's History of Love,1992-09-14,1993-09-28,1,R Alma Singer is born,"""MY FATHER DIED WHEN I WAS SEVEN"" (37).",140.0,R Alma (narrator),R 8. Блядь,101.0,0.0,R Not before 14 September 2000,6.0,Rowan's History of Love,2000-09-14,0000-00-00,_CHOOSE A TELLING TIME
97,R David Singer dies,Rowan's History of Love,1992-09-14,1993-09-28,1,R Alma Singer is born,"""MY FATHER DIED WHEN I WAS SEVEN"" (37).",167.0,R Alma (narrator),R 12. I GAVE UP,181.0,0.0,R Not before 14 September 2000,6.0,Rowan's History of Love,2000-09-14,0000-00-00,_CHOOSE A TELLING TIME
97,R David Singer dies,Rowan's History of Love,1992-09-14,1993-09-28,1,R Alma Singer is born,"""MY FATHER DIED WHEN I WAS SEVEN"" (37).",84.0,R Bird (narrator),R ONE NICE THING,206.0,0.0,R 3 October 2000,8.0,Rowan's History of Love,2000-10-03,0000-00-00,_CHOOSE A TELLING TIME
97,R David Singer dies,Rowan's History of Love,1992-09-14,1993-09-28,1,R Alma Singer is born,"""MY FATHER DIED WHEN I WAS SEVEN"" (37).",554.0,R Alma (narrator),R A + L [4.2],247.0,0.0,R Not before 21 October 2000,12.0,Rowan's History of Love,2000-10-21,2001-09-14,_CHOOSE A TELLING TIME
111,R Isaac dies,Rowan's History of Love,2000-10-03,0000-00-00,1,R Misha calls for Alma (exposing her search for someone to Bird),"He died the ""Tuesday night"" (77) before ""Saturday, October 7"" (80).",125.0,R Leo (narrator),R A JOY FOREVER,77.0,0.0,R Not before 1 December 2000,11.0,Rowan's History of Love,2000-12-01,2001-01-31,_CHOOSE A TELLING TIME
111,R Isaac dies,Rowan's History of Love,2000-10-03,0000-00-00,1,R Misha calls for Alma (exposing her search for someone to Bird),"He died the ""Tuesday night"" (77) before ""Saturday, October 7"" (80).",158.0,R Leo (narrator),R DIE LAUGHING,161.0,0.0,R Not before 1 December 2000,11.0,Rowan's History of Love,2000-12-01,2001-01-31,_CHOOSE A TELLING TIME
111,R Isaac dies,Rowan's History of Love,2000-10-03,0000-00-00,1,R Misha calls for Alma (exposing her search for someone to Bird),"He died the ""Tuesday night"" (77) before ""Saturday, October 7"" (80).",561.0,R Leo (narrator),R DIE LAUGHING,169.0,0.0,R Not before 1 December 2000,11.0,Rowan's History of Love,2000-12-01,2001-01-31,_CHOOSE A TELLING TIME
111,R Isaac dies,Rowan's History of Love,2000-10-03,0000-00-00,1,R Misha calls for Alma (exposing her search for someone to Bird),"He died the ""Tuesday night"" (77) before ""Saturday, October 7"" (80).",172.0,R Leo (narrator),R THE LAST TIME I SAW YOU,209.0,0.0,R Not before 1 December 2000,11.0,Rowan's History of Love,2000-12-01,2001-01-31,_CHOOSE A TELLING TIME
111,R Isaac dies,Rowan's History of Love,2000-10-03,0000-00-00,1,R Misha calls for Alma (exposing her search for someone to Bird),"He died the ""Tuesday night"" (77) before ""Saturday, October 7"" (80).",173.0,R Leo (narrator),R THE LAST TIME I SAW YOU,212.0,0.0,R Not before 1 December 2000,11.0,Rowan's History of Love,2000-12-01,2001-01-31,_CHOOSE A TELLING TIME
75,R Isaac is born,Rowan's History of Love,1940-10-08,1940-10-31,1,R Alma Mereminski leaves for America,"Isaac was 60 when he died the Tuesday before Saturday, October 7 (77, 80), and was probably conceived when both Alma and Leo ""were seventeen"" (11). This date range accommodates for each of their birthdays.",525.0,R Leo (narrator),R A JOY FOREVER,8.0,0.0,R Not before 1 December 2000,11.0,Rowan's History of Love,2000-12-01,2001-01-31,_CHOOSE A TELLING TIME
75,R Isaac is born,Rowan's History of Love,1940-10-08,1940-10-31,1,R Alma Mereminski leaves for America,"Isaac was 60 when he died the Tuesday before Saturday, October 7 (77, 80), and was probably conceived when both Alma and Leo ""were seventeen"" (11). This date range accommodates for each of their birthdays.",112.0,R Leo (narrator),R THE LAST WORDS ON EARTH [1.1],13.0,0.0,R Not before 1 December 2000,11.0,Rowan's History of Love,2000-12-01,2001-01-31,_CHOOSE A TELLING TIME
75,R Isaac is born,Rowan's History of Love,1940-10-08,1940-10-31,1,R Alma Mereminski leaves for America,"Isaac was 60 when he died the Tuesday before Saturday, October 7 (77, 80), and was probably conceived when both Alma and Leo ""were seventeen"" (11). This date range accommodates for each of their birthdays.",526.0,R Leo (narrator),R DIE LAUGHING,164.0,0.0,R Not before 1 December 2000,11.0,Rowan's History of Love,2000-12-01,2001-01-31,_CHOOSE A TELLING TIME
72,R Leo and Alma fall in love,Rowan's History of Love,1930-00-00,1940-00-00,0,R Leo is born,"Leo meets Alma ""a year"" (125) after he ""was nine"" (124); Alma leaves for America in 1940.",100.0,R Leo (narrator),R THE LAST WORDS ON EARTH [1.1],8.0,0.0,R Not before 1 December 2000,11.0,Rowan's History of Love,2000-12-01,2001-01-31,_CHOOSE A TELLING TIME
72,R Leo and Alma fall in love,Rowan's History of Love,1930-00-00,1940-00-00,0,R Leo is born,"Leo meets Alma ""a year"" (125) after he ""was nine"" (124); Alma leaves for America in 1940.",104.0,R Leo (narrator),R THE LAST WORDS ON EARTH [1.1],11.0,0.0,R Not before 1 December 2000,11.0,Rowan's History of Love,2000-12-01,2001-01-31,_CHOOSE A TELLING TIME
72,R Leo and Alma fall in love,Rowan's History of Love,1930-00-00,1940-00-00,0,R Leo is born,"Leo meets Alma ""a year"" (125) after he ""was nine"" (124); Alma leaves for America in 1940.",514.0,R Alma (narrator),R 29. MY MOTHER USED TO READ TO ME FROM THE HISTORY OF LOVE,57.0,0.0,R Not before 14 September 2000,6.0,Rowan's History of Love,2000-09-14,0000-00-00,_CHOOSE A TELLING TIME
72,R Leo and Alma fall in love,Rowan's History of Love,1930-00-00,1940-00-00,0,R Leo is born,"Leo meets Alma ""a year"" (125) after he ""was nine"" (124); Alma leaves for America in 1940.",516.0,R Alma (narrator),"R 33. THE HISTORY OF LOVE, CHAPTER 10",62.0,0.0,R Not before 14 September 2000,6.0,Rowan's History of Love,2000-09-14,0000-00-00,_CHOOSE A TELLING TIME
72,R Leo and Alma fall in love,Rowan's History of Love,1930-00-00,1940-00-00,0,R Leo is born,"Leo meets Alma ""a year"" (125) after he ""was nine"" (124); Alma leaves for America in 1940.",517.0,R Alma (narrator),"R 33. THE HISTORY OF LOVE, CHAPTER 10",63.0,0.0,R Not before 14 September 2000,6.0,Rowan's History of Love,2000-09-14,0000-00-00,_CHOOSE A TELLING TIME
72,R Leo and Alma fall in love,Rowan's History of Love,1930-00-00,1940-00-00,0,R Leo is born,"Leo meets Alma ""a year"" (125) after he ""was nine"" (124); Alma leaves for America in 1940.",126.0,R Leo (narrator),R A JOY FOREVER,80.0,0.0,R Not before 1 December 2000,11.0,Rowan's History of Love,2000-12-01,2001-01-31,_CHOOSE A TELLING TIME
72,R Leo and Alma fall in love,Rowan's History of Love,1930-00-00,1940-00-00,0,R Leo is born,"Leo meets Alma ""a year"" (125) after he ""was nine"" (124); Alma leaves for America in 1940.",129.0,R Leo (narrator),R A JOY FOREVER,85.0,0.0,R Not before 1 December 2000,11.0,Rowan's History of Love,2000-12-01,2001-01-31,_CHOOSE A TELLING TIME
72,R Leo and Alma fall in love,Rowan's History of Love,1930-00-00,1940-00-00,0,R Leo is born,"Leo meets Alma ""a year"" (125) after he ""was nine"" (124); Alma leaves for America in 1940.",135.0,R Leo (narrator),R A JOY FOREVER,90.0,0.0,R Not before 1 December 2000,11.0,Rowan's History of Love,2000-12-01,2001-01-31,_CHOOSE A TELLING TIME
72,R Leo and Alma fall in love,Rowan's History of Love,1930-00-00,1940-00-00,0,R Leo is born,"Leo meets Alma ""a year"" (125) after he ""was nine"" (124); Alma leaves for America in 1940.",518.0,R Leo (narrator),R UNTIL THE WRITING HAND HURTS [1.1],126.0,0.0,R Not before 1 December 2000,11.0,Rowan's History of Love,2000-12-01,2001-01-31,_CHOOSE A TELLING TIME
72,R Leo and Alma fall in love,Rowan's History of Love,1930-00-00,1940-00-00,0,R Leo is born,"Leo meets Alma ""a year"" (125) after he ""was nine"" (124); Alma leaves for America in 1940.",145.0,R Leo (narrator),R UNTIL THE WRITING HAND HURTS [1.1],127.0,0.0,R Not before 1 December 2000,11.0,Rowan's History of Love,2000-12-01,2001-01-31,_CHOOSE A TELLING TIME
72,R Leo and Alma fall in love,Rowan's History of Love,1930-00-00,1940-00-00,0,R Leo is born,"Leo meets Alma ""a year"" (125) after he ""was nine"" (124); Alma leaves for America in 1940.",519.0,R Leo (narrator),R UNTIL THE WRITING HAND HURTS [1.1],128.0,0.0,R Not before 1 December 2000,11.0,Rowan's History of Love,2000-12-01,2001-01-31,_CHOOSE A TELLING TIME
72,R Leo and Alma fall in love,Rowan's History of Love,1930-00-00,1940-00-00,0,R Leo is born,"Leo meets Alma ""a year"" (125) after he ""was nine"" (124); Alma leaves for America in 1940.",520.0,R Leo (narrator),R UNTIL THE WRITING HAND HURTS [1.1],129.0,0.0,R Not before 1 December 2000,11.0,Rowan's History of Love,2000-12-01,2001-01-31,_CHOOSE A TELLING TIME
72,R Leo and Alma fall in love,Rowan's History of Love,1930-00-00,1940-00-00,0,R Leo is born,"Leo meets Alma ""a year"" (125) after he ""was nine"" (124); Alma leaves for America in 1940.",148.0,R Leo (narrator),R UNTIL THE WRITING HAND HURTS [1.3],133.0,0.0,R Not before 1 December 2000,11.0,Rowan's History of Love,2000-12-01,2001-01-31,_CHOOSE A TELLING TIME
72,R Leo and Alma fall in love,Rowan's History of Love,1930-00-00,1940-00-00,0,R Leo is born,"Leo meets Alma ""a year"" (125) after he ""was nine"" (124); Alma leaves for America in 1940.",522.0,R Leo (narrator),R A + L [2.3],230.0,0.0,R Not before 1 December 2000,11.0,Rowan's History of Love,2000-12-01,2001-01-31,_CHOOSE A TELLING TIME
72,R Leo and Alma fall in love,Rowan's History of Love,1930-00-00,1940-00-00,0,R Leo is born,"Leo meets Alma ""a year"" (125) after he ""was nine"" (124); Alma leaves for America in 1940.",93.0,R Alma (narrator),R A + L [4.4],251.0,0.0,R Not before 21 October 2000,12.0,Rowan's History of Love,2000-10-21,2001-09-14,_CHOOSE A TELLING TIME
72,R Leo and Alma fall in love,Rowan's History of Love,1930-00-00,1940-00-00,0,R Leo is born,"Leo meets Alma ""a year"" (125) after he ""was nine"" (124); Alma leaves for America in 1940.",224.0,R Leo (narrator),R THE DEATH OF LEOPOLD GURSKY,255.0,0.0,R Not before 1 December 2000,11.0,Rowan's History of Love,2000-12-01,2001-01-31,_CHOOSE A TELLING TIME
95,R Leo and Bruno reunite,Rowan's History of Love,1945-10-01,1998-01-01,1,R Alma refuses Leo's proposal,"This event happened after Alma refuses Leo, but before the events of the book. Note: the date is closer to 1998 than 1945 because Bruno's ""hair was white and thin"" (6).",99.0,R Leo (narrator),R THE LAST WORDS ON EARTH [1.1],5.0,0.0,R Not before 1 December 2000,11.0,Rowan's History of Love,2000-12-01,2001-01-31,_CHOOSE A TELLING TIME
95,R Leo and Bruno reunite,Rowan's History of Love,1945-10-01,1998-01-01,1,R Alma refuses Leo's proposal,"This event happened after Alma refuses Leo, but before the events of the book. Note: the date is closer to 1998 than 1945 because Bruno's ""hair was white and thin"" (6).",553.0,R Leo (narrator),R THE LAST WORDS ON EARTH [1.1],6.0,0.0,R Not before 1 December 2000,11.0,Rowan's History of Love,2000-12-01,2001-01-31,_CHOOSE A TELLING TIME
95,R Leo and Bruno reunite,Rowan's History of Love,1945-10-01,1998-01-01,1,R Alma refuses Leo's proposal,"This event happened after Alma refuses Leo, but before the events of the book. Note: the date is closer to 1998 than 1945 because Bruno's ""hair was white and thin"" (6).",113.0,R Leo (narrator),R THE LAST WORDS ON EARTH [1.1],18.0,0.0,R Not before 1 December 2000,11.0,Rowan's History of Love,2000-12-01,2001-01-31,_CHOOSE A TELLING TIME
117,R Leo attends Isaac's funeral,Rowan's History of Love,2000-10-07,0000-00-00,1,R Bird sends the letters and The History of Love,"""A memorial service will be held Saturday, October 7, a 10 AM at Central Synagogue"" (80).",127.0,R Leo (narrator),R A JOY FOREVER,84.0,0.0,R Not before 1 December 2000,11.0,Rowan's History of Love,2000-12-01,2001-01-31,_CHOOSE A TELLING TIME
117,R Leo attends Isaac's funeral,Rowan's History of Love,2000-10-07,0000-00-00,1,R Bird sends the letters and The History of Love,"""A memorial service will be held Saturday, October 7, a 10 AM at Central Synagogue"" (80).",128.0,R Leo (narrator),R A JOY FOREVER,85.0,0.0,R Not before 1 December 2000,11.0,Rowan's History of Love,2000-12-01,2001-01-31,_CHOOSE A TELLING TIME
117,R Leo attends Isaac's funeral,Rowan's History of Love,2000-10-07,0000-00-00,1,R Bird sends the letters and The History of Love,"""A memorial service will be held Saturday, October 7, a 10 AM at Central Synagogue"" (80).",131.0,R Leo (narrator),R A JOY FOREVER,86.0,0.0,R Not before 1 December 2000,11.0,Rowan's History of Love,2000-12-01,2001-01-31,_CHOOSE A TELLING TIME
117,R Leo attends Isaac's funeral,Rowan's History of Love,2000-10-07,0000-00-00,1,R Bird sends the letters and The History of Love,"""A memorial service will be held Saturday, October 7, a 10 AM at Central Synagogue"" (80).",132.0,R Leo (narrator),R A JOY FOREVER,87.0,0.0,R Not before 1 December 2000,11.0,Rowan's History of Love,2000-12-01,2001-01-31,_CHOOSE A TELLING TIME
117,R Leo attends Isaac's funeral,Rowan's History of Love,2000-10-07,0000-00-00,1,R Bird sends the letters and The History of Love,"""A memorial service will be held Saturday, October 7, a 10 AM at Central Synagogue"" (80).",133.0,R Leo (narrator),R A JOY FOREVER,88.0,0.0,R Not before 1 December 2000,11.0,Rowan's History of Love,2000-12-01,2001-01-31,_CHOOSE A TELLING TIME
117,R Leo attends Isaac's funeral,Rowan's History of Love,2000-10-07,0000-00-00,1,R Bird sends the letters and The History of Love,"""A memorial service will be held Saturday, October 7, a 10 AM at Central Synagogue"" (80).",134.0,R Leo (narrator),R A JOY FOREVER,89.0,0.0,R Not before 1 December 2000,11.0,Rowan's History of Love,2000-12-01,2001-01-31,_CHOOSE A TELLING TIME
100,R Leo begins to write again,Rowan's History of Love,1998-01-01,1998-12-31,1,R Alma becomes Misha's pen pal,"""A couple of months after my heart attack, fifty-seven years after I'd given it up, I started to write again"" (9).",115.0,R Leo (narrator),R THE LAST WORDS ON EARTH [1.1],9.0,0.0,R Not before 1 December 2000,11.0,Rowan's History of Love,2000-12-01,2001-01-31,_CHOOSE A TELLING TIME
100,R Leo begins to write again,Rowan's History of Love,1998-01-01,1998-12-31,1,R Alma becomes Misha's pen pal,"""A couple of months after my heart attack, fifty-seven years after I'd given it up, I started to write again"" (9).",144.0,R Leo (narrator),R UNTIL THE WRITING HAND HURTS [1.1],124.0,0.0,R Not before 1 December 2000,11.0,Rowan's History of Love,2000-12-01,2001-01-31,_CHOOSE A TELLING TIME
100,R Leo begins to write again,Rowan's History of Love,1998-01-01,1998-12-31,1,R Alma becomes Misha's pen pal,"""A couple of months after my heart attack, fifty-seven years after I'd given it up, I started to write again"" (9).",160.0,R Leo (narrator),R DIE LAUGHING,167.0,0.0,R Not before 1 December 2000,11.0,Rowan's History of Love,2000-12-01,2001-01-31,_CHOOSE A TELLING TIME
100,R Leo begins to write again,Rowan's History of Love,1998-01-01,1998-12-31,1,R Alma becomes Misha's pen pal,"""A couple of months after my heart attack, fifty-seven years after I'd given it up, I started to write again"" (9).",557.0,R Leo (narrator),R THE LAST TIME I SAW YOU,209.0,0.0,R Not before 1 December 2000,11.0,Rowan's History of Love,2000-12-01,2001-01-31,_CHOOSE A TELLING TIME
77,R Leo completes The History of Love,Rowan's History of Love,1940-01-27,1941-07-31,1,R Zvi steals Leo's obituary,This event happened after Alma leaves for America and before Zvi leaves for Chile.,528.0,R Leo (narrator),R THE LAST WORDS ON EARTH [1.1],7.0,0.0,R Not before 1 December 2000,11.0,Rowan's History of Love,2000-12-01,2001-01-31,_CHOOSE A TELLING TIME
77,R Leo completes The History of Love,Rowan's History of Love,1940-01-27,1941-07-31,1,R Zvi steals Leo's obituary,This event happened after Alma leaves for America and before Zvi leaves for Chile.,529.0,R Leo (narrator),R THE LAST WORDS ON EARTH [1.1],8.0,0.0,R Not before 1 December 2000,11.0,Rowan's History of Love,2000-12-01,2001-01-31,_CHOOSE A TELLING TIME
77,R Leo completes The History of Love,Rowan's History of Love,1940-01-27,1941-07-31,1,R Zvi steals Leo's obituary,This event happened after Alma leaves for America and before Zvi leaves for Chile.,530.0,R Leo (narrator),R UNTIL THE WRITING HAND HURTS [1.1],121.0,0.0,R Not before 1 December 2000,11.0,Rowan's History of Love,2000-12-01,2001-01-31,_CHOOSE A TELLING TIME
77,R Leo completes The History of Love,Rowan's History of Love,1940-01-27,1941-07-31,1,R Zvi steals Leo's obituary,This event happened after Alma leaves for America and before Zvi leaves for Chile.,90.0,R Leo (narrator),R A + L [3.8],244.0,0.0,R Not before 1 December 2000,11.0,Rowan's History of Love,2000-12-01,2001-01-31,_CHOOSE A TELLING TIME
80,R Leo escapes the Nazis,Rowan's History of Love,1941-07-01,1945-02-28,0,R The Nazis invade Slonim,"Leo ""spent three and a half years hiding"" (12).",103.0,R Leo (narrator),R THE LAST WORDS ON EARTH [1.1],8.0,0.0,R Not before 1 December 2000,11.0,Rowan's History of Love,2000-12-01,2001-01-31,_CHOOSE A TELLING TIME
80,R Leo escapes the Nazis,Rowan's History of Love,1941-07-01,1945-02-28,0,R The Nazis invade Slonim,"Leo ""spent three and a half years hiding"" (12).",108.0,R Leo (narrator),R THE LAST WORDS ON EARTH [1.1],12.0,0.0,R Not before 1 December 2000,11.0,Rowan's History of Love,2000-12-01,2001-01-31,_CHOOSE A TELLING TIME
80,R Leo escapes the Nazis,Rowan's History of Love,1941-07-01,1945-02-28,0,R The Nazis invade Slonim,"Leo ""spent three and a half years hiding"" (12).",147.0,R Leo (narrator),R UNTIL THE WRITING HAND HURTS [1.1],129.0,0.0,R Not before 1 December 2000,11.0,Rowan's History of Love,2000-12-01,2001-01-31,_CHOOSE A TELLING TIME
80,R Leo escapes the Nazis,Rowan's History of Love,1941-07-01,1945-02-28,0,R The Nazis invade Slonim,"Leo ""spent three and a half years hiding"" (12).",161.0,R Leo (narrator),R DIE LAUGHING,168.0,0.0,R Not before 1 December 2000,11.0,Rowan's History of Love,2000-12-01,2001-01-31,_CHOOSE A TELLING TIME
80,R Leo escapes the Nazis,Rowan's History of Love,1941-07-01,1945-02-28,0,R The Nazis invade Slonim,"Leo ""spent three and a half years hiding"" (12).",88.0,R Leo (narrator),R A + L [1.8],226.0,0.0,R Not before 1 December 2000,11.0,Rowan's History of Love,2000-12-01,2001-01-31,_CHOOSE A TELLING TIME
80,R Leo escapes the Nazis,Rowan's History of Love,1941-07-01,1945-02-28,0,R The Nazis invade Slonim,"Leo ""spent three and a half years hiding"" (12).",89.0,R Leo (narrator),R A + L [3.2],238.0,0.0,R Not before 1 December 2000,11.0,Rowan's History of Love,2000-12-01,2001-01-31,_CHOOSE A TELLING TIME
80,R Leo escapes the Nazis,Rowan's History of Love,1941-07-01,1945-02-28,0,R The Nazis invade Slonim,"Leo ""spent three and a half years hiding"" (12).",536.0,R Leo (narrator),R A + L [3.4],240.0,0.0,R Not before 1 December 2000,11.0,Rowan's History of Love,2000-12-01,2001-01-31,_CHOOSE A TELLING TIME
123,R Leo finds Bird's letter,Rowan's History of Love,2000-10-17,0000-00-00,1,R Leo learns that Isaac had published WORDS FOR EVERYTHING,Pg. 212.,174.0,R Leo (narrator),R THE LAST TIME I SAW YOU,212.0,0.0,R Not before 1 December 2000,11.0,Rowan's History of Love,2000-12-01,2001-01-31,_CHOOSE A TELLING TIME
71,R Leo is born,Rowan's History of Love,1920-08-18,0000-00-00,1,R Alma Mereminski is born,"""Leopold Gursky started dying on August 18, 1920""",223.0,R Leo (narrator),R THE DEATH OF LEOPOLD GURSKY,255.0,0.0,R Not before 1 December 2000,11.0,Rowan's History of Love,2000-12-01,2001-01-31,_CHOOSE A TELLING TIME
112,R Leo learns of Isaac's death,Rowan's History of Love,2000-10-05,0000-00-00,1,R Isaac dies,"He reads the article the day before Friday, October 6th (80).",560.0,R Leo (narrator),R A JOY FOREVER,77.0,0.0,R Not before 1 December 2000,11.0,Rowan's History of Love,2000-12-01,2001-01-31,_CHOOSE A TELLING TIME
122,R Leo learns that Isaac had published WORDS FOR EVERYTHING,Rowan's History of Love,2000-10-17,0000-00-00,1,R Alma receives Bird's letter,Pg. 211.,171.0,R Leo (narrator),R THE LAST TIME I SAW YOU,209.0,0.0,R Not before 1 December 2000,11.0,Rowan's History of Love,2000-12-01,2001-01-31,_CHOOSE A TELLING TIME
82,R Leo leaves for America,Rowan's History of Love,1945-01-01,1945-10-31,0,R Leo escapes the Nazis,"This event happened after Leo spent ""three and a half years hiding"" (12) but before Isaac's 5th birthday.",98.0,R Leo (narrator),R THE LAST WORDS ON EARTH [1.1],4.0,0.0,R Not before 1 December 2000,11.0,Rowan's History of Love,2000-12-01,2001-01-31,_CHOOSE A TELLING TIME
82,R Leo leaves for America,Rowan's History of Love,1945-01-01,1945-10-31,0,R Leo escapes the Nazis,"This event happened after Leo spent ""three and a half years hiding"" (12) but before Isaac's 5th birthday.",109.0,R Leo (narrator),R THE LAST WORDS ON EARTH [1.1],12.0,0.0,R Not before 1 December 2000,11.0,Rowan's History of Love,2000-12-01,2001-01-31,_CHOOSE A TELLING TIME
119,R Leo leaves to retrieve WORDS FOR EVERYTHING,Rowan's History of Love,2000-10-09,0000-00-00,1,R Leo receives The History of Love,,149.0,R Leo (narrator),R DIE LAUGHING,161.0,0.0,R Not before 1 December 2000,11.0,Rowan's History of Love,2000-12-01,2001-01-31,_CHOOSE A TELLING TIME
119,R Leo leaves to retrieve WORDS FOR EVERYTHING,Rowan's History of Love,2000-10-09,0000-00-00,1,R Leo receives The History of Love,,565.0,R Leo (narrator),R DIE LAUGHING,162.0,0.0,R Not before 1 December 2000,11.0,Rowan's History of Love,2000-12-01,2001-01-31,_CHOOSE A TELLING TIME
119,R Leo leaves to retrieve WORDS FOR EVERYTHING,Rowan's History of Love,2000-10-09,0000-00-00,1,R Leo receives The History of Love,,567.0,R Leo (narrator),R DIE LAUGHING,163.0,0.0,R Not before 1 December 2000,11.0,Rowan's History of Love,2000-12-01,2001-01-31,_CHOOSE A TELLING TIME
213,R Leo receives Bird's letter,Rowan's History of Love,2000-10-17,0000-00-00,1,_CHOOSE AN EVENT,,574.0,R Leo (narrator),R THE LAST TIME I SAW YOU,212.0,0.0,_CHOOSE A TELLING TIME,0.0,_CHOOSE A NOVEL,0000-00-00,0000-00-00,_CHOOSE A TELLING TIME
118,R Leo receives The History of Love,Rowan's History of Love,2000-10-07,0000-00-00,1,R Leo attends Isaac's funeral,Pg. 92.,136.0,R Leo (narrator),R A JOY FOREVER,92.0,0.0,R Not before 1 December 2000,11.0,Rowan's History of Love,2000-12-01,2001-01-31,_CHOOSE A TELLING TIME
118,R Leo receives The History of Love,Rowan's History of Love,2000-10-07,0000-00-00,1,R Leo attends Isaac's funeral,Pg. 92.,157.0,R Leo (narrator),R DIE LAUGHING,161.0,0.0,R Not before 1 December 2000,11.0,Rowan's History of Love,2000-12-01,2001-01-31,_CHOOSE A TELLING TIME
108,R Leo sends WORDS FOR EVERYTHING to Isaac,Rowan's History of Love,2000-09-20,0000-00-00,1,R Alma realises Jacob Marcus is Isaac Moritz,,114.0,R Leo (narrator),R THE LAST WORDS ON EARTH [1.2],34.0,0.0,R Not before 1 December 2000,11.0,Rowan's History of Love,2000-12-01,2001-01-31,_CHOOSE A TELLING TIME
109,R Misha calls for Alma (exposing her search for someone to Bird),Rowan's History of Love,2000-10-03,0000-00-00,1,R Alma and Herman go to Isaac's house (Alma leaves her phone number there),"""October 3"" (206).",85.0,R Bird (narrator),R ONE NICE THING,207.0,0.0,R 3 October 2000,8.0,Rowan's History of Love,2000-10-03,0000-00-00,_CHOOSE A TELLING TIME
91,R Rosa destroys the manuscript of The History of Love,Rowan's History of Love,1954-09-01,1964-01-01,1,R Zvi publishes The History of Love,This event happened after the publication of The History of Love; re: 1964.,60.0,R Zvi's narrator,R FORGIVE ME,66.0,0.0,R Not Before 1980,7.0,Rowan's History of Love,1980-00-00,0000-00-00,_CHOOSE A TELLING TIME
91,R Rosa destroys the manuscript of The History of Love,Rowan's History of Love,1954-09-01,1964-01-01,1,R Zvi publishes The History of Love,This event happened after the publication of The History of Love; re: 1964.,544.0,R Leo (narrator),R UNTIL THE WRITING HAND HURTS [1.1],121.0,0.0,R Not before 1 December 2000,11.0,Rowan's History of Love,2000-12-01,2001-01-31,_CHOOSE A TELLING TIME
91,R Rosa destroys the manuscript of The History of Love,Rowan's History of Love,1954-09-01,1964-01-01,1,R Zvi publishes The History of Love,This event happened after the publication of The History of Love; re: 1964.,545.0,R Leo (narrator),R UNTIL THE WRITING HAND HURTS [1.1],122.0,0.0,R Not before 1 December 2000,11.0,Rowan's History of Love,2000-12-01,2001-01-31,_CHOOSE A TELLING TIME
91,R Rosa destroys the manuscript of The History of Love,Rowan's History of Love,1954-09-01,1964-01-01,1,R Zvi publishes The History of Love,This event happened after the publication of The History of Love; re: 1964.,81.0,R Zvi's narrator,R THE LAST PAGE [1.2],190.0,0.0,R Not Before 1980,7.0,Rowan's History of Love,1980-00-00,0000-00-00,_CHOOSE A TELLING TIME
91,R Rosa destroys the manuscript of The History of Love,Rowan's History of Love,1954-09-01,1964-01-01,1,R Zvi publishes The History of Love,This event happened after the publication of The History of Love; re: 1964.,83.0,R Zvi's narrator,R THE LAST PAGE [1.2],191.0,0.0,R Not Before 1980,7.0,Rowan's History of Love,1980-00-00,0000-00-00,_CHOOSE A TELLING TIME
91,R Rosa destroys the manuscript of The History of Love,Rowan's History of Love,1954-09-01,1964-01-01,1,R Zvi publishes The History of Love,This event happened after the publication of The History of Love; re: 1964.,91.0,R Leo (narrator),R A + L [4.3],248.0,0.0,R Not before 1 December 2000,11.0,Rowan's History of Love,2000-12-01,2001-01-31,_CHOOSE A TELLING TIME
79,R The Nazis invade Slonim,Rowan's History of Love,1941-07-01,1941-07-31,0,R Zvi leaves for Chile with The History of Love,Google it.,102.0,R Leo (narrator),R THE LAST WORDS ON EARTH [1.1],8.0,0.0,R Not before 1 December 2000,11.0,Rowan's History of Love,2000-12-01,2001-01-31,_CHOOSE A TELLING TIME
79,R The Nazis invade Slonim,Rowan's History of Love,1941-07-01,1941-07-31,0,R Zvi leaves for Chile with The History of Love,Google it.,107.0,R Leo (narrator),R THE LAST WORDS ON EARTH [1.1],12.0,0.0,R Not before 1 December 2000,11.0,Rowan's History of Love,2000-12-01,2001-01-31,_CHOOSE A TELLING TIME
79,R The Nazis invade Slonim,Rowan's History of Love,1941-07-01,1941-07-31,0,R Zvi leaves for Chile with The History of Love,Google it.,151.0,R Alma (narrator),R 9. IF SHE'S REAL,140.0,0.0,R Not before 14 September 2000,6.0,Rowan's History of Love,2000-09-14,0000-00-00,_CHOOSE A TELLING TIME
79,R The Nazis invade Slonim,Rowan's History of Love,1941-07-01,1941-07-31,0,R Zvi leaves for Chile with The History of Love,Google it.,71.0,R Zvi's narrator,R HERE WE ARE TOGETHER,155.0,0.0,R Not Before 1980,7.0,Rowan's History of Love,1980-00-00,0000-00-00,_CHOOSE A TELLING TIME
79,R The Nazis invade Slonim,Rowan's History of Love,1941-07-01,1941-07-31,0,R Zvi leaves for Chile with The History of Love,Google it.,533.0,R Leo (narrator),R DIE LAUGHING,168.0,0.0,R Not before 1 December 2000,11.0,Rowan's History of Love,2000-12-01,2001-01-31,_CHOOSE A TELLING TIME
86,R Zvi adds Leo's obituary to The History of Love,Rowan's History of Love,1954-01-01,1962-12-31,1,R Zvi and Rosa finish translating The History of Love,"This event occurred years before The History of Love was published; the latest possible date of publication is 1964, and years (plural) indicates a minimum of two. I forget how we decided on 1954.",540.0,R Zvi's narrator,R THE LAST PAGE [1.2],189.0,0.0,R Not Before 1980,7.0,Rowan's History of Love,1980-00-00,0000-00-00,_CHOOSE A TELLING TIME
85,R Zvi and Rosa finish translating The History of Love,Rowan's History of Love,1952-01-01,1952-12-31,1,R Zvi and Rosa meet,"This event probably occurred ""sixteen years"" after ""1936"" (184).",59.0,R Zvi's narrator,R FORGIVE ME,66.0,0.0,R Not Before 1980,7.0,Rowan's History of Love,1980-00-00,0000-00-00,_CHOOSE A TELLING TIME
84,R Zvi and Rosa meet,Rowan's History of Love,1951-09-01,1951-11-01,1,R Zvi learns about his family's death,"""I met Zvi in Valparaiso, in the fall of 1951"" (65).",57.0,R Zvi's narrator,R FORGIVE ME,65.0,0.0,R Not Before 1980,7.0,Rowan's History of Love,1980-00-00,0000-00-00,_CHOOSE A TELLING TIME
84,R Zvi and Rosa meet,Rowan's History of Love,1951-09-01,1951-11-01,1,R Zvi learns about his family's death,"""I met Zvi in Valparaiso, in the fall of 1951"" (65).",73.0,R Zvi's narrator,R HERE WE ARE TOGETHER,157.0,0.0,R Not Before 1980,7.0,Rowan's History of Love,1980-00-00,0000-00-00,_CHOOSE A TELLING TIME
94,R Zvi dies,Rowan's History of Love,1978-01-01,1978-12-31,1,R Charlotte and David meet,"""...until his death in 1978..."" (68).",56.0,R Zvi's narrator,R FORGIVE ME,65.0,0.0,R Not Before 1980,7.0,Rowan's History of Love,1980-00-00,0000-00-00,_CHOOSE A TELLING TIME
94,R Zvi dies,Rowan's History of Love,1978-01-01,1978-12-31,1,R Charlotte and David meet,"""...until his death in 1978..."" (68).",550.0,R Zvi's narrator,R FORGIVE ME,68.0,0.0,R Not Before 1980,7.0,Rowan's History of Love,1980-00-00,0000-00-00,_CHOOSE A TELLING TIME
94,R Zvi dies,Rowan's History of Love,1978-01-01,1978-12-31,1,R Charlotte and David meet,"""...until his death in 1978..."" (68).",64.0,R Zvi's narrator,R FORGIVE ME,71.0,0.0,R Not Before 1980,7.0,Rowan's History of Love,1980-00-00,0000-00-00,_CHOOSE A TELLING TIME
94,R Zvi dies,Rowan's History of Love,1978-01-01,1978-12-31,1,R Charlotte and David meet,"""...until his death in 1978..."" (68).",77.0,R Zvi's narrator,R THE LAST PAGE [1.2],187.0,0.0,R Not Before 1980,7.0,Rowan's History of Love,1980-00-00,0000-00-00,_CHOOSE A TELLING TIME
94,R Zvi dies,Rowan's History of Love,1978-01-01,1978-12-31,1,R Charlotte and David meet,"""...until his death in 1978..."" (68).",78.0,R Zvi's narrator,R THE LAST PAGE [1.2],188.0,0.0,R Not Before 1980,7.0,Rowan's History of Love,1980-00-00,0000-00-00,_CHOOSE A TELLING TIME
83,R Zvi learns about his family's death,Rowan's History of Love,1945-09-02,1951-09-30,1,R Alma refuses Leo's proposal,"This event probably happened after ""the War ended"" but before ""he turned thirty-two"" (156).",62.0,R Zvi's narrator,R FORGIVE ME,68.0,0.0,R Not Before 1980,7.0,Rowan's History of Love,1980-00-00,0000-00-00,_CHOOSE A TELLING TIME
83,R Zvi learns about his family's death,Rowan's History of Love,1945-09-02,1951-09-30,1,R Alma refuses Leo's proposal,"This event probably happened after ""the War ended"" but before ""he turned thirty-two"" (156).",72.0,R Zvi's narrator,R HERE WE ARE TOGETHER,156.0,0.0,R Not Before 1980,7.0,Rowan's History of Love,1980-00-00,0000-00-00,_CHOOSE A TELLING TIME
78,R Zvi leaves for Chile with The History of Love,Rowan's History of Love,1941-01-01,1941-07-31,0,R Leo completes The History of Love,"Zvi ""moved to Chile in 1941"" (74), but he moved before the Nazis invaded Slonim. Zvi received The History of Love ""on his last morning in Poland"" (153)",58.0,R Zvi's narrator,R FORGIVE ME,55.0,0.0,R Not Before 1980,7.0,Rowan's History of Love,1980-00-00,0000-00-00,_CHOOSE A TELLING TIME
78,R Zvi leaves for Chile with The History of Love,Rowan's History of Love,1941-01-01,1941-07-31,0,R Leo completes The History of Love,"Zvi ""moved to Chile in 1941"" (74), but he moved before the Nazis invaded Slonim. Zvi received The History of Love ""on his last morning in Poland"" (153)",65.0,R Zvi's narrator,R FORGIVE ME,74.0,0.0,R Not Before 1980,7.0,Rowan's History of Love,1980-00-00,0000-00-00,_CHOOSE A TELLING TIME
78,R Zvi leaves for Chile with The History of Love,Rowan's History of Love,1941-01-01,1941-07-31,0,R Leo completes The History of Love,"Zvi ""moved to Chile in 1941"" (74), but he moved before the Nazis invaded Slonim. Zvi received The History of Love ""on his last morning in Poland"" (153)",67.0,R Zvi's narrator,R THE TROUBLE WITH THINKING,110.0,0.0,R Not Before 1980,7.0,Rowan's History of Love,1980-00-00,0000-00-00,_CHOOSE A TELLING TIME
78,R Zvi leaves for Chile with The History of Love,Rowan's History of Love,1941-01-01,1941-07-31,0,R Leo completes The History of Love,"Zvi ""moved to Chile in 1941"" (74), but he moved before the Nazis invaded Slonim. Zvi received The History of Love ""on his last morning in Poland"" (153)",152.0,R Alma (narrator),R 9. IF SHE'S REAL,141.0,0.0,R Not before 14 September 2000,6.0,Rowan's History of Love,2000-09-14,0000-00-00,_CHOOSE A TELLING TIME
78,R Zvi leaves for Chile with The History of Love,Rowan's History of Love,1941-01-01,1941-07-31,0,R Leo completes The History of Love,"Zvi ""moved to Chile in 1941"" (74), but he moved before the Nazis invaded Slonim. Zvi received The History of Love ""on his last morning in Poland"" (153)",155.0,R Alma (narrator),R 20. AWAKE IN THE DARK,148.0,0.0,R Not before 14 September 2000,6.0,Rowan's History of Love,2000-09-14,0000-00-00,_CHOOSE A TELLING TIME
78,R Zvi leaves for Chile with The History of Love,Rowan's History of Love,1941-01-01,1941-07-31,0,R Leo completes The History of Love,"Zvi ""moved to Chile in 1941"" (74), but he moved before the Nazis invaded Slonim. Zvi received The History of Love ""on his last morning in Poland"" (153)",69.0,R Zvi's narrator,R HERE WE ARE TOGETHER,153.0,0.0,R Not Before 1980,7.0,Rowan's History of Love,1980-00-00,0000-00-00,_CHOOSE A TELLING TIME
78,R Zvi leaves for Chile with The History of Love,Rowan's History of Love,1941-01-01,1941-07-31,0,R Leo completes The History of Love,"Zvi ""moved to Chile in 1941"" (74), but he moved before the Nazis invaded Slonim. Zvi received The History of Love ""on his last morning in Poland"" (153)",70.0,R Zvi's narrator,R HERE WE ARE TOGETHER,154.0,0.0,R Not Before 1980,7.0,Rowan's History of Love,1980-00-00,0000-00-00,_CHOOSE A TELLING TIME
87,R Zvi publishes The History of Love,Rowan's History of Love,1954-09-01,1964-01-01,1,R Zvi adds Leo's obituary to The History of Love,"This event happened after he showed his manuscript to editors ""in the fall of 1954"" (68). I forget how we decided on 1964.",61.0,R Zvi's narrator,R FORGIVE ME,67.0,0.0,R Not Before 1980,7.0,Rowan's History of Love,1980-00-00,0000-00-00,_CHOOSE A TELLING TIME
87,R Zvi publishes The History of Love,Rowan's History of Love,1954-09-01,1964-01-01,1,R Zvi adds Leo's obituary to The History of Love,"This event happened after he showed his manuscript to editors ""in the fall of 1954"" (68). I forget how we decided on 1964.",63.0,R Zvi's narrator,R FORGIVE ME,70.0,0.0,R Not Before 1980,7.0,Rowan's History of Love,1980-00-00,0000-00-00,_CHOOSE A TELLING TIME
87,R Zvi publishes The History of Love,Rowan's History of Love,1954-09-01,1964-01-01,1,R Zvi adds Leo's obituary to The History of Love,"This event happened after he showed his manuscript to editors ""in the fall of 1954"" (68). I forget how we decided on 1964.",79.0,R Zvi's narrator,R THE LAST PAGE [1.2],188.0,0.0,R Not Before 1980,7.0,Rowan's History of Love,1980-00-00,0000-00-00,_CHOOSE A TELLING TIME
87,R Zvi publishes The History of Love,Rowan's History of Love,1954-09-01,1964-01-01,1,R Zvi adds Leo's obituary to The History of Love,"This event happened after he showed his manuscript to editors ""in the fall of 1954"" (68). I forget how we decided on 1964.",80.0,R Zvi's narrator,R THE LAST PAGE [1.2],189.0,0.0,R Not Before 1980,7.0,Rowan's History of Love,1980-00-00,0000-00-00,_CHOOSE A TELLING TIME
87,R Zvi publishes The History of Love,Rowan's History of Love,1954-09-01,1964-01-01,1,R Zvi adds Leo's obituary to The History of Love,"This event happened after he showed his manuscript to editors ""in the fall of 1954"" (68). I forget how we decided on 1964.",82.0,R Zvi's narrator,R THE LAST PAGE [1.2],190.0,0.0,R Not Before 1980,7.0,Rowan's History of Love,1980-00-00,0000-00-00,_CHOOSE A TELLING TIME
73,R Zvi sees Leo and Alma kiss,Rowan's History of Love,1936-05-01,1936-07-31,1,R Leo and Alma fall in love,"""Litvinoff remembered the day, early in the summer of 1936"" (184)",76.0,R Zvi's narrator,R THE LAST PAGE [1.1],184.0,0.0,R Not Before 1980,7.0,Rowan's History of Love,1980-00-00,0000-00-00,_CHOOSE A TELLING TIME
76,R Zvi steals Leo's obituary,Rowan's History of Love,1940-01-27,1941-07-31,1,R Isaac is born,"This event happened after Alma leaves for America (and after Isaac Babel dies), and before Zvi leaves for Chile.",68.0,R Zvi's narrator,R THE TROUBLE WITH THINKING,118.0,0.0,R Not Before 1980,7.0,Rowan's History of Love,1980-00-00,0000-00-00,_CHOOSE A TELLING TIME
204,Roskus dies,The Sound and the Fury,1915-00-00,1915-00-00,0,The Compson family visits the cemetery without Jason,Dates collected from Ross and Polk,353.0,Benjamin Compson (narrator),"April Seventh, 1928",33.0,33.0,"Luster looks for a quarter (April seventh, 1928)",40.0,The Sound and the Fury,1928-04-07,1928-04-07,Jason goes home and Quentin speaks up about Jason following her in his car (April sixth 1928)
204,Roskus dies,The Sound and the Fury,1915-00-00,1915-00-00,0,The Compson family visits the cemetery without Jason,Dates collected from Ross and Polk,394.0,Jason Compson IV (narrator),"April Sixth, 1928.",251.0,251.0,Jason loses money at the stock market (April sixth 1928),38.0,The Sound and the Fury,1928-04-06,1928-04-06,Jason chases Quentin and the band member in the red tie in his car (April sixth 1928)
221,Sammy is born,The Bluest Eye,1926-00-00,1926-00-00,1,Pauline is 'educated' by the movies,"""Sammy, [is] fourteen years old"" (35) in 1940, as Claudia states ""there were no marigolds in the fall of 1941"" (5) and then picks up the narration from the previous ""Autumn""(7)",601.0,Pauline Breedlove,"""The onliest time I happy seem like when I was in the picture show.""",123.0,123.0,Not before 1941 (Pauline),50.0,The Bluest Eye,1941-00-00,1943-00-00,_CHOOSE A TELLING TIME
244,The Ball at Netherfield,Pride and Prejudice,1793-11-26,1793-11-26,1,_CHOOSE AN EVENT,,681.0,3rd Person Narrator (PP),Volume 1,85.0,101.0,_CHOOSE A TELLING TIME,0.0,_CHOOSE A NOVEL,0000-00-00,0000-00-00,_CHOOSE A TELLING TIME
244,The Ball at Netherfield,Pride and Prejudice,1793-11-26,1793-11-26,1,_CHOOSE AN EVENT,,682.0,3rd Person Narrator (PP),Volume 3,250.0,250.0,_CHOOSE A TELLING TIME,0.0,_CHOOSE A NOVEL,0000-00-00,0000-00-00,_CHOOSE A TELLING TIME
246,The Bingleys leave Netherfield,Pride and Prejudice,1793-11-27,1793-11-28,2,_CHOOSE AN EVENT,,685.0,3rd Person Narrator (PP),Volume 1,114.0,114.0,_CHOOSE A TELLING TIME,0.0,_CHOOSE A NOVEL,0000-00-00,0000-00-00,_CHOOSE A TELLING TIME
246,The Bingleys leave Netherfield,Pride and Prejudice,1793-11-27,1793-11-28,2,_CHOOSE AN EVENT,,686.0,3rd Person Narrator (PP),Volume 2,173.0,173.0,_CHOOSE A TELLING TIME,0.0,_CHOOSE A NOVEL,0000-00-00,0000-00-00,_CHOOSE A TELLING TIME
246,The Bingleys leave Netherfield,Pride and Prejudice,1793-11-27,1793-11-28,2,_CHOOSE AN EVENT,,689.0,3rd Person Narrator (PP),Volume 2,181.0,181.0,_CHOOSE A TELLING TIME,0.0,_CHOOSE A NOVEL,0000-00-00,0000-00-00,_CHOOSE A TELLING TIME
246,The Bingleys leave Netherfield,Pride and Prejudice,1793-11-27,1793-11-28,2,_CHOOSE AN EVENT,,687.0,3rd Person Narrator (PP),Volume 2,187.0,187.0,_CHOOSE A TELLING TIME,0.0,_CHOOSE A NOVEL,0000-00-00,0000-00-00,_CHOOSE A TELLING TIME
246,The Bingleys leave Netherfield,Pride and Prejudice,1793-11-27,1793-11-28,2,_CHOOSE AN EVENT,,688.0,3rd Person Narrator (PP),Volume 2,193.0,193.0,_CHOOSE A TELLING TIME,0.0,_CHOOSE A NOVEL,0000-00-00,0000-00-00,_CHOOSE A TELLING TIME
246,The Bingleys leave Netherfield,Pride and Prejudice,1793-11-27,1793-11-28,2,_CHOOSE AN EVENT,,690.0,3rd Person Narrator (PP),Volume 3,317.0,317.0,_CHOOSE A TELLING TIME,0.0,_CHOOSE A NOVEL,0000-00-00,0000-00-00,_CHOOSE A TELLING TIME
202,The Compson family visits the cemetery without Jason,The Sound and the Fury,1912-00-00,1913-00-00,0,Caddy visits Jason's office,Dates collected from Ross and Polk,350.0,Benjamin Compson (narrator),"April Seventh, 1928",9.0,9.0,"Luster looks for a quarter (April seventh, 1928)",40.0,The Sound and the Fury,1928-04-07,1928-04-07,Jason goes home and Quentin speaks up about Jason following her in his car (April sixth 1928)
202,The Compson family visits the cemetery without Jason,The Sound and the Fury,1912-00-00,1913-00-00,0,Caddy visits Jason's office,Dates collected from Ross and Polk,351.0,Benjamin Compson (narrator),"April Seventh, 1928",10.0,10.0,"Luster looks for a quarter (April seventh, 1928)",40.0,The Sound and the Fury,1928-04-07,1928-04-07,Jason goes home and Quentin speaks up about Jason following her in his car (April sixth 1928)
202,The Compson family visits the cemetery without Jason,The Sound and the Fury,1912-00-00,1913-00-00,0,Caddy visits Jason's office,Dates collected from Ross and Polk,352.0,Benjamin Compson (narrator),"April Seventh, 1928",11.0,11.0,"Luster looks for a quarter (April seventh, 1928)",40.0,The Sound and the Fury,1928-04-07,1928-04-07,Jason goes home and Quentin speaks up about Jason following her in his car (April sixth 1928)
208,The Compsons discover Quentin is missing and Jason discovers his money is missing,The Sound and the Fury,1928-04-08,1928-04-09,0,Quentin Jr. runs away,"Occurs in the section ""April Eighth, 1928.""",415.0,3rd Person Narrator (SaF),"April Eighth, 1928.",280.0,280.0,"April Eighth, 1928",45.0,The Sound and the Fury,1928-04-08,1928-04-08,"Benjy watches Quentin run away (April seventh, 1928)"
208,The Compsons discover Quentin is missing and Jason discovers his money is missing,The Sound and the Fury,1928-04-08,1928-04-09,0,Quentin Jr. runs away,"Occurs in the section ""April Eighth, 1928.""",416.0,3rd Person Narrator (SaF),"April Eighth, 1928.",282.0,282.0,"April Eighth, 1928",45.0,The Sound and the Fury,1928-04-08,1928-04-08,"Benjy watches Quentin run away (April seventh, 1928)"
208,The Compsons discover Quentin is missing and Jason discovers his money is missing,The Sound and the Fury,1928-04-08,1928-04-09,0,Quentin Jr. runs away,"Occurs in the section ""April Eighth, 1928.""",417.0,3rd Person Narrator (SaF),"April Eighth, 1928.",283.0,283.0,"April Eighth, 1928",45.0,The Sound and the Fury,1928-04-08,1928-04-08,"Benjy watches Quentin run away (April seventh, 1928)"
208,The Compsons discover Quentin is missing and Jason discovers his money is missing,The Sound and the Fury,1928-04-08,1928-04-09,0,Quentin Jr. runs away,"Occurs in the section ""April Eighth, 1928.""",418.0,3rd Person Narrator (SaF),"April Eighth, 1928.",284.0,284.0,"April Eighth, 1928",45.0,The Sound and the Fury,1928-04-08,1928-04-08,"Benjy watches Quentin run away (April seventh, 1928)"
192,The night before Caddy's wedding and Quentin confronts Herbert Head,The Sound and the Fury,1910-04-24,1910-04-24,0,Quentin meets Herbert Head,"Dates collected from Ross and Polk, ""Mr. and Mrs. Jason Richmond Compson announce the marriage of their daughter Candace to Mr. Sydney Herbert Head on the twenty-fifth of April one thousand nine hundred and ten"" (93)",493.0,Quentin Compson III (narrator),"June Second, 1910",81.0,81.0,Quentin writes notes to his father and Shreve (June second 1910),22.0,The Sound and the Fury,1910-06-02,1910-06-02,Quentin breaks his watch (June second 1910)
192,The night before Caddy's wedding and Quentin confronts Herbert Head,The Sound and the Fury,1910-04-24,1910-04-24,0,Quentin meets Herbert Head,"Dates collected from Ross and Polk, ""Mr. and Mrs. Jason Richmond Compson announce the marriage of their daughter Candace to Mr. Sydney Herbert Head on the twenty-fifth of April one thousand nine hundred and ten"" (93)",494.0,Quentin Compson III (narrator),"June Second, 1910",106.0,106.0,Quentin gives Shreve's note to Deacon (June second 1910),24.0,The Sound and the Fury,1910-06-02,1910-06-02,Quentin sends his note to his father (June second 1910)
192,The night before Caddy's wedding and Quentin confronts Herbert Head,The Sound and the Fury,1910-04-24,1910-04-24,0,Quentin meets Herbert Head,"Dates collected from Ross and Polk, ""Mr. and Mrs. Jason Richmond Compson announce the marriage of their daughter Candace to Mr. Sydney Herbert Head on the twenty-fifth of April one thousand nine hundred and ten"" (93)",495.0,Quentin Compson III (narrator),"June Second, 1910",107.0,107.0,Quentin gives Shreve's note to Deacon (June second 1910),24.0,The Sound and the Fury,1910-06-02,1910-06-02,Quentin sends his note to his father (June second 1910)
192,The night before Caddy's wedding and Quentin confronts Herbert Head,The Sound and the Fury,1910-04-24,1910-04-24,0,Quentin meets Herbert Head,"Dates collected from Ross and Polk, ""Mr. and Mrs. Jason Richmond Compson announce the marriage of their daughter Candace to Mr. Sydney Herbert Head on the twenty-fifth of April one thousand nine hundred and ten"" (93)",496.0,Quentin Compson III (narrator),"June Second, 1910",108.0,108.0,Quentin gives Shreve's note to Deacon (June second 1910),24.0,The Sound and the Fury,1910-06-02,1910-06-02,Quentin sends his note to his father (June second 1910)
192,The night before Caddy's wedding and Quentin confronts Herbert Head,The Sound and the Fury,1910-04-24,1910-04-24,0,Quentin meets Herbert Head,"Dates collected from Ross and Polk, ""Mr. and Mrs. Jason Richmond Compson announce the marriage of their daughter Candace to Mr. Sydney Herbert Head on the twenty-fifth of April one thousand nine hundred and ten"" (93)",497.0,Quentin Compson III (narrator),"June Second, 1910",109.0,109.0,Quentin gives Shreve's note to Deacon (June second 1910),24.0,The Sound and the Fury,1910-06-02,1910-06-02,Quentin sends his note to his father (June second 1910)
192,The night before Caddy's wedding and Quentin confronts Herbert Head,The Sound and the Fury,1910-04-24,1910-04-24,0,Quentin meets Herbert Head,"Dates collected from Ross and Polk, ""Mr. and Mrs. Jason Richmond Compson announce the marriage of their daughter Candace to Mr. Sydney Herbert Head on the twenty-fifth of April one thousand nine hundred and ten"" (93)",498.0,Quentin Compson III (narrator),"June Second, 1910",110.0,110.0,Quentin gives Shreve's note to Deacon (June second 1910),24.0,The Sound and the Fury,1910-06-02,1910-06-02,Quentin sends his note to his father (June second 1910)
192,The night before Caddy's wedding and Quentin confronts Herbert Head,The Sound and the Fury,1910-04-24,1910-04-24,0,Quentin meets Herbert Head,"Dates collected from Ross and Polk, ""Mr. and Mrs. Jason Richmond Compson announce the marriage of their daughter Candace to Mr. Sydney Herbert Head on the twenty-fifth of April one thousand nine hundred and ten"" (93)",499.0,Quentin Compson III (narrator),"June Second, 1910",111.0,111.0,Quentin gives Shreve's note to Deacon (June second 1910),24.0,The Sound and the Fury,1910-06-02,1910-06-02,Quentin sends his note to his father (June second 1910)
192,The night before Caddy's wedding and Quentin confronts Herbert Head,The Sound and the Fury,1910-04-24,1910-04-24,0,Quentin meets Herbert Head,"Dates collected from Ross and Polk, ""Mr. and Mrs. Jason Richmond Compson announce the marriage of their daughter Candace to Mr. Sydney Herbert Head on the twenty-fifth of April one thousand nine hundred and ten"" (93)",500.0,Quentin Compson III (narrator),"June Second, 1910",112.0,112.0,Quentin gives Shreve's note to Deacon (June second 1910),24.0,The Sound and the Fury,1910-06-02,1910-06-02,Quentin sends his note to his father (June second 1910)
192,The night before Caddy's wedding and Quentin confronts Herbert Head,The Sound and the Fury,1910-04-24,1910-04-24,0,Quentin meets Herbert Head,"Dates collected from Ross and Polk, ""Mr. and Mrs. Jason Richmond Compson announce the marriage of their daughter Candace to Mr. Sydney Herbert Head on the twenty-fifth of April one thousand nine hundred and ten"" (93)",501.0,Quentin Compson III (narrator),"June Second, 1910",113.0,113.0,Quentin gives Shreve's note to Deacon (June second 1910),24.0,The Sound and the Fury,1910-06-02,1910-06-02,Quentin sends his note to his father (June second 1910)
192,The night before Caddy's wedding and Quentin confronts Herbert Head,The Sound and the Fury,1910-04-24,1910-04-24,0,Quentin meets Herbert Head,"Dates collected from Ross and Polk, ""Mr. and Mrs. Jason Richmond Compson announce the marriage of their daughter Candace to Mr. Sydney Herbert Head on the twenty-fifth of April one thousand nine hundred and ten"" (93)",502.0,Quentin Compson III (narrator),"June Second, 1910",115.0,115.0,Quentin gives Shreve's note to Deacon (June second 1910),24.0,The Sound and the Fury,1910-06-02,1910-06-02,Quentin sends his note to his father (June second 1910)
192,The night before Caddy's wedding and Quentin confronts Herbert Head,The Sound and the Fury,1910-04-24,1910-04-24,0,Quentin meets Herbert Head,"Dates collected from Ross and Polk, ""Mr. and Mrs. Jason Richmond Compson announce the marriage of their daughter Candace to Mr. Sydney Herbert Head on the twenty-fifth of April one thousand nine hundred and ten"" (93)",503.0,Quentin Compson III (narrator),"June Second, 1910",121.0,121.0,Quentin buys tire irons and hides them (June second 1910),25.0,The Sound and the Fury,1910-06-02,1910-06-02,Quentin gives Shreve's note to Deacon (June second 1910)
192,The night before Caddy's wedding and Quentin confronts Herbert Head,The Sound and the Fury,1910-04-24,1910-04-24,0,Quentin meets Herbert Head,"Dates collected from Ross and Polk, ""Mr. and Mrs. Jason Richmond Compson announce the marriage of their daughter Candace to Mr. Sydney Herbert Head on the twenty-fifth of April one thousand nine hundred and ten"" (93)",504.0,Quentin Compson III (narrator),"June Second, 1910",122.0,122.0,Quentin buys tire irons and hides them (June second 1910),25.0,The Sound and the Fury,1910-06-02,1910-06-02,Quentin gives Shreve's note to Deacon (June second 1910)
192,The night before Caddy's wedding and Quentin confronts Herbert Head,The Sound and the Fury,1910-04-24,1910-04-24,0,Quentin meets Herbert Head,"Dates collected from Ross and Polk, ""Mr. and Mrs. Jason Richmond Compson announce the marriage of their daughter Candace to Mr. Sydney Herbert Head on the twenty-fifth of April one thousand nine hundred and ten"" (93)",505.0,Quentin Compson III (narrator),"June Second, 1910",123.0,123.0,Quentin buys tire irons and hides them (June second 1910),25.0,The Sound and the Fury,1910-06-02,1910-06-02,Quentin gives Shreve's note to Deacon (June second 1910)
192,The night before Caddy's wedding and Quentin confronts Herbert Head,The Sound and the Fury,1910-04-24,1910-04-24,0,Quentin meets Herbert Head,"Dates collected from Ross and Polk, ""Mr. and Mrs. Jason Richmond Compson announce the marriage of their daughter Candace to Mr. Sydney Herbert Head on the twenty-fifth of April one thousand nine hundred and ten"" (93)",506.0,Quentin Compson III (narrator),"June Second, 1910",128.0,128.0,Quentin finds the little Italian girl (June second 1910),26.0,The Sound and the Fury,1910-06-02,1910-06-02,Quentin buys tire irons and hides them (June second 1910)
210,The sheriff refuses to help Jason,The Sound and the Fury,1928-04-08,1928-04-09,0,"Dilsey, Frony, and Luster take Benjy to church","Occurs in the section ""April Eighth, 1928.""",427.0,3rd Person Narrator (SaF),"April Eighth, 1928.",303.0,303.0,"April Eighth, 1928",45.0,The Sound and the Fury,1928-04-08,1928-04-08,"Benjy watches Quentin run away (April seventh, 1928)"
210,The sheriff refuses to help Jason,The Sound and the Fury,1928-04-08,1928-04-09,0,"Dilsey, Frony, and Luster take Benjy to church","Occurs in the section ""April Eighth, 1928.""",428.0,3rd Person Narrator (SaF),"April Eighth, 1928.",304.0,304.0,"April Eighth, 1928",45.0,The Sound and the Fury,1928-04-08,1928-04-08,"Benjy watches Quentin run away (April seventh, 1928)"
0,_CHOOSE AN EVENT,_CHOOSE A NOVEL,0000-00-00,0000-00-00,0,_CHOOSE AN EVENT,,0.0,_CHOOSE A NARRATOR,_CHOOSE CONTAINER,0.0,0.0,_CHOOSE A TELLING TIME,0.0,_CHOOSE A NOVEL,0000-00-00,0000-00-00,_CHOOSE A TELLING TIME
1,_NO PRECEDING EVENT,_CHOOSE A NOVEL,0000-00-00,0000-00-00,0,_NO PRECEDING EVENT,,,,,,,,,,,,
178,,_CHOOSE A NOVEL,0000-00-00,0000-00-00,0,_CHOOSE AN EVENT,,,,,,,,,,,,
