source,target,Char 1 Name,Char 2 Name,startPage,type,weight
118,119,Richard Wright,Richard's Childhood Gang,1,Undirected,1
120,123,"""white boys who lived beyond the tracks.""",Richard Wright's Mother,1,Undirected,1
128,124,"""black folks"" (abstract)",Jim Crow,1,Undirected,1
128,118,"""black folks"" (abstract)",Richard Wright,1,Undirected,1
123,125,Richard Wright's Mother,"""white folks"" (abstract)",1,Undirected,1
118,123,Richard Wright,Richard Wright's Mother,1,Undirected,1
118,120,Richard Wright,"""white boys who lived beyond the tracks.""",1,Undirected,1
119,125,Richard's Childhood Gang,"""white folks"" (abstract)",1,Undirected,1
120,124,"""white boys who lived beyond the tracks.""",Jim Crow,1,Undirected,1
128,125,"""black folks"" (abstract)","""white folks"" (abstract)",1,Undirected,1
119,124,Richard's Childhood Gang,Jim Crow,1,Undirected,1
118,124,Richard Wright,Jim Crow,1,Undirected,1
124,125,Jim Crow,"""white folks"" (abstract)",1,Undirected,1
119,123,Richard's Childhood Gang,Richard Wright's Mother,1,Undirected,1
120,125,"""white boys who lived beyond the tracks.""","""white folks"" (abstract)",1,Undirected,1
119,120,Richard's Childhood Gang,"""white boys who lived beyond the tracks.""",1,Undirected,1
128,123,"""black folks"" (abstract)",Richard Wright's Mother,1,Undirected,1
128,120,"""black folks"" (abstract)","""white boys who lived beyond the tracks.""",1,Undirected,1
123,124,Richard Wright's Mother,Jim Crow,1,Undirected,1
118,125,Richard Wright,"""white folks"" (abstract)",1,Undirected,1
128,119,"""black folks"" (abstract)",Richard's Childhood Gang,1,Undirected,1
118,120,Richard Wright,"""white boys who lived beyond the tracks.""",2,Undirected,1
119,125,Richard's Childhood Gang,"""white folks"" (abstract)",2,Undirected,1
203,125,white folks who employ Richard's mother,"""white folks"" (abstract)",2,Undirected,1
119,122,Richard's Childhood Gang,Doctor,2,Undirected,1
120,124,"""white boys who lived beyond the tracks.""",Jim Crow,2,Undirected,1
118,123,Richard Wright,Richard Wright's Mother,2,Undirected,1
120,121,"""white boys who lived beyond the tracks.""","""kind neighbor""",2,Undirected,1
121,122,"""kind neighbor""",Doctor,2,Undirected,1
203,118,white folks who employ Richard's mother,Richard Wright,2,Undirected,1
203,121,white folks who employ Richard's mother,"""kind neighbor""",2,Undirected,1
123,125,Richard Wright's Mother,"""white folks"" (abstract)",2,Undirected,1
122,123,Doctor,Richard Wright's Mother,2,Undirected,1
203,124,white folks who employ Richard's mother,Jim Crow,2,Undirected,1
119,124,Richard's Childhood Gang,Jim Crow,2,Undirected,1
120,123,"""white boys who lived beyond the tracks.""",Richard Wright's Mother,2,Undirected,1
203,122,white folks who employ Richard's mother,Doctor,2,Undirected,1
121,125,"""kind neighbor""","""white folks"" (abstract)",2,Undirected,1
203,119,white folks who employ Richard's mother,Richard's Childhood Gang,2,Undirected,1
119,123,Richard's Childhood Gang,Richard Wright's Mother,2,Undirected,1
121,123,"""kind neighbor""",Richard Wright's Mother,2,Undirected,1
119,121,Richard's Childhood Gang,"""kind neighbor""",2,Undirected,1
118,119,Richard Wright,Richard's Childhood Gang,2,Undirected,1
118,122,Richard Wright,Doctor,2,Undirected,1
122,124,Doctor,Jim Crow,2,Undirected,1
121,124,"""kind neighbor""",Jim Crow,2,Undirected,1
123,124,Richard Wright's Mother,Jim Crow,2,Undirected,1
122,125,Doctor,"""white folks"" (abstract)",2,Undirected,1
203,120,white folks who employ Richard's mother,"""white boys who lived beyond the tracks.""",2,Undirected,1
118,125,Richard Wright,"""white folks"" (abstract)",2,Undirected,1
120,122,"""white boys who lived beyond the tracks.""",Doctor,2,Undirected,1
119,120,Richard's Childhood Gang,"""white boys who lived beyond the tracks.""",2,Undirected,1
120,125,"""white boys who lived beyond the tracks.""","""white folks"" (abstract)",2,Undirected,1
124,125,Jim Crow,"""white folks"" (abstract)",2,Undirected,1
118,124,Richard Wright,Jim Crow,2,Undirected,1
118,121,Richard Wright,"""kind neighbor""",2,Undirected,1
203,123,white folks who employ Richard's mother,Richard Wright's Mother,2,Undirected,1
124,127,Jim Crow,Boss of the optical company,3,Undirected,1
125,126,"""white folks"" (abstract)","Black preachers, teachers, and clerks (3)",3,Undirected,1
118,126,Richard Wright,"Black preachers, teachers, and clerks (3)",3,Undirected,1
126,127,"Black preachers, teachers, and clerks (3)",Boss of the optical company,3,Undirected,1
10,126,God,"Black preachers, teachers, and clerks (3)",3,Undirected,1
10,123,God,Richard Wright's Mother,3,Undirected,1
123,125,Richard Wright's Mother,"""white folks"" (abstract)",3,Undirected,1
123,126,Richard Wright's Mother,"Black preachers, teachers, and clerks (3)",3,Undirected,1
118,123,Richard Wright,Richard Wright's Mother,3,Undirected,1
10,124,God,Jim Crow,3,Undirected,1
125,127,"""white folks"" (abstract)",Boss of the optical company,3,Undirected,1
118,127,Richard Wright,Boss of the optical company,3,Undirected,1
10,118,God,Richard Wright,3,Undirected,1
118,124,Richard Wright,Jim Crow,3,Undirected,1
124,125,Jim Crow,"""white folks"" (abstract)",3,Undirected,1
10,127,God,Boss of the optical company,3,Undirected,1
123,127,Richard Wright's Mother,Boss of the optical company,3,Undirected,1
123,124,Richard Wright's Mother,Jim Crow,3,Undirected,1
10,125,God,"""white folks"" (abstract)",3,Undirected,1
118,125,Richard Wright,"""white folks"" (abstract)",3,Undirected,1
124,126,Jim Crow,"Black preachers, teachers, and clerks (3)",3,Undirected,1
129,127,Pease,Boss of the optical company,4,Undirected,1
118,127,Richard Wright,Boss of the optical company,4,Undirected,1
129,124,Pease,Jim Crow,4,Undirected,1
129,118,Pease,Richard Wright,4,Undirected,1
130,127,Morrie,Boss of the optical company,4,Undirected,1
129,130,Pease,Morrie,4,Undirected,1
130,118,Morrie,Richard Wright,4,Undirected,1
118,124,Richard Wright,Jim Crow,4,Undirected,1
124,127,Jim Crow,Boss of the optical company,4,Undirected,1
130,124,Morrie,Jim Crow,4,Undirected,1
132,118,Boss of Clothing Store,Richard Wright,5,Undirected,1
129,124,Pease,Jim Crow,5,Undirected,1
132,124,Boss of Clothing Store,Jim Crow,5,Undirected,1
130,124,Morrie,Jim Crow,5,Undirected,1
129,118,Pease,Richard Wright,5,Undirected,1
129,132,Pease,Boss of Clothing Store,5,Undirected,1
118,124,Richard Wright,Jim Crow,5,Undirected,1
129,130,Pease,Morrie,5,Undirected,1
130,132,Morrie,Boss of Clothing Store,5,Undirected,1
130,118,Morrie,Richard Wright,5,Undirected,1
129,118,Pease,Richard Wright,6,Undirected,1
124,118,Jim Crow,Richard Wright,6,Undirected,1
129,124,Pease,Jim Crow,6,Undirected,1
130,118,Morrie,Richard Wright,6,Undirected,1
129,130,Pease,Morrie,6,Undirected,1
130,124,Morrie,Jim Crow,6,Undirected,1
135,118,Police officer outside clothing store,Richard Wright,7,Undirected,1
131,133,"""the folks at home"" (7)",Clothing Store Boss' Son,7,Undirected,1
130,135,Morrie,Police officer outside clothing store,7,Undirected,1
131,127,"""the folks at home"" (7)",Boss of the optical company,7,Undirected,1
132,135,Boss of Clothing Store,Police officer outside clothing store,7,Undirected,1
133,118,Clothing Store Boss' Son,Richard Wright,7,Undirected,1
131,124,"""the folks at home"" (7)",Jim Crow,7,Undirected,1
133,124,Clothing Store Boss' Son,Jim Crow,7,Undirected,1
133,127,Clothing Store Boss' Son,Boss of the optical company,7,Undirected,1
135,124,Police officer outside clothing store,Jim Crow,7,Undirected,1
130,134,Morrie,Woman in the Clothing store,7,Undirected,1
124,127,Jim Crow,Boss of the optical company,7,Undirected,1
134,135,Woman in the Clothing store,Police officer outside clothing store,7,Undirected,1
130,131,Morrie,"""the folks at home"" (7)",7,Undirected,1
129,132,Pease,Boss of Clothing Store,7,Undirected,1
129,135,Pease,Police officer outside clothing store,7,Undirected,1
131,132,"""the folks at home"" (7)",Boss of Clothing Store,7,Undirected,1
132,134,Boss of Clothing Store,Woman in the Clothing store,7,Undirected,1
131,135,"""the folks at home"" (7)",Police officer outside clothing store,7,Undirected,1
130,132,Morrie,Boss of Clothing Store,7,Undirected,1
135,127,Police officer outside clothing store,Boss of the optical company,7,Undirected,1
131,118,"""the folks at home"" (7)",Richard Wright,7,Undirected,1
129,130,Pease,Morrie,7,Undirected,1
129,127,Pease,Boss of the optical company,7,Undirected,1
129,133,Pease,Clothing Store Boss' Son,7,Undirected,1
130,118,Morrie,Richard Wright,7,Undirected,1
130,124,Morrie,Jim Crow,7,Undirected,1
133,135,Clothing Store Boss' Son,Police officer outside clothing store,7,Undirected,1
130,127,Morrie,Boss of the optical company,7,Undirected,1
129,131,Pease,"""the folks at home"" (7)",7,Undirected,1
132,124,Boss of Clothing Store,Jim Crow,7,Undirected,1
132,127,Boss of Clothing Store,Boss of the optical company,7,Undirected,1
129,134,Pease,Woman in the Clothing store,7,Undirected,1
130,133,Morrie,Clothing Store Boss' Son,7,Undirected,1
132,118,Boss of Clothing Store,Richard Wright,7,Undirected,1
132,133,Boss of Clothing Store,Clothing Store Boss' Son,7,Undirected,1
134,118,Woman in the Clothing store,Richard Wright,7,Undirected,1
134,124,Woman in the Clothing store,Jim Crow,7,Undirected,1
134,127,Woman in the Clothing store,Boss of the optical company,7,Undirected,1
133,134,Clothing Store Boss' Son,Woman in the Clothing store,7,Undirected,1
129,118,Pease,Richard Wright,7,Undirected,1
129,124,Pease,Jim Crow,7,Undirected,1
118,124,Richard Wright,Jim Crow,7,Undirected,1
118,127,Richard Wright,Boss of the optical company,7,Undirected,1
131,134,"""the folks at home"" (7)",Woman in the Clothing store,7,Undirected,1
168,124,White boys in Car (8),Jim Crow,8,Undirected,1
168,118,White boys in Car (8),Richard Wright,8,Undirected,1
135,124,Police officer outside clothing store,Jim Crow,8,Undirected,1
135,118,Police officer outside clothing store,Richard Wright,8,Undirected,1
138,212,White boy with Whiskey (9),Reluctant boy (9),8,Undirected,1
209,211,"""one fellow"" (8)",Main boy (8),8,Undirected,1
208,118,Fellow Negro Porters,Richard Wright,8,Undirected,1
132,211,Boss of Clothing Store,Main boy (8),8,Undirected,1
133,118,Clothing Store Boss' Son,Richard Wright,8,Undirected,1
208,124,Fellow Negro Porters,Jim Crow,8,Undirected,1
132,208,Boss of Clothing Store,Fellow Negro Porters,8,Undirected,1
212,124,Reluctant boy (9),Jim Crow,8,Undirected,1
133,124,Clothing Store Boss' Son,Jim Crow,8,Undirected,1
132,168,Boss of Clothing Store,White boys in Car (8),8,Undirected,1
135,212,Police officer outside clothing store,Reluctant boy (9),8,Undirected,1
208,209,Fellow Negro Porters,"""one fellow"" (8)",8,Undirected,1
138,211,White boy with Whiskey (9),Main boy (8),8,Undirected,1
134,168,Woman in the Clothing store,White boys in Car (8),8,Undirected,1
138,208,White boy with Whiskey (9),Fellow Negro Porters,8,Undirected,1
168,212,White boys in Car (8),Reluctant boy (9),8,Undirected,1
132,134,Boss of Clothing Store,Woman in the Clothing store,8,Undirected,1
132,135,Boss of Clothing Store,Police officer outside clothing store,8,Undirected,1
134,135,Woman in the Clothing store,Police officer outside clothing store,8,Undirected,1
168,209,White boys in Car (8),"""one fellow"" (8)",8,Undirected,1
135,209,Police officer outside clothing store,"""one fellow"" (8)",8,Undirected,1
133,212,Clothing Store Boss' Son,Reluctant boy (9),8,Undirected,1
134,208,Woman in the Clothing store,Fellow Negro Porters,8,Undirected,1
208,212,Fellow Negro Porters,Reluctant boy (9),8,Undirected,1
133,209,Clothing Store Boss' Son,"""one fellow"" (8)",8,Undirected,1
134,138,Woman in the Clothing store,White boy with Whiskey (9),8,Undirected,1
134,211,Woman in the Clothing store,Main boy (8),8,Undirected,1
132,138,Boss of Clothing Store,White boy with Whiskey (9),8,Undirected,1
212,118,Reluctant boy (9),Richard Wright,8,Undirected,1
134,209,Woman in the Clothing store,"""one fellow"" (8)",8,Undirected,1
138,209,White boy with Whiskey (9),"""one fellow"" (8)",8,Undirected,1
133,138,Clothing Store Boss' Son,White boy with Whiskey (9),8,Undirected,1
133,135,Clothing Store Boss' Son,Police officer outside clothing store,8,Undirected,1
135,138,Police officer outside clothing store,White boy with Whiskey (9),8,Undirected,1
168,138,White boys in Car (8),White boy with Whiskey (9),8,Undirected,1
208,211,Fellow Negro Porters,Main boy (8),8,Undirected,1
132,118,Boss of Clothing Store,Richard Wright,8,Undirected,1
132,124,Boss of Clothing Store,Jim Crow,8,Undirected,1
133,208,Clothing Store Boss' Son,Fellow Negro Porters,8,Undirected,1
209,118,"""one fellow"" (8)",Richard Wright,8,Undirected,1
135,211,Police officer outside clothing store,Main boy (8),8,Undirected,1
133,211,Clothing Store Boss' Son,Main boy (8),8,Undirected,1
135,208,Police officer outside clothing store,Fellow Negro Porters,8,Undirected,1
168,208,White boys in Car (8),Fellow Negro Porters,8,Undirected,1
209,124,"""one fellow"" (8)",Jim Crow,8,Undirected,1
168,211,White boys in Car (8),Main boy (8),8,Undirected,1
211,124,Main boy (8),Jim Crow,8,Undirected,1
134,212,Woman in the Clothing store,Reluctant boy (9),8,Undirected,1
118,124,Richard Wright,Jim Crow,8,Undirected,1
138,124,White boy with Whiskey (9),Jim Crow,8,Undirected,1
211,118,Main boy (8),Richard Wright,8,Undirected,1
133,134,Clothing Store Boss' Son,Woman in the Clothing store,8,Undirected,1
211,212,Main boy (8),Reluctant boy (9),8,Undirected,1
209,212,"""one fellow"" (8)",Reluctant boy (9),8,Undirected,1
138,118,White boy with Whiskey (9),Richard Wright,8,Undirected,1
134,124,Woman in the Clothing store,Jim Crow,8,Undirected,1
134,118,Woman in the Clothing store,Richard Wright,8,Undirected,1
132,212,Boss of Clothing Store,Reluctant boy (9),8,Undirected,1
133,168,Clothing Store Boss' Son,White boys in Car (8),8,Undirected,1
132,209,Boss of Clothing Store,"""one fellow"" (8)",8,Undirected,1
135,168,Police officer outside clothing store,White boys in Car (8),8,Undirected,1
132,133,Boss of Clothing Store,Clothing Store Boss' Son,8,Undirected,1
212,118,Reluctant boy (9),Richard Wright,9,Undirected,1
168,118,White boys in Car (8),Richard Wright,9,Undirected,1
168,124,White boys in Car (8),Jim Crow,9,Undirected,1
118,123,Richard Wright,Richard Wright's Mother,9,Undirected,1
138,123,White boy with Whiskey (9),Richard Wright's Mother,9,Undirected,1
168,212,White boys in Car (8),Reluctant boy (9),9,Undirected,1
138,211,White boy with Whiskey (9),Main boy (8),9,Undirected,1
138,212,White boy with Whiskey (9),Reluctant boy (9),9,Undirected,1
212,124,Reluctant boy (9),Jim Crow,9,Undirected,1
211,123,Main boy (8),Richard Wright's Mother,9,Undirected,1
123,124,Richard Wright's Mother,Jim Crow,9,Undirected,1
138,124,White boy with Whiskey (9),Jim Crow,9,Undirected,1
138,118,White boy with Whiskey (9),Richard Wright,9,Undirected,1
211,212,Main boy (8),Reluctant boy (9),9,Undirected,1
211,124,Main boy (8),Jim Crow,9,Undirected,1
211,118,Main boy (8),Richard Wright,9,Undirected,1
168,211,White boys in Car (8),Main boy (8),9,Undirected,1
168,138,White boys in Car (8),White boy with Whiskey (9),9,Undirected,1
168,123,White boys in Car (8),Richard Wright's Mother,9,Undirected,1
212,123,Reluctant boy (9),Richard Wright's Mother,9,Undirected,1
118,124,Richard Wright,Jim Crow,9,Undirected,1
212,118,Reluctant boy (9),Richard Wright,10,Undirected,1
168,170,White boys in Car (8),Policeman 1 (10),10,Undirected,1
216,125,"""Negroes who lived in the south"" (10)","""white folks"" (abstract)",10,Undirected,1
168,216,White boys in Car (8),"""Negroes who lived in the south"" (10)",10,Undirected,1
170,125,Policeman 1 (10),"""white folks"" (abstract)",10,Undirected,1
138,212,White boy with Whiskey (9),Reluctant boy (9),10,Undirected,1
212,216,Reluctant boy (9),"""Negroes who lived in the south"" (10)",10,Undirected,1
168,118,White boys in Car (8),Richard Wright,10,Undirected,1
217,124,Policeman 2 (10),Jim Crow,10,Undirected,1
170,216,Policeman 1 (10),"""Negroes who lived in the south"" (10)",10,Undirected,1
170,124,Policeman 1 (10),Jim Crow,10,Undirected,1
212,124,Reluctant boy (9),Jim Crow,10,Undirected,1
168,212,White boys in Car (8),Reluctant boy (9),10,Undirected,1
170,118,Policeman 1 (10),Richard Wright,10,Undirected,1
211,125,Main boy (8),"""white folks"" (abstract)",10,Undirected,1
138,211,White boy with Whiskey (9),Main boy (8),10,Undirected,1
138,217,White boy with Whiskey (9),Policeman 2 (10),10,Undirected,1
216,124,"""Negroes who lived in the south"" (10)",Jim Crow,10,Undirected,1
118,217,Richard Wright,Policeman 2 (10),10,Undirected,1
216,217,"""Negroes who lived in the south"" (10)",Policeman 2 (10),10,Undirected,1
211,217,Main boy (8),Policeman 2 (10),10,Undirected,1
124,125,Jim Crow,"""white folks"" (abstract)",10,Undirected,1
168,124,White boys in Car (8),Jim Crow,10,Undirected,1
212,125,Reluctant boy (9),"""white folks"" (abstract)",10,Undirected,1
211,216,Main boy (8),"""Negroes who lived in the south"" (10)",10,Undirected,1
170,212,Policeman 1 (10),Reluctant boy (9),10,Undirected,1
168,138,White boys in Car (8),White boy with Whiskey (9),10,Undirected,1
118,125,Richard Wright,"""white folks"" (abstract)",10,Undirected,1
168,211,White boys in Car (8),Main boy (8),10,Undirected,1
211,118,Main boy (8),Richard Wright,10,Undirected,1
211,124,Main boy (8),Jim Crow,10,Undirected,1
168,217,White boys in Car (8),Policeman 2 (10),10,Undirected,1
138,216,White boy with Whiskey (9),"""Negroes who lived in the south"" (10)",10,Undirected,1
212,217,Reluctant boy (9),Policeman 2 (10),10,Undirected,1
138,125,White boy with Whiskey (9),"""white folks"" (abstract)",10,Undirected,1
118,216,Richard Wright,"""Negroes who lived in the south"" (10)",10,Undirected,1
118,124,Richard Wright,Jim Crow,10,Undirected,1
170,217,Policeman 1 (10),Policeman 2 (10),10,Undirected,1
168,125,White boys in Car (8),"""white folks"" (abstract)",10,Undirected,1
138,118,White boy with Whiskey (9),Richard Wright,10,Undirected,1
138,124,White boy with Whiskey (9),Jim Crow,10,Undirected,1
170,211,Policeman 1 (10),Main boy (8),10,Undirected,1
217,125,Policeman 2 (10),"""white folks"" (abstract)",10,Undirected,1
170,138,Policeman 1 (10),White boy with Whiskey (9),10,Undirected,1
211,212,Main boy (8),Reluctant boy (9),10,Undirected,1
175,176,"""One of the bell-boys""","""one of the Negro maids""",11,Undirected,1
177,124,Police after the bell-boy,Jim Crow,11,Undirected,1
174,177,"""thick-set man""",Police after the bell-boy,11,Undirected,1
175,118,"""One of the bell-boys""",Richard Wright,11,Undirected,1
175,124,"""One of the bell-boys""",Jim Crow,11,Undirected,1
177,118,Police after the bell-boy,Richard Wright,11,Undirected,1
171,172,Bell-boys,"""prostitutes"" (11)",11,Undirected,1
172,118,"""prostitutes"" (11)",Richard Wright,11,Undirected,1
173,175,"""snowy-skinned Blonde"" (11)","""One of the bell-boys""",11,Undirected,1
172,173,"""prostitutes"" (11)","""snowy-skinned Blonde"" (11)",11,Undirected,1
172,176,"""prostitutes"" (11)","""one of the Negro maids""",11,Undirected,1
172,124,"""prostitutes"" (11)",Jim Crow,11,Undirected,1
174,118,"""thick-set man""",Richard Wright,11,Undirected,1
174,124,"""thick-set man""",Jim Crow,11,Undirected,1
172,177,"""prostitutes"" (11)",Police after the bell-boy,11,Undirected,1
171,175,Bell-boys,"""One of the bell-boys""",11,Undirected,1
172,174,"""prostitutes"" (11)","""thick-set man""",11,Undirected,1
176,177,"""one of the Negro maids""",Police after the bell-boy,11,Undirected,1
173,118,"""snowy-skinned Blonde"" (11)",Richard Wright,11,Undirected,1
173,124,"""snowy-skinned Blonde"" (11)",Jim Crow,11,Undirected,1
171,174,Bell-boys,"""thick-set man""",11,Undirected,1
171,177,Bell-boys,Police after the bell-boy,11,Undirected,1
173,174,"""snowy-skinned Blonde"" (11)","""thick-set man""",11,Undirected,1
173,177,"""snowy-skinned Blonde"" (11)",Police after the bell-boy,11,Undirected,1
176,124,"""one of the Negro maids""",Jim Crow,11,Undirected,1
174,176,"""thick-set man""","""one of the Negro maids""",11,Undirected,1
172,175,"""prostitutes"" (11)","""One of the bell-boys""",11,Undirected,1
176,118,"""one of the Negro maids""",Richard Wright,11,Undirected,1
174,175,"""thick-set man""","""One of the bell-boys""",11,Undirected,1
171,173,Bell-boys,"""snowy-skinned Blonde"" (11)",11,Undirected,1
171,176,Bell-boys,"""one of the Negro maids""",11,Undirected,1
171,118,Bell-boys,Richard Wright,11,Undirected,1
171,124,Bell-boys,Jim Crow,11,Undirected,1
173,176,"""snowy-skinned Blonde"" (11)","""one of the Negro maids""",11,Undirected,1
175,177,"""One of the bell-boys""",Police after the bell-boy,11,Undirected,1
118,124,Richard Wright,Jim Crow,11,Undirected,1
177,118,Police after the bell-boy,Richard Wright,12,Undirected,1
177,182,Police after the bell-boy,The maid with Richard,12,Undirected,1
180,181,Hall-boys,Hotel Management,12,Undirected,1
179,118,bell-boy caught with white sex-worker,Richard Wright,12,Undirected,1
177,218,Police after the bell-boy,White men around the hotel (12),12,Undirected,1
180,218,Hall-boys,White men around the hotel (12),12,Undirected,1
218,219,White men around the hotel (12),"""The Child"" (12)",12,Undirected,1
176,177,"""one of the Negro maids""",Police after the bell-boy,12,Undirected,1
124,219,Jim Crow,"""The Child"" (12)",12,Undirected,1
182,220,The maid with Richard,"""a white prostitute"" (12)",12,Undirected,1
175,219,"""One of the bell-boys""","""The Child"" (12)",12,Undirected,1
171,176,Bell-boys,"""one of the Negro maids""",12,Undirected,1
118,219,Richard Wright,"""The Child"" (12)",12,Undirected,1
176,182,"""one of the Negro maids""",The maid with Richard,12,Undirected,1
176,118,"""one of the Negro maids""",Richard Wright,12,Undirected,1
171,183,Bell-boys,White night-watchman,12,Undirected,1
179,182,bell-boy caught with white sex-worker,The maid with Richard,12,Undirected,1
171,220,Bell-boys,"""a white prostitute"" (12)",12,Undirected,1
176,180,"""one of the Negro maids""",Hall-boys,12,Undirected,1
179,180,bell-boy caught with white sex-worker,Hall-boys,12,Undirected,1
181,218,Hotel Management,White men around the hotel (12),12,Undirected,1
171,219,Bell-boys,"""The Child"" (12)",12,Undirected,1
183,182,White night-watchman,The maid with Richard,12,Undirected,1
183,219,White night-watchman,"""The Child"" (12)",12,Undirected,1
124,182,Jim Crow,The maid with Richard,12,Undirected,1
176,220,"""one of the Negro maids""","""a white prostitute"" (12)",12,Undirected,1
124,118,Jim Crow,Richard Wright,12,Undirected,1
177,124,Police after the bell-boy,Jim Crow,12,Undirected,1
177,179,Police after the bell-boy,bell-boy caught with white sex-worker,12,Undirected,1
175,182,"""One of the bell-boys""",The maid with Richard,12,Undirected,1
175,118,"""One of the bell-boys""",Richard Wright,12,Undirected,1
176,181,"""one of the Negro maids""",Hotel Management,12,Undirected,1
180,220,Hall-boys,"""a white prostitute"" (12)",12,Undirected,1
176,183,"""one of the Negro maids""",White night-watchman,12,Undirected,1
176,218,"""one of the Negro maids""",White men around the hotel (12),12,Undirected,1
175,180,"""One of the bell-boys""",Hall-boys,12,Undirected,1
182,219,The maid with Richard,"""The Child"" (12)",12,Undirected,1
181,220,Hotel Management,"""a white prostitute"" (12)",12,Undirected,1
176,124,"""one of the Negro maids""",Jim Crow,12,Undirected,1
176,179,"""one of the Negro maids""",bell-boy caught with white sex-worker,12,Undirected,1
183,218,White night-watchman,White men around the hotel (12),12,Undirected,1
180,183,Hall-boys,White night-watchman,12,Undirected,1
219,220,"""The Child"" (12)","""a white prostitute"" (12)",12,Undirected,1
124,180,Jim Crow,Hall-boys,12,Undirected,1
171,181,Bell-boys,Hotel Management,12,Undirected,1
118,182,Richard Wright,The maid with Richard,12,Undirected,1
179,219,bell-boy caught with white sex-worker,"""The Child"" (12)",12,Undirected,1
175,124,"""One of the bell-boys""",Jim Crow,12,Undirected,1
175,179,"""One of the bell-boys""",bell-boy caught with white sex-worker,12,Undirected,1
182,218,The maid with Richard,White men around the hotel (12),12,Undirected,1
171,218,Bell-boys,White men around the hotel (12),12,Undirected,1
179,183,bell-boy caught with white sex-worker,White night-watchman,12,Undirected,1
183,220,White night-watchman,"""a white prostitute"" (12)",12,Undirected,1
218,220,White men around the hotel (12),"""a white prostitute"" (12)",12,Undirected,1
171,182,Bell-boys,The maid with Richard,12,Undirected,1
181,183,Hotel Management,White night-watchman,12,Undirected,1
179,220,bell-boy caught with white sex-worker,"""a white prostitute"" (12)",12,Undirected,1
177,183,Police after the bell-boy,White night-watchman,12,Undirected,1
175,177,"""One of the bell-boys""",Police after the bell-boy,12,Undirected,1
180,219,Hall-boys,"""The Child"" (12)",12,Undirected,1
177,220,Police after the bell-boy,"""a white prostitute"" (12)",12,Undirected,1
179,181,bell-boy caught with white sex-worker,Hotel Management,12,Undirected,1
171,180,Bell-boys,Hall-boys,12,Undirected,1
179,218,bell-boy caught with white sex-worker,White men around the hotel (12),12,Undirected,1
177,181,Police after the bell-boy,Hotel Management,12,Undirected,1
181,182,Hotel Management,The maid with Richard,12,Undirected,1
118,218,Richard Wright,White men around the hotel (12),12,Undirected,1
124,179,Jim Crow,bell-boy caught with white sex-worker,12,Undirected,1
171,118,Bell-boys,Richard Wright,12,Undirected,1
175,218,"""One of the bell-boys""",White men around the hotel (12),12,Undirected,1
171,175,Bell-boys,"""One of the bell-boys""",12,Undirected,1
181,219,Hotel Management,"""The Child"" (12)",12,Undirected,1
175,176,"""One of the bell-boys""","""one of the Negro maids""",12,Undirected,1
177,219,Police after the bell-boy,"""The Child"" (12)",12,Undirected,1
171,124,Bell-boys,Jim Crow,12,Undirected,1
180,182,Hall-boys,The maid with Richard,12,Undirected,1
180,118,Hall-boys,Richard Wright,12,Undirected,1
124,183,Jim Crow,White night-watchman,12,Undirected,1
177,180,Police after the bell-boy,Hall-boys,12,Undirected,1
171,179,Bell-boys,bell-boy caught with white sex-worker,12,Undirected,1
124,220,Jim Crow,"""a white prostitute"" (12)",12,Undirected,1
124,218,Jim Crow,White men around the hotel (12),12,Undirected,1
175,183,"""One of the bell-boys""",White night-watchman,12,Undirected,1
175,181,"""One of the bell-boys""",Hotel Management,12,Undirected,1
118,220,Richard Wright,"""a white prostitute"" (12)",12,Undirected,1
176,219,"""one of the Negro maids""","""The Child"" (12)",12,Undirected,1
181,118,Hotel Management,Richard Wright,12,Undirected,1
171,177,Bell-boys,Police after the bell-boy,12,Undirected,1
118,183,Richard Wright,White night-watchman,12,Undirected,1
175,220,"""One of the bell-boys""","""a white prostitute"" (12)",12,Undirected,1
124,181,Jim Crow,Hotel Management,12,Undirected,1
180,181,Hall-boys,Hotel Management,13,Undirected,1
183,223,White night-watchman,Catholic co-worker,13,Undirected,1
188,222,Co-workers at Memphis optical company,maids,13,Undirected,1
182,188,The maid with Richard,Co-workers at Memphis optical company,13,Undirected,1
221,222,"""2 Negroes"" (13)",maids,13,Undirected,1
124,222,Jim Crow,maids,13,Undirected,1
171,221,Bell-boys,"""2 Negroes"" (13)",13,Undirected,1
182,221,The maid with Richard,"""2 Negroes"" (13)",13,Undirected,1
118,221,Richard Wright,"""2 Negroes"" (13)",13,Undirected,1
181,222,Hotel Management,maids,13,Undirected,1
124,118,Jim Crow,Richard Wright,13,Undirected,1
180,221,Hall-boys,"""2 Negroes"" (13)",13,Undirected,1
180,223,Hall-boys,Catholic co-worker,13,Undirected,1
124,188,Jim Crow,Co-workers at Memphis optical company,13,Undirected,1
171,181,Bell-boys,Hotel Management,13,Undirected,1
181,182,Hotel Management,The maid with Richard,13,Undirected,1
222,223,maids,Catholic co-worker,13,Undirected,1
181,188,Hotel Management,Co-workers at Memphis optical company,13,Undirected,1
183,222,White night-watchman,maids,13,Undirected,1
188,221,Co-workers at Memphis optical company,"""2 Negroes"" (13)",13,Undirected,1
124,221,Jim Crow,"""2 Negroes"" (13)",13,Undirected,1
171,223,Bell-boys,Catholic co-worker,13,Undirected,1
181,221,Hotel Management,"""2 Negroes"" (13)",13,Undirected,1
118,223,Richard Wright,Catholic co-worker,13,Undirected,1
118,188,Richard Wright,Co-workers at Memphis optical company,13,Undirected,1
181,118,Hotel Management,Richard Wright,13,Undirected,1
118,182,Richard Wright,The maid with Richard,13,Undirected,1
124,182,Jim Crow,The maid with Richard,13,Undirected,1
171,188,Bell-boys,Co-workers at Memphis optical company,13,Undirected,1
183,182,White night-watchman,The maid with Richard,13,Undirected,1
124,181,Jim Crow,Hotel Management,13,Undirected,1
180,183,Hall-boys,White night-watchman,13,Undirected,1
171,183,Bell-boys,White night-watchman,13,Undirected,1
171,180,Bell-boys,Hall-boys,13,Undirected,1
183,221,White night-watchman,"""2 Negroes"" (13)",13,Undirected,1
182,223,The maid with Richard,Catholic co-worker,13,Undirected,1
188,223,Co-workers at Memphis optical company,Catholic co-worker,13,Undirected,1
221,223,"""2 Negroes"" (13)",Catholic co-worker,13,Undirected,1
124,223,Jim Crow,Catholic co-worker,13,Undirected,1
183,188,White night-watchman,Co-workers at Memphis optical company,13,Undirected,1
180,222,Hall-boys,maids,13,Undirected,1
118,183,Richard Wright,White night-watchman,13,Undirected,1
171,222,Bell-boys,maids,13,Undirected,1
171,182,Bell-boys,The maid with Richard,13,Undirected,1
181,223,Hotel Management,Catholic co-worker,13,Undirected,1
181,183,Hotel Management,White night-watchman,13,Undirected,1
171,124,Bell-boys,Jim Crow,13,Undirected,1
180,188,Hall-boys,Co-workers at Memphis optical company,13,Undirected,1
171,118,Bell-boys,Richard Wright,13,Undirected,1
124,180,Jim Crow,Hall-boys,13,Undirected,1
180,118,Hall-boys,Richard Wright,13,Undirected,1
124,183,Jim Crow,White night-watchman,13,Undirected,1
118,222,Richard Wright,maids,13,Undirected,1
182,222,The maid with Richard,maids,13,Undirected,1
180,182,Hall-boys,The maid with Richard,13,Undirected,1
195,190,Catholics (abstract),"""American White Women"" (abstract)",14,Undirected,1
194,118,William Sherman,Richard Wright,14,Undirected,1
197,187,Jews (abstract),Negro Soldiers in France (14),14,Undirected,1
196,189,The Pope,The Ku Klux Klan,14,Undirected,1
118,187,Richard Wright,Negro Soldiers in France (14),14,Undirected,1
196,198,The Pope,The Republican Party,14,Undirected,1
192,194,Jack Johnson,William Sherman,14,Undirected,1
196,118,The Pope,Richard Wright,14,Undirected,1
210,187,Librarian,Negro Soldiers in France (14),14,Undirected,1
223,190,Catholic co-worker,"""American White Women"" (abstract)",14,Undirected,1
124,187,Jim Crow,Negro Soldiers in France (14),14,Undirected,1
224,189,Ulysses S. Grant,The Ku Klux Klan,14,Undirected,1
198,124,The Republican Party,Jim Crow,14,Undirected,1
197,189,Jews (abstract),The Ku Klux Klan,14,Undirected,1
223,197,Catholic co-worker,Jews (abstract),14,Undirected,1
194,191,William Sherman,French Women (abstract),14,Undirected,1
223,188,Catholic co-worker,Co-workers at Memphis optical company,14,Undirected,1
195,124,Catholics (abstract),Jim Crow,14,Undirected,1
223,124,Catholic co-worker,Jim Crow,14,Undirected,1
187,191,Negro Soldiers in France (14),French Women (abstract),14,Undirected,1
193,124,Abraham Lincoln,Jim Crow,14,Undirected,1
193,188,Abraham Lincoln,Co-workers at Memphis optical company,14,Undirected,1
193,197,Abraham Lincoln,Jews (abstract),14,Undirected,1
223,195,Catholic co-worker,Catholics (abstract),14,Undirected,1
196,191,The Pope,French Women (abstract),14,Undirected,1
195,188,Catholics (abstract),Co-workers at Memphis optical company,14,Undirected,1
197,224,Jews (abstract),Ulysses S. Grant,14,Undirected,1
196,187,The Pope,Negro Soldiers in France (14),14,Undirected,1
195,197,Catholics (abstract),Jews (abstract),14,Undirected,1
124,210,Jim Crow,Librarian,14,Undirected,1
189,190,The Ku Klux Klan,"""American White Women"" (abstract)",14,Undirected,1
193,190,Abraham Lincoln,"""American White Women"" (abstract)",14,Undirected,1
194,189,William Sherman,The Ku Klux Klan,14,Undirected,1
194,198,William Sherman,The Republican Party,14,Undirected,1
192,210,Jack Johnson,Librarian,14,Undirected,1
198,184,The Republican Party,Library-goers (14),14,Undirected,1
198,188,The Republican Party,Co-workers at Memphis optical company,14,Undirected,1
224,191,Ulysses S. Grant,French Women (abstract),14,Undirected,1
187,188,Negro Soldiers in France (14),Co-workers at Memphis optical company,14,Undirected,1
195,224,Catholics (abstract),Ulysses S. Grant,14,Undirected,1
124,118,Jim Crow,Richard Wright,14,Undirected,1
224,184,Ulysses S. Grant,Library-goers (14),14,Undirected,1
223,194,Catholic co-worker,William Sherman,14,Undirected,1
124,191,Jim Crow,French Women (abstract),14,Undirected,1
190,191,"""American White Women"" (abstract)",French Women (abstract),14,Undirected,1
195,187,Catholics (abstract),Negro Soldiers in France (14),14,Undirected,1
118,184,Richard Wright,Library-goers (14),14,Undirected,1
192,118,Jack Johnson,Richard Wright,14,Undirected,1
194,124,William Sherman,Jim Crow,14,Undirected,1
193,189,Abraham Lincoln,The Ku Klux Klan,14,Undirected,1
192,191,Jack Johnson,French Women (abstract),14,Undirected,1
223,224,Catholic co-worker,Ulysses S. Grant,14,Undirected,1
184,187,Library-goers (14),Negro Soldiers in France (14),14,Undirected,1
224,210,Ulysses S. Grant,Librarian,14,Undirected,1
192,198,Jack Johnson,The Republican Party,14,Undirected,1
193,196,Abraham Lincoln,The Pope,14,Undirected,1
192,189,Jack Johnson,The Ku Klux Klan,14,Undirected,1
193,187,Abraham Lincoln,Negro Soldiers in France (14),14,Undirected,1
198,197,The Republican Party,Jews (abstract),14,Undirected,1
192,187,Jack Johnson,Negro Soldiers in France (14),14,Undirected,1
194,184,William Sherman,Library-goers (14),14,Undirected,1
193,194,Abraham Lincoln,William Sherman,14,Undirected,1
192,196,Jack Johnson,The Pope,14,Undirected,1
197,210,Jews (abstract),Librarian,14,Undirected,1
224,118,Ulysses S. Grant,Richard Wright,14,Undirected,1
118,189,Richard Wright,The Ku Klux Klan,14,Undirected,1
124,189,Jim Crow,The Ku Klux Klan,14,Undirected,1
197,118,Jews (abstract),Richard Wright,14,Undirected,1
196,184,The Pope,Library-goers (14),14,Undirected,1
195,194,Catholics (abstract),William Sherman,14,Undirected,1
118,191,Richard Wright,French Women (abstract),14,Undirected,1
193,224,Abraham Lincoln,Ulysses S. Grant,14,Undirected,1
198,190,The Republican Party,"""American White Women"" (abstract)",14,Undirected,1
187,190,Negro Soldiers in France (14),"""American White Women"" (abstract)",14,Undirected,1
192,223,Jack Johnson,Catholic co-worker,14,Undirected,1
198,191,The Republican Party,French Women (abstract),14,Undirected,1
196,210,The Pope,Librarian,14,Undirected,1
198,118,The Republican Party,Richard Wright,14,Undirected,1
196,190,The Pope,"""American White Women"" (abstract)",14,Undirected,1
223,210,Catholic co-worker,Librarian,14,Undirected,1
197,191,Jews (abstract),French Women (abstract),14,Undirected,1
192,195,Jack Johnson,Catholics (abstract),14,Undirected,1
184,191,Library-goers (14),French Women (abstract),14,Undirected,1
223,118,Catholic co-worker,Richard Wright,14,Undirected,1
210,118,Librarian,Richard Wright,14,Undirected,1
124,188,Jim Crow,Co-workers at Memphis optical company,14,Undirected,1
210,191,Librarian,French Women (abstract),14,Undirected,1
224,190,Ulysses S. Grant,"""American White Women"" (abstract)",14,Undirected,1
188,191,Co-workers at Memphis optical company,French Women (abstract),14,Undirected,1
118,190,Richard Wright,"""American White Women"" (abstract)",14,Undirected,1
193,223,Abraham Lincoln,Catholic co-worker,14,Undirected,1
197,184,Jews (abstract),Library-goers (14),14,Undirected,1
195,196,Catholics (abstract),The Pope,14,Undirected,1
118,188,Richard Wright,Co-workers at Memphis optical company,14,Undirected,1
188,189,Co-workers at Memphis optical company,The Ku Klux Klan,14,Undirected,1
210,189,Librarian,The Ku Klux Klan,14,Undirected,1
224,188,Ulysses S. Grant,Co-workers at Memphis optical company,14,Undirected,1
194,197,William Sherman,Jews (abstract),14,Undirected,1
223,187,Catholic co-worker,Negro Soldiers in France (14),14,Undirected,1
124,184,Jim Crow,Library-goers (14),14,Undirected,1
223,196,Catholic co-worker,The Pope,14,Undirected,1
193,210,Abraham Lincoln,Librarian,14,Undirected,1
196,124,The Pope,Jim Crow,14,Undirected,1
196,188,The Pope,Co-workers at Memphis optical company,14,Undirected,1
192,124,Jack Johnson,Jim Crow,14,Undirected,1
196,197,The Pope,Jews (abstract),14,Undirected,1
192,184,Jack Johnson,Library-goers (14),14,Undirected,1
195,210,Catholics (abstract),Librarian,14,Undirected,1
194,190,William Sherman,"""American White Women"" (abstract)",14,Undirected,1
184,189,Library-goers (14),The Ku Klux Klan,14,Undirected,1
224,124,Ulysses S. Grant,Jim Crow,14,Undirected,1
223,189,Catholic co-worker,The Ku Klux Klan,14,Undirected,1
198,224,The Republican Party,Ulysses S. Grant,14,Undirected,1
193,118,Abraham Lincoln,Richard Wright,14,Undirected,1
192,188,Jack Johnson,Co-workers at Memphis optical company,14,Undirected,1
192,193,Jack Johnson,Abraham Lincoln,14,Undirected,1
198,210,The Republican Party,Librarian,14,Undirected,1
210,188,Librarian,Co-workers at Memphis optical company,14,Undirected,1
224,187,Ulysses S. Grant,Negro Soldiers in France (14),14,Undirected,1
194,188,William Sherman,Co-workers at Memphis optical company,14,Undirected,1
223,191,Catholic co-worker,French Women (abstract),14,Undirected,1
195,184,Catholics (abstract),Library-goers (14),14,Undirected,1
197,190,Jews (abstract),"""American White Women"" (abstract)",14,Undirected,1
198,189,The Republican Party,The Ku Klux Klan,14,Undirected,1
187,189,Negro Soldiers in France (14),The Ku Klux Klan,14,Undirected,1
196,194,The Pope,William Sherman,14,Undirected,1
184,190,Library-goers (14),"""American White Women"" (abstract)",14,Undirected,1
193,195,Abraham Lincoln,Catholics (abstract),14,Undirected,1
210,190,Librarian,"""American White Women"" (abstract)",14,Undirected,1
188,190,Co-workers at Memphis optical company,"""American White Women"" (abstract)",14,Undirected,1
223,184,Catholic co-worker,Library-goers (14),14,Undirected,1
192,224,Jack Johnson,Ulysses S. Grant,14,Undirected,1
193,184,Abraham Lincoln,Library-goers (14),14,Undirected,1
184,188,Library-goers (14),Co-workers at Memphis optical company,14,Undirected,1
194,210,William Sherman,Librarian,14,Undirected,1
197,188,Jews (abstract),Co-workers at Memphis optical company,14,Undirected,1
210,184,Librarian,Library-goers (14),14,Undirected,1
193,198,Abraham Lincoln,The Republican Party,14,Undirected,1
124,190,Jim Crow,"""American White Women"" (abstract)",14,Undirected,1
194,224,William Sherman,Ulysses S. Grant,14,Undirected,1
198,187,The Republican Party,Negro Soldiers in France (14),14,Undirected,1
195,198,Catholics (abstract),The Republican Party,14,Undirected,1
189,191,The Ku Klux Klan,French Women (abstract),14,Undirected,1
192,190,Jack Johnson,"""American White Women"" (abstract)",14,Undirected,1
195,189,Catholics (abstract),The Ku Klux Klan,14,Undirected,1
193,191,Abraham Lincoln,French Women (abstract),14,Undirected,1
194,187,William Sherman,Negro Soldiers in France (14),14,Undirected,1
195,191,Catholics (abstract),French Women (abstract),14,Undirected,1
197,124,Jews (abstract),Jim Crow,14,Undirected,1
223,198,Catholic co-worker,The Republican Party,14,Undirected,1
192,197,Jack Johnson,Jews (abstract),14,Undirected,1
195,118,Catholics (abstract),Richard Wright,14,Undirected,1
196,224,The Pope,Ulysses S. Grant,14,Undirected,1
201,188,White men in the elevator (15),Co-workers at Memphis optical company,15,Undirected,1
201,118,White men in the elevator (15),Richard Wright,15,Undirected,1
199,200,Police (abstract),Lynch-mobs (abstract),15,Undirected,1
199,188,Police (abstract),Co-workers at Memphis optical company,15,Undirected,1
188,124,Co-workers at Memphis optical company,Jim Crow,15,Undirected,1
199,124,Police (abstract),Jim Crow,15,Undirected,1
199,118,Police (abstract),Richard Wright,15,Undirected,1
188,118,Co-workers at Memphis optical company,Richard Wright,15,Undirected,1
200,202,Lynch-mobs (abstract),Richard's friend who ran an elevator (15),15,Undirected,1
201,124,White men in the elevator (15),Jim Crow,15,Undirected,1
118,124,Richard Wright,Jim Crow,15,Undirected,1
201,202,White men in the elevator (15),Richard's friend who ran an elevator (15),15,Undirected,1
202,188,Richard's friend who ran an elevator (15),Co-workers at Memphis optical company,15,Undirected,1
202,124,Richard's friend who ran an elevator (15),Jim Crow,15,Undirected,1
200,188,Lynch-mobs (abstract),Co-workers at Memphis optical company,15,Undirected,1
200,124,Lynch-mobs (abstract),Jim Crow,15,Undirected,1
200,118,Lynch-mobs (abstract),Richard Wright,15,Undirected,1
202,118,Richard's friend who ran an elevator (15),Richard Wright,15,Undirected,1
199,202,Police (abstract),Richard's friend who ran an elevator (15),15,Undirected,1
200,201,Lynch-mobs (abstract),White men in the elevator (15),15,Undirected,1
199,201,Police (abstract),White men in the elevator (15),15,Undirected,1
228,230,Buck,Lester,17,Undirected,1
228,115,Buck,Bobo,17,Undirected,1
230,114,Lester,Big Boy,17,Undirected,1
234,114,"""yo mama"" (17)",Big Boy,17,Undirected,1
228,234,Buck,"""yo mama"" (17)",17,Undirected,1
234,115,"""yo mama"" (17)",Bobo,17,Undirected,1
230,115,Lester,Bobo,17,Undirected,1
114,115,Big Boy,Bobo,17,Undirected,1
228,114,Buck,Big Boy,17,Undirected,1
230,234,Lester,"""yo mama"" (17)",17,Undirected,1
230,115,Lester,Bobo,18,Undirected,1
228,115,Buck,Bobo,18,Undirected,1
230,114,Lester,Big Boy,18,Undirected,1
228,230,Buck,Lester,18,Undirected,1
228,10,Buck,God,18,Undirected,1
230,10,Lester,God,18,Undirected,1
10,114,God,Big Boy,18,Undirected,1
114,115,Big Boy,Bobo,18,Undirected,1
228,114,Buck,Big Boy,18,Undirected,1
10,115,God,Bobo,18,Undirected,1
228,230,Buck,Lester,19,Undirected,1
228,115,Buck,Bobo,19,Undirected,1
230,114,Lester,Big Boy,19,Undirected,1
230,115,Lester,Bobo,19,Undirected,1
228,10,Buck,God,19,Undirected,1
10,114,God,Big Boy,19,Undirected,1
230,10,Lester,God,19,Undirected,1
114,115,Big Boy,Bobo,19,Undirected,1
228,114,Buck,Big Boy,19,Undirected,1
10,115,God,Bobo,19,Undirected,1
230,233,Lester,Old Man Harvey,20,Undirected,1
233,114,Old Man Harvey,Big Boy,20,Undirected,1
228,230,Buck,Lester,20,Undirected,1
228,115,Buck,Bobo,20,Undirected,1
230,114,Lester,Big Boy,20,Undirected,1
228,233,Buck,Old Man Harvey,20,Undirected,1
230,115,Lester,Bobo,20,Undirected,1
114,115,Big Boy,Bobo,20,Undirected,1
233,115,Old Man Harvey,Bobo,20,Undirected,1
228,114,Buck,Big Boy,20,Undirected,1
228,230,Buck,Lester,21,Undirected,1
114,115,Big Boy,Bobo,21,Undirected,1
114,230,Big Boy,Lester,21,Undirected,1
114,228,Big Boy,Buck,21,Undirected,1
115,228,Bobo,Buck,21,Undirected,1
115,230,Bobo,Lester,21,Undirected,1
115,228,Bobo,Buck,22,Undirected,1
114,228,Big Boy,Buck,22,Undirected,1
115,230,Bobo,Lester,22,Undirected,1
114,115,Big Boy,Bobo,22,Undirected,1
228,230,Buck,Lester,22,Undirected,1
114,230,Big Boy,Lester,22,Undirected,1
228,230,Buck,Lester,23,Undirected,1
114,230,Big Boy,Lester,23,Undirected,1
114,115,Big Boy,Bobo,23,Undirected,1
115,228,Bobo,Buck,23,Undirected,1
114,228,Big Boy,Buck,23,Undirected,1
115,230,Bobo,Lester,23,Undirected,1
115,228,Bobo,Buck,24,Undirected,1
114,228,Big Boy,Buck,24,Undirected,1
115,230,Bobo,Lester,24,Undirected,1
114,115,Big Boy,Bobo,24,Undirected,1
228,230,Buck,Lester,24,Undirected,1
114,230,Big Boy,Lester,24,Undirected,1
233,114,Old Man Harvey,Big Boy,25,Undirected,1
228,230,Buck,Lester,25,Undirected,1
228,115,Buck,Bobo,25,Undirected,1
230,233,Lester,Old Man Harvey,25,Undirected,1
230,114,Lester,Big Boy,25,Undirected,1
230,115,Lester,Bobo,25,Undirected,1
114,115,Big Boy,Bobo,25,Undirected,1
228,233,Buck,Old Man Harvey,25,Undirected,1
228,114,Buck,Big Boy,25,Undirected,1
233,115,Old Man Harvey,Bobo,25,Undirected,1
115,228,Bobo,Buck,26,Undirected,1
114,228,Big Boy,Buck,26,Undirected,1
115,230,Bobo,Lester,26,Undirected,1
114,115,Big Boy,Bobo,26,Undirected,1
228,230,Buck,Lester,26,Undirected,1
114,230,Big Boy,Lester,26,Undirected,1
228,230,Buck,Lester,27,Undirected,1
228,115,Buck,Bobo,27,Undirected,1
230,114,Lester,Big Boy,27,Undirected,1
114,125,Big Boy,"""white folks"" (abstract)",27,Undirected,1
230,115,Lester,Bobo,27,Undirected,1
228,125,Buck,"""white folks"" (abstract)",27,Undirected,1
115,125,Bobo,"""white folks"" (abstract)",27,Undirected,1
114,115,Big Boy,Bobo,27,Undirected,1
228,114,Buck,Big Boy,27,Undirected,1
230,125,Lester,"""white folks"" (abstract)",27,Undirected,1
230,233,Lester,Old Man Harvey,28,Undirected,1
230,114,Lester,Big Boy,28,Undirected,1
235,55,"""Colored folks up North"" (28)",Jesus Christ,28,Undirected,1
114,55,Big Boy,Jesus Christ,28,Undirected,1
233,55,Old Man Harvey,Jesus Christ,28,Undirected,1
233,235,Old Man Harvey,"""Colored folks up North"" (28)",28,Undirected,1
228,233,Buck,Old Man Harvey,28,Undirected,1
228,114,Buck,Big Boy,28,Undirected,1
228,230,Buck,Lester,28,Undirected,1
230,115,Lester,Bobo,28,Undirected,1
233,114,Old Man Harvey,Big Boy,28,Undirected,1
235,114,"""Colored folks up North"" (28)",Big Boy,28,Undirected,1
228,115,Buck,Bobo,28,Undirected,1
230,55,Lester,Jesus Christ,28,Undirected,1
230,235,Lester,"""Colored folks up North"" (28)",28,Undirected,1
235,115,"""Colored folks up North"" (28)",Bobo,28,Undirected,1
114,115,Big Boy,Bobo,28,Undirected,1
233,115,Old Man Harvey,Bobo,28,Undirected,1
228,55,Buck,Jesus Christ,28,Undirected,1
228,235,Buck,"""Colored folks up North"" (28)",28,Undirected,1
115,55,Bobo,Jesus Christ,28,Undirected,1
228,230,Buck,Lester,29,Undirected,1
230,117,Lester,Bertha,29,Undirected,1
228,115,Buck,Bobo,29,Undirected,1
115,117,Bobo,Bertha,29,Undirected,1
230,114,Lester,Big Boy,29,Undirected,1
114,117,Big Boy,Bertha,29,Undirected,1
228,117,Buck,Bertha,29,Undirected,1
114,115,Big Boy,Bobo,29,Undirected,1
228,114,Buck,Big Boy,29,Undirected,1
230,115,Lester,Bobo,29,Undirected,1
230,114,Lester,Big Boy,30,Undirected,1
228,230,Buck,Lester,30,Undirected,1
232,114,Jim Harvey,Big Boy,30,Undirected,1
230,117,Lester,Bertha,30,Undirected,1
228,115,Buck,Bobo,30,Undirected,1
230,232,Lester,Jim Harvey,30,Undirected,1
232,115,Jim Harvey,Bobo,30,Undirected,1
115,117,Bobo,Bertha,30,Undirected,1
228,232,Buck,Jim Harvey,30,Undirected,1
114,117,Big Boy,Bertha,30,Undirected,1
228,117,Buck,Bertha,30,Undirected,1
114,115,Big Boy,Bobo,30,Undirected,1
232,117,Jim Harvey,Bertha,30,Undirected,1
228,114,Buck,Big Boy,30,Undirected,1
230,115,Lester,Bobo,30,Undirected,1
230,232,Lester,Jim Harvey,31,Undirected,1
228,230,Buck,Lester,31,Undirected,1
232,114,Jim Harvey,Big Boy,31,Undirected,1
230,117,Lester,Bertha,31,Undirected,1
228,115,Buck,Bobo,31,Undirected,1
115,117,Bobo,Bertha,31,Undirected,1
232,115,Jim Harvey,Bobo,31,Undirected,1
230,114,Lester,Big Boy,31,Undirected,1
228,232,Buck,Jim Harvey,31,Undirected,1
114,117,Big Boy,Bertha,31,Undirected,1
228,117,Buck,Bertha,31,Undirected,1
114,115,Big Boy,Bobo,31,Undirected,1
232,117,Jim Harvey,Bertha,31,Undirected,1
228,114,Buck,Big Boy,31,Undirected,1
230,115,Lester,Bobo,31,Undirected,1
232,114,Jim Harvey,Big Boy,32,Undirected,1
114,115,Big Boy,Bobo,32,Undirected,1
115,117,Bobo,Bertha,32,Undirected,1
114,117,Big Boy,Bertha,32,Undirected,1
232,117,Jim Harvey,Bertha,32,Undirected,1
232,115,Jim Harvey,Bobo,32,Undirected,1
230,114,Lester,Big Boy,33,Undirected,1
228,115,Buck,Bobo,33,Undirected,1
228,230,Buck,Lester,33,Undirected,1
228,244,Buck,Lynch Mob / White friends of the Harveys,33,Undirected,1
114,244,Big Boy,Lynch Mob / White friends of the Harveys,33,Undirected,1
115,244,Bobo,Lynch Mob / White friends of the Harveys,33,Undirected,1
230,244,Lester,Lynch Mob / White friends of the Harveys,33,Undirected,1
114,115,Big Boy,Bobo,33,Undirected,1
228,114,Buck,Big Boy,33,Undirected,1
230,115,Lester,Bobo,33,Undirected,1
114,244,Big Boy,Lynch Mob / White friends of the Harveys,34,Undirected,1
115,246,Bobo,Bobo's family,34,Undirected,1
236,246,Liza Morrison (Big Boy's Mother),Bobo's family,34,Undirected,1
236,115,Liza Morrison (Big Boy's Mother),Bobo,34,Undirected,1
237,245,Saul Morrison (Big Boy's Father),White man in a wagon (34),34,Undirected,1
245,246,White man in a wagon (34),Bobo's family,34,Undirected,1
237,114,Saul Morrison (Big Boy's Father),Big Boy,34,Undirected,1
115,244,Bobo,Lynch Mob / White friends of the Harveys,34,Undirected,1
244,245,Lynch Mob / White friends of the Harveys,White man in a wagon (34),34,Undirected,1
114,245,Big Boy,White man in a wagon (34),34,Undirected,1
236,237,Liza Morrison (Big Boy's Mother),Saul Morrison (Big Boy's Father),34,Undirected,1
237,246,Saul Morrison (Big Boy's Father),Bobo's family,34,Undirected,1
236,244,Liza Morrison (Big Boy's Mother),Lynch Mob / White friends of the Harveys,34,Undirected,1
237,244,Saul Morrison (Big Boy's Father),Lynch Mob / White friends of the Harveys,34,Undirected,1
114,115,Big Boy,Bobo,34,Undirected,1
244,246,Lynch Mob / White friends of the Harveys,Bobo's family,34,Undirected,1
236,114,Liza Morrison (Big Boy's Mother),Big Boy,34,Undirected,1
115,245,Bobo,White man in a wagon (34),34,Undirected,1
236,245,Liza Morrison (Big Boy's Mother),White man in a wagon (34),34,Undirected,1
114,246,Big Boy,Bobo's family,34,Undirected,1
237,115,Saul Morrison (Big Boy's Father),Bobo,34,Undirected,1
228,117,Buck,Bertha,35,Undirected,1
232,115,Jim Harvey,Bobo,35,Undirected,1
228,230,Buck,Lester,35,Undirected,1
228,114,Buck,Big Boy,35,Undirected,1
10,236,God,Liza Morrison (Big Boy's Mother),35,Undirected,1
115,244,Bobo,Lynch Mob / White friends of the Harveys,35,Undirected,1
228,236,Buck,Liza Morrison (Big Boy's Mother),35,Undirected,1
230,114,Lester,Big Boy,35,Undirected,1
10,117,God,Bertha,35,Undirected,1
228,10,Buck,God,35,Undirected,1
236,115,Liza Morrison (Big Boy's Mother),Bobo,35,Undirected,1
114,244,Big Boy,Lynch Mob / White friends of the Harveys,35,Undirected,1
230,117,Lester,Bertha,35,Undirected,1
232,114,Jim Harvey,Big Boy,35,Undirected,1
236,244,Liza Morrison (Big Boy's Mother),Lynch Mob / White friends of the Harveys,35,Undirected,1
10,114,God,Big Boy,35,Undirected,1
114,117,Big Boy,Bertha,35,Undirected,1
230,115,Lester,Bobo,35,Undirected,1
228,115,Buck,Bobo,35,Undirected,1
244,117,Lynch Mob / White friends of the Harveys,Bertha,35,Undirected,1
232,117,Jim Harvey,Bertha,35,Undirected,1
230,10,Lester,God,35,Undirected,1
228,232,Buck,Jim Harvey,35,Undirected,1
232,10,Jim Harvey,God,35,Undirected,1
228,244,Buck,Lynch Mob / White friends of the Harveys,35,Undirected,1
10,244,God,Lynch Mob / White friends of the Harveys,35,Undirected,1
236,114,Liza Morrison (Big Boy's Mother),Big Boy,35,Undirected,1
232,236,Jim Harvey,Liza Morrison (Big Boy's Mother),35,Undirected,1
115,117,Bobo,Bertha,35,Undirected,1
236,117,Liza Morrison (Big Boy's Mother),Bertha,35,Undirected,1
230,232,Lester,Jim Harvey,35,Undirected,1
230,236,Lester,Liza Morrison (Big Boy's Mother),35,Undirected,1
230,244,Lester,Lynch Mob / White friends of the Harveys,35,Undirected,1
232,244,Jim Harvey,Lynch Mob / White friends of the Harveys,35,Undirected,1
114,115,Big Boy,Bobo,35,Undirected,1
10,115,God,Bobo,35,Undirected,1
237,114,Saul Morrison (Big Boy's Father),Big Boy,36,Undirected,1
77,244,Saul,Lynch Mob / White friends of the Harveys,36,Undirected,1
232,115,Jim Harvey,Bobo,36,Undirected,1
77,238,Saul,Lucy,36,Undirected,1
232,237,Jim Harvey,Saul Morrison (Big Boy's Father),36,Undirected,1
232,114,Jim Harvey,Big Boy,36,Undirected,1
230,237,Lester,Saul Morrison (Big Boy's Father),36,Undirected,1
238,244,Lucy,Lynch Mob / White friends of the Harveys,36,Undirected,1
115,244,Bobo,Lynch Mob / White friends of the Harveys,36,Undirected,1
236,244,Liza Morrison (Big Boy's Mother),Lynch Mob / White friends of the Harveys,36,Undirected,1
236,238,Liza Morrison (Big Boy's Mother),Lucy,36,Undirected,1
228,230,Buck,Lester,36,Undirected,1
244,117,Lynch Mob / White friends of the Harveys,Bertha,36,Undirected,1
230,115,Lester,Bobo,36,Undirected,1
237,117,Saul Morrison (Big Boy's Father),Bertha,36,Undirected,1
10,77,God,Saul,36,Undirected,1
10,236,God,Liza Morrison (Big Boy's Mother),36,Undirected,1
114,117,Big Boy,Bertha,36,Undirected,1
230,236,Lester,Liza Morrison (Big Boy's Mother),36,Undirected,1
230,117,Lester,Bertha,36,Undirected,1
114,244,Big Boy,Lynch Mob / White friends of the Harveys,36,Undirected,1
230,114,Lester,Big Boy,36,Undirected,1
238,237,Lucy,Saul Morrison (Big Boy's Father),36,Undirected,1
228,114,Buck,Big Boy,36,Undirected,1
228,77,Buck,Saul,36,Undirected,1
236,237,Liza Morrison (Big Boy's Mother),Saul Morrison (Big Boy's Father),36,Undirected,1
228,10,Buck,God,36,Undirected,1
10,117,God,Bertha,36,Undirected,1
10,114,God,Big Boy,36,Undirected,1
228,236,Buck,Liza Morrison (Big Boy's Mother),36,Undirected,1
228,117,Buck,Bertha,36,Undirected,1
236,115,Liza Morrison (Big Boy's Mother),Bobo,36,Undirected,1
238,115,Lucy,Bobo,36,Undirected,1
230,238,Lester,Lucy,36,Undirected,1
228,115,Buck,Bobo,36,Undirected,1
10,237,God,Saul Morrison (Big Boy's Father),36,Undirected,1
232,117,Jim Harvey,Bertha,36,Undirected,1
232,236,Jim Harvey,Liza Morrison (Big Boy's Mother),36,Undirected,1
77,237,Saul,Saul Morrison (Big Boy's Father),36,Undirected,1
230,10,Lester,God,36,Undirected,1
228,232,Buck,Jim Harvey,36,Undirected,1
232,10,Jim Harvey,God,36,Undirected,1
230,77,Lester,Saul,36,Undirected,1
237,244,Saul Morrison (Big Boy's Father),Lynch Mob / White friends of the Harveys,36,Undirected,1
10,238,God,Lucy,36,Undirected,1
232,77,Jim Harvey,Saul,36,Undirected,1
228,238,Buck,Lucy,36,Undirected,1
228,244,Buck,Lynch Mob / White friends of the Harveys,36,Undirected,1
10,244,God,Lynch Mob / White friends of the Harveys,36,Undirected,1
236,114,Liza Morrison (Big Boy's Mother),Big Boy,36,Undirected,1
77,115,Saul,Bobo,36,Undirected,1
115,117,Bobo,Bertha,36,Undirected,1
10,115,God,Bobo,36,Undirected,1
114,115,Big Boy,Bobo,36,Undirected,1
228,237,Buck,Saul Morrison (Big Boy's Father),36,Undirected,1
237,115,Saul Morrison (Big Boy's Father),Bobo,36,Undirected,1
232,244,Jim Harvey,Lynch Mob / White friends of the Harveys,36,Undirected,1
236,77,Liza Morrison (Big Boy's Mother),Saul,36,Undirected,1
77,114,Saul,Big Boy,36,Undirected,1
232,238,Jim Harvey,Lucy,36,Undirected,1
230,244,Lester,Lynch Mob / White friends of the Harveys,36,Undirected,1
238,117,Lucy,Bertha,36,Undirected,1
230,232,Lester,Jim Harvey,36,Undirected,1
238,114,Lucy,Big Boy,36,Undirected,1
236,117,Liza Morrison (Big Boy's Mother),Bertha,36,Undirected,1
77,117,Saul,Bertha,36,Undirected,1
228,230,Buck,Lester,37,Undirected,1
233,236,Old Man Harvey,Liza Morrison (Big Boy's Mother),37,Undirected,1
10,117,God,Bertha,37,Undirected,1
237,114,Saul Morrison (Big Boy's Father),Big Boy,37,Undirected,1
77,244,Saul,Lynch Mob / White friends of the Harveys,37,Undirected,1
230,237,Lester,Saul Morrison (Big Boy's Father),37,Undirected,1
244,117,Lynch Mob / White friends of the Harveys,Bertha,37,Undirected,1
233,117,Old Man Harvey,Bertha,37,Undirected,1
232,77,Jim Harvey,Saul,37,Undirected,1
77,114,Saul,Big Boy,37,Undirected,1
230,244,Lester,Lynch Mob / White friends of the Harveys,37,Undirected,1
233,115,Old Man Harvey,Bobo,37,Undirected,1
228,244,Buck,Lynch Mob / White friends of the Harveys,37,Undirected,1
10,238,God,Lucy,37,Undirected,1
233,238,Old Man Harvey,Lucy,37,Undirected,1
237,238,Saul Morrison (Big Boy's Father),Lucy,37,Undirected,1
228,237,Buck,Saul Morrison (Big Boy's Father),37,Undirected,1
236,115,Liza Morrison (Big Boy's Mother),Bobo,37,Undirected,1
233,244,Old Man Harvey,Lynch Mob / White friends of the Harveys,37,Undirected,1
77,237,Saul,Saul Morrison (Big Boy's Father),37,Undirected,1
230,233,Lester,Old Man Harvey,37,Undirected,1
114,244,Big Boy,Lynch Mob / White friends of the Harveys,37,Undirected,1
238,115,Lucy,Bobo,37,Undirected,1
10,77,God,Saul,37,Undirected,1
77,115,Saul,Bobo,37,Undirected,1
228,10,Buck,God,37,Undirected,1
10,114,God,Big Boy,37,Undirected,1
232,115,Jim Harvey,Bobo,37,Undirected,1
236,238,Liza Morrison (Big Boy's Mother),Lucy,37,Undirected,1
233,114,Old Man Harvey,Big Boy,37,Undirected,1
230,232,Lester,Jim Harvey,37,Undirected,1
236,117,Liza Morrison (Big Boy's Mother),Bertha,37,Undirected,1
115,117,Bobo,Bertha,37,Undirected,1
237,244,Saul Morrison (Big Boy's Father),Lynch Mob / White friends of the Harveys,37,Undirected,1
230,77,Lester,Saul,37,Undirected,1
232,10,Jim Harvey,God,37,Undirected,1
228,232,Buck,Jim Harvey,37,Undirected,1
228,77,Buck,Saul,37,Undirected,1
230,114,Lester,Big Boy,37,Undirected,1
10,244,God,Lynch Mob / White friends of the Harveys,37,Undirected,1
228,233,Buck,Old Man Harvey,37,Undirected,1
228,236,Buck,Liza Morrison (Big Boy's Mother),37,Undirected,1
228,117,Buck,Bertha,37,Undirected,1
77,238,Saul,Lucy,37,Undirected,1
233,77,Old Man Harvey,Saul,37,Undirected,1
230,115,Lester,Bobo,37,Undirected,1
236,244,Liza Morrison (Big Boy's Mother),Lynch Mob / White friends of the Harveys,37,Undirected,1
10,237,God,Saul Morrison (Big Boy's Father),37,Undirected,1
236,237,Liza Morrison (Big Boy's Mother),Saul Morrison (Big Boy's Father),37,Undirected,1
228,115,Buck,Bobo,37,Undirected,1
77,117,Saul,Bertha,37,Undirected,1
238,117,Lucy,Bertha,37,Undirected,1
233,237,Old Man Harvey,Saul Morrison (Big Boy's Father),37,Undirected,1
230,10,Lester,God,37,Undirected,1
232,236,Jim Harvey,Liza Morrison (Big Boy's Mother),37,Undirected,1
232,117,Jim Harvey,Bertha,37,Undirected,1
10,236,God,Liza Morrison (Big Boy's Mother),37,Undirected,1
232,238,Jim Harvey,Lucy,37,Undirected,1
230,117,Lester,Bertha,37,Undirected,1
236,114,Liza Morrison (Big Boy's Mother),Big Boy,37,Undirected,1
230,236,Lester,Liza Morrison (Big Boy's Mother),37,Undirected,1
228,114,Buck,Big Boy,37,Undirected,1
232,114,Jim Harvey,Big Boy,37,Undirected,1
237,117,Saul Morrison (Big Boy's Father),Bertha,37,Undirected,1
238,244,Lucy,Lynch Mob / White friends of the Harveys,37,Undirected,1
115,244,Bobo,Lynch Mob / White friends of the Harveys,37,Undirected,1
233,10,Old Man Harvey,God,37,Undirected,1
114,117,Big Boy,Bertha,37,Undirected,1
10,115,God,Bobo,37,Undirected,1
232,237,Jim Harvey,Saul Morrison (Big Boy's Father),37,Undirected,1
232,244,Jim Harvey,Lynch Mob / White friends of the Harveys,37,Undirected,1
236,77,Liza Morrison (Big Boy's Mother),Saul,37,Undirected,1
232,233,Jim Harvey,Old Man Harvey,37,Undirected,1
230,238,Lester,Lucy,37,Undirected,1
238,114,Lucy,Big Boy,37,Undirected,1
114,115,Big Boy,Bobo,37,Undirected,1
237,115,Saul Morrison (Big Boy's Father),Bobo,37,Undirected,1
228,238,Buck,Lucy,37,Undirected,1
244,117,Lynch Mob / White friends of the Harveys,Bertha,38,Undirected,1
233,245,Old Man Harvey,White man in a wagon (34),38,Undirected,1
244,245,Lynch Mob / White friends of the Harveys,White man in a wagon (34),38,Undirected,1
238,241,Lucy,Brother Jenkins,38,Undirected,1
236,241,Liza Morrison (Big Boy's Mother),Brother Jenkins,38,Undirected,1
237,114,Saul Morrison (Big Boy's Father),Big Boy,38,Undirected,1
77,244,Saul,Lynch Mob / White friends of the Harveys,38,Undirected,1
228,230,Buck,Lester,38,Undirected,1
10,117,God,Bertha,38,Undirected,1
233,236,Old Man Harvey,Liza Morrison (Big Boy's Mother),38,Undirected,1
233,238,Old Man Harvey,Lucy,38,Undirected,1
230,237,Lester,Saul Morrison (Big Boy's Father),38,Undirected,1
233,117,Old Man Harvey,Bertha,38,Undirected,1
228,244,Buck,Lynch Mob / White friends of the Harveys,38,Undirected,1
237,240,Saul Morrison (Big Boy's Father),Brother Sanders,38,Undirected,1
238,77,Lucy,Saul,38,Undirected,1
77,114,Saul,Big Boy,38,Undirected,1
241,244,Brother Jenkins,Lynch Mob / White friends of the Harveys,38,Undirected,1
230,244,Lester,Lynch Mob / White friends of the Harveys,38,Undirected,1
233,115,Old Man Harvey,Bobo,38,Undirected,1
232,77,Jim Harvey,Saul,38,Undirected,1
10,238,God,Lucy,38,Undirected,1
237,238,Saul Morrison (Big Boy's Father),Lucy,38,Undirected,1
241,114,Brother Jenkins,Big Boy,38,Undirected,1
230,233,Lester,Old Man Harvey,38,Undirected,1
10,245,God,White man in a wagon (34),38,Undirected,1
228,237,Buck,Saul Morrison (Big Boy's Father),38,Undirected,1
236,115,Liza Morrison (Big Boy's Mother),Bobo,38,Undirected,1
232,115,Jim Harvey,Bobo,38,Undirected,1
240,115,Brother Sanders,Bobo,38,Undirected,1
230,114,Lester,Big Boy,38,Undirected,1
77,115,Saul,Bobo,38,Undirected,1
114,244,Big Boy,Lynch Mob / White friends of the Harveys,38,Undirected,1
238,115,Lucy,Bobo,38,Undirected,1
236,240,Liza Morrison (Big Boy's Mother),Brother Sanders,38,Undirected,1
10,77,God,Saul,38,Undirected,1
233,244,Old Man Harvey,Lynch Mob / White friends of the Harveys,38,Undirected,1
237,77,Saul Morrison (Big Boy's Father),Saul,38,Undirected,1
228,10,Buck,God,38,Undirected,1
10,114,God,Big Boy,38,Undirected,1
77,241,Saul,Brother Jenkins,38,Undirected,1
10,240,God,Brother Sanders,38,Undirected,1
233,114,Old Man Harvey,Big Boy,38,Undirected,1
232,241,Jim Harvey,Brother Jenkins,38,Undirected,1
240,245,Brother Sanders,White man in a wagon (34),38,Undirected,1
240,117,Brother Sanders,Bertha,38,Undirected,1
236,245,Liza Morrison (Big Boy's Mother),White man in a wagon (34),38,Undirected,1
230,232,Lester,Jim Harvey,38,Undirected,1
115,245,Bobo,White man in a wagon (34),38,Undirected,1
236,117,Liza Morrison (Big Boy's Mother),Bertha,38,Undirected,1
233,240,Old Man Harvey,Brother Sanders,38,Undirected,1
115,117,Bobo,Bertha,38,Undirected,1
228,241,Buck,Brother Jenkins,38,Undirected,1
237,244,Saul Morrison (Big Boy's Father),Lynch Mob / White friends of the Harveys,38,Undirected,1
230,77,Lester,Saul,38,Undirected,1
232,10,Jim Harvey,God,38,Undirected,1
228,232,Buck,Jim Harvey,38,Undirected,1
228,77,Buck,Saul,38,Undirected,1
237,245,Saul Morrison (Big Boy's Father),White man in a wagon (34),38,Undirected,1
236,238,Liza Morrison (Big Boy's Mother),Lucy,38,Undirected,1
228,233,Buck,Old Man Harvey,38,Undirected,1
233,241,Old Man Harvey,Brother Jenkins,38,Undirected,1
228,245,Buck,White man in a wagon (34),38,Undirected,1
228,236,Buck,Liza Morrison (Big Boy's Mother),38,Undirected,1
228,117,Buck,Bertha,38,Undirected,1
232,240,Jim Harvey,Brother Sanders,38,Undirected,1
240,244,Brother Sanders,Lynch Mob / White friends of the Harveys,38,Undirected,1
233,77,Old Man Harvey,Saul,38,Undirected,1
241,115,Brother Jenkins,Bobo,38,Undirected,1
230,115,Lester,Bobo,38,Undirected,1
236,244,Liza Morrison (Big Boy's Mother),Lynch Mob / White friends of the Harveys,38,Undirected,1
10,237,God,Saul Morrison (Big Boy's Father),38,Undirected,1
228,115,Buck,Bobo,38,Undirected,1
77,245,Saul,White man in a wagon (34),38,Undirected,1
232,238,Jim Harvey,Lucy,38,Undirected,1
230,241,Lester,Brother Jenkins,38,Undirected,1
238,245,Lucy,White man in a wagon (34),38,Undirected,1
10,236,God,Liza Morrison (Big Boy's Mother),38,Undirected,1
77,117,Saul,Bertha,38,Undirected,1
117,245,Bertha,White man in a wagon (34),38,Undirected,1
240,114,Brother Sanders,Big Boy,38,Undirected,1
238,117,Lucy,Bertha,38,Undirected,1
236,114,Liza Morrison (Big Boy's Mother),Big Boy,38,Undirected,1
10,244,God,Lynch Mob / White friends of the Harveys,38,Undirected,1
233,237,Old Man Harvey,Saul Morrison (Big Boy's Father),38,Undirected,1
232,245,Jim Harvey,White man in a wagon (34),38,Undirected,1
230,10,Lester,God,38,Undirected,1
232,236,Jim Harvey,Liza Morrison (Big Boy's Mother),38,Undirected,1
236,237,Liza Morrison (Big Boy's Mother),Saul Morrison (Big Boy's Father),38,Undirected,1
238,240,Lucy,Brother Sanders,38,Undirected,1
232,117,Jim Harvey,Bertha,38,Undirected,1
232,114,Jim Harvey,Big Boy,38,Undirected,1
228,114,Buck,Big Boy,38,Undirected,1
237,117,Saul Morrison (Big Boy's Father),Bertha,38,Undirected,1
232,237,Jim Harvey,Saul Morrison (Big Boy's Father),38,Undirected,1
230,240,Lester,Brother Sanders,38,Undirected,1
240,241,Brother Sanders,Brother Jenkins,38,Undirected,1
238,244,Lucy,Lynch Mob / White friends of the Harveys,38,Undirected,1
115,244,Bobo,Lynch Mob / White friends of the Harveys,38,Undirected,1
230,117,Lester,Bertha,38,Undirected,1
114,245,Big Boy,White man in a wagon (34),38,Undirected,1
114,117,Big Boy,Bertha,38,Undirected,1
228,240,Buck,Brother Sanders,38,Undirected,1
10,115,God,Bobo,38,Undirected,1
237,115,Saul Morrison (Big Boy's Father),Bobo,38,Undirected,1
233,10,Old Man Harvey,God,38,Undirected,1
236,77,Liza Morrison (Big Boy's Mother),Saul,38,Undirected,1
232,244,Jim Harvey,Lynch Mob / White friends of the Harveys,38,Undirected,1
232,233,Jim Harvey,Old Man Harvey,38,Undirected,1
77,240,Saul,Brother Sanders,38,Undirected,1
241,117,Brother Jenkins,Bertha,38,Undirected,1
230,245,Lester,White man in a wagon (34),38,Undirected,1
241,245,Brother Jenkins,White man in a wagon (34),38,Undirected,1
230,236,Lester,Liza Morrison (Big Boy's Mother),38,Undirected,1
228,238,Buck,Lucy,38,Undirected,1
10,241,God,Brother Jenkins,38,Undirected,1
114,115,Big Boy,Bobo,38,Undirected,1
238,114,Lucy,Big Boy,38,Undirected,1
230,238,Lester,Lucy,38,Undirected,1
237,241,Saul Morrison (Big Boy's Father),Brother Jenkins,38,Undirected,1
233,236,Old Man Harvey,Liza Morrison (Big Boy's Mother),39,Undirected,1
238,241,Lucy,Brother Jenkins,39,Undirected,1
236,241,Liza Morrison (Big Boy's Mother),Brother Jenkins,39,Undirected,1
230,237,Lester,Saul Morrison (Big Boy's Father),39,Undirected,1
117,244,Bertha,Lynch Mob / White friends of the Harveys,39,Undirected,1
228,230,Buck,Lester,39,Undirected,1
77,244,Saul,Lynch Mob / White friends of the Harveys,39,Undirected,1
228,239,Buck,Elder Peters,39,Undirected,1
10,117,God,Bertha,39,Undirected,1
233,238,Old Man Harvey,Lucy,39,Undirected,1
237,114,Saul Morrison (Big Boy's Father),Big Boy,39,Undirected,1
233,117,Old Man Harvey,Bertha,39,Undirected,1
241,114,Brother Jenkins,Big Boy,39,Undirected,1
237,240,Saul Morrison (Big Boy's Father),Brother Sanders,39,Undirected,1
238,77,Lucy,Saul,39,Undirected,1
241,244,Brother Jenkins,Lynch Mob / White friends of the Harveys,39,Undirected,1
230,244,Lester,Lynch Mob / White friends of the Harveys,39,Undirected,1
238,239,Lucy,Elder Peters,39,Undirected,1
233,115,Old Man Harvey,Bobo,39,Undirected,1
239,244,Elder Peters,Lynch Mob / White friends of the Harveys,39,Undirected,1
228,244,Buck,Lynch Mob / White friends of the Harveys,39,Undirected,1
232,77,Jim Harvey,Saul,39,Undirected,1
10,238,God,Lucy,39,Undirected,1
237,238,Saul Morrison (Big Boy's Father),Lucy,39,Undirected,1
232,239,Jim Harvey,Elder Peters,39,Undirected,1
236,115,Liza Morrison (Big Boy's Mother),Bobo,39,Undirected,1
228,237,Buck,Saul Morrison (Big Boy's Father),39,Undirected,1
228,77,Buck,Saul,39,Undirected,1
240,117,Brother Sanders,Bertha,39,Undirected,1
230,239,Lester,Elder Peters,39,Undirected,1
230,233,Lester,Old Man Harvey,39,Undirected,1
114,244,Big Boy,Lynch Mob / White friends of the Harveys,39,Undirected,1
238,115,Lucy,Bobo,39,Undirected,1
236,240,Liza Morrison (Big Boy's Mother),Brother Sanders,39,Undirected,1
10,77,God,Saul,39,Undirected,1
233,244,Old Man Harvey,Lynch Mob / White friends of the Harveys,39,Undirected,1
237,77,Saul Morrison (Big Boy's Father),Saul,39,Undirected,1
228,10,Buck,God,39,Undirected,1
10,114,God,Big Boy,39,Undirected,1
237,239,Saul Morrison (Big Boy's Father),Elder Peters,39,Undirected,1
232,115,Jim Harvey,Bobo,39,Undirected,1
114,77,Big Boy,Saul,39,Undirected,1
236,238,Liza Morrison (Big Boy's Mother),Lucy,39,Undirected,1
10,240,God,Brother Sanders,39,Undirected,1
233,114,Old Man Harvey,Big Boy,39,Undirected,1
230,232,Lester,Jim Harvey,39,Undirected,1
236,117,Liza Morrison (Big Boy's Mother),Bertha,39,Undirected,1
233,240,Old Man Harvey,Brother Sanders,39,Undirected,1
115,117,Bobo,Bertha,39,Undirected,1
239,241,Elder Peters,Brother Jenkins,39,Undirected,1
228,241,Buck,Brother Jenkins,39,Undirected,1
237,244,Saul Morrison (Big Boy's Father),Lynch Mob / White friends of the Harveys,39,Undirected,1
241,77,Brother Jenkins,Saul,39,Undirected,1
230,77,Lester,Saul,39,Undirected,1
232,10,Jim Harvey,God,39,Undirected,1
228,232,Buck,Jim Harvey,39,Undirected,1
240,115,Brother Sanders,Bobo,39,Undirected,1
239,77,Elder Peters,Saul,39,Undirected,1
230,114,Lester,Big Boy,39,Undirected,1
232,241,Jim Harvey,Brother Jenkins,39,Undirected,1
239,114,Elder Peters,Big Boy,39,Undirected,1
236,237,Liza Morrison (Big Boy's Mother),Saul Morrison (Big Boy's Father),39,Undirected,1
233,241,Old Man Harvey,Brother Jenkins,39,Undirected,1
10,239,God,Elder Peters,39,Undirected,1
239,117,Elder Peters,Bertha,39,Undirected,1
228,236,Buck,Liza Morrison (Big Boy's Mother),39,Undirected,1
228,117,Buck,Bertha,39,Undirected,1
232,240,Jim Harvey,Brother Sanders,39,Undirected,1
240,244,Brother Sanders,Lynch Mob / White friends of the Harveys,39,Undirected,1
233,77,Old Man Harvey,Saul,39,Undirected,1
241,115,Brother Jenkins,Bobo,39,Undirected,1
230,115,Lester,Bobo,39,Undirected,1
236,244,Liza Morrison (Big Boy's Mother),Lynch Mob / White friends of the Harveys,39,Undirected,1
238,240,Lucy,Brother Sanders,39,Undirected,1
233,239,Old Man Harvey,Elder Peters,39,Undirected,1
239,115,Elder Peters,Bobo,39,Undirected,1
228,115,Buck,Bobo,39,Undirected,1
232,238,Jim Harvey,Lucy,39,Undirected,1
230,241,Lester,Brother Jenkins,39,Undirected,1
77,117,Saul,Bertha,39,Undirected,1
238,117,Lucy,Bertha,39,Undirected,1
236,114,Liza Morrison (Big Boy's Mother),Big Boy,39,Undirected,1
10,244,God,Lynch Mob / White friends of the Harveys,39,Undirected,1
233,237,Old Man Harvey,Saul Morrison (Big Boy's Father),39,Undirected,1
230,10,Lester,God,39,Undirected,1
232,236,Jim Harvey,Liza Morrison (Big Boy's Mother),39,Undirected,1
232,117,Jim Harvey,Bertha,39,Undirected,1
10,237,God,Saul Morrison (Big Boy's Father),39,Undirected,1
230,117,Lester,Bertha,39,Undirected,1
240,114,Brother Sanders,Big Boy,39,Undirected,1
230,236,Lester,Liza Morrison (Big Boy's Mother),39,Undirected,1
232,114,Jim Harvey,Big Boy,39,Undirected,1
228,233,Buck,Old Man Harvey,39,Undirected,1
228,114,Buck,Big Boy,39,Undirected,1
237,117,Saul Morrison (Big Boy's Father),Bertha,39,Undirected,1
232,237,Jim Harvey,Saul Morrison (Big Boy's Father),39,Undirected,1
230,240,Lester,Brother Sanders,39,Undirected,1
240,241,Brother Sanders,Brother Jenkins,39,Undirected,1
238,244,Lucy,Lynch Mob / White friends of the Harveys,39,Undirected,1
115,244,Bobo,Lynch Mob / White friends of the Harveys,39,Undirected,1
233,10,Old Man Harvey,God,39,Undirected,1
114,117,Big Boy,Bertha,39,Undirected,1
239,240,Elder Peters,Brother Sanders,39,Undirected,1
228,240,Buck,Brother Sanders,39,Undirected,1
10,115,God,Bobo,39,Undirected,1
10,236,God,Liza Morrison (Big Boy's Mother),39,Undirected,1
240,77,Brother Sanders,Saul,39,Undirected,1
241,117,Brother Jenkins,Bertha,39,Undirected,1
237,241,Saul Morrison (Big Boy's Father),Brother Jenkins,39,Undirected,1
232,233,Jim Harvey,Old Man Harvey,39,Undirected,1
10,241,God,Brother Jenkins,39,Undirected,1
114,115,Big Boy,Bobo,39,Undirected,1
236,239,Liza Morrison (Big Boy's Mother),Elder Peters,39,Undirected,1
228,238,Buck,Lucy,39,Undirected,1
230,238,Lester,Lucy,39,Undirected,1
115,77,Bobo,Saul,39,Undirected,1
236,77,Liza Morrison (Big Boy's Mother),Saul,39,Undirected,1
232,244,Jim Harvey,Lynch Mob / White friends of the Harveys,39,Undirected,1
237,115,Saul Morrison (Big Boy's Father),Bobo,39,Undirected,1
238,114,Lucy,Big Boy,39,Undirected,1
233,238,Old Man Harvey,Lucy,40,Undirected,1
10,117,God,Bertha,40,Undirected,1
228,230,Buck,Lester,40,Undirected,1
237,114,Saul Morrison (Big Boy's Father),Big Boy,40,Undirected,1
77,244,Saul,Lynch Mob / White friends of the Harveys,40,Undirected,1
230,237,Lester,Saul Morrison (Big Boy's Father),40,Undirected,1
244,117,Lynch Mob / White friends of the Harveys,Bertha,40,Undirected,1
233,236,Old Man Harvey,Liza Morrison (Big Boy's Mother),40,Undirected,1
233,117,Old Man Harvey,Bertha,40,Undirected,1
228,244,Buck,Lynch Mob / White friends of the Harveys,40,Undirected,1
237,240,Saul Morrison (Big Boy's Father),Brother Sanders,40,Undirected,1
77,114,Saul,Big Boy,40,Undirected,1
230,244,Lester,Lynch Mob / White friends of the Harveys,40,Undirected,1
233,115,Old Man Harvey,Bobo,40,Undirected,1
236,115,Liza Morrison (Big Boy's Mother),Bobo,40,Undirected,1
232,77,Jim Harvey,Saul,40,Undirected,1
10,238,God,Lucy,40,Undirected,1
237,238,Saul Morrison (Big Boy's Father),Lucy,40,Undirected,1
230,233,Lester,Old Man Harvey,40,Undirected,1
228,237,Buck,Saul Morrison (Big Boy's Father),40,Undirected,1
228,77,Buck,Saul,40,Undirected,1
115,117,Bobo,Bertha,40,Undirected,1
77,237,Saul,Saul Morrison (Big Boy's Father),40,Undirected,1
230,114,Lester,Big Boy,40,Undirected,1
114,244,Big Boy,Lynch Mob / White friends of the Harveys,40,Undirected,1
238,115,Lucy,Bobo,40,Undirected,1
236,240,Liza Morrison (Big Boy's Mother),Brother Sanders,40,Undirected,1
10,77,God,Saul,40,Undirected,1
233,244,Old Man Harvey,Lynch Mob / White friends of the Harveys,40,Undirected,1
228,10,Buck,God,40,Undirected,1
10,114,God,Big Boy,40,Undirected,1
236,238,Liza Morrison (Big Boy's Mother),Lucy,40,Undirected,1
240,115,Brother Sanders,Bobo,40,Undirected,1
10,240,God,Brother Sanders,40,Undirected,1
240,117,Brother Sanders,Bertha,40,Undirected,1
230,232,Lester,Jim Harvey,40,Undirected,1
236,117,Liza Morrison (Big Boy's Mother),Bertha,40,Undirected,1
233,240,Old Man Harvey,Brother Sanders,40,Undirected,1
77,115,Saul,Bobo,40,Undirected,1
237,244,Saul Morrison (Big Boy's Father),Lynch Mob / White friends of the Harveys,40,Undirected,1
230,77,Lester,Saul,40,Undirected,1
232,10,Jim Harvey,God,40,Undirected,1
228,232,Buck,Jim Harvey,40,Undirected,1
233,114,Old Man Harvey,Big Boy,40,Undirected,1
232,115,Jim Harvey,Bobo,40,Undirected,1
10,236,God,Liza Morrison (Big Boy's Mother),40,Undirected,1
228,114,Buck,Big Boy,40,Undirected,1
228,117,Buck,Bertha,40,Undirected,1
232,240,Jim Harvey,Brother Sanders,40,Undirected,1
240,244,Brother Sanders,Lynch Mob / White friends of the Harveys,40,Undirected,1
77,238,Saul,Lucy,40,Undirected,1
233,77,Old Man Harvey,Saul,40,Undirected,1
230,115,Lester,Bobo,40,Undirected,1
236,244,Liza Morrison (Big Boy's Mother),Lynch Mob / White friends of the Harveys,40,Undirected,1
10,237,God,Saul Morrison (Big Boy's Father),40,Undirected,1
228,115,Buck,Bobo,40,Undirected,1
232,238,Jim Harvey,Lucy,40,Undirected,1
77,117,Saul,Bertha,40,Undirected,1
238,117,Lucy,Bertha,40,Undirected,1
236,114,Liza Morrison (Big Boy's Mother),Big Boy,40,Undirected,1
10,244,God,Lynch Mob / White friends of the Harveys,40,Undirected,1
233,237,Old Man Harvey,Saul Morrison (Big Boy's Father),40,Undirected,1
230,10,Lester,God,40,Undirected,1
232,236,Jim Harvey,Liza Morrison (Big Boy's Mother),40,Undirected,1
232,117,Jim Harvey,Bertha,40,Undirected,1
228,233,Buck,Old Man Harvey,40,Undirected,1
228,236,Buck,Liza Morrison (Big Boy's Mother),40,Undirected,1
236,237,Liza Morrison (Big Boy's Mother),Saul Morrison (Big Boy's Father),40,Undirected,1
240,114,Brother Sanders,Big Boy,40,Undirected,1
230,117,Lester,Bertha,40,Undirected,1
237,117,Saul Morrison (Big Boy's Father),Bertha,40,Undirected,1
238,240,Lucy,Brother Sanders,40,Undirected,1
232,237,Jim Harvey,Saul Morrison (Big Boy's Father),40,Undirected,1
230,240,Lester,Brother Sanders,40,Undirected,1
238,244,Lucy,Lynch Mob / White friends of the Harveys,40,Undirected,1
233,10,Old Man Harvey,God,40,Undirected,1
114,117,Big Boy,Bertha,40,Undirected,1
228,240,Buck,Brother Sanders,40,Undirected,1
10,115,God,Bobo,40,Undirected,1
237,115,Saul Morrison (Big Boy's Father),Bobo,40,Undirected,1
115,244,Bobo,Lynch Mob / White friends of the Harveys,40,Undirected,1
236,77,Liza Morrison (Big Boy's Mother),Saul,40,Undirected,1
230,238,Lester,Lucy,40,Undirected,1
238,114,Lucy,Big Boy,40,Undirected,1
114,115,Big Boy,Bobo,40,Undirected,1
228,238,Buck,Lucy,40,Undirected,1
77,240,Saul,Brother Sanders,40,Undirected,1
232,233,Jim Harvey,Old Man Harvey,40,Undirected,1
232,114,Jim Harvey,Big Boy,40,Undirected,1
232,244,Jim Harvey,Lynch Mob / White friends of the Harveys,40,Undirected,1
230,236,Lester,Liza Morrison (Big Boy's Mother),40,Undirected,1
238,241,Lucy,Brother Jenkins,41,Undirected,1
236,241,Liza Morrison (Big Boy's Mother),Brother Jenkins,41,Undirected,1
230,237,Lester,Saul Morrison (Big Boy's Father),41,Undirected,1
117,244,Bertha,Lynch Mob / White friends of the Harveys,41,Undirected,1
237,114,Saul Morrison (Big Boy's Father),Big Boy,41,Undirected,1
228,239,Buck,Elder Peters,41,Undirected,1
228,230,Buck,Lester,41,Undirected,1
10,117,God,Bertha,41,Undirected,1
233,238,Old Man Harvey,Lucy,41,Undirected,1
233,236,Old Man Harvey,Liza Morrison (Big Boy's Mother),41,Undirected,1
236,115,Liza Morrison (Big Boy's Mother),Bobo,41,Undirected,1
77,244,Saul,Lynch Mob / White friends of the Harveys,41,Undirected,1
233,117,Old Man Harvey,Bertha,41,Undirected,1
232,77,Jim Harvey,Saul,41,Undirected,1
237,240,Saul Morrison (Big Boy's Father),Brother Sanders,41,Undirected,1
238,77,Lucy,Saul,41,Undirected,1
241,244,Brother Jenkins,Lynch Mob / White friends of the Harveys,41,Undirected,1
230,244,Lester,Lynch Mob / White friends of the Harveys,41,Undirected,1
238,239,Lucy,Elder Peters,41,Undirected,1
233,115,Old Man Harvey,Bobo,41,Undirected,1
239,244,Elder Peters,Lynch Mob / White friends of the Harveys,41,Undirected,1
228,244,Buck,Lynch Mob / White friends of the Harveys,41,Undirected,1
10,238,God,Lucy,41,Undirected,1
237,238,Saul Morrison (Big Boy's Father),Lucy,41,Undirected,1
232,239,Jim Harvey,Elder Peters,41,Undirected,1
241,114,Brother Jenkins,Big Boy,41,Undirected,1
228,77,Buck,Saul,41,Undirected,1
228,237,Buck,Saul Morrison (Big Boy's Father),41,Undirected,1
239,77,Elder Peters,Saul,41,Undirected,1
237,239,Saul Morrison (Big Boy's Father),Elder Peters,41,Undirected,1
240,115,Brother Sanders,Bobo,41,Undirected,1
230,233,Lester,Old Man Harvey,41,Undirected,1
238,115,Lucy,Bobo,41,Undirected,1
236,240,Liza Morrison (Big Boy's Mother),Brother Sanders,41,Undirected,1
10,77,God,Saul,41,Undirected,1
233,244,Old Man Harvey,Lynch Mob / White friends of the Harveys,41,Undirected,1
237,77,Saul Morrison (Big Boy's Father),Saul,41,Undirected,1
228,10,Buck,God,41,Undirected,1
10,114,God,Big Boy,41,Undirected,1
232,115,Jim Harvey,Bobo,41,Undirected,1
114,77,Big Boy,Saul,41,Undirected,1
236,238,Liza Morrison (Big Boy's Mother),Lucy,41,Undirected,1
10,240,God,Brother Sanders,41,Undirected,1
233,114,Old Man Harvey,Big Boy,41,Undirected,1
232,241,Jim Harvey,Brother Jenkins,41,Undirected,1
240,117,Brother Sanders,Bertha,41,Undirected,1
230,232,Lester,Jim Harvey,41,Undirected,1
236,117,Liza Morrison (Big Boy's Mother),Bertha,41,Undirected,1
114,244,Big Boy,Lynch Mob / White friends of the Harveys,41,Undirected,1
233,240,Old Man Harvey,Brother Sanders,41,Undirected,1
115,117,Bobo,Bertha,41,Undirected,1
239,241,Elder Peters,Brother Jenkins,41,Undirected,1
228,241,Buck,Brother Jenkins,41,Undirected,1
237,244,Saul Morrison (Big Boy's Father),Lynch Mob / White friends of the Harveys,41,Undirected,1
241,77,Brother Jenkins,Saul,41,Undirected,1
230,77,Lester,Saul,41,Undirected,1
232,10,Jim Harvey,God,41,Undirected,1
228,232,Buck,Jim Harvey,41,Undirected,1
230,239,Lester,Elder Peters,41,Undirected,1
230,114,Lester,Big Boy,41,Undirected,1
241,115,Brother Jenkins,Bobo,41,Undirected,1
239,114,Elder Peters,Big Boy,41,Undirected,1
236,237,Liza Morrison (Big Boy's Mother),Saul Morrison (Big Boy's Father),41,Undirected,1
233,241,Old Man Harvey,Brother Jenkins,41,Undirected,1
10,239,God,Elder Peters,41,Undirected,1
239,117,Elder Peters,Bertha,41,Undirected,1
228,236,Buck,Liza Morrison (Big Boy's Mother),41,Undirected,1
228,117,Buck,Bertha,41,Undirected,1
232,240,Jim Harvey,Brother Sanders,41,Undirected,1
240,244,Brother Sanders,Lynch Mob / White friends of the Harveys,41,Undirected,1
233,77,Old Man Harvey,Saul,41,Undirected,1
230,115,Lester,Bobo,41,Undirected,1
236,244,Liza Morrison (Big Boy's Mother),Lynch Mob / White friends of the Harveys,41,Undirected,1
10,237,God,Saul Morrison (Big Boy's Father),41,Undirected,1
238,240,Lucy,Brother Sanders,41,Undirected,1
239,115,Elder Peters,Bobo,41,Undirected,1
232,238,Jim Harvey,Lucy,41,Undirected,1
230,241,Lester,Brother Jenkins,41,Undirected,1
77,117,Saul,Bertha,41,Undirected,1
240,114,Brother Sanders,Big Boy,41,Undirected,1
238,117,Lucy,Bertha,41,Undirected,1
236,114,Liza Morrison (Big Boy's Mother),Big Boy,41,Undirected,1
10,244,God,Lynch Mob / White friends of the Harveys,41,Undirected,1
233,237,Old Man Harvey,Saul Morrison (Big Boy's Father),41,Undirected,1
230,10,Lester,God,41,Undirected,1
232,236,Jim Harvey,Liza Morrison (Big Boy's Mother),41,Undirected,1
232,117,Jim Harvey,Bertha,41,Undirected,1
10,236,God,Liza Morrison (Big Boy's Mother),41,Undirected,1
228,115,Buck,Bobo,41,Undirected,1
230,117,Lester,Bertha,41,Undirected,1
233,239,Old Man Harvey,Elder Peters,41,Undirected,1
230,236,Lester,Liza Morrison (Big Boy's Mother),41,Undirected,1
228,233,Buck,Old Man Harvey,41,Undirected,1
232,114,Jim Harvey,Big Boy,41,Undirected,1
228,114,Buck,Big Boy,41,Undirected,1
237,117,Saul Morrison (Big Boy's Father),Bertha,41,Undirected,1
232,237,Jim Harvey,Saul Morrison (Big Boy's Father),41,Undirected,1
230,240,Lester,Brother Sanders,41,Undirected,1
240,241,Brother Sanders,Brother Jenkins,41,Undirected,1
238,244,Lucy,Lynch Mob / White friends of the Harveys,41,Undirected,1
115,244,Bobo,Lynch Mob / White friends of the Harveys,41,Undirected,1
114,117,Big Boy,Bertha,41,Undirected,1
239,240,Elder Peters,Brother Sanders,41,Undirected,1
228,240,Buck,Brother Sanders,41,Undirected,1
10,115,God,Bobo,41,Undirected,1
240,77,Brother Sanders,Saul,41,Undirected,1
233,10,Old Man Harvey,God,41,Undirected,1
241,117,Brother Jenkins,Bertha,41,Undirected,1
232,233,Jim Harvey,Old Man Harvey,41,Undirected,1
237,115,Saul Morrison (Big Boy's Father),Bobo,41,Undirected,1
237,241,Saul Morrison (Big Boy's Father),Brother Jenkins,41,Undirected,1
228,238,Buck,Lucy,41,Undirected,1
10,241,God,Brother Jenkins,41,Undirected,1
236,239,Liza Morrison (Big Boy's Mother),Elder Peters,41,Undirected,1
114,115,Big Boy,Bobo,41,Undirected,1
230,238,Lester,Lucy,41,Undirected,1
115,77,Bobo,Saul,41,Undirected,1
236,77,Liza Morrison (Big Boy's Mother),Saul,41,Undirected,1
232,244,Jim Harvey,Lynch Mob / White friends of the Harveys,41,Undirected,1
238,114,Lucy,Big Boy,41,Undirected,1
117,244,Bertha,Lynch Mob / White friends of the Harveys,42,Undirected,1
238,241,Lucy,Brother Jenkins,42,Undirected,1
236,241,Liza Morrison (Big Boy's Mother),Brother Jenkins,42,Undirected,1
230,237,Lester,Saul Morrison (Big Boy's Father),42,Undirected,1
237,114,Saul Morrison (Big Boy's Father),Big Boy,42,Undirected,1
236,115,Liza Morrison (Big Boy's Mother),Bobo,42,Undirected,1
228,230,Buck,Lester,42,Undirected,1
228,239,Buck,Elder Peters,42,Undirected,1
10,117,God,Bertha,42,Undirected,1
233,238,Old Man Harvey,Lucy,42,Undirected,1
233,236,Old Man Harvey,Liza Morrison (Big Boy's Mother),42,Undirected,1
77,244,Saul,Lynch Mob / White friends of the Harveys,42,Undirected,1
233,117,Old Man Harvey,Bertha,42,Undirected,1
232,239,Jim Harvey,Elder Peters,42,Undirected,1
237,240,Saul Morrison (Big Boy's Father),Brother Sanders,42,Undirected,1
238,77,Lucy,Saul,42,Undirected,1
77,114,Saul,Big Boy,42,Undirected,1
241,244,Brother Jenkins,Lynch Mob / White friends of the Harveys,42,Undirected,1
230,244,Lester,Lynch Mob / White friends of the Harveys,42,Undirected,1
238,239,Lucy,Elder Peters,42,Undirected,1
233,115,Old Man Harvey,Bobo,42,Undirected,1
239,244,Elder Peters,Lynch Mob / White friends of the Harveys,42,Undirected,1
228,244,Buck,Lynch Mob / White friends of the Harveys,42,Undirected,1
232,77,Jim Harvey,Saul,42,Undirected,1
10,238,God,Lucy,42,Undirected,1
228,77,Buck,Saul,42,Undirected,1
228,237,Buck,Saul Morrison (Big Boy's Father),42,Undirected,1
239,77,Elder Peters,Saul,42,Undirected,1
77,115,Saul,Bobo,42,Undirected,1
240,115,Brother Sanders,Bobo,42,Undirected,1
241,114,Brother Jenkins,Big Boy,42,Undirected,1
114,244,Big Boy,Lynch Mob / White friends of the Harveys,42,Undirected,1
238,115,Lucy,Bobo,42,Undirected,1
236,240,Liza Morrison (Big Boy's Mother),Brother Sanders,42,Undirected,1
10,77,God,Saul,42,Undirected,1
233,244,Old Man Harvey,Lynch Mob / White friends of the Harveys,42,Undirected,1
237,77,Saul Morrison (Big Boy's Father),Saul,42,Undirected,1
228,10,Buck,God,42,Undirected,1
10,114,God,Big Boy,42,Undirected,1
237,239,Saul Morrison (Big Boy's Father),Elder Peters,42,Undirected,1
232,115,Jim Harvey,Bobo,42,Undirected,1
236,238,Liza Morrison (Big Boy's Mother),Lucy,42,Undirected,1
10,240,God,Brother Sanders,42,Undirected,1
233,114,Old Man Harvey,Big Boy,42,Undirected,1
232,241,Jim Harvey,Brother Jenkins,42,Undirected,1
240,117,Brother Sanders,Bertha,42,Undirected,1
230,232,Lester,Jim Harvey,42,Undirected,1
236,117,Liza Morrison (Big Boy's Mother),Bertha,42,Undirected,1
233,240,Old Man Harvey,Brother Sanders,42,Undirected,1
115,117,Bobo,Bertha,42,Undirected,1
239,241,Elder Peters,Brother Jenkins,42,Undirected,1
228,241,Buck,Brother Jenkins,42,Undirected,1
237,244,Saul Morrison (Big Boy's Father),Lynch Mob / White friends of the Harveys,42,Undirected,1
241,77,Brother Jenkins,Saul,42,Undirected,1
230,77,Lester,Saul,42,Undirected,1
232,10,Jim Harvey,God,42,Undirected,1
228,232,Buck,Jim Harvey,42,Undirected,1
230,239,Lester,Elder Peters,42,Undirected,1
230,233,Lester,Old Man Harvey,42,Undirected,1
237,238,Saul Morrison (Big Boy's Father),Lucy,42,Undirected,1
10,236,God,Liza Morrison (Big Boy's Mother),42,Undirected,1
236,237,Liza Morrison (Big Boy's Mother),Saul Morrison (Big Boy's Father),42,Undirected,1
233,241,Old Man Harvey,Brother Jenkins,42,Undirected,1
10,239,God,Elder Peters,42,Undirected,1
239,117,Elder Peters,Bertha,42,Undirected,1
228,236,Buck,Liza Morrison (Big Boy's Mother),42,Undirected,1
228,117,Buck,Bertha,42,Undirected,1
232,240,Jim Harvey,Brother Sanders,42,Undirected,1
240,244,Brother Sanders,Lynch Mob / White friends of the Harveys,42,Undirected,1
233,77,Old Man Harvey,Saul,42,Undirected,1
241,115,Brother Jenkins,Bobo,42,Undirected,1
230,115,Lester,Bobo,42,Undirected,1
236,244,Liza Morrison (Big Boy's Mother),Lynch Mob / White friends of the Harveys,42,Undirected,1
233,239,Old Man Harvey,Elder Peters,42,Undirected,1
239,115,Elder Peters,Bobo,42,Undirected,1
228,115,Buck,Bobo,42,Undirected,1
232,238,Jim Harvey,Lucy,42,Undirected,1
230,241,Lester,Brother Jenkins,42,Undirected,1
77,117,Saul,Bertha,42,Undirected,1
240,114,Brother Sanders,Big Boy,42,Undirected,1
238,117,Lucy,Bertha,42,Undirected,1
236,114,Liza Morrison (Big Boy's Mother),Big Boy,42,Undirected,1
10,244,God,Lynch Mob / White friends of the Harveys,42,Undirected,1
233,237,Old Man Harvey,Saul Morrison (Big Boy's Father),42,Undirected,1
230,10,Lester,God,42,Undirected,1
232,236,Jim Harvey,Liza Morrison (Big Boy's Mother),42,Undirected,1
232,117,Jim Harvey,Bertha,42,Undirected,1
230,114,Lester,Big Boy,42,Undirected,1
238,240,Lucy,Brother Sanders,42,Undirected,1
230,117,Lester,Bertha,42,Undirected,1
10,237,God,Saul Morrison (Big Boy's Father),42,Undirected,1
230,236,Lester,Liza Morrison (Big Boy's Mother),42,Undirected,1
239,114,Elder Peters,Big Boy,42,Undirected,1
232,114,Jim Harvey,Big Boy,42,Undirected,1
228,233,Buck,Old Man Harvey,42,Undirected,1
228,114,Buck,Big Boy,42,Undirected,1
237,117,Saul Morrison (Big Boy's Father),Bertha,42,Undirected,1
232,237,Jim Harvey,Saul Morrison (Big Boy's Father),42,Undirected,1
230,240,Lester,Brother Sanders,42,Undirected,1
240,241,Brother Sanders,Brother Jenkins,42,Undirected,1
115,244,Bobo,Lynch Mob / White friends of the Harveys,42,Undirected,1
233,10,Old Man Harvey,God,42,Undirected,1
114,117,Big Boy,Bertha,42,Undirected,1
239,240,Elder Peters,Brother Sanders,42,Undirected,1
228,240,Buck,Brother Sanders,42,Undirected,1
10,115,God,Bobo,42,Undirected,1
238,244,Lucy,Lynch Mob / White friends of the Harveys,42,Undirected,1
240,77,Brother Sanders,Saul,42,Undirected,1
232,233,Jim Harvey,Old Man Harvey,42,Undirected,1
241,117,Brother Jenkins,Bertha,42,Undirected,1
237,241,Saul Morrison (Big Boy's Father),Brother Jenkins,42,Undirected,1
228,238,Buck,Lucy,42,Undirected,1
236,239,Liza Morrison (Big Boy's Mother),Elder Peters,42,Undirected,1
115,114,Bobo,Big Boy,42,Undirected,1
10,241,God,Brother Jenkins,42,Undirected,1
230,238,Lester,Lucy,42,Undirected,1
236,77,Liza Morrison (Big Boy's Mother),Saul,42,Undirected,1
232,244,Jim Harvey,Lynch Mob / White friends of the Harveys,42,Undirected,1
237,115,Saul Morrison (Big Boy's Father),Bobo,42,Undirected,1
238,114,Lucy,Big Boy,42,Undirected,1
233,236,Old Man Harvey,Liza Morrison (Big Boy's Mother),43,Undirected,1
117,244,Bertha,Lynch Mob / White friends of the Harveys,43,Undirected,1
238,241,Lucy,Brother Jenkins,43,Undirected,1
236,241,Liza Morrison (Big Boy's Mother),Brother Jenkins,43,Undirected,1
230,237,Lester,Saul Morrison (Big Boy's Father),43,Undirected,1
237,114,Saul Morrison (Big Boy's Father),Big Boy,43,Undirected,1
233,238,Old Man Harvey,Lucy,43,Undirected,1
228,230,Buck,Lester,43,Undirected,1
228,239,Buck,Elder Peters,43,Undirected,1
10,117,God,Bertha,43,Undirected,1
228,77,Buck,Saul,43,Undirected,1
236,115,Liza Morrison (Big Boy's Mother),Bobo,43,Undirected,1
233,117,Old Man Harvey,Bertha,43,Undirected,1
77,244,Saul,Lynch Mob / White friends of the Harveys,43,Undirected,1
228,237,Buck,Saul Morrison (Big Boy's Father),43,Undirected,1
232,239,Jim Harvey,Elder Peters,43,Undirected,1
238,77,Lucy,Saul,43,Undirected,1
241,244,Brother Jenkins,Lynch Mob / White friends of the Harveys,43,Undirected,1
230,244,Lester,Lynch Mob / White friends of the Harveys,43,Undirected,1
238,239,Lucy,Elder Peters,43,Undirected,1
233,115,Old Man Harvey,Bobo,43,Undirected,1
239,244,Elder Peters,Lynch Mob / White friends of the Harveys,43,Undirected,1
228,244,Buck,Lynch Mob / White friends of the Harveys,43,Undirected,1
237,247,Saul Morrison (Big Boy's Father),Will Sanders,43,Undirected,1
232,77,Jim Harvey,Saul,43,Undirected,1
10,238,God,Lucy,43,Undirected,1
237,238,Saul Morrison (Big Boy's Father),Lucy,43,Undirected,1
241,114,Brother Jenkins,Big Boy,43,Undirected,1
230,233,Lester,Old Man Harvey,43,Undirected,1
233,247,Old Man Harvey,Will Sanders,43,Undirected,1
237,240,Saul Morrison (Big Boy's Father),Brother Sanders,43,Undirected,1
239,77,Elder Peters,Saul,43,Undirected,1
10,77,God,Saul,43,Undirected,1
230,239,Lester,Elder Peters,43,Undirected,1
77,115,Saul,Bobo,43,Undirected,1
114,244,Big Boy,Lynch Mob / White friends of the Harveys,43,Undirected,1
238,115,Lucy,Bobo,43,Undirected,1
236,240,Liza Morrison (Big Boy's Mother),Brother Sanders,43,Undirected,1
233,244,Old Man Harvey,Lynch Mob / White friends of the Harveys,43,Undirected,1
237,77,Saul Morrison (Big Boy's Father),Saul,43,Undirected,1
228,10,Buck,God,43,Undirected,1
10,114,God,Big Boy,43,Undirected,1
237,239,Saul Morrison (Big Boy's Father),Elder Peters,43,Undirected,1
240,247,Brother Sanders,Will Sanders,43,Undirected,1
232,115,Jim Harvey,Bobo,43,Undirected,1
114,77,Big Boy,Saul,43,Undirected,1
236,247,Liza Morrison (Big Boy's Mother),Will Sanders,43,Undirected,1
236,238,Liza Morrison (Big Boy's Mother),Lucy,43,Undirected,1
10,240,God,Brother Sanders,43,Undirected,1
233,114,Old Man Harvey,Big Boy,43,Undirected,1
232,241,Jim Harvey,Brother Jenkins,43,Undirected,1
240,115,Brother Sanders,Bobo,43,Undirected,1
228,232,Buck,Jim Harvey,43,Undirected,1
232,10,Jim Harvey,God,43,Undirected,1
230,77,Lester,Saul,43,Undirected,1
241,77,Brother Jenkins,Saul,43,Undirected,1
237,244,Saul Morrison (Big Boy's Father),Lynch Mob / White friends of the Harveys,43,Undirected,1
244,247,Lynch Mob / White friends of the Harveys,Will Sanders,43,Undirected,1
228,241,Buck,Brother Jenkins,43,Undirected,1
115,117,Bobo,Bertha,43,Undirected,1
233,240,Old Man Harvey,Brother Sanders,43,Undirected,1
10,247,God,Will Sanders,43,Undirected,1
236,117,Liza Morrison (Big Boy's Mother),Bertha,43,Undirected,1
230,232,Lester,Jim Harvey,43,Undirected,1
240,117,Brother Sanders,Bertha,43,Undirected,1
239,241,Elder Peters,Brother Jenkins,43,Undirected,1
114,247,Big Boy,Will Sanders,43,Undirected,1
230,114,Lester,Big Boy,43,Undirected,1
239,114,Elder Peters,Big Boy,43,Undirected,1
233,241,Old Man Harvey,Brother Jenkins,43,Undirected,1
10,239,God,Elder Peters,43,Undirected,1
239,117,Elder Peters,Bertha,43,Undirected,1
228,236,Buck,Liza Morrison (Big Boy's Mother),43,Undirected,1
228,117,Buck,Bertha,43,Undirected,1
77,247,Saul,Will Sanders,43,Undirected,1
232,240,Jim Harvey,Brother Sanders,43,Undirected,1
115,247,Bobo,Will Sanders,43,Undirected,1
240,244,Brother Sanders,Lynch Mob / White friends of the Harveys,43,Undirected,1
238,247,Lucy,Will Sanders,43,Undirected,1
233,77,Old Man Harvey,Saul,43,Undirected,1
241,115,Brother Jenkins,Bobo,43,Undirected,1
230,115,Lester,Bobo,43,Undirected,1
117,247,Bertha,Will Sanders,43,Undirected,1
236,244,Liza Morrison (Big Boy's Mother),Lynch Mob / White friends of the Harveys,43,Undirected,1
233,239,Old Man Harvey,Elder Peters,43,Undirected,1
10,237,God,Saul Morrison (Big Boy's Father),43,Undirected,1
10,236,God,Liza Morrison (Big Boy's Mother),43,Undirected,1
232,117,Jim Harvey,Bertha,43,Undirected,1
232,236,Jim Harvey,Liza Morrison (Big Boy's Mother),43,Undirected,1
230,10,Lester,God,43,Undirected,1
233,237,Old Man Harvey,Saul Morrison (Big Boy's Father),43,Undirected,1
10,244,God,Lynch Mob / White friends of the Harveys,43,Undirected,1
236,237,Liza Morrison (Big Boy's Mother),Saul Morrison (Big Boy's Father),43,Undirected,1
236,114,Liza Morrison (Big Boy's Mother),Big Boy,43,Undirected,1
240,114,Brother Sanders,Big Boy,43,Undirected,1
77,117,Saul,Bertha,43,Undirected,1
230,241,Lester,Brother Jenkins,43,Undirected,1
232,247,Jim Harvey,Will Sanders,43,Undirected,1
228,115,Buck,Bobo,43,Undirected,1
239,115,Elder Peters,Bobo,43,Undirected,1
238,117,Lucy,Bertha,43,Undirected,1
238,240,Lucy,Brother Sanders,43,Undirected,1
232,238,Jim Harvey,Lucy,43,Undirected,1
232,114,Jim Harvey,Big Boy,43,Undirected,1
230,117,Lester,Bertha,43,Undirected,1
228,233,Buck,Old Man Harvey,43,Undirected,1
228,114,Buck,Big Boy,43,Undirected,1
237,117,Saul Morrison (Big Boy's Father),Bertha,43,Undirected,1
232,237,Jim Harvey,Saul Morrison (Big Boy's Father),43,Undirected,1
230,240,Lester,Brother Sanders,43,Undirected,1
240,241,Brother Sanders,Brother Jenkins,43,Undirected,1
115,244,Bobo,Lynch Mob / White friends of the Harveys,43,Undirected,1
233,10,Old Man Harvey,God,43,Undirected,1
114,117,Big Boy,Bertha,43,Undirected,1
239,240,Elder Peters,Brother Sanders,43,Undirected,1
228,240,Buck,Brother Sanders,43,Undirected,1
10,115,God,Bobo,43,Undirected,1
240,77,Brother Sanders,Saul,43,Undirected,1
237,115,Saul Morrison (Big Boy's Father),Bobo,43,Undirected,1
238,244,Lucy,Lynch Mob / White friends of the Harveys,43,Undirected,1
232,244,Jim Harvey,Lynch Mob / White friends of the Harveys,43,Undirected,1
230,236,Lester,Liza Morrison (Big Boy's Mother),43,Undirected,1
241,247,Brother Jenkins,Will Sanders,43,Undirected,1
232,233,Jim Harvey,Old Man Harvey,43,Undirected,1
241,117,Brother Jenkins,Bertha,43,Undirected,1
237,241,Saul Morrison (Big Boy's Father),Brother Jenkins,43,Undirected,1
10,241,God,Brother Jenkins,43,Undirected,1
228,247,Buck,Will Sanders,43,Undirected,1
228,238,Buck,Lucy,43,Undirected,1
114,115,Big Boy,Bobo,43,Undirected,1
236,239,Liza Morrison (Big Boy's Mother),Elder Peters,43,Undirected,1
238,114,Lucy,Big Boy,43,Undirected,1
230,238,Lester,Lucy,43,Undirected,1
236,77,Liza Morrison (Big Boy's Mother),Saul,43,Undirected,1
230,247,Lester,Will Sanders,43,Undirected,1
239,247,Elder Peters,Will Sanders,43,Undirected,1
10,117,God,Bertha,44,Undirected,1
233,236,Old Man Harvey,Liza Morrison (Big Boy's Mother),44,Undirected,1
233,238,Old Man Harvey,Lucy,44,Undirected,1
77,244,Saul,Lynch Mob / White friends of the Harveys,44,Undirected,1
237,114,Saul Morrison (Big Boy's Father),Big Boy,44,Undirected,1
236,241,Liza Morrison (Big Boy's Mother),Brother Jenkins,44,Undirected,1
238,241,Lucy,Brother Jenkins,44,Undirected,1
244,117,Lynch Mob / White friends of the Harveys,Bertha,44,Undirected,1
233,117,Old Man Harvey,Bertha,44,Undirected,1
232,77,Jim Harvey,Saul,44,Undirected,1
238,77,Lucy,Saul,44,Undirected,1
241,244,Brother Jenkins,Lynch Mob / White friends of the Harveys,44,Undirected,1
238,239,Lucy,Elder Peters,44,Undirected,1
239,244,Elder Peters,Lynch Mob / White friends of the Harveys,44,Undirected,1
237,247,Saul Morrison (Big Boy's Father),Will Sanders,44,Undirected,1
10,238,God,Lucy,44,Undirected,1
237,238,Saul Morrison (Big Boy's Father),Lucy,44,Undirected,1
239,77,Elder Peters,Saul,44,Undirected,1
232,239,Jim Harvey,Elder Peters,44,Undirected,1
237,240,Saul Morrison (Big Boy's Father),Brother Sanders,44,Undirected,1
233,247,Old Man Harvey,Will Sanders,44,Undirected,1
10,114,God,Big Boy,44,Undirected,1
232,10,Jim Harvey,God,44,Undirected,1
241,114,Brother Jenkins,Big Boy,44,Undirected,1
114,244,Big Boy,Lynch Mob / White friends of the Harveys,44,Undirected,1
236,240,Liza Morrison (Big Boy's Mother),Brother Sanders,44,Undirected,1
10,77,God,Saul,44,Undirected,1
233,244,Old Man Harvey,Lynch Mob / White friends of the Harveys,44,Undirected,1
237,77,Saul Morrison (Big Boy's Father),Saul,44,Undirected,1
237,239,Saul Morrison (Big Boy's Father),Elder Peters,44,Undirected,1
240,247,Brother Sanders,Will Sanders,44,Undirected,1
114,77,Big Boy,Saul,44,Undirected,1
244,247,Lynch Mob / White friends of the Harveys,Will Sanders,44,Undirected,1
236,247,Liza Morrison (Big Boy's Mother),Will Sanders,44,Undirected,1
10,240,God,Brother Sanders,44,Undirected,1
233,114,Old Man Harvey,Big Boy,44,Undirected,1
232,241,Jim Harvey,Brother Jenkins,44,Undirected,1
236,117,Liza Morrison (Big Boy's Mother),Bertha,44,Undirected,1
10,247,God,Will Sanders,44,Undirected,1
233,240,Old Man Harvey,Brother Sanders,44,Undirected,1
239,241,Elder Peters,Brother Jenkins,44,Undirected,1
237,244,Saul Morrison (Big Boy's Father),Lynch Mob / White friends of the Harveys,44,Undirected,1
241,77,Brother Jenkins,Saul,44,Undirected,1
236,238,Liza Morrison (Big Boy's Mother),Lucy,44,Undirected,1
114,247,Big Boy,Will Sanders,44,Undirected,1
240,117,Brother Sanders,Bertha,44,Undirected,1
239,114,Elder Peters,Big Boy,44,Undirected,1
77,247,Saul,Will Sanders,44,Undirected,1
232,240,Jim Harvey,Brother Sanders,44,Undirected,1
240,244,Brother Sanders,Lynch Mob / White friends of the Harveys,44,Undirected,1
238,247,Lucy,Will Sanders,44,Undirected,1
233,77,Old Man Harvey,Saul,44,Undirected,1
117,247,Bertha,Will Sanders,44,Undirected,1
236,244,Liza Morrison (Big Boy's Mother),Lynch Mob / White friends of the Harveys,44,Undirected,1
233,239,Old Man Harvey,Elder Peters,44,Undirected,1
10,237,God,Saul Morrison (Big Boy's Father),44,Undirected,1
232,247,Jim Harvey,Will Sanders,44,Undirected,1
77,117,Saul,Bertha,44,Undirected,1
240,114,Brother Sanders,Big Boy,44,Undirected,1
238,117,Lucy,Bertha,44,Undirected,1
236,114,Liza Morrison (Big Boy's Mother),Big Boy,44,Undirected,1
10,244,God,Lynch Mob / White friends of the Harveys,44,Undirected,1
233,237,Old Man Harvey,Saul Morrison (Big Boy's Father),44,Undirected,1
232,236,Jim Harvey,Liza Morrison (Big Boy's Mother),44,Undirected,1
232,117,Jim Harvey,Bertha,44,Undirected,1
10,236,God,Liza Morrison (Big Boy's Mother),44,Undirected,1
239,117,Elder Peters,Bertha,44,Undirected,1
10,239,God,Elder Peters,44,Undirected,1
232,238,Jim Harvey,Lucy,44,Undirected,1
236,237,Liza Morrison (Big Boy's Mother),Saul Morrison (Big Boy's Father),44,Undirected,1
233,241,Old Man Harvey,Brother Jenkins,44,Undirected,1
232,237,Jim Harvey,Saul Morrison (Big Boy's Father),44,Undirected,1
240,241,Brother Sanders,Brother Jenkins,44,Undirected,1
238,244,Lucy,Lynch Mob / White friends of the Harveys,44,Undirected,1
233,10,Old Man Harvey,God,44,Undirected,1
114,117,Big Boy,Bertha,44,Undirected,1
237,117,Saul Morrison (Big Boy's Father),Bertha,44,Undirected,1
240,77,Brother Sanders,Saul,44,Undirected,1
232,244,Jim Harvey,Lynch Mob / White friends of the Harveys,44,Undirected,1
241,247,Brother Jenkins,Will Sanders,44,Undirected,1
239,240,Elder Peters,Brother Sanders,44,Undirected,1
238,114,Lucy,Big Boy,44,Undirected,1
236,239,Liza Morrison (Big Boy's Mother),Elder Peters,44,Undirected,1
239,247,Elder Peters,Will Sanders,44,Undirected,1
10,241,God,Brother Jenkins,44,Undirected,1
237,241,Saul Morrison (Big Boy's Father),Brother Jenkins,44,Undirected,1
232,233,Jim Harvey,Old Man Harvey,44,Undirected,1
232,114,Jim Harvey,Big Boy,44,Undirected,1
241,117,Brother Jenkins,Bertha,44,Undirected,1
236,77,Liza Morrison (Big Boy's Mother),Saul,44,Undirected,1
238,240,Lucy,Brother Sanders,44,Undirected,1
233,236,Old Man Harvey,Liza Morrison (Big Boy's Mother),45,Undirected,1
238,241,Lucy,Brother Jenkins,45,Undirected,1
236,241,Liza Morrison (Big Boy's Mother),Brother Jenkins,45,Undirected,1
117,244,Bertha,Lynch Mob / White friends of the Harveys,45,Undirected,1
237,114,Saul Morrison (Big Boy's Father),Big Boy,45,Undirected,1
233,238,Old Man Harvey,Lucy,45,Undirected,1
239,248,Elder Peters,"""the old folks"" (45)",45,Undirected,1
10,117,God,Bertha,45,Undirected,1
239,77,Elder Peters,Saul,45,Undirected,1
236,115,Liza Morrison (Big Boy's Mother),Bobo,45,Undirected,1
77,244,Saul,Lynch Mob / White friends of the Harveys,45,Undirected,1
233,117,Old Man Harvey,Bertha,45,Undirected,1
10,238,God,Lucy,45,Undirected,1
238,77,Lucy,Saul,45,Undirected,1
241,244,Brother Jenkins,Lynch Mob / White friends of the Harveys,45,Undirected,1
236,248,Liza Morrison (Big Boy's Mother),"""the old folks"" (45)",45,Undirected,1
115,248,Bobo,"""the old folks"" (45)",45,Undirected,1
238,239,Lucy,Elder Peters,45,Undirected,1
233,115,Old Man Harvey,Bobo,45,Undirected,1
239,244,Elder Peters,Lynch Mob / White friends of the Harveys,45,Undirected,1
237,247,Saul Morrison (Big Boy's Father),Will Sanders,45,Undirected,1
232,77,Jim Harvey,Saul,45,Undirected,1
237,238,Saul Morrison (Big Boy's Father),Lucy,45,Undirected,1
232,239,Jim Harvey,Elder Peters,45,Undirected,1
233,247,Old Man Harvey,Will Sanders,45,Undirected,1
241,114,Brother Jenkins,Big Boy,45,Undirected,1
237,240,Saul Morrison (Big Boy's Father),Brother Sanders,45,Undirected,1
244,247,Lynch Mob / White friends of the Harveys,Will Sanders,45,Undirected,1
240,247,Brother Sanders,Will Sanders,45,Undirected,1
232,10,Jim Harvey,God,45,Undirected,1
114,244,Big Boy,Lynch Mob / White friends of the Harveys,45,Undirected,1
238,115,Lucy,Bobo,45,Undirected,1
236,240,Liza Morrison (Big Boy's Mother),Brother Sanders,45,Undirected,1
10,77,God,Saul,45,Undirected,1
233,244,Old Man Harvey,Lynch Mob / White friends of the Harveys,45,Undirected,1
237,77,Saul Morrison (Big Boy's Father),Saul,45,Undirected,1
10,114,God,Big Boy,45,Undirected,1
237,239,Saul Morrison (Big Boy's Father),Elder Peters,45,Undirected,1
114,247,Big Boy,Will Sanders,45,Undirected,1
232,115,Jim Harvey,Bobo,45,Undirected,1
114,77,Big Boy,Saul,45,Undirected,1
236,247,Liza Morrison (Big Boy's Mother),Will Sanders,45,Undirected,1
236,238,Liza Morrison (Big Boy's Mother),Lucy,45,Undirected,1
240,115,Brother Sanders,Bobo,45,Undirected,1
10,240,God,Brother Sanders,45,Undirected,1
77,248,Saul,"""the old folks"" (45)",45,Undirected,1
232,241,Jim Harvey,Brother Jenkins,45,Undirected,1
238,248,Lucy,"""the old folks"" (45)",45,Undirected,1
117,248,Bertha,"""the old folks"" (45)",45,Undirected,1
240,117,Brother Sanders,Bertha,45,Undirected,1
236,117,Liza Morrison (Big Boy's Mother),Bertha,45,Undirected,1
10,247,God,Will Sanders,45,Undirected,1
233,240,Old Man Harvey,Brother Sanders,45,Undirected,1
115,117,Bobo,Bertha,45,Undirected,1
239,241,Elder Peters,Brother Jenkins,45,Undirected,1
237,244,Saul Morrison (Big Boy's Father),Lynch Mob / White friends of the Harveys,45,Undirected,1
241,77,Brother Jenkins,Saul,45,Undirected,1
232,248,Jim Harvey,"""the old folks"" (45)",45,Undirected,1
233,114,Old Man Harvey,Big Boy,45,Undirected,1
10,236,God,Liza Morrison (Big Boy's Mother),45,Undirected,1
115,77,Bobo,Saul,45,Undirected,1
237,117,Saul Morrison (Big Boy's Father),Bertha,45,Undirected,1
77,247,Saul,Will Sanders,45,Undirected,1
232,240,Jim Harvey,Brother Sanders,45,Undirected,1
239,114,Elder Peters,Big Boy,45,Undirected,1
238,247,Lucy,Will Sanders,45,Undirected,1
233,77,Old Man Harvey,Saul,45,Undirected,1
115,247,Bobo,Will Sanders,45,Undirected,1
241,115,Brother Jenkins,Bobo,45,Undirected,1
117,247,Bertha,Will Sanders,45,Undirected,1
114,248,Big Boy,"""the old folks"" (45)",45,Undirected,1
236,244,Liza Morrison (Big Boy's Mother),Lynch Mob / White friends of the Harveys,45,Undirected,1
244,248,Lynch Mob / White friends of the Harveys,"""the old folks"" (45)",45,Undirected,1
233,239,Old Man Harvey,Elder Peters,45,Undirected,1
239,117,Elder Peters,Bertha,45,Undirected,1
10,237,God,Saul Morrison (Big Boy's Father),45,Undirected,1
232,247,Jim Harvey,Will Sanders,45,Undirected,1
232,238,Jim Harvey,Lucy,45,Undirected,1
247,248,Will Sanders,"""the old folks"" (45)",45,Undirected,1
77,117,Saul,Bertha,45,Undirected,1
240,114,Brother Sanders,Big Boy,45,Undirected,1
238,117,Lucy,Bertha,45,Undirected,1
236,114,Liza Morrison (Big Boy's Mother),Big Boy,45,Undirected,1
10,244,God,Lynch Mob / White friends of the Harveys,45,Undirected,1
233,237,Old Man Harvey,Saul Morrison (Big Boy's Father),45,Undirected,1
241,248,Brother Jenkins,"""the old folks"" (45)",45,Undirected,1
232,236,Jim Harvey,Liza Morrison (Big Boy's Mother),45,Undirected,1
232,117,Jim Harvey,Bertha,45,Undirected,1
239,115,Elder Peters,Bobo,45,Undirected,1
10,239,God,Elder Peters,45,Undirected,1
240,244,Brother Sanders,Lynch Mob / White friends of the Harveys,45,Undirected,1
233,241,Old Man Harvey,Brother Jenkins,45,Undirected,1
232,237,Jim Harvey,Saul Morrison (Big Boy's Father),45,Undirected,1
240,241,Brother Sanders,Brother Jenkins,45,Undirected,1
238,244,Lucy,Lynch Mob / White friends of the Harveys,45,Undirected,1
233,248,Old Man Harvey,"""the old folks"" (45)",45,Undirected,1
115,244,Bobo,Lynch Mob / White friends of the Harveys,45,Undirected,1
233,10,Old Man Harvey,God,45,Undirected,1
114,117,Big Boy,Bertha,45,Undirected,1
239,240,Elder Peters,Brother Sanders,45,Undirected,1
237,248,Saul Morrison (Big Boy's Father),"""the old folks"" (45)",45,Undirected,1
240,77,Brother Sanders,Saul,45,Undirected,1
237,115,Saul Morrison (Big Boy's Father),Bobo,45,Undirected,1
232,244,Jim Harvey,Lynch Mob / White friends of the Harveys,45,Undirected,1
241,247,Brother Jenkins,Will Sanders,45,Undirected,1
10,115,God,Bobo,45,Undirected,1
240,248,Brother Sanders,"""the old folks"" (45)",45,Undirected,1
10,248,God,"""the old folks"" (45)",45,Undirected,1
236,77,Liza Morrison (Big Boy's Mother),Saul,45,Undirected,1
238,240,Lucy,Brother Sanders,45,Undirected,1
241,117,Brother Jenkins,Bertha,45,Undirected,1
232,114,Jim Harvey,Big Boy,45,Undirected,1
232,233,Jim Harvey,Old Man Harvey,45,Undirected,1
236,237,Liza Morrison (Big Boy's Mother),Saul Morrison (Big Boy's Father),45,Undirected,1
10,241,God,Brother Jenkins,45,Undirected,1
239,247,Elder Peters,Will Sanders,45,Undirected,1
114,115,Big Boy,Bobo,45,Undirected,1
236,239,Liza Morrison (Big Boy's Mother),Elder Peters,45,Undirected,1
238,114,Lucy,Big Boy,45,Undirected,1
237,241,Saul Morrison (Big Boy's Father),Brother Jenkins,45,Undirected,1
230,237,Lester,Saul Morrison (Big Boy's Father),46,Undirected,1
230,114,Lester,Big Boy,46,Undirected,1
114,247,Big Boy,Will Sanders,46,Undirected,1
244,247,Lynch Mob / White friends of the Harveys,Will Sanders,46,Undirected,1
228,114,Buck,Big Boy,46,Undirected,1
228,230,Buck,Lester,46,Undirected,1
237,114,Saul Morrison (Big Boy's Father),Big Boy,46,Undirected,1
115,247,Bobo,Will Sanders,46,Undirected,1
114,244,Big Boy,Lynch Mob / White friends of the Harveys,46,Undirected,1
115,244,Bobo,Lynch Mob / White friends of the Harveys,46,Undirected,1
230,115,Lester,Bobo,46,Undirected,1
228,237,Buck,Saul Morrison (Big Boy's Father),46,Undirected,1
228,115,Buck,Bobo,46,Undirected,1
237,247,Saul Morrison (Big Boy's Father),Will Sanders,46,Undirected,1
228,244,Buck,Lynch Mob / White friends of the Harveys,46,Undirected,1
228,247,Buck,Will Sanders,46,Undirected,1
237,244,Saul Morrison (Big Boy's Father),Lynch Mob / White friends of the Harveys,46,Undirected,1
230,244,Lester,Lynch Mob / White friends of the Harveys,46,Undirected,1
230,247,Lester,Will Sanders,46,Undirected,1
237,115,Saul Morrison (Big Boy's Father),Bobo,46,Undirected,1
114,115,Big Boy,Bobo,46,Undirected,1
114,244,Big Boy,Lynch Mob / White friends of the Harveys,47,Undirected,1
228,10,Buck,God,48,Undirected,1
228,230,Buck,Lester,48,Undirected,1
115,249,Bobo,Casey Jones,48,Undirected,1
228,115,Buck,Bobo,48,Undirected,1
230,114,Lester,Big Boy,48,Undirected,1
230,115,Lester,Bobo,48,Undirected,1
10,115,God,Bobo,48,Undirected,1
230,249,Lester,Casey Jones,48,Undirected,1
10,114,God,Big Boy,48,Undirected,1
114,249,Big Boy,Casey Jones,48,Undirected,1
230,10,Lester,God,48,Undirected,1
114,115,Big Boy,Bobo,48,Undirected,1
228,249,Buck,Casey Jones,48,Undirected,1
228,114,Buck,Big Boy,48,Undirected,1
10,249,God,Casey Jones,48,Undirected,1
232,115,Jim Harvey,Bobo,49,Undirected,1
228,230,Buck,Lester,49,Undirected,1
228,114,Buck,Big Boy,49,Undirected,1
10,236,God,Liza Morrison (Big Boy's Mother),49,Undirected,1
228,117,Buck,Bertha,49,Undirected,1
228,236,Buck,Liza Morrison (Big Boy's Mother),49,Undirected,1
236,115,Liza Morrison (Big Boy's Mother),Bobo,49,Undirected,1
10,117,God,Bertha,49,Undirected,1
228,10,Buck,God,49,Undirected,1
230,114,Lester,Big Boy,49,Undirected,1
230,117,Lester,Bertha,49,Undirected,1
232,114,Jim Harvey,Big Boy,49,Undirected,1
10,114,God,Big Boy,49,Undirected,1
230,115,Lester,Bobo,49,Undirected,1
230,232,Lester,Jim Harvey,49,Undirected,1
228,115,Buck,Bobo,49,Undirected,1
114,117,Big Boy,Bertha,49,Undirected,1
232,117,Jim Harvey,Bertha,49,Undirected,1
232,236,Jim Harvey,Liza Morrison (Big Boy's Mother),49,Undirected,1
228,232,Buck,Jim Harvey,49,Undirected,1
232,10,Jim Harvey,God,49,Undirected,1
236,114,Liza Morrison (Big Boy's Mother),Big Boy,49,Undirected,1
230,10,Lester,God,49,Undirected,1
115,117,Bobo,Bertha,49,Undirected,1
236,117,Liza Morrison (Big Boy's Mother),Bertha,49,Undirected,1
230,236,Lester,Liza Morrison (Big Boy's Mother),49,Undirected,1
10,115,God,Bobo,49,Undirected,1
114,115,Big Boy,Bobo,49,Undirected,1
228,230,Buck,Lester,50,Undirected,1
230,237,Lester,Saul Morrison (Big Boy's Father),50,Undirected,1
230,115,Lester,Bobo,50,Undirected,1
117,125,Bertha,"""white folks"" (abstract)",50,Undirected,1
232,237,Jim Harvey,Saul Morrison (Big Boy's Father),50,Undirected,1
232,115,Jim Harvey,Bobo,50,Undirected,1
237,114,Saul Morrison (Big Boy's Father),Big Boy,50,Undirected,1
237,117,Saul Morrison (Big Boy's Father),Bertha,50,Undirected,1
230,114,Lester,Big Boy,50,Undirected,1
228,117,Buck,Bertha,50,Undirected,1
10,114,God,Big Boy,50,Undirected,1
10,117,God,Bertha,50,Undirected,1
228,10,Buck,God,50,Undirected,1
230,117,Lester,Bertha,50,Undirected,1
232,114,Jim Harvey,Big Boy,50,Undirected,1
115,125,Bobo,"""white folks"" (abstract)",50,Undirected,1
228,114,Buck,Big Boy,50,Undirected,1
114,117,Big Boy,Bertha,50,Undirected,1
114,115,Big Boy,Bobo,50,Undirected,1
228,115,Buck,Bobo,50,Undirected,1
232,117,Jim Harvey,Bertha,50,Undirected,1
230,10,Lester,God,50,Undirected,1
228,232,Buck,Jim Harvey,50,Undirected,1
228,125,Buck,"""white folks"" (abstract)",50,Undirected,1
237,125,Saul Morrison (Big Boy's Father),"""white folks"" (abstract)",50,Undirected,1
114,125,Big Boy,"""white folks"" (abstract)",50,Undirected,1
10,125,God,"""white folks"" (abstract)",50,Undirected,1
232,10,Jim Harvey,God,50,Undirected,1
10,237,God,Saul Morrison (Big Boy's Father),50,Undirected,1
230,232,Lester,Jim Harvey,50,Undirected,1
230,125,Lester,"""white folks"" (abstract)",50,Undirected,1
232,125,Jim Harvey,"""white folks"" (abstract)",50,Undirected,1
237,115,Saul Morrison (Big Boy's Father),Bobo,50,Undirected,1
228,237,Buck,Saul Morrison (Big Boy's Father),50,Undirected,1
10,115,God,Bobo,50,Undirected,1
115,117,Bobo,Bertha,50,Undirected,1
115,244,Bobo,Lynch Mob / White friends of the Harveys,51,Undirected,1
117,125,Bertha,"""white folks"" (abstract)",51,Undirected,1
232,115,Jim Harvey,Bobo,51,Undirected,1
10,114,God,Big Boy,51,Undirected,1
232,114,Jim Harvey,Big Boy,51,Undirected,1
244,125,Lynch Mob / White friends of the Harveys,"""white folks"" (abstract)",51,Undirected,1
114,125,Big Boy,"""white folks"" (abstract)",51,Undirected,1
115,125,Bobo,"""white folks"" (abstract)",51,Undirected,1
10,117,God,Bertha,51,Undirected,1
114,244,Big Boy,Lynch Mob / White friends of the Harveys,51,Undirected,1
114,117,Big Boy,Bertha,51,Undirected,1
10,115,God,Bobo,51,Undirected,1
244,117,Lynch Mob / White friends of the Harveys,Bertha,51,Undirected,1
232,10,Jim Harvey,God,51,Undirected,1
10,125,God,"""white folks"" (abstract)",51,Undirected,1
10,244,God,Lynch Mob / White friends of the Harveys,51,Undirected,1
232,117,Jim Harvey,Bertha,51,Undirected,1
114,115,Big Boy,Bobo,51,Undirected,1
232,244,Jim Harvey,Lynch Mob / White friends of the Harveys,51,Undirected,1
232,125,Jim Harvey,"""white folks"" (abstract)",51,Undirected,1
115,117,Bobo,Bertha,51,Undirected,1
228,114,Buck,Big Boy,52,Undirected,1
115,55,Bobo,Jesus Christ,52,Undirected,1
115,244,Bobo,Lynch Mob / White friends of the Harveys,52,Undirected,1
230,115,Lester,Bobo,52,Undirected,1
232,115,Jim Harvey,Bobo,52,Undirected,1
228,230,Buck,Lester,52,Undirected,1
228,117,Buck,Bertha,52,Undirected,1
114,55,Big Boy,Jesus Christ,52,Undirected,1
10,117,God,Bertha,52,Undirected,1
244,55,Lynch Mob / White friends of the Harveys,Jesus Christ,52,Undirected,1
228,10,Buck,God,52,Undirected,1
230,114,Lester,Big Boy,52,Undirected,1
114,244,Big Boy,Lynch Mob / White friends of the Harveys,52,Undirected,1
230,117,Lester,Bertha,52,Undirected,1
117,55,Bertha,Jesus Christ,52,Undirected,1
10,114,God,Big Boy,52,Undirected,1
114,117,Big Boy,Bertha,52,Undirected,1
232,114,Jim Harvey,Big Boy,52,Undirected,1
228,115,Buck,Bobo,52,Undirected,1
244,117,Lynch Mob / White friends of the Harveys,Bertha,52,Undirected,1
232,117,Jim Harvey,Bertha,52,Undirected,1
230,10,Lester,God,52,Undirected,1
228,232,Buck,Jim Harvey,52,Undirected,1
232,10,Jim Harvey,God,52,Undirected,1
228,244,Buck,Lynch Mob / White friends of the Harveys,52,Undirected,1
10,55,God,Jesus Christ,52,Undirected,1
10,244,God,Lynch Mob / White friends of the Harveys,52,Undirected,1
228,55,Buck,Jesus Christ,52,Undirected,1
114,115,Big Boy,Bobo,52,Undirected,1
230,232,Lester,Jim Harvey,52,Undirected,1
230,55,Lester,Jesus Christ,52,Undirected,1
230,244,Lester,Lynch Mob / White friends of the Harveys,52,Undirected,1
232,55,Jim Harvey,Jesus Christ,52,Undirected,1
232,244,Jim Harvey,Lynch Mob / White friends of the Harveys,52,Undirected,1
10,115,God,Bobo,52,Undirected,1
115,117,Bobo,Bertha,52,Undirected,1
10,114,God,Big Boy,53,Undirected,1
115,55,Bobo,Jesus Christ,53,Undirected,1
115,244,Bobo,Lynch Mob / White friends of the Harveys,53,Undirected,1
115,250,Bobo,White Women,53,Undirected,1
232,115,Jim Harvey,Bobo,53,Undirected,1
55,250,Jesus Christ,White Women,53,Undirected,1
10,117,God,Bertha,53,Undirected,1
232,114,Jim Harvey,Big Boy,53,Undirected,1
244,55,Lynch Mob / White friends of the Harveys,Jesus Christ,53,Undirected,1
114,55,Big Boy,Jesus Christ,53,Undirected,1
330,244,"""Ol Anderson""",Lynch Mob / White friends of the Harveys,53,Undirected,1
330,250,"""Ol Anderson""",White Women,53,Undirected,1
114,244,Big Boy,Lynch Mob / White friends of the Harveys,53,Undirected,1
114,250,Big Boy,White Women,53,Undirected,1
117,55,Bertha,Jesus Christ,53,Undirected,1
330,55,"""Ol Anderson""",Jesus Christ,53,Undirected,1
114,117,Big Boy,Bertha,53,Undirected,1
117,250,Bertha,White Women,53,Undirected,1
330,117,"""Ol Anderson""",Bertha,53,Undirected,1
232,117,Jim Harvey,Bertha,53,Undirected,1
10,330,God,"""Ol Anderson""",53,Undirected,1
232,10,Jim Harvey,God,53,Undirected,1
330,115,"""Ol Anderson""",Bobo,53,Undirected,1
244,117,Lynch Mob / White friends of the Harveys,Bertha,53,Undirected,1
10,55,God,Jesus Christ,53,Undirected,1
10,244,God,Lynch Mob / White friends of the Harveys,53,Undirected,1
10,250,God,White Women,53,Undirected,1
244,250,Lynch Mob / White friends of the Harveys,White Women,53,Undirected,1
114,115,Big Boy,Bobo,53,Undirected,1
115,117,Bobo,Bertha,53,Undirected,1
232,55,Jim Harvey,Jesus Christ,53,Undirected,1
232,244,Jim Harvey,Lynch Mob / White friends of the Harveys,53,Undirected,1
232,250,Jim Harvey,White Women,53,Undirected,1
10,115,God,Bobo,53,Undirected,1
330,114,"""Ol Anderson""",Big Boy,53,Undirected,1
232,330,Jim Harvey,"""Ol Anderson""",53,Undirected,1
232,114,Jim Harvey,Big Boy,54,Undirected,1
115,117,Bobo,Bertha,54,Undirected,1
114,115,Big Boy,Bobo,54,Undirected,1
114,244,Big Boy,Lynch Mob / White friends of the Harveys,54,Undirected,1
10,115,God,Bobo,54,Undirected,1
10,244,God,Lynch Mob / White friends of the Harveys,54,Undirected,1
232,115,Jim Harvey,Bobo,54,Undirected,1
10,117,God,Bertha,54,Undirected,1
115,244,Bobo,Lynch Mob / White friends of the Harveys,54,Undirected,1
232,10,Jim Harvey,God,54,Undirected,1
10,114,God,Big Boy,54,Undirected,1
114,117,Big Boy,Bertha,54,Undirected,1
244,117,Lynch Mob / White friends of the Harveys,Bertha,54,Undirected,1
232,117,Jim Harvey,Bertha,54,Undirected,1
232,244,Jim Harvey,Lynch Mob / White friends of the Harveys,54,Undirected,1
114,117,Big Boy,Bertha,55,Undirected,1
329,115,unnamed women (Lynch Mob),Bobo,55,Undirected,1
115,244,Bobo,Lynch Mob / White friends of the Harveys,55,Undirected,1
328,232,Jack (Lynch mob),Jim Harvey,55,Undirected,1
232,115,Jim Harvey,Bobo,55,Undirected,1
328,244,Jack (Lynch mob),Lynch Mob / White friends of the Harveys,55,Undirected,1
10,117,God,Bertha,55,Undirected,1
328,329,Jack (Lynch mob),unnamed women (Lynch Mob),55,Undirected,1
328,115,Jack (Lynch mob),Bobo,55,Undirected,1
329,114,unnamed women (Lynch Mob),Big Boy,55,Undirected,1
232,114,Jim Harvey,Big Boy,55,Undirected,1
329,117,unnamed women (Lynch Mob),Bertha,55,Undirected,1
10,114,God,Big Boy,55,Undirected,1
244,117,Lynch Mob / White friends of the Harveys,Bertha,55,Undirected,1
328,10,Jack (Lynch mob),God,55,Undirected,1
232,244,Jim Harvey,Lynch Mob / White friends of the Harveys,55,Undirected,1
10,115,God,Bobo,55,Undirected,1
232,117,Jim Harvey,Bertha,55,Undirected,1
329,10,unnamed women (Lynch Mob),God,55,Undirected,1
10,244,God,Lynch Mob / White friends of the Harveys,55,Undirected,1
115,117,Bobo,Bertha,55,Undirected,1
10,232,God,Jim Harvey,55,Undirected,1
114,244,Big Boy,Lynch Mob / White friends of the Harveys,55,Undirected,1
329,232,unnamed women (Lynch Mob),Jim Harvey,55,Undirected,1
328,117,Jack (Lynch mob),Bertha,55,Undirected,1
328,114,Jack (Lynch mob),Big Boy,55,Undirected,1
329,244,unnamed women (Lynch Mob),Lynch Mob / White friends of the Harveys,55,Undirected,1
114,115,Big Boy,Bobo,55,Undirected,1
10,244,God,Lynch Mob / White friends of the Harveys,56,Undirected,1
232,114,Jim Harvey,Big Boy,56,Undirected,1
115,117,Bobo,Bertha,56,Undirected,1
114,115,Big Boy,Bobo,56,Undirected,1
114,244,Big Boy,Lynch Mob / White friends of the Harveys,56,Undirected,1
10,115,God,Bobo,56,Undirected,1
232,115,Jim Harvey,Bobo,56,Undirected,1
232,10,Jim Harvey,God,56,Undirected,1
115,244,Bobo,Lynch Mob / White friends of the Harveys,56,Undirected,1
10,117,God,Bertha,56,Undirected,1
10,114,God,Big Boy,56,Undirected,1
114,117,Big Boy,Bertha,56,Undirected,1
244,117,Lynch Mob / White friends of the Harveys,Bertha,56,Undirected,1
232,117,Jim Harvey,Bertha,56,Undirected,1
232,244,Jim Harvey,Lynch Mob / White friends of the Harveys,56,Undirected,1
232,115,Jim Harvey,Bobo,57,Undirected,1
115,117,Bobo,Bertha,57,Undirected,1
114,115,Big Boy,Bobo,57,Undirected,1
232,114,Jim Harvey,Big Boy,57,Undirected,1
10,115,God,Bobo,57,Undirected,1
10,244,God,Lynch Mob / White friends of the Harveys,57,Undirected,1
232,244,Jim Harvey,Lynch Mob / White friends of the Harveys,57,Undirected,1
114,244,Big Boy,Lynch Mob / White friends of the Harveys,57,Undirected,1
10,117,God,Bertha,57,Undirected,1
232,10,Jim Harvey,God,57,Undirected,1
10,114,God,Big Boy,57,Undirected,1
114,117,Big Boy,Bertha,57,Undirected,1
244,117,Lynch Mob / White friends of the Harveys,Bertha,57,Undirected,1
232,117,Jim Harvey,Bertha,57,Undirected,1
115,244,Bobo,Lynch Mob / White friends of the Harveys,57,Undirected,1
115,117,Bobo,Bertha,58,Undirected,1
114,115,Big Boy,Bobo,58,Undirected,1
114,244,Big Boy,Lynch Mob / White friends of the Harveys,58,Undirected,1
10,115,God,Bobo,58,Undirected,1
10,244,God,Lynch Mob / White friends of the Harveys,58,Undirected,1
232,115,Jim Harvey,Bobo,58,Undirected,1
232,244,Jim Harvey,Lynch Mob / White friends of the Harveys,58,Undirected,1
232,114,Jim Harvey,Big Boy,58,Undirected,1
10,117,God,Bertha,58,Undirected,1
232,10,Jim Harvey,God,58,Undirected,1
10,114,God,Big Boy,58,Undirected,1
114,117,Big Boy,Bertha,58,Undirected,1
244,117,Lynch Mob / White friends of the Harveys,Bertha,58,Undirected,1
232,117,Jim Harvey,Bertha,58,Undirected,1
115,244,Bobo,Lynch Mob / White friends of the Harveys,58,Undirected,1
232,114,Jim Harvey,Big Boy,59,Undirected,1
10,247,God,Will Sanders,59,Undirected,1
114,115,Big Boy,Bobo,59,Undirected,1
115,117,Bobo,Bertha,59,Undirected,1
10,115,God,Bobo,59,Undirected,1
114,247,Big Boy,Will Sanders,59,Undirected,1
232,115,Jim Harvey,Bobo,59,Undirected,1
232,247,Jim Harvey,Will Sanders,59,Undirected,1
117,247,Bertha,Will Sanders,59,Undirected,1
10,117,God,Bertha,59,Undirected,1
232,10,Jim Harvey,God,59,Undirected,1
10,114,God,Big Boy,59,Undirected,1
114,117,Big Boy,Bertha,59,Undirected,1
232,117,Jim Harvey,Bertha,59,Undirected,1
115,247,Bobo,Will Sanders,59,Undirected,1
244,247,Lynch Mob / White friends of the Harveys,Will Sanders,60,Undirected,1
238,114,Lucy,Big Boy,60,Undirected,1
237,114,Saul Morrison (Big Boy's Father),Big Boy,60,Undirected,1
114,115,Big Boy,Bobo,60,Undirected,1
114,244,Big Boy,Lynch Mob / White friends of the Harveys,60,Undirected,1
238,115,Lucy,Bobo,60,Undirected,1
237,115,Saul Morrison (Big Boy's Father),Bobo,60,Undirected,1
114,247,Big Boy,Will Sanders,60,Undirected,1
238,247,Lucy,Will Sanders,60,Undirected,1
115,247,Bobo,Will Sanders,60,Undirected,1
237,247,Saul Morrison (Big Boy's Father),Will Sanders,60,Undirected,1
238,244,Lucy,Lynch Mob / White friends of the Harveys,60,Undirected,1
115,244,Bobo,Lynch Mob / White friends of the Harveys,60,Undirected,1
237,244,Saul Morrison (Big Boy's Father),Lynch Mob / White friends of the Harveys,60,Undirected,1
237,238,Saul Morrison (Big Boy's Father),Lucy,60,Undirected,1
114,115,Big Boy,Bobo,61,Undirected,1
114,244,Big Boy,Lynch Mob / White friends of the Harveys,61,Undirected,1
114,247,Big Boy,Will Sanders,61,Undirected,1
244,247,Lynch Mob / White friends of the Harveys,Will Sanders,61,Undirected,1
115,247,Bobo,Will Sanders,61,Undirected,1
115,244,Bobo,Lynch Mob / White friends of the Harveys,61,Undirected,1
10,267,God,Sister Jeff,63,Undirected,1
257,10,Lulu,God,63,Undirected,1
267,268,Sister Jeff,The Baby,63,Undirected,1
257,269,Lulu,U.S. Government (abstract),63,Undirected,1
267,271,Sister Jeff,Red Cross,63,Undirected,1
268,269,The Baby,U.S. Government (abstract),63,Undirected,1
261,269,Bob Cobb,U.S. Government (abstract),63,Undirected,1
256,261,Mann,Bob Cobb,63,Undirected,1
256,267,Mann,Sister Jeff,63,Undirected,1
261,10,Bob Cobb,God,63,Undirected,1
10,269,God,U.S. Government (abstract),63,Undirected,1
261,267,Bob Cobb,Sister Jeff,63,Undirected,1
269,271,U.S. Government (abstract),Red Cross,63,Undirected,1
256,271,Mann,Red Cross,63,Undirected,1
10,271,God,Red Cross,63,Undirected,1
267,269,Sister Jeff,U.S. Government (abstract),63,Undirected,1
257,268,Lulu,The Baby,63,Undirected,1
257,271,Lulu,Red Cross,63,Undirected,1
268,271,The Baby,Red Cross,63,Undirected,1
256,10,Mann,God,63,Undirected,1
256,268,Mann,The Baby,63,Undirected,1
256,269,Mann,U.S. Government (abstract),63,Undirected,1
256,257,Mann,Lulu,63,Undirected,1
261,271,Bob Cobb,Red Cross,63,Undirected,1
10,268,God,The Baby,63,Undirected,1
257,261,Lulu,Bob Cobb,63,Undirected,1
257,267,Lulu,Sister Jeff,63,Undirected,1
261,268,Bob Cobb,The Baby,63,Undirected,1
257,10,Lulu,God,64,Undirected,1
257,128,Lulu,"""black folks"" (abstract)",64,Undirected,1
256,128,Mann,"""black folks"" (abstract)",64,Undirected,1
256,257,Mann,Lulu,64,Undirected,1
256,10,Mann,God,64,Undirected,1
10,268,God,The Baby,64,Undirected,1
257,268,Lulu,The Baby,64,Undirected,1
128,10,"""black folks"" (abstract)",God,64,Undirected,1
256,268,Mann,The Baby,64,Undirected,1
128,268,"""black folks"" (abstract)",The Baby,64,Undirected,1
259,267,Grannie,Sister Jeff,65,Undirected,1
10,267,God,Sister Jeff,65,Undirected,1
257,10,Lulu,God,65,Undirected,1
257,260,Lulu,Peewee,65,Undirected,1
267,268,Sister Jeff,The Baby,65,Undirected,1
259,10,Grannie,God,65,Undirected,1
259,261,Grannie,Bob Cobb,65,Undirected,1
256,261,Mann,Bob Cobb,65,Undirected,1
256,267,Mann,Sister Jeff,65,Undirected,1
259,260,Grannie,Peewee,65,Undirected,1
261,10,Bob Cobb,God,65,Undirected,1
260,268,Peewee,The Baby,65,Undirected,1
256,268,Mann,The Baby,65,Undirected,1
261,267,Bob Cobb,Sister Jeff,65,Undirected,1
257,267,Lulu,Sister Jeff,65,Undirected,1
257,259,Lulu,Grannie,65,Undirected,1
256,259,Mann,Grannie,65,Undirected,1
257,268,Lulu,The Baby,65,Undirected,1
260,267,Peewee,Sister Jeff,65,Undirected,1
256,10,Mann,God,65,Undirected,1
256,260,Mann,Peewee,65,Undirected,1
260,261,Peewee,Bob Cobb,65,Undirected,1
259,268,Grannie,The Baby,65,Undirected,1
261,268,Bob Cobb,The Baby,65,Undirected,1
10,268,God,The Baby,65,Undirected,1
260,10,Peewee,God,65,Undirected,1
257,261,Lulu,Bob Cobb,65,Undirected,1
256,257,Mann,Lulu,65,Undirected,1
267,271,Sister Jeff,Red Cross,66,Undirected,1
267,268,Sister Jeff,The Baby,66,Undirected,1
10,273,God,Heartfield,66,Undirected,1
257,260,Lulu,Peewee,66,Undirected,1
261,273,Bob Cobb,Heartfield,66,Undirected,1
259,273,Grannie,Heartfield,66,Undirected,1
10,267,God,Sister Jeff,66,Undirected,1
261,267,Bob Cobb,Sister Jeff,66,Undirected,1
256,271,Mann,Red Cross,66,Undirected,1
257,272,Lulu,The Heartfield Family,66,Undirected,1
257,10,Lulu,God,66,Undirected,1
259,267,Grannie,Sister Jeff,66,Undirected,1
268,272,The Baby,The Heartfield Family,66,Undirected,1
260,271,Peewee,Red Cross,66,Undirected,1
272,273,The Heartfield Family,Heartfield,66,Undirected,1
259,10,Grannie,God,66,Undirected,1
256,261,Mann,Bob Cobb,66,Undirected,1
256,267,Mann,Sister Jeff,66,Undirected,1
259,260,Grannie,Peewee,66,Undirected,1
261,10,Bob Cobb,God,66,Undirected,1
256,273,Mann,Heartfield,66,Undirected,1
259,272,Grannie,The Heartfield Family,66,Undirected,1
261,272,Bob Cobb,The Heartfield Family,66,Undirected,1
10,272,God,The Heartfield Family,66,Undirected,1
259,261,Grannie,Bob Cobb,66,Undirected,1
260,268,Peewee,The Baby,66,Undirected,1
256,268,Mann,The Baby,66,Undirected,1
256,10,Mann,God,66,Undirected,1
271,272,Red Cross,The Heartfield Family,66,Undirected,1
256,259,Mann,Grannie,66,Undirected,1
257,259,Lulu,Grannie,66,Undirected,1
267,273,Sister Jeff,Heartfield,66,Undirected,1
260,261,Peewee,Bob Cobb,66,Undirected,1
257,268,Lulu,The Baby,66,Undirected,1
257,271,Lulu,Red Cross,66,Undirected,1
268,271,The Baby,Red Cross,66,Undirected,1
260,273,Peewee,Heartfield,66,Undirected,1
271,273,Red Cross,Heartfield,66,Undirected,1
256,260,Mann,Peewee,66,Undirected,1
256,257,Mann,Lulu,66,Undirected,1
256,272,Mann,The Heartfield Family,66,Undirected,1
260,267,Peewee,Sister Jeff,66,Undirected,1
259,271,Grannie,Red Cross,66,Undirected,1
268,273,The Baby,Heartfield,66,Undirected,1
259,268,Grannie,The Baby,66,Undirected,1
260,272,Peewee,The Heartfield Family,66,Undirected,1
257,273,Lulu,Heartfield,66,Undirected,1
257,261,Lulu,Bob Cobb,66,Undirected,1
267,272,Sister Jeff,The Heartfield Family,66,Undirected,1
257,267,Lulu,Sister Jeff,66,Undirected,1
260,10,Peewee,God,66,Undirected,1
10,268,God,The Baby,66,Undirected,1
261,271,Bob Cobb,Red Cross,66,Undirected,1
261,268,Bob Cobb,The Baby,66,Undirected,1
10,271,God,Red Cross,66,Undirected,1
257,259,Lulu,Grannie,67,Undirected,1
257,268,Lulu,The Baby,67,Undirected,1
259,10,Grannie,God,67,Undirected,1
10,272,God,The Heartfield Family,67,Undirected,1
261,272,Bob Cobb,The Heartfield Family,67,Undirected,1
259,275,Grannie,People selling boats,67,Undirected,1
270,275,Old Man Bowman,People selling boats,67,Undirected,1
272,273,The Heartfield Family,Heartfield,67,Undirected,1
270,273,Old Man Bowman,Heartfield,67,Undirected,1
257,275,Lulu,People selling boats,67,Undirected,1
10,270,God,Old Man Bowman,67,Undirected,1
257,10,Lulu,God,67,Undirected,1
261,270,Bob Cobb,Old Man Bowman,67,Undirected,1
259,273,Grannie,Heartfield,67,Undirected,1
260,273,Peewee,Heartfield,67,Undirected,1
268,273,The Baby,Heartfield,67,Undirected,1
268,275,The Baby,People selling boats,67,Undirected,1
272,275,The Heartfield Family,People selling boats,67,Undirected,1
267,274,Sister Jeff,Brother Hall,67,Undirected,1
261,274,Bob Cobb,Brother Hall,67,Undirected,1
257,273,Lulu,Heartfield,67,Undirected,1
270,272,Old Man Bowman,The Heartfield Family,67,Undirected,1
259,272,Grannie,The Heartfield Family,67,Undirected,1
256,273,Mann,Heartfield,67,Undirected,1
260,268,Peewee,The Baby,67,Undirected,1
268,272,The Baby,The Heartfield Family,67,Undirected,1
257,272,Lulu,The Heartfield Family,67,Undirected,1
10,267,God,Sister Jeff,67,Undirected,1
261,267,Bob Cobb,Sister Jeff,67,Undirected,1
259,270,Grannie,Old Man Bowman,67,Undirected,1
259,261,Grannie,Bob Cobb,67,Undirected,1
260,275,Peewee,People selling boats,67,Undirected,1
268,270,The Baby,Old Man Bowman,67,Undirected,1
257,270,Lulu,Old Man Bowman,67,Undirected,1
257,261,Lulu,Bob Cobb,67,Undirected,1
260,10,Peewee,God,67,Undirected,1
10,274,God,Brother Hall,67,Undirected,1
259,268,Grannie,The Baby,67,Undirected,1
267,272,Sister Jeff,The Heartfield Family,67,Undirected,1
10,273,God,Heartfield,67,Undirected,1
261,268,Bob Cobb,The Baby,67,Undirected,1
260,274,Peewee,Brother Hall,67,Undirected,1
257,260,Lulu,Peewee,67,Undirected,1
259,267,Grannie,Sister Jeff,67,Undirected,1
256,268,Mann,The Baby,67,Undirected,1
273,275,Heartfield,People selling boats,67,Undirected,1
256,259,Mann,Grannie,67,Undirected,1
260,272,Peewee,The Heartfield Family,67,Undirected,1
256,261,Mann,Bob Cobb,67,Undirected,1
257,267,Lulu,Sister Jeff,67,Undirected,1
256,275,Mann,People selling boats,67,Undirected,1
256,257,Mann,Lulu,67,Undirected,1
256,10,Mann,God,67,Undirected,1
10,268,God,The Baby,67,Undirected,1
268,274,The Baby,Brother Hall,67,Undirected,1
257,274,Lulu,Brother Hall,67,Undirected,1
260,261,Peewee,Bob Cobb,67,Undirected,1
270,274,Old Man Bowman,Brother Hall,67,Undirected,1
259,260,Grannie,Peewee,67,Undirected,1
260,270,Peewee,Old Man Bowman,67,Undirected,1
267,273,Sister Jeff,Heartfield,67,Undirected,1
256,270,Mann,Old Man Bowman,67,Undirected,1
274,275,Brother Hall,People selling boats,67,Undirected,1
267,270,Sister Jeff,Old Man Bowman,67,Undirected,1
10,275,God,People selling boats,67,Undirected,1
261,275,Bob Cobb,People selling boats,67,Undirected,1
261,10,Bob Cobb,God,67,Undirected,1
256,267,Mann,Sister Jeff,67,Undirected,1
273,274,Heartfield,Brother Hall,67,Undirected,1
256,260,Mann,Peewee,67,Undirected,1
261,273,Bob Cobb,Heartfield,67,Undirected,1
256,274,Mann,Brother Hall,67,Undirected,1
272,274,The Heartfield Family,Brother Hall,67,Undirected,1
267,275,Sister Jeff,People selling boats,67,Undirected,1
259,274,Grannie,Brother Hall,67,Undirected,1
256,272,Mann,The Heartfield Family,67,Undirected,1
267,268,Sister Jeff,The Baby,67,Undirected,1
260,267,Peewee,Sister Jeff,67,Undirected,1
271,278,Red Cross,Sister James' Boy,68,Undirected,1
68,272,Sister James,The Heartfield Family,68,Undirected,1
267,268,Sister Jeff,The Baby,68,Undirected,1
257,260,Lulu,Peewee,68,Undirected,1
261,273,Bob Cobb,Heartfield,68,Undirected,1
259,273,Grannie,Heartfield,68,Undirected,1
257,68,Lulu,Sister James,68,Undirected,1
273,278,Heartfield,Sister James' Boy,68,Undirected,1
256,271,Mann,Red Cross,68,Undirected,1
259,267,Grannie,Sister Jeff,68,Undirected,1
259,261,Grannie,Bob Cobb,68,Undirected,1
256,268,Mann,The Baby,68,Undirected,1
68,278,Sister James,Sister James' Boy,68,Undirected,1
261,267,Bob Cobb,Sister Jeff,68,Undirected,1
267,271,Sister Jeff,Red Cross,68,Undirected,1
259,68,Grannie,Sister James,68,Undirected,1
268,272,The Baby,The Heartfield Family,68,Undirected,1
260,268,Peewee,The Baby,68,Undirected,1
260,271,Peewee,Red Cross,68,Undirected,1
257,278,Lulu,Sister James' Boy,68,Undirected,1
268,278,The Baby,Sister James' Boy,68,Undirected,1
261,68,Bob Cobb,Sister James,68,Undirected,1
272,273,The Heartfield Family,Heartfield,68,Undirected,1
256,261,Mann,Bob Cobb,68,Undirected,1
256,267,Mann,Sister Jeff,68,Undirected,1
256,259,Mann,Grannie,68,Undirected,1
256,273,Mann,Heartfield,68,Undirected,1
259,272,Grannie,The Heartfield Family,68,Undirected,1
261,272,Bob Cobb,The Heartfield Family,68,Undirected,1
259,278,Grannie,Sister James' Boy,68,Undirected,1
257,272,Lulu,The Heartfield Family,68,Undirected,1
260,278,Peewee,Sister James' Boy,68,Undirected,1
259,260,Grannie,Peewee,68,Undirected,1
268,273,The Baby,Heartfield,68,Undirected,1
271,272,Red Cross,The Heartfield Family,68,Undirected,1
68,271,Sister James,Red Cross,68,Undirected,1
261,278,Bob Cobb,Sister James' Boy,68,Undirected,1
257,259,Lulu,Grannie,68,Undirected,1
68,268,Sister James,The Baby,68,Undirected,1
267,273,Sister Jeff,Heartfield,68,Undirected,1
257,268,Lulu,The Baby,68,Undirected,1
256,68,Mann,Sister James,68,Undirected,1
260,267,Peewee,Sister Jeff,68,Undirected,1
257,271,Lulu,Red Cross,68,Undirected,1
268,271,The Baby,Red Cross,68,Undirected,1
260,273,Peewee,Heartfield,68,Undirected,1
271,273,Red Cross,Heartfield,68,Undirected,1
256,260,Mann,Peewee,68,Undirected,1
272,278,The Heartfield Family,Sister James' Boy,68,Undirected,1
260,261,Peewee,Bob Cobb,68,Undirected,1
256,272,Mann,The Heartfield Family,68,Undirected,1
260,272,Peewee,The Heartfield Family,68,Undirected,1
256,257,Mann,Lulu,68,Undirected,1
257,273,Lulu,Heartfield,68,Undirected,1
267,278,Sister Jeff,Sister James' Boy,68,Undirected,1
257,267,Lulu,Sister Jeff,68,Undirected,1
257,261,Lulu,Bob Cobb,68,Undirected,1
267,272,Sister Jeff,The Heartfield Family,68,Undirected,1
68,273,Sister James,Heartfield,68,Undirected,1
261,271,Bob Cobb,Red Cross,68,Undirected,1
261,268,Bob Cobb,The Baby,68,Undirected,1
260,68,Peewee,Sister James,68,Undirected,1
259,271,Grannie,Red Cross,68,Undirected,1
256,278,Mann,Sister James' Boy,68,Undirected,1
259,268,Grannie,The Baby,68,Undirected,1
68,267,Sister James,Sister Jeff,68,Undirected,1
257,268,Lulu,The Baby,69,Undirected,1
268,92,The Baby,Bob (kidnapper),69,Undirected,1
257,259,Lulu,Grannie,69,Undirected,1
261,272,Bob Cobb,The Heartfield Family,69,Undirected,1
256,276,Mann,Black People working on the levee,69,Undirected,1
259,92,Grannie,Bob (kidnapper),69,Undirected,1
272,273,The Heartfield Family,Heartfield,69,Undirected,1
260,271,Peewee,Red Cross,69,Undirected,1
257,92,Lulu,Bob (kidnapper),69,Undirected,1
261,277,Bob Cobb,U.S. Military,69,Undirected,1
260,269,Peewee,U.S. Government (abstract),69,Undirected,1
271,272,Red Cross,The Heartfield Family,69,Undirected,1
268,273,The Baby,Heartfield,69,Undirected,1
257,273,Lulu,Heartfield,69,Undirected,1
267,272,Sister Jeff,The Heartfield Family,69,Undirected,1
261,268,Bob Cobb,The Baby,69,Undirected,1
259,271,Grannie,Red Cross,69,Undirected,1
260,276,Peewee,Black People working on the levee,69,Undirected,1
272,92,The Heartfield Family,Bob (kidnapper),69,Undirected,1
259,273,Grannie,Heartfield,69,Undirected,1
257,277,Lulu,U.S. Military,69,Undirected,1
268,272,The Baby,The Heartfield Family,69,Undirected,1
269,276,U.S. Government (abstract),Black People working on the levee,69,Undirected,1
273,276,Heartfield,Black People working on the levee,69,Undirected,1
259,272,Grannie,The Heartfield Family,69,Undirected,1
256,273,Mann,Heartfield,69,Undirected,1
260,277,Peewee,U.S. Military,69,Undirected,1
260,268,Peewee,The Baby,69,Undirected,1
269,271,U.S. Government (abstract),Red Cross,69,Undirected,1
257,272,Lulu,The Heartfield Family,69,Undirected,1
277,92,U.S. Military,Bob (kidnapper),69,Undirected,1
261,267,Bob Cobb,Sister Jeff,69,Undirected,1
268,277,The Baby,U.S. Military,69,Undirected,1
256,271,Mann,Red Cross,69,Undirected,1
259,261,Grannie,Bob Cobb,69,Undirected,1
272,277,The Heartfield Family,U.S. Military,69,Undirected,1
260,92,Peewee,Bob (kidnapper),69,Undirected,1
257,261,Lulu,Bob Cobb,69,Undirected,1
259,277,Grannie,U.S. Military,69,Undirected,1
259,268,Grannie,The Baby,69,Undirected,1
256,269,Mann,U.S. Government (abstract),69,Undirected,1
276,92,Black People working on the levee,Bob (kidnapper),69,Undirected,1
260,273,Peewee,Heartfield,69,Undirected,1
276,277,Black People working on the levee,U.S. Military,69,Undirected,1
256,260,Mann,Peewee,69,Undirected,1
267,269,Sister Jeff,U.S. Government (abstract),69,Undirected,1
257,271,Lulu,Red Cross,69,Undirected,1
267,271,Sister Jeff,Red Cross,69,Undirected,1
257,269,Lulu,U.S. Government (abstract),69,Undirected,1
261,276,Bob Cobb,Black People working on the levee,69,Undirected,1
257,260,Lulu,Peewee,69,Undirected,1
256,277,Mann,U.S. Military,69,Undirected,1
259,267,Grannie,Sister Jeff,69,Undirected,1
256,268,Mann,The Baby,69,Undirected,1
256,259,Mann,Grannie,69,Undirected,1
273,92,Heartfield,Bob (kidnapper),69,Undirected,1
260,272,Peewee,The Heartfield Family,69,Undirected,1
268,276,The Baby,Black People working on the levee,69,Undirected,1
269,92,U.S. Government (abstract),Bob (kidnapper),69,Undirected,1
257,267,Lulu,Sister Jeff,69,Undirected,1
256,92,Mann,Bob (kidnapper),69,Undirected,1
271,276,Red Cross,Black People working on the levee,69,Undirected,1
269,273,U.S. Government (abstract),Heartfield,69,Undirected,1
267,276,Sister Jeff,Black People working on the levee,69,Undirected,1
260,261,Peewee,Bob Cobb,69,Undirected,1
268,271,The Baby,Red Cross,69,Undirected,1
268,269,The Baby,U.S. Government (abstract),69,Undirected,1
269,277,U.S. Government (abstract),U.S. Military,69,Undirected,1
256,257,Mann,Lulu,69,Undirected,1
259,260,Grannie,Peewee,69,Undirected,1
261,92,Bob Cobb,Bob (kidnapper),69,Undirected,1
256,261,Mann,Bob Cobb,69,Undirected,1
259,269,Grannie,U.S. Government (abstract),69,Undirected,1
256,267,Mann,Sister Jeff,69,Undirected,1
271,277,Red Cross,U.S. Military,69,Undirected,1
267,277,Sister Jeff,U.S. Military,69,Undirected,1
267,268,Sister Jeff,The Baby,69,Undirected,1
261,273,Bob Cobb,Heartfield,69,Undirected,1
259,276,Grannie,Black People working on the levee,69,Undirected,1
257,276,Lulu,Black People working on the levee,69,Undirected,1
272,276,The Heartfield Family,Black People working on the levee,69,Undirected,1
269,272,U.S. Government (abstract),The Heartfield Family,69,Undirected,1
271,92,Red Cross,Bob (kidnapper),69,Undirected,1
273,277,Heartfield,U.S. Military,69,Undirected,1
267,273,Sister Jeff,Heartfield,69,Undirected,1
271,273,Red Cross,Heartfield,69,Undirected,1
260,267,Peewee,Sister Jeff,69,Undirected,1
261,271,Bob Cobb,Red Cross,69,Undirected,1
267,92,Sister Jeff,Bob (kidnapper),69,Undirected,1
256,272,Mann,The Heartfield Family,69,Undirected,1
261,269,Bob Cobb,U.S. Government (abstract),69,Undirected,1
261,272,Bob Cobb,The Heartfield Family,70,Undirected,1
259,92,Grannie,Bob (kidnapper),70,Undirected,1
268,92,The Baby,Bob (kidnapper),70,Undirected,1
265,267,Elder Murray,Sister Jeff,70,Undirected,1
272,273,The Heartfield Family,Heartfield,70,Undirected,1
257,259,Lulu,Grannie,70,Undirected,1
260,271,Peewee,Red Cross,70,Undirected,1
268,273,The Baby,Heartfield,70,Undirected,1
259,273,Grannie,Heartfield,70,Undirected,1
271,272,Red Cross,The Heartfield Family,70,Undirected,1
261,51,Bob Cobb,the Devil,70,Undirected,1
257,273,Lulu,Heartfield,70,Undirected,1
267,272,Sister Jeff,The Heartfield Family,70,Undirected,1
257,268,Lulu,The Baby,70,Undirected,1
261,268,Bob Cobb,The Baby,70,Undirected,1
259,271,Grannie,Red Cross,70,Undirected,1
257,92,Lulu,Bob (kidnapper),70,Undirected,1
272,92,The Heartfield Family,Bob (kidnapper),70,Undirected,1
272,51,The Heartfield Family,the Devil,70,Undirected,1
257,51,Lulu,the Devil,70,Undirected,1
260,51,Peewee,the Devil,70,Undirected,1
265,272,Elder Murray,The Heartfield Family,70,Undirected,1
259,272,Grannie,The Heartfield Family,70,Undirected,1
256,273,Mann,Heartfield,70,Undirected,1
273,51,Heartfield,the Devil,70,Undirected,1
260,268,Peewee,The Baby,70,Undirected,1
268,272,The Baby,The Heartfield Family,70,Undirected,1
260,273,Peewee,Heartfield,70,Undirected,1
257,272,Lulu,The Heartfield Family,70,Undirected,1
256,271,Mann,Red Cross,70,Undirected,1
259,261,Grannie,Bob Cobb,70,Undirected,1
259,51,Grannie,the Devil,70,Undirected,1
257,261,Lulu,Bob Cobb,70,Undirected,1
51,92,the Devil,Bob (kidnapper),70,Undirected,1
261,265,Bob Cobb,Elder Murray,70,Undirected,1
259,268,Grannie,The Baby,70,Undirected,1
261,267,Bob Cobb,Sister Jeff,70,Undirected,1
268,51,The Baby,the Devil,70,Undirected,1
260,92,Peewee,Bob (kidnapper),70,Undirected,1
268,271,The Baby,Red Cross,70,Undirected,1
260,265,Peewee,Elder Murray,70,Undirected,1
267,271,Sister Jeff,Red Cross,70,Undirected,1
256,51,Mann,the Devil,70,Undirected,1
257,260,Lulu,Peewee,70,Undirected,1
259,267,Grannie,Sister Jeff,70,Undirected,1
256,268,Mann,The Baby,70,Undirected,1
256,259,Mann,Grannie,70,Undirected,1
256,261,Mann,Bob Cobb,70,Undirected,1
273,92,Heartfield,Bob (kidnapper),70,Undirected,1
257,267,Lulu,Sister Jeff,70,Undirected,1
259,265,Grannie,Elder Murray,70,Undirected,1
256,92,Mann,Bob (kidnapper),70,Undirected,1
256,257,Mann,Lulu,70,Undirected,1
260,261,Peewee,Bob Cobb,70,Undirected,1
257,265,Lulu,Elder Murray,70,Undirected,1
256,260,Mann,Peewee,70,Undirected,1
260,272,Peewee,The Heartfield Family,70,Undirected,1
259,260,Grannie,Peewee,70,Undirected,1
265,271,Elder Murray,Red Cross,70,Undirected,1
267,273,Sister Jeff,Heartfield,70,Undirected,1
257,271,Lulu,Red Cross,70,Undirected,1
265,273,Elder Murray,Heartfield,70,Undirected,1
261,92,Bob Cobb,Bob (kidnapper),70,Undirected,1
271,51,Red Cross,the Devil,70,Undirected,1
256,267,Mann,Sister Jeff,70,Undirected,1
267,51,Sister Jeff,the Devil,70,Undirected,1
265,51,Elder Murray,the Devil,70,Undirected,1
261,273,Bob Cobb,Heartfield,70,Undirected,1
256,265,Mann,Elder Murray,70,Undirected,1
267,268,Sister Jeff,The Baby,70,Undirected,1
271,92,Red Cross,Bob (kidnapper),70,Undirected,1
267,92,Sister Jeff,Bob (kidnapper),70,Undirected,1
261,271,Bob Cobb,Red Cross,70,Undirected,1
256,272,Mann,The Heartfield Family,70,Undirected,1
265,92,Elder Murray,Bob (kidnapper),70,Undirected,1
271,273,Red Cross,Heartfield,70,Undirected,1
260,267,Peewee,Sister Jeff,70,Undirected,1
265,268,Elder Murray,The Baby,70,Undirected,1
259,92,Grannie,Bob (kidnapper),71,Undirected,1
273,125,Heartfield,"""white folks"" (abstract)",71,Undirected,1
259,10,Grannie,God,71,Undirected,1
265,267,Elder Murray,Sister Jeff,71,Undirected,1
272,273,The Heartfield Family,Heartfield,71,Undirected,1
268,92,The Baby,Bob (kidnapper),71,Undirected,1
257,92,Lulu,Bob (kidnapper),71,Undirected,1
257,10,Lulu,God,71,Undirected,1
261,268,Bob Cobb,The Baby,71,Undirected,1
268,273,The Baby,Heartfield,71,Undirected,1
257,273,Lulu,Heartfield,71,Undirected,1
256,125,Mann,"""white folks"" (abstract)",71,Undirected,1
267,272,Sister Jeff,The Heartfield Family,71,Undirected,1
272,125,The Heartfield Family,"""white folks"" (abstract)",71,Undirected,1
10,268,God,The Baby,71,Undirected,1
261,272,Bob Cobb,The Heartfield Family,71,Undirected,1
259,273,Grannie,Heartfield,71,Undirected,1
10,272,God,The Heartfield Family,71,Undirected,1
259,272,Grannie,The Heartfield Family,71,Undirected,1
257,268,Lulu,The Baby,71,Undirected,1
265,272,Elder Murray,The Heartfield Family,71,Undirected,1
256,273,Mann,Heartfield,71,Undirected,1
260,268,Peewee,The Baby,71,Undirected,1
268,272,The Baby,The Heartfield Family,71,Undirected,1
257,272,Lulu,The Heartfield Family,71,Undirected,1
10,267,God,Sister Jeff,71,Undirected,1
261,267,Bob Cobb,Sister Jeff,71,Undirected,1
259,261,Grannie,Bob Cobb,71,Undirected,1
260,92,Peewee,Bob (kidnapper),71,Undirected,1
257,261,Lulu,Bob Cobb,71,Undirected,1
265,125,Elder Murray,"""white folks"" (abstract)",71,Undirected,1
260,10,Peewee,God,71,Undirected,1
261,265,Bob Cobb,Elder Murray,71,Undirected,1
259,268,Grannie,The Baby,71,Undirected,1
260,273,Peewee,Heartfield,71,Undirected,1
272,92,The Heartfield Family,Bob (kidnapper),71,Undirected,1
92,125,Bob (kidnapper),"""white folks"" (abstract)",71,Undirected,1
257,259,Lulu,Grannie,71,Undirected,1
256,260,Mann,Peewee,71,Undirected,1
256,265,Mann,Elder Murray,71,Undirected,1
261,92,Bob Cobb,Bob (kidnapper),71,Undirected,1
257,260,Lulu,Peewee,71,Undirected,1
267,125,Sister Jeff,"""white folks"" (abstract)",71,Undirected,1
259,267,Grannie,Sister Jeff,71,Undirected,1
256,268,Mann,The Baby,71,Undirected,1
256,259,Mann,Grannie,71,Undirected,1
273,92,Heartfield,Bob (kidnapper),71,Undirected,1
260,272,Peewee,The Heartfield Family,71,Undirected,1
260,265,Peewee,Elder Murray,71,Undirected,1
257,267,Lulu,Sister Jeff,71,Undirected,1
256,92,Mann,Bob (kidnapper),71,Undirected,1
10,125,God,"""white folks"" (abstract)",71,Undirected,1
256,257,Mann,Lulu,71,Undirected,1
261,125,Bob Cobb,"""white folks"" (abstract)",71,Undirected,1
256,10,Mann,God,71,Undirected,1
260,261,Peewee,Bob Cobb,71,Undirected,1
257,265,Lulu,Elder Murray,71,Undirected,1
10,92,God,Bob (kidnapper),71,Undirected,1
256,261,Mann,Bob Cobb,71,Undirected,1
259,265,Grannie,Elder Murray,71,Undirected,1
265,273,Elder Murray,Heartfield,71,Undirected,1
259,260,Grannie,Peewee,71,Undirected,1
261,10,Bob Cobb,God,71,Undirected,1
256,267,Mann,Sister Jeff,71,Undirected,1
267,268,Sister Jeff,The Baby,71,Undirected,1
261,273,Bob Cobb,Heartfield,71,Undirected,1
260,125,Peewee,"""white folks"" (abstract)",71,Undirected,1
265,268,Elder Murray,The Baby,71,Undirected,1
267,92,Sister Jeff,Bob (kidnapper),71,Undirected,1
10,273,God,Heartfield,71,Undirected,1
265,92,Elder Murray,Bob (kidnapper),71,Undirected,1
259,125,Grannie,"""white folks"" (abstract)",71,Undirected,1
265,10,Elder Murray,God,71,Undirected,1
260,267,Peewee,Sister Jeff,71,Undirected,1
267,273,Sister Jeff,Heartfield,71,Undirected,1
268,125,The Baby,"""white folks"" (abstract)",71,Undirected,1
256,272,Mann,The Heartfield Family,71,Undirected,1
257,125,Lulu,"""white folks"" (abstract)",71,Undirected,1
257,92,Lulu,Bob (kidnapper),72,Undirected,1
268,92,The Baby,Bob (kidnapper),72,Undirected,1
272,273,The Heartfield Family,Heartfield,72,Undirected,1
265,267,Elder Murray,Sister Jeff,72,Undirected,1
261,272,Bob Cobb,The Heartfield Family,72,Undirected,1
259,92,Grannie,Bob (kidnapper),72,Undirected,1
10,272,God,The Heartfield Family,72,Undirected,1
273,125,Heartfield,"""white folks"" (abstract)",72,Undirected,1
259,10,Grannie,God,72,Undirected,1
257,10,Lulu,God,72,Undirected,1
265,55,Elder Murray,Jesus Christ,72,Undirected,1
55,92,Jesus Christ,Bob (kidnapper),72,Undirected,1
267,55,Sister Jeff,Jesus Christ,72,Undirected,1
268,273,The Baby,Heartfield,72,Undirected,1
257,273,Lulu,Heartfield,72,Undirected,1
256,125,Mann,"""white folks"" (abstract)",72,Undirected,1
267,272,Sister Jeff,The Heartfield Family,72,Undirected,1
272,125,The Heartfield Family,"""white folks"" (abstract)",72,Undirected,1
257,259,Lulu,Grannie,72,Undirected,1
10,268,God,The Baby,72,Undirected,1
259,273,Grannie,Heartfield,72,Undirected,1
257,268,Lulu,The Baby,72,Undirected,1
267,273,Sister Jeff,Heartfield,72,Undirected,1
272,92,The Heartfield Family,Bob (kidnapper),72,Undirected,1
261,268,Bob Cobb,The Baby,72,Undirected,1
259,272,Grannie,The Heartfield Family,72,Undirected,1
256,273,Mann,Heartfield,72,Undirected,1
268,55,The Baby,Jesus Christ,72,Undirected,1
257,55,Lulu,Jesus Christ,72,Undirected,1
260,268,Peewee,The Baby,72,Undirected,1
268,272,The Baby,The Heartfield Family,72,Undirected,1
257,272,Lulu,The Heartfield Family,72,Undirected,1
10,267,God,Sister Jeff,72,Undirected,1
92,125,Bob (kidnapper),"""white folks"" (abstract)",72,Undirected,1
261,267,Bob Cobb,Sister Jeff,72,Undirected,1
260,92,Peewee,Bob (kidnapper),72,Undirected,1
257,261,Lulu,Bob Cobb,72,Undirected,1
265,125,Elder Murray,"""white folks"" (abstract)",72,Undirected,1
260,10,Peewee,God,72,Undirected,1
261,265,Bob Cobb,Elder Murray,72,Undirected,1
259,268,Grannie,The Baby,72,Undirected,1
10,55,God,Jesus Christ,72,Undirected,1
260,273,Peewee,Heartfield,72,Undirected,1
261,55,Bob Cobb,Jesus Christ,72,Undirected,1
259,261,Grannie,Bob Cobb,72,Undirected,1
265,272,Elder Murray,The Heartfield Family,72,Undirected,1
260,265,Peewee,Elder Murray,72,Undirected,1
10,92,God,Bob (kidnapper),72,Undirected,1
256,260,Mann,Peewee,72,Undirected,1
55,125,Jesus Christ,"""white folks"" (abstract)",72,Undirected,1
257,260,Lulu,Peewee,72,Undirected,1
267,125,Sister Jeff,"""white folks"" (abstract)",72,Undirected,1
260,55,Peewee,Jesus Christ,72,Undirected,1
259,267,Grannie,Sister Jeff,72,Undirected,1
256,259,Mann,Grannie,72,Undirected,1
273,92,Heartfield,Bob (kidnapper),72,Undirected,1
260,272,Peewee,The Heartfield Family,72,Undirected,1
257,267,Lulu,Sister Jeff,72,Undirected,1
272,55,The Heartfield Family,Jesus Christ,72,Undirected,1
259,265,Grannie,Elder Murray,72,Undirected,1
256,92,Mann,Bob (kidnapper),72,Undirected,1
10,125,God,"""white folks"" (abstract)",72,Undirected,1
256,257,Mann,Lulu,72,Undirected,1
261,125,Bob Cobb,"""white folks"" (abstract)",72,Undirected,1
256,10,Mann,God,72,Undirected,1
259,55,Grannie,Jesus Christ,72,Undirected,1
260,261,Peewee,Bob Cobb,72,Undirected,1
256,261,Mann,Bob Cobb,72,Undirected,1
259,260,Grannie,Peewee,72,Undirected,1
256,268,Mann,The Baby,72,Undirected,1
257,125,Lulu,"""white folks"" (abstract)",72,Undirected,1
261,92,Bob Cobb,Bob (kidnapper),72,Undirected,1
261,10,Bob Cobb,God,72,Undirected,1
265,273,Elder Murray,Heartfield,72,Undirected,1
267,268,Sister Jeff,The Baby,72,Undirected,1
10,273,God,Heartfield,72,Undirected,1
261,273,Bob Cobb,Heartfield,72,Undirected,1
273,55,Heartfield,Jesus Christ,72,Undirected,1
260,125,Peewee,"""white folks"" (abstract)",72,Undirected,1
256,265,Mann,Elder Murray,72,Undirected,1
265,268,Elder Murray,The Baby,72,Undirected,1
256,267,Mann,Sister Jeff,72,Undirected,1
267,92,Sister Jeff,Bob (kidnapper),72,Undirected,1
256,272,Mann,The Heartfield Family,72,Undirected,1
265,92,Elder Murray,Bob (kidnapper),72,Undirected,1
259,125,Grannie,"""white folks"" (abstract)",72,Undirected,1
265,10,Elder Murray,God,72,Undirected,1
260,267,Peewee,Sister Jeff,72,Undirected,1
257,265,Lulu,Elder Murray,72,Undirected,1
268,125,The Baby,"""white folks"" (abstract)",72,Undirected,1
256,55,Mann,Jesus Christ,72,Undirected,1
256,268,Mann,The Baby,73,Undirected,1
259,267,Grannie,Sister Jeff,73,Undirected,1
261,267,Bob Cobb,Sister Jeff,73,Undirected,1
257,260,Lulu,Peewee,73,Undirected,1
267,268,Sister Jeff,The Baby,73,Undirected,1
260,265,Peewee,Elder Murray,73,Undirected,1
257,92,Lulu,Bob (kidnapper),73,Undirected,1
256,267,Mann,Sister Jeff,73,Undirected,1
260,268,Peewee,The Baby,73,Undirected,1
265,267,Elder Murray,Sister Jeff,73,Undirected,1
256,261,Mann,Bob Cobb,73,Undirected,1
259,260,Grannie,Peewee,73,Undirected,1
259,92,Grannie,Bob (kidnapper),73,Undirected,1
261,92,Bob Cobb,Bob (kidnapper),73,Undirected,1
265,268,Elder Murray,The Baby,73,Undirected,1
268,92,The Baby,Bob (kidnapper),73,Undirected,1
256,265,Mann,Elder Murray,73,Undirected,1
259,261,Grannie,Bob Cobb,73,Undirected,1
260,92,Peewee,Bob (kidnapper),73,Undirected,1
256,259,Mann,Grannie,73,Undirected,1
257,259,Lulu,Grannie,73,Undirected,1
257,265,Lulu,Elder Murray,73,Undirected,1
260,261,Peewee,Bob Cobb,73,Undirected,1
257,268,Lulu,The Baby,73,Undirected,1
256,260,Mann,Peewee,73,Undirected,1
256,257,Mann,Lulu,73,Undirected,1
265,92,Elder Murray,Bob (kidnapper),73,Undirected,1
260,267,Peewee,Sister Jeff,73,Undirected,1
256,92,Mann,Bob (kidnapper),73,Undirected,1
259,268,Grannie,The Baby,73,Undirected,1
261,265,Bob Cobb,Elder Murray,73,Undirected,1
261,268,Bob Cobb,The Baby,73,Undirected,1
267,92,Sister Jeff,Bob (kidnapper),73,Undirected,1
257,261,Lulu,Bob Cobb,73,Undirected,1
259,265,Grannie,Elder Murray,73,Undirected,1
257,267,Lulu,Sister Jeff,73,Undirected,1
267,268,Sister Jeff,The Baby,74,Undirected,1
257,260,Lulu,Peewee,74,Undirected,1
257,10,Lulu,God,74,Undirected,1
259,267,Grannie,Sister Jeff,74,Undirected,1
261,267,Bob Cobb,Sister Jeff,74,Undirected,1
259,261,Grannie,Bob Cobb,74,Undirected,1
260,265,Peewee,Elder Murray,74,Undirected,1
10,267,God,Sister Jeff,74,Undirected,1
257,92,Lulu,Bob (kidnapper),74,Undirected,1
259,92,Grannie,Bob (kidnapper),74,Undirected,1
260,268,Peewee,The Baby,74,Undirected,1
265,267,Elder Murray,Sister Jeff,74,Undirected,1
259,10,Grannie,God,74,Undirected,1
256,261,Mann,Bob Cobb,74,Undirected,1
256,267,Mann,Sister Jeff,74,Undirected,1
259,260,Grannie,Peewee,74,Undirected,1
261,10,Bob Cobb,God,74,Undirected,1
256,268,Mann,The Baby,74,Undirected,1
261,92,Bob Cobb,Bob (kidnapper),74,Undirected,1
10,92,God,Bob (kidnapper),74,Undirected,1
268,92,The Baby,Bob (kidnapper),74,Undirected,1
265,268,Elder Murray,The Baby,74,Undirected,1
260,10,Peewee,God,74,Undirected,1
256,259,Mann,Grannie,74,Undirected,1
257,259,Lulu,Grannie,74,Undirected,1
257,265,Lulu,Elder Murray,74,Undirected,1
260,261,Peewee,Bob Cobb,74,Undirected,1
257,268,Lulu,The Baby,74,Undirected,1
260,267,Peewee,Sister Jeff,74,Undirected,1
265,10,Elder Murray,God,74,Undirected,1
256,265,Mann,Elder Murray,74,Undirected,1
256,260,Mann,Peewee,74,Undirected,1
256,257,Mann,Lulu,74,Undirected,1
265,92,Elder Murray,Bob (kidnapper),74,Undirected,1
256,10,Mann,God,74,Undirected,1
259,265,Grannie,Elder Murray,74,Undirected,1
256,92,Mann,Bob (kidnapper),74,Undirected,1
257,267,Lulu,Sister Jeff,74,Undirected,1
257,261,Lulu,Bob Cobb,74,Undirected,1
267,92,Sister Jeff,Bob (kidnapper),74,Undirected,1
260,92,Peewee,Bob (kidnapper),74,Undirected,1
261,268,Bob Cobb,The Baby,74,Undirected,1
261,265,Bob Cobb,Elder Murray,74,Undirected,1
259,268,Grannie,The Baby,74,Undirected,1
10,268,God,The Baby,74,Undirected,1
256,10,Mann,God,75,Undirected,1
259,268,Grannie,The Baby,75,Undirected,1
257,260,Lulu,Peewee,75,Undirected,1
256,257,Mann,Lulu,75,Undirected,1
256,260,Mann,Peewee,75,Undirected,1
257,10,Lulu,God,75,Undirected,1
259,260,Grannie,Peewee,75,Undirected,1
260,268,Peewee,The Baby,75,Undirected,1
260,10,Peewee,God,75,Undirected,1
259,10,Grannie,God,75,Undirected,1
257,268,Lulu,The Baby,75,Undirected,1
256,268,Mann,The Baby,75,Undirected,1
257,259,Lulu,Grannie,75,Undirected,1
10,268,God,The Baby,75,Undirected,1
256,259,Mann,Grannie,75,Undirected,1
259,268,Grannie,The Baby,76,Undirected,1
257,260,Lulu,Peewee,76,Undirected,1
256,257,Mann,Lulu,76,Undirected,1
256,260,Mann,Peewee,76,Undirected,1
259,260,Grannie,Peewee,76,Undirected,1
257,268,Lulu,The Baby,76,Undirected,1
256,268,Mann,The Baby,76,Undirected,1
257,259,Lulu,Grannie,76,Undirected,1
260,268,Peewee,The Baby,76,Undirected,1
256,259,Mann,Grannie,76,Undirected,1
259,268,Grannie,The Baby,77,Undirected,1
257,273,Lulu,Heartfield,77,Undirected,1
257,260,Lulu,Peewee,77,Undirected,1
256,257,Mann,Lulu,77,Undirected,1
256,273,Mann,Heartfield,77,Undirected,1
256,260,Mann,Peewee,77,Undirected,1
260,273,Peewee,Heartfield,77,Undirected,1
268,273,The Baby,Heartfield,77,Undirected,1
259,260,Grannie,Peewee,77,Undirected,1
257,268,Lulu,The Baby,77,Undirected,1
256,268,Mann,The Baby,77,Undirected,1
257,259,Lulu,Grannie,77,Undirected,1
260,268,Peewee,The Baby,77,Undirected,1
256,259,Mann,Grannie,77,Undirected,1
259,273,Grannie,Heartfield,77,Undirected,1
259,268,Grannie,The Baby,78,Undirected,1
268,273,The Baby,Heartfield,78,Undirected,1
257,273,Lulu,Heartfield,78,Undirected,1
257,260,Lulu,Peewee,78,Undirected,1
256,273,Mann,Heartfield,78,Undirected,1
256,260,Mann,Peewee,78,Undirected,1
260,273,Peewee,Heartfield,78,Undirected,1
256,257,Mann,Lulu,78,Undirected,1
259,260,Grannie,Peewee,78,Undirected,1
257,268,Lulu,The Baby,78,Undirected,1
256,268,Mann,The Baby,78,Undirected,1
257,259,Lulu,Grannie,78,Undirected,1
260,268,Peewee,The Baby,78,Undirected,1
256,259,Mann,Grannie,78,Undirected,1
259,273,Grannie,Heartfield,78,Undirected,1
273,281,Heartfield,Ralph Heartfield,79,Undirected,1
260,281,Peewee,Ralph Heartfield,79,Undirected,1
256,268,Mann,The Baby,79,Undirected,1
259,273,Grannie,Heartfield,79,Undirected,1
259,279,Grannie,Mrs. Heartfield,79,Undirected,1
257,260,Lulu,Peewee,79,Undirected,1
268,281,The Baby,Ralph Heartfield,79,Undirected,1
257,281,Lulu,Ralph Heartfield,79,Undirected,1
259,260,Grannie,Peewee,79,Undirected,1
256,273,Mann,Heartfield,79,Undirected,1
256,279,Mann,Mrs. Heartfield,79,Undirected,1
279,281,Mrs. Heartfield,Ralph Heartfield,79,Undirected,1
260,268,Peewee,The Baby,79,Undirected,1
256,259,Mann,Grannie,79,Undirected,1
268,273,The Baby,Heartfield,79,Undirected,1
257,279,Lulu,Mrs. Heartfield,79,Undirected,1
268,279,The Baby,Mrs. Heartfield,79,Undirected,1
259,281,Grannie,Ralph Heartfield,79,Undirected,1
257,259,Lulu,Grannie,79,Undirected,1
257,268,Lulu,The Baby,79,Undirected,1
260,279,Peewee,Mrs. Heartfield,79,Undirected,1
260,273,Peewee,Heartfield,79,Undirected,1
256,257,Mann,Lulu,79,Undirected,1
273,279,Heartfield,Mrs. Heartfield,79,Undirected,1
259,268,Grannie,The Baby,79,Undirected,1
256,281,Mann,Ralph Heartfield,79,Undirected,1
257,273,Lulu,Heartfield,79,Undirected,1
256,260,Mann,Peewee,79,Undirected,1
259,279,Grannie,Mrs. Heartfield,80,Undirected,1
260,281,Peewee,Ralph Heartfield,80,Undirected,1
256,268,Mann,The Baby,80,Undirected,1
259,273,Grannie,Heartfield,80,Undirected,1
257,260,Lulu,Peewee,80,Undirected,1
279,281,Mrs. Heartfield,Ralph Heartfield,80,Undirected,1
257,281,Lulu,Ralph Heartfield,80,Undirected,1
268,281,The Baby,Ralph Heartfield,80,Undirected,1
259,260,Grannie,Peewee,80,Undirected,1
256,273,Mann,Heartfield,80,Undirected,1
256,279,Mann,Mrs. Heartfield,80,Undirected,1
260,268,Peewee,The Baby,80,Undirected,1
256,259,Mann,Grannie,80,Undirected,1
273,281,Heartfield,Ralph Heartfield,80,Undirected,1
268,273,The Baby,Heartfield,80,Undirected,1
268,279,The Baby,Mrs. Heartfield,80,Undirected,1
259,281,Grannie,Ralph Heartfield,80,Undirected,1
257,259,Lulu,Grannie,80,Undirected,1
260,273,Peewee,Heartfield,80,Undirected,1
260,279,Peewee,Mrs. Heartfield,80,Undirected,1
256,260,Mann,Peewee,80,Undirected,1
257,268,Lulu,The Baby,80,Undirected,1
273,279,Heartfield,Mrs. Heartfield,80,Undirected,1
259,268,Grannie,The Baby,80,Undirected,1
256,281,Mann,Ralph Heartfield,80,Undirected,1
257,273,Lulu,Heartfield,80,Undirected,1
257,279,Lulu,Mrs. Heartfield,80,Undirected,1
256,257,Mann,Lulu,80,Undirected,1
256,283,Mann,Barrett (Barrett's Pasture pg 81),81,Undirected,1
273,281,Heartfield,Ralph Heartfield,81,Undirected,1
260,281,Peewee,Ralph Heartfield,81,Undirected,1
256,268,Mann,The Baby,81,Undirected,1
279,281,Mrs. Heartfield,Ralph Heartfield,81,Undirected,1
259,279,Grannie,Mrs. Heartfield,81,Undirected,1
257,260,Lulu,Peewee,81,Undirected,1
256,279,Mann,Mrs. Heartfield,81,Undirected,1
257,281,Lulu,Ralph Heartfield,81,Undirected,1
268,281,The Baby,Ralph Heartfield,81,Undirected,1
259,260,Grannie,Peewee,81,Undirected,1
260,283,Peewee,Barrett (Barrett's Pasture pg 81),81,Undirected,1
256,273,Mann,Heartfield,81,Undirected,1
273,283,Heartfield,Barrett (Barrett's Pasture pg 81),81,Undirected,1
256,259,Mann,Grannie,81,Undirected,1
260,268,Peewee,The Baby,81,Undirected,1
268,279,The Baby,Mrs. Heartfield,81,Undirected,1
259,273,Grannie,Heartfield,81,Undirected,1
257,279,Lulu,Mrs. Heartfield,81,Undirected,1
268,273,The Baby,Heartfield,81,Undirected,1
259,281,Grannie,Ralph Heartfield,81,Undirected,1
257,259,Lulu,Grannie,81,Undirected,1
257,268,Lulu,The Baby,81,Undirected,1
260,273,Peewee,Heartfield,81,Undirected,1
256,260,Mann,Peewee,81,Undirected,1
256,257,Mann,Lulu,81,Undirected,1
257,283,Lulu,Barrett (Barrett's Pasture pg 81),81,Undirected,1
260,279,Peewee,Mrs. Heartfield,81,Undirected,1
273,279,Heartfield,Mrs. Heartfield,81,Undirected,1
259,268,Grannie,The Baby,81,Undirected,1
256,281,Mann,Ralph Heartfield,81,Undirected,1
279,283,Mrs. Heartfield,Barrett (Barrett's Pasture pg 81),81,Undirected,1
259,283,Grannie,Barrett (Barrett's Pasture pg 81),81,Undirected,1
281,283,Ralph Heartfield,Barrett (Barrett's Pasture pg 81),81,Undirected,1
257,273,Lulu,Heartfield,81,Undirected,1
268,283,The Baby,Barrett (Barrett's Pasture pg 81),81,Undirected,1
257,260,Lulu,Peewee,82,Undirected,1
259,268,Grannie,The Baby,82,Undirected,1
257,282,Lulu,Hospital employees (abstract),82,Undirected,1
256,282,Mann,Hospital employees (abstract),82,Undirected,1
268,282,The Baby,Hospital employees (abstract),82,Undirected,1
260,282,Peewee,Hospital employees (abstract),82,Undirected,1
256,257,Mann,Lulu,82,Undirected,1
259,282,Grannie,Hospital employees (abstract),82,Undirected,1
256,260,Mann,Peewee,82,Undirected,1
259,260,Grannie,Peewee,82,Undirected,1
257,268,Lulu,The Baby,82,Undirected,1
256,268,Mann,The Baby,82,Undirected,1
257,259,Lulu,Grannie,82,Undirected,1
260,268,Peewee,The Baby,82,Undirected,1
256,259,Mann,Grannie,82,Undirected,1
268,285,The Baby,Mac (Soldier on bannister 1),83,Undirected,1
256,268,Mann,The Baby,83,Undirected,1
256,286,Mann,Soldier on bannister 2,83,Undirected,1
257,10,Lulu,God,83,Undirected,1
259,282,Grannie,Hospital employees (abstract),83,Undirected,1
257,260,Lulu,Peewee,83,Undirected,1
259,285,Grannie,Mac (Soldier on bannister 1),83,Undirected,1
10,282,God,Hospital employees (abstract),83,Undirected,1
259,10,Grannie,God,83,Undirected,1
260,268,Peewee,The Baby,83,Undirected,1
257,285,Lulu,Mac (Soldier on bannister 1),83,Undirected,1
260,286,Peewee,Soldier on bannister 2,83,Undirected,1
259,260,Grannie,Peewee,83,Undirected,1
282,286,Hospital employees (abstract),Soldier on bannister 2,83,Undirected,1
256,282,Mann,Hospital employees (abstract),83,Undirected,1
256,285,Mann,Mac (Soldier on bannister 1),83,Undirected,1
10,285,God,Mac (Soldier on bannister 1),83,Undirected,1
256,259,Mann,Grannie,83,Undirected,1
259,286,Grannie,Soldier on bannister 2,83,Undirected,1
257,282,Lulu,Hospital employees (abstract),83,Undirected,1
268,282,The Baby,Hospital employees (abstract),83,Undirected,1
257,259,Lulu,Grannie,83,Undirected,1
257,268,Lulu,The Baby,83,Undirected,1
256,10,Mann,God,83,Undirected,1
257,286,Lulu,Soldier on bannister 2,83,Undirected,1
268,286,The Baby,Soldier on bannister 2,83,Undirected,1
256,257,Mann,Lulu,83,Undirected,1
260,282,Peewee,Hospital employees (abstract),83,Undirected,1
256,260,Mann,Peewee,83,Undirected,1
282,285,Hospital employees (abstract),Mac (Soldier on bannister 1),83,Undirected,1
259,268,Grannie,The Baby,83,Undirected,1
10,268,God,The Baby,83,Undirected,1
260,10,Peewee,God,83,Undirected,1
10,286,God,Soldier on bannister 2,83,Undirected,1
260,285,Peewee,Mac (Soldier on bannister 1),83,Undirected,1
285,286,Mac (Soldier on bannister 1),Soldier on bannister 2,83,Undirected,1
257,260,Lulu,Peewee,84,Undirected,1
279,285,Mrs. Heartfield,Mac (Soldier on bannister 1),84,Undirected,1
259,279,Grannie,Mrs. Heartfield,84,Undirected,1
256,286,Mann,Soldier on bannister 2,84,Undirected,1
256,268,Mann,The Baby,84,Undirected,1
273,281,Heartfield,Ralph Heartfield,84,Undirected,1
260,281,Peewee,Ralph Heartfield,84,Undirected,1
259,285,Grannie,Mac (Soldier on bannister 1),84,Undirected,1
259,273,Grannie,Heartfield,84,Undirected,1
281,285,Ralph Heartfield,Mac (Soldier on bannister 1),84,Undirected,1
256,279,Mann,Mrs. Heartfield,84,Undirected,1
257,281,Lulu,Ralph Heartfield,84,Undirected,1
268,281,The Baby,Ralph Heartfield,84,Undirected,1
260,286,Peewee,Soldier on bannister 2,84,Undirected,1
259,260,Grannie,Peewee,84,Undirected,1
273,286,Heartfield,Soldier on bannister 2,84,Undirected,1
256,273,Mann,Heartfield,84,Undirected,1
279,281,Mrs. Heartfield,Ralph Heartfield,84,Undirected,1
256,285,Mann,Mac (Soldier on bannister 1),84,Undirected,1
268,285,The Baby,Mac (Soldier on bannister 1),84,Undirected,1
260,268,Peewee,The Baby,84,Undirected,1
257,285,Lulu,Mac (Soldier on bannister 1),84,Undirected,1
257,259,Lulu,Grannie,84,Undirected,1
268,279,The Baby,Mrs. Heartfield,84,Undirected,1
256,259,Mann,Grannie,84,Undirected,1
259,281,Grannie,Ralph Heartfield,84,Undirected,1
257,268,Lulu,The Baby,84,Undirected,1
260,273,Peewee,Heartfield,84,Undirected,1
260,279,Peewee,Mrs. Heartfield,84,Undirected,1
257,286,Lulu,Soldier on bannister 2,84,Undirected,1
268,286,The Baby,Soldier on bannister 2,84,Undirected,1
256,257,Mann,Lulu,84,Undirected,1
273,279,Heartfield,Mrs. Heartfield,84,Undirected,1
260,285,Peewee,Mac (Soldier on bannister 1),84,Undirected,1
256,260,Mann,Peewee,84,Undirected,1
256,281,Mann,Ralph Heartfield,84,Undirected,1
273,285,Heartfield,Mac (Soldier on bannister 1),84,Undirected,1
279,286,Mrs. Heartfield,Soldier on bannister 2,84,Undirected,1
259,286,Grannie,Soldier on bannister 2,84,Undirected,1
281,286,Ralph Heartfield,Soldier on bannister 2,84,Undirected,1
285,286,Mac (Soldier on bannister 1),Soldier on bannister 2,84,Undirected,1
257,273,Lulu,Heartfield,84,Undirected,1
257,279,Lulu,Mrs. Heartfield,84,Undirected,1
259,268,Grannie,The Baby,84,Undirected,1
268,273,The Baby,Heartfield,84,Undirected,1
257,260,Lulu,Peewee,85,Undirected,1
256,286,Mann,Soldier on bannister 2,85,Undirected,1
288,285,Soldier in boat 2 (85),Mac (Soldier on bannister 1),85,Undirected,1
256,285,Mann,Mac (Soldier on bannister 1),85,Undirected,1
256,271,Mann,Red Cross,85,Undirected,1
268,285,The Baby,Mac (Soldier on bannister 1),85,Undirected,1
256,268,Mann,The Baby,85,Undirected,1
260,287,Peewee,Soldier in boat 1 (85),85,Undirected,1
257,285,Lulu,Mac (Soldier on bannister 1),85,Undirected,1
256,292,Mann,6 men who drowned (85),85,Undirected,1
271,287,Red Cross,Soldier in boat 1 (85),85,Undirected,1
259,285,Grannie,Mac (Soldier on bannister 1),85,Undirected,1
271,286,Red Cross,Soldier on bannister 2,85,Undirected,1
260,268,Peewee,The Baby,85,Undirected,1
286,287,Soldier on bannister 2,Soldier in boat 1 (85),85,Undirected,1
288,257,Soldier in boat 2 (85),Lulu,85,Undirected,1
260,271,Peewee,Red Cross,85,Undirected,1
288,260,Soldier in boat 2 (85),Peewee,85,Undirected,1
257,287,Lulu,Soldier in boat 1 (85),85,Undirected,1
259,260,Grannie,Peewee,85,Undirected,1
260,286,Peewee,Soldier on bannister 2,85,Undirected,1
268,287,The Baby,Soldier in boat 1 (85),85,Undirected,1
260,292,Peewee,6 men who drowned (85),85,Undirected,1
288,287,Soldier in boat 2 (85),Soldier in boat 1 (85),85,Undirected,1
256,259,Mann,Grannie,85,Undirected,1
292,285,6 men who drowned (85),Mac (Soldier on bannister 1),85,Undirected,1
285,286,Mac (Soldier on bannister 1),Soldier on bannister 2,85,Undirected,1
259,268,Grannie,The Baby,85,Undirected,1
292,286,6 men who drowned (85),Soldier on bannister 2,85,Undirected,1
259,292,Grannie,6 men who drowned (85),85,Undirected,1
256,288,Mann,Soldier in boat 2 (85),85,Undirected,1
259,287,Grannie,Soldier in boat 1 (85),85,Undirected,1
257,259,Lulu,Grannie,85,Undirected,1
292,287,6 men who drowned (85),Soldier in boat 1 (85),85,Undirected,1
257,268,Lulu,The Baby,85,Undirected,1
268,271,The Baby,Red Cross,85,Undirected,1
285,287,Mac (Soldier on bannister 1),Soldier in boat 1 (85),85,Undirected,1
288,259,Soldier in boat 2 (85),Grannie,85,Undirected,1
256,260,Mann,Peewee,85,Undirected,1
257,286,Lulu,Soldier on bannister 2,85,Undirected,1
268,286,The Baby,Soldier on bannister 2,85,Undirected,1
257,271,Lulu,Red Cross,85,Undirected,1
288,268,Soldier in boat 2 (85),The Baby,85,Undirected,1
259,286,Grannie,Soldier on bannister 2,85,Undirected,1
256,257,Mann,Lulu,85,Undirected,1
256,287,Mann,Soldier in boat 1 (85),85,Undirected,1
288,292,Soldier in boat 2 (85),6 men who drowned (85),85,Undirected,1
292,271,6 men who drowned (85),Red Cross,85,Undirected,1
259,271,Grannie,Red Cross,85,Undirected,1
288,286,Soldier in boat 2 (85),Soldier on bannister 2,85,Undirected,1
292,268,6 men who drowned (85),The Baby,85,Undirected,1
271,285,Red Cross,Mac (Soldier on bannister 1),85,Undirected,1
260,285,Peewee,Mac (Soldier on bannister 1),85,Undirected,1
257,292,Lulu,6 men who drowned (85),85,Undirected,1
288,271,Soldier in boat 2 (85),Red Cross,85,Undirected,1
289,286,Soldier at door (86),Soldier on bannister 2,86,Undirected,1
259,285,Grannie,Mac (Soldier on bannister 1),86,Undirected,1
256,289,Mann,Soldier at door (86),86,Undirected,1
257,10,Lulu,God,86,Undirected,1
288,10,Soldier in boat 2 (85),God,86,Undirected,1
256,286,Mann,Soldier on bannister 2,86,Undirected,1
256,268,Mann,The Baby,86,Undirected,1
289,271,Soldier at door (86),Red Cross,86,Undirected,1
256,271,Mann,Red Cross,86,Undirected,1
271,287,Red Cross,Soldier in boat 1 (85),86,Undirected,1
289,268,Soldier at door (86),The Baby,86,Undirected,1
260,287,Peewee,Soldier in boat 1 (85),86,Undirected,1
10,285,God,Mac (Soldier on bannister 1),86,Undirected,1
288,285,Soldier in boat 2 (85),Mac (Soldier on bannister 1),86,Undirected,1
260,268,Peewee,The Baby,86,Undirected,1
285,287,Mac (Soldier on bannister 1),Soldier in boat 1 (85),86,Undirected,1
288,257,Soldier in boat 2 (85),Lulu,86,Undirected,1
260,271,Peewee,Red Cross,86,Undirected,1
259,10,Grannie,God,86,Undirected,1
288,260,Soldier in boat 2 (85),Peewee,86,Undirected,1
260,286,Peewee,Soldier on bannister 2,86,Undirected,1
259,260,Grannie,Peewee,86,Undirected,1
257,287,Lulu,Soldier in boat 1 (85),86,Undirected,1
268,287,The Baby,Soldier in boat 1 (85),86,Undirected,1
259,257,Grannie,Lulu,86,Undirected,1
271,286,Red Cross,Soldier on bannister 2,86,Undirected,1
288,287,Soldier in boat 2 (85),Soldier in boat 1 (85),86,Undirected,1
289,288,Soldier at door (86),Soldier in boat 2 (85),86,Undirected,1
256,285,Mann,Mac (Soldier on bannister 1),86,Undirected,1
289,285,Soldier at door (86),Mac (Soldier on bannister 1),86,Undirected,1
286,287,Soldier on bannister 2,Soldier in boat 1 (85),86,Undirected,1
257,285,Lulu,Mac (Soldier on bannister 1),86,Undirected,1
268,285,The Baby,Mac (Soldier on bannister 1),86,Undirected,1
256,259,Mann,Grannie,86,Undirected,1
289,259,Soldier at door (86),Grannie,86,Undirected,1
259,287,Grannie,Soldier in boat 1 (85),86,Undirected,1
257,268,Lulu,The Baby,86,Undirected,1
10,287,God,Soldier in boat 1 (85),86,Undirected,1
257,271,Lulu,Red Cross,86,Undirected,1
268,271,The Baby,Red Cross,86,Undirected,1
256,10,Mann,God,86,Undirected,1
289,257,Soldier at door (86),Lulu,86,Undirected,1
289,10,Soldier at door (86),God,86,Undirected,1
288,259,Soldier in boat 2 (85),Grannie,86,Undirected,1
256,260,Mann,Peewee,86,Undirected,1
289,260,Soldier at door (86),Peewee,86,Undirected,1
257,286,Lulu,Soldier on bannister 2,86,Undirected,1
256,257,Mann,Lulu,86,Undirected,1
288,268,Soldier in boat 2 (85),The Baby,86,Undirected,1
256,288,Mann,Soldier in boat 2 (85),86,Undirected,1
288,271,Soldier in boat 2 (85),Red Cross,86,Undirected,1
268,286,The Baby,Soldier on bannister 2,86,Undirected,1
285,286,Mac (Soldier on bannister 1),Soldier on bannister 2,86,Undirected,1
10,286,God,Soldier on bannister 2,86,Undirected,1
10,271,God,Red Cross,86,Undirected,1
10,268,God,The Baby,86,Undirected,1
260,10,Peewee,God,86,Undirected,1
259,286,Grannie,Soldier on bannister 2,86,Undirected,1
260,257,Peewee,Lulu,86,Undirected,1
256,287,Mann,Soldier in boat 1 (85),86,Undirected,1
288,286,Soldier in boat 2 (85),Soldier on bannister 2,86,Undirected,1
259,271,Grannie,Red Cross,86,Undirected,1
259,268,Grannie,The Baby,86,Undirected,1
271,285,Red Cross,Mac (Soldier on bannister 1),86,Undirected,1
260,285,Peewee,Mac (Soldier on bannister 1),86,Undirected,1
289,287,Soldier at door (86),Soldier in boat 1 (85),86,Undirected,1
257,260,Lulu,Peewee,87,Undirected,1
290,260,White Nurse (87),Peewee,87,Undirected,1
259,291,Grannie,Doctor Burrows,87,Undirected,1
259,260,Grannie,Peewee,87,Undirected,1
260,268,Peewee,The Baby,87,Undirected,1
257,290,Lulu,White Nurse (87),87,Undirected,1
256,291,Mann,Doctor Burrows,87,Undirected,1
256,268,Mann,The Baby,87,Undirected,1
291,268,Doctor Burrows,The Baby,87,Undirected,1
290,291,White Nurse (87),Doctor Burrows,87,Undirected,1
259,268,Grannie,The Baby,87,Undirected,1
256,259,Mann,Grannie,87,Undirected,1
256,290,Mann,White Nurse (87),87,Undirected,1
291,260,Doctor Burrows,Peewee,87,Undirected,1
256,257,Mann,Lulu,87,Undirected,1
256,260,Mann,Peewee,87,Undirected,1
290,268,White Nurse (87),The Baby,87,Undirected,1
257,268,Lulu,The Baby,87,Undirected,1
290,259,White Nurse (87),Grannie,87,Undirected,1
257,259,Lulu,Grannie,87,Undirected,1
257,291,Lulu,Doctor Burrows,87,Undirected,1
256,268,Mann,The Baby,88,Undirected,1
256,295,Mann,Two white nurses rolling stretcher,88,Undirected,1
290,260,White Nurse (87),Peewee,88,Undirected,1
291,268,Doctor Burrows,The Baby,88,Undirected,1
295,260,Two white nurses rolling stretcher,Peewee,88,Undirected,1
290,294,White Nurse (87),assorted white nurses and doctors,88,Undirected,1
257,294,Lulu,assorted white nurses and doctors,88,Undirected,1
257,260,Lulu,Peewee,88,Undirected,1
260,268,Peewee,The Baby,88,Undirected,1
259,294,Grannie,assorted white nurses and doctors,88,Undirected,1
257,293,Lulu,Another white nurse (88),88,Undirected,1
290,293,White Nurse (87),Another white nurse (88),88,Undirected,1
259,260,Grannie,Peewee,88,Undirected,1
257,290,Lulu,White Nurse (87),88,Undirected,1
293,295,Another white nurse (88),Two white nurses rolling stretcher,88,Undirected,1
294,260,assorted white nurses and doctors,Peewee,88,Undirected,1
291,295,Doctor Burrows,Two white nurses rolling stretcher,88,Undirected,1
295,268,Two white nurses rolling stretcher,The Baby,88,Undirected,1
256,291,Mann,Doctor Burrows,88,Undirected,1
291,293,Doctor Burrows,Another white nurse (88),88,Undirected,1
293,268,Another white nurse (88),The Baby,88,Undirected,1
290,291,White Nurse (87),Doctor Burrows,88,Undirected,1
291,259,Doctor Burrows,Grannie,88,Undirected,1
256,259,Mann,Grannie,88,Undirected,1
256,294,Mann,assorted white nurses and doctors,88,Undirected,1
257,259,Lulu,Grannie,88,Undirected,1
257,268,Lulu,The Baby,88,Undirected,1
290,268,White Nurse (87),The Baby,88,Undirected,1
259,293,Grannie,Another white nurse (88),88,Undirected,1
256,260,Mann,Peewee,88,Undirected,1
256,257,Mann,Lulu,88,Undirected,1
290,295,White Nurse (87),Two white nurses rolling stretcher,88,Undirected,1
291,294,Doctor Burrows,assorted white nurses and doctors,88,Undirected,1
257,295,Lulu,Two white nurses rolling stretcher,88,Undirected,1
290,259,White Nurse (87),Grannie,88,Undirected,1
293,294,Another white nurse (88),assorted white nurses and doctors,88,Undirected,1
259,268,Grannie,The Baby,88,Undirected,1
259,295,Grannie,Two white nurses rolling stretcher,88,Undirected,1
293,260,Another white nurse (88),Peewee,88,Undirected,1
256,290,Mann,White Nurse (87),88,Undirected,1
294,295,assorted white nurses and doctors,Two white nurses rolling stretcher,88,Undirected,1
256,293,Mann,Another white nurse (88),88,Undirected,1
257,291,Lulu,Doctor Burrows,88,Undirected,1
294,268,assorted white nurses and doctors,The Baby,88,Undirected,1
291,260,Doctor Burrows,Peewee,88,Undirected,1
257,294,Lulu,assorted white nurses and doctors,89,Undirected,1
291,268,Doctor Burrows,The Baby,89,Undirected,1
260,293,Peewee,Another white nurse (88),89,Undirected,1
257,260,Lulu,Peewee,89,Undirected,1
259,291,Grannie,Doctor Burrows,89,Undirected,1
256,295,Mann,Two white nurses rolling stretcher,89,Undirected,1
259,294,Grannie,assorted white nurses and doctors,89,Undirected,1
294,291,assorted white nurses and doctors,Doctor Burrows,89,Undirected,1
293,295,Another white nurse (88),Two white nurses rolling stretcher,89,Undirected,1
293,268,Another white nurse (88),The Baby,89,Undirected,1
257,293,Lulu,Another white nurse (88),89,Undirected,1
259,260,Grannie,Peewee,89,Undirected,1
260,295,Peewee,Two white nurses rolling stretcher,89,Undirected,1
295,268,Two white nurses rolling stretcher,The Baby,89,Undirected,1
256,291,Mann,Doctor Burrows,89,Undirected,1
256,268,Mann,The Baby,89,Undirected,1
260,268,Peewee,The Baby,89,Undirected,1
257,291,Lulu,Doctor Burrows,89,Undirected,1
293,294,Another white nurse (88),assorted white nurses and doctors,89,Undirected,1
259,295,Grannie,Two white nurses rolling stretcher,89,Undirected,1
256,294,Mann,assorted white nurses and doctors,89,Undirected,1
257,259,Lulu,Grannie,89,Undirected,1
257,268,Lulu,The Baby,89,Undirected,1
256,259,Mann,Grannie,89,Undirected,1
256,260,Mann,Peewee,89,Undirected,1
256,257,Mann,Lulu,89,Undirected,1
260,291,Peewee,Doctor Burrows,89,Undirected,1
293,291,Another white nurse (88),Doctor Burrows,89,Undirected,1
259,293,Grannie,Another white nurse (88),89,Undirected,1
259,268,Grannie,The Baby,89,Undirected,1
260,294,Peewee,assorted white nurses and doctors,89,Undirected,1
294,268,assorted white nurses and doctors,The Baby,89,Undirected,1
256,293,Mann,Another white nurse (88),89,Undirected,1
295,291,Two white nurses rolling stretcher,Doctor Burrows,89,Undirected,1
294,295,assorted white nurses and doctors,Two white nurses rolling stretcher,89,Undirected,1
257,295,Lulu,Two white nurses rolling stretcher,89,Undirected,1
257,297,Lulu,Soldier who stops Mann ( 90),90,Undirected,1
257,10,Lulu,God,90,Undirected,1
257,260,Lulu,Peewee,90,Undirected,1
259,297,Grannie,Soldier who stops Mann ( 90),90,Undirected,1
259,260,Grannie,Peewee,90,Undirected,1
259,10,Grannie,God,90,Undirected,1
297,268,Soldier who stops Mann ( 90),The Baby,90,Undirected,1
297,10,Soldier who stops Mann ( 90),God,90,Undirected,1
260,268,Peewee,The Baby,90,Undirected,1
256,268,Mann,The Baby,90,Undirected,1
256,259,Mann,Grannie,90,Undirected,1
260,10,Peewee,God,90,Undirected,1
256,297,Mann,Soldier who stops Mann ( 90),90,Undirected,1
257,268,Lulu,The Baby,90,Undirected,1
256,10,Mann,God,90,Undirected,1
256,260,Mann,Peewee,90,Undirected,1
257,259,Lulu,Grannie,90,Undirected,1
259,268,Grannie,The Baby,90,Undirected,1
260,297,Peewee,Soldier who stops Mann ( 90),90,Undirected,1
10,268,God,The Baby,90,Undirected,1
256,257,Mann,Lulu,90,Undirected,1
260,268,Peewee,The Baby,91,Undirected,1
256,268,Mann,The Baby,91,Undirected,1
257,297,Lulu,Soldier who stops Mann ( 90),91,Undirected,1
259,279,Grannie,Mrs. Heartfield,91,Undirected,1
259,276,Grannie,Black People working on the levee,91,Undirected,1
257,260,Lulu,Peewee,91,Undirected,1
256,298,Mann,Colonel Davis,91,Undirected,1
297,281,Soldier who stops Mann ( 90),Ralph Heartfield,91,Undirected,1
259,297,Grannie,Soldier who stops Mann ( 90),91,Undirected,1
257,281,Lulu,Ralph Heartfield,91,Undirected,1
260,298,Peewee,Colonel Davis,91,Undirected,1
259,260,Grannie,Peewee,91,Undirected,1
298,279,Colonel Davis,Mrs. Heartfield,91,Undirected,1
276,279,Black People working on the levee,Mrs. Heartfield,91,Undirected,1
260,281,Peewee,Ralph Heartfield,91,Undirected,1
256,279,Mann,Mrs. Heartfield,91,Undirected,1
298,276,Colonel Davis,Black People working on the levee,91,Undirected,1
256,276,Mann,Black People working on the levee,91,Undirected,1
279,281,Mrs. Heartfield,Ralph Heartfield,91,Undirected,1
297,268,Soldier who stops Mann ( 90),The Baby,91,Undirected,1
268,281,The Baby,Ralph Heartfield,91,Undirected,1
256,259,Mann,Grannie,91,Undirected,1
298,268,Colonel Davis,The Baby,91,Undirected,1
260,279,Peewee,Mrs. Heartfield,91,Undirected,1
259,281,Grannie,Ralph Heartfield,91,Undirected,1
257,259,Lulu,Grannie,91,Undirected,1
256,297,Mann,Soldier who stops Mann ( 90),91,Undirected,1
257,268,Lulu,The Baby,91,Undirected,1
257,276,Lulu,Black People working on the levee,91,Undirected,1
256,260,Mann,Peewee,91,Undirected,1
297,298,Soldier who stops Mann ( 90),Colonel Davis,91,Undirected,1
260,276,Peewee,Black People working on the levee,91,Undirected,1
257,298,Lulu,Colonel Davis,91,Undirected,1
298,281,Colonel Davis,Ralph Heartfield,91,Undirected,1
256,257,Mann,Lulu,91,Undirected,1
259,268,Grannie,The Baby,91,Undirected,1
256,281,Mann,Ralph Heartfield,91,Undirected,1
260,297,Peewee,Soldier who stops Mann ( 90),91,Undirected,1
297,279,Soldier who stops Mann ( 90),Mrs. Heartfield,91,Undirected,1
259,298,Grannie,Colonel Davis,91,Undirected,1
297,276,Soldier who stops Mann ( 90),Black People working on the levee,91,Undirected,1
268,276,The Baby,Black People working on the levee,91,Undirected,1
257,279,Lulu,Mrs. Heartfield,91,Undirected,1
268,279,The Baby,Mrs. Heartfield,91,Undirected,1
276,281,Black People working on the levee,Ralph Heartfield,91,Undirected,1
257,260,Lulu,Peewee,92,Undirected,1
256,268,Mann,The Baby,92,Undirected,1
257,297,Lulu,Soldier who stops Mann ( 90),92,Undirected,1
259,276,Grannie,Black People working on the levee,92,Undirected,1
256,298,Mann,Colonel Davis,92,Undirected,1
298,268,Colonel Davis,The Baby,92,Undirected,1
259,260,Grannie,Peewee,92,Undirected,1
260,298,Peewee,Colonel Davis,92,Undirected,1
298,276,Colonel Davis,Black People working on the levee,92,Undirected,1
256,276,Mann,Black People working on the levee,92,Undirected,1
297,268,Soldier who stops Mann ( 90),The Baby,92,Undirected,1
259,297,Grannie,Soldier who stops Mann ( 90),92,Undirected,1
256,259,Mann,Grannie,92,Undirected,1
260,268,Peewee,The Baby,92,Undirected,1
268,276,The Baby,Black People working on the levee,92,Undirected,1
257,276,Lulu,Black People working on the levee,92,Undirected,1
257,259,Lulu,Grannie,92,Undirected,1
256,297,Mann,Soldier who stops Mann ( 90),92,Undirected,1
257,268,Lulu,The Baby,92,Undirected,1
297,298,Soldier who stops Mann ( 90),Colonel Davis,92,Undirected,1
260,276,Peewee,Black People working on the levee,92,Undirected,1
256,260,Mann,Peewee,92,Undirected,1
257,298,Lulu,Colonel Davis,92,Undirected,1
259,268,Grannie,The Baby,92,Undirected,1
260,297,Peewee,Soldier who stops Mann ( 90),92,Undirected,1
259,298,Grannie,Colonel Davis,92,Undirected,1
297,276,Soldier who stops Mann ( 90),Black People working on the levee,92,Undirected,1
256,257,Mann,Lulu,92,Undirected,1
256,268,Mann,The Baby,93,Undirected,1
300,268,Soldier on other end of telephone (93),The Baby,93,Undirected,1
257,300,Lulu,Soldier on other end of telephone (93),93,Undirected,1
256,271,Mann,Red Cross,93,Undirected,1
257,297,Lulu,Soldier who stops Mann ( 90),93,Undirected,1
260,299,Peewee,Jack (Soldier at desk),93,Undirected,1
300,271,Soldier on other end of telephone (93),Red Cross,93,Undirected,1
259,260,Grannie,Peewee,93,Undirected,1
260,268,Peewee,The Baby,93,Undirected,1
259,300,Grannie,Soldier on other end of telephone (93),93,Undirected,1
260,271,Peewee,Red Cross,93,Undirected,1
297,299,Soldier who stops Mann ( 90),Jack (Soldier at desk),93,Undirected,1
299,300,Jack (Soldier at desk),Soldier on other end of telephone (93),93,Undirected,1
257,299,Lulu,Jack (Soldier at desk),93,Undirected,1
297,268,Soldier who stops Mann ( 90),The Baby,93,Undirected,1
259,297,Grannie,Soldier who stops Mann ( 90),93,Undirected,1
256,259,Mann,Grannie,93,Undirected,1
257,260,Lulu,Peewee,93,Undirected,1
256,299,Mann,Jack (Soldier at desk),93,Undirected,1
256,300,Mann,Soldier on other end of telephone (93),93,Undirected,1
257,259,Lulu,Grannie,93,Undirected,1
297,271,Soldier who stops Mann ( 90),Red Cross,93,Undirected,1
256,297,Mann,Soldier who stops Mann ( 90),93,Undirected,1
297,300,Soldier who stops Mann ( 90),Soldier on other end of telephone (93),93,Undirected,1
257,268,Lulu,The Baby,93,Undirected,1
299,271,Jack (Soldier at desk),Red Cross,93,Undirected,1
259,299,Grannie,Jack (Soldier at desk),93,Undirected,1
299,268,Jack (Soldier at desk),The Baby,93,Undirected,1
268,271,The Baby,Red Cross,93,Undirected,1
256,260,Mann,Peewee,93,Undirected,1
256,257,Mann,Lulu,93,Undirected,1
259,268,Grannie,The Baby,93,Undirected,1
260,300,Peewee,Soldier on other end of telephone (93),93,Undirected,1
260,297,Peewee,Soldier who stops Mann ( 90),93,Undirected,1
259,271,Grannie,Red Cross,93,Undirected,1
257,271,Lulu,Red Cross,93,Undirected,1
257,260,Lulu,Peewee,94,Undirected,1
256,257,Mann,Lulu,94,Undirected,1
257,299,Lulu,Jack (Soldier at desk),94,Undirected,1
256,260,Mann,Peewee,94,Undirected,1
256,299,Mann,Jack (Soldier at desk),94,Undirected,1
261,299,Bob Cobb,Jack (Soldier at desk),94,Undirected,1
260,299,Peewee,Jack (Soldier at desk),94,Undirected,1
259,260,Grannie,Peewee,94,Undirected,1
259,299,Grannie,Jack (Soldier at desk),94,Undirected,1
256,261,Mann,Bob Cobb,94,Undirected,1
260,261,Peewee,Bob Cobb,94,Undirected,1
259,261,Grannie,Bob Cobb,94,Undirected,1
257,259,Lulu,Grannie,94,Undirected,1
256,259,Mann,Grannie,94,Undirected,1
257,261,Lulu,Bob Cobb,94,Undirected,1
257,297,Lulu,Soldier who stops Mann ( 90),95,Undirected,1
301,273,Jim (soldier in boat 3) (95),Heartfield,95,Undirected,1
260,299,Peewee,Jack (Soldier at desk),95,Undirected,1
260,302,Peewee,soldier in boat 4 (95),95,Undirected,1
257,260,Lulu,Peewee,95,Undirected,1
256,301,Mann,Jim (soldier in boat 3) (95),95,Undirected,1
297,302,Soldier who stops Mann ( 90),soldier in boat 4 (95),95,Undirected,1
299,302,Jack (Soldier at desk),soldier in boat 4 (95),95,Undirected,1
256,273,Mann,Heartfield,95,Undirected,1
257,299,Lulu,Jack (Soldier at desk),95,Undirected,1
260,301,Peewee,Jim (soldier in boat 3) (95),95,Undirected,1
302,273,soldier in boat 4 (95),Heartfield,95,Undirected,1
297,299,Soldier who stops Mann ( 90),Jack (Soldier at desk),95,Undirected,1
257,302,Lulu,soldier in boat 4 (95),95,Undirected,1
256,302,Mann,soldier in boat 4 (95),95,Undirected,1
299,273,Jack (Soldier at desk),Heartfield,95,Undirected,1
257,273,Lulu,Heartfield,95,Undirected,1
256,297,Mann,Soldier who stops Mann ( 90),95,Undirected,1
301,302,Jim (soldier in boat 3) (95),soldier in boat 4 (95),95,Undirected,1
256,260,Mann,Peewee,95,Undirected,1
256,257,Mann,Lulu,95,Undirected,1
260,273,Peewee,Heartfield,95,Undirected,1
299,301,Jack (Soldier at desk),Jim (soldier in boat 3) (95),95,Undirected,1
257,301,Lulu,Jim (soldier in boat 3) (95),95,Undirected,1
260,297,Peewee,Soldier who stops Mann ( 90),95,Undirected,1
297,273,Soldier who stops Mann ( 90),Heartfield,95,Undirected,1
256,299,Mann,Jack (Soldier at desk),95,Undirected,1
297,301,Soldier who stops Mann ( 90),Jim (soldier in boat 3) (95),95,Undirected,1
258,301,Brinkley,Jim (soldier in boat 3) (95),96,Undirected,1
256,301,Mann,Jim (soldier in boat 3) (95),96,Undirected,1
256,276,Mann,Black People working on the levee,96,Undirected,1
258,304,Brinkley,Officer stepping out from cement plant (96),96,Undirected,1
301,304,Jim (soldier in boat 3) (95),Officer stepping out from cement plant (96),96,Undirected,1
256,302,Mann,soldier in boat 4 (95),96,Undirected,1
304,276,Officer stepping out from cement plant (96),Black People working on the levee,96,Undirected,1
256,258,Mann,Brinkley,96,Undirected,1
301,276,Jim (soldier in boat 3) (95),Black People working on the levee,96,Undirected,1
302,276,soldier in boat 4 (95),Black People working on the levee,96,Undirected,1
258,302,Brinkley,soldier in boat 4 (95),96,Undirected,1
301,302,Jim (soldier in boat 3) (95),soldier in boat 4 (95),96,Undirected,1
302,304,soldier in boat 4 (95),Officer stepping out from cement plant (96),96,Undirected,1
256,304,Mann,Officer stepping out from cement plant (96),96,Undirected,1
258,276,Brinkley,Black People working on the levee,96,Undirected,1
258,301,Brinkley,Jim (soldier in boat 3) (95),97,Undirected,1
256,276,Mann,Black People working on the levee,97,Undirected,1
256,302,Mann,soldier in boat 4 (95),97,Undirected,1
258,276,Brinkley,Black People working on the levee,97,Undirected,1
256,301,Mann,Jim (soldier in boat 3) (95),97,Undirected,1
302,276,soldier in boat 4 (95),Black People working on the levee,97,Undirected,1
258,302,Brinkley,soldier in boat 4 (95),97,Undirected,1
301,302,Jim (soldier in boat 3) (95),soldier in boat 4 (95),97,Undirected,1
256,258,Mann,Brinkley,97,Undirected,1
301,276,Jim (soldier in boat 3) (95),Black People working on the levee,97,Undirected,1
305,306,Officer bawling (98),General,98,Undirected,1
302,276,soldier in boat 4 (95),Black People working on the levee,98,Undirected,1
258,301,Brinkley,Jim (soldier in boat 3) (95),98,Undirected,1
305,276,Officer bawling (98),Black People working on the levee,98,Undirected,1
301,306,Jim (soldier in boat 3) (95),General,98,Undirected,1
256,301,Mann,Jim (soldier in boat 3) (95),98,Undirected,1
301,276,Jim (soldier in boat 3) (95),Black People working on the levee,98,Undirected,1
258,302,Brinkley,soldier in boat 4 (95),98,Undirected,1
258,305,Brinkley,Officer bawling (98),98,Undirected,1
256,276,Mann,Black People working on the levee,98,Undirected,1
256,258,Mann,Brinkley,98,Undirected,1
256,302,Mann,soldier in boat 4 (95),98,Undirected,1
256,305,Mann,Officer bawling (98),98,Undirected,1
258,306,Brinkley,General,98,Undirected,1
306,276,General,Black People working on the levee,98,Undirected,1
302,306,soldier in boat 4 (95),General,98,Undirected,1
258,276,Brinkley,Black People working on the levee,98,Undirected,1
301,302,Jim (soldier in boat 3) (95),soldier in boat 4 (95),98,Undirected,1
256,306,Mann,General,98,Undirected,1
301,305,Jim (soldier in boat 3) (95),Officer bawling (98),98,Undirected,1
302,305,soldier in boat 4 (95),Officer bawling (98),98,Undirected,1
305,306,Officer bawling (98),General,99,Undirected,1
256,305,Mann,Officer bawling (98),99,Undirected,1
256,309,Mann,Mr. Bridges,99,Undirected,1
306,309,General,Mr. Bridges,99,Undirected,1
256,306,Mann,General,99,Undirected,1
256,258,Mann,Brinkley,99,Undirected,1
258,309,Brinkley,Mr. Bridges,99,Undirected,1
258,306,Brinkley,General,99,Undirected,1
305,309,Officer bawling (98),Mr. Bridges,99,Undirected,1
258,305,Brinkley,Officer bawling (98),99,Undirected,1
298,311,Colonel Davis,Hospital crowds (100),100,Undirected,1
298,310,Colonel Davis,Long line of soldiers (100),100,Undirected,1
289,311,Soldier at door (86),Hospital crowds (100),100,Undirected,1
256,311,Mann,Hospital crowds (100),100,Undirected,1
289,298,Soldier at door (86),Colonel Davis,100,Undirected,1
256,298,Mann,Colonel Davis,100,Undirected,1
258,310,Brinkley,Long line of soldiers (100),100,Undirected,1
256,258,Mann,Brinkley,100,Undirected,1
258,311,Brinkley,Hospital crowds (100),100,Undirected,1
310,311,Long line of soldiers (100),Hospital crowds (100),100,Undirected,1
258,298,Brinkley,Colonel Davis,100,Undirected,1
289,258,Soldier at door (86),Brinkley,100,Undirected,1
256,289,Mann,Soldier at door (86),100,Undirected,1
289,310,Soldier at door (86),Long line of soldiers (100),100,Undirected,1
256,310,Mann,Long line of soldiers (100),100,Undirected,1
257,298,Lulu,Colonel Davis,101,Undirected,1
256,298,Mann,Colonel Davis,101,Undirected,1
257,273,Lulu,Heartfield,101,Undirected,1
289,273,Soldier at door (86),Heartfield,101,Undirected,1
256,257,Mann,Lulu,101,Undirected,1
256,273,Mann,Heartfield,101,Undirected,1
256,289,Mann,Soldier at door (86),101,Undirected,1
289,298,Soldier at door (86),Colonel Davis,101,Undirected,1
257,312,Lulu,Soldier talking to colonel (101),101,Undirected,1
289,257,Soldier at door (86),Lulu,101,Undirected,1
273,312,Heartfield,Soldier talking to colonel (101),101,Undirected,1
289,312,Soldier at door (86),Soldier talking to colonel (101),101,Undirected,1
256,312,Mann,Soldier talking to colonel (101),101,Undirected,1
298,273,Colonel Davis,Heartfield,101,Undirected,1
298,312,Colonel Davis,Soldier talking to colonel (101),101,Undirected,1
256,298,Mann,Colonel Davis,102,Undirected,1
256,308,Mann,White soldier with flashlight (102),102,Undirected,1
298,308,Colonel Davis,White soldier with flashlight (102),102,Undirected,1
313,298,Another soldier (102),Colonel Davis,102,Undirected,1
313,308,Another soldier (102),White soldier with flashlight (102),102,Undirected,1
256,313,Mann,Another soldier (102),102,Undirected,1
298,307,Colonel Davis,eleven people on the roof (103),103,Undirected,1
307,313,eleven people on the roof (103),Another soldier (102),103,Undirected,1
256,307,Mann,eleven people on the roof (103),103,Undirected,1
307,316,eleven people on the roof (103),Another soldier (104),103,Undirected,1
298,313,Colonel Davis,Another soldier (102),103,Undirected,1
256,313,Mann,Another soldier (102),103,Undirected,1
258,313,Brinkley,Another soldier (102),103,Undirected,1
256,258,Mann,Brinkley,103,Undirected,1
256,316,Mann,Another soldier (104),103,Undirected,1
258,298,Brinkley,Colonel Davis,103,Undirected,1
258,307,Brinkley,eleven people on the roof (103),103,Undirected,1
256,298,Mann,Colonel Davis,103,Undirected,1
298,316,Colonel Davis,Another soldier (104),103,Undirected,1
257,315,Lulu,Another soldier (103),103,Undirected,1
257,313,Lulu,Another soldier (102),103,Undirected,1
257,258,Lulu,Brinkley,103,Undirected,1
257,316,Lulu,Another soldier (104),103,Undirected,1
258,316,Brinkley,Another soldier (104),103,Undirected,1
307,315,eleven people on the roof (103),Another soldier (103),103,Undirected,1
315,316,Another soldier (103),Another soldier (104),103,Undirected,1
298,315,Colonel Davis,Another soldier (103),103,Undirected,1
256,315,Mann,Another soldier (103),103,Undirected,1
313,316,Another soldier (102),Another soldier (104),103,Undirected,1
257,298,Lulu,Colonel Davis,103,Undirected,1
257,307,Lulu,eleven people on the roof (103),103,Undirected,1
258,315,Brinkley,Another soldier (103),103,Undirected,1
313,315,Another soldier (102),Another soldier (103),103,Undirected,1
256,257,Mann,Lulu,103,Undirected,1
256,313,Mann,Another soldier (102),104,Undirected,1
281,316,Ralph Heartfield,Another soldier (104),104,Undirected,1
298,280,Colonel Davis,Heartfield's daughter,104,Undirected,1
256,280,Mann,Heartfield's daughter,104,Undirected,1
281,279,Ralph Heartfield,Mrs. Heartfield,104,Undirected,1
257,315,Lulu,Another soldier (103),104,Undirected,1
256,298,Mann,Colonel Davis,104,Undirected,1
298,313,Colonel Davis,Another soldier (102),104,Undirected,1
257,281,Lulu,Ralph Heartfield,104,Undirected,1
258,280,Brinkley,Heartfield's daughter,104,Undirected,1
258,298,Brinkley,Colonel Davis,104,Undirected,1
298,316,Colonel Davis,Another soldier (104),104,Undirected,1
256,316,Mann,Another soldier (104),104,Undirected,1
281,315,Ralph Heartfield,Another soldier (103),104,Undirected,1
279,315,Mrs. Heartfield,Another soldier (103),104,Undirected,1
298,279,Colonel Davis,Mrs. Heartfield,104,Undirected,1
256,279,Mann,Mrs. Heartfield,104,Undirected,1
258,313,Brinkley,Another soldier (102),104,Undirected,1
280,313,Heartfield's daughter,Another soldier (102),104,Undirected,1
279,316,Mrs. Heartfield,Another soldier (104),104,Undirected,1
256,258,Mann,Brinkley,104,Undirected,1
281,313,Ralph Heartfield,Another soldier (102),104,Undirected,1
257,316,Lulu,Another soldier (104),104,Undirected,1
279,313,Mrs. Heartfield,Another soldier (102),104,Undirected,1
258,281,Brinkley,Ralph Heartfield,104,Undirected,1
258,316,Brinkley,Another soldier (104),104,Undirected,1
280,316,Heartfield's daughter,Another soldier (104),104,Undirected,1
313,316,Another soldier (102),Another soldier (104),104,Undirected,1
315,316,Another soldier (103),Another soldier (104),104,Undirected,1
258,279,Brinkley,Mrs. Heartfield,104,Undirected,1
298,315,Colonel Davis,Another soldier (103),104,Undirected,1
256,315,Mann,Another soldier (103),104,Undirected,1
256,257,Mann,Lulu,104,Undirected,1
257,298,Lulu,Colonel Davis,104,Undirected,1
257,280,Lulu,Heartfield's daughter,104,Undirected,1
279,280,Mrs. Heartfield,Heartfield's daughter,104,Undirected,1
257,279,Lulu,Mrs. Heartfield,104,Undirected,1
281,298,Ralph Heartfield,Colonel Davis,104,Undirected,1
256,281,Mann,Ralph Heartfield,104,Undirected,1
280,315,Heartfield's daughter,Another soldier (103),104,Undirected,1
313,315,Another soldier (102),Another soldier (103),104,Undirected,1
281,280,Ralph Heartfield,Heartfield's daughter,104,Undirected,1
257,313,Lulu,Another soldier (102),104,Undirected,1
258,315,Brinkley,Another soldier (103),104,Undirected,1
257,258,Lulu,Brinkley,104,Undirected,1
280,281,Heartfield's daughter,Ralph Heartfield,105,Undirected,1
273,280,Heartfield,Heartfield's daughter,105,Undirected,1
258,281,Brinkley,Ralph Heartfield,105,Undirected,1
279,281,Mrs. Heartfield,Ralph Heartfield,105,Undirected,1
256,279,Mann,Mrs. Heartfield,105,Undirected,1
256,273,Mann,Heartfield,105,Undirected,1
256,280,Mann,Heartfield's daughter,105,Undirected,1
273,279,Heartfield,Mrs. Heartfield,105,Undirected,1
258,273,Brinkley,Heartfield,105,Undirected,1
256,258,Mann,Brinkley,105,Undirected,1
258,280,Brinkley,Heartfield's daughter,105,Undirected,1
279,280,Mrs. Heartfield,Heartfield's daughter,105,Undirected,1
273,281,Heartfield,Ralph Heartfield,105,Undirected,1
256,281,Mann,Ralph Heartfield,105,Undirected,1
258,279,Brinkley,Mrs. Heartfield,105,Undirected,1
256,280,Mann,Heartfield's daughter,106,Undirected,1
10,273,God,Heartfield,106,Undirected,1
10,279,God,Mrs. Heartfield,106,Undirected,1
258,280,Brinkley,Heartfield's daughter,106,Undirected,1
256,273,Mann,Heartfield,106,Undirected,1
273,280,Heartfield,Heartfield's daughter,106,Undirected,1
256,279,Mann,Mrs. Heartfield,106,Undirected,1
279,281,Mrs. Heartfield,Ralph Heartfield,106,Undirected,1
256,258,Mann,Brinkley,106,Undirected,1
280,281,Heartfield's daughter,Ralph Heartfield,106,Undirected,1
273,281,Heartfield,Ralph Heartfield,106,Undirected,1
10,280,God,Heartfield's daughter,106,Undirected,1
258,10,Brinkley,God,106,Undirected,1
279,280,Mrs. Heartfield,Heartfield's daughter,106,Undirected,1
256,281,Mann,Ralph Heartfield,106,Undirected,1
273,279,Heartfield,Mrs. Heartfield,106,Undirected,1
256,10,Mann,God,106,Undirected,1
258,279,Brinkley,Mrs. Heartfield,106,Undirected,1
258,273,Brinkley,Heartfield,106,Undirected,1
10,281,God,Ralph Heartfield,106,Undirected,1
258,281,Brinkley,Ralph Heartfield,106,Undirected,1
10,273,God,Heartfield,107,Undirected,1
10,279,God,Mrs. Heartfield,107,Undirected,1
258,280,Brinkley,Heartfield's daughter,107,Undirected,1
279,281,Mrs. Heartfield,Ralph Heartfield,107,Undirected,1
256,280,Mann,Heartfield's daughter,107,Undirected,1
273,280,Heartfield,Heartfield's daughter,107,Undirected,1
256,273,Mann,Heartfield,107,Undirected,1
256,279,Mann,Mrs. Heartfield,107,Undirected,1
256,258,Mann,Brinkley,107,Undirected,1
273,281,Heartfield,Ralph Heartfield,107,Undirected,1
273,279,Heartfield,Mrs. Heartfield,107,Undirected,1
258,281,Brinkley,Ralph Heartfield,107,Undirected,1
10,281,God,Ralph Heartfield,107,Undirected,1
258,273,Brinkley,Heartfield,107,Undirected,1
258,279,Brinkley,Mrs. Heartfield,107,Undirected,1
256,10,Mann,God,107,Undirected,1
280,281,Heartfield's daughter,Ralph Heartfield,107,Undirected,1
279,280,Mrs. Heartfield,Heartfield's daughter,107,Undirected,1
258,10,Brinkley,God,107,Undirected,1
10,280,God,Heartfield's daughter,107,Undirected,1
256,281,Mann,Ralph Heartfield,107,Undirected,1
258,279,Brinkley,Mrs. Heartfield,108,Undirected,1
256,279,Mann,Mrs. Heartfield,108,Undirected,1
256,258,Mann,Brinkley,108,Undirected,1
256,258,Mann,Brinkley,109,Undirected,1
256,279,Mann,Mrs. Heartfield,110,Undirected,1
280,281,Heartfield's daughter,Ralph Heartfield,110,Undirected,1
279,281,Mrs. Heartfield,Ralph Heartfield,110,Undirected,1
273,279,Heartfield,Mrs. Heartfield,110,Undirected,1
256,273,Mann,Heartfield,110,Undirected,1
273,281,Heartfield,Ralph Heartfield,110,Undirected,1
256,280,Mann,Heartfield's daughter,110,Undirected,1
279,280,Mrs. Heartfield,Heartfield's daughter,110,Undirected,1
256,281,Mann,Ralph Heartfield,110,Undirected,1
273,280,Heartfield,Heartfield's daughter,110,Undirected,1
256,273,Mann,Heartfield,111,Undirected,1
280,281,Heartfield's daughter,Ralph Heartfield,111,Undirected,1
258,281,Brinkley,Ralph Heartfield,111,Undirected,1
279,281,Mrs. Heartfield,Ralph Heartfield,111,Undirected,1
273,279,Heartfield,Mrs. Heartfield,111,Undirected,1
256,279,Mann,Mrs. Heartfield,111,Undirected,1
273,280,Heartfield,Heartfield's daughter,111,Undirected,1
256,280,Mann,Heartfield's daughter,111,Undirected,1
258,279,Brinkley,Mrs. Heartfield,111,Undirected,1
258,273,Brinkley,Heartfield,111,Undirected,1
256,258,Mann,Brinkley,111,Undirected,1
258,280,Brinkley,Heartfield's daughter,111,Undirected,1
279,280,Mrs. Heartfield,Heartfield's daughter,111,Undirected,1
273,281,Heartfield,Ralph Heartfield,111,Undirected,1
256,281,Mann,Ralph Heartfield,111,Undirected,1
280,281,Heartfield's daughter,Ralph Heartfield,112,Undirected,1
258,281,Brinkley,Ralph Heartfield,112,Undirected,1
279,281,Mrs. Heartfield,Ralph Heartfield,112,Undirected,1
273,279,Heartfield,Mrs. Heartfield,112,Undirected,1
256,279,Mann,Mrs. Heartfield,112,Undirected,1
256,273,Mann,Heartfield,112,Undirected,1
256,280,Mann,Heartfield's daughter,112,Undirected,1
273,280,Heartfield,Heartfield's daughter,112,Undirected,1
258,273,Brinkley,Heartfield,112,Undirected,1
256,258,Mann,Brinkley,112,Undirected,1
258,280,Brinkley,Heartfield's daughter,112,Undirected,1
279,280,Mrs. Heartfield,Heartfield's daughter,112,Undirected,1
273,281,Heartfield,Ralph Heartfield,112,Undirected,1
256,281,Mann,Ralph Heartfield,112,Undirected,1
258,279,Brinkley,Mrs. Heartfield,112,Undirected,1
256,280,Mann,Heartfield's daughter,113,Undirected,1
258,317,Brinkley,soldiers on the grass (113),113,Undirected,1
279,281,Mrs. Heartfield,Ralph Heartfield,113,Undirected,1
273,317,Heartfield,soldiers on the grass (113),113,Undirected,1
256,273,Mann,Heartfield,113,Undirected,1
256,258,Mann,Brinkley,113,Undirected,1
273,280,Heartfield,Heartfield's daughter,113,Undirected,1
256,279,Mann,Mrs. Heartfield,113,Undirected,1
258,280,Brinkley,Heartfield's daughter,113,Undirected,1
273,281,Heartfield,Ralph Heartfield,113,Undirected,1
280,317,Heartfield's daughter,soldiers on the grass (113),113,Undirected,1
258,281,Brinkley,Ralph Heartfield,113,Undirected,1
258,273,Brinkley,Heartfield,113,Undirected,1
258,279,Brinkley,Mrs. Heartfield,113,Undirected,1
279,317,Mrs. Heartfield,soldiers on the grass (113),113,Undirected,1
281,317,Ralph Heartfield,soldiers on the grass (113),113,Undirected,1
280,281,Heartfield's daughter,Ralph Heartfield,113,Undirected,1
256,281,Mann,Ralph Heartfield,113,Undirected,1
279,280,Mrs. Heartfield,Heartfield's daughter,113,Undirected,1
256,317,Mann,soldiers on the grass (113),113,Undirected,1
273,279,Heartfield,Mrs. Heartfield,113,Undirected,1
256,280,Mann,Heartfield's daughter,114,Undirected,1
318,319,soldier with blanket (114),Soldier saying halt (114),114,Undirected,1
258,280,Brinkley,Heartfield's daughter,114,Undirected,1
256,319,Mann,Soldier saying halt (114),114,Undirected,1
256,258,Mann,Brinkley,114,Undirected,1
281,318,Ralph Heartfield,soldier with blanket (114),114,Undirected,1
273,280,Heartfield,Heartfield's daughter,114,Undirected,1
256,273,Mann,Heartfield,114,Undirected,1
279,319,Mrs. Heartfield,Soldier saying halt (114),114,Undirected,1
279,281,Mrs. Heartfield,Ralph Heartfield,114,Undirected,1
280,319,Heartfield's daughter,Soldier saying halt (114),114,Undirected,1
279,318,Mrs. Heartfield,soldier with blanket (114),114,Undirected,1
273,281,Heartfield,Ralph Heartfield,114,Undirected,1
256,279,Mann,Mrs. Heartfield,114,Undirected,1
280,281,Heartfield's daughter,Ralph Heartfield,114,Undirected,1
281,319,Ralph Heartfield,Soldier saying halt (114),114,Undirected,1
258,319,Brinkley,Soldier saying halt (114),114,Undirected,1
273,319,Heartfield,Soldier saying halt (114),114,Undirected,1
258,273,Brinkley,Heartfield,114,Undirected,1
256,318,Mann,soldier with blanket (114),114,Undirected,1
273,279,Heartfield,Mrs. Heartfield,114,Undirected,1
258,279,Brinkley,Mrs. Heartfield,114,Undirected,1
279,280,Mrs. Heartfield,Heartfield's daughter,114,Undirected,1
258,318,Brinkley,soldier with blanket (114),114,Undirected,1
280,318,Heartfield's daughter,soldier with blanket (114),114,Undirected,1
273,318,Heartfield,soldier with blanket (114),114,Undirected,1
258,281,Brinkley,Ralph Heartfield,114,Undirected,1
256,281,Mann,Ralph Heartfield,114,Undirected,1
256,280,Mann,Heartfield's daughter,115,Undirected,1
257,260,Lulu,Peewee,115,Undirected,1
261,279,Bob Cobb,Mrs. Heartfield,115,Undirected,1
257,10,Lulu,God,115,Undirected,1
259,279,Grannie,Mrs. Heartfield,115,Undirected,1
320,280,small black woman with coffee,Heartfield's daughter,115,Undirected,1
259,261,Grannie,Bob Cobb,115,Undirected,1
265,280,Elder Murray,Heartfield's daughter,115,Undirected,1
281,319,Ralph Heartfield,Soldier saying halt (114),115,Undirected,1
259,319,Grannie,Soldier saying halt (114),115,Undirected,1
261,319,Bob Cobb,Soldier saying halt (114),115,Undirected,1
10,279,God,Mrs. Heartfield,115,Undirected,1
280,281,Heartfield's daughter,Ralph Heartfield,115,Undirected,1
10,319,God,Soldier saying halt (114),115,Undirected,1
260,265,Peewee,Elder Murray,115,Undirected,1
259,10,Grannie,God,115,Undirected,1
257,281,Lulu,Ralph Heartfield,115,Undirected,1
260,281,Peewee,Ralph Heartfield,115,Undirected,1
280,319,Heartfield's daughter,Soldier saying halt (114),115,Undirected,1
279,281,Mrs. Heartfield,Ralph Heartfield,115,Undirected,1
256,279,Mann,Mrs. Heartfield,115,Undirected,1
320,279,small black woman with coffee,Mrs. Heartfield,115,Undirected,1
265,279,Elder Murray,Mrs. Heartfield,115,Undirected,1
265,319,Elder Murray,Soldier saying halt (114),115,Undirected,1
261,10,Bob Cobb,God,115,Undirected,1
256,261,Mann,Bob Cobb,115,Undirected,1
260,280,Peewee,Heartfield's daughter,115,Undirected,1
320,261,small black woman with coffee,Bob Cobb,115,Undirected,1
256,319,Mann,Soldier saying halt (114),115,Undirected,1
320,319,small black woman with coffee,Soldier saying halt (114),115,Undirected,1
261,281,Bob Cobb,Ralph Heartfield,115,Undirected,1
259,260,Grannie,Peewee,115,Undirected,1
279,319,Mrs. Heartfield,Soldier saying halt (114),115,Undirected,1
260,279,Peewee,Mrs. Heartfield,115,Undirected,1
256,259,Mann,Grannie,115,Undirected,1
259,281,Grannie,Ralph Heartfield,115,Undirected,1
257,320,Lulu,small black woman with coffee,115,Undirected,1
257,259,Lulu,Grannie,115,Undirected,1
257,265,Lulu,Elder Murray,115,Undirected,1
260,319,Peewee,Soldier saying halt (114),115,Undirected,1
10,281,God,Ralph Heartfield,115,Undirected,1
260,261,Peewee,Bob Cobb,115,Undirected,1
265,10,Elder Murray,God,115,Undirected,1
320,10,small black woman with coffee,God,115,Undirected,1
256,10,Mann,God,115,Undirected,1
320,260,small black woman with coffee,Peewee,115,Undirected,1
257,280,Lulu,Heartfield's daughter,115,Undirected,1
256,260,Mann,Peewee,115,Undirected,1
256,257,Mann,Lulu,115,Undirected,1
259,265,Grannie,Elder Murray,115,Undirected,1
256,265,Mann,Elder Murray,115,Undirected,1
256,281,Mann,Ralph Heartfield,115,Undirected,1
256,320,Mann,small black woman with coffee,115,Undirected,1
320,265,small black woman with coffee,Elder Murray,115,Undirected,1
320,259,small black woman with coffee,Grannie,115,Undirected,1
257,279,Lulu,Mrs. Heartfield,115,Undirected,1
10,280,God,Heartfield's daughter,115,Undirected,1
257,261,Lulu,Bob Cobb,115,Undirected,1
320,281,small black woman with coffee,Ralph Heartfield,115,Undirected,1
260,10,Peewee,God,115,Undirected,1
257,319,Lulu,Soldier saying halt (114),115,Undirected,1
259,280,Grannie,Heartfield's daughter,115,Undirected,1
279,280,Mrs. Heartfield,Heartfield's daughter,115,Undirected,1
265,281,Elder Murray,Ralph Heartfield,115,Undirected,1
261,265,Bob Cobb,Elder Murray,115,Undirected,1
261,280,Bob Cobb,Heartfield's daughter,115,Undirected,1
320,280,small black woman with coffee,Heartfield's daughter,116,Undirected,1
256,280,Mann,Heartfield's daughter,116,Undirected,1
321,10,The four soldiers (including Charley),God,116,Undirected,1
10,273,God,Heartfield,116,Undirected,1
10,279,God,Mrs. Heartfield,116,Undirected,1
321,281,The four soldiers (including Charley),Ralph Heartfield,116,Undirected,1
320,279,small black woman with coffee,Mrs. Heartfield,116,Undirected,1
320,273,small black woman with coffee,Heartfield,116,Undirected,1
256,273,Mann,Heartfield,116,Undirected,1
256,279,Mann,Mrs. Heartfield,116,Undirected,1
279,281,Mrs. Heartfield,Ralph Heartfield,116,Undirected,1
273,281,Heartfield,Ralph Heartfield,116,Undirected,1
273,280,Heartfield,Heartfield's daughter,116,Undirected,1
280,281,Heartfield's daughter,Ralph Heartfield,116,Undirected,1
321,273,The four soldiers (including Charley),Heartfield,116,Undirected,1
321,279,The four soldiers (including Charley),Mrs. Heartfield,116,Undirected,1
10,281,God,Ralph Heartfield,116,Undirected,1
320,256,small black woman with coffee,Mann,116,Undirected,1
320,321,small black woman with coffee,The four soldiers (including Charley),116,Undirected,1
256,10,Mann,God,116,Undirected,1
321,280,The four soldiers (including Charley),Heartfield's daughter,116,Undirected,1
273,279,Heartfield,Mrs. Heartfield,116,Undirected,1
320,10,small black woman with coffee,God,116,Undirected,1
320,281,small black woman with coffee,Ralph Heartfield,116,Undirected,1
256,281,Mann,Ralph Heartfield,116,Undirected,1
279,280,Mrs. Heartfield,Heartfield's daughter,116,Undirected,1
10,280,God,Heartfield's daughter,116,Undirected,1
256,321,Mann,The four soldiers (including Charley),116,Undirected,1
273,281,Heartfield,Ralph Heartfield,117,Undirected,1
279,281,Mrs. Heartfield,Ralph Heartfield,117,Undirected,1
256,279,Mann,Mrs. Heartfield,117,Undirected,1
256,273,Mann,Heartfield,117,Undirected,1
273,280,Heartfield,Heartfield's daughter,117,Undirected,1
323,281,Mob after Mann,Ralph Heartfield,117,Undirected,1
321,281,The four soldiers (including Charley),Ralph Heartfield,117,Undirected,1
256,280,Mann,Heartfield's daughter,117,Undirected,1
256,323,Mann,Mob after Mann,117,Undirected,1
280,281,Heartfield's daughter,Ralph Heartfield,117,Undirected,1
323,273,Mob after Mann,Heartfield,117,Undirected,1
321,279,The four soldiers (including Charley),Mrs. Heartfield,117,Undirected,1
321,273,The four soldiers (including Charley),Heartfield,117,Undirected,1
279,280,Mrs. Heartfield,Heartfield's daughter,117,Undirected,1
256,281,Mann,Ralph Heartfield,117,Undirected,1
256,321,Mann,The four soldiers (including Charley),117,Undirected,1
273,279,Heartfield,Mrs. Heartfield,117,Undirected,1
323,280,Mob after Mann,Heartfield's daughter,117,Undirected,1
321,280,The four soldiers (including Charley),Heartfield's daughter,117,Undirected,1
321,323,The four soldiers (including Charley),Mob after Mann,117,Undirected,1
323,279,Mob after Mann,Mrs. Heartfield,117,Undirected,1
273,281,Heartfield,Ralph Heartfield,118,Undirected,1
256,323,Mann,Mob after Mann,118,Undirected,1
306,281,General,Ralph Heartfield,118,Undirected,1
321,306,The four soldiers (including Charley),General,118,Undirected,1
256,280,Mann,Heartfield's daughter,118,Undirected,1
323,306,Mob after Mann,General,118,Undirected,1
256,279,Mann,Mrs. Heartfield,118,Undirected,1
323,281,Mob after Mann,Ralph Heartfield,118,Undirected,1
273,280,Heartfield,Heartfield's daughter,118,Undirected,1
306,280,General,Heartfield's daughter,118,Undirected,1
256,273,Mann,Heartfield,118,Undirected,1
279,281,Mrs. Heartfield,Ralph Heartfield,118,Undirected,1
321,281,The four soldiers (including Charley),Ralph Heartfield,118,Undirected,1
280,281,Heartfield's daughter,Ralph Heartfield,118,Undirected,1
321,279,The four soldiers (including Charley),Mrs. Heartfield,118,Undirected,1
323,273,Mob after Mann,Heartfield,118,Undirected,1
321,323,The four soldiers (including Charley),Mob after Mann,118,Undirected,1
256,306,Mann,General,118,Undirected,1
321,280,The four soldiers (including Charley),Heartfield's daughter,118,Undirected,1
323,280,Mob after Mann,Heartfield's daughter,118,Undirected,1
323,279,Mob after Mann,Mrs. Heartfield,118,Undirected,1
256,321,Mann,The four soldiers (including Charley),118,Undirected,1
273,279,Heartfield,Mrs. Heartfield,118,Undirected,1
256,281,Mann,Ralph Heartfield,118,Undirected,1
279,280,Mrs. Heartfield,Heartfield's daughter,118,Undirected,1
273,306,Heartfield,General,118,Undirected,1
321,273,The four soldiers (including Charley),Heartfield,118,Undirected,1
306,279,General,Mrs. Heartfield,118,Undirected,1
10,273,God,Heartfield,119,Undirected,1
321,306,The four soldiers (including Charley),General,119,Undirected,1
256,280,Mann,Heartfield's daughter,119,Undirected,1
321,10,The four soldiers (including Charley),God,119,Undirected,1
10,279,God,Mrs. Heartfield,119,Undirected,1
306,281,General,Ralph Heartfield,119,Undirected,1
10,306,God,General,119,Undirected,1
273,280,Heartfield,Heartfield's daughter,119,Undirected,1
306,280,General,Heartfield's daughter,119,Undirected,1
256,279,Mann,Mrs. Heartfield,119,Undirected,1
279,281,Mrs. Heartfield,Ralph Heartfield,119,Undirected,1
321,281,The four soldiers (including Charley),Ralph Heartfield,119,Undirected,1
273,281,Heartfield,Ralph Heartfield,119,Undirected,1
256,273,Mann,Heartfield,119,Undirected,1
321,279,The four soldiers (including Charley),Mrs. Heartfield,119,Undirected,1
256,306,Mann,General,119,Undirected,1
280,281,Heartfield's daughter,Ralph Heartfield,119,Undirected,1
256,10,Mann,God,119,Undirected,1
321,280,The four soldiers (including Charley),Heartfield's daughter,119,Undirected,1
273,279,Heartfield,Mrs. Heartfield,119,Undirected,1
256,321,Mann,The four soldiers (including Charley),119,Undirected,1
10,281,God,Ralph Heartfield,119,Undirected,1
256,281,Mann,Ralph Heartfield,119,Undirected,1
279,280,Mrs. Heartfield,Heartfield's daughter,119,Undirected,1
273,306,Heartfield,General,119,Undirected,1
10,280,God,Heartfield's daughter,119,Undirected,1
321,273,The four soldiers (including Charley),Heartfield,119,Undirected,1
306,279,General,Mrs. Heartfield,119,Undirected,1
298,280,Colonel Davis,Heartfield's daughter,120,Undirected,1
321,306,The four soldiers (including Charley),General,120,Undirected,1
256,280,Mann,Heartfield's daughter,120,Undirected,1
256,298,Mann,Colonel Davis,120,Undirected,1
321,281,The four soldiers (including Charley),Ralph Heartfield,120,Undirected,1
298,273,Colonel Davis,Heartfield,120,Undirected,1
306,280,General,Heartfield's daughter,120,Undirected,1
273,280,Heartfield,Heartfield's daughter,120,Undirected,1
256,273,Mann,Heartfield,120,Undirected,1
256,279,Mann,Mrs. Heartfield,120,Undirected,1
279,281,Mrs. Heartfield,Ralph Heartfield,120,Undirected,1
306,281,General,Ralph Heartfield,120,Undirected,1
298,279,Colonel Davis,Mrs. Heartfield,120,Undirected,1
273,281,Heartfield,Ralph Heartfield,120,Undirected,1
256,321,Mann,The four soldiers (including Charley),120,Undirected,1
321,279,The four soldiers (including Charley),Mrs. Heartfield,120,Undirected,1
298,306,Colonel Davis,General,120,Undirected,1
256,306,Mann,General,120,Undirected,1
321,280,The four soldiers (including Charley),Heartfield's daughter,120,Undirected,1
321,298,The four soldiers (including Charley),Colonel Davis,120,Undirected,1
280,281,Heartfield's daughter,Ralph Heartfield,120,Undirected,1
273,279,Heartfield,Mrs. Heartfield,120,Undirected,1
298,281,Colonel Davis,Ralph Heartfield,120,Undirected,1
256,281,Mann,Ralph Heartfield,120,Undirected,1
279,280,Mrs. Heartfield,Heartfield's daughter,120,Undirected,1
273,306,Heartfield,General,120,Undirected,1
321,273,The four soldiers (including Charley),Heartfield,120,Undirected,1
306,279,General,Mrs. Heartfield,120,Undirected,1
256,298,Mann,Colonel Davis,121,Undirected,1
298,280,Colonel Davis,Heartfield's daughter,121,Undirected,1
321,306,The four soldiers (including Charley),General,121,Undirected,1
256,280,Mann,Heartfield's daughter,121,Undirected,1
321,10,The four soldiers (including Charley),God,121,Undirected,1
10,273,God,Heartfield,121,Undirected,1
10,279,God,Mrs. Heartfield,121,Undirected,1
256,279,Mann,Mrs. Heartfield,121,Undirected,1
10,306,God,General,121,Undirected,1
298,273,Colonel Davis,Heartfield,121,Undirected,1
273,280,Heartfield,Heartfield's daughter,121,Undirected,1
306,280,General,Heartfield's daughter,121,Undirected,1
256,273,Mann,Heartfield,121,Undirected,1
306,281,General,Ralph Heartfield,121,Undirected,1
279,281,Mrs. Heartfield,Ralph Heartfield,121,Undirected,1
321,281,The four soldiers (including Charley),Ralph Heartfield,121,Undirected,1
273,281,Heartfield,Ralph Heartfield,121,Undirected,1
298,279,Colonel Davis,Mrs. Heartfield,121,Undirected,1
321,279,The four soldiers (including Charley),Mrs. Heartfield,121,Undirected,1
10,281,God,Ralph Heartfield,121,Undirected,1
298,306,Colonel Davis,General,121,Undirected,1
298,10,Colonel Davis,God,121,Undirected,1
256,306,Mann,General,121,Undirected,1
256,10,Mann,God,121,Undirected,1
321,280,The four soldiers (including Charley),Heartfield's daughter,121,Undirected,1
273,279,Heartfield,Mrs. Heartfield,121,Undirected,1
321,298,The four soldiers (including Charley),Colonel Davis,121,Undirected,1
280,281,Heartfield's daughter,Ralph Heartfield,121,Undirected,1
306,279,General,Mrs. Heartfield,121,Undirected,1
298,281,Colonel Davis,Ralph Heartfield,121,Undirected,1
256,281,Mann,Ralph Heartfield,121,Undirected,1
279,280,Mrs. Heartfield,Heartfield's daughter,121,Undirected,1
273,306,Heartfield,General,121,Undirected,1
10,280,God,Heartfield's daughter,121,Undirected,1
321,273,The four soldiers (including Charley),Heartfield,121,Undirected,1
256,321,Mann,The four soldiers (including Charley),121,Undirected,1
256,321,Mann,The four soldiers (including Charley),122,Undirected,1
321,10,The four soldiers (including Charley),God,122,Undirected,1
256,10,Mann,God,122,Undirected,1
321,324,The four soldiers (including Charley),One of the four soldiers who wants a cigarette,123,Undirected,1
256,321,Mann,The four soldiers (including Charley),123,Undirected,1
256,324,Mann,One of the four soldiers who wants a cigarette,123,Undirected,1
321,325,The four soldiers (including Charley),Charley,123,Undirected,1
321,10,The four soldiers (including Charley),God,123,Undirected,1
256,325,Mann,Charley,123,Undirected,1
256,10,Mann,God,123,Undirected,1
325,10,Charley,God,123,Undirected,1
324,10,One of the four soldiers who wants a cigarette,God,123,Undirected,1
324,325,One of the four soldiers who wants a cigarette,Charley,123,Undirected,1
3,4,Sarah,Ruth,125,Undirected,1
3,5,Sarah,Silas,126,Undirected,1
10,3,God,Sarah,126,Undirected,1
4,5,Ruth,Silas,126,Undirected,1
10,4,God,Ruth,126,Undirected,1
3,4,Sarah,Ruth,126,Undirected,1
10,5,God,Silas,126,Undirected,1
3,5,Sarah,Silas,127,Undirected,1
3,6,Sarah,Tom,127,Undirected,1
6,10,Tom,God,127,Undirected,1
5,6,Silas,Tom,127,Undirected,1
5,10,Silas,God,127,Undirected,1
3,10,Sarah,God,127,Undirected,1
8,10,participants in Tom's war,God,127,Undirected,1
6,8,Tom,participants in Tom's war,127,Undirected,1
5,8,Silas,participants in Tom's war,127,Undirected,1
3,8,Sarah,participants in Tom's war,127,Undirected,1
10,5,God,Silas,128,Undirected,1
10,6,God,Tom,128,Undirected,1
5,6,Silas,Tom,128,Undirected,1
3,6,Sarah,Tom,128,Undirected,1
10,3,God,Sarah,128,Undirected,1
3,5,Sarah,Silas,128,Undirected,1
3,11,Sarah,gramophone salesman,129,Undirected,1
3,5,Sarah,Silas,129,Undirected,1
3,6,Sarah,Tom,129,Undirected,1
6,10,Tom,God,129,Undirected,1
5,6,Silas,Tom,129,Undirected,1
5,11,Silas,gramophone salesman,129,Undirected,1
3,10,Sarah,God,129,Undirected,1
6,11,Tom,gramophone salesman,129,Undirected,1
5,10,Silas,God,129,Undirected,1
10,11,God,gramophone salesman,129,Undirected,1
3,11,Sarah,gramophone salesman,130,Undirected,1
3,5,Sarah,Silas,130,Undirected,1
11,4,gramophone salesman,Ruth,130,Undirected,1
3,4,Sarah,Ruth,130,Undirected,1
4,5,Ruth,Silas,130,Undirected,1
11,5,gramophone salesman,Silas,130,Undirected,1
3,4,Sarah,Ruth,131,Undirected,1
3,11,Sarah,gramophone salesman,131,Undirected,1
11,4,gramophone salesman,Ruth,131,Undirected,1
11,10,gramophone salesman,God,132,Undirected,1
3,4,Sarah,Ruth,132,Undirected,1
10,4,God,Ruth,132,Undirected,1
10,3,God,Sarah,132,Undirected,1
11,4,gramophone salesman,Ruth,132,Undirected,1
11,3,gramophone salesman,Sarah,132,Undirected,1
3,5,Sarah,Silas,133,Undirected,1
3,4,Sarah,Ruth,133,Undirected,1
11,3,gramophone salesman,Sarah,133,Undirected,1
4,5,Ruth,Silas,133,Undirected,1
11,5,gramophone salesman,Silas,133,Undirected,1
11,4,gramophone salesman,Ruth,133,Undirected,1
3,12,Sarah,"""buddy"" (of gramophone salesman)",134,Undirected,1
11,3,gramophone salesman,Sarah,134,Undirected,1
11,12,gramophone salesman,"""buddy"" (of gramophone salesman)",134,Undirected,1
11,3,gramophone salesman,Sarah,135,Undirected,1
3,5,Sarah,Silas,135,Undirected,1
11,5,gramophone salesman,Silas,135,Undirected,1
11,3,gramophone salesman,Sarah,136,Undirected,1
11,10,gramophone salesman,God,136,Undirected,1
10,3,God,Sarah,136,Undirected,1
11,3,gramophone salesman,Sarah,137,Undirected,1
3,5,Sarah,Silas,138,Undirected,1
11,5,gramophone salesman,Silas,138,Undirected,1
11,4,gramophone salesman,Ruth,138,Undirected,1
11,3,gramophone salesman,Sarah,138,Undirected,1
3,4,Sarah,Ruth,138,Undirected,1
4,5,Ruth,Silas,138,Undirected,1
13,3,Burgess,Sarah,139,Undirected,1
13,5,Burgess,Silas,139,Undirected,1
3,5,Sarah,Silas,139,Undirected,1
3,5,Sarah,Silas,140,Undirected,1
5,204,Silas,folks at the store,140,Undirected,1
16,125,Aunt Peel,"""white folks"" (abstract)",140,Undirected,1
13,16,Burgess,Aunt Peel,140,Undirected,1
6,13,Tom,Burgess,140,Undirected,1
6,10,Tom,God,140,Undirected,1
6,16,Tom,Aunt Peel,140,Undirected,1
4,10,Ruth,God,140,Undirected,1
6,125,Tom,"""white folks"" (abstract)",140,Undirected,1
4,13,Ruth,Burgess,140,Undirected,1
204,13,folks at the store,Burgess,140,Undirected,1
10,13,God,Burgess,140,Undirected,1
204,16,folks at the store,Aunt Peel,140,Undirected,1
13,125,Burgess,"""white folks"" (abstract)",140,Undirected,1
10,16,God,Aunt Peel,140,Undirected,1
3,204,Sarah,folks at the store,140,Undirected,1
4,16,Ruth,Aunt Peel,140,Undirected,1
3,6,Sarah,Tom,140,Undirected,1
3,125,Sarah,"""white folks"" (abstract)",140,Undirected,1
5,6,Silas,Tom,140,Undirected,1
3,4,Sarah,Ruth,140,Undirected,1
4,125,Ruth,"""white folks"" (abstract)",140,Undirected,1
6,204,Tom,folks at the store,140,Undirected,1
4,6,Ruth,Tom,140,Undirected,1
3,10,Sarah,God,140,Undirected,1
5,125,Silas,"""white folks"" (abstract)",140,Undirected,1
5,13,Silas,Burgess,140,Undirected,1
3,13,Sarah,Burgess,140,Undirected,1
3,16,Sarah,Aunt Peel,140,Undirected,1
5,16,Silas,Aunt Peel,140,Undirected,1
204,125,folks at the store,"""white folks"" (abstract)",140,Undirected,1
4,204,Ruth,folks at the store,140,Undirected,1
10,204,God,folks at the store,140,Undirected,1
4,5,Ruth,Silas,140,Undirected,1
5,10,Silas,God,140,Undirected,1
10,125,God,"""white folks"" (abstract)",140,Undirected,1
3,5,Sarah,Silas,141,Undirected,1
10,5,God,Silas,141,Undirected,1
11,10,gramophone salesman,God,141,Undirected,1
11,3,gramophone salesman,Sarah,141,Undirected,1
11,5,gramophone salesman,Silas,141,Undirected,1
10,3,God,Sarah,141,Undirected,1
3,6,Sarah,Tom,142,Undirected,1
3,5,Sarah,Silas,142,Undirected,1
6,10,Tom,God,142,Undirected,1
3,11,Sarah,gramophone salesman,142,Undirected,1
5,6,Silas,Tom,142,Undirected,1
3,10,Sarah,God,142,Undirected,1
6,11,Tom,gramophone salesman,142,Undirected,1
5,11,Silas,gramophone salesman,142,Undirected,1
10,11,God,gramophone salesman,142,Undirected,1
5,10,Silas,God,142,Undirected,1
3,125,Sarah,"""white folks"" (abstract)",143,Undirected,1
128,11,"""black folks"" (abstract)",gramophone salesman,143,Undirected,1
128,5,"""black folks"" (abstract)",Silas,143,Undirected,1
3,5,Sarah,Silas,143,Undirected,1
5,125,Silas,"""white folks"" (abstract)",143,Undirected,1
10,125,God,"""white folks"" (abstract)",143,Undirected,1
5,10,Silas,God,143,Undirected,1
3,10,Sarah,God,143,Undirected,1
128,3,"""black folks"" (abstract)",Sarah,143,Undirected,1
11,125,gramophone salesman,"""white folks"" (abstract)",143,Undirected,1
3,11,Sarah,gramophone salesman,143,Undirected,1
128,10,"""black folks"" (abstract)",God,143,Undirected,1
5,11,Silas,gramophone salesman,143,Undirected,1
10,11,God,gramophone salesman,143,Undirected,1
128,125,"""black folks"" (abstract)","""white folks"" (abstract)",143,Undirected,1
3,4,Sarah,Ruth,144,Undirected,1
4,5,Ruth,Silas,144,Undirected,1
3,5,Sarah,Silas,144,Undirected,1
10,16,God,Aunt Peel,145,Undirected,1
5,16,Silas,Aunt Peel,145,Undirected,1
3,5,Sarah,Silas,145,Undirected,1
5,10,Silas,God,145,Undirected,1
4,5,Ruth,Silas,145,Undirected,1
3,10,Sarah,God,145,Undirected,1
3,4,Sarah,Ruth,145,Undirected,1
4,16,Ruth,Aunt Peel,145,Undirected,1
4,10,Ruth,God,145,Undirected,1
3,16,Sarah,Aunt Peel,145,Undirected,1
3,6,Sarah,Tom,146,Undirected,1
4,16,Ruth,Aunt Peel,146,Undirected,1
4,10,Ruth,God,146,Undirected,1
3,11,Sarah,gramophone salesman,146,Undirected,1
3,5,Sarah,Silas,146,Undirected,1
6,16,Tom,Aunt Peel,146,Undirected,1
6,10,Tom,God,146,Undirected,1
11,16,gramophone salesman,Aunt Peel,146,Undirected,1
10,11,God,gramophone salesman,146,Undirected,1
4,11,Ruth,gramophone salesman,146,Undirected,1
4,5,Ruth,Silas,146,Undirected,1
5,11,Silas,gramophone salesman,146,Undirected,1
6,11,Tom,gramophone salesman,146,Undirected,1
5,16,Silas,Aunt Peel,146,Undirected,1
5,10,Silas,God,146,Undirected,1
3,16,Sarah,Aunt Peel,146,Undirected,1
3,10,Sarah,God,146,Undirected,1
4,6,Ruth,Tom,146,Undirected,1
3,4,Sarah,Ruth,146,Undirected,1
5,6,Silas,Tom,146,Undirected,1
10,16,God,Aunt Peel,146,Undirected,1
6,10,Tom,God,147,Undirected,1
22,125,"""white men"" (abstract)","""white folks"" (abstract)",147,Undirected,1
10,23,God,"""black men"" (abstract)",147,Undirected,1
3,5,Sarah,Silas,147,Undirected,1
4,23,Ruth,"""black men"" (abstract)",147,Undirected,1
3,24,Sarah,"""black women"" (croppers)",147,Undirected,1
5,24,Silas,"""black women"" (croppers)",147,Undirected,1
6,22,Tom,"""white men"" (abstract)",147,Undirected,1
5,6,Silas,Tom,147,Undirected,1
3,23,Sarah,"""black men"" (abstract)",147,Undirected,1
22,24,"""white men"" (abstract)","""black women"" (croppers)",147,Undirected,1
4,22,Ruth,"""white men"" (abstract)",147,Undirected,1
5,23,Silas,"""black men"" (abstract)",147,Undirected,1
24,125,"""black women"" (croppers)","""white folks"" (abstract)",147,Undirected,1
6,125,Tom,"""white folks"" (abstract)",147,Undirected,1
10,22,God,"""white men"" (abstract)",147,Undirected,1
4,10,Ruth,God,147,Undirected,1
23,24,"""black men"" (abstract)","""black women"" (croppers)",147,Undirected,1
4,5,Ruth,Silas,147,Undirected,1
5,125,Silas,"""white folks"" (abstract)",147,Undirected,1
4,125,Ruth,"""white folks"" (abstract)",147,Undirected,1
6,24,Tom,"""black women"" (croppers)",147,Undirected,1
4,6,Ruth,Tom,147,Undirected,1
3,10,Sarah,God,147,Undirected,1
22,23,"""white men"" (abstract)","""black men"" (abstract)",147,Undirected,1
5,10,Silas,God,147,Undirected,1
4,24,Ruth,"""black women"" (croppers)",147,Undirected,1
3,4,Sarah,Ruth,147,Undirected,1
10,125,God,"""white folks"" (abstract)",147,Undirected,1
5,22,Silas,"""white men"" (abstract)",147,Undirected,1
10,24,God,"""black women"" (croppers)",147,Undirected,1
23,125,"""black men"" (abstract)","""white folks"" (abstract)",147,Undirected,1
6,23,Tom,"""black men"" (abstract)",147,Undirected,1
3,125,Sarah,"""white folks"" (abstract)",147,Undirected,1
3,6,Sarah,Tom,147,Undirected,1
3,22,Sarah,"""white men"" (abstract)",147,Undirected,1
3,11,Sarah,gramophone salesman,148,Undirected,1
3,5,Sarah,Silas,148,Undirected,1
4,11,Ruth,gramophone salesman,148,Undirected,1
5,10,Silas,God,148,Undirected,1
4,5,Ruth,Silas,148,Undirected,1
3,10,Sarah,God,148,Undirected,1
5,11,Silas,gramophone salesman,148,Undirected,1
10,11,God,gramophone salesman,148,Undirected,1
4,10,Ruth,God,148,Undirected,1
3,4,Sarah,Ruth,148,Undirected,1
3,12,Sarah,"""buddy"" (of gramophone salesman)",149,Undirected,1
3,11,Sarah,gramophone salesman,149,Undirected,1
3,5,Sarah,Silas,149,Undirected,1
5,12,Silas,"""buddy"" (of gramophone salesman)",149,Undirected,1
10,12,God,"""buddy"" (of gramophone salesman)",149,Undirected,1
4,11,Ruth,gramophone salesman,149,Undirected,1
5,10,Silas,God,149,Undirected,1
5,11,Silas,gramophone salesman,149,Undirected,1
11,12,gramophone salesman,"""buddy"" (of gramophone salesman)",149,Undirected,1
3,10,Sarah,God,149,Undirected,1
4,12,Ruth,"""buddy"" (of gramophone salesman)",149,Undirected,1
3,4,Sarah,Ruth,149,Undirected,1
10,11,God,gramophone salesman,149,Undirected,1
4,10,Ruth,God,149,Undirected,1
4,5,Ruth,Silas,149,Undirected,1
3,11,Sarah,gramophone salesman,150,Undirected,1
3,5,Sarah,Silas,150,Undirected,1
5,12,Silas,"""buddy"" (of gramophone salesman)",150,Undirected,1
4,11,Ruth,gramophone salesman,150,Undirected,1
3,12,Sarah,"""buddy"" (of gramophone salesman)",150,Undirected,1
4,5,Ruth,Silas,150,Undirected,1
4,12,Ruth,"""buddy"" (of gramophone salesman)",150,Undirected,1
3,4,Sarah,Ruth,150,Undirected,1
5,11,Silas,gramophone salesman,150,Undirected,1
11,12,gramophone salesman,"""buddy"" (of gramophone salesman)",150,Undirected,1
4,5,Ruth,Silas,151,Undirected,1
3,5,Sarah,Silas,151,Undirected,1
5,125,Silas,"""white folks"" (abstract)",151,Undirected,1
10,16,God,Aunt Peel,151,Undirected,1
5,16,Silas,Aunt Peel,151,Undirected,1
5,10,Silas,God,151,Undirected,1
3,125,Sarah,"""white folks"" (abstract)",151,Undirected,1
10,125,God,"""white folks"" (abstract)",151,Undirected,1
3,10,Sarah,God,151,Undirected,1
4,10,Ruth,God,151,Undirected,1
4,16,Ruth,Aunt Peel,151,Undirected,1
3,16,Sarah,Aunt Peel,151,Undirected,1
4,125,Ruth,"""white folks"" (abstract)",151,Undirected,1
16,125,Aunt Peel,"""white folks"" (abstract)",151,Undirected,1
3,4,Sarah,Ruth,151,Undirected,1
128,11,"""black folks"" (abstract)",gramophone salesman,152,Undirected,1
128,5,"""black folks"" (abstract)",Silas,152,Undirected,1
5,125,Silas,"""white folks"" (abstract)",152,Undirected,1
5,10,Silas,God,152,Undirected,1
3,125,Sarah,"""white folks"" (abstract)",152,Undirected,1
128,125,"""black folks"" (abstract)","""white folks"" (abstract)",152,Undirected,1
3,5,Sarah,Silas,152,Undirected,1
128,3,"""black folks"" (abstract)",Sarah,152,Undirected,1
3,10,Sarah,God,152,Undirected,1
10,11,God,gramophone salesman,152,Undirected,1
5,11,Silas,gramophone salesman,152,Undirected,1
10,125,God,"""white folks"" (abstract)",152,Undirected,1
3,11,Sarah,gramophone salesman,152,Undirected,1
11,125,gramophone salesman,"""white folks"" (abstract)",152,Undirected,1
128,10,"""black folks"" (abstract)",God,152,Undirected,1
5,125,Silas,"""white folks"" (abstract)",153,Undirected,1
4,23,Ruth,"""black men"" (abstract)",153,Undirected,1
16,125,Aunt Peel,"""white folks"" (abstract)",153,Undirected,1
10,23,God,"""black men"" (abstract)",153,Undirected,1
22,125,"""white men"" (abstract)","""white folks"" (abstract)",153,Undirected,1
3,5,Sarah,Silas,153,Undirected,1
4,16,Ruth,Aunt Peel,153,Undirected,1
3,23,Sarah,"""black men"" (abstract)",153,Undirected,1
4,22,Ruth,"""white men"" (abstract)",153,Undirected,1
10,16,God,Aunt Peel,153,Undirected,1
10,22,God,"""white men"" (abstract)",153,Undirected,1
16,23,Aunt Peel,"""black men"" (abstract)",153,Undirected,1
4,10,Ruth,God,153,Undirected,1
5,23,Silas,"""black men"" (abstract)",153,Undirected,1
4,5,Ruth,Silas,153,Undirected,1
16,22,Aunt Peel,"""white men"" (abstract)",153,Undirected,1
3,125,Sarah,"""white folks"" (abstract)",153,Undirected,1
3,4,Sarah,Ruth,153,Undirected,1
3,10,Sarah,God,153,Undirected,1
3,16,Sarah,Aunt Peel,153,Undirected,1
22,23,"""white men"" (abstract)","""black men"" (abstract)",153,Undirected,1
4,125,Ruth,"""white folks"" (abstract)",153,Undirected,1
5,16,Silas,Aunt Peel,153,Undirected,1
10,125,God,"""white folks"" (abstract)",153,Undirected,1
3,22,Sarah,"""white men"" (abstract)",153,Undirected,1
5,22,Silas,"""white men"" (abstract)",153,Undirected,1
23,125,"""black men"" (abstract)","""white folks"" (abstract)",153,Undirected,1
5,10,Silas,God,153,Undirected,1
3,27,Sarah,"""white men with pistols and rifles""",154,Undirected,1
22,30,"""white men"" (abstract)","""white man"" (shot by Silas)",154,Undirected,1
3,23,Sarah,"""black men"" (abstract)",154,Undirected,1
22,27,"""white men"" (abstract)","""white men with pistols and rifles""",154,Undirected,1
3,5,Sarah,Silas,154,Undirected,1
5,27,Silas,"""white men with pistols and rifles""",154,Undirected,1
27,30,"""white men with pistols and rifles""","""white man"" (shot by Silas)",154,Undirected,1
5,30,Silas,"""white man"" (shot by Silas)",154,Undirected,1
4,23,Ruth,"""black men"" (abstract)",154,Undirected,1
4,27,Ruth,"""white men with pistols and rifles""",154,Undirected,1
23,27,"""black men"" (abstract)","""white men with pistols and rifles""",154,Undirected,1
23,30,"""black men"" (abstract)","""white man"" (shot by Silas)",154,Undirected,1
4,5,Ruth,Silas,154,Undirected,1
4,30,Ruth,"""white man"" (shot by Silas)",154,Undirected,1
5,22,Silas,"""white men"" (abstract)",154,Undirected,1
3,22,Sarah,"""white men"" (abstract)",154,Undirected,1
22,23,"""white men"" (abstract)","""black men"" (abstract)",154,Undirected,1
3,4,Sarah,Ruth,154,Undirected,1
4,22,Ruth,"""white men"" (abstract)",154,Undirected,1
3,30,Sarah,"""white man"" (shot by Silas)",154,Undirected,1
5,23,Silas,"""black men"" (abstract)",154,Undirected,1
27,29,"""white men with pistols and rifles""",white man with red can (155),155,Undirected,1
3,28,Sarah,white man with gun (155),155,Undirected,1
5,29,Silas,white man with red can (155),155,Undirected,1
27,28,"""white men with pistols and rifles""",white man with gun (155),155,Undirected,1
3,5,Sarah,Silas,155,Undirected,1
4,27,Ruth,"""white men with pistols and rifles""",155,Undirected,1
4,5,Ruth,Silas,155,Undirected,1
5,28,Silas,white man with gun (155),155,Undirected,1
28,29,white man with gun (155),white man with red can (155),155,Undirected,1
4,28,Ruth,white man with gun (155),155,Undirected,1
5,27,Silas,"""white men with pistols and rifles""",155,Undirected,1
3,4,Sarah,Ruth,155,Undirected,1
3,29,Sarah,white man with red can (155),155,Undirected,1
3,27,Sarah,"""white men with pistols and rifles""",155,Undirected,1
4,29,Ruth,white man with red can (155),155,Undirected,1
3,5,Sarah,Silas,156,Undirected,1
4,27,Ruth,"""white men with pistols and rifles""",156,Undirected,1
5,10,Silas,God,156,Undirected,1
4,5,Ruth,Silas,156,Undirected,1
3,10,Sarah,God,156,Undirected,1
10,27,God,"""white men with pistols and rifles""",156,Undirected,1
3,4,Sarah,Ruth,156,Undirected,1
3,27,Sarah,"""white men with pistols and rifles""",156,Undirected,1
4,10,Ruth,God,156,Undirected,1
5,27,Silas,"""white men with pistols and rifles""",156,Undirected,1
34,31,the Reds,Taylor,157,Undirected,1
10,31,God,Taylor,157,Undirected,1
128,31,"""black folks"" (abstract)",Taylor,157,Undirected,1
128,34,"""black folks"" (abstract)",the Reds,157,Undirected,1
10,125,God,"""white folks"" (abstract)",157,Undirected,1
34,10,the Reds,God,157,Undirected,1
128,125,"""black folks"" (abstract)","""white folks"" (abstract)",157,Undirected,1
34,125,the Reds,"""white folks"" (abstract)",157,Undirected,1
128,10,"""black folks"" (abstract)",God,157,Undirected,1
125,31,"""white folks"" (abstract)",Taylor,157,Undirected,1
39,10,Green (Hadley's comrade),God,158,Undirected,1
10,31,God,Taylor,158,Undirected,1
36,38,white woman at desk,Hadley,158,Undirected,1
39,46,Green (Hadley's comrade),Taylor's congregation,158,Undirected,1
38,39,Hadley,Green (Hadley's comrade),158,Undirected,1
39,31,Green (Hadley's comrade),Taylor,158,Undirected,1
39,214,Green (Hadley's comrade),townspeople (FC),158,Undirected,1
46,214,Taylor's congregation,townspeople (FC),158,Undirected,1
46,31,Taylor's congregation,Taylor,158,Undirected,1
36,39,white woman at desk,Green (Hadley's comrade),158,Undirected,1
214,31,townspeople (FC),Taylor,158,Undirected,1
38,214,Hadley,townspeople (FC),158,Undirected,1
38,46,Hadley,Taylor's congregation,158,Undirected,1
10,214,God,townspeople (FC),158,Undirected,1
36,10,white woman at desk,God,158,Undirected,1
36,31,white woman at desk,Taylor,158,Undirected,1
10,46,God,Taylor's congregation,158,Undirected,1
38,10,Hadley,God,158,Undirected,1
36,46,white woman at desk,Taylor's congregation,158,Undirected,1
38,31,Hadley,Taylor,158,Undirected,1
36,214,white woman at desk,townspeople (FC),158,Undirected,1
44,31,Moses,Taylor,159,Undirected,1
46,31,Taylor's congregation,Taylor,159,Undirected,1
41,44,May,Moses,159,Undirected,1
10,44,God,Moses,159,Undirected,1
43,44,Taylor's father,Moses,159,Undirected,1
42,46,Taylor's mother,Taylor's congregation,159,Undirected,1
44,46,Moses,Taylor's congregation,159,Undirected,1
46,125,Taylor's congregation,"""white folks"" (abstract)",159,Undirected,1
40,42,Jimmy,Taylor's mother,159,Undirected,1
44,125,Moses,"""white folks"" (abstract)",159,Undirected,1
41,10,May,God,159,Undirected,1
125,31,"""white folks"" (abstract)",Taylor,159,Undirected,1
41,31,May,Taylor,159,Undirected,1
10,31,God,Taylor,159,Undirected,1
40,125,Jimmy,"""white folks"" (abstract)",159,Undirected,1
42,125,Taylor's mother,"""white folks"" (abstract)",159,Undirected,1
40,46,Jimmy,Taylor's congregation,159,Undirected,1
42,31,Taylor's mother,Taylor,159,Undirected,1
40,31,Jimmy,Taylor,159,Undirected,1
40,43,Jimmy,Taylor's father,159,Undirected,1
43,31,Taylor's father,Taylor,159,Undirected,1
41,43,May,Taylor's father,159,Undirected,1
43,46,Taylor's father,Taylor's congregation,159,Undirected,1
41,46,May,Taylor's congregation,159,Undirected,1
10,46,God,Taylor's congregation,159,Undirected,1
41,125,May,"""white folks"" (abstract)",159,Undirected,1
40,44,Jimmy,Moses,159,Undirected,1
10,43,God,Taylor's father,159,Undirected,1
40,41,Jimmy,May,159,Undirected,1
43,125,Taylor's father,"""white folks"" (abstract)",159,Undirected,1
40,10,Jimmy,God,159,Undirected,1
41,42,May,Taylor's mother,159,Undirected,1
10,42,God,Taylor's mother,159,Undirected,1
43,42,Taylor's father,Taylor's mother,159,Undirected,1
10,125,God,"""white folks"" (abstract)",159,Undirected,1
42,44,Taylor's mother,Moses,159,Undirected,1
46,31,Taylor's congregation,Taylor,160,Undirected,1
39,31,Green (Hadley's comrade),Taylor,160,Undirected,1
38,39,Hadley,Green (Hadley's comrade),160,Undirected,1
38,45,Hadley,Bess (Taylor's mule),160,Undirected,1
39,125,Green (Hadley's comrade),"""white folks"" (abstract)",160,Undirected,1
125,31,"""white folks"" (abstract)",Taylor,160,Undirected,1
10,31,God,Taylor,160,Undirected,1
39,10,Green (Hadley's comrade),God,160,Undirected,1
39,46,Green (Hadley's comrade),Taylor's congregation,160,Undirected,1
38,125,Hadley,"""white folks"" (abstract)",160,Undirected,1
46,125,Taylor's congregation,"""white folks"" (abstract)",160,Undirected,1
10,45,God,Bess (Taylor's mule),160,Undirected,1
38,31,Hadley,Taylor,160,Undirected,1
45,125,Bess (Taylor's mule),"""white folks"" (abstract)",160,Undirected,1
38,10,Hadley,God,160,Undirected,1
45,46,Bess (Taylor's mule),Taylor's congregation,160,Undirected,1
39,45,Green (Hadley's comrade),Bess (Taylor's mule),160,Undirected,1
45,31,Bess (Taylor's mule),Taylor,160,Undirected,1
10,125,God,"""white folks"" (abstract)",160,Undirected,1
10,46,God,Taylor's congregation,160,Undirected,1
38,46,Hadley,Taylor's congregation,160,Undirected,1
47,50,committee from congregation,Judas,161,Undirected,1
41,50,May,Judas,161,Undirected,1
10,47,God,committee from congregation,161,Undirected,1
46,31,Taylor's congregation,Taylor,161,Undirected,1
41,47,May,committee from congregation,161,Undirected,1
10,215,God,"""the relief""",161,Undirected,1
45,48,Bess (Taylor's mule),Mayor Bolton,161,Undirected,1
52,215,"""sonny"" (congregation member)","""the relief""",161,Undirected,1
41,215,May,"""the relief""",161,Undirected,1
48,31,Mayor Bolton,Taylor,161,Undirected,1
50,215,Judas,"""the relief""",161,Undirected,1
49,125,Smith,"""white folks"" (abstract)",161,Undirected,1
52,31,"""sonny"" (congregation member)",Taylor,161,Undirected,1
47,48,committee from congregation,Mayor Bolton,161,Undirected,1
10,50,God,Judas,161,Undirected,1
45,215,Bess (Taylor's mule),"""the relief""",161,Undirected,1
46,52,Taylor's congregation,"""sonny"" (congregation member)",161,Undirected,1
48,49,Mayor Bolton,Smith,161,Undirected,1
41,10,May,God,161,Undirected,1
48,52,Mayor Bolton,"""sonny"" (congregation member)",161,Undirected,1
46,125,Taylor's congregation,"""white folks"" (abstract)",161,Undirected,1
47,215,committee from congregation,"""the relief""",161,Undirected,1
215,31,"""the relief""",Taylor,161,Undirected,1
48,125,Mayor Bolton,"""white folks"" (abstract)",161,Undirected,1
45,47,Bess (Taylor's mule),committee from congregation,161,Undirected,1
50,31,Judas,Taylor,161,Undirected,1
45,50,Bess (Taylor's mule),Judas,161,Undirected,1
41,31,May,Taylor,161,Undirected,1
10,31,God,Taylor,161,Undirected,1
48,50,Mayor Bolton,Judas,161,Undirected,1
46,49,Taylor's congregation,Smith,161,Undirected,1
49,52,Smith,"""sonny"" (congregation member)",161,Undirected,1
125,31,"""white folks"" (abstract)",Taylor,161,Undirected,1
46,47,Taylor's congregation,committee from congregation,161,Undirected,1
46,50,Taylor's congregation,Judas,161,Undirected,1
50,52,Judas,"""sonny"" (congregation member)",161,Undirected,1
41,49,May,Smith,161,Undirected,1
41,46,May,Taylor's congregation,161,Undirected,1
41,52,May,"""sonny"" (congregation member)",161,Undirected,1
49,215,Smith,"""the relief""",161,Undirected,1
10,46,God,Taylor's congregation,161,Undirected,1
10,52,God,"""sonny"" (congregation member)",161,Undirected,1
50,125,Judas,"""white folks"" (abstract)",161,Undirected,1
41,125,May,"""white folks"" (abstract)",161,Undirected,1
46,48,Taylor's congregation,Mayor Bolton,161,Undirected,1
52,125,"""sonny"" (congregation member)","""white folks"" (abstract)",161,Undirected,1
215,125,"""the relief""","""white folks"" (abstract)",161,Undirected,1
10,125,God,"""white folks"" (abstract)",161,Undirected,1
49,50,Smith,Judas,161,Undirected,1
10,49,God,Smith,161,Undirected,1
47,31,committee from congregation,Taylor,161,Undirected,1
10,48,God,Mayor Bolton,161,Undirected,1
45,31,Bess (Taylor's mule),Taylor,161,Undirected,1
49,31,Smith,Taylor,161,Undirected,1
48,215,Mayor Bolton,"""the relief""",161,Undirected,1
41,48,May,Mayor Bolton,161,Undirected,1
47,125,committee from congregation,"""white folks"" (abstract)",161,Undirected,1
46,215,Taylor's congregation,"""the relief""",161,Undirected,1
10,45,God,Bess (Taylor's mule),161,Undirected,1
41,45,May,Bess (Taylor's mule),161,Undirected,1
45,125,Bess (Taylor's mule),"""white folks"" (abstract)",161,Undirected,1
47,52,committee from congregation,"""sonny"" (congregation member)",161,Undirected,1
47,49,committee from congregation,Smith,161,Undirected,1
45,52,Bess (Taylor's mule),"""sonny"" (congregation member)",161,Undirected,1
45,49,Bess (Taylor's mule),Smith,161,Undirected,1
45,46,Bess (Taylor's mule),Taylor's congregation,161,Undirected,1
40,10,Jimmy,God,162,Undirected,1
56,125,Chief Bruden,"""white folks"" (abstract)",162,Undirected,1
49,31,Smith,Taylor,162,Undirected,1
51,58,the Devil,Sam (Jimmy's friend),162,Undirected,1
53,31,"""Sistah"" (congregation member)",Taylor,162,Undirected,1
10,53,God,"""Sistah"" (congregation member)",162,Undirected,1
53,58,"""Sistah"" (congregation member)",Sam (Jimmy's friend),162,Undirected,1
51,31,the Devil,Taylor,162,Undirected,1
54,57,"""Brother""  (congregation member)",Mr. Lowe,162,Undirected,1
52,57,"""sonny"" (congregation member)",Mr. Lowe,162,Undirected,1
54,55,"""Brother""  (congregation member)",Jesus Christ,162,Undirected,1
40,51,Jimmy,the Devil,162,Undirected,1
49,56,Smith,Chief Bruden,162,Undirected,1
46,51,Taylor's congregation,the Devil,162,Undirected,1
52,55,"""sonny"" (congregation member)",Jesus Christ,162,Undirected,1
53,54,"""Sistah"" (congregation member)","""Brother""  (congregation member)",162,Undirected,1
125,31,"""white folks"" (abstract)",Taylor,162,Undirected,1
49,54,Smith,"""Brother""  (congregation member)",162,Undirected,1
57,58,Mr. Lowe,Sam (Jimmy's friend),162,Undirected,1
46,58,Taylor's congregation,Sam (Jimmy's friend),162,Undirected,1
48,55,Mayor Bolton,Jesus Christ,162,Undirected,1
46,49,Taylor's congregation,Smith,162,Undirected,1
53,56,"""Sistah"" (congregation member)",Chief Bruden,162,Undirected,1
51,53,the Devil,"""Sistah"" (congregation member)",162,Undirected,1
49,58,Smith,Sam (Jimmy's friend),162,Undirected,1
10,55,God,Jesus Christ,162,Undirected,1
52,31,"""sonny"" (congregation member)",Taylor,162,Undirected,1
54,56,"""Brother""  (congregation member)",Chief Bruden,162,Undirected,1
48,125,Mayor Bolton,"""white folks"" (abstract)",162,Undirected,1
40,57,Jimmy,Mr. Lowe,162,Undirected,1
40,48,Jimmy,Mayor Bolton,162,Undirected,1
49,51,Smith,the Devil,162,Undirected,1
48,52,Mayor Bolton,"""sonny"" (congregation member)",162,Undirected,1
46,55,Taylor's congregation,Jesus Christ,162,Undirected,1
52,56,"""sonny"" (congregation member)",Chief Bruden,162,Undirected,1
40,55,Jimmy,Jesus Christ,162,Undirected,1
52,53,"""sonny"" (congregation member)","""Sistah"" (congregation member)",162,Undirected,1
10,46,God,Taylor's congregation,162,Undirected,1
40,46,Jimmy,Taylor's congregation,162,Undirected,1
10,57,God,Mr. Lowe,162,Undirected,1
10,48,God,Mayor Bolton,162,Undirected,1
52,54,"""sonny"" (congregation member)","""Brother""  (congregation member)",162,Undirected,1
58,125,Sam (Jimmy's friend),"""white folks"" (abstract)",162,Undirected,1
51,55,the Devil,Jesus Christ,162,Undirected,1
54,125,"""Brother""  (congregation member)","""white folks"" (abstract)",162,Undirected,1
56,58,Chief Bruden,Sam (Jimmy's friend),162,Undirected,1
40,53,Jimmy,"""Sistah"" (congregation member)",162,Undirected,1
48,57,Mayor Bolton,Mr. Lowe,162,Undirected,1
56,31,Chief Bruden,Taylor,162,Undirected,1
52,125,"""sonny"" (congregation member)","""white folks"" (abstract)",162,Undirected,1
46,53,Taylor's congregation,"""Sistah"" (congregation member)",162,Undirected,1
51,54,the Devil,"""Brother""  (congregation member)",162,Undirected,1
51,56,the Devil,Chief Bruden,162,Undirected,1
46,31,Taylor's congregation,Taylor,162,Undirected,1
48,58,Mayor Bolton,Sam (Jimmy's friend),162,Undirected,1
48,49,Mayor Bolton,Smith,162,Undirected,1
46,52,Taylor's congregation,"""sonny"" (congregation member)",162,Undirected,1
51,57,the Devil,Mr. Lowe,162,Undirected,1
10,56,God,Chief Bruden,162,Undirected,1
48,31,Mayor Bolton,Taylor,162,Undirected,1
55,125,Jesus Christ,"""white folks"" (abstract)",162,Undirected,1
53,55,"""Sistah"" (congregation member)",Jesus Christ,162,Undirected,1
40,125,Jimmy,"""white folks"" (abstract)",162,Undirected,1
40,52,Jimmy,"""sonny"" (congregation member)",162,Undirected,1
48,56,Mayor Bolton,Chief Bruden,162,Undirected,1
10,54,God,"""Brother""  (congregation member)",162,Undirected,1
58,31,Sam (Jimmy's friend),Taylor,162,Undirected,1
49,53,Smith,"""Sistah"" (congregation member)",162,Undirected,1
48,54,Mayor Bolton,"""Brother""  (congregation member)",162,Undirected,1
46,57,Taylor's congregation,Mr. Lowe,162,Undirected,1
10,125,God,"""white folks"" (abstract)",162,Undirected,1
54,31,"""Brother""  (congregation member)",Taylor,162,Undirected,1
46,48,Taylor's congregation,Mayor Bolton,162,Undirected,1
10,52,God,"""sonny"" (congregation member)",162,Undirected,1
52,58,"""sonny"" (congregation member)",Sam (Jimmy's friend),162,Undirected,1
55,57,Jesus Christ,Mr. Lowe,162,Undirected,1
57,31,Mr. Lowe,Taylor,162,Undirected,1
46,125,Taylor's congregation,"""white folks"" (abstract)",162,Undirected,1
40,54,Jimmy,"""Brother""  (congregation member)",162,Undirected,1
49,55,Smith,Jesus Christ,162,Undirected,1
57,125,Mr. Lowe,"""white folks"" (abstract)",162,Undirected,1
49,57,Smith,Mr. Lowe,162,Undirected,1
53,125,"""Sistah"" (congregation member)","""white folks"" (abstract)",162,Undirected,1
55,58,Jesus Christ,Sam (Jimmy's friend),162,Undirected,1
49,125,Smith,"""white folks"" (abstract)",162,Undirected,1
40,58,Jimmy,Sam (Jimmy's friend),162,Undirected,1
55,31,Jesus Christ,Taylor,162,Undirected,1
40,49,Jimmy,Smith,162,Undirected,1
49,52,Smith,"""sonny"" (congregation member)",162,Undirected,1
48,53,Mayor Bolton,"""Sistah"" (congregation member)",162,Undirected,1
46,56,Taylor's congregation,Chief Bruden,162,Undirected,1
51,125,the Devil,"""white folks"" (abstract)",162,Undirected,1
40,31,Jimmy,Taylor,162,Undirected,1
56,57,Chief Bruden,Mr. Lowe,162,Undirected,1
10,51,God,the Devil,162,Undirected,1
54,58,"""Brother""  (congregation member)",Sam (Jimmy's friend),162,Undirected,1
55,56,Jesus Christ,Chief Bruden,162,Undirected,1
40,56,Jimmy,Chief Bruden,162,Undirected,1
48,51,Mayor Bolton,the Devil,162,Undirected,1
46,54,Taylor's congregation,"""Brother""  (congregation member)",162,Undirected,1
10,58,God,Sam (Jimmy's friend),162,Undirected,1
10,49,God,Smith,162,Undirected,1
10,31,God,Taylor,162,Undirected,1
53,57,"""Sistah"" (congregation member)",Mr. Lowe,162,Undirected,1
51,52,the Devil,"""sonny"" (congregation member)",162,Undirected,1
46,60,Taylor's congregation,Bob (Jimmy's friend),163,Undirected,1
34,63,the Reds,Deacon Board,163,Undirected,1
61,62,Jack (Jimmy's friend),Jimmy's boys,163,Undirected,1
40,60,Jimmy,Bob (Jimmy's friend),163,Undirected,1
63,62,Deacon Board,Jimmy's boys,163,Undirected,1
56,31,Chief Bruden,Taylor,163,Undirected,1
34,56,the Reds,Chief Bruden,163,Undirected,1
58,59,Sam (Jimmy's friend),Pete (Jimmy's friend),163,Undirected,1
34,31,the Reds,Taylor,163,Undirected,1
128,125,"""black folks"" (abstract)","""white folks"" (abstract)",163,Undirected,1
128,63,"""black folks"" (abstract)",Deacon Board,163,Undirected,1
63,60,Deacon Board,Bob (Jimmy's friend),163,Undirected,1
56,125,Chief Bruden,"""white folks"" (abstract)",163,Undirected,1
48,62,Mayor Bolton,Jimmy's boys,163,Undirected,1
60,125,Bob (Jimmy's friend),"""white folks"" (abstract)",163,Undirected,1
61,60,Jack (Jimmy's friend),Bob (Jimmy's friend),163,Undirected,1
49,31,Smith,Taylor,163,Undirected,1
34,125,the Reds,"""white folks"" (abstract)",163,Undirected,1
34,61,the Reds,Jack (Jimmy's friend),163,Undirected,1
63,58,Deacon Board,Sam (Jimmy's friend),163,Undirected,1
128,59,"""black folks"" (abstract)",Pete (Jimmy's friend),163,Undirected,1
48,60,Mayor Bolton,Bob (Jimmy's friend),163,Undirected,1
49,56,Smith,Chief Bruden,163,Undirected,1
128,61,"""black folks"" (abstract)",Jack (Jimmy's friend),163,Undirected,1
34,40,the Reds,Jimmy,163,Undirected,1
58,62,Sam (Jimmy's friend),Jimmy's boys,163,Undirected,1
34,49,the Reds,Smith,163,Undirected,1
63,59,Deacon Board,Pete (Jimmy's friend),163,Undirected,1
48,125,Mayor Bolton,"""white folks"" (abstract)",163,Undirected,1
128,60,"""black folks"" (abstract)",Bob (Jimmy's friend),163,Undirected,1
49,60,Smith,Bob (Jimmy's friend),163,Undirected,1
48,61,Mayor Bolton,Jack (Jimmy's friend),163,Undirected,1
40,48,Jimmy,Mayor Bolton,163,Undirected,1
125,62,"""white folks"" (abstract)",Jimmy's boys,163,Undirected,1
61,59,Jack (Jimmy's friend),Pete (Jimmy's friend),163,Undirected,1
59,62,Pete (Jimmy's friend),Jimmy's boys,163,Undirected,1
128,58,"""black folks"" (abstract)",Sam (Jimmy's friend),163,Undirected,1
49,58,Smith,Sam (Jimmy's friend),163,Undirected,1
48,59,Mayor Bolton,Pete (Jimmy's friend),163,Undirected,1
46,62,Taylor's congregation,Jimmy's boys,163,Undirected,1
40,46,Jimmy,Taylor's congregation,163,Undirected,1
128,49,"""black folks"" (abstract)",Smith,163,Undirected,1
128,40,"""black folks"" (abstract)",Jimmy,163,Undirected,1
128,31,"""black folks"" (abstract)",Taylor,163,Undirected,1
62,31,Jimmy's boys,Taylor,163,Undirected,1
58,125,Sam (Jimmy's friend),"""white folks"" (abstract)",163,Undirected,1
59,60,Pete (Jimmy's friend),Bob (Jimmy's friend),163,Undirected,1
56,58,Chief Bruden,Sam (Jimmy's friend),163,Undirected,1
40,62,Jimmy,Jimmy's boys,163,Undirected,1
60,31,Bob (Jimmy's friend),Taylor,163,Undirected,1
128,56,"""black folks"" (abstract)",Chief Bruden,163,Undirected,1
56,59,Chief Bruden,Pete (Jimmy's friend),163,Undirected,1
128,48,"""black folks"" (abstract)",Mayor Bolton,163,Undirected,1
125,31,"""white folks"" (abstract)",Taylor,163,Undirected,1
46,125,Taylor's congregation,"""white folks"" (abstract)",163,Undirected,1
48,58,Mayor Bolton,Sam (Jimmy's friend),163,Undirected,1
46,61,Taylor's congregation,Jack (Jimmy's friend),163,Undirected,1
48,49,Mayor Bolton,Smith,163,Undirected,1
48,31,Mayor Bolton,Taylor,163,Undirected,1
61,56,Jack (Jimmy's friend),Chief Bruden,163,Undirected,1
56,60,Chief Bruden,Bob (Jimmy's friend),163,Undirected,1
34,60,the Reds,Bob (Jimmy's friend),163,Undirected,1
40,125,Jimmy,"""white folks"" (abstract)",163,Undirected,1
40,61,Jimmy,Jack (Jimmy's friend),163,Undirected,1
48,56,Mayor Bolton,Chief Bruden,163,Undirected,1
46,59,Taylor's congregation,Pete (Jimmy's friend),163,Undirected,1
34,58,the Reds,Sam (Jimmy's friend),163,Undirected,1
63,125,Deacon Board,"""white folks"" (abstract)",163,Undirected,1
63,61,Deacon Board,Jack (Jimmy's friend),163,Undirected,1
40,59,Jimmy,Pete (Jimmy's friend),163,Undirected,1
128,62,"""black folks"" (abstract)",Jimmy's boys,163,Undirected,1
49,62,Smith,Jimmy's boys,163,Undirected,1
58,31,Sam (Jimmy's friend),Taylor,163,Undirected,1
48,63,Mayor Bolton,Deacon Board,163,Undirected,1
46,48,Taylor's congregation,Mayor Bolton,163,Undirected,1
61,125,Jack (Jimmy's friend),"""white folks"" (abstract)",163,Undirected,1
34,59,the Reds,Pete (Jimmy's friend),163,Undirected,1
63,56,Deacon Board,Chief Bruden,163,Undirected,1
40,63,Jimmy,Deacon Board,163,Undirected,1
128,46,"""black folks"" (abstract)",Taylor's congregation,163,Undirected,1
34,62,the Reds,Jimmy's boys,163,Undirected,1
59,31,Pete (Jimmy's friend),Taylor,163,Undirected,1
61,31,Jack (Jimmy's friend),Taylor,163,Undirected,1
49,63,Smith,Deacon Board,163,Undirected,1
46,58,Taylor's congregation,Sam (Jimmy's friend),163,Undirected,1
46,49,Taylor's congregation,Smith,163,Undirected,1
58,60,Sam (Jimmy's friend),Bob (Jimmy's friend),163,Undirected,1
46,31,Taylor's congregation,Taylor,163,Undirected,1
49,125,Smith,"""white folks"" (abstract)",163,Undirected,1
40,58,Jimmy,Sam (Jimmy's friend),163,Undirected,1
49,61,Smith,Jack (Jimmy's friend),163,Undirected,1
40,49,Jimmy,Smith,163,Undirected,1
46,56,Taylor's congregation,Chief Bruden,163,Undirected,1
34,48,the Reds,Mayor Bolton,163,Undirected,1
63,31,Deacon Board,Taylor,163,Undirected,1
128,34,"""black folks"" (abstract)",the Reds,163,Undirected,1
34,46,the Reds,Taylor's congregation,163,Undirected,1
40,56,Jimmy,Chief Bruden,163,Undirected,1
49,59,Smith,Pete (Jimmy's friend),163,Undirected,1
61,58,Jack (Jimmy's friend),Sam (Jimmy's friend),163,Undirected,1
46,63,Taylor's congregation,Deacon Board,163,Undirected,1
60,62,Bob (Jimmy's friend),Jimmy's boys,163,Undirected,1
56,62,Chief Bruden,Jimmy's boys,163,Undirected,1
59,125,Pete (Jimmy's friend),"""white folks"" (abstract)",163,Undirected,1
40,31,Jimmy,Taylor,163,Undirected,1
61,62,Jack (Jimmy's friend),Jimmy's boys,164,Undirected,1
63,62,Deacon Board,Jimmy's boys,164,Undirected,1
63,60,Deacon Board,Bob (Jimmy's friend),164,Undirected,1
39,59,Green (Hadley's comrade),Pete (Jimmy's friend),164,Undirected,1
34,63,the Reds,Deacon Board,164,Undirected,1
41,59,May,Pete (Jimmy's friend),164,Undirected,1
39,125,Green (Hadley's comrade),"""white folks"" (abstract)",164,Undirected,1
34,38,the Reds,Hadley,164,Undirected,1
39,61,Green (Hadley's comrade),Jack (Jimmy's friend),164,Undirected,1
40,60,Jimmy,Bob (Jimmy's friend),164,Undirected,1
34,56,the Reds,Chief Bruden,164,Undirected,1
58,59,Sam (Jimmy's friend),Pete (Jimmy's friend),164,Undirected,1
48,62,Mayor Bolton,Jimmy's boys,164,Undirected,1
10,62,God,Jimmy's boys,164,Undirected,1
10,60,God,Bob (Jimmy's friend),164,Undirected,1
63,58,Deacon Board,Sam (Jimmy's friend),164,Undirected,1
38,40,Hadley,Jimmy,164,Undirected,1
60,61,Bob (Jimmy's friend),Jack (Jimmy's friend),164,Undirected,1
49,31,Smith,Taylor,164,Undirected,1
41,48,May,Mayor Bolton,164,Undirected,1
38,31,Hadley,Taylor,164,Undirected,1
34,125,the Reds,"""white folks"" (abstract)",164,Undirected,1
56,61,Chief Bruden,Jack (Jimmy's friend),164,Undirected,1
40,10,Jimmy,God,164,Undirected,1
34,61,the Reds,Jack (Jimmy's friend),164,Undirected,1
48,60,Mayor Bolton,Bob (Jimmy's friend),164,Undirected,1
39,48,Green (Hadley's comrade),Mayor Bolton,164,Undirected,1
49,56,Smith,Chief Bruden,164,Undirected,1
41,61,May,Jack (Jimmy's friend),164,Undirected,1
38,56,Hadley,Chief Bruden,164,Undirected,1
38,49,Hadley,Smith,164,Undirected,1
41,125,May,"""white folks"" (abstract)",164,Undirected,1
39,49,Green (Hadley's comrade),Smith,164,Undirected,1
56,31,Chief Bruden,Taylor,164,Undirected,1
41,31,May,Taylor,164,Undirected,1
63,59,Deacon Board,Pete (Jimmy's friend),164,Undirected,1
49,60,Smith,Bob (Jimmy's friend),164,Undirected,1
48,125,Mayor Bolton,"""white folks"" (abstract)",164,Undirected,1
38,60,Hadley,Bob (Jimmy's friend),164,Undirected,1
39,58,Green (Hadley's comrade),Sam (Jimmy's friend),164,Undirected,1
48,61,Mayor Bolton,Jack (Jimmy's friend),164,Undirected,1
40,48,Jimmy,Mayor Bolton,164,Undirected,1
58,62,Sam (Jimmy's friend),Jimmy's boys,164,Undirected,1
39,40,Green (Hadley's comrade),Jimmy,164,Undirected,1
10,59,God,Pete (Jimmy's friend),164,Undirected,1
39,31,Green (Hadley's comrade),Taylor,164,Undirected,1
125,62,"""white folks"" (abstract)",Jimmy's boys,164,Undirected,1
41,56,May,Chief Bruden,164,Undirected,1
59,62,Pete (Jimmy's friend),Jimmy's boys,164,Undirected,1
49,58,Smith,Sam (Jimmy's friend),164,Undirected,1
38,58,Hadley,Sam (Jimmy's friend),164,Undirected,1
34,40,the Reds,Jimmy,164,Undirected,1
34,49,the Reds,Smith,164,Undirected,1
39,63,Green (Hadley's comrade),Deacon Board,164,Undirected,1
60,31,Bob (Jimmy's friend),Taylor,164,Undirected,1
40,62,Jimmy,Jimmy's boys,164,Undirected,1
38,10,Hadley,God,164,Undirected,1
34,31,the Reds,Taylor,164,Undirected,1
56,58,Chief Bruden,Sam (Jimmy's friend),164,Undirected,1
59,60,Pete (Jimmy's friend),Bob (Jimmy's friend),164,Undirected,1
10,48,God,Mayor Bolton,164,Undirected,1
41,63,May,Deacon Board,164,Undirected,1
62,31,Jimmy's boys,Taylor,164,Undirected,1
48,59,Mayor Bolton,Pete (Jimmy's friend),164,Undirected,1
39,56,Green (Hadley's comrade),Chief Bruden,164,Undirected,1
58,61,Sam (Jimmy's friend),Jack (Jimmy's friend),164,Undirected,1
125,58,"""white folks"" (abstract)",Sam (Jimmy's friend),164,Undirected,1
125,60,"""white folks"" (abstract)",Bob (Jimmy's friend),164,Undirected,1
34,59,the Reds,Pete (Jimmy's friend),164,Undirected,1
63,56,Deacon Board,Chief Bruden,164,Undirected,1
48,58,Mayor Bolton,Sam (Jimmy's friend),164,Undirected,1
41,10,May,God,164,Undirected,1
38,48,Hadley,Mayor Bolton,164,Undirected,1
48,49,Mayor Bolton,Smith,164,Undirected,1
38,39,Hadley,Green (Hadley's comrade),164,Undirected,1
10,56,God,Chief Bruden,164,Undirected,1
48,31,Mayor Bolton,Taylor,164,Undirected,1
125,59,"""white folks"" (abstract)",Pete (Jimmy's friend),164,Undirected,1
56,60,Chief Bruden,Bob (Jimmy's friend),164,Undirected,1
34,60,the Reds,Bob (Jimmy's friend),164,Undirected,1
39,10,Green (Hadley's comrade),God,164,Undirected,1
40,125,Jimmy,"""white folks"" (abstract)",164,Undirected,1
40,61,Jimmy,Jack (Jimmy's friend),164,Undirected,1
48,56,Mayor Bolton,Chief Bruden,164,Undirected,1
10,63,God,Deacon Board,164,Undirected,1
58,31,Sam (Jimmy's friend),Taylor,164,Undirected,1
56,59,Chief Bruden,Pete (Jimmy's friend),164,Undirected,1
41,49,May,Smith,164,Undirected,1
34,10,the Reds,God,164,Undirected,1
41,58,May,Sam (Jimmy's friend),164,Undirected,1
10,61,God,Jack (Jimmy's friend),164,Undirected,1
10,125,God,"""white folks"" (abstract)",164,Undirected,1
40,63,Jimmy,Deacon Board,164,Undirected,1
40,41,Jimmy,May,164,Undirected,1
39,60,Green (Hadley's comrade),Bob (Jimmy's friend),164,Undirected,1
38,62,Hadley,Jimmy's boys,164,Undirected,1
40,59,Jimmy,Pete (Jimmy's friend),164,Undirected,1
49,62,Smith,Jimmy's boys,164,Undirected,1
63,61,Deacon Board,Jack (Jimmy's friend),164,Undirected,1
63,125,Deacon Board,"""white folks"" (abstract)",164,Undirected,1
48,63,Mayor Bolton,Deacon Board,164,Undirected,1
61,31,Jack (Jimmy's friend),Taylor,164,Undirected,1
34,58,the Reds,Sam (Jimmy's friend),164,Undirected,1
34,62,the Reds,Jimmy's boys,164,Undirected,1
34,41,the Reds,May,164,Undirected,1
10,31,God,Taylor,164,Undirected,1
59,31,Pete (Jimmy's friend),Taylor,164,Undirected,1
125,31,"""white folks"" (abstract)",Taylor,164,Undirected,1
49,63,Smith,Deacon Board,164,Undirected,1
38,63,Hadley,Deacon Board,164,Undirected,1
41,62,May,Jimmy's boys,164,Undirected,1
58,60,Sam (Jimmy's friend),Bob (Jimmy's friend),164,Undirected,1
125,56,"""white folks"" (abstract)",Chief Bruden,164,Undirected,1
34,48,the Reds,Mayor Bolton,164,Undirected,1
49,125,Smith,"""white folks"" (abstract)",164,Undirected,1
34,39,the Reds,Green (Hadley's comrade),164,Undirected,1
38,125,Hadley,"""white folks"" (abstract)",164,Undirected,1
49,61,Smith,Jack (Jimmy's friend),164,Undirected,1
40,58,Jimmy,Sam (Jimmy's friend),164,Undirected,1
39,62,Green (Hadley's comrade),Jimmy's boys,164,Undirected,1
10,58,God,Sam (Jimmy's friend),164,Undirected,1
56,62,Chief Bruden,Jimmy's boys,164,Undirected,1
125,61,"""white folks"" (abstract)",Jack (Jimmy's friend),164,Undirected,1
10,49,God,Smith,164,Undirected,1
63,31,Deacon Board,Taylor,164,Undirected,1
60,62,Bob (Jimmy's friend),Jimmy's boys,164,Undirected,1
38,41,Hadley,May,164,Undirected,1
38,61,Hadley,Jack (Jimmy's friend),164,Undirected,1
38,59,Hadley,Pete (Jimmy's friend),164,Undirected,1
40,56,Jimmy,Chief Bruden,164,Undirected,1
49,59,Smith,Pete (Jimmy's friend),164,Undirected,1
40,31,Jimmy,Taylor,164,Undirected,1
39,41,Green (Hadley's comrade),May,164,Undirected,1
41,60,May,Bob (Jimmy's friend),164,Undirected,1
40,49,Jimmy,Smith,164,Undirected,1
59,61,Pete (Jimmy's friend),Jack (Jimmy's friend),164,Undirected,1
66,47,Sister Harris,committee from congregation,165,Undirected,1
49,31,Smith,Taylor,165,Undirected,1
47,243,committee from congregation,woman with baby (congregation member),165,Undirected,1
65,48,"""thin black woman""",Mayor Bolton,165,Undirected,1
66,56,Sister Harris,Chief Bruden,165,Undirected,1
70,243,Brother Booker,woman with baby (congregation member),165,Undirected,1
38,31,Hadley,Taylor,165,Undirected,1
38,49,Hadley,Smith,165,Undirected,1
39,242,Green (Hadley's comrade),man with wife (congregation member),165,Undirected,1
242,56,man with wife (congregation member),Chief Bruden,165,Undirected,1
67,39,Sister Davis,Green (Hadley's comrade),165,Undirected,1
64,49,the police,Smith,165,Undirected,1
68,10,Sister James,God,165,Undirected,1
66,31,Sister Harris,Taylor,165,Undirected,1
34,70,the Reds,Brother Booker,165,Undirected,1
64,31,the police,Taylor,165,Undirected,1
66,38,Sister Harris,Hadley,165,Undirected,1
67,10,Sister Davis,God,165,Undirected,1
64,65,the police,"""thin black woman""",165,Undirected,1
66,49,Sister Harris,Smith,165,Undirected,1
34,242,the Reds,man with wife (congregation member),165,Undirected,1
65,46,"""thin black woman""",Taylor's congregation,165,Undirected,1
38,47,Hadley,committee from congregation,165,Undirected,1
243,31,woman with baby (congregation member),Taylor,165,Undirected,1
38,56,Hadley,Chief Bruden,165,Undirected,1
64,38,the police,Hadley,165,Undirected,1
65,39,"""thin black woman""",Green (Hadley's comrade),165,Undirected,1
68,243,Sister James,woman with baby (congregation member),165,Undirected,1
49,56,Smith,Chief Bruden,165,Undirected,1
39,48,Green (Hadley's comrade),Mayor Bolton,165,Undirected,1
64,47,the police,committee from congregation,165,Undirected,1
67,46,Sister Davis,Taylor's congregation,165,Undirected,1
47,31,committee from congregation,Taylor,165,Undirected,1
64,56,the police,Chief Bruden,165,Undirected,1
47,49,committee from congregation,Smith,165,Undirected,1
46,243,Taylor's congregation,woman with baby (congregation member),165,Undirected,1
68,46,Sister James,Taylor's congregation,165,Undirected,1
65,68,"""thin black woman""",Sister James,165,Undirected,1
34,38,the Reds,Hadley,165,Undirected,1
66,10,Sister Harris,God,165,Undirected,1
39,56,Green (Hadley's comrade),Chief Bruden,165,Undirected,1
48,242,Mayor Bolton,man with wife (congregation member),165,Undirected,1
67,48,Sister Davis,Mayor Bolton,165,Undirected,1
34,243,the Reds,woman with baby (congregation member),165,Undirected,1
68,34,Sister James,the Reds,165,Undirected,1
64,67,the police,Sister Davis,165,Undirected,1
39,31,Green (Hadley's comrade),Taylor,165,Undirected,1
64,39,the police,Green (Hadley's comrade),165,Undirected,1
10,242,God,man with wife (congregation member),165,Undirected,1
65,242,"""thin black woman""",man with wife (congregation member),165,Undirected,1
39,49,Green (Hadley's comrade),Smith,165,Undirected,1
66,67,Sister Harris,Sister Davis,165,Undirected,1
70,46,Brother Booker,Taylor's congregation,165,Undirected,1
47,56,committee from congregation,Chief Bruden,165,Undirected,1
39,47,Green (Hadley's comrade),committee from congregation,165,Undirected,1
64,46,the police,Taylor's congregation,165,Undirected,1
65,66,"""thin black woman""",Sister Harris,165,Undirected,1
10,48,God,Mayor Bolton,165,Undirected,1
38,243,Hadley,woman with baby (congregation member),165,Undirected,1
49,243,Smith,woman with baby (congregation member),165,Undirected,1
34,47,the Reds,committee from congregation,165,Undirected,1
34,56,the Reds,Chief Bruden,165,Undirected,1
64,243,the police,woman with baby (congregation member),165,Undirected,1
65,34,"""thin black woman""",the Reds,165,Undirected,1
243,56,woman with baby (congregation member),Chief Bruden,165,Undirected,1
70,10,Brother Booker,God,165,Undirected,1
68,39,Sister James,Green (Hadley's comrade),165,Undirected,1
66,243,Sister Harris,woman with baby (congregation member),165,Undirected,1
34,31,the Reds,Taylor,165,Undirected,1
56,31,Chief Bruden,Taylor,165,Undirected,1
242,243,man with wife (congregation member),woman with baby (congregation member),165,Undirected,1
34,49,the Reds,Smith,165,Undirected,1
38,10,Hadley,God,165,Undirected,1
64,10,the police,God,165,Undirected,1
10,46,God,Taylor's congregation,165,Undirected,1
70,49,Brother Booker,Smith,165,Undirected,1
10,49,God,Smith,165,Undirected,1
70,31,Brother Booker,Taylor,165,Undirected,1
10,47,God,committee from congregation,165,Undirected,1
48,31,Mayor Bolton,Taylor,165,Undirected,1
65,47,"""thin black woman""",committee from congregation,165,Undirected,1
66,46,Sister Harris,Taylor's congregation,165,Undirected,1
10,56,God,Chief Bruden,165,Undirected,1
65,56,"""thin black woman""",Chief Bruden,165,Undirected,1
38,39,Hadley,Green (Hadley's comrade),165,Undirected,1
48,49,Mayor Bolton,Smith,165,Undirected,1
39,46,Green (Hadley's comrade),Taylor's congregation,165,Undirected,1
38,48,Hadley,Mayor Bolton,165,Undirected,1
67,38,Sister Davis,Hadley,165,Undirected,1
68,70,Sister James,Brother Booker,165,Undirected,1
64,48,the police,Mayor Bolton,165,Undirected,1
67,47,Sister Davis,committee from congregation,165,Undirected,1
67,56,Sister Davis,Chief Bruden,165,Undirected,1
70,242,Brother Booker,man with wife (congregation member),165,Undirected,1
65,38,"""thin black woman""",Hadley,165,Undirected,1
39,10,Green (Hadley's comrade),God,165,Undirected,1
47,48,committee from congregation,Mayor Bolton,165,Undirected,1
66,39,Sister Harris,Green (Hadley's comrade),165,Undirected,1
67,242,Sister Davis,man with wife (congregation member),165,Undirected,1
67,68,Sister Davis,Sister James,165,Undirected,1
34,10,the Reds,God,165,Undirected,1
68,48,Sister James,Mayor Bolton,165,Undirected,1
46,48,Taylor's congregation,Mayor Bolton,165,Undirected,1
65,70,"""thin black woman""",Brother Booker,165,Undirected,1
10,31,God,Taylor,165,Undirected,1
67,34,Sister Davis,the Reds,165,Undirected,1
70,48,Brother Booker,Mayor Bolton,165,Undirected,1
67,70,Sister Davis,Brother Booker,165,Undirected,1
64,34,the police,the Reds,165,Undirected,1
38,46,Hadley,Taylor's congregation,165,Undirected,1
48,56,Mayor Bolton,Chief Bruden,165,Undirected,1
68,242,Sister James,man with wife (congregation member),165,Undirected,1
46,242,Taylor's congregation,man with wife (congregation member),165,Undirected,1
70,39,Brother Booker,Green (Hadley's comrade),165,Undirected,1
64,66,the police,Sister Harris,165,Undirected,1
39,243,Green (Hadley's comrade),woman with baby (congregation member),165,Undirected,1
47,242,committee from congregation,man with wife (congregation member),165,Undirected,1
66,68,Sister Harris,Sister James,165,Undirected,1
34,39,the Reds,Green (Hadley's comrade),165,Undirected,1
70,38,Brother Booker,Hadley,165,Undirected,1
34,48,the Reds,Mayor Bolton,165,Undirected,1
70,47,Brother Booker,committee from congregation,165,Undirected,1
242,31,man with wife (congregation member),Taylor,165,Undirected,1
70,56,Brother Booker,Chief Bruden,165,Undirected,1
64,70,the police,Brother Booker,165,Undirected,1
67,243,Sister Davis,woman with baby (congregation member),165,Undirected,1
66,34,Sister Harris,the Reds,165,Undirected,1
46,31,Taylor's congregation,Taylor,165,Undirected,1
68,49,Sister James,Smith,165,Undirected,1
46,49,Taylor's congregation,Smith,165,Undirected,1
66,70,Sister Harris,Brother Booker,165,Undirected,1
65,31,"""thin black woman""",Taylor,165,Undirected,1
66,242,Sister Harris,man with wife (congregation member),165,Undirected,1
46,56,Taylor's congregation,Chief Bruden,165,Undirected,1
68,31,Sister James,Taylor,165,Undirected,1
68,56,Sister James,Chief Bruden,165,Undirected,1
65,243,"""thin black woman""",woman with baby (congregation member),165,Undirected,1
65,49,"""thin black woman""",Smith,165,Undirected,1
66,48,Sister Harris,Mayor Bolton,165,Undirected,1
65,10,"""thin black woman""",God,165,Undirected,1
67,31,Sister Davis,Taylor,165,Undirected,1
48,243,Mayor Bolton,woman with baby (congregation member),165,Undirected,1
38,242,Hadley,man with wife (congregation member),165,Undirected,1
49,242,Smith,man with wife (congregation member),165,Undirected,1
65,67,"""thin black woman""",Sister Davis,165,Undirected,1
67,49,Sister Davis,Smith,165,Undirected,1
34,46,the Reds,Taylor's congregation,165,Undirected,1
64,242,the police,man with wife (congregation member),165,Undirected,1
64,68,the police,Sister James,165,Undirected,1
68,38,Sister James,Hadley,165,Undirected,1
68,47,Sister James,committee from congregation,165,Undirected,1
46,47,Taylor's congregation,committee from congregation,165,Undirected,1
10,243,God,woman with baby (congregation member),165,Undirected,1
225,10,baby (of congregation member),God,166,Undirected,1
69,55,children of thin black woman,Jesus Christ,166,Undirected,1
70,243,Brother Booker,woman with baby (congregation member),166,Undirected,1
49,31,Smith,Taylor,166,Undirected,1
226,66,wife (of congregation member),Sister Harris,166,Undirected,1
68,10,Sister James,God,166,Undirected,1
65,69,"""thin black woman""",children of thin black woman,166,Undirected,1
69,66,children of thin black woman,Sister Harris,166,Undirected,1
225,67,baby (of congregation member),Sister Davis,166,Undirected,1
66,31,Sister Harris,Taylor,166,Undirected,1
67,69,Sister Davis,children of thin black woman,166,Undirected,1
225,49,baby (of congregation member),Smith,166,Undirected,1
225,65,baby (of congregation member),"""thin black woman""",166,Undirected,1
226,46,wife (of congregation member),Taylor's congregation,166,Undirected,1
46,243,Taylor's congregation,woman with baby (congregation member),166,Undirected,1
68,243,Sister James,woman with baby (congregation member),166,Undirected,1
243,31,woman with baby (congregation member),Taylor,166,Undirected,1
67,10,Sister Davis,God,166,Undirected,1
65,46,"""thin black woman""",Taylor's congregation,166,Undirected,1
226,55,wife (of congregation member),Jesus Christ,166,Undirected,1
70,49,Brother Booker,Smith,166,Undirected,1
125,31,"""white folks"" (abstract)",Taylor,166,Undirected,1
65,10,"""thin black woman""",God,166,Undirected,1
242,125,man with wife (congregation member),"""white folks"" (abstract)",166,Undirected,1
70,31,Brother Booker,Taylor,166,Undirected,1
68,46,Sister James,Taylor's congregation,166,Undirected,1
66,125,Sister Harris,"""white folks"" (abstract)",166,Undirected,1
67,46,Sister Davis,Taylor's congregation,166,Undirected,1
226,242,wife (of congregation member),man with wife (congregation member),166,Undirected,1
225,55,baby (of congregation member),Jesus Christ,166,Undirected,1
70,10,Brother Booker,God,166,Undirected,1
46,49,Taylor's congregation,Smith,166,Undirected,1
70,46,Brother Booker,Taylor's congregation,166,Undirected,1
226,31,wife (of congregation member),Taylor,166,Undirected,1
46,55,Taylor's congregation,Jesus Christ,166,Undirected,1
65,68,"""thin black woman""",Sister James,166,Undirected,1
65,242,"""thin black woman""",man with wife (congregation member),166,Undirected,1
68,55,Sister James,Jesus Christ,166,Undirected,1
10,242,God,man with wife (congregation member),166,Undirected,1
226,68,wife (of congregation member),Sister James,166,Undirected,1
242,55,man with wife (congregation member),Jesus Christ,166,Undirected,1
67,66,Sister Davis,Sister Harris,166,Undirected,1
66,10,Sister Harris,God,166,Undirected,1
65,66,"""thin black woman""",Sister Harris,166,Undirected,1
225,46,baby (of congregation member),Taylor's congregation,166,Undirected,1
69,70,children of thin black woman,Brother Booker,166,Undirected,1
69,125,children of thin black woman,"""white folks"" (abstract)",166,Undirected,1
67,55,Sister Davis,Jesus Christ,166,Undirected,1
242,243,man with wife (congregation member),woman with baby (congregation member),166,Undirected,1
66,243,Sister Harris,woman with baby (congregation member),166,Undirected,1
65,55,"""thin black woman""",Jesus Christ,166,Undirected,1
10,55,God,Jesus Christ,166,Undirected,1
10,46,God,Taylor's congregation,166,Undirected,1
69,68,children of thin black woman,Sister James,166,Undirected,1
69,242,children of thin black woman,man with wife (congregation member),166,Undirected,1
225,69,baby (of congregation member),children of thin black woman,166,Undirected,1
225,243,baby (of congregation member),woman with baby (congregation member),166,Undirected,1
49,243,Smith,woman with baby (congregation member),166,Undirected,1
66,49,Sister Harris,Smith,166,Undirected,1
68,49,Sister James,Smith,166,Undirected,1
67,31,Sister Davis,Taylor,166,Undirected,1
68,31,Sister James,Taylor,166,Undirected,1
226,10,wife (of congregation member),God,166,Undirected,1
226,65,wife (of congregation member),"""thin black woman""",166,Undirected,1
66,46,Sister Harris,Taylor's congregation,166,Undirected,1
70,68,Brother Booker,Sister James,166,Undirected,1
70,242,Brother Booker,man with wife (congregation member),166,Undirected,1
69,243,children of thin black woman,woman with baby (congregation member),166,Undirected,1
55,125,Jesus Christ,"""white folks"" (abstract)",166,Undirected,1
46,242,Taylor's congregation,man with wife (congregation member),166,Undirected,1
68,242,Sister James,man with wife (congregation member),166,Undirected,1
49,55,Smith,Jesus Christ,166,Undirected,1
225,226,baby (of congregation member),wife (of congregation member),166,Undirected,1
70,66,Brother Booker,Sister Harris,166,Undirected,1
67,70,Sister Davis,Brother Booker,166,Undirected,1
67,125,Sister Davis,"""white folks"" (abstract)",166,Undirected,1
243,55,woman with baby (congregation member),Jesus Christ,166,Undirected,1
69,49,children of thin black woman,Smith,166,Undirected,1
46,31,Taylor's congregation,Taylor,166,Undirected,1
69,31,children of thin black woman,Taylor,166,Undirected,1
68,66,Sister James,Sister Harris,166,Undirected,1
65,70,"""thin black woman""",Brother Booker,166,Undirected,1
65,125,"""thin black woman""","""white folks"" (abstract)",166,Undirected,1
10,125,God,"""white folks"" (abstract)",166,Undirected,1
226,70,wife (of congregation member),Brother Booker,166,Undirected,1
226,125,wife (of congregation member),"""white folks"" (abstract)",166,Undirected,1
67,68,Sister Davis,Sister James,166,Undirected,1
67,242,Sister Davis,man with wife (congregation member),166,Undirected,1
70,55,Brother Booker,Jesus Christ,166,Undirected,1
66,55,Sister Harris,Jesus Christ,166,Undirected,1
68,125,Sister James,"""white folks"" (abstract)",166,Undirected,1
225,242,baby (of congregation member),man with wife (congregation member),166,Undirected,1
225,66,baby (of congregation member),Sister Harris,166,Undirected,1
46,125,Taylor's congregation,"""white folks"" (abstract)",166,Undirected,1
67,243,Sister Davis,woman with baby (congregation member),166,Undirected,1
242,31,man with wife (congregation member),Taylor,166,Undirected,1
225,70,baby (of congregation member),Brother Booker,166,Undirected,1
225,125,baby (of congregation member),"""white folks"" (abstract)",166,Undirected,1
49,125,Smith,"""white folks"" (abstract)",166,Undirected,1
66,242,Sister Harris,man with wife (congregation member),166,Undirected,1
65,243,"""thin black woman""",woman with baby (congregation member),166,Undirected,1
10,243,God,woman with baby (congregation member),166,Undirected,1
226,69,wife (of congregation member),children of thin black woman,166,Undirected,1
226,243,wife (of congregation member),woman with baby (congregation member),166,Undirected,1
225,31,baby (of congregation member),Taylor,166,Undirected,1
243,125,woman with baby (congregation member),"""white folks"" (abstract)",166,Undirected,1
55,31,Jesus Christ,Taylor,166,Undirected,1
69,46,children of thin black woman,Taylor's congregation,166,Undirected,1
10,31,God,Taylor,166,Undirected,1
225,68,baby (of congregation member),Sister James,166,Undirected,1
65,31,"""thin black woman""",Taylor,166,Undirected,1
226,49,wife (of congregation member),Smith,166,Undirected,1
10,49,God,Smith,166,Undirected,1
65,49,"""thin black woman""",Smith,166,Undirected,1
70,125,Brother Booker,"""white folks"" (abstract)",166,Undirected,1
69,10,children of thin black woman,God,166,Undirected,1
226,67,wife (of congregation member),Sister Davis,166,Undirected,1
65,67,"""thin black woman""",Sister Davis,166,Undirected,1
49,242,Smith,man with wife (congregation member),166,Undirected,1
67,49,Sister Davis,Smith,166,Undirected,1
68,10,Sister James,God,167,Undirected,1
72,46,"""chillun of Israel""",Taylor's congregation,167,Undirected,1
70,10,Brother Booker,God,167,Undirected,1
68,46,Sister James,Taylor's congregation,167,Undirected,1
66,31,Sister Harris,Taylor,167,Undirected,1
68,74,Sister James,Jonah,167,Undirected,1
70,74,Brother Booker,Jonah,167,Undirected,1
70,72,Brother Booker,"""chillun of Israel""",167,Undirected,1
46,243,Taylor's congregation,woman with baby (congregation member),167,Undirected,1
70,243,Brother Booker,woman with baby (congregation member),167,Undirected,1
72,243,"""chillun of Israel""",woman with baby (congregation member),167,Undirected,1
67,46,Sister Davis,Taylor's congregation,167,Undirected,1
68,243,Sister James,woman with baby (congregation member),167,Undirected,1
243,31,woman with baby (congregation member),Taylor,167,Undirected,1
72,55,"""chillun of Israel""",Jesus Christ,167,Undirected,1
67,74,Sister Davis,Jonah,167,Undirected,1
74,243,Jonah,woman with baby (congregation member),167,Undirected,1
74,46,Jonah,Taylor's congregation,167,Undirected,1
46,55,Taylor's congregation,Jesus Christ,167,Undirected,1
10,55,God,Jesus Christ,167,Undirected,1
67,10,Sister Davis,God,167,Undirected,1
66,67,Sister Harris,Sister Davis,167,Undirected,1
65,68,"""thin black woman""",Sister James,167,Undirected,1
65,242,"""thin black woman""",man with wife (congregation member),167,Undirected,1
68,55,Sister James,Jesus Christ,167,Undirected,1
10,242,God,man with wife (congregation member),167,Undirected,1
242,55,man with wife (congregation member),Jesus Christ,167,Undirected,1
10,46,God,Taylor's congregation,167,Undirected,1
72,242,"""chillun of Israel""",man with wife (congregation member),167,Undirected,1
66,10,Sister Harris,God,167,Undirected,1
65,66,"""thin black woman""",Sister Harris,167,Undirected,1
67,55,Sister Davis,Jesus Christ,167,Undirected,1
70,46,Brother Booker,Taylor's congregation,167,Undirected,1
242,243,man with wife (congregation member),woman with baby (congregation member),167,Undirected,1
66,243,Sister Harris,woman with baby (congregation member),167,Undirected,1
65,55,"""thin black woman""",Jesus Christ,167,Undirected,1
66,74,Sister Harris,Jonah,167,Undirected,1
65,46,"""thin black woman""",Taylor's congregation,167,Undirected,1
66,72,Sister Harris,"""chillun of Israel""",167,Undirected,1
65,74,"""thin black woman""",Jonah,167,Undirected,1
10,31,God,Taylor,167,Undirected,1
68,70,Sister James,Brother Booker,167,Undirected,1
74,242,Jonah,man with wife (congregation member),167,Undirected,1
66,55,Sister Harris,Jesus Christ,167,Undirected,1
66,46,Sister Harris,Taylor's congregation,167,Undirected,1
70,242,Brother Booker,man with wife (congregation member),167,Undirected,1
46,242,Taylor's congregation,man with wife (congregation member),167,Undirected,1
65,31,"""thin black woman""",Taylor,167,Undirected,1
68,242,Sister James,man with wife (congregation member),167,Undirected,1
243,55,woman with baby (congregation member),Jesus Christ,167,Undirected,1
65,70,"""thin black woman""",Brother Booker,167,Undirected,1
74,55,Jonah,Jesus Christ,167,Undirected,1
67,68,Sister Davis,Sister James,167,Undirected,1
67,242,Sister Davis,man with wife (congregation member),167,Undirected,1
70,55,Brother Booker,Jesus Christ,167,Undirected,1
74,31,Jonah,Taylor,167,Undirected,1
65,72,"""thin black woman""","""chillun of Israel""",167,Undirected,1
65,67,"""thin black woman""",Sister Davis,167,Undirected,1
67,70,Sister Davis,Brother Booker,167,Undirected,1
68,72,Sister James,"""chillun of Israel""",167,Undirected,1
67,31,Sister Davis,Taylor,167,Undirected,1
10,74,God,Jonah,167,Undirected,1
65,10,"""thin black woman""",God,167,Undirected,1
70,31,Brother Booker,Taylor,167,Undirected,1
66,70,Sister Harris,Brother Booker,167,Undirected,1
67,72,Sister Davis,"""chillun of Israel""",167,Undirected,1
46,31,Taylor's congregation,Taylor,167,Undirected,1
68,31,Sister James,Taylor,167,Undirected,1
72,31,"""chillun of Israel""",Taylor,167,Undirected,1
242,31,man with wife (congregation member),Taylor,167,Undirected,1
10,243,God,woman with baby (congregation member),167,Undirected,1
67,243,Sister Davis,woman with baby (congregation member),167,Undirected,1
66,242,Sister Harris,man with wife (congregation member),167,Undirected,1
66,68,Sister Harris,Sister James,167,Undirected,1
65,243,"""thin black woman""",woman with baby (congregation member),167,Undirected,1
72,10,"""chillun of Israel""",God,167,Undirected,1
72,74,"""chillun of Israel""",Jonah,167,Undirected,1
55,31,Jesus Christ,Taylor,167,Undirected,1
70,243,Brother Booker,woman with baby (congregation member),168,Undirected,1
68,46,Sister James,Taylor's congregation,168,Undirected,1
77,125,Saul,"""white folks"" (abstract)",168,Undirected,1
70,10,Brother Booker,God,168,Undirected,1
46,83,Taylor's congregation,children in the playground,168,Undirected,1
66,31,Sister Harris,Taylor,168,Undirected,1
68,83,Sister James,children in the playground,168,Undirected,1
242,83,man with wife (congregation member),children in the playground,168,Undirected,1
68,10,Sister James,God,168,Undirected,1
67,76,Sister Davis,Jacob,168,Undirected,1
65,76,"""thin black woman""",Jacob,168,Undirected,1
76,46,Jacob,Taylor's congregation,168,Undirected,1
67,46,Sister Davis,Taylor's congregation,168,Undirected,1
46,243,Taylor's congregation,woman with baby (congregation member),168,Undirected,1
68,243,Sister James,woman with baby (congregation member),168,Undirected,1
243,31,woman with baby (congregation member),Taylor,168,Undirected,1
67,83,Sister Davis,children in the playground,168,Undirected,1
83,125,children in the playground,"""white folks"" (abstract)",168,Undirected,1
76,55,Jacob,Jesus Christ,168,Undirected,1
67,10,Sister Davis,God,168,Undirected,1
65,46,"""thin black woman""",Taylor's congregation,168,Undirected,1
65,83,"""thin black woman""",children in the playground,168,Undirected,1
70,83,Brother Booker,children in the playground,168,Undirected,1
10,76,God,Jacob,168,Undirected,1
83,31,children in the playground,Taylor,168,Undirected,1
65,68,"""thin black woman""",Sister James,168,Undirected,1
10,46,God,Taylor's congregation,168,Undirected,1
70,46,Brother Booker,Taylor's congregation,168,Undirected,1
76,77,Jacob,Saul,168,Undirected,1
65,77,"""thin black woman""",Saul,168,Undirected,1
46,55,Taylor's congregation,Jesus Christ,168,Undirected,1
10,77,God,Saul,168,Undirected,1
66,67,Sister Harris,Sister Davis,168,Undirected,1
76,83,Jacob,children in the playground,168,Undirected,1
65,242,"""thin black woman""",man with wife (congregation member),168,Undirected,1
76,242,Jacob,man with wife (congregation member),168,Undirected,1
68,55,Sister James,Jesus Christ,168,Undirected,1
10,242,God,man with wife (congregation member),168,Undirected,1
242,55,man with wife (congregation member),Jesus Christ,168,Undirected,1
66,83,Sister Harris,children in the playground,168,Undirected,1
66,10,Sister Harris,God,168,Undirected,1
77,31,Saul,Taylor,168,Undirected,1
65,66,"""thin black woman""",Sister Harris,168,Undirected,1
67,55,Sister Davis,Jesus Christ,168,Undirected,1
242,243,man with wife (congregation member),woman with baby (congregation member),168,Undirected,1
66,243,Sister Harris,woman with baby (congregation member),168,Undirected,1
65,55,"""thin black woman""",Jesus Christ,168,Undirected,1
10,55,God,Jesus Christ,168,Undirected,1
70,76,Brother Booker,Jacob,168,Undirected,1
243,83,woman with baby (congregation member),children in the playground,168,Undirected,1
68,76,Sister James,Jacob,168,Undirected,1
10,83,God,children in the playground,168,Undirected,1
66,76,Sister Harris,Jacob,168,Undirected,1
65,10,"""thin black woman""",God,168,Undirected,1
66,55,Sister Harris,Jesus Christ,168,Undirected,1
70,77,Brother Booker,Saul,168,Undirected,1
66,46,Sister Harris,Taylor's congregation,168,Undirected,1
70,242,Brother Booker,man with wife (congregation member),168,Undirected,1
55,125,Jesus Christ,"""white folks"" (abstract)",168,Undirected,1
77,55,Saul,Jesus Christ,168,Undirected,1
68,77,Sister James,Saul,168,Undirected,1
77,46,Saul,Taylor's congregation,168,Undirected,1
46,242,Taylor's congregation,man with wife (congregation member),168,Undirected,1
68,242,Sister James,man with wife (congregation member),168,Undirected,1
77,83,Saul,children in the playground,168,Undirected,1
67,125,Sister Davis,"""white folks"" (abstract)",168,Undirected,1
243,55,woman with baby (congregation member),Jesus Christ,168,Undirected,1
65,70,"""thin black woman""",Brother Booker,168,Undirected,1
76,125,Jacob,"""white folks"" (abstract)",168,Undirected,1
65,125,"""thin black woman""","""white folks"" (abstract)",168,Undirected,1
10,125,God,"""white folks"" (abstract)",168,Undirected,1
67,77,Sister Davis,Saul,168,Undirected,1
67,68,Sister Davis,Sister James,168,Undirected,1
67,242,Sister Davis,man with wife (congregation member),168,Undirected,1
70,55,Brother Booker,Jesus Christ,168,Undirected,1
77,243,Saul,woman with baby (congregation member),168,Undirected,1
125,31,"""white folks"" (abstract)",Taylor,168,Undirected,1
68,125,Sister James,"""white folks"" (abstract)",168,Undirected,1
46,125,Taylor's congregation,"""white folks"" (abstract)",168,Undirected,1
67,70,Sister Davis,Brother Booker,168,Undirected,1
10,31,God,Taylor,168,Undirected,1
68,70,Sister James,Brother Booker,168,Undirected,1
70,31,Brother Booker,Taylor,168,Undirected,1
66,70,Sister Harris,Brother Booker,168,Undirected,1
66,125,Sister Harris,"""white folks"" (abstract)",168,Undirected,1
46,31,Taylor's congregation,Taylor,168,Undirected,1
68,31,Sister James,Taylor,168,Undirected,1
242,31,man with wife (congregation member),Taylor,168,Undirected,1
66,77,Sister Harris,Saul,168,Undirected,1
55,31,Jesus Christ,Taylor,168,Undirected,1
66,68,Sister Harris,Sister James,168,Undirected,1
66,242,Sister Harris,man with wife (congregation member),168,Undirected,1
67,243,Sister Davis,woman with baby (congregation member),168,Undirected,1
76,243,Jacob,woman with baby (congregation member),168,Undirected,1
65,31,"""thin black woman""",Taylor,168,Undirected,1
76,31,Jacob,Taylor,168,Undirected,1
70,125,Brother Booker,"""white folks"" (abstract)",168,Undirected,1
83,55,children in the playground,Jesus Christ,168,Undirected,1
65,67,"""thin black woman""",Sister Davis,168,Undirected,1
242,125,man with wife (congregation member),"""white folks"" (abstract)",168,Undirected,1
77,242,Saul,man with wife (congregation member),168,Undirected,1
243,125,woman with baby (congregation member),"""white folks"" (abstract)",168,Undirected,1
10,243,God,woman with baby (congregation member),168,Undirected,1
65,243,"""thin black woman""",woman with baby (congregation member),168,Undirected,1
67,31,Sister Davis,Taylor,168,Undirected,1
66,38,Sister Harris,Hadley,169,Undirected,1
34,70,the Reds,Brother Booker,169,Undirected,1
70,243,Brother Booker,woman with baby (congregation member),169,Undirected,1
65,48,"""thin black woman""",Mayor Bolton,169,Undirected,1
38,31,Hadley,Taylor,169,Undirected,1
41,48,May,Mayor Bolton,169,Undirected,1
67,39,Sister Davis,Green (Hadley's comrade),169,Undirected,1
38,49,Hadley,Smith,169,Undirected,1
68,10,Sister James,God,169,Undirected,1
65,41,"""thin black woman""",May,169,Undirected,1
66,31,Sister Harris,Taylor,169,Undirected,1
49,31,Smith,Taylor,169,Undirected,1
39,242,Green (Hadley's comrade),man with wife (congregation member),169,Undirected,1
70,49,Brother Booker,Smith,169,Undirected,1
67,46,Sister Davis,Taylor's congregation,169,Undirected,1
39,48,Green (Hadley's comrade),Mayor Bolton,169,Undirected,1
46,243,Taylor's congregation,woman with baby (congregation member),169,Undirected,1
68,243,Sister James,woman with baby (congregation member),169,Undirected,1
243,31,woman with baby (congregation member),Taylor,169,Undirected,1
67,10,Sister Davis,God,169,Undirected,1
41,46,May,Taylor's congregation,169,Undirected,1
65,46,"""thin black woman""",Taylor's congregation,169,Undirected,1
34,242,the Reds,man with wife (congregation member),169,Undirected,1
34,41,the Reds,May,169,Undirected,1
65,10,"""thin black woman""",God,169,Undirected,1
66,49,Sister Harris,Smith,169,Undirected,1
65,39,"""thin black woman""",Green (Hadley's comrade),169,Undirected,1
68,46,Sister James,Taylor's congregation,169,Undirected,1
39,49,Green (Hadley's comrade),Smith,169,Undirected,1
41,242,May,man with wife (congregation member),169,Undirected,1
70,46,Brother Booker,Taylor's congregation,169,Undirected,1
41,31,May,Taylor,169,Undirected,1
67,41,Sister Davis,May,169,Undirected,1
66,67,Sister Harris,Sister Davis,169,Undirected,1
70,31,Brother Booker,Taylor,169,Undirected,1
65,68,"""thin black woman""",Sister James,169,Undirected,1
65,242,"""thin black woman""",man with wife (congregation member),169,Undirected,1
10,242,God,man with wife (congregation member),169,Undirected,1
39,31,Green (Hadley's comrade),Taylor,169,Undirected,1
68,34,Sister James,the Reds,169,Undirected,1
34,243,the Reds,woman with baby (congregation member),169,Undirected,1
67,48,Sister Davis,Mayor Bolton,169,Undirected,1
48,242,Mayor Bolton,man with wife (congregation member),169,Undirected,1
70,10,Brother Booker,God,169,Undirected,1
66,10,Sister Harris,God,169,Undirected,1
39,38,Green (Hadley's comrade),Hadley,169,Undirected,1
10,48,God,Mayor Bolton,169,Undirected,1
38,10,Hadley,God,169,Undirected,1
34,49,the Reds,Smith,169,Undirected,1
242,243,man with wife (congregation member),woman with baby (congregation member),169,Undirected,1
34,31,the Reds,Taylor,169,Undirected,1
66,243,Sister Harris,woman with baby (congregation member),169,Undirected,1
10,46,God,Taylor's congregation,169,Undirected,1
68,39,Sister James,Green (Hadley's comrade),169,Undirected,1
65,34,"""thin black woman""",the Reds,169,Undirected,1
49,243,Smith,woman with baby (congregation member),169,Undirected,1
38,243,Hadley,woman with baby (congregation member),169,Undirected,1
34,38,the Reds,Hadley,169,Undirected,1
65,66,"""thin black woman""",Sister Harris,169,Undirected,1
66,70,Sister Harris,Brother Booker,169,Undirected,1
68,38,Sister James,Hadley,169,Undirected,1
68,49,Sister James,Smith,169,Undirected,1
39,46,Green (Hadley's comrade),Taylor's congregation,169,Undirected,1
48,49,Mayor Bolton,Smith,169,Undirected,1
66,46,Sister Harris,Taylor's congregation,169,Undirected,1
48,31,Mayor Bolton,Taylor,169,Undirected,1
70,242,Brother Booker,man with wife (congregation member),169,Undirected,1
65,38,"""thin black woman""",Hadley,169,Undirected,1
39,10,Green (Hadley's comrade),God,169,Undirected,1
70,41,Brother Booker,May,169,Undirected,1
46,49,Taylor's congregation,Smith,169,Undirected,1
68,242,Sister James,man with wife (congregation member),169,Undirected,1
38,46,Hadley,Taylor's congregation,169,Undirected,1
41,243,May,woman with baby (congregation member),169,Undirected,1
38,48,Hadley,Mayor Bolton,169,Undirected,1
68,41,Sister James,May,169,Undirected,1
70,48,Brother Booker,Mayor Bolton,169,Undirected,1
70,39,Brother Booker,Green (Hadley's comrade),169,Undirected,1
39,243,Green (Hadley's comrade),woman with baby (congregation member),169,Undirected,1
67,34,Sister Davis,the Reds,169,Undirected,1
65,70,"""thin black woman""",Brother Booker,169,Undirected,1
46,48,Taylor's congregation,Mayor Bolton,169,Undirected,1
68,48,Sister James,Mayor Bolton,169,Undirected,1
34,10,the Reds,God,169,Undirected,1
41,49,May,Smith,169,Undirected,1
67,68,Sister Davis,Sister James,169,Undirected,1
67,242,Sister Davis,man with wife (congregation member),169,Undirected,1
66,39,Sister Harris,Green (Hadley's comrade),169,Undirected,1
67,70,Sister Davis,Brother Booker,169,Undirected,1
41,10,May,God,169,Undirected,1
46,242,Taylor's congregation,man with wife (congregation member),169,Undirected,1
68,70,Sister James,Brother Booker,169,Undirected,1
46,31,Taylor's congregation,Taylor,169,Undirected,1
68,31,Sister James,Taylor,169,Undirected,1
67,38,Sister Davis,Hadley,169,Undirected,1
67,243,Sister Davis,woman with baby (congregation member),169,Undirected,1
242,31,man with wife (congregation member),Taylor,169,Undirected,1
34,48,the Reds,Mayor Bolton,169,Undirected,1
70,38,Brother Booker,Hadley,169,Undirected,1
34,39,the Reds,Green (Hadley's comrade),169,Undirected,1
66,68,Sister Harris,Sister James,169,Undirected,1
66,242,Sister Harris,man with wife (congregation member),169,Undirected,1
65,243,"""thin black woman""",woman with baby (congregation member),169,Undirected,1
10,243,God,woman with baby (congregation member),169,Undirected,1
39,41,Green (Hadley's comrade),May,169,Undirected,1
66,34,Sister Harris,the Reds,169,Undirected,1
34,46,the Reds,Taylor's congregation,169,Undirected,1
66,41,Sister Harris,May,169,Undirected,1
10,31,God,Taylor,169,Undirected,1
10,49,God,Smith,169,Undirected,1
65,49,"""thin black woman""",Smith,169,Undirected,1
66,48,Sister Harris,Mayor Bolton,169,Undirected,1
38,41,Hadley,May,169,Undirected,1
65,31,"""thin black woman""",Taylor,169,Undirected,1
67,31,Sister Davis,Taylor,169,Undirected,1
48,243,Mayor Bolton,woman with baby (congregation member),169,Undirected,1
38,242,Hadley,man with wife (congregation member),169,Undirected,1
49,242,Smith,man with wife (congregation member),169,Undirected,1
67,49,Sister Davis,Smith,169,Undirected,1
65,67,"""thin black woman""",Sister Davis,169,Undirected,1
38,39,Hadley,Green (Hadley's comrade),170,Undirected,1
38,125,Hadley,"""white folks"" (abstract)",170,Undirected,1
49,125,Smith,"""white folks"" (abstract)",170,Undirected,1
39,10,Green (Hadley's comrade),God,170,Undirected,1
55,125,Jesus Christ,"""white folks"" (abstract)",170,Undirected,1
41,56,May,Chief Bruden,170,Undirected,1
48,31,Mayor Bolton,Taylor,170,Undirected,1
10,56,God,Chief Bruden,170,Undirected,1
39,31,Green (Hadley's comrade),Taylor,170,Undirected,1
48,49,Mayor Bolton,Smith,170,Undirected,1
39,55,Green (Hadley's comrade),Jesus Christ,170,Undirected,1
41,10,May,God,170,Undirected,1
39,49,Green (Hadley's comrade),Smith,170,Undirected,1
48,55,Mayor Bolton,Jesus Christ,170,Undirected,1
125,31,"""white folks"" (abstract)",Taylor,170,Undirected,1
48,125,Mayor Bolton,"""white folks"" (abstract)",170,Undirected,1
39,125,Green (Hadley's comrade),"""white folks"" (abstract)",170,Undirected,1
41,31,May,Taylor,170,Undirected,1
10,31,God,Taylor,170,Undirected,1
39,56,Green (Hadley's comrade),Chief Bruden,170,Undirected,1
38,48,Hadley,Mayor Bolton,170,Undirected,1
49,55,Smith,Jesus Christ,170,Undirected,1
10,49,God,Smith,170,Undirected,1
55,31,Jesus Christ,Taylor,170,Undirected,1
38,55,Hadley,Jesus Christ,170,Undirected,1
41,55,May,Jesus Christ,170,Undirected,1
38,41,Hadley,May,170,Undirected,1
41,125,May,"""white folks"" (abstract)",170,Undirected,1
10,55,God,Jesus Christ,170,Undirected,1
10,125,God,"""white folks"" (abstract)",170,Undirected,1
38,56,Hadley,Chief Bruden,170,Undirected,1
49,56,Smith,Chief Bruden,170,Undirected,1
56,31,Chief Bruden,Taylor,170,Undirected,1
39,48,Green (Hadley's comrade),Mayor Bolton,170,Undirected,1
41,49,May,Smith,170,Undirected,1
55,56,Jesus Christ,Chief Bruden,170,Undirected,1
56,125,Chief Bruden,"""white folks"" (abstract)",170,Undirected,1
38,31,Hadley,Taylor,170,Undirected,1
41,48,May,Mayor Bolton,170,Undirected,1
49,31,Smith,Taylor,170,Undirected,1
10,48,God,Mayor Bolton,170,Undirected,1
39,41,Green (Hadley's comrade),May,170,Undirected,1
38,49,Hadley,Smith,170,Undirected,1
48,56,Mayor Bolton,Chief Bruden,170,Undirected,1
38,10,Hadley,God,170,Undirected,1
38,39,Hadley,Green (Hadley's comrade),171,Undirected,1
39,31,Green (Hadley's comrade),Taylor,171,Undirected,1
10,56,God,Chief Bruden,171,Undirected,1
48,83,Mayor Bolton,children in the playground,171,Undirected,1
41,56,May,Chief Bruden,171,Undirected,1
39,83,Green (Hadley's comrade),children in the playground,171,Undirected,1
83,56,children in the playground,Chief Bruden,171,Undirected,1
39,40,Green (Hadley's comrade),Jimmy,171,Undirected,1
48,31,Mayor Bolton,Taylor,171,Undirected,1
38,48,Hadley,Mayor Bolton,171,Undirected,1
48,125,Mayor Bolton,"""white folks"" (abstract)",171,Undirected,1
40,48,Jimmy,Mayor Bolton,171,Undirected,1
125,31,"""white folks"" (abstract)",Taylor,171,Undirected,1
41,83,May,children in the playground,171,Undirected,1
83,31,children in the playground,Taylor,171,Undirected,1
10,83,God,children in the playground,171,Undirected,1
39,125,Green (Hadley's comrade),"""white folks"" (abstract)",171,Undirected,1
41,31,May,Taylor,171,Undirected,1
10,31,God,Taylor,171,Undirected,1
39,10,Green (Hadley's comrade),God,171,Undirected,1
41,10,May,God,171,Undirected,1
40,125,Jimmy,"""white folks"" (abstract)",171,Undirected,1
40,31,Jimmy,Taylor,171,Undirected,1
39,56,Green (Hadley's comrade),Chief Bruden,171,Undirected,1
83,125,children in the playground,"""white folks"" (abstract)",171,Undirected,1
38,41,Hadley,May,171,Undirected,1
41,125,May,"""white folks"" (abstract)",171,Undirected,1
10,125,God,"""white folks"" (abstract)",171,Undirected,1
38,125,Hadley,"""white folks"" (abstract)",171,Undirected,1
38,56,Hadley,Chief Bruden,171,Undirected,1
56,31,Chief Bruden,Taylor,171,Undirected,1
39,48,Green (Hadley's comrade),Mayor Bolton,171,Undirected,1
40,56,Jimmy,Chief Bruden,171,Undirected,1
38,10,Hadley,God,171,Undirected,1
40,41,Jimmy,May,171,Undirected,1
38,83,Hadley,children in the playground,171,Undirected,1
56,125,Chief Bruden,"""white folks"" (abstract)",171,Undirected,1
40,83,Jimmy,children in the playground,171,Undirected,1
38,31,Hadley,Taylor,171,Undirected,1
41,48,May,Mayor Bolton,171,Undirected,1
10,48,God,Mayor Bolton,171,Undirected,1
38,40,Hadley,Jimmy,171,Undirected,1
39,41,Green (Hadley's comrade),May,171,Undirected,1
48,56,Mayor Bolton,Chief Bruden,171,Undirected,1
40,10,Jimmy,God,171,Undirected,1
39,10,Green (Hadley's comrade),God,172,Undirected,1
41,56,May,Chief Bruden,172,Undirected,1
48,31,Mayor Bolton,Taylor,172,Undirected,1
10,56,God,Chief Bruden,172,Undirected,1
39,31,Green (Hadley's comrade),Taylor,172,Undirected,1
38,39,Hadley,Green (Hadley's comrade),172,Undirected,1
41,31,May,Taylor,172,Undirected,1
38,48,Hadley,Mayor Bolton,172,Undirected,1
41,10,May,God,172,Undirected,1
40,48,Jimmy,Mayor Bolton,172,Undirected,1
10,31,God,Taylor,172,Undirected,1
39,56,Green (Hadley's comrade),Chief Bruden,172,Undirected,1
39,40,Green (Hadley's comrade),Jimmy,172,Undirected,1
48,56,Mayor Bolton,Chief Bruden,172,Undirected,1
40,10,Jimmy,God,172,Undirected,1
40,31,Jimmy,Taylor,172,Undirected,1
38,41,Hadley,May,172,Undirected,1
40,41,Jimmy,May,172,Undirected,1
38,56,Hadley,Chief Bruden,172,Undirected,1
40,56,Jimmy,Chief Bruden,172,Undirected,1
39,48,Green (Hadley's comrade),Mayor Bolton,172,Undirected,1
56,31,Chief Bruden,Taylor,172,Undirected,1
39,41,Green (Hadley's comrade),May,172,Undirected,1
38,31,Hadley,Taylor,172,Undirected,1
41,48,May,Mayor Bolton,172,Undirected,1
10,48,God,Mayor Bolton,172,Undirected,1
38,40,Hadley,Jimmy,172,Undirected,1
38,10,Hadley,God,172,Undirected,1
38,39,Hadley,Green (Hadley's comrade),173,Undirected,1
39,10,Green (Hadley's comrade),God,173,Undirected,1
46,31,Taylor's congregation,Taylor,173,Undirected,1
48,31,Mayor Bolton,Taylor,173,Undirected,1
10,56,God,Chief Bruden,173,Undirected,1
39,31,Green (Hadley's comrade),Taylor,173,Undirected,1
64,39,the police,Green (Hadley's comrade),173,Undirected,1
64,48,the police,Mayor Bolton,173,Undirected,1
39,46,Green (Hadley's comrade),Taylor's congregation,173,Undirected,1
46,125,Taylor's congregation,"""white folks"" (abstract)",173,Undirected,1
125,31,"""white folks"" (abstract)",Taylor,173,Undirected,1
48,125,Mayor Bolton,"""white folks"" (abstract)",173,Undirected,1
38,125,Hadley,"""white folks"" (abstract)",173,Undirected,1
39,125,Green (Hadley's comrade),"""white folks"" (abstract)",173,Undirected,1
10,31,God,Taylor,173,Undirected,1
38,48,Hadley,Mayor Bolton,173,Undirected,1
39,56,Green (Hadley's comrade),Chief Bruden,173,Undirected,1
64,125,the police,"""white folks"" (abstract)",173,Undirected,1
48,56,Mayor Bolton,Chief Bruden,173,Undirected,1
64,46,the police,Taylor's congregation,173,Undirected,1
10,46,God,Taylor's congregation,173,Undirected,1
46,48,Taylor's congregation,Mayor Bolton,173,Undirected,1
10,125,God,"""white folks"" (abstract)",173,Undirected,1
38,56,Hadley,Chief Bruden,173,Undirected,1
56,31,Chief Bruden,Taylor,173,Undirected,1
39,48,Green (Hadley's comrade),Mayor Bolton,173,Undirected,1
64,56,the police,Chief Bruden,173,Undirected,1
64,38,the police,Hadley,173,Undirected,1
56,125,Chief Bruden,"""white folks"" (abstract)",173,Undirected,1
64,10,the police,God,173,Undirected,1
38,31,Hadley,Taylor,173,Undirected,1
10,48,God,Mayor Bolton,173,Undirected,1
64,31,the police,Taylor,173,Undirected,1
46,56,Taylor's congregation,Chief Bruden,173,Undirected,1
38,46,Hadley,Taylor's congregation,173,Undirected,1
38,10,Hadley,God,173,Undirected,1
38,39,Hadley,Green (Hadley's comrade),174,Undirected,1
128,79,"""black folks"" (abstract)",leaders of organizations,174,Undirected,1
64,128,the police,"""black folks"" (abstract)",174,Undirected,1
46,31,Taylor's congregation,Taylor,174,Undirected,1
64,79,the police,leaders of organizations,174,Undirected,1
79,31,leaders of organizations,Taylor,174,Undirected,1
39,31,Green (Hadley's comrade),Taylor,174,Undirected,1
128,39,"""black folks"" (abstract)",Green (Hadley's comrade),174,Undirected,1
38,79,Hadley,leaders of organizations,174,Undirected,1
39,46,Green (Hadley's comrade),Taylor's congregation,174,Undirected,1
46,125,Taylor's congregation,"""white folks"" (abstract)",174,Undirected,1
79,125,leaders of organizations,"""white folks"" (abstract)",174,Undirected,1
125,31,"""white folks"" (abstract)",Taylor,174,Undirected,1
39,125,Green (Hadley's comrade),"""white folks"" (abstract)",174,Undirected,1
46,79,Taylor's congregation,leaders of organizations,174,Undirected,1
10,31,God,Taylor,174,Undirected,1
64,39,the police,Green (Hadley's comrade),174,Undirected,1
39,10,Green (Hadley's comrade),God,174,Undirected,1
128,38,"""black folks"" (abstract)",Hadley,174,Undirected,1
128,125,"""black folks"" (abstract)","""white folks"" (abstract)",174,Undirected,1
39,79,Green (Hadley's comrade),leaders of organizations,174,Undirected,1
10,46,God,Taylor's congregation,174,Undirected,1
10,125,God,"""white folks"" (abstract)",174,Undirected,1
64,38,the police,Hadley,174,Undirected,1
10,79,God,leaders of organizations,174,Undirected,1
38,10,Hadley,God,174,Undirected,1
128,10,"""black folks"" (abstract)",God,174,Undirected,1
64,125,the police,"""white folks"" (abstract)",174,Undirected,1
38,31,Hadley,Taylor,174,Undirected,1
128,31,"""black folks"" (abstract)",Taylor,174,Undirected,1
64,31,the police,Taylor,174,Undirected,1
38,46,Hadley,Taylor's congregation,174,Undirected,1
128,46,"""black folks"" (abstract)",Taylor's congregation,174,Undirected,1
64,46,the police,Taylor's congregation,174,Undirected,1
38,125,Hadley,"""white folks"" (abstract)",174,Undirected,1
64,10,the police,God,174,Undirected,1
39,10,Green (Hadley's comrade),God,175,Undirected,1
46,31,Taylor's congregation,Taylor,175,Undirected,1
39,31,Green (Hadley's comrade),Taylor,175,Undirected,1
38,39,Hadley,Green (Hadley's comrade),175,Undirected,1
128,39,"""black folks"" (abstract)",Green (Hadley's comrade),175,Undirected,1
125,31,"""white folks"" (abstract)",Taylor,175,Undirected,1
39,46,Green (Hadley's comrade),Taylor's congregation,175,Undirected,1
46,125,Taylor's congregation,"""white folks"" (abstract)",175,Undirected,1
39,125,Green (Hadley's comrade),"""white folks"" (abstract)",175,Undirected,1
10,31,God,Taylor,175,Undirected,1
128,64,"""black folks"" (abstract)",the police,175,Undirected,1
64,39,the police,Green (Hadley's comrade),175,Undirected,1
128,125,"""black folks"" (abstract)","""white folks"" (abstract)",175,Undirected,1
64,125,the police,"""white folks"" (abstract)",175,Undirected,1
64,46,the police,Taylor's congregation,175,Undirected,1
38,125,Hadley,"""white folks"" (abstract)",175,Undirected,1
10,46,God,Taylor's congregation,175,Undirected,1
128,38,"""black folks"" (abstract)",Hadley,175,Undirected,1
64,38,the police,Hadley,175,Undirected,1
38,10,Hadley,God,175,Undirected,1
128,10,"""black folks"" (abstract)",God,175,Undirected,1
10,125,God,"""white folks"" (abstract)",175,Undirected,1
38,31,Hadley,Taylor,175,Undirected,1
128,31,"""black folks"" (abstract)",Taylor,175,Undirected,1
64,31,the police,Taylor,175,Undirected,1
38,46,Hadley,Taylor's congregation,175,Undirected,1
128,46,"""black folks"" (abstract)",Taylor's congregation,175,Undirected,1
64,10,the police,God,175,Undirected,1
38,39,Hadley,Green (Hadley's comrade),176,Undirected,1
38,82,Hadley,mob (attacked Scott),176,Undirected,1
46,31,Taylor's congregation,Taylor,176,Undirected,1
128,82,"""black folks"" (abstract)",mob (attacked Scott),176,Undirected,1
227,82,"""white folks"" (poor white townspeople)",mob (attacked Scott),176,Undirected,1
48,31,Mayor Bolton,Taylor,176,Undirected,1
81,31,Scott,Taylor,176,Undirected,1
46,82,Taylor's congregation,mob (attacked Scott),176,Undirected,1
39,31,Green (Hadley's comrade),Taylor,176,Undirected,1
128,39,"""black folks"" (abstract)",Green (Hadley's comrade),176,Undirected,1
125,31,"""white folks"" (abstract)",Taylor,176,Undirected,1
38,48,Hadley,Mayor Bolton,176,Undirected,1
128,48,"""black folks"" (abstract)",Mayor Bolton,176,Undirected,1
39,46,Green (Hadley's comrade),Taylor's congregation,176,Undirected,1
227,48,"""white folks"" (poor white townspeople)",Mayor Bolton,176,Undirected,1
46,125,Taylor's congregation,"""white folks"" (abstract)",176,Undirected,1
48,125,Mayor Bolton,"""white folks"" (abstract)",176,Undirected,1
81,125,Scott,"""white folks"" (abstract)",176,Undirected,1
39,125,Green (Hadley's comrade),"""white folks"" (abstract)",176,Undirected,1
227,125,"""white folks"" (poor white townspeople)","""white folks"" (abstract)",176,Undirected,1
227,39,"""white folks"" (poor white townspeople)",Green (Hadley's comrade),176,Undirected,1
128,125,"""black folks"" (abstract)","""white folks"" (abstract)",176,Undirected,1
38,31,Hadley,Taylor,176,Undirected,1
38,125,Hadley,"""white folks"" (abstract)",176,Undirected,1
82,125,mob (attacked Scott),"""white folks"" (abstract)",176,Undirected,1
48,82,Mayor Bolton,mob (attacked Scott),176,Undirected,1
81,82,Scott,mob (attacked Scott),176,Undirected,1
38,81,Hadley,Scott,176,Undirected,1
128,81,"""black folks"" (abstract)",Scott,176,Undirected,1
227,81,"""white folks"" (poor white townspeople)",Scott,176,Undirected,1
227,38,"""white folks"" (poor white townspeople)",Hadley,176,Undirected,1
46,48,Taylor's congregation,Mayor Bolton,176,Undirected,1
128,38,"""black folks"" (abstract)",Hadley,176,Undirected,1
128,227,"""black folks"" (abstract)","""white folks"" (poor white townspeople)",176,Undirected,1
39,82,Green (Hadley's comrade),mob (attacked Scott),176,Undirected,1
46,81,Taylor's congregation,Scott,176,Undirected,1
48,81,Mayor Bolton,Scott,176,Undirected,1
39,81,Green (Hadley's comrade),Scott,176,Undirected,1
82,31,mob (attacked Scott),Taylor,176,Undirected,1
227,31,"""white folks"" (poor white townspeople)",Taylor,176,Undirected,1
128,31,"""black folks"" (abstract)",Taylor,176,Undirected,1
38,46,Hadley,Taylor's congregation,176,Undirected,1
128,46,"""black folks"" (abstract)",Taylor's congregation,176,Undirected,1
39,48,Green (Hadley's comrade),Mayor Bolton,176,Undirected,1
227,46,"""white folks"" (poor white townspeople)",Taylor's congregation,176,Undirected,1
48,31,Mayor Bolton,Taylor,177,Undirected,1
227,82,"""white folks"" (poor white townspeople)",mob (attacked Scott),177,Undirected,1
46,31,Taylor's congregation,Taylor,177,Undirected,1
39,10,Green (Hadley's comrade),God,177,Undirected,1
38,82,Hadley,mob (attacked Scott),177,Undirected,1
38,125,Hadley,"""white folks"" (abstract)",177,Undirected,1
10,81,God,Scott,177,Undirected,1
82,125,mob (attacked Scott),"""white folks"" (abstract)",177,Undirected,1
81,56,Scott,Chief Bruden,177,Undirected,1
81,31,Scott,Taylor,177,Undirected,1
227,125,"""white folks"" (poor white townspeople)","""white folks"" (abstract)",177,Undirected,1
10,56,God,Chief Bruden,177,Undirected,1
39,125,Green (Hadley's comrade),"""white folks"" (abstract)",177,Undirected,1
38,39,Hadley,Green (Hadley's comrade),177,Undirected,1
227,39,"""white folks"" (poor white townspeople)",Green (Hadley's comrade),177,Undirected,1
38,48,Hadley,Mayor Bolton,177,Undirected,1
39,46,Green (Hadley's comrade),Taylor's congregation,177,Undirected,1
227,48,"""white folks"" (poor white townspeople)",Mayor Bolton,177,Undirected,1
46,125,Taylor's congregation,"""white folks"" (abstract)",177,Undirected,1
125,31,"""white folks"" (abstract)",Taylor,177,Undirected,1
48,125,Mayor Bolton,"""white folks"" (abstract)",177,Undirected,1
81,125,Scott,"""white folks"" (abstract)",177,Undirected,1
46,82,Taylor's congregation,mob (attacked Scott),177,Undirected,1
10,31,God,Taylor,177,Undirected,1
227,46,"""white folks"" (poor white townspeople)",Taylor's congregation,177,Undirected,1
39,31,Green (Hadley's comrade),Taylor,177,Undirected,1
48,56,Mayor Bolton,Chief Bruden,177,Undirected,1
39,56,Green (Hadley's comrade),Chief Bruden,177,Undirected,1
46,56,Taylor's congregation,Chief Bruden,177,Undirected,1
48,82,Mayor Bolton,mob (attacked Scott),177,Undirected,1
81,82,Scott,mob (attacked Scott),177,Undirected,1
38,81,Hadley,Scott,177,Undirected,1
39,82,Green (Hadley's comrade),mob (attacked Scott),177,Undirected,1
227,81,"""white folks"" (poor white townspeople)",Scott,177,Undirected,1
10,46,God,Taylor's congregation,177,Undirected,1
46,48,Taylor's congregation,Mayor Bolton,177,Undirected,1
10,125,God,"""white folks"" (abstract)",177,Undirected,1
38,56,Hadley,Chief Bruden,177,Undirected,1
82,56,mob (attacked Scott),Chief Bruden,177,Undirected,1
56,31,Chief Bruden,Taylor,177,Undirected,1
39,48,Green (Hadley's comrade),Mayor Bolton,177,Undirected,1
227,38,"""white folks"" (poor white townspeople)",Hadley,177,Undirected,1
227,56,"""white folks"" (poor white townspeople)",Chief Bruden,177,Undirected,1
10,82,God,mob (attacked Scott),177,Undirected,1
10,48,God,Mayor Bolton,177,Undirected,1
38,46,Hadley,Taylor's congregation,177,Undirected,1
227,31,"""white folks"" (poor white townspeople)",Taylor,177,Undirected,1
39,81,Green (Hadley's comrade),Scott,177,Undirected,1
38,31,Hadley,Taylor,177,Undirected,1
82,31,mob (attacked Scott),Taylor,177,Undirected,1
48,81,Mayor Bolton,Scott,177,Undirected,1
56,125,Chief Bruden,"""white folks"" (abstract)",177,Undirected,1
46,81,Taylor's congregation,Scott,177,Undirected,1
227,10,"""white folks"" (poor white townspeople)",God,177,Undirected,1
38,10,Hadley,God,177,Undirected,1
31,63,Taylor,Deacon Board,178,Undirected,1
83,56,children in the playground,Chief Bruden,178,Undirected,1
55,125,Jesus Christ,"""white folks"" (abstract)",178,Undirected,1
48,83,Mayor Bolton,children in the playground,178,Undirected,1
39,83,Green (Hadley's comrade),children in the playground,178,Undirected,1
56,63,Chief Bruden,Deacon Board,178,Undirected,1
38,125,Hadley,"""white folks"" (abstract)",178,Undirected,1
34,63,the Reds,Deacon Board,178,Undirected,1
31,125,Taylor,"""white folks"" (abstract)",178,Undirected,1
83,31,children in the playground,Taylor,178,Undirected,1
34,48,the Reds,Mayor Bolton,178,Undirected,1
34,39,the Reds,Green (Hadley's comrade),178,Undirected,1
41,56,May,Chief Bruden,178,Undirected,1
39,10,Green (Hadley's comrade),God,178,Undirected,1
48,31,Mayor Bolton,Taylor,178,Undirected,1
39,125,Green (Hadley's comrade),"""white folks"" (abstract)",178,Undirected,1
39,31,Green (Hadley's comrade),Taylor,178,Undirected,1
10,31,God,Taylor,178,Undirected,1
34,56,the Reds,Chief Bruden,178,Undirected,1
39,56,Green (Hadley's comrade),Chief Bruden,178,Undirected,1
10,83,God,children in the playground,178,Undirected,1
48,125,Mayor Bolton,"""white folks"" (abstract)",178,Undirected,1
41,83,May,children in the playground,178,Undirected,1
10,56,God,Chief Bruden,178,Undirected,1
39,55,Green (Hadley's comrade),Jesus Christ,178,Undirected,1
48,55,Mayor Bolton,Jesus Christ,178,Undirected,1
38,63,Hadley,Deacon Board,178,Undirected,1
34,38,the Reds,Hadley,178,Undirected,1
41,10,May,God,178,Undirected,1
38,48,Hadley,Mayor Bolton,178,Undirected,1
38,39,Hadley,Green (Hadley's comrade),178,Undirected,1
34,41,the Reds,May,178,Undirected,1
38,55,Hadley,Jesus Christ,178,Undirected,1
55,31,Jesus Christ,Taylor,178,Undirected,1
48,56,Mayor Bolton,Chief Bruden,178,Undirected,1
55,63,Jesus Christ,Deacon Board,178,Undirected,1
41,31,May,Taylor,178,Undirected,1
83,55,children in the playground,Jesus Christ,178,Undirected,1
41,55,May,Jesus Christ,178,Undirected,1
83,125,children in the playground,"""white folks"" (abstract)",178,Undirected,1
34,83,the Reds,children in the playground,178,Undirected,1
38,41,Hadley,May,178,Undirected,1
41,125,May,"""white folks"" (abstract)",178,Undirected,1
10,55,God,Jesus Christ,178,Undirected,1
10,125,God,"""white folks"" (abstract)",178,Undirected,1
38,56,Hadley,Chief Bruden,178,Undirected,1
34,31,the Reds,Taylor,178,Undirected,1
56,31,Chief Bruden,Taylor,178,Undirected,1
39,48,Green (Hadley's comrade),Mayor Bolton,178,Undirected,1
48,63,Mayor Bolton,Deacon Board,178,Undirected,1
34,10,the Reds,God,178,Undirected,1
38,10,Hadley,God,178,Undirected,1
39,63,Green (Hadley's comrade),Deacon Board,178,Undirected,1
10,63,God,Deacon Board,178,Undirected,1
41,63,May,Deacon Board,178,Undirected,1
10,48,God,Mayor Bolton,178,Undirected,1
83,63,children in the playground,Deacon Board,178,Undirected,1
41,48,May,Mayor Bolton,178,Undirected,1
39,41,Green (Hadley's comrade),May,178,Undirected,1
125,63,"""white folks"" (abstract)",Deacon Board,178,Undirected,1
56,125,Chief Bruden,"""white folks"" (abstract)",178,Undirected,1
38,83,Hadley,children in the playground,178,Undirected,1
34,125,the Reds,"""white folks"" (abstract)",178,Undirected,1
34,55,the Reds,Jesus Christ,178,Undirected,1
38,31,Hadley,Taylor,178,Undirected,1
55,56,Jesus Christ,Chief Bruden,178,Undirected,1
57,31,Mr. Lowe,Taylor,179,Undirected,1
46,31,Taylor's congregation,Taylor,179,Undirected,1
39,10,Green (Hadley's comrade),God,179,Undirected,1
56,57,Chief Bruden,Mr. Lowe,179,Undirected,1
41,252,May,"""black folks"" (townspeople FC)",179,Undirected,1
39,56,Green (Hadley's comrade),Chief Bruden,179,Undirected,1
40,46,Jimmy,Taylor's congregation,179,Undirected,1
48,56,Mayor Bolton,Chief Bruden,179,Undirected,1
41,56,May,Chief Bruden,179,Undirected,1
38,46,Hadley,Taylor's congregation,179,Undirected,1
10,252,God,"""black folks"" (townspeople FC)",179,Undirected,1
48,31,Mayor Bolton,Taylor,179,Undirected,1
41,10,May,God,179,Undirected,1
10,56,God,Chief Bruden,179,Undirected,1
10,31,God,Taylor,179,Undirected,1
38,39,Hadley,Green (Hadley's comrade),179,Undirected,1
39,40,Green (Hadley's comrade),Jimmy,179,Undirected,1
39,46,Green (Hadley's comrade),Taylor's congregation,179,Undirected,1
38,48,Hadley,Mayor Bolton,179,Undirected,1
38,57,Hadley,Mr. Lowe,179,Undirected,1
40,48,Jimmy,Mayor Bolton,179,Undirected,1
40,57,Jimmy,Mr. Lowe,179,Undirected,1
41,31,May,Taylor,179,Undirected,1
38,252,Hadley,"""black folks"" (townspeople FC)",179,Undirected,1
46,56,Taylor's congregation,Chief Bruden,179,Undirected,1
56,252,Chief Bruden,"""black folks"" (townspeople FC)",179,Undirected,1
10,57,God,Mr. Lowe,179,Undirected,1
39,31,Green (Hadley's comrade),Taylor,179,Undirected,1
41,57,May,Mr. Lowe,179,Undirected,1
39,41,Green (Hadley's comrade),May,179,Undirected,1
252,31,"""black folks"" (townspeople FC)",Taylor,179,Undirected,1
40,252,Jimmy,"""black folks"" (townspeople FC)",179,Undirected,1
41,46,May,Taylor's congregation,179,Undirected,1
10,46,God,Taylor's congregation,179,Undirected,1
38,41,Hadley,May,179,Undirected,1
46,48,Taylor's congregation,Mayor Bolton,179,Undirected,1
40,41,Jimmy,May,179,Undirected,1
38,56,Hadley,Chief Bruden,179,Undirected,1
46,57,Taylor's congregation,Mr. Lowe,179,Undirected,1
39,48,Green (Hadley's comrade),Mayor Bolton,179,Undirected,1
40,56,Jimmy,Chief Bruden,179,Undirected,1
56,31,Chief Bruden,Taylor,179,Undirected,1
39,57,Green (Hadley's comrade),Mr. Lowe,179,Undirected,1
40,31,Jimmy,Taylor,179,Undirected,1
38,40,Hadley,Jimmy,179,Undirected,1
10,48,God,Mayor Bolton,179,Undirected,1
48,57,Mayor Bolton,Mr. Lowe,179,Undirected,1
38,31,Hadley,Taylor,179,Undirected,1
40,10,Jimmy,God,179,Undirected,1
41,48,May,Mayor Bolton,179,Undirected,1
57,252,Mr. Lowe,"""black folks"" (townspeople FC)",179,Undirected,1
38,10,Hadley,God,179,Undirected,1
46,252,Taylor's congregation,"""black folks"" (townspeople FC)",179,Undirected,1
48,252,Mayor Bolton,"""black folks"" (townspeople FC)",179,Undirected,1
39,252,Green (Hadley's comrade),"""black folks"" (townspeople FC)",179,Undirected,1
56,57,Chief Bruden,Mr. Lowe,180,Undirected,1
10,31,God,Taylor,180,Undirected,1
48,31,Mayor Bolton,Taylor,180,Undirected,1
10,57,God,Mr. Lowe,180,Undirected,1
57,31,Mr. Lowe,Taylor,180,Undirected,1
10,48,God,Mayor Bolton,180,Undirected,1
56,31,Chief Bruden,Taylor,180,Undirected,1
56,251,Chief Bruden,Industrial Squad,180,Undirected,1
10,251,God,Industrial Squad,180,Undirected,1
251,31,Industrial Squad,Taylor,180,Undirected,1
57,251,Mr. Lowe,Industrial Squad,180,Undirected,1
48,57,Mayor Bolton,Mr. Lowe,180,Undirected,1
48,56,Mayor Bolton,Chief Bruden,180,Undirected,1
10,56,God,Chief Bruden,180,Undirected,1
48,251,Mayor Bolton,Industrial Squad,180,Undirected,1
34,48,the Reds,Mayor Bolton,181,Undirected,1
34,57,the Reds,Mr. Lowe,181,Undirected,1
56,57,Chief Bruden,Mr. Lowe,181,Undirected,1
46,31,Taylor's congregation,Taylor,181,Undirected,1
57,31,Mr. Lowe,Taylor,181,Undirected,1
48,31,Mayor Bolton,Taylor,181,Undirected,1
81,31,Scott,Taylor,181,Undirected,1
57,125,Mr. Lowe,"""white folks"" (abstract)",181,Undirected,1
34,81,the Reds,Scott,181,Undirected,1
46,125,Taylor's congregation,"""white folks"" (abstract)",181,Undirected,1
125,31,"""white folks"" (abstract)",Taylor,181,Undirected,1
48,125,Mayor Bolton,"""white folks"" (abstract)",181,Undirected,1
81,125,Scott,"""white folks"" (abstract)",181,Undirected,1
10,31,God,Taylor,181,Undirected,1
10,81,God,Scott,181,Undirected,1
10,56,God,Chief Bruden,181,Undirected,1
81,56,Scott,Chief Bruden,181,Undirected,1
34,56,the Reds,Chief Bruden,181,Undirected,1
46,56,Taylor's congregation,Chief Bruden,181,Undirected,1
48,56,Mayor Bolton,Chief Bruden,181,Undirected,1
34,10,the Reds,God,181,Undirected,1
10,46,God,Taylor's congregation,181,Undirected,1
46,48,Taylor's congregation,Mayor Bolton,181,Undirected,1
46,57,Taylor's congregation,Mr. Lowe,181,Undirected,1
34,31,the Reds,Taylor,181,Undirected,1
56,31,Chief Bruden,Taylor,181,Undirected,1
48,57,Mayor Bolton,Mr. Lowe,181,Undirected,1
10,125,God,"""white folks"" (abstract)",181,Undirected,1
34,46,the Reds,Taylor's congregation,181,Undirected,1
46,81,Taylor's congregation,Scott,181,Undirected,1
34,125,the Reds,"""white folks"" (abstract)",181,Undirected,1
48,81,Mayor Bolton,Scott,181,Undirected,1
56,125,Chief Bruden,"""white folks"" (abstract)",181,Undirected,1
10,48,God,Mayor Bolton,181,Undirected,1
10,57,God,Mr. Lowe,181,Undirected,1
81,57,Scott,Mr. Lowe,181,Undirected,1
34,57,the Reds,Mr. Lowe,182,Undirected,1
56,57,Chief Bruden,Mr. Lowe,182,Undirected,1
46,31,Taylor's congregation,Taylor,182,Undirected,1
57,31,Mr. Lowe,Taylor,182,Undirected,1
10,31,God,Taylor,182,Undirected,1
10,56,God,Chief Bruden,182,Undirected,1
34,56,the Reds,Chief Bruden,182,Undirected,1
34,48,the Reds,Mayor Bolton,182,Undirected,1
48,31,Mayor Bolton,Taylor,182,Undirected,1
48,56,Mayor Bolton,Chief Bruden,182,Undirected,1
46,56,Taylor's congregation,Chief Bruden,182,Undirected,1
10,57,God,Mr. Lowe,182,Undirected,1
34,10,the Reds,God,182,Undirected,1
46,48,Taylor's congregation,Mayor Bolton,182,Undirected,1
46,57,Taylor's congregation,Mr. Lowe,182,Undirected,1
34,31,the Reds,Taylor,182,Undirected,1
10,46,God,Taylor's congregation,182,Undirected,1
48,57,Mayor Bolton,Mr. Lowe,182,Undirected,1
34,46,the Reds,Taylor's congregation,182,Undirected,1
10,48,God,Mayor Bolton,182,Undirected,1
56,31,Chief Bruden,Taylor,182,Undirected,1
46,214,Taylor's congregation,townspeople (FC),183,Undirected,1
56,57,Chief Bruden,Mr. Lowe,183,Undirected,1
253,31,man who starved,Taylor,183,Undirected,1
46,31,Taylor's congregation,Taylor,183,Undirected,1
57,31,Mr. Lowe,Taylor,183,Undirected,1
48,214,Mayor Bolton,townspeople (FC),183,Undirected,1
214,57,townspeople (FC),Mr. Lowe,183,Undirected,1
48,31,Mayor Bolton,Taylor,183,Undirected,1
46,253,Taylor's congregation,man who starved,183,Undirected,1
10,56,God,Chief Bruden,183,Undirected,1
65,56,"""thin black woman""",Chief Bruden,183,Undirected,1
65,10,"""thin black woman""",God,183,Undirected,1
48,56,Mayor Bolton,Chief Bruden,183,Undirected,1
57,253,Mr. Lowe,man who starved,183,Undirected,1
48,253,Mayor Bolton,man who starved,183,Undirected,1
65,214,"""thin black woman""",townspeople (FC),183,Undirected,1
10,31,God,Taylor,183,Undirected,1
46,56,Taylor's congregation,Chief Bruden,183,Undirected,1
56,31,Chief Bruden,Taylor,183,Undirected,1
214,253,townspeople (FC),man who starved,183,Undirected,1
65,57,"""thin black woman""",Mr. Lowe,183,Undirected,1
65,31,"""thin black woman""",Taylor,183,Undirected,1
10,214,God,townspeople (FC),183,Undirected,1
65,46,"""thin black woman""",Taylor's congregation,183,Undirected,1
10,46,God,Taylor's congregation,183,Undirected,1
46,48,Taylor's congregation,Mayor Bolton,183,Undirected,1
46,57,Taylor's congregation,Mr. Lowe,183,Undirected,1
214,56,townspeople (FC),Chief Bruden,183,Undirected,1
48,57,Mayor Bolton,Mr. Lowe,183,Undirected,1
65,253,"""thin black woman""",man who starved,183,Undirected,1
214,31,townspeople (FC),Taylor,183,Undirected,1
65,48,"""thin black woman""",Mayor Bolton,183,Undirected,1
56,253,Chief Bruden,man who starved,183,Undirected,1
10,48,God,Mayor Bolton,183,Undirected,1
10,57,God,Mr. Lowe,183,Undirected,1
10,253,God,man who starved,183,Undirected,1
57,31,Mr. Lowe,Taylor,184,Undirected,1
46,254,Taylor's congregation,"""white folks"" (white townspeople)",184,Undirected,1
57,254,Mr. Lowe,"""white folks"" (white townspeople)",184,Undirected,1
48,254,Mayor Bolton,"""white folks"" (white townspeople)",184,Undirected,1
10,31,God,Taylor,184,Undirected,1
56,57,Chief Bruden,Mr. Lowe,184,Undirected,1
46,31,Taylor's congregation,Taylor,184,Undirected,1
48,214,Mayor Bolton,townspeople (FC),184,Undirected,1
252,254,"""black folks"" (townspeople FC)","""white folks"" (white townspeople)",184,Undirected,1
46,214,Taylor's congregation,townspeople (FC),184,Undirected,1
48,31,Mayor Bolton,Taylor,184,Undirected,1
56,252,Chief Bruden,"""black folks"" (townspeople FC)",184,Undirected,1
10,56,God,Chief Bruden,184,Undirected,1
214,252,townspeople (FC),"""black folks"" (townspeople FC)",184,Undirected,1
10,254,God,"""white folks"" (white townspeople)",184,Undirected,1
10,252,God,"""black folks"" (townspeople FC)",184,Undirected,1
214,57,townspeople (FC),Mr. Lowe,184,Undirected,1
48,56,Mayor Bolton,Chief Bruden,184,Undirected,1
48,252,Mayor Bolton,"""black folks"" (townspeople FC)",184,Undirected,1
10,57,God,Mr. Lowe,184,Undirected,1
46,56,Taylor's congregation,Chief Bruden,184,Undirected,1
252,31,"""black folks"" (townspeople FC)",Taylor,184,Undirected,1
10,214,God,townspeople (FC),184,Undirected,1
10,46,God,Taylor's congregation,184,Undirected,1
56,254,Chief Bruden,"""white folks"" (white townspeople)",184,Undirected,1
46,48,Taylor's congregation,Mayor Bolton,184,Undirected,1
214,254,townspeople (FC),"""white folks"" (white townspeople)",184,Undirected,1
214,56,townspeople (FC),Chief Bruden,184,Undirected,1
56,31,Chief Bruden,Taylor,184,Undirected,1
254,31,"""white folks"" (white townspeople)",Taylor,184,Undirected,1
48,57,Mayor Bolton,Mr. Lowe,184,Undirected,1
214,31,townspeople (FC),Taylor,184,Undirected,1
46,252,Taylor's congregation,"""black folks"" (townspeople FC)",184,Undirected,1
57,252,Mr. Lowe,"""black folks"" (townspeople FC)",184,Undirected,1
10,48,God,Mayor Bolton,184,Undirected,1
46,57,Taylor's congregation,Mr. Lowe,184,Undirected,1
34,48,the Reds,Mayor Bolton,185,Undirected,1
34,57,the Reds,Mr. Lowe,185,Undirected,1
56,57,Chief Bruden,Mr. Lowe,185,Undirected,1
57,31,Mr. Lowe,Taylor,185,Undirected,1
10,31,God,Taylor,185,Undirected,1
10,56,God,Chief Bruden,185,Undirected,1
34,56,the Reds,Chief Bruden,185,Undirected,1
48,56,Mayor Bolton,Chief Bruden,185,Undirected,1
48,31,Mayor Bolton,Taylor,185,Undirected,1
46,56,Taylor's congregation,Chief Bruden,185,Undirected,1
46,31,Taylor's congregation,Taylor,185,Undirected,1
10,48,God,Mayor Bolton,185,Undirected,1
34,46,the Reds,Taylor's congregation,185,Undirected,1
48,57,Mayor Bolton,Mr. Lowe,185,Undirected,1
56,31,Chief Bruden,Taylor,185,Undirected,1
34,31,the Reds,Taylor,185,Undirected,1
46,57,Taylor's congregation,Mr. Lowe,185,Undirected,1
46,48,Taylor's congregation,Mayor Bolton,185,Undirected,1
10,46,God,Taylor's congregation,185,Undirected,1
34,10,the Reds,God,185,Undirected,1
10,57,God,Mr. Lowe,185,Undirected,1
57,31,Mr. Lowe,Taylor,186,Undirected,1
46,31,Taylor's congregation,Taylor,186,Undirected,1
38,85,Hadley,Chamber of Commerce,186,Undirected,1
39,10,Green (Hadley's comrade),God,186,Undirected,1
39,56,Green (Hadley's comrade),Chief Bruden,186,Undirected,1
34,57,the Reds,Mr. Lowe,186,Undirected,1
34,48,the Reds,Mayor Bolton,186,Undirected,1
34,39,the Reds,Green (Hadley's comrade),186,Undirected,1
48,31,Mayor Bolton,Taylor,186,Undirected,1
64,46,the police,Taylor's congregation,186,Undirected,1
56,57,Chief Bruden,Mr. Lowe,186,Undirected,1
85,56,Chamber of Commerce,Chief Bruden,186,Undirected,1
64,57,the police,Mr. Lowe,186,Undirected,1
39,31,Green (Hadley's comrade),Taylor,186,Undirected,1
10,56,God,Chief Bruden,186,Undirected,1
38,39,Hadley,Green (Hadley's comrade),186,Undirected,1
38,48,Hadley,Mayor Bolton,186,Undirected,1
39,46,Green (Hadley's comrade),Taylor's congregation,186,Undirected,1
38,57,Hadley,Mr. Lowe,186,Undirected,1
34,38,the Reds,Hadley,186,Undirected,1
64,48,the police,Mayor Bolton,186,Undirected,1
34,56,the Reds,Chief Bruden,186,Undirected,1
85,31,Chamber of Commerce,Taylor,186,Undirected,1
10,31,God,Taylor,186,Undirected,1
48,56,Mayor Bolton,Chief Bruden,186,Undirected,1
64,85,the police,Chamber of Commerce,186,Undirected,1
38,46,Hadley,Taylor's congregation,186,Undirected,1
64,39,the police,Green (Hadley's comrade),186,Undirected,1
64,31,the police,Taylor,186,Undirected,1
46,56,Taylor's congregation,Chief Bruden,186,Undirected,1
48,85,Mayor Bolton,Chamber of Commerce,186,Undirected,1
34,10,the Reds,God,186,Undirected,1
39,85,Green (Hadley's comrade),Chamber of Commerce,186,Undirected,1
10,46,God,Taylor's congregation,186,Undirected,1
46,48,Taylor's congregation,Mayor Bolton,186,Undirected,1
64,38,the police,Hadley,186,Undirected,1
38,56,Hadley,Chief Bruden,186,Undirected,1
46,57,Taylor's congregation,Mr. Lowe,186,Undirected,1
56,31,Chief Bruden,Taylor,186,Undirected,1
39,48,Green (Hadley's comrade),Mayor Bolton,186,Undirected,1
48,57,Mayor Bolton,Mr. Lowe,186,Undirected,1
34,31,the Reds,Taylor,186,Undirected,1
64,56,the police,Chief Bruden,186,Undirected,1
10,57,God,Mr. Lowe,186,Undirected,1
39,57,Green (Hadley's comrade),Mr. Lowe,186,Undirected,1
34,85,the Reds,Chamber of Commerce,186,Undirected,1
64,34,the police,the Reds,186,Undirected,1
85,57,Chamber of Commerce,Mr. Lowe,186,Undirected,1
38,31,Hadley,Taylor,186,Undirected,1
10,48,God,Mayor Bolton,186,Undirected,1
64,10,the police,God,186,Undirected,1
46,85,Taylor's congregation,Chamber of Commerce,186,Undirected,1
10,85,God,Chamber of Commerce,186,Undirected,1
38,10,Hadley,God,186,Undirected,1
34,46,the Reds,Taylor's congregation,186,Undirected,1
49,88,Smith,Red Squad,187,Undirected,1
39,251,Green (Hadley's comrade),Industrial Squad,187,Undirected,1
31,63,Taylor,Deacon Board,187,Undirected,1
48,89,Mayor Bolton,Hilton,187,Undirected,1
39,86,Green (Hadley's comrade),Bonds,187,Undirected,1
56,63,Chief Bruden,Deacon Board,187,Undirected,1
87,90,Williams,Jones,187,Undirected,1
34,56,the Reds,Chief Bruden,187,Undirected,1
251,125,Industrial Squad,"""white folks"" (abstract)",187,Undirected,1
90,125,Jones,"""white folks"" (abstract)",187,Undirected,1
251,88,Industrial Squad,Red Squad,187,Undirected,1
39,125,Green (Hadley's comrade),"""white folks"" (abstract)",187,Undirected,1
10,89,God,Hilton,187,Undirected,1
34,63,the Reds,Deacon Board,187,Undirected,1
49,90,Smith,Jones,187,Undirected,1
41,251,May,Industrial Squad,187,Undirected,1
251,31,Industrial Squad,Taylor,187,Undirected,1
40,10,Jimmy,God,187,Undirected,1
251,86,Industrial Squad,Bonds,187,Undirected,1
86,87,Bonds,Williams,187,Undirected,1
87,31,Williams,Taylor,187,Undirected,1
49,56,Smith,Chief Bruden,187,Undirected,1
39,48,Green (Hadley's comrade),Mayor Bolton,187,Undirected,1
39,57,Green (Hadley's comrade),Mr. Lowe,187,Undirected,1
40,87,Jimmy,Williams,187,Undirected,1
34,125,the Reds,"""white folks"" (abstract)",187,Undirected,1
10,87,God,Williams,187,Undirected,1
57,90,Mr. Lowe,Jones,187,Undirected,1
56,125,Chief Bruden,"""white folks"" (abstract)",187,Undirected,1
49,86,Smith,Bonds,187,Undirected,1
41,48,May,Mayor Bolton,187,Undirected,1
49,31,Smith,Taylor,187,Undirected,1
41,57,May,Mr. Lowe,187,Undirected,1
86,89,Bonds,Hilton,187,Undirected,1
87,88,Williams,Red Squad,187,Undirected,1
48,87,Mayor Bolton,Williams,187,Undirected,1
41,125,May,"""white folks"" (abstract)",187,Undirected,1
41,63,May,Deacon Board,187,Undirected,1
34,86,the Reds,Bonds,187,Undirected,1
251,49,Industrial Squad,Smith,187,Undirected,1
39,31,Green (Hadley's comrade),Taylor,187,Undirected,1
39,40,Green (Hadley's comrade),Jimmy,187,Undirected,1
34,90,the Reds,Jones,187,Undirected,1
56,90,Chief Bruden,Jones,187,Undirected,1
88,125,Red Squad,"""white folks"" (abstract)",187,Undirected,1
39,49,Green (Hadley's comrade),Smith,187,Undirected,1
40,48,Jimmy,Mayor Bolton,187,Undirected,1
10,251,God,Industrial Squad,187,Undirected,1
40,57,Jimmy,Mr. Lowe,187,Undirected,1
48,125,Mayor Bolton,"""white folks"" (abstract)",187,Undirected,1
41,86,May,Bonds,187,Undirected,1
41,31,May,Taylor,187,Undirected,1
86,63,Bonds,Deacon Board,187,Undirected,1
40,90,Jimmy,Jones,187,Undirected,1
41,56,May,Chief Bruden,187,Undirected,1
90,31,Jones,Taylor,187,Undirected,1
86,125,Bonds,"""white folks"" (abstract)",187,Undirected,1
57,89,Mr. Lowe,Hilton,187,Undirected,1
34,31,the Reds,Taylor,187,Undirected,1
56,31,Chief Bruden,Taylor,187,Undirected,1
90,63,Jones,Deacon Board,187,Undirected,1
34,40,the Reds,Jimmy,187,Undirected,1
34,49,the Reds,Smith,187,Undirected,1
39,63,Green (Hadley's comrade),Deacon Board,187,Undirected,1
251,90,Industrial Squad,Jones,187,Undirected,1
251,63,Industrial Squad,Deacon Board,187,Undirected,1
57,87,Mr. Lowe,Williams,187,Undirected,1
10,48,God,Mayor Bolton,187,Undirected,1
251,56,Industrial Squad,Chief Bruden,187,Undirected,1
10,57,God,Mr. Lowe,187,Undirected,1
34,88,the Reds,Red Squad,187,Undirected,1
56,88,Chief Bruden,Red Squad,187,Undirected,1
39,56,Green (Hadley's comrade),Chief Bruden,187,Undirected,1
31,125,Taylor,"""white folks"" (abstract)",187,Undirected,1
40,89,Jimmy,Hilton,187,Undirected,1
34,251,the Reds,Industrial Squad,187,Undirected,1
34,39,the Reds,Green (Hadley's comrade),187,Undirected,1
87,56,Williams,Chief Bruden,187,Undirected,1
57,251,Mr. Lowe,Industrial Squad,187,Undirected,1
40,125,Jimmy,"""white folks"" (abstract)",187,Undirected,1
41,90,May,Jones,187,Undirected,1
39,10,Green (Hadley's comrade),God,187,Undirected,1
89,63,Hilton,Deacon Board,187,Undirected,1
88,31,Red Squad,Taylor,187,Undirected,1
48,86,Mayor Bolton,Bonds,187,Undirected,1
48,31,Mayor Bolton,Taylor,187,Undirected,1
10,56,God,Chief Bruden,187,Undirected,1
34,87,the Reds,Williams,187,Undirected,1
86,88,Bonds,Red Squad,187,Undirected,1
48,49,Mayor Bolton,Smith,187,Undirected,1
41,10,May,God,187,Undirected,1
57,125,Mr. Lowe,"""white folks"" (abstract)",187,Undirected,1
40,63,Jimmy,Deacon Board,187,Undirected,1
48,56,Mayor Bolton,Chief Bruden,187,Undirected,1
86,31,Bonds,Taylor,187,Undirected,1
10,63,God,Deacon Board,187,Undirected,1
39,90,Green (Hadley's comrade),Jones,187,Undirected,1
49,87,Smith,Williams,187,Undirected,1
90,88,Jones,Red Squad,187,Undirected,1
41,49,May,Smith,187,Undirected,1
34,10,the Reds,God,187,Undirected,1
39,88,Green (Hadley's comrade),Red Squad,187,Undirected,1
87,89,Williams,Hilton,187,Undirected,1
57,48,Mr. Lowe,Mayor Bolton,187,Undirected,1
10,86,God,Bonds,187,Undirected,1
88,63,Red Squad,Deacon Board,187,Undirected,1
40,41,Jimmy,May,187,Undirected,1
48,63,Mayor Bolton,Deacon Board,187,Undirected,1
86,56,Bonds,Chief Bruden,187,Undirected,1
41,88,May,Red Squad,187,Undirected,1
40,251,Jimmy,Industrial Squad,187,Undirected,1
49,89,Smith,Hilton,187,Undirected,1
89,125,Hilton,"""white folks"" (abstract)",187,Undirected,1
57,88,Mr. Lowe,Red Squad,187,Undirected,1
10,31,God,Taylor,187,Undirected,1
10,125,God,"""white folks"" (abstract)",187,Undirected,1
48,88,Mayor Bolton,Red Squad,187,Undirected,1
41,87,May,Williams,187,Undirected,1
34,48,the Reds,Mayor Bolton,187,Undirected,1
251,89,Industrial Squad,Hilton,187,Undirected,1
87,63,Williams,Deacon Board,187,Undirected,1
10,90,God,Jones,187,Undirected,1
34,57,the Reds,Mr. Lowe,187,Undirected,1
57,86,Mr. Lowe,Bonds,187,Undirected,1
57,31,Mr. Lowe,Taylor,187,Undirected,1
39,89,Green (Hadley's comrade),Hilton,187,Undirected,1
40,88,Jimmy,Red Squad,187,Undirected,1
89,90,Hilton,Jones,187,Undirected,1
49,63,Smith,Deacon Board,187,Undirected,1
34,41,the Reds,May,187,Undirected,1
41,89,May,Hilton,187,Undirected,1
251,48,Industrial Squad,Mayor Bolton,187,Undirected,1
49,125,Smith,"""white folks"" (abstract)",187,Undirected,1
40,49,Jimmy,Smith,187,Undirected,1
57,49,Mr. Lowe,Smith,187,Undirected,1
57,56,Mr. Lowe,Chief Bruden,187,Undirected,1
89,88,Hilton,Red Squad,187,Undirected,1
34,89,the Reds,Hilton,187,Undirected,1
86,90,Bonds,Jones,187,Undirected,1
10,49,God,Smith,187,Undirected,1
57,63,Mr. Lowe,Deacon Board,187,Undirected,1
89,31,Hilton,Taylor,187,Undirected,1
40,56,Jimmy,Chief Bruden,187,Undirected,1
251,87,Industrial Squad,Williams,187,Undirected,1
56,89,Chief Bruden,Hilton,187,Undirected,1
87,125,Williams,"""white folks"" (abstract)",187,Undirected,1
125,63,"""white folks"" (abstract)",Deacon Board,187,Undirected,1
48,90,Mayor Bolton,Jones,187,Undirected,1
39,87,Green (Hadley's comrade),Williams,187,Undirected,1
40,86,Jimmy,Bonds,187,Undirected,1
40,31,Jimmy,Taylor,187,Undirected,1
10,88,God,Red Squad,187,Undirected,1
39,41,Green (Hadley's comrade),May,187,Undirected,1
64,31,the police,Taylor,188,Undirected,1
64,49,the police,Smith,188,Undirected,1
251,86,Industrial Squad,Bonds,188,Undirected,1
10,87,God,Williams,188,Undirected,1
251,31,Industrial Squad,Taylor,188,Undirected,1
48,89,Mayor Bolton,Hilton,188,Undirected,1
56,63,Chief Bruden,Deacon Board,188,Undirected,1
49,88,Smith,Red Squad,188,Undirected,1
64,88,the police,Red Squad,188,Undirected,1
251,88,Industrial Squad,Red Squad,188,Undirected,1
87,90,Williams,Jones,188,Undirected,1
34,63,the Reds,Deacon Board,188,Undirected,1
87,88,Williams,Red Squad,188,Undirected,1
49,56,Smith,Chief Bruden,188,Undirected,1
49,31,Smith,Taylor,188,Undirected,1
49,86,Smith,Bonds,188,Undirected,1
48,87,Mayor Bolton,Williams,188,Undirected,1
46,90,Taylor's congregation,Jones,188,Undirected,1
64,56,the police,Chief Bruden,188,Undirected,1
90,57,Jones,Mr. Lowe,188,Undirected,1
87,31,Williams,Taylor,188,Undirected,1
86,87,Bonds,Williams,188,Undirected,1
34,251,the Reds,Industrial Squad,188,Undirected,1
46,88,Taylor's congregation,Red Squad,188,Undirected,1
64,63,the police,Deacon Board,188,Undirected,1
10,89,God,Hilton,188,Undirected,1
87,56,Williams,Chief Bruden,188,Undirected,1
86,89,Bonds,Hilton,188,Undirected,1
34,56,the Reds,Chief Bruden,188,Undirected,1
251,56,Industrial Squad,Chief Bruden,188,Undirected,1
49,90,Smith,Jones,188,Undirected,1
49,63,Smith,Deacon Board,188,Undirected,1
10,251,God,Industrial Squad,188,Undirected,1
56,90,Chief Bruden,Jones,188,Undirected,1
34,90,the Reds,Jones,188,Undirected,1
251,49,Industrial Squad,Smith,188,Undirected,1
90,31,Jones,Taylor,188,Undirected,1
89,57,Hilton,Mr. Lowe,188,Undirected,1
46,89,Taylor's congregation,Hilton,188,Undirected,1
64,46,the police,Taylor's congregation,188,Undirected,1
56,88,Chief Bruden,Red Squad,188,Undirected,1
34,88,the Reds,Red Squad,188,Undirected,1
10,57,God,Mr. Lowe,188,Undirected,1
10,48,God,Mayor Bolton,188,Undirected,1
64,10,the police,God,188,Undirected,1
46,87,Taylor's congregation,Williams,188,Undirected,1
251,90,Industrial Squad,Jones,188,Undirected,1
34,49,the Reds,Smith,188,Undirected,1
48,57,Mayor Bolton,Mr. Lowe,188,Undirected,1
90,63,Jones,Deacon Board,188,Undirected,1
86,63,Bonds,Deacon Board,188,Undirected,1
56,31,Chief Bruden,Taylor,188,Undirected,1
34,31,the Reds,Taylor,188,Undirected,1
34,86,the Reds,Bonds,188,Undirected,1
251,63,Industrial Squad,Deacon Board,188,Undirected,1
88,57,Red Squad,Mr. Lowe,188,Undirected,1
64,90,the police,Jones,188,Undirected,1
10,46,God,Taylor's congregation,188,Undirected,1
86,57,Bonds,Mr. Lowe,188,Undirected,1
89,90,Hilton,Jones,188,Undirected,1
88,31,Red Squad,Taylor,188,Undirected,1
57,31,Mr. Lowe,Taylor,188,Undirected,1
49,57,Smith,Mr. Lowe,188,Undirected,1
48,49,Mayor Bolton,Smith,188,Undirected,1
86,88,Bonds,Red Squad,188,Undirected,1
34,87,the Reds,Williams,188,Undirected,1
10,56,God,Chief Bruden,188,Undirected,1
48,31,Mayor Bolton,Taylor,188,Undirected,1
48,86,Mayor Bolton,Bonds,188,Undirected,1
89,63,Hilton,Deacon Board,188,Undirected,1
87,57,Williams,Mr. Lowe,188,Undirected,1
46,251,Taylor's congregation,Industrial Squad,188,Undirected,1
48,56,Mayor Bolton,Chief Bruden,188,Undirected,1
10,63,God,Deacon Board,188,Undirected,1
64,48,the police,Mayor Bolton,188,Undirected,1
64,34,the police,the Reds,188,Undirected,1
49,89,Smith,Hilton,188,Undirected,1
86,56,Bonds,Chief Bruden,188,Undirected,1
48,63,Mayor Bolton,Deacon Board,188,Undirected,1
46,57,Taylor's congregation,Mr. Lowe,188,Undirected,1
88,63,Red Squad,Deacon Board,188,Undirected,1
46,48,Taylor's congregation,Mayor Bolton,188,Undirected,1
87,89,Williams,Hilton,188,Undirected,1
64,87,the police,Williams,188,Undirected,1
34,10,the Reds,God,188,Undirected,1
90,88,Jones,Red Squad,188,Undirected,1
49,87,Smith,Williams,188,Undirected,1
46,49,Taylor's congregation,Smith,188,Undirected,1
64,89,the police,Hilton,188,Undirected,1
64,57,the police,Mr. Lowe,188,Undirected,1
86,31,Bonds,Taylor,188,Undirected,1
10,31,God,Taylor,188,Undirected,1
46,31,Taylor's congregation,Taylor,188,Undirected,1
10,86,God,Bonds,188,Undirected,1
46,86,Taylor's congregation,Bonds,188,Undirected,1
56,57,Chief Bruden,Mr. Lowe,188,Undirected,1
34,57,the Reds,Mr. Lowe,188,Undirected,1
10,90,God,Jones,188,Undirected,1
87,63,Williams,Deacon Board,188,Undirected,1
251,89,Industrial Squad,Hilton,188,Undirected,1
34,48,the Reds,Mayor Bolton,188,Undirected,1
46,56,Taylor's congregation,Chief Bruden,188,Undirected,1
64,86,the police,Bonds,188,Undirected,1
48,90,Mayor Bolton,Jones,188,Undirected,1
64,251,the police,Industrial Squad,188,Undirected,1
10,88,God,Red Squad,188,Undirected,1
89,88,Hilton,Red Squad,188,Undirected,1
48,88,Mayor Bolton,Red Squad,188,Undirected,1
251,87,Industrial Squad,Williams,188,Undirected,1
10,49,God,Smith,188,Undirected,1
251,57,Industrial Squad,Mr. Lowe,188,Undirected,1
63,31,Deacon Board,Taylor,188,Undirected,1
86,90,Bonds,Jones,188,Undirected,1
34,89,the Reds,Hilton,188,Undirected,1
46,63,Taylor's congregation,Deacon Board,188,Undirected,1
89,31,Hilton,Taylor,188,Undirected,1
57,63,Mr. Lowe,Deacon Board,188,Undirected,1
34,46,the Reds,Taylor's congregation,188,Undirected,1
56,89,Chief Bruden,Hilton,188,Undirected,1
251,48,Industrial Squad,Mayor Bolton,188,Undirected,1
64,49,the police,Smith,189,Undirected,1
49,31,Smith,Taylor,189,Undirected,1
269,89,U.S. Government (abstract),Hilton,189,Undirected,1
86,89,Bonds,Hilton,189,Undirected,1
64,31,the police,Taylor,189,Undirected,1
89,87,Hilton,Williams,189,Undirected,1
86,55,Bonds,Jesus Christ,189,Undirected,1
34,63,the Reds,Deacon Board,189,Undirected,1
56,63,Chief Bruden,Deacon Board,189,Undirected,1
48,89,Mayor Bolton,Hilton,189,Undirected,1
49,86,Smith,Bonds,189,Undirected,1
10,87,God,Williams,189,Undirected,1
48,87,Mayor Bolton,Williams,189,Undirected,1
269,48,U.S. Government (abstract),Mayor Bolton,189,Undirected,1
64,56,the police,Chief Bruden,189,Undirected,1
90,57,Jones,Mr. Lowe,189,Undirected,1
55,90,Jesus Christ,Jones,189,Undirected,1
49,56,Smith,Chief Bruden,189,Undirected,1
87,31,Williams,Taylor,189,Undirected,1
34,269,the Reds,U.S. Government (abstract),189,Undirected,1
86,87,Bonds,Williams,189,Undirected,1
64,63,the police,Deacon Board,189,Undirected,1
49,63,Smith,Deacon Board,189,Undirected,1
269,57,U.S. Government (abstract),Mr. Lowe,189,Undirected,1
89,90,Hilton,Jones,189,Undirected,1
48,55,Mayor Bolton,Jesus Christ,189,Undirected,1
46,90,Taylor's congregation,Jones,189,Undirected,1
10,89,God,Hilton,189,Undirected,1
10,269,God,U.S. Government (abstract),189,Undirected,1
86,57,Bonds,Mr. Lowe,189,Undirected,1
86,63,Bonds,Deacon Board,189,Undirected,1
46,49,Taylor's congregation,Smith,189,Undirected,1
269,63,U.S. Government (abstract),Deacon Board,189,Undirected,1
56,90,Chief Bruden,Jones,189,Undirected,1
46,55,Taylor's congregation,Jesus Christ,189,Undirected,1
34,90,the Reds,Jones,189,Undirected,1
90,31,Jones,Taylor,189,Undirected,1
89,57,Hilton,Mr. Lowe,189,Undirected,1
46,89,Taylor's congregation,Hilton,189,Undirected,1
64,46,the police,Taylor's congregation,189,Undirected,1
55,89,Jesus Christ,Hilton,189,Undirected,1
10,57,God,Mr. Lowe,189,Undirected,1
10,48,God,Mayor Bolton,189,Undirected,1
34,56,the Reds,Chief Bruden,189,Undirected,1
269,31,U.S. Government (abstract),Taylor,189,Undirected,1
64,10,the police,God,189,Undirected,1
46,87,Taylor's congregation,Williams,189,Undirected,1
34,49,the Reds,Smith,189,Undirected,1
48,57,Mayor Bolton,Mr. Lowe,189,Undirected,1
90,63,Jones,Deacon Board,189,Undirected,1
56,31,Chief Bruden,Taylor,189,Undirected,1
34,31,the Reds,Taylor,189,Undirected,1
34,86,the Reds,Bonds,189,Undirected,1
55,87,Jesus Christ,Williams,189,Undirected,1
64,90,the police,Jones,189,Undirected,1
10,55,God,Jesus Christ,189,Undirected,1
10,46,God,Taylor's congregation,189,Undirected,1
49,90,Smith,Jones,189,Undirected,1
269,86,U.S. Government (abstract),Bonds,189,Undirected,1
57,31,Mr. Lowe,Taylor,189,Undirected,1
269,55,U.S. Government (abstract),Jesus Christ,189,Undirected,1
46,86,Taylor's congregation,Bonds,189,Undirected,1
56,87,Chief Bruden,Williams,189,Undirected,1
34,87,the Reds,Williams,189,Undirected,1
10,56,God,Chief Bruden,189,Undirected,1
48,31,Mayor Bolton,Taylor,189,Undirected,1
48,86,Mayor Bolton,Bonds,189,Undirected,1
89,63,Hilton,Deacon Board,189,Undirected,1
87,57,Williams,Mr. Lowe,189,Undirected,1
64,55,the police,Jesus Christ,189,Undirected,1
49,55,Smith,Jesus Christ,189,Undirected,1
269,49,U.S. Government (abstract),Smith,189,Undirected,1
48,56,Mayor Bolton,Chief Bruden,189,Undirected,1
86,31,Bonds,Taylor,189,Undirected,1
48,49,Mayor Bolton,Smith,189,Undirected,1
10,63,God,Deacon Board,189,Undirected,1
64,89,the police,Hilton,189,Undirected,1
49,89,Smith,Hilton,189,Undirected,1
86,56,Bonds,Chief Bruden,189,Undirected,1
269,56,U.S. Government (abstract),Chief Bruden,189,Undirected,1
48,63,Mayor Bolton,Deacon Board,189,Undirected,1
46,31,Taylor's congregation,Taylor,189,Undirected,1
46,48,Taylor's congregation,Mayor Bolton,189,Undirected,1
64,87,the police,Williams,189,Undirected,1
34,10,the Reds,God,189,Undirected,1
269,90,U.S. Government (abstract),Jones,189,Undirected,1
49,87,Smith,Williams,189,Undirected,1
55,57,Jesus Christ,Mr. Lowe,189,Undirected,1
64,34,the police,the Reds,189,Undirected,1
49,57,Smith,Mr. Lowe,189,Undirected,1
46,57,Taylor's congregation,Mr. Lowe,189,Undirected,1
64,57,the police,Mr. Lowe,189,Undirected,1
64,48,the police,Mayor Bolton,189,Undirected,1
56,57,Chief Bruden,Mr. Lowe,189,Undirected,1
34,57,the Reds,Mr. Lowe,189,Undirected,1
10,90,God,Jones,189,Undirected,1
34,48,the Reds,Mayor Bolton,189,Undirected,1
55,31,Jesus Christ,Taylor,189,Undirected,1
269,46,U.S. Government (abstract),Taylor's congregation,189,Undirected,1
46,56,Taylor's congregation,Chief Bruden,189,Undirected,1
64,269,the police,U.S. Government (abstract),189,Undirected,1
64,86,the police,Bonds,189,Undirected,1
48,90,Mayor Bolton,Jones,189,Undirected,1
90,87,Jones,Williams,189,Undirected,1
34,55,the Reds,Jesus Christ,189,Undirected,1
87,63,Williams,Deacon Board,189,Undirected,1
34,46,the Reds,Taylor's congregation,189,Undirected,1
55,56,Jesus Christ,Chief Bruden,189,Undirected,1
10,31,God,Taylor,189,Undirected,1
10,86,God,Bonds,189,Undirected,1
269,87,U.S. Government (abstract),Williams,189,Undirected,1
10,49,God,Smith,189,Undirected,1
63,31,Deacon Board,Taylor,189,Undirected,1
55,63,Jesus Christ,Deacon Board,189,Undirected,1
86,90,Bonds,Jones,189,Undirected,1
56,89,Chief Bruden,Hilton,189,Undirected,1
46,63,Taylor's congregation,Deacon Board,189,Undirected,1
89,31,Hilton,Taylor,189,Undirected,1
57,63,Mr. Lowe,Deacon Board,189,Undirected,1
34,89,the Reds,Hilton,189,Undirected,1
10,87,God,Williams,190,Undirected,1
31,46,Taylor,Taylor's congregation,190,Undirected,1
227,46,"""white folks"" (poor white townspeople)",Taylor's congregation,190,Undirected,1
38,49,Hadley,Smith,190,Undirected,1
86,89,Bonds,Hilton,190,Undirected,1
31,89,Taylor,Hilton,190,Undirected,1
38,31,Hadley,Taylor,190,Undirected,1
49,86,Smith,Bonds,190,Undirected,1
38,86,Hadley,Bonds,190,Undirected,1
86,87,Bonds,Williams,190,Undirected,1
46,90,Taylor's congregation,Jones,190,Undirected,1
90,57,Jones,Mr. Lowe,190,Undirected,1
49,56,Smith,Chief Bruden,190,Undirected,1
38,56,Hadley,Chief Bruden,190,Undirected,1
31,87,Taylor,Williams,190,Undirected,1
87,56,Williams,Chief Bruden,190,Undirected,1
49,63,Smith,Deacon Board,190,Undirected,1
38,63,Hadley,Deacon Board,190,Undirected,1
56,63,Chief Bruden,Deacon Board,190,Undirected,1
48,87,Mayor Bolton,Williams,190,Undirected,1
48,89,Mayor Bolton,Hilton,190,Undirected,1
46,87,Taylor's congregation,Williams,190,Undirected,1
227,48,"""white folks"" (poor white townspeople)",Mayor Bolton,190,Undirected,1
89,90,Hilton,Jones,190,Undirected,1
31,63,Taylor,Deacon Board,190,Undirected,1
86,63,Bonds,Deacon Board,190,Undirected,1
89,57,Hilton,Mr. Lowe,190,Undirected,1
46,89,Taylor's congregation,Hilton,190,Undirected,1
10,57,God,Mr. Lowe,190,Undirected,1
227,89,"""white folks"" (poor white townspeople)",Hilton,190,Undirected,1
10,48,God,Mayor Bolton,190,Undirected,1
38,10,Hadley,God,190,Undirected,1
87,90,Williams,Jones,190,Undirected,1
48,57,Mayor Bolton,Mr. Lowe,190,Undirected,1
227,87,"""white folks"" (poor white townspeople)",Williams,190,Undirected,1
10,46,God,Taylor's congregation,190,Undirected,1
49,90,Smith,Jones,190,Undirected,1
38,90,Hadley,Jones,190,Undirected,1
86,57,Bonds,Mr. Lowe,190,Undirected,1
10,89,God,Hilton,190,Undirected,1
31,57,Taylor,Mr. Lowe,190,Undirected,1
31,48,Taylor,Mayor Bolton,190,Undirected,1
227,57,"""white folks"" (poor white townspeople)",Mr. Lowe,190,Undirected,1
90,63,Jones,Deacon Board,190,Undirected,1
46,49,Taylor's congregation,Smith,190,Undirected,1
56,90,Chief Bruden,Jones,190,Undirected,1
56,57,Chief Bruden,Mr. Lowe,190,Undirected,1
89,63,Hilton,Deacon Board,190,Undirected,1
87,57,Williams,Mr. Lowe,190,Undirected,1
31,49,Taylor,Smith,190,Undirected,1
48,56,Mayor Bolton,Chief Bruden,190,Undirected,1
38,46,Hadley,Taylor's congregation,190,Undirected,1
10,63,God,Deacon Board,190,Undirected,1
31,86,Taylor,Bonds,190,Undirected,1
227,31,"""white folks"" (poor white townspeople)",Taylor,190,Undirected,1
227,86,"""white folks"" (poor white townspeople)",Bonds,190,Undirected,1
49,89,Smith,Hilton,190,Undirected,1
86,56,Bonds,Chief Bruden,190,Undirected,1
31,56,Taylor,Chief Bruden,190,Undirected,1
48,63,Mayor Bolton,Deacon Board,190,Undirected,1
46,57,Taylor's congregation,Mr. Lowe,190,Undirected,1
46,48,Taylor's congregation,Mayor Bolton,190,Undirected,1
227,38,"""white folks"" (poor white townspeople)",Hadley,190,Undirected,1
87,89,Williams,Hilton,190,Undirected,1
49,87,Smith,Williams,190,Undirected,1
38,87,Hadley,Williams,190,Undirected,1
48,86,Mayor Bolton,Bonds,190,Undirected,1
10,56,God,Chief Bruden,190,Undirected,1
46,86,Taylor's congregation,Bonds,190,Undirected,1
38,48,Hadley,Mayor Bolton,190,Undirected,1
48,49,Mayor Bolton,Smith,190,Undirected,1
10,90,God,Jones,190,Undirected,1
87,63,Williams,Deacon Board,190,Undirected,1
227,49,"""white folks"" (poor white townspeople)",Smith,190,Undirected,1
46,56,Taylor's congregation,Chief Bruden,190,Undirected,1
38,89,Hadley,Hilton,190,Undirected,1
227,10,"""white folks"" (poor white townspeople)",God,190,Undirected,1
227,56,"""white folks"" (poor white townspeople)",Chief Bruden,190,Undirected,1
57,63,Mr. Lowe,Deacon Board,190,Undirected,1
46,63,Taylor's congregation,Deacon Board,190,Undirected,1
48,90,Mayor Bolton,Jones,190,Undirected,1
56,89,Chief Bruden,Hilton,190,Undirected,1
31,90,Taylor,Jones,190,Undirected,1
227,90,"""white folks"" (poor white townspeople)",Jones,190,Undirected,1
38,57,Hadley,Mr. Lowe,190,Undirected,1
10,49,God,Smith,190,Undirected,1
10,31,God,Taylor,190,Undirected,1
10,86,God,Bonds,190,Undirected,1
227,63,"""white folks"" (poor white townspeople)",Deacon Board,190,Undirected,1
49,57,Smith,Mr. Lowe,190,Undirected,1
86,90,Bonds,Jones,190,Undirected,1
10,87,God,Williams,191,Undirected,1
48,254,Mayor Bolton,"""white folks"" (white townspeople)",191,Undirected,1
34,63,the Reds,Deacon Board,191,Undirected,1
87,90,Williams,Jones,191,Undirected,1
48,89,Mayor Bolton,Hilton,191,Undirected,1
57,46,Mr. Lowe,Taylor's congregation,191,Undirected,1
86,89,Bonds,Hilton,191,Undirected,1
56,63,Chief Bruden,Deacon Board,191,Undirected,1
49,31,Smith,Taylor,191,Undirected,1
89,90,Hilton,Jones,191,Undirected,1
49,86,Smith,Bonds,191,Undirected,1
48,87,Mayor Bolton,Williams,191,Undirected,1
46,90,Taylor's congregation,Jones,191,Undirected,1
57,90,Mr. Lowe,Jones,191,Undirected,1
49,56,Smith,Chief Bruden,191,Undirected,1
87,31,Williams,Taylor,191,Undirected,1
86,87,Bonds,Williams,191,Undirected,1
87,56,Williams,Chief Bruden,191,Undirected,1
10,254,God,"""white folks"" (white townspeople)",191,Undirected,1
31,254,Taylor,"""white folks"" (white townspeople)",191,Undirected,1
10,89,God,Hilton,191,Undirected,1
46,87,Taylor's congregation,Williams,191,Undirected,1
49,90,Smith,Jones,191,Undirected,1
46,49,Taylor's congregation,Smith,191,Undirected,1
86,63,Bonds,Deacon Board,191,Undirected,1
31,63,Taylor,Deacon Board,191,Undirected,1
56,90,Chief Bruden,Jones,191,Undirected,1
34,90,the Reds,Jones,191,Undirected,1
90,31,Jones,Taylor,191,Undirected,1
46,89,Taylor's congregation,Hilton,191,Undirected,1
57,89,Mr. Lowe,Hilton,191,Undirected,1
46,254,Taylor's congregation,"""white folks"" (white townspeople)",191,Undirected,1
34,56,the Reds,Chief Bruden,191,Undirected,1
57,254,Mr. Lowe,"""white folks"" (white townspeople)",191,Undirected,1
10,48,God,Mayor Bolton,191,Undirected,1
57,87,Mr. Lowe,Williams,191,Undirected,1
34,49,the Reds,Smith,191,Undirected,1
90,63,Jones,Deacon Board,191,Undirected,1
56,31,Chief Bruden,Taylor,191,Undirected,1
34,31,the Reds,Taylor,191,Undirected,1
34,86,the Reds,Bonds,191,Undirected,1
89,254,Hilton,"""white folks"" (white townspeople)",191,Undirected,1
10,46,God,Taylor's congregation,191,Undirected,1
10,57,God,Mr. Lowe,191,Undirected,1
57,49,Mr. Lowe,Smith,191,Undirected,1
49,63,Smith,Deacon Board,191,Undirected,1
57,31,Mr. Lowe,Taylor,191,Undirected,1
48,49,Mayor Bolton,Smith,191,Undirected,1
34,87,the Reds,Williams,191,Undirected,1
10,56,God,Chief Bruden,191,Undirected,1
48,31,Mayor Bolton,Taylor,191,Undirected,1
48,86,Mayor Bolton,Bonds,191,Undirected,1
254,63,"""white folks"" (white townspeople)",Deacon Board,191,Undirected,1
89,63,Hilton,Deacon Board,191,Undirected,1
48,56,Mayor Bolton,Chief Bruden,191,Undirected,1
86,31,Bonds,Taylor,191,Undirected,1
10,86,God,Bonds,191,Undirected,1
49,89,Smith,Hilton,191,Undirected,1
86,56,Bonds,Chief Bruden,191,Undirected,1
48,63,Mayor Bolton,Deacon Board,191,Undirected,1
46,48,Taylor's congregation,Mayor Bolton,191,Undirected,1
57,48,Mr. Lowe,Mayor Bolton,191,Undirected,1
87,89,Williams,Hilton,191,Undirected,1
34,10,the Reds,God,191,Undirected,1
87,254,Williams,"""white folks"" (white townspeople)",191,Undirected,1
49,87,Smith,Williams,191,Undirected,1
46,31,Taylor's congregation,Taylor,191,Undirected,1
49,254,Smith,"""white folks"" (white townspeople)",191,Undirected,1
10,31,God,Taylor,191,Undirected,1
10,63,God,Deacon Board,191,Undirected,1
34,254,the Reds,"""white folks"" (white townspeople)",191,Undirected,1
46,86,Taylor's congregation,Bonds,191,Undirected,1
10,49,God,Smith,191,Undirected,1
57,86,Mr. Lowe,Bonds,191,Undirected,1
34,57,the Reds,Mr. Lowe,191,Undirected,1
10,90,God,Jones,191,Undirected,1
87,63,Williams,Deacon Board,191,Undirected,1
34,48,the Reds,Mayor Bolton,191,Undirected,1
46,56,Taylor's congregation,Chief Bruden,191,Undirected,1
57,56,Mr. Lowe,Chief Bruden,191,Undirected,1
48,90,Mayor Bolton,Jones,191,Undirected,1
90,254,Jones,"""white folks"" (white townspeople)",191,Undirected,1
86,254,Bonds,"""white folks"" (white townspeople)",191,Undirected,1
34,46,the Reds,Taylor's congregation,191,Undirected,1
89,31,Hilton,Taylor,191,Undirected,1
46,63,Taylor's congregation,Deacon Board,191,Undirected,1
57,63,Mr. Lowe,Deacon Board,191,Undirected,1
56,89,Chief Bruden,Hilton,191,Undirected,1
86,90,Bonds,Jones,191,Undirected,1
34,89,the Reds,Hilton,191,Undirected,1
56,254,Chief Bruden,"""white folks"" (white townspeople)",191,Undirected,1
64,31,the police,Taylor,192,Undirected,1
227,46,"""white folks"" (poor white townspeople)",Taylor's congregation,192,Undirected,1
64,49,the police,Smith,192,Undirected,1
10,87,God,Williams,192,Undirected,1
48,89,Mayor Bolton,Hilton,192,Undirected,1
56,63,Chief Bruden,Deacon Board,192,Undirected,1
227,48,"""white folks"" (poor white townspeople)",Mayor Bolton,192,Undirected,1
87,90,Williams,Jones,192,Undirected,1
86,89,Bonds,Hilton,192,Undirected,1
48,254,Mayor Bolton,"""white folks"" (white townspeople)",192,Undirected,1
49,31,Smith,Taylor,192,Undirected,1
64,63,the police,Deacon Board,192,Undirected,1
48,87,Mayor Bolton,Williams,192,Undirected,1
46,90,Taylor's congregation,Jones,192,Undirected,1
227,254,"""white folks"" (poor white townspeople)","""white folks"" (white townspeople)",192,Undirected,1
64,56,the police,Chief Bruden,192,Undirected,1
90,57,Jones,Mr. Lowe,192,Undirected,1
49,56,Smith,Chief Bruden,192,Undirected,1
87,31,Williams,Taylor,192,Undirected,1
86,87,Bonds,Williams,192,Undirected,1
87,56,Williams,Chief Bruden,192,Undirected,1
49,63,Smith,Deacon Board,192,Undirected,1
227,57,"""white folks"" (poor white townspeople)",Mr. Lowe,192,Undirected,1
49,86,Smith,Bonds,192,Undirected,1
10,254,God,"""white folks"" (white townspeople)",192,Undirected,1
89,57,Hilton,Mr. Lowe,192,Undirected,1
86,57,Bonds,Mr. Lowe,192,Undirected,1
89,90,Hilton,Jones,192,Undirected,1
86,63,Bonds,Deacon Board,192,Undirected,1
56,90,Chief Bruden,Jones,192,Undirected,1
90,31,Jones,Taylor,192,Undirected,1
46,89,Taylor's congregation,Hilton,192,Undirected,1
57,254,Mr. Lowe,"""white folks"" (white townspeople)",192,Undirected,1
46,254,Taylor's congregation,"""white folks"" (white townspeople)",192,Undirected,1
64,46,the police,Taylor's congregation,192,Undirected,1
10,57,God,Mr. Lowe,192,Undirected,1
227,89,"""white folks"" (poor white townspeople)",Hilton,192,Undirected,1
10,48,God,Mayor Bolton,192,Undirected,1
64,10,the police,God,192,Undirected,1
46,87,Taylor's congregation,Williams,192,Undirected,1
64,227,the police,"""white folks"" (poor white townspeople)",192,Undirected,1
48,57,Mayor Bolton,Mr. Lowe,192,Undirected,1
90,63,Jones,Deacon Board,192,Undirected,1
56,31,Chief Bruden,Taylor,192,Undirected,1
64,90,the police,Jones,192,Undirected,1
227,87,"""white folks"" (poor white townspeople)",Williams,192,Undirected,1
89,254,Hilton,"""white folks"" (white townspeople)",192,Undirected,1
10,46,God,Taylor's congregation,192,Undirected,1
49,90,Smith,Jones,192,Undirected,1
63,254,Deacon Board,"""white folks"" (white townspeople)",192,Undirected,1
10,89,God,Hilton,192,Undirected,1
46,49,Taylor's congregation,Smith,192,Undirected,1
87,89,Williams,Hilton,192,Undirected,1
46,31,Taylor's congregation,Taylor,192,Undirected,1
48,49,Mayor Bolton,Smith,192,Undirected,1
10,56,God,Chief Bruden,192,Undirected,1
48,31,Mayor Bolton,Taylor,192,Undirected,1
48,86,Mayor Bolton,Bonds,192,Undirected,1
89,63,Hilton,Deacon Board,192,Undirected,1
87,57,Williams,Mr. Lowe,192,Undirected,1
48,56,Mayor Bolton,Chief Bruden,192,Undirected,1
86,31,Bonds,Taylor,192,Undirected,1
10,63,God,Deacon Board,192,Undirected,1
64,89,the police,Hilton,192,Undirected,1
227,31,"""white folks"" (poor white townspeople)",Taylor,192,Undirected,1
227,86,"""white folks"" (poor white townspeople)",Bonds,192,Undirected,1
64,254,the police,"""white folks"" (white townspeople)",192,Undirected,1
49,89,Smith,Hilton,192,Undirected,1
49,254,Smith,"""white folks"" (white townspeople)",192,Undirected,1
86,56,Bonds,Chief Bruden,192,Undirected,1
57,31,Mr. Lowe,Taylor,192,Undirected,1
254,31,"""white folks"" (white townspeople)",Taylor,192,Undirected,1
46,57,Taylor's congregation,Mr. Lowe,192,Undirected,1
46,48,Taylor's congregation,Mayor Bolton,192,Undirected,1
64,87,the police,Williams,192,Undirected,1
87,254,Williams,"""white folks"" (white townspeople)",192,Undirected,1
49,87,Smith,Williams,192,Undirected,1
49,57,Smith,Mr. Lowe,192,Undirected,1
64,48,the police,Mayor Bolton,192,Undirected,1
48,63,Mayor Bolton,Deacon Board,192,Undirected,1
227,63,"""white folks"" (poor white townspeople)",Deacon Board,192,Undirected,1
46,86,Taylor's congregation,Bonds,192,Undirected,1
56,57,Chief Bruden,Mr. Lowe,192,Undirected,1
10,90,God,Jones,192,Undirected,1
87,63,Williams,Deacon Board,192,Undirected,1
90,254,Jones,"""white folks"" (white townspeople)",192,Undirected,1
227,49,"""white folks"" (poor white townspeople)",Smith,192,Undirected,1
46,56,Taylor's congregation,Chief Bruden,192,Undirected,1
64,57,the police,Mr. Lowe,192,Undirected,1
48,90,Mayor Bolton,Jones,192,Undirected,1
86,254,Bonds,"""white folks"" (white townspeople)",192,Undirected,1
227,10,"""white folks"" (poor white townspeople)",God,192,Undirected,1
64,86,the police,Bonds,192,Undirected,1
57,63,Mr. Lowe,Deacon Board,192,Undirected,1
10,86,God,Bonds,192,Undirected,1
10,31,God,Taylor,192,Undirected,1
227,56,"""white folks"" (poor white townspeople)",Chief Bruden,192,Undirected,1
227,90,"""white folks"" (poor white townspeople)",Jones,192,Undirected,1
56,254,Chief Bruden,"""white folks"" (white townspeople)",192,Undirected,1
10,49,God,Smith,192,Undirected,1
56,89,Chief Bruden,Hilton,192,Undirected,1
86,90,Bonds,Jones,192,Undirected,1
46,63,Taylor's congregation,Deacon Board,192,Undirected,1
89,31,Hilton,Taylor,192,Undirected,1
63,31,Deacon Board,Taylor,192,Undirected,1
49,90,Smith,Jones,193,Undirected,1
89,62,Hilton,Jimmy's boys,193,Undirected,1
10,89,God,Hilton,193,Undirected,1
63,62,Deacon Board,Jimmy's boys,193,Undirected,1
10,62,God,Jimmy's boys,193,Undirected,1
87,90,Williams,Jones,193,Undirected,1
10,87,God,Williams,193,Undirected,1
86,89,Bonds,Hilton,193,Undirected,1
95,90,kidnappers,Jones,193,Undirected,1
49,31,Smith,Taylor,193,Undirected,1
46,90,Taylor's congregation,Jones,193,Undirected,1
86,62,Bonds,Jimmy's boys,193,Undirected,1
40,10,Jimmy,God,193,Undirected,1
87,31,Williams,Taylor,193,Undirected,1
86,87,Bonds,Williams,193,Undirected,1
40,87,Jimmy,Williams,193,Undirected,1
49,95,Smith,kidnappers,193,Undirected,1
95,87,kidnappers,Williams,193,Undirected,1
46,89,Taylor's congregation,Hilton,193,Undirected,1
90,63,Jones,Deacon Board,193,Undirected,1
40,90,Jimmy,Jones,193,Undirected,1
87,62,Williams,Jimmy's boys,193,Undirected,1
41,95,May,kidnappers,193,Undirected,1
86,63,Bonds,Deacon Board,193,Undirected,1
41,31,May,Taylor,193,Undirected,1
41,86,May,Bonds,193,Undirected,1
90,31,Jones,Taylor,193,Undirected,1
10,46,God,Taylor's congregation,193,Undirected,1
46,62,Taylor's congregation,Jimmy's boys,193,Undirected,1
62,31,Jimmy's boys,Taylor,193,Undirected,1
41,63,May,Deacon Board,193,Undirected,1
95,89,kidnappers,Hilton,193,Undirected,1
40,89,Jimmy,Hilton,193,Undirected,1
46,87,Taylor's congregation,Williams,193,Undirected,1
95,62,kidnappers,Jimmy's boys,193,Undirected,1
40,62,Jimmy,Jimmy's boys,193,Undirected,1
40,46,Jimmy,Taylor's congregation,193,Undirected,1
41,46,May,Taylor's congregation,193,Undirected,1
49,86,Smith,Bonds,193,Undirected,1
49,63,Smith,Deacon Board,193,Undirected,1
10,95,God,kidnappers,193,Undirected,1
10,31,God,Taylor,193,Undirected,1
10,86,God,Bonds,193,Undirected,1
95,63,kidnappers,Deacon Board,193,Undirected,1
40,63,Jimmy,Deacon Board,193,Undirected,1
41,10,May,God,193,Undirected,1
89,63,Hilton,Deacon Board,193,Undirected,1
10,49,God,Smith,193,Undirected,1
41,90,May,Jones,193,Undirected,1
10,63,God,Deacon Board,193,Undirected,1
95,86,kidnappers,Bonds,193,Undirected,1
49,62,Smith,Jimmy's boys,193,Undirected,1
40,41,Jimmy,May,193,Undirected,1
87,89,Williams,Hilton,193,Undirected,1
41,49,May,Smith,193,Undirected,1
49,87,Smith,Williams,193,Undirected,1
86,31,Bonds,Taylor,193,Undirected,1
63,31,Deacon Board,Taylor,193,Undirected,1
49,89,Smith,Hilton,193,Undirected,1
46,63,Taylor's congregation,Deacon Board,193,Undirected,1
86,90,Bonds,Jones,193,Undirected,1
89,90,Hilton,Jones,193,Undirected,1
41,62,May,Jimmy's boys,193,Undirected,1
46,49,Taylor's congregation,Smith,193,Undirected,1
46,31,Taylor's congregation,Taylor,193,Undirected,1
46,86,Taylor's congregation,Bonds,193,Undirected,1
10,90,God,Jones,193,Undirected,1
41,89,May,Hilton,193,Undirected,1
46,95,Taylor's congregation,kidnappers,193,Undirected,1
41,87,May,Williams,193,Undirected,1
90,62,Jones,Jimmy's boys,193,Undirected,1
40,49,Jimmy,Smith,193,Undirected,1
89,31,Hilton,Taylor,193,Undirected,1
40,95,Jimmy,kidnappers,193,Undirected,1
95,31,kidnappers,Taylor,193,Undirected,1
40,31,Jimmy,Taylor,193,Undirected,1
40,86,Jimmy,Bonds,193,Undirected,1
87,63,Williams,Deacon Board,193,Undirected,1
10,31,God,Taylor,194,Undirected,1
10,95,God,kidnappers,194,Undirected,1
95,31,kidnappers,Taylor,194,Undirected,1
128,40,"""black folks"" (abstract)",Jimmy,195,Undirected,1
41,95,May,kidnappers,195,Undirected,1
10,31,God,Taylor,195,Undirected,1
41,31,May,Taylor,195,Undirected,1
125,95,"""white folks"" (abstract)",kidnappers,195,Undirected,1
125,31,"""white folks"" (abstract)",Taylor,195,Undirected,1
41,10,May,God,195,Undirected,1
128,125,"""black folks"" (abstract)","""white folks"" (abstract)",195,Undirected,1
40,125,Jimmy,"""white folks"" (abstract)",195,Undirected,1
128,95,"""black folks"" (abstract)",kidnappers,195,Undirected,1
41,125,May,"""white folks"" (abstract)",195,Undirected,1
128,31,"""black folks"" (abstract)",Taylor,195,Undirected,1
95,31,kidnappers,Taylor,195,Undirected,1
40,31,Jimmy,Taylor,195,Undirected,1
40,10,Jimmy,God,195,Undirected,1
128,10,"""black folks"" (abstract)",God,195,Undirected,1
40,41,Jimmy,May,195,Undirected,1
10,125,God,"""white folks"" (abstract)",195,Undirected,1
128,41,"""black folks"" (abstract)",May,195,Undirected,1
10,95,God,kidnappers,195,Undirected,1
40,95,Jimmy,kidnappers,195,Undirected,1
92,31,Bob (kidnapper),Taylor,196,Undirected,1
95,92,kidnappers,Bob (kidnapper),196,Undirected,1
254,31,"""white folks"" (white townspeople)",Taylor,196,Undirected,1
95,93,kidnappers,Ellis (kidnapper),196,Undirected,1
95,31,kidnappers,Taylor,196,Undirected,1
95,254,kidnappers,"""white folks"" (white townspeople)",196,Undirected,1
93,31,Ellis (kidnapper),Taylor,196,Undirected,1
93,254,Ellis (kidnapper),"""white folks"" (white townspeople)",196,Undirected,1
92,93,Bob (kidnapper),Ellis (kidnapper),196,Undirected,1
92,254,Bob (kidnapper),"""white folks"" (white townspeople)",196,Undirected,1
10,31,God,Taylor,197,Undirected,1
10,92,God,Bob (kidnapper),197,Undirected,1
125,95,"""white folks"" (abstract)",kidnappers,197,Undirected,1
92,95,Bob (kidnapper),kidnappers,197,Undirected,1
92,31,Bob (kidnapper),Taylor,197,Undirected,1
125,31,"""white folks"" (abstract)",Taylor,197,Undirected,1
125,92,"""white folks"" (abstract)",Bob (kidnapper),197,Undirected,1
34,93,the Reds,Ellis (kidnapper),197,Undirected,1
10,93,God,Ellis (kidnapper),197,Undirected,1
128,125,"""black folks"" (abstract)","""white folks"" (abstract)",197,Undirected,1
125,93,"""white folks"" (abstract)",Ellis (kidnapper),197,Undirected,1
92,93,Bob (kidnapper),Ellis (kidnapper),197,Undirected,1
128,95,"""black folks"" (abstract)",kidnappers,197,Undirected,1
95,31,kidnappers,Taylor,197,Undirected,1
128,92,"""black folks"" (abstract)",Bob (kidnapper),197,Undirected,1
10,95,God,kidnappers,197,Undirected,1
34,10,the Reds,God,197,Undirected,1
128,93,"""black folks"" (abstract)",Ellis (kidnapper),197,Undirected,1
10,125,God,"""white folks"" (abstract)",197,Undirected,1
34,31,the Reds,Taylor,197,Undirected,1
34,92,the Reds,Bob (kidnapper),197,Undirected,1
93,31,Ellis (kidnapper),Taylor,197,Undirected,1
128,10,"""black folks"" (abstract)",God,197,Undirected,1
93,95,Ellis (kidnapper),kidnappers,197,Undirected,1
34,125,the Reds,"""white folks"" (abstract)",197,Undirected,1
128,34,"""black folks"" (abstract)",the Reds,197,Undirected,1
34,95,the Reds,kidnappers,197,Undirected,1
128,31,"""black folks"" (abstract)",Taylor,197,Undirected,1
10,93,God,Ellis (kidnapper),198,Undirected,1
10,31,God,Taylor,198,Undirected,1
10,92,God,Bob (kidnapper),198,Undirected,1
31,92,Taylor,Bob (kidnapper),198,Undirected,1
92,95,Bob (kidnapper),kidnappers,198,Undirected,1
92,93,Bob (kidnapper),Ellis (kidnapper),198,Undirected,1
31,95,Taylor,kidnappers,198,Undirected,1
31,93,Taylor,Ellis (kidnapper),198,Undirected,1
93,95,Ellis (kidnapper),kidnappers,198,Undirected,1
10,95,God,kidnappers,198,Undirected,1
10,31,God,Taylor,199,Undirected,1
10,92,God,Bob (kidnapper),199,Undirected,1
95,31,kidnappers,Taylor,199,Undirected,1
92,95,Bob (kidnapper),kidnappers,199,Undirected,1
10,93,God,Ellis (kidnapper),199,Undirected,1
92,93,Bob (kidnapper),Ellis (kidnapper),199,Undirected,1
93,95,Ellis (kidnapper),kidnappers,199,Undirected,1
93,31,Ellis (kidnapper),Taylor,199,Undirected,1
10,95,God,kidnappers,199,Undirected,1
92,31,Bob (kidnapper),Taylor,199,Undirected,1
10,31,God,Taylor,200,Undirected,1
10,92,God,Bob (kidnapper),200,Undirected,1
31,92,Taylor,Bob (kidnapper),200,Undirected,1
10,93,God,Ellis (kidnapper),200,Undirected,1
92,95,Bob (kidnapper),kidnappers,200,Undirected,1
31,93,Taylor,Ellis (kidnapper),200,Undirected,1
93,95,Ellis (kidnapper),kidnappers,200,Undirected,1
10,95,God,kidnappers,200,Undirected,1
31,95,Taylor,kidnappers,200,Undirected,1
92,93,Bob (kidnapper),Ellis (kidnapper),200,Undirected,1
10,31,God,Taylor,201,Undirected,1
10,92,God,Bob (kidnapper),201,Undirected,1
95,31,kidnappers,Taylor,201,Undirected,1
10,93,God,Ellis (kidnapper),201,Undirected,1
92,95,Bob (kidnapper),kidnappers,201,Undirected,1
92,31,Bob (kidnapper),Taylor,201,Undirected,1
93,95,Ellis (kidnapper),kidnappers,201,Undirected,1
93,31,Ellis (kidnapper),Taylor,201,Undirected,1
10,95,God,kidnappers,201,Undirected,1
92,93,Bob (kidnapper),Ellis (kidnapper),201,Undirected,1
10,93,God,Ellis (kidnapper),202,Undirected,1
10,92,God,Bob (kidnapper),202,Undirected,1
10,31,God,Taylor,202,Undirected,1
92,95,Bob (kidnapper),kidnappers,202,Undirected,1
31,92,Taylor,Bob (kidnapper),202,Undirected,1
92,93,Bob (kidnapper),Ellis (kidnapper),202,Undirected,1
93,95,Ellis (kidnapper),kidnappers,202,Undirected,1
10,95,God,kidnappers,202,Undirected,1
31,95,Taylor,kidnappers,202,Undirected,1
31,93,Taylor,Ellis (kidnapper),202,Undirected,1
96,31,Houston,Taylor,203,Undirected,1
10,31,God,Taylor,203,Undirected,1
97,31,"""the dead""",Taylor,203,Undirected,1
96,97,Houston,"""the dead""",203,Undirected,1
97,10,"""the dead""",God,203,Undirected,1
96,10,Houston,God,203,Undirected,1
99,10,"""white boy"" (Houston's neighbourhood)",God,204,Undirected,1
100,102,"""white woman"" (Houston's neighbourhood)",policeman (Houston's neighbourhood),204,Undirected,1
98,10,"""white man"" (Houston's neighbourhood)",God,204,Undirected,1
98,102,"""white man"" (Houston's neighbourhood)",policeman (Houston's neighbourhood),204,Undirected,1
98,99,"""white man"" (Houston's neighbourhood)","""white boy"" (Houston's neighbourhood)",204,Undirected,1
101,31,Samson,Taylor,204,Undirected,1
99,101,"""white boy"" (Houston's neighbourhood)",Samson,204,Undirected,1
99,31,"""white boy"" (Houston's neighbourhood)",Taylor,204,Undirected,1
101,10,Samson,God,204,Undirected,1
101,102,Samson,policeman (Houston's neighbourhood),204,Undirected,1
10,31,God,Taylor,204,Undirected,1
98,100,"""white man"" (Houston's neighbourhood)","""white woman"" (Houston's neighbourhood)",204,Undirected,1
102,31,policeman (Houston's neighbourhood),Taylor,204,Undirected,1
100,101,"""white woman"" (Houston's neighbourhood)",Samson,204,Undirected,1
100,31,"""white woman"" (Houston's neighbourhood)",Taylor,204,Undirected,1
100,10,"""white woman"" (Houston's neighbourhood)",God,204,Undirected,1
102,10,policeman (Houston's neighbourhood),God,204,Undirected,1
99,100,"""white boy"" (Houston's neighbourhood)","""white woman"" (Houston's neighbourhood)",204,Undirected,1
98,101,"""white man"" (Houston's neighbourhood)",Samson,204,Undirected,1
98,31,"""white man"" (Houston's neighbourhood)",Taylor,204,Undirected,1
99,102,"""white boy"" (Houston's neighbourhood)",policeman (Houston's neighbourhood),204,Undirected,1
252,31,"""black folks"" (townspeople FC)",Taylor,205,Undirected,1
252,102,"""black folks"" (townspeople FC)",policeman (Houston's neighbourhood),205,Undirected,1
102,31,policeman (Houston's neighbourhood),Taylor,205,Undirected,1
41,95,May,kidnappers,206,Undirected,1
40,95,Jimmy,kidnappers,206,Undirected,1
95,31,kidnappers,Taylor,206,Undirected,1
40,41,Jimmy,May,206,Undirected,1
41,31,May,Taylor,206,Undirected,1
40,31,Jimmy,Taylor,206,Undirected,1
105,59,"""a doctah""",Pete (Jimmy's friend),207,Undirected,1
41,255,May,Joe (Jimmy's friend),207,Undirected,1
31,95,Taylor,kidnappers,207,Undirected,1
40,58,Jimmy,Sam (Jimmy's friend),207,Undirected,1
31,58,Taylor,Sam (Jimmy's friend),207,Undirected,1
105,41,"""a doctah""",May,207,Undirected,1
254,60,"""white folks"" (white townspeople)",Bob (Jimmy's friend),207,Undirected,1
31,60,Taylor,Bob (Jimmy's friend),207,Undirected,1
58,60,Sam (Jimmy's friend),Bob (Jimmy's friend),207,Undirected,1
41,59,May,Pete (Jimmy's friend),207,Undirected,1
105,95,"""a doctah""",kidnappers,207,Undirected,1
254,255,"""white folks"" (white townspeople)",Joe (Jimmy's friend),207,Undirected,1
60,255,Bob (Jimmy's friend),Joe (Jimmy's friend),207,Undirected,1
105,254,"""a doctah""","""white folks"" (white townspeople)",207,Undirected,1
41,254,May,"""white folks"" (white townspeople)",207,Undirected,1
59,95,Pete (Jimmy's friend),kidnappers,207,Undirected,1
105,31,"""a doctah""",Taylor,207,Undirected,1
40,60,Jimmy,Bob (Jimmy's friend),207,Undirected,1
41,95,May,kidnappers,207,Undirected,1
105,255,"""a doctah""",Joe (Jimmy's friend),207,Undirected,1
40,255,Jimmy,Joe (Jimmy's friend),207,Undirected,1
41,60,May,Bob (Jimmy's friend),207,Undirected,1
58,255,Sam (Jimmy's friend),Joe (Jimmy's friend),207,Undirected,1
59,255,Pete (Jimmy's friend),Joe (Jimmy's friend),207,Undirected,1
40,95,Jimmy,kidnappers,207,Undirected,1
95,255,kidnappers,Joe (Jimmy's friend),207,Undirected,1
31,255,Taylor,Joe (Jimmy's friend),207,Undirected,1
58,59,Sam (Jimmy's friend),Pete (Jimmy's friend),207,Undirected,1
41,31,May,Taylor,207,Undirected,1
41,58,May,Sam (Jimmy's friend),207,Undirected,1
40,41,Jimmy,May,207,Undirected,1
254,59,"""white folks"" (white townspeople)",Pete (Jimmy's friend),207,Undirected,1
40,105,Jimmy,"""a doctah""",207,Undirected,1
254,95,"""white folks"" (white townspeople)",kidnappers,207,Undirected,1
105,58,"""a doctah""",Sam (Jimmy's friend),207,Undirected,1
58,95,Sam (Jimmy's friend),kidnappers,207,Undirected,1
31,59,Taylor,Pete (Jimmy's friend),207,Undirected,1
60,95,Bob (Jimmy's friend),kidnappers,207,Undirected,1
40,254,Jimmy,"""white folks"" (white townspeople)",207,Undirected,1
254,58,"""white folks"" (white townspeople)",Sam (Jimmy's friend),207,Undirected,1
105,60,"""a doctah""",Bob (Jimmy's friend),207,Undirected,1
31,254,Taylor,"""white folks"" (white townspeople)",207,Undirected,1
59,60,Pete (Jimmy's friend),Bob (Jimmy's friend),207,Undirected,1
40,59,Jimmy,Pete (Jimmy's friend),207,Undirected,1
40,31,Jimmy,Taylor,207,Undirected,1
40,49,Jimmy,Smith,208,Undirected,1
39,10,Green (Hadley's comrade),God,208,Undirected,1
39,254,Green (Hadley's comrade),"""white folks"" (white townspeople)",208,Undirected,1
39,31,Green (Hadley's comrade),Taylor,208,Undirected,1
38,39,Hadley,Green (Hadley's comrade),208,Undirected,1
10,254,God,"""white folks"" (white townspeople)",208,Undirected,1
38,63,Hadley,Deacon Board,208,Undirected,1
49,63,Smith,Deacon Board,208,Undirected,1
40,63,Jimmy,Deacon Board,208,Undirected,1
10,31,God,Taylor,208,Undirected,1
10,63,God,Deacon Board,208,Undirected,1
39,49,Green (Hadley's comrade),Smith,208,Undirected,1
38,49,Hadley,Smith,208,Undirected,1
39,40,Green (Hadley's comrade),Jimmy,208,Undirected,1
38,40,Hadley,Jimmy,208,Undirected,1
63,254,Deacon Board,"""white folks"" (white townspeople)",208,Undirected,1
40,31,Jimmy,Taylor,208,Undirected,1
63,31,Deacon Board,Taylor,208,Undirected,1
254,31,"""white folks"" (white townspeople)",Taylor,208,Undirected,1
39,63,Green (Hadley's comrade),Deacon Board,208,Undirected,1
38,10,Hadley,God,208,Undirected,1
10,49,God,Smith,208,Undirected,1
49,254,Smith,"""white folks"" (white townspeople)",208,Undirected,1
40,10,Jimmy,God,208,Undirected,1
40,254,Jimmy,"""white folks"" (white townspeople)",208,Undirected,1
38,31,Hadley,Taylor,208,Undirected,1
49,31,Smith,Taylor,208,Undirected,1
38,254,Hadley,"""white folks"" (white townspeople)",208,Undirected,1
40,31,Jimmy,Taylor,209,Undirected,1
40,254,Jimmy,"""white folks"" (white townspeople)",209,Undirected,1
254,31,"""white folks"" (white townspeople)",Taylor,209,Undirected,1
10,31,God,Taylor,210,Undirected,1
34,40,the Reds,Jimmy,210,Undirected,1
40,31,Jimmy,Taylor,210,Undirected,1
34,31,the Reds,Taylor,210,Undirected,1
254,31,"""white folks"" (white townspeople)",Taylor,210,Undirected,1
252,254,"""black folks"" (townspeople FC)","""white folks"" (white townspeople)",210,Undirected,1
40,254,Jimmy,"""white folks"" (white townspeople)",210,Undirected,1
10,254,God,"""white folks"" (white townspeople)",210,Undirected,1
10,252,God,"""black folks"" (townspeople FC)",210,Undirected,1
40,10,Jimmy,God,210,Undirected,1
34,10,the Reds,God,210,Undirected,1
40,252,Jimmy,"""black folks"" (townspeople FC)",210,Undirected,1
34,252,the Reds,"""black folks"" (townspeople FC)",210,Undirected,1
252,31,"""black folks"" (townspeople FC)",Taylor,210,Undirected,1
34,254,the Reds,"""white folks"" (white townspeople)",210,Undirected,1
10,31,God,Taylor,211,Undirected,1
41,31,May,Taylor,211,Undirected,1
40,31,Jimmy,Taylor,211,Undirected,1
254,31,"""white folks"" (white townspeople)",Taylor,211,Undirected,1
40,41,Jimmy,May,211,Undirected,1
252,254,"""black folks"" (townspeople FC)","""white folks"" (white townspeople)",211,Undirected,1
10,254,God,"""white folks"" (white townspeople)",211,Undirected,1
41,10,May,God,211,Undirected,1
40,254,Jimmy,"""white folks"" (white townspeople)",211,Undirected,1
40,10,Jimmy,God,211,Undirected,1
10,252,God,"""black folks"" (townspeople FC)",211,Undirected,1
41,252,May,"""black folks"" (townspeople FC)",211,Undirected,1
40,252,Jimmy,"""black folks"" (townspeople FC)",211,Undirected,1
252,31,"""black folks"" (townspeople FC)",Taylor,211,Undirected,1
41,254,May,"""white folks"" (white townspeople)",211,Undirected,1
40,31,Jimmy,Taylor,212,Undirected,1
41,95,May,kidnappers,212,Undirected,1
40,95,Jimmy,kidnappers,212,Undirected,1
95,31,kidnappers,Taylor,212,Undirected,1
254,31,"""white folks"" (white townspeople)",Taylor,212,Undirected,1
40,254,Jimmy,"""white folks"" (white townspeople)",212,Undirected,1
41,254,May,"""white folks"" (white townspeople)",212,Undirected,1
95,254,kidnappers,"""white folks"" (white townspeople)",212,Undirected,1
40,41,Jimmy,May,212,Undirected,1
41,31,May,Taylor,212,Undirected,1
40,46,Jimmy,Taylor's congregation,213,Undirected,1
106,107,Deacon Bonds’s children,Deacon Bonds’s wife,213,Undirected,1
40,125,Jimmy,"""white folks"" (abstract)",213,Undirected,1
46,254,Taylor's congregation,"""white folks"" (white townspeople)",213,Undirected,1
106,125,Deacon Bonds’s children,"""white folks"" (abstract)",213,Undirected,1
86,125,Bonds,"""white folks"" (abstract)",213,Undirected,1
46,86,Taylor's congregation,Bonds,213,Undirected,1
46,31,Taylor's congregation,Taylor,213,Undirected,1
125,254,"""white folks"" (abstract)","""white folks"" (white townspeople)",213,Undirected,1
107,254,Deacon Bonds’s wife,"""white folks"" (white townspeople)",213,Undirected,1
41,254,May,"""white folks"" (white townspeople)",213,Undirected,1
40,107,Jimmy,Deacon Bonds’s wife,213,Undirected,1
46,125,Taylor's congregation,"""white folks"" (abstract)",213,Undirected,1
125,31,"""white folks"" (abstract)",Taylor,213,Undirected,1
10,254,God,"""white folks"" (white townspeople)",213,Undirected,1
107,86,Deacon Bonds’s wife,Bonds,213,Undirected,1
41,86,May,Bonds,213,Undirected,1
41,31,May,Taylor,213,Undirected,1
10,86,God,Bonds,213,Undirected,1
10,31,God,Taylor,213,Undirected,1
41,10,May,God,213,Undirected,1
106,46,Deacon Bonds’s children,Taylor's congregation,213,Undirected,1
40,106,Jimmy,Deacon Bonds’s children,213,Undirected,1
106,31,Deacon Bonds’s children,Taylor,213,Undirected,1
86,31,Bonds,Taylor,213,Undirected,1
107,46,Deacon Bonds’s wife,Taylor's congregation,213,Undirected,1
41,107,May,Deacon Bonds’s wife,213,Undirected,1
41,46,May,Taylor's congregation,213,Undirected,1
10,107,God,Deacon Bonds’s wife,213,Undirected,1
10,46,God,Taylor's congregation,213,Undirected,1
107,125,Deacon Bonds’s wife,"""white folks"" (abstract)",213,Undirected,1
10,125,God,"""white folks"" (abstract)",213,Undirected,1
40,41,Jimmy,May,213,Undirected,1
254,31,"""white folks"" (white townspeople)",Taylor,213,Undirected,1
41,125,May,"""white folks"" (abstract)",213,Undirected,1
106,254,Deacon Bonds’s children,"""white folks"" (white townspeople)",213,Undirected,1
40,10,Jimmy,God,213,Undirected,1
40,254,Jimmy,"""white folks"" (white townspeople)",213,Undirected,1
41,106,May,Deacon Bonds’s children,213,Undirected,1
86,254,Bonds,"""white folks"" (white townspeople)",213,Undirected,1
106,86,Deacon Bonds’s children,Bonds,213,Undirected,1
10,106,God,Deacon Bonds’s children,213,Undirected,1
40,86,Jimmy,Bonds,213,Undirected,1
107,31,Deacon Bonds’s wife,Taylor,213,Undirected,1
40,31,Jimmy,Taylor,213,Undirected,1
108,86,"""black man"" (killed by police)",Bonds,214,Undirected,1
108,49,"""black man"" (killed by police)",Smith,214,Undirected,1
39,86,Green (Hadley's comrade),Bonds,214,Undirected,1
41,108,May,"""black man"" (killed by police)",214,Undirected,1
39,254,Green (Hadley's comrade),"""white folks"" (white townspeople)",214,Undirected,1
46,254,Taylor's congregation,"""white folks"" (white townspeople)",214,Undirected,1
108,46,"""black man"" (killed by police)",Taylor's congregation,214,Undirected,1
39,10,Green (Hadley's comrade),God,214,Undirected,1
108,31,"""black man"" (killed by police)",Taylor,214,Undirected,1
10,108,God,"""black man"" (killed by police)",214,Undirected,1
46,86,Taylor's congregation,Bonds,214,Undirected,1
46,31,Taylor's congregation,Taylor,214,Undirected,1
41,31,May,Taylor,214,Undirected,1
46,49,Taylor's congregation,Smith,214,Undirected,1
38,39,Hadley,Green (Hadley's comrade),214,Undirected,1
39,40,Green (Hadley's comrade),Jimmy,214,Undirected,1
39,46,Green (Hadley's comrade),Taylor's congregation,214,Undirected,1
41,10,May,God,214,Undirected,1
39,49,Green (Hadley's comrade),Smith,214,Undirected,1
41,254,May,"""white folks"" (white townspeople)",214,Undirected,1
10,254,God,"""white folks"" (white townspeople)",214,Undirected,1
41,86,May,Bonds,214,Undirected,1
10,86,God,Bonds,214,Undirected,1
10,31,God,Taylor,214,Undirected,1
108,254,"""black man"" (killed by police)","""white folks"" (white townspeople)",214,Undirected,1
39,31,Green (Hadley's comrade),Taylor,214,Undirected,1
40,46,Jimmy,Taylor's congregation,214,Undirected,1
49,254,Smith,"""white folks"" (white townspeople)",214,Undirected,1
39,108,Green (Hadley's comrade),"""black man"" (killed by police)",214,Undirected,1
41,49,May,Smith,214,Undirected,1
41,46,May,Taylor's congregation,214,Undirected,1
10,49,God,Smith,214,Undirected,1
10,46,God,Taylor's congregation,214,Undirected,1
38,41,Hadley,May,214,Undirected,1
40,49,Jimmy,Smith,214,Undirected,1
40,41,Jimmy,May,214,Undirected,1
40,108,Jimmy,"""black man"" (killed by police)",214,Undirected,1
254,31,"""white folks"" (white townspeople)",Taylor,214,Undirected,1
38,10,Hadley,God,214,Undirected,1
38,254,Hadley,"""white folks"" (white townspeople)",214,Undirected,1
40,10,Jimmy,God,214,Undirected,1
38,108,Hadley,"""black man"" (killed by police)",214,Undirected,1
86,254,Bonds,"""white folks"" (white townspeople)",214,Undirected,1
40,254,Jimmy,"""white folks"" (white townspeople)",214,Undirected,1
38,46,Hadley,Taylor's congregation,214,Undirected,1
86,31,Bonds,Taylor,214,Undirected,1
38,49,Hadley,Smith,214,Undirected,1
40,31,Jimmy,Taylor,214,Undirected,1
38,40,Hadley,Jimmy,214,Undirected,1
39,41,Green (Hadley's comrade),May,214,Undirected,1
49,31,Smith,Taylor,214,Undirected,1
38,31,Hadley,Taylor,214,Undirected,1
49,86,Smith,Bonds,214,Undirected,1
38,86,Hadley,Bonds,214,Undirected,1
40,86,Jimmy,Bonds,214,Undirected,1
46,31,Taylor's congregation,Taylor,215,Undirected,1
49,125,Smith,"""white folks"" (abstract)",215,Undirected,1
40,110,Jimmy,"""Sistah Henry"" (congregation member)",215,Undirected,1
110,46,"""Sistah Henry"" (congregation member)",Taylor's congregation,215,Undirected,1
40,125,Jimmy,"""white folks"" (abstract)",215,Undirected,1
110,49,"""Sistah Henry"" (congregation member)",Smith,215,Undirected,1
110,125,"""Sistah Henry"" (congregation member)","""white folks"" (abstract)",215,Undirected,1
41,31,May,Taylor,215,Undirected,1
46,49,Taylor's congregation,Smith,215,Undirected,1
41,62,May,Jimmy's boys,215,Undirected,1
10,62,God,Jimmy's boys,215,Undirected,1
46,125,Taylor's congregation,"""white folks"" (abstract)",215,Undirected,1
125,31,"""white folks"" (abstract)",Taylor,215,Undirected,1
10,31,God,Taylor,215,Undirected,1
46,62,Taylor's congregation,Jimmy's boys,215,Undirected,1
125,62,"""white folks"" (abstract)",Jimmy's boys,215,Undirected,1
40,46,Jimmy,Taylor's congregation,215,Undirected,1
41,10,May,God,215,Undirected,1
110,31,"""Sistah Henry"" (congregation member)",Taylor,215,Undirected,1
41,110,May,"""Sistah Henry"" (congregation member)",215,Undirected,1
41,49,May,Smith,215,Undirected,1
41,46,May,Taylor's congregation,215,Undirected,1
10,49,God,Smith,215,Undirected,1
40,49,Jimmy,Smith,215,Undirected,1
10,110,God,"""Sistah Henry"" (congregation member)",215,Undirected,1
41,125,May,"""white folks"" (abstract)",215,Undirected,1
10,125,God,"""white folks"" (abstract)",215,Undirected,1
10,46,God,Taylor's congregation,215,Undirected,1
49,62,Smith,Jimmy's boys,215,Undirected,1
40,62,Jimmy,Jimmy's boys,215,Undirected,1
40,10,Jimmy,God,215,Undirected,1
110,62,"""Sistah Henry"" (congregation member)",Jimmy's boys,215,Undirected,1
49,31,Smith,Taylor,215,Undirected,1
40,31,Jimmy,Taylor,215,Undirected,1
62,31,Jimmy's boys,Taylor,215,Undirected,1
40,41,Jimmy,May,215,Undirected,1
110,49,"""Sistah Henry"" (congregation member)",Smith,216,Undirected,1
110,31,"""Sistah Henry"" (congregation member)",Taylor,216,Undirected,1
41,31,May,Taylor,216,Undirected,1
46,31,Taylor's congregation,Taylor,216,Undirected,1
40,41,Jimmy,May,216,Undirected,1
49,31,Smith,Taylor,216,Undirected,1
41,46,May,Taylor's congregation,216,Undirected,1
40,31,Jimmy,Taylor,216,Undirected,1
46,49,Taylor's congregation,Smith,216,Undirected,1
41,49,May,Smith,216,Undirected,1
40,46,Jimmy,Taylor's congregation,216,Undirected,1
40,110,Jimmy,"""Sistah Henry"" (congregation member)",216,Undirected,1
41,110,May,"""Sistah Henry"" (congregation member)",216,Undirected,1
46,110,Taylor's congregation,"""Sistah Henry"" (congregation member)",216,Undirected,1
40,49,Jimmy,Smith,216,Undirected,1
41,93,May,Ellis (kidnapper),217,Undirected,1
46,254,Taylor's congregation,"""white folks"" (white townspeople)",217,Undirected,1
110,49,"""Sistah Henry"" (congregation member)",Smith,217,Undirected,1
110,46,"""Sistah Henry"" (congregation member)",Taylor's congregation,217,Undirected,1
110,92,"""Sistah Henry"" (congregation member)",Bob (kidnapper),217,Undirected,1
40,46,Jimmy,Taylor's congregation,217,Undirected,1
10,93,God,Ellis (kidnapper),217,Undirected,1
40,49,Jimmy,Smith,217,Undirected,1
110,31,"""Sistah Henry"" (congregation member)",Taylor,217,Undirected,1
10,63,God,Deacon Board,217,Undirected,1
40,110,Jimmy,"""Sistah Henry"" (congregation member)",217,Undirected,1
46,92,Taylor's congregation,Bob (kidnapper),217,Undirected,1
92,254,Bob (kidnapper),"""white folks"" (white townspeople)",217,Undirected,1
93,63,Ellis (kidnapper),Deacon Board,217,Undirected,1
46,49,Taylor's congregation,Smith,217,Undirected,1
41,10,May,God,217,Undirected,1
41,254,May,"""white folks"" (white townspeople)",217,Undirected,1
49,63,Smith,Deacon Board,217,Undirected,1
92,31,Bob (kidnapper),Taylor,217,Undirected,1
10,254,God,"""white folks"" (white townspeople)",217,Undirected,1
40,63,Jimmy,Deacon Board,217,Undirected,1
41,92,May,Bob (kidnapper),217,Undirected,1
41,31,May,Taylor,217,Undirected,1
10,92,God,Bob (kidnapper),217,Undirected,1
41,63,May,Deacon Board,217,Undirected,1
10,31,God,Taylor,217,Undirected,1
40,31,Jimmy,Taylor,217,Undirected,1
46,31,Taylor's congregation,Taylor,217,Undirected,1
49,31,Smith,Taylor,217,Undirected,1
40,92,Jimmy,Bob (kidnapper),217,Undirected,1
63,254,Deacon Board,"""white folks"" (white townspeople)",217,Undirected,1
41,110,May,"""Sistah Henry"" (congregation member)",217,Undirected,1
41,49,May,Smith,217,Undirected,1
41,46,May,Taylor's congregation,217,Undirected,1
10,49,God,Smith,217,Undirected,1
49,93,Smith,Ellis (kidnapper),217,Undirected,1
10,46,God,Taylor's congregation,217,Undirected,1
63,31,Deacon Board,Taylor,217,Undirected,1
10,110,God,"""Sistah Henry"" (congregation member)",217,Undirected,1
40,93,Jimmy,Ellis (kidnapper),217,Undirected,1
93,254,Ellis (kidnapper),"""white folks"" (white townspeople)",217,Undirected,1
110,63,"""Sistah Henry"" (congregation member)",Deacon Board,217,Undirected,1
110,93,"""Sistah Henry"" (congregation member)",Ellis (kidnapper),217,Undirected,1
46,63,Taylor's congregation,Deacon Board,217,Undirected,1
254,31,"""white folks"" (white townspeople)",Taylor,217,Undirected,1
93,92,Ellis (kidnapper),Bob (kidnapper),217,Undirected,1
93,31,Ellis (kidnapper),Taylor,217,Undirected,1
49,254,Smith,"""white folks"" (white townspeople)",217,Undirected,1
40,10,Jimmy,God,217,Undirected,1
40,254,Jimmy,"""white folks"" (white townspeople)",217,Undirected,1
92,63,Bob (kidnapper),Deacon Board,217,Undirected,1
46,93,Taylor's congregation,Ellis (kidnapper),217,Undirected,1
110,254,"""Sistah Henry"" (congregation member)","""white folks"" (white townspeople)",217,Undirected,1
49,92,Smith,Bob (kidnapper),217,Undirected,1
40,41,Jimmy,May,217,Undirected,1
10,93,God,Ellis (kidnapper),218,Undirected,1
41,93,May,Ellis (kidnapper),218,Undirected,1
110,49,"""Sistah Henry"" (congregation member)",Smith,218,Undirected,1
40,46,Jimmy,Taylor's congregation,218,Undirected,1
92,93,Bob (kidnapper),Ellis (kidnapper),218,Undirected,1
40,110,Jimmy,"""Sistah Henry"" (congregation member)",218,Undirected,1
46,92,Taylor's congregation,Bob (kidnapper),218,Undirected,1
46,254,Taylor's congregation,"""white folks"" (white townspeople)",218,Undirected,1
46,31,Taylor's congregation,Taylor,218,Undirected,1
92,31,Bob (kidnapper),Taylor,218,Undirected,1
46,49,Taylor's congregation,Smith,218,Undirected,1
92,254,Bob (kidnapper),"""white folks"" (white townspeople)",218,Undirected,1
41,10,May,God,218,Undirected,1
41,254,May,"""white folks"" (white townspeople)",218,Undirected,1
10,254,God,"""white folks"" (white townspeople)",218,Undirected,1
41,92,May,Bob (kidnapper),218,Undirected,1
41,31,May,Taylor,218,Undirected,1
10,92,God,Bob (kidnapper),218,Undirected,1
10,31,God,Taylor,218,Undirected,1
110,92,"""Sistah Henry"" (congregation member)",Bob (kidnapper),218,Undirected,1
46,110,Taylor's congregation,"""Sistah Henry"" (congregation member)",218,Undirected,1
40,49,Jimmy,Smith,218,Undirected,1
110,254,"""Sistah Henry"" (congregation member)","""white folks"" (white townspeople)",218,Undirected,1
40,31,Jimmy,Taylor,218,Undirected,1
41,110,May,"""Sistah Henry"" (congregation member)",218,Undirected,1
110,31,"""Sistah Henry"" (congregation member)",Taylor,218,Undirected,1
41,46,May,Taylor's congregation,218,Undirected,1
10,49,God,Smith,218,Undirected,1
49,93,Smith,Ellis (kidnapper),218,Undirected,1
10,46,God,Taylor's congregation,218,Undirected,1
10,110,God,"""Sistah Henry"" (congregation member)",218,Undirected,1
40,93,Jimmy,Ellis (kidnapper),218,Undirected,1
93,254,Ellis (kidnapper),"""white folks"" (white townspeople)",218,Undirected,1
40,41,Jimmy,May,218,Undirected,1
41,49,May,Smith,218,Undirected,1
254,31,"""white folks"" (white townspeople)",Taylor,218,Undirected,1
110,93,"""Sistah Henry"" (congregation member)",Ellis (kidnapper),218,Undirected,1
49,31,Smith,Taylor,218,Undirected,1
49,92,Smith,Bob (kidnapper),218,Undirected,1
46,93,Taylor's congregation,Ellis (kidnapper),218,Undirected,1
40,92,Jimmy,Bob (kidnapper),218,Undirected,1
40,10,Jimmy,God,218,Undirected,1
49,254,Smith,"""white folks"" (white townspeople)",218,Undirected,1
93,31,Ellis (kidnapper),Taylor,218,Undirected,1
40,254,Jimmy,"""white folks"" (white townspeople)",218,Undirected,1
227,49,"""white folks"" (poor white townspeople)",Smith,219,Undirected,1
110,31,"""Sistah Henry"" (congregation member)",Taylor,219,Undirected,1
40,49,Jimmy,Smith,219,Undirected,1
227,46,"""white folks"" (poor white townspeople)",Taylor's congregation,219,Undirected,1
40,46,Jimmy,Taylor's congregation,219,Undirected,1
227,110,"""white folks"" (poor white townspeople)","""Sistah Henry"" (congregation member)",219,Undirected,1
40,110,Jimmy,"""Sistah Henry"" (congregation member)",219,Undirected,1
10,111,God,"""blue-coated policemen""",219,Undirected,1
110,49,"""Sistah Henry"" (congregation member)",Smith,219,Undirected,1
10,31,God,Taylor,219,Undirected,1
41,111,May,"""blue-coated policemen""",219,Undirected,1
46,49,Taylor's congregation,Smith,219,Undirected,1
41,10,May,God,219,Undirected,1
41,31,May,Taylor,219,Undirected,1
46,111,Taylor's congregation,"""blue-coated policemen""",219,Undirected,1
110,46,"""Sistah Henry"" (congregation member)",Taylor's congregation,219,Undirected,1
227,40,"""white folks"" (poor white townspeople)",Jimmy,219,Undirected,1
46,31,Taylor's congregation,Taylor,219,Undirected,1
227,31,"""white folks"" (poor white townspeople)",Taylor,219,Undirected,1
40,31,Jimmy,Taylor,219,Undirected,1
41,110,May,"""Sistah Henry"" (congregation member)",219,Undirected,1
41,49,May,Smith,219,Undirected,1
10,49,God,Smith,219,Undirected,1
10,46,God,Taylor's congregation,219,Undirected,1
10,110,God,"""Sistah Henry"" (congregation member)",219,Undirected,1
227,41,"""white folks"" (poor white townspeople)",May,219,Undirected,1
40,41,Jimmy,May,219,Undirected,1
41,46,May,Taylor's congregation,219,Undirected,1
40,111,Jimmy,"""blue-coated policemen""",219,Undirected,1
111,31,"""blue-coated policemen""",Taylor,219,Undirected,1
111,49,"""blue-coated policemen""",Smith,219,Undirected,1
110,111,"""Sistah Henry"" (congregation member)","""blue-coated policemen""",219,Undirected,1
227,10,"""white folks"" (poor white townspeople)",God,219,Undirected,1
40,10,Jimmy,God,219,Undirected,1
49,31,Smith,Taylor,219,Undirected,1
227,111,"""white folks"" (poor white townspeople)","""blue-coated policemen""",219,Undirected,1
110,49,"""Sistah Henry"" (congregation member)",Smith,220,Undirected,1
110,46,"""Sistah Henry"" (congregation member)",Taylor's congregation,220,Undirected,1
227,113,"""white folks"" (poor white townspeople)",policeman (City Hall),220,Undirected,1
111,48,"""blue-coated policemen""",Mayor Bolton,220,Undirected,1
40,110,Jimmy,"""Sistah Henry"" (congregation member)",220,Undirected,1
40,46,Jimmy,Taylor's congregation,220,Undirected,1
227,110,"""white folks"" (poor white townspeople)","""Sistah Henry"" (congregation member)",220,Undirected,1
40,113,Jimmy,policeman (City Hall),220,Undirected,1
227,46,"""white folks"" (poor white townspeople)",Taylor's congregation,220,Undirected,1
110,113,"""Sistah Henry"" (congregation member)",policeman (City Hall),220,Undirected,1
227,49,"""white folks"" (poor white townspeople)",Smith,220,Undirected,1
46,31,Taylor's congregation,Taylor,220,Undirected,1
227,48,"""white folks"" (poor white townspeople)",Mayor Bolton,220,Undirected,1
48,31,Mayor Bolton,Taylor,220,Undirected,1
10,111,God,"""blue-coated policemen""",220,Undirected,1
46,49,Taylor's congregation,Smith,220,Undirected,1
46,113,Taylor's congregation,policeman (City Hall),220,Undirected,1
113,48,policeman (City Hall),Mayor Bolton,220,Undirected,1
49,48,Smith,Mayor Bolton,220,Undirected,1
41,10,May,God,220,Undirected,1
40,49,Jimmy,Smith,220,Undirected,1
40,48,Jimmy,Mayor Bolton,220,Undirected,1
110,48,"""Sistah Henry"" (congregation member)",Mayor Bolton,220,Undirected,1
41,31,May,Taylor,220,Undirected,1
10,31,God,Taylor,220,Undirected,1
41,111,May,"""blue-coated policemen""",220,Undirected,1
110,31,"""Sistah Henry"" (congregation member)",Taylor,220,Undirected,1
49,31,Smith,Taylor,220,Undirected,1
113,49,policeman (City Hall),Smith,220,Undirected,1
41,110,May,"""Sistah Henry"" (congregation member)",220,Undirected,1
41,49,May,Smith,220,Undirected,1
41,46,May,Taylor's congregation,220,Undirected,1
41,113,May,policeman (City Hall),220,Undirected,1
10,49,God,Smith,220,Undirected,1
10,46,God,Taylor's congregation,220,Undirected,1
10,113,God,policeman (City Hall),220,Undirected,1
10,110,God,"""Sistah Henry"" (congregation member)",220,Undirected,1
46,48,Taylor's congregation,Mayor Bolton,220,Undirected,1
227,40,"""white folks"" (poor white townspeople)",Jimmy,220,Undirected,1
40,41,Jimmy,May,220,Undirected,1
227,111,"""white folks"" (poor white townspeople)","""blue-coated policemen""",220,Undirected,1
40,111,Jimmy,"""blue-coated policemen""",220,Undirected,1
227,41,"""white folks"" (poor white townspeople)",May,220,Undirected,1
111,46,"""blue-coated policemen""",Taylor's congregation,220,Undirected,1
10,48,God,Mayor Bolton,220,Undirected,1
40,31,Jimmy,Taylor,220,Undirected,1
111,31,"""blue-coated policemen""",Taylor,220,Undirected,1
41,48,May,Mayor Bolton,220,Undirected,1
113,31,policeman (City Hall),Taylor,220,Undirected,1
227,31,"""white folks"" (poor white townspeople)",Taylor,220,Undirected,1
227,10,"""white folks"" (poor white townspeople)",God,220,Undirected,1
110,111,"""Sistah Henry"" (congregation member)","""blue-coated policemen""",220,Undirected,1
111,113,"""blue-coated policemen""",policeman (City Hall),220,Undirected,1
111,49,"""blue-coated policemen""",Smith,220,Undirected,1
40,10,Jimmy,God,220,Undirected,1
139,141,Johnny-Boy,"""white and black Communists"" (223)",221,Undirected,1
144,139,Sue,Johnny-Boy,221,Undirected,1
144,141,Sue,"""white and black Communists"" (223)",221,Undirected,1
139,144,Johnny-Boy,Sue,222,Undirected,1
141,144,"""white and black Communists"" (223)",Sue,222,Undirected,1
139,140,Johnny-Boy,Sug,222,Undirected,1
140,144,Sug,Sue,222,Undirected,1
140,141,Sug,"""white and black Communists"" (223)",222,Undirected,1
144,55,Sue,Jesus Christ,222,Undirected,1
141,55,"""white and black Communists"" (223)",Jesus Christ,222,Undirected,1
140,55,Sug,Jesus Christ,222,Undirected,1
139,55,Johnny-Boy,Jesus Christ,222,Undirected,1
139,141,Johnny-Boy,"""white and black Communists"" (223)",222,Undirected,1
10,142,God,Sheriff Bradley,223,Undirected,1
139,125,Johnny-Boy,"""white folks"" (abstract)",223,Undirected,1
139,140,Johnny-Boy,Sug,223,Undirected,1
141,125,"""white and black Communists"" (223)","""white folks"" (abstract)",223,Undirected,1
139,143,Johnny-Boy,Bob (Johnny-Boy's friend),223,Undirected,1
141,143,"""white and black Communists"" (223)",Bob (Johnny-Boy's friend),223,Undirected,1
10,139,God,Johnny-Boy,223,Undirected,1
140,141,Sug,"""white and black Communists"" (223)",223,Undirected,1
10,141,God,"""white and black Communists"" (223)",223,Undirected,1
140,144,Sug,Sue,223,Undirected,1
10,144,God,Sue,223,Undirected,1
143,125,Bob (Johnny-Boy's friend),"""white folks"" (abstract)",223,Undirected,1
143,144,Bob (Johnny-Boy's friend),Sue,223,Undirected,1
140,142,Sug,Sheriff Bradley,223,Undirected,1
142,143,Sheriff Bradley,Bob (Johnny-Boy's friend),223,Undirected,1
139,142,Johnny-Boy,Sheriff Bradley,223,Undirected,1
142,144,Sheriff Bradley,Sue,223,Undirected,1
141,144,"""white and black Communists"" (223)",Sue,223,Undirected,1
140,125,Sug,"""white folks"" (abstract)",223,Undirected,1
10,125,God,"""white folks"" (abstract)",223,Undirected,1
140,143,Sug,Bob (Johnny-Boy's friend),223,Undirected,1
141,142,"""white and black Communists"" (223)",Sheriff Bradley,223,Undirected,1
10,143,God,Bob (Johnny-Boy's friend),223,Undirected,1
142,125,Sheriff Bradley,"""white folks"" (abstract)",223,Undirected,1
139,141,Johnny-Boy,"""white and black Communists"" (223)",223,Undirected,1
144,125,Sue,"""white folks"" (abstract)",223,Undirected,1
139,144,Johnny-Boy,Sue,223,Undirected,1
10,140,God,Sug,223,Undirected,1
10,145,God,Sue's mother,224,Undirected,1
140,144,Sug,Sue,224,Undirected,1
145,125,Sue's mother,"""white folks"" (abstract)",224,Undirected,1
145,55,Sue's mother,Jesus Christ,224,Undirected,1
10,144,God,Sue,224,Undirected,1
144,145,Sue,Sue's mother,224,Undirected,1
55,125,Jesus Christ,"""white folks"" (abstract)",224,Undirected,1
139,140,Johnny-Boy,Sug,224,Undirected,1
139,125,Johnny-Boy,"""white folks"" (abstract)",224,Undirected,1
140,145,Sug,Sue's mother,224,Undirected,1
140,125,Sug,"""white folks"" (abstract)",224,Undirected,1
139,55,Johnny-Boy,Jesus Christ,224,Undirected,1
10,139,God,Johnny-Boy,224,Undirected,1
140,55,Sug,Jesus Christ,224,Undirected,1
10,55,God,Jesus Christ,224,Undirected,1
10,125,God,"""white folks"" (abstract)",224,Undirected,1
139,145,Johnny-Boy,Sue's mother,224,Undirected,1
144,55,Sue,Jesus Christ,224,Undirected,1
144,125,Sue,"""white folks"" (abstract)",224,Undirected,1
139,144,Johnny-Boy,Sue,224,Undirected,1
10,140,God,Sug,224,Undirected,1
139,140,Johnny-Boy,Sug,225,Undirected,1
140,145,Sug,Sue's mother,225,Undirected,1
140,23,Sug,"""black men"" (abstract)",225,Undirected,1
146,23,Sue’s husband,"""black men"" (abstract)",225,Undirected,1
10,23,God,"""black men"" (abstract)",225,Undirected,1
141,55,"""white and black Communists"" (223)",Jesus Christ,225,Undirected,1
10,145,God,Sue's mother,225,Undirected,1
139,146,Johnny-Boy,Sue’s husband,225,Undirected,1
140,141,Sug,"""white and black Communists"" (223)",225,Undirected,1
144,145,Sue,Sue's mother,225,Undirected,1
144,23,Sue,"""black men"" (abstract)",225,Undirected,1
145,55,Sue's mother,Jesus Christ,225,Undirected,1
10,141,God,"""white and black Communists"" (223)",225,Undirected,1
140,144,Sug,Sue,225,Undirected,1
10,144,God,Sue,225,Undirected,1
10,139,God,Johnny-Boy,225,Undirected,1
141,146,"""white and black Communists"" (223)",Sue’s husband,225,Undirected,1
139,55,Johnny-Boy,Jesus Christ,225,Undirected,1
139,141,Johnny-Boy,"""white and black Communists"" (223)",225,Undirected,1
144,146,Sue,Sue’s husband,225,Undirected,1
146,55,Sue’s husband,Jesus Christ,225,Undirected,1
145,146,Sue's mother,Sue’s husband,225,Undirected,1
139,145,Johnny-Boy,Sue's mother,225,Undirected,1
139,23,Johnny-Boy,"""black men"" (abstract)",225,Undirected,1
140,55,Sug,Jesus Christ,225,Undirected,1
141,145,"""white and black Communists"" (223)",Sue's mother,225,Undirected,1
55,23,Jesus Christ,"""black men"" (abstract)",225,Undirected,1
141,23,"""white and black Communists"" (223)","""black men"" (abstract)",225,Undirected,1
10,140,God,Sug,225,Undirected,1
10,146,God,Sue’s husband,225,Undirected,1
140,146,Sug,Sue’s husband,225,Undirected,1
144,55,Sue,Jesus Christ,225,Undirected,1
145,23,Sue's mother,"""black men"" (abstract)",225,Undirected,1
139,144,Johnny-Boy,Sue,225,Undirected,1
141,144,"""white and black Communists"" (223)",Sue,225,Undirected,1
10,55,God,Jesus Christ,225,Undirected,1
141,147,"""white and black Communists"" (223)",Reva,226,Undirected,1
10,147,God,Reva,226,Undirected,1
139,147,Johnny-Boy,Reva,226,Undirected,1
10,144,God,Sue,226,Undirected,1
139,144,Johnny-Boy,Sue,226,Undirected,1
139,141,Johnny-Boy,"""white and black Communists"" (223)",226,Undirected,1
144,147,Sue,Reva,226,Undirected,1
10,139,God,Johnny-Boy,226,Undirected,1
141,144,"""white and black Communists"" (223)",Sue,226,Undirected,1
10,141,God,"""white and black Communists"" (223)",226,Undirected,1
162,139,sheriff's men,Johnny-Boy,227,Undirected,1
10,139,God,Johnny-Boy,227,Undirected,1
262,141,Lem (Reva's father),"""white and black Communists"" (223)",227,Undirected,1
262,147,Lem (Reva's father),Reva,227,Undirected,1
162,142,sheriff's men,Sheriff Bradley,227,Undirected,1
10,142,God,Sheriff Bradley,227,Undirected,1
162,141,sheriff's men,"""white and black Communists"" (223)",227,Undirected,1
162,10,sheriff's men,God,227,Undirected,1
162,147,sheriff's men,Reva,227,Undirected,1
10,141,God,"""white and black Communists"" (223)",227,Undirected,1
10,144,God,Sue,227,Undirected,1
10,147,God,Reva,227,Undirected,1
262,144,Lem (Reva's father),Sue,227,Undirected,1
262,10,Lem (Reva's father),God,227,Undirected,1
262,142,Lem (Reva's father),Sheriff Bradley,227,Undirected,1
139,147,Johnny-Boy,Reva,227,Undirected,1
141,144,"""white and black Communists"" (223)",Sue,227,Undirected,1
139,142,Johnny-Boy,Sheriff Bradley,227,Undirected,1
142,144,Sheriff Bradley,Sue,227,Undirected,1
141,142,"""white and black Communists"" (223)",Sheriff Bradley,227,Undirected,1
142,147,Sheriff Bradley,Reva,227,Undirected,1
144,147,Sue,Reva,227,Undirected,1
162,144,sheriff's men,Sue,227,Undirected,1
162,262,sheriff's men,Lem (Reva's father),227,Undirected,1
262,139,Lem (Reva's father),Johnny-Boy,227,Undirected,1
139,141,Johnny-Boy,"""white and black Communists"" (223)",227,Undirected,1
139,144,Johnny-Boy,Sue,227,Undirected,1
141,147,"""white and black Communists"" (223)",Reva,227,Undirected,1
144,50,Sue,Judas,228,Undirected,1
10,139,God,Johnny-Boy,228,Undirected,1
262,141,Lem (Reva's father),"""white and black Communists"" (223)",228,Undirected,1
262,147,Lem (Reva's father),Reva,228,Undirected,1
10,142,God,Sheriff Bradley,228,Undirected,1
50,147,Judas,Reva,228,Undirected,1
10,50,God,Judas,228,Undirected,1
141,144,"""white and black Communists"" (223)",Sue,228,Undirected,1
10,141,God,"""white and black Communists"" (223)",228,Undirected,1
10,144,God,Sue,228,Undirected,1
10,147,God,Reva,228,Undirected,1
262,144,Lem (Reva's father),Sue,228,Undirected,1
139,147,Johnny-Boy,Reva,228,Undirected,1
262,10,Lem (Reva's father),God,228,Undirected,1
139,144,Johnny-Boy,Sue,228,Undirected,1
141,147,"""white and black Communists"" (223)",Reva,228,Undirected,1
139,142,Johnny-Boy,Sheriff Bradley,228,Undirected,1
142,50,Sheriff Bradley,Judas,228,Undirected,1
141,142,"""white and black Communists"" (223)",Sheriff Bradley,228,Undirected,1
142,147,Sheriff Bradley,Reva,228,Undirected,1
139,50,Johnny-Boy,Judas,228,Undirected,1
142,144,Sheriff Bradley,Sue,228,Undirected,1
262,142,Lem (Reva's father),Sheriff Bradley,228,Undirected,1
141,50,"""white and black Communists"" (223)",Judas,228,Undirected,1
262,139,Lem (Reva's father),Johnny-Boy,228,Undirected,1
139,141,Johnny-Boy,"""white and black Communists"" (223)",228,Undirected,1
262,50,Lem (Reva's father),Judas,228,Undirected,1
144,147,Sue,Reva,228,Undirected,1
147,150,Reva,Reva's mother,229,Undirected,1
144,149,Sue,Reva's brother,229,Undirected,1
128,125,"""black folks"" (abstract)","""white folks"" (abstract)",229,Undirected,1
150,125,Reva's mother,"""white folks"" (abstract)",229,Undirected,1
139,140,Johnny-Boy,Sug,229,Undirected,1
141,125,"""white and black Communists"" (223)","""white folks"" (abstract)",229,Undirected,1
128,140,"""black folks"" (abstract)",Sug,229,Undirected,1
149,150,Reva's brother,Reva's mother,229,Undirected,1
139,149,Johnny-Boy,Reva's brother,229,Undirected,1
141,149,"""white and black Communists"" (223)",Reva's brother,229,Undirected,1
140,141,Sug,"""white and black Communists"" (223)",229,Undirected,1
140,147,Sug,Reva,229,Undirected,1
141,150,"""white and black Communists"" (223)",Reva's mother,229,Undirected,1
140,144,Sug,Sue,229,Undirected,1
140,150,Sug,Reva's mother,229,Undirected,1
128,149,"""black folks"" (abstract)",Reva's brother,229,Undirected,1
141,147,"""white and black Communists"" (223)",Reva,229,Undirected,1
139,125,Johnny-Boy,"""white folks"" (abstract)",229,Undirected,1
139,147,Johnny-Boy,Reva,229,Undirected,1
128,139,"""black folks"" (abstract)",Johnny-Boy,229,Undirected,1
147,149,Reva,Reva's brother,229,Undirected,1
149,125,Reva's brother,"""white folks"" (abstract)",229,Undirected,1
140,125,Sug,"""white folks"" (abstract)",229,Undirected,1
144,150,Sue,Reva's mother,229,Undirected,1
144,147,Sue,Reva,229,Undirected,1
140,149,Sug,Reva's brother,229,Undirected,1
147,125,Reva,"""white folks"" (abstract)",229,Undirected,1
139,141,Johnny-Boy,"""white and black Communists"" (223)",229,Undirected,1
144,125,Sue,"""white folks"" (abstract)",229,Undirected,1
128,144,"""black folks"" (abstract)",Sue,229,Undirected,1
128,150,"""black folks"" (abstract)",Reva's mother,229,Undirected,1
139,144,Johnny-Boy,Sue,229,Undirected,1
139,150,Johnny-Boy,Reva's mother,229,Undirected,1
128,147,"""black folks"" (abstract)",Reva,229,Undirected,1
128,141,"""black folks"" (abstract)","""white and black Communists"" (223)",229,Undirected,1
141,144,"""white and black Communists"" (223)",Sue,229,Undirected,1
144,147,Sue,Reva,230,Undirected,1
147,141,Reva,"""white and black Communists"" (223)",230,Undirected,1
139,147,Johnny-Boy,Reva,230,Undirected,1
139,141,Johnny-Boy,"""white and black Communists"" (223)",230,Undirected,1
144,139,Sue,Johnny-Boy,230,Undirected,1
144,141,Sue,"""white and black Communists"" (223)",230,Undirected,1
146,125,Sue’s husband,"""white folks"" (abstract)",231,Undirected,1
10,139,God,Johnny-Boy,231,Undirected,1
262,147,Lem (Reva's father),Reva,231,Undirected,1
10,142,God,Sheriff Bradley,231,Undirected,1
140,142,Sug,Sheriff Bradley,231,Undirected,1
262,144,Lem (Reva's father),Sue,231,Undirected,1
139,125,Johnny-Boy,"""white folks"" (abstract)",231,Undirected,1
139,140,Johnny-Boy,Sug,231,Undirected,1
10,147,God,Reva,231,Undirected,1
262,125,Lem (Reva's father),"""white folks"" (abstract)",231,Undirected,1
262,140,Lem (Reva's father),Sug,231,Undirected,1
140,147,Sug,Reva,231,Undirected,1
140,144,Sug,Sue,231,Undirected,1
10,144,God,Sue,231,Undirected,1
262,146,Lem (Reva's father),Sue’s husband,231,Undirected,1
262,10,Lem (Reva's father),God,231,Undirected,1
139,146,Johnny-Boy,Sue’s husband,231,Undirected,1
144,146,Sue,Sue’s husband,231,Undirected,1
262,139,Lem (Reva's father),Johnny-Boy,231,Undirected,1
139,147,Johnny-Boy,Reva,231,Undirected,1
139,142,Johnny-Boy,Sheriff Bradley,231,Undirected,1
142,144,Sheriff Bradley,Sue,231,Undirected,1
142,147,Sheriff Bradley,Reva,231,Undirected,1
140,125,Sug,"""white folks"" (abstract)",231,Undirected,1
10,125,God,"""white folks"" (abstract)",231,Undirected,1
144,147,Sue,Reva,231,Undirected,1
262,142,Lem (Reva's father),Sheriff Bradley,231,Undirected,1
142,146,Sheriff Bradley,Sue’s husband,231,Undirected,1
10,140,God,Sug,231,Undirected,1
10,146,God,Sue’s husband,231,Undirected,1
140,146,Sug,Sue’s husband,231,Undirected,1
142,125,Sheriff Bradley,"""white folks"" (abstract)",231,Undirected,1
146,147,Sue’s husband,Reva,231,Undirected,1
144,125,Sue,"""white folks"" (abstract)",231,Undirected,1
139,144,Johnny-Boy,Sue,231,Undirected,1
147,125,Reva,"""white folks"" (abstract)",231,Undirected,1
262,142,Lem (Reva's father),Sheriff Bradley,232,Undirected,1
141,144,"""white and black Communists"" (223)",Sue,232,Undirected,1
139,147,Johnny-Boy,Reva,232,Undirected,1
141,147,"""white and black Communists"" (223)",Reva,232,Undirected,1
139,144,Johnny-Boy,Sue,232,Undirected,1
142,147,Sheriff Bradley,Reva,232,Undirected,1
139,141,Johnny-Boy,"""white and black Communists"" (223)",232,Undirected,1
141,142,"""white and black Communists"" (223)",Sheriff Bradley,232,Undirected,1
142,144,Sheriff Bradley,Sue,232,Undirected,1
144,147,Sue,Reva,232,Undirected,1
262,147,Lem (Reva's father),Reva,232,Undirected,1
262,141,Lem (Reva's father),"""white and black Communists"" (223)",232,Undirected,1
139,142,Johnny-Boy,Sheriff Bradley,232,Undirected,1
262,139,Lem (Reva's father),Johnny-Boy,232,Undirected,1
262,144,Lem (Reva's father),Sue,232,Undirected,1
141,144,"""white and black Communists"" (223)",Sue,233,Undirected,1
139,125,Johnny-Boy,"""white folks"" (abstract)",233,Undirected,1
141,125,"""white and black Communists"" (223)","""white folks"" (abstract)",233,Undirected,1
144,23,Sue,"""black men"" (abstract)",233,Undirected,1
154,125,"""black folks"" (townspeople BMS)","""white folks"" (abstract)",233,Undirected,1
144,151,Sue,"""the rich bosses""",233,Undirected,1
23,154,"""black men"" (abstract)","""black folks"" (townspeople BMS)",233,Undirected,1
144,154,Sue,"""black folks"" (townspeople BMS)",233,Undirected,1
23,151,"""black men"" (abstract)","""the rich bosses""",233,Undirected,1
139,144,Johnny-Boy,Sue,233,Undirected,1
151,154,"""the rich bosses""","""black folks"" (townspeople BMS)",233,Undirected,1
139,141,Johnny-Boy,"""white and black Communists"" (223)",233,Undirected,1
23,125,"""black men"" (abstract)","""white folks"" (abstract)",233,Undirected,1
141,154,"""white and black Communists"" (223)","""black folks"" (townspeople BMS)",233,Undirected,1
151,125,"""the rich bosses""","""white folks"" (abstract)",233,Undirected,1
141,151,"""white and black Communists"" (223)","""the rich bosses""",233,Undirected,1
139,154,Johnny-Boy,"""black folks"" (townspeople BMS)",233,Undirected,1
141,23,"""white and black Communists"" (223)","""black men"" (abstract)",233,Undirected,1
139,151,Johnny-Boy,"""the rich bosses""",233,Undirected,1
139,23,Johnny-Boy,"""black men"" (abstract)",233,Undirected,1
144,125,Sue,"""white folks"" (abstract)",233,Undirected,1
140,50,Sug,Judas,234,Undirected,1
55,125,Jesus Christ,"""white folks"" (abstract)",234,Undirected,1
141,125,"""white and black Communists"" (223)","""white folks"" (abstract)",234,Undirected,1
139,140,Johnny-Boy,Sug,234,Undirected,1
141,55,"""white and black Communists"" (223)",Jesus Christ,234,Undirected,1
140,154,Sug,"""black folks"" (townspeople BMS)",234,Undirected,1
139,125,Johnny-Boy,"""white folks"" (abstract)",234,Undirected,1
50,154,Judas,"""black folks"" (townspeople BMS)",234,Undirected,1
152,125,Booker,"""white folks"" (abstract)",234,Undirected,1
10,139,God,Johnny-Boy,234,Undirected,1
10,154,God,"""black folks"" (townspeople BMS)",234,Undirected,1
139,152,Johnny-Boy,Booker,234,Undirected,1
55,152,Jesus Christ,Booker,234,Undirected,1
141,152,"""white and black Communists"" (223)",Booker,234,Undirected,1
153,154,Blattberg,"""black folks"" (townspeople BMS)",234,Undirected,1
154,125,"""black folks"" (townspeople BMS)","""white folks"" (abstract)",234,Undirected,1
144,154,Sue,"""black folks"" (townspeople BMS)",234,Undirected,1
140,141,Sug,"""white and black Communists"" (223)",234,Undirected,1
10,141,God,"""white and black Communists"" (223)",234,Undirected,1
50,153,Judas,Blattberg,234,Undirected,1
140,144,Sug,Sue,234,Undirected,1
10,144,God,Sue,234,Undirected,1
140,153,Sug,Blattberg,234,Undirected,1
10,153,God,Blattberg,234,Undirected,1
139,55,Johnny-Boy,Jesus Christ,234,Undirected,1
10,50,God,Judas,234,Undirected,1
152,153,Booker,Blattberg,234,Undirected,1
55,153,Jesus Christ,Blattberg,234,Undirected,1
144,152,Sue,Booker,234,Undirected,1
144,50,Sue,Judas,234,Undirected,1
50,55,Judas,Jesus Christ,234,Undirected,1
140,55,Sug,Jesus Christ,234,Undirected,1
50,125,Judas,"""white folks"" (abstract)",234,Undirected,1
10,55,God,Jesus Christ,234,Undirected,1
139,154,Johnny-Boy,"""black folks"" (townspeople BMS)",234,Undirected,1
152,154,Booker,"""black folks"" (townspeople BMS)",234,Undirected,1
140,125,Sug,"""white folks"" (abstract)",234,Undirected,1
10,125,God,"""white folks"" (abstract)",234,Undirected,1
139,50,Johnny-Boy,Judas,234,Undirected,1
144,153,Sue,Blattberg,234,Undirected,1
55,154,Jesus Christ,"""black folks"" (townspeople BMS)",234,Undirected,1
141,154,"""white and black Communists"" (223)","""black folks"" (townspeople BMS)",234,Undirected,1
10,140,God,Sug,234,Undirected,1
141,153,"""white and black Communists"" (223)",Blattberg,234,Undirected,1
141,144,"""white and black Communists"" (223)",Sue,234,Undirected,1
139,153,Johnny-Boy,Blattberg,234,Undirected,1
141,50,"""white and black Communists"" (223)",Judas,234,Undirected,1
144,125,Sue,"""white folks"" (abstract)",234,Undirected,1
139,141,Johnny-Boy,"""white and black Communists"" (223)",234,Undirected,1
139,144,Johnny-Boy,Sue,234,Undirected,1
10,152,God,Booker,234,Undirected,1
144,55,Sue,Jesus Christ,234,Undirected,1
50,152,Judas,Booker,234,Undirected,1
140,152,Sug,Booker,234,Undirected,1
153,125,Blattberg,"""white folks"" (abstract)",234,Undirected,1
10,141,God,"""white and black Communists"" (223)",235,Undirected,1
141,144,"""white and black Communists"" (223)",Sue,235,Undirected,1
10,144,God,Sue,235,Undirected,1
139,140,Johnny-Boy,Sug,235,Undirected,1
140,144,Sug,Sue,235,Undirected,1
139,144,Johnny-Boy,Sue,235,Undirected,1
139,141,Johnny-Boy,"""white and black Communists"" (223)",235,Undirected,1
140,141,Sug,"""white and black Communists"" (223)",235,Undirected,1
10,23,God,"""black men"" (abstract)",235,Undirected,1
140,23,Sug,"""black men"" (abstract)",235,Undirected,1
10,139,God,Johnny-Boy,235,Undirected,1
139,23,Johnny-Boy,"""black men"" (abstract)",235,Undirected,1
144,23,Sue,"""black men"" (abstract)",235,Undirected,1
10,140,God,Sug,235,Undirected,1
141,23,"""white and black Communists"" (223)","""black men"" (abstract)",235,Undirected,1
139,144,Johnny-Boy,Sue,236,Undirected,1
162,144,sheriff's men,Sue,236,Undirected,1
142,144,Sheriff Bradley,Sue,236,Undirected,1
10,142,God,Sheriff Bradley,236,Undirected,1
162,142,sheriff's men,Sheriff Bradley,236,Undirected,1
10,139,God,Johnny-Boy,236,Undirected,1
162,10,sheriff's men,God,236,Undirected,1
162,139,sheriff's men,Johnny-Boy,236,Undirected,1
10,144,God,Sue,236,Undirected,1
139,142,Johnny-Boy,Sheriff Bradley,236,Undirected,1
144,157,Sue,white man throwing greens,237,Undirected,1
162,144,sheriff's men,Sue,237,Undirected,1
162,157,sheriff's men,white man throwing greens,237,Undirected,1
157,158,white man throwing greens,white man coming forward,237,Undirected,1
142,144,Sheriff Bradley,Sue,237,Undirected,1
144,158,Sue,white man coming forward,237,Undirected,1
162,158,sheriff's men,white man coming forward,237,Undirected,1
142,157,Sheriff Bradley,white man throwing greens,237,Undirected,1
142,158,Sheriff Bradley,white man coming forward,237,Undirected,1
162,142,sheriff's men,Sheriff Bradley,237,Undirected,1
139,158,Johnny-Boy,white man coming forward,238,Undirected,1
157,158,white man throwing greens,white man coming forward,238,Undirected,1
162,157,sheriff's men,white man throwing greens,238,Undirected,1
142,157,Sheriff Bradley,white man throwing greens,238,Undirected,1
162,142,sheriff's men,Sheriff Bradley,238,Undirected,1
22,158,"""white men"" (abstract)",white man coming forward,238,Undirected,1
162,22,sheriff's men,"""white men"" (abstract)",238,Undirected,1
162,144,sheriff's men,Sue,238,Undirected,1
144,157,Sue,white man throwing greens,238,Undirected,1
162,139,sheriff's men,Johnny-Boy,238,Undirected,1
162,158,sheriff's men,white man coming forward,238,Undirected,1
142,158,Sheriff Bradley,white man coming forward,238,Undirected,1
139,144,Johnny-Boy,Sue,238,Undirected,1
139,22,Johnny-Boy,"""white men"" (abstract)",238,Undirected,1
144,158,Sue,white man coming forward,238,Undirected,1
22,157,"""white men"" (abstract)",white man throwing greens,238,Undirected,1
144,22,Sue,"""white men"" (abstract)",238,Undirected,1
139,157,Johnny-Boy,white man throwing greens,238,Undirected,1
142,144,Sheriff Bradley,Sue,238,Undirected,1
142,22,Sheriff Bradley,"""white men"" (abstract)",238,Undirected,1
139,142,Johnny-Boy,Sheriff Bradley,238,Undirected,1
10,142,God,Sheriff Bradley,239,Undirected,1
157,158,white man throwing greens,white man coming forward,239,Undirected,1
162,157,sheriff's men,white man throwing greens,239,Undirected,1
10,157,God,white man throwing greens,239,Undirected,1
139,158,Johnny-Boy,white man coming forward,239,Undirected,1
10,144,God,Sue,239,Undirected,1
162,10,sheriff's men,God,239,Undirected,1
144,157,Sue,white man throwing greens,239,Undirected,1
22,158,"""white men"" (abstract)",white man coming forward,239,Undirected,1
162,142,sheriff's men,Sheriff Bradley,239,Undirected,1
10,22,God,"""white men"" (abstract)",239,Undirected,1
142,157,Sheriff Bradley,white man throwing greens,239,Undirected,1
10,139,God,Johnny-Boy,239,Undirected,1
162,22,sheriff's men,"""white men"" (abstract)",239,Undirected,1
144,158,Sue,white man coming forward,239,Undirected,1
162,139,sheriff's men,Johnny-Boy,239,Undirected,1
162,144,sheriff's men,Sue,239,Undirected,1
139,142,Johnny-Boy,Sheriff Bradley,239,Undirected,1
142,144,Sheriff Bradley,Sue,239,Undirected,1
139,157,Johnny-Boy,white man throwing greens,239,Undirected,1
144,22,Sue,"""white men"" (abstract)",239,Undirected,1
142,22,Sheriff Bradley,"""white men"" (abstract)",239,Undirected,1
162,158,sheriff's men,white man coming forward,239,Undirected,1
10,158,God,white man coming forward,239,Undirected,1
139,22,Johnny-Boy,"""white men"" (abstract)",239,Undirected,1
139,144,Johnny-Boy,Sue,239,Undirected,1
142,158,Sheriff Bradley,white man coming forward,239,Undirected,1
22,157,"""white men"" (abstract)",white man throwing greens,239,Undirected,1
142,144,Sheriff Bradley,Sue,240,Undirected,1
162,144,sheriff's men,Sue,240,Undirected,1
139,144,Johnny-Boy,Sue,240,Undirected,1
162,157,sheriff's men,white man throwing greens,240,Undirected,1
157,158,white man throwing greens,white man coming forward,240,Undirected,1
144,157,Sue,white man throwing greens,240,Undirected,1
162,142,sheriff's men,Sheriff Bradley,240,Undirected,1
139,157,Johnny-Boy,white man throwing greens,240,Undirected,1
142,157,Sheriff Bradley,white man throwing greens,240,Undirected,1
139,142,Johnny-Boy,Sheriff Bradley,240,Undirected,1
162,139,sheriff's men,Johnny-Boy,240,Undirected,1
139,158,Johnny-Boy,white man coming forward,240,Undirected,1
144,158,Sue,white man coming forward,240,Undirected,1
142,158,Sheriff Bradley,white man coming forward,240,Undirected,1
162,158,sheriff's men,white man coming forward,240,Undirected,1
162,139,sheriff's men,Johnny-Boy,241,Undirected,1
10,144,God,Sue,241,Undirected,1
10,139,God,Johnny-Boy,241,Undirected,1
162,142,sheriff's men,Sheriff Bradley,241,Undirected,1
10,142,God,Sheriff Bradley,241,Undirected,1
157,158,white man throwing greens,white man coming forward,241,Undirected,1
162,157,sheriff's men,white man throwing greens,241,Undirected,1
10,157,God,white man throwing greens,241,Undirected,1
142,157,Sheriff Bradley,white man throwing greens,241,Undirected,1
139,158,Johnny-Boy,white man coming forward,241,Undirected,1
162,10,sheriff's men,God,241,Undirected,1
144,157,Sue,white man throwing greens,241,Undirected,1
55,152,Jesus Christ,Booker,241,Undirected,1
55,158,Jesus Christ,white man coming forward,241,Undirected,1
152,158,Booker,white man coming forward,241,Undirected,1
144,158,Sue,white man coming forward,241,Undirected,1
139,152,Johnny-Boy,Booker,241,Undirected,1
139,55,Johnny-Boy,Jesus Christ,241,Undirected,1
139,144,Johnny-Boy,Sue,241,Undirected,1
142,152,Sheriff Bradley,Booker,241,Undirected,1
142,158,Sheriff Bradley,white man coming forward,241,Undirected,1
162,144,sheriff's men,Sue,241,Undirected,1
139,142,Johnny-Boy,Sheriff Bradley,241,Undirected,1
162,55,sheriff's men,Jesus Christ,241,Undirected,1
142,144,Sheriff Bradley,Sue,241,Undirected,1
139,157,Johnny-Boy,white man throwing greens,241,Undirected,1
10,55,God,Jesus Christ,241,Undirected,1
152,157,Booker,white man throwing greens,241,Undirected,1
142,55,Sheriff Bradley,Jesus Christ,241,Undirected,1
162,152,sheriff's men,Booker,241,Undirected,1
144,55,Sue,Jesus Christ,241,Undirected,1
10,152,God,Booker,241,Undirected,1
162,158,sheriff's men,white man coming forward,241,Undirected,1
10,158,God,white man coming forward,241,Undirected,1
144,152,Sue,Booker,241,Undirected,1
55,157,Jesus Christ,white man throwing greens,241,Undirected,1
144,162,Sue,sheriff's men,242,Undirected,1
144,152,Sue,Booker,242,Undirected,1
152,125,Booker,"""white folks"" (abstract)",242,Undirected,1
162,125,sheriff's men,"""white folks"" (abstract)",242,Undirected,1
144,125,Sue,"""white folks"" (abstract)",242,Undirected,1
162,152,sheriff's men,Booker,242,Undirected,1
162,152,sheriff's men,Booker,243,Undirected,1
144,10,Sue,God,243,Undirected,1
162,10,sheriff's men,God,243,Undirected,1
10,152,God,Booker,243,Undirected,1
144,162,Sue,sheriff's men,243,Undirected,1
144,152,Sue,Booker,243,Undirected,1
262,144,Lem (Reva's father),Sue,244,Undirected,1
139,152,Johnny-Boy,Booker,244,Undirected,1
262,55,Lem (Reva's father),Jesus Christ,244,Undirected,1
141,152,"""white and black Communists"" (223)",Booker,244,Undirected,1
162,144,sheriff's men,Sue,244,Undirected,1
262,152,Lem (Reva's father),Booker,244,Undirected,1
162,141,sheriff's men,"""white and black Communists"" (223)",244,Undirected,1
141,55,"""white and black Communists"" (223)",Jesus Christ,244,Undirected,1
55,152,Jesus Christ,Booker,244,Undirected,1
262,141,Lem (Reva's father),"""white and black Communists"" (223)",244,Undirected,1
262,139,Lem (Reva's father),Johnny-Boy,244,Undirected,1
139,55,Johnny-Boy,Jesus Christ,244,Undirected,1
144,152,Sue,Booker,244,Undirected,1
141,144,"""white and black Communists"" (223)",Sue,244,Undirected,1
139,144,Johnny-Boy,Sue,244,Undirected,1
139,141,Johnny-Boy,"""white and black Communists"" (223)",244,Undirected,1
144,55,Sue,Jesus Christ,244,Undirected,1
162,152,sheriff's men,Booker,244,Undirected,1
162,262,sheriff's men,Lem (Reva's father),244,Undirected,1
162,55,sheriff's men,Jesus Christ,244,Undirected,1
162,139,sheriff's men,Johnny-Boy,244,Undirected,1
141,55,"""white and black Communists"" (223)",Jesus Christ,245,Undirected,1
139,125,Johnny-Boy,"""white folks"" (abstract)",245,Undirected,1
10,147,God,Reva,245,Undirected,1
141,125,"""white and black Communists"" (223)","""white folks"" (abstract)",245,Undirected,1
152,125,Booker,"""white folks"" (abstract)",245,Undirected,1
55,125,Jesus Christ,"""white folks"" (abstract)",245,Undirected,1
10,141,God,"""white and black Communists"" (223)",245,Undirected,1
141,152,"""white and black Communists"" (223)",Booker,245,Undirected,1
147,55,Reva,Jesus Christ,245,Undirected,1
55,152,Jesus Christ,Booker,245,Undirected,1
10,144,God,Sue,245,Undirected,1
10,139,God,Johnny-Boy,245,Undirected,1
139,152,Johnny-Boy,Booker,245,Undirected,1
139,55,Johnny-Boy,Jesus Christ,245,Undirected,1
139,144,Johnny-Boy,Sue,245,Undirected,1
141,144,"""white and black Communists"" (223)",Sue,245,Undirected,1
144,152,Sue,Booker,245,Undirected,1
147,152,Reva,Booker,245,Undirected,1
10,55,God,Jesus Christ,245,Undirected,1
10,125,God,"""white folks"" (abstract)",245,Undirected,1
144,147,Sue,Reva,245,Undirected,1
147,125,Reva,"""white folks"" (abstract)",245,Undirected,1
10,152,God,Booker,245,Undirected,1
139,141,Johnny-Boy,"""white and black Communists"" (223)",245,Undirected,1
144,125,Sue,"""white folks"" (abstract)",245,Undirected,1
141,147,"""white and black Communists"" (223)",Reva,245,Undirected,1
139,147,Johnny-Boy,Reva,245,Undirected,1
144,55,Sue,Jesus Christ,245,Undirected,1
0,159,[NULL],Green (Johnny-Boy's comrade),246,Undirected,1
0,152,[NULL],Booker,246,Undirected,1
162,159,sheriff's men,Green (Johnny-Boy's comrade),246,Undirected,1
0,262,[NULL],Lem (Reva's father),246,Undirected,1
262,152,Lem (Reva's father),Booker,246,Undirected,1
10,144,God,Sue,246,Undirected,1
162,141,sheriff's men,"""white and black Communists"" (223)",246,Undirected,1
160,10,Johnson,God,246,Undirected,1
10,142,God,Sheriff Bradley,246,Undirected,1
262,159,Lem (Reva's father),Green (Johnny-Boy's comrade),246,Undirected,1
0,141,[NULL],"""white and black Communists"" (223)",246,Undirected,1
161,142,Murphy,Sheriff Bradley,246,Undirected,1
262,141,Lem (Reva's father),"""white and black Communists"" (223)",246,Undirected,1
162,139,sheriff's men,Johnny-Boy,246,Undirected,1
142,152,Sheriff Bradley,Booker,246,Undirected,1
141,144,"""white and black Communists"" (223)",Sue,246,Undirected,1
139,152,Johnny-Boy,Booker,246,Undirected,1
142,147,Sheriff Bradley,Reva,246,Undirected,1
161,144,Murphy,Sue,246,Undirected,1
162,152,sheriff's men,Booker,246,Undirected,1
160,147,Johnson,Reva,246,Undirected,1
162,147,sheriff's men,Reva,246,Undirected,1
10,141,God,"""white and black Communists"" (223)",246,Undirected,1
162,10,sheriff's men,God,246,Undirected,1
141,152,"""white and black Communists"" (223)",Booker,246,Undirected,1
0,147,[NULL],Reva,246,Undirected,1
161,0,Murphy,[NULL],246,Undirected,1
162,262,sheriff's men,Lem (Reva's father),246,Undirected,1
262,147,Lem (Reva's father),Reva,246,Undirected,1
0,10,[NULL],God,246,Undirected,1
152,159,Booker,Green (Johnny-Boy's comrade),246,Undirected,1
262,10,Lem (Reva's father),God,246,Undirected,1
141,159,"""white and black Communists"" (223)",Green (Johnny-Boy's comrade),246,Undirected,1
161,162,Murphy,sheriff's men,246,Undirected,1
139,141,Johnny-Boy,"""white and black Communists"" (223)",246,Undirected,1
160,161,Johnson,Murphy,246,Undirected,1
10,139,God,Johnny-Boy,246,Undirected,1
0,139,[NULL],Johnny-Boy,246,Undirected,1
139,159,Johnny-Boy,Green (Johnny-Boy's comrade),246,Undirected,1
160,152,Johnson,Booker,246,Undirected,1
10,159,God,Green (Johnny-Boy's comrade),246,Undirected,1
160,162,Johnson,sheriff's men,246,Undirected,1
262,139,Lem (Reva's father),Johnny-Boy,246,Undirected,1
161,152,Murphy,Booker,246,Undirected,1
161,262,Murphy,Lem (Reva's father),246,Undirected,1
0,144,[NULL],Sue,246,Undirected,1
160,142,Johnson,Sheriff Bradley,246,Undirected,1
144,152,Sue,Booker,246,Undirected,1
161,159,Murphy,Green (Johnny-Boy's comrade),246,Undirected,1
139,147,Johnny-Boy,Reva,246,Undirected,1
141,147,"""white and black Communists"" (223)",Reva,246,Undirected,1
161,141,Murphy,"""white and black Communists"" (223)",246,Undirected,1
0,142,[NULL],Sheriff Bradley,246,Undirected,1
262,142,Lem (Reva's father),Sheriff Bradley,246,Undirected,1
144,159,Sue,Green (Johnny-Boy's comrade),246,Undirected,1
142,144,Sheriff Bradley,Sue,246,Undirected,1
161,139,Murphy,Johnny-Boy,246,Undirected,1
139,142,Johnny-Boy,Sheriff Bradley,246,Undirected,1
162,0,sheriff's men,[NULL],246,Undirected,1
160,144,Johnson,Sue,246,Undirected,1
161,10,Murphy,God,246,Undirected,1
142,159,Sheriff Bradley,Green (Johnny-Boy's comrade),246,Undirected,1
160,262,Johnson,Lem (Reva's father),246,Undirected,1
144,147,Sue,Reva,246,Undirected,1
160,0,Johnson,[NULL],246,Undirected,1
147,152,Reva,Booker,246,Undirected,1
10,147,God,Reva,246,Undirected,1
160,159,Johnson,Green (Johnny-Boy's comrade),246,Undirected,1
162,144,sheriff's men,Sue,246,Undirected,1
141,142,"""white and black Communists"" (223)",Sheriff Bradley,246,Undirected,1
160,141,Johnson,"""white and black Communists"" (223)",246,Undirected,1
147,159,Reva,Green (Johnny-Boy's comrade),246,Undirected,1
262,144,Lem (Reva's father),Sue,246,Undirected,1
162,142,sheriff's men,Sheriff Bradley,246,Undirected,1
160,139,Johnson,Johnny-Boy,246,Undirected,1
139,144,Johnny-Boy,Sue,246,Undirected,1
161,147,Murphy,Reva,246,Undirected,1
10,152,God,Booker,246,Undirected,1
10,139,God,Johnny-Boy,247,Undirected,1
139,88,Johnny-Boy,Red Squad,247,Undirected,1
162,50,sheriff's men,Judas,247,Undirected,1
140,50,Sug,Judas,247,Undirected,1
162,154,sheriff's men,"""black folks"" (townspeople BMS)",247,Undirected,1
10,154,God,"""black folks"" (townspeople BMS)",247,Undirected,1
140,154,Sug,"""black folks"" (townspeople BMS)",247,Undirected,1
141,55,"""white and black Communists"" (223)",Jesus Christ,247,Undirected,1
50,154,Judas,"""black folks"" (townspeople BMS)",247,Undirected,1
139,152,Johnny-Boy,Booker,247,Undirected,1
139,140,Johnny-Boy,Sug,247,Undirected,1
10,50,God,Judas,247,Undirected,1
144,154,Sue,"""black folks"" (townspeople BMS)",247,Undirected,1
152,88,Booker,Red Squad,247,Undirected,1
141,152,"""white and black Communists"" (223)",Booker,247,Undirected,1
55,88,Jesus Christ,Red Squad,247,Undirected,1
55,152,Jesus Christ,Booker,247,Undirected,1
140,141,Sug,"""white and black Communists"" (223)",247,Undirected,1
162,141,sheriff's men,"""white and black Communists"" (223)",247,Undirected,1
10,141,God,"""white and black Communists"" (223)",247,Undirected,1
140,144,Sug,Sue,247,Undirected,1
10,144,God,Sue,247,Undirected,1
154,88,"""black folks"" (townspeople BMS)",Red Squad,247,Undirected,1
162,139,sheriff's men,Johnny-Boy,247,Undirected,1
144,50,Sue,Judas,247,Undirected,1
141,88,"""white and black Communists"" (223)",Red Squad,247,Undirected,1
139,55,Johnny-Boy,Jesus Christ,247,Undirected,1
162,10,sheriff's men,God,247,Undirected,1
144,88,Sue,Red Squad,247,Undirected,1
144,152,Sue,Booker,247,Undirected,1
162,144,sheriff's men,Sue,247,Undirected,1
50,55,Judas,Jesus Christ,247,Undirected,1
140,55,Sug,Jesus Christ,247,Undirected,1
10,55,God,Jesus Christ,247,Undirected,1
139,154,Johnny-Boy,"""black folks"" (townspeople BMS)",247,Undirected,1
152,154,Booker,"""black folks"" (townspeople BMS)",247,Undirected,1
139,50,Johnny-Boy,Judas,247,Undirected,1
141,154,"""white and black Communists"" (223)","""black folks"" (townspeople BMS)",247,Undirected,1
55,154,Jesus Christ,"""black folks"" (townspeople BMS)",247,Undirected,1
162,140,sheriff's men,Sug,247,Undirected,1
141,50,"""white and black Communists"" (223)",Judas,247,Undirected,1
162,55,sheriff's men,Jesus Christ,247,Undirected,1
140,88,Sug,Red Squad,247,Undirected,1
50,88,Judas,Red Squad,247,Undirected,1
141,144,"""white and black Communists"" (223)",Sue,247,Undirected,1
139,144,Johnny-Boy,Sue,247,Undirected,1
10,152,God,Booker,247,Undirected,1
10,88,God,Red Squad,247,Undirected,1
139,141,Johnny-Boy,"""white and black Communists"" (223)",247,Undirected,1
144,55,Sue,Jesus Christ,247,Undirected,1
162,152,sheriff's men,Booker,247,Undirected,1
140,152,Sug,Booker,247,Undirected,1
10,140,God,Sug,247,Undirected,1
162,88,sheriff's men,Red Squad,247,Undirected,1
50,152,Judas,Booker,247,Undirected,1
262,10,Lem (Reva's father),God,248,Undirected,1
10,142,God,Sheriff Bradley,248,Undirected,1
142,152,Sheriff Bradley,Booker,248,Undirected,1
162,139,sheriff's men,Johnny-Boy,248,Undirected,1
10,139,God,Johnny-Boy,248,Undirected,1
262,147,Lem (Reva's father),Reva,248,Undirected,1
162,142,sheriff's men,Sheriff Bradley,248,Undirected,1
262,144,Lem (Reva's father),Sue,248,Undirected,1
262,88,Lem (Reva's father),Red Squad,248,Undirected,1
139,152,Johnny-Boy,Booker,248,Undirected,1
152,88,Booker,Red Squad,248,Undirected,1
162,10,sheriff's men,God,248,Undirected,1
162,147,sheriff's men,Reva,248,Undirected,1
262,152,Lem (Reva's father),Booker,248,Undirected,1
10,147,God,Reva,248,Undirected,1
144,152,Sue,Booker,248,Undirected,1
139,88,Johnny-Boy,Red Squad,248,Undirected,1
142,88,Sheriff Bradley,Red Squad,248,Undirected,1
10,88,God,Red Squad,248,Undirected,1
139,147,Johnny-Boy,Reva,248,Undirected,1
144,88,Sue,Red Squad,248,Undirected,1
162,144,sheriff's men,Sue,248,Undirected,1
10,144,God,Sue,248,Undirected,1
147,88,Reva,Red Squad,248,Undirected,1
147,152,Reva,Booker,248,Undirected,1
142,144,Sheriff Bradley,Sue,248,Undirected,1
142,147,Sheriff Bradley,Reva,248,Undirected,1
144,147,Sue,Reva,248,Undirected,1
139,142,Johnny-Boy,Sheriff Bradley,248,Undirected,1
162,262,sheriff's men,Lem (Reva's father),248,Undirected,1
162,88,sheriff's men,Red Squad,248,Undirected,1
262,139,Lem (Reva's father),Johnny-Boy,248,Undirected,1
162,152,sheriff's men,Booker,248,Undirected,1
10,152,God,Booker,248,Undirected,1
139,144,Johnny-Boy,Sue,248,Undirected,1
262,142,Lem (Reva's father),Sheriff Bradley,248,Undirected,1
139,88,Johnny-Boy,Red Squad,249,Undirected,1
162,139,sheriff's men,Johnny-Boy,249,Undirected,1
10,139,God,Johnny-Boy,249,Undirected,1
262,141,Lem (Reva's father),"""white and black Communists"" (223)",249,Undirected,1
10,147,God,Reva,249,Undirected,1
262,147,Lem (Reva's father),Reva,249,Undirected,1
262,144,Lem (Reva's father),Sue,249,Undirected,1
139,152,Johnny-Boy,Booker,249,Undirected,1
262,152,Lem (Reva's father),Booker,249,Undirected,1
141,152,"""white and black Communists"" (223)",Booker,249,Undirected,1
162,10,sheriff's men,God,249,Undirected,1
162,141,sheriff's men,"""white and black Communists"" (223)",249,Undirected,1
162,147,sheriff's men,Reva,249,Undirected,1
10,141,God,"""white and black Communists"" (223)",249,Undirected,1
262,88,Lem (Reva's father),Red Squad,249,Undirected,1
262,10,Lem (Reva's father),God,249,Undirected,1
141,88,"""white and black Communists"" (223)",Red Squad,249,Undirected,1
144,152,Sue,Booker,249,Undirected,1
139,141,Johnny-Boy,"""white and black Communists"" (223)",249,Undirected,1
141,144,"""white and black Communists"" (223)",Sue,249,Undirected,1
162,144,sheriff's men,Sue,249,Undirected,1
88,152,Red Squad,Booker,249,Undirected,1
10,144,God,Sue,249,Undirected,1
147,88,Reva,Red Squad,249,Undirected,1
147,152,Reva,Booker,249,Undirected,1
144,147,Sue,Reva,249,Undirected,1
162,262,sheriff's men,Lem (Reva's father),249,Undirected,1
144,88,Sue,Red Squad,249,Undirected,1
262,139,Lem (Reva's father),Johnny-Boy,249,Undirected,1
162,152,sheriff's men,Booker,249,Undirected,1
10,88,God,Red Squad,249,Undirected,1
10,152,God,Booker,249,Undirected,1
139,144,Johnny-Boy,Sue,249,Undirected,1
141,147,"""white and black Communists"" (223)",Reva,249,Undirected,1
139,147,Johnny-Boy,Reva,249,Undirected,1
162,88,sheriff's men,Red Squad,249,Undirected,1
142,88,Sheriff Bradley,Red Squad,250,Undirected,1
144,152,Sue,Booker,250,Undirected,1
142,152,Sheriff Bradley,Booker,250,Undirected,1
162,139,sheriff's men,Johnny-Boy,250,Undirected,1
10,139,God,Johnny-Boy,250,Undirected,1
162,142,sheriff's men,Sheriff Bradley,250,Undirected,1
10,142,God,Sheriff Bradley,250,Undirected,1
139,125,Johnny-Boy,"""white folks"" (abstract)",250,Undirected,1
141,88,"""white and black Communists"" (223)",Red Squad,250,Undirected,1
139,88,Johnny-Boy,Red Squad,250,Undirected,1
139,152,Johnny-Boy,Booker,250,Undirected,1
141,152,"""white and black Communists"" (223)",Booker,250,Undirected,1
162,10,sheriff's men,God,250,Undirected,1
162,141,sheriff's men,"""white and black Communists"" (223)",250,Undirected,1
144,88,Sue,Red Squad,250,Undirected,1
10,144,God,Sue,250,Undirected,1
141,125,"""white and black Communists"" (223)","""white folks"" (abstract)",250,Undirected,1
10,141,God,"""white and black Communists"" (223)",250,Undirected,1
141,144,"""white and black Communists"" (223)",Sue,250,Undirected,1
144,125,Sue,"""white folks"" (abstract)",250,Undirected,1
139,144,Johnny-Boy,Sue,250,Undirected,1
162,144,sheriff's men,Sue,250,Undirected,1
88,152,Red Squad,Booker,250,Undirected,1
139,142,Johnny-Boy,Sheriff Bradley,250,Undirected,1
142,144,Sheriff Bradley,Sue,250,Undirected,1
162,125,sheriff's men,"""white folks"" (abstract)",250,Undirected,1
10,125,God,"""white folks"" (abstract)",250,Undirected,1
141,142,"""white and black Communists"" (223)",Sheriff Bradley,250,Undirected,1
125,152,"""white folks"" (abstract)",Booker,250,Undirected,1
162,88,sheriff's men,Red Squad,250,Undirected,1
162,152,sheriff's men,Booker,250,Undirected,1
10,88,God,Red Squad,250,Undirected,1
10,152,God,Booker,250,Undirected,1
142,125,Sheriff Bradley,"""white folks"" (abstract)",250,Undirected,1
139,141,Johnny-Boy,"""white and black Communists"" (223)",250,Undirected,1
125,88,"""white folks"" (abstract)",Red Squad,250,Undirected,1
139,140,Johnny-Boy,Sug,251,Undirected,1
144,152,Sue,Booker,251,Undirected,1
142,152,Sheriff Bradley,Booker,251,Undirected,1
162,139,sheriff's men,Johnny-Boy,251,Undirected,1
140,142,Sug,Sheriff Bradley,251,Undirected,1
162,142,sheriff's men,Sheriff Bradley,251,Undirected,1
139,88,Johnny-Boy,Red Squad,251,Undirected,1
162,144,sheriff's men,Sue,251,Undirected,1
141,88,"""white and black Communists"" (223)",Red Squad,251,Undirected,1
141,152,"""white and black Communists"" (223)",Booker,251,Undirected,1
140,141,Sug,"""white and black Communists"" (223)",251,Undirected,1
162,141,sheriff's men,"""white and black Communists"" (223)",251,Undirected,1
162,147,sheriff's men,Reva,251,Undirected,1
140,147,Sug,Reva,251,Undirected,1
140,144,Sug,Sue,251,Undirected,1
139,152,Johnny-Boy,Booker,251,Undirected,1
142,88,Sheriff Bradley,Red Squad,251,Undirected,1
144,88,Sue,Red Squad,251,Undirected,1
139,147,Johnny-Boy,Reva,251,Undirected,1
141,144,"""white and black Communists"" (223)",Sue,251,Undirected,1
88,152,Red Squad,Booker,251,Undirected,1
147,88,Reva,Red Squad,251,Undirected,1
147,152,Reva,Booker,251,Undirected,1
142,144,Sheriff Bradley,Sue,251,Undirected,1
141,142,"""white and black Communists"" (223)",Sheriff Bradley,251,Undirected,1
142,147,Sheriff Bradley,Reva,251,Undirected,1
144,147,Sue,Reva,251,Undirected,1
139,142,Johnny-Boy,Sheriff Bradley,251,Undirected,1
140,88,Sug,Red Squad,251,Undirected,1
162,88,sheriff's men,Red Squad,251,Undirected,1
140,152,Sug,Booker,251,Undirected,1
162,152,sheriff's men,Booker,251,Undirected,1
139,141,Johnny-Boy,"""white and black Communists"" (223)",251,Undirected,1
139,144,Johnny-Boy,Sue,251,Undirected,1
141,147,"""white and black Communists"" (223)",Reva,251,Undirected,1
162,140,sheriff's men,Sug,251,Undirected,1
139,55,Johnny-Boy,Jesus Christ,252,Undirected,1
140,142,Sug,Sheriff Bradley,252,Undirected,1
141,55,"""white and black Communists"" (223)",Jesus Christ,252,Undirected,1
139,140,Johnny-Boy,Sug,252,Undirected,1
140,144,Sug,Sue,252,Undirected,1
144,23,Sue,"""black men"" (abstract)",252,Undirected,1
140,141,Sug,"""white and black Communists"" (223)",252,Undirected,1
141,144,"""white and black Communists"" (223)",Sue,252,Undirected,1
142,23,Sheriff Bradley,"""black men"" (abstract)",252,Undirected,1
139,144,Johnny-Boy,Sue,252,Undirected,1
140,23,Sug,"""black men"" (abstract)",252,Undirected,1
23,55,"""black men"" (abstract)",Jesus Christ,252,Undirected,1
139,23,Johnny-Boy,"""black men"" (abstract)",252,Undirected,1
140,55,Sug,Jesus Christ,252,Undirected,1
141,23,"""white and black Communists"" (223)","""black men"" (abstract)",252,Undirected,1
141,142,"""white and black Communists"" (223)",Sheriff Bradley,252,Undirected,1
139,142,Johnny-Boy,Sheriff Bradley,252,Undirected,1
142,55,Sheriff Bradley,Jesus Christ,252,Undirected,1
144,55,Sue,Jesus Christ,252,Undirected,1
142,144,Sheriff Bradley,Sue,252,Undirected,1
139,141,Johnny-Boy,"""white and black Communists"" (223)",252,Undirected,1
144,152,Sue,Booker,253,Undirected,1
142,147,Sheriff Bradley,Reva,253,Undirected,1
10,147,God,Reva,253,Undirected,1
139,147,Johnny-Boy,Reva,253,Undirected,1
10,144,God,Sue,253,Undirected,1
144,147,Sue,Reva,253,Undirected,1
139,144,Johnny-Boy,Sue,253,Undirected,1
142,144,Sheriff Bradley,Sue,253,Undirected,1
10,152,God,Booker,253,Undirected,1
139,142,Johnny-Boy,Sheriff Bradley,253,Undirected,1
10,139,God,Johnny-Boy,253,Undirected,1
147,152,Reva,Booker,253,Undirected,1
142,152,Sheriff Bradley,Booker,253,Undirected,1
139,152,Johnny-Boy,Booker,253,Undirected,1
10,142,God,Sheriff Bradley,253,Undirected,1
163,147,first white man with shotgun (sheriff's man),Reva,254,Undirected,1
162,163,sheriff's men,first white man with shotgun (sheriff's man),254,Undirected,1
162,10,sheriff's men,God,254,Undirected,1
162,263,sheriff's men,Jim (sheriff's man),254,Undirected,1
10,147,God,Reva,254,Undirected,1
10,144,God,Sue,254,Undirected,1
163,152,first white man with shotgun (sheriff's man),Booker,254,Undirected,1
163,263,first white man with shotgun (sheriff's man),Jim (sheriff's man),254,Undirected,1
162,147,sheriff's men,Reva,254,Undirected,1
163,144,first white man with shotgun (sheriff's man),Sue,254,Undirected,1
10,152,God,Booker,254,Undirected,1
163,10,first white man with shotgun (sheriff's man),God,254,Undirected,1
144,152,Sue,Booker,254,Undirected,1
263,10,Jim (sheriff's man),God,254,Undirected,1
147,152,Reva,Booker,254,Undirected,1
263,144,Jim (sheriff's man),Sue,254,Undirected,1
162,144,sheriff's men,Sue,254,Undirected,1
144,147,Sue,Reva,254,Undirected,1
162,152,sheriff's men,Booker,254,Undirected,1
263,152,Jim (sheriff's man),Booker,254,Undirected,1
263,147,Jim (sheriff's man),Reva,254,Undirected,1
162,144,sheriff's men,Sue,255,Undirected,1
162,139,sheriff's men,Johnny-Boy,255,Undirected,1
162,141,sheriff's men,"""white and black Communists"" (223)",255,Undirected,1
263,139,Jim (sheriff's man),Johnny-Boy,255,Undirected,1
263,142,Jim (sheriff's man),Sheriff Bradley,255,Undirected,1
162,163,sheriff's men,first white man with shotgun (sheriff's man),255,Undirected,1
163,263,first white man with shotgun (sheriff's man),Jim (sheriff's man),255,Undirected,1
162,142,sheriff's men,Sheriff Bradley,255,Undirected,1
163,144,first white man with shotgun (sheriff's man),Sue,255,Undirected,1
163,141,first white man with shotgun (sheriff's man),"""white and black Communists"" (223)",255,Undirected,1
162,263,sheriff's men,Jim (sheriff's man),255,Undirected,1
139,144,Johnny-Boy,Sue,255,Undirected,1
139,141,Johnny-Boy,"""white and black Communists"" (223)",255,Undirected,1
163,142,first white man with shotgun (sheriff's man),Sheriff Bradley,255,Undirected,1
163,139,first white man with shotgun (sheriff's man),Johnny-Boy,255,Undirected,1
142,144,Sheriff Bradley,Sue,255,Undirected,1
141,142,"""white and black Communists"" (223)",Sheriff Bradley,255,Undirected,1
263,141,Jim (sheriff's man),"""white and black Communists"" (223)",255,Undirected,1
263,144,Jim (sheriff's man),Sue,255,Undirected,1
139,142,Johnny-Boy,Sheriff Bradley,255,Undirected,1
141,144,"""white and black Communists"" (223)",Sue,255,Undirected,1
167,263,Pete (sheriff's man),Jim (sheriff's man),256,Undirected,1
165,263,tall man with crowbar (sheriff's man),Jim (sheriff's man),256,Undirected,1
165,141,tall man with crowbar (sheriff's man),"""white and black Communists"" (223)",256,Undirected,1
164,139,Tim (sheriff's man),Johnny-Boy,256,Undirected,1
162,139,sheriff's men,Johnny-Boy,256,Undirected,1
162,142,sheriff's men,Sheriff Bradley,256,Undirected,1
163,144,first white man with shotgun (sheriff's man),Sue,256,Undirected,1
164,142,Tim (sheriff's man),Sheriff Bradley,256,Undirected,1
167,141,Pete (sheriff's man),"""white and black Communists"" (223)",256,Undirected,1
163,141,first white man with shotgun (sheriff's man),"""white and black Communists"" (223)",256,Undirected,1
163,263,first white man with shotgun (sheriff's man),Jim (sheriff's man),256,Undirected,1
167,144,Pete (sheriff's man),Sue,256,Undirected,1
263,139,Jim (sheriff's man),Johnny-Boy,256,Undirected,1
162,163,sheriff's men,first white man with shotgun (sheriff's man),256,Undirected,1
263,142,Jim (sheriff's man),Sheriff Bradley,256,Undirected,1
139,152,Johnny-Boy,Booker,256,Undirected,1
141,152,"""white and black Communists"" (223)",Booker,256,Undirected,1
162,263,sheriff's men,Jim (sheriff's man),256,Undirected,1
162,141,sheriff's men,"""white and black Communists"" (223)",256,Undirected,1
164,263,Tim (sheriff's man),Jim (sheriff's man),256,Undirected,1
162,144,sheriff's men,Sue,256,Undirected,1
164,141,Tim (sheriff's man),"""white and black Communists"" (223)",256,Undirected,1
164,144,Tim (sheriff's man),Sue,256,Undirected,1
163,152,first white man with shotgun (sheriff's man),Booker,256,Undirected,1
142,152,Sheriff Bradley,Booker,256,Undirected,1
163,165,first white man with shotgun (sheriff's man),tall man with crowbar (sheriff's man),256,Undirected,1
144,152,Sue,Booker,256,Undirected,1
165,144,tall man with crowbar (sheriff's man),Sue,256,Undirected,1
141,144,"""white and black Communists"" (223)",Sue,256,Undirected,1
163,164,first white man with shotgun (sheriff's man),Tim (sheriff's man),256,Undirected,1
167,152,Pete (sheriff's man),Booker,256,Undirected,1
162,165,sheriff's men,tall man with crowbar (sheriff's man),256,Undirected,1
139,142,Johnny-Boy,Sheriff Bradley,256,Undirected,1
165,167,tall man with crowbar (sheriff's man),Pete (sheriff's man),256,Undirected,1
164,165,Tim (sheriff's man),tall man with crowbar (sheriff's man),256,Undirected,1
263,144,Jim (sheriff's man),Sue,256,Undirected,1
263,141,Jim (sheriff's man),"""white and black Communists"" (223)",256,Undirected,1
141,142,"""white and black Communists"" (223)",Sheriff Bradley,256,Undirected,1
142,144,Sheriff Bradley,Sue,256,Undirected,1
163,139,first white man with shotgun (sheriff's man),Johnny-Boy,256,Undirected,1
163,142,first white man with shotgun (sheriff's man),Sheriff Bradley,256,Undirected,1
163,167,first white man with shotgun (sheriff's man),Pete (sheriff's man),256,Undirected,1
165,152,tall man with crowbar (sheriff's man),Booker,256,Undirected,1
165,139,tall man with crowbar (sheriff's man),Johnny-Boy,256,Undirected,1
164,167,Tim (sheriff's man),Pete (sheriff's man),256,Undirected,1
162,167,sheriff's men,Pete (sheriff's man),256,Undirected,1
139,141,Johnny-Boy,"""white and black Communists"" (223)",256,Undirected,1
162,164,sheriff's men,Tim (sheriff's man),256,Undirected,1
139,144,Johnny-Boy,Sue,256,Undirected,1
164,152,Tim (sheriff's man),Booker,256,Undirected,1
167,139,Pete (sheriff's man),Johnny-Boy,256,Undirected,1
263,152,Jim (sheriff's man),Booker,256,Undirected,1
165,142,tall man with crowbar (sheriff's man),Sheriff Bradley,256,Undirected,1
162,152,sheriff's men,Booker,256,Undirected,1
167,142,Pete (sheriff's man),Sheriff Bradley,256,Undirected,1
164,142,Tim (sheriff's man),Sheriff Bradley,257,Undirected,1
263,167,Jim (sheriff's man),Pete (sheriff's man),257,Undirected,1
163,144,first white man with shotgun (sheriff's man),Sue,257,Undirected,1
162,142,sheriff's men,Sheriff Bradley,257,Undirected,1
163,263,first white man with shotgun (sheriff's man),Jim (sheriff's man),257,Undirected,1
164,139,Tim (sheriff's man),Johnny-Boy,257,Undirected,1
165,141,tall man with crowbar (sheriff's man),"""white and black Communists"" (223)",257,Undirected,1
165,144,tall man with crowbar (sheriff's man),Sue,257,Undirected,1
165,263,tall man with crowbar (sheriff's man),Jim (sheriff's man),257,Undirected,1
167,141,Pete (sheriff's man),"""white and black Communists"" (223)",257,Undirected,1
162,263,sheriff's men,Jim (sheriff's man),257,Undirected,1
163,165,first white man with shotgun (sheriff's man),tall man with crowbar (sheriff's man),257,Undirected,1
162,163,sheriff's men,first white man with shotgun (sheriff's man),257,Undirected,1
263,142,Jim (sheriff's man),Sheriff Bradley,257,Undirected,1
263,139,Jim (sheriff's man),Johnny-Boy,257,Undirected,1
162,141,sheriff's men,"""white and black Communists"" (223)",257,Undirected,1
164,263,Tim (sheriff's man),Jim (sheriff's man),257,Undirected,1
162,144,sheriff's men,Sue,257,Undirected,1
164,141,Tim (sheriff's man),"""white and black Communists"" (223)",257,Undirected,1
162,139,sheriff's men,Johnny-Boy,257,Undirected,1
167,144,Pete (sheriff's man),Sue,257,Undirected,1
163,141,first white man with shotgun (sheriff's man),"""white and black Communists"" (223)",257,Undirected,1
164,144,Tim (sheriff's man),Sue,257,Undirected,1
164,167,Tim (sheriff's man),Pete (sheriff's man),257,Undirected,1
141,144,"""white and black Communists"" (223)",Sue,257,Undirected,1
163,164,first white man with shotgun (sheriff's man),Tim (sheriff's man),257,Undirected,1
163,167,first white man with shotgun (sheriff's man),Pete (sheriff's man),257,Undirected,1
162,165,sheriff's men,tall man with crowbar (sheriff's man),257,Undirected,1
139,142,Johnny-Boy,Sheriff Bradley,257,Undirected,1
164,165,Tim (sheriff's man),tall man with crowbar (sheriff's man),257,Undirected,1
263,144,Jim (sheriff's man),Sue,257,Undirected,1
263,141,Jim (sheriff's man),"""white and black Communists"" (223)",257,Undirected,1
141,142,"""white and black Communists"" (223)",Sheriff Bradley,257,Undirected,1
142,144,Sheriff Bradley,Sue,257,Undirected,1
165,167,tall man with crowbar (sheriff's man),Pete (sheriff's man),257,Undirected,1
163,142,first white man with shotgun (sheriff's man),Sheriff Bradley,257,Undirected,1
165,139,tall man with crowbar (sheriff's man),Johnny-Boy,257,Undirected,1
165,142,tall man with crowbar (sheriff's man),Sheriff Bradley,257,Undirected,1
167,139,Pete (sheriff's man),Johnny-Boy,257,Undirected,1
167,142,Pete (sheriff's man),Sheriff Bradley,257,Undirected,1
162,164,sheriff's men,Tim (sheriff's man),257,Undirected,1
139,141,Johnny-Boy,"""white and black Communists"" (223)",257,Undirected,1
162,167,sheriff's men,Pete (sheriff's man),257,Undirected,1
139,144,Johnny-Boy,Sue,257,Undirected,1
163,139,first white man with shotgun (sheriff's man),Johnny-Boy,257,Undirected,1
167,141,Pete (sheriff's man),"""white and black Communists"" (223)",258,Undirected,1
167,263,Pete (sheriff's man),Jim (sheriff's man),258,Undirected,1
165,263,tall man with crowbar (sheriff's man),Jim (sheriff's man),258,Undirected,1
165,144,tall man with crowbar (sheriff's man),Sue,258,Undirected,1
165,141,tall man with crowbar (sheriff's man),"""white and black Communists"" (223)",258,Undirected,1
164,142,Tim (sheriff's man),Sheriff Bradley,258,Undirected,1
163,263,first white man with shotgun (sheriff's man),Jim (sheriff's man),258,Undirected,1
162,142,sheriff's men,Sheriff Bradley,258,Undirected,1
163,144,first white man with shotgun (sheriff's man),Sue,258,Undirected,1
10,142,God,Sheriff Bradley,258,Undirected,1
164,139,Tim (sheriff's man),Johnny-Boy,258,Undirected,1
167,144,Pete (sheriff's man),Sue,258,Undirected,1
164,263,Tim (sheriff's man),Jim (sheriff's man),258,Undirected,1
162,163,sheriff's men,first white man with shotgun (sheriff's man),258,Undirected,1
263,142,Jim (sheriff's man),Sheriff Bradley,258,Undirected,1
263,139,Jim (sheriff's man),Johnny-Boy,258,Undirected,1
162,10,sheriff's men,God,258,Undirected,1
164,10,Tim (sheriff's man),God,258,Undirected,1
162,263,sheriff's men,Jim (sheriff's man),258,Undirected,1
162,141,sheriff's men,"""white and black Communists"" (223)",258,Undirected,1
10,141,God,"""white and black Communists"" (223)",258,Undirected,1
167,10,Pete (sheriff's man),God,258,Undirected,1
162,144,sheriff's men,Sue,258,Undirected,1
164,141,Tim (sheriff's man),"""white and black Communists"" (223)",258,Undirected,1
164,144,Tim (sheriff's man),Sue,258,Undirected,1
163,165,first white man with shotgun (sheriff's man),tall man with crowbar (sheriff's man),258,Undirected,1
162,139,sheriff's men,Johnny-Boy,258,Undirected,1
141,144,"""white and black Communists"" (223)",Sue,258,Undirected,1
165,10,tall man with crowbar (sheriff's man),God,258,Undirected,1
163,164,first white man with shotgun (sheriff's man),Tim (sheriff's man),258,Undirected,1
263,10,Jim (sheriff's man),God,258,Undirected,1
163,167,first white man with shotgun (sheriff's man),Pete (sheriff's man),258,Undirected,1
162,165,sheriff's men,tall man with crowbar (sheriff's man),258,Undirected,1
163,141,first white man with shotgun (sheriff's man),"""white and black Communists"" (223)",258,Undirected,1
139,142,Johnny-Boy,Sheriff Bradley,258,Undirected,1
165,167,tall man with crowbar (sheriff's man),Pete (sheriff's man),258,Undirected,1
164,165,Tim (sheriff's man),tall man with crowbar (sheriff's man),258,Undirected,1
263,144,Jim (sheriff's man),Sue,258,Undirected,1
263,141,Jim (sheriff's man),"""white and black Communists"" (223)",258,Undirected,1
141,142,"""white and black Communists"" (223)",Sheriff Bradley,258,Undirected,1
142,144,Sheriff Bradley,Sue,258,Undirected,1
10,144,God,Sue,258,Undirected,1
163,139,first white man with shotgun (sheriff's man),Johnny-Boy,258,Undirected,1
10,139,God,Johnny-Boy,258,Undirected,1
163,10,first white man with shotgun (sheriff's man),God,258,Undirected,1
164,167,Tim (sheriff's man),Pete (sheriff's man),258,Undirected,1
162,167,sheriff's men,Pete (sheriff's man),258,Undirected,1
139,141,Johnny-Boy,"""white and black Communists"" (223)",258,Undirected,1
139,144,Johnny-Boy,Sue,258,Undirected,1
167,142,Pete (sheriff's man),Sheriff Bradley,258,Undirected,1
167,139,Pete (sheriff's man),Johnny-Boy,258,Undirected,1
165,142,tall man with crowbar (sheriff's man),Sheriff Bradley,258,Undirected,1
165,139,tall man with crowbar (sheriff's man),Johnny-Boy,258,Undirected,1
163,142,first white man with shotgun (sheriff's man),Sheriff Bradley,258,Undirected,1
162,164,sheriff's men,Tim (sheriff's man),258,Undirected,1
263,139,Jim (sheriff's man),Johnny-Boy,259,Undirected,1
162,142,sheriff's men,Sheriff Bradley,259,Undirected,1
164,139,Tim (sheriff's man),Johnny-Boy,259,Undirected,1
10,142,God,Sheriff Bradley,259,Undirected,1
263,142,Jim (sheriff's man),Sheriff Bradley,259,Undirected,1
139,152,Johnny-Boy,Booker,259,Undirected,1
141,152,"""white and black Communists"" (223)",Booker,259,Undirected,1
162,144,sheriff's men,Sue,259,Undirected,1
164,10,Tim (sheriff's man),God,259,Undirected,1
162,263,sheriff's men,Jim (sheriff's man),259,Undirected,1
164,144,Tim (sheriff's man),Sue,259,Undirected,1
10,141,God,"""white and black Communists"" (223)",259,Undirected,1
164,263,Tim (sheriff's man),Jim (sheriff's man),259,Undirected,1
164,141,Tim (sheriff's man),"""white and black Communists"" (223)",259,Undirected,1
164,142,Tim (sheriff's man),Sheriff Bradley,259,Undirected,1
162,10,sheriff's men,God,259,Undirected,1
10,139,God,Johnny-Boy,259,Undirected,1
162,141,sheriff's men,"""white and black Communists"" (223)",259,Undirected,1
142,152,Sheriff Bradley,Booker,259,Undirected,1
263,10,Jim (sheriff's man),God,259,Undirected,1
10,144,God,Sue,259,Undirected,1
139,142,Johnny-Boy,Sheriff Bradley,259,Undirected,1
263,144,Jim (sheriff's man),Sue,259,Undirected,1
263,141,Jim (sheriff's man),"""white and black Communists"" (223)",259,Undirected,1
141,142,"""white and black Communists"" (223)",Sheriff Bradley,259,Undirected,1
142,144,Sheriff Bradley,Sue,259,Undirected,1
162,152,sheriff's men,Booker,259,Undirected,1
162,139,sheriff's men,Johnny-Boy,259,Undirected,1
10,152,God,Booker,259,Undirected,1
162,164,sheriff's men,Tim (sheriff's man),259,Undirected,1
139,141,Johnny-Boy,"""white and black Communists"" (223)",259,Undirected,1
139,144,Johnny-Boy,Sue,259,Undirected,1
141,144,"""white and black Communists"" (223)",Sue,259,Undirected,1
263,152,Jim (sheriff's man),Booker,259,Undirected,1
144,152,Sue,Booker,259,Undirected,1
164,152,Tim (sheriff's man),Booker,259,Undirected,1
10,144,God,Sue,260,Undirected,1
162,141,sheriff's men,"""white and black Communists"" (223)",260,Undirected,1
164,10,Tim (sheriff's man),God,260,Undirected,1
139,152,Johnny-Boy,Booker,260,Undirected,1
263,142,Jim (sheriff's man),Sheriff Bradley,260,Undirected,1
163,165,first white man with shotgun (sheriff's man),tall man with crowbar (sheriff's man),260,Undirected,1
162,166,sheriff's men,"""Jew boy""",260,Undirected,1
165,263,tall man with crowbar (sheriff's man),Jim (sheriff's man),260,Undirected,1
166,152,"""Jew boy""",Booker,260,Undirected,1
162,139,sheriff's men,Johnny-Boy,260,Undirected,1
142,152,Sheriff Bradley,Booker,260,Undirected,1
141,144,"""white and black Communists"" (223)",Sue,260,Undirected,1
139,141,Johnny-Boy,"""white and black Communists"" (223)",260,Undirected,1
162,164,sheriff's men,Tim (sheriff's man),260,Undirected,1
164,152,Tim (sheriff's man),Booker,260,Undirected,1
163,167,first white man with shotgun (sheriff's man),Pete (sheriff's man),260,Undirected,1
165,144,tall man with crowbar (sheriff's man),Sue,260,Undirected,1
166,10,"""Jew boy""",God,260,Undirected,1
163,144,first white man with shotgun (sheriff's man),Sue,260,Undirected,1
163,142,first white man with shotgun (sheriff's man),Sheriff Bradley,260,Undirected,1
165,152,tall man with crowbar (sheriff's man),Booker,260,Undirected,1
164,263,Tim (sheriff's man),Jim (sheriff's man),260,Undirected,1
10,141,God,"""white and black Communists"" (223)",260,Undirected,1
162,10,sheriff's men,God,260,Undirected,1
141,152,"""white and black Communists"" (223)",Booker,260,Undirected,1
167,144,Pete (sheriff's man),Sue,260,Undirected,1
263,167,Jim (sheriff's man),Pete (sheriff's man),260,Undirected,1
263,144,Jim (sheriff's man),Sue,260,Undirected,1
165,141,tall man with crowbar (sheriff's man),"""white and black Communists"" (223)",260,Undirected,1
165,142,tall man with crowbar (sheriff's man),Sheriff Bradley,260,Undirected,1
164,142,Tim (sheriff's man),Sheriff Bradley,260,Undirected,1
10,139,God,Johnny-Boy,260,Undirected,1
165,166,tall man with crowbar (sheriff's man),"""Jew boy""",260,Undirected,1
167,142,Pete (sheriff's man),Sheriff Bradley,260,Undirected,1
162,152,sheriff's men,Booker,260,Undirected,1
165,139,tall man with crowbar (sheriff's man),Johnny-Boy,260,Undirected,1
163,263,first white man with shotgun (sheriff's man),Jim (sheriff's man),260,Undirected,1
166,141,"""Jew boy""","""white and black Communists"" (223)",260,Undirected,1
10,142,God,Sheriff Bradley,260,Undirected,1
165,167,tall man with crowbar (sheriff's man),Pete (sheriff's man),260,Undirected,1
164,144,Tim (sheriff's man),Sue,260,Undirected,1
162,263,sheriff's men,Jim (sheriff's man),260,Undirected,1
166,142,"""Jew boy""",Sheriff Bradley,260,Undirected,1
263,139,Jim (sheriff's man),Johnny-Boy,260,Undirected,1
162,163,sheriff's men,first white man with shotgun (sheriff's man),260,Undirected,1
167,141,Pete (sheriff's man),"""white and black Communists"" (223)",260,Undirected,1
166,167,"""Jew boy""",Pete (sheriff's man),260,Undirected,1
163,141,first white man with shotgun (sheriff's man),"""white and black Communists"" (223)",260,Undirected,1
165,10,tall man with crowbar (sheriff's man),God,260,Undirected,1
144,152,Sue,Booker,260,Undirected,1
164,167,Tim (sheriff's man),Pete (sheriff's man),260,Undirected,1
167,139,Pete (sheriff's man),Johnny-Boy,260,Undirected,1
163,139,first white man with shotgun (sheriff's man),Johnny-Boy,260,Undirected,1
142,144,Sheriff Bradley,Sue,260,Undirected,1
166,263,"""Jew boy""",Jim (sheriff's man),260,Undirected,1
164,165,Tim (sheriff's man),tall man with crowbar (sheriff's man),260,Undirected,1
141,142,"""white and black Communists"" (223)",Sheriff Bradley,260,Undirected,1
167,152,Pete (sheriff's man),Booker,260,Undirected,1
162,165,sheriff's men,tall man with crowbar (sheriff's man),260,Undirected,1
163,164,first white man with shotgun (sheriff's man),Tim (sheriff's man),260,Undirected,1
263,141,Jim (sheriff's man),"""white and black Communists"" (223)",260,Undirected,1
139,142,Johnny-Boy,Sheriff Bradley,260,Undirected,1
163,152,first white man with shotgun (sheriff's man),Booker,260,Undirected,1
164,141,Tim (sheriff's man),"""white and black Communists"" (223)",260,Undirected,1
162,144,sheriff's men,Sue,260,Undirected,1
166,139,"""Jew boy""",Johnny-Boy,260,Undirected,1
164,166,Tim (sheriff's man),"""Jew boy""",260,Undirected,1
164,139,Tim (sheriff's man),Johnny-Boy,260,Undirected,1
162,142,sheriff's men,Sheriff Bradley,260,Undirected,1
263,10,Jim (sheriff's man),God,260,Undirected,1
167,10,Pete (sheriff's man),God,260,Undirected,1
263,152,Jim (sheriff's man),Booker,260,Undirected,1
163,10,first white man with shotgun (sheriff's man),God,260,Undirected,1
139,144,Johnny-Boy,Sue,260,Undirected,1
163,166,first white man with shotgun (sheriff's man),"""Jew boy""",260,Undirected,1
162,167,sheriff's men,Pete (sheriff's man),260,Undirected,1
10,152,God,Booker,260,Undirected,1
166,144,"""Jew boy""",Sue,260,Undirected,1
264,152,"""the ol n*****""",Booker,261,Undirected,1
139,152,Johnny-Boy,Booker,261,Undirected,1
263,142,Jim (sheriff's man),Sheriff Bradley,261,Undirected,1
163,165,first white man with shotgun (sheriff's man),tall man with crowbar (sheriff's man),261,Undirected,1
139,125,Johnny-Boy,"""white folks"" (abstract)",261,Undirected,1
165,152,tall man with crowbar (sheriff's man),Booker,261,Undirected,1
165,144,tall man with crowbar (sheriff's man),Sue,261,Undirected,1
141,144,"""white and black Communists"" (223)",Sue,261,Undirected,1
162,139,sheriff's men,Johnny-Boy,261,Undirected,1
142,152,Sheriff Bradley,Booker,261,Undirected,1
164,125,Tim (sheriff's man),"""white folks"" (abstract)",261,Undirected,1
139,141,Johnny-Boy,"""white and black Communists"" (223)",261,Undirected,1
162,164,sheriff's men,Tim (sheriff's man),261,Undirected,1
164,152,Tim (sheriff's man),Booker,261,Undirected,1
165,142,tall man with crowbar (sheriff's man),Sheriff Bradley,261,Undirected,1
162,141,sheriff's men,"""white and black Communists"" (223)",261,Undirected,1
164,264,Tim (sheriff's man),"""the ol n*****""",261,Undirected,1
163,167,first white man with shotgun (sheriff's man),Pete (sheriff's man),261,Undirected,1
163,263,first white man with shotgun (sheriff's man),Jim (sheriff's man),261,Undirected,1
162,125,sheriff's men,"""white folks"" (abstract)",261,Undirected,1
141,142,"""white and black Communists"" (223)",Sheriff Bradley,261,Undirected,1
164,263,Tim (sheriff's man),Jim (sheriff's man),261,Undirected,1
165,125,tall man with crowbar (sheriff's man),"""white folks"" (abstract)",261,Undirected,1
141,152,"""white and black Communists"" (223)",Booker,261,Undirected,1
152,125,Booker,"""white folks"" (abstract)",261,Undirected,1
141,125,"""white and black Communists"" (223)","""white folks"" (abstract)",261,Undirected,1
167,144,Pete (sheriff's man),Sue,261,Undirected,1
263,144,Jim (sheriff's man),Sue,261,Undirected,1
263,167,Jim (sheriff's man),Pete (sheriff's man),261,Undirected,1
164,142,Tim (sheriff's man),Sheriff Bradley,261,Undirected,1
163,144,first white man with shotgun (sheriff's man),Sue,261,Undirected,1
162,264,sheriff's men,"""the ol n*****""",261,Undirected,1
167,142,Pete (sheriff's man),Sheriff Bradley,261,Undirected,1
162,152,sheriff's men,Booker,261,Undirected,1
165,139,tall man with crowbar (sheriff's man),Johnny-Boy,261,Undirected,1
163,142,first white man with shotgun (sheriff's man),Sheriff Bradley,261,Undirected,1
165,141,tall man with crowbar (sheriff's man),"""white and black Communists"" (223)",261,Undirected,1
165,167,tall man with crowbar (sheriff's man),Pete (sheriff's man),261,Undirected,1
165,263,tall man with crowbar (sheriff's man),Jim (sheriff's man),261,Undirected,1
164,141,Tim (sheriff's man),"""white and black Communists"" (223)",261,Undirected,1
263,139,Jim (sheriff's man),Johnny-Boy,261,Undirected,1
162,163,sheriff's men,first white man with shotgun (sheriff's man),261,Undirected,1
167,141,Pete (sheriff's man),"""white and black Communists"" (223)",261,Undirected,1
163,141,first white man with shotgun (sheriff's man),"""white and black Communists"" (223)",261,Undirected,1
144,152,Sue,Booker,261,Undirected,1
264,144,"""the ol n*****""",Sue,261,Undirected,1
164,167,Tim (sheriff's man),Pete (sheriff's man),261,Undirected,1
163,125,first white man with shotgun (sheriff's man),"""white folks"" (abstract)",261,Undirected,1
144,125,Sue,"""white folks"" (abstract)",261,Undirected,1
263,125,Jim (sheriff's man),"""white folks"" (abstract)",261,Undirected,1
165,264,tall man with crowbar (sheriff's man),"""the ol n*****""",261,Undirected,1
163,139,first white man with shotgun (sheriff's man),Johnny-Boy,261,Undirected,1
264,142,"""the ol n*****""",Sheriff Bradley,261,Undirected,1
164,165,Tim (sheriff's man),tall man with crowbar (sheriff's man),261,Undirected,1
163,164,first white man with shotgun (sheriff's man),Tim (sheriff's man),261,Undirected,1
163,152,first white man with shotgun (sheriff's man),Booker,261,Undirected,1
167,139,Pete (sheriff's man),Johnny-Boy,261,Undirected,1
162,263,sheriff's men,Jim (sheriff's man),261,Undirected,1
142,144,Sheriff Bradley,Sue,261,Undirected,1
164,144,Tim (sheriff's man),Sue,261,Undirected,1
167,125,Pete (sheriff's man),"""white folks"" (abstract)",261,Undirected,1
162,144,sheriff's men,Sue,261,Undirected,1
263,264,Jim (sheriff's man),"""the ol n*****""",261,Undirected,1
164,139,Tim (sheriff's man),Johnny-Boy,261,Undirected,1
162,142,sheriff's men,Sheriff Bradley,261,Undirected,1
263,152,Jim (sheriff's man),Booker,261,Undirected,1
264,141,"""the ol n*****""","""white and black Communists"" (223)",261,Undirected,1
139,144,Johnny-Boy,Sue,261,Undirected,1
264,125,"""the ol n*****""","""white folks"" (abstract)",261,Undirected,1
142,125,Sheriff Bradley,"""white folks"" (abstract)",261,Undirected,1
167,264,Pete (sheriff's man),"""the ol n*****""",261,Undirected,1
163,264,first white man with shotgun (sheriff's man),"""the ol n*****""",261,Undirected,1
263,141,Jim (sheriff's man),"""white and black Communists"" (223)",261,Undirected,1
264,139,"""the ol n*****""",Johnny-Boy,261,Undirected,1
139,142,Johnny-Boy,Sheriff Bradley,261,Undirected,1
162,167,sheriff's men,Pete (sheriff's man),261,Undirected,1
162,165,sheriff's men,tall man with crowbar (sheriff's man),261,Undirected,1
167,152,Pete (sheriff's man),Booker,261,Undirected,1
141,55,"""white and black Communists"" (223)",Jesus Christ,262,Undirected,1
167,141,Pete (sheriff's man),"""white and black Communists"" (223)",262,Undirected,1
263,167,Jim (sheriff's man),Pete (sheriff's man),262,Undirected,1
165,263,tall man with crowbar (sheriff's man),Jim (sheriff's man),262,Undirected,1
165,144,tall man with crowbar (sheriff's man),Sue,262,Undirected,1
162,142,sheriff's men,Sheriff Bradley,262,Undirected,1
164,139,Tim (sheriff's man),Johnny-Boy,262,Undirected,1
163,144,first white man with shotgun (sheriff's man),Sue,262,Undirected,1
164,142,Tim (sheriff's man),Sheriff Bradley,262,Undirected,1
162,139,sheriff's men,Johnny-Boy,262,Undirected,1
167,144,Pete (sheriff's man),Sue,262,Undirected,1
163,141,first white man with shotgun (sheriff's man),"""white and black Communists"" (223)",262,Undirected,1
165,141,tall man with crowbar (sheriff's man),"""white and black Communists"" (223)",262,Undirected,1
163,165,first white man with shotgun (sheriff's man),tall man with crowbar (sheriff's man),262,Undirected,1
55,152,Jesus Christ,Booker,262,Undirected,1
163,55,first white man with shotgun (sheriff's man),Jesus Christ,262,Undirected,1
139,55,Johnny-Boy,Jesus Christ,262,Undirected,1
163,152,first white man with shotgun (sheriff's man),Booker,262,Undirected,1
164,144,Tim (sheriff's man),Sue,262,Undirected,1
164,141,Tim (sheriff's man),"""white and black Communists"" (223)",262,Undirected,1
162,144,sheriff's men,Sue,262,Undirected,1
164,263,Tim (sheriff's man),Jim (sheriff's man),262,Undirected,1
162,163,sheriff's men,first white man with shotgun (sheriff's man),262,Undirected,1
162,141,sheriff's men,"""white and black Communists"" (223)",262,Undirected,1
167,55,Pete (sheriff's man),Jesus Christ,262,Undirected,1
141,152,"""white and black Communists"" (223)",Booker,262,Undirected,1
263,139,Jim (sheriff's man),Johnny-Boy,262,Undirected,1
165,55,tall man with crowbar (sheriff's man),Jesus Christ,262,Undirected,1
139,152,Johnny-Boy,Booker,262,Undirected,1
263,142,Jim (sheriff's man),Sheriff Bradley,262,Undirected,1
162,263,sheriff's men,Jim (sheriff's man),262,Undirected,1
142,152,Sheriff Bradley,Booker,262,Undirected,1
163,263,first white man with shotgun (sheriff's man),Jim (sheriff's man),262,Undirected,1
263,152,Jim (sheriff's man),Booker,262,Undirected,1
144,152,Sue,Booker,262,Undirected,1
163,164,first white man with shotgun (sheriff's man),Tim (sheriff's man),262,Undirected,1
167,152,Pete (sheriff's man),Booker,262,Undirected,1
162,165,sheriff's men,tall man with crowbar (sheriff's man),262,Undirected,1
139,142,Johnny-Boy,Sheriff Bradley,262,Undirected,1
162,55,sheriff's men,Jesus Christ,262,Undirected,1
164,165,Tim (sheriff's man),tall man with crowbar (sheriff's man),262,Undirected,1
165,167,tall man with crowbar (sheriff's man),Pete (sheriff's man),262,Undirected,1
263,144,Jim (sheriff's man),Sue,262,Undirected,1
263,141,Jim (sheriff's man),"""white and black Communists"" (223)",262,Undirected,1
164,55,Tim (sheriff's man),Jesus Christ,262,Undirected,1
141,142,"""white and black Communists"" (223)",Sheriff Bradley,262,Undirected,1
142,144,Sheriff Bradley,Sue,262,Undirected,1
163,139,first white man with shotgun (sheriff's man),Johnny-Boy,262,Undirected,1
142,55,Sheriff Bradley,Jesus Christ,262,Undirected,1
163,167,first white man with shotgun (sheriff's man),Pete (sheriff's man),262,Undirected,1
165,139,tall man with crowbar (sheriff's man),Johnny-Boy,262,Undirected,1
163,142,first white man with shotgun (sheriff's man),Sheriff Bradley,262,Undirected,1
164,167,Tim (sheriff's man),Pete (sheriff's man),262,Undirected,1
141,144,"""white and black Communists"" (223)",Sue,262,Undirected,1
162,167,sheriff's men,Pete (sheriff's man),262,Undirected,1
139,141,Johnny-Boy,"""white and black Communists"" (223)",262,Undirected,1
162,164,sheriff's men,Tim (sheriff's man),262,Undirected,1
167,142,Pete (sheriff's man),Sheriff Bradley,262,Undirected,1
139,144,Johnny-Boy,Sue,262,Undirected,1
167,139,Pete (sheriff's man),Johnny-Boy,262,Undirected,1
144,55,Sue,Jesus Christ,262,Undirected,1
165,142,tall man with crowbar (sheriff's man),Sheriff Bradley,262,Undirected,1
263,55,Jim (sheriff's man),Jesus Christ,262,Undirected,1
162,152,sheriff's men,Booker,262,Undirected,1
164,152,Tim (sheriff's man),Booker,262,Undirected,1
165,152,tall man with crowbar (sheriff's man),Booker,262,Undirected,1
263,167,Jim (sheriff's man),Pete (sheriff's man),263,Undirected,1
165,263,tall man with crowbar (sheriff's man),Jim (sheriff's man),263,Undirected,1
165,144,tall man with crowbar (sheriff's man),Sue,263,Undirected,1
165,141,tall man with crowbar (sheriff's man),"""white and black Communists"" (223)",263,Undirected,1
164,139,Tim (sheriff's man),Johnny-Boy,263,Undirected,1
162,142,sheriff's men,Sheriff Bradley,263,Undirected,1
163,144,first white man with shotgun (sheriff's man),Sue,263,Undirected,1
164,142,Tim (sheriff's man),Sheriff Bradley,263,Undirected,1
162,139,sheriff's men,Johnny-Boy,263,Undirected,1
163,141,first white man with shotgun (sheriff's man),"""white and black Communists"" (223)",263,Undirected,1
163,263,first white man with shotgun (sheriff's man),Jim (sheriff's man),263,Undirected,1
167,141,Pete (sheriff's man),"""white and black Communists"" (223)",263,Undirected,1
141,152,"""white and black Communists"" (223)",Booker,263,Undirected,1
163,165,first white man with shotgun (sheriff's man),tall man with crowbar (sheriff's man),263,Undirected,1
162,163,sheriff's men,first white man with shotgun (sheriff's man),263,Undirected,1
263,142,Jim (sheriff's man),Sheriff Bradley,263,Undirected,1
139,152,Johnny-Boy,Booker,263,Undirected,1
263,139,Jim (sheriff's man),Johnny-Boy,263,Undirected,1
162,263,sheriff's men,Jim (sheriff's man),263,Undirected,1
162,141,sheriff's men,"""white and black Communists"" (223)",263,Undirected,1
164,263,Tim (sheriff's man),Jim (sheriff's man),263,Undirected,1
162,144,sheriff's men,Sue,263,Undirected,1
164,141,Tim (sheriff's man),"""white and black Communists"" (223)",263,Undirected,1
142,152,Sheriff Bradley,Booker,263,Undirected,1
167,144,Pete (sheriff's man),Sue,263,Undirected,1
144,152,Sue,Booker,263,Undirected,1
142,144,Sheriff Bradley,Sue,263,Undirected,1
141,144,"""white and black Communists"" (223)",Sue,263,Undirected,1
164,144,Tim (sheriff's man),Sue,263,Undirected,1
163,164,first white man with shotgun (sheriff's man),Tim (sheriff's man),263,Undirected,1
167,152,Pete (sheriff's man),Booker,263,Undirected,1
163,167,first white man with shotgun (sheriff's man),Pete (sheriff's man),263,Undirected,1
162,165,sheriff's men,tall man with crowbar (sheriff's man),263,Undirected,1
139,142,Johnny-Boy,Sheriff Bradley,263,Undirected,1
165,167,tall man with crowbar (sheriff's man),Pete (sheriff's man),263,Undirected,1
164,165,Tim (sheriff's man),tall man with crowbar (sheriff's man),263,Undirected,1
263,144,Jim (sheriff's man),Sue,263,Undirected,1
263,141,Jim (sheriff's man),"""white and black Communists"" (223)",263,Undirected,1
141,142,"""white and black Communists"" (223)",Sheriff Bradley,263,Undirected,1
163,139,first white man with shotgun (sheriff's man),Johnny-Boy,263,Undirected,1
163,142,first white man with shotgun (sheriff's man),Sheriff Bradley,263,Undirected,1
165,139,tall man with crowbar (sheriff's man),Johnny-Boy,263,Undirected,1
165,152,tall man with crowbar (sheriff's man),Booker,263,Undirected,1
162,152,sheriff's men,Booker,263,Undirected,1
165,142,tall man with crowbar (sheriff's man),Sheriff Bradley,263,Undirected,1
167,139,Pete (sheriff's man),Johnny-Boy,263,Undirected,1
164,152,Tim (sheriff's man),Booker,263,Undirected,1
167,142,Pete (sheriff's man),Sheriff Bradley,263,Undirected,1
162,164,sheriff's men,Tim (sheriff's man),263,Undirected,1
139,141,Johnny-Boy,"""white and black Communists"" (223)",263,Undirected,1
162,167,sheriff's men,Pete (sheriff's man),263,Undirected,1
139,144,Johnny-Boy,Sue,263,Undirected,1
164,167,Tim (sheriff's man),Pete (sheriff's man),263,Undirected,1
263,152,Jim (sheriff's man),Booker,263,Undirected,1
163,152,first white man with shotgun (sheriff's man),Booker,263,Undirected,1
