source,target,Char 1 Name,Char 2 Name,startPage,type,weight
4,9,Mr. Bingley,Mrs. Bennet,131,Undirected,1
3,13,Miss Bingley,Lydia Bennet,131,Undirected,1
5,10,Mr. Darcy,Jane Bennet,131,Undirected,1
8,9,Mr. Bennet,Mrs. Bennet,131,Undirected,1
11,14,Elizabeth Bennet,Kitty Bennet,131,Undirected,1
6,11,Mrs. Hurst,Elizabeth Bennet,131,Undirected,1
7,10,Mr. Hurst,Jane Bennet,131,Undirected,1
3,6,Miss Bingley,Mrs. Hurst,131,Undirected,1
3,15,Miss Bingley,Miss Darcy,131,Undirected,1
5,12,Mr. Darcy,Mary Bennet,131,Undirected,1
8,11,Mr. Bennet,Elizabeth Bennet,131,Undirected,1
14,15,Kitty Bennet,Miss Darcy,131,Undirected,1
9,10,Mrs. Bennet,Jane Bennet,131,Undirected,1
6,13,Mrs. Hurst,Lydia Bennet,131,Undirected,1
7,12,Mr. Hurst,Mary Bennet,131,Undirected,1
3,8,Miss Bingley,Mr. Bennet,131,Undirected,1
5,14,Mr. Darcy,Kitty Bennet,131,Undirected,1
9,12,Mrs. Bennet,Mary Bennet,131,Undirected,1
7,14,Mr. Hurst,Kitty Bennet,131,Undirected,1
12,13,Mary Bennet,Lydia Bennet,131,Undirected,1
3,10,Miss Bingley,Jane Bennet,131,Undirected,1
5,7,Mr. Darcy,Mr. Hurst,131,Undirected,1
9,14,Mrs. Bennet,Kitty Bennet,131,Undirected,1
10,15,Jane Bennet,Miss Darcy,131,Undirected,1
13,14,Lydia Bennet,Kitty Bennet,131,Undirected,1
12,15,Mary Bennet,Miss Darcy,131,Undirected,1
3,12,Miss Bingley,Mary Bennet,131,Undirected,1
5,9,Mr. Darcy,Mrs. Bennet,131,Undirected,1
4,11,Mr. Bingley,Elizabeth Bennet,131,Undirected,1
7,9,Mr. Hurst,Mrs. Bennet,131,Undirected,1
3,5,Miss Bingley,Mr. Darcy,131,Undirected,1
3,14,Miss Bingley,Kitty Bennet,131,Undirected,1
5,11,Mr. Darcy,Elizabeth Bennet,131,Undirected,1
4,13,Mr. Bingley,Lydia Bennet,131,Undirected,1
8,13,Mr. Bennet,Lydia Bennet,131,Undirected,1
7,11,Mr. Hurst,Elizabeth Bennet,131,Undirected,1
6,15,Mrs. Hurst,Miss Darcy,131,Undirected,1
3,7,Miss Bingley,Mr. Hurst,131,Undirected,1
4,6,Mr. Bingley,Mrs. Hurst,131,Undirected,1
5,13,Mr. Darcy,Lydia Bennet,131,Undirected,1
4,15,Mr. Bingley,Miss Darcy,131,Undirected,1
8,15,Mr. Bennet,Miss Darcy,131,Undirected,1
10,12,Jane Bennet,Mary Bennet,131,Undirected,1
6,8,Mrs. Hurst,Mr. Bennet,131,Undirected,1
3,9,Miss Bingley,Mrs. Bennet,131,Undirected,1
5,6,Mr. Darcy,Mrs. Hurst,131,Undirected,1
4,8,Mr. Bingley,Mr. Bennet,131,Undirected,1
10,14,Jane Bennet,Kitty Bennet,131,Undirected,1
11,13,Elizabeth Bennet,Lydia Bennet,131,Undirected,1
6,10,Mrs. Hurst,Jane Bennet,131,Undirected,1
12,14,Mary Bennet,Kitty Bennet,131,Undirected,1
3,11,Miss Bingley,Elizabeth Bennet,131,Undirected,1
4,10,Mr. Bingley,Jane Bennet,131,Undirected,1
8,10,Mr. Bennet,Jane Bennet,131,Undirected,1
11,15,Elizabeth Bennet,Miss Darcy,131,Undirected,1
6,12,Mrs. Hurst,Mary Bennet,131,Undirected,1
3,4,Miss Bingley,Mr. Bingley,131,Undirected,1
4,12,Mr. Bingley,Mary Bennet,131,Undirected,1
8,12,Mr. Bennet,Mary Bennet,131,Undirected,1
9,11,Mrs. Bennet,Elizabeth Bennet,131,Undirected,1
6,14,Mrs. Hurst,Kitty Bennet,131,Undirected,1
7,13,Mr. Hurst,Lydia Bennet,131,Undirected,1
4,5,Mr. Bingley,Mr. Darcy,131,Undirected,1
4,14,Mr. Bingley,Kitty Bennet,131,Undirected,1
5,15,Mr. Darcy,Miss Darcy,131,Undirected,1
8,14,Mr. Bennet,Kitty Bennet,131,Undirected,1
10,11,Jane Bennet,Elizabeth Bennet,131,Undirected,1
9,13,Mrs. Bennet,Lydia Bennet,131,Undirected,1
6,7,Mrs. Hurst,Mr. Hurst,131,Undirected,1
7,15,Mr. Hurst,Miss Darcy,131,Undirected,1
4,7,Mr. Bingley,Mr. Hurst,131,Undirected,1
5,8,Mr. Darcy,Mr. Bennet,131,Undirected,1
10,13,Jane Bennet,Lydia Bennet,131,Undirected,1
9,15,Mrs. Bennet,Miss Darcy,131,Undirected,1
11,12,Elizabeth Bennet,Mary Bennet,131,Undirected,1
13,15,Lydia Bennet,Miss Darcy,131,Undirected,1
6,9,Mrs. Hurst,Mrs. Bennet,131,Undirected,1
7,8,Mr. Hurst,Mr. Bennet,131,Undirected,1
3,4,Miss Bingley,Mr. Bingley,132,Undirected,1
4,9,Mr. Bingley,Mrs. Bennet,132,Undirected,1
3,7,Miss Bingley,Mr. Hurst,132,Undirected,1
4,6,Mr. Bingley,Mrs. Hurst,132,Undirected,1
3,10,Miss Bingley,Jane Bennet,132,Undirected,1
5,7,Mr. Darcy,Mr. Hurst,132,Undirected,1
5,10,Mr. Darcy,Jane Bennet,132,Undirected,1
9,11,Mrs. Bennet,Elizabeth Bennet,132,Undirected,1
6,11,Mrs. Hurst,Elizabeth Bennet,132,Undirected,1
7,10,Mr. Hurst,Jane Bennet,132,Undirected,1
4,5,Mr. Bingley,Mr. Darcy,132,Undirected,1
3,9,Miss Bingley,Mrs. Bennet,132,Undirected,1
5,6,Mr. Darcy,Mrs. Hurst,132,Undirected,1
3,6,Miss Bingley,Mrs. Hurst,132,Undirected,1
5,9,Mr. Darcy,Mrs. Bennet,132,Undirected,1
4,11,Mr. Bingley,Elizabeth Bennet,132,Undirected,1
9,10,Mrs. Bennet,Jane Bennet,132,Undirected,1
10,11,Jane Bennet,Elizabeth Bennet,132,Undirected,1
7,9,Mr. Hurst,Mrs. Bennet,132,Undirected,1
6,7,Mrs. Hurst,Mr. Hurst,132,Undirected,1
6,10,Mrs. Hurst,Jane Bennet,132,Undirected,1
4,7,Mr. Bingley,Mr. Hurst,132,Undirected,1
3,5,Miss Bingley,Mr. Darcy,132,Undirected,1
3,11,Miss Bingley,Elizabeth Bennet,132,Undirected,1
4,10,Mr. Bingley,Jane Bennet,132,Undirected,1
5,11,Mr. Darcy,Elizabeth Bennet,132,Undirected,1
7,11,Mr. Hurst,Elizabeth Bennet,132,Undirected,1
6,9,Mrs. Hurst,Mrs. Bennet,132,Undirected,1
16,20,Charlotte Lucas,Maria Lucas,133,Undirected,1
18,20,Lady Lucas,Maria Lucas,133,Undirected,1
21,22,Young Lucas,Lucas brothers,133,Undirected,1
4,21,Mr. Bingley,Young Lucas,133,Undirected,1
4,18,Mr. Bingley,Lady Lucas,133,Undirected,1
17,21,Mr. Collins,Young Lucas,133,Undirected,1
17,18,Mr. Collins,Lady Lucas,133,Undirected,1
19,21,Sir William Lucas,Young Lucas,133,Undirected,1
10,18,Jane Bennet,Lady Lucas,133,Undirected,1
11,17,Elizabeth Bennet,Mr. Collins,133,Undirected,1
10,21,Jane Bennet,Young Lucas,133,Undirected,1
11,20,Elizabeth Bennet,Maria Lucas,133,Undirected,1
16,19,Charlotte Lucas,Sir William Lucas,133,Undirected,1
16,22,Charlotte Lucas,Lucas brothers,133,Undirected,1
18,19,Lady Lucas,Sir William Lucas,133,Undirected,1
18,22,Lady Lucas,Lucas brothers,133,Undirected,1
20,22,Maria Lucas,Lucas brothers,133,Undirected,1
4,11,Mr. Bingley,Elizabeth Bennet,133,Undirected,1
4,17,Mr. Bingley,Mr. Collins,133,Undirected,1
4,20,Mr. Bingley,Maria Lucas,133,Undirected,1
10,11,Jane Bennet,Elizabeth Bennet,133,Undirected,1
17,20,Mr. Collins,Maria Lucas,133,Undirected,1
11,16,Elizabeth Bennet,Charlotte Lucas,133,Undirected,1
11,19,Elizabeth Bennet,Sir William Lucas,133,Undirected,1
10,17,Jane Bennet,Mr. Collins,133,Undirected,1
19,20,Sir William Lucas,Maria Lucas,133,Undirected,1
11,22,Elizabeth Bennet,Lucas brothers,133,Undirected,1
10,20,Jane Bennet,Maria Lucas,133,Undirected,1
16,21,Charlotte Lucas,Young Lucas,133,Undirected,1
16,18,Charlotte Lucas,Lady Lucas,133,Undirected,1
18,21,Lady Lucas,Young Lucas,133,Undirected,1
20,21,Maria Lucas,Young Lucas,133,Undirected,1
4,10,Mr. Bingley,Jane Bennet,133,Undirected,1
4,16,Mr. Bingley,Charlotte Lucas,133,Undirected,1
4,19,Mr. Bingley,Sir William Lucas,133,Undirected,1
4,22,Mr. Bingley,Lucas brothers,133,Undirected,1
17,19,Mr. Collins,Sir William Lucas,133,Undirected,1
17,22,Mr. Collins,Lucas brothers,133,Undirected,1
10,16,Jane Bennet,Charlotte Lucas,133,Undirected,1
11,21,Elizabeth Bennet,Young Lucas,133,Undirected,1
10,19,Jane Bennet,Sir William Lucas,133,Undirected,1
19,22,Sir William Lucas,Lucas brothers,133,Undirected,1
11,18,Elizabeth Bennet,Lady Lucas,133,Undirected,1
10,22,Jane Bennet,Lucas brothers,133,Undirected,1
16,17,Charlotte Lucas,Mr. Collins,133,Undirected,1
6,15,Mrs. Hurst,Miss Darcy,134,Undirected,1
3,4,Miss Bingley,Mr. Bingley,134,Undirected,1
4,6,Mr. Bingley,Mrs. Hurst,134,Undirected,1
3,10,Miss Bingley,Jane Bennet,134,Undirected,1
4,15,Mr. Bingley,Miss Darcy,134,Undirected,1
5,10,Mr. Darcy,Jane Bennet,134,Undirected,1
10,15,Jane Bennet,Miss Darcy,134,Undirected,1
6,11,Mrs. Hurst,Elizabeth Bennet,134,Undirected,1
4,5,Mr. Bingley,Mr. Darcy,134,Undirected,1
5,6,Mr. Darcy,Mrs. Hurst,134,Undirected,1
3,6,Miss Bingley,Mrs. Hurst,134,Undirected,1
4,11,Mr. Bingley,Elizabeth Bennet,134,Undirected,1
3,15,Miss Bingley,Miss Darcy,134,Undirected,1
5,15,Mr. Darcy,Miss Darcy,134,Undirected,1
10,11,Jane Bennet,Elizabeth Bennet,134,Undirected,1
6,10,Mrs. Hurst,Jane Bennet,134,Undirected,1
3,5,Miss Bingley,Mr. Darcy,134,Undirected,1
3,11,Miss Bingley,Elizabeth Bennet,134,Undirected,1
4,10,Mr. Bingley,Jane Bennet,134,Undirected,1
5,11,Mr. Darcy,Elizabeth Bennet,134,Undirected,1
11,15,Elizabeth Bennet,Miss Darcy,134,Undirected,1
6,12,Mrs. Hurst,Mary Bennet,135,Undirected,1
3,4,Miss Bingley,Mr. Bingley,135,Undirected,1
4,9,Mr. Bingley,Mrs. Bennet,135,Undirected,1
4,6,Mr. Bingley,Mrs. Hurst,135,Undirected,1
4,12,Mr. Bingley,Mary Bennet,135,Undirected,1
3,10,Miss Bingley,Jane Bennet,135,Undirected,1
12,13,Mary Bennet,Lydia Bennet,135,Undirected,1
5,13,Mr. Darcy,Lydia Bennet,135,Undirected,1
3,13,Miss Bingley,Lydia Bennet,135,Undirected,1
5,10,Mr. Darcy,Jane Bennet,135,Undirected,1
8,9,Mr. Bennet,Mrs. Bennet,135,Undirected,1
9,14,Mrs. Bennet,Kitty Bennet,135,Undirected,1
8,12,Mr. Bennet,Mary Bennet,135,Undirected,1
9,11,Mrs. Bennet,Elizabeth Bennet,135,Undirected,1
11,14,Elizabeth Bennet,Kitty Bennet,135,Undirected,1
10,12,Jane Bennet,Mary Bennet,135,Undirected,1
11,23,Elizabeth Bennet,Mr. Wickham,135,Undirected,1
13,14,Lydia Bennet,Kitty Bennet,135,Undirected,1
9,23,Mrs. Bennet,Mr. Wickham,135,Undirected,1
13,23,Lydia Bennet,Mr. Wickham,135,Undirected,1
6,11,Mrs. Hurst,Elizabeth Bennet,135,Undirected,1
6,8,Mrs. Hurst,Mr. Bennet,135,Undirected,1
6,14,Mrs. Hurst,Kitty Bennet,135,Undirected,1
6,23,Mrs. Hurst,Mr. Wickham,135,Undirected,1
4,5,Mr. Bingley,Mr. Darcy,135,Undirected,1
3,9,Miss Bingley,Mrs. Bennet,135,Undirected,1
5,6,Mr. Darcy,Mrs. Hurst,135,Undirected,1
4,8,Mr. Bingley,Mr. Bennet,135,Undirected,1
3,6,Miss Bingley,Mrs. Hurst,135,Undirected,1
3,12,Miss Bingley,Mary Bennet,135,Undirected,1
4,14,Mr. Bingley,Kitty Bennet,135,Undirected,1
4,11,Mr. Bingley,Elizabeth Bennet,135,Undirected,1
5,9,Mr. Darcy,Mrs. Bennet,135,Undirected,1
5,12,Mr. Darcy,Mary Bennet,135,Undirected,1
8,11,Mr. Bennet,Elizabeth Bennet,135,Undirected,1
9,10,Mrs. Bennet,Jane Bennet,135,Undirected,1
8,14,Mr. Bennet,Kitty Bennet,135,Undirected,1
4,23,Mr. Bingley,Mr. Wickham,135,Undirected,1
9,13,Mrs. Bennet,Lydia Bennet,135,Undirected,1
10,11,Jane Bennet,Elizabeth Bennet,135,Undirected,1
8,23,Mr. Bennet,Mr. Wickham,135,Undirected,1
10,14,Jane Bennet,Kitty Bennet,135,Undirected,1
11,13,Elizabeth Bennet,Lydia Bennet,135,Undirected,1
10,23,Jane Bennet,Mr. Wickham,135,Undirected,1
6,13,Mrs. Hurst,Lydia Bennet,135,Undirected,1
6,10,Mrs. Hurst,Jane Bennet,135,Undirected,1
3,5,Miss Bingley,Mr. Darcy,135,Undirected,1
3,11,Miss Bingley,Elizabeth Bennet,135,Undirected,1
12,14,Mary Bennet,Kitty Bennet,135,Undirected,1
4,10,Mr. Bingley,Jane Bennet,135,Undirected,1
3,8,Miss Bingley,Mr. Bennet,135,Undirected,1
3,14,Miss Bingley,Kitty Bennet,135,Undirected,1
5,11,Mr. Darcy,Elizabeth Bennet,135,Undirected,1
4,13,Mr. Bingley,Lydia Bennet,135,Undirected,1
12,23,Mary Bennet,Mr. Wickham,135,Undirected,1
5,8,Mr. Darcy,Mr. Bennet,135,Undirected,1
3,23,Miss Bingley,Mr. Wickham,135,Undirected,1
5,14,Mr. Darcy,Kitty Bennet,135,Undirected,1
14,23,Kitty Bennet,Mr. Wickham,135,Undirected,1
9,12,Mrs. Bennet,Mary Bennet,135,Undirected,1
8,10,Mr. Bennet,Jane Bennet,135,Undirected,1
5,23,Mr. Darcy,Mr. Wickham,135,Undirected,1
10,13,Jane Bennet,Lydia Bennet,135,Undirected,1
8,13,Mr. Bennet,Lydia Bennet,135,Undirected,1
11,12,Elizabeth Bennet,Mary Bennet,135,Undirected,1
6,9,Mrs. Hurst,Mrs. Bennet,135,Undirected,1
12,13,Mary Bennet,Lydia Bennet,136,Undirected,1
5,13,Mr. Darcy,Lydia Bennet,136,Undirected,1
5,10,Mr. Darcy,Jane Bennet,136,Undirected,1
8,9,Mr. Bennet,Mrs. Bennet,136,Undirected,1
9,14,Mrs. Bennet,Kitty Bennet,136,Undirected,1
8,12,Mr. Bennet,Mary Bennet,136,Undirected,1
9,11,Mrs. Bennet,Elizabeth Bennet,136,Undirected,1
11,14,Elizabeth Bennet,Kitty Bennet,136,Undirected,1
10,12,Jane Bennet,Mary Bennet,136,Undirected,1
11,23,Elizabeth Bennet,Mr. Wickham,136,Undirected,1
13,14,Lydia Bennet,Kitty Bennet,136,Undirected,1
9,23,Mrs. Bennet,Mr. Wickham,136,Undirected,1
13,23,Lydia Bennet,Mr. Wickham,136,Undirected,1
5,9,Mr. Darcy,Mrs. Bennet,136,Undirected,1
5,12,Mr. Darcy,Mary Bennet,136,Undirected,1
8,11,Mr. Bennet,Elizabeth Bennet,136,Undirected,1
9,10,Mrs. Bennet,Jane Bennet,136,Undirected,1
8,14,Mr. Bennet,Kitty Bennet,136,Undirected,1
10,11,Jane Bennet,Elizabeth Bennet,136,Undirected,1
9,13,Mrs. Bennet,Lydia Bennet,136,Undirected,1
8,23,Mr. Bennet,Mr. Wickham,136,Undirected,1
10,14,Jane Bennet,Kitty Bennet,136,Undirected,1
11,13,Elizabeth Bennet,Lydia Bennet,136,Undirected,1
10,23,Jane Bennet,Mr. Wickham,136,Undirected,1
12,14,Mary Bennet,Kitty Bennet,136,Undirected,1
12,23,Mary Bennet,Mr. Wickham,136,Undirected,1
5,11,Mr. Darcy,Elizabeth Bennet,136,Undirected,1
5,8,Mr. Darcy,Mr. Bennet,136,Undirected,1
5,14,Mr. Darcy,Kitty Bennet,136,Undirected,1
14,23,Kitty Bennet,Mr. Wickham,136,Undirected,1
9,12,Mrs. Bennet,Mary Bennet,136,Undirected,1
8,10,Mr. Bennet,Jane Bennet,136,Undirected,1
5,23,Mr. Darcy,Mr. Wickham,136,Undirected,1
10,13,Jane Bennet,Lydia Bennet,136,Undirected,1
8,13,Mr. Bennet,Lydia Bennet,136,Undirected,1
11,12,Elizabeth Bennet,Mary Bennet,136,Undirected,1
16,26,Charlotte Lucas,Mrs. Philips,137,Undirected,1
12,16,Mary Bennet,Charlotte Lucas,137,Undirected,1
12,13,Mary Bennet,Lydia Bennet,137,Undirected,1
14,16,Kitty Bennet,Charlotte Lucas,137,Undirected,1
8,9,Mr. Bennet,Mrs. Bennet,137,Undirected,1
14,25,Kitty Bennet,Mrs. Gardiner,137,Undirected,1
12,25,Mary Bennet,Mrs. Gardiner,137,Undirected,1
9,14,Mrs. Bennet,Kitty Bennet,137,Undirected,1
8,12,Mr. Bennet,Mary Bennet,137,Undirected,1
9,11,Mrs. Bennet,Elizabeth Bennet,137,Undirected,1
9,17,Mrs. Bennet,Mr. Collins,137,Undirected,1
11,14,Elizabeth Bennet,Kitty Bennet,137,Undirected,1
10,12,Jane Bennet,Mary Bennet,137,Undirected,1
17,24,Mr. Collins,Mr. Gardiner,137,Undirected,1
25,26,Mrs. Gardiner,Mrs. Philips,137,Undirected,1
9,26,Mrs. Bennet,Mrs. Philips,137,Undirected,1
8,24,Mr. Bennet,Mr. Gardiner,137,Undirected,1
11,17,Elizabeth Bennet,Mr. Collins,137,Undirected,1
13,14,Lydia Bennet,Kitty Bennet,137,Undirected,1
11,26,Elizabeth Bennet,Mrs. Philips,137,Undirected,1
10,24,Jane Bennet,Mr. Gardiner,137,Undirected,1
13,17,Lydia Bennet,Mr. Collins,137,Undirected,1
13,26,Lydia Bennet,Mrs. Philips,137,Undirected,1
24,26,Mr. Gardiner,Mrs. Philips,137,Undirected,1
16,25,Charlotte Lucas,Mrs. Gardiner,137,Undirected,1
12,24,Mary Bennet,Mr. Gardiner,137,Undirected,1
8,11,Mr. Bennet,Elizabeth Bennet,137,Undirected,1
9,10,Mrs. Bennet,Jane Bennet,137,Undirected,1
9,16,Mrs. Bennet,Charlotte Lucas,137,Undirected,1
8,14,Mr. Bennet,Kitty Bennet,137,Undirected,1
10,11,Jane Bennet,Elizabeth Bennet,137,Undirected,1
9,13,Mrs. Bennet,Lydia Bennet,137,Undirected,1
14,24,Kitty Bennet,Mr. Gardiner,137,Undirected,1
8,17,Mr. Bennet,Mr. Collins,137,Undirected,1
10,14,Jane Bennet,Kitty Bennet,137,Undirected,1
11,16,Elizabeth Bennet,Charlotte Lucas,137,Undirected,1
11,13,Elizabeth Bennet,Lydia Bennet,137,Undirected,1
17,26,Mr. Collins,Mrs. Philips,137,Undirected,1
8,26,Mr. Bennet,Mrs. Philips,137,Undirected,1
10,17,Jane Bennet,Mr. Collins,137,Undirected,1
9,25,Mrs. Bennet,Mrs. Gardiner,137,Undirected,1
13,16,Lydia Bennet,Charlotte Lucas,137,Undirected,1
10,26,Jane Bennet,Mrs. Philips,137,Undirected,1
24,25,Mr. Gardiner,Mrs. Gardiner,137,Undirected,1
11,25,Elizabeth Bennet,Mrs. Gardiner,137,Undirected,1
13,25,Lydia Bennet,Mrs. Gardiner,137,Undirected,1
11,24,Elizabeth Bennet,Mr. Gardiner,137,Undirected,1
16,24,Charlotte Lucas,Mr. Gardiner,137,Undirected,1
12,14,Mary Bennet,Kitty Bennet,137,Undirected,1
12,17,Mary Bennet,Mr. Collins,137,Undirected,1
12,26,Mary Bennet,Mrs. Philips,137,Undirected,1
14,17,Kitty Bennet,Mr. Collins,137,Undirected,1
9,12,Mrs. Bennet,Mary Bennet,137,Undirected,1
8,10,Mr. Bennet,Jane Bennet,137,Undirected,1
8,16,Mr. Bennet,Charlotte Lucas,137,Undirected,1
10,13,Jane Bennet,Lydia Bennet,137,Undirected,1
14,26,Kitty Bennet,Mrs. Philips,137,Undirected,1
8,13,Mr. Bennet,Lydia Bennet,137,Undirected,1
11,12,Elizabeth Bennet,Mary Bennet,137,Undirected,1
10,16,Jane Bennet,Charlotte Lucas,137,Undirected,1
9,24,Mrs. Bennet,Mr. Gardiner,137,Undirected,1
17,25,Mr. Collins,Mrs. Gardiner,137,Undirected,1
10,25,Jane Bennet,Mrs. Gardiner,137,Undirected,1
8,25,Mr. Bennet,Mrs. Gardiner,137,Undirected,1
16,17,Charlotte Lucas,Mr. Collins,137,Undirected,1
13,24,Lydia Bennet,Mr. Gardiner,137,Undirected,1
4,9,Mr. Bingley,Mrs. Bennet,138,Undirected,1
21,22,Young Lucas,Lucas brothers,138,Undirected,1
21,25,Young Lucas,Mrs. Gardiner,138,Undirected,1
4,21,Mr. Bingley,Young Lucas,138,Undirected,1
4,18,Mr. Bingley,Lady Lucas,138,Undirected,1
17,21,Mr. Collins,Young Lucas,138,Undirected,1
9,11,Mrs. Bennet,Elizabeth Bennet,138,Undirected,1
9,17,Mrs. Bennet,Mr. Collins,138,Undirected,1
17,18,Mr. Collins,Lady Lucas,138,Undirected,1
19,21,Sir William Lucas,Young Lucas,138,Undirected,1
10,18,Jane Bennet,Lady Lucas,138,Undirected,1
11,17,Elizabeth Bennet,Mr. Collins,138,Undirected,1
10,21,Jane Bennet,Young Lucas,138,Undirected,1
16,19,Charlotte Lucas,Sir William Lucas,138,Undirected,1
16,22,Charlotte Lucas,Lucas brothers,138,Undirected,1
18,19,Lady Lucas,Sir William Lucas,138,Undirected,1
16,25,Charlotte Lucas,Mrs. Gardiner,138,Undirected,1
18,22,Lady Lucas,Lucas brothers,138,Undirected,1
18,25,Lady Lucas,Mrs. Gardiner,138,Undirected,1
4,11,Mr. Bingley,Elizabeth Bennet,138,Undirected,1
4,17,Mr. Bingley,Mr. Collins,138,Undirected,1
22,25,Lucas brothers,Mrs. Gardiner,138,Undirected,1
9,10,Mrs. Bennet,Jane Bennet,138,Undirected,1
9,16,Mrs. Bennet,Charlotte Lucas,138,Undirected,1
10,11,Jane Bennet,Elizabeth Bennet,138,Undirected,1
9,19,Mrs. Bennet,Sir William Lucas,138,Undirected,1
11,16,Elizabeth Bennet,Charlotte Lucas,138,Undirected,1
9,22,Mrs. Bennet,Lucas brothers,138,Undirected,1
11,19,Elizabeth Bennet,Sir William Lucas,138,Undirected,1
10,17,Jane Bennet,Mr. Collins,138,Undirected,1
9,25,Mrs. Bennet,Mrs. Gardiner,138,Undirected,1
11,22,Elizabeth Bennet,Lucas brothers,138,Undirected,1
11,25,Elizabeth Bennet,Mrs. Gardiner,138,Undirected,1
16,21,Charlotte Lucas,Young Lucas,138,Undirected,1
16,18,Charlotte Lucas,Lady Lucas,138,Undirected,1
18,21,Lady Lucas,Young Lucas,138,Undirected,1
4,10,Mr. Bingley,Jane Bennet,138,Undirected,1
4,16,Mr. Bingley,Charlotte Lucas,138,Undirected,1
4,19,Mr. Bingley,Sir William Lucas,138,Undirected,1
4,22,Mr. Bingley,Lucas brothers,138,Undirected,1
17,19,Mr. Collins,Sir William Lucas,138,Undirected,1
4,25,Mr. Bingley,Mrs. Gardiner,138,Undirected,1
9,21,Mrs. Bennet,Young Lucas,138,Undirected,1
17,22,Mr. Collins,Lucas brothers,138,Undirected,1
10,16,Jane Bennet,Charlotte Lucas,138,Undirected,1
9,18,Mrs. Bennet,Lady Lucas,138,Undirected,1
17,25,Mr. Collins,Mrs. Gardiner,138,Undirected,1
11,21,Elizabeth Bennet,Young Lucas,138,Undirected,1
10,19,Jane Bennet,Sir William Lucas,138,Undirected,1
10,25,Jane Bennet,Mrs. Gardiner,138,Undirected,1
11,18,Elizabeth Bennet,Lady Lucas,138,Undirected,1
19,22,Sir William Lucas,Lucas brothers,138,Undirected,1
10,22,Jane Bennet,Lucas brothers,138,Undirected,1
19,25,Sir William Lucas,Mrs. Gardiner,138,Undirected,1
16,17,Charlotte Lucas,Mr. Collins,138,Undirected,1
4,10,Mr. Bingley,Jane Bennet,139,Undirected,1
10,11,Jane Bennet,Elizabeth Bennet,139,Undirected,1
5,11,Mr. Darcy,Elizabeth Bennet,139,Undirected,1
3,4,Miss Bingley,Mr. Bingley,139,Undirected,1
3,10,Miss Bingley,Jane Bennet,139,Undirected,1
4,25,Mr. Bingley,Mrs. Gardiner,139,Undirected,1
4,5,Mr. Bingley,Mr. Darcy,139,Undirected,1
3,25,Miss Bingley,Mrs. Gardiner,139,Undirected,1
5,10,Mr. Darcy,Jane Bennet,139,Undirected,1
11,25,Elizabeth Bennet,Mrs. Gardiner,139,Undirected,1
10,25,Jane Bennet,Mrs. Gardiner,139,Undirected,1
5,25,Mr. Darcy,Mrs. Gardiner,139,Undirected,1
4,11,Mr. Bingley,Elizabeth Bennet,139,Undirected,1
3,5,Miss Bingley,Mr. Darcy,139,Undirected,1
3,11,Miss Bingley,Elizabeth Bennet,139,Undirected,1
16,29,Charlotte Lucas,Mr. Darcy's father,140,Undirected,1
4,9,Mr. Bingley,Mrs. Bennet,140,Undirected,1
18,26,Lady Lucas,Mrs. Philips,140,Undirected,1
5,10,Mr. Darcy,Jane Bennet,140,Undirected,1
22,26,Lucas brothers,Mrs. Philips,140,Undirected,1
23,25,Mr. Wickham,Mrs. Gardiner,140,Undirected,1
3,22,Miss Bingley,Lucas brothers,140,Undirected,1
5,19,Mr. Darcy,Sir William Lucas,140,Undirected,1
5,28,Mr. Darcy,Officers (at Meryton),140,Undirected,1
9,26,Mrs. Bennet,Mrs. Philips,140,Undirected,1
11,23,Elizabeth Bennet,Mr. Wickham,140,Undirected,1
10,27,Jane Bennet,Mr. Philips,140,Undirected,1
24,26,Mr. Gardiner,Mrs. Philips,140,Undirected,1
16,22,Charlotte Lucas,Lucas brothers,140,Undirected,1
18,19,Lady Lucas,Sir William Lucas,140,Undirected,1
18,28,Lady Lucas,Officers (at Meryton),140,Undirected,1
22,28,Lucas brothers,Officers (at Meryton),140,Undirected,1
9,10,Mrs. Bennet,Jane Bennet,140,Undirected,1
3,24,Miss Bingley,Mr. Gardiner,140,Undirected,1
5,21,Mr. Darcy,Young Lucas,140,Undirected,1
4,23,Mr. Bingley,Mr. Wickham,140,Undirected,1
23,27,Mr. Wickham,Mr. Philips,140,Undirected,1
9,19,Mrs. Bennet,Sir William Lucas,140,Undirected,1
11,16,Elizabeth Bennet,Charlotte Lucas,140,Undirected,1
9,28,Mrs. Bennet,Officers (at Meryton),140,Undirected,1
10,29,Jane Bennet,Mr. Darcy's father,140,Undirected,1
24,28,Mr. Gardiner,Officers (at Meryton),140,Undirected,1
25,27,Mrs. Gardiner,Mr. Philips,140,Undirected,1
16,24,Charlotte Lucas,Mr. Gardiner,140,Undirected,1
18,21,Lady Lucas,Young Lucas,140,Undirected,1
23,29,Mr. Wickham,Mr. Darcy's father,140,Undirected,1
3,26,Miss Bingley,Mrs. Philips,140,Undirected,1
5,23,Mr. Darcy,Mr. Wickham,140,Undirected,1
4,25,Mr. Bingley,Mrs. Gardiner,140,Undirected,1
9,21,Mrs. Bennet,Young Lucas,140,Undirected,1
27,29,Mr. Philips,Mr. Darcy's father,140,Undirected,1
10,22,Jane Bennet,Lucas brothers,140,Undirected,1
25,29,Mrs. Gardiner,Mr. Darcy's father,140,Undirected,1
16,26,Charlotte Lucas,Mrs. Philips,140,Undirected,1
18,23,Lady Lucas,Mr. Wickham,140,Undirected,1
3,10,Miss Bingley,Jane Bennet,140,Undirected,1
22,23,Lucas brothers,Mr. Wickham,140,Undirected,1
21,25,Young Lucas,Mrs. Gardiner,140,Undirected,1
3,19,Miss Bingley,Sir William Lucas,140,Undirected,1
5,16,Mr. Darcy,Charlotte Lucas,140,Undirected,1
4,18,Mr. Bingley,Lady Lucas,140,Undirected,1
3,28,Miss Bingley,Officers (at Meryton),140,Undirected,1
5,25,Mr. Darcy,Mrs. Gardiner,140,Undirected,1
4,27,Mr. Bingley,Mr. Philips,140,Undirected,1
19,27,Sir William Lucas,Mr. Philips,140,Undirected,1
10,24,Jane Bennet,Mr. Gardiner,140,Undirected,1
16,19,Charlotte Lucas,Sir William Lucas,140,Undirected,1
16,28,Charlotte Lucas,Officers (at Meryton),140,Undirected,1
5,9,Mr. Darcy,Mrs. Bennet,140,Undirected,1
4,11,Mr. Bingley,Elizabeth Bennet,140,Undirected,1
21,27,Young Lucas,Mr. Philips,140,Undirected,1
22,25,Lucas brothers,Mrs. Gardiner,140,Undirected,1
3,21,Miss Bingley,Young Lucas,140,Undirected,1
5,18,Mr. Darcy,Lady Lucas,140,Undirected,1
23,24,Mr. Wickham,Mr. Gardiner,140,Undirected,1
9,16,Mrs. Bennet,Charlotte Lucas,140,Undirected,1
4,29,Mr. Bingley,Mr. Darcy's father,140,Undirected,1
19,29,Sir William Lucas,Mr. Darcy's father,140,Undirected,1
10,26,Jane Bennet,Mrs. Philips,140,Undirected,1
24,25,Mr. Gardiner,Mrs. Gardiner,140,Undirected,1
11,25,Elizabeth Bennet,Mrs. Gardiner,140,Undirected,1
16,21,Charlotte Lucas,Young Lucas,140,Undirected,1
3,5,Miss Bingley,Mr. Darcy,140,Undirected,1
5,11,Mr. Darcy,Elizabeth Bennet,140,Undirected,1
22,27,Lucas brothers,Mr. Philips,140,Undirected,1
21,29,Young Lucas,Mr. Darcy's father,140,Undirected,1
23,26,Mr. Wickham,Mrs. Philips,140,Undirected,1
3,23,Miss Bingley,Mr. Wickham,140,Undirected,1
4,22,Mr. Bingley,Lucas brothers,140,Undirected,1
19,22,Sir William Lucas,Lucas brothers,140,Undirected,1
10,19,Jane Bennet,Sir William Lucas,140,Undirected,1
11,18,Elizabeth Bennet,Lady Lucas,140,Undirected,1
10,28,Jane Bennet,Officers (at Meryton),140,Undirected,1
11,27,Elizabeth Bennet,Mr. Philips,140,Undirected,1
25,26,Mrs. Gardiner,Mrs. Philips,140,Undirected,1
16,23,Charlotte Lucas,Mr. Wickham,140,Undirected,1
26,27,Mrs. Philips,Mr. Philips,140,Undirected,1
21,22,Young Lucas,Lucas brothers,140,Undirected,1
3,16,Miss Bingley,Charlotte Lucas,140,Undirected,1
23,28,Mr. Wickham,Officers (at Meryton),140,Undirected,1
3,25,Miss Bingley,Mrs. Gardiner,140,Undirected,1
4,24,Mr. Bingley,Mr. Gardiner,140,Undirected,1
27,28,Mr. Philips,Officers (at Meryton),140,Undirected,1
19,24,Sir William Lucas,Mr. Gardiner,140,Undirected,1
10,21,Jane Bennet,Young Lucas,140,Undirected,1
9,23,Mrs. Bennet,Mr. Wickham,140,Undirected,1
11,29,Elizabeth Bennet,Mr. Darcy's father,140,Undirected,1
25,28,Mrs. Gardiner,Officers (at Meryton),140,Undirected,1
26,29,Mrs. Philips,Mr. Darcy's father,140,Undirected,1
3,9,Miss Bingley,Mrs. Bennet,140,Undirected,1
18,25,Lady Lucas,Mrs. Gardiner,140,Undirected,1
21,24,Young Lucas,Mr. Gardiner,140,Undirected,1
3,18,Miss Bingley,Lady Lucas,140,Undirected,1
4,26,Mr. Bingley,Mrs. Philips,140,Undirected,1
5,27,Mr. Darcy,Mr. Philips,140,Undirected,1
19,26,Sir William Lucas,Mrs. Philips,140,Undirected,1
10,23,Jane Bennet,Mr. Wickham,140,Undirected,1
9,25,Mrs. Bennet,Mrs. Gardiner,140,Undirected,1
11,22,Elizabeth Bennet,Lucas brothers,140,Undirected,1
28,29,Officers (at Meryton),Mr. Darcy's father,140,Undirected,1
3,11,Miss Bingley,Elizabeth Bennet,140,Undirected,1
4,10,Mr. Bingley,Jane Bennet,140,Undirected,1
18,27,Lady Lucas,Mr. Philips,140,Undirected,1
21,26,Young Lucas,Mrs. Philips,140,Undirected,1
4,19,Mr. Bingley,Sir William Lucas,140,Undirected,1
4,28,Mr. Bingley,Officers (at Meryton),140,Undirected,1
10,16,Jane Bennet,Charlotte Lucas,140,Undirected,1
9,18,Mrs. Bennet,Lady Lucas,140,Undirected,1
5,29,Mr. Darcy,Mr. Darcy's father,140,Undirected,1
19,28,Sir William Lucas,Officers (at Meryton),140,Undirected,1
10,25,Jane Bennet,Mrs. Gardiner,140,Undirected,1
9,27,Mrs. Bennet,Mr. Philips,140,Undirected,1
11,24,Elizabeth Bennet,Mr. Gardiner,140,Undirected,1
24,27,Mr. Gardiner,Mr. Philips,140,Undirected,1
3,4,Miss Bingley,Mr. Bingley,140,Undirected,1
18,29,Lady Lucas,Mr. Darcy's father,140,Undirected,1
21,28,Young Lucas,Officers (at Meryton),140,Undirected,1
4,21,Mr. Bingley,Young Lucas,140,Undirected,1
22,29,Lucas brothers,Mr. Darcy's father,140,Undirected,1
9,11,Mrs. Bennet,Elizabeth Bennet,140,Undirected,1
5,22,Mr. Darcy,Lucas brothers,140,Undirected,1
19,21,Sir William Lucas,Young Lucas,140,Undirected,1
10,18,Jane Bennet,Lady Lucas,140,Undirected,1
9,29,Mrs. Bennet,Mr. Darcy's father,140,Undirected,1
11,26,Elizabeth Bennet,Mrs. Philips,140,Undirected,1
24,29,Mr. Gardiner,Mr. Darcy's father,140,Undirected,1
16,25,Charlotte Lucas,Mrs. Gardiner,140,Undirected,1
4,5,Mr. Bingley,Mr. Darcy,140,Undirected,1
18,22,Lady Lucas,Lucas brothers,140,Undirected,1
10,11,Jane Bennet,Elizabeth Bennet,140,Undirected,1
3,27,Miss Bingley,Mr. Philips,140,Undirected,1
5,24,Mr. Darcy,Mr. Gardiner,140,Undirected,1
19,23,Sir William Lucas,Mr. Wickham,140,Undirected,1
9,22,Mrs. Bennet,Lucas brothers,140,Undirected,1
11,19,Elizabeth Bennet,Sir William Lucas,140,Undirected,1
11,28,Elizabeth Bennet,Officers (at Meryton),140,Undirected,1
16,18,Charlotte Lucas,Lady Lucas,140,Undirected,1
26,28,Mrs. Philips,Officers (at Meryton),140,Undirected,1
16,27,Charlotte Lucas,Mr. Philips,140,Undirected,1
18,24,Lady Lucas,Mr. Gardiner,140,Undirected,1
21,23,Young Lucas,Mr. Wickham,140,Undirected,1
4,16,Mr. Bingley,Charlotte Lucas,140,Undirected,1
22,24,Lucas brothers,Mr. Gardiner,140,Undirected,1
3,29,Miss Bingley,Mr. Darcy's father,140,Undirected,1
5,26,Mr. Darcy,Mrs. Philips,140,Undirected,1
19,25,Sir William Lucas,Mrs. Gardiner,140,Undirected,1
9,24,Mrs. Bennet,Mr. Gardiner,140,Undirected,1
11,21,Elizabeth Bennet,Young Lucas,140,Undirected,1
25,5,Mrs. Gardiner,Mr. Darcy,141,Undirected,1
25,23,Mrs. Gardiner,Mr. Wickham,141,Undirected,1
5,23,Mr. Darcy,Mr. Wickham,141,Undirected,1
11,23,Elizabeth Bennet,Mr. Wickham,142,Undirected,1
5,11,Mr. Darcy,Elizabeth Bennet,142,Undirected,1
5,8,Mr. Darcy,Mr. Bennet,142,Undirected,1
8,23,Mr. Bennet,Mr. Wickham,142,Undirected,1
5,23,Mr. Darcy,Mr. Wickham,142,Undirected,1
11,25,Elizabeth Bennet,Mrs. Gardiner,142,Undirected,1
23,25,Mr. Wickham,Mrs. Gardiner,142,Undirected,1
5,25,Mr. Darcy,Mrs. Gardiner,142,Undirected,1
8,25,Mr. Bennet,Mrs. Gardiner,142,Undirected,1
8,11,Mr. Bennet,Elizabeth Bennet,142,Undirected,1
16,20,Charlotte Lucas,Maria Lucas,143,Undirected,1
8,9,Mr. Bennet,Mrs. Bennet,143,Undirected,1
23,25,Mr. Wickham,Mrs. Gardiner,143,Undirected,1
17,21,Mr. Collins,Young Lucas,143,Undirected,1
8,18,Mr. Bennet,Lady Lucas,143,Undirected,1
9,17,Mrs. Bennet,Mr. Collins,143,Undirected,1
11,23,Elizabeth Bennet,Mr. Wickham,143,Undirected,1
16,22,Charlotte Lucas,Lucas brothers,143,Undirected,1
18,19,Lady Lucas,Sir William Lucas,143,Undirected,1
20,22,Maria Lucas,Lucas brothers,143,Undirected,1
8,11,Mr. Bennet,Elizabeth Bennet,143,Undirected,1
9,10,Mrs. Bennet,Jane Bennet,143,Undirected,1
17,23,Mr. Collins,Mr. Wickham,143,Undirected,1
9,19,Mrs. Bennet,Sir William Lucas,143,Undirected,1
11,16,Elizabeth Bennet,Charlotte Lucas,143,Undirected,1
10,20,Jane Bennet,Maria Lucas,143,Undirected,1
18,21,Lady Lucas,Young Lucas,143,Undirected,1
9,21,Mrs. Bennet,Young Lucas,143,Undirected,1
8,25,Mr. Bennet,Mrs. Gardiner,143,Undirected,1
10,22,Jane Bennet,Lucas brothers,143,Undirected,1
16,17,Charlotte Lucas,Mr. Collins,143,Undirected,1
18,23,Lady Lucas,Mr. Wickham,143,Undirected,1
22,23,Lucas brothers,Mr. Wickham,143,Undirected,1
21,25,Young Lucas,Mrs. Gardiner,143,Undirected,1
16,19,Charlotte Lucas,Sir William Lucas,143,Undirected,1
22,25,Lucas brothers,Mrs. Gardiner,143,Undirected,1
9,16,Mrs. Bennet,Charlotte Lucas,143,Undirected,1
8,20,Mr. Bennet,Maria Lucas,143,Undirected,1
10,17,Jane Bennet,Mr. Collins,143,Undirected,1
19,20,Sir William Lucas,Maria Lucas,143,Undirected,1
11,25,Elizabeth Bennet,Mrs. Gardiner,143,Undirected,1
16,21,Charlotte Lucas,Young Lucas,143,Undirected,1
20,21,Maria Lucas,Young Lucas,143,Undirected,1
17,25,Mr. Collins,Mrs. Gardiner,143,Undirected,1
8,22,Mr. Bennet,Lucas brothers,143,Undirected,1
10,19,Jane Bennet,Sir William Lucas,143,Undirected,1
19,22,Sir William Lucas,Lucas brothers,143,Undirected,1
11,18,Elizabeth Bennet,Lady Lucas,143,Undirected,1
16,23,Charlotte Lucas,Mr. Wickham,143,Undirected,1
20,23,Maria Lucas,Mr. Wickham,143,Undirected,1
21,22,Young Lucas,Lucas brothers,143,Undirected,1
17,18,Mr. Collins,Lady Lucas,143,Undirected,1
10,21,Jane Bennet,Young Lucas,143,Undirected,1
9,23,Mrs. Bennet,Mr. Wickham,143,Undirected,1
11,20,Elizabeth Bennet,Maria Lucas,143,Undirected,1
20,25,Maria Lucas,Mrs. Gardiner,143,Undirected,1
18,25,Lady Lucas,Mrs. Gardiner,143,Undirected,1
17,20,Mr. Collins,Maria Lucas,143,Undirected,1
8,17,Mr. Bennet,Mr. Collins,143,Undirected,1
10,23,Jane Bennet,Mr. Wickham,143,Undirected,1
9,25,Mrs. Bennet,Mrs. Gardiner,143,Undirected,1
11,22,Elizabeth Bennet,Lucas brothers,143,Undirected,1
8,10,Mr. Bennet,Jane Bennet,143,Undirected,1
17,22,Mr. Collins,Lucas brothers,143,Undirected,1
8,19,Mr. Bennet,Sir William Lucas,143,Undirected,1
10,16,Jane Bennet,Charlotte Lucas,143,Undirected,1
9,18,Mrs. Bennet,Lady Lucas,143,Undirected,1
10,25,Jane Bennet,Mrs. Gardiner,143,Undirected,1
18,20,Lady Lucas,Maria Lucas,143,Undirected,1
9,11,Mrs. Bennet,Elizabeth Bennet,143,Undirected,1
8,21,Mr. Bennet,Young Lucas,143,Undirected,1
10,18,Jane Bennet,Lady Lucas,143,Undirected,1
9,20,Mrs. Bennet,Maria Lucas,143,Undirected,1
11,17,Elizabeth Bennet,Mr. Collins,143,Undirected,1
19,21,Sir William Lucas,Young Lucas,143,Undirected,1
16,25,Charlotte Lucas,Mrs. Gardiner,143,Undirected,1
18,22,Lady Lucas,Lucas brothers,143,Undirected,1
10,11,Jane Bennet,Elizabeth Bennet,143,Undirected,1
8,23,Mr. Bennet,Mr. Wickham,143,Undirected,1
19,23,Sir William Lucas,Mr. Wickham,143,Undirected,1
9,22,Mrs. Bennet,Lucas brothers,143,Undirected,1
11,19,Elizabeth Bennet,Sir William Lucas,143,Undirected,1
16,18,Charlotte Lucas,Lady Lucas,143,Undirected,1
21,23,Young Lucas,Mr. Wickham,143,Undirected,1
17,19,Mr. Collins,Sir William Lucas,143,Undirected,1
8,16,Mr. Bennet,Charlotte Lucas,143,Undirected,1
19,25,Sir William Lucas,Mrs. Gardiner,143,Undirected,1
11,21,Elizabeth Bennet,Young Lucas,143,Undirected,1
16,20,Charlotte Lucas,Maria Lucas,144,Undirected,1
3,4,Miss Bingley,Mr. Bingley,144,Undirected,1
3,10,Miss Bingley,Jane Bennet,144,Undirected,1
3,16,Miss Bingley,Charlotte Lucas,144,Undirected,1
3,19,Miss Bingley,Sir William Lucas,144,Undirected,1
17,30,Mr. Collins,Lady Catherine de Bourgh,144,Undirected,1
4,30,Mr. Bingley,Lady Catherine de Bourgh,144,Undirected,1
11,17,Elizabeth Bennet,Mr. Collins,144,Undirected,1
19,30,Sir William Lucas,Lady Catherine de Bourgh,144,Undirected,1
11,20,Elizabeth Bennet,Maria Lucas,144,Undirected,1
10,30,Jane Bennet,Lady Catherine de Bourgh,144,Undirected,1
16,19,Charlotte Lucas,Sir William Lucas,144,Undirected,1
4,11,Mr. Bingley,Elizabeth Bennet,144,Undirected,1
4,17,Mr. Bingley,Mr. Collins,144,Undirected,1
4,20,Mr. Bingley,Maria Lucas,144,Undirected,1
3,30,Miss Bingley,Lady Catherine de Bourgh,144,Undirected,1
10,11,Jane Bennet,Elizabeth Bennet,144,Undirected,1
17,20,Mr. Collins,Maria Lucas,144,Undirected,1
11,16,Elizabeth Bennet,Charlotte Lucas,144,Undirected,1
11,19,Elizabeth Bennet,Sir William Lucas,144,Undirected,1
10,17,Jane Bennet,Mr. Collins,144,Undirected,1
19,20,Sir William Lucas,Maria Lucas,144,Undirected,1
10,20,Jane Bennet,Maria Lucas,144,Undirected,1
16,30,Charlotte Lucas,Lady Catherine de Bourgh,144,Undirected,1
3,11,Miss Bingley,Elizabeth Bennet,144,Undirected,1
4,10,Mr. Bingley,Jane Bennet,144,Undirected,1
4,16,Mr. Bingley,Charlotte Lucas,144,Undirected,1
20,30,Maria Lucas,Lady Catherine de Bourgh,144,Undirected,1
4,19,Mr. Bingley,Sir William Lucas,144,Undirected,1
3,17,Miss Bingley,Mr. Collins,144,Undirected,1
3,20,Miss Bingley,Maria Lucas,144,Undirected,1
17,19,Mr. Collins,Sir William Lucas,144,Undirected,1
10,16,Jane Bennet,Charlotte Lucas,144,Undirected,1
10,19,Jane Bennet,Sir William Lucas,144,Undirected,1
11,30,Elizabeth Bennet,Lady Catherine de Bourgh,144,Undirected,1
16,17,Charlotte Lucas,Mr. Collins,144,Undirected,1
6,15,Mrs. Hurst,Miss Darcy,145,Undirected,1
3,4,Miss Bingley,Mr. Bingley,145,Undirected,1
4,6,Mr. Bingley,Mrs. Hurst,145,Undirected,1
3,10,Miss Bingley,Jane Bennet,145,Undirected,1
4,15,Mr. Bingley,Miss Darcy,145,Undirected,1
5,10,Mr. Darcy,Jane Bennet,145,Undirected,1
3,25,Miss Bingley,Mrs. Gardiner,145,Undirected,1
5,25,Mr. Darcy,Mrs. Gardiner,145,Undirected,1
10,15,Jane Bennet,Miss Darcy,145,Undirected,1
6,11,Mrs. Hurst,Elizabeth Bennet,145,Undirected,1
4,5,Mr. Bingley,Mr. Darcy,145,Undirected,1
5,6,Mr. Darcy,Mrs. Hurst,145,Undirected,1
3,6,Miss Bingley,Mrs. Hurst,145,Undirected,1
4,11,Mr. Bingley,Elizabeth Bennet,145,Undirected,1
3,15,Miss Bingley,Miss Darcy,145,Undirected,1
5,15,Mr. Darcy,Miss Darcy,145,Undirected,1
10,11,Jane Bennet,Elizabeth Bennet,145,Undirected,1
11,25,Elizabeth Bennet,Mrs. Gardiner,145,Undirected,1
6,10,Mrs. Hurst,Jane Bennet,145,Undirected,1
15,25,Miss Darcy,Mrs. Gardiner,145,Undirected,1
6,25,Mrs. Hurst,Mrs. Gardiner,145,Undirected,1
3,5,Miss Bingley,Mr. Darcy,145,Undirected,1
3,11,Miss Bingley,Elizabeth Bennet,145,Undirected,1
4,10,Mr. Bingley,Jane Bennet,145,Undirected,1
5,11,Mr. Darcy,Elizabeth Bennet,145,Undirected,1
4,25,Mr. Bingley,Mrs. Gardiner,145,Undirected,1
11,15,Elizabeth Bennet,Miss Darcy,145,Undirected,1
10,25,Jane Bennet,Mrs. Gardiner,145,Undirected,1
16,20,Charlotte Lucas,Maria Lucas,146,Undirected,1
15,24,Miss Darcy,Mr. Gardiner,146,Undirected,1
3,4,Miss Bingley,Mr. Bingley,146,Undirected,1
3,10,Miss Bingley,Jane Bennet,146,Undirected,1
3,16,Miss Bingley,Charlotte Lucas,146,Undirected,1
4,15,Mr. Bingley,Miss Darcy,146,Undirected,1
3,19,Miss Bingley,Sir William Lucas,146,Undirected,1
3,25,Miss Bingley,Mrs. Gardiner,146,Undirected,1
4,24,Mr. Bingley,Mr. Gardiner,146,Undirected,1
17,24,Mr. Collins,Mr. Gardiner,146,Undirected,1
11,17,Elizabeth Bennet,Mr. Collins,146,Undirected,1
10,15,Jane Bennet,Miss Darcy,146,Undirected,1
19,24,Sir William Lucas,Mr. Gardiner,146,Undirected,1
11,20,Elizabeth Bennet,Maria Lucas,146,Undirected,1
10,24,Jane Bennet,Mr. Gardiner,146,Undirected,1
16,19,Charlotte Lucas,Sir William Lucas,146,Undirected,1
15,17,Miss Darcy,Mr. Collins,146,Undirected,1
15,20,Miss Darcy,Maria Lucas,146,Undirected,1
16,25,Charlotte Lucas,Mrs. Gardiner,146,Undirected,1
20,25,Maria Lucas,Mrs. Gardiner,146,Undirected,1
4,11,Mr. Bingley,Elizabeth Bennet,146,Undirected,1
4,17,Mr. Bingley,Mr. Collins,146,Undirected,1
3,15,Miss Bingley,Miss Darcy,146,Undirected,1
4,20,Mr. Bingley,Maria Lucas,146,Undirected,1
3,24,Miss Bingley,Mr. Gardiner,146,Undirected,1
10,11,Jane Bennet,Elizabeth Bennet,146,Undirected,1
17,20,Mr. Collins,Maria Lucas,146,Undirected,1
11,16,Elizabeth Bennet,Charlotte Lucas,146,Undirected,1
11,19,Elizabeth Bennet,Sir William Lucas,146,Undirected,1
10,17,Jane Bennet,Mr. Collins,146,Undirected,1
19,20,Sir William Lucas,Maria Lucas,146,Undirected,1
10,20,Jane Bennet,Maria Lucas,146,Undirected,1
15,16,Miss Darcy,Charlotte Lucas,146,Undirected,1
11,25,Elizabeth Bennet,Mrs. Gardiner,146,Undirected,1
24,25,Mr. Gardiner,Mrs. Gardiner,146,Undirected,1
15,19,Miss Darcy,Sir William Lucas,146,Undirected,1
15,25,Miss Darcy,Mrs. Gardiner,146,Undirected,1
16,24,Charlotte Lucas,Mr. Gardiner,146,Undirected,1
3,11,Miss Bingley,Elizabeth Bennet,146,Undirected,1
4,10,Mr. Bingley,Jane Bennet,146,Undirected,1
4,16,Mr. Bingley,Charlotte Lucas,146,Undirected,1
20,24,Maria Lucas,Mr. Gardiner,146,Undirected,1
4,19,Mr. Bingley,Sir William Lucas,146,Undirected,1
3,17,Miss Bingley,Mr. Collins,146,Undirected,1
3,20,Miss Bingley,Maria Lucas,146,Undirected,1
17,19,Mr. Collins,Sir William Lucas,146,Undirected,1
4,25,Mr. Bingley,Mrs. Gardiner,146,Undirected,1
10,16,Jane Bennet,Charlotte Lucas,146,Undirected,1
19,25,Sir William Lucas,Mrs. Gardiner,146,Undirected,1
11,15,Elizabeth Bennet,Miss Darcy,146,Undirected,1
17,25,Mr. Collins,Mrs. Gardiner,146,Undirected,1
10,19,Jane Bennet,Sir William Lucas,146,Undirected,1
10,25,Jane Bennet,Mrs. Gardiner,146,Undirected,1
11,24,Elizabeth Bennet,Mr. Gardiner,146,Undirected,1
16,17,Charlotte Lucas,Mr. Collins,146,Undirected,1
14,16,Kitty Bennet,Charlotte Lucas,147,Undirected,1
4,15,Mr. Bingley,Miss Darcy,147,Undirected,1
14,25,Kitty Bennet,Mrs. Gardiner,147,Undirected,1
23,25,Mr. Wickham,Mrs. Gardiner,147,Undirected,1
23,31,Mr. Wickham,Miss King,147,Undirected,1
11,14,Elizabeth Bennet,Kitty Bennet,147,Undirected,1
14,31,Kitty Bennet,Miss King,147,Undirected,1
10,15,Jane Bennet,Miss Darcy,147,Undirected,1
11,23,Elizabeth Bennet,Mr. Wickham,147,Undirected,1
13,14,Lydia Bennet,Kitty Bennet,147,Undirected,1
13,23,Lydia Bennet,Mr. Wickham,147,Undirected,1
15,23,Miss Darcy,Mr. Wickham,147,Undirected,1
25,31,Mrs. Gardiner,Miss King,147,Undirected,1
16,25,Charlotte Lucas,Mrs. Gardiner,147,Undirected,1
16,31,Charlotte Lucas,Miss King,147,Undirected,1
4,14,Mr. Bingley,Kitty Bennet,147,Undirected,1
4,11,Mr. Bingley,Elizabeth Bennet,147,Undirected,1
14,15,Kitty Bennet,Miss Darcy,147,Undirected,1
4,23,Mr. Bingley,Mr. Wickham,147,Undirected,1
10,11,Jane Bennet,Elizabeth Bennet,147,Undirected,1
11,16,Elizabeth Bennet,Charlotte Lucas,147,Undirected,1
10,14,Jane Bennet,Kitty Bennet,147,Undirected,1
11,13,Elizabeth Bennet,Lydia Bennet,147,Undirected,1
10,23,Jane Bennet,Mr. Wickham,147,Undirected,1
13,16,Lydia Bennet,Charlotte Lucas,147,Undirected,1
15,16,Miss Darcy,Charlotte Lucas,147,Undirected,1
11,25,Elizabeth Bennet,Mrs. Gardiner,147,Undirected,1
11,31,Elizabeth Bennet,Miss King,147,Undirected,1
15,25,Miss Darcy,Mrs. Gardiner,147,Undirected,1
13,25,Lydia Bennet,Mrs. Gardiner,147,Undirected,1
13,31,Lydia Bennet,Miss King,147,Undirected,1
15,31,Miss Darcy,Miss King,147,Undirected,1
4,10,Mr. Bingley,Jane Bennet,147,Undirected,1
4,16,Mr. Bingley,Charlotte Lucas,147,Undirected,1
4,13,Mr. Bingley,Lydia Bennet,147,Undirected,1
14,23,Kitty Bennet,Mr. Wickham,147,Undirected,1
4,25,Mr. Bingley,Mrs. Gardiner,147,Undirected,1
4,31,Mr. Bingley,Miss King,147,Undirected,1
10,13,Jane Bennet,Lydia Bennet,147,Undirected,1
10,16,Jane Bennet,Charlotte Lucas,147,Undirected,1
16,23,Charlotte Lucas,Mr. Wickham,147,Undirected,1
11,15,Elizabeth Bennet,Miss Darcy,147,Undirected,1
10,25,Jane Bennet,Mrs. Gardiner,147,Undirected,1
13,15,Lydia Bennet,Miss Darcy,147,Undirected,1
10,31,Jane Bennet,Miss King,147,Undirected,1
25,11,Mrs. Gardiner,Elizabeth Bennet,148,Undirected,1
16,20,Charlotte Lucas,Maria Lucas,149,Undirected,1
12,16,Mary Bennet,Charlotte Lucas,149,Undirected,1
20,23,Maria Lucas,Mr. Wickham,149,Undirected,1
12,13,Mary Bennet,Lydia Bennet,149,Undirected,1
12,19,Mary Bennet,Sir William Lucas,149,Undirected,1
14,16,Kitty Bennet,Charlotte Lucas,149,Undirected,1
14,19,Kitty Bennet,Sir William Lucas,149,Undirected,1
8,9,Mr. Bennet,Mrs. Bennet,149,Undirected,1
9,14,Mrs. Bennet,Kitty Bennet,149,Undirected,1
8,12,Mr. Bennet,Mary Bennet,149,Undirected,1
9,11,Mrs. Bennet,Elizabeth Bennet,149,Undirected,1
9,17,Mrs. Bennet,Mr. Collins,149,Undirected,1
11,14,Elizabeth Bennet,Kitty Bennet,149,Undirected,1
10,12,Jane Bennet,Mary Bennet,149,Undirected,1
9,20,Mrs. Bennet,Maria Lucas,149,Undirected,1
11,17,Elizabeth Bennet,Mr. Collins,149,Undirected,1
11,23,Elizabeth Bennet,Mr. Wickham,149,Undirected,1
13,14,Lydia Bennet,Kitty Bennet,149,Undirected,1
9,23,Mrs. Bennet,Mr. Wickham,149,Undirected,1
11,20,Elizabeth Bennet,Maria Lucas,149,Undirected,1
13,17,Lydia Bennet,Mr. Collins,149,Undirected,1
13,23,Lydia Bennet,Mr. Wickham,149,Undirected,1
13,20,Lydia Bennet,Maria Lucas,149,Undirected,1
16,19,Charlotte Lucas,Sir William Lucas,149,Undirected,1
8,11,Mr. Bennet,Elizabeth Bennet,149,Undirected,1
9,10,Mrs. Bennet,Jane Bennet,149,Undirected,1
9,16,Mrs. Bennet,Charlotte Lucas,149,Undirected,1
8,14,Mr. Bennet,Kitty Bennet,149,Undirected,1
10,11,Jane Bennet,Elizabeth Bennet,149,Undirected,1
9,13,Mrs. Bennet,Lydia Bennet,149,Undirected,1
9,19,Mrs. Bennet,Sir William Lucas,149,Undirected,1
8,17,Mr. Bennet,Mr. Collins,149,Undirected,1
8,23,Mr. Bennet,Mr. Wickham,149,Undirected,1
10,14,Jane Bennet,Kitty Bennet,149,Undirected,1
11,13,Elizabeth Bennet,Lydia Bennet,149,Undirected,1
8,20,Mr. Bennet,Maria Lucas,149,Undirected,1
10,17,Jane Bennet,Mr. Collins,149,Undirected,1
10,23,Jane Bennet,Mr. Wickham,149,Undirected,1
11,16,Elizabeth Bennet,Charlotte Lucas,149,Undirected,1
11,19,Elizabeth Bennet,Sir William Lucas,149,Undirected,1
10,20,Jane Bennet,Maria Lucas,149,Undirected,1
13,16,Lydia Bennet,Charlotte Lucas,149,Undirected,1
13,19,Lydia Bennet,Sir William Lucas,149,Undirected,1
19,20,Sir William Lucas,Maria Lucas,149,Undirected,1
17,23,Mr. Collins,Mr. Wickham,149,Undirected,1
12,14,Mary Bennet,Kitty Bennet,149,Undirected,1
12,17,Mary Bennet,Mr. Collins,149,Undirected,1
12,23,Mary Bennet,Mr. Wickham,149,Undirected,1
17,20,Mr. Collins,Maria Lucas,149,Undirected,1
19,23,Sir William Lucas,Mr. Wickham,149,Undirected,1
12,20,Mary Bennet,Maria Lucas,149,Undirected,1
14,17,Kitty Bennet,Mr. Collins,149,Undirected,1
14,23,Kitty Bennet,Mr. Wickham,149,Undirected,1
9,12,Mrs. Bennet,Mary Bennet,149,Undirected,1
8,10,Mr. Bennet,Jane Bennet,149,Undirected,1
8,16,Mr. Bennet,Charlotte Lucas,149,Undirected,1
10,13,Jane Bennet,Lydia Bennet,149,Undirected,1
14,20,Kitty Bennet,Maria Lucas,149,Undirected,1
8,13,Mr. Bennet,Lydia Bennet,149,Undirected,1
8,19,Mr. Bennet,Sir William Lucas,149,Undirected,1
10,16,Jane Bennet,Charlotte Lucas,149,Undirected,1
11,12,Elizabeth Bennet,Mary Bennet,149,Undirected,1
17,19,Mr. Collins,Sir William Lucas,149,Undirected,1
10,19,Jane Bennet,Sir William Lucas,149,Undirected,1
16,17,Charlotte Lucas,Mr. Collins,149,Undirected,1
16,23,Charlotte Lucas,Mr. Wickham,149,Undirected,1
24,30,Mr. Gardiner,Lady Catherine de Bourgh,150,Undirected,1
20,23,Maria Lucas,Mr. Wickham,150,Undirected,1
3,10,Miss Bingley,Jane Bennet,150,Undirected,1
3,19,Miss Bingley,Sir William Lucas,150,Undirected,1
3,25,Miss Bingley,Mrs. Gardiner,150,Undirected,1
23,25,Mr. Wickham,Mrs. Gardiner,150,Undirected,1
32,3,Gardiner children,Miss Bingley,150,Undirected,1
10,25,Jane Bennet,Mrs. Gardiner,150,Undirected,1
11,23,Elizabeth Bennet,Mr. Wickham,150,Undirected,1
19,24,Sir William Lucas,Mr. Gardiner,150,Undirected,1
19,30,Sir William Lucas,Lady Catherine de Bourgh,150,Undirected,1
11,20,Elizabeth Bennet,Maria Lucas,150,Undirected,1
10,24,Jane Bennet,Mr. Gardiner,150,Undirected,1
32,24,Gardiner children,Mr. Gardiner,150,Undirected,1
32,30,Gardiner children,Lady Catherine de Bourgh,150,Undirected,1
10,30,Jane Bennet,Lady Catherine de Bourgh,150,Undirected,1
20,25,Maria Lucas,Mrs. Gardiner,150,Undirected,1
23,24,Mr. Wickham,Mr. Gardiner,150,Undirected,1
23,30,Mr. Wickham,Lady Catherine de Bourgh,150,Undirected,1
3,24,Miss Bingley,Mr. Gardiner,150,Undirected,1
3,30,Miss Bingley,Lady Catherine de Bourgh,150,Undirected,1
10,11,Jane Bennet,Elizabeth Bennet,150,Undirected,1
32,11,Gardiner children,Elizabeth Bennet,150,Undirected,1
19,23,Sir William Lucas,Mr. Wickham,150,Undirected,1
32,20,Gardiner children,Maria Lucas,150,Undirected,1
11,19,Elizabeth Bennet,Sir William Lucas,150,Undirected,1
19,20,Sir William Lucas,Maria Lucas,150,Undirected,1
10,23,Jane Bennet,Mr. Wickham,150,Undirected,1
32,23,Gardiner children,Mr. Wickham,150,Undirected,1
10,20,Jane Bennet,Maria Lucas,150,Undirected,1
24,25,Mr. Gardiner,Mrs. Gardiner,150,Undirected,1
11,25,Elizabeth Bennet,Mrs. Gardiner,150,Undirected,1
25,30,Mrs. Gardiner,Lady Catherine de Bourgh,150,Undirected,1
3,11,Miss Bingley,Elizabeth Bennet,150,Undirected,1
20,24,Maria Lucas,Mr. Gardiner,150,Undirected,1
20,30,Maria Lucas,Lady Catherine de Bourgh,150,Undirected,1
3,23,Miss Bingley,Mr. Wickham,150,Undirected,1
3,20,Miss Bingley,Maria Lucas,150,Undirected,1
32,10,Gardiner children,Jane Bennet,150,Undirected,1
19,25,Sir William Lucas,Mrs. Gardiner,150,Undirected,1
10,19,Jane Bennet,Sir William Lucas,150,Undirected,1
32,19,Gardiner children,Sir William Lucas,150,Undirected,1
32,25,Gardiner children,Mrs. Gardiner,150,Undirected,1
11,24,Elizabeth Bennet,Mr. Gardiner,150,Undirected,1
11,30,Elizabeth Bennet,Lady Catherine de Bourgh,150,Undirected,1
89,25,Miss King's Grandfather,Mrs. Gardiner,151,Undirected,1
23,89,Mr. Wickham,Miss King's Grandfather,151,Undirected,1
23,25,Mr. Wickham,Mrs. Gardiner,151,Undirected,1
23,31,Mr. Wickham,Miss King,151,Undirected,1
89,31,Miss King's Grandfather,Miss King,151,Undirected,1
17,24,Mr. Collins,Mr. Gardiner,151,Undirected,1
11,17,Elizabeth Bennet,Mr. Collins,151,Undirected,1
11,23,Elizabeth Bennet,Mr. Wickham,151,Undirected,1
25,31,Mrs. Gardiner,Miss King,151,Undirected,1
23,24,Mr. Wickham,Mr. Gardiner,151,Undirected,1
17,23,Mr. Collins,Mr. Wickham,151,Undirected,1
24,25,Mr. Gardiner,Mrs. Gardiner,151,Undirected,1
11,25,Elizabeth Bennet,Mrs. Gardiner,151,Undirected,1
11,31,Elizabeth Bennet,Miss King,151,Undirected,1
24,89,Mr. Gardiner,Miss King's Grandfather,151,Undirected,1
11,89,Elizabeth Bennet,Miss King's Grandfather,151,Undirected,1
24,31,Mr. Gardiner,Miss King,151,Undirected,1
17,25,Mr. Collins,Mrs. Gardiner,151,Undirected,1
17,31,Mr. Collins,Miss King,151,Undirected,1
17,89,Mr. Collins,Miss King's Grandfather,151,Undirected,1
11,24,Elizabeth Bennet,Mr. Gardiner,151,Undirected,1
17,11,Mr. Collins,Elizabeth Bennet,152,Undirected,1
11,25,Elizabeth Bennet,Mrs. Gardiner,152,Undirected,1
17,25,Mr. Collins,Mrs. Gardiner,152,Undirected,1
13,30,Lydia Bennet,Lady Catherine de Bourgh,153,Undirected,1
12,16,Mary Bennet,Charlotte Lucas,153,Undirected,1
12,13,Mary Bennet,Lydia Bennet,153,Undirected,1
14,16,Kitty Bennet,Charlotte Lucas,153,Undirected,1
8,9,Mr. Bennet,Mrs. Bennet,153,Undirected,1
9,14,Mrs. Bennet,Kitty Bennet,153,Undirected,1
8,12,Mr. Bennet,Mary Bennet,153,Undirected,1
33,11,Miss de Bourgh,Elizabeth Bennet,153,Undirected,1
9,11,Mrs. Bennet,Elizabeth Bennet,153,Undirected,1
9,17,Mrs. Bennet,Mr. Collins,153,Undirected,1
33,8,Miss de Bourgh,Mr. Bennet,153,Undirected,1
33,14,Miss de Bourgh,Kitty Bennet,153,Undirected,1
10,12,Jane Bennet,Mary Bennet,153,Undirected,1
11,14,Elizabeth Bennet,Kitty Bennet,153,Undirected,1
11,17,Elizabeth Bennet,Mr. Collins,153,Undirected,1
33,17,Miss de Bourgh,Mr. Collins,153,Undirected,1
8,30,Mr. Bennet,Lady Catherine de Bourgh,153,Undirected,1
13,14,Lydia Bennet,Kitty Bennet,153,Undirected,1
17,30,Mr. Collins,Lady Catherine de Bourgh,153,Undirected,1
13,17,Lydia Bennet,Mr. Collins,153,Undirected,1
10,30,Jane Bennet,Lady Catherine de Bourgh,153,Undirected,1
12,30,Mary Bennet,Lady Catherine de Bourgh,153,Undirected,1
8,11,Mr. Bennet,Elizabeth Bennet,153,Undirected,1
9,10,Mrs. Bennet,Jane Bennet,153,Undirected,1
9,16,Mrs. Bennet,Charlotte Lucas,153,Undirected,1
8,14,Mr. Bennet,Kitty Bennet,153,Undirected,1
10,11,Jane Bennet,Elizabeth Bennet,153,Undirected,1
9,13,Mrs. Bennet,Lydia Bennet,153,Undirected,1
14,30,Kitty Bennet,Lady Catherine de Bourgh,153,Undirected,1
33,10,Miss de Bourgh,Jane Bennet,153,Undirected,1
33,16,Miss de Bourgh,Charlotte Lucas,153,Undirected,1
8,17,Mr. Bennet,Mr. Collins,153,Undirected,1
10,14,Jane Bennet,Kitty Bennet,153,Undirected,1
33,13,Miss de Bourgh,Lydia Bennet,153,Undirected,1
10,17,Jane Bennet,Mr. Collins,153,Undirected,1
11,13,Elizabeth Bennet,Lydia Bennet,153,Undirected,1
11,16,Elizabeth Bennet,Charlotte Lucas,153,Undirected,1
13,16,Lydia Bennet,Charlotte Lucas,153,Undirected,1
16,30,Charlotte Lucas,Lady Catherine de Bourgh,153,Undirected,1
12,14,Mary Bennet,Kitty Bennet,153,Undirected,1
12,17,Mary Bennet,Mr. Collins,153,Undirected,1
14,17,Kitty Bennet,Mr. Collins,153,Undirected,1
9,12,Mrs. Bennet,Mary Bennet,153,Undirected,1
8,10,Mr. Bennet,Jane Bennet,153,Undirected,1
33,9,Miss de Bourgh,Mrs. Bennet,153,Undirected,1
8,16,Mr. Bennet,Charlotte Lucas,153,Undirected,1
10,13,Jane Bennet,Lydia Bennet,153,Undirected,1
8,13,Mr. Bennet,Lydia Bennet,153,Undirected,1
33,12,Miss de Bourgh,Mary Bennet,153,Undirected,1
10,16,Jane Bennet,Charlotte Lucas,153,Undirected,1
11,12,Elizabeth Bennet,Mary Bennet,153,Undirected,1
11,30,Elizabeth Bennet,Lady Catherine de Bourgh,153,Undirected,1
33,30,Miss de Bourgh,Lady Catherine de Bourgh,153,Undirected,1
9,30,Mrs. Bennet,Lady Catherine de Bourgh,153,Undirected,1
16,17,Charlotte Lucas,Mr. Collins,153,Undirected,1
16,20,Charlotte Lucas,Maria Lucas,154,Undirected,1
11,20,Elizabeth Bennet,Maria Lucas,154,Undirected,1
17,20,Mr. Collins,Maria Lucas,154,Undirected,1
11,16,Elizabeth Bennet,Charlotte Lucas,154,Undirected,1
16,19,Charlotte Lucas,Sir William Lucas,154,Undirected,1
11,19,Elizabeth Bennet,Sir William Lucas,154,Undirected,1
19,20,Sir William Lucas,Maria Lucas,154,Undirected,1
17,19,Mr. Collins,Sir William Lucas,154,Undirected,1
16,17,Charlotte Lucas,Mr. Collins,154,Undirected,1
11,17,Elizabeth Bennet,Mr. Collins,154,Undirected,1
16,20,Charlotte Lucas,Maria Lucas,155,Undirected,1
11,20,Elizabeth Bennet,Maria Lucas,155,Undirected,1
20,30,Maria Lucas,Lady Catherine de Bourgh,155,Undirected,1
17,20,Mr. Collins,Maria Lucas,155,Undirected,1
11,16,Elizabeth Bennet,Charlotte Lucas,155,Undirected,1
16,30,Charlotte Lucas,Lady Catherine de Bourgh,155,Undirected,1
11,30,Elizabeth Bennet,Lady Catherine de Bourgh,155,Undirected,1
17,30,Mr. Collins,Lady Catherine de Bourgh,155,Undirected,1
16,17,Charlotte Lucas,Mr. Collins,155,Undirected,1
11,17,Elizabeth Bennet,Mr. Collins,155,Undirected,1
16,20,Charlotte Lucas,Maria Lucas,156,Undirected,1
34,16,Mrs. Jenkinson,Charlotte Lucas,156,Undirected,1
34,19,Mrs. Jenkinson,Sir William Lucas,156,Undirected,1
5,16,Mr. Darcy,Charlotte Lucas,156,Undirected,1
5,19,Mr. Darcy,Sir William Lucas,156,Undirected,1
33,11,Miss de Bourgh,Elizabeth Bennet,156,Undirected,1
33,5,Miss de Bourgh,Mr. Darcy,156,Undirected,1
17,30,Mr. Collins,Lady Catherine de Bourgh,156,Undirected,1
11,17,Elizabeth Bennet,Mr. Collins,156,Undirected,1
33,17,Miss de Bourgh,Mr. Collins,156,Undirected,1
19,30,Sir William Lucas,Lady Catherine de Bourgh,156,Undirected,1
11,20,Elizabeth Bennet,Maria Lucas,156,Undirected,1
33,20,Miss de Bourgh,Maria Lucas,156,Undirected,1
16,19,Charlotte Lucas,Sir William Lucas,156,Undirected,1
34,30,Mrs. Jenkinson,Lady Catherine de Bourgh,156,Undirected,1
17,20,Mr. Collins,Maria Lucas,156,Undirected,1
11,16,Elizabeth Bennet,Charlotte Lucas,156,Undirected,1
33,16,Miss de Bourgh,Charlotte Lucas,156,Undirected,1
5,30,Mr. Darcy,Lady Catherine de Bourgh,156,Undirected,1
11,19,Elizabeth Bennet,Sir William Lucas,156,Undirected,1
33,19,Miss de Bourgh,Sir William Lucas,156,Undirected,1
19,20,Sir William Lucas,Maria Lucas,156,Undirected,1
33,34,Miss de Bourgh,Mrs. Jenkinson,156,Undirected,1
16,30,Charlotte Lucas,Lady Catherine de Bourgh,156,Undirected,1
34,5,Mrs. Jenkinson,Mr. Darcy,156,Undirected,1
34,11,Mrs. Jenkinson,Elizabeth Bennet,156,Undirected,1
34,17,Mrs. Jenkinson,Mr. Collins,156,Undirected,1
5,11,Mr. Darcy,Elizabeth Bennet,156,Undirected,1
20,30,Maria Lucas,Lady Catherine de Bourgh,156,Undirected,1
34,20,Mrs. Jenkinson,Maria Lucas,156,Undirected,1
5,17,Mr. Darcy,Mr. Collins,156,Undirected,1
17,19,Mr. Collins,Sir William Lucas,156,Undirected,1
5,20,Mr. Darcy,Maria Lucas,156,Undirected,1
11,30,Elizabeth Bennet,Lady Catherine de Bourgh,156,Undirected,1
33,30,Miss de Bourgh,Lady Catherine de Bourgh,156,Undirected,1
16,17,Charlotte Lucas,Mr. Collins,156,Undirected,1
19,30,Sir William Lucas,Lady Catherine de Bourgh,157,Undirected,1
16,20,Charlotte Lucas,Maria Lucas,157,Undirected,1
11,20,Elizabeth Bennet,Maria Lucas,157,Undirected,1
20,30,Maria Lucas,Lady Catherine de Bourgh,157,Undirected,1
17,20,Mr. Collins,Maria Lucas,157,Undirected,1
11,16,Elizabeth Bennet,Charlotte Lucas,157,Undirected,1
16,19,Charlotte Lucas,Sir William Lucas,157,Undirected,1
11,19,Elizabeth Bennet,Sir William Lucas,157,Undirected,1
19,20,Sir William Lucas,Maria Lucas,157,Undirected,1
17,19,Mr. Collins,Sir William Lucas,157,Undirected,1
16,30,Charlotte Lucas,Lady Catherine de Bourgh,157,Undirected,1
11,30,Elizabeth Bennet,Lady Catherine de Bourgh,157,Undirected,1
17,30,Mr. Collins,Lady Catherine de Bourgh,157,Undirected,1
16,17,Charlotte Lucas,Mr. Collins,157,Undirected,1
11,17,Elizabeth Bennet,Mr. Collins,157,Undirected,1
35,30,Sir Lewis de Bourgh,Lady Catherine de Bourgh,158,Undirected,1
16,20,Charlotte Lucas,Maria Lucas,158,Undirected,1
17,30,Mr. Collins,Lady Catherine de Bourgh,158,Undirected,1
35,11,Sir Lewis de Bourgh,Elizabeth Bennet,158,Undirected,1
11,17,Elizabeth Bennet,Mr. Collins,158,Undirected,1
19,30,Sir William Lucas,Lady Catherine de Bourgh,158,Undirected,1
11,20,Elizabeth Bennet,Maria Lucas,158,Undirected,1
35,17,Sir Lewis de Bourgh,Mr. Collins,158,Undirected,1
35,20,Sir Lewis de Bourgh,Maria Lucas,158,Undirected,1
16,19,Charlotte Lucas,Sir William Lucas,158,Undirected,1
17,20,Mr. Collins,Maria Lucas,158,Undirected,1
11,16,Elizabeth Bennet,Charlotte Lucas,158,Undirected,1
11,19,Elizabeth Bennet,Sir William Lucas,158,Undirected,1
19,20,Sir William Lucas,Maria Lucas,158,Undirected,1
35,16,Sir Lewis de Bourgh,Charlotte Lucas,158,Undirected,1
35,19,Sir Lewis de Bourgh,Sir William Lucas,158,Undirected,1
16,30,Charlotte Lucas,Lady Catherine de Bourgh,158,Undirected,1
20,30,Maria Lucas,Lady Catherine de Bourgh,158,Undirected,1
17,19,Mr. Collins,Sir William Lucas,158,Undirected,1
11,30,Elizabeth Bennet,Lady Catherine de Bourgh,158,Undirected,1
16,17,Charlotte Lucas,Mr. Collins,158,Undirected,1
16,20,Charlotte Lucas,Maria Lucas,159,Undirected,1
34,16,Mrs. Jenkinson,Charlotte Lucas,159,Undirected,1
20,23,Maria Lucas,Mr. Wickham,159,Undirected,1
34,19,Mrs. Jenkinson,Sir William Lucas,159,Undirected,1
5,16,Mr. Darcy,Charlotte Lucas,159,Undirected,1
33,5,Miss de Bourgh,Mr. Darcy,159,Undirected,1
33,11,Miss de Bourgh,Elizabeth Bennet,159,Undirected,1
5,19,Mr. Darcy,Sir William Lucas,159,Undirected,1
17,30,Mr. Collins,Lady Catherine de Bourgh,159,Undirected,1
11,17,Elizabeth Bennet,Mr. Collins,159,Undirected,1
33,17,Miss de Bourgh,Mr. Collins,159,Undirected,1
33,23,Miss de Bourgh,Mr. Wickham,159,Undirected,1
11,23,Elizabeth Bennet,Mr. Wickham,159,Undirected,1
11,20,Elizabeth Bennet,Maria Lucas,159,Undirected,1
33,20,Miss de Bourgh,Maria Lucas,159,Undirected,1
19,30,Sir William Lucas,Lady Catherine de Bourgh,159,Undirected,1
16,19,Charlotte Lucas,Sir William Lucas,159,Undirected,1
23,30,Mr. Wickham,Lady Catherine de Bourgh,159,Undirected,1
34,30,Mrs. Jenkinson,Lady Catherine de Bourgh,159,Undirected,1
17,23,Mr. Collins,Mr. Wickham,159,Undirected,1
17,20,Mr. Collins,Maria Lucas,159,Undirected,1
11,16,Elizabeth Bennet,Charlotte Lucas,159,Undirected,1
33,16,Miss de Bourgh,Charlotte Lucas,159,Undirected,1
5,30,Mr. Darcy,Lady Catherine de Bourgh,159,Undirected,1
19,23,Sir William Lucas,Mr. Wickham,159,Undirected,1
11,19,Elizabeth Bennet,Sir William Lucas,159,Undirected,1
33,19,Miss de Bourgh,Sir William Lucas,159,Undirected,1
19,20,Sir William Lucas,Maria Lucas,159,Undirected,1
33,34,Miss de Bourgh,Mrs. Jenkinson,159,Undirected,1
16,30,Charlotte Lucas,Lady Catherine de Bourgh,159,Undirected,1
34,5,Mrs. Jenkinson,Mr. Darcy,159,Undirected,1
34,11,Mrs. Jenkinson,Elizabeth Bennet,159,Undirected,1
34,17,Mrs. Jenkinson,Mr. Collins,159,Undirected,1
34,23,Mrs. Jenkinson,Mr. Wickham,159,Undirected,1
5,11,Mr. Darcy,Elizabeth Bennet,159,Undirected,1
20,30,Maria Lucas,Lady Catherine de Bourgh,159,Undirected,1
34,20,Mrs. Jenkinson,Maria Lucas,159,Undirected,1
5,17,Mr. Darcy,Mr. Collins,159,Undirected,1
5,23,Mr. Darcy,Mr. Wickham,159,Undirected,1
17,19,Mr. Collins,Sir William Lucas,159,Undirected,1
5,20,Mr. Darcy,Maria Lucas,159,Undirected,1
11,30,Elizabeth Bennet,Lady Catherine de Bourgh,159,Undirected,1
33,30,Miss de Bourgh,Lady Catherine de Bourgh,159,Undirected,1
16,17,Charlotte Lucas,Mr. Collins,159,Undirected,1
16,23,Charlotte Lucas,Mr. Wickham,159,Undirected,1
16,20,Charlotte Lucas,Maria Lucas,160,Undirected,1
34,10,Mrs. Jenkinson,Jane Bennet,160,Undirected,1
34,19,Mrs. Jenkinson,Sir William Lucas,160,Undirected,1
8,9,Mr. Bennet,Mrs. Bennet,160,Undirected,1
9,17,Mrs. Bennet,Mr. Collins,160,Undirected,1
11,14,Elizabeth Bennet,Kitty Bennet,160,Undirected,1
17,30,Mr. Collins,Lady Catherine de Bourgh,160,Undirected,1
33,20,Miss de Bourgh,Maria Lucas,160,Undirected,1
13,17,Lydia Bennet,Mr. Collins,160,Undirected,1
34,12,Mrs. Jenkinson,Mary Bennet,160,Undirected,1
34,30,Mrs. Jenkinson,Lady Catherine de Bourgh,160,Undirected,1
8,11,Mr. Bennet,Elizabeth Bennet,160,Undirected,1
9,10,Mrs. Bennet,Jane Bennet,160,Undirected,1
9,19,Mrs. Bennet,Sir William Lucas,160,Undirected,1
11,16,Elizabeth Bennet,Charlotte Lucas,160,Undirected,1
33,13,Miss de Bourgh,Lydia Bennet,160,Undirected,1
10,20,Jane Bennet,Maria Lucas,160,Undirected,1
13,19,Lydia Bennet,Sir William Lucas,160,Undirected,1
34,14,Mrs. Jenkinson,Kitty Bennet,160,Undirected,1
12,20,Mary Bennet,Maria Lucas,160,Undirected,1
14,17,Kitty Bennet,Mr. Collins,160,Undirected,1
9,12,Mrs. Bennet,Mary Bennet,160,Undirected,1
16,17,Charlotte Lucas,Mr. Collins,160,Undirected,1
13,30,Lydia Bennet,Lady Catherine de Bourgh,160,Undirected,1
34,16,Mrs. Jenkinson,Charlotte Lucas,160,Undirected,1
12,13,Mary Bennet,Lydia Bennet,160,Undirected,1
14,19,Kitty Bennet,Sir William Lucas,160,Undirected,1
9,14,Mrs. Bennet,Kitty Bennet,160,Undirected,1
33,8,Miss de Bourgh,Mr. Bennet,160,Undirected,1
33,17,Miss de Bourgh,Mr. Collins,160,Undirected,1
13,14,Lydia Bennet,Kitty Bennet,160,Undirected,1
16,19,Charlotte Lucas,Sir William Lucas,160,Undirected,1
34,9,Mrs. Jenkinson,Mrs. Bennet,160,Undirected,1
9,16,Mrs. Bennet,Charlotte Lucas,160,Undirected,1
14,30,Kitty Bennet,Lady Catherine de Bourgh,160,Undirected,1
33,10,Miss de Bourgh,Jane Bennet,160,Undirected,1
8,20,Mr. Bennet,Maria Lucas,160,Undirected,1
33,19,Miss de Bourgh,Sir William Lucas,160,Undirected,1
10,17,Jane Bennet,Mr. Collins,160,Undirected,1
13,16,Lydia Bennet,Charlotte Lucas,160,Undirected,1
19,20,Sir William Lucas,Maria Lucas,160,Undirected,1
16,30,Charlotte Lucas,Lady Catherine de Bourgh,160,Undirected,1
34,11,Mrs. Jenkinson,Elizabeth Bennet,160,Undirected,1
12,17,Mary Bennet,Mr. Collins,160,Undirected,1
20,30,Maria Lucas,Lady Catherine de Bourgh,160,Undirected,1
8,13,Mr. Bennet,Lydia Bennet,160,Undirected,1
33,12,Miss de Bourgh,Mary Bennet,160,Undirected,1
10,19,Jane Bennet,Sir William Lucas,160,Undirected,1
33,30,Miss de Bourgh,Lady Catherine de Bourgh,160,Undirected,1
9,30,Mrs. Bennet,Lady Catherine de Bourgh,160,Undirected,1
12,19,Mary Bennet,Sir William Lucas,160,Undirected,1
14,16,Kitty Bennet,Charlotte Lucas,160,Undirected,1
33,14,Miss de Bourgh,Kitty Bennet,160,Undirected,1
10,12,Jane Bennet,Mary Bennet,160,Undirected,1
11,20,Elizabeth Bennet,Maria Lucas,160,Undirected,1
10,30,Jane Bennet,Lady Catherine de Bourgh,160,Undirected,1
12,30,Mary Bennet,Lady Catherine de Bourgh,160,Undirected,1
17,20,Mr. Collins,Maria Lucas,160,Undirected,1
8,17,Mr. Bennet,Mr. Collins,160,Undirected,1
33,16,Miss de Bourgh,Charlotte Lucas,160,Undirected,1
10,14,Jane Bennet,Kitty Bennet,160,Undirected,1
11,13,Elizabeth Bennet,Lydia Bennet,160,Undirected,1
12,14,Mary Bennet,Kitty Bennet,160,Undirected,1
34,20,Mrs. Jenkinson,Maria Lucas,160,Undirected,1
8,10,Mr. Bennet,Jane Bennet,160,Undirected,1
33,9,Miss de Bourgh,Mrs. Bennet,160,Undirected,1
8,19,Mr. Bennet,Sir William Lucas,160,Undirected,1
10,16,Jane Bennet,Charlotte Lucas,160,Undirected,1
12,16,Mary Bennet,Charlotte Lucas,160,Undirected,1
34,13,Mrs. Jenkinson,Lydia Bennet,160,Undirected,1
8,12,Mr. Bennet,Mary Bennet,160,Undirected,1
33,11,Miss de Bourgh,Elizabeth Bennet,160,Undirected,1
9,11,Mrs. Bennet,Elizabeth Bennet,160,Undirected,1
9,20,Mrs. Bennet,Maria Lucas,160,Undirected,1
11,17,Elizabeth Bennet,Mr. Collins,160,Undirected,1
8,30,Mr. Bennet,Lady Catherine de Bourgh,160,Undirected,1
19,30,Sir William Lucas,Lady Catherine de Bourgh,160,Undirected,1
13,20,Lydia Bennet,Maria Lucas,160,Undirected,1
8,14,Mr. Bennet,Kitty Bennet,160,Undirected,1
10,11,Jane Bennet,Elizabeth Bennet,160,Undirected,1
9,13,Mrs. Bennet,Lydia Bennet,160,Undirected,1
11,19,Elizabeth Bennet,Sir William Lucas,160,Undirected,1
33,34,Miss de Bourgh,Mrs. Jenkinson,160,Undirected,1
34,8,Mrs. Jenkinson,Mr. Bennet,160,Undirected,1
34,17,Mrs. Jenkinson,Mr. Collins,160,Undirected,1
14,20,Kitty Bennet,Maria Lucas,160,Undirected,1
17,19,Mr. Collins,Sir William Lucas,160,Undirected,1
8,16,Mr. Bennet,Charlotte Lucas,160,Undirected,1
10,13,Jane Bennet,Lydia Bennet,160,Undirected,1
11,12,Elizabeth Bennet,Mary Bennet,160,Undirected,1
11,30,Elizabeth Bennet,Lady Catherine de Bourgh,160,Undirected,1
35,30,Sir Lewis de Bourgh,Lady Catherine de Bourgh,161,Undirected,1
11,91,Elizabeth Bennet,The Miss Webbs' Father,161,Undirected,1
13,30,Lydia Bennet,Lady Catherine de Bourgh,161,Undirected,1
90,91,The Miss Webbs,The Miss Webbs' Father,161,Undirected,1
90,30,The Miss Webbs,Lady Catherine de Bourgh,161,Undirected,1
35,91,Sir Lewis de Bourgh,The Miss Webbs' Father,161,Undirected,1
13,91,Lydia Bennet,The Miss Webbs' Father,161,Undirected,1
16,90,Charlotte Lucas,The Miss Webbs,161,Undirected,1
12,16,Mary Bennet,Charlotte Lucas,161,Undirected,1
12,13,Mary Bennet,Lydia Bennet,161,Undirected,1
14,16,Kitty Bennet,Charlotte Lucas,161,Undirected,1
8,9,Mr. Bennet,Mrs. Bennet,161,Undirected,1
9,14,Mrs. Bennet,Kitty Bennet,161,Undirected,1
8,12,Mr. Bennet,Mary Bennet,161,Undirected,1
9,11,Mrs. Bennet,Elizabeth Bennet,161,Undirected,1
11,14,Elizabeth Bennet,Kitty Bennet,161,Undirected,1
10,12,Jane Bennet,Mary Bennet,161,Undirected,1
35,11,Sir Lewis de Bourgh,Elizabeth Bennet,161,Undirected,1
35,8,Sir Lewis de Bourgh,Mr. Bennet,161,Undirected,1
35,14,Sir Lewis de Bourgh,Kitty Bennet,161,Undirected,1
8,30,Mr. Bennet,Lady Catherine de Bourgh,161,Undirected,1
9,90,Mrs. Bennet,The Miss Webbs,161,Undirected,1
13,14,Lydia Bennet,Kitty Bennet,161,Undirected,1
10,30,Jane Bennet,Lady Catherine de Bourgh,161,Undirected,1
8,91,Mr. Bennet,The Miss Webbs' Father,161,Undirected,1
11,90,Elizabeth Bennet,The Miss Webbs,161,Undirected,1
10,91,Jane Bennet,The Miss Webbs' Father,161,Undirected,1
35,90,Sir Lewis de Bourgh,The Miss Webbs,161,Undirected,1
13,90,Lydia Bennet,The Miss Webbs,161,Undirected,1
14,30,Kitty Bennet,Lady Catherine de Bourgh,161,Undirected,1
12,30,Mary Bennet,Lady Catherine de Bourgh,161,Undirected,1
8,11,Mr. Bennet,Elizabeth Bennet,161,Undirected,1
9,10,Mrs. Bennet,Jane Bennet,161,Undirected,1
9,16,Mrs. Bennet,Charlotte Lucas,161,Undirected,1
8,14,Mr. Bennet,Kitty Bennet,161,Undirected,1
10,11,Jane Bennet,Elizabeth Bennet,161,Undirected,1
9,13,Mrs. Bennet,Lydia Bennet,161,Undirected,1
12,91,Mary Bennet,The Miss Webbs' Father,161,Undirected,1
11,16,Elizabeth Bennet,Charlotte Lucas,161,Undirected,1
10,14,Jane Bennet,Kitty Bennet,161,Undirected,1
35,13,Sir Lewis de Bourgh,Lydia Bennet,161,Undirected,1
11,13,Elizabeth Bennet,Lydia Bennet,161,Undirected,1
14,91,Kitty Bennet,The Miss Webbs' Father,161,Undirected,1
35,10,Sir Lewis de Bourgh,Jane Bennet,161,Undirected,1
35,16,Sir Lewis de Bourgh,Charlotte Lucas,161,Undirected,1
13,16,Lydia Bennet,Charlotte Lucas,161,Undirected,1
8,90,Mr. Bennet,The Miss Webbs,161,Undirected,1
10,90,Jane Bennet,The Miss Webbs,161,Undirected,1
91,30,The Miss Webbs' Father,Lady Catherine de Bourgh,161,Undirected,1
16,30,Charlotte Lucas,Lady Catherine de Bourgh,161,Undirected,1
12,14,Mary Bennet,Kitty Bennet,161,Undirected,1
16,91,Charlotte Lucas,The Miss Webbs' Father,161,Undirected,1
12,90,Mary Bennet,The Miss Webbs,161,Undirected,1
9,12,Mrs. Bennet,Mary Bennet,161,Undirected,1
8,10,Mr. Bennet,Jane Bennet,161,Undirected,1
8,16,Mr. Bennet,Charlotte Lucas,161,Undirected,1
10,13,Jane Bennet,Lydia Bennet,161,Undirected,1
14,90,Kitty Bennet,The Miss Webbs,161,Undirected,1
8,13,Mr. Bennet,Lydia Bennet,161,Undirected,1
11,12,Elizabeth Bennet,Mary Bennet,161,Undirected,1
35,9,Sir Lewis de Bourgh,Mrs. Bennet,161,Undirected,1
10,16,Jane Bennet,Charlotte Lucas,161,Undirected,1
35,12,Sir Lewis de Bourgh,Mary Bennet,161,Undirected,1
11,30,Elizabeth Bennet,Lady Catherine de Bourgh,161,Undirected,1
9,91,Mrs. Bennet,The Miss Webbs' Father,161,Undirected,1
9,30,Mrs. Bennet,Lady Catherine de Bourgh,161,Undirected,1
34,10,Mrs. Jenkinson,Jane Bennet,162,Undirected,1
34,19,Mrs. Jenkinson,Sir William Lucas,162,Undirected,1
36,16,Mrs. Jenkinson's four nieces,Charlotte Lucas,162,Undirected,1
34,37,Mrs. Jenkinson,Lady Metcalfe,162,Undirected,1
11,14,Elizabeth Bennet,Kitty Bennet,162,Undirected,1
17,30,Mr. Collins,Lady Catherine de Bourgh,162,Undirected,1
13,17,Lydia Bennet,Mr. Collins,162,Undirected,1
38,16,Miss Pope,Charlotte Lucas,162,Undirected,1
34,12,Mrs. Jenkinson,Mary Bennet,162,Undirected,1
37,17,Lady Metcalfe,Mr. Collins,162,Undirected,1
34,30,Mrs. Jenkinson,Lady Catherine de Bourgh,162,Undirected,1
11,16,Elizabeth Bennet,Charlotte Lucas,162,Undirected,1
13,19,Lydia Bennet,Sir William Lucas,162,Undirected,1
34,14,Mrs. Jenkinson,Kitty Bennet,162,Undirected,1
36,11,Mrs. Jenkinson's four nieces,Elizabeth Bennet,162,Undirected,1
37,10,Lady Metcalfe,Jane Bennet,162,Undirected,1
37,19,Lady Metcalfe,Sir William Lucas,162,Undirected,1
14,17,Kitty Bennet,Mr. Collins,162,Undirected,1
38,11,Miss Pope,Elizabeth Bennet,162,Undirected,1
16,17,Charlotte Lucas,Mr. Collins,162,Undirected,1
13,30,Lydia Bennet,Lady Catherine de Bourgh,162,Undirected,1
34,16,Mrs. Jenkinson,Charlotte Lucas,162,Undirected,1
36,13,Mrs. Jenkinson's four nieces,Lydia Bennet,162,Undirected,1
12,13,Mary Bennet,Lydia Bennet,162,Undirected,1
37,12,Lady Metcalfe,Mary Bennet,162,Undirected,1
14,19,Kitty Bennet,Sir William Lucas,162,Undirected,1
37,30,Lady Metcalfe,Lady Catherine de Bourgh,162,Undirected,1
13,14,Lydia Bennet,Kitty Bennet,162,Undirected,1
16,19,Charlotte Lucas,Sir William Lucas,162,Undirected,1
37,14,Lady Metcalfe,Kitty Bennet,162,Undirected,1
14,30,Kitty Bennet,Lady Catherine de Bourgh,162,Undirected,1
10,17,Jane Bennet,Mr. Collins,162,Undirected,1
13,16,Lydia Bennet,Charlotte Lucas,162,Undirected,1
16,30,Charlotte Lucas,Lady Catherine de Bourgh,162,Undirected,1
34,11,Mrs. Jenkinson,Elizabeth Bennet,162,Undirected,1
12,17,Mary Bennet,Mr. Collins,162,Undirected,1
37,16,Lady Metcalfe,Charlotte Lucas,162,Undirected,1
36,38,Mrs. Jenkinson's four nieces,Miss Pope,162,Undirected,1
10,19,Jane Bennet,Sir William Lucas,162,Undirected,1
12,19,Mary Bennet,Sir William Lucas,162,Undirected,1
14,16,Kitty Bennet,Charlotte Lucas,162,Undirected,1
10,12,Jane Bennet,Mary Bennet,162,Undirected,1
10,30,Jane Bennet,Lady Catherine de Bourgh,162,Undirected,1
38,13,Miss Pope,Lydia Bennet,162,Undirected,1
37,11,Lady Metcalfe,Elizabeth Bennet,162,Undirected,1
12,30,Mary Bennet,Lady Catherine de Bourgh,162,Undirected,1
34,36,Mrs. Jenkinson,Mrs. Jenkinson's four nieces,162,Undirected,1
10,14,Jane Bennet,Kitty Bennet,162,Undirected,1
11,13,Elizabeth Bennet,Lydia Bennet,162,Undirected,1
12,14,Mary Bennet,Kitty Bennet,162,Undirected,1
36,17,Mrs. Jenkinson's four nieces,Mr. Collins,162,Undirected,1
34,38,Mrs. Jenkinson,Miss Pope,162,Undirected,1
10,16,Jane Bennet,Charlotte Lucas,162,Undirected,1
38,17,Miss Pope,Mr. Collins,162,Undirected,1
12,16,Mary Bennet,Charlotte Lucas,162,Undirected,1
34,13,Mrs. Jenkinson,Lydia Bennet,162,Undirected,1
36,10,Mrs. Jenkinson's four nieces,Jane Bennet,162,Undirected,1
36,19,Mrs. Jenkinson's four nieces,Sir William Lucas,162,Undirected,1
36,37,Mrs. Jenkinson's four nieces,Lady Metcalfe,162,Undirected,1
11,17,Elizabeth Bennet,Mr. Collins,162,Undirected,1
19,30,Sir William Lucas,Lady Catherine de Bourgh,162,Undirected,1
38,10,Miss Pope,Jane Bennet,162,Undirected,1
38,19,Miss Pope,Sir William Lucas,162,Undirected,1
36,12,Mrs. Jenkinson's four nieces,Mary Bennet,162,Undirected,1
36,30,Mrs. Jenkinson's four nieces,Lady Catherine de Bourgh,162,Undirected,1
10,11,Jane Bennet,Elizabeth Bennet,162,Undirected,1
37,38,Lady Metcalfe,Miss Pope,162,Undirected,1
11,19,Elizabeth Bennet,Sir William Lucas,162,Undirected,1
38,12,Miss Pope,Mary Bennet,162,Undirected,1
38,30,Miss Pope,Lady Catherine de Bourgh,162,Undirected,1
34,17,Mrs. Jenkinson,Mr. Collins,162,Undirected,1
36,14,Mrs. Jenkinson's four nieces,Kitty Bennet,162,Undirected,1
37,13,Lady Metcalfe,Lydia Bennet,162,Undirected,1
17,19,Mr. Collins,Sir William Lucas,162,Undirected,1
10,13,Jane Bennet,Lydia Bennet,162,Undirected,1
11,12,Elizabeth Bennet,Mary Bennet,162,Undirected,1
11,30,Elizabeth Bennet,Lady Catherine de Bourgh,162,Undirected,1
38,14,Miss Pope,Kitty Bennet,162,Undirected,1
16,20,Charlotte Lucas,Maria Lucas,163,Undirected,1
34,16,Mrs. Jenkinson,Charlotte Lucas,163,Undirected,1
34,19,Mrs. Jenkinson,Sir William Lucas,163,Undirected,1
33,11,Miss de Bourgh,Elizabeth Bennet,163,Undirected,1
17,30,Mr. Collins,Lady Catherine de Bourgh,163,Undirected,1
11,17,Elizabeth Bennet,Mr. Collins,163,Undirected,1
33,17,Miss de Bourgh,Mr. Collins,163,Undirected,1
19,30,Sir William Lucas,Lady Catherine de Bourgh,163,Undirected,1
11,20,Elizabeth Bennet,Maria Lucas,163,Undirected,1
33,20,Miss de Bourgh,Maria Lucas,163,Undirected,1
16,19,Charlotte Lucas,Sir William Lucas,163,Undirected,1
34,30,Mrs. Jenkinson,Lady Catherine de Bourgh,163,Undirected,1
17,20,Mr. Collins,Maria Lucas,163,Undirected,1
11,16,Elizabeth Bennet,Charlotte Lucas,163,Undirected,1
33,16,Miss de Bourgh,Charlotte Lucas,163,Undirected,1
11,19,Elizabeth Bennet,Sir William Lucas,163,Undirected,1
33,19,Miss de Bourgh,Sir William Lucas,163,Undirected,1
19,20,Sir William Lucas,Maria Lucas,163,Undirected,1
33,34,Miss de Bourgh,Mrs. Jenkinson,163,Undirected,1
16,30,Charlotte Lucas,Lady Catherine de Bourgh,163,Undirected,1
34,11,Mrs. Jenkinson,Elizabeth Bennet,163,Undirected,1
34,17,Mrs. Jenkinson,Mr. Collins,163,Undirected,1
20,30,Maria Lucas,Lady Catherine de Bourgh,163,Undirected,1
34,20,Mrs. Jenkinson,Maria Lucas,163,Undirected,1
17,19,Mr. Collins,Sir William Lucas,163,Undirected,1
11,30,Elizabeth Bennet,Lady Catherine de Bourgh,163,Undirected,1
33,30,Miss de Bourgh,Lady Catherine de Bourgh,163,Undirected,1
16,17,Charlotte Lucas,Mr. Collins,163,Undirected,1
16,20,Charlotte Lucas,Maria Lucas,173,Undirected,1
7,17,Mr. Hurst,Mr. Collins,173,Undirected,1
3,4,Miss Bingley,Mr. Bingley,173,Undirected,1
7,20,Mr. Hurst,Maria Lucas,173,Undirected,1
3,7,Miss Bingley,Mr. Hurst,173,Undirected,1
6,30,Mrs. Hurst,Lady Catherine de Bourgh,173,Undirected,1
4,6,Mr. Bingley,Mrs. Hurst,173,Undirected,1
3,10,Miss Bingley,Jane Bennet,173,Undirected,1
3,16,Miss Bingley,Charlotte Lucas,173,Undirected,1
5,7,Mr. Darcy,Mr. Hurst,173,Undirected,1
5,10,Mr. Darcy,Jane Bennet,173,Undirected,1
5,16,Mr. Darcy,Charlotte Lucas,173,Undirected,1
17,30,Mr. Collins,Lady Catherine de Bourgh,173,Undirected,1
4,30,Mr. Bingley,Lady Catherine de Bourgh,173,Undirected,1
11,17,Elizabeth Bennet,Mr. Collins,173,Undirected,1
11,20,Elizabeth Bennet,Maria Lucas,173,Undirected,1
10,30,Jane Bennet,Lady Catherine de Bourgh,173,Undirected,1
6,11,Mrs. Hurst,Elizabeth Bennet,173,Undirected,1
7,10,Mr. Hurst,Jane Bennet,173,Undirected,1
7,16,Mr. Hurst,Charlotte Lucas,173,Undirected,1
6,20,Mrs. Hurst,Maria Lucas,173,Undirected,1
6,17,Mrs. Hurst,Mr. Collins,173,Undirected,1
4,5,Mr. Bingley,Mr. Darcy,173,Undirected,1
5,6,Mr. Darcy,Mrs. Hurst,173,Undirected,1
3,6,Miss Bingley,Mrs. Hurst,173,Undirected,1
4,11,Mr. Bingley,Elizabeth Bennet,173,Undirected,1
4,17,Mr. Bingley,Mr. Collins,173,Undirected,1
4,20,Mr. Bingley,Maria Lucas,173,Undirected,1
3,30,Miss Bingley,Lady Catherine de Bourgh,173,Undirected,1
10,11,Jane Bennet,Elizabeth Bennet,173,Undirected,1
17,20,Mr. Collins,Maria Lucas,173,Undirected,1
11,16,Elizabeth Bennet,Charlotte Lucas,173,Undirected,1
5,30,Mr. Darcy,Lady Catherine de Bourgh,173,Undirected,1
10,17,Jane Bennet,Mr. Collins,173,Undirected,1
10,20,Jane Bennet,Maria Lucas,173,Undirected,1
6,7,Mrs. Hurst,Mr. Hurst,173,Undirected,1
6,10,Mrs. Hurst,Jane Bennet,173,Undirected,1
6,16,Mrs. Hurst,Charlotte Lucas,173,Undirected,1
16,30,Charlotte Lucas,Lady Catherine de Bourgh,173,Undirected,1
4,7,Mr. Bingley,Mr. Hurst,173,Undirected,1
3,5,Miss Bingley,Mr. Darcy,173,Undirected,1
3,11,Miss Bingley,Elizabeth Bennet,173,Undirected,1
7,30,Mr. Hurst,Lady Catherine de Bourgh,173,Undirected,1
4,10,Mr. Bingley,Jane Bennet,173,Undirected,1
4,16,Mr. Bingley,Charlotte Lucas,173,Undirected,1
5,11,Mr. Darcy,Elizabeth Bennet,173,Undirected,1
20,30,Maria Lucas,Lady Catherine de Bourgh,173,Undirected,1
3,17,Miss Bingley,Mr. Collins,173,Undirected,1
3,20,Miss Bingley,Maria Lucas,173,Undirected,1
5,17,Mr. Darcy,Mr. Collins,173,Undirected,1
5,20,Mr. Darcy,Maria Lucas,173,Undirected,1
10,16,Jane Bennet,Charlotte Lucas,173,Undirected,1
11,30,Elizabeth Bennet,Lady Catherine de Bourgh,173,Undirected,1
7,11,Mr. Hurst,Elizabeth Bennet,173,Undirected,1
16,17,Charlotte Lucas,Mr. Collins,173,Undirected,1
16,20,Charlotte Lucas,Maria Lucas,174,Undirected,1
5,19,Mr. Darcy,Sir William Lucas,174,Undirected,1
17,21,Mr. Collins,Young Lucas,174,Undirected,1
17,30,Mr. Collins,Lady Catherine de Bourgh,174,Undirected,1
4,30,Mr. Bingley,Lady Catherine de Bourgh,174,Undirected,1
4,39,Mr. Bingley,Mr. Bingley's friends,174,Undirected,1
16,22,Charlotte Lucas,Lucas brothers,174,Undirected,1
18,19,Lady Lucas,Sir William Lucas,174,Undirected,1
39,17,Mr. Bingley's friends,Mr. Collins,174,Undirected,1
20,22,Maria Lucas,Lucas brothers,174,Undirected,1
5,21,Mr. Darcy,Young Lucas,174,Undirected,1
11,16,Elizabeth Bennet,Charlotte Lucas,174,Undirected,1
5,30,Mr. Darcy,Lady Catherine de Bourgh,174,Undirected,1
5,39,Mr. Darcy,Mr. Bingley's friends,174,Undirected,1
18,21,Lady Lucas,Young Lucas,174,Undirected,1
39,19,Mr. Bingley's friends,Sir William Lucas,174,Undirected,1
18,30,Lady Lucas,Lady Catherine de Bourgh,174,Undirected,1
22,30,Lucas brothers,Lady Catherine de Bourgh,174,Undirected,1
16,17,Charlotte Lucas,Mr. Collins,174,Undirected,1
39,21,Mr. Bingley's friends,Young Lucas,174,Undirected,1
40,20,Mr. Collins' friends,Maria Lucas,174,Undirected,1
39,30,Mr. Bingley's friends,Lady Catherine de Bourgh,174,Undirected,1
5,16,Mr. Darcy,Charlotte Lucas,174,Undirected,1
4,18,Mr. Bingley,Lady Lucas,174,Undirected,1
16,19,Charlotte Lucas,Sir William Lucas,174,Undirected,1
40,22,Mr. Collins' friends,Lucas brothers,174,Undirected,1
4,11,Mr. Bingley,Elizabeth Bennet,174,Undirected,1
5,18,Mr. Darcy,Lady Lucas,174,Undirected,1
4,20,Mr. Bingley,Maria Lucas,174,Undirected,1
19,20,Sir William Lucas,Maria Lucas,174,Undirected,1
16,21,Charlotte Lucas,Young Lucas,174,Undirected,1
39,16,Mr. Bingley's friends,Charlotte Lucas,174,Undirected,1
16,30,Charlotte Lucas,Lady Catherine de Bourgh,174,Undirected,1
20,21,Maria Lucas,Young Lucas,174,Undirected,1
5,11,Mr. Darcy,Elizabeth Bennet,174,Undirected,1
20,30,Maria Lucas,Lady Catherine de Bourgh,174,Undirected,1
4,22,Mr. Bingley,Lucas brothers,174,Undirected,1
4,40,Mr. Bingley,Mr. Collins' friends,174,Undirected,1
19,22,Sir William Lucas,Lucas brothers,174,Undirected,1
11,18,Elizabeth Bennet,Lady Lucas,174,Undirected,1
39,18,Mr. Bingley's friends,Lady Lucas,174,Undirected,1
40,17,Mr. Collins' friends,Mr. Collins,174,Undirected,1
21,22,Young Lucas,Lucas brothers,174,Undirected,1
17,18,Mr. Collins,Lady Lucas,174,Undirected,1
11,20,Elizabeth Bennet,Maria Lucas,174,Undirected,1
39,11,Mr. Bingley's friends,Elizabeth Bennet,174,Undirected,1
39,20,Mr. Bingley's friends,Maria Lucas,174,Undirected,1
40,19,Mr. Collins' friends,Sir William Lucas,174,Undirected,1
4,17,Mr. Bingley,Mr. Collins,174,Undirected,1
17,20,Mr. Collins,Maria Lucas,174,Undirected,1
11,22,Elizabeth Bennet,Lucas brothers,174,Undirected,1
39,22,Mr. Bingley's friends,Lucas brothers,174,Undirected,1
40,21,Mr. Collins' friends,Young Lucas,174,Undirected,1
40,30,Mr. Collins' friends,Lady Catherine de Bourgh,174,Undirected,1
4,19,Mr. Bingley,Sir William Lucas,174,Undirected,1
5,20,Mr. Darcy,Maria Lucas,174,Undirected,1
17,22,Mr. Collins,Lucas brothers,174,Undirected,1
18,20,Lady Lucas,Maria Lucas,174,Undirected,1
4,21,Mr. Bingley,Young Lucas,174,Undirected,1
5,22,Mr. Darcy,Lucas brothers,174,Undirected,1
19,21,Sir William Lucas,Young Lucas,174,Undirected,1
11,17,Elizabeth Bennet,Mr. Collins,174,Undirected,1
19,30,Sir William Lucas,Lady Catherine de Bourgh,174,Undirected,1
5,40,Mr. Darcy,Mr. Collins' friends,174,Undirected,1
40,16,Mr. Collins' friends,Charlotte Lucas,174,Undirected,1
4,5,Mr. Bingley,Mr. Darcy,174,Undirected,1
18,22,Lady Lucas,Lucas brothers,174,Undirected,1
21,30,Young Lucas,Lady Catherine de Bourgh,174,Undirected,1
11,19,Elizabeth Bennet,Sir William Lucas,174,Undirected,1
40,18,Mr. Collins' friends,Lady Lucas,174,Undirected,1
16,18,Charlotte Lucas,Lady Lucas,174,Undirected,1
4,16,Mr. Bingley,Charlotte Lucas,174,Undirected,1
39,40,Mr. Bingley's friends,Mr. Collins' friends,174,Undirected,1
5,17,Mr. Darcy,Mr. Collins,174,Undirected,1
17,19,Mr. Collins,Sir William Lucas,174,Undirected,1
11,21,Elizabeth Bennet,Young Lucas,174,Undirected,1
11,30,Elizabeth Bennet,Lady Catherine de Bourgh,174,Undirected,1
40,11,Mr. Collins' friends,Elizabeth Bennet,174,Undirected,1
16,20,Charlotte Lucas,Maria Lucas,175,Undirected,1
10,11,Jane Bennet,Elizabeth Bennet,175,Undirected,1
5,11,Mr. Darcy,Elizabeth Bennet,175,Undirected,1
11,20,Elizabeth Bennet,Maria Lucas,175,Undirected,1
11,16,Elizabeth Bennet,Charlotte Lucas,175,Undirected,1
17,20,Mr. Collins,Maria Lucas,175,Undirected,1
10,17,Jane Bennet,Mr. Collins,175,Undirected,1
5,17,Mr. Darcy,Mr. Collins,175,Undirected,1
10,20,Jane Bennet,Maria Lucas,175,Undirected,1
5,20,Mr. Darcy,Maria Lucas,175,Undirected,1
5,10,Mr. Darcy,Jane Bennet,175,Undirected,1
5,16,Mr. Darcy,Charlotte Lucas,175,Undirected,1
10,16,Jane Bennet,Charlotte Lucas,175,Undirected,1
16,17,Charlotte Lucas,Mr. Collins,175,Undirected,1
11,17,Elizabeth Bennet,Mr. Collins,175,Undirected,1
5,16,Mr. Darcy,Charlotte Lucas,176,Undirected,1
17,30,Mr. Collins,Lady Catherine de Bourgh,176,Undirected,1
11,17,Elizabeth Bennet,Mr. Collins,176,Undirected,1
11,23,Elizabeth Bennet,Mr. Wickham,176,Undirected,1
41,30,Colonel Fitzwilliam,Lady Catherine de Bourgh,176,Undirected,1
23,30,Mr. Wickham,Lady Catherine de Bourgh,176,Undirected,1
5,41,Mr. Darcy,Colonel Fitzwilliam,176,Undirected,1
41,11,Colonel Fitzwilliam,Elizabeth Bennet,176,Undirected,1
17,23,Mr. Collins,Mr. Wickham,176,Undirected,1
11,16,Elizabeth Bennet,Charlotte Lucas,176,Undirected,1
5,30,Mr. Darcy,Lady Catherine de Bourgh,176,Undirected,1
41,17,Colonel Fitzwilliam,Mr. Collins,176,Undirected,1
41,23,Colonel Fitzwilliam,Mr. Wickham,176,Undirected,1
16,30,Charlotte Lucas,Lady Catherine de Bourgh,176,Undirected,1
5,11,Mr. Darcy,Elizabeth Bennet,176,Undirected,1
5,17,Mr. Darcy,Mr. Collins,176,Undirected,1
5,23,Mr. Darcy,Mr. Wickham,176,Undirected,1
41,16,Colonel Fitzwilliam,Charlotte Lucas,176,Undirected,1
11,30,Elizabeth Bennet,Lady Catherine de Bourgh,176,Undirected,1
16,17,Charlotte Lucas,Mr. Collins,176,Undirected,1
16,23,Charlotte Lucas,Mr. Wickham,176,Undirected,1
16,41,Charlotte Lucas,Colonel Fitzwilliam,177,Undirected,1
16,5,Charlotte Lucas,Mr. Darcy,177,Undirected,1
11,5,Elizabeth Bennet,Mr. Darcy,177,Undirected,1
16,11,Charlotte Lucas,Elizabeth Bennet,177,Undirected,1
41,5,Colonel Fitzwilliam,Mr. Darcy,177,Undirected,1
41,11,Colonel Fitzwilliam,Elizabeth Bennet,177,Undirected,1
10,11,Jane Bennet,Elizabeth Bennet,178,Undirected,1
5,11,Mr. Darcy,Elizabeth Bennet,178,Undirected,1
11,16,Elizabeth Bennet,Charlotte Lucas,178,Undirected,1
41,17,Colonel Fitzwilliam,Mr. Collins,178,Undirected,1
16,17,Charlotte Lucas,Mr. Collins,178,Undirected,1
10,17,Jane Bennet,Mr. Collins,178,Undirected,1
5,17,Mr. Darcy,Mr. Collins,178,Undirected,1
41,10,Colonel Fitzwilliam,Jane Bennet,178,Undirected,1
41,16,Colonel Fitzwilliam,Charlotte Lucas,178,Undirected,1
5,10,Mr. Darcy,Jane Bennet,178,Undirected,1
5,16,Mr. Darcy,Charlotte Lucas,178,Undirected,1
10,16,Jane Bennet,Charlotte Lucas,178,Undirected,1
11,17,Elizabeth Bennet,Mr. Collins,178,Undirected,1
5,41,Mr. Darcy,Colonel Fitzwilliam,178,Undirected,1
41,11,Colonel Fitzwilliam,Elizabeth Bennet,178,Undirected,1
11,5,Elizabeth Bennet,Mr. Darcy,179,Undirected,1
41,5,Colonel Fitzwilliam,Mr. Darcy,179,Undirected,1
41,11,Colonel Fitzwilliam,Elizabeth Bennet,179,Undirected,1
6,15,Mrs. Hurst,Miss Darcy,180,Undirected,1
3,4,Miss Bingley,Mr. Bingley,180,Undirected,1
4,6,Mr. Bingley,Mrs. Hurst,180,Undirected,1
4,15,Mr. Bingley,Miss Darcy,180,Undirected,1
41,15,Colonel Fitzwilliam,Miss Darcy,180,Undirected,1
6,11,Mrs. Hurst,Elizabeth Bennet,180,Undirected,1
4,5,Mr. Bingley,Mr. Darcy,180,Undirected,1
5,6,Mr. Darcy,Mrs. Hurst,180,Undirected,1
3,6,Miss Bingley,Mrs. Hurst,180,Undirected,1
4,11,Mr. Bingley,Elizabeth Bennet,180,Undirected,1
3,15,Miss Bingley,Miss Darcy,180,Undirected,1
41,11,Colonel Fitzwilliam,Elizabeth Bennet,180,Undirected,1
5,15,Mr. Darcy,Miss Darcy,180,Undirected,1
6,41,Mrs. Hurst,Colonel Fitzwilliam,180,Undirected,1
4,41,Mr. Bingley,Colonel Fitzwilliam,180,Undirected,1
3,5,Miss Bingley,Mr. Darcy,180,Undirected,1
3,11,Miss Bingley,Elizabeth Bennet,180,Undirected,1
5,11,Mr. Darcy,Elizabeth Bennet,180,Undirected,1
11,15,Elizabeth Bennet,Miss Darcy,180,Undirected,1
3,41,Miss Bingley,Colonel Fitzwilliam,180,Undirected,1
5,41,Mr. Darcy,Colonel Fitzwilliam,180,Undirected,1
4,9,Mr. Bingley,Mrs. Bennet,181,Undirected,1
4,12,Mr. Bingley,Mary Bennet,181,Undirected,1
12,13,Mary Bennet,Lydia Bennet,181,Undirected,1
5,13,Mr. Darcy,Lydia Bennet,181,Undirected,1
5,10,Mr. Darcy,Jane Bennet,181,Undirected,1
8,9,Mr. Bennet,Mrs. Bennet,181,Undirected,1
41,9,Colonel Fitzwilliam,Mrs. Bennet,181,Undirected,1
8,12,Mr. Bennet,Mary Bennet,181,Undirected,1
41,12,Colonel Fitzwilliam,Mary Bennet,181,Undirected,1
10,9,Jane Bennet,Mrs. Bennet,181,Undirected,1
11,14,Elizabeth Bennet,Kitty Bennet,181,Undirected,1
10,12,Jane Bennet,Mary Bennet,181,Undirected,1
13,14,Lydia Bennet,Kitty Bennet,181,Undirected,1
12,9,Mary Bennet,Mrs. Bennet,181,Undirected,1
4,5,Mr. Bingley,Mr. Darcy,181,Undirected,1
14,9,Kitty Bennet,Mrs. Bennet,181,Undirected,1
4,8,Mr. Bingley,Mr. Bennet,181,Undirected,1
4,14,Mr. Bingley,Kitty Bennet,181,Undirected,1
5,9,Mr. Darcy,Mrs. Bennet,181,Undirected,1
4,11,Mr. Bingley,Elizabeth Bennet,181,Undirected,1
5,12,Mr. Darcy,Mary Bennet,181,Undirected,1
8,11,Mr. Bennet,Elizabeth Bennet,181,Undirected,1
41,11,Colonel Fitzwilliam,Elizabeth Bennet,181,Undirected,1
8,14,Mr. Bennet,Kitty Bennet,181,Undirected,1
41,14,Colonel Fitzwilliam,Kitty Bennet,181,Undirected,1
10,11,Jane Bennet,Elizabeth Bennet,181,Undirected,1
10,14,Jane Bennet,Kitty Bennet,181,Undirected,1
11,13,Elizabeth Bennet,Lydia Bennet,181,Undirected,1
4,41,Mr. Bingley,Colonel Fitzwilliam,181,Undirected,1
8,41,Mr. Bennet,Colonel Fitzwilliam,181,Undirected,1
12,14,Mary Bennet,Kitty Bennet,181,Undirected,1
4,10,Mr. Bingley,Jane Bennet,181,Undirected,1
5,11,Mr. Darcy,Elizabeth Bennet,181,Undirected,1
4,13,Mr. Bingley,Lydia Bennet,181,Undirected,1
5,8,Mr. Darcy,Mr. Bennet,181,Undirected,1
5,14,Mr. Darcy,Kitty Bennet,181,Undirected,1
41,13,Colonel Fitzwilliam,Lydia Bennet,181,Undirected,1
8,10,Mr. Bennet,Jane Bennet,181,Undirected,1
41,10,Colonel Fitzwilliam,Jane Bennet,181,Undirected,1
10,13,Jane Bennet,Lydia Bennet,181,Undirected,1
11,9,Elizabeth Bennet,Mrs. Bennet,181,Undirected,1
8,13,Mr. Bennet,Lydia Bennet,181,Undirected,1
11,12,Elizabeth Bennet,Mary Bennet,181,Undirected,1
13,9,Lydia Bennet,Mrs. Bennet,181,Undirected,1
5,41,Mr. Darcy,Colonel Fitzwilliam,181,Undirected,1
4,9,Mr. Bingley,Mrs. Bennet,182,Undirected,1
5,10,Mr. Darcy,Jane Bennet,182,Undirected,1
8,9,Mr. Bennet,Mrs. Bennet,182,Undirected,1
9,17,Mrs. Bennet,Mr. Collins,182,Undirected,1
41,15,Colonel Fitzwilliam,Miss Darcy,182,Undirected,1
41,24,Colonel Fitzwilliam,Mr. Gardiner,182,Undirected,1
10,27,Jane Bennet,Mr. Philips,182,Undirected,1
3,15,Miss Bingley,Miss Darcy,182,Undirected,1
8,11,Mr. Bennet,Elizabeth Bennet,182,Undirected,1
3,24,Miss Bingley,Mr. Gardiner,182,Undirected,1
11,16,Elizabeth Bennet,Charlotte Lucas,182,Undirected,1
41,17,Colonel Fitzwilliam,Mr. Collins,182,Undirected,1
4,41,Mr. Bingley,Colonel Fitzwilliam,182,Undirected,1
15,16,Miss Darcy,Charlotte Lucas,182,Undirected,1
8,41,Mr. Bennet,Colonel Fitzwilliam,182,Undirected,1
16,24,Charlotte Lucas,Mr. Gardiner,182,Undirected,1
3,8,Miss Bingley,Mr. Bennet,182,Undirected,1
3,17,Miss Bingley,Mr. Collins,182,Undirected,1
11,9,Elizabeth Bennet,Mrs. Bennet,182,Undirected,1
41,10,Colonel Fitzwilliam,Jane Bennet,182,Undirected,1
16,17,Charlotte Lucas,Mr. Collins,182,Undirected,1
3,10,Miss Bingley,Jane Bennet,182,Undirected,1
5,16,Mr. Darcy,Charlotte Lucas,182,Undirected,1
4,27,Mr. Bingley,Mr. Philips,182,Undirected,1
10,15,Jane Bennet,Miss Darcy,182,Undirected,1
8,27,Mr. Bennet,Mr. Philips,182,Undirected,1
10,24,Jane Bennet,Mr. Gardiner,182,Undirected,1
5,9,Mr. Darcy,Mrs. Bennet,182,Undirected,1
4,11,Mr. Bingley,Elizabeth Bennet,182,Undirected,1
9,16,Mrs. Bennet,Charlotte Lucas,182,Undirected,1
10,17,Jane Bennet,Mr. Collins,182,Undirected,1
3,5,Miss Bingley,Mr. Darcy,182,Undirected,1
5,11,Mr. Darcy,Elizabeth Bennet,182,Undirected,1
41,16,Colonel Fitzwilliam,Charlotte Lucas,182,Undirected,1
11,27,Elizabeth Bennet,Mr. Philips,182,Undirected,1
5,41,Mr. Darcy,Colonel Fitzwilliam,182,Undirected,1
15,27,Miss Darcy,Mr. Philips,182,Undirected,1
3,16,Miss Bingley,Charlotte Lucas,182,Undirected,1
4,15,Mr. Bingley,Miss Darcy,182,Undirected,1
41,9,Colonel Fitzwilliam,Mrs. Bennet,182,Undirected,1
4,24,Mr. Bingley,Mr. Gardiner,182,Undirected,1
8,15,Mr. Bennet,Miss Darcy,182,Undirected,1
17,27,Mr. Collins,Mr. Philips,182,Undirected,1
8,24,Mr. Bennet,Mr. Gardiner,182,Undirected,1
3,9,Miss Bingley,Mrs. Bennet,182,Undirected,1
4,8,Mr. Bingley,Mr. Bennet,182,Undirected,1
4,17,Mr. Bingley,Mr. Collins,182,Undirected,1
41,11,Colonel Fitzwilliam,Elizabeth Bennet,182,Undirected,1
8,17,Mr. Bennet,Mr. Collins,182,Undirected,1
5,27,Mr. Darcy,Mr. Philips,182,Undirected,1
3,11,Miss Bingley,Elizabeth Bennet,182,Undirected,1
4,10,Mr. Bingley,Jane Bennet,182,Undirected,1
8,10,Mr. Bennet,Jane Bennet,182,Undirected,1
10,16,Jane Bennet,Charlotte Lucas,182,Undirected,1
11,15,Elizabeth Bennet,Miss Darcy,182,Undirected,1
9,27,Mrs. Bennet,Mr. Philips,182,Undirected,1
11,24,Elizabeth Bennet,Mr. Gardiner,182,Undirected,1
3,41,Miss Bingley,Colonel Fitzwilliam,182,Undirected,1
24,27,Mr. Gardiner,Mr. Philips,182,Undirected,1
15,24,Miss Darcy,Mr. Gardiner,182,Undirected,1
3,4,Miss Bingley,Mr. Bingley,182,Undirected,1
10,9,Jane Bennet,Mrs. Bennet,182,Undirected,1
17,24,Mr. Collins,Mr. Gardiner,182,Undirected,1
11,17,Elizabeth Bennet,Mr. Collins,182,Undirected,1
41,27,Colonel Fitzwilliam,Mr. Philips,182,Undirected,1
15,17,Miss Darcy,Mr. Collins,182,Undirected,1
4,5,Mr. Bingley,Mr. Darcy,182,Undirected,1
5,15,Mr. Darcy,Miss Darcy,182,Undirected,1
10,11,Jane Bennet,Elizabeth Bennet,182,Undirected,1
3,27,Miss Bingley,Mr. Philips,182,Undirected,1
5,24,Mr. Darcy,Mr. Gardiner,182,Undirected,1
16,27,Charlotte Lucas,Mr. Philips,182,Undirected,1
4,16,Mr. Bingley,Charlotte Lucas,182,Undirected,1
5,8,Mr. Darcy,Mr. Bennet,182,Undirected,1
5,17,Mr. Darcy,Mr. Collins,182,Undirected,1
8,16,Mr. Bennet,Charlotte Lucas,182,Undirected,1
9,15,Mrs. Bennet,Miss Darcy,182,Undirected,1
9,24,Mrs. Bennet,Mr. Gardiner,182,Undirected,1
17,11,Mr. Collins,Elizabeth Bennet,183,Undirected,1
16,30,Charlotte Lucas,Lady Catherine de Bourgh,183,Undirected,1
11,30,Elizabeth Bennet,Lady Catherine de Bourgh,183,Undirected,1
17,30,Mr. Collins,Lady Catherine de Bourgh,183,Undirected,1
16,11,Charlotte Lucas,Elizabeth Bennet,183,Undirected,1
16,17,Charlotte Lucas,Mr. Collins,183,Undirected,1
11,5,Elizabeth Bennet,Mr. Darcy,190,Undirected,1
11,23,Elizabeth Bennet,Mr. Wickham,191,Undirected,1
4,10,Mr. Bingley,Jane Bennet,191,Undirected,1
4,23,Mr. Bingley,Mr. Wickham,191,Undirected,1
4,29,Mr. Bingley,Mr. Darcy's father,191,Undirected,1
5,11,Mr. Darcy,Elizabeth Bennet,191,Undirected,1
10,11,Jane Bennet,Elizabeth Bennet,191,Undirected,1
11,29,Elizabeth Bennet,Mr. Darcy's father,191,Undirected,1
23,29,Mr. Wickham,Mr. Darcy's father,191,Undirected,1
10,23,Jane Bennet,Mr. Wickham,191,Undirected,1
5,23,Mr. Darcy,Mr. Wickham,191,Undirected,1
4,5,Mr. Bingley,Mr. Darcy,191,Undirected,1
5,10,Mr. Darcy,Jane Bennet,191,Undirected,1
10,29,Jane Bennet,Mr. Darcy's father,191,Undirected,1
5,29,Mr. Darcy,Mr. Darcy's father,191,Undirected,1
4,11,Mr. Bingley,Elizabeth Bennet,191,Undirected,1
4,10,Mr. Bingley,Jane Bennet,192,Undirected,1
10,11,Jane Bennet,Elizabeth Bennet,192,Undirected,1
5,11,Mr. Darcy,Elizabeth Bennet,192,Undirected,1
4,19,Mr. Bingley,Sir William Lucas,192,Undirected,1
11,19,Elizabeth Bennet,Sir William Lucas,192,Undirected,1
4,5,Mr. Bingley,Mr. Darcy,192,Undirected,1
5,10,Mr. Darcy,Jane Bennet,192,Undirected,1
10,19,Jane Bennet,Sir William Lucas,192,Undirected,1
5,19,Mr. Darcy,Sir William Lucas,192,Undirected,1
4,11,Mr. Bingley,Elizabeth Bennet,192,Undirected,1
3,4,Miss Bingley,Mr. Bingley,193,Undirected,1
4,9,Mr. Bingley,Mrs. Bennet,193,Undirected,1
4,12,Mr. Bingley,Mary Bennet,193,Undirected,1
3,10,Miss Bingley,Jane Bennet,193,Undirected,1
12,13,Mary Bennet,Lydia Bennet,193,Undirected,1
5,13,Mr. Darcy,Lydia Bennet,193,Undirected,1
3,13,Miss Bingley,Lydia Bennet,193,Undirected,1
5,10,Mr. Darcy,Jane Bennet,193,Undirected,1
8,9,Mr. Bennet,Mrs. Bennet,193,Undirected,1
9,14,Mrs. Bennet,Kitty Bennet,193,Undirected,1
8,12,Mr. Bennet,Mary Bennet,193,Undirected,1
9,11,Mrs. Bennet,Elizabeth Bennet,193,Undirected,1
11,14,Elizabeth Bennet,Kitty Bennet,193,Undirected,1
10,12,Jane Bennet,Mary Bennet,193,Undirected,1
13,14,Lydia Bennet,Kitty Bennet,193,Undirected,1
4,5,Mr. Bingley,Mr. Darcy,193,Undirected,1
3,9,Miss Bingley,Mrs. Bennet,193,Undirected,1
4,8,Mr. Bingley,Mr. Bennet,193,Undirected,1
4,14,Mr. Bingley,Kitty Bennet,193,Undirected,1
3,12,Miss Bingley,Mary Bennet,193,Undirected,1
5,9,Mr. Darcy,Mrs. Bennet,193,Undirected,1
4,11,Mr. Bingley,Elizabeth Bennet,193,Undirected,1
5,12,Mr. Darcy,Mary Bennet,193,Undirected,1
8,11,Mr. Bennet,Elizabeth Bennet,193,Undirected,1
9,10,Mrs. Bennet,Jane Bennet,193,Undirected,1
8,14,Mr. Bennet,Kitty Bennet,193,Undirected,1
10,11,Jane Bennet,Elizabeth Bennet,193,Undirected,1
9,13,Mrs. Bennet,Lydia Bennet,193,Undirected,1
10,14,Jane Bennet,Kitty Bennet,193,Undirected,1
11,13,Elizabeth Bennet,Lydia Bennet,193,Undirected,1
3,5,Miss Bingley,Mr. Darcy,193,Undirected,1
3,11,Miss Bingley,Elizabeth Bennet,193,Undirected,1
12,14,Mary Bennet,Kitty Bennet,193,Undirected,1
4,10,Mr. Bingley,Jane Bennet,193,Undirected,1
3,8,Miss Bingley,Mr. Bennet,193,Undirected,1
3,14,Miss Bingley,Kitty Bennet,193,Undirected,1
5,11,Mr. Darcy,Elizabeth Bennet,193,Undirected,1
4,13,Mr. Bingley,Lydia Bennet,193,Undirected,1
5,8,Mr. Darcy,Mr. Bennet,193,Undirected,1
5,14,Mr. Darcy,Kitty Bennet,193,Undirected,1
9,12,Mrs. Bennet,Mary Bennet,193,Undirected,1
8,10,Mr. Bennet,Jane Bennet,193,Undirected,1
10,13,Jane Bennet,Lydia Bennet,193,Undirected,1
8,13,Mr. Bennet,Lydia Bennet,193,Undirected,1
11,12,Elizabeth Bennet,Mary Bennet,193,Undirected,1
11,42,Elizabeth Bennet,Mr. Wickham's father,194,Undirected,1
3,4,Miss Bingley,Mr. Bingley,194,Undirected,1
10,43,Jane Bennet,Mr. Wickham's mother,194,Undirected,1
3,10,Miss Bingley,Jane Bennet,194,Undirected,1
5,10,Mr. Darcy,Jane Bennet,194,Undirected,1
42,23,Mr. Wickham's father,Mr. Wickham,194,Undirected,1
11,23,Elizabeth Bennet,Mr. Wickham,194,Undirected,1
3,43,Miss Bingley,Mr. Wickham's mother,194,Undirected,1
42,29,Mr. Wickham's father,Mr. Darcy's father,194,Undirected,1
4,42,Mr. Bingley,Mr. Wickham's father,194,Undirected,1
11,29,Elizabeth Bennet,Mr. Darcy's father,194,Undirected,1
5,43,Mr. Darcy,Mr. Wickham's mother,194,Undirected,1
10,42,Jane Bennet,Mr. Wickham's father,194,Undirected,1
4,5,Mr. Bingley,Mr. Darcy,194,Undirected,1
4,11,Mr. Bingley,Elizabeth Bennet,194,Undirected,1
4,23,Mr. Bingley,Mr. Wickham,194,Undirected,1
4,29,Mr. Bingley,Mr. Darcy's father,194,Undirected,1
10,11,Jane Bennet,Elizabeth Bennet,194,Undirected,1
3,42,Miss Bingley,Mr. Wickham's father,194,Undirected,1
10,23,Jane Bennet,Mr. Wickham,194,Undirected,1
43,23,Mr. Wickham's mother,Mr. Wickham,194,Undirected,1
5,42,Mr. Darcy,Mr. Wickham's father,194,Undirected,1
10,29,Jane Bennet,Mr. Darcy's father,194,Undirected,1
43,29,Mr. Wickham's mother,Mr. Darcy's father,194,Undirected,1
42,43,Mr. Wickham's father,Mr. Wickham's mother,194,Undirected,1
11,43,Elizabeth Bennet,Mr. Wickham's mother,194,Undirected,1
3,5,Miss Bingley,Mr. Darcy,194,Undirected,1
3,11,Miss Bingley,Elizabeth Bennet,194,Undirected,1
4,10,Mr. Bingley,Jane Bennet,194,Undirected,1
5,11,Mr. Darcy,Elizabeth Bennet,194,Undirected,1
3,23,Miss Bingley,Mr. Wickham,194,Undirected,1
23,29,Mr. Wickham,Mr. Darcy's father,194,Undirected,1
5,23,Mr. Darcy,Mr. Wickham,194,Undirected,1
3,29,Miss Bingley,Mr. Darcy's father,194,Undirected,1
5,29,Mr. Darcy,Mr. Darcy's father,194,Undirected,1
4,43,Mr. Bingley,Mr. Wickham's mother,194,Undirected,1
11,23,Elizabeth Bennet,Mr. Wickham,195,Undirected,1
5,11,Mr. Darcy,Elizabeth Bennet,195,Undirected,1
42,29,Mr. Wickham's father,Mr. Darcy's father,195,Undirected,1
11,29,Elizabeth Bennet,Mr. Darcy's father,195,Undirected,1
23,29,Mr. Wickham,Mr. Darcy's father,195,Undirected,1
5,23,Mr. Darcy,Mr. Wickham,195,Undirected,1
5,42,Mr. Darcy,Mr. Wickham's father,195,Undirected,1
42,11,Mr. Wickham's father,Elizabeth Bennet,195,Undirected,1
5,29,Mr. Darcy,Mr. Darcy's father,195,Undirected,1
42,23,Mr. Wickham's father,Mr. Wickham,195,Undirected,1
11,45,Elizabeth Bennet,Mrs. Younge,196,Undirected,1
44,45,Mr. Darcy's mother,Mrs. Younge,196,Undirected,1
41,15,Colonel Fitzwilliam,Miss Darcy,196,Undirected,1
11,23,Elizabeth Bennet,Mr. Wickham,196,Undirected,1
44,23,Mr. Darcy's mother,Mr. Wickham,196,Undirected,1
11,29,Elizabeth Bennet,Mr. Darcy's father,196,Undirected,1
44,29,Mr. Darcy's mother,Mr. Darcy's father,196,Undirected,1
15,23,Miss Darcy,Mr. Wickham,196,Undirected,1
41,45,Colonel Fitzwilliam,Mrs. Younge,196,Undirected,1
15,29,Miss Darcy,Mr. Darcy's father,196,Undirected,1
11,44,Elizabeth Bennet,Mr. Darcy's mother,196,Undirected,1
45,15,Mrs. Younge,Miss Darcy,196,Undirected,1
41,11,Colonel Fitzwilliam,Elizabeth Bennet,196,Undirected,1
5,15,Mr. Darcy,Miss Darcy,196,Undirected,1
41,23,Colonel Fitzwilliam,Mr. Wickham,196,Undirected,1
41,29,Colonel Fitzwilliam,Mr. Darcy's father,196,Undirected,1
5,45,Mr. Darcy,Mrs. Younge,196,Undirected,1
41,44,Colonel Fitzwilliam,Mr. Darcy's mother,196,Undirected,1
5,11,Mr. Darcy,Elizabeth Bennet,196,Undirected,1
45,23,Mrs. Younge,Mr. Wickham,196,Undirected,1
23,29,Mr. Wickham,Mr. Darcy's father,196,Undirected,1
45,29,Mrs. Younge,Mr. Darcy's father,196,Undirected,1
5,23,Mr. Darcy,Mr. Wickham,196,Undirected,1
11,15,Elizabeth Bennet,Miss Darcy,196,Undirected,1
5,29,Mr. Darcy,Mr. Darcy's father,196,Undirected,1
44,15,Mr. Darcy's mother,Miss Darcy,196,Undirected,1
5,44,Mr. Darcy,Mr. Darcy's mother,196,Undirected,1
5,41,Mr. Darcy,Colonel Fitzwilliam,196,Undirected,1
11,23,Elizabeth Bennet,Mr. Wickham,197,Undirected,1
5,11,Mr. Darcy,Elizabeth Bennet,197,Undirected,1
41,23,Colonel Fitzwilliam,Mr. Wickham,197,Undirected,1
11,29,Elizabeth Bennet,Mr. Darcy's father,197,Undirected,1
23,29,Mr. Wickham,Mr. Darcy's father,197,Undirected,1
5,23,Mr. Darcy,Mr. Wickham,197,Undirected,1
41,29,Colonel Fitzwilliam,Mr. Darcy's father,197,Undirected,1
5,29,Mr. Darcy,Mr. Darcy's father,197,Undirected,1
5,41,Mr. Darcy,Colonel Fitzwilliam,197,Undirected,1
41,11,Colonel Fitzwilliam,Elizabeth Bennet,197,Undirected,1
11,23,Elizabeth Bennet,Mr. Wickham,198,Undirected,1
10,5,Jane Bennet,Mr. Darcy,198,Undirected,1
10,11,Jane Bennet,Elizabeth Bennet,198,Undirected,1
10,23,Jane Bennet,Mr. Wickham,198,Undirected,1
5,23,Mr. Darcy,Mr. Wickham,198,Undirected,1
11,5,Elizabeth Bennet,Mr. Darcy,198,Undirected,1
11,23,Elizabeth Bennet,Mr. Wickham,199,Undirected,1
5,15,Mr. Darcy,Miss Darcy,199,Undirected,1
44,23,Mr. Darcy's mother,Mr. Wickham,199,Undirected,1
5,11,Mr. Darcy,Elizabeth Bennet,199,Undirected,1
11,29,Elizabeth Bennet,Mr. Darcy's father,199,Undirected,1
44,29,Mr. Darcy's mother,Mr. Darcy's father,199,Undirected,1
15,23,Miss Darcy,Mr. Wickham,199,Undirected,1
23,29,Mr. Wickham,Mr. Darcy's father,199,Undirected,1
5,23,Mr. Darcy,Mr. Wickham,199,Undirected,1
15,29,Miss Darcy,Mr. Darcy's father,199,Undirected,1
11,15,Elizabeth Bennet,Miss Darcy,199,Undirected,1
5,29,Mr. Darcy,Mr. Darcy's father,199,Undirected,1
11,44,Elizabeth Bennet,Mr. Darcy's mother,199,Undirected,1
44,15,Mr. Darcy's mother,Miss Darcy,199,Undirected,1
5,44,Mr. Darcy,Mr. Darcy's mother,199,Undirected,1
11,23,Elizabeth Bennet,Mr. Wickham,200,Undirected,1
5,15,Mr. Darcy,Miss Darcy,200,Undirected,1
23,27,Mr. Wickham,Mr. Philips,200,Undirected,1
5,11,Mr. Darcy,Elizabeth Bennet,200,Undirected,1
41,27,Colonel Fitzwilliam,Mr. Philips,200,Undirected,1
41,23,Colonel Fitzwilliam,Mr. Wickham,200,Undirected,1
15,27,Miss Darcy,Mr. Philips,200,Undirected,1
5,27,Mr. Darcy,Mr. Philips,200,Undirected,1
15,23,Miss Darcy,Mr. Wickham,200,Undirected,1
5,23,Mr. Darcy,Mr. Wickham,200,Undirected,1
11,15,Elizabeth Bennet,Miss Darcy,200,Undirected,1
41,15,Colonel Fitzwilliam,Miss Darcy,200,Undirected,1
11,27,Elizabeth Bennet,Mr. Philips,200,Undirected,1
5,41,Mr. Darcy,Colonel Fitzwilliam,200,Undirected,1
41,11,Colonel Fitzwilliam,Elizabeth Bennet,200,Undirected,1
4,15,Mr. Bingley,Miss Darcy,201,Undirected,1
5,10,Mr. Darcy,Jane Bennet,201,Undirected,1
23,31,Mr. Wickham,Miss King,201,Undirected,1
5,31,Mr. Darcy,Miss King,201,Undirected,1
10,15,Jane Bennet,Miss Darcy,201,Undirected,1
11,23,Elizabeth Bennet,Mr. Wickham,201,Undirected,1
11,29,Elizabeth Bennet,Mr. Darcy's father,201,Undirected,1
15,23,Miss Darcy,Mr. Wickham,201,Undirected,1
4,5,Mr. Bingley,Mr. Darcy,201,Undirected,1
15,29,Miss Darcy,Mr. Darcy's father,201,Undirected,1
29,31,Mr. Darcy's father,Miss King,201,Undirected,1
4,11,Mr. Bingley,Elizabeth Bennet,201,Undirected,1
5,15,Mr. Darcy,Miss Darcy,201,Undirected,1
4,23,Mr. Bingley,Mr. Wickham,201,Undirected,1
4,29,Mr. Bingley,Mr. Darcy's father,201,Undirected,1
10,11,Jane Bennet,Elizabeth Bennet,201,Undirected,1
10,23,Jane Bennet,Mr. Wickham,201,Undirected,1
11,31,Elizabeth Bennet,Miss King,201,Undirected,1
10,29,Jane Bennet,Mr. Darcy's father,201,Undirected,1
15,31,Miss Darcy,Miss King,201,Undirected,1
4,10,Mr. Bingley,Jane Bennet,201,Undirected,1
5,11,Mr. Darcy,Elizabeth Bennet,201,Undirected,1
23,29,Mr. Wickham,Mr. Darcy's father,201,Undirected,1
5,23,Mr. Darcy,Mr. Wickham,201,Undirected,1
4,31,Mr. Bingley,Miss King,201,Undirected,1
11,15,Elizabeth Bennet,Miss Darcy,201,Undirected,1
5,29,Mr. Darcy,Mr. Darcy's father,201,Undirected,1
10,31,Jane Bennet,Miss King,201,Undirected,1
4,9,Mr. Bingley,Mrs. Bennet,202,Undirected,1
12,16,Mary Bennet,Charlotte Lucas,202,Undirected,1
4,12,Mr. Bingley,Mary Bennet,202,Undirected,1
12,13,Mary Bennet,Lydia Bennet,202,Undirected,1
14,16,Kitty Bennet,Charlotte Lucas,202,Undirected,1
5,13,Mr. Darcy,Lydia Bennet,202,Undirected,1
5,10,Mr. Darcy,Jane Bennet,202,Undirected,1
5,16,Mr. Darcy,Charlotte Lucas,202,Undirected,1
8,9,Mr. Bennet,Mrs. Bennet,202,Undirected,1
9,14,Mrs. Bennet,Kitty Bennet,202,Undirected,1
8,12,Mr. Bennet,Mary Bennet,202,Undirected,1
9,11,Mrs. Bennet,Elizabeth Bennet,202,Undirected,1
11,14,Elizabeth Bennet,Kitty Bennet,202,Undirected,1
10,12,Jane Bennet,Mary Bennet,202,Undirected,1
13,14,Lydia Bennet,Kitty Bennet,202,Undirected,1
4,5,Mr. Bingley,Mr. Darcy,202,Undirected,1
4,8,Mr. Bingley,Mr. Bennet,202,Undirected,1
4,14,Mr. Bingley,Kitty Bennet,202,Undirected,1
5,9,Mr. Darcy,Mrs. Bennet,202,Undirected,1
4,11,Mr. Bingley,Elizabeth Bennet,202,Undirected,1
5,12,Mr. Darcy,Mary Bennet,202,Undirected,1
8,11,Mr. Bennet,Elizabeth Bennet,202,Undirected,1
9,10,Mrs. Bennet,Jane Bennet,202,Undirected,1
9,16,Mrs. Bennet,Charlotte Lucas,202,Undirected,1
8,14,Mr. Bennet,Kitty Bennet,202,Undirected,1
10,11,Jane Bennet,Elizabeth Bennet,202,Undirected,1
9,13,Mrs. Bennet,Lydia Bennet,202,Undirected,1
11,16,Elizabeth Bennet,Charlotte Lucas,202,Undirected,1
10,14,Jane Bennet,Kitty Bennet,202,Undirected,1
11,13,Elizabeth Bennet,Lydia Bennet,202,Undirected,1
13,16,Lydia Bennet,Charlotte Lucas,202,Undirected,1
12,14,Mary Bennet,Kitty Bennet,202,Undirected,1
4,10,Mr. Bingley,Jane Bennet,202,Undirected,1
4,16,Mr. Bingley,Charlotte Lucas,202,Undirected,1
5,11,Mr. Darcy,Elizabeth Bennet,202,Undirected,1
4,13,Mr. Bingley,Lydia Bennet,202,Undirected,1
5,8,Mr. Darcy,Mr. Bennet,202,Undirected,1
5,14,Mr. Darcy,Kitty Bennet,202,Undirected,1
9,12,Mrs. Bennet,Mary Bennet,202,Undirected,1
8,10,Mr. Bennet,Jane Bennet,202,Undirected,1
8,16,Mr. Bennet,Charlotte Lucas,202,Undirected,1
10,13,Jane Bennet,Lydia Bennet,202,Undirected,1
8,13,Mr. Bennet,Lydia Bennet,202,Undirected,1
11,12,Elizabeth Bennet,Mary Bennet,202,Undirected,1
10,16,Jane Bennet,Charlotte Lucas,202,Undirected,1
11,5,Elizabeth Bennet,Mr. Darcy,203,Undirected,1
41,5,Colonel Fitzwilliam,Mr. Darcy,203,Undirected,1
41,11,Colonel Fitzwilliam,Elizabeth Bennet,203,Undirected,1
17,11,Mr. Collins,Elizabeth Bennet,208,Undirected,1
16,30,Charlotte Lucas,Lady Catherine de Bourgh,208,Undirected,1
11,30,Elizabeth Bennet,Lady Catherine de Bourgh,208,Undirected,1
17,30,Mr. Collins,Lady Catherine de Bourgh,208,Undirected,1
16,11,Charlotte Lucas,Elizabeth Bennet,208,Undirected,1
16,17,Charlotte Lucas,Mr. Collins,208,Undirected,1
13,30,Lydia Bennet,Lady Catherine de Bourgh,209,Undirected,1
24,30,Mr. Gardiner,Lady Catherine de Bourgh,209,Undirected,1
12,16,Mary Bennet,Charlotte Lucas,209,Undirected,1
12,13,Mary Bennet,Lydia Bennet,209,Undirected,1
14,16,Kitty Bennet,Charlotte Lucas,209,Undirected,1
8,9,Mr. Bennet,Mrs. Bennet,209,Undirected,1
14,25,Kitty Bennet,Mrs. Gardiner,209,Undirected,1
12,25,Mary Bennet,Mrs. Gardiner,209,Undirected,1
9,14,Mrs. Bennet,Kitty Bennet,209,Undirected,1
8,12,Mr. Bennet,Mary Bennet,209,Undirected,1
9,11,Mrs. Bennet,Elizabeth Bennet,209,Undirected,1
9,17,Mrs. Bennet,Mr. Collins,209,Undirected,1
11,14,Elizabeth Bennet,Kitty Bennet,209,Undirected,1
10,12,Jane Bennet,Mary Bennet,209,Undirected,1
17,24,Mr. Collins,Mr. Gardiner,209,Undirected,1
17,30,Mr. Collins,Lady Catherine de Bourgh,209,Undirected,1
11,17,Elizabeth Bennet,Mr. Collins,209,Undirected,1
8,24,Mr. Bennet,Mr. Gardiner,209,Undirected,1
8,30,Mr. Bennet,Lady Catherine de Bourgh,209,Undirected,1
13,14,Lydia Bennet,Kitty Bennet,209,Undirected,1
10,24,Jane Bennet,Mr. Gardiner,209,Undirected,1
10,30,Jane Bennet,Lady Catherine de Bourgh,209,Undirected,1
13,17,Lydia Bennet,Mr. Collins,209,Undirected,1
16,25,Charlotte Lucas,Mrs. Gardiner,209,Undirected,1
12,24,Mary Bennet,Mr. Gardiner,209,Undirected,1
12,30,Mary Bennet,Lady Catherine de Bourgh,209,Undirected,1
8,11,Mr. Bennet,Elizabeth Bennet,209,Undirected,1
9,10,Mrs. Bennet,Jane Bennet,209,Undirected,1
9,16,Mrs. Bennet,Charlotte Lucas,209,Undirected,1
8,14,Mr. Bennet,Kitty Bennet,209,Undirected,1
10,11,Jane Bennet,Elizabeth Bennet,209,Undirected,1
9,13,Mrs. Bennet,Lydia Bennet,209,Undirected,1
14,24,Kitty Bennet,Mr. Gardiner,209,Undirected,1
8,17,Mr. Bennet,Mr. Collins,209,Undirected,1
10,14,Jane Bennet,Kitty Bennet,209,Undirected,1
11,16,Elizabeth Bennet,Charlotte Lucas,209,Undirected,1
11,13,Elizabeth Bennet,Lydia Bennet,209,Undirected,1
14,30,Kitty Bennet,Lady Catherine de Bourgh,209,Undirected,1
10,17,Jane Bennet,Mr. Collins,209,Undirected,1
13,16,Lydia Bennet,Charlotte Lucas,209,Undirected,1
9,25,Mrs. Bennet,Mrs. Gardiner,209,Undirected,1
24,25,Mr. Gardiner,Mrs. Gardiner,209,Undirected,1
11,25,Elizabeth Bennet,Mrs. Gardiner,209,Undirected,1
13,25,Lydia Bennet,Mrs. Gardiner,209,Undirected,1
11,24,Elizabeth Bennet,Mr. Gardiner,209,Undirected,1
16,24,Charlotte Lucas,Mr. Gardiner,209,Undirected,1
16,30,Charlotte Lucas,Lady Catherine de Bourgh,209,Undirected,1
25,30,Mrs. Gardiner,Lady Catherine de Bourgh,209,Undirected,1
12,14,Mary Bennet,Kitty Bennet,209,Undirected,1
12,17,Mary Bennet,Mr. Collins,209,Undirected,1
14,17,Kitty Bennet,Mr. Collins,209,Undirected,1
9,12,Mrs. Bennet,Mary Bennet,209,Undirected,1
8,10,Mr. Bennet,Jane Bennet,209,Undirected,1
8,16,Mr. Bennet,Charlotte Lucas,209,Undirected,1
10,13,Jane Bennet,Lydia Bennet,209,Undirected,1
8,13,Mr. Bennet,Lydia Bennet,209,Undirected,1
11,12,Elizabeth Bennet,Mary Bennet,209,Undirected,1
10,16,Jane Bennet,Charlotte Lucas,209,Undirected,1
9,24,Mrs. Bennet,Mr. Gardiner,209,Undirected,1
17,25,Mr. Collins,Mrs. Gardiner,209,Undirected,1
10,25,Jane Bennet,Mrs. Gardiner,209,Undirected,1
8,25,Mr. Bennet,Mrs. Gardiner,209,Undirected,1
11,30,Elizabeth Bennet,Lady Catherine de Bourgh,209,Undirected,1
9,30,Mrs. Bennet,Lady Catherine de Bourgh,209,Undirected,1
16,17,Charlotte Lucas,Mr. Collins,209,Undirected,1
13,24,Lydia Bennet,Mr. Gardiner,209,Undirected,1
5,10,Mr. Darcy,Jane Bennet,210,Undirected,1
4,24,Mr. Bingley,Mr. Gardiner,210,Undirected,1
5,19,Mr. Darcy,Sir William Lucas,210,Undirected,1
5,25,Mr. Darcy,Mrs. Gardiner,210,Undirected,1
17,24,Mr. Collins,Mr. Gardiner,210,Undirected,1
11,17,Elizabeth Bennet,Mr. Collins,210,Undirected,1
19,24,Sir William Lucas,Mr. Gardiner,210,Undirected,1
11,20,Elizabeth Bennet,Maria Lucas,210,Undirected,1
10,24,Jane Bennet,Mr. Gardiner,210,Undirected,1
4,5,Mr. Bingley,Mr. Darcy,210,Undirected,1
20,25,Maria Lucas,Mrs. Gardiner,210,Undirected,1
4,11,Mr. Bingley,Elizabeth Bennet,210,Undirected,1
4,17,Mr. Bingley,Mr. Collins,210,Undirected,1
4,20,Mr. Bingley,Maria Lucas,210,Undirected,1
10,11,Jane Bennet,Elizabeth Bennet,210,Undirected,1
17,20,Mr. Collins,Maria Lucas,210,Undirected,1
5,24,Mr. Darcy,Mr. Gardiner,210,Undirected,1
11,19,Elizabeth Bennet,Sir William Lucas,210,Undirected,1
10,17,Jane Bennet,Mr. Collins,210,Undirected,1
19,20,Sir William Lucas,Maria Lucas,210,Undirected,1
10,20,Jane Bennet,Maria Lucas,210,Undirected,1
24,25,Mr. Gardiner,Mrs. Gardiner,210,Undirected,1
11,25,Elizabeth Bennet,Mrs. Gardiner,210,Undirected,1
4,10,Mr. Bingley,Jane Bennet,210,Undirected,1
20,24,Maria Lucas,Mr. Gardiner,210,Undirected,1
5,11,Mr. Darcy,Elizabeth Bennet,210,Undirected,1
4,19,Mr. Bingley,Sir William Lucas,210,Undirected,1
5,17,Mr. Darcy,Mr. Collins,210,Undirected,1
17,19,Mr. Collins,Sir William Lucas,210,Undirected,1
4,25,Mr. Bingley,Mrs. Gardiner,210,Undirected,1
5,20,Mr. Darcy,Maria Lucas,210,Undirected,1
19,25,Sir William Lucas,Mrs. Gardiner,210,Undirected,1
17,25,Mr. Collins,Mrs. Gardiner,210,Undirected,1
10,19,Jane Bennet,Sir William Lucas,210,Undirected,1
10,25,Jane Bennet,Mrs. Gardiner,210,Undirected,1
11,24,Elizabeth Bennet,Mr. Gardiner,210,Undirected,1
8,46,Mr. Bennet,Milliner (Kitty and Lydia visit),211,Undirected,1
10,46,Jane Bennet,Milliner (Kitty and Lydia visit),211,Undirected,1
14,28,Kitty Bennet,Officers (at Meryton),211,Undirected,1
14,92,Kitty Bennet,Coachman,211,Undirected,1
11,14,Elizabeth Bennet,Kitty Bennet,211,Undirected,1
47,92,Sentinel (observed by Kitty and Lydia),Coachman,211,Undirected,1
13,14,Lydia Bennet,Kitty Bennet,211,Undirected,1
11,20,Elizabeth Bennet,Maria Lucas,211,Undirected,1
46,20,Milliner (Kitty and Lydia visit),Maria Lucas,211,Undirected,1
14,46,Kitty Bennet,Milliner (Kitty and Lydia visit),211,Undirected,1
13,20,Lydia Bennet,Maria Lucas,211,Undirected,1
11,47,Elizabeth Bennet,Sentinel (observed by Kitty and Lydia),211,Undirected,1
13,47,Lydia Bennet,Sentinel (observed by Kitty and Lydia),211,Undirected,1
46,47,Milliner (Kitty and Lydia visit),Sentinel (observed by Kitty and Lydia),211,Undirected,1
20,92,Maria Lucas,Coachman,211,Undirected,1
8,11,Mr. Bennet,Elizabeth Bennet,211,Undirected,1
8,14,Mr. Bennet,Kitty Bennet,211,Undirected,1
10,11,Jane Bennet,Elizabeth Bennet,211,Undirected,1
28,20,Officers (at Meryton),Maria Lucas,211,Undirected,1
10,14,Jane Bennet,Kitty Bennet,211,Undirected,1
11,13,Elizabeth Bennet,Lydia Bennet,211,Undirected,1
8,20,Mr. Bennet,Maria Lucas,211,Undirected,1
10,20,Jane Bennet,Maria Lucas,211,Undirected,1
11,28,Elizabeth Bennet,Officers (at Meryton),211,Undirected,1
11,92,Elizabeth Bennet,Coachman,211,Undirected,1
28,47,Officers (at Meryton),Sentinel (observed by Kitty and Lydia),211,Undirected,1
13,28,Lydia Bennet,Officers (at Meryton),211,Undirected,1
46,28,Milliner (Kitty and Lydia visit),Officers (at Meryton),211,Undirected,1
13,92,Lydia Bennet,Coachman,211,Undirected,1
8,47,Mr. Bennet,Sentinel (observed by Kitty and Lydia),211,Undirected,1
46,92,Milliner (Kitty and Lydia visit),Coachman,211,Undirected,1
10,47,Jane Bennet,Sentinel (observed by Kitty and Lydia),211,Undirected,1
11,46,Elizabeth Bennet,Milliner (Kitty and Lydia visit),211,Undirected,1
47,20,Sentinel (observed by Kitty and Lydia),Maria Lucas,211,Undirected,1
13,46,Lydia Bennet,Milliner (Kitty and Lydia visit),211,Undirected,1
14,20,Kitty Bennet,Maria Lucas,211,Undirected,1
8,10,Mr. Bennet,Jane Bennet,211,Undirected,1
10,13,Jane Bennet,Lydia Bennet,211,Undirected,1
8,13,Mr. Bennet,Lydia Bennet,211,Undirected,1
28,92,Officers (at Meryton),Coachman,211,Undirected,1
8,28,Mr. Bennet,Officers (at Meryton),211,Undirected,1
8,92,Mr. Bennet,Coachman,211,Undirected,1
14,47,Kitty Bennet,Sentinel (observed by Kitty and Lydia),211,Undirected,1
10,28,Jane Bennet,Officers (at Meryton),211,Undirected,1
10,92,Jane Bennet,Coachman,211,Undirected,1
49,23,Miss King's uncle,Mr. Wickham,212,Undirected,1
8,49,Mr. Bennet,Miss King's uncle,212,Undirected,1
9,48,Mrs. Bennet,Waiter (at the inn),212,Undirected,1
10,49,Jane Bennet,Miss King's uncle,212,Undirected,1
11,48,Elizabeth Bennet,Waiter (at the inn),212,Undirected,1
13,48,Lydia Bennet,Waiter (at the inn),212,Undirected,1
23,28,Mr. Wickham,Officers (at Meryton),212,Undirected,1
8,9,Mr. Bennet,Mrs. Bennet,212,Undirected,1
9,14,Mrs. Bennet,Kitty Bennet,212,Undirected,1
14,28,Kitty Bennet,Officers (at Meryton),212,Undirected,1
23,31,Mr. Wickham,Miss King,212,Undirected,1
9,11,Mrs. Bennet,Elizabeth Bennet,212,Undirected,1
11,14,Elizabeth Bennet,Kitty Bennet,212,Undirected,1
14,31,Kitty Bennet,Miss King,212,Undirected,1
11,23,Elizabeth Bennet,Mr. Wickham,212,Undirected,1
13,14,Lydia Bennet,Kitty Bennet,212,Undirected,1
9,23,Mrs. Bennet,Mr. Wickham,212,Undirected,1
14,49,Kitty Bennet,Miss King's uncle,212,Undirected,1
13,23,Lydia Bennet,Mr. Wickham,212,Undirected,1
48,23,Waiter (at the inn),Mr. Wickham,212,Undirected,1
49,28,Miss King's uncle,Officers (at Meryton),212,Undirected,1
8,48,Mr. Bennet,Waiter (at the inn),212,Undirected,1
49,31,Miss King's uncle,Miss King,212,Undirected,1
10,48,Jane Bennet,Waiter (at the inn),212,Undirected,1
8,11,Mr. Bennet,Elizabeth Bennet,212,Undirected,1
9,10,Mrs. Bennet,Jane Bennet,212,Undirected,1
8,14,Mr. Bennet,Kitty Bennet,212,Undirected,1
10,11,Jane Bennet,Elizabeth Bennet,212,Undirected,1
9,13,Mrs. Bennet,Lydia Bennet,212,Undirected,1
8,23,Mr. Bennet,Mr. Wickham,212,Undirected,1
10,14,Jane Bennet,Kitty Bennet,212,Undirected,1
11,13,Elizabeth Bennet,Lydia Bennet,212,Undirected,1
9,28,Mrs. Bennet,Officers (at Meryton),212,Undirected,1
10,23,Jane Bennet,Mr. Wickham,212,Undirected,1
9,31,Mrs. Bennet,Miss King,212,Undirected,1
11,28,Elizabeth Bennet,Officers (at Meryton),212,Undirected,1
11,31,Elizabeth Bennet,Miss King,212,Undirected,1
14,48,Kitty Bennet,Waiter (at the inn),212,Undirected,1
13,28,Lydia Bennet,Officers (at Meryton),212,Undirected,1
13,31,Lydia Bennet,Miss King,212,Undirected,1
48,28,Waiter (at the inn),Officers (at Meryton),212,Undirected,1
11,49,Elizabeth Bennet,Miss King's uncle,212,Undirected,1
9,49,Mrs. Bennet,Miss King's uncle,212,Undirected,1
48,31,Waiter (at the inn),Miss King,212,Undirected,1
13,49,Lydia Bennet,Miss King's uncle,212,Undirected,1
14,23,Kitty Bennet,Mr. Wickham,212,Undirected,1
48,49,Waiter (at the inn),Miss King's uncle,212,Undirected,1
8,10,Mr. Bennet,Jane Bennet,212,Undirected,1
10,13,Jane Bennet,Lydia Bennet,212,Undirected,1
8,13,Mr. Bennet,Lydia Bennet,212,Undirected,1
28,31,Officers (at Meryton),Miss King,212,Undirected,1
8,28,Mr. Bennet,Officers (at Meryton),212,Undirected,1
8,31,Mr. Bennet,Miss King,212,Undirected,1
10,28,Jane Bennet,Officers (at Meryton),212,Undirected,1
10,31,Jane Bennet,Miss King,212,Undirected,1
50,52,Colonel Forster,Harriet Harrington,213,Undirected,1
56,10,Pratt,Jane Bennet,213,Undirected,1
8,55,Mr. Bennet,Denny,213,Undirected,1
10,52,Jane Bennet,Harriet Harrington,213,Undirected,1
11,51,Elizabeth Bennet,Mrs. Forster,213,Undirected,1
5,10,Mr. Darcy,Jane Bennet,213,Undirected,1
56,28,Pratt,Officers (at Meryton),213,Undirected,1
8,9,Mr. Bennet,Mrs. Bennet,213,Undirected,1
9,17,Mrs. Bennet,Mr. Collins,213,Undirected,1
11,14,Elizabeth Bennet,Kitty Bennet,213,Undirected,1
5,28,Mr. Darcy,Officers (at Meryton),213,Undirected,1
9,26,Mrs. Bennet,Mrs. Philips,213,Undirected,1
11,23,Elizabeth Bennet,Mr. Wickham,213,Undirected,1
13,17,Lydia Bennet,Mr. Collins,213,Undirected,1
13,26,Lydia Bennet,Mrs. Philips,213,Undirected,1
50,54,Colonel Forster,Chamberlayne,213,Undirected,1
17,51,Mr. Collins,Mrs. Forster,213,Undirected,1
10,54,Jane Bennet,Chamberlayne,213,Undirected,1
11,53,Elizabeth Bennet,Pen Harrington,213,Undirected,1
8,11,Mr. Bennet,Elizabeth Bennet,213,Undirected,1
9,10,Mrs. Bennet,Jane Bennet,213,Undirected,1
17,23,Mr. Collins,Mr. Wickham,213,Undirected,1
9,28,Mrs. Bennet,Officers (at Meryton),213,Undirected,1
52,26,Harriet Harrington,Mrs. Philips,213,Undirected,1
23,54,Mr. Wickham,Chamberlayne,213,Undirected,1
14,51,Kitty Bennet,Mrs. Forster,213,Undirected,1
13,28,Lydia Bennet,Officers (at Meryton),213,Undirected,1
56,5,Pratt,Mr. Darcy,213,Undirected,1
17,53,Mr. Collins,Pen Harrington,213,Undirected,1
8,50,Mr. Bennet,Colonel Forster,213,Undirected,1
56,14,Pratt,Kitty Bennet,213,Undirected,1
54,26,Chamberlayne,Mrs. Philips,213,Undirected,1
56,23,Pratt,Mr. Wickham,213,Undirected,1
11,55,Elizabeth Bennet,Denny,213,Undirected,1
14,17,Kitty Bennet,Mr. Collins,213,Undirected,1
5,14,Mr. Darcy,Kitty Bennet,213,Undirected,1
14,26,Kitty Bennet,Mrs. Philips,213,Undirected,1
5,23,Mr. Darcy,Mr. Wickham,213,Undirected,1
52,28,Harriet Harrington,Officers (at Meryton),213,Undirected,1
56,53,Pratt,Pen Harrington,213,Undirected,1
5,53,Mr. Darcy,Pen Harrington,213,Undirected,1
8,52,Mr. Bennet,Harriet Harrington,213,Undirected,1
17,55,Mr. Collins,Denny,213,Undirected,1
9,51,Mrs. Bennet,Mrs. Forster,213,Undirected,1
54,28,Chamberlayne,Officers (at Meryton),213,Undirected,1
13,51,Lydia Bennet,Mrs. Forster,213,Undirected,1
9,14,Mrs. Bennet,Kitty Bennet,213,Undirected,1
14,28,Kitty Bennet,Officers (at Meryton),213,Undirected,1
13,14,Lydia Bennet,Kitty Bennet,213,Undirected,1
13,23,Lydia Bennet,Mr. Wickham,213,Undirected,1
56,55,Pratt,Denny,213,Undirected,1
50,51,Colonel Forster,Mrs. Forster,213,Undirected,1
56,9,Pratt,Mrs. Bennet,213,Undirected,1
5,55,Mr. Darcy,Denny,213,Undirected,1
8,54,Mr. Bennet,Chamberlayne,213,Undirected,1
10,51,Jane Bennet,Mrs. Forster,213,Undirected,1
9,53,Mrs. Bennet,Pen Harrington,213,Undirected,1
11,50,Elizabeth Bennet,Colonel Forster,213,Undirected,1
51,52,Mrs. Forster,Harriet Harrington,213,Undirected,1
5,9,Mr. Darcy,Mrs. Bennet,213,Undirected,1
13,53,Lydia Bennet,Pen Harrington,213,Undirected,1
50,26,Colonel Forster,Mrs. Philips,213,Undirected,1
52,23,Harriet Harrington,Mr. Wickham,213,Undirected,1
10,17,Jane Bennet,Mr. Collins,213,Undirected,1
10,26,Jane Bennet,Mrs. Philips,213,Undirected,1
17,50,Mr. Collins,Colonel Forster,213,Undirected,1
56,11,Pratt,Elizabeth Bennet,213,Undirected,1
9,55,Mrs. Bennet,Denny,213,Undirected,1
11,52,Elizabeth Bennet,Harriet Harrington,213,Undirected,1
51,54,Mrs. Forster,Chamberlayne,213,Undirected,1
52,53,Harriet Harrington,Pen Harrington,213,Undirected,1
5,11,Mr. Darcy,Elizabeth Bennet,213,Undirected,1
23,26,Mr. Wickham,Mrs. Philips,213,Undirected,1
14,23,Kitty Bennet,Mr. Wickham,213,Undirected,1
13,55,Lydia Bennet,Denny,213,Undirected,1
8,13,Mr. Bennet,Lydia Bennet,213,Undirected,1
50,28,Colonel Forster,Officers (at Meryton),213,Undirected,1
54,53,Chamberlayne,Pen Harrington,213,Undirected,1
56,50,Pratt,Colonel Forster,213,Undirected,1
10,28,Jane Bennet,Officers (at Meryton),213,Undirected,1
14,53,Kitty Bennet,Pen Harrington,213,Undirected,1
5,50,Mr. Darcy,Colonel Forster,213,Undirected,1
17,52,Mr. Collins,Harriet Harrington,213,Undirected,1
56,13,Pratt,Lydia Bennet,213,Undirected,1
11,54,Elizabeth Bennet,Chamberlayne,213,Undirected,1
52,55,Harriet Harrington,Denny,213,Undirected,1
5,13,Mr. Darcy,Lydia Bennet,213,Undirected,1
23,28,Mr. Wickham,Officers (at Meryton),213,Undirected,1
55,26,Denny,Mrs. Philips,213,Undirected,1
9,23,Mrs. Bennet,Mr. Wickham,213,Undirected,1
55,53,Denny,Pen Harrington,213,Undirected,1
54,55,Chamberlayne,Denny,213,Undirected,1
56,52,Pratt,Harriet Harrington,213,Undirected,1
14,55,Kitty Bennet,Denny,213,Undirected,1
5,52,Mr. Darcy,Harriet Harrington,213,Undirected,1
17,54,Mr. Collins,Chamberlayne,213,Undirected,1
9,50,Mrs. Bennet,Colonel Forster,213,Undirected,1
13,50,Lydia Bennet,Colonel Forster,213,Undirected,1
55,28,Denny,Officers (at Meryton),213,Undirected,1
50,23,Colonel Forster,Mr. Wickham,213,Undirected,1
8,17,Mr. Bennet,Mr. Collins,213,Undirected,1
10,14,Jane Bennet,Kitty Bennet,213,Undirected,1
11,13,Elizabeth Bennet,Lydia Bennet,213,Undirected,1
8,26,Mr. Bennet,Mrs. Philips,213,Undirected,1
10,23,Jane Bennet,Mr. Wickham,213,Undirected,1
56,54,Pratt,Chamberlayne,213,Undirected,1
5,54,Mr. Darcy,Chamberlayne,213,Undirected,1
9,52,Mrs. Bennet,Harriet Harrington,213,Undirected,1
50,53,Colonel Forster,Pen Harrington,213,Undirected,1
10,53,Jane Bennet,Pen Harrington,213,Undirected,1
13,52,Lydia Bennet,Harriet Harrington,213,Undirected,1
8,10,Mr. Bennet,Jane Bennet,213,Undirected,1
8,28,Mr. Bennet,Officers (at Meryton),213,Undirected,1
51,26,Mrs. Forster,Mrs. Philips,213,Undirected,1
23,53,Mr. Wickham,Pen Harrington,213,Undirected,1
14,50,Kitty Bennet,Colonel Forster,213,Undirected,1
9,54,Mrs. Bennet,Chamberlayne,213,Undirected,1
50,55,Colonel Forster,Denny,213,Undirected,1
51,53,Mrs. Forster,Pen Harrington,213,Undirected,1
53,26,Pen Harrington,Mrs. Philips,213,Undirected,1
10,55,Jane Bennet,Denny,213,Undirected,1
13,54,Lydia Bennet,Chamberlayne,213,Undirected,1
9,11,Mrs. Bennet,Elizabeth Bennet,213,Undirected,1
11,17,Elizabeth Bennet,Mr. Collins,213,Undirected,1
51,28,Mrs. Forster,Officers (at Meryton),213,Undirected,1
11,26,Elizabeth Bennet,Mrs. Philips,213,Undirected,1
23,55,Mr. Wickham,Denny,213,Undirected,1
14,52,Kitty Bennet,Harriet Harrington,213,Undirected,1
51,55,Mrs. Forster,Denny,213,Undirected,1
52,54,Harriet Harrington,Chamberlayne,213,Undirected,1
8,51,Mr. Bennet,Mrs. Forster,213,Undirected,1
53,28,Pen Harrington,Officers (at Meryton),213,Undirected,1
8,14,Mr. Bennet,Kitty Bennet,213,Undirected,1
10,11,Jane Bennet,Elizabeth Bennet,213,Undirected,1
9,13,Mrs. Bennet,Lydia Bennet,213,Undirected,1
17,26,Mr. Collins,Mrs. Philips,213,Undirected,1
8,23,Mr. Bennet,Mr. Wickham,213,Undirected,1
56,51,Pratt,Mrs. Forster,213,Undirected,1
11,28,Elizabeth Bennet,Officers (at Meryton),213,Undirected,1
14,54,Kitty Bennet,Chamberlayne,213,Undirected,1
5,51,Mr. Darcy,Mrs. Forster,213,Undirected,1
26,28,Mrs. Philips,Officers (at Meryton),213,Undirected,1
56,8,Pratt,Mr. Bennet,213,Undirected,1
8,53,Mr. Bennet,Pen Harrington,213,Undirected,1
10,50,Jane Bennet,Colonel Forster,213,Undirected,1
56,17,Pratt,Mr. Collins,213,Undirected,1
5,8,Mr. Darcy,Mr. Bennet,213,Undirected,1
56,26,Pratt,Mrs. Philips,213,Undirected,1
5,17,Mr. Darcy,Mr. Collins,213,Undirected,1
10,13,Jane Bennet,Lydia Bennet,213,Undirected,1
5,26,Mr. Darcy,Mrs. Philips,213,Undirected,1
17,28,Mr. Collins,Officers (at Meryton),213,Undirected,1
51,23,Mrs. Forster,Mr. Wickham,213,Undirected,1
16,20,Charlotte Lucas,Maria Lucas,214,Undirected,1
14,22,Kitty Bennet,Lucas brothers,214,Undirected,1
11,14,Elizabeth Bennet,Kitty Bennet,214,Undirected,1
11,23,Elizabeth Bennet,Mr. Wickham,214,Undirected,1
16,22,Charlotte Lucas,Lucas brothers,214,Undirected,1
18,19,Lady Lucas,Sir William Lucas,214,Undirected,1
18,28,Lady Lucas,Officers (at Meryton),214,Undirected,1
19,57,Sir William Lucas,Miss Lucas' sisters,214,Undirected,1
20,22,Maria Lucas,Lucas brothers,214,Undirected,1
12,18,Mary Bennet,Lady Lucas,214,Undirected,1
22,28,Lucas brothers,Officers (at Meryton),214,Undirected,1
9,10,Mrs. Bennet,Jane Bennet,214,Undirected,1
9,19,Mrs. Bennet,Sir William Lucas,214,Undirected,1
11,16,Elizabeth Bennet,Charlotte Lucas,214,Undirected,1
9,28,Mrs. Bennet,Officers (at Meryton),214,Undirected,1
21,57,Young Lucas,Miss Lucas' sisters,214,Undirected,1
10,20,Jane Bennet,Maria Lucas,214,Undirected,1
13,19,Lydia Bennet,Sir William Lucas,214,Undirected,1
13,28,Lydia Bennet,Officers (at Meryton),214,Undirected,1
18,21,Lady Lucas,Young Lucas,214,Undirected,1
12,20,Mary Bennet,Maria Lucas,214,Undirected,1
9,12,Mrs. Bennet,Mary Bennet,214,Undirected,1
9,21,Mrs. Bennet,Young Lucas,214,Undirected,1
10,22,Jane Bennet,Lucas brothers,214,Undirected,1
13,21,Lydia Bennet,Young Lucas,214,Undirected,1
18,23,Lady Lucas,Mr. Wickham,214,Undirected,1
12,13,Mary Bennet,Lydia Bennet,214,Undirected,1
22,23,Lucas brothers,Mr. Wickham,214,Undirected,1
11,57,Elizabeth Bennet,Miss Lucas' sisters,214,Undirected,1
12,22,Mary Bennet,Lucas brothers,214,Undirected,1
14,19,Kitty Bennet,Sir William Lucas,214,Undirected,1
9,14,Mrs. Bennet,Kitty Bennet,214,Undirected,1
14,28,Kitty Bennet,Officers (at Meryton),214,Undirected,1
13,14,Lydia Bennet,Kitty Bennet,214,Undirected,1
13,23,Lydia Bennet,Mr. Wickham,214,Undirected,1
16,19,Charlotte Lucas,Sir William Lucas,214,Undirected,1
16,28,Charlotte Lucas,Officers (at Meryton),214,Undirected,1
20,28,Maria Lucas,Officers (at Meryton),214,Undirected,1
14,21,Kitty Bennet,Young Lucas,214,Undirected,1
9,16,Mrs. Bennet,Charlotte Lucas,214,Undirected,1
19,20,Sir William Lucas,Maria Lucas,214,Undirected,1
13,16,Lydia Bennet,Charlotte Lucas,214,Undirected,1
16,21,Charlotte Lucas,Young Lucas,214,Undirected,1
20,21,Maria Lucas,Young Lucas,214,Undirected,1
14,23,Kitty Bennet,Mr. Wickham,214,Undirected,1
18,57,Lady Lucas,Miss Lucas' sisters,214,Undirected,1
19,22,Sir William Lucas,Lucas brothers,214,Undirected,1
10,19,Jane Bennet,Sir William Lucas,214,Undirected,1
13,18,Lydia Bennet,Lady Lucas,214,Undirected,1
11,18,Elizabeth Bennet,Lady Lucas,214,Undirected,1
10,28,Jane Bennet,Officers (at Meryton),214,Undirected,1
16,23,Charlotte Lucas,Mr. Wickham,214,Undirected,1
22,57,Lucas brothers,Miss Lucas' sisters,214,Undirected,1
20,23,Maria Lucas,Mr. Wickham,214,Undirected,1
9,57,Mrs. Bennet,Miss Lucas' sisters,214,Undirected,1
21,22,Young Lucas,Lucas brothers,214,Undirected,1
12,19,Mary Bennet,Sir William Lucas,214,Undirected,1
14,16,Kitty Bennet,Charlotte Lucas,214,Undirected,1
12,28,Mary Bennet,Officers (at Meryton),214,Undirected,1
23,28,Mr. Wickham,Officers (at Meryton),214,Undirected,1
13,57,Lydia Bennet,Miss Lucas' sisters,214,Undirected,1
10,12,Jane Bennet,Mary Bennet,214,Undirected,1
10,21,Jane Bennet,Young Lucas,214,Undirected,1
9,23,Mrs. Bennet,Mr. Wickham,214,Undirected,1
11,20,Elizabeth Bennet,Maria Lucas,214,Undirected,1
12,21,Mary Bennet,Young Lucas,214,Undirected,1
14,18,Kitty Bennet,Lady Lucas,214,Undirected,1
10,14,Jane Bennet,Kitty Bennet,214,Undirected,1
11,13,Elizabeth Bennet,Lydia Bennet,214,Undirected,1
10,23,Jane Bennet,Mr. Wickham,214,Undirected,1
11,22,Elizabeth Bennet,Lucas brothers,214,Undirected,1
57,28,Miss Lucas' sisters,Officers (at Meryton),214,Undirected,1
14,57,Kitty Bennet,Miss Lucas' sisters,214,Undirected,1
12,14,Mary Bennet,Kitty Bennet,214,Undirected,1
12,23,Mary Bennet,Mr. Wickham,214,Undirected,1
16,57,Charlotte Lucas,Miss Lucas' sisters,214,Undirected,1
10,16,Jane Bennet,Charlotte Lucas,214,Undirected,1
9,18,Mrs. Bennet,Lady Lucas,214,Undirected,1
19,28,Sir William Lucas,Officers (at Meryton),214,Undirected,1
20,57,Maria Lucas,Miss Lucas' sisters,214,Undirected,1
18,20,Lady Lucas,Maria Lucas,214,Undirected,1
12,16,Mary Bennet,Charlotte Lucas,214,Undirected,1
21,28,Young Lucas,Officers (at Meryton),214,Undirected,1
9,11,Mrs. Bennet,Elizabeth Bennet,214,Undirected,1
19,21,Sir William Lucas,Young Lucas,214,Undirected,1
10,18,Jane Bennet,Lady Lucas,214,Undirected,1
9,20,Mrs. Bennet,Maria Lucas,214,Undirected,1
13,20,Lydia Bennet,Maria Lucas,214,Undirected,1
18,22,Lady Lucas,Lucas brothers,214,Undirected,1
10,57,Jane Bennet,Miss Lucas' sisters,214,Undirected,1
10,11,Jane Bennet,Elizabeth Bennet,214,Undirected,1
9,13,Mrs. Bennet,Lydia Bennet,214,Undirected,1
19,23,Sir William Lucas,Mr. Wickham,214,Undirected,1
9,22,Mrs. Bennet,Lucas brothers,214,Undirected,1
11,19,Elizabeth Bennet,Sir William Lucas,214,Undirected,1
11,28,Elizabeth Bennet,Officers (at Meryton),214,Undirected,1
12,57,Mary Bennet,Miss Lucas' sisters,214,Undirected,1
13,22,Lydia Bennet,Lucas brothers,214,Undirected,1
23,57,Mr. Wickham,Miss Lucas' sisters,214,Undirected,1
16,18,Charlotte Lucas,Lady Lucas,214,Undirected,1
21,23,Young Lucas,Mr. Wickham,214,Undirected,1
14,20,Kitty Bennet,Maria Lucas,214,Undirected,1
10,13,Jane Bennet,Lydia Bennet,214,Undirected,1
11,12,Elizabeth Bennet,Mary Bennet,214,Undirected,1
11,21,Elizabeth Bennet,Young Lucas,214,Undirected,1
11,23,Elizabeth Bennet,Mr. Wickham,215,Undirected,1
9,23,Mrs. Bennet,Mr. Wickham,215,Undirected,1
9,13,Mrs. Bennet,Lydia Bennet,215,Undirected,1
13,23,Lydia Bennet,Mr. Wickham,215,Undirected,1
8,23,Mr. Bennet,Mr. Wickham,215,Undirected,1
11,13,Elizabeth Bennet,Lydia Bennet,215,Undirected,1
9,28,Mrs. Bennet,Officers (at Meryton),215,Undirected,1
11,28,Elizabeth Bennet,Officers (at Meryton),215,Undirected,1
8,13,Mr. Bennet,Lydia Bennet,215,Undirected,1
23,28,Mr. Wickham,Officers (at Meryton),215,Undirected,1
8,9,Mr. Bennet,Mrs. Bennet,215,Undirected,1
13,28,Lydia Bennet,Officers (at Meryton),215,Undirected,1
8,28,Mr. Bennet,Officers (at Meryton),215,Undirected,1
9,11,Mrs. Bennet,Elizabeth Bennet,215,Undirected,1
8,11,Mr. Bennet,Elizabeth Bennet,215,Undirected,1
11,23,Elizabeth Bennet,Mr. Wickham,216,Undirected,1
10,5,Jane Bennet,Mr. Darcy,216,Undirected,1
10,11,Jane Bennet,Elizabeth Bennet,216,Undirected,1
10,23,Jane Bennet,Mr. Wickham,216,Undirected,1
5,23,Mr. Darcy,Mr. Wickham,216,Undirected,1
11,5,Elizabeth Bennet,Mr. Darcy,216,Undirected,1
10,15,Jane Bennet,Miss Darcy,217,Undirected,1
5,15,Mr. Darcy,Miss Darcy,217,Undirected,1
11,23,Elizabeth Bennet,Mr. Wickham,217,Undirected,1
10,11,Jane Bennet,Elizabeth Bennet,217,Undirected,1
5,11,Mr. Darcy,Elizabeth Bennet,217,Undirected,1
15,23,Miss Darcy,Mr. Wickham,217,Undirected,1
10,23,Jane Bennet,Mr. Wickham,217,Undirected,1
5,23,Mr. Darcy,Mr. Wickham,217,Undirected,1
5,10,Mr. Darcy,Jane Bennet,217,Undirected,1
11,15,Elizabeth Bennet,Miss Darcy,217,Undirected,1
10,15,Jane Bennet,Miss Darcy,218,Undirected,1
5,15,Mr. Darcy,Miss Darcy,218,Undirected,1
11,23,Elizabeth Bennet,Mr. Wickham,218,Undirected,1
10,11,Jane Bennet,Elizabeth Bennet,218,Undirected,1
5,11,Mr. Darcy,Elizabeth Bennet,218,Undirected,1
15,23,Miss Darcy,Mr. Wickham,218,Undirected,1
10,23,Jane Bennet,Mr. Wickham,218,Undirected,1
5,23,Mr. Darcy,Mr. Wickham,218,Undirected,1
5,10,Mr. Darcy,Jane Bennet,218,Undirected,1
11,15,Elizabeth Bennet,Miss Darcy,218,Undirected,1
4,58,Mr. Bingley,Jane's friends,219,Undirected,1
4,9,Mr. Bingley,Mrs. Bennet,219,Undirected,1
10,58,Jane Bennet,Jane's friends,219,Undirected,1
5,10,Mr. Darcy,Jane Bennet,219,Undirected,1
9,11,Mrs. Bennet,Elizabeth Bennet,219,Undirected,1
26,5,Mrs. Philips,Mr. Darcy,219,Undirected,1
26,11,Mrs. Philips,Elizabeth Bennet,219,Undirected,1
5,58,Mr. Darcy,Jane's friends,219,Undirected,1
4,5,Mr. Bingley,Mr. Darcy,219,Undirected,1
5,9,Mr. Darcy,Mrs. Bennet,219,Undirected,1
4,11,Mr. Bingley,Elizabeth Bennet,219,Undirected,1
9,10,Mrs. Bennet,Jane Bennet,219,Undirected,1
10,11,Jane Bennet,Elizabeth Bennet,219,Undirected,1
26,4,Mrs. Philips,Mr. Bingley,219,Undirected,1
26,10,Mrs. Philips,Jane Bennet,219,Undirected,1
4,10,Mr. Bingley,Jane Bennet,219,Undirected,1
5,11,Mr. Darcy,Elizabeth Bennet,219,Undirected,1
9,58,Mrs. Bennet,Jane's friends,219,Undirected,1
11,58,Elizabeth Bennet,Jane's friends,219,Undirected,1
26,58,Mrs. Philips,Jane's friends,219,Undirected,1
26,9,Mrs. Philips,Mrs. Bennet,219,Undirected,1
4,9,Mr. Bingley,Mrs. Bennet,220,Undirected,1
8,9,Mr. Bennet,Mrs. Bennet,220,Undirected,1
4,18,Mr. Bingley,Lady Lucas,220,Undirected,1
8,18,Mr. Bennet,Lady Lucas,220,Undirected,1
9,11,Mrs. Bennet,Elizabeth Bennet,220,Undirected,1
9,17,Mrs. Bennet,Mr. Collins,220,Undirected,1
17,18,Mr. Collins,Lady Lucas,220,Undirected,1
17,30,Mr. Collins,Lady Catherine de Bourgh,220,Undirected,1
4,30,Mr. Bingley,Lady Catherine de Bourgh,220,Undirected,1
10,18,Jane Bennet,Lady Lucas,220,Undirected,1
11,17,Elizabeth Bennet,Mr. Collins,220,Undirected,1
8,30,Mr. Bennet,Lady Catherine de Bourgh,220,Undirected,1
10,30,Jane Bennet,Lady Catherine de Bourgh,220,Undirected,1
4,8,Mr. Bingley,Mr. Bennet,220,Undirected,1
4,11,Mr. Bingley,Elizabeth Bennet,220,Undirected,1
4,17,Mr. Bingley,Mr. Collins,220,Undirected,1
8,11,Mr. Bennet,Elizabeth Bennet,220,Undirected,1
9,10,Mrs. Bennet,Jane Bennet,220,Undirected,1
9,16,Mrs. Bennet,Charlotte Lucas,220,Undirected,1
10,11,Jane Bennet,Elizabeth Bennet,220,Undirected,1
8,17,Mr. Bennet,Mr. Collins,220,Undirected,1
11,16,Elizabeth Bennet,Charlotte Lucas,220,Undirected,1
10,17,Jane Bennet,Mr. Collins,220,Undirected,1
16,18,Charlotte Lucas,Lady Lucas,220,Undirected,1
16,30,Charlotte Lucas,Lady Catherine de Bourgh,220,Undirected,1
18,30,Lady Lucas,Lady Catherine de Bourgh,220,Undirected,1
4,10,Mr. Bingley,Jane Bennet,220,Undirected,1
4,16,Mr. Bingley,Charlotte Lucas,220,Undirected,1
8,10,Mr. Bennet,Jane Bennet,220,Undirected,1
8,16,Mr. Bennet,Charlotte Lucas,220,Undirected,1
10,16,Jane Bennet,Charlotte Lucas,220,Undirected,1
9,18,Mrs. Bennet,Lady Lucas,220,Undirected,1
11,18,Elizabeth Bennet,Lady Lucas,220,Undirected,1
11,30,Elizabeth Bennet,Lady Catherine de Bourgh,220,Undirected,1
9,30,Mrs. Bennet,Lady Catherine de Bourgh,220,Undirected,1
16,17,Charlotte Lucas,Mr. Collins,220,Undirected,1
14,59,Kitty Bennet,Colonel Millar,221,Undirected,1
5,59,Mr. Darcy,Colonel Millar,221,Undirected,1
5,13,Mr. Darcy,Lydia Bennet,221,Undirected,1
9,60,Mrs. Bennet,Colonel Millar's regiment,221,Undirected,1
5,10,Mr. Darcy,Jane Bennet,221,Undirected,1
8,9,Mr. Bennet,Mrs. Bennet,221,Undirected,1
11,60,Elizabeth Bennet,Colonel Millar's regiment,221,Undirected,1
9,14,Mrs. Bennet,Kitty Bennet,221,Undirected,1
14,28,Kitty Bennet,Officers (at Meryton),221,Undirected,1
9,11,Mrs. Bennet,Elizabeth Bennet,221,Undirected,1
13,60,Lydia Bennet,Colonel Millar's regiment,221,Undirected,1
11,14,Elizabeth Bennet,Kitty Bennet,221,Undirected,1
5,28,Mr. Darcy,Officers (at Meryton),221,Undirected,1
9,26,Mrs. Bennet,Mrs. Philips,221,Undirected,1
26,60,Mrs. Philips,Colonel Millar's regiment,221,Undirected,1
13,14,Lydia Bennet,Kitty Bennet,221,Undirected,1
11,26,Elizabeth Bennet,Mrs. Philips,221,Undirected,1
13,26,Lydia Bennet,Mrs. Philips,221,Undirected,1
59,60,Colonel Millar,Colonel Millar's regiment,221,Undirected,1
9,59,Mrs. Bennet,Colonel Millar,221,Undirected,1
28,60,Officers (at Meryton),Colonel Millar's regiment,221,Undirected,1
5,9,Mr. Darcy,Mrs. Bennet,221,Undirected,1
8,60,Mr. Bennet,Colonel Millar's regiment,221,Undirected,1
11,59,Elizabeth Bennet,Colonel Millar,221,Undirected,1
8,11,Mr. Bennet,Elizabeth Bennet,221,Undirected,1
9,10,Mrs. Bennet,Jane Bennet,221,Undirected,1
10,60,Jane Bennet,Colonel Millar's regiment,221,Undirected,1
8,14,Mr. Bennet,Kitty Bennet,221,Undirected,1
10,11,Jane Bennet,Elizabeth Bennet,221,Undirected,1
9,13,Mrs. Bennet,Lydia Bennet,221,Undirected,1
13,59,Lydia Bennet,Colonel Millar,221,Undirected,1
28,26,Officers (at Meryton),Mrs. Philips,221,Undirected,1
10,14,Jane Bennet,Kitty Bennet,221,Undirected,1
26,59,Mrs. Philips,Colonel Millar,221,Undirected,1
11,13,Elizabeth Bennet,Lydia Bennet,221,Undirected,1
9,28,Mrs. Bennet,Officers (at Meryton),221,Undirected,1
8,26,Mr. Bennet,Mrs. Philips,221,Undirected,1
11,28,Elizabeth Bennet,Officers (at Meryton),221,Undirected,1
10,26,Jane Bennet,Mrs. Philips,221,Undirected,1
13,28,Lydia Bennet,Officers (at Meryton),221,Undirected,1
14,60,Kitty Bennet,Colonel Millar's regiment,221,Undirected,1
28,59,Officers (at Meryton),Colonel Millar,221,Undirected,1
5,60,Mr. Darcy,Colonel Millar's regiment,221,Undirected,1
8,59,Mr. Bennet,Colonel Millar,221,Undirected,1
5,11,Mr. Darcy,Elizabeth Bennet,221,Undirected,1
5,8,Mr. Darcy,Mr. Bennet,221,Undirected,1
5,14,Mr. Darcy,Kitty Bennet,221,Undirected,1
10,59,Jane Bennet,Colonel Millar,221,Undirected,1
8,10,Mr. Bennet,Jane Bennet,221,Undirected,1
14,26,Kitty Bennet,Mrs. Philips,221,Undirected,1
10,13,Jane Bennet,Lydia Bennet,221,Undirected,1
8,13,Mr. Bennet,Lydia Bennet,221,Undirected,1
5,26,Mr. Darcy,Mrs. Philips,221,Undirected,1
8,28,Mr. Bennet,Officers (at Meryton),221,Undirected,1
10,28,Jane Bennet,Officers (at Meryton),221,Undirected,1
5,50,Mr. Darcy,Colonel Forster,222,Undirected,1
4,9,Mr. Bingley,Mrs. Bennet,222,Undirected,1
9,51,Mrs. Bennet,Mrs. Forster,222,Undirected,1
5,13,Mr. Darcy,Lydia Bennet,222,Undirected,1
11,51,Elizabeth Bennet,Mrs. Forster,222,Undirected,1
5,10,Mr. Darcy,Jane Bennet,222,Undirected,1
8,9,Mr. Bennet,Mrs. Bennet,222,Undirected,1
13,51,Lydia Bennet,Mrs. Forster,222,Undirected,1
9,14,Mrs. Bennet,Kitty Bennet,222,Undirected,1
9,11,Mrs. Bennet,Elizabeth Bennet,222,Undirected,1
11,14,Elizabeth Bennet,Kitty Bennet,222,Undirected,1
13,14,Lydia Bennet,Kitty Bennet,222,Undirected,1
4,51,Mr. Bingley,Mrs. Forster,222,Undirected,1
50,51,Colonel Forster,Mrs. Forster,222,Undirected,1
9,50,Mrs. Bennet,Colonel Forster,222,Undirected,1
4,5,Mr. Bingley,Mr. Darcy,222,Undirected,1
10,51,Jane Bennet,Mrs. Forster,222,Undirected,1
4,8,Mr. Bingley,Mr. Bennet,222,Undirected,1
4,14,Mr. Bingley,Kitty Bennet,222,Undirected,1
8,51,Mr. Bennet,Mrs. Forster,222,Undirected,1
5,9,Mr. Darcy,Mrs. Bennet,222,Undirected,1
4,11,Mr. Bingley,Elizabeth Bennet,222,Undirected,1
11,50,Elizabeth Bennet,Colonel Forster,222,Undirected,1
13,50,Lydia Bennet,Colonel Forster,222,Undirected,1
8,11,Mr. Bennet,Elizabeth Bennet,222,Undirected,1
9,10,Mrs. Bennet,Jane Bennet,222,Undirected,1
8,14,Mr. Bennet,Kitty Bennet,222,Undirected,1
10,11,Jane Bennet,Elizabeth Bennet,222,Undirected,1
9,13,Mrs. Bennet,Lydia Bennet,222,Undirected,1
10,14,Jane Bennet,Kitty Bennet,222,Undirected,1
11,13,Elizabeth Bennet,Lydia Bennet,222,Undirected,1
14,51,Kitty Bennet,Mrs. Forster,222,Undirected,1
4,50,Mr. Bingley,Colonel Forster,222,Undirected,1
5,51,Mr. Darcy,Mrs. Forster,222,Undirected,1
8,50,Mr. Bennet,Colonel Forster,222,Undirected,1
4,10,Mr. Bingley,Jane Bennet,222,Undirected,1
10,50,Jane Bennet,Colonel Forster,222,Undirected,1
5,11,Mr. Darcy,Elizabeth Bennet,222,Undirected,1
4,13,Mr. Bingley,Lydia Bennet,222,Undirected,1
5,8,Mr. Darcy,Mr. Bennet,222,Undirected,1
5,14,Mr. Darcy,Kitty Bennet,222,Undirected,1
8,10,Mr. Bennet,Jane Bennet,222,Undirected,1
10,13,Jane Bennet,Lydia Bennet,222,Undirected,1
8,13,Mr. Bennet,Lydia Bennet,222,Undirected,1
14,50,Kitty Bennet,Colonel Forster,222,Undirected,1
13,14,Lydia Bennet,Kitty Bennet,223,Undirected,1
8,14,Mr. Bennet,Kitty Bennet,223,Undirected,1
10,11,Jane Bennet,Elizabeth Bennet,223,Undirected,1
10,14,Jane Bennet,Kitty Bennet,223,Undirected,1
11,13,Elizabeth Bennet,Lydia Bennet,223,Undirected,1
8,10,Mr. Bennet,Jane Bennet,223,Undirected,1
12,13,Mary Bennet,Lydia Bennet,223,Undirected,1
10,13,Jane Bennet,Lydia Bennet,223,Undirected,1
8,13,Mr. Bennet,Lydia Bennet,223,Undirected,1
11,12,Elizabeth Bennet,Mary Bennet,223,Undirected,1
12,14,Mary Bennet,Kitty Bennet,223,Undirected,1
8,12,Mr. Bennet,Mary Bennet,223,Undirected,1
11,14,Elizabeth Bennet,Kitty Bennet,223,Undirected,1
10,12,Jane Bennet,Mary Bennet,223,Undirected,1
8,11,Mr. Bennet,Elizabeth Bennet,223,Undirected,1
23,28,Mr. Wickham,Officers (at Meryton),224,Undirected,1
8,9,Mr. Bennet,Mrs. Bennet,224,Undirected,1
9,11,Mrs. Bennet,Elizabeth Bennet,224,Undirected,1
11,23,Elizabeth Bennet,Mr. Wickham,224,Undirected,1
9,23,Mrs. Bennet,Mr. Wickham,224,Undirected,1
13,23,Lydia Bennet,Mr. Wickham,224,Undirected,1
9,50,Mrs. Bennet,Colonel Forster,224,Undirected,1
11,50,Elizabeth Bennet,Colonel Forster,224,Undirected,1
13,50,Lydia Bennet,Colonel Forster,224,Undirected,1
8,11,Mr. Bennet,Elizabeth Bennet,224,Undirected,1
50,23,Colonel Forster,Mr. Wickham,224,Undirected,1
9,13,Mrs. Bennet,Lydia Bennet,224,Undirected,1
8,23,Mr. Bennet,Mr. Wickham,224,Undirected,1
11,13,Elizabeth Bennet,Lydia Bennet,224,Undirected,1
9,28,Mrs. Bennet,Officers (at Meryton),224,Undirected,1
11,28,Elizabeth Bennet,Officers (at Meryton),224,Undirected,1
13,28,Lydia Bennet,Officers (at Meryton),224,Undirected,1
8,50,Mr. Bennet,Colonel Forster,224,Undirected,1
8,13,Mr. Bennet,Lydia Bennet,224,Undirected,1
50,28,Colonel Forster,Officers (at Meryton),224,Undirected,1
8,28,Mr. Bennet,Officers (at Meryton),224,Undirected,1
11,23,Elizabeth Bennet,Mr. Wickham,225,Undirected,1
41,23,Colonel Fitzwilliam,Mr. Wickham,225,Undirected,1
5,23,Mr. Darcy,Mr. Wickham,225,Undirected,1
11,5,Elizabeth Bennet,Mr. Darcy,225,Undirected,1
41,5,Colonel Fitzwilliam,Mr. Darcy,225,Undirected,1
41,11,Colonel Fitzwilliam,Elizabeth Bennet,225,Undirected,1
13,30,Lydia Bennet,Lady Catherine de Bourgh,226,Undirected,1
5,13,Mr. Darcy,Lydia Bennet,226,Undirected,1
33,51,Miss de Bourgh,Mrs. Forster,226,Undirected,1
11,51,Elizabeth Bennet,Mrs. Forster,226,Undirected,1
13,51,Lydia Bennet,Mrs. Forster,226,Undirected,1
33,5,Miss de Bourgh,Mr. Darcy,226,Undirected,1
33,11,Miss de Bourgh,Elizabeth Bennet,226,Undirected,1
11,23,Elizabeth Bennet,Mr. Wickham,226,Undirected,1
33,23,Miss de Bourgh,Mr. Wickham,226,Undirected,1
13,23,Lydia Bennet,Mr. Wickham,226,Undirected,1
23,30,Mr. Wickham,Lady Catherine de Bourgh,226,Undirected,1
5,30,Mr. Darcy,Lady Catherine de Bourgh,226,Undirected,1
11,13,Elizabeth Bennet,Lydia Bennet,226,Undirected,1
33,13,Miss de Bourgh,Lydia Bennet,226,Undirected,1
51,30,Mrs. Forster,Lady Catherine de Bourgh,226,Undirected,1
5,51,Mr. Darcy,Mrs. Forster,226,Undirected,1
5,11,Mr. Darcy,Elizabeth Bennet,226,Undirected,1
5,23,Mr. Darcy,Mr. Wickham,226,Undirected,1
51,23,Mrs. Forster,Mr. Wickham,226,Undirected,1
11,30,Elizabeth Bennet,Lady Catherine de Bourgh,226,Undirected,1
33,30,Miss de Bourgh,Lady Catherine de Bourgh,226,Undirected,1
9,51,Mrs. Bennet,Mrs. Forster,227,Undirected,1
12,13,Mary Bennet,Lydia Bennet,227,Undirected,1
11,51,Elizabeth Bennet,Mrs. Forster,227,Undirected,1
8,9,Mr. Bennet,Mrs. Bennet,227,Undirected,1
13,51,Lydia Bennet,Mrs. Forster,227,Undirected,1
9,14,Mrs. Bennet,Kitty Bennet,227,Undirected,1
8,12,Mr. Bennet,Mary Bennet,227,Undirected,1
9,11,Mrs. Bennet,Elizabeth Bennet,227,Undirected,1
11,14,Elizabeth Bennet,Kitty Bennet,227,Undirected,1
10,12,Jane Bennet,Mary Bennet,227,Undirected,1
13,14,Lydia Bennet,Kitty Bennet,227,Undirected,1
10,51,Jane Bennet,Mrs. Forster,227,Undirected,1
8,51,Mr. Bennet,Mrs. Forster,227,Undirected,1
8,11,Mr. Bennet,Elizabeth Bennet,227,Undirected,1
9,10,Mrs. Bennet,Jane Bennet,227,Undirected,1
8,14,Mr. Bennet,Kitty Bennet,227,Undirected,1
10,11,Jane Bennet,Elizabeth Bennet,227,Undirected,1
9,13,Mrs. Bennet,Lydia Bennet,227,Undirected,1
10,14,Jane Bennet,Kitty Bennet,227,Undirected,1
11,13,Elizabeth Bennet,Lydia Bennet,227,Undirected,1
14,51,Kitty Bennet,Mrs. Forster,227,Undirected,1
12,51,Mary Bennet,Mrs. Forster,227,Undirected,1
12,14,Mary Bennet,Kitty Bennet,227,Undirected,1
9,12,Mrs. Bennet,Mary Bennet,227,Undirected,1
8,10,Mr. Bennet,Jane Bennet,227,Undirected,1
10,13,Jane Bennet,Lydia Bennet,227,Undirected,1
8,13,Mr. Bennet,Lydia Bennet,227,Undirected,1
11,12,Elizabeth Bennet,Mary Bennet,227,Undirected,1
12,13,Mary Bennet,Lydia Bennet,228,Undirected,1
8,9,Mr. Bennet,Mrs. Bennet,228,Undirected,1
9,14,Mrs. Bennet,Kitty Bennet,228,Undirected,1
8,12,Mr. Bennet,Mary Bennet,228,Undirected,1
9,11,Mrs. Bennet,Elizabeth Bennet,228,Undirected,1
11,14,Elizabeth Bennet,Kitty Bennet,228,Undirected,1
10,12,Jane Bennet,Mary Bennet,228,Undirected,1
13,14,Lydia Bennet,Kitty Bennet,228,Undirected,1
8,11,Mr. Bennet,Elizabeth Bennet,228,Undirected,1
9,10,Mrs. Bennet,Jane Bennet,228,Undirected,1
8,14,Mr. Bennet,Kitty Bennet,228,Undirected,1
10,11,Jane Bennet,Elizabeth Bennet,228,Undirected,1
9,13,Mrs. Bennet,Lydia Bennet,228,Undirected,1
10,14,Jane Bennet,Kitty Bennet,228,Undirected,1
11,13,Elizabeth Bennet,Lydia Bennet,228,Undirected,1
12,14,Mary Bennet,Kitty Bennet,228,Undirected,1
9,12,Mrs. Bennet,Mary Bennet,228,Undirected,1
8,10,Mr. Bennet,Jane Bennet,228,Undirected,1
10,13,Jane Bennet,Lydia Bennet,228,Undirected,1
8,13,Mr. Bennet,Lydia Bennet,228,Undirected,1
11,12,Elizabeth Bennet,Mary Bennet,228,Undirected,1
12,13,Mary Bennet,Lydia Bennet,229,Undirected,1
8,9,Mr. Bennet,Mrs. Bennet,229,Undirected,1
9,14,Mrs. Bennet,Kitty Bennet,229,Undirected,1
8,12,Mr. Bennet,Mary Bennet,229,Undirected,1
9,11,Mrs. Bennet,Elizabeth Bennet,229,Undirected,1
11,14,Elizabeth Bennet,Kitty Bennet,229,Undirected,1
10,12,Jane Bennet,Mary Bennet,229,Undirected,1
11,23,Elizabeth Bennet,Mr. Wickham,229,Undirected,1
13,14,Lydia Bennet,Kitty Bennet,229,Undirected,1
9,23,Mrs. Bennet,Mr. Wickham,229,Undirected,1
13,23,Lydia Bennet,Mr. Wickham,229,Undirected,1
8,11,Mr. Bennet,Elizabeth Bennet,229,Undirected,1
9,10,Mrs. Bennet,Jane Bennet,229,Undirected,1
8,14,Mr. Bennet,Kitty Bennet,229,Undirected,1
10,11,Jane Bennet,Elizabeth Bennet,229,Undirected,1
9,13,Mrs. Bennet,Lydia Bennet,229,Undirected,1
8,23,Mr. Bennet,Mr. Wickham,229,Undirected,1
10,14,Jane Bennet,Kitty Bennet,229,Undirected,1
11,13,Elizabeth Bennet,Lydia Bennet,229,Undirected,1
10,23,Jane Bennet,Mr. Wickham,229,Undirected,1
12,14,Mary Bennet,Kitty Bennet,229,Undirected,1
12,23,Mary Bennet,Mr. Wickham,229,Undirected,1
14,23,Kitty Bennet,Mr. Wickham,229,Undirected,1
9,12,Mrs. Bennet,Mary Bennet,229,Undirected,1
8,10,Mr. Bennet,Jane Bennet,229,Undirected,1
10,13,Jane Bennet,Lydia Bennet,229,Undirected,1
8,13,Mr. Bennet,Lydia Bennet,229,Undirected,1
11,12,Elizabeth Bennet,Mary Bennet,229,Undirected,1
9,51,Mrs. Bennet,Mrs. Forster,230,Undirected,1
11,51,Elizabeth Bennet,Mrs. Forster,230,Undirected,1
14,25,Kitty Bennet,Mrs. Gardiner,230,Undirected,1
13,51,Lydia Bennet,Mrs. Forster,230,Undirected,1
9,14,Mrs. Bennet,Kitty Bennet,230,Undirected,1
9,11,Mrs. Bennet,Elizabeth Bennet,230,Undirected,1
11,14,Elizabeth Bennet,Kitty Bennet,230,Undirected,1
51,25,Mrs. Forster,Mrs. Gardiner,230,Undirected,1
13,14,Lydia Bennet,Kitty Bennet,230,Undirected,1
14,24,Kitty Bennet,Mr. Gardiner,230,Undirected,1
9,13,Mrs. Bennet,Lydia Bennet,230,Undirected,1
11,13,Elizabeth Bennet,Lydia Bennet,230,Undirected,1
9,25,Mrs. Bennet,Mrs. Gardiner,230,Undirected,1
51,24,Mrs. Forster,Mr. Gardiner,230,Undirected,1
14,51,Kitty Bennet,Mrs. Forster,230,Undirected,1
24,25,Mr. Gardiner,Mrs. Gardiner,230,Undirected,1
11,25,Elizabeth Bennet,Mrs. Gardiner,230,Undirected,1
13,25,Lydia Bennet,Mrs. Gardiner,230,Undirected,1
9,24,Mrs. Bennet,Mr. Gardiner,230,Undirected,1
11,24,Elizabeth Bennet,Mr. Gardiner,230,Undirected,1
13,24,Lydia Bennet,Mr. Gardiner,230,Undirected,1
5,10,Mr. Darcy,Jane Bennet,231,Undirected,1
32,61,Gardiner children,Mrs. Gardiner's aquaintance,231,Undirected,1
10,61,Jane Bennet,Mrs. Gardiner's aquaintance,231,Undirected,1
5,25,Mr. Darcy,Mrs. Gardiner,231,Undirected,1
10,24,Jane Bennet,Mr. Gardiner,231,Undirected,1
32,24,Gardiner children,Mr. Gardiner,231,Undirected,1
5,61,Mr. Darcy,Mrs. Gardiner's aquaintance,231,Undirected,1
25,61,Mrs. Gardiner,Mrs. Gardiner's aquaintance,231,Undirected,1
32,5,Gardiner children,Mr. Darcy,231,Undirected,1
32,11,Gardiner children,Elizabeth Bennet,231,Undirected,1
10,11,Jane Bennet,Elizabeth Bennet,231,Undirected,1
5,24,Mr. Darcy,Mr. Gardiner,231,Undirected,1
24,25,Mr. Gardiner,Mrs. Gardiner,231,Undirected,1
11,25,Elizabeth Bennet,Mrs. Gardiner,231,Undirected,1
5,11,Mr. Darcy,Elizabeth Bennet,231,Undirected,1
11,61,Elizabeth Bennet,Mrs. Gardiner's aquaintance,231,Undirected,1
24,61,Mr. Gardiner,Mrs. Gardiner's aquaintance,231,Undirected,1
32,10,Gardiner children,Jane Bennet,231,Undirected,1
10,25,Jane Bennet,Mrs. Gardiner,231,Undirected,1
32,25,Gardiner children,Mrs. Gardiner,231,Undirected,1
11,24,Elizabeth Bennet,Mr. Gardiner,231,Undirected,1
11,23,Elizabeth Bennet,Mr. Wickham,232,Undirected,1
5,11,Mr. Darcy,Elizabeth Bennet,232,Undirected,1
5,24,Mr. Darcy,Mr. Gardiner,232,Undirected,1
5,23,Mr. Darcy,Mr. Wickham,232,Undirected,1
24,25,Mr. Gardiner,Mrs. Gardiner,232,Undirected,1
11,25,Elizabeth Bennet,Mrs. Gardiner,232,Undirected,1
23,25,Mr. Wickham,Mrs. Gardiner,232,Undirected,1
5,25,Mr. Darcy,Mrs. Gardiner,232,Undirected,1
11,24,Elizabeth Bennet,Mr. Gardiner,232,Undirected,1
23,24,Mr. Wickham,Mr. Gardiner,232,Undirected,1
5,15,Mr. Darcy,Miss Darcy,248,Undirected,1
5,11,Mr. Darcy,Elizabeth Bennet,248,Undirected,1
15,24,Miss Darcy,Mr. Gardiner,248,Undirected,1
5,24,Mr. Darcy,Mr. Gardiner,248,Undirected,1
24,62,Mr. Gardiner,"""Lambton friends""",248,Undirected,1
15,62,Miss Darcy,"""Lambton friends""",248,Undirected,1
5,62,Mr. Darcy,"""Lambton friends""",248,Undirected,1
24,25,Mr. Gardiner,Mrs. Gardiner,248,Undirected,1
11,25,Elizabeth Bennet,Mrs. Gardiner,248,Undirected,1
11,15,Elizabeth Bennet,Miss Darcy,248,Undirected,1
15,25,Miss Darcy,Mrs. Gardiner,248,Undirected,1
5,25,Mr. Darcy,Mrs. Gardiner,248,Undirected,1
11,24,Elizabeth Bennet,Mr. Gardiner,248,Undirected,1
25,62,Mrs. Gardiner,"""Lambton friends""",248,Undirected,1
11,62,Elizabeth Bennet,"""Lambton friends""",248,Undirected,1
5,15,Mr. Darcy,Miss Darcy,249,Undirected,1
5,11,Mr. Darcy,Elizabeth Bennet,249,Undirected,1
15,24,Miss Darcy,Mr. Gardiner,249,Undirected,1
5,24,Mr. Darcy,Mr. Gardiner,249,Undirected,1
4,25,Mr. Bingley,Mrs. Gardiner,249,Undirected,1
4,15,Mr. Bingley,Miss Darcy,249,Undirected,1
24,25,Mr. Gardiner,Mrs. Gardiner,249,Undirected,1
4,5,Mr. Bingley,Mr. Darcy,249,Undirected,1
11,25,Elizabeth Bennet,Mrs. Gardiner,249,Undirected,1
11,15,Elizabeth Bennet,Miss Darcy,249,Undirected,1
4,24,Mr. Bingley,Mr. Gardiner,249,Undirected,1
15,25,Miss Darcy,Mrs. Gardiner,249,Undirected,1
5,25,Mr. Darcy,Mrs. Gardiner,249,Undirected,1
11,24,Elizabeth Bennet,Mr. Gardiner,249,Undirected,1
4,11,Mr. Bingley,Elizabeth Bennet,249,Undirected,1
4,12,Mr. Bingley,Mary Bennet,250,Undirected,1
12,13,Mary Bennet,Lydia Bennet,250,Undirected,1
5,13,Mr. Darcy,Lydia Bennet,250,Undirected,1
4,15,Mr. Bingley,Miss Darcy,250,Undirected,1
5,10,Mr. Darcy,Jane Bennet,250,Undirected,1
11,14,Elizabeth Bennet,Kitty Bennet,250,Undirected,1
10,12,Jane Bennet,Mary Bennet,250,Undirected,1
10,15,Jane Bennet,Miss Darcy,250,Undirected,1
13,14,Lydia Bennet,Kitty Bennet,250,Undirected,1
4,5,Mr. Bingley,Mr. Darcy,250,Undirected,1
4,14,Mr. Bingley,Kitty Bennet,250,Undirected,1
12,15,Mary Bennet,Miss Darcy,250,Undirected,1
4,11,Mr. Bingley,Elizabeth Bennet,250,Undirected,1
14,15,Kitty Bennet,Miss Darcy,250,Undirected,1
5,12,Mr. Darcy,Mary Bennet,250,Undirected,1
5,15,Mr. Darcy,Miss Darcy,250,Undirected,1
10,11,Jane Bennet,Elizabeth Bennet,250,Undirected,1
10,14,Jane Bennet,Kitty Bennet,250,Undirected,1
11,13,Elizabeth Bennet,Lydia Bennet,250,Undirected,1
12,14,Mary Bennet,Kitty Bennet,250,Undirected,1
4,10,Mr. Bingley,Jane Bennet,250,Undirected,1
5,11,Mr. Darcy,Elizabeth Bennet,250,Undirected,1
4,13,Mr. Bingley,Lydia Bennet,250,Undirected,1
5,14,Mr. Darcy,Kitty Bennet,250,Undirected,1
10,13,Jane Bennet,Lydia Bennet,250,Undirected,1
11,12,Elizabeth Bennet,Mary Bennet,250,Undirected,1
11,15,Elizabeth Bennet,Miss Darcy,250,Undirected,1
13,15,Lydia Bennet,Miss Darcy,250,Undirected,1
15,24,Miss Darcy,Mr. Gardiner,251,Undirected,1
4,15,Mr. Bingley,Miss Darcy,251,Undirected,1
5,10,Mr. Darcy,Jane Bennet,251,Undirected,1
4,24,Mr. Bingley,Mr. Gardiner,251,Undirected,1
5,25,Mr. Darcy,Mrs. Gardiner,251,Undirected,1
10,15,Jane Bennet,Miss Darcy,251,Undirected,1
10,24,Jane Bennet,Mr. Gardiner,251,Undirected,1
4,5,Mr. Bingley,Mr. Darcy,251,Undirected,1
4,11,Mr. Bingley,Elizabeth Bennet,251,Undirected,1
5,15,Mr. Darcy,Miss Darcy,251,Undirected,1
10,11,Jane Bennet,Elizabeth Bennet,251,Undirected,1
5,24,Mr. Darcy,Mr. Gardiner,251,Undirected,1
24,25,Mr. Gardiner,Mrs. Gardiner,251,Undirected,1
11,25,Elizabeth Bennet,Mrs. Gardiner,251,Undirected,1
15,25,Miss Darcy,Mrs. Gardiner,251,Undirected,1
4,10,Mr. Bingley,Jane Bennet,251,Undirected,1
5,11,Mr. Darcy,Elizabeth Bennet,251,Undirected,1
4,25,Mr. Bingley,Mrs. Gardiner,251,Undirected,1
11,15,Elizabeth Bennet,Miss Darcy,251,Undirected,1
10,25,Jane Bennet,Mrs. Gardiner,251,Undirected,1
11,24,Elizabeth Bennet,Mr. Gardiner,251,Undirected,1
23,62,Mr. Wickham,"""Lambton friends""",252,Undirected,1
25,29,Mrs. Gardiner,Mr. Darcy's father,252,Undirected,1
5,62,Mr. Darcy,"""Lambton friends""",252,Undirected,1
4,24,Mr. Bingley,Mr. Gardiner,252,Undirected,1
23,25,Mr. Wickham,Mrs. Gardiner,252,Undirected,1
24,63,Mr. Gardiner,Housekeeper (at Pemberley),252,Undirected,1
5,25,Mr. Darcy,Mrs. Gardiner,252,Undirected,1
11,63,Elizabeth Bennet,Housekeeper (at Pemberley),252,Undirected,1
25,62,Mrs. Gardiner,"""Lambton friends""",252,Undirected,1
11,23,Elizabeth Bennet,Mr. Wickham,252,Undirected,1
29,62,Mr. Darcy's father,"""Lambton friends""",252,Undirected,1
11,29,Elizabeth Bennet,Mr. Darcy's father,252,Undirected,1
24,29,Mr. Gardiner,Mr. Darcy's father,252,Undirected,1
4,5,Mr. Bingley,Mr. Darcy,252,Undirected,1
4,63,Mr. Bingley,Housekeeper (at Pemberley),252,Undirected,1
4,11,Mr. Bingley,Elizabeth Bennet,252,Undirected,1
23,24,Mr. Wickham,Mr. Gardiner,252,Undirected,1
11,62,Elizabeth Bennet,"""Lambton friends""",252,Undirected,1
4,23,Mr. Bingley,Mr. Wickham,252,Undirected,1
4,29,Mr. Bingley,Mr. Darcy's father,252,Undirected,1
24,62,Mr. Gardiner,"""Lambton friends""",252,Undirected,1
5,24,Mr. Darcy,Mr. Gardiner,252,Undirected,1
24,25,Mr. Gardiner,Mrs. Gardiner,252,Undirected,1
11,25,Elizabeth Bennet,Mrs. Gardiner,252,Undirected,1
23,63,Mr. Wickham,Housekeeper (at Pemberley),252,Undirected,1
4,62,Mr. Bingley,"""Lambton friends""",252,Undirected,1
5,63,Mr. Darcy,Housekeeper (at Pemberley),252,Undirected,1
5,11,Mr. Darcy,Elizabeth Bennet,252,Undirected,1
23,29,Mr. Wickham,Mr. Darcy's father,252,Undirected,1
5,23,Mr. Darcy,Mr. Wickham,252,Undirected,1
4,25,Mr. Bingley,Mrs. Gardiner,252,Undirected,1
25,63,Mrs. Gardiner,Housekeeper (at Pemberley),252,Undirected,1
5,29,Mr. Darcy,Mr. Darcy's father,252,Undirected,1
29,63,Mr. Darcy's father,Housekeeper (at Pemberley),252,Undirected,1
62,63,"""Lambton friends""",Housekeeper (at Pemberley),252,Undirected,1
11,24,Elizabeth Bennet,Mr. Gardiner,252,Undirected,1
5,15,Mr. Darcy,Miss Darcy,253,Undirected,1
5,11,Mr. Darcy,Elizabeth Bennet,253,Undirected,1
15,24,Miss Darcy,Mr. Gardiner,253,Undirected,1
5,24,Mr. Darcy,Mr. Gardiner,253,Undirected,1
24,25,Mr. Gardiner,Mrs. Gardiner,253,Undirected,1
11,25,Elizabeth Bennet,Mrs. Gardiner,253,Undirected,1
11,15,Elizabeth Bennet,Miss Darcy,253,Undirected,1
15,25,Miss Darcy,Mrs. Gardiner,253,Undirected,1
5,25,Mr. Darcy,Mrs. Gardiner,253,Undirected,1
11,24,Elizabeth Bennet,Mr. Gardiner,253,Undirected,1
64,11,Gentlemen (at Pemberley),Elizabeth Bennet,254,Undirected,1
64,24,Gentlemen (at Pemberley),Mr. Gardiner,254,Undirected,1
24,25,Mr. Gardiner,Mrs. Gardiner,254,Undirected,1
11,25,Elizabeth Bennet,Mrs. Gardiner,254,Undirected,1
64,25,Gentlemen (at Pemberley),Mrs. Gardiner,254,Undirected,1
24,11,Mr. Gardiner,Elizabeth Bennet,254,Undirected,1
6,15,Mrs. Hurst,Miss Darcy,255,Undirected,1
65,11,Mrs. Annesley,Elizabeth Bennet,255,Undirected,1
6,11,Mrs. Hurst,Elizabeth Bennet,255,Undirected,1
65,3,Mrs. Annesley,Miss Bingley,255,Undirected,1
3,25,Miss Bingley,Mrs. Gardiner,255,Undirected,1
11,15,Elizabeth Bennet,Miss Darcy,255,Undirected,1
11,25,Elizabeth Bennet,Mrs. Gardiner,255,Undirected,1
65,6,Mrs. Annesley,Mrs. Hurst,255,Undirected,1
3,6,Miss Bingley,Mrs. Hurst,255,Undirected,1
6,25,Mrs. Hurst,Mrs. Gardiner,255,Undirected,1
65,25,Mrs. Annesley,Mrs. Gardiner,255,Undirected,1
15,25,Miss Darcy,Mrs. Gardiner,255,Undirected,1
65,15,Mrs. Annesley,Miss Darcy,255,Undirected,1
3,15,Miss Bingley,Miss Darcy,255,Undirected,1
3,11,Miss Bingley,Elizabeth Bennet,255,Undirected,1
64,5,Gentlemen (at Pemberley),Mr. Darcy,256,Undirected,1
64,14,Gentlemen (at Pemberley),Kitty Bennet,256,Undirected,1
3,13,Miss Bingley,Lydia Bennet,256,Undirected,1
5,10,Mr. Darcy,Jane Bennet,256,Undirected,1
8,9,Mr. Bennet,Mrs. Bennet,256,Undirected,1
65,6,Mrs. Annesley,Mrs. Hurst,256,Undirected,1
66,5,Servants (at Pemberley),Mr. Darcy,256,Undirected,1
65,15,Mrs. Annesley,Miss Darcy,256,Undirected,1
11,14,Elizabeth Bennet,Kitty Bennet,256,Undirected,1
66,14,Servants (at Pemberley),Kitty Bennet,256,Undirected,1
6,11,Mrs. Hurst,Elizabeth Bennet,256,Undirected,1
3,6,Miss Bingley,Mrs. Hurst,256,Undirected,1
3,15,Miss Bingley,Miss Darcy,256,Undirected,1
5,12,Mr. Darcy,Mary Bennet,256,Undirected,1
8,11,Mr. Bennet,Elizabeth Bennet,256,Undirected,1
14,15,Kitty Bennet,Miss Darcy,256,Undirected,1
9,10,Mrs. Bennet,Jane Bennet,256,Undirected,1
65,8,Mrs. Annesley,Mr. Bennet,256,Undirected,1
3,24,Miss Bingley,Mr. Gardiner,256,Undirected,1
14,24,Kitty Bennet,Mr. Gardiner,256,Undirected,1
6,13,Mrs. Hurst,Lydia Bennet,256,Undirected,1
64,9,Gentlemen (at Pemberley),Mrs. Bennet,256,Undirected,1
3,8,Miss Bingley,Mr. Bennet,256,Undirected,1
5,14,Mr. Darcy,Kitty Bennet,256,Undirected,1
9,12,Mrs. Bennet,Mary Bennet,256,Undirected,1
66,9,Servants (at Pemberley),Mrs. Bennet,256,Undirected,1
64,66,Gentlemen (at Pemberley),Servants (at Pemberley),256,Undirected,1
64,11,Gentlemen (at Pemberley),Elizabeth Bennet,256,Undirected,1
12,13,Mary Bennet,Lydia Bennet,256,Undirected,1
3,10,Miss Bingley,Jane Bennet,256,Undirected,1
65,3,Mrs. Annesley,Miss Bingley,256,Undirected,1
9,14,Mrs. Bennet,Kitty Bennet,256,Undirected,1
66,11,Servants (at Pemberley),Elizabeth Bennet,256,Undirected,1
10,15,Jane Bennet,Miss Darcy,256,Undirected,1
13,14,Lydia Bennet,Kitty Bennet,256,Undirected,1
10,24,Jane Bennet,Mr. Gardiner,256,Undirected,1
65,24,Mrs. Annesley,Mr. Gardiner,256,Undirected,1
64,13,Gentlemen (at Pemberley),Lydia Bennet,256,Undirected,1
12,15,Mary Bennet,Miss Darcy,256,Undirected,1
3,12,Miss Bingley,Mary Bennet,256,Undirected,1
5,9,Mr. Darcy,Mrs. Bennet,256,Undirected,1
12,24,Mary Bennet,Mr. Gardiner,256,Undirected,1
66,13,Servants (at Pemberley),Lydia Bennet,256,Undirected,1
64,6,Gentlemen (at Pemberley),Mrs. Hurst,256,Undirected,1
64,15,Gentlemen (at Pemberley),Miss Darcy,256,Undirected,1
3,5,Miss Bingley,Mr. Darcy,256,Undirected,1
3,14,Miss Bingley,Kitty Bennet,256,Undirected,1
5,11,Mr. Darcy,Elizabeth Bennet,256,Undirected,1
66,6,Servants (at Pemberley),Mrs. Hurst,256,Undirected,1
8,13,Mr. Bennet,Lydia Bennet,256,Undirected,1
65,10,Mrs. Annesley,Jane Bennet,256,Undirected,1
64,8,Gentlemen (at Pemberley),Mr. Bennet,256,Undirected,1
6,15,Mrs. Hurst,Miss Darcy,256,Undirected,1
6,24,Mrs. Hurst,Mr. Gardiner,256,Undirected,1
5,13,Mr. Darcy,Lydia Bennet,256,Undirected,1
8,15,Mr. Bennet,Miss Darcy,256,Undirected,1
10,12,Jane Bennet,Mary Bennet,256,Undirected,1
65,12,Mrs. Annesley,Mary Bennet,256,Undirected,1
8,24,Mr. Bennet,Mr. Gardiner,256,Undirected,1
64,65,Gentlemen (at Pemberley),Mrs. Annesley,256,Undirected,1
6,8,Mrs. Hurst,Mr. Bennet,256,Undirected,1
3,9,Miss Bingley,Mrs. Bennet,256,Undirected,1
5,6,Mr. Darcy,Mrs. Hurst,256,Undirected,1
65,5,Mrs. Annesley,Mr. Darcy,256,Undirected,1
10,14,Jane Bennet,Kitty Bennet,256,Undirected,1
65,14,Mrs. Annesley,Kitty Bennet,256,Undirected,1
11,13,Elizabeth Bennet,Lydia Bennet,256,Undirected,1
6,10,Mrs. Hurst,Jane Bennet,256,Undirected,1
12,14,Mary Bennet,Kitty Bennet,256,Undirected,1
3,11,Miss Bingley,Elizabeth Bennet,256,Undirected,1
64,24,Gentlemen (at Pemberley),Mr. Gardiner,256,Undirected,1
8,10,Mr. Bennet,Jane Bennet,256,Undirected,1
11,15,Elizabeth Bennet,Miss Darcy,256,Undirected,1
66,15,Servants (at Pemberley),Miss Darcy,256,Undirected,1
11,24,Elizabeth Bennet,Mr. Gardiner,256,Undirected,1
66,24,Servants (at Pemberley),Mr. Gardiner,256,Undirected,1
6,12,Mrs. Hurst,Mary Bennet,256,Undirected,1
15,24,Miss Darcy,Mr. Gardiner,256,Undirected,1
8,12,Mr. Bennet,Mary Bennet,256,Undirected,1
9,11,Mrs. Bennet,Elizabeth Bennet,256,Undirected,1
65,9,Mrs. Annesley,Mrs. Bennet,256,Undirected,1
66,8,Servants (at Pemberley),Mr. Bennet,256,Undirected,1
6,14,Mrs. Hurst,Kitty Bennet,256,Undirected,1
64,10,Gentlemen (at Pemberley),Jane Bennet,256,Undirected,1
5,15,Mr. Darcy,Miss Darcy,256,Undirected,1
8,14,Mr. Bennet,Kitty Bennet,256,Undirected,1
65,66,Mrs. Annesley,Servants (at Pemberley),256,Undirected,1
9,13,Mrs. Bennet,Lydia Bennet,256,Undirected,1
65,11,Mrs. Annesley,Elizabeth Bennet,256,Undirected,1
5,24,Mr. Darcy,Mr. Gardiner,256,Undirected,1
66,10,Servants (at Pemberley),Jane Bennet,256,Undirected,1
10,11,Jane Bennet,Elizabeth Bennet,256,Undirected,1
64,3,Gentlemen (at Pemberley),Miss Bingley,256,Undirected,1
64,12,Gentlemen (at Pemberley),Mary Bennet,256,Undirected,1
5,8,Mr. Darcy,Mr. Bennet,256,Undirected,1
66,3,Servants (at Pemberley),Miss Bingley,256,Undirected,1
10,13,Jane Bennet,Lydia Bennet,256,Undirected,1
9,15,Mrs. Bennet,Miss Darcy,256,Undirected,1
65,13,Mrs. Annesley,Lydia Bennet,256,Undirected,1
11,12,Elizabeth Bennet,Mary Bennet,256,Undirected,1
66,12,Servants (at Pemberley),Mary Bennet,256,Undirected,1
9,24,Mrs. Bennet,Mr. Gardiner,256,Undirected,1
13,15,Lydia Bennet,Miss Darcy,256,Undirected,1
6,9,Mrs. Hurst,Mrs. Bennet,256,Undirected,1
13,24,Lydia Bennet,Mr. Gardiner,256,Undirected,1
3,4,Miss Bingley,Mr. Bingley,257,Undirected,1
4,9,Mr. Bingley,Mrs. Bennet,257,Undirected,1
4,12,Mr. Bingley,Mary Bennet,257,Undirected,1
3,10,Miss Bingley,Jane Bennet,257,Undirected,1
12,13,Mary Bennet,Lydia Bennet,257,Undirected,1
5,13,Mr. Darcy,Lydia Bennet,257,Undirected,1
4,15,Mr. Bingley,Miss Darcy,257,Undirected,1
3,13,Miss Bingley,Lydia Bennet,257,Undirected,1
5,10,Mr. Darcy,Jane Bennet,257,Undirected,1
8,9,Mr. Bennet,Mrs. Bennet,257,Undirected,1
9,14,Mrs. Bennet,Kitty Bennet,257,Undirected,1
8,12,Mr. Bennet,Mary Bennet,257,Undirected,1
9,11,Mrs. Bennet,Elizabeth Bennet,257,Undirected,1
8,15,Mr. Bennet,Miss Darcy,257,Undirected,1
10,12,Jane Bennet,Mary Bennet,257,Undirected,1
11,14,Elizabeth Bennet,Kitty Bennet,257,Undirected,1
10,15,Jane Bennet,Miss Darcy,257,Undirected,1
11,23,Elizabeth Bennet,Mr. Wickham,257,Undirected,1
9,23,Mrs. Bennet,Mr. Wickham,257,Undirected,1
13,14,Lydia Bennet,Kitty Bennet,257,Undirected,1
13,23,Lydia Bennet,Mr. Wickham,257,Undirected,1
15,23,Miss Darcy,Mr. Wickham,257,Undirected,1
4,5,Mr. Bingley,Mr. Darcy,257,Undirected,1
3,9,Miss Bingley,Mrs. Bennet,257,Undirected,1
4,8,Mr. Bingley,Mr. Bennet,257,Undirected,1
4,14,Mr. Bingley,Kitty Bennet,257,Undirected,1
3,12,Miss Bingley,Mary Bennet,257,Undirected,1
5,9,Mr. Darcy,Mrs. Bennet,257,Undirected,1
4,11,Mr. Bingley,Elizabeth Bennet,257,Undirected,1
12,15,Mary Bennet,Miss Darcy,257,Undirected,1
3,15,Miss Bingley,Miss Darcy,257,Undirected,1
5,12,Mr. Darcy,Mary Bennet,257,Undirected,1
8,11,Mr. Bennet,Elizabeth Bennet,257,Undirected,1
14,15,Kitty Bennet,Miss Darcy,257,Undirected,1
9,10,Mrs. Bennet,Jane Bennet,257,Undirected,1
5,15,Mr. Darcy,Miss Darcy,257,Undirected,1
8,14,Mr. Bennet,Kitty Bennet,257,Undirected,1
4,23,Mr. Bingley,Mr. Wickham,257,Undirected,1
9,13,Mrs. Bennet,Lydia Bennet,257,Undirected,1
10,11,Jane Bennet,Elizabeth Bennet,257,Undirected,1
8,23,Mr. Bennet,Mr. Wickham,257,Undirected,1
10,14,Jane Bennet,Kitty Bennet,257,Undirected,1
11,13,Elizabeth Bennet,Lydia Bennet,257,Undirected,1
10,23,Jane Bennet,Mr. Wickham,257,Undirected,1
3,5,Miss Bingley,Mr. Darcy,257,Undirected,1
3,11,Miss Bingley,Elizabeth Bennet,257,Undirected,1
12,14,Mary Bennet,Kitty Bennet,257,Undirected,1
4,10,Mr. Bingley,Jane Bennet,257,Undirected,1
3,8,Miss Bingley,Mr. Bennet,257,Undirected,1
3,14,Miss Bingley,Kitty Bennet,257,Undirected,1
5,11,Mr. Darcy,Elizabeth Bennet,257,Undirected,1
4,13,Mr. Bingley,Lydia Bennet,257,Undirected,1
12,23,Mary Bennet,Mr. Wickham,257,Undirected,1
5,8,Mr. Darcy,Mr. Bennet,257,Undirected,1
3,23,Miss Bingley,Mr. Wickham,257,Undirected,1
5,14,Mr. Darcy,Kitty Bennet,257,Undirected,1
14,23,Kitty Bennet,Mr. Wickham,257,Undirected,1
9,12,Mrs. Bennet,Mary Bennet,257,Undirected,1
8,10,Mr. Bennet,Jane Bennet,257,Undirected,1
5,23,Mr. Darcy,Mr. Wickham,257,Undirected,1
10,13,Jane Bennet,Lydia Bennet,257,Undirected,1
9,15,Mrs. Bennet,Miss Darcy,257,Undirected,1
8,13,Mr. Bennet,Lydia Bennet,257,Undirected,1
11,12,Elizabeth Bennet,Mary Bennet,257,Undirected,1
11,15,Elizabeth Bennet,Miss Darcy,257,Undirected,1
13,15,Lydia Bennet,Miss Darcy,257,Undirected,1
6,15,Mrs. Hurst,Miss Darcy,258,Undirected,1
3,4,Miss Bingley,Mr. Bingley,258,Undirected,1
4,6,Mr. Bingley,Mrs. Hurst,258,Undirected,1
3,10,Miss Bingley,Jane Bennet,258,Undirected,1
4,15,Mr. Bingley,Miss Darcy,258,Undirected,1
5,10,Mr. Darcy,Jane Bennet,258,Undirected,1
10,15,Jane Bennet,Miss Darcy,258,Undirected,1
11,23,Elizabeth Bennet,Mr. Wickham,258,Undirected,1
6,11,Mrs. Hurst,Elizabeth Bennet,258,Undirected,1
15,23,Miss Darcy,Mr. Wickham,258,Undirected,1
6,23,Mrs. Hurst,Mr. Wickham,258,Undirected,1
4,5,Mr. Bingley,Mr. Darcy,258,Undirected,1
5,6,Mr. Darcy,Mrs. Hurst,258,Undirected,1
3,6,Miss Bingley,Mrs. Hurst,258,Undirected,1
4,11,Mr. Bingley,Elizabeth Bennet,258,Undirected,1
3,15,Miss Bingley,Miss Darcy,258,Undirected,1
5,15,Mr. Darcy,Miss Darcy,258,Undirected,1
4,23,Mr. Bingley,Mr. Wickham,258,Undirected,1
10,11,Jane Bennet,Elizabeth Bennet,258,Undirected,1
10,23,Jane Bennet,Mr. Wickham,258,Undirected,1
6,10,Mrs. Hurst,Jane Bennet,258,Undirected,1
3,5,Miss Bingley,Mr. Darcy,258,Undirected,1
3,11,Miss Bingley,Elizabeth Bennet,258,Undirected,1
4,10,Mr. Bingley,Jane Bennet,258,Undirected,1
5,11,Mr. Darcy,Elizabeth Bennet,258,Undirected,1
3,23,Miss Bingley,Mr. Wickham,258,Undirected,1
5,23,Mr. Darcy,Mr. Wickham,258,Undirected,1
11,15,Elizabeth Bennet,Miss Darcy,258,Undirected,1
5,15,Mr. Darcy,Miss Darcy,259,Undirected,1
5,11,Mr. Darcy,Elizabeth Bennet,259,Undirected,1
11,25,Elizabeth Bennet,Mrs. Gardiner,259,Undirected,1
3,25,Miss Bingley,Mrs. Gardiner,259,Undirected,1
11,15,Elizabeth Bennet,Miss Darcy,259,Undirected,1
15,25,Miss Darcy,Mrs. Gardiner,259,Undirected,1
5,25,Mr. Darcy,Mrs. Gardiner,259,Undirected,1
3,15,Miss Bingley,Miss Darcy,259,Undirected,1
3,5,Miss Bingley,Mr. Darcy,259,Undirected,1
3,11,Miss Bingley,Elizabeth Bennet,259,Undirected,1
14,25,Kitty Bennet,Mrs. Gardiner,260,Undirected,1
23,25,Mr. Wickham,Mrs. Gardiner,260,Undirected,1
11,14,Elizabeth Bennet,Kitty Bennet,260,Undirected,1
50,24,Colonel Forster,Mr. Gardiner,260,Undirected,1
11,23,Elizabeth Bennet,Mr. Wickham,260,Undirected,1
41,24,Colonel Fitzwilliam,Mr. Gardiner,260,Undirected,1
13,14,Lydia Bennet,Kitty Bennet,260,Undirected,1
10,24,Jane Bennet,Mr. Gardiner,260,Undirected,1
13,23,Lydia Bennet,Mr. Wickham,260,Undirected,1
11,50,Elizabeth Bennet,Colonel Forster,260,Undirected,1
13,50,Lydia Bennet,Colonel Forster,260,Undirected,1
23,24,Mr. Wickham,Mr. Gardiner,260,Undirected,1
41,11,Colonel Fitzwilliam,Elizabeth Bennet,260,Undirected,1
14,24,Kitty Bennet,Mr. Gardiner,260,Undirected,1
41,14,Colonel Fitzwilliam,Kitty Bennet,260,Undirected,1
10,11,Jane Bennet,Elizabeth Bennet,260,Undirected,1
50,23,Colonel Forster,Mr. Wickham,260,Undirected,1
10,14,Jane Bennet,Kitty Bennet,260,Undirected,1
41,23,Colonel Fitzwilliam,Mr. Wickham,260,Undirected,1
11,13,Elizabeth Bennet,Lydia Bennet,260,Undirected,1
10,23,Jane Bennet,Mr. Wickham,260,Undirected,1
24,25,Mr. Gardiner,Mrs. Gardiner,260,Undirected,1
11,25,Elizabeth Bennet,Mrs. Gardiner,260,Undirected,1
13,25,Lydia Bennet,Mrs. Gardiner,260,Undirected,1
41,50,Colonel Fitzwilliam,Colonel Forster,260,Undirected,1
10,50,Jane Bennet,Colonel Forster,260,Undirected,1
14,23,Kitty Bennet,Mr. Wickham,260,Undirected,1
41,13,Colonel Fitzwilliam,Lydia Bennet,260,Undirected,1
41,10,Colonel Fitzwilliam,Jane Bennet,260,Undirected,1
10,13,Jane Bennet,Lydia Bennet,260,Undirected,1
50,25,Colonel Forster,Mrs. Gardiner,260,Undirected,1
41,25,Colonel Fitzwilliam,Mrs. Gardiner,260,Undirected,1
10,25,Jane Bennet,Mrs. Gardiner,260,Undirected,1
11,24,Elizabeth Bennet,Mr. Gardiner,260,Undirected,1
14,50,Kitty Bennet,Colonel Forster,260,Undirected,1
13,24,Lydia Bennet,Mr. Gardiner,260,Undirected,1
9,51,Mrs. Bennet,Mrs. Forster,261,Undirected,1
11,51,Elizabeth Bennet,Mrs. Forster,261,Undirected,1
8,9,Mr. Bennet,Mrs. Bennet,261,Undirected,1
13,51,Lydia Bennet,Mrs. Forster,261,Undirected,1
9,11,Mrs. Bennet,Elizabeth Bennet,261,Undirected,1
11,23,Elizabeth Bennet,Mr. Wickham,261,Undirected,1
9,23,Mrs. Bennet,Mr. Wickham,261,Undirected,1
13,23,Lydia Bennet,Mr. Wickham,261,Undirected,1
50,51,Colonel Forster,Mrs. Forster,261,Undirected,1
9,50,Mrs. Bennet,Colonel Forster,261,Undirected,1
10,51,Jane Bennet,Mrs. Forster,261,Undirected,1
8,51,Mr. Bennet,Mrs. Forster,261,Undirected,1
11,50,Elizabeth Bennet,Colonel Forster,261,Undirected,1
13,50,Lydia Bennet,Colonel Forster,261,Undirected,1
8,11,Mr. Bennet,Elizabeth Bennet,261,Undirected,1
9,10,Mrs. Bennet,Jane Bennet,261,Undirected,1
10,11,Jane Bennet,Elizabeth Bennet,261,Undirected,1
9,13,Mrs. Bennet,Lydia Bennet,261,Undirected,1
50,23,Colonel Forster,Mr. Wickham,261,Undirected,1
8,23,Mr. Bennet,Mr. Wickham,261,Undirected,1
11,13,Elizabeth Bennet,Lydia Bennet,261,Undirected,1
10,23,Jane Bennet,Mr. Wickham,261,Undirected,1
8,50,Mr. Bennet,Colonel Forster,261,Undirected,1
10,50,Jane Bennet,Colonel Forster,261,Undirected,1
8,10,Mr. Bennet,Jane Bennet,261,Undirected,1
10,13,Jane Bennet,Lydia Bennet,261,Undirected,1
8,13,Mr. Bennet,Lydia Bennet,261,Undirected,1
51,23,Mrs. Forster,Mr. Wickham,261,Undirected,1
9,51,Mrs. Bennet,Mrs. Forster,262,Undirected,1
11,51,Elizabeth Bennet,Mrs. Forster,262,Undirected,1
8,9,Mr. Bennet,Mrs. Bennet,262,Undirected,1
14,25,Kitty Bennet,Mrs. Gardiner,262,Undirected,1
13,51,Lydia Bennet,Mrs. Forster,262,Undirected,1
9,14,Mrs. Bennet,Kitty Bennet,262,Undirected,1
23,25,Mr. Wickham,Mrs. Gardiner,262,Undirected,1
9,11,Mrs. Bennet,Elizabeth Bennet,262,Undirected,1
11,14,Elizabeth Bennet,Kitty Bennet,262,Undirected,1
50,24,Colonel Forster,Mr. Gardiner,262,Undirected,1
51,25,Mrs. Forster,Mrs. Gardiner,262,Undirected,1
8,24,Mr. Bennet,Mr. Gardiner,262,Undirected,1
11,23,Elizabeth Bennet,Mr. Wickham,262,Undirected,1
9,23,Mrs. Bennet,Mr. Wickham,262,Undirected,1
13,14,Lydia Bennet,Kitty Bennet,262,Undirected,1
10,24,Jane Bennet,Mr. Gardiner,262,Undirected,1
13,23,Lydia Bennet,Mr. Wickham,262,Undirected,1
50,51,Colonel Forster,Mrs. Forster,262,Undirected,1
9,50,Mrs. Bennet,Colonel Forster,262,Undirected,1
10,51,Jane Bennet,Mrs. Forster,262,Undirected,1
8,51,Mr. Bennet,Mrs. Forster,262,Undirected,1
11,50,Elizabeth Bennet,Colonel Forster,262,Undirected,1
13,50,Lydia Bennet,Colonel Forster,262,Undirected,1
23,24,Mr. Wickham,Mr. Gardiner,262,Undirected,1
8,11,Mr. Bennet,Elizabeth Bennet,262,Undirected,1
9,10,Mrs. Bennet,Jane Bennet,262,Undirected,1
14,24,Kitty Bennet,Mr. Gardiner,262,Undirected,1
8,14,Mr. Bennet,Kitty Bennet,262,Undirected,1
10,11,Jane Bennet,Elizabeth Bennet,262,Undirected,1
9,13,Mrs. Bennet,Lydia Bennet,262,Undirected,1
50,23,Colonel Forster,Mr. Wickham,262,Undirected,1
8,23,Mr. Bennet,Mr. Wickham,262,Undirected,1
10,14,Jane Bennet,Kitty Bennet,262,Undirected,1
11,13,Elizabeth Bennet,Lydia Bennet,262,Undirected,1
10,23,Jane Bennet,Mr. Wickham,262,Undirected,1
9,25,Mrs. Bennet,Mrs. Gardiner,262,Undirected,1
51,24,Mrs. Forster,Mr. Gardiner,262,Undirected,1
14,51,Kitty Bennet,Mrs. Forster,262,Undirected,1
24,25,Mr. Gardiner,Mrs. Gardiner,262,Undirected,1
11,25,Elizabeth Bennet,Mrs. Gardiner,262,Undirected,1
13,25,Lydia Bennet,Mrs. Gardiner,262,Undirected,1
11,24,Elizabeth Bennet,Mr. Gardiner,262,Undirected,1
8,50,Mr. Bennet,Colonel Forster,262,Undirected,1
10,50,Jane Bennet,Colonel Forster,262,Undirected,1
14,23,Kitty Bennet,Mr. Wickham,262,Undirected,1
8,10,Mr. Bennet,Jane Bennet,262,Undirected,1
10,13,Jane Bennet,Lydia Bennet,262,Undirected,1
50,25,Colonel Forster,Mrs. Gardiner,262,Undirected,1
8,13,Mr. Bennet,Lydia Bennet,262,Undirected,1
9,24,Mrs. Bennet,Mr. Gardiner,262,Undirected,1
51,23,Mrs. Forster,Mr. Wickham,262,Undirected,1
10,25,Jane Bennet,Mrs. Gardiner,262,Undirected,1
8,25,Mr. Bennet,Mrs. Gardiner,262,Undirected,1
14,50,Kitty Bennet,Colonel Forster,262,Undirected,1
13,24,Lydia Bennet,Mr. Gardiner,262,Undirected,1
68,24,Elizabeth's maid,Mr. Gardiner,263,Undirected,1
67,68,John,Elizabeth's maid,263,Undirected,1
67,13,John,Lydia Bennet,263,Undirected,1
67,10,John,Jane Bennet,263,Undirected,1
5,13,Mr. Darcy,Lydia Bennet,263,Undirected,1
67,25,John,Mrs. Gardiner,263,Undirected,1
5,10,Mr. Darcy,Jane Bennet,263,Undirected,1
23,25,Mr. Wickham,Mrs. Gardiner,263,Undirected,1
5,25,Mr. Darcy,Mrs. Gardiner,263,Undirected,1
68,5,Elizabeth's maid,Mr. Darcy,263,Undirected,1
68,11,Elizabeth's maid,Elizabeth Bennet,263,Undirected,1
11,23,Elizabeth Bennet,Mr. Wickham,263,Undirected,1
10,24,Jane Bennet,Mr. Gardiner,263,Undirected,1
13,23,Lydia Bennet,Mr. Wickham,263,Undirected,1
68,23,Elizabeth's maid,Mr. Wickham,263,Undirected,1
23,24,Mr. Wickham,Mr. Gardiner,263,Undirected,1
67,24,John,Mr. Gardiner,263,Undirected,1
10,11,Jane Bennet,Elizabeth Bennet,263,Undirected,1
5,24,Mr. Darcy,Mr. Gardiner,263,Undirected,1
68,13,Elizabeth's maid,Lydia Bennet,263,Undirected,1
11,13,Elizabeth Bennet,Lydia Bennet,263,Undirected,1
68,10,Elizabeth's maid,Jane Bennet,263,Undirected,1
10,23,Jane Bennet,Mr. Wickham,263,Undirected,1
24,25,Mr. Gardiner,Mrs. Gardiner,263,Undirected,1
68,25,Elizabeth's maid,Mrs. Gardiner,263,Undirected,1
11,25,Elizabeth Bennet,Mrs. Gardiner,263,Undirected,1
13,25,Lydia Bennet,Mrs. Gardiner,263,Undirected,1
67,5,John,Mr. Darcy,263,Undirected,1
67,11,John,Elizabeth Bennet,263,Undirected,1
5,11,Mr. Darcy,Elizabeth Bennet,263,Undirected,1
67,23,John,Mr. Wickham,263,Undirected,1
5,23,Mr. Darcy,Mr. Wickham,263,Undirected,1
10,13,Jane Bennet,Lydia Bennet,263,Undirected,1
10,25,Jane Bennet,Mrs. Gardiner,263,Undirected,1
11,24,Elizabeth Bennet,Mr. Gardiner,263,Undirected,1
13,24,Lydia Bennet,Mr. Gardiner,263,Undirected,1
5,13,Mr. Darcy,Lydia Bennet,264,Undirected,1
5,10,Mr. Darcy,Jane Bennet,264,Undirected,1
8,9,Mr. Bennet,Mrs. Bennet,264,Undirected,1
9,11,Mrs. Bennet,Elizabeth Bennet,264,Undirected,1
8,24,Mr. Bennet,Mr. Gardiner,264,Undirected,1
11,23,Elizabeth Bennet,Mr. Wickham,264,Undirected,1
9,23,Mrs. Bennet,Mr. Wickham,264,Undirected,1
10,24,Jane Bennet,Mr. Gardiner,264,Undirected,1
13,23,Lydia Bennet,Mr. Wickham,264,Undirected,1
5,9,Mr. Darcy,Mrs. Bennet,264,Undirected,1
23,24,Mr. Wickham,Mr. Gardiner,264,Undirected,1
8,11,Mr. Bennet,Elizabeth Bennet,264,Undirected,1
9,10,Mrs. Bennet,Jane Bennet,264,Undirected,1
10,11,Jane Bennet,Elizabeth Bennet,264,Undirected,1
9,13,Mrs. Bennet,Lydia Bennet,264,Undirected,1
5,24,Mr. Darcy,Mr. Gardiner,264,Undirected,1
8,23,Mr. Bennet,Mr. Wickham,264,Undirected,1
11,13,Elizabeth Bennet,Lydia Bennet,264,Undirected,1
10,23,Jane Bennet,Mr. Wickham,264,Undirected,1
5,11,Mr. Darcy,Elizabeth Bennet,264,Undirected,1
5,8,Mr. Darcy,Mr. Bennet,264,Undirected,1
8,10,Mr. Bennet,Jane Bennet,264,Undirected,1
5,23,Mr. Darcy,Mr. Wickham,264,Undirected,1
10,13,Jane Bennet,Lydia Bennet,264,Undirected,1
8,13,Mr. Bennet,Lydia Bennet,264,Undirected,1
9,24,Mrs. Bennet,Mr. Gardiner,264,Undirected,1
11,24,Elizabeth Bennet,Mr. Gardiner,264,Undirected,1
13,24,Lydia Bennet,Mr. Gardiner,264,Undirected,1
11,23,Elizabeth Bennet,Mr. Wickham,265,Undirected,1
5,15,Mr. Darcy,Miss Darcy,265,Undirected,1
11,15,Elizabeth Bennet,Miss Darcy,265,Undirected,1
11,5,Elizabeth Bennet,Mr. Darcy,265,Undirected,1
23,15,Mr. Wickham,Miss Darcy,265,Undirected,1
23,5,Mr. Wickham,Mr. Darcy,265,Undirected,1
67,13,John,Lydia Bennet,266,Undirected,1
67,10,John,Jane Bennet,266,Undirected,1
67,25,John,Mrs. Gardiner,266,Undirected,1
8,9,Mr. Bennet,Mrs. Bennet,266,Undirected,1
23,25,Mr. Wickham,Mrs. Gardiner,266,Undirected,1
9,11,Mrs. Bennet,Elizabeth Bennet,266,Undirected,1
8,24,Mr. Bennet,Mr. Gardiner,266,Undirected,1
11,23,Elizabeth Bennet,Mr. Wickham,266,Undirected,1
9,23,Mrs. Bennet,Mr. Wickham,266,Undirected,1
10,24,Jane Bennet,Mr. Gardiner,266,Undirected,1
13,23,Lydia Bennet,Mr. Wickham,266,Undirected,1
67,9,John,Mrs. Bennet,266,Undirected,1
23,24,Mr. Wickham,Mr. Gardiner,266,Undirected,1
8,11,Mr. Bennet,Elizabeth Bennet,266,Undirected,1
67,24,John,Mr. Gardiner,266,Undirected,1
9,10,Mrs. Bennet,Jane Bennet,266,Undirected,1
10,11,Jane Bennet,Elizabeth Bennet,266,Undirected,1
9,13,Mrs. Bennet,Lydia Bennet,266,Undirected,1
8,23,Mr. Bennet,Mr. Wickham,266,Undirected,1
11,13,Elizabeth Bennet,Lydia Bennet,266,Undirected,1
10,23,Jane Bennet,Mr. Wickham,266,Undirected,1
9,25,Mrs. Bennet,Mrs. Gardiner,266,Undirected,1
24,25,Mr. Gardiner,Mrs. Gardiner,266,Undirected,1
11,25,Elizabeth Bennet,Mrs. Gardiner,266,Undirected,1
13,25,Lydia Bennet,Mrs. Gardiner,266,Undirected,1
11,24,Elizabeth Bennet,Mr. Gardiner,266,Undirected,1
67,11,John,Elizabeth Bennet,266,Undirected,1
67,8,John,Mr. Bennet,266,Undirected,1
67,23,John,Mr. Wickham,266,Undirected,1
8,10,Mr. Bennet,Jane Bennet,266,Undirected,1
10,13,Jane Bennet,Lydia Bennet,266,Undirected,1
8,13,Mr. Bennet,Lydia Bennet,266,Undirected,1
9,24,Mrs. Bennet,Mr. Gardiner,266,Undirected,1
10,25,Jane Bennet,Mrs. Gardiner,266,Undirected,1
8,25,Mr. Bennet,Mrs. Gardiner,266,Undirected,1
13,24,Lydia Bennet,Mr. Gardiner,266,Undirected,1
67,13,John,Lydia Bennet,267,Undirected,1
67,10,John,Jane Bennet,267,Undirected,1
5,13,Mr. Darcy,Lydia Bennet,267,Undirected,1
67,25,John,Mrs. Gardiner,267,Undirected,1
5,10,Mr. Darcy,Jane Bennet,267,Undirected,1
5,25,Mr. Darcy,Mrs. Gardiner,267,Undirected,1
10,24,Jane Bennet,Mr. Gardiner,267,Undirected,1
67,24,John,Mr. Gardiner,267,Undirected,1
10,11,Jane Bennet,Elizabeth Bennet,267,Undirected,1
5,24,Mr. Darcy,Mr. Gardiner,267,Undirected,1
11,13,Elizabeth Bennet,Lydia Bennet,267,Undirected,1
24,25,Mr. Gardiner,Mrs. Gardiner,267,Undirected,1
11,25,Elizabeth Bennet,Mrs. Gardiner,267,Undirected,1
13,25,Lydia Bennet,Mrs. Gardiner,267,Undirected,1
67,5,John,Mr. Darcy,267,Undirected,1
67,11,John,Elizabeth Bennet,267,Undirected,1
5,11,Mr. Darcy,Elizabeth Bennet,267,Undirected,1
10,13,Jane Bennet,Lydia Bennet,267,Undirected,1
10,25,Jane Bennet,Mrs. Gardiner,267,Undirected,1
11,24,Elizabeth Bennet,Mr. Gardiner,267,Undirected,1
13,24,Lydia Bennet,Mr. Gardiner,267,Undirected,1
69,50,Lydia's friends,Colonel Forster,268,Undirected,1
69,13,Lydia's friends,Lydia Bennet,268,Undirected,1
69,10,Lydia's friends,Jane Bennet,268,Undirected,1
69,25,Lydia's friends,Mrs. Gardiner,268,Undirected,1
23,25,Mr. Wickham,Mrs. Gardiner,268,Undirected,1
50,24,Colonel Forster,Mr. Gardiner,268,Undirected,1
11,23,Elizabeth Bennet,Mr. Wickham,268,Undirected,1
10,24,Jane Bennet,Mr. Gardiner,268,Undirected,1
13,23,Lydia Bennet,Mr. Wickham,268,Undirected,1
11,50,Elizabeth Bennet,Colonel Forster,268,Undirected,1
13,50,Lydia Bennet,Colonel Forster,268,Undirected,1
23,24,Mr. Wickham,Mr. Gardiner,268,Undirected,1
69,24,Lydia's friends,Mr. Gardiner,268,Undirected,1
10,11,Jane Bennet,Elizabeth Bennet,268,Undirected,1
50,23,Colonel Forster,Mr. Wickham,268,Undirected,1
11,13,Elizabeth Bennet,Lydia Bennet,268,Undirected,1
10,23,Jane Bennet,Mr. Wickham,268,Undirected,1
24,25,Mr. Gardiner,Mrs. Gardiner,268,Undirected,1
11,25,Elizabeth Bennet,Mrs. Gardiner,268,Undirected,1
13,25,Lydia Bennet,Mrs. Gardiner,268,Undirected,1
69,11,Lydia's friends,Elizabeth Bennet,268,Undirected,1
10,50,Jane Bennet,Colonel Forster,268,Undirected,1
69,23,Lydia's friends,Mr. Wickham,268,Undirected,1
10,13,Jane Bennet,Lydia Bennet,268,Undirected,1
50,25,Colonel Forster,Mrs. Gardiner,268,Undirected,1
10,25,Jane Bennet,Mrs. Gardiner,268,Undirected,1
11,24,Elizabeth Bennet,Mr. Gardiner,268,Undirected,1
13,24,Lydia Bennet,Mr. Gardiner,268,Undirected,1
8,25,Mr. Bennet,Mrs. Gardiner,269,Undirected,1
23,25,Mr. Wickham,Mrs. Gardiner,269,Undirected,1
8,24,Mr. Bennet,Mr. Gardiner,269,Undirected,1
11,23,Elizabeth Bennet,Mr. Wickham,269,Undirected,1
10,24,Jane Bennet,Mr. Gardiner,269,Undirected,1
13,23,Lydia Bennet,Mr. Wickham,269,Undirected,1
23,24,Mr. Wickham,Mr. Gardiner,269,Undirected,1
8,11,Mr. Bennet,Elizabeth Bennet,269,Undirected,1
10,11,Jane Bennet,Elizabeth Bennet,269,Undirected,1
8,23,Mr. Bennet,Mr. Wickham,269,Undirected,1
11,13,Elizabeth Bennet,Lydia Bennet,269,Undirected,1
10,23,Jane Bennet,Mr. Wickham,269,Undirected,1
24,25,Mr. Gardiner,Mrs. Gardiner,269,Undirected,1
11,25,Elizabeth Bennet,Mrs. Gardiner,269,Undirected,1
13,25,Lydia Bennet,Mrs. Gardiner,269,Undirected,1
8,10,Mr. Bennet,Jane Bennet,269,Undirected,1
10,13,Jane Bennet,Lydia Bennet,269,Undirected,1
8,13,Mr. Bennet,Lydia Bennet,269,Undirected,1
10,25,Jane Bennet,Mrs. Gardiner,269,Undirected,1
11,24,Elizabeth Bennet,Mr. Gardiner,269,Undirected,1
13,24,Lydia Bennet,Mr. Gardiner,269,Undirected,1
5,13,Mr. Darcy,Lydia Bennet,270,Undirected,1
11,51,Elizabeth Bennet,Mrs. Forster,270,Undirected,1
5,10,Mr. Darcy,Jane Bennet,270,Undirected,1
15,51,Miss Darcy,Mrs. Forster,270,Undirected,1
13,51,Lydia Bennet,Mrs. Forster,270,Undirected,1
23,25,Mr. Wickham,Mrs. Gardiner,270,Undirected,1
5,25,Mr. Darcy,Mrs. Gardiner,270,Undirected,1
41,15,Colonel Fitzwilliam,Miss Darcy,270,Undirected,1
51,25,Mrs. Forster,Mrs. Gardiner,270,Undirected,1
10,15,Jane Bennet,Miss Darcy,270,Undirected,1
11,23,Elizabeth Bennet,Mr. Wickham,270,Undirected,1
13,23,Lydia Bennet,Mr. Wickham,270,Undirected,1
15,23,Miss Darcy,Mr. Wickham,270,Undirected,1
41,51,Colonel Fitzwilliam,Mrs. Forster,270,Undirected,1
10,51,Jane Bennet,Mrs. Forster,270,Undirected,1
41,11,Colonel Fitzwilliam,Elizabeth Bennet,270,Undirected,1
5,15,Mr. Darcy,Miss Darcy,270,Undirected,1
10,11,Jane Bennet,Elizabeth Bennet,270,Undirected,1
41,23,Colonel Fitzwilliam,Mr. Wickham,270,Undirected,1
11,13,Elizabeth Bennet,Lydia Bennet,270,Undirected,1
10,23,Jane Bennet,Mr. Wickham,270,Undirected,1
11,25,Elizabeth Bennet,Mrs. Gardiner,270,Undirected,1
5,51,Mr. Darcy,Mrs. Forster,270,Undirected,1
15,25,Miss Darcy,Mrs. Gardiner,270,Undirected,1
13,25,Lydia Bennet,Mrs. Gardiner,270,Undirected,1
5,11,Mr. Darcy,Elizabeth Bennet,270,Undirected,1
41,13,Colonel Fitzwilliam,Lydia Bennet,270,Undirected,1
5,23,Mr. Darcy,Mr. Wickham,270,Undirected,1
41,10,Colonel Fitzwilliam,Jane Bennet,270,Undirected,1
10,13,Jane Bennet,Lydia Bennet,270,Undirected,1
41,25,Colonel Fitzwilliam,Mrs. Gardiner,270,Undirected,1
11,15,Elizabeth Bennet,Miss Darcy,270,Undirected,1
51,23,Mrs. Forster,Mr. Wickham,270,Undirected,1
10,25,Jane Bennet,Mrs. Gardiner,270,Undirected,1
13,15,Lydia Bennet,Miss Darcy,270,Undirected,1
5,41,Mr. Darcy,Colonel Fitzwilliam,270,Undirected,1
23,25,Mr. Wickham,Mrs. Gardiner,271,Undirected,1
9,11,Mrs. Bennet,Elizabeth Bennet,271,Undirected,1
32,9,Gardiner children,Mrs. Bennet,271,Undirected,1
11,23,Elizabeth Bennet,Mr. Wickham,271,Undirected,1
9,23,Mrs. Bennet,Mr. Wickham,271,Undirected,1
13,23,Lydia Bennet,Mr. Wickham,271,Undirected,1
9,10,Mrs. Bennet,Jane Bennet,271,Undirected,1
10,11,Jane Bennet,Elizabeth Bennet,271,Undirected,1
32,11,Gardiner children,Elizabeth Bennet,271,Undirected,1
9,13,Mrs. Bennet,Lydia Bennet,271,Undirected,1
11,13,Elizabeth Bennet,Lydia Bennet,271,Undirected,1
10,23,Jane Bennet,Mr. Wickham,271,Undirected,1
32,23,Gardiner children,Mr. Wickham,271,Undirected,1
9,25,Mrs. Bennet,Mrs. Gardiner,271,Undirected,1
11,25,Elizabeth Bennet,Mrs. Gardiner,271,Undirected,1
13,25,Lydia Bennet,Mrs. Gardiner,271,Undirected,1
10,13,Jane Bennet,Lydia Bennet,271,Undirected,1
32,13,Gardiner children,Lydia Bennet,271,Undirected,1
32,10,Gardiner children,Jane Bennet,271,Undirected,1
10,25,Jane Bennet,Mrs. Gardiner,271,Undirected,1
32,25,Gardiner children,Mrs. Gardiner,271,Undirected,1
12,13,Mary Bennet,Lydia Bennet,272,Undirected,1
8,9,Mr. Bennet,Mrs. Bennet,272,Undirected,1
9,14,Mrs. Bennet,Kitty Bennet,272,Undirected,1
8,12,Mr. Bennet,Mary Bennet,272,Undirected,1
9,11,Mrs. Bennet,Elizabeth Bennet,272,Undirected,1
11,14,Elizabeth Bennet,Kitty Bennet,272,Undirected,1
10,12,Jane Bennet,Mary Bennet,272,Undirected,1
8,24,Mr. Bennet,Mr. Gardiner,272,Undirected,1
11,23,Elizabeth Bennet,Mr. Wickham,272,Undirected,1
9,23,Mrs. Bennet,Mr. Wickham,272,Undirected,1
13,14,Lydia Bennet,Kitty Bennet,272,Undirected,1
10,24,Jane Bennet,Mr. Gardiner,272,Undirected,1
13,23,Lydia Bennet,Mr. Wickham,272,Undirected,1
12,24,Mary Bennet,Mr. Gardiner,272,Undirected,1
23,24,Mr. Wickham,Mr. Gardiner,272,Undirected,1
8,11,Mr. Bennet,Elizabeth Bennet,272,Undirected,1
9,10,Mrs. Bennet,Jane Bennet,272,Undirected,1
14,24,Kitty Bennet,Mr. Gardiner,272,Undirected,1
8,14,Mr. Bennet,Kitty Bennet,272,Undirected,1
10,11,Jane Bennet,Elizabeth Bennet,272,Undirected,1
9,13,Mrs. Bennet,Lydia Bennet,272,Undirected,1
8,23,Mr. Bennet,Mr. Wickham,272,Undirected,1
10,14,Jane Bennet,Kitty Bennet,272,Undirected,1
11,13,Elizabeth Bennet,Lydia Bennet,272,Undirected,1
10,23,Jane Bennet,Mr. Wickham,272,Undirected,1
12,14,Mary Bennet,Kitty Bennet,272,Undirected,1
12,23,Mary Bennet,Mr. Wickham,272,Undirected,1
14,23,Kitty Bennet,Mr. Wickham,272,Undirected,1
9,12,Mrs. Bennet,Mary Bennet,272,Undirected,1
8,10,Mr. Bennet,Jane Bennet,272,Undirected,1
10,13,Jane Bennet,Lydia Bennet,272,Undirected,1
8,13,Mr. Bennet,Lydia Bennet,272,Undirected,1
11,12,Elizabeth Bennet,Mary Bennet,272,Undirected,1
9,24,Mrs. Bennet,Mr. Gardiner,272,Undirected,1
11,24,Elizabeth Bennet,Mr. Gardiner,272,Undirected,1
13,24,Lydia Bennet,Mr. Gardiner,272,Undirected,1
9,51,Mrs. Bennet,Mrs. Forster,273,Undirected,1
11,51,Elizabeth Bennet,Mrs. Forster,273,Undirected,1
8,9,Mr. Bennet,Mrs. Bennet,273,Undirected,1
13,51,Lydia Bennet,Mrs. Forster,273,Undirected,1
9,11,Mrs. Bennet,Elizabeth Bennet,273,Undirected,1
9,17,Mrs. Bennet,Mr. Collins,273,Undirected,1
17,24,Mr. Collins,Mr. Gardiner,273,Undirected,1
50,24,Colonel Forster,Mr. Gardiner,273,Undirected,1
11,17,Elizabeth Bennet,Mr. Collins,273,Undirected,1
8,24,Mr. Bennet,Mr. Gardiner,273,Undirected,1
11,23,Elizabeth Bennet,Mr. Wickham,273,Undirected,1
9,23,Mrs. Bennet,Mr. Wickham,273,Undirected,1
13,17,Lydia Bennet,Mr. Collins,273,Undirected,1
13,23,Lydia Bennet,Mr. Wickham,273,Undirected,1
50,51,Colonel Forster,Mrs. Forster,273,Undirected,1
9,50,Mrs. Bennet,Colonel Forster,273,Undirected,1
17,51,Mr. Collins,Mrs. Forster,273,Undirected,1
8,51,Mr. Bennet,Mrs. Forster,273,Undirected,1
11,50,Elizabeth Bennet,Colonel Forster,273,Undirected,1
13,50,Lydia Bennet,Colonel Forster,273,Undirected,1
23,24,Mr. Wickham,Mr. Gardiner,273,Undirected,1
8,11,Mr. Bennet,Elizabeth Bennet,273,Undirected,1
17,23,Mr. Collins,Mr. Wickham,273,Undirected,1
50,23,Colonel Forster,Mr. Wickham,273,Undirected,1
9,13,Mrs. Bennet,Lydia Bennet,273,Undirected,1
8,17,Mr. Bennet,Mr. Collins,273,Undirected,1
8,23,Mr. Bennet,Mr. Wickham,273,Undirected,1
11,13,Elizabeth Bennet,Lydia Bennet,273,Undirected,1
51,24,Mrs. Forster,Mr. Gardiner,273,Undirected,1
17,50,Mr. Collins,Colonel Forster,273,Undirected,1
8,50,Mr. Bennet,Colonel Forster,273,Undirected,1
8,13,Mr. Bennet,Lydia Bennet,273,Undirected,1
9,24,Mrs. Bennet,Mr. Gardiner,273,Undirected,1
51,23,Mrs. Forster,Mr. Wickham,273,Undirected,1
11,24,Elizabeth Bennet,Mr. Gardiner,273,Undirected,1
13,24,Lydia Bennet,Mr. Gardiner,273,Undirected,1
70,9,Mrs. Hill,Mrs. Bennet,274,Undirected,1
12,13,Mary Bennet,Lydia Bennet,274,Undirected,1
70,12,Mrs. Hill,Mary Bennet,274,Undirected,1
14,25,Kitty Bennet,Mrs. Gardiner,274,Undirected,1
12,25,Mary Bennet,Mrs. Gardiner,274,Undirected,1
9,14,Mrs. Bennet,Kitty Bennet,274,Undirected,1
70,24,Mrs. Hill,Mr. Gardiner,274,Undirected,1
23,25,Mr. Wickham,Mrs. Gardiner,274,Undirected,1
9,11,Mrs. Bennet,Elizabeth Bennet,274,Undirected,1
11,14,Elizabeth Bennet,Kitty Bennet,274,Undirected,1
11,23,Elizabeth Bennet,Mr. Wickham,274,Undirected,1
13,14,Lydia Bennet,Kitty Bennet,274,Undirected,1
9,23,Mrs. Bennet,Mr. Wickham,274,Undirected,1
13,23,Lydia Bennet,Mr. Wickham,274,Undirected,1
70,11,Mrs. Hill,Elizabeth Bennet,274,Undirected,1
70,14,Mrs. Hill,Kitty Bennet,274,Undirected,1
12,24,Mary Bennet,Mr. Gardiner,274,Undirected,1
23,24,Mr. Wickham,Mr. Gardiner,274,Undirected,1
70,23,Mrs. Hill,Mr. Wickham,274,Undirected,1
14,24,Kitty Bennet,Mr. Gardiner,274,Undirected,1
9,13,Mrs. Bennet,Lydia Bennet,274,Undirected,1
11,13,Elizabeth Bennet,Lydia Bennet,274,Undirected,1
9,25,Mrs. Bennet,Mrs. Gardiner,274,Undirected,1
24,25,Mr. Gardiner,Mrs. Gardiner,274,Undirected,1
11,25,Elizabeth Bennet,Mrs. Gardiner,274,Undirected,1
13,25,Lydia Bennet,Mrs. Gardiner,274,Undirected,1
12,14,Mary Bennet,Kitty Bennet,274,Undirected,1
12,23,Mary Bennet,Mr. Wickham,274,Undirected,1
70,13,Mrs. Hill,Lydia Bennet,274,Undirected,1
14,23,Kitty Bennet,Mr. Wickham,274,Undirected,1
70,25,Mrs. Hill,Mrs. Gardiner,274,Undirected,1
9,12,Mrs. Bennet,Mary Bennet,274,Undirected,1
11,12,Elizabeth Bennet,Mary Bennet,274,Undirected,1
9,24,Mrs. Bennet,Mr. Gardiner,274,Undirected,1
11,24,Elizabeth Bennet,Mr. Gardiner,274,Undirected,1
13,24,Lydia Bennet,Mr. Gardiner,274,Undirected,1
50,55,Colonel Forster,Denny,275,Undirected,1
12,13,Mary Bennet,Lydia Bennet,275,Undirected,1
10,55,Jane Bennet,Denny,275,Undirected,1
10,12,Jane Bennet,Mary Bennet,275,Undirected,1
11,23,Elizabeth Bennet,Mr. Wickham,275,Undirected,1
13,23,Lydia Bennet,Mr. Wickham,275,Undirected,1
12,55,Mary Bennet,Denny,275,Undirected,1
23,55,Mr. Wickham,Denny,275,Undirected,1
11,50,Elizabeth Bennet,Colonel Forster,275,Undirected,1
13,50,Lydia Bennet,Colonel Forster,275,Undirected,1
10,11,Jane Bennet,Elizabeth Bennet,275,Undirected,1
50,23,Colonel Forster,Mr. Wickham,275,Undirected,1
11,13,Elizabeth Bennet,Lydia Bennet,275,Undirected,1
10,23,Jane Bennet,Mr. Wickham,275,Undirected,1
10,50,Jane Bennet,Colonel Forster,275,Undirected,1
12,23,Mary Bennet,Mr. Wickham,275,Undirected,1
11,55,Elizabeth Bennet,Denny,275,Undirected,1
13,55,Lydia Bennet,Denny,275,Undirected,1
10,13,Jane Bennet,Lydia Bennet,275,Undirected,1
11,12,Elizabeth Bennet,Mary Bennet,275,Undirected,1
12,50,Mary Bennet,Colonel Forster,275,Undirected,1
50,52,Colonel Forster,Harriet Harrington,276,Undirected,1
8,52,Mr. Bennet,Harriet Harrington,276,Undirected,1
10,52,Jane Bennet,Harriet Harrington,276,Undirected,1
8,9,Mr. Bennet,Mrs. Bennet,276,Undirected,1
9,14,Mrs. Bennet,Kitty Bennet,276,Undirected,1
9,11,Mrs. Bennet,Elizabeth Bennet,276,Undirected,1
11,14,Elizabeth Bennet,Kitty Bennet,276,Undirected,1
11,23,Elizabeth Bennet,Mr. Wickham,276,Undirected,1
13,14,Lydia Bennet,Kitty Bennet,276,Undirected,1
9,23,Mrs. Bennet,Mr. Wickham,276,Undirected,1
13,23,Lydia Bennet,Mr. Wickham,276,Undirected,1
14,52,Kitty Bennet,Harriet Harrington,276,Undirected,1
9,50,Mrs. Bennet,Colonel Forster,276,Undirected,1
11,50,Elizabeth Bennet,Colonel Forster,276,Undirected,1
13,50,Lydia Bennet,Colonel Forster,276,Undirected,1
8,11,Mr. Bennet,Elizabeth Bennet,276,Undirected,1
9,10,Mrs. Bennet,Jane Bennet,276,Undirected,1
8,14,Mr. Bennet,Kitty Bennet,276,Undirected,1
10,11,Jane Bennet,Elizabeth Bennet,276,Undirected,1
9,13,Mrs. Bennet,Lydia Bennet,276,Undirected,1
50,23,Colonel Forster,Mr. Wickham,276,Undirected,1
8,23,Mr. Bennet,Mr. Wickham,276,Undirected,1
10,14,Jane Bennet,Kitty Bennet,276,Undirected,1
11,13,Elizabeth Bennet,Lydia Bennet,276,Undirected,1
52,23,Harriet Harrington,Mr. Wickham,276,Undirected,1
10,23,Jane Bennet,Mr. Wickham,276,Undirected,1
9,52,Mrs. Bennet,Harriet Harrington,276,Undirected,1
8,50,Mr. Bennet,Colonel Forster,276,Undirected,1
11,52,Elizabeth Bennet,Harriet Harrington,276,Undirected,1
10,50,Jane Bennet,Colonel Forster,276,Undirected,1
13,52,Lydia Bennet,Harriet Harrington,276,Undirected,1
14,23,Kitty Bennet,Mr. Wickham,276,Undirected,1
8,10,Mr. Bennet,Jane Bennet,276,Undirected,1
10,13,Jane Bennet,Lydia Bennet,276,Undirected,1
8,13,Mr. Bennet,Lydia Bennet,276,Undirected,1
14,50,Kitty Bennet,Colonel Forster,276,Undirected,1
50,52,Colonel Forster,Harriet Harrington,277,Undirected,1
18,26,Lady Lucas,Mrs. Philips,277,Undirected,1
10,52,Jane Bennet,Harriet Harrington,277,Undirected,1
8,9,Mr. Bennet,Mrs. Bennet,277,Undirected,1
71,56,Sally,Pratt,277,Undirected,1
8,18,Mr. Bennet,Lady Lucas,277,Undirected,1
11,14,Elizabeth Bennet,Kitty Bennet,277,Undirected,1
9,26,Mrs. Bennet,Mrs. Philips,277,Undirected,1
12,52,Mary Bennet,Harriet Harrington,277,Undirected,1
13,26,Lydia Bennet,Mrs. Philips,277,Undirected,1
9,56,Mrs. Bennet,Pratt,277,Undirected,1
12,18,Mary Bennet,Lady Lucas,277,Undirected,1
8,11,Mr. Bennet,Elizabeth Bennet,277,Undirected,1
9,10,Mrs. Bennet,Jane Bennet,277,Undirected,1
52,26,Harriet Harrington,Mrs. Philips,277,Undirected,1
50,56,Colonel Forster,Pratt,277,Undirected,1
8,50,Mr. Bennet,Colonel Forster,277,Undirected,1
10,56,Jane Bennet,Pratt,277,Undirected,1
9,12,Mrs. Bennet,Mary Bennet,277,Undirected,1
14,26,Kitty Bennet,Mrs. Philips,277,Undirected,1
12,56,Mary Bennet,Pratt,277,Undirected,1
71,8,Sally,Mr. Bennet,277,Undirected,1
71,26,Sally,Mrs. Philips,277,Undirected,1
8,52,Mr. Bennet,Harriet Harrington,277,Undirected,1
12,13,Mary Bennet,Lydia Bennet,277,Undirected,1
9,14,Mrs. Bennet,Kitty Bennet,277,Undirected,1
13,14,Lydia Bennet,Kitty Bennet,277,Undirected,1
71,10,Sally,Jane Bennet,277,Undirected,1
11,50,Elizabeth Bennet,Colonel Forster,277,Undirected,1
50,26,Colonel Forster,Mrs. Philips,277,Undirected,1
10,26,Jane Bennet,Mrs. Philips,277,Undirected,1
71,12,Sally,Mary Bennet,277,Undirected,1
8,56,Mr. Bennet,Pratt,277,Undirected,1
11,52,Elizabeth Bennet,Harriet Harrington,277,Undirected,1
12,26,Mary Bennet,Mrs. Philips,277,Undirected,1
8,13,Mr. Bennet,Lydia Bennet,277,Undirected,1
13,18,Lydia Bennet,Lady Lucas,277,Undirected,1
11,18,Elizabeth Bennet,Lady Lucas,277,Undirected,1
71,14,Sally,Kitty Bennet,277,Undirected,1
10,12,Jane Bennet,Mary Bennet,277,Undirected,1
9,50,Mrs. Bennet,Colonel Forster,277,Undirected,1
14,18,Kitty Bennet,Lady Lucas,277,Undirected,1
13,50,Lydia Bennet,Colonel Forster,277,Undirected,1
18,52,Lady Lucas,Harriet Harrington,277,Undirected,1
10,14,Jane Bennet,Kitty Bennet,277,Undirected,1
11,13,Elizabeth Bennet,Lydia Bennet,277,Undirected,1
8,26,Mr. Bennet,Mrs. Philips,277,Undirected,1
71,9,Sally,Mrs. Bennet,277,Undirected,1
71,18,Sally,Lady Lucas,277,Undirected,1
9,52,Mrs. Bennet,Harriet Harrington,277,Undirected,1
12,14,Mary Bennet,Kitty Bennet,277,Undirected,1
13,52,Lydia Bennet,Harriet Harrington,277,Undirected,1
8,10,Mr. Bennet,Jane Bennet,277,Undirected,1
9,18,Mrs. Bennet,Lady Lucas,277,Undirected,1
71,11,Sally,Elizabeth Bennet,277,Undirected,1
14,50,Kitty Bennet,Colonel Forster,277,Undirected,1
50,18,Colonel Forster,Lady Lucas,277,Undirected,1
8,12,Mr. Bennet,Mary Bennet,277,Undirected,1
71,50,Sally,Colonel Forster,277,Undirected,1
9,11,Mrs. Bennet,Elizabeth Bennet,277,Undirected,1
18,56,Lady Lucas,Pratt,277,Undirected,1
10,18,Jane Bennet,Lady Lucas,277,Undirected,1
71,13,Sally,Lydia Bennet,277,Undirected,1
11,26,Elizabeth Bennet,Mrs. Philips,277,Undirected,1
14,52,Kitty Bennet,Harriet Harrington,277,Undirected,1
13,56,Lydia Bennet,Pratt,277,Undirected,1
11,56,Elizabeth Bennet,Pratt,277,Undirected,1
71,52,Sally,Harriet Harrington,277,Undirected,1
8,14,Mr. Bennet,Kitty Bennet,277,Undirected,1
9,13,Mrs. Bennet,Lydia Bennet,277,Undirected,1
10,11,Jane Bennet,Elizabeth Bennet,277,Undirected,1
52,56,Harriet Harrington,Pratt,277,Undirected,1
10,50,Jane Bennet,Colonel Forster,277,Undirected,1
56,26,Pratt,Mrs. Philips,277,Undirected,1
10,13,Jane Bennet,Lydia Bennet,277,Undirected,1
11,12,Elizabeth Bennet,Mary Bennet,277,Undirected,1
12,50,Mary Bennet,Colonel Forster,277,Undirected,1
14,56,Kitty Bennet,Pratt,277,Undirected,1
10,11,Jane Bennet,Elizabeth Bennet,278,Undirected,1
18,10,Lady Lucas,Jane Bennet,278,Undirected,1
8,10,Mr. Bennet,Jane Bennet,278,Undirected,1
18,8,Lady Lucas,Mr. Bennet,278,Undirected,1
18,11,Lady Lucas,Elizabeth Bennet,278,Undirected,1
8,11,Mr. Bennet,Elizabeth Bennet,278,Undirected,1
12,13,Mary Bennet,Lydia Bennet,279,Undirected,1
8,9,Mr. Bennet,Mrs. Bennet,279,Undirected,1
14,25,Kitty Bennet,Mrs. Gardiner,279,Undirected,1
12,25,Mary Bennet,Mrs. Gardiner,279,Undirected,1
9,14,Mrs. Bennet,Kitty Bennet,279,Undirected,1
8,12,Mr. Bennet,Mary Bennet,279,Undirected,1
23,25,Mr. Wickham,Mrs. Gardiner,279,Undirected,1
32,9,Gardiner children,Mrs. Bennet,279,Undirected,1
9,11,Mrs. Bennet,Elizabeth Bennet,279,Undirected,1
11,14,Elizabeth Bennet,Kitty Bennet,279,Undirected,1
10,12,Jane Bennet,Mary Bennet,279,Undirected,1
32,12,Gardiner children,Mary Bennet,279,Undirected,1
9,26,Mrs. Bennet,Mrs. Philips,279,Undirected,1
8,24,Mr. Bennet,Mr. Gardiner,279,Undirected,1
11,23,Elizabeth Bennet,Mr. Wickham,279,Undirected,1
9,23,Mrs. Bennet,Mr. Wickham,279,Undirected,1
13,14,Lydia Bennet,Kitty Bennet,279,Undirected,1
11,26,Elizabeth Bennet,Mrs. Philips,279,Undirected,1
10,24,Jane Bennet,Mr. Gardiner,279,Undirected,1
32,24,Gardiner children,Mr. Gardiner,279,Undirected,1
13,23,Lydia Bennet,Mr. Wickham,279,Undirected,1
13,26,Lydia Bennet,Mrs. Philips,279,Undirected,1
24,26,Mr. Gardiner,Mrs. Philips,279,Undirected,1
12,24,Mary Bennet,Mr. Gardiner,279,Undirected,1
23,24,Mr. Wickham,Mr. Gardiner,279,Undirected,1
8,11,Mr. Bennet,Elizabeth Bennet,279,Undirected,1
9,10,Mrs. Bennet,Jane Bennet,279,Undirected,1
14,24,Kitty Bennet,Mr. Gardiner,279,Undirected,1
8,14,Mr. Bennet,Kitty Bennet,279,Undirected,1
10,11,Jane Bennet,Elizabeth Bennet,279,Undirected,1
32,11,Gardiner children,Elizabeth Bennet,279,Undirected,1
9,13,Mrs. Bennet,Lydia Bennet,279,Undirected,1
32,8,Gardiner children,Mr. Bennet,279,Undirected,1
32,14,Gardiner children,Kitty Bennet,279,Undirected,1
8,23,Mr. Bennet,Mr. Wickham,279,Undirected,1
10,14,Jane Bennet,Kitty Bennet,279,Undirected,1
8,26,Mr. Bennet,Mrs. Philips,279,Undirected,1
10,23,Jane Bennet,Mr. Wickham,279,Undirected,1
32,23,Gardiner children,Mr. Wickham,279,Undirected,1
9,25,Mrs. Bennet,Mrs. Gardiner,279,Undirected,1
11,13,Elizabeth Bennet,Lydia Bennet,279,Undirected,1
10,26,Jane Bennet,Mrs. Philips,279,Undirected,1
32,26,Gardiner children,Mrs. Philips,279,Undirected,1
11,25,Elizabeth Bennet,Mrs. Gardiner,279,Undirected,1
24,25,Mr. Gardiner,Mrs. Gardiner,279,Undirected,1
13,25,Lydia Bennet,Mrs. Gardiner,279,Undirected,1
11,24,Elizabeth Bennet,Mr. Gardiner,279,Undirected,1
12,14,Mary Bennet,Kitty Bennet,279,Undirected,1
12,23,Mary Bennet,Mr. Wickham,279,Undirected,1
12,26,Mary Bennet,Mrs. Philips,279,Undirected,1
14,23,Kitty Bennet,Mr. Wickham,279,Undirected,1
23,26,Mr. Wickham,Mrs. Philips,279,Undirected,1
9,12,Mrs. Bennet,Mary Bennet,279,Undirected,1
8,10,Mr. Bennet,Jane Bennet,279,Undirected,1
14,26,Kitty Bennet,Mrs. Philips,279,Undirected,1
10,13,Jane Bennet,Lydia Bennet,279,Undirected,1
32,13,Gardiner children,Lydia Bennet,279,Undirected,1
8,13,Mr. Bennet,Lydia Bennet,279,Undirected,1
11,12,Elizabeth Bennet,Mary Bennet,279,Undirected,1
32,10,Gardiner children,Jane Bennet,279,Undirected,1
9,24,Mrs. Bennet,Mr. Gardiner,279,Undirected,1
10,25,Jane Bennet,Mrs. Gardiner,279,Undirected,1
32,25,Gardiner children,Mrs. Gardiner,279,Undirected,1
8,25,Mr. Bennet,Mrs. Gardiner,279,Undirected,1
25,26,Mrs. Gardiner,Mrs. Philips,279,Undirected,1
13,24,Lydia Bennet,Mr. Gardiner,279,Undirected,1
8,25,Mr. Bennet,Mrs. Gardiner,280,Undirected,1
23,25,Mr. Wickham,Mrs. Gardiner,280,Undirected,1
50,24,Colonel Forster,Mr. Gardiner,280,Undirected,1
8,24,Mr. Bennet,Mr. Gardiner,280,Undirected,1
11,23,Elizabeth Bennet,Mr. Wickham,280,Undirected,1
10,24,Jane Bennet,Mr. Gardiner,280,Undirected,1
13,23,Lydia Bennet,Mr. Wickham,280,Undirected,1
11,50,Elizabeth Bennet,Colonel Forster,280,Undirected,1
13,50,Lydia Bennet,Colonel Forster,280,Undirected,1
23,24,Mr. Wickham,Mr. Gardiner,280,Undirected,1
8,11,Mr. Bennet,Elizabeth Bennet,280,Undirected,1
10,11,Jane Bennet,Elizabeth Bennet,280,Undirected,1
50,23,Colonel Forster,Mr. Wickham,280,Undirected,1
8,23,Mr. Bennet,Mr. Wickham,280,Undirected,1
11,13,Elizabeth Bennet,Lydia Bennet,280,Undirected,1
10,23,Jane Bennet,Mr. Wickham,280,Undirected,1
24,25,Mr. Gardiner,Mrs. Gardiner,280,Undirected,1
11,25,Elizabeth Bennet,Mrs. Gardiner,280,Undirected,1
13,25,Lydia Bennet,Mrs. Gardiner,280,Undirected,1
8,50,Mr. Bennet,Colonel Forster,280,Undirected,1
10,50,Jane Bennet,Colonel Forster,280,Undirected,1
8,10,Mr. Bennet,Jane Bennet,280,Undirected,1
10,13,Jane Bennet,Lydia Bennet,280,Undirected,1
50,25,Colonel Forster,Mrs. Gardiner,280,Undirected,1
8,13,Mr. Bennet,Lydia Bennet,280,Undirected,1
10,25,Jane Bennet,Mrs. Gardiner,280,Undirected,1
11,24,Elizabeth Bennet,Mr. Gardiner,280,Undirected,1
13,24,Lydia Bennet,Mr. Gardiner,280,Undirected,1
8,43,Mr. Bennet,Mr. Wickham's mother,281,Undirected,1
11,42,Elizabeth Bennet,Mr. Wickham's father,281,Undirected,1
9,42,Mrs. Bennet,Mr. Wickham's father,281,Undirected,1
10,43,Jane Bennet,Mr. Wickham's mother,281,Undirected,1
12,16,Mary Bennet,Charlotte Lucas,281,Undirected,1
13,42,Lydia Bennet,Mr. Wickham's father,281,Undirected,1
12,13,Mary Bennet,Lydia Bennet,281,Undirected,1
14,16,Kitty Bennet,Charlotte Lucas,281,Undirected,1
8,9,Mr. Bennet,Mrs. Bennet,281,Undirected,1
9,14,Mrs. Bennet,Kitty Bennet,281,Undirected,1
8,12,Mr. Bennet,Mary Bennet,281,Undirected,1
9,11,Mrs. Bennet,Elizabeth Bennet,281,Undirected,1
9,17,Mrs. Bennet,Mr. Collins,281,Undirected,1
11,14,Elizabeth Bennet,Kitty Bennet,281,Undirected,1
10,12,Jane Bennet,Mary Bennet,281,Undirected,1
42,17,Mr. Wickham's father,Mr. Collins,281,Undirected,1
42,23,Mr. Wickham's father,Mr. Wickham,281,Undirected,1
11,17,Elizabeth Bennet,Mr. Collins,281,Undirected,1
11,23,Elizabeth Bennet,Mr. Wickham,281,Undirected,1
12,43,Mary Bennet,Mr. Wickham's mother,281,Undirected,1
9,23,Mrs. Bennet,Mr. Wickham,281,Undirected,1
13,14,Lydia Bennet,Kitty Bennet,281,Undirected,1
14,43,Kitty Bennet,Mr. Wickham's mother,281,Undirected,1
13,17,Lydia Bennet,Mr. Collins,281,Undirected,1
13,23,Lydia Bennet,Mr. Wickham,281,Undirected,1
8,42,Mr. Bennet,Mr. Wickham's father,281,Undirected,1
10,42,Jane Bennet,Mr. Wickham's father,281,Undirected,1
16,43,Charlotte Lucas,Mr. Wickham's mother,281,Undirected,1
8,11,Mr. Bennet,Elizabeth Bennet,281,Undirected,1
9,10,Mrs. Bennet,Jane Bennet,281,Undirected,1
9,16,Mrs. Bennet,Charlotte Lucas,281,Undirected,1
8,14,Mr. Bennet,Kitty Bennet,281,Undirected,1
10,11,Jane Bennet,Elizabeth Bennet,281,Undirected,1
9,13,Mrs. Bennet,Lydia Bennet,281,Undirected,1
42,16,Mr. Wickham's father,Charlotte Lucas,281,Undirected,1
8,17,Mr. Bennet,Mr. Collins,281,Undirected,1
8,23,Mr. Bennet,Mr. Wickham,281,Undirected,1
10,14,Jane Bennet,Kitty Bennet,281,Undirected,1
11,13,Elizabeth Bennet,Lydia Bennet,281,Undirected,1
11,16,Elizabeth Bennet,Charlotte Lucas,281,Undirected,1
10,17,Jane Bennet,Mr. Collins,281,Undirected,1
10,23,Jane Bennet,Mr. Wickham,281,Undirected,1
12,42,Mary Bennet,Mr. Wickham's father,281,Undirected,1
13,16,Lydia Bennet,Charlotte Lucas,281,Undirected,1
14,42,Kitty Bennet,Mr. Wickham's father,281,Undirected,1
43,23,Mr. Wickham's mother,Mr. Wickham,281,Undirected,1
9,43,Mrs. Bennet,Mr. Wickham's mother,281,Undirected,1
42,43,Mr. Wickham's father,Mr. Wickham's mother,281,Undirected,1
17,43,Mr. Collins,Mr. Wickham's mother,281,Undirected,1
11,43,Elizabeth Bennet,Mr. Wickham's mother,281,Undirected,1
17,23,Mr. Collins,Mr. Wickham,281,Undirected,1
12,14,Mary Bennet,Kitty Bennet,281,Undirected,1
12,17,Mary Bennet,Mr. Collins,281,Undirected,1
12,23,Mary Bennet,Mr. Wickham,281,Undirected,1
13,43,Lydia Bennet,Mr. Wickham's mother,281,Undirected,1
14,17,Kitty Bennet,Mr. Collins,281,Undirected,1
14,23,Kitty Bennet,Mr. Wickham,281,Undirected,1
9,12,Mrs. Bennet,Mary Bennet,281,Undirected,1
8,10,Mr. Bennet,Jane Bennet,281,Undirected,1
8,16,Mr. Bennet,Charlotte Lucas,281,Undirected,1
10,13,Jane Bennet,Lydia Bennet,281,Undirected,1
8,13,Mr. Bennet,Lydia Bennet,281,Undirected,1
11,12,Elizabeth Bennet,Mary Bennet,281,Undirected,1
10,16,Jane Bennet,Charlotte Lucas,281,Undirected,1
16,17,Charlotte Lucas,Mr. Collins,281,Undirected,1
16,23,Charlotte Lucas,Mr. Wickham,281,Undirected,1
11,14,Elizabeth Bennet,Kitty Bennet,282,Undirected,1
17,30,Mr. Collins,Lady Catherine de Bourgh,282,Undirected,1
11,23,Elizabeth Bennet,Mr. Wickham,282,Undirected,1
13,17,Lydia Bennet,Mr. Collins,282,Undirected,1
8,11,Mr. Bennet,Elizabeth Bennet,282,Undirected,1
14,24,Kitty Bennet,Mr. Gardiner,282,Undirected,1
17,23,Mr. Collins,Mr. Wickham,282,Undirected,1
11,16,Elizabeth Bennet,Charlotte Lucas,282,Undirected,1
33,13,Miss de Bourgh,Lydia Bennet,282,Undirected,1
16,24,Charlotte Lucas,Mr. Gardiner,282,Undirected,1
8,50,Mr. Bennet,Colonel Forster,282,Undirected,1
14,17,Kitty Bennet,Mr. Collins,282,Undirected,1
33,24,Miss de Bourgh,Mr. Gardiner,282,Undirected,1
16,17,Charlotte Lucas,Mr. Collins,282,Undirected,1
13,30,Lydia Bennet,Lady Catherine de Bourgh,282,Undirected,1
24,30,Mr. Gardiner,Lady Catherine de Bourgh,282,Undirected,1
12,13,Mary Bennet,Lydia Bennet,282,Undirected,1
33,8,Miss de Bourgh,Mr. Bennet,282,Undirected,1
50,24,Colonel Forster,Mr. Gardiner,282,Undirected,1
33,17,Miss de Bourgh,Mr. Collins,282,Undirected,1
13,14,Lydia Bennet,Kitty Bennet,282,Undirected,1
10,24,Jane Bennet,Mr. Gardiner,282,Undirected,1
13,23,Lydia Bennet,Mr. Wickham,282,Undirected,1
11,50,Elizabeth Bennet,Colonel Forster,282,Undirected,1
23,24,Mr. Wickham,Mr. Gardiner,282,Undirected,1
12,24,Mary Bennet,Mr. Gardiner,282,Undirected,1
14,30,Kitty Bennet,Lady Catherine de Bourgh,282,Undirected,1
33,10,Miss de Bourgh,Jane Bennet,282,Undirected,1
10,17,Jane Bennet,Mr. Collins,282,Undirected,1
13,16,Lydia Bennet,Charlotte Lucas,282,Undirected,1
17,50,Mr. Collins,Colonel Forster,282,Undirected,1
16,30,Charlotte Lucas,Lady Catherine de Bourgh,282,Undirected,1
12,17,Mary Bennet,Mr. Collins,282,Undirected,1
14,23,Kitty Bennet,Mr. Wickham,282,Undirected,1
8,13,Mr. Bennet,Lydia Bennet,282,Undirected,1
33,12,Miss de Bourgh,Mary Bennet,282,Undirected,1
33,30,Miss de Bourgh,Lady Catherine de Bourgh,282,Undirected,1
16,23,Charlotte Lucas,Mr. Wickham,282,Undirected,1
14,16,Kitty Bennet,Charlotte Lucas,282,Undirected,1
33,14,Miss de Bourgh,Kitty Bennet,282,Undirected,1
10,12,Jane Bennet,Mary Bennet,282,Undirected,1
50,30,Colonel Forster,Lady Catherine de Bourgh,282,Undirected,1
8,24,Mr. Bennet,Mr. Gardiner,282,Undirected,1
33,23,Miss de Bourgh,Mr. Wickham,282,Undirected,1
10,30,Jane Bennet,Lady Catherine de Bourgh,282,Undirected,1
13,50,Lydia Bennet,Colonel Forster,282,Undirected,1
12,30,Mary Bennet,Lady Catherine de Bourgh,282,Undirected,1
23,30,Mr. Wickham,Lady Catherine de Bourgh,282,Undirected,1
50,23,Colonel Forster,Mr. Wickham,282,Undirected,1
8,17,Mr. Bennet,Mr. Collins,282,Undirected,1
33,16,Miss de Bourgh,Charlotte Lucas,282,Undirected,1
10,14,Jane Bennet,Kitty Bennet,282,Undirected,1
11,13,Elizabeth Bennet,Lydia Bennet,282,Undirected,1
10,23,Jane Bennet,Mr. Wickham,282,Undirected,1
12,14,Mary Bennet,Kitty Bennet,282,Undirected,1
12,23,Mary Bennet,Mr. Wickham,282,Undirected,1
8,10,Mr. Bennet,Jane Bennet,282,Undirected,1
10,16,Jane Bennet,Charlotte Lucas,282,Undirected,1
11,24,Elizabeth Bennet,Mr. Gardiner,282,Undirected,1
14,50,Kitty Bennet,Colonel Forster,282,Undirected,1
12,16,Mary Bennet,Charlotte Lucas,282,Undirected,1
16,50,Charlotte Lucas,Colonel Forster,282,Undirected,1
8,12,Mr. Bennet,Mary Bennet,282,Undirected,1
33,11,Miss de Bourgh,Elizabeth Bennet,282,Undirected,1
17,24,Mr. Collins,Mr. Gardiner,282,Undirected,1
11,17,Elizabeth Bennet,Mr. Collins,282,Undirected,1
8,30,Mr. Bennet,Lady Catherine de Bourgh,282,Undirected,1
33,50,Miss de Bourgh,Colonel Forster,282,Undirected,1
8,14,Mr. Bennet,Kitty Bennet,282,Undirected,1
10,11,Jane Bennet,Elizabeth Bennet,282,Undirected,1
8,23,Mr. Bennet,Mr. Wickham,282,Undirected,1
10,50,Jane Bennet,Colonel Forster,282,Undirected,1
8,16,Mr. Bennet,Charlotte Lucas,282,Undirected,1
10,13,Jane Bennet,Lydia Bennet,282,Undirected,1
11,12,Elizabeth Bennet,Mary Bennet,282,Undirected,1
12,50,Mary Bennet,Colonel Forster,282,Undirected,1
11,30,Elizabeth Bennet,Lady Catherine de Bourgh,282,Undirected,1
13,24,Lydia Bennet,Mr. Gardiner,282,Undirected,1
5,10,Mr. Darcy,Jane Bennet,283,Undirected,1
8,9,Mr. Bennet,Mrs. Bennet,283,Undirected,1
12,25,Mary Bennet,Mrs. Gardiner,283,Undirected,1
23,25,Mr. Wickham,Mrs. Gardiner,283,Undirected,1
9,17,Mrs. Bennet,Mr. Collins,283,Undirected,1
11,14,Elizabeth Bennet,Kitty Bennet,283,Undirected,1
32,12,Gardiner children,Mary Bennet,283,Undirected,1
11,23,Elizabeth Bennet,Mr. Wickham,283,Undirected,1
13,17,Lydia Bennet,Mr. Collins,283,Undirected,1
5,12,Mr. Darcy,Mary Bennet,283,Undirected,1
8,11,Mr. Bennet,Elizabeth Bennet,283,Undirected,1
9,10,Mrs. Bennet,Jane Bennet,283,Undirected,1
14,24,Kitty Bennet,Mr. Gardiner,283,Undirected,1
17,23,Mr. Collins,Mr. Wickham,283,Undirected,1
32,5,Gardiner children,Mr. Darcy,283,Undirected,1
32,14,Gardiner children,Kitty Bennet,283,Undirected,1
32,23,Gardiner children,Mr. Wickham,283,Undirected,1
14,17,Kitty Bennet,Mr. Collins,283,Undirected,1
5,14,Mr. Darcy,Kitty Bennet,283,Undirected,1
9,12,Mrs. Bennet,Mary Bennet,283,Undirected,1
5,23,Mr. Darcy,Mr. Wickham,283,Undirected,1
32,25,Gardiner children,Mrs. Gardiner,283,Undirected,1
8,25,Mr. Bennet,Mrs. Gardiner,283,Undirected,1
12,13,Mary Bennet,Lydia Bennet,283,Undirected,1
9,14,Mrs. Bennet,Kitty Bennet,283,Undirected,1
5,25,Mr. Darcy,Mrs. Gardiner,283,Undirected,1
32,9,Gardiner children,Mrs. Bennet,283,Undirected,1
13,14,Lydia Bennet,Kitty Bennet,283,Undirected,1
10,24,Jane Bennet,Mr. Gardiner,283,Undirected,1
13,23,Lydia Bennet,Mr. Wickham,283,Undirected,1
5,9,Mr. Darcy,Mrs. Bennet,283,Undirected,1
12,24,Mary Bennet,Mr. Gardiner,283,Undirected,1
23,24,Mr. Wickham,Mr. Gardiner,283,Undirected,1
32,11,Gardiner children,Elizabeth Bennet,283,Undirected,1
10,17,Jane Bennet,Mr. Collins,283,Undirected,1
24,25,Mr. Gardiner,Mrs. Gardiner,283,Undirected,1
11,25,Elizabeth Bennet,Mrs. Gardiner,283,Undirected,1
12,17,Mary Bennet,Mr. Collins,283,Undirected,1
5,11,Mr. Darcy,Elizabeth Bennet,283,Undirected,1
14,23,Kitty Bennet,Mr. Wickham,283,Undirected,1
32,13,Gardiner children,Lydia Bennet,283,Undirected,1
8,13,Mr. Bennet,Lydia Bennet,283,Undirected,1
17,25,Mr. Collins,Mrs. Gardiner,283,Undirected,1
5,13,Mr. Darcy,Lydia Bennet,283,Undirected,1
14,25,Kitty Bennet,Mrs. Gardiner,283,Undirected,1
10,12,Jane Bennet,Mary Bennet,283,Undirected,1
8,24,Mr. Bennet,Mr. Gardiner,283,Undirected,1
9,23,Mrs. Bennet,Mr. Wickham,283,Undirected,1
8,17,Mr. Bennet,Mr. Collins,283,Undirected,1
10,14,Jane Bennet,Kitty Bennet,283,Undirected,1
11,13,Elizabeth Bennet,Lydia Bennet,283,Undirected,1
10,23,Jane Bennet,Mr. Wickham,283,Undirected,1
9,25,Mrs. Bennet,Mrs. Gardiner,283,Undirected,1
13,25,Lydia Bennet,Mrs. Gardiner,283,Undirected,1
12,14,Mary Bennet,Kitty Bennet,283,Undirected,1
12,23,Mary Bennet,Mr. Wickham,283,Undirected,1
8,10,Mr. Bennet,Jane Bennet,283,Undirected,1
10,25,Jane Bennet,Mrs. Gardiner,283,Undirected,1
11,24,Elizabeth Bennet,Mr. Gardiner,283,Undirected,1
8,12,Mr. Bennet,Mary Bennet,283,Undirected,1
9,11,Mrs. Bennet,Elizabeth Bennet,283,Undirected,1
17,24,Mr. Collins,Mr. Gardiner,283,Undirected,1
11,17,Elizabeth Bennet,Mr. Collins,283,Undirected,1
32,24,Gardiner children,Mr. Gardiner,283,Undirected,1
8,14,Mr. Bennet,Kitty Bennet,283,Undirected,1
10,11,Jane Bennet,Elizabeth Bennet,283,Undirected,1
9,13,Mrs. Bennet,Lydia Bennet,283,Undirected,1
5,24,Mr. Darcy,Mr. Gardiner,283,Undirected,1
32,8,Gardiner children,Mr. Bennet,283,Undirected,1
8,23,Mr. Bennet,Mr. Wickham,283,Undirected,1
32,17,Gardiner children,Mr. Collins,283,Undirected,1
5,8,Mr. Darcy,Mr. Bennet,283,Undirected,1
5,17,Mr. Darcy,Mr. Collins,283,Undirected,1
10,13,Jane Bennet,Lydia Bennet,283,Undirected,1
11,12,Elizabeth Bennet,Mary Bennet,283,Undirected,1
32,10,Gardiner children,Jane Bennet,283,Undirected,1
9,24,Mrs. Bennet,Mr. Gardiner,283,Undirected,1
13,24,Lydia Bennet,Mr. Gardiner,283,Undirected,1
11,23,Elizabeth Bennet,Mr. Wickham,284,Undirected,1
13,14,Lydia Bennet,Kitty Bennet,284,Undirected,1
8,14,Mr. Bennet,Kitty Bennet,284,Undirected,1
13,23,Lydia Bennet,Mr. Wickham,284,Undirected,1
8,23,Mr. Bennet,Mr. Wickham,284,Undirected,1
14,23,Kitty Bennet,Mr. Wickham,284,Undirected,1
11,13,Elizabeth Bennet,Lydia Bennet,284,Undirected,1
8,13,Mr. Bennet,Lydia Bennet,284,Undirected,1
11,14,Elizabeth Bennet,Kitty Bennet,284,Undirected,1
8,11,Mr. Bennet,Elizabeth Bennet,284,Undirected,1
70,9,Mrs. Hill,Mrs. Bennet,285,Undirected,1
70,73,Mrs. Hill,Butler (at Longbourn),285,Undirected,1
8,9,Mr. Bennet,Mrs. Bennet,285,Undirected,1
8,73,Mr. Bennet,Butler (at Longbourn),285,Undirected,1
70,24,Mrs. Hill,Mr. Gardiner,285,Undirected,1
10,9,Jane Bennet,Mrs. Bennet,285,Undirected,1
8,24,Mr. Bennet,Mr. Gardiner,285,Undirected,1
10,24,Jane Bennet,Mr. Gardiner,285,Undirected,1
73,10,Butler (at Longbourn),Jane Bennet,285,Undirected,1
70,11,Mrs. Hill,Elizabeth Bennet,285,Undirected,1
70,8,Mrs. Hill,Mr. Bennet,285,Undirected,1
8,11,Mr. Bennet,Elizabeth Bennet,285,Undirected,1
10,11,Jane Bennet,Elizabeth Bennet,285,Undirected,1
73,9,Butler (at Longbourn),Mrs. Bennet,285,Undirected,1
73,24,Butler (at Longbourn),Mr. Gardiner,285,Undirected,1
70,10,Mrs. Hill,Jane Bennet,285,Undirected,1
8,10,Mr. Bennet,Jane Bennet,285,Undirected,1
11,9,Elizabeth Bennet,Mrs. Bennet,285,Undirected,1
9,24,Mrs. Bennet,Mr. Gardiner,285,Undirected,1
11,24,Elizabeth Bennet,Mr. Gardiner,285,Undirected,1
73,11,Butler (at Longbourn),Elizabeth Bennet,285,Undirected,1
8,24,Mr. Bennet,Mr. Gardiner,286,Undirected,1
10,11,Jane Bennet,Elizabeth Bennet,286,Undirected,1
24,10,Mr. Gardiner,Jane Bennet,286,Undirected,1
8,10,Mr. Bennet,Jane Bennet,286,Undirected,1
24,11,Mr. Gardiner,Elizabeth Bennet,286,Undirected,1
8,11,Mr. Bennet,Elizabeth Bennet,286,Undirected,1
8,24,Mr. Bennet,Mr. Gardiner,287,Undirected,1
11,23,Elizabeth Bennet,Mr. Wickham,287,Undirected,1
10,11,Jane Bennet,Elizabeth Bennet,287,Undirected,1
10,24,Jane Bennet,Mr. Gardiner,287,Undirected,1
13,23,Lydia Bennet,Mr. Wickham,287,Undirected,1
8,23,Mr. Bennet,Mr. Wickham,287,Undirected,1
11,13,Elizabeth Bennet,Lydia Bennet,287,Undirected,1
8,10,Mr. Bennet,Jane Bennet,287,Undirected,1
10,23,Jane Bennet,Mr. Wickham,287,Undirected,1
10,13,Jane Bennet,Lydia Bennet,287,Undirected,1
8,13,Mr. Bennet,Lydia Bennet,287,Undirected,1
11,24,Elizabeth Bennet,Mr. Gardiner,287,Undirected,1
23,24,Mr. Wickham,Mr. Gardiner,287,Undirected,1
8,11,Mr. Bennet,Elizabeth Bennet,287,Undirected,1
13,24,Lydia Bennet,Mr. Gardiner,287,Undirected,1
23,25,Mr. Wickham,Mrs. Gardiner,288,Undirected,1
8,24,Mr. Bennet,Mr. Gardiner,288,Undirected,1
11,23,Elizabeth Bennet,Mr. Wickham,288,Undirected,1
10,24,Jane Bennet,Mr. Gardiner,288,Undirected,1
32,24,Gardiner children,Mr. Gardiner,288,Undirected,1
13,23,Lydia Bennet,Mr. Wickham,288,Undirected,1
23,24,Mr. Wickham,Mr. Gardiner,288,Undirected,1
8,11,Mr. Bennet,Elizabeth Bennet,288,Undirected,1
10,11,Jane Bennet,Elizabeth Bennet,288,Undirected,1
32,11,Gardiner children,Elizabeth Bennet,288,Undirected,1
32,8,Gardiner children,Mr. Bennet,288,Undirected,1
8,23,Mr. Bennet,Mr. Wickham,288,Undirected,1
11,13,Elizabeth Bennet,Lydia Bennet,288,Undirected,1
10,23,Jane Bennet,Mr. Wickham,288,Undirected,1
32,23,Gardiner children,Mr. Wickham,288,Undirected,1
24,25,Mr. Gardiner,Mrs. Gardiner,288,Undirected,1
11,25,Elizabeth Bennet,Mrs. Gardiner,288,Undirected,1
13,25,Lydia Bennet,Mrs. Gardiner,288,Undirected,1
11,24,Elizabeth Bennet,Mr. Gardiner,288,Undirected,1
8,10,Mr. Bennet,Jane Bennet,288,Undirected,1
10,13,Jane Bennet,Lydia Bennet,288,Undirected,1
32,13,Gardiner children,Lydia Bennet,288,Undirected,1
8,13,Mr. Bennet,Lydia Bennet,288,Undirected,1
32,10,Gardiner children,Jane Bennet,288,Undirected,1
10,25,Jane Bennet,Mrs. Gardiner,288,Undirected,1
32,25,Gardiner children,Mrs. Gardiner,288,Undirected,1
8,25,Mr. Bennet,Mrs. Gardiner,288,Undirected,1
13,24,Lydia Bennet,Mr. Gardiner,288,Undirected,1
70,9,Mrs. Hill,Mrs. Bennet,289,Undirected,1
12,13,Mary Bennet,Lydia Bennet,289,Undirected,1
70,12,Mrs. Hill,Mary Bennet,289,Undirected,1
8,9,Mr. Bennet,Mrs. Bennet,289,Undirected,1
14,25,Kitty Bennet,Mrs. Gardiner,289,Undirected,1
12,25,Mary Bennet,Mrs. Gardiner,289,Undirected,1
9,14,Mrs. Bennet,Kitty Bennet,289,Undirected,1
8,12,Mr. Bennet,Mary Bennet,289,Undirected,1
70,24,Mrs. Hill,Mr. Gardiner,289,Undirected,1
9,11,Mrs. Bennet,Elizabeth Bennet,289,Undirected,1
23,25,Mr. Wickham,Mrs. Gardiner,289,Undirected,1
11,14,Elizabeth Bennet,Kitty Bennet,289,Undirected,1
10,12,Jane Bennet,Mary Bennet,289,Undirected,1
8,24,Mr. Bennet,Mr. Gardiner,289,Undirected,1
11,23,Elizabeth Bennet,Mr. Wickham,289,Undirected,1
9,23,Mrs. Bennet,Mr. Wickham,289,Undirected,1
13,14,Lydia Bennet,Kitty Bennet,289,Undirected,1
10,24,Jane Bennet,Mr. Gardiner,289,Undirected,1
13,23,Lydia Bennet,Mr. Wickham,289,Undirected,1
70,11,Mrs. Hill,Elizabeth Bennet,289,Undirected,1
70,8,Mrs. Hill,Mr. Bennet,289,Undirected,1
70,14,Mrs. Hill,Kitty Bennet,289,Undirected,1
12,24,Mary Bennet,Mr. Gardiner,289,Undirected,1
23,24,Mr. Wickham,Mr. Gardiner,289,Undirected,1
8,11,Mr. Bennet,Elizabeth Bennet,289,Undirected,1
70,23,Mrs. Hill,Mr. Wickham,289,Undirected,1
9,10,Mrs. Bennet,Jane Bennet,289,Undirected,1
14,24,Kitty Bennet,Mr. Gardiner,289,Undirected,1
8,14,Mr. Bennet,Kitty Bennet,289,Undirected,1
10,11,Jane Bennet,Elizabeth Bennet,289,Undirected,1
9,13,Mrs. Bennet,Lydia Bennet,289,Undirected,1
8,23,Mr. Bennet,Mr. Wickham,289,Undirected,1
10,14,Jane Bennet,Kitty Bennet,289,Undirected,1
11,13,Elizabeth Bennet,Lydia Bennet,289,Undirected,1
10,23,Jane Bennet,Mr. Wickham,289,Undirected,1
9,25,Mrs. Bennet,Mrs. Gardiner,289,Undirected,1
24,25,Mr. Gardiner,Mrs. Gardiner,289,Undirected,1
11,25,Elizabeth Bennet,Mrs. Gardiner,289,Undirected,1
13,25,Lydia Bennet,Mrs. Gardiner,289,Undirected,1
11,24,Elizabeth Bennet,Mr. Gardiner,289,Undirected,1
12,14,Mary Bennet,Kitty Bennet,289,Undirected,1
70,10,Mrs. Hill,Jane Bennet,289,Undirected,1
12,23,Mary Bennet,Mr. Wickham,289,Undirected,1
70,13,Mrs. Hill,Lydia Bennet,289,Undirected,1
14,23,Kitty Bennet,Mr. Wickham,289,Undirected,1
70,25,Mrs. Hill,Mrs. Gardiner,289,Undirected,1
9,12,Mrs. Bennet,Mary Bennet,289,Undirected,1
8,10,Mr. Bennet,Jane Bennet,289,Undirected,1
10,13,Jane Bennet,Lydia Bennet,289,Undirected,1
8,13,Mr. Bennet,Lydia Bennet,289,Undirected,1
11,12,Elizabeth Bennet,Mary Bennet,289,Undirected,1
9,24,Mrs. Bennet,Mr. Gardiner,289,Undirected,1
10,25,Jane Bennet,Mrs. Gardiner,289,Undirected,1
8,25,Mr. Bennet,Mrs. Gardiner,289,Undirected,1
13,24,Lydia Bennet,Mr. Gardiner,289,Undirected,1
18,26,Lady Lucas,Mrs. Philips,290,Undirected,1
70,9,Mrs. Hill,Mrs. Bennet,290,Undirected,1
70,18,Mrs. Hill,Lady Lucas,290,Undirected,1
8,9,Mr. Bennet,Mrs. Bennet,290,Undirected,1
12,25,Mary Bennet,Mrs. Gardiner,290,Undirected,1
23,25,Mr. Wickham,Mrs. Gardiner,290,Undirected,1
8,18,Mr. Bennet,Lady Lucas,290,Undirected,1
74,18,Mrs. Long,Lady Lucas,290,Undirected,1
11,14,Elizabeth Bennet,Kitty Bennet,290,Undirected,1
32,12,Gardiner children,Mary Bennet,290,Undirected,1
9,26,Mrs. Bennet,Mrs. Philips,290,Undirected,1
11,23,Elizabeth Bennet,Mr. Wickham,290,Undirected,1
13,26,Lydia Bennet,Mrs. Philips,290,Undirected,1
24,26,Mr. Gardiner,Mrs. Philips,290,Undirected,1
70,11,Mrs. Hill,Elizabeth Bennet,290,Undirected,1
12,18,Mary Bennet,Lady Lucas,290,Undirected,1
8,11,Mr. Bennet,Elizabeth Bennet,290,Undirected,1
9,10,Mrs. Bennet,Jane Bennet,290,Undirected,1
14,24,Kitty Bennet,Mr. Gardiner,290,Undirected,1
9,74,Mrs. Bennet,Mrs. Long,290,Undirected,1
32,14,Gardiner children,Kitty Bennet,290,Undirected,1
32,23,Gardiner children,Mr. Wickham,290,Undirected,1
13,74,Lydia Bennet,Mrs. Long,290,Undirected,1
9,12,Mrs. Bennet,Mary Bennet,290,Undirected,1
14,26,Kitty Bennet,Mrs. Philips,290,Undirected,1
32,25,Gardiner children,Mrs. Gardiner,290,Undirected,1
8,25,Mr. Bennet,Mrs. Gardiner,290,Undirected,1
18,23,Lady Lucas,Mr. Wickham,290,Undirected,1
12,13,Mary Bennet,Lydia Bennet,290,Undirected,1
14,74,Kitty Bennet,Mrs. Long,290,Undirected,1
9,14,Mrs. Bennet,Kitty Bennet,290,Undirected,1
32,9,Gardiner children,Mrs. Bennet,290,Undirected,1
32,18,Gardiner children,Lady Lucas,290,Undirected,1
13,14,Lydia Bennet,Kitty Bennet,290,Undirected,1
10,24,Jane Bennet,Mr. Gardiner,290,Undirected,1
13,23,Lydia Bennet,Mr. Wickham,290,Undirected,1
12,24,Mary Bennet,Mr. Gardiner,290,Undirected,1
23,24,Mr. Wickham,Mr. Gardiner,290,Undirected,1
32,11,Gardiner children,Elizabeth Bennet,290,Undirected,1
10,26,Jane Bennet,Mrs. Philips,290,Undirected,1
24,25,Mr. Gardiner,Mrs. Gardiner,290,Undirected,1
11,25,Elizabeth Bennet,Mrs. Gardiner,290,Undirected,1
70,13,Mrs. Hill,Lydia Bennet,290,Undirected,1
12,26,Mary Bennet,Mrs. Philips,290,Undirected,1
14,23,Kitty Bennet,Mr. Wickham,290,Undirected,1
23,26,Mr. Wickham,Mrs. Philips,290,Undirected,1
32,13,Gardiner children,Lydia Bennet,290,Undirected,1
8,13,Mr. Bennet,Lydia Bennet,290,Undirected,1
10,74,Jane Bennet,Mrs. Long,290,Undirected,1
13,18,Lydia Bennet,Lady Lucas,290,Undirected,1
11,18,Elizabeth Bennet,Lady Lucas,290,Undirected,1
25,26,Mrs. Gardiner,Mrs. Philips,290,Undirected,1
12,74,Mary Bennet,Mrs. Long,290,Undirected,1
14,25,Kitty Bennet,Mrs. Gardiner,290,Undirected,1
70,24,Mrs. Hill,Mr. Gardiner,290,Undirected,1
32,70,Gardiner children,Mrs. Hill,290,Undirected,1
10,12,Jane Bennet,Mary Bennet,290,Undirected,1
8,24,Mr. Bennet,Mr. Gardiner,290,Undirected,1
9,23,Mrs. Bennet,Mr. Wickham,290,Undirected,1
74,24,Mrs. Long,Mr. Gardiner,290,Undirected,1
18,25,Lady Lucas,Mrs. Gardiner,290,Undirected,1
70,8,Mrs. Hill,Mr. Bennet,290,Undirected,1
14,18,Kitty Bennet,Lady Lucas,290,Undirected,1
70,26,Mrs. Hill,Mrs. Philips,290,Undirected,1
10,14,Jane Bennet,Kitty Bennet,290,Undirected,1
11,13,Elizabeth Bennet,Lydia Bennet,290,Undirected,1
8,26,Mr. Bennet,Mrs. Philips,290,Undirected,1
10,23,Jane Bennet,Mr. Wickham,290,Undirected,1
9,25,Mrs. Bennet,Mrs. Gardiner,290,Undirected,1
74,26,Mrs. Long,Mrs. Philips,290,Undirected,1
13,25,Lydia Bennet,Mrs. Gardiner,290,Undirected,1
12,14,Mary Bennet,Kitty Bennet,290,Undirected,1
70,10,Mrs. Hill,Jane Bennet,290,Undirected,1
12,23,Mary Bennet,Mr. Wickham,290,Undirected,1
70,74,Mrs. Hill,Mrs. Long,290,Undirected,1
8,10,Mr. Bennet,Jane Bennet,290,Undirected,1
8,74,Mr. Bennet,Mrs. Long,290,Undirected,1
9,18,Mrs. Bennet,Lady Lucas,290,Undirected,1
10,25,Jane Bennet,Mrs. Gardiner,290,Undirected,1
11,24,Elizabeth Bennet,Mr. Gardiner,290,Undirected,1
70,12,Mrs. Hill,Mary Bennet,290,Undirected,1
8,12,Mr. Bennet,Mary Bennet,290,Undirected,1
9,11,Mrs. Bennet,Elizabeth Bennet,290,Undirected,1
10,18,Jane Bennet,Lady Lucas,290,Undirected,1
11,26,Elizabeth Bennet,Mrs. Philips,290,Undirected,1
32,24,Gardiner children,Mr. Gardiner,290,Undirected,1
70,14,Mrs. Hill,Kitty Bennet,290,Undirected,1
70,23,Mrs. Hill,Mr. Wickham,290,Undirected,1
8,14,Mr. Bennet,Kitty Bennet,290,Undirected,1
10,11,Jane Bennet,Elizabeth Bennet,290,Undirected,1
9,13,Mrs. Bennet,Lydia Bennet,290,Undirected,1
32,8,Gardiner children,Mr. Bennet,290,Undirected,1
8,23,Mr. Bennet,Mr. Wickham,290,Undirected,1
11,74,Elizabeth Bennet,Mrs. Long,290,Undirected,1
74,23,Mrs. Long,Mr. Wickham,290,Undirected,1
32,26,Gardiner children,Mrs. Philips,290,Undirected,1
18,24,Lady Lucas,Mr. Gardiner,290,Undirected,1
70,25,Mrs. Hill,Mrs. Gardiner,290,Undirected,1
10,13,Jane Bennet,Lydia Bennet,290,Undirected,1
11,12,Elizabeth Bennet,Mary Bennet,290,Undirected,1
32,10,Gardiner children,Jane Bennet,290,Undirected,1
9,24,Mrs. Bennet,Mr. Gardiner,290,Undirected,1
32,74,Gardiner children,Mrs. Long,290,Undirected,1
74,25,Mrs. Long,Mrs. Gardiner,290,Undirected,1
13,24,Lydia Bennet,Mr. Gardiner,290,Undirected,1
11,13,Elizabeth Bennet,Lydia Bennet,291,Undirected,1
12,13,Mary Bennet,Lydia Bennet,292,Undirected,1
8,9,Mr. Bennet,Mrs. Bennet,292,Undirected,1
9,14,Mrs. Bennet,Kitty Bennet,292,Undirected,1
8,12,Mr. Bennet,Mary Bennet,292,Undirected,1
9,11,Mrs. Bennet,Elizabeth Bennet,292,Undirected,1
11,14,Elizabeth Bennet,Kitty Bennet,292,Undirected,1
10,12,Jane Bennet,Mary Bennet,292,Undirected,1
8,24,Mr. Bennet,Mr. Gardiner,292,Undirected,1
11,23,Elizabeth Bennet,Mr. Wickham,292,Undirected,1
9,23,Mrs. Bennet,Mr. Wickham,292,Undirected,1
13,14,Lydia Bennet,Kitty Bennet,292,Undirected,1
10,24,Jane Bennet,Mr. Gardiner,292,Undirected,1
13,23,Lydia Bennet,Mr. Wickham,292,Undirected,1
12,24,Mary Bennet,Mr. Gardiner,292,Undirected,1
23,24,Mr. Wickham,Mr. Gardiner,292,Undirected,1
8,11,Mr. Bennet,Elizabeth Bennet,292,Undirected,1
9,10,Mrs. Bennet,Jane Bennet,292,Undirected,1
14,24,Kitty Bennet,Mr. Gardiner,292,Undirected,1
8,14,Mr. Bennet,Kitty Bennet,292,Undirected,1
10,11,Jane Bennet,Elizabeth Bennet,292,Undirected,1
9,13,Mrs. Bennet,Lydia Bennet,292,Undirected,1
8,23,Mr. Bennet,Mr. Wickham,292,Undirected,1
10,14,Jane Bennet,Kitty Bennet,292,Undirected,1
11,13,Elizabeth Bennet,Lydia Bennet,292,Undirected,1
10,23,Jane Bennet,Mr. Wickham,292,Undirected,1
12,14,Mary Bennet,Kitty Bennet,292,Undirected,1
12,23,Mary Bennet,Mr. Wickham,292,Undirected,1
14,23,Kitty Bennet,Mr. Wickham,292,Undirected,1
9,12,Mrs. Bennet,Mary Bennet,292,Undirected,1
8,10,Mr. Bennet,Jane Bennet,292,Undirected,1
10,13,Jane Bennet,Lydia Bennet,292,Undirected,1
8,13,Mr. Bennet,Lydia Bennet,292,Undirected,1
11,12,Elizabeth Bennet,Mary Bennet,292,Undirected,1
9,24,Mrs. Bennet,Mr. Gardiner,292,Undirected,1
11,24,Elizabeth Bennet,Mr. Gardiner,292,Undirected,1
13,24,Lydia Bennet,Mr. Gardiner,292,Undirected,1
8,24,Mr. Bennet,Mr. Gardiner,293,Undirected,1
9,23,Mrs. Bennet,Mr. Wickham,293,Undirected,1
9,13,Mrs. Bennet,Lydia Bennet,293,Undirected,1
13,23,Lydia Bennet,Mr. Wickham,293,Undirected,1
8,23,Mr. Bennet,Mr. Wickham,293,Undirected,1
8,13,Mr. Bennet,Lydia Bennet,293,Undirected,1
8,9,Mr. Bennet,Mrs. Bennet,293,Undirected,1
9,24,Mrs. Bennet,Mr. Gardiner,293,Undirected,1
23,24,Mr. Wickham,Mr. Gardiner,293,Undirected,1
13,24,Lydia Bennet,Mr. Gardiner,293,Undirected,1
5,13,Mr. Darcy,Lydia Bennet,294,Undirected,1
5,10,Mr. Darcy,Jane Bennet,294,Undirected,1
8,9,Mr. Bennet,Mrs. Bennet,294,Undirected,1
9,11,Mrs. Bennet,Elizabeth Bennet,294,Undirected,1
11,75,Elizabeth Bennet,Mr. Goulding,294,Undirected,1
9,75,Mrs. Bennet,Mr. Goulding,294,Undirected,1
75,23,Mr. Goulding,Mr. Wickham,294,Undirected,1
11,23,Elizabeth Bennet,Mr. Wickham,294,Undirected,1
9,23,Mrs. Bennet,Mr. Wickham,294,Undirected,1
13,23,Lydia Bennet,Mr. Wickham,294,Undirected,1
5,9,Mr. Darcy,Mrs. Bennet,294,Undirected,1
8,11,Mr. Bennet,Elizabeth Bennet,294,Undirected,1
9,10,Mrs. Bennet,Jane Bennet,294,Undirected,1
8,75,Mr. Bennet,Mr. Goulding,294,Undirected,1
10,11,Jane Bennet,Elizabeth Bennet,294,Undirected,1
9,13,Mrs. Bennet,Lydia Bennet,294,Undirected,1
10,75,Jane Bennet,Mr. Goulding,294,Undirected,1
8,23,Mr. Bennet,Mr. Wickham,294,Undirected,1
75,13,Mr. Goulding,Lydia Bennet,294,Undirected,1
11,13,Elizabeth Bennet,Lydia Bennet,294,Undirected,1
10,23,Jane Bennet,Mr. Wickham,294,Undirected,1
5,11,Mr. Darcy,Elizabeth Bennet,294,Undirected,1
5,75,Mr. Darcy,Mr. Goulding,294,Undirected,1
5,8,Mr. Darcy,Mr. Bennet,294,Undirected,1
8,10,Mr. Bennet,Jane Bennet,294,Undirected,1
5,23,Mr. Darcy,Mr. Wickham,294,Undirected,1
10,13,Jane Bennet,Lydia Bennet,294,Undirected,1
8,13,Mr. Bennet,Lydia Bennet,294,Undirected,1
11,13,Elizabeth Bennet,Lydia Bennet,295,Undirected,1
5,11,Mr. Darcy,Elizabeth Bennet,295,Undirected,1
5,13,Mr. Darcy,Lydia Bennet,295,Undirected,1
5,50,Mr. Darcy,Colonel Forster,296,Undirected,1
5,13,Mr. Darcy,Lydia Bennet,296,Undirected,1
77,23,Mr. Wickham's creditors,Mr. Wickham,296,Undirected,1
5,77,Mr. Darcy,Mr. Wickham's creditors,296,Undirected,1
8,76,Mr. Bennet,General ---,296,Undirected,1
50,24,Colonel Forster,Mr. Gardiner,296,Undirected,1
8,24,Mr. Bennet,Mr. Gardiner,296,Undirected,1
11,23,Elizabeth Bennet,Mr. Wickham,296,Undirected,1
13,23,Lydia Bennet,Mr. Wickham,296,Undirected,1
76,24,General ---,Mr. Gardiner,296,Undirected,1
77,50,Mr. Wickham's creditors,Colonel Forster,296,Undirected,1
11,50,Elizabeth Bennet,Colonel Forster,296,Undirected,1
13,50,Lydia Bennet,Colonel Forster,296,Undirected,1
23,24,Mr. Wickham,Mr. Gardiner,296,Undirected,1
8,11,Mr. Bennet,Elizabeth Bennet,296,Undirected,1
5,76,Mr. Darcy,General ---,296,Undirected,1
50,23,Colonel Forster,Mr. Wickham,296,Undirected,1
5,24,Mr. Darcy,Mr. Gardiner,296,Undirected,1
8,23,Mr. Bennet,Mr. Wickham,296,Undirected,1
11,13,Elizabeth Bennet,Lydia Bennet,296,Undirected,1
11,77,Elizabeth Bennet,Mr. Wickham's creditors,296,Undirected,1
76,23,General ---,Mr. Wickham,296,Undirected,1
13,77,Lydia Bennet,Mr. Wickham's creditors,296,Undirected,1
8,50,Mr. Bennet,Colonel Forster,296,Undirected,1
5,11,Mr. Darcy,Elizabeth Bennet,296,Undirected,1
76,50,General ---,Colonel Forster,296,Undirected,1
5,8,Mr. Darcy,Mr. Bennet,296,Undirected,1
77,24,Mr. Wickham's creditors,Mr. Gardiner,296,Undirected,1
5,23,Mr. Darcy,Mr. Wickham,296,Undirected,1
8,13,Mr. Bennet,Lydia Bennet,296,Undirected,1
76,13,General ---,Lydia Bennet,296,Undirected,1
8,77,Mr. Bennet,Mr. Wickham's creditors,296,Undirected,1
11,76,Elizabeth Bennet,General ---,296,Undirected,1
76,77,General ---,Mr. Wickham's creditors,296,Undirected,1
11,24,Elizabeth Bennet,Mr. Gardiner,296,Undirected,1
13,24,Lydia Bennet,Mr. Gardiner,296,Undirected,1
9,51,Mrs. Bennet,Mrs. Forster,297,Undirected,1
11,51,Elizabeth Bennet,Mrs. Forster,297,Undirected,1
8,9,Mr. Bennet,Mrs. Bennet,297,Undirected,1
14,25,Kitty Bennet,Mrs. Gardiner,297,Undirected,1
13,51,Lydia Bennet,Mrs. Forster,297,Undirected,1
9,14,Mrs. Bennet,Kitty Bennet,297,Undirected,1
8,12,Mr. Bennet,Mary Bennet,297,Undirected,1
12,25,Mary Bennet,Mrs. Gardiner,297,Undirected,1
9,11,Mrs. Bennet,Elizabeth Bennet,297,Undirected,1
8,76,Mr. Bennet,General ---,297,Undirected,1
11,14,Elizabeth Bennet,Kitty Bennet,297,Undirected,1
10,12,Jane Bennet,Mary Bennet,297,Undirected,1
23,25,Mr. Wickham,Mrs. Gardiner,297,Undirected,1
76,12,General ---,Mary Bennet,297,Undirected,1
10,76,Jane Bennet,General ---,297,Undirected,1
8,24,Mr. Bennet,Mr. Gardiner,297,Undirected,1
11,23,Elizabeth Bennet,Mr. Wickham,297,Undirected,1
9,23,Mrs. Bennet,Mr. Wickham,297,Undirected,1
13,14,Lydia Bennet,Kitty Bennet,297,Undirected,1
51,25,Mrs. Forster,Mrs. Gardiner,297,Undirected,1
10,24,Jane Bennet,Mr. Gardiner,297,Undirected,1
13,23,Lydia Bennet,Mr. Wickham,297,Undirected,1
76,24,General ---,Mr. Gardiner,297,Undirected,1
10,51,Jane Bennet,Mrs. Forster,297,Undirected,1
8,51,Mr. Bennet,Mrs. Forster,297,Undirected,1
76,51,General ---,Mrs. Forster,297,Undirected,1
14,12,Kitty Bennet,Mary Bennet,297,Undirected,1
76,25,General ---,Mrs. Gardiner,297,Undirected,1
12,24,Mary Bennet,Mr. Gardiner,297,Undirected,1
23,24,Mr. Wickham,Mr. Gardiner,297,Undirected,1
8,11,Mr. Bennet,Elizabeth Bennet,297,Undirected,1
9,10,Mrs. Bennet,Jane Bennet,297,Undirected,1
14,24,Kitty Bennet,Mr. Gardiner,297,Undirected,1
8,14,Mr. Bennet,Kitty Bennet,297,Undirected,1
10,11,Jane Bennet,Elizabeth Bennet,297,Undirected,1
9,13,Mrs. Bennet,Lydia Bennet,297,Undirected,1
8,23,Mr. Bennet,Mr. Wickham,297,Undirected,1
10,14,Jane Bennet,Kitty Bennet,297,Undirected,1
11,13,Elizabeth Bennet,Lydia Bennet,297,Undirected,1
76,14,General ---,Kitty Bennet,297,Undirected,1
10,23,Jane Bennet,Mr. Wickham,297,Undirected,1
9,25,Mrs. Bennet,Mrs. Gardiner,297,Undirected,1
76,23,General ---,Mr. Wickham,297,Undirected,1
51,24,Mrs. Forster,Mr. Gardiner,297,Undirected,1
14,51,Kitty Bennet,Mrs. Forster,297,Undirected,1
24,25,Mr. Gardiner,Mrs. Gardiner,297,Undirected,1
11,25,Elizabeth Bennet,Mrs. Gardiner,297,Undirected,1
12,51,Mary Bennet,Mrs. Forster,297,Undirected,1
13,25,Lydia Bennet,Mrs. Gardiner,297,Undirected,1
11,24,Elizabeth Bennet,Mr. Gardiner,297,Undirected,1
12,23,Mary Bennet,Mr. Wickham,297,Undirected,1
14,23,Kitty Bennet,Mr. Wickham,297,Undirected,1
9,12,Mrs. Bennet,Mary Bennet,297,Undirected,1
8,10,Mr. Bennet,Jane Bennet,297,Undirected,1
9,76,Mrs. Bennet,General ---,297,Undirected,1
10,13,Jane Bennet,Lydia Bennet,297,Undirected,1
8,13,Mr. Bennet,Lydia Bennet,297,Undirected,1
11,12,Elizabeth Bennet,Mary Bennet,297,Undirected,1
76,13,General ---,Lydia Bennet,297,Undirected,1
11,76,Elizabeth Bennet,General ---,297,Undirected,1
9,24,Mrs. Bennet,Mr. Gardiner,297,Undirected,1
51,23,Mrs. Forster,Mr. Wickham,297,Undirected,1
13,12,Lydia Bennet,Mary Bennet,297,Undirected,1
10,25,Jane Bennet,Mrs. Gardiner,297,Undirected,1
8,25,Mr. Bennet,Mrs. Gardiner,297,Undirected,1
13,24,Lydia Bennet,Mr. Gardiner,297,Undirected,1
12,13,Mary Bennet,Lydia Bennet,298,Undirected,1
8,9,Mr. Bennet,Mrs. Bennet,298,Undirected,1
9,14,Mrs. Bennet,Kitty Bennet,298,Undirected,1
8,12,Mr. Bennet,Mary Bennet,298,Undirected,1
9,11,Mrs. Bennet,Elizabeth Bennet,298,Undirected,1
11,14,Elizabeth Bennet,Kitty Bennet,298,Undirected,1
10,12,Jane Bennet,Mary Bennet,298,Undirected,1
11,23,Elizabeth Bennet,Mr. Wickham,298,Undirected,1
13,14,Lydia Bennet,Kitty Bennet,298,Undirected,1
9,23,Mrs. Bennet,Mr. Wickham,298,Undirected,1
13,23,Lydia Bennet,Mr. Wickham,298,Undirected,1
8,11,Mr. Bennet,Elizabeth Bennet,298,Undirected,1
9,10,Mrs. Bennet,Jane Bennet,298,Undirected,1
8,14,Mr. Bennet,Kitty Bennet,298,Undirected,1
10,11,Jane Bennet,Elizabeth Bennet,298,Undirected,1
9,13,Mrs. Bennet,Lydia Bennet,298,Undirected,1
8,23,Mr. Bennet,Mr. Wickham,298,Undirected,1
10,14,Jane Bennet,Kitty Bennet,298,Undirected,1
11,13,Elizabeth Bennet,Lydia Bennet,298,Undirected,1
10,23,Jane Bennet,Mr. Wickham,298,Undirected,1
12,14,Mary Bennet,Kitty Bennet,298,Undirected,1
12,23,Mary Bennet,Mr. Wickham,298,Undirected,1
14,23,Kitty Bennet,Mr. Wickham,298,Undirected,1
9,12,Mrs. Bennet,Mary Bennet,298,Undirected,1
8,10,Mr. Bennet,Jane Bennet,298,Undirected,1
10,13,Jane Bennet,Lydia Bennet,298,Undirected,1
8,13,Mr. Bennet,Lydia Bennet,298,Undirected,1
11,12,Elizabeth Bennet,Mary Bennet,298,Undirected,1
12,13,Mary Bennet,Lydia Bennet,299,Undirected,1
8,9,Mr. Bennet,Mrs. Bennet,299,Undirected,1
9,14,Mrs. Bennet,Kitty Bennet,299,Undirected,1
8,12,Mr. Bennet,Mary Bennet,299,Undirected,1
9,11,Mrs. Bennet,Elizabeth Bennet,299,Undirected,1
11,75,Elizabeth Bennet,Mr. Goulding,299,Undirected,1
11,14,Elizabeth Bennet,Kitty Bennet,299,Undirected,1
10,12,Jane Bennet,Mary Bennet,299,Undirected,1
9,75,Mrs. Bennet,Mr. Goulding,299,Undirected,1
75,23,Mr. Goulding,Mr. Wickham,299,Undirected,1
11,23,Elizabeth Bennet,Mr. Wickham,299,Undirected,1
13,14,Lydia Bennet,Kitty Bennet,299,Undirected,1
9,23,Mrs. Bennet,Mr. Wickham,299,Undirected,1
13,75,Lydia Bennet,Mr. Goulding,299,Undirected,1
13,23,Lydia Bennet,Mr. Wickham,299,Undirected,1
8,11,Mr. Bennet,Elizabeth Bennet,299,Undirected,1
9,10,Mrs. Bennet,Jane Bennet,299,Undirected,1
8,75,Mr. Bennet,Mr. Goulding,299,Undirected,1
8,14,Mr. Bennet,Kitty Bennet,299,Undirected,1
10,11,Jane Bennet,Elizabeth Bennet,299,Undirected,1
9,13,Mrs. Bennet,Lydia Bennet,299,Undirected,1
10,75,Jane Bennet,Mr. Goulding,299,Undirected,1
8,23,Mr. Bennet,Mr. Wickham,299,Undirected,1
10,14,Jane Bennet,Kitty Bennet,299,Undirected,1
11,13,Elizabeth Bennet,Lydia Bennet,299,Undirected,1
10,23,Jane Bennet,Mr. Wickham,299,Undirected,1
12,75,Mary Bennet,Mr. Goulding,299,Undirected,1
12,14,Mary Bennet,Kitty Bennet,299,Undirected,1
14,75,Kitty Bennet,Mr. Goulding,299,Undirected,1
12,23,Mary Bennet,Mr. Wickham,299,Undirected,1
14,23,Kitty Bennet,Mr. Wickham,299,Undirected,1
9,12,Mrs. Bennet,Mary Bennet,299,Undirected,1
8,10,Mr. Bennet,Jane Bennet,299,Undirected,1
10,13,Jane Bennet,Lydia Bennet,299,Undirected,1
8,13,Mr. Bennet,Lydia Bennet,299,Undirected,1
11,12,Elizabeth Bennet,Mary Bennet,299,Undirected,1
16,26,Charlotte Lucas,Mrs. Philips,300,Undirected,1
12,16,Mary Bennet,Charlotte Lucas,300,Undirected,1
70,9,Mrs. Hill,Mrs. Bennet,300,Undirected,1
12,13,Mary Bennet,Lydia Bennet,300,Undirected,1
70,12,Mrs. Hill,Mary Bennet,300,Undirected,1
14,16,Kitty Bennet,Charlotte Lucas,300,Undirected,1
8,9,Mr. Bennet,Mrs. Bennet,300,Undirected,1
9,14,Mrs. Bennet,Kitty Bennet,300,Undirected,1
8,12,Mr. Bennet,Mary Bennet,300,Undirected,1
9,11,Mrs. Bennet,Elizabeth Bennet,300,Undirected,1
11,14,Elizabeth Bennet,Kitty Bennet,300,Undirected,1
10,12,Jane Bennet,Mary Bennet,300,Undirected,1
9,26,Mrs. Bennet,Mrs. Philips,300,Undirected,1
11,23,Elizabeth Bennet,Mr. Wickham,300,Undirected,1
13,14,Lydia Bennet,Kitty Bennet,300,Undirected,1
9,23,Mrs. Bennet,Mr. Wickham,300,Undirected,1
11,26,Elizabeth Bennet,Mrs. Philips,300,Undirected,1
13,23,Lydia Bennet,Mr. Wickham,300,Undirected,1
13,26,Lydia Bennet,Mrs. Philips,300,Undirected,1
70,11,Mrs. Hill,Elizabeth Bennet,300,Undirected,1
70,8,Mrs. Hill,Mr. Bennet,300,Undirected,1
70,14,Mrs. Hill,Kitty Bennet,300,Undirected,1
8,11,Mr. Bennet,Elizabeth Bennet,300,Undirected,1
70,23,Mrs. Hill,Mr. Wickham,300,Undirected,1
9,10,Mrs. Bennet,Jane Bennet,300,Undirected,1
9,16,Mrs. Bennet,Charlotte Lucas,300,Undirected,1
70,26,Mrs. Hill,Mrs. Philips,300,Undirected,1
8,14,Mr. Bennet,Kitty Bennet,300,Undirected,1
9,13,Mrs. Bennet,Lydia Bennet,300,Undirected,1
10,11,Jane Bennet,Elizabeth Bennet,300,Undirected,1
11,16,Elizabeth Bennet,Charlotte Lucas,300,Undirected,1
8,23,Mr. Bennet,Mr. Wickham,300,Undirected,1
10,14,Jane Bennet,Kitty Bennet,300,Undirected,1
11,13,Elizabeth Bennet,Lydia Bennet,300,Undirected,1
8,26,Mr. Bennet,Mrs. Philips,300,Undirected,1
10,23,Jane Bennet,Mr. Wickham,300,Undirected,1
13,16,Lydia Bennet,Charlotte Lucas,300,Undirected,1
10,26,Jane Bennet,Mrs. Philips,300,Undirected,1
12,14,Mary Bennet,Kitty Bennet,300,Undirected,1
70,10,Mrs. Hill,Jane Bennet,300,Undirected,1
70,16,Mrs. Hill,Charlotte Lucas,300,Undirected,1
12,23,Mary Bennet,Mr. Wickham,300,Undirected,1
70,13,Mrs. Hill,Lydia Bennet,300,Undirected,1
12,26,Mary Bennet,Mrs. Philips,300,Undirected,1
14,23,Kitty Bennet,Mr. Wickham,300,Undirected,1
23,26,Mr. Wickham,Mrs. Philips,300,Undirected,1
9,12,Mrs. Bennet,Mary Bennet,300,Undirected,1
8,10,Mr. Bennet,Jane Bennet,300,Undirected,1
8,16,Mr. Bennet,Charlotte Lucas,300,Undirected,1
10,13,Jane Bennet,Lydia Bennet,300,Undirected,1
14,26,Kitty Bennet,Mrs. Philips,300,Undirected,1
8,13,Mr. Bennet,Lydia Bennet,300,Undirected,1
11,12,Elizabeth Bennet,Mary Bennet,300,Undirected,1
10,16,Jane Bennet,Charlotte Lucas,300,Undirected,1
16,23,Charlotte Lucas,Mr. Wickham,300,Undirected,1
23,25,Mr. Wickham,Mrs. Gardiner,301,Undirected,1
9,11,Mrs. Bennet,Elizabeth Bennet,301,Undirected,1
11,23,Elizabeth Bennet,Mr. Wickham,301,Undirected,1
9,23,Mrs. Bennet,Mr. Wickham,301,Undirected,1
10,24,Jane Bennet,Mr. Gardiner,301,Undirected,1
13,23,Lydia Bennet,Mr. Wickham,301,Undirected,1
23,24,Mr. Wickham,Mr. Gardiner,301,Undirected,1
9,10,Mrs. Bennet,Jane Bennet,301,Undirected,1
10,11,Jane Bennet,Elizabeth Bennet,301,Undirected,1
9,13,Mrs. Bennet,Lydia Bennet,301,Undirected,1
11,13,Elizabeth Bennet,Lydia Bennet,301,Undirected,1
10,23,Jane Bennet,Mr. Wickham,301,Undirected,1
9,25,Mrs. Bennet,Mrs. Gardiner,301,Undirected,1
24,25,Mr. Gardiner,Mrs. Gardiner,301,Undirected,1
11,25,Elizabeth Bennet,Mrs. Gardiner,301,Undirected,1
13,25,Lydia Bennet,Mrs. Gardiner,301,Undirected,1
10,13,Jane Bennet,Lydia Bennet,301,Undirected,1
9,24,Mrs. Bennet,Mr. Gardiner,301,Undirected,1
10,25,Jane Bennet,Mrs. Gardiner,301,Undirected,1
11,24,Elizabeth Bennet,Mr. Gardiner,301,Undirected,1
13,24,Lydia Bennet,Mr. Gardiner,301,Undirected,1
5,13,Mr. Darcy,Lydia Bennet,302,Undirected,1
78,25,Mr. Stone,Mrs. Gardiner,302,Undirected,1
5,10,Mr. Darcy,Jane Bennet,302,Undirected,1
23,25,Mr. Wickham,Mrs. Gardiner,302,Undirected,1
5,25,Mr. Darcy,Mrs. Gardiner,302,Undirected,1
11,78,Elizabeth Bennet,Mr. Stone,302,Undirected,1
11,23,Elizabeth Bennet,Mr. Wickham,302,Undirected,1
13,78,Lydia Bennet,Mr. Stone,302,Undirected,1
10,24,Jane Bennet,Mr. Gardiner,302,Undirected,1
13,23,Lydia Bennet,Mr. Wickham,302,Undirected,1
23,24,Mr. Wickham,Mr. Gardiner,302,Undirected,1
78,24,Mr. Stone,Mr. Gardiner,302,Undirected,1
10,11,Jane Bennet,Elizabeth Bennet,302,Undirected,1
5,24,Mr. Darcy,Mr. Gardiner,302,Undirected,1
11,13,Elizabeth Bennet,Lydia Bennet,302,Undirected,1
10,78,Jane Bennet,Mr. Stone,302,Undirected,1
10,23,Jane Bennet,Mr. Wickham,302,Undirected,1
24,25,Mr. Gardiner,Mrs. Gardiner,302,Undirected,1
11,25,Elizabeth Bennet,Mrs. Gardiner,302,Undirected,1
13,25,Lydia Bennet,Mrs. Gardiner,302,Undirected,1
5,11,Mr. Darcy,Elizabeth Bennet,302,Undirected,1
78,23,Mr. Stone,Mr. Wickham,302,Undirected,1
5,78,Mr. Darcy,Mr. Stone,302,Undirected,1
5,23,Mr. Darcy,Mr. Wickham,302,Undirected,1
10,13,Jane Bennet,Lydia Bennet,302,Undirected,1
10,25,Jane Bennet,Mrs. Gardiner,302,Undirected,1
11,24,Elizabeth Bennet,Mr. Gardiner,302,Undirected,1
13,24,Lydia Bennet,Mr. Gardiner,302,Undirected,1
10,11,Jane Bennet,Elizabeth Bennet,303,Undirected,1
5,11,Mr. Darcy,Elizabeth Bennet,303,Undirected,1
13,25,Lydia Bennet,Mrs. Gardiner,303,Undirected,1
11,13,Elizabeth Bennet,Lydia Bennet,303,Undirected,1
10,13,Jane Bennet,Lydia Bennet,303,Undirected,1
5,13,Mr. Darcy,Lydia Bennet,303,Undirected,1
5,10,Mr. Darcy,Jane Bennet,303,Undirected,1
11,25,Elizabeth Bennet,Mrs. Gardiner,303,Undirected,1
10,25,Jane Bennet,Mrs. Gardiner,303,Undirected,1
5,25,Mr. Darcy,Mrs. Gardiner,303,Undirected,1
11,23,Elizabeth Bennet,Mr. Wickham,304,Undirected,1
13,25,Lydia Bennet,Mrs. Gardiner,304,Undirected,1
5,11,Mr. Darcy,Elizabeth Bennet,304,Undirected,1
5,24,Mr. Darcy,Mr. Gardiner,304,Undirected,1
13,23,Lydia Bennet,Mr. Wickham,304,Undirected,1
11,13,Elizabeth Bennet,Lydia Bennet,304,Undirected,1
5,23,Mr. Darcy,Mr. Wickham,304,Undirected,1
5,13,Mr. Darcy,Lydia Bennet,304,Undirected,1
24,25,Mr. Gardiner,Mrs. Gardiner,304,Undirected,1
11,25,Elizabeth Bennet,Mrs. Gardiner,304,Undirected,1
23,25,Mr. Wickham,Mrs. Gardiner,304,Undirected,1
5,25,Mr. Darcy,Mrs. Gardiner,304,Undirected,1
11,24,Elizabeth Bennet,Mr. Gardiner,304,Undirected,1
23,24,Mr. Wickham,Mr. Gardiner,304,Undirected,1
13,24,Lydia Bennet,Mr. Gardiner,304,Undirected,1
15,24,Miss Darcy,Mr. Gardiner,305,Undirected,1
11,45,Elizabeth Bennet,Mrs. Younge,305,Undirected,1
69,13,Lydia's friends,Lydia Bennet,305,Undirected,1
13,45,Lydia Bennet,Mrs. Younge,305,Undirected,1
5,13,Mr. Darcy,Lydia Bennet,305,Undirected,1
45,25,Mrs. Younge,Mrs. Gardiner,305,Undirected,1
69,25,Lydia's friends,Mrs. Gardiner,305,Undirected,1
23,25,Mr. Wickham,Mrs. Gardiner,305,Undirected,1
5,25,Mr. Darcy,Mrs. Gardiner,305,Undirected,1
11,23,Elizabeth Bennet,Mr. Wickham,305,Undirected,1
13,23,Lydia Bennet,Mr. Wickham,305,Undirected,1
15,23,Miss Darcy,Mr. Wickham,305,Undirected,1
69,15,Lydia's friends,Miss Darcy,305,Undirected,1
45,15,Mrs. Younge,Miss Darcy,305,Undirected,1
23,24,Mr. Wickham,Mr. Gardiner,305,Undirected,1
45,24,Mrs. Younge,Mr. Gardiner,305,Undirected,1
5,15,Mr. Darcy,Miss Darcy,305,Undirected,1
69,24,Lydia's friends,Mr. Gardiner,305,Undirected,1
5,24,Mr. Darcy,Mr. Gardiner,305,Undirected,1
11,13,Elizabeth Bennet,Lydia Bennet,305,Undirected,1
69,45,Lydia's friends,Mrs. Younge,305,Undirected,1
11,25,Elizabeth Bennet,Mrs. Gardiner,305,Undirected,1
24,25,Mr. Gardiner,Mrs. Gardiner,305,Undirected,1
5,45,Mr. Darcy,Mrs. Younge,305,Undirected,1
15,25,Miss Darcy,Mrs. Gardiner,305,Undirected,1
13,25,Lydia Bennet,Mrs. Gardiner,305,Undirected,1
69,11,Lydia's friends,Elizabeth Bennet,305,Undirected,1
5,11,Mr. Darcy,Elizabeth Bennet,305,Undirected,1
45,23,Mrs. Younge,Mr. Wickham,305,Undirected,1
5,69,Mr. Darcy,Lydia's friends,305,Undirected,1
69,23,Lydia's friends,Mr. Wickham,305,Undirected,1
5,23,Mr. Darcy,Mr. Wickham,305,Undirected,1
11,15,Elizabeth Bennet,Miss Darcy,305,Undirected,1
11,24,Elizabeth Bennet,Mr. Gardiner,305,Undirected,1
13,15,Lydia Bennet,Miss Darcy,305,Undirected,1
13,24,Lydia Bennet,Mr. Gardiner,305,Undirected,1
5,13,Mr. Darcy,Lydia Bennet,306,Undirected,1
8,25,Mr. Bennet,Mrs. Gardiner,306,Undirected,1
23,25,Mr. Wickham,Mrs. Gardiner,306,Undirected,1
5,25,Mr. Darcy,Mrs. Gardiner,306,Undirected,1
8,24,Mr. Bennet,Mr. Gardiner,306,Undirected,1
11,23,Elizabeth Bennet,Mr. Wickham,306,Undirected,1
13,23,Lydia Bennet,Mr. Wickham,306,Undirected,1
23,24,Mr. Wickham,Mr. Gardiner,306,Undirected,1
8,11,Mr. Bennet,Elizabeth Bennet,306,Undirected,1
5,24,Mr. Darcy,Mr. Gardiner,306,Undirected,1
8,23,Mr. Bennet,Mr. Wickham,306,Undirected,1
11,13,Elizabeth Bennet,Lydia Bennet,306,Undirected,1
24,25,Mr. Gardiner,Mrs. Gardiner,306,Undirected,1
11,25,Elizabeth Bennet,Mrs. Gardiner,306,Undirected,1
13,25,Lydia Bennet,Mrs. Gardiner,306,Undirected,1
5,11,Mr. Darcy,Elizabeth Bennet,306,Undirected,1
5,8,Mr. Darcy,Mr. Bennet,306,Undirected,1
5,23,Mr. Darcy,Mr. Wickham,306,Undirected,1
8,13,Mr. Bennet,Lydia Bennet,306,Undirected,1
11,24,Elizabeth Bennet,Mr. Gardiner,306,Undirected,1
13,24,Lydia Bennet,Mr. Gardiner,306,Undirected,1
79,24,Mr. Gardiner's friends,Mr. Gardiner,307,Undirected,1
5,13,Mr. Darcy,Lydia Bennet,307,Undirected,1
5,10,Mr. Darcy,Jane Bennet,307,Undirected,1
23,25,Mr. Wickham,Mrs. Gardiner,307,Undirected,1
5,25,Mr. Darcy,Mrs. Gardiner,307,Undirected,1
11,23,Elizabeth Bennet,Mr. Wickham,307,Undirected,1
10,79,Jane Bennet,Mr. Gardiner's friends,307,Undirected,1
10,24,Jane Bennet,Mr. Gardiner,307,Undirected,1
13,23,Lydia Bennet,Mr. Wickham,307,Undirected,1
79,23,Mr. Gardiner's friends,Mr. Wickham,307,Undirected,1
23,24,Mr. Wickham,Mr. Gardiner,307,Undirected,1
10,11,Jane Bennet,Elizabeth Bennet,307,Undirected,1
5,79,Mr. Darcy,Mr. Gardiner's friends,307,Undirected,1
5,24,Mr. Darcy,Mr. Gardiner,307,Undirected,1
11,13,Elizabeth Bennet,Lydia Bennet,307,Undirected,1
10,23,Jane Bennet,Mr. Wickham,307,Undirected,1
24,25,Mr. Gardiner,Mrs. Gardiner,307,Undirected,1
11,25,Elizabeth Bennet,Mrs. Gardiner,307,Undirected,1
79,25,Mr. Gardiner's friends,Mrs. Gardiner,307,Undirected,1
13,25,Lydia Bennet,Mrs. Gardiner,307,Undirected,1
11,79,Elizabeth Bennet,Mr. Gardiner's friends,307,Undirected,1
5,11,Mr. Darcy,Elizabeth Bennet,307,Undirected,1
5,23,Mr. Darcy,Mr. Wickham,307,Undirected,1
10,13,Jane Bennet,Lydia Bennet,307,Undirected,1
10,25,Jane Bennet,Mrs. Gardiner,307,Undirected,1
11,24,Elizabeth Bennet,Mr. Gardiner,307,Undirected,1
13,79,Lydia Bennet,Mr. Gardiner's friends,307,Undirected,1
13,24,Lydia Bennet,Mr. Gardiner,307,Undirected,1
11,23,Elizabeth Bennet,Mr. Wickham,308,Undirected,1
32,5,Gardiner children,Mr. Darcy,308,Undirected,1
32,11,Gardiner children,Elizabeth Bennet,308,Undirected,1
5,11,Mr. Darcy,Elizabeth Bennet,308,Undirected,1
13,23,Lydia Bennet,Mr. Wickham,308,Undirected,1
13,25,Lydia Bennet,Mrs. Gardiner,308,Undirected,1
11,13,Elizabeth Bennet,Lydia Bennet,308,Undirected,1
32,23,Gardiner children,Mr. Wickham,308,Undirected,1
5,23,Mr. Darcy,Mr. Wickham,308,Undirected,1
32,13,Gardiner children,Lydia Bennet,308,Undirected,1
5,13,Mr. Darcy,Lydia Bennet,308,Undirected,1
5,25,Mr. Darcy,Mrs. Gardiner,308,Undirected,1
11,25,Elizabeth Bennet,Mrs. Gardiner,308,Undirected,1
23,25,Mr. Wickham,Mrs. Gardiner,308,Undirected,1
32,25,Gardiner children,Mrs. Gardiner,308,Undirected,1
5,13,Mr. Darcy,Lydia Bennet,309,Undirected,1
9,63,Mrs. Bennet,Housekeeper (at Pemberley),309,Undirected,1
23,25,Mr. Wickham,Mrs. Gardiner,309,Undirected,1
13,63,Lydia Bennet,Housekeeper (at Pemberley),309,Undirected,1
11,63,Elizabeth Bennet,Housekeeper (at Pemberley),309,Undirected,1
9,11,Mrs. Bennet,Elizabeth Bennet,309,Undirected,1
5,25,Mr. Darcy,Mrs. Gardiner,309,Undirected,1
24,63,Mr. Gardiner,Housekeeper (at Pemberley),309,Undirected,1
11,23,Elizabeth Bennet,Mr. Wickham,309,Undirected,1
9,23,Mrs. Bennet,Mr. Wickham,309,Undirected,1
13,23,Lydia Bennet,Mr. Wickham,309,Undirected,1
5,9,Mr. Darcy,Mrs. Bennet,309,Undirected,1
23,24,Mr. Wickham,Mr. Gardiner,309,Undirected,1
9,13,Mrs. Bennet,Lydia Bennet,309,Undirected,1
5,24,Mr. Darcy,Mr. Gardiner,309,Undirected,1
11,13,Elizabeth Bennet,Lydia Bennet,309,Undirected,1
9,25,Mrs. Bennet,Mrs. Gardiner,309,Undirected,1
24,25,Mr. Gardiner,Mrs. Gardiner,309,Undirected,1
11,25,Elizabeth Bennet,Mrs. Gardiner,309,Undirected,1
23,63,Mr. Wickham,Housekeeper (at Pemberley),309,Undirected,1
13,25,Lydia Bennet,Mrs. Gardiner,309,Undirected,1
5,63,Mr. Darcy,Housekeeper (at Pemberley),309,Undirected,1
5,11,Mr. Darcy,Elizabeth Bennet,309,Undirected,1
5,23,Mr. Darcy,Mr. Wickham,309,Undirected,1
25,63,Mrs. Gardiner,Housekeeper (at Pemberley),309,Undirected,1
9,24,Mrs. Bennet,Mr. Gardiner,309,Undirected,1
11,24,Elizabeth Bennet,Mr. Gardiner,309,Undirected,1
13,24,Lydia Bennet,Mr. Gardiner,309,Undirected,1
15,24,Miss Darcy,Mr. Gardiner,310,Undirected,1
5,13,Mr. Darcy,Lydia Bennet,310,Undirected,1
33,63,Miss de Bourgh,Housekeeper (at Pemberley),310,Undirected,1
23,25,Mr. Wickham,Mrs. Gardiner,310,Undirected,1
33,5,Miss de Bourgh,Mr. Darcy,310,Undirected,1
5,25,Mr. Darcy,Mrs. Gardiner,310,Undirected,1
33,11,Miss de Bourgh,Elizabeth Bennet,310,Undirected,1
11,63,Elizabeth Bennet,Housekeeper (at Pemberley),310,Undirected,1
13,63,Lydia Bennet,Housekeeper (at Pemberley),310,Undirected,1
15,63,Miss Darcy,Housekeeper (at Pemberley),310,Undirected,1
24,63,Mr. Gardiner,Housekeeper (at Pemberley),310,Undirected,1
11,23,Elizabeth Bennet,Mr. Wickham,310,Undirected,1
33,23,Miss de Bourgh,Mr. Wickham,310,Undirected,1
13,23,Lydia Bennet,Mr. Wickham,310,Undirected,1
15,23,Miss Darcy,Mr. Wickham,310,Undirected,1
23,24,Mr. Wickham,Mr. Gardiner,310,Undirected,1
5,15,Mr. Darcy,Miss Darcy,310,Undirected,1
5,24,Mr. Darcy,Mr. Gardiner,310,Undirected,1
11,13,Elizabeth Bennet,Lydia Bennet,310,Undirected,1
33,13,Miss de Bourgh,Lydia Bennet,310,Undirected,1
24,25,Mr. Gardiner,Mrs. Gardiner,310,Undirected,1
11,25,Elizabeth Bennet,Mrs. Gardiner,310,Undirected,1
33,25,Miss de Bourgh,Mrs. Gardiner,310,Undirected,1
13,15,Lydia Bennet,Miss Darcy,310,Undirected,1
23,63,Mr. Wickham,Housekeeper (at Pemberley),310,Undirected,1
15,25,Miss Darcy,Mrs. Gardiner,310,Undirected,1
13,25,Lydia Bennet,Mrs. Gardiner,310,Undirected,1
5,63,Mr. Darcy,Housekeeper (at Pemberley),310,Undirected,1
5,11,Mr. Darcy,Elizabeth Bennet,310,Undirected,1
5,23,Mr. Darcy,Mr. Wickham,310,Undirected,1
25,63,Mrs. Gardiner,Housekeeper (at Pemberley),310,Undirected,1
11,15,Elizabeth Bennet,Miss Darcy,310,Undirected,1
33,15,Miss de Bourgh,Miss Darcy,310,Undirected,1
11,24,Elizabeth Bennet,Mr. Gardiner,310,Undirected,1
33,24,Miss de Bourgh,Mr. Gardiner,310,Undirected,1
13,24,Lydia Bennet,Mr. Gardiner,310,Undirected,1
11,23,Elizabeth Bennet,Mr. Wickham,311,Undirected,1
11,13,Elizabeth Bennet,Lydia Bennet,311,Undirected,1
13,23,Lydia Bennet,Mr. Wickham,311,Undirected,1
12,13,Mary Bennet,Lydia Bennet,312,Undirected,1
12,19,Mary Bennet,Sir William Lucas,312,Undirected,1
14,19,Kitty Bennet,Sir William Lucas,312,Undirected,1
8,9,Mr. Bennet,Mrs. Bennet,312,Undirected,1
9,14,Mrs. Bennet,Kitty Bennet,312,Undirected,1
8,12,Mr. Bennet,Mary Bennet,312,Undirected,1
9,11,Mrs. Bennet,Elizabeth Bennet,312,Undirected,1
11,14,Elizabeth Bennet,Kitty Bennet,312,Undirected,1
10,12,Jane Bennet,Mary Bennet,312,Undirected,1
11,23,Elizabeth Bennet,Mr. Wickham,312,Undirected,1
13,14,Lydia Bennet,Kitty Bennet,312,Undirected,1
9,23,Mrs. Bennet,Mr. Wickham,312,Undirected,1
13,23,Lydia Bennet,Mr. Wickham,312,Undirected,1
8,11,Mr. Bennet,Elizabeth Bennet,312,Undirected,1
9,10,Mrs. Bennet,Jane Bennet,312,Undirected,1
8,14,Mr. Bennet,Kitty Bennet,312,Undirected,1
10,11,Jane Bennet,Elizabeth Bennet,312,Undirected,1
9,13,Mrs. Bennet,Lydia Bennet,312,Undirected,1
9,19,Mrs. Bennet,Sir William Lucas,312,Undirected,1
8,23,Mr. Bennet,Mr. Wickham,312,Undirected,1
10,14,Jane Bennet,Kitty Bennet,312,Undirected,1
11,13,Elizabeth Bennet,Lydia Bennet,312,Undirected,1
11,19,Elizabeth Bennet,Sir William Lucas,312,Undirected,1
19,23,Sir William Lucas,Mr. Wickham,312,Undirected,1
10,23,Jane Bennet,Mr. Wickham,312,Undirected,1
13,19,Lydia Bennet,Sir William Lucas,312,Undirected,1
12,14,Mary Bennet,Kitty Bennet,312,Undirected,1
12,23,Mary Bennet,Mr. Wickham,312,Undirected,1
14,23,Kitty Bennet,Mr. Wickham,312,Undirected,1
9,12,Mrs. Bennet,Mary Bennet,312,Undirected,1
8,10,Mr. Bennet,Jane Bennet,312,Undirected,1
10,13,Jane Bennet,Lydia Bennet,312,Undirected,1
8,13,Mr. Bennet,Lydia Bennet,312,Undirected,1
8,19,Mr. Bennet,Sir William Lucas,312,Undirected,1
11,12,Elizabeth Bennet,Mary Bennet,312,Undirected,1
10,19,Jane Bennet,Sir William Lucas,312,Undirected,1
81,82,Mrs. Nicholls,Butcher,313,Undirected,1
82,23,Butcher,Mr. Wickham,313,Undirected,1
82,26,Butcher,Mrs. Philips,313,Undirected,1
4,9,Mr. Bingley,Mrs. Bennet,313,Undirected,1
4,82,Mr. Bingley,Butcher,313,Undirected,1
9,11,Mrs. Bennet,Elizabeth Bennet,313,Undirected,1
9,81,Mrs. Bennet,Mrs. Nicholls,313,Undirected,1
9,26,Mrs. Bennet,Mrs. Philips,313,Undirected,1
10,82,Jane Bennet,Butcher,313,Undirected,1
11,23,Elizabeth Bennet,Mr. Wickham,313,Undirected,1
9,23,Mrs. Bennet,Mr. Wickham,313,Undirected,1
11,81,Elizabeth Bennet,Mrs. Nicholls,313,Undirected,1
11,26,Elizabeth Bennet,Mrs. Philips,313,Undirected,1
13,23,Lydia Bennet,Mr. Wickham,313,Undirected,1
13,81,Lydia Bennet,Mrs. Nicholls,313,Undirected,1
13,26,Lydia Bennet,Mrs. Philips,313,Undirected,1
81,23,Mrs. Nicholls,Mr. Wickham,313,Undirected,1
81,26,Mrs. Nicholls,Mrs. Philips,313,Undirected,1
4,11,Mr. Bingley,Elizabeth Bennet,313,Undirected,1
4,81,Mr. Bingley,Mrs. Nicholls,313,Undirected,1
80,82,Housekeeper (at Netherfield),Butcher,313,Undirected,1
4,26,Mr. Bingley,Mrs. Philips,313,Undirected,1
9,10,Mrs. Bennet,Jane Bennet,313,Undirected,1
4,23,Mr. Bingley,Mr. Wickham,313,Undirected,1
9,13,Mrs. Bennet,Lydia Bennet,313,Undirected,1
9,80,Mrs. Bennet,Housekeeper (at Netherfield),313,Undirected,1
10,11,Jane Bennet,Elizabeth Bennet,313,Undirected,1
11,13,Elizabeth Bennet,Lydia Bennet,313,Undirected,1
11,80,Elizabeth Bennet,Housekeeper (at Netherfield),313,Undirected,1
10,23,Jane Bennet,Mr. Wickham,313,Undirected,1
10,81,Jane Bennet,Mrs. Nicholls,313,Undirected,1
13,80,Lydia Bennet,Housekeeper (at Netherfield),313,Undirected,1
10,26,Jane Bennet,Mrs. Philips,313,Undirected,1
4,10,Mr. Bingley,Jane Bennet,313,Undirected,1
4,13,Mr. Bingley,Lydia Bennet,313,Undirected,1
4,80,Mr. Bingley,Housekeeper (at Netherfield),313,Undirected,1
23,26,Mr. Wickham,Mrs. Philips,313,Undirected,1
80,23,Housekeeper (at Netherfield),Mr. Wickham,313,Undirected,1
80,81,Housekeeper (at Netherfield),Mrs. Nicholls,313,Undirected,1
10,13,Jane Bennet,Lydia Bennet,313,Undirected,1
80,26,Housekeeper (at Netherfield),Mrs. Philips,313,Undirected,1
10,80,Jane Bennet,Housekeeper (at Netherfield),313,Undirected,1
9,82,Mrs. Bennet,Butcher,313,Undirected,1
13,82,Lydia Bennet,Butcher,313,Undirected,1
11,82,Elizabeth Bennet,Butcher,313,Undirected,1
4,9,Mr. Bingley,Mrs. Bennet,314,Undirected,1
14,74,Kitty Bennet,Mrs. Long,314,Undirected,1
8,9,Mr. Bennet,Mrs. Bennet,314,Undirected,1
9,14,Mrs. Bennet,Kitty Bennet,314,Undirected,1
75,14,Mr. Goulding,Kitty Bennet,314,Undirected,1
9,11,Mrs. Bennet,Elizabeth Bennet,314,Undirected,1
11,75,Elizabeth Bennet,Mr. Goulding,314,Undirected,1
11,14,Elizabeth Bennet,Kitty Bennet,314,Undirected,1
9,75,Mrs. Bennet,Mr. Goulding,314,Undirected,1
13,14,Lydia Bennet,Kitty Bennet,314,Undirected,1
4,8,Mr. Bingley,Mr. Bennet,314,Undirected,1
4,14,Mr. Bingley,Kitty Bennet,314,Undirected,1
4,11,Mr. Bingley,Elizabeth Bennet,314,Undirected,1
4,75,Mr. Bingley,Mr. Goulding,314,Undirected,1
8,11,Mr. Bennet,Elizabeth Bennet,314,Undirected,1
9,10,Mrs. Bennet,Jane Bennet,314,Undirected,1
8,75,Mr. Bennet,Mr. Goulding,314,Undirected,1
8,14,Mr. Bennet,Kitty Bennet,314,Undirected,1
9,74,Mrs. Bennet,Mrs. Long,314,Undirected,1
9,13,Mrs. Bennet,Lydia Bennet,314,Undirected,1
10,11,Jane Bennet,Elizabeth Bennet,314,Undirected,1
10,75,Jane Bennet,Mr. Goulding,314,Undirected,1
10,14,Jane Bennet,Kitty Bennet,314,Undirected,1
11,74,Elizabeth Bennet,Mrs. Long,314,Undirected,1
11,13,Elizabeth Bennet,Lydia Bennet,314,Undirected,1
75,13,Mr. Goulding,Lydia Bennet,314,Undirected,1
75,74,Mr. Goulding,Mrs. Long,314,Undirected,1
13,74,Lydia Bennet,Mrs. Long,314,Undirected,1
4,10,Mr. Bingley,Jane Bennet,314,Undirected,1
4,74,Mr. Bingley,Mrs. Long,314,Undirected,1
4,13,Mr. Bingley,Lydia Bennet,314,Undirected,1
8,10,Mr. Bennet,Jane Bennet,314,Undirected,1
10,13,Jane Bennet,Lydia Bennet,314,Undirected,1
8,74,Mr. Bennet,Mrs. Long,314,Undirected,1
8,13,Mr. Bennet,Lydia Bennet,314,Undirected,1
10,74,Jane Bennet,Mrs. Long,314,Undirected,1
4,9,Mr. Bingley,Mrs. Bennet,315,Undirected,1
4,12,Mr. Bingley,Mary Bennet,315,Undirected,1
5,10,Mr. Darcy,Jane Bennet,315,Undirected,1
8,9,Mr. Bennet,Mrs. Bennet,315,Undirected,1
9,14,Mrs. Bennet,Kitty Bennet,315,Undirected,1
8,12,Mr. Bennet,Mary Bennet,315,Undirected,1
9,11,Mrs. Bennet,Elizabeth Bennet,315,Undirected,1
11,14,Elizabeth Bennet,Kitty Bennet,315,Undirected,1
10,12,Jane Bennet,Mary Bennet,315,Undirected,1
4,5,Mr. Bingley,Mr. Darcy,315,Undirected,1
4,8,Mr. Bingley,Mr. Bennet,315,Undirected,1
4,14,Mr. Bingley,Kitty Bennet,315,Undirected,1
5,9,Mr. Darcy,Mrs. Bennet,315,Undirected,1
4,11,Mr. Bingley,Elizabeth Bennet,315,Undirected,1
5,12,Mr. Darcy,Mary Bennet,315,Undirected,1
8,11,Mr. Bennet,Elizabeth Bennet,315,Undirected,1
9,10,Mrs. Bennet,Jane Bennet,315,Undirected,1
8,14,Mr. Bennet,Kitty Bennet,315,Undirected,1
10,11,Jane Bennet,Elizabeth Bennet,315,Undirected,1
10,14,Jane Bennet,Kitty Bennet,315,Undirected,1
12,14,Mary Bennet,Kitty Bennet,315,Undirected,1
4,10,Mr. Bingley,Jane Bennet,315,Undirected,1
5,11,Mr. Darcy,Elizabeth Bennet,315,Undirected,1
5,8,Mr. Darcy,Mr. Bennet,315,Undirected,1
5,14,Mr. Darcy,Kitty Bennet,315,Undirected,1
9,12,Mrs. Bennet,Mary Bennet,315,Undirected,1
8,10,Mr. Bennet,Jane Bennet,315,Undirected,1
11,12,Elizabeth Bennet,Mary Bennet,315,Undirected,1
4,9,Mr. Bingley,Mrs. Bennet,316,Undirected,1
5,10,Mr. Darcy,Jane Bennet,316,Undirected,1
5,25,Mr. Darcy,Mrs. Gardiner,316,Undirected,1
9,11,Mrs. Bennet,Elizabeth Bennet,316,Undirected,1
5,83,Mr. Darcy,Servant (at Longbourn),316,Undirected,1
4,5,Mr. Bingley,Mr. Darcy,316,Undirected,1
5,9,Mr. Darcy,Mrs. Bennet,316,Undirected,1
4,11,Mr. Bingley,Elizabeth Bennet,316,Undirected,1
9,10,Mrs. Bennet,Jane Bennet,316,Undirected,1
10,11,Jane Bennet,Elizabeth Bennet,316,Undirected,1
9,83,Mrs. Bennet,Servant (at Longbourn),316,Undirected,1
9,25,Mrs. Bennet,Mrs. Gardiner,316,Undirected,1
11,83,Elizabeth Bennet,Servant (at Longbourn),316,Undirected,1
11,25,Elizabeth Bennet,Mrs. Gardiner,316,Undirected,1
4,10,Mr. Bingley,Jane Bennet,316,Undirected,1
5,11,Mr. Darcy,Elizabeth Bennet,316,Undirected,1
4,83,Mr. Bingley,Servant (at Longbourn),316,Undirected,1
4,25,Mr. Bingley,Mrs. Gardiner,316,Undirected,1
83,25,Servant (at Longbourn),Mrs. Gardiner,316,Undirected,1
10,25,Jane Bennet,Mrs. Gardiner,316,Undirected,1
10,83,Jane Bennet,Servant (at Longbourn),316,Undirected,1
4,9,Mr. Bingley,Mrs. Bennet,317,Undirected,1
5,13,Mr. Darcy,Lydia Bennet,317,Undirected,1
5,10,Mr. Darcy,Jane Bennet,317,Undirected,1
5,16,Mr. Darcy,Charlotte Lucas,317,Undirected,1
4,24,Mr. Bingley,Mr. Gardiner,317,Undirected,1
5,25,Mr. Darcy,Mrs. Gardiner,317,Undirected,1
9,11,Mrs. Bennet,Elizabeth Bennet,317,Undirected,1
10,24,Jane Bennet,Mr. Gardiner,317,Undirected,1
16,25,Charlotte Lucas,Mrs. Gardiner,317,Undirected,1
4,5,Mr. Bingley,Mr. Darcy,317,Undirected,1
5,9,Mr. Darcy,Mrs. Bennet,317,Undirected,1
4,11,Mr. Bingley,Elizabeth Bennet,317,Undirected,1
9,10,Mrs. Bennet,Jane Bennet,317,Undirected,1
9,16,Mrs. Bennet,Charlotte Lucas,317,Undirected,1
10,11,Jane Bennet,Elizabeth Bennet,317,Undirected,1
9,13,Mrs. Bennet,Lydia Bennet,317,Undirected,1
5,24,Mr. Darcy,Mr. Gardiner,317,Undirected,1
11,16,Elizabeth Bennet,Charlotte Lucas,317,Undirected,1
11,13,Elizabeth Bennet,Lydia Bennet,317,Undirected,1
13,16,Lydia Bennet,Charlotte Lucas,317,Undirected,1
9,25,Mrs. Bennet,Mrs. Gardiner,317,Undirected,1
24,25,Mr. Gardiner,Mrs. Gardiner,317,Undirected,1
11,25,Elizabeth Bennet,Mrs. Gardiner,317,Undirected,1
13,25,Lydia Bennet,Mrs. Gardiner,317,Undirected,1
16,24,Charlotte Lucas,Mr. Gardiner,317,Undirected,1
4,10,Mr. Bingley,Jane Bennet,317,Undirected,1
4,16,Mr. Bingley,Charlotte Lucas,317,Undirected,1
5,11,Mr. Darcy,Elizabeth Bennet,317,Undirected,1
4,13,Mr. Bingley,Lydia Bennet,317,Undirected,1
4,25,Mr. Bingley,Mrs. Gardiner,317,Undirected,1
10,13,Jane Bennet,Lydia Bennet,317,Undirected,1
10,16,Jane Bennet,Charlotte Lucas,317,Undirected,1
9,24,Mrs. Bennet,Mr. Gardiner,317,Undirected,1
10,25,Jane Bennet,Mrs. Gardiner,317,Undirected,1
11,24,Elizabeth Bennet,Mr. Gardiner,317,Undirected,1
13,24,Lydia Bennet,Mr. Gardiner,317,Undirected,1
4,9,Mr. Bingley,Mrs. Bennet,318,Undirected,1
5,13,Mr. Darcy,Lydia Bennet,318,Undirected,1
5,10,Mr. Darcy,Jane Bennet,318,Undirected,1
8,9,Mr. Bennet,Mrs. Bennet,318,Undirected,1
4,24,Mr. Bingley,Mr. Gardiner,318,Undirected,1
9,11,Mrs. Bennet,Elizabeth Bennet,318,Undirected,1
8,24,Mr. Bennet,Mr. Gardiner,318,Undirected,1
11,23,Elizabeth Bennet,Mr. Wickham,318,Undirected,1
9,23,Mrs. Bennet,Mr. Wickham,318,Undirected,1
10,24,Jane Bennet,Mr. Gardiner,318,Undirected,1
13,23,Lydia Bennet,Mr. Wickham,318,Undirected,1
4,5,Mr. Bingley,Mr. Darcy,318,Undirected,1
4,8,Mr. Bingley,Mr. Bennet,318,Undirected,1
5,9,Mr. Darcy,Mrs. Bennet,318,Undirected,1
4,11,Mr. Bingley,Elizabeth Bennet,318,Undirected,1
23,24,Mr. Wickham,Mr. Gardiner,318,Undirected,1
8,11,Mr. Bennet,Elizabeth Bennet,318,Undirected,1
9,10,Mrs. Bennet,Jane Bennet,318,Undirected,1
4,23,Mr. Bingley,Mr. Wickham,318,Undirected,1
9,13,Mrs. Bennet,Lydia Bennet,318,Undirected,1
10,11,Jane Bennet,Elizabeth Bennet,318,Undirected,1
5,24,Mr. Darcy,Mr. Gardiner,318,Undirected,1
8,23,Mr. Bennet,Mr. Wickham,318,Undirected,1
11,13,Elizabeth Bennet,Lydia Bennet,318,Undirected,1
10,23,Jane Bennet,Mr. Wickham,318,Undirected,1
4,10,Mr. Bingley,Jane Bennet,318,Undirected,1
5,11,Mr. Darcy,Elizabeth Bennet,318,Undirected,1
4,13,Mr. Bingley,Lydia Bennet,318,Undirected,1
5,8,Mr. Darcy,Mr. Bennet,318,Undirected,1
8,10,Mr. Bennet,Jane Bennet,318,Undirected,1
5,23,Mr. Darcy,Mr. Wickham,318,Undirected,1
10,13,Jane Bennet,Lydia Bennet,318,Undirected,1
8,13,Mr. Bennet,Lydia Bennet,318,Undirected,1
9,24,Mrs. Bennet,Mr. Gardiner,318,Undirected,1
11,24,Elizabeth Bennet,Mr. Gardiner,318,Undirected,1
13,24,Lydia Bennet,Mr. Gardiner,318,Undirected,1
9,10,Mrs. Bennet,Jane Bennet,319,Undirected,1
4,10,Mr. Bingley,Jane Bennet,319,Undirected,1
10,11,Jane Bennet,Elizabeth Bennet,319,Undirected,1
5,11,Mr. Darcy,Elizabeth Bennet,319,Undirected,1
4,9,Mr. Bingley,Mrs. Bennet,319,Undirected,1
9,11,Mrs. Bennet,Elizabeth Bennet,319,Undirected,1
4,5,Mr. Bingley,Mr. Darcy,319,Undirected,1
5,10,Mr. Darcy,Jane Bennet,319,Undirected,1
5,9,Mr. Darcy,Mrs. Bennet,319,Undirected,1
4,11,Mr. Bingley,Elizabeth Bennet,319,Undirected,1
10,5,Jane Bennet,Mr. Darcy,320,Undirected,1
10,11,Jane Bennet,Elizabeth Bennet,320,Undirected,1
10,4,Jane Bennet,Mr. Bingley,320,Undirected,1
4,5,Mr. Bingley,Mr. Darcy,320,Undirected,1
11,5,Elizabeth Bennet,Mr. Darcy,320,Undirected,1
11,4,Elizabeth Bennet,Mr. Bingley,320,Undirected,1
9,10,Mrs. Bennet,Jane Bennet,321,Undirected,1
4,10,Mr. Bingley,Jane Bennet,321,Undirected,1
10,11,Jane Bennet,Elizabeth Bennet,321,Undirected,1
5,11,Mr. Darcy,Elizabeth Bennet,321,Undirected,1
4,9,Mr. Bingley,Mrs. Bennet,321,Undirected,1
9,11,Mrs. Bennet,Elizabeth Bennet,321,Undirected,1
4,5,Mr. Bingley,Mr. Darcy,321,Undirected,1
5,10,Mr. Darcy,Jane Bennet,321,Undirected,1
5,9,Mr. Darcy,Mrs. Bennet,321,Undirected,1
4,11,Mr. Bingley,Elizabeth Bennet,321,Undirected,1
4,12,Mr. Bingley,Mary Bennet,322,Undirected,1
69,13,Lydia's friends,Lydia Bennet,322,Undirected,1
12,13,Mary Bennet,Lydia Bennet,322,Undirected,1
5,13,Mr. Darcy,Lydia Bennet,322,Undirected,1
11,14,Elizabeth Bennet,Kitty Bennet,322,Undirected,1
65,12,Mrs. Annesley,Mary Bennet,322,Undirected,1
13,14,Lydia Bennet,Kitty Bennet,322,Undirected,1
4,5,Mr. Bingley,Mr. Darcy,322,Undirected,1
4,69,Mr. Bingley,Lydia's friends,322,Undirected,1
4,14,Mr. Bingley,Kitty Bennet,322,Undirected,1
69,12,Lydia's friends,Mary Bennet,322,Undirected,1
4,11,Mr. Bingley,Elizabeth Bennet,322,Undirected,1
5,12,Mr. Darcy,Mary Bennet,322,Undirected,1
65,5,Mrs. Annesley,Mr. Darcy,322,Undirected,1
65,11,Mrs. Annesley,Elizabeth Bennet,322,Undirected,1
65,69,Mrs. Annesley,Lydia's friends,322,Undirected,1
65,14,Mrs. Annesley,Kitty Bennet,322,Undirected,1
11,13,Elizabeth Bennet,Lydia Bennet,322,Undirected,1
12,14,Mary Bennet,Kitty Bennet,322,Undirected,1
69,5,Lydia's friends,Mr. Darcy,322,Undirected,1
69,11,Lydia's friends,Elizabeth Bennet,322,Undirected,1
5,11,Mr. Darcy,Elizabeth Bennet,322,Undirected,1
4,13,Mr. Bingley,Lydia Bennet,322,Undirected,1
69,14,Lydia's friends,Kitty Bennet,322,Undirected,1
5,14,Mr. Darcy,Kitty Bennet,322,Undirected,1
65,4,Mrs. Annesley,Mr. Bingley,322,Undirected,1
65,13,Mrs. Annesley,Lydia Bennet,322,Undirected,1
11,12,Elizabeth Bennet,Mary Bennet,322,Undirected,1
4,9,Mr. Bingley,Mrs. Bennet,323,Undirected,1
18,84,Lady Lucas,Mrs. Long's nieces,323,Undirected,1
12,74,Mary Bennet,Mrs. Long,323,Undirected,1
4,12,Mr. Bingley,Mary Bennet,323,Undirected,1
12,19,Mary Bennet,Sir William Lucas,323,Undirected,1
5,10,Mr. Darcy,Jane Bennet,323,Undirected,1
14,19,Kitty Bennet,Sir William Lucas,323,Undirected,1
4,18,Mr. Bingley,Lady Lucas,323,Undirected,1
5,74,Mr. Darcy,Mrs. Long,323,Undirected,1
9,14,Mrs. Bennet,Kitty Bennet,323,Undirected,1
5,19,Mr. Darcy,Sir William Lucas,323,Undirected,1
9,11,Mrs. Bennet,Elizabeth Bennet,323,Undirected,1
74,18,Mrs. Long,Lady Lucas,323,Undirected,1
11,14,Elizabeth Bennet,Kitty Bennet,323,Undirected,1
10,12,Jane Bennet,Mary Bennet,323,Undirected,1
10,18,Jane Bennet,Lady Lucas,323,Undirected,1
9,84,Mrs. Bennet,Mrs. Long's nieces,323,Undirected,1
11,84,Elizabeth Bennet,Mrs. Long's nieces,323,Undirected,1
18,19,Lady Lucas,Sir William Lucas,323,Undirected,1
4,5,Mr. Bingley,Mr. Darcy,323,Undirected,1
4,14,Mr. Bingley,Kitty Bennet,323,Undirected,1
5,9,Mr. Darcy,Mrs. Bennet,323,Undirected,1
4,11,Mr. Bingley,Elizabeth Bennet,323,Undirected,1
12,18,Mary Bennet,Lady Lucas,323,Undirected,1
14,18,Kitty Bennet,Lady Lucas,323,Undirected,1
5,12,Mr. Darcy,Mary Bennet,323,Undirected,1
5,18,Mr. Darcy,Lady Lucas,323,Undirected,1
9,10,Mrs. Bennet,Jane Bennet,323,Undirected,1
4,84,Mr. Bingley,Mrs. Long's nieces,323,Undirected,1
9,74,Mrs. Bennet,Mrs. Long,323,Undirected,1
10,11,Jane Bennet,Elizabeth Bennet,323,Undirected,1
9,19,Mrs. Bennet,Sir William Lucas,323,Undirected,1
74,14,Mrs. Long,Kitty Bennet,323,Undirected,1
10,14,Jane Bennet,Kitty Bennet,323,Undirected,1
11,74,Elizabeth Bennet,Mrs. Long,323,Undirected,1
74,84,Mrs. Long,Mrs. Long's nieces,323,Undirected,1
11,19,Elizabeth Bennet,Sir William Lucas,323,Undirected,1
10,84,Jane Bennet,Mrs. Long's nieces,323,Undirected,1
19,84,Sir William Lucas,Mrs. Long's nieces,323,Undirected,1
12,14,Mary Bennet,Kitty Bennet,323,Undirected,1
4,10,Mr. Bingley,Jane Bennet,323,Undirected,1
4,74,Mr. Bingley,Mrs. Long,323,Undirected,1
5,11,Mr. Darcy,Elizabeth Bennet,323,Undirected,1
4,19,Mr. Bingley,Sir William Lucas,323,Undirected,1
5,14,Mr. Darcy,Kitty Bennet,323,Undirected,1
12,84,Mary Bennet,Mrs. Long's nieces,323,Undirected,1
9,12,Mrs. Bennet,Mary Bennet,323,Undirected,1
5,84,Mr. Darcy,Mrs. Long's nieces,323,Undirected,1
14,84,Kitty Bennet,Mrs. Long's nieces,323,Undirected,1
11,12,Elizabeth Bennet,Mary Bennet,323,Undirected,1
9,18,Mrs. Bennet,Lady Lucas,323,Undirected,1
10,74,Jane Bennet,Mrs. Long,323,Undirected,1
74,19,Mrs. Long,Sir William Lucas,323,Undirected,1
10,19,Jane Bennet,Sir William Lucas,323,Undirected,1
11,18,Elizabeth Bennet,Lady Lucas,323,Undirected,1
9,10,Mrs. Bennet,Jane Bennet,324,Undirected,1
4,10,Mr. Bingley,Jane Bennet,324,Undirected,1
10,11,Jane Bennet,Elizabeth Bennet,324,Undirected,1
5,11,Mr. Darcy,Elizabeth Bennet,324,Undirected,1
4,9,Mr. Bingley,Mrs. Bennet,324,Undirected,1
9,11,Mrs. Bennet,Elizabeth Bennet,324,Undirected,1
4,5,Mr. Bingley,Mr. Darcy,324,Undirected,1
5,10,Mr. Darcy,Jane Bennet,324,Undirected,1
5,9,Mr. Darcy,Mrs. Bennet,324,Undirected,1
4,11,Mr. Bingley,Elizabeth Bennet,324,Undirected,1
4,9,Mr. Bingley,Mrs. Bennet,325,Undirected,1
5,10,Mr. Darcy,Jane Bennet,325,Undirected,1
4,85,Mr. Bingley,Sarah,325,Undirected,1
9,14,Mrs. Bennet,Kitty Bennet,325,Undirected,1
9,11,Mrs. Bennet,Elizabeth Bennet,325,Undirected,1
11,14,Elizabeth Bennet,Kitty Bennet,325,Undirected,1
10,85,Jane Bennet,Sarah,325,Undirected,1
4,5,Mr. Bingley,Mr. Darcy,325,Undirected,1
4,14,Mr. Bingley,Kitty Bennet,325,Undirected,1
5,9,Mr. Darcy,Mrs. Bennet,325,Undirected,1
4,11,Mr. Bingley,Elizabeth Bennet,325,Undirected,1
9,10,Mrs. Bennet,Jane Bennet,325,Undirected,1
14,85,Kitty Bennet,Sarah,325,Undirected,1
10,11,Jane Bennet,Elizabeth Bennet,325,Undirected,1
5,85,Mr. Darcy,Sarah,325,Undirected,1
10,14,Jane Bennet,Kitty Bennet,325,Undirected,1
4,10,Mr. Bingley,Jane Bennet,325,Undirected,1
5,11,Mr. Darcy,Elizabeth Bennet,325,Undirected,1
5,14,Mr. Darcy,Kitty Bennet,325,Undirected,1
9,85,Mrs. Bennet,Sarah,325,Undirected,1
11,85,Elizabeth Bennet,Sarah,325,Undirected,1
4,9,Mr. Bingley,Mrs. Bennet,326,Undirected,1
4,12,Mr. Bingley,Mary Bennet,326,Undirected,1
8,9,Mr. Bennet,Mrs. Bennet,326,Undirected,1
9,14,Mrs. Bennet,Kitty Bennet,326,Undirected,1
8,12,Mr. Bennet,Mary Bennet,326,Undirected,1
9,11,Mrs. Bennet,Elizabeth Bennet,326,Undirected,1
11,14,Elizabeth Bennet,Kitty Bennet,326,Undirected,1
10,12,Jane Bennet,Mary Bennet,326,Undirected,1
4,8,Mr. Bingley,Mr. Bennet,326,Undirected,1
4,14,Mr. Bingley,Kitty Bennet,326,Undirected,1
4,11,Mr. Bingley,Elizabeth Bennet,326,Undirected,1
8,11,Mr. Bennet,Elizabeth Bennet,326,Undirected,1
9,10,Mrs. Bennet,Jane Bennet,326,Undirected,1
8,14,Mr. Bennet,Kitty Bennet,326,Undirected,1
10,11,Jane Bennet,Elizabeth Bennet,326,Undirected,1
10,14,Jane Bennet,Kitty Bennet,326,Undirected,1
12,14,Mary Bennet,Kitty Bennet,326,Undirected,1
4,10,Mr. Bingley,Jane Bennet,326,Undirected,1
9,12,Mrs. Bennet,Mary Bennet,326,Undirected,1
8,10,Mr. Bennet,Jane Bennet,326,Undirected,1
11,12,Elizabeth Bennet,Mary Bennet,326,Undirected,1
4,9,Mr. Bingley,Mrs. Bennet,327,Undirected,1
5,10,Mr. Darcy,Jane Bennet,327,Undirected,1
8,9,Mr. Bennet,Mrs. Bennet,327,Undirected,1
9,14,Mrs. Bennet,Kitty Bennet,327,Undirected,1
9,11,Mrs. Bennet,Elizabeth Bennet,327,Undirected,1
11,14,Elizabeth Bennet,Kitty Bennet,327,Undirected,1
4,5,Mr. Bingley,Mr. Darcy,327,Undirected,1
4,8,Mr. Bingley,Mr. Bennet,327,Undirected,1
4,14,Mr. Bingley,Kitty Bennet,327,Undirected,1
5,9,Mr. Darcy,Mrs. Bennet,327,Undirected,1
4,11,Mr. Bingley,Elizabeth Bennet,327,Undirected,1
8,11,Mr. Bennet,Elizabeth Bennet,327,Undirected,1
9,10,Mrs. Bennet,Jane Bennet,327,Undirected,1
8,14,Mr. Bennet,Kitty Bennet,327,Undirected,1
10,11,Jane Bennet,Elizabeth Bennet,327,Undirected,1
10,14,Jane Bennet,Kitty Bennet,327,Undirected,1
4,10,Mr. Bingley,Jane Bennet,327,Undirected,1
5,11,Mr. Darcy,Elizabeth Bennet,327,Undirected,1
5,8,Mr. Darcy,Mr. Bennet,327,Undirected,1
5,14,Mr. Darcy,Kitty Bennet,327,Undirected,1
8,10,Mr. Bennet,Jane Bennet,327,Undirected,1
3,4,Miss Bingley,Mr. Bingley,328,Undirected,1
4,9,Mr. Bingley,Mrs. Bennet,328,Undirected,1
3,10,Miss Bingley,Jane Bennet,328,Undirected,1
5,10,Mr. Darcy,Jane Bennet,328,Undirected,1
8,9,Mr. Bennet,Mrs. Bennet,328,Undirected,1
9,14,Mrs. Bennet,Kitty Bennet,328,Undirected,1
9,11,Mrs. Bennet,Elizabeth Bennet,328,Undirected,1
11,14,Elizabeth Bennet,Kitty Bennet,328,Undirected,1
4,5,Mr. Bingley,Mr. Darcy,328,Undirected,1
3,9,Miss Bingley,Mrs. Bennet,328,Undirected,1
4,8,Mr. Bingley,Mr. Bennet,328,Undirected,1
4,14,Mr. Bingley,Kitty Bennet,328,Undirected,1
5,9,Mr. Darcy,Mrs. Bennet,328,Undirected,1
4,11,Mr. Bingley,Elizabeth Bennet,328,Undirected,1
8,11,Mr. Bennet,Elizabeth Bennet,328,Undirected,1
9,10,Mrs. Bennet,Jane Bennet,328,Undirected,1
8,14,Mr. Bennet,Kitty Bennet,328,Undirected,1
10,11,Jane Bennet,Elizabeth Bennet,328,Undirected,1
10,14,Jane Bennet,Kitty Bennet,328,Undirected,1
3,5,Miss Bingley,Mr. Darcy,328,Undirected,1
3,11,Miss Bingley,Elizabeth Bennet,328,Undirected,1
4,10,Mr. Bingley,Jane Bennet,328,Undirected,1
3,8,Miss Bingley,Mr. Bennet,328,Undirected,1
3,14,Miss Bingley,Kitty Bennet,328,Undirected,1
5,11,Mr. Darcy,Elizabeth Bennet,328,Undirected,1
5,8,Mr. Darcy,Mr. Bennet,328,Undirected,1
5,14,Mr. Darcy,Kitty Bennet,328,Undirected,1
8,10,Mr. Bennet,Jane Bennet,328,Undirected,1
9,10,Mrs. Bennet,Jane Bennet,329,Undirected,1
4,10,Mr. Bingley,Jane Bennet,329,Undirected,1
8,14,Mr. Bennet,Kitty Bennet,329,Undirected,1
10,14,Jane Bennet,Kitty Bennet,329,Undirected,1
4,9,Mr. Bingley,Mrs. Bennet,329,Undirected,1
9,12,Mrs. Bennet,Mary Bennet,329,Undirected,1
4,12,Mr. Bingley,Mary Bennet,329,Undirected,1
8,10,Mr. Bennet,Jane Bennet,329,Undirected,1
8,12,Mr. Bennet,Mary Bennet,329,Undirected,1
8,9,Mr. Bennet,Mrs. Bennet,329,Undirected,1
4,8,Mr. Bingley,Mr. Bennet,329,Undirected,1
4,14,Mr. Bingley,Kitty Bennet,329,Undirected,1
9,14,Mrs. Bennet,Kitty Bennet,329,Undirected,1
10,12,Jane Bennet,Mary Bennet,329,Undirected,1
12,14,Mary Bennet,Kitty Bennet,329,Undirected,1
4,10,Mr. Bingley,Jane Bennet,330,Undirected,1
10,11,Jane Bennet,Elizabeth Bennet,330,Undirected,1
5,11,Mr. Darcy,Elizabeth Bennet,330,Undirected,1
3,4,Miss Bingley,Mr. Bingley,330,Undirected,1
3,10,Miss Bingley,Jane Bennet,330,Undirected,1
4,5,Mr. Bingley,Mr. Darcy,330,Undirected,1
5,10,Mr. Darcy,Jane Bennet,330,Undirected,1
4,11,Mr. Bingley,Elizabeth Bennet,330,Undirected,1
3,5,Miss Bingley,Mr. Darcy,330,Undirected,1
3,11,Miss Bingley,Elizabeth Bennet,330,Undirected,1
8,9,Mr. Bennet,Mrs. Bennet,331,Undirected,1
9,14,Mrs. Bennet,Kitty Bennet,331,Undirected,1
8,12,Mr. Bennet,Mary Bennet,331,Undirected,1
9,11,Mrs. Bennet,Elizabeth Bennet,331,Undirected,1
9,17,Mrs. Bennet,Mr. Collins,331,Undirected,1
11,14,Elizabeth Bennet,Kitty Bennet,331,Undirected,1
10,12,Jane Bennet,Mary Bennet,331,Undirected,1
17,88,Mr. Collins,Neighbours (in Meryton),331,Undirected,1
9,26,Mrs. Bennet,Mrs. Philips,331,Undirected,1
11,17,Elizabeth Bennet,Mr. Collins,331,Undirected,1
8,88,Mr. Bennet,Neighbours (in Meryton),331,Undirected,1
11,26,Elizabeth Bennet,Mrs. Philips,331,Undirected,1
88,26,Neighbours (in Meryton),Mrs. Philips,331,Undirected,1
10,88,Jane Bennet,Neighbours (in Meryton),331,Undirected,1
8,11,Mr. Bennet,Elizabeth Bennet,331,Undirected,1
12,88,Mary Bennet,Neighbours (in Meryton),331,Undirected,1
9,10,Mrs. Bennet,Jane Bennet,331,Undirected,1
8,14,Mr. Bennet,Kitty Bennet,331,Undirected,1
10,11,Jane Bennet,Elizabeth Bennet,331,Undirected,1
14,88,Kitty Bennet,Neighbours (in Meryton),331,Undirected,1
8,17,Mr. Bennet,Mr. Collins,331,Undirected,1
10,14,Jane Bennet,Kitty Bennet,331,Undirected,1
17,26,Mr. Collins,Mrs. Philips,331,Undirected,1
8,26,Mr. Bennet,Mrs. Philips,331,Undirected,1
10,17,Jane Bennet,Mr. Collins,331,Undirected,1
10,26,Jane Bennet,Mrs. Philips,331,Undirected,1
12,14,Mary Bennet,Kitty Bennet,331,Undirected,1
12,17,Mary Bennet,Mr. Collins,331,Undirected,1
12,26,Mary Bennet,Mrs. Philips,331,Undirected,1
14,17,Kitty Bennet,Mr. Collins,331,Undirected,1
9,12,Mrs. Bennet,Mary Bennet,331,Undirected,1
8,10,Mr. Bennet,Jane Bennet,331,Undirected,1
14,26,Kitty Bennet,Mrs. Philips,331,Undirected,1
11,12,Elizabeth Bennet,Mary Bennet,331,Undirected,1
9,88,Mrs. Bennet,Neighbours (in Meryton),331,Undirected,1
11,88,Elizabeth Bennet,Neighbours (in Meryton),331,Undirected,1
4,9,Mr. Bingley,Mrs. Bennet,332,Undirected,1
4,12,Mr. Bingley,Mary Bennet,332,Undirected,1
9,14,Mrs. Bennet,Kitty Bennet,332,Undirected,1
9,11,Mrs. Bennet,Elizabeth Bennet,332,Undirected,1
11,14,Elizabeth Bennet,Kitty Bennet,332,Undirected,1
10,12,Jane Bennet,Mary Bennet,332,Undirected,1
4,30,Mr. Bingley,Lady Catherine de Bourgh,332,Undirected,1
10,30,Jane Bennet,Lady Catherine de Bourgh,332,Undirected,1
4,14,Mr. Bingley,Kitty Bennet,332,Undirected,1
4,11,Mr. Bingley,Elizabeth Bennet,332,Undirected,1
12,30,Mary Bennet,Lady Catherine de Bourgh,332,Undirected,1
9,10,Mrs. Bennet,Jane Bennet,332,Undirected,1
14,30,Kitty Bennet,Lady Catherine de Bourgh,332,Undirected,1
10,11,Jane Bennet,Elizabeth Bennet,332,Undirected,1
10,14,Jane Bennet,Kitty Bennet,332,Undirected,1
12,14,Mary Bennet,Kitty Bennet,332,Undirected,1
4,10,Mr. Bingley,Jane Bennet,332,Undirected,1
9,12,Mrs. Bennet,Mary Bennet,332,Undirected,1
11,12,Elizabeth Bennet,Mary Bennet,332,Undirected,1
11,30,Elizabeth Bennet,Lady Catherine de Bourgh,332,Undirected,1
9,30,Mrs. Bennet,Lady Catherine de Bourgh,332,Undirected,1
4,9,Mr. Bingley,Mrs. Bennet,333,Undirected,1
14,16,Kitty Bennet,Charlotte Lucas,333,Undirected,1
14,19,Kitty Bennet,Sir William Lucas,333,Undirected,1
9,14,Mrs. Bennet,Kitty Bennet,333,Undirected,1
9,11,Mrs. Bennet,Elizabeth Bennet,333,Undirected,1
9,17,Mrs. Bennet,Mr. Collins,333,Undirected,1
11,14,Elizabeth Bennet,Kitty Bennet,333,Undirected,1
17,30,Mr. Collins,Lady Catherine de Bourgh,333,Undirected,1
4,30,Mr. Bingley,Lady Catherine de Bourgh,333,Undirected,1
11,17,Elizabeth Bennet,Mr. Collins,333,Undirected,1
19,30,Sir William Lucas,Lady Catherine de Bourgh,333,Undirected,1
10,30,Jane Bennet,Lady Catherine de Bourgh,333,Undirected,1
16,19,Charlotte Lucas,Sir William Lucas,333,Undirected,1
4,14,Mr. Bingley,Kitty Bennet,333,Undirected,1
4,11,Mr. Bingley,Elizabeth Bennet,333,Undirected,1
4,17,Mr. Bingley,Mr. Collins,333,Undirected,1
9,10,Mrs. Bennet,Jane Bennet,333,Undirected,1
9,16,Mrs. Bennet,Charlotte Lucas,333,Undirected,1
14,30,Kitty Bennet,Lady Catherine de Bourgh,333,Undirected,1
10,11,Jane Bennet,Elizabeth Bennet,333,Undirected,1
9,19,Mrs. Bennet,Sir William Lucas,333,Undirected,1
11,16,Elizabeth Bennet,Charlotte Lucas,333,Undirected,1
10,14,Jane Bennet,Kitty Bennet,333,Undirected,1
11,19,Elizabeth Bennet,Sir William Lucas,333,Undirected,1
10,17,Jane Bennet,Mr. Collins,333,Undirected,1
16,30,Charlotte Lucas,Lady Catherine de Bourgh,333,Undirected,1
4,10,Mr. Bingley,Jane Bennet,333,Undirected,1
4,16,Mr. Bingley,Charlotte Lucas,333,Undirected,1
4,19,Mr. Bingley,Sir William Lucas,333,Undirected,1
14,17,Kitty Bennet,Mr. Collins,333,Undirected,1
17,19,Mr. Collins,Sir William Lucas,333,Undirected,1
10,16,Jane Bennet,Charlotte Lucas,333,Undirected,1
10,19,Jane Bennet,Sir William Lucas,333,Undirected,1
11,30,Elizabeth Bennet,Lady Catherine de Bourgh,333,Undirected,1
9,30,Mrs. Bennet,Lady Catherine de Bourgh,333,Undirected,1
16,17,Charlotte Lucas,Mr. Collins,333,Undirected,1
10,11,Jane Bennet,Elizabeth Bennet,334,Undirected,1
5,11,Mr. Darcy,Elizabeth Bennet,334,Undirected,1
10,30,Jane Bennet,Lady Catherine de Bourgh,334,Undirected,1
5,30,Mr. Darcy,Lady Catherine de Bourgh,334,Undirected,1
86,30,Lady Catherine de Bourgh's waiting-woman,Lady Catherine de Bourgh,334,Undirected,1
11,86,Elizabeth Bennet,Lady Catherine de Bourgh's waiting-woman,334,Undirected,1
5,10,Mr. Darcy,Jane Bennet,334,Undirected,1
11,30,Elizabeth Bennet,Lady Catherine de Bourgh,334,Undirected,1
10,86,Jane Bennet,Lady Catherine de Bourgh's waiting-woman,334,Undirected,1
5,86,Mr. Darcy,Lady Catherine de Bourgh's waiting-woman,334,Undirected,1
5,10,Mr. Darcy,Jane Bennet,335,Undirected,1
9,14,Mrs. Bennet,Kitty Bennet,335,Undirected,1
33,5,Miss de Bourgh,Mr. Darcy,335,Undirected,1
33,11,Miss de Bourgh,Elizabeth Bennet,335,Undirected,1
9,11,Mrs. Bennet,Elizabeth Bennet,335,Undirected,1
11,14,Elizabeth Bennet,Kitty Bennet,335,Undirected,1
33,14,Miss de Bourgh,Kitty Bennet,335,Undirected,1
10,12,Jane Bennet,Mary Bennet,335,Undirected,1
10,30,Jane Bennet,Lady Catherine de Bourgh,335,Undirected,1
5,9,Mr. Darcy,Mrs. Bennet,335,Undirected,1
5,12,Mr. Darcy,Mary Bennet,335,Undirected,1
12,30,Mary Bennet,Lady Catherine de Bourgh,335,Undirected,1
9,10,Mrs. Bennet,Jane Bennet,335,Undirected,1
14,30,Kitty Bennet,Lady Catherine de Bourgh,335,Undirected,1
10,11,Jane Bennet,Elizabeth Bennet,335,Undirected,1
33,10,Miss de Bourgh,Jane Bennet,335,Undirected,1
5,30,Mr. Darcy,Lady Catherine de Bourgh,335,Undirected,1
10,14,Jane Bennet,Kitty Bennet,335,Undirected,1
12,14,Mary Bennet,Kitty Bennet,335,Undirected,1
5,11,Mr. Darcy,Elizabeth Bennet,335,Undirected,1
5,14,Mr. Darcy,Kitty Bennet,335,Undirected,1
9,12,Mrs. Bennet,Mary Bennet,335,Undirected,1
33,9,Miss de Bourgh,Mrs. Bennet,335,Undirected,1
11,12,Elizabeth Bennet,Mary Bennet,335,Undirected,1
33,12,Miss de Bourgh,Mary Bennet,335,Undirected,1
11,30,Elizabeth Bennet,Lady Catherine de Bourgh,335,Undirected,1
33,30,Miss de Bourgh,Lady Catherine de Bourgh,335,Undirected,1
9,30,Mrs. Bennet,Lady Catherine de Bourgh,335,Undirected,1
87,30,Mr. Darcy's friends,Lady Catherine de Bourgh,336,Undirected,1
11,87,Elizabeth Bennet,Mr. Darcy's friends,336,Undirected,1
33,87,Miss de Bourgh,Mr. Darcy's friends,336,Undirected,1
5,11,Mr. Darcy,Elizabeth Bennet,336,Undirected,1
44,87,Mr. Darcy's mother,Mr. Darcy's friends,336,Undirected,1
5,30,Mr. Darcy,Lady Catherine de Bourgh,336,Undirected,1
33,44,Miss de Bourgh,Mr. Darcy's mother,336,Undirected,1
5,87,Mr. Darcy,Mr. Darcy's friends,336,Undirected,1
44,30,Mr. Darcy's mother,Lady Catherine de Bourgh,336,Undirected,1
11,44,Elizabeth Bennet,Mr. Darcy's mother,336,Undirected,1
5,44,Mr. Darcy,Mr. Darcy's mother,336,Undirected,1
33,5,Miss de Bourgh,Mr. Darcy,336,Undirected,1
33,11,Miss de Bourgh,Elizabeth Bennet,336,Undirected,1
11,30,Elizabeth Bennet,Lady Catherine de Bourgh,336,Undirected,1
33,30,Miss de Bourgh,Lady Catherine de Bourgh,336,Undirected,1
24,30,Mr. Gardiner,Lady Catherine de Bourgh,337,Undirected,1
25,29,Mrs. Gardiner,Mr. Darcy's father,337,Undirected,1
8,9,Mr. Bennet,Mrs. Bennet,337,Undirected,1
33,5,Miss de Bourgh,Mr. Darcy,337,Undirected,1
5,25,Mr. Darcy,Mrs. Gardiner,337,Undirected,1
33,11,Miss de Bourgh,Elizabeth Bennet,337,Undirected,1
9,11,Mrs. Bennet,Elizabeth Bennet,337,Undirected,1
33,8,Miss de Bourgh,Mr. Bennet,337,Undirected,1
8,24,Mr. Bennet,Mr. Gardiner,337,Undirected,1
8,30,Mr. Bennet,Lady Catherine de Bourgh,337,Undirected,1
9,29,Mrs. Bennet,Mr. Darcy's father,337,Undirected,1
11,29,Elizabeth Bennet,Mr. Darcy's father,337,Undirected,1
33,29,Miss de Bourgh,Mr. Darcy's father,337,Undirected,1
44,29,Mr. Darcy's mother,Mr. Darcy's father,337,Undirected,1
24,29,Mr. Gardiner,Mr. Darcy's father,337,Undirected,1
33,44,Miss de Bourgh,Mr. Darcy's mother,337,Undirected,1
9,44,Mrs. Bennet,Mr. Darcy's mother,337,Undirected,1
11,44,Elizabeth Bennet,Mr. Darcy's mother,337,Undirected,1
5,44,Mr. Darcy,Mr. Darcy's mother,337,Undirected,1
5,9,Mr. Darcy,Mrs. Bennet,337,Undirected,1
8,11,Mr. Bennet,Elizabeth Bennet,337,Undirected,1
11,30,Elizabeth Bennet,Lady Catherine de Bourgh,337,Undirected,1
5,24,Mr. Darcy,Mr. Gardiner,337,Undirected,1
5,30,Mr. Darcy,Lady Catherine de Bourgh,337,Undirected,1
44,25,Mr. Darcy's mother,Mrs. Gardiner,337,Undirected,1
9,25,Mrs. Bennet,Mrs. Gardiner,337,Undirected,1
8,29,Mr. Bennet,Mr. Darcy's father,337,Undirected,1
44,30,Mr. Darcy's mother,Lady Catherine de Bourgh,337,Undirected,1
24,25,Mr. Gardiner,Mrs. Gardiner,337,Undirected,1
11,25,Elizabeth Bennet,Mrs. Gardiner,337,Undirected,1
33,25,Miss de Bourgh,Mrs. Gardiner,337,Undirected,1
8,44,Mr. Bennet,Mr. Darcy's mother,337,Undirected,1
11,24,Elizabeth Bennet,Mr. Gardiner,337,Undirected,1
25,30,Mrs. Gardiner,Lady Catherine de Bourgh,337,Undirected,1
29,30,Mr. Darcy's father,Lady Catherine de Bourgh,337,Undirected,1
5,11,Mr. Darcy,Elizabeth Bennet,337,Undirected,1
44,24,Mr. Darcy's mother,Mr. Gardiner,337,Undirected,1
5,8,Mr. Darcy,Mr. Bennet,337,Undirected,1
33,9,Miss de Bourgh,Mrs. Bennet,337,Undirected,1
9,24,Mrs. Bennet,Mr. Gardiner,337,Undirected,1
5,29,Mr. Darcy,Mr. Darcy's father,337,Undirected,1
8,25,Mr. Bennet,Mrs. Gardiner,337,Undirected,1
33,24,Miss de Bourgh,Mr. Gardiner,337,Undirected,1
33,30,Miss de Bourgh,Lady Catherine de Bourgh,337,Undirected,1
9,30,Mrs. Bennet,Lady Catherine de Bourgh,337,Undirected,1
13,30,Lydia Bennet,Lady Catherine de Bourgh,338,Undirected,1
24,30,Mr. Gardiner,Lady Catherine de Bourgh,338,Undirected,1
25,29,Mrs. Gardiner,Mr. Darcy's father,338,Undirected,1
87,25,Mr. Darcy's friends,Mrs. Gardiner,338,Undirected,1
5,13,Mr. Darcy,Lydia Bennet,338,Undirected,1
42,11,Mr. Wickham's father,Elizabeth Bennet,338,Undirected,1
23,25,Mr. Wickham,Mrs. Gardiner,338,Undirected,1
5,25,Mr. Darcy,Mrs. Gardiner,338,Undirected,1
42,23,Mr. Wickham's father,Mr. Wickham,338,Undirected,1
42,87,Mr. Wickham's father,Mr. Darcy's friends,338,Undirected,1
8,24,Mr. Bennet,Mr. Gardiner,338,Undirected,1
8,30,Mr. Bennet,Lady Catherine de Bourgh,338,Undirected,1
11,23,Elizabeth Bennet,Mr. Wickham,338,Undirected,1
11,87,Elizabeth Bennet,Mr. Darcy's friends,338,Undirected,1
42,29,Mr. Wickham's father,Mr. Darcy's father,338,Undirected,1
13,23,Lydia Bennet,Mr. Wickham,338,Undirected,1
11,29,Elizabeth Bennet,Mr. Darcy's father,338,Undirected,1
13,87,Lydia Bennet,Mr. Darcy's friends,338,Undirected,1
8,42,Mr. Bennet,Mr. Wickham's father,338,Undirected,1
13,29,Lydia Bennet,Mr. Darcy's father,338,Undirected,1
24,29,Mr. Gardiner,Mr. Darcy's father,338,Undirected,1
87,24,Mr. Darcy's friends,Mr. Gardiner,338,Undirected,1
87,30,Mr. Darcy's friends,Lady Catherine de Bourgh,338,Undirected,1
23,24,Mr. Wickham,Mr. Gardiner,338,Undirected,1
23,30,Mr. Wickham,Lady Catherine de Bourgh,338,Undirected,1
8,11,Mr. Bennet,Elizabeth Bennet,338,Undirected,1
42,13,Mr. Wickham's father,Lydia Bennet,338,Undirected,1
5,24,Mr. Darcy,Mr. Gardiner,338,Undirected,1
5,30,Mr. Darcy,Lady Catherine de Bourgh,338,Undirected,1
8,23,Mr. Bennet,Mr. Wickham,338,Undirected,1
11,13,Elizabeth Bennet,Lydia Bennet,338,Undirected,1
8,87,Mr. Bennet,Mr. Darcy's friends,338,Undirected,1
42,25,Mr. Wickham's father,Mrs. Gardiner,338,Undirected,1
8,29,Mr. Bennet,Mr. Darcy's father,338,Undirected,1
5,42,Mr. Darcy,Mr. Wickham's father,338,Undirected,1
24,25,Mr. Gardiner,Mrs. Gardiner,338,Undirected,1
11,25,Elizabeth Bennet,Mrs. Gardiner,338,Undirected,1
13,25,Lydia Bennet,Mrs. Gardiner,338,Undirected,1
11,24,Elizabeth Bennet,Mr. Gardiner,338,Undirected,1
25,30,Mrs. Gardiner,Lady Catherine de Bourgh,338,Undirected,1
29,30,Mr. Darcy's father,Lady Catherine de Bourgh,338,Undirected,1
5,11,Mr. Darcy,Elizabeth Bennet,338,Undirected,1
23,87,Mr. Wickham,Mr. Darcy's friends,338,Undirected,1
5,8,Mr. Darcy,Mr. Bennet,338,Undirected,1
87,29,Mr. Darcy's friends,Mr. Darcy's father,338,Undirected,1
23,29,Mr. Wickham,Mr. Darcy's father,338,Undirected,1
5,23,Mr. Darcy,Mr. Wickham,338,Undirected,1
5,87,Mr. Darcy,Mr. Darcy's friends,338,Undirected,1
8,13,Mr. Bennet,Lydia Bennet,338,Undirected,1
5,29,Mr. Darcy,Mr. Darcy's father,338,Undirected,1
42,24,Mr. Wickham's father,Mr. Gardiner,338,Undirected,1
42,30,Mr. Wickham's father,Lady Catherine de Bourgh,338,Undirected,1
8,25,Mr. Bennet,Mrs. Gardiner,338,Undirected,1
11,30,Elizabeth Bennet,Lady Catherine de Bourgh,338,Undirected,1
13,24,Lydia Bennet,Mr. Gardiner,338,Undirected,1
9,16,Mrs. Bennet,Charlotte Lucas,339,Undirected,1
11,30,Elizabeth Bennet,Lady Catherine de Bourgh,339,Undirected,1
5,11,Mr. Darcy,Elizabeth Bennet,339,Undirected,1
11,16,Elizabeth Bennet,Charlotte Lucas,339,Undirected,1
5,30,Mr. Darcy,Lady Catherine de Bourgh,339,Undirected,1
9,11,Mrs. Bennet,Elizabeth Bennet,339,Undirected,1
5,17,Mr. Darcy,Mr. Collins,339,Undirected,1
5,16,Mr. Darcy,Charlotte Lucas,339,Undirected,1
16,30,Charlotte Lucas,Lady Catherine de Bourgh,339,Undirected,1
5,9,Mr. Darcy,Mrs. Bennet,339,Undirected,1
9,17,Mrs. Bennet,Mr. Collins,339,Undirected,1
9,30,Mrs. Bennet,Lady Catherine de Bourgh,339,Undirected,1
17,30,Mr. Collins,Lady Catherine de Bourgh,339,Undirected,1
16,17,Charlotte Lucas,Mr. Collins,339,Undirected,1
11,17,Elizabeth Bennet,Mr. Collins,339,Undirected,1
5,10,Mr. Darcy,Jane Bennet,340,Undirected,1
5,16,Mr. Darcy,Charlotte Lucas,340,Undirected,1
17,30,Mr. Collins,Lady Catherine de Bourgh,340,Undirected,1
4,30,Mr. Bingley,Lady Catherine de Bourgh,340,Undirected,1
11,17,Elizabeth Bennet,Mr. Collins,340,Undirected,1
10,30,Jane Bennet,Lady Catherine de Bourgh,340,Undirected,1
4,5,Mr. Bingley,Mr. Darcy,340,Undirected,1
4,11,Mr. Bingley,Elizabeth Bennet,340,Undirected,1
4,17,Mr. Bingley,Mr. Collins,340,Undirected,1
10,11,Jane Bennet,Elizabeth Bennet,340,Undirected,1
11,16,Elizabeth Bennet,Charlotte Lucas,340,Undirected,1
5,30,Mr. Darcy,Lady Catherine de Bourgh,340,Undirected,1
10,17,Jane Bennet,Mr. Collins,340,Undirected,1
16,30,Charlotte Lucas,Lady Catherine de Bourgh,340,Undirected,1
4,10,Mr. Bingley,Jane Bennet,340,Undirected,1
4,16,Mr. Bingley,Charlotte Lucas,340,Undirected,1
5,11,Mr. Darcy,Elizabeth Bennet,340,Undirected,1
5,17,Mr. Darcy,Mr. Collins,340,Undirected,1
10,16,Jane Bennet,Charlotte Lucas,340,Undirected,1
11,30,Elizabeth Bennet,Lady Catherine de Bourgh,340,Undirected,1
16,17,Charlotte Lucas,Mr. Collins,340,Undirected,1
4,9,Mr. Bingley,Mrs. Bennet,341,Undirected,1
4,12,Mr. Bingley,Mary Bennet,341,Undirected,1
5,10,Mr. Darcy,Jane Bennet,341,Undirected,1
8,9,Mr. Bennet,Mrs. Bennet,341,Undirected,1
9,14,Mrs. Bennet,Kitty Bennet,341,Undirected,1
8,12,Mr. Bennet,Mary Bennet,341,Undirected,1
9,11,Mrs. Bennet,Elizabeth Bennet,341,Undirected,1
11,14,Elizabeth Bennet,Kitty Bennet,341,Undirected,1
10,12,Jane Bennet,Mary Bennet,341,Undirected,1
4,30,Mr. Bingley,Lady Catherine de Bourgh,341,Undirected,1
8,30,Mr. Bennet,Lady Catherine de Bourgh,341,Undirected,1
10,30,Jane Bennet,Lady Catherine de Bourgh,341,Undirected,1
4,5,Mr. Bingley,Mr. Darcy,341,Undirected,1
4,8,Mr. Bingley,Mr. Bennet,341,Undirected,1
4,14,Mr. Bingley,Kitty Bennet,341,Undirected,1
5,9,Mr. Darcy,Mrs. Bennet,341,Undirected,1
4,11,Mr. Bingley,Elizabeth Bennet,341,Undirected,1
5,12,Mr. Darcy,Mary Bennet,341,Undirected,1
8,11,Mr. Bennet,Elizabeth Bennet,341,Undirected,1
12,30,Mary Bennet,Lady Catherine de Bourgh,341,Undirected,1
9,10,Mrs. Bennet,Jane Bennet,341,Undirected,1
8,14,Mr. Bennet,Kitty Bennet,341,Undirected,1
10,11,Jane Bennet,Elizabeth Bennet,341,Undirected,1
14,30,Kitty Bennet,Lady Catherine de Bourgh,341,Undirected,1
5,30,Mr. Darcy,Lady Catherine de Bourgh,341,Undirected,1
10,14,Jane Bennet,Kitty Bennet,341,Undirected,1
12,14,Mary Bennet,Kitty Bennet,341,Undirected,1
4,10,Mr. Bingley,Jane Bennet,341,Undirected,1
5,11,Mr. Darcy,Elizabeth Bennet,341,Undirected,1
5,8,Mr. Darcy,Mr. Bennet,341,Undirected,1
5,14,Mr. Darcy,Kitty Bennet,341,Undirected,1
9,12,Mrs. Bennet,Mary Bennet,341,Undirected,1
8,10,Mr. Bennet,Jane Bennet,341,Undirected,1
11,12,Elizabeth Bennet,Mary Bennet,341,Undirected,1
11,30,Elizabeth Bennet,Lady Catherine de Bourgh,341,Undirected,1
9,30,Mrs. Bennet,Lady Catherine de Bourgh,341,Undirected,1
5,10,Mr. Darcy,Jane Bennet,342,Undirected,1
5,16,Mr. Darcy,Charlotte Lucas,342,Undirected,1
17,30,Mr. Collins,Lady Catherine de Bourgh,342,Undirected,1
11,17,Elizabeth Bennet,Mr. Collins,342,Undirected,1
8,30,Mr. Bennet,Lady Catherine de Bourgh,342,Undirected,1
10,30,Jane Bennet,Lady Catherine de Bourgh,342,Undirected,1
8,11,Mr. Bennet,Elizabeth Bennet,342,Undirected,1
10,11,Jane Bennet,Elizabeth Bennet,342,Undirected,1
8,17,Mr. Bennet,Mr. Collins,342,Undirected,1
5,30,Mr. Darcy,Lady Catherine de Bourgh,342,Undirected,1
11,16,Elizabeth Bennet,Charlotte Lucas,342,Undirected,1
10,17,Jane Bennet,Mr. Collins,342,Undirected,1
16,30,Charlotte Lucas,Lady Catherine de Bourgh,342,Undirected,1
5,11,Mr. Darcy,Elizabeth Bennet,342,Undirected,1
5,8,Mr. Darcy,Mr. Bennet,342,Undirected,1
5,17,Mr. Darcy,Mr. Collins,342,Undirected,1
8,10,Mr. Bennet,Jane Bennet,342,Undirected,1
8,16,Mr. Bennet,Charlotte Lucas,342,Undirected,1
10,16,Jane Bennet,Charlotte Lucas,342,Undirected,1
11,30,Elizabeth Bennet,Lady Catherine de Bourgh,342,Undirected,1
16,17,Charlotte Lucas,Mr. Collins,342,Undirected,1
13,30,Lydia Bennet,Lady Catherine de Bourgh,343,Undirected,1
5,13,Mr. Darcy,Lydia Bennet,343,Undirected,1
5,16,Mr. Darcy,Charlotte Lucas,343,Undirected,1
17,30,Mr. Collins,Lady Catherine de Bourgh,343,Undirected,1
11,17,Elizabeth Bennet,Mr. Collins,343,Undirected,1
11,23,Elizabeth Bennet,Mr. Wickham,343,Undirected,1
8,30,Mr. Bennet,Lady Catherine de Bourgh,343,Undirected,1
13,17,Lydia Bennet,Mr. Collins,343,Undirected,1
13,23,Lydia Bennet,Mr. Wickham,343,Undirected,1
23,30,Mr. Wickham,Lady Catherine de Bourgh,343,Undirected,1
8,11,Mr. Bennet,Elizabeth Bennet,343,Undirected,1
17,23,Mr. Collins,Mr. Wickham,343,Undirected,1
8,17,Mr. Bennet,Mr. Collins,343,Undirected,1
5,30,Mr. Darcy,Lady Catherine de Bourgh,343,Undirected,1
8,23,Mr. Bennet,Mr. Wickham,343,Undirected,1
11,13,Elizabeth Bennet,Lydia Bennet,343,Undirected,1
11,16,Elizabeth Bennet,Charlotte Lucas,343,Undirected,1
13,16,Lydia Bennet,Charlotte Lucas,343,Undirected,1
16,30,Charlotte Lucas,Lady Catherine de Bourgh,343,Undirected,1
5,11,Mr. Darcy,Elizabeth Bennet,343,Undirected,1
5,8,Mr. Darcy,Mr. Bennet,343,Undirected,1
5,17,Mr. Darcy,Mr. Collins,343,Undirected,1
5,23,Mr. Darcy,Mr. Wickham,343,Undirected,1
8,16,Mr. Bennet,Charlotte Lucas,343,Undirected,1
8,13,Mr. Bennet,Lydia Bennet,343,Undirected,1
11,30,Elizabeth Bennet,Lady Catherine de Bourgh,343,Undirected,1
16,17,Charlotte Lucas,Mr. Collins,343,Undirected,1
16,23,Charlotte Lucas,Mr. Wickham,343,Undirected,1
11,23,Elizabeth Bennet,Mr. Wickham,344,Undirected,1
8,30,Mr. Bennet,Lady Catherine de Bourgh,344,Undirected,1
17,23,Mr. Collins,Mr. Wickham,344,Undirected,1
5,11,Mr. Darcy,Elizabeth Bennet,344,Undirected,1
8,17,Mr. Bennet,Mr. Collins,344,Undirected,1
5,30,Mr. Darcy,Lady Catherine de Bourgh,344,Undirected,1
5,8,Mr. Darcy,Mr. Bennet,344,Undirected,1
8,23,Mr. Bennet,Mr. Wickham,344,Undirected,1
5,17,Mr. Darcy,Mr. Collins,344,Undirected,1
5,23,Mr. Darcy,Mr. Wickham,344,Undirected,1
11,30,Elizabeth Bennet,Lady Catherine de Bourgh,344,Undirected,1
17,30,Mr. Collins,Lady Catherine de Bourgh,344,Undirected,1
23,30,Mr. Wickham,Lady Catherine de Bourgh,344,Undirected,1
8,11,Mr. Bennet,Elizabeth Bennet,344,Undirected,1
11,17,Elizabeth Bennet,Mr. Collins,344,Undirected,1
13,30,Lydia Bennet,Lady Catherine de Bourgh,345,Undirected,1
4,9,Mr. Bingley,Mrs. Bennet,345,Undirected,1
4,12,Mr. Bingley,Mary Bennet,345,Undirected,1
12,13,Mary Bennet,Lydia Bennet,345,Undirected,1
5,13,Mr. Darcy,Lydia Bennet,345,Undirected,1
5,10,Mr. Darcy,Jane Bennet,345,Undirected,1
8,9,Mr. Bennet,Mrs. Bennet,345,Undirected,1
9,14,Mrs. Bennet,Kitty Bennet,345,Undirected,1
8,12,Mr. Bennet,Mary Bennet,345,Undirected,1
9,11,Mrs. Bennet,Elizabeth Bennet,345,Undirected,1
11,14,Elizabeth Bennet,Kitty Bennet,345,Undirected,1
10,12,Jane Bennet,Mary Bennet,345,Undirected,1
4,30,Mr. Bingley,Lady Catherine de Bourgh,345,Undirected,1
9,20,Mrs. Bennet,Maria Lucas,345,Undirected,1
8,30,Mr. Bennet,Lady Catherine de Bourgh,345,Undirected,1
13,14,Lydia Bennet,Kitty Bennet,345,Undirected,1
11,20,Elizabeth Bennet,Maria Lucas,345,Undirected,1
10,30,Jane Bennet,Lady Catherine de Bourgh,345,Undirected,1
13,20,Lydia Bennet,Maria Lucas,345,Undirected,1
4,5,Mr. Bingley,Mr. Darcy,345,Undirected,1
4,8,Mr. Bingley,Mr. Bennet,345,Undirected,1
4,14,Mr. Bingley,Kitty Bennet,345,Undirected,1
5,9,Mr. Darcy,Mrs. Bennet,345,Undirected,1
4,11,Mr. Bingley,Elizabeth Bennet,345,Undirected,1
5,12,Mr. Darcy,Mary Bennet,345,Undirected,1
8,11,Mr. Bennet,Elizabeth Bennet,345,Undirected,1
4,20,Mr. Bingley,Maria Lucas,345,Undirected,1
9,10,Mrs. Bennet,Jane Bennet,345,Undirected,1
12,30,Mary Bennet,Lady Catherine de Bourgh,345,Undirected,1
8,14,Mr. Bennet,Kitty Bennet,345,Undirected,1
10,11,Jane Bennet,Elizabeth Bennet,345,Undirected,1
9,13,Mrs. Bennet,Lydia Bennet,345,Undirected,1
14,30,Kitty Bennet,Lady Catherine de Bourgh,345,Undirected,1
5,30,Mr. Darcy,Lady Catherine de Bourgh,345,Undirected,1
10,14,Jane Bennet,Kitty Bennet,345,Undirected,1
11,13,Elizabeth Bennet,Lydia Bennet,345,Undirected,1
8,20,Mr. Bennet,Maria Lucas,345,Undirected,1
10,20,Jane Bennet,Maria Lucas,345,Undirected,1
12,14,Mary Bennet,Kitty Bennet,345,Undirected,1
4,10,Mr. Bingley,Jane Bennet,345,Undirected,1
5,11,Mr. Darcy,Elizabeth Bennet,345,Undirected,1
4,13,Mr. Bingley,Lydia Bennet,345,Undirected,1
12,20,Mary Bennet,Maria Lucas,345,Undirected,1
5,8,Mr. Darcy,Mr. Bennet,345,Undirected,1
5,14,Mr. Darcy,Kitty Bennet,345,Undirected,1
20,30,Maria Lucas,Lady Catherine de Bourgh,345,Undirected,1
9,12,Mrs. Bennet,Mary Bennet,345,Undirected,1
8,10,Mr. Bennet,Jane Bennet,345,Undirected,1
14,20,Kitty Bennet,Maria Lucas,345,Undirected,1
10,13,Jane Bennet,Lydia Bennet,345,Undirected,1
5,20,Mr. Darcy,Maria Lucas,345,Undirected,1
8,13,Mr. Bennet,Lydia Bennet,345,Undirected,1
11,12,Elizabeth Bennet,Mary Bennet,345,Undirected,1
11,30,Elizabeth Bennet,Lady Catherine de Bourgh,345,Undirected,1
9,30,Mrs. Bennet,Lady Catherine de Bourgh,345,Undirected,1
12,13,Mary Bennet,Lydia Bennet,346,Undirected,1
5,13,Mr. Darcy,Lydia Bennet,346,Undirected,1
5,10,Mr. Darcy,Jane Bennet,346,Undirected,1
8,9,Mr. Bennet,Mrs. Bennet,346,Undirected,1
14,25,Kitty Bennet,Mrs. Gardiner,346,Undirected,1
12,25,Mary Bennet,Mrs. Gardiner,346,Undirected,1
9,14,Mrs. Bennet,Kitty Bennet,346,Undirected,1
8,12,Mr. Bennet,Mary Bennet,346,Undirected,1
5,25,Mr. Darcy,Mrs. Gardiner,346,Undirected,1
9,11,Mrs. Bennet,Elizabeth Bennet,346,Undirected,1
11,14,Elizabeth Bennet,Kitty Bennet,346,Undirected,1
10,12,Jane Bennet,Mary Bennet,346,Undirected,1
13,14,Lydia Bennet,Kitty Bennet,346,Undirected,1
5,9,Mr. Darcy,Mrs. Bennet,346,Undirected,1
5,12,Mr. Darcy,Mary Bennet,346,Undirected,1
8,11,Mr. Bennet,Elizabeth Bennet,346,Undirected,1
9,10,Mrs. Bennet,Jane Bennet,346,Undirected,1
8,14,Mr. Bennet,Kitty Bennet,346,Undirected,1
10,11,Jane Bennet,Elizabeth Bennet,346,Undirected,1
9,13,Mrs. Bennet,Lydia Bennet,346,Undirected,1
10,14,Jane Bennet,Kitty Bennet,346,Undirected,1
11,13,Elizabeth Bennet,Lydia Bennet,346,Undirected,1
9,25,Mrs. Bennet,Mrs. Gardiner,346,Undirected,1
11,25,Elizabeth Bennet,Mrs. Gardiner,346,Undirected,1
13,25,Lydia Bennet,Mrs. Gardiner,346,Undirected,1
12,14,Mary Bennet,Kitty Bennet,346,Undirected,1
5,11,Mr. Darcy,Elizabeth Bennet,346,Undirected,1
5,8,Mr. Darcy,Mr. Bennet,346,Undirected,1
5,14,Mr. Darcy,Kitty Bennet,346,Undirected,1
9,12,Mrs. Bennet,Mary Bennet,346,Undirected,1
8,10,Mr. Bennet,Jane Bennet,346,Undirected,1
10,13,Jane Bennet,Lydia Bennet,346,Undirected,1
8,13,Mr. Bennet,Lydia Bennet,346,Undirected,1
11,12,Elizabeth Bennet,Mary Bennet,346,Undirected,1
10,25,Jane Bennet,Mrs. Gardiner,346,Undirected,1
8,25,Mr. Bennet,Mrs. Gardiner,346,Undirected,1
11,30,Elizabeth Bennet,Lady Catherine de Bourgh,347,Undirected,1
11,5,Elizabeth Bennet,Mr. Darcy,347,Undirected,1
5,30,Mr. Darcy,Lady Catherine de Bourgh,347,Undirected,1
11,5,Elizabeth Bennet,Mr. Darcy,348,Undirected,1
29,44,Mr. Darcy's father,Mr. Darcy's mother,349,Undirected,1
11,44,Elizabeth Bennet,Mr. Darcy's mother,349,Undirected,1
11,5,Elizabeth Bennet,Mr. Darcy,349,Undirected,1
44,5,Mr. Darcy's mother,Mr. Darcy,349,Undirected,1
29,5,Mr. Darcy's father,Mr. Darcy,349,Undirected,1
29,11,Mr. Darcy's father,Elizabeth Bennet,349,Undirected,1
10,15,Jane Bennet,Miss Darcy,350,Undirected,1
4,10,Mr. Bingley,Jane Bennet,350,Undirected,1
5,15,Mr. Darcy,Miss Darcy,350,Undirected,1
10,11,Jane Bennet,Elizabeth Bennet,350,Undirected,1
5,11,Mr. Darcy,Elizabeth Bennet,350,Undirected,1
4,13,Mr. Bingley,Lydia Bennet,350,Undirected,1
11,13,Elizabeth Bennet,Lydia Bennet,350,Undirected,1
10,13,Jane Bennet,Lydia Bennet,350,Undirected,1
5,13,Mr. Darcy,Lydia Bennet,350,Undirected,1
4,15,Mr. Bingley,Miss Darcy,350,Undirected,1
4,5,Mr. Bingley,Mr. Darcy,350,Undirected,1
5,10,Mr. Darcy,Jane Bennet,350,Undirected,1
11,15,Elizabeth Bennet,Miss Darcy,350,Undirected,1
13,15,Lydia Bennet,Miss Darcy,350,Undirected,1
4,11,Mr. Bingley,Elizabeth Bennet,350,Undirected,1
10,5,Jane Bennet,Mr. Darcy,351,Undirected,1
10,11,Jane Bennet,Elizabeth Bennet,351,Undirected,1
10,4,Jane Bennet,Mr. Bingley,351,Undirected,1
4,5,Mr. Bingley,Mr. Darcy,351,Undirected,1
11,5,Elizabeth Bennet,Mr. Darcy,351,Undirected,1
11,4,Elizabeth Bennet,Mr. Bingley,351,Undirected,1
4,9,Mr. Bingley,Mrs. Bennet,352,Undirected,1
4,12,Mr. Bingley,Mary Bennet,352,Undirected,1
5,10,Mr. Darcy,Jane Bennet,352,Undirected,1
8,9,Mr. Bennet,Mrs. Bennet,352,Undirected,1
9,14,Mrs. Bennet,Kitty Bennet,352,Undirected,1
8,12,Mr. Bennet,Mary Bennet,352,Undirected,1
9,11,Mrs. Bennet,Elizabeth Bennet,352,Undirected,1
11,14,Elizabeth Bennet,Kitty Bennet,352,Undirected,1
10,12,Jane Bennet,Mary Bennet,352,Undirected,1
4,5,Mr. Bingley,Mr. Darcy,352,Undirected,1
4,8,Mr. Bingley,Mr. Bennet,352,Undirected,1
4,14,Mr. Bingley,Kitty Bennet,352,Undirected,1
5,9,Mr. Darcy,Mrs. Bennet,352,Undirected,1
4,11,Mr. Bingley,Elizabeth Bennet,352,Undirected,1
5,12,Mr. Darcy,Mary Bennet,352,Undirected,1
8,11,Mr. Bennet,Elizabeth Bennet,352,Undirected,1
9,10,Mrs. Bennet,Jane Bennet,352,Undirected,1
8,14,Mr. Bennet,Kitty Bennet,352,Undirected,1
10,11,Jane Bennet,Elizabeth Bennet,352,Undirected,1
10,14,Jane Bennet,Kitty Bennet,352,Undirected,1
12,14,Mary Bennet,Kitty Bennet,352,Undirected,1
4,10,Mr. Bingley,Jane Bennet,352,Undirected,1
5,11,Mr. Darcy,Elizabeth Bennet,352,Undirected,1
5,8,Mr. Darcy,Mr. Bennet,352,Undirected,1
5,14,Mr. Darcy,Kitty Bennet,352,Undirected,1
9,12,Mrs. Bennet,Mary Bennet,352,Undirected,1
8,10,Mr. Bennet,Jane Bennet,352,Undirected,1
11,12,Elizabeth Bennet,Mary Bennet,352,Undirected,1
10,5,Jane Bennet,Mr. Darcy,353,Undirected,1
10,11,Jane Bennet,Elizabeth Bennet,353,Undirected,1
10,4,Jane Bennet,Mr. Bingley,353,Undirected,1
4,5,Mr. Bingley,Mr. Darcy,353,Undirected,1
11,5,Elizabeth Bennet,Mr. Darcy,353,Undirected,1
11,4,Elizabeth Bennet,Mr. Bingley,353,Undirected,1
4,9,Mr. Bingley,Mrs. Bennet,354,Undirected,1
5,10,Mr. Darcy,Jane Bennet,354,Undirected,1
8,9,Mr. Bennet,Mrs. Bennet,354,Undirected,1
9,14,Mrs. Bennet,Kitty Bennet,354,Undirected,1
9,11,Mrs. Bennet,Elizabeth Bennet,354,Undirected,1
11,14,Elizabeth Bennet,Kitty Bennet,354,Undirected,1
4,5,Mr. Bingley,Mr. Darcy,354,Undirected,1
4,8,Mr. Bingley,Mr. Bennet,354,Undirected,1
4,14,Mr. Bingley,Kitty Bennet,354,Undirected,1
5,9,Mr. Darcy,Mrs. Bennet,354,Undirected,1
4,11,Mr. Bingley,Elizabeth Bennet,354,Undirected,1
8,11,Mr. Bennet,Elizabeth Bennet,354,Undirected,1
9,10,Mrs. Bennet,Jane Bennet,354,Undirected,1
8,14,Mr. Bennet,Kitty Bennet,354,Undirected,1
10,11,Jane Bennet,Elizabeth Bennet,354,Undirected,1
10,14,Jane Bennet,Kitty Bennet,354,Undirected,1
4,10,Mr. Bingley,Jane Bennet,354,Undirected,1
5,11,Mr. Darcy,Elizabeth Bennet,354,Undirected,1
5,8,Mr. Darcy,Mr. Bennet,354,Undirected,1
5,14,Mr. Darcy,Kitty Bennet,354,Undirected,1
8,10,Mr. Bennet,Jane Bennet,354,Undirected,1
9,10,Mrs. Bennet,Jane Bennet,355,Undirected,1
8,14,Mr. Bennet,Kitty Bennet,355,Undirected,1
10,11,Jane Bennet,Elizabeth Bennet,355,Undirected,1
5,11,Mr. Darcy,Elizabeth Bennet,355,Undirected,1
5,8,Mr. Darcy,Mr. Bennet,355,Undirected,1
5,14,Mr. Darcy,Kitty Bennet,355,Undirected,1
10,14,Jane Bennet,Kitty Bennet,355,Undirected,1
9,11,Mrs. Bennet,Elizabeth Bennet,355,Undirected,1
8,10,Mr. Bennet,Jane Bennet,355,Undirected,1
5,10,Mr. Darcy,Jane Bennet,355,Undirected,1
8,9,Mr. Bennet,Mrs. Bennet,355,Undirected,1
9,14,Mrs. Bennet,Kitty Bennet,355,Undirected,1
5,9,Mr. Darcy,Mrs. Bennet,355,Undirected,1
11,14,Elizabeth Bennet,Kitty Bennet,355,Undirected,1
8,11,Mr. Bennet,Elizabeth Bennet,355,Undirected,1
10,11,Jane Bennet,Elizabeth Bennet,356,Undirected,1
5,11,Mr. Darcy,Elizabeth Bennet,356,Undirected,1
5,8,Mr. Darcy,Mr. Bennet,356,Undirected,1
11,13,Elizabeth Bennet,Lydia Bennet,356,Undirected,1
8,10,Mr. Bennet,Jane Bennet,356,Undirected,1
10,13,Jane Bennet,Lydia Bennet,356,Undirected,1
5,13,Mr. Darcy,Lydia Bennet,356,Undirected,1
8,13,Mr. Bennet,Lydia Bennet,356,Undirected,1
5,10,Mr. Darcy,Jane Bennet,356,Undirected,1
8,11,Mr. Bennet,Elizabeth Bennet,356,Undirected,1
12,13,Mary Bennet,Lydia Bennet,357,Undirected,1
5,13,Mr. Darcy,Lydia Bennet,357,Undirected,1
5,10,Mr. Darcy,Jane Bennet,357,Undirected,1
8,9,Mr. Bennet,Mrs. Bennet,357,Undirected,1
9,14,Mrs. Bennet,Kitty Bennet,357,Undirected,1
8,12,Mr. Bennet,Mary Bennet,357,Undirected,1
9,11,Mrs. Bennet,Elizabeth Bennet,357,Undirected,1
9,17,Mrs. Bennet,Mr. Collins,357,Undirected,1
11,14,Elizabeth Bennet,Kitty Bennet,357,Undirected,1
10,12,Jane Bennet,Mary Bennet,357,Undirected,1
17,24,Mr. Collins,Mr. Gardiner,357,Undirected,1
11,17,Elizabeth Bennet,Mr. Collins,357,Undirected,1
8,24,Mr. Bennet,Mr. Gardiner,357,Undirected,1
11,23,Elizabeth Bennet,Mr. Wickham,357,Undirected,1
9,23,Mrs. Bennet,Mr. Wickham,357,Undirected,1
13,14,Lydia Bennet,Kitty Bennet,357,Undirected,1
10,24,Jane Bennet,Mr. Gardiner,357,Undirected,1
13,17,Lydia Bennet,Mr. Collins,357,Undirected,1
13,23,Lydia Bennet,Mr. Wickham,357,Undirected,1
5,9,Mr. Darcy,Mrs. Bennet,357,Undirected,1
12,24,Mary Bennet,Mr. Gardiner,357,Undirected,1
5,12,Mr. Darcy,Mary Bennet,357,Undirected,1
8,11,Mr. Bennet,Elizabeth Bennet,357,Undirected,1
23,24,Mr. Wickham,Mr. Gardiner,357,Undirected,1
9,10,Mrs. Bennet,Jane Bennet,357,Undirected,1
14,24,Kitty Bennet,Mr. Gardiner,357,Undirected,1
8,14,Mr. Bennet,Kitty Bennet,357,Undirected,1
10,11,Jane Bennet,Elizabeth Bennet,357,Undirected,1
9,13,Mrs. Bennet,Lydia Bennet,357,Undirected,1
17,23,Mr. Collins,Mr. Wickham,357,Undirected,1
5,24,Mr. Darcy,Mr. Gardiner,357,Undirected,1
8,17,Mr. Bennet,Mr. Collins,357,Undirected,1
8,23,Mr. Bennet,Mr. Wickham,357,Undirected,1
10,14,Jane Bennet,Kitty Bennet,357,Undirected,1
11,13,Elizabeth Bennet,Lydia Bennet,357,Undirected,1
10,17,Jane Bennet,Mr. Collins,357,Undirected,1
10,23,Jane Bennet,Mr. Wickham,357,Undirected,1
12,14,Mary Bennet,Kitty Bennet,357,Undirected,1
12,17,Mary Bennet,Mr. Collins,357,Undirected,1
12,23,Mary Bennet,Mr. Wickham,357,Undirected,1
5,11,Mr. Darcy,Elizabeth Bennet,357,Undirected,1
5,8,Mr. Darcy,Mr. Bennet,357,Undirected,1
5,14,Mr. Darcy,Kitty Bennet,357,Undirected,1
14,17,Kitty Bennet,Mr. Collins,357,Undirected,1
14,23,Kitty Bennet,Mr. Wickham,357,Undirected,1
9,12,Mrs. Bennet,Mary Bennet,357,Undirected,1
5,17,Mr. Darcy,Mr. Collins,357,Undirected,1
5,23,Mr. Darcy,Mr. Wickham,357,Undirected,1
8,10,Mr. Bennet,Jane Bennet,357,Undirected,1
10,13,Jane Bennet,Lydia Bennet,357,Undirected,1
8,13,Mr. Bennet,Lydia Bennet,357,Undirected,1
11,12,Elizabeth Bennet,Mary Bennet,357,Undirected,1
9,24,Mrs. Bennet,Mr. Gardiner,357,Undirected,1
11,24,Elizabeth Bennet,Mr. Gardiner,357,Undirected,1
13,24,Lydia Bennet,Mr. Gardiner,357,Undirected,1
4,9,Mr. Bingley,Mrs. Bennet,358,Undirected,1
5,10,Mr. Darcy,Jane Bennet,358,Undirected,1
8,9,Mr. Bennet,Mrs. Bennet,358,Undirected,1
9,11,Mrs. Bennet,Elizabeth Bennet,358,Undirected,1
11,23,Elizabeth Bennet,Mr. Wickham,358,Undirected,1
9,23,Mrs. Bennet,Mr. Wickham,358,Undirected,1
4,5,Mr. Bingley,Mr. Darcy,358,Undirected,1
4,8,Mr. Bingley,Mr. Bennet,358,Undirected,1
5,9,Mr. Darcy,Mrs. Bennet,358,Undirected,1
4,11,Mr. Bingley,Elizabeth Bennet,358,Undirected,1
8,11,Mr. Bennet,Elizabeth Bennet,358,Undirected,1
9,10,Mrs. Bennet,Jane Bennet,358,Undirected,1
4,23,Mr. Bingley,Mr. Wickham,358,Undirected,1
10,11,Jane Bennet,Elizabeth Bennet,358,Undirected,1
8,23,Mr. Bennet,Mr. Wickham,358,Undirected,1
10,23,Jane Bennet,Mr. Wickham,358,Undirected,1
4,10,Mr. Bingley,Jane Bennet,358,Undirected,1
5,11,Mr. Darcy,Elizabeth Bennet,358,Undirected,1
5,8,Mr. Darcy,Mr. Bennet,358,Undirected,1
8,10,Mr. Bennet,Jane Bennet,358,Undirected,1
5,23,Mr. Darcy,Mr. Wickham,358,Undirected,1
11,5,Elizabeth Bennet,Mr. Darcy,359,Undirected,1
13,30,Lydia Bennet,Lady Catherine de Bourgh,360,Undirected,1
10,11,Jane Bennet,Elizabeth Bennet,360,Undirected,1
5,11,Mr. Darcy,Elizabeth Bennet,360,Undirected,1
10,30,Jane Bennet,Lady Catherine de Bourgh,360,Undirected,1
5,30,Mr. Darcy,Lady Catherine de Bourgh,360,Undirected,1
11,13,Elizabeth Bennet,Lydia Bennet,360,Undirected,1
10,13,Jane Bennet,Lydia Bennet,360,Undirected,1
5,13,Mr. Darcy,Lydia Bennet,360,Undirected,1
5,10,Mr. Darcy,Jane Bennet,360,Undirected,1
11,30,Elizabeth Bennet,Lady Catherine de Bourgh,360,Undirected,1
24,30,Mr. Gardiner,Lady Catherine de Bourgh,361,Undirected,1
5,10,Mr. Darcy,Jane Bennet,361,Undirected,1
4,24,Mr. Bingley,Mr. Gardiner,361,Undirected,1
5,25,Mr. Darcy,Mrs. Gardiner,361,Undirected,1
4,30,Mr. Bingley,Lady Catherine de Bourgh,361,Undirected,1
10,24,Jane Bennet,Mr. Gardiner,361,Undirected,1
10,30,Jane Bennet,Lady Catherine de Bourgh,361,Undirected,1
4,5,Mr. Bingley,Mr. Darcy,361,Undirected,1
4,11,Mr. Bingley,Elizabeth Bennet,361,Undirected,1
10,11,Jane Bennet,Elizabeth Bennet,361,Undirected,1
5,24,Mr. Darcy,Mr. Gardiner,361,Undirected,1
5,30,Mr. Darcy,Lady Catherine de Bourgh,361,Undirected,1
24,25,Mr. Gardiner,Mrs. Gardiner,361,Undirected,1
11,25,Elizabeth Bennet,Mrs. Gardiner,361,Undirected,1
25,30,Mrs. Gardiner,Lady Catherine de Bourgh,361,Undirected,1
4,10,Mr. Bingley,Jane Bennet,361,Undirected,1
5,11,Mr. Darcy,Elizabeth Bennet,361,Undirected,1
4,25,Mr. Bingley,Mrs. Gardiner,361,Undirected,1
10,25,Jane Bennet,Mrs. Gardiner,361,Undirected,1
11,24,Elizabeth Bennet,Mr. Gardiner,361,Undirected,1
11,30,Elizabeth Bennet,Lady Catherine de Bourgh,361,Undirected,1
15,30,Miss Darcy,Lady Catherine de Bourgh,362,Undirected,1
4,9,Mr. Bingley,Mrs. Bennet,362,Undirected,1
5,10,Mr. Darcy,Jane Bennet,362,Undirected,1
8,9,Mr. Bennet,Mrs. Bennet,362,Undirected,1
12,25,Mary Bennet,Mrs. Gardiner,362,Undirected,1
5,19,Mr. Darcy,Sir William Lucas,362,Undirected,1
9,17,Mrs. Bennet,Mr. Collins,362,Undirected,1
11,14,Elizabeth Bennet,Kitty Bennet,362,Undirected,1
17,30,Mr. Collins,Lady Catherine de Bourgh,362,Undirected,1
4,30,Mr. Bingley,Lady Catherine de Bourgh,362,Undirected,1
3,15,Miss Bingley,Miss Darcy,362,Undirected,1
5,12,Mr. Darcy,Mary Bennet,362,Undirected,1
8,11,Mr. Bennet,Elizabeth Bennet,362,Undirected,1
14,15,Kitty Bennet,Miss Darcy,362,Undirected,1
9,10,Mrs. Bennet,Jane Bennet,362,Undirected,1
9,19,Mrs. Bennet,Sir William Lucas,362,Undirected,1
11,16,Elizabeth Bennet,Charlotte Lucas,362,Undirected,1
5,30,Mr. Darcy,Lady Catherine de Bourgh,362,Undirected,1
15,16,Miss Darcy,Charlotte Lucas,362,Undirected,1
15,25,Miss Darcy,Mrs. Gardiner,362,Undirected,1
3,8,Miss Bingley,Mr. Bennet,362,Undirected,1
3,17,Miss Bingley,Mr. Collins,362,Undirected,1
5,14,Mr. Darcy,Kitty Bennet,362,Undirected,1
14,17,Kitty Bennet,Mr. Collins,362,Undirected,1
9,12,Mrs. Bennet,Mary Bennet,362,Undirected,1
4,25,Mr. Bingley,Mrs. Gardiner,362,Undirected,1
8,25,Mr. Bennet,Mrs. Gardiner,362,Undirected,1
16,17,Charlotte Lucas,Mr. Collins,362,Undirected,1
3,10,Miss Bingley,Jane Bennet,362,Undirected,1
3,19,Miss Bingley,Sir William Lucas,362,Undirected,1
5,16,Mr. Darcy,Charlotte Lucas,362,Undirected,1
14,19,Kitty Bennet,Sir William Lucas,362,Undirected,1
9,14,Mrs. Bennet,Kitty Bennet,362,Undirected,1
5,25,Mr. Darcy,Mrs. Gardiner,362,Undirected,1
10,15,Jane Bennet,Miss Darcy,362,Undirected,1
16,19,Charlotte Lucas,Sir William Lucas,362,Undirected,1
12,15,Mary Bennet,Miss Darcy,362,Undirected,1
3,12,Miss Bingley,Mary Bennet,362,Undirected,1
5,9,Mr. Darcy,Mrs. Bennet,362,Undirected,1
4,11,Mr. Bingley,Elizabeth Bennet,362,Undirected,1
9,16,Mrs. Bennet,Charlotte Lucas,362,Undirected,1
3,30,Miss Bingley,Lady Catherine de Bourgh,362,Undirected,1
14,30,Kitty Bennet,Lady Catherine de Bourgh,362,Undirected,1
10,17,Jane Bennet,Mr. Collins,362,Undirected,1
11,25,Elizabeth Bennet,Mrs. Gardiner,362,Undirected,1
16,30,Charlotte Lucas,Lady Catherine de Bourgh,362,Undirected,1
3,5,Miss Bingley,Mr. Darcy,362,Undirected,1
12,17,Mary Bennet,Mr. Collins,362,Undirected,1
3,14,Miss Bingley,Kitty Bennet,362,Undirected,1
5,11,Mr. Darcy,Elizabeth Bennet,362,Undirected,1
17,25,Mr. Collins,Mrs. Gardiner,362,Undirected,1
10,19,Jane Bennet,Sir William Lucas,362,Undirected,1
9,30,Mrs. Bennet,Lady Catherine de Bourgh,362,Undirected,1
12,19,Mary Bennet,Sir William Lucas,362,Undirected,1
3,16,Miss Bingley,Charlotte Lucas,362,Undirected,1
14,16,Kitty Bennet,Charlotte Lucas,362,Undirected,1
4,15,Mr. Bingley,Miss Darcy,362,Undirected,1
3,25,Miss Bingley,Mrs. Gardiner,362,Undirected,1
14,25,Kitty Bennet,Mrs. Gardiner,362,Undirected,1
8,15,Mr. Bennet,Miss Darcy,362,Undirected,1
10,12,Jane Bennet,Mary Bennet,362,Undirected,1
10,30,Jane Bennet,Lady Catherine de Bourgh,362,Undirected,1
3,9,Miss Bingley,Mrs. Bennet,362,Undirected,1
4,8,Mr. Bingley,Mr. Bennet,362,Undirected,1
4,17,Mr. Bingley,Mr. Collins,362,Undirected,1
12,30,Mary Bennet,Lady Catherine de Bourgh,362,Undirected,1
8,17,Mr. Bennet,Mr. Collins,362,Undirected,1
10,14,Jane Bennet,Kitty Bennet,362,Undirected,1
9,25,Mrs. Bennet,Mrs. Gardiner,362,Undirected,1
12,14,Mary Bennet,Kitty Bennet,362,Undirected,1
3,11,Miss Bingley,Elizabeth Bennet,362,Undirected,1
4,10,Mr. Bingley,Jane Bennet,362,Undirected,1
4,19,Mr. Bingley,Sir William Lucas,362,Undirected,1
8,10,Mr. Bennet,Jane Bennet,362,Undirected,1
8,19,Mr. Bennet,Sir William Lucas,362,Undirected,1
10,16,Jane Bennet,Charlotte Lucas,362,Undirected,1
11,15,Elizabeth Bennet,Miss Darcy,362,Undirected,1
10,25,Jane Bennet,Mrs. Gardiner,362,Undirected,1
3,4,Miss Bingley,Mr. Bingley,362,Undirected,1
12,16,Mary Bennet,Charlotte Lucas,362,Undirected,1
4,12,Mr. Bingley,Mary Bennet,362,Undirected,1
8,12,Mr. Bennet,Mary Bennet,362,Undirected,1
9,11,Mrs. Bennet,Elizabeth Bennet,362,Undirected,1
11,17,Elizabeth Bennet,Mr. Collins,362,Undirected,1
8,30,Mr. Bennet,Lady Catherine de Bourgh,362,Undirected,1
19,30,Sir William Lucas,Lady Catherine de Bourgh,362,Undirected,1
15,17,Miss Darcy,Mr. Collins,362,Undirected,1
16,25,Charlotte Lucas,Mrs. Gardiner,362,Undirected,1
4,5,Mr. Bingley,Mr. Darcy,362,Undirected,1
4,14,Mr. Bingley,Kitty Bennet,362,Undirected,1
5,15,Mr. Darcy,Miss Darcy,362,Undirected,1
8,14,Mr. Bennet,Kitty Bennet,362,Undirected,1
10,11,Jane Bennet,Elizabeth Bennet,362,Undirected,1
11,19,Elizabeth Bennet,Sir William Lucas,362,Undirected,1
15,19,Miss Darcy,Sir William Lucas,362,Undirected,1
25,30,Mrs. Gardiner,Lady Catherine de Bourgh,362,Undirected,1
4,16,Mr. Bingley,Charlotte Lucas,362,Undirected,1
5,8,Mr. Darcy,Mr. Bennet,362,Undirected,1
5,17,Mr. Darcy,Mr. Collins,362,Undirected,1
8,16,Mr. Bennet,Charlotte Lucas,362,Undirected,1
17,19,Mr. Collins,Sir William Lucas,362,Undirected,1
9,15,Mrs. Bennet,Miss Darcy,362,Undirected,1
11,12,Elizabeth Bennet,Mary Bennet,362,Undirected,1
19,25,Sir William Lucas,Mrs. Gardiner,362,Undirected,1
11,30,Elizabeth Bennet,Lady Catherine de Bourgh,362,Undirected,1
4,26,Mr. Bingley,Mrs. Philips,363,Undirected,1
5,11,Mr. Darcy,Elizabeth Bennet,363,Undirected,1
9,19,Mrs. Bennet,Sir William Lucas,363,Undirected,1
4,19,Mr. Bingley,Sir William Lucas,363,Undirected,1
11,26,Elizabeth Bennet,Mrs. Philips,363,Undirected,1
4,9,Mr. Bingley,Mrs. Bennet,363,Undirected,1
9,11,Mrs. Bennet,Elizabeth Bennet,363,Undirected,1
11,19,Elizabeth Bennet,Sir William Lucas,363,Undirected,1
19,26,Sir William Lucas,Mrs. Philips,363,Undirected,1
5,26,Mr. Darcy,Mrs. Philips,363,Undirected,1
4,5,Mr. Bingley,Mr. Darcy,363,Undirected,1
5,19,Mr. Darcy,Sir William Lucas,363,Undirected,1
5,9,Mr. Darcy,Mrs. Bennet,363,Undirected,1
4,11,Mr. Bingley,Elizabeth Bennet,363,Undirected,1
9,26,Mrs. Bennet,Mrs. Philips,363,Undirected,1
4,9,Mr. Bingley,Mrs. Bennet,364,Undirected,1
4,12,Mr. Bingley,Mary Bennet,364,Undirected,1
12,13,Mary Bennet,Lydia Bennet,364,Undirected,1
5,13,Mr. Darcy,Lydia Bennet,364,Undirected,1
5,10,Mr. Darcy,Jane Bennet,364,Undirected,1
8,9,Mr. Bennet,Mrs. Bennet,364,Undirected,1
9,14,Mrs. Bennet,Kitty Bennet,364,Undirected,1
8,12,Mr. Bennet,Mary Bennet,364,Undirected,1
9,11,Mrs. Bennet,Elizabeth Bennet,364,Undirected,1
11,14,Elizabeth Bennet,Kitty Bennet,364,Undirected,1
10,12,Jane Bennet,Mary Bennet,364,Undirected,1
13,14,Lydia Bennet,Kitty Bennet,364,Undirected,1
4,5,Mr. Bingley,Mr. Darcy,364,Undirected,1
4,8,Mr. Bingley,Mr. Bennet,364,Undirected,1
4,14,Mr. Bingley,Kitty Bennet,364,Undirected,1
5,9,Mr. Darcy,Mrs. Bennet,364,Undirected,1
4,11,Mr. Bingley,Elizabeth Bennet,364,Undirected,1
5,12,Mr. Darcy,Mary Bennet,364,Undirected,1
8,11,Mr. Bennet,Elizabeth Bennet,364,Undirected,1
9,10,Mrs. Bennet,Jane Bennet,364,Undirected,1
8,14,Mr. Bennet,Kitty Bennet,364,Undirected,1
10,11,Jane Bennet,Elizabeth Bennet,364,Undirected,1
9,13,Mrs. Bennet,Lydia Bennet,364,Undirected,1
10,14,Jane Bennet,Kitty Bennet,364,Undirected,1
11,13,Elizabeth Bennet,Lydia Bennet,364,Undirected,1
12,14,Mary Bennet,Kitty Bennet,364,Undirected,1
4,10,Mr. Bingley,Jane Bennet,364,Undirected,1
5,11,Mr. Darcy,Elizabeth Bennet,364,Undirected,1
4,13,Mr. Bingley,Lydia Bennet,364,Undirected,1
5,8,Mr. Darcy,Mr. Bennet,364,Undirected,1
5,14,Mr. Darcy,Kitty Bennet,364,Undirected,1
9,12,Mrs. Bennet,Mary Bennet,364,Undirected,1
8,10,Mr. Bennet,Jane Bennet,364,Undirected,1
10,13,Jane Bennet,Lydia Bennet,364,Undirected,1
8,13,Mr. Bennet,Lydia Bennet,364,Undirected,1
11,12,Elizabeth Bennet,Mary Bennet,364,Undirected,1
4,9,Mr. Bingley,Mrs. Bennet,365,Undirected,1
4,12,Mr. Bingley,Mary Bennet,365,Undirected,1
12,13,Mary Bennet,Lydia Bennet,365,Undirected,1
5,13,Mr. Darcy,Lydia Bennet,365,Undirected,1
5,10,Mr. Darcy,Jane Bennet,365,Undirected,1
8,9,Mr. Bennet,Mrs. Bennet,365,Undirected,1
9,14,Mrs. Bennet,Kitty Bennet,365,Undirected,1
8,12,Mr. Bennet,Mary Bennet,365,Undirected,1
9,11,Mrs. Bennet,Elizabeth Bennet,365,Undirected,1
11,14,Elizabeth Bennet,Kitty Bennet,365,Undirected,1
10,12,Jane Bennet,Mary Bennet,365,Undirected,1
11,23,Elizabeth Bennet,Mr. Wickham,365,Undirected,1
13,14,Lydia Bennet,Kitty Bennet,365,Undirected,1
9,23,Mrs. Bennet,Mr. Wickham,365,Undirected,1
13,23,Lydia Bennet,Mr. Wickham,365,Undirected,1
4,5,Mr. Bingley,Mr. Darcy,365,Undirected,1
4,8,Mr. Bingley,Mr. Bennet,365,Undirected,1
4,14,Mr. Bingley,Kitty Bennet,365,Undirected,1
5,9,Mr. Darcy,Mrs. Bennet,365,Undirected,1
4,11,Mr. Bingley,Elizabeth Bennet,365,Undirected,1
5,12,Mr. Darcy,Mary Bennet,365,Undirected,1
8,11,Mr. Bennet,Elizabeth Bennet,365,Undirected,1
9,10,Mrs. Bennet,Jane Bennet,365,Undirected,1
8,14,Mr. Bennet,Kitty Bennet,365,Undirected,1
4,23,Mr. Bingley,Mr. Wickham,365,Undirected,1
9,13,Mrs. Bennet,Lydia Bennet,365,Undirected,1
10,11,Jane Bennet,Elizabeth Bennet,365,Undirected,1
8,23,Mr. Bennet,Mr. Wickham,365,Undirected,1
10,14,Jane Bennet,Kitty Bennet,365,Undirected,1
11,13,Elizabeth Bennet,Lydia Bennet,365,Undirected,1
10,23,Jane Bennet,Mr. Wickham,365,Undirected,1
12,14,Mary Bennet,Kitty Bennet,365,Undirected,1
4,10,Mr. Bingley,Jane Bennet,365,Undirected,1
12,23,Mary Bennet,Mr. Wickham,365,Undirected,1
5,11,Mr. Darcy,Elizabeth Bennet,365,Undirected,1
4,13,Mr. Bingley,Lydia Bennet,365,Undirected,1
5,8,Mr. Darcy,Mr. Bennet,365,Undirected,1
5,14,Mr. Darcy,Kitty Bennet,365,Undirected,1
14,23,Kitty Bennet,Mr. Wickham,365,Undirected,1
9,12,Mrs. Bennet,Mary Bennet,365,Undirected,1
8,10,Mr. Bennet,Jane Bennet,365,Undirected,1
5,23,Mr. Darcy,Mr. Wickham,365,Undirected,1
10,13,Jane Bennet,Lydia Bennet,365,Undirected,1
8,13,Mr. Bennet,Lydia Bennet,365,Undirected,1
11,12,Elizabeth Bennet,Mary Bennet,365,Undirected,1
3,4,Miss Bingley,Mr. Bingley,366,Undirected,1
3,10,Miss Bingley,Jane Bennet,366,Undirected,1
5,13,Mr. Darcy,Lydia Bennet,366,Undirected,1
4,15,Mr. Bingley,Miss Darcy,366,Undirected,1
3,13,Miss Bingley,Lydia Bennet,366,Undirected,1
5,10,Mr. Darcy,Jane Bennet,366,Undirected,1
10,15,Jane Bennet,Miss Darcy,366,Undirected,1
11,23,Elizabeth Bennet,Mr. Wickham,366,Undirected,1
13,23,Lydia Bennet,Mr. Wickham,366,Undirected,1
15,23,Miss Darcy,Mr. Wickham,366,Undirected,1
4,5,Mr. Bingley,Mr. Darcy,366,Undirected,1
4,11,Mr. Bingley,Elizabeth Bennet,366,Undirected,1
3,15,Miss Bingley,Miss Darcy,366,Undirected,1
5,15,Mr. Darcy,Miss Darcy,366,Undirected,1
4,23,Mr. Bingley,Mr. Wickham,366,Undirected,1
10,11,Jane Bennet,Elizabeth Bennet,366,Undirected,1
11,13,Elizabeth Bennet,Lydia Bennet,366,Undirected,1
10,23,Jane Bennet,Mr. Wickham,366,Undirected,1
3,5,Miss Bingley,Mr. Darcy,366,Undirected,1
3,11,Miss Bingley,Elizabeth Bennet,366,Undirected,1
4,10,Mr. Bingley,Jane Bennet,366,Undirected,1
5,11,Mr. Darcy,Elizabeth Bennet,366,Undirected,1
4,13,Mr. Bingley,Lydia Bennet,366,Undirected,1
3,23,Miss Bingley,Mr. Wickham,366,Undirected,1
5,23,Mr. Darcy,Mr. Wickham,366,Undirected,1
10,13,Jane Bennet,Lydia Bennet,366,Undirected,1
11,15,Elizabeth Bennet,Miss Darcy,366,Undirected,1
13,15,Lydia Bennet,Miss Darcy,366,Undirected,1
24,30,Mr. Gardiner,Lady Catherine de Bourgh,367,Undirected,1
5,11,Mr. Darcy,Elizabeth Bennet,367,Undirected,1
5,24,Mr. Darcy,Mr. Gardiner,367,Undirected,1
5,30,Mr. Darcy,Lady Catherine de Bourgh,367,Undirected,1
24,25,Mr. Gardiner,Mrs. Gardiner,367,Undirected,1
11,25,Elizabeth Bennet,Mrs. Gardiner,367,Undirected,1
5,25,Mr. Darcy,Mrs. Gardiner,367,Undirected,1
11,24,Elizabeth Bennet,Mr. Gardiner,367,Undirected,1
11,30,Elizabeth Bennet,Lady Catherine de Bourgh,367,Undirected,1
25,30,Mrs. Gardiner,Lady Catherine de Bourgh,367,Undirected,1
